prefill_chunk,kv_prefill,n_decode,kv_decode,time_us
0,0,1,16,13.7073
0,0,1,32,13.7387
0,0,1,64,13.8883
0,0,1,128,18.7737
0,0,1,256,19.019
0,0,1,512,19.4247
0,0,1,1024,20.3733
0,0,1,2048,22.347
0,0,1,4096,26.5497
0,0,1,8192,43.393
0,0,1,16384,65.2597
0,0,1,32768,90.5937
0,0,2,16,19.2217
0,0,2,32,19.2323
0,0,2,64,19.382
0,0,2,128,22.6883
0,0,2,256,22.8377
0,0,2,512,23.488
0,0,2,1024,25.0667
0,0,2,2048,28.4063
0,0,2,4096,41.6333
0,0,2,8192,58.7857
0,0,2,16384,83.7237
0,0,2,32768,143.907
0,0,4,16,19.4243
0,0,4,32,19.5523
0,0,4,64,19.7123
0,0,4,128,23.2007
0,0,4,256,23.5733
0,0,4,512,25.014
0,0,4,1024,31.8833
0,0,4,2048,40.6297
0,0,4,4096,56.76
0,0,4,8192,81.8263
0,0,4,16384,141.688
0,0,4,32768,254.278
0,0,8,16,19.6167
0,0,8,32,19.702
0,0,8,64,19.8193
0,0,8,128,23.6593
0,0,8,256,24.9823
0,0,8,512,31.7343
0,0,8,1024,39.659
0,0,8,2048,61.2383
0,0,8,4096,86.7323
0,0,8,8192,140.793
0,0,8,16384,241.039
0,0,8,32768,441.31
0,0,16,16,19.627
0,0,16,32,19.7333
0,0,16,64,20.4163
0,0,16,128,24.5337
0,0,16,256,32.9077
0,0,16,512,45.174
0,0,16,1024,59.297
0,0,16,2048,87.789
0,0,16,4096,137.923
0,0,16,8192,239.12
0,0,16,16384,440.233
0,0,16,32768,842.919
0,0,32,16,19.9897
0,0,32,32,20.5017
0,0,32,64,21.472
0,0,32,128,33.7177
0,0,32,256,46.6567
0,0,32,512,59.809
0,0,32,1024,86.5513
0,0,32,2048,136.472
0,0,32,4096,238.064
0,0,32,8192,442.633
0,0,32,16384,846.151
0,0,32,32768,1659.9
0,0,64,16,28.7903
0,0,64,32,29.4193
0,0,64,64,31.5527
0,0,64,128,42.6247
0,0,64,256,56.556
0,0,64,512,82.8813
0,0,64,1024,133.496
0,0,64,2048,234.063
0,0,64,4096,437.31
0,0,64,8192,839.195
0,0,64,16384,1645.21
0,0,64,32768,3263.44
0,0,128,16,44.8223
0,0,128,32,45.729
0,0,128,64,48.7477
0,0,128,128,71.308
0,0,128,256,97.4847
0,0,128,512,148.483
0,0,128,1024,249.594
0,0,128,2048,452.724
0,0,128,4096,860.081
0,0,128,8192,1669.3
0,0,128,16384,3293.93
0,0,128,32768,6529.7
0,0,256,16,78.3273
0,0,256,32,80.706
0,0,256,64,83.2227
0,0,256,128,127.694
0,0,256,256,178.979
0,0,256,512,281.104
0,0,256,1024,482.548
0,0,256,2048,892.114
0,0,256,4096,1703.03
0,0,256,8192,3342.95
0,0,256,16384,6606.86
16,0,0,0,14.5387
16,0,1,16,14.134
16,0,1,32,14.1447
16,0,1,64,14.1763
16,0,1,128,19.2747
16,0,1,256,25.2273
16,0,1,512,36.7157
16,0,1,1024,60.14
16,0,1,2048,108.023
16,0,1,4096,203.375
16,0,1,8192,394.536
16,0,1,16384,777.061
16,0,1,32768,1544.49
16,0,2,16,13.995
16,0,2,32,14.0487
16,0,2,64,14.0593
16,0,2,128,18.9873
16,0,2,256,25.014
16,0,2,512,36.694
16,0,2,1024,60.8117
16,0,2,2048,108.888
16,0,2,4096,204.857
16,0,2,8192,396.606
16,0,2,16384,779.354
16,0,2,32768,1545.9
16,0,4,16,13.7493
16,0,4,32,13.771
16,0,4,64,13.888
16,0,4,128,18.8057
16,0,4,256,24.758
16,0,4,512,36.5447
16,0,4,1024,60.5667
16,0,4,2048,108.824
16,0,4,4096,204.676
16,0,4,8192,395.56
16,0,4,16384,777.988
16,0,4,32768,1544.31
16,0,8,16,14.1763
16,0,8,32,14.3797
16,0,8,64,14.187
16,0,8,128,19.179
16,0,8,256,25.1313
16,0,8,512,37.1957
16,0,8,1024,61.452
16,0,8,2048,109.474
16,0,8,4096,205.743
16,0,8,8192,397.544
16,0,8,16384,780.688
16,0,8,32768,1545.94
16,0,16,16,14.3253
16,0,16,32,14.3473
16,0,16,64,14.5707
16,0,16,128,19.4777
16,0,16,256,25.6323
16,0,16,512,38.444
16,0,16,1024,63.4783
16,0,16,2048,113.261
16,0,16,4096,211.343
16,0,16,8192,408.19
16,0,16,16384,801.723
16,0,16,32768,1589.42
16,0,32,16,22.6887
16,0,32,32,22.8487
16,0,32,64,23.2537
16,0,32,128,33.782
16,0,32,256,46.0277
16,0,32,512,70.7317
16,0,32,1024,120.088
16,0,32,2048,217.092
16,0,32,4096,411.656
16,0,32,8192,793.232
16,0,32,16384,1567.87
16,0,32,32768,3105.54
16,0,64,16,38.678
16,0,64,32,39.1367
16,0,64,64,40.321
16,0,64,128,62.6997
16,0,64,256,88.7917
16,0,64,512,139.949
16,0,64,1024,240.751
16,0,64,2048,440.435
16,0,64,4096,841.745
16,0,64,8192,1645.65
16,0,64,16384,3254.45
16,0,64,32768,6446.39
16,0,128,16,71.138
16,0,128,32,72.002
16,0,128,64,74.689
16,0,128,128,120.792
16,0,128,256,171.534
16,0,128,512,272.656
16,0,128,1024,472.799
16,0,128,2048,882.482
16,0,128,4096,1690.51
16,0,128,8192,3318.38
16,0,128,16384,6576.22
16,0,128,32768,13062.6
16,16,0,0,14.699
16,16,1,16,14.4223
16,16,1,32,14.4537
16,16,1,64,14.4217
16,16,1,128,19.3283
16,16,1,256,25.227
16,16,1,512,36.747
16,16,1,1024,60.2473
16,16,1,2048,107.949
16,16,1,4096,203.525
16,16,1,8192,394.984
16,16,1,16384,778.052
16,16,1,32768,1539.91
16,16,2,16,14.016
16,16,2,32,14.0907
16,16,2,64,14.2613
16,16,2,128,18.976
16,16,2,256,24.843
16,16,2,512,36.822
16,16,2,1024,60.737
16,16,2,2048,108.92
16,16,2,4096,204.516
16,16,2,8192,396.349
16,16,2,16384,779.013
16,16,2,32768,1545.03
16,16,4,16,14.0163
16,16,4,32,14.0057
16,16,4,64,14.059
16,16,4,128,18.8377
16,16,4,256,24.7257
16,16,4,512,36.5123
16,16,4,1024,60.4387
16,16,4,2048,108.823
16,16,4,4096,204.793
16,16,4,8192,395.955
16,16,4,16384,779.141
16,16,4,32768,1545.39
16,16,8,16,14.272
16,16,8,32,14.2087
16,16,8,64,14.4853
16,16,8,128,19.104
16,16,8,256,25.0247
16,16,8,512,36.9187
16,16,8,1024,61.441
16,16,8,2048,109.453
16,16,8,4096,205.615
16,16,8,8192,397.256
16,16,8,16384,780.389
16,16,8,32768,1546.26
16,16,16,16,14.2727
16,16,16,32,14.5177
16,16,16,64,14.7947
16,16,16,128,19.5953
16,16,16,256,25.707
16,16,16,512,38.945
16,16,16,1024,63.628
16,16,16,2048,112.941
16,16,16,4096,211.737
16,16,16,8192,408.488
16,16,16,16384,801.691
16,16,16,32768,1588.71
16,16,32,16,22.934
16,16,32,32,22.923
16,16,32,64,23.478
16,16,32,128,33.6433
16,16,32,256,45.9423
16,16,32,512,70.86
16,16,32,1024,119.64
16,16,32,2048,216.004
16,16,32,4096,409.544
16,16,32,8192,800.667
16,16,32,16384,1578.88
16,16,32,32768,3113.16
16,16,64,16,38.913
16,16,64,32,39.4567
16,16,64,64,40.3847
16,16,64,128,62.6787
16,16,64,256,88.9087
16,16,64,512,140.024
16,16,64,1024,241.189
16,16,64,2048,441.438
16,16,64,4096,841.478
16,16,64,8192,1649
16,16,64,16384,3249.63
16,16,64,32768,6450.55
16,16,128,16,70.9887
16,16,128,32,71.8523
16,16,128,64,74.423
16,16,128,128,120.834
16,16,128,256,171.491
16,16,128,512,272.368
16,16,128,1024,473.663
16,16,128,2048,879.911
16,16,128,4096,1691.22
16,16,128,8192,3325.69
16,16,128,16384,6590.26
16,16,128,32768,13096.5
16,32,0,0,14.6563
16,32,1,16,14.3573
16,32,1,32,14.4107
16,32,1,64,14.539
16,32,1,128,19.3287
16,32,1,256,25.11
16,32,1,512,36.6623
16,32,1,1024,60.129
16,32,1,2048,107.959
16,32,1,4096,203.386
16,32,1,8192,394.323
16,32,1,16384,776.944
16,32,1,32768,1543.62
16,32,2,16,14.0587
16,32,2,32,14.0483
16,32,2,64,14.2187
16,32,2,128,18.8803
16,32,2,256,24.6827
16,32,2,512,36.822
16,32,2,1024,60.7157
16,32,2,2048,108.984
16,32,2,4096,204.9
16,32,2,8192,396.616
16,32,2,16384,779.557
16,32,2,32768,1544.79
16,32,4,16,13.9417
16,32,4,32,14.1013
16,32,4,64,14.166
16,32,4,128,18.8057
16,32,4,256,24.7787
16,32,4,512,36.5343
16,32,4,1024,60.492
16,32,4,2048,108.802
16,32,4,4096,204.729
16,32,4,8192,395.965
16,32,4,16384,779.077
16,32,4,32768,1545.3
16,32,8,16,14.1763
16,32,8,32,14.3797
16,32,8,64,14.4
16,32,8,128,19.1363
16,32,8,256,24.9927
16,32,8,512,36.8967
16,32,8,1024,61.5267
16,32,8,2048,109.709
16,32,8,4096,205.401
16,32,8,8192,397.437
16,32,8,16384,780.826
16,32,8,32768,1546.59
16,32,16,16,14.283
16,32,16,32,14.4643
16,32,16,64,14.7527
16,32,16,128,19.4887
16,32,16,256,25.6753
16,32,16,512,39.137
16,32,16,1024,63.617
16,32,16,2048,112.888
16,32,16,4096,211.641
16,32,16,8192,408.169
16,32,16,16384,802.725
16,32,16,32768,1589.16
16,32,32,16,22.7637
16,32,32,32,22.8907
16,32,32,64,23.4137
16,32,32,128,33.6757
16,32,32,256,45.932
16,32,32,512,70.9237
16,32,32,1024,120.013
16,32,32,2048,216.004
16,32,32,4096,408.285
16,32,32,8192,797.051
16,32,32,16384,1580.66
16,32,32,32768,3123.51
16,32,64,16,38.87
16,32,64,32,39.233
16,32,64,64,40.63
16,32,64,128,62.7317
16,32,64,256,88.866
16,32,64,512,140.472
16,32,64,1024,240.719
16,32,64,2048,441.769
16,32,64,4096,842.417
16,32,64,8192,1644.53
16,32,64,16384,3244.47
16,32,64,32768,6449.4
16,32,128,16,71.0623
16,32,128,32,71.9797
16,32,128,64,74.5187
16,32,128,128,120.845
16,32,128,256,171.299
16,32,128,512,272.058
16,32,128,1024,472.501
16,32,128,2048,881.297
16,32,128,4096,1692.17
16,32,128,8192,3322.83
16,32,128,16384,6565.99
16,32,128,32768,13047.8
16,64,0,0,14.7633
16,64,1,16,14.4327
16,64,1,32,14.56
16,64,1,64,14.571
16,64,1,128,19.2853
16,64,1,256,25.238
16,64,1,512,36.641
16,64,1,1024,60.193
16,64,1,2048,107.895
16,64,1,4096,203.652
16,64,1,8192,394.6
16,64,1,16384,777.423
16,64,1,32768,1544
16,64,2,16,14.0267
16,64,2,32,14.048
16,64,2,64,14.2293
16,64,2,128,18.9123
16,64,2,256,25.025
16,64,2,512,36.7477
16,64,2,1024,60.801
16,64,2,2048,108.962
16,64,2,4096,204.942
16,64,2,8192,396.637
16,64,2,16384,778.598
16,64,2,32768,1544.3
16,64,4,16,14.0697
16,64,4,32,14.1867
16,64,4,64,14.1447
16,64,4,128,18.8277
16,64,4,256,24.7797
16,64,4,512,36.5237
16,64,4,1024,60.385
16,64,4,2048,108.781
16,64,4,4096,204.645
16,64,4,8192,396.392
16,64,4,16384,778.64
16,64,4,32768,1544.63
16,64,8,16,14.2293
16,64,8,32,14.2083
16,64,8,64,14.3467
16,64,8,128,19.1577
16,64,8,256,25.0883
16,64,8,512,37.0033
16,64,8,1024,61.6117
16,64,8,2048,109.655
16,64,8,4096,205.305
16,64,8,8192,397.245
16,64,8,16384,779.983
16,64,8,32768,1545.78
16,64,16,16,14.2083
16,64,16,32,14.4217
16,64,16,64,14.5927
16,64,16,128,19.4993
16,64,16,256,25.6223
16,64,16,512,38.5393
16,64,16,1024,63.7557
16,64,16,2048,113.079
16,64,16,4096,211.791
16,64,16,8192,408.03
16,64,16,16384,801.285
16,64,16,32768,1589.18
16,64,32,16,22.87
16,64,32,32,22.9763
16,64,32,64,23.4987
16,64,32,128,33.6643
16,64,32,256,46.294
16,64,32,512,71.1907
16,64,32,1024,119.885
16,64,32,2048,215.76
16,64,32,4096,408.766
16,64,32,8192,793.712
16,64,32,16384,1579.11
16,64,32,32768,3105.82
16,64,64,16,38.8593
16,64,64,32,39.3717
16,64,64,64,40.5243
16,64,64,128,62.753
16,64,64,256,88.898
16,64,64,512,140.077
16,64,64,1024,240.677
16,64,64,2048,441.29
16,64,64,4096,842.865
16,64,64,8192,1646.91
16,64,64,16384,3248.73
16,64,64,32768,6453.91
16,64,128,16,70.999
16,64,128,32,72.0013
16,64,128,64,74.4437
16,64,128,128,120.792
16,64,128,256,171.385
16,64,128,512,272.283
16,64,128,1024,472.777
16,64,128,2048,878.951
16,64,128,4096,1692.89
16,64,128,8192,3324.02
16,64,128,16384,6573.9
16,64,128,32768,13113.3
16,128,0,0,20.3947
16,128,1,16,19.4993
16,128,1,32,19.4137
16,128,1,64,19.4563
16,128,1,128,19.851
16,128,1,256,25.1313
16,128,1,512,36.6943
16,128,1,1024,60.1823
16,128,1,2048,107.896
16,128,1,4096,203.119
16,128,1,8192,394.504
16,128,1,16384,778.298
16,128,1,32768,1543.58
16,128,2,16,19.1047
16,128,2,32,19.0623
16,128,2,64,19.0827
16,128,2,128,19.627
16,128,2,256,24.886
16,128,2,512,36.8433
16,128,2,1024,60.6517
16,128,2,2048,108.781
16,128,2,4096,204.826
16,128,2,8192,396.339
16,128,2,16384,779.301
16,128,2,32768,1545.6
16,128,4,16,18.891
16,128,4,32,18.891
16,128,4,64,18.8803
16,128,4,128,19.6373
16,128,4,256,24.7577
16,128,4,512,36.534
16,128,4,1024,60.545
16,128,4,2048,108.973
16,128,4,4096,204.591
16,128,4,8192,395.453
16,128,4,16384,778.938
16,128,4,32768,1545.53
16,128,8,16,19.062
16,128,8,32,19.1683
16,128,8,64,19.2323
16,128,8,128,19.9473
16,128,8,256,25.0677
16,128,8,512,37.3447
16,128,8,1024,61.473
16,128,8,2048,109.549
16,128,8,4096,205.625
16,128,8,8192,397.501
16,128,8,16384,781.018
16,128,8,32768,1547.14
16,128,16,16,19.4353
16,128,16,32,19.5627
16,128,16,64,19.6163
16,128,16,128,20.246
16,128,16,256,25.686
16,128,16,512,38.9873
16,128,16,1024,63.7453
16,128,16,2048,113.037
16,128,16,4096,211.727
16,128,16,8192,408.509
16,128,16,16384,801.851
16,128,16,32768,1588.98
16,128,32,16,28.406
16,128,32,32,28.5557
16,128,32,64,28.704
16,128,32,128,34.6033
16,128,32,256,46.4117
16,128,32,512,70.6467
16,128,32,1024,119.864
16,128,32,2048,215.961
16,128,32,4096,410.025
16,128,32,8192,793.563
16,128,32,16384,1564.89
16,128,32,32768,3118.26
16,128,64,16,38.9557
16,128,64,32,39.5527
16,128,64,64,40.9503
16,128,64,128,63.895
16,128,64,256,88.9617
16,128,64,512,140.013
16,128,64,1024,240.794
16,128,64,2048,441.844
16,128,64,4096,843.59
16,128,64,8192,1644.52
16,128,64,16384,3251.51
16,128,64,32768,6445.44
16,128,128,16,71.1373
16,128,128,32,72.0443
16,128,128,64,74.7643
16,128,128,128,122.231
16,128,128,256,171.32
16,128,128,512,271.835
16,128,128,1024,472.585
16,128,128,2048,879.665
16,128,128,4096,1692.73
16,128,128,8192,3324.17
16,128,128,16384,6570.33
16,128,128,32768,13075.7
16,256,0,0,26.1337
16,256,1,16,25.323
16,256,1,32,25.3017
16,256,1,64,25.3123
16,256,1,128,25.2697
16,256,1,256,25.6007
16,256,1,512,36.598
16,256,1,1024,60.2043
16,256,1,2048,107.991
16,256,1,4096,203.13
16,256,1,8192,394.824
16,256,1,16384,777.85
16,256,1,32768,1544.21
16,256,2,16,24.9387
16,256,2,32,25.163
16,256,2,64,24.9287
16,256,2,128,25.217
16,256,2,256,25.633
16,256,2,512,36.7047
16,256,2,1024,60.8117
16,256,2,2048,108.941
16,256,2,4096,204.804
16,256,2,8192,396.254
16,256,2,16384,779.525
16,256,2,32768,1544.5
16,256,4,16,24.7683
16,256,4,32,24.7473
16,256,4,64,24.7793
16,256,4,128,24.63
16,256,4,256,25.6537
16,256,4,512,36.534
16,256,4,1024,60.449
16,256,4,2048,108.76
16,256,4,4096,204.644
16,256,4,8192,396.552
16,256,4,16384,778.512
16,256,4,32768,1543.57
16,256,8,16,24.9923
16,256,8,32,24.9497
16,256,8,64,24.961
16,256,8,128,25.163
16,256,8,256,26.048
16,256,8,512,37.281
16,256,8,1024,61.569
16,256,8,2048,109.559
16,256,8,4096,206.01
16,256,8,8192,397.043
16,256,8,16384,780.986
16,256,8,32768,1547.21
16,256,16,16,25.5047
16,256,16,32,25.504
16,256,16,64,25.6007
16,256,16,128,25.931
16,256,16,256,26.944
16,256,16,512,38.3047
16,256,16,1024,63.5747
16,256,16,2048,113.218
16,256,16,4096,211.567
16,256,16,8192,408.307
16,256,16,16384,801.925
16,256,16,32768,1590.23
16,256,32,16,34.4113
16,256,32,32,34.5183
16,256,32,64,34.6673
16,256,32,128,40.2567
16,256,32,256,46.8067
16,256,32,512,70.2733
16,256,32,1024,119.576
16,256,32,2048,216.466
16,256,32,4096,409.848
16,256,32,8192,795.63
16,256,32,16384,1570.4
16,256,32,32768,3127.48
16,256,64,16,42.668
16,256,64,32,42.7853
16,256,64,64,43.788
16,256,64,128,64.0447
16,256,64,256,89.9763
16,256,64,512,139.599
16,256,64,1024,241.064
16,256,64,2048,442.553
16,256,64,4096,844.912
16,256,64,8192,1648.29
16,256,64,16384,3254.33
16,256,64,32768,6453.51
16,256,128,16,71.2447
16,256,128,32,72.1943
16,256,128,64,74.7867
16,256,128,128,122.02
16,256,128,256,172.73
16,256,128,512,271.902
16,256,128,1024,471.866
16,256,128,2048,878.449
16,256,128,4096,1692.34
16,256,128,8192,3318.73
16,256,128,16384,6576.7
16,256,128,32768,13122.8
16,512,0,0,37.5373
16,512,1,16,36.8867
16,512,1,32,36.8013
16,512,1,64,36.8223
16,512,1,128,36.8117
16,512,1,256,36.7903
16,512,1,512,37.121
16,512,1,1024,60.2473
16,512,1,2048,107.8
16,512,1,4096,203.633
16,512,1,8192,395.372
16,512,1,16384,777.209
16,512,1,32768,1544.03
16,512,2,16,36.961
16,512,2,32,36.972
16,512,2,64,36.8543
16,512,2,128,36.7587
16,512,2,256,37.036
16,512,2,512,37.2277
16,512,2,1024,60.716
16,512,2,2048,108.825
16,512,2,4096,204.284
16,512,2,8192,396.076
16,512,2,16384,779.491
16,512,2,32768,1546.01
16,512,4,16,36.4597
16,512,4,32,36.3957
16,512,4,64,36.471
16,512,4,128,36.481
16,512,4,256,36.545
16,512,4,512,37.3557
16,512,4,1024,60.6953
16,512,4,2048,108.952
16,512,4,4096,204.636
16,512,4,8192,396.119
16,512,4,16384,778.713
16,512,4,32768,1546.4
16,512,8,16,36.8223
16,512,8,32,36.7587
16,512,8,64,36.8757
16,512,8,128,37.057
16,512,8,256,36.9827
16,512,8,512,37.5903
16,512,8,1024,61.303
16,512,8,2048,109.507
16,512,8,4096,205.244
16,512,8,8192,397.751
16,512,8,16384,780.238
16,512,8,32768,1547.49
16,512,16,16,37.5913
16,512,16,32,37.6543
16,512,16,64,37.6333
16,512,16,128,38.1133
16,512,16,256,38.8063
16,512,16,512,39.2757
16,512,16,1024,63.5967
16,512,16,2048,113.049
16,512,16,4096,211.526
16,512,16,8192,408.578
16,512,16,16384,802.787
16,512,16,32768,1589.6
16,512,32,16,46.0387
16,512,32,32,46.3053
16,512,32,64,46.5297
16,512,32,128,51.8843
16,512,32,256,58.263
16,512,32,512,70.8503
16,512,32,1024,119.908
16,512,32,2048,216.177
16,512,32,4096,409.474
16,512,32,8192,797.443
16,512,32,16384,1564.22
16,512,32,32768,3117.57
16,512,64,16,54.338
16,512,64,32,54.4447
16,512,64,64,55.4793
16,512,64,128,67.3087
16,512,64,256,90.1897
16,512,64,512,141.007
16,512,64,1024,241.575
16,512,64,2048,442.755
16,512,64,4096,847.119
16,512,64,8192,1654.89
16,512,64,16384,3268.75
16,512,64,32768,6491.05
16,512,128,16,78.808
16,512,128,32,79.757
16,512,128,64,82.7007
16,512,128,128,122.511
16,512,128,256,172.912
16,512,128,512,273.876
16,512,128,1024,472.953
16,512,128,2048,880.538
16,512,128,4096,1691.92
16,512,128,8192,3320.24
16,512,128,16384,6579.28
16,512,128,32768,13079.8
16,1024,0,0,60.802
16,1024,1,16,60.1937
16,1024,1,32,60.2793
16,1024,1,64,60.2467
16,1024,1,128,60.2047
16,1024,1,256,60.2793
16,1024,1,512,60.2257
16,1024,1,1024,60.5137
16,1024,1,2048,107.971
16,1024,1,4096,203.74
16,1024,1,8192,394.103
16,1024,1,16384,777.74
16,1024,1,32768,1544.27
16,1024,2,16,60.9083
16,1024,2,32,60.919
16,1024,2,64,60.9833
16,1024,2,128,61.0577
16,1024,2,256,60.9833
16,1024,2,512,60.951
16,1024,2,1024,61.3883
16,1024,2,2048,108.942
16,1024,2,4096,204.871
16,1024,2,8192,396.566
16,1024,2,16384,780.098
16,1024,2,32768,1544.86
16,1024,4,16,60.5457
16,1024,4,32,60.578
16,1024,4,64,60.6203
16,1024,4,128,60.471
16,1024,4,256,60.503
16,1024,4,512,60.482
16,1024,4,1024,61.2067
16,1024,4,2048,108.398
16,1024,4,4096,204.465
16,1024,4,8192,395.553
16,1024,4,16384,778.946
16,1024,4,32768,1546.16
16,1024,8,16,60.876
16,1024,8,32,60.8447
16,1024,8,64,60.7373
16,1024,8,128,60.919
16,1024,8,256,61.5913
16,1024,8,512,61.698
16,1024,8,1024,61.751
16,1024,8,2048,109.433
16,1024,8,4096,205.659
16,1024,8,8192,397.419
16,1024,8,16384,780.706
16,1024,8,32768,1546.88
16,1024,16,16,62.242
16,1024,16,32,62.3593
16,1024,16,64,62.1993
16,1024,16,128,62.4877
16,1024,16,256,63.2447
16,1024,16,512,63.7353
16,1024,16,1024,64.183
16,1024,16,2048,113.07
16,1024,16,4096,211.547
16,1024,16,8192,408.834
16,1024,16,16384,801.688
16,1024,16,32768,1589.16
16,1024,32,16,69.4957
16,1024,32,32,69.751
16,1024,32,64,70.039
16,1024,32,128,75.5647
16,1024,32,256,81.741
16,1024,32,512,93.7093
16,1024,32,1024,120.42
16,1024,32,2048,216.241
16,1024,32,4096,410.508
16,1024,32,8192,796.909
16,1024,32,16384,1569.45
16,1024,32,32768,3107.55
16,1024,64,16,77.6343
16,1024,64,32,77.8693
16,1024,64,64,78.9463
16,1024,64,128,91.1707
16,1024,64,256,105.976
16,1024,64,512,141.21
16,1024,64,1024,241.607
16,1024,64,2048,442.253
16,1024,64,4096,847.609
16,1024,64,8192,1652.51
16,1024,64,16384,3274.11
16,1024,64,32768,6491.22
16,1024,128,16,102.563
16,1024,128,32,103.459
16,1024,128,64,106.008
16,1024,128,128,135.065
16,1024,128,256,173.178
16,1024,128,512,274.589
16,1024,128,1024,475.384
16,1024,128,2048,879.897
16,1024,128,4096,1692.96
16,1024,128,8192,3319.17
16,1024,128,16384,6576.69
16,1024,128,32768,13143.4
16,2048,0,0,109.699
16,2048,1,16,107.15
16,2048,1,32,107.171
16,2048,1,64,107.171
16,2048,1,128,107.683
16,2048,1,256,107.779
16,2048,1,512,108.323
16,2048,1,1024,108.462
16,2048,1,2048,108.59
16,2048,1,4096,203.526
16,2048,1,8192,394.497
16,2048,1,16384,777.846
16,2048,1,32768,1543.52
16,2048,2,16,108.494
16,2048,2,32,108.889
16,2048,2,64,108.91
16,2048,2,128,108.846
16,2048,2,256,108.984
16,2048,2,512,109.24
16,2048,2,1024,108.963
16,2048,2,2048,109.049
16,2048,2,4096,204.913
16,2048,2,8192,396.854
16,2048,2,16384,780.023
16,2048,2,32768,1543.85
16,2048,4,16,108.526
16,2048,4,32,108.355
16,2048,4,64,108.184
16,2048,4,128,108.387
16,2048,4,256,108.302
16,2048,4,512,108.771
16,2048,4,1024,108.558
16,2048,4,2048,109.134
16,2048,4,4096,204.667
16,2048,4,8192,395.841
16,2048,4,16384,778.882
16,2048,4,32768,1545.23
16,2048,8,16,108.792
16,2048,8,32,108.643
16,2048,8,64,108.75
16,2048,8,128,108.761
16,2048,8,256,109.144
16,2048,8,512,109.432
16,2048,8,1024,109.582
16,2048,8,2048,109.923
16,2048,8,4096,205.766
16,2048,8,8192,397.356
16,2048,8,16384,780.535
16,2048,8,32768,1546.69
16,2048,16,16,111.267
16,2048,16,32,111.587
16,2048,16,64,111.406
16,2048,16,128,112.046
16,2048,16,256,113.048
16,2048,16,512,112.921
16,2048,16,1024,113.123
16,2048,16,2048,113.326
16,2048,16,4096,211.441
16,2048,16,8192,408.652
16,2048,16,16384,801.762
16,2048,16,32768,1588.92
16,2048,32,16,116.27
16,2048,32,32,116.505
16,2048,32,64,116.601
16,2048,32,128,122.66
16,2048,32,256,129.017
16,2048,32,512,141.092
16,2048,32,1024,167.621
16,2048,32,2048,216.763
16,2048,32,4096,408.833
16,2048,32,8192,796.716
16,2048,32,16384,1570.38
16,2048,32,32768,3116.86
16,2048,64,16,124.388
16,2048,64,32,124.825
16,2048,64,64,126.019
16,2048,64,128,137.967
16,2048,64,256,153.05
16,2048,64,512,181.018
16,2048,64,1024,241.639
16,2048,64,2048,442.85
16,2048,64,4096,845.784
16,2048,64,8192,1653.66
16,2048,64,16384,3264.74
16,2048,64,32768,6483.4
16,2048,128,16,149.167
16,2048,128,32,150.266
16,2048,128,64,152.825
16,2048,128,128,182.309
16,2048,128,256,216.615
16,2048,128,512,282.409
16,2048,128,1024,474.979
16,2048,128,2048,885.999
16,2048,128,4096,1693.91
16,2048,128,8192,3322.99
16,2048,128,16384,6566.87
16,2048,128,32768,13051.8
16,4096,0,0,205.777
16,4096,1,16,203.803
16,4096,1,32,203.579
16,4096,1,64,202.865
16,4096,1,128,203.835
16,4096,1,256,203.707
16,4096,1,512,204.454
16,4096,1,1024,203.696
16,4096,1,2048,203.995
16,4096,1,4096,204.23
16,4096,1,8192,394.187
16,4096,1,16384,777.974
16,4096,1,32768,1543.61
16,4096,2,16,205.062
16,4096,2,32,204.955
16,4096,2,64,204.752
16,4096,2,128,204.369
16,4096,2,256,204.176
16,4096,2,512,204.955
16,4096,2,1024,205.179
16,4096,2,2048,205.286
16,4096,2,4096,205.457
16,4096,2,8192,396.065
16,4096,2,16384,778.059
16,4096,2,32768,1544.67
16,4096,4,16,204.273
16,4096,4,32,204.241
16,4096,4,64,204.251
16,4096,4,128,203.942
16,4096,4,256,203.323
16,4096,4,512,204.411
16,4096,4,1024,204.625
16,4096,4,2048,204.848
16,4096,4,4096,204.998
16,4096,4,8192,396.139
16,4096,4,16384,778.006
16,4096,4,32768,1545.3
16,4096,8,16,204.742
16,4096,8,32,204.315
16,4096,8,64,204.337
16,4096,8,128,204.881
16,4096,8,256,205.264
16,4096,8,512,205.158
16,4096,8,1024,205.702
16,4096,8,2048,205.371
16,4096,8,4096,205.809
16,4096,8,8192,397.142
16,4096,8,16384,780.31
16,4096,8,32768,1546.58
16,4096,16,16,209.659
16,4096,16,32,209.51
16,4096,16,64,209.755
16,4096,16,128,210.278
16,4096,16,256,210.886
16,4096,16,512,211.377
16,4096,16,1024,211.536
16,4096,16,2048,211.313
16,4096,16,4096,211.729
16,4096,16,8192,408.737
16,4096,16,16384,801.995
16,4096,16,32768,1589.46
16,4096,32,16,209.873
16,4096,32,32,210.716
16,4096,32,64,211.025
16,4096,32,128,216.507
16,4096,32,256,222.684
16,4096,32,512,235.121
16,4096,32,1024,262.152
16,4096,32,2048,310.857
16,4096,32,4096,410.806
16,4096,32,8192,794.24
16,4096,32,16384,1571.82
16,4096,32,32768,3117.89
16,4096,64,16,217.851
16,4096,64,32,217.894
16,4096,64,64,220.028
16,4096,64,128,231.729
16,4096,64,256,246.492
16,4096,64,512,273.885
16,4096,64,1024,328.745
16,4096,64,2048,445.602
16,4096,64,4096,847.021
16,4096,64,8192,1654.22
16,4096,64,16384,3268.14
16,4096,64,32768,6489.93
16,4096,128,16,242.918
16,4096,128,32,244.124
16,4096,128,64,246.684
16,4096,128,128,276.018
16,4096,128,256,311.081
16,4096,128,512,377.835
16,4096,128,1024,506.499
16,4096,128,2048,882.413
16,4096,128,4096,1693.64
16,4096,128,8192,3317.18
16,4096,128,16384,6579
16,4096,128,32768,13089.3
16,8192,0,0,397.227
16,8192,1,16,396.502
16,8192,1,32,394.037
16,8192,1,64,396.405
16,8192,1,128,396.982
16,8192,1,256,397.664
16,8192,1,512,396.939
16,8192,1,1024,396.278
16,8192,1,2048,397.173
16,8192,1,4096,394.038
16,8192,1,8192,395.52
16,8192,1,16384,776.341
16,8192,1,32768,1545.33
16,8192,2,16,397.813
16,8192,2,32,397.611
16,8192,2,64,397.387
16,8192,2,128,397.419
16,8192,2,256,397.664
16,8192,2,512,397.141
16,8192,2,1024,397.973
16,8192,2,2048,397.429
16,8192,2,4096,396.736
16,8192,2,8192,396.736
16,8192,2,16384,779.211
16,8192,2,32768,1545.29
16,8192,4,16,395.851
16,8192,4,32,394.261
16,8192,4,64,394.475
16,8192,4,128,394.252
16,8192,4,256,394.272
16,8192,4,512,396.011
16,8192,4,1024,396.455
16,8192,4,2048,396.416
16,8192,4,4096,395.904
16,8192,4,8192,397.184
16,8192,4,16384,778.218
16,8192,4,32768,1546.41
16,8192,8,16,396.481
16,8192,8,32,395.808
16,8192,8,64,395.211
16,8192,8,128,396.587
16,8192,8,256,396.79
16,8192,8,512,397.408
16,8192,8,1024,396.587
16,8192,8,2048,397.653
16,8192,8,4096,397.451
16,8192,8,8192,397.675
16,8192,8,16384,780.245
16,8192,8,32768,1547.9
16,8192,16,16,406.358
16,8192,16,32,406.337
16,8192,16,64,405.952
16,8192,16,128,406.454
16,8192,16,256,407.521
16,8192,16,512,408.032
16,8192,16,1024,407.894
16,8192,16,2048,408.224
16,8192,16,4096,407.819
16,8192,16,8192,409.035
16,8192,16,16384,801.846
16,8192,16,32768,1588.85
16,8192,32,16,398.112
16,8192,32,32,397.814
16,8192,32,64,398.144
16,8192,32,128,403.723
16,8192,32,256,409.836
16,8192,32,512,422.902
16,8192,32,1024,449.058
16,8192,32,2048,500.366
16,8192,32,4096,600.699
16,8192,32,8192,793.793
16,8192,32,16384,1571.37
16,8192,32,32768,3106.89
16,8192,64,16,405.91
16,8192,64,32,406.027
16,8192,64,64,407.627
16,8192,64,128,419.52
16,8192,64,256,435.468
16,8192,64,512,461.837
16,8192,64,1024,516.921
16,8192,64,2048,627.58
16,8192,64,4096,849.239
16,8192,64,8192,1655.23
16,8192,64,16384,3267.14
16,8192,64,32768,6485.01
16,8192,128,16,430.903
16,8192,128,32,431.361
16,8192,128,64,434.113
16,8192,128,128,463.415
16,8192,128,256,497.933
16,8192,128,512,565.093
16,8192,128,1024,697.299
16,8192,128,2048,964.73
16,8192,128,4096,1696.51
16,8192,128,8192,3329.42
16,8192,128,16384,6589.43
16,8192,128,32768,13088.2
16,16384,0,0,779.583
16,16384,1,16,776.361
16,16384,1,32,778.388
16,16384,1,64,778.57
16,16384,1,128,778.911
16,16384,1,256,778.42
16,16384,1,512,778.751
16,16384,1,1024,778.752
16,16384,1,2048,778.346
16,16384,1,4096,778.133
16,16384,1,8192,777.226
16,16384,1,16384,777.696
16,16384,1,32768,1544
16,16384,2,16,779.274
16,16384,2,32,779.125
16,16384,2,64,779.04
16,16384,2,128,777.172
16,16384,2,256,780.288
16,16384,2,512,778.858
16,16384,2,1024,779.381
16,16384,2,2048,779.188
16,16384,2,4096,778.89
16,16384,2,8192,779.861
16,16384,2,16384,779.285
16,16384,2,32768,1543.11
16,16384,4,16,778.826
16,16384,4,32,777.087
16,16384,4,64,777.77
16,16384,4,128,777.088
16,16384,4,256,778.058
16,16384,4,512,777.973
16,16384,4,1024,776.052
16,16384,4,2048,778.004
16,16384,4,4096,778.848
16,16384,4,8192,779.178
16,16384,4,16384,779.04
16,16384,4,32768,1544.64
16,16384,8,16,778.816
16,16384,8,32,777.386
16,16384,8,64,778.73
16,16384,8,128,778.208
16,16384,8,256,779.072
16,16384,8,512,779.914
16,16384,8,1024,779.05
16,16384,8,2048,778.987
16,16384,8,4096,779.061
16,16384,8,8192,780.512
16,16384,8,16384,781.888
16,16384,8,32768,1547.35
16,16384,16,16,797.152
16,16384,16,32,797.227
16,16384,16,64,795.381
16,16384,16,128,798.4
16,16384,16,256,798.25
16,16384,16,512,798.795
16,16384,16,1024,798.219
16,16384,16,2048,799.478
16,16384,16,4096,801.003
16,16384,16,8192,801.781
16,16384,16,16384,802.411
16,16384,16,32768,1590.31
16,16384,32,16,778.506
16,16384,32,32,778.73
16,16384,32,64,778.997
16,16384,32,128,779.551
16,16384,32,256,785.951
16,16384,32,512,796.618
16,16384,32,1024,821.995
16,16384,32,2048,873.058
16,16384,32,4096,981.69
16,16384,32,8192,1178.39
16,16384,32,16384,1564.13
16,16384,32,32768,3118.87
16,16384,64,16,782.965
16,16384,64,32,782.229
16,16384,64,64,783.253
16,16384,64,128,795.744
16,16384,64,256,808.256
16,16384,64,512,837.067
16,16384,64,1024,890.968
16,16384,64,2048,1000.43
16,16384,64,4096,1220.59
16,16384,64,8192,1654.14
16,16384,64,16384,3261.09
16,16384,64,32768,6497.12
16,16384,128,16,805.856
16,16384,128,32,807.552
16,16384,128,64,809.109
16,16384,128,128,838.764
16,16384,128,256,873.57
16,16384,128,512,939.524
16,16384,128,1024,1069.95
16,16384,128,2048,1341.25
16,16384,128,4096,1873.9
16,16384,128,8192,3327.53
16,16384,128,16384,6583.32
16,16384,128,32768,13096.7
16,32768,0,0,1550.26
16,32768,1,16,1547.03
16,32768,1,32,1545.94
16,32768,1,64,1541.78
16,32768,1,128,1543.25
16,32768,1,256,1543.81
16,32768,1,512,1545.32
16,32768,1,1024,1542.47
16,32768,1,2048,1545.84
16,32768,1,4096,1545.43
16,32768,1,8192,1546.65
16,32768,1,16384,1544.06
16,32768,1,32768,1544.39
16,32768,2,16,1546.88
16,32768,2,32,1542.18
16,32768,2,64,1536.08
16,32768,2,128,1547.35
16,32768,2,256,1542.06
16,32768,2,512,1545.22
16,32768,2,1024,1543.74
16,32768,2,2048,1545.11
16,32768,2,4096,1543.61
16,32768,2,8192,1544.53
16,32768,2,16384,1547.93
16,32768,2,32768,1545.99
16,32768,4,16,1546.06
16,32768,4,32,1544.45
16,32768,4,64,1537.47
16,32768,4,128,1546.11
16,32768,4,256,1545.66
16,32768,4,512,1539.74
16,32768,4,1024,1542.57
16,32768,4,2048,1538.27
16,32768,4,4096,1539.25
16,32768,4,8192,1537.37
16,32768,4,16384,1546.39
16,32768,4,32768,1546.59
16,32768,8,16,1543.77
16,32768,8,32,1543.25
16,32768,8,64,1536.46
16,32768,8,128,1545.39
16,32768,8,256,1544.7
16,32768,8,512,1545.75
16,32768,8,1024,1541.14
16,32768,8,2048,1545.69
16,32768,8,4096,1538.18
16,32768,8,8192,1547.45
16,32768,8,16384,1545.6
16,32768,8,32768,1548.7
16,32768,16,16,1582.58
16,32768,16,32,1582.13
16,32768,16,64,1581.48
16,32768,16,128,1578.75
16,32768,16,256,1578.07
16,32768,16,512,1582.65
16,32768,16,1024,1582.02
16,32768,16,2048,1581.25
16,32768,16,4096,1587.49
16,32768,16,8192,1587.65
16,32768,16,16384,1587.58
16,32768,16,32768,1591.1
16,32768,32,16,1544.6
16,32768,32,32,1544.58
16,32768,32,64,1544.71
16,32768,32,128,1544.65
16,32768,32,256,1545.53
16,32768,32,512,1547.73
16,32768,32,1024,1574.04
16,32768,32,2048,1626.16
16,32768,32,4096,1745.79
16,32768,32,8192,1943.52
16,32768,32,16384,2330.53
16,32768,32,32768,3120.8
16,32768,64,16,1542.84
16,32768,64,32,1542.88
16,32768,64,64,1545.73
16,32768,64,128,1546.79
16,32768,64,256,1558.03
16,32768,64,512,1589.26
16,32768,64,1024,1645.17
16,32768,64,2048,1750.46
16,32768,64,4096,1984.84
16,32768,64,8192,2413.58
16,32768,64,16384,3262.83
16,32768,64,32768,6478.29
16,32768,128,16,1557.66
16,32768,128,32,1555.99
16,32768,128,64,1560.52
16,32768,128,128,1588.35
16,32768,128,256,1624.56
16,32768,128,512,1689.39
16,32768,128,1024,1826.5
16,32768,128,2048,2108.31
16,32768,128,4096,2640.3
16,32768,128,8192,3698.76
16,32768,128,16384,6582.82
16,32768,128,32768,13144.1
32,0,0,0,14.6243
32,0,1,16,14.6567
32,0,1,32,14.4217
32,0,1,64,14.71
32,0,1,128,19.5947
32,0,1,256,25.345
32,0,1,512,36.961
32,0,1,1024,60.311
32,0,1,2048,108.259
32,0,1,4096,203.44
32,0,1,8192,394.325
32,0,1,16384,777.897
32,0,1,32768,1540.17
32,0,2,16,14.1123
32,0,2,32,14.176
32,0,2,64,14.379
32,0,2,128,19.222
32,0,2,256,25.121
32,0,2,512,36.993
32,0,2,1024,61.0573
32,0,2,2048,109.101
32,0,2,4096,204.955
32,0,2,8192,396.49
32,0,2,16384,779.316
32,0,2,32768,1545.28
32,0,4,16,14.134
32,0,4,32,14.294
32,0,4,64,14.3043
32,0,4,128,19.0193
32,0,4,256,24.9067
32,0,4,512,36.7157
32,0,4,1024,60.7903
32,0,4,2048,108.803
32,0,4,4096,204.891
32,0,4,8192,395.914
32,0,4,16384,778.132
32,0,4,32768,1544.98
32,0,8,16,14.166
32,0,8,32,14.4003
32,0,8,64,14.422
32,0,8,128,19.105
32,0,8,256,25.0677
32,0,8,512,37.0357
32,0,8,1024,61.4733
32,0,8,2048,109.795
32,0,8,4096,205.968
32,0,8,8192,397.482
32,0,8,16384,780.127
32,0,8,32768,1547.72
32,0,16,16,14.635
32,0,16,32,14.603
32,0,16,64,14.891
32,0,16,128,19.638
32,0,16,256,25.867
32,0,16,512,38.977
32,0,16,1024,63.7563
32,0,16,2048,112.973
32,0,16,4096,211.665
32,0,16,8192,408.501
32,0,16,16384,802.175
32,0,16,32768,1588.77
32,0,32,16,22.71
32,0,32,32,22.7527
32,0,32,64,23.3503
32,0,32,128,33.4623
32,0,32,256,45.9427
32,0,32,512,70.5087
32,0,32,1024,119.576
32,0,32,2048,215.877
32,0,32,4096,409.643
32,0,32,8192,799.391
32,0,32,16384,1574.88
32,0,32,32768,3105.73
32,0,64,16,38.8917
32,0,64,32,39.329
32,0,64,64,40.204
32,0,64,128,62.3697
32,0,64,256,88.184
32,0,64,512,139.374
32,0,64,1024,239.782
32,0,64,2048,440.918
32,0,64,4096,842.859
32,0,64,8192,1646.58
32,0,64,16384,3248.43
32,0,64,32768,6461.51
32,0,128,16,71.0207
32,0,128,32,71.9163
32,0,128,64,74.5297
32,0,128,128,120.707
32,0,128,256,171.332
32,0,128,512,272.359
32,0,128,1024,473.601
32,0,128,2048,880.203
32,0,128,4096,1692.04
32,0,128,8192,3333.13
32,0,128,16384,6582.09
32,0,128,32768,13109.6
32,16,0,0,14.7417
32,16,1,16,14.6673
32,16,1,32,14.7097
32,16,1,64,14.8167
32,16,1,128,19.6163
32,16,1,256,25.377
32,16,1,512,36.9183
32,16,1,1024,60.4383
32,16,1,2048,108.142
32,16,1,4096,203.312
32,16,1,8192,395.445
32,16,1,16384,777.438
32,16,1,32768,1543.24
32,16,2,16,14.1443
32,16,2,32,14.1333
32,16,2,64,14.379
32,16,2,128,19.1367
32,16,2,256,25.035
32,16,2,512,37.0033
32,16,2,1024,61.0683
32,16,2,2048,108.909
32,16,2,4096,204.677
32,16,2,8192,396.202
32,16,2,16384,777.011
32,16,2,32768,1544.79
32,16,4,16,14.1973
32,16,4,32,14.2833
32,16,4,64,14.39
32,16,4,128,18.9767
32,16,4,256,24.9073
32,16,4,512,36.705
32,16,4,1024,60.7163
32,16,4,2048,108.931
32,16,4,4096,204.837
32,16,4,8192,396.597
32,16,4,16384,778.729
32,16,4,32768,1544.65
32,16,8,16,14.2723
32,16,8,32,14.251
32,16,8,64,14.4113
32,16,8,128,19.2323
32,16,8,256,25.0783
32,16,8,512,37.025
32,16,8,1024,61.58
32,16,8,2048,109.517
32,16,8,4096,205.648
32,16,8,8192,397.237
32,16,8,16384,780.063
32,16,8,32768,1546.97
32,16,16,16,14.5387
32,16,16,32,14.6463
32,16,16,64,15.0293
32,16,16,128,19.68
32,16,16,256,25.782
32,16,16,512,38.913
32,16,16,1024,63.4897
32,16,16,2048,113.123
32,16,16,4096,211.376
32,16,16,8192,408.288
32,16,16,16384,802.132
32,16,16,32768,1588.43
32,16,32,16,22.7423
32,16,32,32,22.9553
32,16,32,64,23.5843
32,16,32,128,33.5157
32,16,32,256,45.9637
32,16,32,512,70.8173
32,16,32,1024,119.459
32,16,32,2048,215.909
32,16,32,4096,409.61
32,16,32,8192,796.276
32,16,32,16384,1569.76
32,16,32,32768,3126.84
32,16,64,16,38.7957
32,16,64,32,39.3293
32,16,64,64,40.556
32,16,64,128,62.679
32,16,64,256,88.354
32,16,64,512,139.3
32,16,64,1024,240.443
32,16,64,2048,441.28
32,16,64,4096,843.189
32,16,64,8192,1645.67
32,16,64,16384,3247.4
32,16,64,32768,6466.22
32,16,128,16,71.0417
32,16,128,32,71.98
32,16,128,64,74.6047
32,16,128,128,120.995
32,16,128,256,171.588
32,16,128,512,272.433
32,16,128,1024,471.745
32,16,128,2048,880.15
32,16,128,4096,1689.96
32,16,128,8192,3319.27
32,16,128,16384,6564.6
32,16,128,32768,13091.6
32,32,0,0,14.8163
32,32,1,16,14.6133
32,32,1,32,14.753
32,32,1,64,14.774
32,32,1,128,19.531
32,32,1,256,25.377
32,32,1,512,36.9077
32,32,1,1024,60.5037
32,32,1,2048,108.28
32,32,1,4096,203.418
32,32,1,8192,394.58
32,32,1,16384,778.419
32,32,1,32768,1544.27
32,32,2,16,14.1547
32,32,2,32,14.1553
32,32,2,64,14.3897
32,32,2,128,19.147
32,32,2,256,25.1953
32,32,2,512,36.9397
32,32,2,1024,61.0687
32,32,2,2048,109.038
32,32,2,4096,205.424
32,32,2,8192,397.013
32,32,2,16384,778.622
32,32,2,32768,1544.19
32,32,4,16,14.2723
32,32,4,32,14.3043
32,32,4,64,14.475
32,32,4,128,19.0087
32,32,4,256,24.907
32,32,4,512,36.6623
32,32,4,1024,60.919
32,32,4,2048,109.027
32,32,4,4096,204.581
32,32,4,8192,396.266
32,32,4,16384,778.675
32,32,4,32768,1543.55
32,32,8,16,14.251
32,32,8,32,14.3793
32,32,8,64,14.4963
32,32,8,128,19.0933
32,32,8,256,25.0247
32,32,8,512,37.2063
32,32,8,1024,61.452
32,32,8,2048,109.592
32,32,8,4096,205.722
32,32,8,8192,396.948
32,32,8,16384,780.702
32,32,8,32768,1547.11
32,32,16,16,14.55
32,32,16,32,14.6777
32,32,16,64,15.2113
32,32,16,128,19.5423
32,32,16,256,26.0373
32,32,16,512,38.5717
32,32,16,1024,63.554
32,32,16,2048,113.059
32,32,16,4096,211.909
32,32,16,8192,408.778
32,32,16,16384,801.662
32,32,16,32768,1588.71
32,32,32,16,22.593
32,32,32,32,22.9977
32,32,32,64,23.5097
32,32,32,128,33.4827
32,32,32,256,45.8997
32,32,32,512,70.871
32,32,32,1024,119.896
32,32,32,2048,215.856
32,32,32,4096,409.93
32,32,32,8192,795.497
32,32,32,16384,1564.19
32,32,32,32768,3129.85
32,32,64,16,38.8277
32,32,64,32,39.4037
32,32,64,64,40.4917
32,32,64,128,62.263
32,32,64,256,88.13
32,32,64,512,139.118
32,32,64,1024,240.091
32,32,64,2048,441.259
32,32,64,4096,841.034
32,32,64,8192,1642.97
32,32,64,16384,3251.46
32,32,64,32768,6467.29
32,32,128,16,71.0527
32,32,128,32,72.0233
32,32,128,64,74.7647
32,32,128,128,120.995
32,32,128,256,171.322
32,32,128,512,272.508
32,32,128,1024,473.238
32,32,128,2048,881.579
32,32,128,4096,1696.67
32,32,128,8192,3315.34
32,32,128,16384,6570.48
32,32,128,32768,13082.1
32,64,0,0,14.913
32,64,1,16,14.667
32,64,1,32,14.7313
32,64,1,64,14.8163
32,64,1,128,19.5637
32,64,1,256,25.3983
32,64,1,512,36.961
32,64,1,1024,60.5563
32,64,1,2048,108.238
32,64,1,4096,204.026
32,64,1,8192,394.165
32,64,1,16384,777.971
32,64,1,32768,1543.15
32,64,2,16,14.176
32,64,2,32,14.272
32,64,2,64,14.4217
32,64,2,128,19.19
32,64,2,256,25.0883
32,64,2,512,37.0037
32,64,2,1024,61.1107
32,64,2,2048,109.069
32,64,2,4096,204.986
32,64,2,8192,396.329
32,64,2,16384,780.361
32,64,2,32768,1545.35
32,64,4,16,14.3043
32,64,4,32,14.24
32,64,4,64,14.4217
32,64,4,128,18.9763
32,64,4,256,24.8757
32,64,4,512,36.6627
32,64,4,1024,60.759
32,64,4,2048,109.069
32,64,4,4096,204.741
32,64,4,8192,395.487
32,64,4,16384,778.974
32,64,4,32768,1544.7
32,64,8,16,14.2083
32,64,8,32,14.347
32,64,8,64,14.582
32,64,8,128,19.1477
32,64,8,256,25.089
32,64,8,512,37.185
32,64,8,1024,61.3983
32,64,8,2048,109.666
32,64,8,4096,205.722
32,64,8,8192,397.589
32,64,8,16384,780.275
32,64,8,32768,1547.16
32,64,16,16,14.486
32,64,16,32,14.7527
32,64,16,64,14.923
32,64,16,128,19.563
32,64,16,256,25.8773
32,64,16,512,38.454
32,64,16,1024,63.4683
32,64,16,2048,112.995
32,64,16,4096,211.216
32,64,16,8192,408.745
32,64,16,16384,802.25
32,64,16,32768,1589.81
32,64,32,16,22.88
32,64,32,32,22.9557
32,64,32,64,23.4457
32,64,32,128,33.5473
32,64,32,256,46.028
32,64,32,512,70.7423
32,64,32,1024,119.566
32,64,32,2048,215.845
32,64,32,4096,410.058
32,64,32,8192,793.129
32,64,32,16384,1574.9
32,64,32,32768,3130.05
32,64,64,16,38.753
32,64,64,32,39.2757
32,64,64,64,40.534
32,64,64,128,62.3803
32,64,64,256,87.9707
32,64,64,512,139.225
32,64,64,1024,239.846
32,64,64,2048,441.728
32,64,64,4096,840.991
32,64,64,8192,1644.53
32,64,64,16384,3245.86
32,64,64,32768,6455.57
32,64,128,16,70.9567
32,64,128,32,72.023
32,64,128,64,74.636
32,64,128,128,121.016
32,64,128,256,171.407
32,64,128,512,272.614
32,64,128,1024,473.11
32,64,128,2048,881.258
32,64,128,4096,1689.4
32,64,128,8192,3318.84
32,64,128,16384,6584.76
32,64,128,32768,13101.9
32,128,0,0,20.5763
32,128,1,16,19.8617
32,128,1,32,19.819
32,128,1,64,19.851
32,128,1,128,20.1817
32,128,1,256,25.345
32,128,1,512,36.9603
32,128,1,1024,60.4713
32,128,1,2048,108.183
32,128,1,4096,203.568
32,128,1,8192,394.122
32,128,1,16384,779.229
32,128,1,32768,1544.41
32,128,2,16,19.5847
32,128,2,32,19.6057
32,128,2,64,19.521
32,128,2,128,19.7657
32,128,2,256,25.0887
32,128,2,512,36.993
32,128,2,1024,61.004
32,128,2,2048,109.123
32,128,2,4096,205.093
32,128,2,8192,396.639
32,128,2,16384,779.752
32,128,2,32768,1545.81
32,128,4,16,19.3707
32,128,4,32,19.3607
32,128,4,64,19.3713
32,128,4,128,19.883
32,128,4,256,24.8647
32,128,4,512,36.7473
32,128,4,1024,60.6947
32,128,4,2048,108.856
32,128,4,4096,204.762
32,128,4,8192,396.447
32,128,4,16384,778.429
32,128,4,32768,1545.53
32,128,8,16,19.3497
32,128,8,32,19.3283
32,128,8,64,19.3497
32,128,8,128,20.1817
32,128,8,256,25.1097
32,128,8,512,37.0997
32,128,8,1024,61.569
32,128,8,2048,109.485
32,128,8,4096,205.84
32,128,8,8192,397.652
32,128,8,16384,780.936
32,128,8,32768,1547.81
32,128,16,16,19.8403
32,128,16,32,19.7867
32,128,16,64,19.819
32,128,16,128,20.5873
32,128,16,256,25.9
32,128,16,512,38.742
32,128,16,1024,63.5747
32,128,16,2048,113.379
32,128,16,4096,211.503
32,128,16,8192,408.575
32,128,16,16384,802.27
32,128,16,32768,1588.87
32,128,32,16,28.4487
32,128,32,32,28.599
32,128,32,64,28.822
32,128,32,128,34.4547
32,128,32,256,45.868
32,128,32,512,70.434
32,128,32,1024,119.565
32,128,32,2048,215.973
32,128,32,4096,409.556
32,128,32,8192,793.939
32,128,32,16384,1573.81
32,128,32,32768,3104.71
32,128,64,16,38.8703
32,128,64,32,39.3933
32,128,64,64,40.5663
32,128,64,128,63.5957
32,128,64,256,88.546
32,128,64,512,139.31
32,128,64,1024,240.955
32,128,64,2048,441.887
32,128,64,4096,843.615
32,128,64,8192,1645.39
32,128,64,16384,3255.74
32,128,64,32768,6452.63
32,128,128,16,71.2013
32,128,128,32,71.9693
32,128,128,64,74.818
32,128,128,128,122.062
32,128,128,256,171.567
32,128,128,512,272.06
32,128,128,1024,473.568
32,128,128,2048,881.62
32,128,128,4096,1691.55
32,128,128,8192,3317.97
32,128,128,16384,6574.83
32,128,128,32768,13106.1
32,256,0,0,26.315
32,256,1,16,25.6337
32,256,1,32,25.6327
32,256,1,64,25.6647
32,256,1,128,25.6963
32,256,1,256,25.888
32,256,1,512,36.961
32,256,1,1024,60.5027
32,256,1,2048,108.301
32,256,1,4096,203.802
32,256,1,8192,394.634
32,256,1,16384,776.808
32,256,1,32768,1540.84
32,256,2,16,25.462
32,256,2,32,25.494
32,256,2,64,25.494
32,256,2,128,25.6007
32,256,2,256,25.7393
32,256,2,512,37.0033
32,256,2,1024,61.025
32,256,2,2048,109.165
32,256,2,4096,205.274
32,256,2,8192,396.212
32,256,2,16384,778.664
32,256,2,32768,1545.73
32,256,4,16,25.0673
32,256,4,32,25.1527
32,256,4,64,25.1847
32,256,4,128,25.4933
32,256,4,256,25.6963
32,256,4,512,36.726
32,256,4,1024,60.748
32,256,4,2048,109.08
32,256,4,4096,204.655
32,256,4,8192,396.244
32,256,4,16384,778.674
32,256,4,32768,1545.31
32,256,8,16,25.216
32,256,8,32,25.206
32,256,8,64,25.131
32,256,8,128,25.7183
32,256,8,256,26.0487
32,256,8,512,37.185
32,256,8,1024,61.4633
32,256,8,2048,109.72
32,256,8,4096,205.68
32,256,8,8192,397.343
32,256,8,16384,781.075
32,256,8,32768,1546.3
32,256,16,16,25.8567
32,256,16,32,25.9207
32,256,16,64,25.974
32,256,16,128,26.571
32,256,16,256,27.4143
32,256,16,512,38.497
32,256,16,1024,63.7883
32,256,16,2048,113.198
32,256,16,4096,211.461
32,256,16,8192,408.532
32,256,16,16384,802.451
32,256,16,32768,1589.48
32,256,32,16,34.742
32,256,32,32,34.529
32,256,32,64,34.5717
32,256,32,128,40.79
32,256,32,256,46.657
32,256,32,512,70.338
32,256,32,1024,119.992
32,256,32,2048,215.898
32,256,32,4096,410.538
32,256,32,8192,793.021
32,256,32,16384,1568.45
32,256,32,32768,3127.02
32,256,64,16,42.721
32,256,64,32,42.9237
32,256,64,64,43.8737
32,256,64,128,64.0657
32,256,64,256,89.5487
32,256,64,512,139.279
32,256,64,1024,239.75
32,256,64,2048,442.442
32,256,64,4096,846.239
32,256,64,8192,1647.32
32,256,64,16384,3261.68
32,256,64,32768,6452.92
32,256,128,16,71.255
32,256,128,32,72.1517
32,256,128,64,75.0737
32,256,128,128,122.264
32,256,128,256,172.506
32,256,128,512,272.401
32,256,128,1024,473.248
32,256,128,2048,878.656
32,256,128,4096,1693.6
32,256,128,8192,3319.46
32,256,128,16384,6551.6
32,256,128,32768,13087.7
32,512,0,0,37.7077
32,512,1,16,37.1633
32,512,1,32,37.217
32,512,1,64,37.089
32,512,1,128,37.1317
32,512,1,256,37.2063
32,512,1,512,37.3233
32,512,1,1024,60.5027
32,512,1,2048,107.875
32,512,1,4096,203.728
32,512,1,8192,395.198
32,512,1,16384,778.098
32,512,1,32768,1543.01
32,512,2,16,37.2487
32,512,2,32,37.27
32,512,2,64,37.3237
32,512,2,128,37.3763
32,512,2,256,37.4197
32,512,2,512,37.473
32,512,2,1024,60.9827
32,512,2,2048,108.973
32,512,2,4096,205.125
32,512,2,8192,396.458
32,512,2,16384,780.071
32,512,2,32768,1546.06
32,512,4,16,36.9183
32,512,4,32,36.982
32,512,4,64,36.897
32,512,4,128,37.4197
32,512,4,256,37.302
32,512,4,512,37.451
32,512,4,1024,60.919
32,512,4,2048,109.037
32,512,4,4096,204.922
32,512,4,8192,396.265
32,512,4,16384,779.111
32,512,4,32768,1544.61
32,512,8,16,36.9607
32,512,8,32,37.0143
32,512,8,64,37.014
32,512,8,128,37.4837
32,512,8,256,37.6753
32,512,8,512,37.7927
32,512,8,1024,61.5693
32,512,8,2048,109.689
32,512,8,4096,205.53
32,512,8,8192,397.663
32,512,8,16384,779.88
32,512,8,32768,1548.11
32,512,16,16,37.985
32,512,16,32,37.8463
32,512,16,64,38.0487
32,512,16,128,38.828
32,512,16,256,39.542
32,512,16,512,39.6387
32,512,16,1024,63.724
32,512,16,2048,113.261
32,512,16,4096,211.578
32,512,16,8192,408.425
32,512,16,16384,802.174
32,512,16,32768,1588.2
32,512,32,16,46.2623
32,512,32,32,45.9957
32,512,32,64,46.2303
32,512,32,128,52.2147
32,512,32,256,58.317
32,512,32,512,70.7427
32,512,32,1024,119.832
32,512,32,2048,216.4
32,512,32,4096,408.116
32,512,32,8192,795.912
32,512,32,16384,1572.83
32,512,32,32768,3119.02
32,512,64,16,54.2847
32,512,64,32,54.689
32,512,64,64,55.4783
32,512,64,128,67.2543
32,512,64,256,89.1433
32,512,64,512,139.811
32,512,64,1024,240.059
32,512,64,2048,443.189
32,512,64,4096,846.59
32,512,64,8192,1654.34
32,512,64,16384,3271.05
32,512,64,32768,6486.24
32,512,128,16,79.255
32,512,128,32,80.0447
32,512,128,64,82.658
32,512,128,128,122.392
32,512,128,256,172.74
32,512,128,512,273.873
32,512,128,1024,474.08
32,512,128,2048,882.026
32,512,128,4096,1690.62
32,512,128,8192,3316.02
32,512,128,16384,6568.45
32,512,128,32768,13100.6
32,1024,0,0,62.2523
32,1024,1,16,60.652
32,1024,1,32,60.577
32,1024,1,64,60.684
32,1024,1,128,60.5987
32,1024,1,256,60.5667
32,1024,1,512,60.4813
32,1024,1,1024,60.972
32,1024,1,2048,108.301
32,1024,1,4096,203.642
32,1024,1,8192,394.943
32,1024,1,16384,775.538
32,1024,1,32768,1545.68
32,1024,2,16,61.2597
32,1024,2,32,61.2497
32,1024,2,64,61.2387
32,1024,2,128,61.1963
32,1024,2,256,61.3557
32,1024,2,512,61.452
32,1024,2,1024,61.463
32,1024,2,2048,109.133
32,1024,2,4096,204.986
32,1024,2,8192,396.244
32,1024,2,16384,778.653
32,1024,2,32768,1545.26
32,1024,4,16,60.9183
32,1024,4,32,60.9613
32,1024,4,64,60.9397
32,1024,4,128,61.0253
32,1024,4,256,61.292
32,1024,4,512,61.2177
32,1024,4,1024,61.4627
32,1024,4,2048,108.696
32,1024,4,4096,204.911
32,1024,4,8192,396.105
32,1024,4,16384,778.898
32,1024,4,32768,1546.04
32,1024,8,16,60.865
32,1024,8,32,60.78
32,1024,8,64,61.004
32,1024,8,128,61.409
32,1024,8,256,61.6757
32,1024,8,512,61.6333
32,1024,8,1024,62.028
32,1024,8,2048,109.816
32,1024,8,4096,205.808
32,1024,8,8192,397.193
32,1024,8,16384,780.637
32,1024,8,32768,1547.22
32,1024,16,16,62.4443
32,1024,16,32,62.4547
32,1024,16,64,62.658
32,1024,16,128,63.1057
32,1024,16,256,63.9273
32,1024,16,512,64.1933
32,1024,16,1024,64.3643
32,1024,16,2048,112.76
32,1024,16,4096,211.461
32,1024,16,8192,408.81
32,1024,16,16384,802.632
32,1024,16,32768,1589.89
32,1024,32,16,69.3133
32,1024,32,32,69.623
32,1024,32,64,69.8257
32,1024,32,128,75.703
32,1024,32,256,81.7297
32,1024,32,512,94.0393
32,1024,32,1024,120.494
32,1024,32,2048,216.603
32,1024,32,4096,410.142
32,1024,32,8192,797.49
32,1024,32,16384,1568.72
32,1024,32,32768,3117.58
32,1024,64,16,77.858
32,1024,64,32,78.1243
32,1024,64,64,79.1697
32,1024,64,128,90.498
32,1024,64,256,105.431
32,1024,64,512,140.025
32,1024,64,1024,240.912
32,1024,64,2048,441.695
32,1024,64,4096,845.854
32,1024,64,8192,1651.73
32,1024,64,16384,3269.84
32,1024,64,32768,6510.24
32,1024,128,16,102.712
32,1024,128,32,103.512
32,1024,128,64,106.211
32,1024,128,128,135.193
32,1024,128,256,173.433
32,1024,128,512,274.076
32,1024,128,1024,474.187
32,1024,128,2048,882.495
32,1024,128,4096,1691.28
32,1024,128,8192,3317.73
32,1024,128,16384,6572.03
32,1024,128,32768,13069.5
32,2048,0,0,109.272
32,2048,1,16,108.375
32,2048,1,32,108.269
32,2048,1,64,108.291
32,2048,1,128,108.333
32,2048,1,256,108.771
32,2048,1,512,108.76
32,2048,1,1024,108.621
32,2048,1,2048,109.016
32,2048,1,4096,203.173
32,2048,1,8192,395.401
32,2048,1,16384,778.269
32,2048,1,32768,1540.89
32,2048,2,16,109.122
32,2048,2,32,109.251
32,2048,2,64,108.942
32,2048,2,128,109.219
32,2048,2,256,109.293
32,2048,2,512,109.207
32,2048,2,1024,109.09
32,2048,2,2048,109.582
32,2048,2,4096,204.987
32,2048,2,8192,396.66
32,2048,2,16384,778.62
32,2048,2,32768,1546.74
32,2048,4,16,108.61
32,2048,4,32,108.963
32,2048,4,64,108.419
32,2048,4,128,109.186
32,2048,4,256,109.347
32,2048,4,512,109.24
32,2048,4,1024,109.294
32,2048,4,2048,109.443
32,2048,4,4096,204.762
32,2048,4,8192,396.201
32,2048,4,16384,778.525
32,2048,4,32768,1545.45
32,2048,8,16,108.877
32,2048,8,32,108.813
32,2048,8,64,108.781
32,2048,8,128,109.283
32,2048,8,256,109.699
32,2048,8,512,109.752
32,2048,8,1024,109.762
32,2048,8,2048,109.955
32,2048,8,4096,205.989
32,2048,8,8192,397.321
32,2048,8,16384,780.989
32,2048,8,32768,1547.06
32,2048,16,16,111.32
32,2048,16,32,111.555
32,2048,16,64,111.672
32,2048,16,128,112.152
32,2048,16,256,112.93
32,2048,16,512,113.422
32,2048,16,1024,113.698
32,2048,16,2048,113.805
32,2048,16,4096,211.855
32,2048,16,8192,408.564
32,2048,16,16384,801.426
32,2048,16,32768,1589.89
32,2048,32,16,116.802
32,2048,32,32,116.749
32,2048,32,64,116.834
32,2048,32,128,122.435
32,2048,32,256,128.419
32,2048,32,512,140.953
32,2048,32,1024,167.929
32,2048,32,2048,216.933
32,2048,32,4096,408.201
32,2048,32,8192,794.93
32,2048,32,16384,1571.24
32,2048,32,32768,3117.61
32,2048,64,16,124.653
32,2048,64,32,124.974
32,2048,64,64,126.456
32,2048,64,128,137.038
32,2048,64,256,152.441
32,2048,64,512,180.036
32,2048,64,1024,240.816
32,2048,64,2048,441.312
32,2048,64,4096,846.536
32,2048,64,8192,1655.41
32,2048,64,16384,3266.47
32,2048,64,32768,6503.05
32,2048,128,16,149.87
32,2048,128,32,150.425
32,2048,128,64,153.059
32,2048,128,128,182.575
32,2048,128,256,217.722
32,2048,128,512,282.545
32,2048,128,1024,475.35
32,2048,128,2048,885.535
32,2048,128,4096,1694.18
32,2048,128,8192,3314.61
32,2048,128,16384,6591.52
32,2048,128,32768,13070.1
32,4096,0,0,206.319
32,4096,1,16,204.304
32,4096,1,32,203.92
32,4096,1,64,204.175
32,4096,1,128,204.463
32,4096,1,256,203.866
32,4096,1,512,204.271
32,4096,1,1024,204.826
32,4096,1,2048,204.602
32,4096,1,4096,204.869
32,4096,1,8192,393.343
32,4096,1,16384,775.996
32,4096,1,32768,1546.65
32,4096,2,16,205.136
32,4096,2,32,204.944
32,4096,2,64,204.634
32,4096,2,128,205.156
32,4096,2,256,205.018
32,4096,2,512,205.284
32,4096,2,1024,205.168
32,4096,2,2048,205.455
32,4096,2,4096,205.69
32,4096,2,8192,395.806
32,4096,2,16384,778.673
32,4096,2,32768,1542.82
32,4096,4,16,204.506
32,4096,4,32,204.591
32,4096,4,64,204.079
32,4096,4,128,204.644
32,4096,4,256,204.74
32,4096,4,512,205.37
32,4096,4,1024,205.21
32,4096,4,2048,205.487
32,4096,4,4096,205.157
32,4096,4,8192,395.508
32,4096,4,16384,778.823
32,4096,4,32768,1545.72
32,4096,8,16,204.282
32,4096,8,32,204.89
32,4096,8,64,204.549
32,4096,8,128,205.296
32,4096,8,256,205.199
32,4096,8,512,205.391
32,4096,8,1024,205.509
32,4096,8,2048,205.168
32,4096,8,4096,206.085
32,4096,8,8192,397.556
32,4096,8,16384,780.605
32,4096,8,32768,1546.69
32,4096,16,16,209.552
32,4096,16,32,210.266
32,4096,16,64,210.095
32,4096,16,128,210.639
32,4096,16,256,211.397
32,4096,16,512,211.61
32,4096,16,1024,211.664
32,4096,16,2048,211.375
32,4096,16,4096,212.016
32,4096,16,8192,408.639
32,4096,16,16384,801.884
32,4096,16,32768,1589.04
32,4096,32,16,209.733
32,4096,32,32,209.626
32,4096,32,64,210
32,4096,32,128,216.464
32,4096,32,256,223.173
32,4096,32,512,235.536
32,4096,32,1024,261.403
32,4096,32,2048,312.178
32,4096,32,4096,408.884
32,4096,32,8192,792.925
32,4096,32,16384,1565.13
32,4096,32,32768,3117.81
32,4096,64,16,218.693
32,4096,64,32,218.843
32,4096,64,64,221.413
32,4096,64,128,231.739
32,4096,64,256,245.787
32,4096,64,512,273.393
32,4096,64,1024,328.712
32,4096,64,2048,443.85
32,4096,64,4096,845.512
32,4096,64,8192,1653.21
32,4096,64,16384,3268.03
32,4096,64,32768,6512.45
32,4096,128,16,243.141
32,4096,128,32,244.23
32,4096,128,64,246.544
32,4096,128,128,275.995
32,4096,128,256,311.388
32,4096,128,512,378.024
32,4096,128,1024,506.795
32,4096,128,2048,884.991
32,4096,128,4096,1696.43
32,4096,128,8192,3321.23
32,4096,128,16384,6568.1
32,4096,128,32768,13080
32,8192,0,0,397.779
32,8192,1,16,396.713
32,8192,1,32,396.681
32,8192,1,64,396.329
32,8192,1,128,396.692
32,8192,1,256,397.311
32,8192,1,512,397.118
32,8192,1,1024,397.225
32,8192,1,2048,397.193
32,8192,1,4096,395.775
32,8192,1,8192,396.852
32,8192,1,16384,777.671
32,8192,1,32768,1544.25
32,8192,2,16,397.62
32,8192,2,32,396.126
32,8192,2,64,397.193
32,8192,2,128,395.998
32,8192,2,256,395.359
32,8192,2,512,397.172
32,8192,2,1024,397.652
32,8192,2,2048,397.854
32,8192,2,4096,396.148
32,8192,2,8192,396.735
32,8192,2,16384,778.578
32,8192,2,32768,1544.22
32,8192,4,16,394.42
32,8192,4,32,395.336
32,8192,4,64,396.489
32,8192,4,128,397.001
32,8192,4,256,397.492
32,8192,4,512,397.385
32,8192,4,1024,396.702
32,8192,4,2048,396.531
32,8192,4,4096,396.531
32,8192,4,8192,396.937
32,8192,4,16384,779.688
32,8192,4,32768,1544.67
32,8192,8,16,396.031
32,8192,8,32,396.67
32,8192,8,64,396.5
32,8192,8,128,396.265
32,8192,8,256,397.044
32,8192,8,512,396.297
32,8192,8,1024,397.993
32,8192,8,2048,397.652
32,8192,8,4096,397.545
32,8192,8,8192,398.281
32,8192,8,16384,781.191
32,8192,8,32768,1548.81
32,8192,16,16,406.078
32,8192,16,32,405.279
32,8192,16,64,404.745
32,8192,16,128,406.911
32,8192,16,256,407.998
32,8192,16,512,407.774
32,8192,16,1024,408.212
32,8192,16,2048,408.393
32,8192,16,4096,408.286
32,8192,16,8192,408.628
32,8192,16,16384,801.021
32,8192,16,32768,1589.05
32,8192,32,16,397.151
32,8192,32,32,398.132
32,8192,32,64,398.036
32,8192,32,128,404.34
32,8192,32,256,410.676
32,8192,32,512,422.537
32,8192,32,1024,448.853
32,8192,32,2048,499.126
32,8192,32,4096,600.099
32,8192,32,8192,798.162
32,8192,32,16384,1574.16
32,8192,32,32768,3128.75
32,8192,64,16,405.94
32,8192,64,32,406.655
32,8192,64,64,407.55
32,8192,64,128,418.986
32,8192,64,256,434.324
32,8192,64,512,462.016
32,8192,64,1024,516.322
32,8192,64,2048,625.678
32,8192,64,4096,848.457
32,8192,64,8192,1654.72
32,8192,64,16384,3268.11
32,8192,64,32768,6496.79
32,8192,128,16,430.56
32,8192,128,32,431.828
32,8192,128,64,434.431
32,8192,128,128,463.467
32,8192,128,256,498.465
32,8192,128,512,565.677
32,8192,128,1024,699.014
32,8192,128,2048,964.278
32,8192,128,4096,1700.88
32,8192,128,8192,3336.49
32,8192,128,16384,6569.29
32,8192,128,32768,13093.7
32,16384,0,0,779.591
32,16384,1,16,779.58
32,16384,1,32,779.58
32,16384,1,64,778.342
32,16384,1,128,779.08
32,16384,1,256,777.97
32,16384,1,512,779.41
32,16384,1,1024,779.079
32,16384,1,2048,779.048
32,16384,1,4096,777.425
32,16384,1,8192,779.655
32,16384,1,16384,778.097
32,16384,1,32768,1546.54
32,16384,2,16,776.615
32,16384,2,32,779.474
32,16384,2,64,780.252
32,16384,2,128,780.125
32,16384,2,256,778.972
32,16384,2,512,778.482
32,16384,2,1024,779.943
32,16384,2,2048,779.325
32,16384,2,4096,779.346
32,16384,2,8192,779.4
32,16384,2,16384,779.442
32,16384,2,32768,1545.34
32,16384,4,16,777.138
32,16384,4,32,777.767
32,16384,4,64,778.449
32,16384,4,128,779.122
32,16384,4,256,779.495
32,16384,4,512,779.218
32,16384,4,1024,778.748
32,16384,4,2048,778.77
32,16384,4,4096,777.213
32,16384,4,8192,779.676
32,16384,4,16384,780.369
32,16384,4,32768,1546.11
32,16384,8,16,777.105
32,16384,8,32,777.458
32,16384,8,64,777.222
32,16384,8,128,778.066
32,16384,8,256,779.602
32,16384,8,512,779.356
32,16384,8,1024,780.252
32,16384,8,2048,776.423
32,16384,8,4096,780.188
32,16384,8,8192,779.869
32,16384,8,16384,780.849
32,16384,8,32768,1547.94
32,16384,16,16,797.554
32,16384,16,32,795.677
32,16384,16,64,791.773
32,16384,16,128,798.141
32,16384,16,256,798.535
32,16384,16,512,799.676
32,16384,16,1024,799.463
32,16384,16,2048,793.714
32,16384,16,4096,799.965
32,16384,16,8192,798.845
32,16384,16,16384,801.714
32,16384,16,32768,1589.35
32,16384,32,16,775.921
32,16384,32,32,774.311
32,16384,32,64,780.444
32,16384,32,128,781.468
32,16384,32,256,786.173
32,16384,32,512,798.077
32,16384,32,1024,825.085
32,16384,32,2048,872.126
32,16384,32,4096,979.873
32,16384,32,8192,1176.68
32,16384,32,16384,1565.35
32,16384,32,32768,3117.58
32,16384,64,16,781.18
32,16384,64,32,782.759
32,16384,64,64,786.898
32,16384,64,128,795.911
32,16384,64,256,810.429
32,16384,64,512,836.968
32,16384,64,1024,889.908
32,16384,64,2048,999.234
32,16384,64,4096,1219.64
32,16384,64,8192,1661.54
32,16384,64,16384,3267.11
32,16384,64,32768,6504.72
32,16384,128,16,805.234
32,16384,128,32,805.949
32,16384,128,64,809.607
32,16384,128,128,839.304
32,16384,128,256,872.947
32,16384,128,512,941.163
32,16384,128,1024,1073.06
32,16384,128,2048,1344.28
32,16384,128,4096,1873.69
32,16384,128,8192,3332.82
32,16384,128,16384,6616.53
32,16384,128,32768,13055.1
32,32768,0,0,1545.5
32,32768,1,16,1547.37
32,32768,1,32,1546.39
32,32768,1,64,1546.29
32,32768,1,128,1541.21
32,32768,1,256,1540.69
32,32768,1,512,1546.09
32,32768,1,1024,1544.95
32,32768,1,2048,1542.06
32,32768,1,4096,1540.25
32,32768,1,8192,1547.37
32,32768,1,16384,1547.58
32,32768,1,32768,1545.03
32,32768,2,16,1546.54
32,32768,2,32,1545.82
32,32768,2,64,1544.94
32,32768,2,128,1546.83
32,32768,2,256,1549.01
32,32768,2,512,1547.59
32,32768,2,1024,1544.47
32,32768,2,2048,1546.5
32,32768,2,4096,1545.52
32,32768,2,8192,1545.5
32,32768,2,16384,1547.36
32,32768,2,32768,1545.52
32,32768,4,16,1543.73
32,32768,4,32,1543.1
32,32768,4,64,1542.21
32,32768,4,128,1540.24
32,32768,4,256,1544.07
32,32768,4,512,1545.85
32,32768,4,1024,1539.69
32,32768,4,2048,1542.64
32,32768,4,4096,1543.37
32,32768,4,8192,1545.84
32,32768,4,16384,1546.65
32,32768,4,32768,1546.57
32,32768,8,16,1543.21
32,32768,8,32,1541.62
32,32768,8,64,1542.24
32,32768,8,128,1543.84
32,32768,8,256,1544.17
32,32768,8,512,1547.7
32,32768,8,1024,1546.87
32,32768,8,2048,1545.93
32,32768,8,4096,1545.08
32,32768,8,8192,1546.73
32,32768,8,16384,1543.69
32,32768,8,32768,1550.71
32,32768,16,16,1582
32,32768,16,32,1582.88
32,32768,16,64,1580.92
32,32768,16,128,1581.79
32,32768,16,256,1583.48
32,32768,16,512,1582.22
32,32768,16,1024,1582.46
32,32768,16,2048,1581.53
32,32768,16,4096,1578.5
32,32768,16,8192,1582.14
32,32768,16,16384,1586.56
32,32768,16,32768,1590.47
32,32768,32,16,1544.78
32,32768,32,32,1544.62
32,32768,32,64,1547.95
32,32768,32,128,1548.49
32,32768,32,256,1548.98
32,32768,32,512,1551.35
32,32768,32,1024,1576.38
32,32768,32,2048,1623.91
32,32768,32,4096,1743.47
32,32768,32,8192,1943.72
32,32768,32,16384,2331.05
32,32768,32,32768,3116.83
32,32768,64,16,1546.15
32,32768,64,32,1545.1
32,32768,64,64,1546.57
32,32768,64,128,1545.2
32,32768,64,256,1564.01
32,32768,64,512,1585.27
32,32768,64,1024,1641.87
32,32768,64,2048,1748.89
32,32768,64,4096,1984.74
32,32768,64,8192,2417.84
32,32768,64,16384,3277.04
32,32768,64,32768,6495.67
32,32768,128,16,1557.5
32,32768,128,32,1558.84
32,32768,128,64,1560.53
32,32768,128,128,1586.7
32,32768,128,256,1624.12
32,32768,128,512,1690.78
32,32768,128,1024,1823.22
32,32768,128,2048,2109.16
32,32768,128,4096,2641.89
32,32768,128,8192,3700.12
32,32768,128,16384,6596.39
32,32768,128,32768,13128.3
64,0,0,0,15.371
64,0,1,16,14.9013
64,0,1,32,14.9123
64,0,1,64,15.115
64,0,1,128,19.7343
64,0,1,256,25.4303
64,0,1,512,37.2167
64,0,1,1024,61.0043
64,0,1,2048,108.824
64,0,1,4096,204.399
64,0,1,8192,395.56
64,0,1,16384,779.186
64,0,1,32768,1544.73
64,0,2,16,14.795
64,0,2,32,14.8373
64,0,2,64,15.0617
64,0,2,128,19.5313
64,0,2,256,25.5263
64,0,2,512,37.3663
64,0,2,1024,61.345
64,0,2,2048,109.389
64,0,2,4096,204.944
64,0,2,8192,396.948
64,0,2,16384,779.868
64,0,2,32768,1545.04
64,0,4,16,14.8267
64,0,4,32,14.8163
64,0,4,64,15.0613
64,0,4,128,19.4777
64,0,4,256,25.355
64,0,4,512,37.1203
64,0,4,1024,61.2383
64,0,4,2048,109.229
64,0,4,4096,205.03
64,0,4,8192,396.692
64,0,4,16384,779.74
64,0,4,32768,1546.17
64,0,8,16,14.9443
64,0,8,32,14.9553
64,0,8,64,15.275
64,0,8,128,19.649
64,0,8,256,25.4727
64,0,8,512,37.5477
64,0,8,1024,61.9537
64,0,8,2048,110.168
64,0,8,4096,206.233
64,0,8,8192,398.164
64,0,8,16384,781.564
64,0,8,32768,1548.5
64,0,16,16,15.2967
64,0,16,32,15.318
64,0,16,64,15.6477
64,0,16,128,20.107
64,0,16,256,26.3793
64,0,16,512,39.3283
64,0,16,1024,64.183
64,0,16,2048,114.061
64,0,16,4096,212.239
64,0,16,8192,408.628
64,0,16,16384,802.525
64,0,16,32768,1589.71
64,0,32,16,23.4243
64,0,32,32,23.4463
64,0,32,64,23.8297
64,0,32,128,34.144
64,0,32,256,46.273
64,0,32,512,71.2233
64,0,32,1024,120.131
64,0,32,2048,216.346
64,0,32,4096,409.118
64,0,32,8192,796.146
64,0,32,16384,1564.98
64,0,32,32768,3129.36
64,0,64,16,38.934
64,0,64,32,39.4357
64,0,64,64,40.5663
64,0,64,128,62.5933
64,0,64,256,88.3543
64,0,64,512,139.331
64,0,64,1024,240.123
64,0,64,2048,441.643
64,0,64,4096,843.229
64,0,64,8192,1643.47
64,0,64,16384,3250.13
64,0,64,32768,6468.79
64,0,128,16,71.192
64,0,128,32,71.9693
64,0,128,64,74.7327
64,0,128,128,120.824
64,0,128,256,171.556
64,0,128,512,272.955
64,0,128,1024,473.109
64,0,128,2048,881.577
64,0,128,4096,1693.56
64,0,128,8192,3318.48
64,0,128,16384,6662.61
64,0,128,32768,13054.3
64,16,0,0,15.467
64,16,1,16,14.9867
64,16,1,32,14.9977
64,16,1,64,15.073
64,16,1,128,19.68
64,16,1,256,25.3973
64,16,1,512,37.3127
64,16,1,1024,61.1213
64,16,1,2048,108.653
64,16,1,4096,204.229
64,16,1,8192,395.572
64,16,1,16384,776.529
64,16,1,32768,1541.18
64,16,2,16,14.8057
64,16,2,32,14.8373
64,16,2,64,14.9977
64,16,2,128,19.499
64,16,2,256,25.4407
64,16,2,512,37.281
64,16,2,1024,61.3563
64,16,2,2048,109.56
64,16,2,4096,205.701
64,16,2,8192,396.436
64,16,2,16384,779.271
64,16,2,32768,1546.04
64,16,4,16,14.8057
64,16,4,32,14.9123
64,16,4,64,15.0083
64,16,4,128,19.3923
64,16,4,256,25.334
64,16,4,512,37.1103
64,16,4,1024,61.697
64,16,4,2048,109.517
64,16,4,4096,204.997
64,16,4,8192,396.254
64,16,4,16384,779.676
64,16,4,32768,1547.02
64,16,8,16,14.955
64,16,8,32,15.0297
64,16,8,64,15.1897
64,16,8,128,19.6813
64,16,8,256,25.654
64,16,8,512,37.526
64,16,8,1024,62.2943
64,16,8,2048,110.179
64,16,8,4096,206.437
64,16,8,8192,397.907
64,16,8,16384,780.487
64,16,8,32768,1547.58
64,16,16,16,15.329
64,16,16,32,15.488
64,16,16,64,15.5527
64,16,16,128,20.1707
64,16,16,256,26.1763
64,16,16,512,39.382
64,16,16,1024,64.3213
64,16,16,2048,113.912
64,16,16,4096,212.272
64,16,16,8192,409.247
64,16,16,16384,802.301
64,16,16,32768,1589.5
64,16,32,16,23.5417
64,16,32,32,23.574
64,16,32,64,23.862
64,16,32,128,34.081
64,16,32,256,46.305
64,16,32,512,71.2013
64,16,32,1024,119.971
64,16,32,2048,216.324
64,16,32,4096,409.876
64,16,32,8192,793.724
64,16,32,16384,1570.31
64,16,32,32768,3116.57
64,16,64,16,38.9127
64,16,64,32,39.5743
64,16,64,64,40.737
64,16,64,128,62.7107
64,16,64,256,88.578
64,16,64,512,139.384
64,16,64,1024,240.24
64,16,64,2048,441.461
64,16,64,4096,843.219
64,16,64,8192,1645.84
64,16,64,16384,3260.11
64,16,64,32768,6456.37
64,16,128,16,71.0737
64,16,128,32,71.9803
64,16,128,64,74.7003
64,16,128,128,120.717
64,16,128,256,171.385
64,16,128,512,272.913
64,16,128,1024,473.291
64,16,128,2048,882.292
64,16,128,4096,1695.01
64,16,128,8192,3324.51
64,16,128,16384,6573.46
64,16,128,32768,13090.2
64,32,0,0,15.6163
64,32,1,16,14.8697
64,32,1,32,15.0083
64,32,1,64,15.094
64,32,1,128,19.6377
64,32,1,256,25.4617
64,32,1,512,37.0783
64,32,1,1024,60.9187
64,32,1,2048,108.503
64,32,1,4096,204.207
64,32,1,8192,395.049
64,32,1,16384,778.374
64,32,1,32768,1544.45
64,32,2,16,14.7733
64,32,2,32,14.8377
64,32,2,64,14.9653
64,32,2,128,19.585
64,32,2,256,25.462
64,32,2,512,37.3877
64,32,2,1024,61.314
64,32,2,2048,109.591
64,32,2,4096,205.327
64,32,2,8192,397.364
64,32,2,16384,780.22
64,32,2,32768,1544.95
64,32,4,16,14.752
64,32,4,32,14.8373
64,32,4,64,14.976
64,32,4,128,19.4567
64,32,4,256,25.3767
64,32,4,512,37.11
64,32,4,1024,61.665
64,32,4,2048,109.443
64,32,4,4096,205.316
64,32,4,8192,396.776
64,32,4,16384,779.932
64,32,4,32768,1546.02
64,32,8,16,14.9873
64,32,8,32,14.9977
64,32,8,64,15.264
64,32,8,128,19.638
64,32,8,256,25.5367
64,32,8,512,37.5153
64,32,8,1024,62.0393
64,32,8,2048,110.072
64,32,8,4096,205.946
64,32,8,8192,398.152
64,32,8,16384,781.01
64,32,8,32768,1546.72
64,32,16,16,15.2753
64,32,16,32,15.488
64,32,16,64,15.6803
64,32,16,128,20.1387
64,32,16,256,26.326
64,32,16,512,39.478
64,32,16,1024,64.1083
64,32,16,2048,113.827
64,32,16,4096,212.516
64,32,16,8192,409.268
64,32,16,16384,801.927
64,32,16,32768,1589.75
64,32,32,16,23.446
64,32,32,32,23.7873
64,32,32,64,23.9043
64,32,32,128,34.1767
64,32,32,256,46.2513
64,32,32,512,71.1913
64,32,32,1024,120.333
64,32,32,2048,216.74
64,32,32,4096,410.079
64,32,32,8192,794.172
64,32,32,16384,1564.3
64,32,32,32768,3120.79
64,32,64,16,38.9553
64,32,64,32,39.5203
64,32,64,64,40.694
64,32,64,128,62.5077
64,32,64,256,88.5563
64,32,64,512,139.566
64,32,64,1024,240.656
64,32,64,2048,440.747
64,32,64,4096,842.013
64,32,64,8192,1641.49
64,32,64,16384,3251.3
64,32,64,32768,6459.63
64,32,128,16,71.2123
64,32,128,32,71.9697
64,32,128,64,74.946
64,32,128,128,120.781
64,32,128,256,171.651
64,32,128,512,273.254
64,32,128,1024,473.312
64,32,128,2048,880.84
64,32,128,4096,1693.89
64,32,128,8192,3319.18
64,32,128,16384,6578.01
64,32,128,32768,13096.3
64,64,0,0,15.6693
64,64,1,16,14.944
64,64,1,32,15.0407
64,64,1,64,15.115
64,64,1,128,19.5633
64,64,1,256,25.419
64,64,1,512,37.025
64,64,1,1024,61.1317
64,64,1,2048,108.589
64,64,1,4096,204.069
64,64,1,8192,395.4
64,64,1,16384,779.089
64,64,1,32768,1546.8
64,64,2,16,14.8053
64,64,2,32,14.9123
64,64,2,64,14.998
64,64,2,128,19.5203
64,64,2,256,25.4727
64,64,2,512,37.302
64,64,2,1024,61.4413
64,64,2,2048,109.496
64,64,2,4096,205.253
64,64,2,8192,396.873
64,64,2,16384,779.505
64,64,2,32768,1546.56
64,64,4,16,14.8163
64,64,4,32,14.923
64,64,4,64,14.966
64,64,4,128,19.446
64,64,4,256,25.27
64,64,4,512,37.1527
64,64,4,1024,61.3237
64,64,4,2048,109.442
64,64,4,4096,205.391
64,64,4,8192,396.286
64,64,4,16384,779.537
64,64,4,32768,1545.02
64,64,8,16,14.838
64,64,8,32,14.912
64,64,8,64,15.211
64,64,8,128,19.5633
64,64,8,256,25.5687
64,64,8,512,37.3337
64,64,8,1024,61.9423
64,64,8,2048,110.146
64,64,8,4096,206.373
64,64,8,8192,397.833
64,64,8,16384,780.657
64,64,8,32768,1546.9
64,64,16,16,15.2747
64,64,16,32,15.4037
64,64,16,64,15.5627
64,64,16,128,20.0853
64,64,16,256,26.251
64,64,16,512,39.03
64,64,16,1024,64.2473
64,64,16,2048,113.688
64,64,16,4096,212.111
64,64,16,8192,409.491
64,64,16,16384,803.079
64,64,16,32768,1590.45
64,64,32,16,23.4353
64,64,32,32,23.7447
64,64,32,64,23.9687
64,64,32,128,34.1237
64,64,32,256,46.273
64,64,32,512,71.1803
64,64,32,1024,120.27
64,64,32,2048,216.432
64,64,32,4096,409.14
64,64,32,8192,795.495
64,64,32,16384,1573.55
64,64,32,32768,3116.45
64,64,64,16,38.8913
64,64,64,32,39.51
64,64,64,64,40.886
64,64,64,128,62.807
64,64,64,256,88.61
64,64,64,512,139.427
64,64,64,1024,239.941
64,64,64,2048,442.069
64,64,64,4096,842.578
64,64,64,8192,1641.97
64,64,64,16384,3248.79
64,64,64,32768,6458.03
64,64,128,16,71.0093
64,64,128,32,71.9803
64,64,128,64,74.722
64,64,128,128,121.048
64,64,128,256,171.897
64,64,128,512,272.283
64,64,128,1024,473.835
64,64,128,2048,879.689
64,64,128,4096,1691.12
64,64,128,8192,3322.1
64,64,128,16384,6580.81
64,64,128,32768,13082.7
64,128,0,0,21.4193
64,128,1,16,20.3097
64,128,1,32,20.4377
64,128,1,64,20.502
64,128,1,128,20.502
64,128,1,256,25.4833
64,128,1,512,37.014
64,128,1,1024,60.972
64,128,1,2048,108.642
64,128,1,4096,204.25
64,128,1,8192,394.75
64,128,1,16384,777.457
64,128,1,32768,1539.88
64,128,2,16,20.3737
64,128,2,32,20.3523
64,128,2,64,20.3417
64,128,2,128,20.5553
64,128,2,256,25.3977
64,128,2,512,37.345
64,128,2,1024,61.3987
64,128,2,2048,109.549
64,128,2,4096,205.306
64,128,2,8192,396.425
64,128,2,16384,780.422
64,128,2,32768,1544.96
64,128,4,16,20.1607
64,128,4,32,20.1707
64,128,4,64,20.182
64,128,4,128,20.5017
64,128,4,256,25.323
64,128,4,512,37.1953
64,128,4,1024,60.9833
64,128,4,2048,109.528
64,128,4,4096,205.434
64,128,4,8192,396.35
64,128,4,16384,779.377
64,128,4,32768,1544.93
64,128,8,16,20.1813
64,128,8,32,20.1503
64,128,8,64,20.1823
64,128,8,128,20.79
64,128,8,256,25.5577
64,128,8,512,37.5153
64,128,8,1024,62.081
64,128,8,2048,109.912
64,128,8,4096,205.903
64,128,8,8192,398.089
64,128,8,16384,781.33
64,128,8,32768,1547.45
64,128,16,16,20.9817
64,128,16,32,20.9503
64,128,16,64,20.9603
64,128,16,128,22.0373
64,128,16,256,26.347
64,128,16,512,38.6567
64,128,16,1024,64.1397
64,128,16,2048,113.848
64,128,16,4096,212.058
64,128,16,8192,408.958
64,128,16,16384,802.717
64,128,16,32768,1589.59
64,128,32,16,29.6007
64,128,32,32,29.5477
64,128,32,64,29.601
64,128,32,128,35.446
64,128,32,256,46.369
64,128,32,512,70.7113
64,128,32,1024,119.982
64,128,32,2048,216.538
64,128,32,4096,409.3
64,128,32,8192,795.378
64,128,32,16384,1566.32
64,128,32,32768,3117.53
64,128,64,16,38.9343
64,128,64,32,39.5637
64,128,64,64,40.726
64,128,64,128,64.0757
64,128,64,256,89.133
64,128,64,512,139.608
64,128,64,1024,240.165
64,128,64,2048,442.069
64,128,64,4096,844.52
64,128,64,8192,1648.02
64,128,64,16384,3250.19
64,128,64,32768,6459.89
64,128,128,16,71.1907
64,128,128,32,72.0757
64,128,128,64,74.8073
64,128,128,128,122.339
64,128,128,256,171.727
64,128,128,512,272.604
64,128,128,1024,472.789
64,128,128,2048,882.633
64,128,128,4096,1691.31
64,128,128,8192,3325.07
64,128,128,16384,6576.03
64,128,128,32768,13113.2
64,256,0,0,27.286
64,256,1,16,26.1553
64,256,1,32,26.1343
64,256,1,64,26.2297
64,256,1,128,26.3053
64,256,1,256,26.3473
64,256,1,512,37.2057
64,256,1,1024,60.9717
64,256,1,2048,108.738
64,256,1,4096,204.069
64,256,1,8192,395.859
64,256,1,16384,779.142
64,256,1,32768,1546.81
64,256,2,16,26.262
64,256,2,32,26.2727
64,256,2,64,26.187
64,256,2,128,26.2943
64,256,2,256,26.272
64,256,2,512,37.3343
64,256,2,1024,61.4417
64,256,2,2048,109.41
64,256,2,4096,205.381
64,256,2,8192,396.851
64,256,2,16384,779.644
64,256,2,32768,1545.35
64,256,4,16,25.9843
64,256,4,32,25.9627
64,256,4,64,26.006
64,256,4,128,26.059
64,256,4,256,26.3577
64,256,4,512,37.0997
64,256,4,1024,61.2813
64,256,4,2048,109.474
64,256,4,4096,205.135
64,256,4,8192,396.607
64,256,4,16384,779.494
64,256,4,32768,1545.38
64,256,8,16,26.1657
64,256,8,32,26.0273
64,256,8,64,26.0593
64,256,8,128,26.6773
64,256,8,256,26.6563
64,256,8,512,37.4833
64,256,8,1024,62.1877
64,256,8,2048,110.221
64,256,8,4096,206.149
64,256,8,8192,398.281
64,256,8,16384,780.925
64,256,8,32768,1547.86
64,256,16,16,26.9763
64,256,16,32,27.0293
64,256,16,64,27.1253
64,256,16,128,28.0327
64,256,16,256,28.1713
64,256,16,512,39.0617
64,256,16,1024,64.172
64,256,16,2048,113.677
64,256,16,4096,212.389
64,256,16,8192,409.193
64,256,16,16384,802.727
64,256,16,32768,1589.81
64,256,32,16,35.4037
64,256,32,32,35.4463
64,256,32,64,35.6383
64,256,32,128,41.3557
64,256,32,256,47.2653
64,256,32,512,70.5723
64,256,32,1024,120.237
64,256,32,2048,216.837
64,256,32,4096,410.121
64,256,32,8192,796.21
64,256,32,16384,1570.3
64,256,32,32768,3117.17
64,256,64,16,43.3713
64,256,64,32,43.4567
64,256,64,64,44.6087
64,256,64,128,63.681
64,256,64,256,89.7517
64,256,64,512,139.822
64,256,64,1024,240.358
64,256,64,2048,441.876
64,256,64,4096,846.462
64,256,64,8192,1646.99
64,256,64,16384,3250.73
64,256,64,32768,6456.43
64,256,128,16,71.2237
64,256,128,32,72.0863
64,256,128,64,75.0313
64,256,128,128,122.36
64,256,128,256,172.473
64,256,128,512,273.02
64,256,128,1024,473.301
64,256,128,2048,881.993
64,256,128,4096,1690.92
64,256,128,8192,3316.45
64,256,128,16384,6579.39
64,256,128,32768,13093.1
64,512,0,0,39.1577
64,512,1,16,38.0593
64,512,1,32,38.027
64,512,1,64,38.049
64,512,1,128,37.9957
64,512,1,256,37.9957
64,512,1,512,38.1127
64,512,1,1024,60.9503
64,512,1,2048,108.717
64,512,1,4096,204.037
64,512,1,8192,395.742
64,512,1,16384,776.188
64,512,1,32768,1544.55
64,512,2,16,38.0597
64,512,2,32,37.9957
64,512,2,64,38.102
64,512,2,128,38.1343
64,512,2,256,38.06
64,512,2,512,38.0913
64,512,2,1024,61.42
64,512,2,2048,109.474
64,512,2,4096,205.188
64,512,2,8192,397.15
64,512,2,16384,780.817
64,512,2,32768,1546.78
64,512,4,16,37.8147
64,512,4,32,37.8037
64,512,4,64,37.8463
64,512,4,128,37.9423
64,512,4,256,37.942
64,512,4,512,38.1027
64,512,4,1024,61.3987
64,512,4,2048,109.591
64,512,4,4096,204.986
64,512,4,8192,396.158
64,512,4,16384,779.719
64,512,4,32768,1545.14
64,512,8,16,37.996
64,512,8,32,37.889
64,512,8,64,37.9103
64,512,8,128,38.219
64,512,8,256,38.2197
64,512,8,512,38.5287
64,512,8,1024,61.8467
64,512,8,2048,110.103
64,512,8,4096,206.255
64,512,8,8192,398.206
64,512,8,16384,780.957
64,512,8,32768,1547.66
64,512,16,16,39.073
64,512,16,32,39.0513
64,512,16,64,39.1263
64,512,16,128,40.0013
64,512,16,256,40.1393
64,512,16,512,40.597
64,512,16,1024,64.1723
64,512,16,2048,113.528
64,512,16,4096,212.282
64,512,16,8192,408.553
64,512,16,16384,802.877
64,512,16,32768,1588.92
64,512,32,16,47.2437
64,512,32,32,46.945
64,512,32,64,47.361
64,512,32,128,53.0037
64,512,32,256,59.596
64,512,32,512,71.575
64,512,32,1024,120.248
64,512,32,2048,217.402
64,512,32,4096,409.321
64,512,32,8192,793.714
64,512,32,16384,1565.63
64,512,32,32768,3106.09
64,512,64,16,54.9567
64,512,64,32,55.137
64,512,64,64,56.2357
64,512,64,128,67.81
64,512,64,256,89.5273
64,512,64,512,140.43
64,512,64,1024,239.771
64,512,64,2048,441.642
64,512,64,4096,844.936
64,512,64,8192,1650.52
64,512,64,16384,3271.96
64,512,64,32768,6503.44
64,512,128,16,79.66
64,512,128,32,80.343
64,512,128,64,83.298
64,512,128,128,122.456
64,512,128,256,172.985
64,512,128,512,274.3
64,512,128,1024,472.864
64,512,128,2048,880.724
64,512,128,4096,1691.86
64,512,128,8192,3318.53
64,512,128,16384,6576.2
64,512,128,32768,13053.2
64,1024,0,0,63.1483
64,1024,1,16,62.028
64,1024,1,32,61.9533
64,1024,1,64,61.9853
64,1024,1,128,62.028
64,1024,1,256,62.0067
64,1024,1,512,61.8467
64,1024,1,1024,62.135
64,1024,1,2048,108.717
64,1024,1,4096,204.239
64,1024,1,8192,395.892
64,1024,1,16384,777.382
64,1024,1,32768,1541.54
64,1024,2,16,61.9643
64,1024,2,32,62.0277
64,1024,2,64,62.0393
64,1024,2,128,61.9
64,1024,2,256,62.039
64,1024,2,512,62.06
64,1024,2,1024,62.0497
64,1024,2,2048,109.539
64,1024,2,4096,205.593
64,1024,2,8192,396.809
64,1024,2,16384,779.068
64,1024,2,32768,1546.57
64,1024,4,16,61.7077
64,1024,4,32,61.7293
64,1024,4,64,61.7933
64,1024,4,128,61.8787
64,1024,4,256,61.8787
64,1024,4,512,61.8467
64,1024,4,1024,61.985
64,1024,4,2048,109.069
64,1024,4,4096,205.199
64,1024,4,8192,396.382
64,1024,4,16384,779.718
64,1024,4,32768,1545.51
64,1024,8,16,61.9427
64,1024,8,32,61.804
64,1024,8,64,61.8043
64,1024,8,128,62.2307
64,1024,8,256,62.22
64,1024,8,512,62.487
64,1024,8,1024,62.6463
64,1024,8,2048,110.189
64,1024,8,4096,206.191
64,1024,8,8192,397.993
64,1024,8,16384,780.977
64,1024,8,32768,1547.31
64,1024,16,16,63.6603
64,1024,16,32,63.543
64,1024,16,64,63.5743
64,1024,16,128,64.62
64,1024,16,256,65.0147
64,1024,16,512,65.1533
64,1024,16,1024,65.2707
64,1024,16,2048,113.741
64,1024,16,4096,211.898
64,1024,16,8192,409.257
64,1024,16,16384,802.961
64,1024,16,32768,1590.17
64,1024,32,16,70.5827
64,1024,32,32,70.4547
64,1024,32,64,70.732
64,1024,32,128,76.45
64,1024,32,256,82.5083
64,1024,32,512,94.9353
64,1024,32,1024,120.994
64,1024,32,2048,217.029
64,1024,32,4096,408.83
64,1024,32,8192,794.652
64,1024,32,16384,1564.75
64,1024,32,32768,3117.38
64,1024,64,16,78.3593
64,1024,64,32,78.626
64,1024,64,64,79.4577
64,1024,64,128,91.223
64,1024,64,256,106.104
64,1024,64,512,140.27
64,1024,64,1024,240.283
64,1024,64,2048,442.964
64,1024,64,4096,846.632
64,1024,64,8192,1653.12
64,1024,64,16384,3272.84
64,1024,64,32768,6501.43
64,1024,128,16,102.999
64,1024,128,32,104.077
64,1024,128,64,106.53
64,1024,128,128,135.651
64,1024,128,256,172.996
64,1024,128,512,274.459
64,1024,128,1024,473.429
64,1024,128,2048,881.064
64,1024,128,4096,1687.91
64,1024,128,8192,3321.52
64,1024,128,16384,6584.11
64,1024,128,32768,13085
64,2048,0,0,110.787
64,2048,1,16,110.093
64,2048,1,32,109.933
64,2048,1,64,109.634
64,2048,1,128,109.582
64,2048,1,256,109.933
64,2048,1,512,110.039
64,2048,1,1024,109.763
64,2048,1,2048,109.442
64,2048,1,4096,204.261
64,2048,1,8192,395.507
64,2048,1,16384,778.119
64,2048,1,32768,1545.12
64,2048,2,16,109.997
64,2048,2,32,109.944
64,2048,2,64,109.976
64,2048,2,128,109.954
64,2048,2,256,109.911
64,2048,2,512,109.709
64,2048,2,1024,110.018
64,2048,2,2048,110.264
64,2048,2,4096,205.466
64,2048,2,8192,396.232
64,2048,2,16384,779.249
64,2048,2,32768,1544.61
64,2048,4,16,109.635
64,2048,4,32,109.741
64,2048,4,64,109.485
64,2048,4,128,109.912
64,2048,4,256,109.698
64,2048,4,512,109.911
64,2048,4,1024,109.975
64,2048,4,2048,110.136
64,2048,4,4096,205.359
64,2048,4,8192,396.617
64,2048,4,16384,779.334
64,2048,4,32768,1546.5
64,2048,8,16,109.838
64,2048,8,32,109.773
64,2048,8,64,109.911
64,2048,8,128,110.147
64,2048,8,256,110.21
64,2048,8,512,110.477
64,2048,8,1024,110.605
64,2048,8,2048,110.361
64,2048,8,4096,206.181
64,2048,8,8192,398.014
64,2048,8,16384,780.753
64,2048,8,32768,1547.11
64,2048,16,16,112.632
64,2048,16,32,112.866
64,2048,16,64,112.92
64,2048,16,128,113.997
64,2048,16,256,114.061
64,2048,16,512,114.178
64,2048,16,1024,114.392
64,2048,16,2048,114.403
64,2048,16,4096,212.101
64,2048,16,8192,408.702
64,2048,16,16384,802.268
64,2048,16,32768,1590.03
64,2048,32,16,117.421
64,2048,32,32,117.336
64,2048,32,64,117.624
64,2048,32,128,123.363
64,2048,32,256,129.592
64,2048,32,512,142.414
64,2048,32,1024,169.156
64,2048,32,2048,217.338
64,2048,32,4096,410.409
64,2048,32,8192,793.308
64,2048,32,16384,1569.13
64,2048,32,32768,3119.47
64,2048,64,16,125.347
64,2048,64,32,125.166
64,2048,64,64,126.958
64,2048,64,128,137.71
64,2048,64,256,152.675
64,2048,64,512,181.188
64,2048,64,1024,241.222
64,2048,64,2048,441.737
64,2048,64,4096,844.2
64,2048,64,8192,1653.98
64,2048,64,16384,3270.58
64,2048,64,32768,6491.39
64,2048,128,16,150.126
64,2048,128,32,150.905
64,2048,128,64,153.38
64,2048,128,128,182.777
64,2048,128,256,217.136
64,2048,128,512,283.345
64,2048,128,1024,476.181
64,2048,128,2048,887.859
64,2048,128,4096,1693.05
64,2048,128,8192,3327.43
64,2048,128,16384,6581.64
64,2048,128,32768,13090.2
64,4096,0,0,206.788
64,4096,1,16,205.669
64,4096,1,32,205.689
64,4096,1,64,205.935
64,4096,1,128,205.338
64,4096,1,256,205.679
64,4096,1,512,205.658
64,4096,1,1024,205.839
64,4096,1,2048,205.69
64,4096,1,4096,206.02
64,4096,1,8192,394.451
64,4096,1,16384,779.302
64,4096,1,32768,1547.17
64,4096,2,16,205.359
64,4096,2,32,205.679
64,4096,2,64,205.21
64,4096,2,128,206.02
64,4096,2,256,205.829
64,4096,2,512,206.031
64,4096,2,1024,205.668
64,4096,2,2048,205.956
64,4096,2,4096,205.914
64,4096,2,8192,396.489
64,4096,2,16384,778.876
64,4096,2,32768,1545.79
64,4096,4,16,205.444
64,4096,4,32,204.698
64,4096,4,64,205.071
64,4096,4,128,205.541
64,4096,4,256,205.722
64,4096,4,512,205.519
64,4096,4,1024,205.935
64,4096,4,2048,205.722
64,4096,4,4096,205.764
64,4096,4,8192,396.541
64,4096,4,16384,779.943
64,4096,4,32768,1545.06
64,4096,8,16,205.776
64,4096,8,32,205.85
64,4096,8,64,205.498
64,4096,8,128,206.01
64,4096,8,256,206.298
64,4096,8,512,205.157
64,4096,8,1024,206.522
64,4096,8,2048,206.404
64,4096,8,4096,206.608
64,4096,8,8192,398.249
64,4096,8,16384,780.86
64,4096,8,32768,1547.04
64,4096,16,16,210.244
64,4096,16,32,209.775
64,4096,16,64,209.626
64,4096,16,128,211.92
64,4096,16,256,212.356
64,4096,16,512,212.783
64,4096,16,1024,212.677
64,4096,16,2048,212.837
64,4096,16,4096,212.911
64,4096,16,8192,409.14
64,4096,16,16384,802.588
64,4096,16,32768,1589.26
64,4096,32,16,210.81
64,4096,32,32,211.035
64,4096,32,64,211.322
64,4096,32,128,217.039
64,4096,32,256,223.92
64,4096,32,512,235.856
64,4096,32,1024,263.142
64,4096,32,2048,312.935
64,4096,32,4096,410.463
64,4096,32,8192,799.281
64,4096,32,16384,1574.69
64,4096,32,32768,3130.13
64,4096,64,16,218.831
64,4096,64,32,219.256
64,4096,64,64,220.269
64,4096,64,128,232.131
64,4096,64,256,247.182
64,4096,64,512,274.883
64,4096,64,1024,329.369
64,4096,64,2048,442.533
64,4096,64,4096,845.547
64,4096,64,8192,1650.69
64,4096,64,16384,3261.65
64,4096,64,32768,6501.89
64,4096,128,16,243.715
64,4096,128,32,244.6
64,4096,128,64,246.766
64,4096,128,128,277.155
64,4096,128,256,311.407
64,4096,128,512,378.256
64,4096,128,1024,508.199
64,4096,128,2048,885.003
64,4096,128,4096,1698.87
64,4096,128,8192,3315.4
64,4096,128,16384,6577.09
64,4096,128,32768,13117.5
64,8192,0,0,398.245
64,8192,1,16,398.437
64,8192,1,32,396.997
64,8192,1,64,398.736
64,8192,1,128,397.925
64,8192,1,256,397.808
64,8192,1,512,398.81
64,8192,1,1024,398.587
64,8192,1,2048,396.752
64,8192,1,4096,396.911
64,8192,1,8192,397.231
64,8192,1,16384,776.362
64,8192,1,32768,1546.84
64,8192,2,16,398.458
64,8192,2,32,397.669
64,8192,2,64,398.853
64,8192,2,128,397.53
64,8192,2,256,398.138
64,8192,2,512,398.298
64,8192,2,1024,398.65
64,8192,2,2048,397.199
64,8192,2,4096,397.584
64,8192,2,8192,397.712
64,8192,2,16384,779.498
64,8192,2,32768,1546.14
64,8192,4,16,396.656
64,8192,4,32,397.787
64,8192,4,64,397.242
64,8192,4,128,397.275
64,8192,4,256,397.285
64,8192,4,512,397.69
64,8192,4,1024,397.616
64,8192,4,2048,397.637
64,8192,4,4096,397.797
64,8192,4,8192,398.043
64,8192,4,16384,779.775
64,8192,4,32768,1546.27
64,8192,8,16,397.029
64,8192,8,32,397.093
64,8192,8,64,396.421
64,8192,8,128,397.68
64,8192,8,256,398.182
64,8192,8,512,398.224
64,8192,8,1024,398.523
64,8192,8,2048,398.437
64,8192,8,4096,398.277
64,8192,8,8192,398.704
64,8192,8,16384,780.927
64,8192,8,32768,1549.1
64,8192,16,16,406.779
64,8192,16,32,406.992
64,8192,16,64,406.288
64,8192,16,128,407.707
64,8192,16,256,408.773
64,8192,16,512,408.837
64,8192,16,1024,409.157
64,8192,16,2048,409.147
64,8192,16,4096,409.424
64,8192,16,8192,409.691
64,8192,16,16384,802.516
64,8192,16,32768,1588.58
64,8192,32,16,399.706
64,8192,32,32,398.928
64,8192,32,64,399.259
64,8192,32,128,405.734
64,8192,32,256,411.269
64,8192,32,512,423.174
64,8192,32,1024,450.257
64,8192,32,2048,500.422
64,8192,32,4096,601.107
64,8192,32,8192,796.917
64,8192,32,16384,1575.91
64,8192,32,32768,3105.77
64,8192,64,16,407.088
64,8192,64,32,406.384
64,8192,64,64,409.296
64,8192,64,128,419.408
64,8192,64,256,433.702
64,8192,64,512,462.609
64,8192,64,1024,516.86
64,8192,64,2048,626.153
64,8192,64,4096,846.763
64,8192,64,8192,1654.22
64,8192,64,16384,3268.33
64,8192,64,32768,6515.61
64,8192,128,16,430.694
64,8192,128,32,432.603
64,8192,128,64,435.056
64,8192,128,128,463.537
64,8192,128,256,498.961
64,8192,128,512,565.948
64,8192,128,1024,698.207
64,8192,128,2048,964.418
64,8192,128,4096,1702.17
64,8192,128,8192,3334.43
64,8192,128,16384,6574.8
64,8192,128,32768,13096.7
64,16384,0,0,781.205
64,16384,1,16,778.892
64,16384,1,32,781.088
64,16384,1,64,780.928
64,16384,1,128,779.168
64,16384,1,256,780.49
64,16384,1,512,779.146
64,16384,1,1024,778.742
64,16384,1,2048,779.926
64,16384,1,4096,781.953
64,16384,1,8192,777.877
64,16384,1,16384,778.593
64,16384,1,32768,1546.58
64,16384,2,16,780.779
64,16384,2,32,780.832
64,16384,2,64,779.147
64,16384,2,128,780.832
64,16384,2,256,781.599
64,16384,2,512,780.385
64,16384,2,1024,780.373
64,16384,2,2048,779.424
64,16384,2,4096,780.459
64,16384,2,8192,781.75
64,16384,2,16384,780.277
64,16384,2,32768,1545.89
64,16384,4,16,779.531
64,16384,4,32,778.059
64,16384,4,64,778.166
64,16384,4,128,780.171
64,16384,4,256,779.905
64,16384,4,512,779.445
64,16384,4,1024,778.635
64,16384,4,2048,779.52
64,16384,4,4096,780.598
64,16384,4,8192,779.702
64,16384,4,16384,780.608
64,16384,4,32768,1545.44
64,16384,8,16,779.286
64,16384,8,32,777.504
64,16384,8,64,780.341
64,16384,8,128,779.541
64,16384,8,256,779.457
64,16384,8,512,779.05
64,16384,8,1024,780.321
64,16384,8,2048,779.67
64,16384,8,4096,779.712
64,16384,8,8192,779.872
64,16384,8,16384,781.995
64,16384,8,32768,1546.8
64,16384,16,16,799.777
64,16384,16,32,800.022
64,16384,16,64,800.331
64,16384,16,128,800.406
64,16384,16,256,801.281
64,16384,16,512,801.366
64,16384,16,1024,800.236
64,16384,16,2048,800.363
64,16384,16,4096,801.088
64,16384,16,8192,801.612
64,16384,16,16384,802.732
64,16384,16,32768,1590.08
64,16384,32,16,777.813
64,16384,32,32,781.153
64,16384,32,64,781.493
64,16384,32,128,782.048
64,16384,32,256,787.286
64,16384,32,512,800.352
64,16384,32,1024,824.556
64,16384,32,2048,874.338
64,16384,32,4096,979.203
64,16384,32,8192,1177.7
64,16384,32,16384,1570.05
64,16384,32,32768,3106.48
64,16384,64,16,782.859
64,16384,64,32,783.147
64,16384,64,64,786.571
64,16384,64,128,795.382
64,16384,64,256,809.323
64,16384,64,512,836.3
64,16384,64,1024,891.01
64,16384,64,2048,1004.96
64,16384,64,4096,1221.79
64,16384,64,8192,1658.46
64,16384,64,16384,3274.1
64,16384,64,32768,6497.12
64,16384,128,16,805.644
64,16384,128,32,810.198
64,16384,128,64,809.782
64,16384,128,128,839.18
64,16384,128,256,873.015
64,16384,128,512,940.654
64,16384,128,1024,1072.82
64,16384,128,2048,1343.99
64,16384,128,4096,1873.45
64,16384,128,8192,3330.19
64,16384,128,16384,6579.85
64,16384,128,32768,13088.2
64,32768,0,0,1549.47
64,32768,1,16,1546.85
64,32768,1,32,1546.01
64,32768,1,64,1546.68
64,32768,1,128,1547.07
64,32768,1,256,1546.5
64,32768,1,512,1549.43
64,32768,1,1024,1547.82
64,32768,1,2048,1541.46
64,32768,1,4096,1547.21
64,32768,1,8192,1538.58
64,32768,1,16384,1539.61
64,32768,1,32768,1546.85
64,32768,2,16,1538.35
64,32768,2,32,1546.38
64,32768,2,64,1546.13
64,32768,2,128,1547.27
64,32768,2,256,1548.14
64,32768,2,512,1544.9
64,32768,2,1024,1547.49
64,32768,2,2048,1547.48
64,32768,2,4096,1546.8
64,32768,2,8192,1547.33
64,32768,2,16384,1544.13
64,32768,2,32768,1547.03
64,32768,4,16,1546.24
64,32768,4,32,1545.11
64,32768,4,64,1545.51
64,32768,4,128,1545.53
64,32768,4,256,1543.33
64,32768,4,512,1547.23
64,32768,4,1024,1545.71
64,32768,4,2048,1544.47
64,32768,4,4096,1540.09
64,32768,4,8192,1546
64,32768,4,16384,1543.85
64,32768,4,32768,1545.19
64,32768,8,16,1545.57
64,32768,8,32,1546.81
64,32768,8,64,1545.5
64,32768,8,128,1544.92
64,32768,8,256,1541.51
64,32768,8,512,1537.99
64,32768,8,1024,1546.17
64,32768,8,2048,1547.65
64,32768,8,4096,1544.65
64,32768,8,8192,1547.86
64,32768,8,16384,1546.05
64,32768,8,32768,1548.47
64,32768,16,16,1583.95
64,32768,16,32,1583.05
64,32768,16,64,1579.6
64,32768,16,128,1584.32
64,32768,16,256,1583.39
64,32768,16,512,1584.63
64,32768,16,1024,1583.38
64,32768,16,2048,1582.7
64,32768,16,4096,1588.46
64,32768,16,8192,1586.86
64,32768,16,16384,1587.85
64,32768,16,32768,1591.44
64,32768,32,16,1547.58
64,32768,32,32,1547.45
64,32768,32,64,1548.02
64,32768,32,128,1547.94
64,32768,32,256,1546.63
64,32768,32,512,1548.03
64,32768,32,1024,1573.12
64,32768,32,2048,1623.16
64,32768,32,4096,1746.43
64,32768,32,8192,1946.07
64,32768,32,16384,2332.42
64,32768,32,32768,3104.9
64,32768,64,16,1547.06
64,32768,64,32,1547.75
64,32768,64,64,1547.87
64,32768,64,128,1551.94
64,32768,64,256,1560.13
64,32768,64,512,1586.69
64,32768,64,1024,1643.91
64,32768,64,2048,1751.52
64,32768,64,4096,1984.76
64,32768,64,8192,2414.57
64,32768,64,16384,3281.04
64,32768,64,32768,6502.25
64,32768,128,16,1556.27
64,32768,128,32,1558.27
64,32768,128,64,1559.49
64,32768,128,128,1590.31
64,32768,128,256,1622.5
64,32768,128,512,1690.88
64,32768,128,1024,1824.01
64,32768,128,2048,2105.49
64,32768,128,4096,2641.21
64,32768,128,8192,3693.53
64,32768,128,16384,6590.74
64,32768,128,32768,13114.8
128,0,0,0,15.648
128,0,1,16,15.0723
128,0,1,32,15.0937
128,0,1,64,15.2
128,0,1,128,19.4777
128,0,1,256,25.227
128,0,1,512,37.0777
128,0,1,1024,60.993
128,0,1,2048,108.642
128,0,1,4096,204.313
128,0,1,8192,394.31
128,0,1,16384,777.484
128,0,1,32768,1541.03
128,0,2,16,15.0827
128,0,2,32,15.1257
128,0,2,64,15.1897
128,0,2,128,19.638
128,0,2,256,25.6007
128,0,2,512,37.462
128,0,2,1024,61.4197
128,0,2,2048,109.709
128,0,2,4096,205.998
128,0,2,8192,396.881
128,0,2,16384,779.874
128,0,2,32768,1546.73
128,0,4,16,15.1573
128,0,4,32,15.2107
128,0,4,64,15.3603
128,0,4,128,19.6057
128,0,4,256,25.4513
128,0,4,512,37.2913
128,0,4,1024,61.3873
128,0,4,2048,109.762
128,0,4,4096,205.625
128,0,4,8192,397.041
128,0,4,16384,779.692
128,0,4,32768,1545.79
128,0,8,16,15.0723
128,0,8,32,15.2423
128,0,8,64,15.5093
128,0,8,128,20.374
128,0,8,256,26.283
128,0,8,512,37.921
128,0,8,1024,62.422
128,0,8,2048,110.626
128,0,8,4096,206.35
128,0,8,8192,398.619
128,0,8,16384,781.271
128,0,8,32768,1548.56
128,0,16,16,22.8273
128,0,16,32,23.147
128,0,16,64,23.478
128,0,16,128,31.339
128,0,16,256,37.8027
128,0,16,512,49.0787
128,0,16,1024,72.6523
128,0,16,2048,120.216
128,0,16,4096,214.851
128,0,16,8192,404.87
128,0,16,16384,791.372
128,0,16,32768,1576.2
128,0,32,16,26.934
128,0,32,32,26.955
128,0,32,64,27.4033
128,0,32,128,38.273
128,0,32,256,48.4807
128,0,32,512,72.652
128,0,32,1024,120.717
128,0,32,2048,216.697
128,0,32,4096,409.766
128,0,32,8192,794.391
128,0,32,16384,1574.68
128,0,32,32768,3105.26
128,0,64,16,42.6353
128,0,64,32,42.7413
128,0,64,64,43.649
128,0,64,128,65.4943
128,0,64,256,91.479
128,0,64,512,142.872
128,0,64,1024,243.695
128,0,64,2048,445.073
128,0,64,4096,848.323
128,0,64,8192,1649.04
128,0,64,16384,3251.45
128,0,64,32768,6451.86
128,0,128,16,75.5853
128,0,128,32,76.428
128,0,128,64,78.6467
128,0,128,128,125.495
128,0,128,256,175.341
128,0,128,512,275.631
128,0,128,1024,476.519
128,0,128,2048,880.163
128,0,128,4096,1690.87
128,0,128,8192,3306.58
128,0,128,16384,6552.61
128,0,128,32768,13027
128,16,0,0,20.3527
128,16,1,16,20.0433
128,16,1,32,20.0213
128,16,1,64,20.0537
128,16,1,128,20.0107
128,16,1,256,25.27
128,16,1,512,37.067
128,16,1,1024,60.8753
128,16,1,2048,108.695
128,16,1,4096,203.822
128,16,1,8192,394.844
128,16,1,16384,777.965
128,16,1,32768,1545.03
128,16,2,16,20.0107
128,16,2,32,19.9687
128,16,2,64,19.936
128,16,2,128,19.9473
128,16,2,256,25.5897
128,16,2,512,37.4297
128,16,2,1024,61.5153
128,16,2,2048,109.453
128,16,2,4096,205.689
128,16,2,8192,397.457
128,16,2,16384,780.631
128,16,2,32768,1546.48
128,16,4,16,20.2453
128,16,4,32,20.192
128,16,4,64,20.214
128,16,4,128,20.2883
128,16,4,256,25.4297
128,16,4,512,37.3123
128,16,4,1024,61.7177
128,16,4,2048,109.613
128,16,4,4096,205.785
128,16,4,8192,397.308
128,16,4,16384,779.757
128,16,4,32768,1546.38
128,16,8,16,20.48
128,16,8,32,20.3637
128,16,8,64,20.4057
128,16,8,128,20.4907
128,16,8,256,25.942
128,16,8,512,37.6963
128,16,8,1024,62.4753
128,16,8,2048,110.231
128,16,8,4096,206.478
128,16,8,8192,398.513
128,16,8,16384,781.368
128,16,8,32768,1549.05
128,16,16,16,22.8483
128,16,16,32,23.158
128,16,16,64,23.563
128,16,16,128,32.4273
128,16,16,256,38.8487
128,16,16,512,50.5293
128,16,16,1024,73.7507
128,16,16,2048,121.794
128,16,16,4096,215.289
128,16,16,8192,404.135
128,16,16,16384,790.306
128,16,16,32768,1567.7
128,16,32,16,29.7397
128,16,32,32,29.91
128,16,32,64,30.0593
128,16,32,128,38.3573
128,16,32,256,48.918
128,16,32,512,72.545
128,16,32,1024,120.46
128,16,32,2048,217.113
128,16,32,4096,409.841
128,16,32,8192,796.589
128,16,32,16384,1569.52
128,16,32,32768,3105.49
128,16,64,16,42.774
128,16,64,32,42.966
128,16,64,64,44.0867
128,16,64,128,66.198
128,16,64,256,91.223
128,16,64,512,142.871
128,16,64,1024,243.204
128,16,64,2048,444.381
128,16,64,4096,847.726
128,16,64,8192,1651.85
128,16,64,16384,3248.54
128,16,64,32768,6449.74
128,16,128,16,75.7027
128,16,128,32,76.4703
128,16,128,64,78.839
128,16,128,128,125.57
128,16,128,256,175.267
128,16,128,512,275.717
128,16,128,1024,476.275
128,16,128,2048,880.996
128,16,128,4096,1687.97
128,16,128,8192,3305.76
128,16,128,16384,6549.53
128,16,128,32768,13029.1
128,32,0,0,20.448
128,32,1,16,20.1387
128,32,1,32,20.139
128,32,1,64,20.1287
128,32,1,128,20.1497
128,32,1,256,25.2483
128,32,1,512,37.0147
128,32,1,1024,60.9183
128,32,1,2048,108.589
128,32,1,4096,203.438
128,32,1,8192,394.353
128,32,1,16384,777.933
128,32,1,32768,1541.99
128,32,2,16,20.0963
128,32,2,32,20.0853
128,32,2,64,20.0963
128,32,2,128,20.0963
128,32,2,256,25.6003
128,32,2,512,37.5043
128,32,2,1024,61.601
128,32,2,2048,109.549
128,32,2,4096,205.71
128,32,2,8192,397.382
128,32,2,16384,780.408
128,32,2,32768,1545.92
128,32,4,16,20.3417
128,32,4,32,20.342
128,32,4,64,20.363
128,32,4,128,20.3633
128,32,4,256,25.473
128,32,4,512,37.3123
128,32,4,1024,61.7823
128,32,4,2048,109.474
128,32,4,4096,205.55
128,32,4,8192,396.988
128,32,4,16384,779.981
128,32,4,32768,1545.33
128,32,8,16,20.4487
128,32,8,32,20.5763
128,32,8,64,20.5553
128,32,8,128,20.555
128,32,8,256,25.8893
128,32,8,512,37.803
128,32,8,1024,62.38
128,32,8,2048,110.231
128,32,8,4096,206.596
128,32,8,8192,398.033
128,32,8,16384,781.049
128,32,8,32768,1549.78
128,32,16,16,22.9017
128,32,16,32,22.9657
128,32,16,64,23.478
128,32,16,128,32.6403
128,32,16,256,38.7313
128,32,16,512,51.169
128,32,16,1024,73.7933
128,32,16,2048,121.314
128,32,16,4096,215.086
128,32,16,8192,405.703
128,32,16,16384,790.115
128,32,16,32768,1566.02
128,32,32,16,29.9423
128,32,32,32,29.9637
128,32,32,64,30.2187
128,32,32,128,38.4967
128,32,32,256,49.0783
128,32,32,512,72.6847
128,32,32,1024,120.621
128,32,32,2048,217.177
128,32,32,4096,410.417
128,32,32,8192,797.336
128,32,32,16384,1568.22
128,32,32,32768,3118.53
128,32,64,16,42.7743
128,32,64,32,42.8487
128,32,64,64,44.0013
128,32,64,128,66.1983
128,32,64,256,91.4683
128,32,64,512,142.434
128,32,64,1024,243.322
128,32,64,2048,444.626
128,32,64,4096,847.865
128,32,64,8192,1647.44
128,32,64,16384,3253.15
128,32,64,32768,6449.98
128,32,128,16,75.863
128,32,128,32,76.4387
128,32,128,64,78.903
128,32,128,128,125.826
128,32,128,256,175.438
128,32,128,512,275.397
128,32,128,1024,476.328
128,32,128,2048,880.645
128,32,128,4096,1688.9
128,32,128,8192,3311.54
128,32,128,16384,6549.9
128,32,128,32768,13028.6
128,64,0,0,20.555
128,64,1,16,20.246
128,64,1,32,20.331
128,64,1,64,20.2673
128,64,1,128,20.2783
128,64,1,256,25.2587
128,64,1,512,37.0467
128,64,1,1024,60.876
128,64,1,2048,108.28
128,64,1,4096,204.089
128,64,1,8192,395.282
128,64,1,16384,778.04
128,64,1,32768,1542.66
128,64,2,16,20.2563
128,64,2,32,20.256
128,64,2,64,20.2563
128,64,2,128,20.246
128,64,2,256,25.632
128,64,2,512,37.526
128,64,2,1024,61.3877
128,64,2,2048,109.559
128,64,2,4096,205.689
128,64,2,8192,397.415
128,64,2,16384,779.47
128,64,2,32768,1547.05
128,64,4,16,20.4807
128,64,4,32,20.5227
128,64,4,64,20.4807
128,64,4,128,20.5447
128,64,4,256,25.4293
128,64,4,512,37.281
128,64,4,1024,61.409
128,64,4,2048,109.751
128,64,4,4096,205.624
128,64,4,8192,396.956
128,64,4,16384,779.757
128,64,4,32768,1545.86
128,64,8,16,20.6837
128,64,8,32,20.694
128,64,8,64,20.662
128,64,8,128,20.7253
128,64,8,256,25.8133
128,64,8,512,37.7183
128,64,8,1024,62.3697
128,64,8,2048,110.274
128,64,8,4096,206.574
128,64,8,8192,397.842
128,64,8,16384,781.346
128,64,8,32768,1548.29
128,64,16,16,22.8163
128,64,16,32,23.1157
128,64,16,64,23.457
128,64,16,128,32.662
128,64,16,256,38.8913
128,64,16,512,50.7107
128,64,16,1024,74.0063
128,64,16,2048,122.146
128,64,16,4096,216.409
128,64,16,8192,405.895
128,64,16,16384,789.955
128,64,16,32768,1566.36
128,64,32,16,30.0483
128,64,32,32,30.1557
128,64,32,64,30.1553
128,64,32,128,38.2517
128,64,32,256,49.0993
128,64,32,512,72.7053
128,64,32,1024,120.397
128,64,32,2048,216.729
128,64,32,4096,409.468
128,64,32,8192,796.088
128,64,32,16384,1574.25
128,64,32,32768,3105.94
128,64,64,16,42.8273
128,64,64,32,43.0727
128,64,64,64,44.0753
128,64,64,128,66.028
128,64,64,256,91.4577
128,64,64,512,142.68
128,64,64,1024,242.703
128,64,64,2048,445.96
128,64,64,4096,845.199
128,64,64,8192,1649.99
128,64,64,16384,3250.86
128,64,64,32768,6466.07
128,64,128,16,75.8947
128,64,128,32,76.5777
128,64,128,64,78.828
128,64,128,128,125.89
128,64,128,256,175.385
128,64,128,512,275.866
128,64,128,1024,475.731
128,64,128,2048,880.154
128,64,128,4096,1687.89
128,64,128,8192,3310.91
128,64,128,16384,6555.68
128,64,128,32768,13032
128,128,0,0,21.6003
128,128,1,16,20.5337
128,128,1,32,20.5763
128,128,1,64,20.5653
128,128,1,128,20.566
128,128,1,256,25.2907
128,128,1,512,37.0247
128,128,1,1024,60.929
128,128,1,2048,108.567
128,128,1,4096,204.174
128,128,1,8192,394.994
128,128,1,16384,776.525
128,128,1,32768,1544.01
128,128,2,16,20.5653
128,128,2,32,20.5123
128,128,2,64,20.5233
128,128,2,128,20.6617
128,128,2,256,25.5897
128,128,2,512,37.4723
128,128,2,1024,61.5267
128,128,2,2048,109.719
128,128,2,4096,205.817
128,128,2,8192,396.796
128,128,2,16384,781.069
128,128,2,32768,1544.8
128,128,4,16,20.7687
128,128,4,32,20.7363
128,128,4,64,20.7893
128,128,4,128,20.7903
128,128,4,256,25.493
128,128,4,512,37.281
128,128,4,1024,61.708
128,128,4,2048,109.634
128,128,4,4096,205.422
128,128,4,8192,396.796
128,128,4,16384,780.131
128,128,4,32768,1545.33
128,128,8,16,21.003
128,128,8,32,21.0027
128,128,8,64,20.9813
128,128,8,128,21.2377
128,128,8,256,26.0703
128,128,8,512,37.9097
128,128,8,1024,62.3583
128,128,8,2048,110.37
128,128,8,4096,206.734
128,128,8,8192,398.492
128,128,8,16384,781.08
128,128,8,32768,1548.75
128,128,16,16,22.8703
128,128,16,32,23.0193
128,128,16,64,23.5733
128,128,16,128,34.9233
128,128,16,256,43.8513
128,128,16,512,57.0143
128,128,16,1024,80.033
128,128,16,2048,127.874
128,128,16,4096,221.732
128,128,16,8192,412.168
128,128,16,16384,790.19
128,128,16,32768,1579.88
128,128,32,16,30.3043
128,128,32,32,30.4117
128,128,32,64,30.4857
128,128,32,128,38.8907
128,128,32,256,50.0913
128,128,32,512,72.6517
128,128,32,1024,120.61
128,128,32,2048,216.871
128,128,32,4096,409.277
128,128,32,8192,796.43
128,128,32,16384,1569.47
128,128,32,32768,3105.16
128,128,64,16,43.3823
128,128,64,32,43.5633
128,128,64,64,44.6297
128,128,64,128,67.1263
128,128,64,256,91.49
128,128,64,512,142.2
128,128,64,1024,242.927
128,128,64,2048,445.235
128,128,64,4096,849.081
128,128,64,8192,1654.78
128,128,64,16384,3254.12
128,128,64,32768,6457.06
128,128,128,16,76.065
128,128,128,32,76.8337
128,128,128,64,79.2437
128,128,128,128,126.925
128,128,128,256,176.28
128,128,128,512,275.248
128,128,128,1024,475.955
128,128,128,2048,881.317
128,128,128,4096,1689.12
128,128,128,8192,3306.91
128,128,128,16384,6557.91
128,128,128,32768,13030.9
128,256,0,0,27.3603
128,256,1,16,26.464
128,256,1,32,26.4963
128,256,1,64,26.507
128,256,1,128,26.486
128,256,1,256,26.4857
128,256,1,512,37.0253
128,256,1,1024,60.8867
128,256,1,2048,108.461
128,256,1,4096,203.705
128,256,1,8192,394.919
128,256,1,16384,777.582
128,256,1,32768,1542.81
128,256,2,16,26.443
128,256,2,32,26.4753
128,256,2,64,26.4853
128,256,2,128,26.4323
128,256,2,256,26.4857
128,256,2,512,37.4517
128,256,2,1024,61.4943
128,256,2,2048,109.709
128,256,2,4096,205.497
128,256,2,8192,397.244
128,256,2,16384,780.153
128,256,2,32768,1546.37
128,256,4,16,26.561
128,256,4,32,26.5923
128,256,4,64,26.582
128,256,4,128,26.678
128,256,4,256,26.6453
128,256,4,512,37.2703
128,256,4,1024,61.185
128,256,4,2048,109.623
128,256,4,4096,205.913
128,256,4,8192,396.807
128,256,4,16384,779.748
128,256,4,32768,1545.53
128,256,8,16,26.7847
128,256,8,32,26.7637
128,256,8,64,26.763
128,256,8,128,26.9447
128,256,8,256,27.0827
128,256,8,512,37.984
128,256,8,1024,62.2513
128,256,8,2048,110.626
128,256,8,4096,206.553
128,256,8,8192,398.109
128,256,8,16384,781.102
128,256,8,32768,1548.65
128,256,16,16,27.275
128,256,16,32,27.5207
128,256,16,64,27.403
128,256,16,128,34.998
128,256,16,256,47.03
128,256,16,512,62.828
128,256,16,1024,86.732
128,256,16,2048,132.781
128,256,16,4096,228.271
128,256,16,8192,417.447
128,256,16,16384,798.405
128,256,16,32768,1568.41
128,256,32,16,36.203
128,256,32,32,36.2993
128,256,32,64,36.544
128,256,32,128,42.7953
128,256,32,256,50.7313
128,256,32,512,74.2943
128,256,32,1024,120.568
128,256,32,2048,217.028
128,256,32,4096,410.803
128,256,32,8192,795.246
128,256,32,16384,1574.95
128,256,32,32768,3107.34
128,256,64,16,50.7847
128,256,64,32,50.6677
128,256,64,64,51.585
128,256,64,128,67.3823
128,256,64,256,92.279
128,256,64,512,142.36
128,256,64,1024,242.896
128,256,64,2048,445.736
128,256,64,4096,849.082
128,256,64,8192,1655.64
128,256,64,16384,3267.36
128,256,64,32768,6488.82
128,256,128,16,76.9083
128,256,128,32,77.644
128,256,128,64,80.012
128,256,128,128,127.021
128,256,128,256,177.155
128,256,128,512,276.016
128,256,128,1024,476.606
128,256,128,2048,878.778
128,256,128,4096,1687.43
128,256,128,8192,3305.05
128,256,128,16384,6549.61
128,256,128,32768,13016.2
128,512,0,0,39.2223
128,512,1,16,38.273
128,512,1,32,38.2833
128,512,1,64,38.2943
128,512,1,128,38.2833
128,512,1,256,38.251
128,512,1,512,38.315
128,512,1,1024,60.929
128,512,1,2048,108.578
128,512,1,4096,203.779
128,512,1,8192,394.727
128,512,1,16384,777.731
128,512,1,32768,1538.68
128,512,2,16,38.2943
128,512,2,32,38.272
128,512,2,64,38.2943
128,512,2,128,38.273
128,512,2,256,38.2727
128,512,2,512,38.3147
128,512,2,1024,61.366
128,512,2,2048,109.708
128,512,2,4096,205.731
128,512,2,8192,396.861
128,512,2,16384,780.195
128,512,2,32768,1545.16
128,512,4,16,38.3367
128,512,4,32,38.3257
128,512,4,64,38.39
128,512,4,128,38.337
128,512,4,256,38.475
128,512,4,512,38.5073
128,512,4,1024,61.5483
128,512,4,2048,109.634
128,512,4,4096,205.646
128,512,4,8192,397.085
128,512,4,16384,779.662
128,512,4,32768,1545.93
128,512,8,16,38.5607
128,512,8,32,38.6143
128,512,8,64,38.646
128,512,8,128,38.7203
128,512,8,256,38.9337
128,512,8,512,39.254
128,512,8,1024,62.1343
128,512,8,2048,110.626
128,512,8,4096,206.628
128,512,8,8192,398.204
128,512,8,16384,780.718
128,512,8,32768,1548.54
128,512,16,16,39.0407
128,512,16,32,39.1907
128,512,16,64,39.329
128,512,16,128,39.7873
128,512,16,256,47.1043
128,512,16,512,70.849
128,512,16,1024,99.3407
128,512,16,2048,146.776
128,512,16,4096,243.887
128,512,16,8192,436.797
128,512,16,16384,821.263
128,512,16,32768,1592.97
128,512,32,16,47.7977
128,512,32,32,47.9477
128,512,32,64,48.2887
128,512,32,128,53.8783
128,512,32,256,61.196
128,512,32,512,74.7857
128,512,32,1024,121.496
128,512,32,2048,216.751
128,512,32,4096,409.65
128,512,32,8192,794.543
128,512,32,16384,1571.31
128,512,32,32768,3128.86
128,512,64,16,62.9663
128,512,64,32,63.233
128,512,64,64,63.724
128,512,64,128,74.1457
128,512,64,256,93.3563
128,512,64,512,143.064
128,512,64,1024,242.383
128,512,64,2048,445.48
128,512,64,4096,850.203
128,512,64,8192,1655.81
128,512,64,16384,3271.91
128,512,64,32768,6510.87
128,512,128,16,86.4973
128,512,128,32,87.0417
128,512,128,64,88.7697
128,512,128,128,128.151
128,512,128,256,177.251
128,512,128,512,278.021
128,512,128,1024,475.87
128,512,128,2048,879.601
128,512,128,4096,1689.22
128,512,128,8192,3306.57
128,512,128,16384,6548.21
128,512,128,32768,13024.5
128,1024,0,0,63.201
128,1024,1,16,62.1237
128,1024,1,32,62.1563
128,1024,1,64,62.177
128,1024,1,128,62.1877
128,1024,1,256,62.1777
128,1024,1,512,62.2203
128,1024,1,1024,62.1663
128,1024,1,2048,108.461
128,1024,1,4096,203.918
128,1024,1,8192,394.855
128,1024,1,16384,777.54
128,1024,1,32768,1544.47
128,1024,2,16,62.1343
128,1024,2,32,62.22
128,1024,2,64,62.1453
128,1024,2,128,62.1887
128,1024,2,256,62.134
128,1024,2,512,62.156
128,1024,2,1024,62.231
128,1024,2,2048,109.656
128,1024,2,4096,205.219
128,1024,2,8192,396.477
128,1024,2,16384,779.726
128,1024,2,32768,1545.92
128,1024,4,16,62.2947
128,1024,4,32,62.295
128,1024,4,64,62.2627
128,1024,4,128,62.273
128,1024,4,256,62.1983
128,1024,4,512,62.2733
128,1024,4,1024,62.4223
128,1024,4,2048,109.613
128,1024,4,4096,205.614
128,1024,4,8192,397.084
128,1024,4,16384,779.758
128,1024,4,32768,1545.55
128,1024,8,16,62.5397
128,1024,8,32,62.5397
128,1024,8,64,62.5293
128,1024,8,128,62.7743
128,1024,8,256,62.8817
128,1024,8,512,63.212
128,1024,8,1024,63.2863
128,1024,8,2048,110.412
128,1024,8,4096,206.446
128,1024,8,8192,397.747
128,1024,8,16384,781.444
128,1024,8,32768,1548.05
128,1024,16,16,63.0517
128,1024,16,32,63.223
128,1024,16,64,63.1263
128,1024,16,128,63.5317
128,1024,16,256,64.204
128,1024,16,512,70.9243
128,1024,16,1024,118.679
128,1024,16,2048,169.934
128,1024,16,4096,267.386
128,1024,16,8192,459.134
128,1024,16,16384,845.754
128,1024,16,32768,1617.77
128,1024,32,16,71.2763
128,1024,32,32,71.298
128,1024,32,64,71.628
128,1024,32,128,77.3027
128,1024,32,256,83.34
128,1024,32,512,98.3593
128,1024,32,1024,122.135
128,1024,32,2048,218.511
128,1024,32,4096,409.341
128,1024,32,8192,794.66
128,1024,32,16384,1569.11
128,1024,32,32768,3116.42
128,1024,64,16,86.21
128,1024,64,32,86.6577
128,1024,64,64,87.447
128,1024,64,128,105.122
128,1024,64,256,122.115
128,1024,64,512,145.357
128,1024,64,1024,243.397
128,1024,64,2048,443.827
128,1024,64,4096,849.392
128,1024,64,8192,1656.03
128,1024,64,16384,3270.36
128,1024,64,32768,6508.76
128,1024,128,16,111.554
128,1024,128,32,112.215
128,1024,128,64,113.954
128,1024,128,128,143.511
128,1024,128,256,178.339
128,1024,128,512,277.53
128,1024,128,1024,477.94
128,1024,128,2048,878.726
128,1024,128,4096,1689.44
128,1024,128,8192,3308.55
128,1024,128,16384,6542.9
128,1024,128,32768,13025.7
128,2048,0,0,111.053
128,2048,1,16,110.199
128,2048,1,32,109.666
128,2048,1,64,109.773
128,2048,1,128,110.21
128,2048,1,256,110.061
128,2048,1,512,109.986
128,2048,1,1024,110.114
128,2048,1,2048,109.932
128,2048,1,4096,204.132
128,2048,1,8192,394.056
128,2048,1,16384,774.745
128,2048,1,32768,1545.52
128,2048,2,16,109.922
128,2048,2,32,109.986
128,2048,2,64,110.103
128,2048,2,128,109.912
128,2048,2,256,109.965
128,2048,2,512,110.06
128,2048,2,1024,110.029
128,2048,2,2048,110.455
128,2048,2,4096,205.668
128,2048,2,8192,396.562
128,2048,2,16384,780.302
128,2048,2,32768,1546.43
128,2048,4,16,110.146
128,2048,4,32,110.008
128,2048,4,64,110.039
128,2048,4,128,110.124
128,2048,4,256,109.933
128,2048,4,512,110.317
128,2048,4,1024,110.242
128,2048,4,2048,110.381
128,2048,4,4096,205.55
128,2048,4,8192,396.797
128,2048,4,16384,780.548
128,2048,4,32768,1544.74
128,2048,8,16,110.391
128,2048,8,32,110.413
128,2048,8,64,110.338
128,2048,8,128,110.616
128,2048,8,256,110.562
128,2048,8,512,110.744
128,2048,8,1024,111.16
128,2048,8,2048,111.256
128,2048,8,4096,206.702
128,2048,8,8192,398.205
128,2048,8,16384,781.839
128,2048,8,32768,1547.74
128,2048,16,16,110.871
128,2048,16,32,110.968
128,2048,16,64,111.255
128,2048,16,128,111.725
128,2048,16,256,112.738
128,2048,16,512,112.354
128,2048,16,1024,118.754
128,2048,16,2048,214.83
128,2048,16,4096,315.665
128,2048,16,8192,508.841
128,2048,16,16384,894.694
128,2048,16,32768,1665.07
128,2048,32,16,118.2
128,2048,32,32,118.338
128,2048,32,64,118.402
128,2048,32,128,124.258
128,2048,32,256,130.467
128,2048,32,512,142.52
128,2048,32,1024,170.052
128,2048,32,2048,217.519
128,2048,32,4096,411.592
128,2048,32,8192,797.989
128,2048,32,16384,1576.15
128,2048,32,32768,3106.03
128,2048,64,16,133.271
128,2048,64,32,133.421
128,2048,64,64,134.317
128,2048,64,128,152.216
128,2048,64,256,170.51
128,2048,64,512,210.543
128,2048,64,1024,245.999
128,2048,64,2048,445.32
128,2048,64,4096,847.387
128,2048,64,8192,1655.9
128,2048,64,16384,3272.05
128,2048,64,32768,6502.6
128,2048,128,16,158.659
128,2048,128,32,159.246
128,2048,128,64,160.814
128,2048,128,128,196.921
128,2048,128,256,235.45
128,2048,128,512,288.741
128,2048,128,1024,477.428
128,2048,128,2048,880.934
128,2048,128,4096,1687.88
128,2048,128,8192,3304.06
128,2048,128,16384,6545.02
128,2048,128,32768,13125.8
128,4096,0,0,206.137
128,4096,1,16,205.764
128,4096,1,32,205.412
128,4096,1,64,205.967
128,4096,1,128,205.849
128,4096,1,256,205.935
128,4096,1,512,205.476
128,4096,1,1024,205.678
128,4096,1,2048,205.156
128,4096,1,4096,205.924
128,4096,1,8192,393.554
128,4096,1,16384,777.561
128,4096,1,32768,1543.36
128,4096,2,16,205.711
128,4096,2,32,205.881
128,4096,2,64,204.761
128,4096,2,128,205.55
128,4096,2,256,205.668
128,4096,2,512,205.722
128,4096,2,1024,205.753
128,4096,2,2048,205.956
128,4096,2,4096,206.02
128,4096,2,8192,397.565
128,4096,2,16384,780.517
128,4096,2,32768,1547.15
128,4096,4,16,205.508
128,4096,4,32,205.305
128,4096,4,64,205.722
128,4096,4,128,205.327
128,4096,4,256,205.839
128,4096,4,512,205.572
128,4096,4,1024,206.383
128,4096,4,2048,205.956
128,4096,4,4096,206.031
128,4096,4,8192,397.032
128,4096,4,16384,780.1
128,4096,4,32768,1545.64
128,4096,8,16,205.892
128,4096,8,32,205.903
128,4096,8,64,205.817
128,4096,8,128,205.849
128,4096,8,256,206.223
128,4096,8,512,206.959
128,4096,8,1024,206.991
128,4096,8,2048,206.714
128,4096,8,4096,207.119
128,4096,8,8192,398.258
128,4096,8,16384,781.689
128,4096,8,32768,1547.51
128,4096,16,16,206.329
128,4096,16,32,206.959
128,4096,16,64,206.767
128,4096,16,128,207.258
128,4096,16,256,207.855
128,4096,16,512,207.994
128,4096,16,1024,208.015
128,4096,16,2048,214.884
128,4096,16,4096,407.293
128,4096,16,8192,605.067
128,4096,16,16384,990.024
128,4096,16,32768,1762.05
128,4096,32,16,212.068
128,4096,32,32,212.111
128,4096,32,64,212.26
128,4096,32,128,217.956
128,4096,32,256,224.058
128,4096,32,512,236.549
128,4096,32,1024,261.84
128,4096,32,2048,314.086
128,4096,32,4096,410.876
128,4096,32,8192,796.495
128,4096,32,16384,1572.48
128,4096,32,32768,3118.17
128,4096,64,16,226.927
128,4096,64,32,227.14
128,4096,64,64,227.866
128,4096,64,128,245.209
128,4096,64,256,264.208
128,4096,64,512,303.206
128,4096,64,1024,380.253
128,4096,64,2048,447.497
128,4096,64,4096,847.323
128,4096,64,8192,1652.98
128,4096,64,16384,3269.43
128,4096,64,32768,6502.97
128,4096,128,16,252.026
128,4096,128,32,252.815
128,4096,128,64,254.341
128,4096,128,128,291.302
128,4096,128,256,329.34
128,4096,128,512,407.325
128,4096,128,1024,513.908
128,4096,128,2048,879.259
128,4096,128,4096,1687.9
128,4096,128,8192,3308.19
128,4096,128,16384,6551.56
128,4096,128,32768,13016.8
128,8192,0,0,398.163
128,8192,1,16,397.64
128,8192,1,32,397.96
128,8192,1,64,397.416
128,8192,1,128,397.811
128,8192,1,256,397.885
128,8192,1,512,397.587
128,8192,1,1024,397.031
128,8192,1,2048,397.533
128,8192,1,4096,396.84
128,8192,1,8192,396.808
128,8192,1,16384,777.935
128,8192,1,32768,1541.64
128,8192,2,16,397.757
128,8192,2,32,397.608
128,8192,2,64,396.84
128,8192,2,128,397.181
128,8192,2,256,397
128,8192,2,512,397.127
128,8192,2,1024,398.237
128,8192,2,2048,397.33
128,8192,2,4096,397.33
128,8192,2,8192,397.714
128,8192,2,16384,780.89
128,8192,2,32768,1546.23
128,8192,4,16,396.605
128,8192,4,32,397.353
128,8192,4,64,397.875
128,8192,4,128,397.671
128,8192,4,256,397.608
128,8192,4,512,398.216
128,8192,4,1024,398.087
128,8192,4,2048,397.587
128,8192,4,4096,397.053
128,8192,4,8192,397.714
128,8192,4,16384,780.313
128,8192,4,32768,1545.66
128,8192,8,16,398.749
128,8192,8,32,398.578
128,8192,8,64,399.187
128,8192,8,128,398.621
128,8192,8,256,399.101
128,8192,8,512,398.771
128,8192,8,1024,398.963
128,8192,8,2048,399.251
128,8192,8,4096,398.568
128,8192,8,8192,399.421
128,8192,8,16384,781.647
128,8192,8,32768,1547.48
128,8192,16,16,396.627
128,8192,16,32,398.088
128,8192,16,64,398.845
128,8192,16,128,399.421
128,8192,16,256,399.655
128,8192,16,512,399.336
128,8192,16,1024,399.773
128,8192,16,2048,399.954
128,8192,16,4096,407.037
128,8192,16,8192,790.756
128,8192,16,16384,1182.4
128,8192,16,32768,1951.81
128,8192,32,16,399.645
128,8192,32,32,399.037
128,8192,32,64,400.872
128,8192,32,128,405.245
128,8192,32,256,411.933
128,8192,32,512,423.752
128,8192,32,1024,449.502
128,8192,32,2048,499.348
128,8192,32,4096,602.22
128,8192,32,8192,797.658
128,8192,32,16384,1564.74
128,8192,32,32768,3119.09
128,8192,64,16,414.269
128,8192,64,32,414.397
128,8192,64,64,415.219
128,8192,64,128,433.502
128,8192,64,256,452.573
128,8192,64,512,490.441
128,8192,64,1024,568.587
128,8192,64,2048,723.203
128,8192,64,4096,849.072
128,8192,64,8192,1653.76
128,8192,64,16384,3272.75
128,8192,64,32768,6505.94
128,8192,128,16,438.793
128,8192,128,32,440.19
128,8192,128,64,442.291
128,8192,128,128,478.42
128,8192,128,256,516.362
128,8192,128,512,596.055
128,8192,128,1024,747.737
128,8192,128,2048,963.592
128,8192,128,4096,1685
128,8192,128,8192,3305.01
128,8192,128,16384,6538.63
128,8192,128,32768,13017
128,16384,0,0,780.73
128,16384,1,16,779.663
128,16384,1,32,779.93
128,16384,1,64,779.13
128,16384,1,128,778.842
128,16384,1,256,779.642
128,16384,1,512,777.306
128,16384,1,1024,778.885
128,16384,1,2048,780.036
128,16384,1,4096,777.914
128,16384,1,8192,777.391
128,16384,1,16384,778.831
128,16384,1,32768,1545.08
128,16384,2,16,778.65
128,16384,2,32,780.004
128,16384,2,64,778.511
128,16384,2,128,778.97
128,16384,2,256,779.397
128,16384,2,512,780.026
128,16384,2,1024,777.285
128,16384,2,2048,778.501
128,16384,2,4096,779.663
128,16384,2,8192,779.236
128,16384,2,16384,780.303
128,16384,2,32768,1547.25
128,16384,4,16,776.036
128,16384,4,32,777.583
128,16384,4,64,775.503
128,16384,4,128,778.32
128,16384,4,256,778.458
128,16384,4,512,778.98
128,16384,4,1024,776.847
128,16384,4,2048,777.988
128,16384,4,4096,779.61
128,16384,4,8192,779.77
128,16384,4,16384,780.165
128,16384,4,32768,1544.9
128,16384,8,16,780.634
128,16384,8,32,778.17
128,16384,8,64,778.778
128,16384,8,128,780.283
128,16384,8,256,780.559
128,16384,8,512,782.106
128,16384,8,1024,780.613
128,16384,8,2048,779.332
128,16384,8,4096,782.33
128,16384,8,8192,781.956
128,16384,8,16384,782.191
128,16384,8,32768,1549.19
128,16384,16,16,780.826
128,16384,16,32,781.466
128,16384,16,64,780.922
128,16384,16,128,781.072
128,16384,16,256,779.578
128,16384,16,512,780.89
128,16384,16,1024,782.105
128,16384,16,2048,782.117
128,16384,16,4096,781.392
128,16384,16,8192,791.781
128,16384,16,16384,1561.07
128,16384,16,32768,2334.79
128,16384,32,16,779.536
128,16384,32,32,780.262
128,16384,32,64,779.855
128,16384,32,128,781.818
128,16384,32,256,786.5
128,16384,32,512,799.258
128,16384,32,1024,824.602
128,16384,32,2048,874.566
128,16384,32,4096,974.579
128,16384,32,8192,1178.59
128,16384,32,16384,1564.43
128,16384,32,32768,3108.97
128,16384,64,16,789.466
128,16384,64,32,789.039
128,16384,64,64,788.058
128,16384,64,128,806.554
128,16384,64,256,827.579
128,16384,64,512,866.246
128,16384,64,1024,940.445
128,16384,64,2048,1097.52
128,16384,64,4096,1409.5
128,16384,64,8192,1661
128,16384,64,16384,3268.11
128,16384,64,32768,6503.94
128,16384,128,16,813.488
128,16384,128,32,816.41
128,16384,128,64,818.278
128,16384,128,128,853.105
128,16384,128,256,891.431
128,16384,128,512,970.835
128,16384,128,1024,1124.99
128,16384,128,2048,1434.76
128,16384,128,4096,1868.44
128,16384,128,8192,3296.22
128,16384,128,16384,6543.97
128,16384,128,32768,13033.3
128,32768,0,0,1545.99
128,32768,1,16,1545.3
128,32768,1,32,1545.6
128,32768,1,64,1544.12
128,32768,1,128,1542.42
128,32768,1,256,1542.32
128,32768,1,512,1543.96
128,32768,1,1024,1544.31
128,32768,1,2048,1543.73
128,32768,1,4096,1539.96
128,32768,1,8192,1541.13
128,32768,1,16384,1544.57
128,32768,1,32768,1545.73
128,32768,2,16,1542.41
128,32768,2,32,1541.93
128,32768,2,64,1539.54
128,32768,2,128,1546.24
128,32768,2,256,1542.4
128,32768,2,512,1543.8
128,32768,2,1024,1538.92
128,32768,2,2048,1544.49
128,32768,2,4096,1545.16
128,32768,2,8192,1538.61
128,32768,2,16384,1545.33
128,32768,2,32768,1546.36
128,32768,4,16,1544
128,32768,4,32,1543.41
128,32768,4,64,1543.28
128,32768,4,128,1542.32
128,32768,4,256,1543.96
128,32768,4,512,1542.16
128,32768,4,1024,1543.31
128,32768,4,2048,1540.78
128,32768,4,4096,1540.28
128,32768,4,8192,1543.37
128,32768,4,16384,1544.61
128,32768,4,32768,1545.29
128,32768,8,16,1545.18
128,32768,8,32,1548.12
128,32768,8,64,1546.07
128,32768,8,128,1544.67
128,32768,8,256,1545.2
128,32768,8,512,1544.99
128,32768,8,1024,1546.8
128,32768,8,2048,1548.61
128,32768,8,4096,1545.81
128,32768,8,8192,1544.65
128,32768,8,16384,1544.44
128,32768,8,32768,1549.35
128,32768,16,16,1545.91
128,32768,16,32,1545.15
128,32768,16,64,1547.4
128,32768,16,128,1546.75
128,32768,16,256,1547.17
128,32768,16,512,1550.06
128,32768,16,1024,1544.97
128,32768,16,2048,1549.16
128,32768,16,4096,1549.09
128,32768,16,8192,1549.74
128,32768,16,16384,1561.99
128,32768,16,32768,3100.11
128,32768,32,16,1543.84
128,32768,32,32,1542.81
128,32768,32,64,1545.04
128,32768,32,128,1546.24
128,32768,32,256,1543
128,32768,32,512,1549.8
128,32768,32,1024,1573.36
128,32768,32,2048,1625.39
128,32768,32,4096,1729.25
128,32768,32,8192,1938.26
128,32768,32,16384,2332.17
128,32768,32,32768,3140.7
128,32768,64,16,1545.8
128,32768,64,32,1547.53
128,32768,64,64,1543.57
128,32768,64,128,1558.7
128,32768,64,256,1573.15
128,32768,64,512,1617.06
128,32768,64,1024,1691.44
128,32768,64,2048,1847.94
128,32768,64,4096,2165.76
128,32768,64,8192,2788.23
128,32768,64,16384,3270.24
128,32768,64,32768,6501.55
128,32768,128,16,1562.76
128,32768,128,32,1565.1
128,32768,128,64,1568.66
128,32768,128,128,1601.43
128,32768,128,256,1643.41
128,32768,128,512,1717.88
128,32768,128,1024,1885.81
128,32768,128,2048,2200.77
128,32768,128,4096,2810.95
128,32768,128,8192,3669.6
128,32768,128,16384,6520.26
128,32768,128,32768,13004.4
256,0,0,0,20.7687
256,0,1,16,20.864
256,0,1,32,20.8217
256,0,1,64,20.8957
256,0,1,128,20.875
256,0,1,256,25.5897
256,0,1,512,37.3443
256,0,1,1024,61.2387
256,0,1,2048,108.621
256,0,1,4096,203.823
256,0,1,8192,393.501
256,0,1,16384,777.38
256,0,1,32768,1540.71
256,0,2,16,20.96
256,0,2,32,20.982
256,0,2,64,20.95
256,0,2,128,20.9497
256,0,2,256,25.75
256,0,2,512,37.558
256,0,2,1024,61.5903
256,0,2,2048,109.773
256,0,2,4096,205.518
256,0,2,8192,396.99
256,0,2,16384,779.343
256,0,2,32768,1545.53
256,0,4,16,20.8753
256,0,4,32,20.9173
256,0,4,64,20.9823
256,0,4,128,20.9813
256,0,4,256,26.251
256,0,4,512,38.1123
256,0,4,1024,62.049
256,0,4,2048,109.965
256,0,4,4096,205.561
256,0,4,8192,397.117
256,0,4,16384,780.069
256,0,4,32768,1545.15
256,0,8,16,21.2273
256,0,8,32,21.4723
256,0,8,64,21.5367
256,0,8,128,21.515
256,0,8,256,27.136
256,0,8,512,39.0833
256,0,8,1024,62.6467
256,0,8,2048,110.573
256,0,8,4096,206.767
256,0,8,8192,398.344
256,0,8,16384,781.572
256,0,8,32768,1548
256,0,16,16,24.246
256,0,16,32,24.3313
256,0,16,64,24.3317
256,0,16,128,34.2513
256,0,16,256,43.0303
256,0,16,512,55.0623
256,0,16,1024,78.5507
256,0,16,2048,125.911
256,0,16,4096,220.207
256,0,16,8192,410.067
256,0,16,16384,789.722
256,0,16,32768,1555.32
256,0,32,16,33.9427
256,0,32,32,34.1667
256,0,32,64,34.358
256,0,32,128,49.5797
256,0,32,256,62.1883
256,0,32,512,85.1963
256,0,32,1024,132.184
256,0,32,2048,227.258
256,0,32,4096,416.723
256,0,32,8192,799.12
256,0,32,16384,1573.26
256,0,32,32768,3119.36
256,0,64,16,51.2007
256,0,64,32,51.7343
256,0,64,64,52.4597
256,0,64,128,75.617
256,0,64,256,99.7783
256,0,64,512,150.147
256,0,64,1024,250.778
256,0,64,2048,450.644
256,0,64,4096,851.484
256,0,64,8192,1655.86
256,0,64,16384,3263.27
256,0,64,32768,6469.96
256,0,128,16,87.5647
256,0,128,32,88.2473
256,0,128,64,90.391
256,0,128,128,137.976
256,0,128,256,186.095
256,0,128,512,284.773
256,0,128,1024,484.895
256,0,128,2048,886.182
256,0,128,4096,1693.56
256,0,128,8192,3307.79
256,0,128,16384,6541.85
256,0,128,32768,13008.2
256,16,0,0,26.23
256,16,1,16,26.3263
256,16,1,32,26.326
256,16,1,64,26.2297
256,16,1,128,26.3053
256,16,1,256,26.315
256,16,1,512,37.473
256,16,1,1024,61.1957
256,16,1,2048,108.994
256,16,1,4096,204.26
256,16,1,8192,394.867
256,16,1,16384,776.581
256,16,1,32768,1541.66
256,16,2,16,26.4327
256,16,2,32,26.4967
256,16,2,64,26.4323
256,16,2,128,26.4113
256,16,2,256,26.497
256,16,2,512,37.6117
256,16,2,1024,61.6653
256,16,2,2048,109.613
256,16,2,4096,205.967
256,16,2,8192,397.085
256,16,2,16384,779.258
256,16,2,32768,1545.6
256,16,4,16,26.539
256,16,4,32,26.443
256,16,4,64,26.4963
256,16,4,128,26.6033
256,16,4,256,26.5927
256,16,4,512,38.0277
256,16,4,1024,61.9637
256,16,4,2048,110.061
256,16,4,4096,205.423
256,16,4,8192,397.203
256,16,4,16384,780.186
256,16,4,32768,1547.27
256,16,8,16,26.774
256,16,8,32,26.6027
256,16,8,64,26.9237
256,16,8,128,26.6453
256,16,8,256,27.115
256,16,8,512,39.041
256,16,8,1024,62.583
256,16,8,2048,110.743
256,16,8,4096,206.82
256,16,8,8192,398.237
256,16,8,16384,781.104
256,16,8,32768,1548.4
256,16,16,16,29.5147
256,16,16,32,29.622
256,16,16,64,29.7287
256,16,16,128,34.4753
256,16,16,256,45.526
256,16,16,512,58.871
256,16,16,1024,82.5723
256,16,16,2048,129.496
256,16,16,4096,223.951
256,16,16,8192,411.613
256,16,16,16384,790.874
256,16,16,32768,1554.02
256,16,32,16,39.628
256,16,32,32,39.5417
256,16,32,64,39.947
256,16,32,128,50.2193
256,16,32,256,65.6977
256,16,32,512,88.738
256,16,32,1024,135.171
256,16,32,2048,229.999
256,16,32,4096,418.867
256,16,32,8192,799.419
256,16,32,16384,1573.5
256,16,32,32768,3112.17
256,16,64,16,54.892
256,16,64,32,54.9877
256,16,64,64,55.4893
256,16,64,128,77.217
256,16,64,256,100.13
256,16,64,512,150.061
256,16,64,1024,250.01
256,16,64,2048,449.599
256,16,64,4096,852.145
256,16,64,8192,1655.85
256,16,64,16384,3260.13
256,16,64,32768,6474.78
256,16,128,16,88.3
256,16,128,32,88.8447
256,16,128,64,90.9243
256,16,128,128,138.413
256,16,128,256,186.702
256,16,128,512,284.656
256,16,128,1024,484.127
256,16,128,2048,887.281
256,16,128,4096,1692.97
256,16,128,8192,3307.37
256,16,128,16384,6542.4
256,16,128,32768,13009.2
256,32,0,0,26.2613
256,32,1,16,26.3263
256,32,1,32,26.305
256,32,1,64,26.3367
256,32,1,128,26.3043
256,32,1,256,26.3047
256,32,1,512,37.3663
256,32,1,1024,61.153
256,32,1,2048,108.663
256,32,1,4096,204.239
256,32,1,8192,395.197
256,32,1,16384,778.139
256,32,1,32768,1542.78
256,32,2,16,26.507
256,32,2,32,26.5287
256,32,2,64,26.4537
256,32,2,128,26.475
256,32,2,256,26.497
256,32,2,512,37.5583
256,32,2,1024,61.729
256,32,2,2048,109.73
256,32,2,4096,205.423
256,32,2,8192,396.605
256,32,2,16384,780.154
256,32,2,32768,1544.59
256,32,4,16,26.4543
256,32,4,32,26.4853
256,32,4,64,26.5177
256,32,4,128,26.6563
256,32,4,256,26.582
256,32,4,512,38.1553
256,32,4,1024,62.0707
256,32,4,2048,109.975
256,32,4,4096,205.7
256,32,4,8192,396.882
256,32,4,16384,779.652
256,32,4,32768,1545.22
256,32,8,16,27.1687
256,32,8,32,26.433
256,32,8,64,26.5813
256,32,8,128,27.1367
256,32,8,256,27.211
256,32,8,512,38.753
256,32,8,1024,62.8067
256,32,8,2048,110.658
256,32,8,4096,206.531
256,32,8,8192,398.408
256,32,8,16384,781.114
256,32,8,32768,1548.52
256,32,16,16,29.718
256,32,16,32,29.91
256,32,16,64,29.8887
256,32,16,128,34.4437
256,32,16,256,45.4517
256,32,16,512,58.8813
256,32,16,1024,82.391
256,32,16,2048,129.069
256,32,16,4096,223.823
256,32,16,8192,411.859
256,32,16,16384,793.263
256,32,16,32768,1555.97
256,32,32,16,39.574
256,32,32,32,39.7127
256,32,32,64,39.862
256,32,32,128,50.284
256,32,32,256,64.9617
256,32,32,512,89.111
256,32,32,1024,135.726
256,32,32,2048,229.37
256,32,32,4096,417.726
256,32,32,8192,800.176
256,32,32,16384,1575.06
256,32,32,32768,3121.9
256,32,64,16,54.7637
256,32,64,32,54.9447
256,32,64,64,55.6917
256,32,64,128,77.3667
256,32,64,256,100.493
256,32,64,512,150.168
256,32,64,1024,249.797
256,32,64,2048,451.241
256,32,64,4096,851.473
256,32,64,8192,1656.6
256,32,64,16384,3260.65
256,32,64,32768,6474.84
256,32,128,16,88.322
256,32,128,32,89.047
256,32,128,64,91.159
256,32,128,128,138.584
256,32,128,256,186.618
256,32,128,512,284.337
256,32,128,1024,483.765
256,32,128,2048,886.866
256,32,128,4096,1692.83
256,32,128,8192,3310.27
256,32,128,16384,6539.15
256,32,128,32768,13025.6
256,64,0,0,26.3473
256,64,1,16,26.4223
256,64,1,32,26.4753
256,64,1,64,26.497
256,64,1,128,26.5607
256,64,1,256,26.5177
256,64,1,512,37.377
256,64,1,1024,61.2707
256,64,1,2048,108.866
256,64,1,4096,204.025
256,64,1,8192,394.686
256,64,1,16384,778.075
256,64,1,32768,1542.5
256,64,2,16,26.4857
256,64,2,32,26.5503
256,64,2,64,26.497
256,64,2,128,26.528
256,64,2,256,26.5393
256,64,2,512,37.654
256,64,2,1024,61.815
256,64,2,2048,109.688
256,64,2,4096,205.754
256,64,2,8192,396.851
256,64,2,16384,780.24
256,64,2,32768,1544.04
256,64,4,16,26.614
256,64,4,32,26.5823
256,64,4,64,26.5817
256,64,4,128,26.6457
256,64,4,256,26.6883
256,64,4,512,38.0807
256,64,4,1024,61.985
256,64,4,2048,110.029
256,64,4,4096,205.828
256,64,4,8192,397.139
256,64,4,16384,780.122
256,64,4,32768,1545.39
256,64,8,16,26.6883
256,64,8,32,27.307
256,64,8,64,26.795
256,64,8,128,27.2007
256,64,8,256,27.3497
256,64,8,512,38.9343
256,64,8,1024,62.561
256,64,8,2048,110.701
256,64,8,4096,206.65
256,64,8,8192,398.558
256,64,8,16384,780.975
256,64,8,32768,1547.52
256,64,16,16,29.7177
256,64,16,32,29.8773
256,64,16,64,29.8993
256,64,16,128,34.475
256,64,16,256,45.5907
256,64,16,512,58.9773
256,64,16,1024,81.9
256,64,16,2048,129.016
256,64,16,4096,223.962
256,64,16,8192,414.035
256,64,16,16384,794.299
256,64,16,32768,1555.44
256,64,32,16,39.7767
256,64,32,32,39.7983
256,64,32,64,40.054
256,64,32,128,50.3047
256,64,32,256,65.42
256,64,32,512,88.1833
256,64,32,1024,135.545
256,64,32,2048,229.252
256,64,32,4096,418.441
256,64,32,8192,802.096
256,64,32,16384,1572.98
256,64,32,32768,3109.59
256,64,64,16,55.3397
256,64,64,32,55.329
256,64,64,64,55.884
256,64,64,128,77.2707
256,64,64,256,101.143
256,64,64,512,150.584
256,64,64,1024,249.818
256,64,64,2048,450.27
256,64,64,4096,852.636
256,64,64,8192,1655.65
256,64,64,16384,3263.77
256,64,64,32768,6480.13
256,64,128,16,88.0763
256,64,128,32,89.09
256,64,128,64,91.1273
256,64,128,128,138.435
256,64,128,256,186.51
256,64,128,512,284.314
256,64,128,1024,484.511
256,64,128,2048,886.589
256,64,128,4096,1693.35
256,64,128,8192,3308.29
256,64,128,16384,6544.99
256,64,128,32768,13025.3
256,128,0,0,26.539
256,128,1,16,26.7097
256,128,1,32,26.6777
256,128,1,64,26.7097
256,128,1,128,26.6883
256,128,1,256,26.7633
256,128,1,512,37.4517
256,128,1,1024,61.2707
256,128,1,2048,109.015
256,128,1,4096,204.335
256,128,1,8192,394.024
256,128,1,16384,777.371
256,128,1,32768,1540.2
256,128,2,16,26.8913
256,128,2,32,26.955
256,128,2,64,27.0293
256,128,2,128,26.9767
256,128,2,256,26.9443
256,128,2,512,37.5897
256,128,2,1024,61.6223
256,128,2,2048,109.901
256,128,2,4096,205.753
256,128,2,8192,397.107
256,128,2,16384,780.176
256,128,2,32768,1546.53
256,128,4,16,26.6777
256,128,4,32,26.6673
256,128,4,64,26.6883
256,128,4,128,26.7733
256,128,4,256,26.7627
256,128,4,512,38.241
256,128,4,1024,61.9957
256,128,4,2048,109.847
256,128,4,4096,205.733
256,128,4,8192,396.872
256,128,4,16384,779.877
256,128,4,32768,1545.24
256,128,8,16,27.1153
256,128,8,32,27.2117
256,128,8,64,27.19
256,128,8,128,27.3077
256,128,8,256,27.392
256,128,8,512,39.0413
256,128,8,1024,62.6997
256,128,8,2048,110.776
256,128,8,4096,206.714
256,128,8,8192,398.482
256,128,8,16384,781.594
256,128,8,32768,1547.63
256,128,16,16,30.0377
256,128,16,32,30.0803
256,128,16,64,30.358
256,128,16,128,35.403
256,128,16,256,46.241
256,128,16,512,61.495
256,128,16,1024,84.8443
256,128,16,2048,132.088
256,128,16,4096,226.682
256,128,16,8192,415.944
256,128,16,16384,795.142
256,128,16,32768,1559.17
256,128,32,16,40.0863
256,128,32,32,40.4593
256,128,32,64,40.4493
256,128,32,128,51.0407
256,128,32,256,67.788
256,128,32,512,93.0367
256,128,32,1024,139.576
256,128,32,2048,234.298
256,128,32,4096,424.734
256,128,32,8192,806.128
256,128,32,16384,1569.5
256,128,32,32768,3109.62
256,128,64,16,55.4997
256,128,64,32,55.958
256,128,64,64,56.5557
256,128,64,128,79.628
256,128,64,256,102.328
256,128,64,512,150.701
256,128,64,1024,249.968
256,128,64,2048,451.241
256,128,64,4096,850.834
256,128,64,8192,1656.14
256,128,64,16384,3263.92
256,128,64,32768,6476.45
256,128,128,16,88.9723
256,128,128,32,89.7727
256,128,128,64,91.9487
256,128,128,128,139.608
256,128,128,256,187.268
256,128,128,512,284.816
256,128,128,1024,484.085
256,128,128,2048,886.269
256,128,128,4096,1693.93
256,128,128,8192,3312.42
256,128,128,16384,6551.65
256,128,128,32768,13009.4
256,256,0,0,32.3423
256,256,1,16,32.374
256,256,1,32,32.32
256,256,1,64,32.3957
256,256,1,128,32.3427
256,256,1,256,32.3843
256,256,1,512,37.4087
256,256,1,1024,61.249
256,256,1,2048,108.845
256,256,1,4096,204.282
256,256,1,8192,393.992
256,256,1,16384,778.853
256,256,1,32768,1540.71
256,256,2,16,32.7797
256,256,2,32,32.7907
256,256,2,64,32.7477
256,256,2,128,32.7257
256,256,2,256,32.8857
256,256,2,512,37.7073
256,256,2,1024,61.6543
256,256,2,2048,109.677
256,256,2,4096,205.519
256,256,2,8192,396.243
256,256,2,16384,779.92
256,256,2,32768,1543.82
256,256,4,16,32.417
256,256,4,32,32.47
256,256,4,64,32.395
256,256,4,128,32.47
256,256,4,256,32.6083
256,256,4,512,38.2513
256,256,4,1024,61.9853
256,256,4,2048,110.082
256,256,4,4096,205.988
256,256,4,8192,397.149
256,256,4,16384,780.208
256,256,4,32768,1546.95
256,256,8,16,32.993
256,256,8,32,33.27
256,256,8,64,33.11
256,256,8,128,33.2487
256,256,8,256,33.0777
256,256,8,512,39.222
256,256,8,1024,62.6783
256,256,8,2048,110.797
256,256,8,4096,206.767
256,256,8,8192,398.387
256,256,8,16384,781.509
256,256,8,32768,1547.8
256,256,16,16,35.99
256,256,16,32,35.937
256,256,16,64,35.958
256,256,16,128,36.1607
256,256,16,256,47.681
256,256,16,512,67.0093
256,256,16,1024,90.946
256,256,16,2048,138.67
256,256,16,4096,234.287
256,256,16,8192,426.43
256,256,16,16384,803.686
256,256,16,32768,1566.69
256,256,32,16,45.825
256,256,32,32,46.0277
256,256,32,64,46.273
256,256,32,128,51.8727
256,256,32,256,69.2813
256,256,32,512,98.658
256,256,32,1024,145.913
256,256,32,2048,239.013
256,256,32,4096,429.715
256,256,32,8192,802.384
256,256,32,16384,1577.64
256,256,32,32768,3132.71
256,256,64,16,62.1027
256,256,64,32,62.4547
256,256,64,64,63.084
256,256,64,128,80.5563
256,256,64,256,107.085
256,256,64,512,152.195
256,256,64,1024,250.448
256,256,64,2048,450.548
256,256,64,4096,852.134
256,256,64,8192,1656.81
256,256,64,16384,3262.55
256,256,64,32768,6482.91
256,256,128,16,90.2953
256,256,128,32,91.0947
256,256,128,64,93.229
256,256,128,128,141.048
256,256,128,256,189.614
256,256,128,512,285.36
256,256,128,1024,483.466
256,256,128,2048,886.823
256,256,128,4096,1691.32
256,256,128,8192,3309.98
256,256,128,16384,6540.27
256,256,128,32768,13006.8
256,512,0,0,44.022
256,512,1,16,44.2357
256,512,1,32,44.2353
256,512,1,64,44.289
256,512,1,128,44.2883
256,512,1,256,44.2677
256,512,1,512,44.2987
256,512,1,1024,61.1853
256,512,1,2048,108.749
256,512,1,4096,204.324
256,512,1,8192,395.56
256,512,1,16384,777.84
256,512,1,32768,1543.11
256,512,2,16,44.887
256,512,2,32,44.79
256,512,2,64,44.8537
256,512,2,128,44.8863
256,512,2,256,44.9077
256,512,2,512,44.7903
256,512,2,1024,61.8783
256,512,2,2048,109.943
256,512,2,4096,205.913
256,512,2,8192,397.171
256,512,2,16384,779.291
256,512,2,32768,1544.81
256,512,4,16,44.257
256,512,4,32,44.2457
256,512,4,64,44.374
256,512,4,128,44.257
256,512,4,256,44.385
256,512,4,512,44.7257
256,512,4,1024,62.081
256,512,4,2048,110.007
256,512,4,4096,205.903
256,512,4,8192,397.15
256,512,4,16384,780.006
256,512,4,32768,1546.6
256,512,8,16,44.6623
256,512,8,32,44.8757
256,512,8,64,44.7797
256,512,8,128,44.9723
256,512,8,256,45.089
256,512,8,512,45.1847
256,512,8,1024,63.1477
256,512,8,2048,110.936
256,512,8,4096,206.789
256,512,8,8192,398.568
256,512,8,16384,781.456
256,512,8,32768,1548.06
256,512,16,16,47.553
256,512,16,32,47.5213
256,512,16,64,47.926
256,512,16,128,47.809
256,512,16,256,47.6917
256,512,16,512,71.2117
256,512,16,1024,102.924
256,512,16,2048,151.289
256,512,16,4096,247.642
256,512,16,8192,442.601
256,512,16,16384,829.158
256,512,16,32768,1605.44
256,512,32,16,57.7723
256,512,32,32,57.8253
256,512,32,64,58.06
256,512,32,128,63.7347
256,512,32,256,70.0703
256,512,32,512,105.218
256,512,32,1024,158.201
256,512,32,2048,255.834
256,512,32,4096,448.447
256,512,32,8192,832.924
256,512,32,16384,1606.06
256,512,32,32768,3151.64
256,512,64,16,74.3483
256,512,64,32,74.7743
256,512,64,64,75.2227
256,512,64,128,92.066
256,512,64,256,112.077
256,512,64,512,157.998
256,512,64,1024,251.376
256,512,64,2048,449.929
256,512,64,4096,852.295
256,512,64,8192,1654.85
256,512,64,16384,3261.21
256,512,64,32768,6484.7
256,512,128,16,103.309
256,512,128,32,104.162
256,512,128,64,106.05
256,512,128,128,144.494
256,512,128,256,191.567
256,512,128,512,288.806
256,512,128,1024,483.722
256,512,128,2048,885.778
256,512,128,4096,1694.15
256,512,128,8192,3307.91
256,512,128,16384,6541.16
256,512,128,32768,13019.4
256,1024,0,0,67.4257
256,1024,1,16,67.66
256,1024,1,32,67.7453
256,1024,1,64,67.6387
256,1024,1,128,67.7877
256,1024,1,256,67.6703
256,1024,1,512,67.681
256,1024,1,1024,67.8623
256,1024,1,2048,109.048
256,1024,1,4096,204.441
256,1024,1,8192,394.76
256,1024,1,16384,775.13
256,1024,1,32768,1543.09
256,1024,2,16,68.6307
256,1024,2,32,68.7687
256,1024,2,64,68.6623
256,1024,2,128,68.417
256,1024,2,256,68.577
256,1024,2,512,68.6843
256,1024,2,1024,68.6307
256,1024,2,2048,109.997
256,1024,2,4096,205.85
256,1024,2,8192,397.043
256,1024,2,16384,779.344
256,1024,2,32768,1546.55
256,1024,4,16,67.7453
256,1024,4,32,67.7137
256,1024,4,64,67.6173
256,1024,4,128,67.767
256,1024,4,256,67.8623
256,1024,4,512,68.0867
256,1024,4,1024,68.6943
256,1024,4,2048,110.039
256,1024,4,4096,205.561
256,1024,4,8192,397.373
256,1024,4,16384,779.76
256,1024,4,32768,1545.91
256,1024,8,16,68.6417
256,1024,8,32,68.2147
256,1024,8,64,68.4387
256,1024,8,128,68.887
256,1024,8,256,68.78
256,1024,8,512,68.8867
256,1024,8,1024,69.1
256,1024,8,2048,110.85
256,1024,8,4096,207.076
256,1024,8,8192,398.717
256,1024,8,16384,781.679
256,1024,8,32768,1548
256,1024,16,16,71.1163
256,1024,16,32,71.18
256,1024,16,64,71.1797
256,1024,16,128,71.287
256,1024,16,256,71.5647
256,1024,16,512,72.034
256,1024,16,1024,120.024
256,1024,16,2048,175.15
256,1024,16,4096,272.336
256,1024,16,8192,465.865
256,1024,16,16384,853.383
256,1024,16,32768,1624.93
256,1024,32,16,80.8657
256,1024,32,32,81.4623
256,1024,32,64,81.5057
256,1024,32,128,87.4583
256,1024,32,256,93.442
256,1024,32,512,105.538
256,1024,32,1024,178.446
256,1024,32,2048,278.992
256,1024,32,4096,472.458
256,1024,32,8192,859.185
256,1024,32,16384,1631.17
256,1024,32,32768,3175.33
256,1024,64,16,97.826
256,1024,64,32,97.943
256,1024,64,64,98.7967
256,1024,64,128,115.96
256,1024,64,256,134.019
256,1024,64,512,172.697
256,1024,64,1024,255.365
256,1024,64,2048,452.02
256,1024,64,4096,851.975
256,1024,64,8192,1656
256,1024,64,16384,3263.34
256,1024,64,32768,6482.62
256,1024,128,16,129.005
256,1024,128,32,129.507
256,1024,128,64,131.448
256,1024,128,128,163.353
256,1024,128,256,199.312
256,1024,128,512,291.387
256,1024,128,1024,487.893
256,1024,128,2048,885.01
256,1024,128,4096,1691.91
256,1024,128,8192,3307.18
256,1024,128,16384,6538.56
256,1024,128,32768,13000.3
256,2048,0,0,114.605
256,2048,1,16,114.679
256,2048,1,32,114.754
256,2048,1,64,114.701
256,2048,1,128,114.818
256,2048,1,256,114.68
256,2048,1,512,114.637
256,2048,1,1024,114.829
256,2048,1,2048,114.775
256,2048,1,4096,204.602
256,2048,1,8192,395.411
256,2048,1,16384,778
256,2048,1,32768,1541.68
256,2048,2,16,115.896
256,2048,2,32,116.451
256,2048,2,64,116.45
256,2048,2,128,116.493
256,2048,2,256,116.055
256,2048,2,512,116.162
256,2048,2,1024,116.461
256,2048,2,2048,116.376
256,2048,2,4096,205.742
256,2048,2,8192,396.616
256,2048,2,16384,779.451
256,2048,2,32768,1545.89
256,2048,4,16,114.647
256,2048,4,32,114.701
256,2048,4,64,114.573
256,2048,4,128,114.765
256,2048,4,256,114.808
256,2048,4,512,115.064
256,2048,4,1024,115.49
256,2048,4,2048,116.056
256,2048,4,4096,205.818
256,2048,4,8192,397.395
256,2048,4,16384,780.262
256,2048,4,32768,1546.87
256,2048,8,16,115.992
256,2048,8,32,115.853
256,2048,8,64,116.397
256,2048,8,128,115.16
256,2048,8,256,115.906
256,2048,8,512,116.098
256,2048,8,1024,115.96
256,2048,8,2048,116.291
256,2048,8,4096,206.97
256,2048,8,8192,398.866
256,2048,8,16384,781.872
256,2048,8,32768,1548.38
256,2048,16,16,117.986
256,2048,16,32,117.816
256,2048,16,64,117.858
256,2048,16,128,118.029
256,2048,16,256,118.306
256,2048,16,512,118.914
256,2048,16,1024,119.832
256,2048,16,2048,215.78
256,2048,16,4096,319.1
256,2048,16,8192,512.619
256,2048,16,16384,899.635
256,2048,16,32768,1671.22
256,2048,32,16,127.885
256,2048,32,32,127.896
256,2048,32,64,128.408
256,2048,32,128,133.731
256,2048,32,256,140.664
256,2048,32,512,152.6
256,2048,32,1024,178.627
256,2048,32,2048,322.172
256,2048,32,4096,520.949
256,2048,32,8192,906.717
256,2048,32,16384,1677.56
256,2048,32,32768,3222.29
256,2048,64,16,144.728
256,2048,64,32,144.802
256,2048,64,64,145.902
256,2048,64,128,162.777
256,2048,64,256,181.828
256,2048,64,512,219.759
256,2048,64,1024,296.454
256,2048,64,2048,458.943
256,2048,64,4096,851.932
256,2048,64,8192,1658.44
256,2048,64,16384,3260.52
256,2048,64,32768,6477.46
256,2048,128,16,175.939
256,2048,128,32,176.537
256,2048,128,64,178.649
256,2048,128,128,213.988
256,2048,128,256,249.125
256,2048,128,512,321.671
256,2048,128,1024,492.213
256,2048,128,2048,889.095
256,2048,128,4096,1691.59
256,2048,128,8192,3305.4
256,2048,128,16384,6535.87
256,2048,128,32768,13021.9
256,4096,0,0,208.687
256,4096,1,16,208.719
256,4096,1,32,208.495
256,4096,1,64,208.58
256,4096,1,128,208.665
256,4096,1,256,208.644
256,4096,1,512,208.538
256,4096,1,1024,208.773
256,4096,1,2048,208.751
256,4096,1,4096,208.538
256,4096,1,8192,395.208
256,4096,1,16384,777.306
256,4096,1,32768,1540.05
256,4096,2,16,212.079
256,4096,2,32,211.097
256,4096,2,64,210.159
256,4096,2,128,211.215
256,4096,2,256,211.225
256,4096,2,512,209.999
256,4096,2,1024,211.738
256,4096,2,2048,211.012
256,4096,2,4096,212.101
256,4096,2,8192,396.893
256,4096,2,16384,779.952
256,4096,2,32768,1546.46
256,4096,4,16,209.06
256,4096,4,32,208.868
256,4096,4,64,209.05
256,4096,4,128,209.029
256,4096,4,256,209.263
256,4096,4,512,209.615
256,4096,4,1024,210.063
256,4096,4,2048,209.754
256,4096,4,4096,211.322
256,4096,4,8192,397.192
256,4096,4,16384,779.93
256,4096,4,32768,1547.4
256,4096,8,16,210.607
256,4096,8,32,209.221
256,4096,8,64,210.437
256,4096,8,128,210.288
256,4096,8,256,211.706
256,4096,8,512,210.745
256,4096,8,1024,209.935
256,4096,8,2048,210.223
256,4096,8,4096,212.058
256,4096,8,8192,398.462
256,4096,8,16384,781.669
256,4096,8,32768,1548.64
256,4096,16,16,211.897
256,4096,16,32,212.068
256,4096,16,64,212.175
256,4096,16,128,212.441
256,4096,16,256,212.409
256,4096,16,512,212.858
256,4096,16,1024,212.089
256,4096,16,2048,215.866
256,4096,16,4096,407.88
256,4096,16,8192,607.17
256,4096,16,16384,994.569
256,4096,16,32768,1770.11
256,4096,32,16,222.192
256,4096,32,32,221.828
256,4096,32,64,222.17
256,4096,32,128,228.068
256,4096,32,256,234
256,4096,32,512,246.319
256,4096,32,1024,270.235
256,4096,32,2048,321.735
256,4096,32,4096,610.466
256,4096,32,8192,1001.82
256,4096,32,16384,1774.34
256,4096,32,32768,3317.3
256,4096,64,16,238.266
256,4096,64,32,238.128
256,4096,64,64,239.034
256,4096,64,128,256.144
256,4096,64,256,275.131
256,4096,64,512,313.062
256,4096,64,1024,388.648
256,4096,64,2048,541.088
256,4096,64,4096,860.946
256,4096,64,8192,1655.03
256,4096,64,16384,3267.7
256,4096,64,32768,6477.97
256,4096,128,16,269.168
256,4096,128,32,270.427
256,4096,128,64,272.347
256,4096,128,128,307.398
256,4096,128,256,344.594
256,4096,128,512,418.792
256,4096,128,1024,563.948
256,4096,128,2048,899.367
256,4096,128,4096,1693.55
256,4096,128,8192,3303.98
256,4096,128,16384,6534.1
256,4096,128,32768,13000.5
256,8192,0,0,398.429
256,8192,1,16,398.152
256,8192,1,32,399.102
256,8192,1,64,397.683
256,8192,1,128,398.525
256,8192,1,256,397.938
256,8192,1,512,397.757
256,8192,1,1024,398.792
256,8192,1,2048,398.013
256,8192,1,4096,397.801
256,8192,1,8192,398.526
256,8192,1,16384,779.237
256,8192,1,32768,1543.81
256,8192,2,16,399.561
256,8192,2,32,400.435
256,8192,2,64,401.533
256,8192,2,128,399.187
256,8192,2,256,401.118
256,8192,2,512,402.302
256,8192,2,1024,401.459
256,8192,2,2048,399.496
256,8192,2,4096,400.2
256,8192,2,8192,402.077
256,8192,2,16384,779.248
256,8192,2,32768,1542.75
256,8192,4,16,398.461
256,8192,4,32,398.323
256,8192,4,64,398.162
256,8192,4,128,398.568
256,8192,4,256,399.059
256,8192,4,512,398.302
256,8192,4,1024,399.23
256,8192,4,2048,399.293
256,8192,4,4096,399.581
256,8192,4,8192,402.419
256,8192,4,16384,779.994
256,8192,4,32768,1546.58
256,8192,8,16,400.744
256,8192,8,32,401.673
256,8192,8,64,399.219
256,8192,8,128,400.873
256,8192,8,256,401.086
256,8192,8,512,399.422
256,8192,8,1024,400.873
256,8192,8,2048,399.891
256,8192,8,4096,400.392
256,8192,8,8192,401.854
256,8192,8,16384,781.051
256,8192,8,32768,1548.19
256,8192,16,16,400.883
256,8192,16,32,401.107
256,8192,16,64,401.481
256,8192,16,128,401.822
256,8192,16,256,400.733
256,8192,16,512,401.705
256,8192,16,1024,402.249
256,8192,16,2048,402.238
256,8192,16,4096,408.616
256,8192,16,8192,792.752
256,8192,16,16384,1184.72
256,8192,16,32768,1959.99
256,8192,32,16,409.288
256,8192,32,32,411.23
256,8192,32,64,408.968
256,8192,32,128,415.422
256,8192,32,256,421.406
256,8192,32,512,433.428
256,8192,32,1024,458.197
256,8192,32,2048,505.494
256,8192,32,4096,611.021
256,8192,32,8192,1187.95
256,8192,32,16384,1962.58
256,8192,32,32768,3511.48
256,8192,64,16,426.686
256,8192,64,32,426.046
256,8192,64,64,426.121
256,8192,64,128,443.988
256,8192,64,256,462.665
256,8192,64,512,501.461
256,8192,64,1024,575.553
256,8192,64,2048,727.3
256,8192,64,4096,1038.53
256,8192,64,8192,1666.17
256,8192,64,16384,3264.56
256,8192,64,32768,6486.65
256,8192,128,16,456.981
256,8192,128,32,458.197
256,8192,128,64,460.084
256,8192,128,128,495.818
256,8192,128,256,532.171
256,8192,128,512,606.956
256,8192,128,1024,756.996
256,8192,128,2048,1059.8
256,8192,128,4096,1700.53
256,8192,128,8192,3304.05
256,8192,128,16384,6539.38
256,8192,128,32768,12996.1
256,16384,0,0,779.237
256,16384,1,16,779.632
256,16384,1,32,781.04
256,16384,1,64,776.742
256,16384,1,128,778.651
256,16384,1,256,780.144
256,16384,1,512,779.973
256,16384,1,1024,779.728
256,16384,1,2048,779.631
256,16384,1,4096,779.515
256,16384,1,8192,778.32
256,16384,1,16384,778.907
256,16384,1,32768,1543.8
256,16384,2,16,781.019
256,16384,2,32,781.647
256,16384,2,64,781.477
256,16384,2,128,781.861
256,16384,2,256,780.625
256,16384,2,512,780.133
256,16384,2,1024,782.523
256,16384,2,2048,781.349
256,16384,2,4096,781.638
256,16384,2,8192,779.163
256,16384,2,16384,785.573
256,16384,2,32768,1545.93
256,16384,4,16,778.682
256,16384,4,32,779.664
256,16384,4,64,778.662
256,16384,4,128,777.083
256,16384,4,256,779.131
256,16384,4,512,780.752
256,16384,4,1024,779.93
256,16384,4,2048,778.928
256,16384,4,4096,779.984
256,16384,4,8192,780.72
256,16384,4,16384,784.635
256,16384,4,32768,1548.01
256,16384,8,16,780.987
256,16384,8,32,779.547
256,16384,8,64,780.891
256,16384,8,128,781.254
256,16384,8,256,779.269
256,16384,8,512,779.974
256,16384,8,1024,779.888
256,16384,8,2048,780.294
256,16384,8,4096,779.728
256,16384,8,8192,781.498
256,16384,8,16384,782.79
256,16384,8,32768,1548.93
256,16384,16,16,780.261
256,16384,16,32,781.157
256,16384,16,64,780.688
256,16384,16,128,781.936
256,16384,16,256,782.362
256,16384,16,512,782.619
256,16384,16,1024,783.675
256,16384,16,2048,782.437
256,16384,16,4096,782.064
256,16384,16,8192,792.795
256,16384,16,16384,1562.03
256,16384,16,32768,2339.79
256,16384,32,16,786.416
256,16384,32,32,786.566
256,16384,32,64,786.769
256,16384,32,128,790.821
256,16384,32,256,797.819
256,16384,32,512,809.969
256,16384,32,1024,836.283
256,16384,32,2048,884.135
256,16384,32,4096,980.543
256,16384,32,8192,1187.99
256,16384,32,16384,2343.59
256,16384,32,32768,3889.62
256,16384,64,16,802.608
256,16384,64,32,802.523
256,16384,64,64,800.518
256,16384,64,128,820.369
256,16384,64,256,838.855
256,16384,64,512,876.627
256,16384,64,1024,949.63
256,16384,64,2048,1102.28
256,16384,64,4096,1410.03
256,16384,64,8192,2024.87
256,16384,64,16384,3277.24
256,16384,64,32768,6471.26
256,16384,128,16,832.871
256,16384,128,32,832.476
256,16384,128,64,834.001
256,16384,128,128,871.175
256,16384,128,256,907.357
256,16384,128,512,981.983
256,16384,128,1024,1133.99
256,16384,128,2048,1438.7
256,16384,128,4096,2052.97
256,16384,128,8192,3316.21
256,16384,128,16384,6529.05
256,16384,128,32768,12974.8
256,32768,0,0,1542.59
256,32768,1,16,1544.47
256,32768,1,32,1543.76
256,32768,1,64,1539.63
256,32768,1,128,1545.51
256,32768,1,256,1540.43
256,32768,1,512,1540.29
256,32768,1,1024,1541.2
256,32768,1,2048,1542.26
256,32768,1,4096,1543.41
256,32768,1,8192,1542.41
256,32768,1,16384,1545.67
256,32768,1,32768,1546.12
256,32768,2,16,1539.2
256,32768,2,32,1540.03
256,32768,2,64,1544.26
256,32768,2,128,1545.35
256,32768,2,256,1546.59
256,32768,2,512,1543.42
256,32768,2,1024,1542.48
256,32768,2,2048,1544.93
256,32768,2,4096,1544.86
256,32768,2,8192,1539.95
256,32768,2,16384,1543.57
256,32768,2,32768,1548.46
256,32768,4,16,1543.06
256,32768,4,32,1545.74
256,32768,4,64,1544.12
256,32768,4,128,1544.77
256,32768,4,256,1541.5
256,32768,4,512,1542.13
256,32768,4,1024,1546.06
256,32768,4,2048,1542.57
256,32768,4,4096,1542.34
256,32768,4,8192,1545.1
256,32768,4,16384,1543.03
256,32768,4,32768,1548.67
256,32768,8,16,1544
256,32768,8,32,1540.28
256,32768,8,64,1545.97
256,32768,8,128,1542.52
256,32768,8,256,1541.79
256,32768,8,512,1543.79
256,32768,8,1024,1544.15
256,32768,8,2048,1545.14
256,32768,8,4096,1542.82
256,32768,8,8192,1548
256,32768,8,16384,1544.65
256,32768,8,32768,1550.35
256,32768,16,16,1544.38
256,32768,16,32,1544.93
256,32768,16,64,1542.88
256,32768,16,128,1541.95
256,32768,16,256,1542.11
256,32768,16,512,1543.9
256,32768,16,1024,1544.38
256,32768,16,2048,1544.34
256,32768,16,4096,1548.15
256,32768,16,8192,1545.49
256,32768,16,16384,1562.97
256,32768,16,32768,3099.56
256,32768,32,16,1547.8
256,32768,32,32,1553.67
256,32768,32,64,1552.43
256,32768,32,128,1555.65
256,32768,32,256,1560.82
256,32768,32,512,1562.75
256,32768,32,1024,1586.93
256,32768,32,2048,1637.65
256,32768,32,4096,1733.73
256,32768,32,8192,1941.5
256,32768,32,16384,2344.37
256,32768,32,32768,4657.79
256,32768,64,16,1553.08
256,32768,64,32,1554.6
256,32768,64,64,1554.86
256,32768,64,128,1568.55
256,32768,64,256,1590.33
256,32768,64,512,1627.4
256,32768,64,1024,1707.17
256,32768,64,2048,1853.42
256,32768,64,4096,2171.25
256,32768,64,8192,2783.61
256,32768,64,16384,4004.58
256,32768,64,32768,6519.13
256,32768,128,16,1583.23
256,32768,128,32,1587.76
256,32768,128,64,1590.91
256,32768,128,128,1619.83
256,32768,128,256,1659.52
256,32768,128,512,1737.37
256,32768,128,1024,1885.59
256,32768,128,2048,2203.63
256,32768,128,4096,2816.89
256,32768,128,8192,4037.61
256,32768,128,16384,6544.1
256,32768,128,32768,12976
512,0,0,0,34.102
512,0,1,16,35.0193
512,0,1,32,35.0297
512,0,1,64,35.0297
512,0,1,128,35.0303
512,0,1,256,35.0403
512,0,1,512,39.6383
512,0,1,1024,63.4997
512,0,1,2048,111.223
512,0,1,4096,206.34
512,0,1,8192,397.672
512,0,1,16384,777.754
512,0,1,32768,1545.88
512,0,2,16,35.2113
512,0,2,32,35.3173
512,0,2,64,35.4147
512,0,2,128,35.2327
512,0,2,256,35.1797
512,0,2,512,40.2673
512,0,2,1024,63.8093
512,0,2,2048,111.757
512,0,2,4096,207.759
512,0,2,8192,398.867
512,0,2,16384,780.454
512,0,2,32768,1545.11
512,0,4,16,35.8083
512,0,4,32,35.7017
512,0,4,64,35.7127
512,0,4,128,35.7763
512,0,4,256,35.841
512,0,4,512,41.3023
512,0,4,1024,64.8333
512,0,4,2048,112.589
512,0,4,4096,208.602
512,0,4,8192,400.296
512,0,4,16384,782.246
512,0,4,32768,1549.71
512,0,8,16,36.9933
512,0,8,32,37.3127
512,0,8,64,36.961
512,0,8,128,37.3767
512,0,8,256,37.462
512,0,8,512,45.4197
512,0,8,1024,68.9403
512,0,8,2048,115.682
512,0,8,4096,210.66
512,0,8,8192,400.989
512,0,8,16384,783.387
512,0,8,32768,1550.72
512,0,16,16,44.748
512,0,16,32,44.8437
512,0,16,64,44.9287
512,0,16,128,49.153
512,0,16,256,52.4383
512,0,16,512,72.7587
512,0,16,1024,101.506
512,0,16,2048,148.441
512,0,16,4096,242.917
512,0,16,8192,430.771
512,0,16,16384,812.914
512,0,16,32768,1565.44
512,0,32,16,54.3267
512,0,32,32,54.0917
512,0,32,64,54.5393
512,0,32,128,59.873
512,0,32,256,73.335
512,0,32,512,103.597
512,0,32,1024,150.723
512,0,32,2048,246.512
512,0,32,4096,437.075
512,0,32,8192,814.534
512,0,32,16384,1581.67
512,0,32,32768,3127.89
512,0,64,16,72.3423
512,0,64,32,72.6733
512,0,64,64,73.0253
512,0,64,128,91.981
512,0,64,256,119.192
512,0,64,512,170.607
512,0,64,1024,265.691
512,0,64,2048,463.285
512,0,64,4096,863.996
512,0,64,8192,1668.18
512,0,64,16384,3273.54
512,0,64,32768,6489.82
512,0,128,16,110.818
512,0,128,32,111.693
512,0,128,64,113.698
512,0,128,128,161.827
512,0,128,256,210.426
512,0,128,512,306.011
512,0,128,1024,501.4
512,0,128,2048,904.341
512,0,128,4096,1707
512,0,128,8192,3323.8
512,0,128,16384,6551.59
512,0,128,32768,13009.9
512,16,0,0,39.629
512,16,1,16,40.3323
512,16,1,32,40.46
512,16,1,64,40.3007
512,16,1,128,40.3753
512,16,1,256,40.4287
512,16,1,512,40.4497
512,16,1,1024,63.5127
512,16,1,2048,111.227
512,16,1,4096,206.303
512,16,1,8192,397.255
512,16,1,16384,780.163
512,16,1,32768,1544.18
512,16,2,16,40.6307
512,16,2,32,40.7703
512,16,2,64,40.5133
512,16,2,128,40.792
512,16,2,256,40.8447
512,16,2,512,40.919
512,16,2,1024,64.1317
512,16,2,2048,111.93
512,16,2,4096,207.294
512,16,2,8192,398.706
512,16,2,16384,782.009
512,16,2,32768,1545.96
512,16,4,16,40.759
512,16,4,32,40.9507
512,16,4,64,41.0573
512,16,4,128,40.9613
512,16,4,256,41.015
512,16,4,512,41.1217
512,16,4,1024,64.5147
512,16,4,2048,112.539
512,16,4,4096,208.351
512,16,4,8192,399.987
512,16,4,16384,782.009
512,16,4,32768,1549.15
512,16,8,16,42.4547
512,16,8,32,42.4333
512,16,8,64,42.4443
512,16,8,128,42.3377
512,16,8,256,42.7643
512,16,8,512,45.474
512,16,8,1024,69.091
512,16,8,2048,115.781
512,16,8,4096,209.993
512,16,8,8192,400.978
512,16,8,16384,784.43
512,16,8,32768,1550.7
512,16,16,16,50.221
512,16,16,32,50.2953
512,16,16,64,50.7113
512,16,16,128,55.064
512,16,16,256,59.8317
512,16,16,512,73.4323
512,16,16,1024,105.956
512,16,16,2048,152.635
512,16,16,4096,247.756
512,16,16,8192,437.289
512,16,16,16384,827.781
512,16,16,32768,1594.19
512,16,32,16,59.6287
512,16,32,32,59.8537
512,16,32,64,60.3127
512,16,32,128,66.307
512,16,32,256,74.2437
512,16,32,512,105.893
512,16,32,1024,155.378
512,16,32,2048,251.404
512,16,32,4096,443.443
512,16,32,8192,819.002
512,16,32,16384,1582.69
512,16,32,32768,3115.18
512,16,64,16,78.4997
512,16,64,32,79.0433
512,16,64,64,79.246
512,16,64,128,93.6787
512,16,64,256,120.208
512,16,64,512,172.125
512,16,64,1024,265.89
512,16,64,2048,463.572
512,16,64,4096,865.105
512,16,64,8192,1668.06
512,16,64,16384,3273.94
512,16,64,32768,6490.24
512,16,128,16,112.848
512,16,128,32,113.541
512,16,128,64,115.28
512,16,128,128,162.717
512,16,128,256,211.721
512,16,128,512,307.448
512,16,128,1024,501.003
512,16,128,2048,903.666
512,16,128,4096,1708.56
512,16,128,8192,3320.75
512,16,128,16384,6555.14
512,16,128,32768,13027
512,32,0,0,39.7453
512,32,1,16,40.5457
512,32,1,32,40.652
512,32,1,64,40.4707
512,32,1,128,40.578
512,32,1,256,40.6947
512,32,1,512,40.6633
512,32,1,1024,63.4267
512,32,1,2048,111.13
512,32,1,4096,206.515
512,32,1,8192,397.51
512,32,1,16384,780.642
512,32,1,32768,1547.38
512,32,2,16,40.8337
512,32,2,32,40.908
512,32,2,64,40.8347
512,32,2,128,40.8017
512,32,2,256,41.0153
512,32,2,512,41.0463
512,32,2,1024,63.8423
512,32,2,2048,111.877
512,32,2,4096,207.774
512,32,2,8192,398.801
512,32,2,16384,781.293
512,32,2,32768,1546.02
512,32,4,16,41.2717
512,32,4,32,41.292
512,32,4,64,40.8657
512,32,4,128,41.2927
512,32,4,256,41.6663
512,32,4,512,41.228
512,32,4,1024,64.632
512,32,4,2048,112.367
512,32,4,4096,208.563
512,32,4,8192,400.305
512,32,4,16384,782.594
512,32,4,32768,1549.38
512,32,8,16,42.572
512,32,8,32,42.5297
512,32,8,64,42.4657
512,32,8,128,42.5507
512,32,8,256,42.669
512,32,8,512,45.506
512,32,8,1024,68.8023
512,32,8,2048,115.962
512,32,8,4096,210.59
512,32,8,8192,401.137
512,32,8,16384,784.108
512,32,8,32768,1551.44
512,32,16,16,50.253
512,32,16,32,50.3807
512,32,16,64,50.423
512,32,16,128,55.1397
512,32,16,256,59.8107
512,32,16,512,73.5073
512,32,16,1024,105.551
512,32,16,2048,152.529
512,32,16,4096,248.512
512,32,16,8192,437.351
512,32,16,16384,821.496
512,32,16,32768,1594.68
512,32,32,16,59.7673
512,32,32,32,60.28
512,32,32,64,60.2373
512,32,32,128,66.147
512,32,32,256,74.3497
512,32,32,512,106.054
512,32,32,1024,155.302
512,32,32,2048,250.858
512,32,32,4096,441.65
512,32,32,8192,819.128
512,32,32,16384,1583.79
512,32,32,32768,3125.17
512,32,64,16,78.638
512,32,64,32,78.8523
512,32,64,64,79.534
512,32,64,128,93.316
512,32,64,256,120.176
512,32,64,512,172.37
512,32,64,1024,265.803
512,32,64,2048,463.667
512,32,64,4096,864.313
512,32,64,8192,1667.6
512,32,64,16384,3274.59
512,32,64,32768,6490.5
512,32,128,16,112.965
512,32,128,32,113.145
512,32,128,64,115.268
512,32,128,128,163.217
512,32,128,256,211.614
512,32,128,512,307.842
512,32,128,1024,500.341
512,32,128,2048,902.223
512,32,128,4096,1708
512,32,128,8192,3322.62
512,32,128,16384,6559.64
512,32,128,32768,13029.8
512,64,0,0,39.8307
512,64,1,16,40.588
512,64,1,32,40.652
512,64,1,64,40.5247
512,64,1,128,40.4923
512,64,1,256,40.5773
512,64,1,512,40.6093
512,64,1,1024,63.5113
512,64,1,2048,111.236
512,64,1,4096,206.237
512,64,1,8192,397.243
512,64,1,16384,780.043
512,64,1,32768,1546.44
512,64,2,16,40.9193
512,64,2,32,40.834
512,64,2,64,41.015
512,64,2,128,40.7703
512,64,2,256,40.9723
512,64,2,512,40.844
512,64,2,1024,64.056
512,64,2,2048,111.749
512,64,2,4096,207.785
512,64,2,8192,398.619
512,64,2,16384,781.152
512,64,2,32768,1547.92
512,64,4,16,41.367
512,64,4,32,40.9617
512,64,4,64,41.3997
512,64,4,128,41.1007
512,64,4,256,41.4517
512,64,4,512,41.271
512,64,4,1024,64.569
512,64,4,2048,112.42
512,64,4,4096,208.361
512,64,4,8192,399.718
512,64,4,16384,782.581
512,64,4,32768,1548.91
512,64,8,16,42.604
512,64,8,32,42.647
512,64,8,64,42.7107
512,64,8,128,42.6907
512,64,8,256,42.69
512,64,8,512,45.3673
512,64,8,1024,68.845
512,64,8,2048,116.037
512,64,8,4096,209.609
512,64,8,8192,400.549
512,64,8,16384,783.85
512,64,8,32768,1550.62
512,64,16,16,50.2847
512,64,16,32,50.317
512,64,16,64,50.487
512,64,16,128,55.362
512,64,16,256,59.9167
512,64,16,512,73.5707
512,64,16,1024,105.839
512,64,16,2048,152.508
512,64,16,4096,245.898
512,64,16,8192,437.607
512,64,16,16384,825.857
512,64,16,32768,1590.57
512,64,32,16,60.29
512,64,32,32,60.1307
512,64,32,64,60.3327
512,64,32,128,65.987
512,64,32,256,74.19
512,64,32,512,106.041
512,64,32,1024,155.399
512,64,32,2048,250.911
512,64,32,4096,442.653
512,64,32,8192,819.255
512,64,32,16384,1582.09
512,64,32,32768,3127.59
512,64,64,16,78.659
512,64,64,32,79.0217
512,64,64,64,79.7467
512,64,64,128,93.8387
512,64,64,256,120.602
512,64,64,512,172.348
512,64,64,1024,266.528
512,64,64,2048,464.157
512,64,64,4096,865.816
512,64,64,8192,1667.73
512,64,64,16384,3274.48
512,64,64,32768,6487.34
512,64,128,16,113.039
512,64,128,32,113.712
512,64,128,64,115.215
512,64,128,128,163.325
512,64,128,256,211.667
512,64,128,512,307.629
512,64,128,1024,501.161
512,64,128,2048,903.097
512,64,128,4096,1707.8
512,64,128,8192,3325.58
512,64,128,16384,6552.2
512,64,128,32768,13029.8
512,128,0,0,40.0123
512,128,1,16,40.8763
512,128,1,32,40.9083
512,128,1,64,40.791
512,128,1,128,40.7803
512,128,1,256,40.7377
512,128,1,512,40.8553
512,128,1,1024,63.4157
512,128,1,2048,111.193
512,128,1,4096,206.12
512,128,1,8192,397.2
512,128,1,16384,780.819
512,128,1,32768,1544.37
512,128,2,16,41.3027
512,128,2,32,41.548
512,128,2,64,41.5483
512,128,2,128,41.3027
512,128,2,256,41.4843
512,128,2,512,41.0677
512,128,2,1024,63.81
512,128,2,2048,111.684
512,128,2,4096,207.859
512,128,2,8192,398.928
512,128,2,16384,781.278
512,128,2,32768,1546.19
512,128,4,16,41.4307
512,128,4,32,41.3987
512,128,4,64,41.42
512,128,4,128,41.847
512,128,4,256,41.6977
512,128,4,512,41.8037
512,128,4,1024,64.6317
512,128,4,2048,112.484
512,128,4,4096,208.541
512,128,4,8192,399.397
512,128,4,16384,783.315
512,128,4,32768,1549.41
512,128,8,16,42.871
512,128,8,32,42.9883
512,128,8,64,43.009
512,128,8,128,42.9023
512,128,8,256,43.3617
512,128,8,512,45.388
512,128,8,1024,68.8663
512,128,8,2048,115.834
512,128,8,4096,210.089
512,128,8,8192,401.082
512,128,8,16384,783.657
512,128,8,32768,1549.46
512,128,16,16,50.69
512,128,16,32,50.807
512,128,16,64,50.9563
512,128,16,128,56.141
512,128,16,256,61.2613
512,128,16,512,73.6133
512,128,16,1024,112.751
512,128,16,2048,160.764
512,128,16,4096,255.498
512,128,16,8192,451.025
512,128,16,16384,840.149
512,128,16,32768,1609.28
512,128,32,16,60.8667
512,128,32,32,60.898
512,128,32,64,61.1113
512,128,32,128,67.928
512,128,32,256,74.8293
512,128,32,512,107.108
512,128,32,1024,159.036
512,128,32,2048,254.548
512,128,32,4096,447.057
512,128,32,8192,828.021
512,128,32,16384,1591.46
512,128,32,32768,3123.62
512,128,64,16,79.8853
512,128,64,32,80.0987
512,128,64,64,81.0803
512,128,64,128,95.0547
512,128,64,256,122.159
512,128,64,512,174.332
512,128,64,1024,267.754
512,128,64,2048,464.562
512,128,64,4096,864.972
512,128,64,8192,1669.52
512,128,64,16384,3276.87
512,128,64,32768,6488.08
512,128,128,16,114.33
512,128,128,32,114.895
512,128,128,64,116.783
512,128,128,128,164.571
512,128,128,256,213.245
512,128,128,512,308.652
512,128,128,1024,501.864
512,128,128,2048,903.362
512,128,128,4096,1707.82
512,128,128,8192,3321.06
512,128,128,16384,6557.18
512,128,128,32768,13014.1
512,256,0,0,45.8903
512,256,1,16,47.0523
512,256,1,32,46.807
512,256,1,64,46.786
512,256,1,128,46.807
512,256,1,256,46.892
512,256,1,512,46.8493
512,256,1,1024,63.427
512,256,1,2048,111.087
512,256,1,4096,206.727
512,256,1,8192,396.676
512,256,1,16384,779.015
512,256,1,32768,1545.61
512,256,2,16,47.2653
512,256,2,32,47.1373
512,256,2,64,47.052
512,256,2,128,47.0313
512,256,2,256,47.063
512,256,2,512,46.9667
512,256,2,1024,64.1307
512,256,2,2048,111.833
512,256,2,4096,207.538
512,256,2,8192,398.863
512,256,2,16384,781.917
512,256,2,32768,1547.19
512,256,4,16,47.309
512,256,4,32,47.4053
512,256,4,64,47.458
512,256,4,128,47.5107
512,256,4,256,47.3513
512,256,4,512,47.5863
512,256,4,1024,64.515
512,256,4,2048,112.399
512,256,4,4096,208.658
512,256,4,8192,399.95
512,256,4,16384,783.068
512,256,4,32768,1549.39
512,256,8,16,48.749
512,256,8,32,48.812
512,256,8,64,49.1113
512,256,8,128,49.0363
512,256,8,256,48.9943
512,256,8,512,48.9197
512,256,8,1024,68.8873
512,256,8,2048,115.834
512,256,8,4096,210.237
512,256,8,8192,400.921
512,256,8,16384,784.04
512,256,8,32768,1550.4
512,256,16,16,56.6747
512,256,16,32,56.8443
512,256,16,64,56.994
512,256,16,128,62.1993
512,256,16,256,68.3223
512,256,16,512,75.6293
512,256,16,1024,119.482
512,256,16,2048,172.146
512,256,16,4096,268.576
512,256,16,8192,461.799
512,256,16,16384,850.549
512,256,16,32768,1624.61
512,256,32,16,67.2983
512,256,32,32,67.202
512,256,32,64,67.4587
512,256,32,128,75.7473
512,256,32,256,79.747
512,256,32,512,109.22
512,256,32,1024,165.638
512,256,32,2048,259.433
512,256,32,4096,453.712
512,256,32,8192,840.981
512,256,32,16384,1610.65
512,256,32,32768,3156.17
512,256,64,16,87.3203
512,256,64,32,87.555
512,256,64,64,88.2273
512,256,64,128,103.246
512,256,64,256,124.965
512,256,64,512,178.289
512,256,64,1024,276.426
512,256,64,2048,464.433
512,256,64,4096,864.49
512,256,64,8192,1668.08
512,256,64,16384,3274.91
512,256,64,32768,6491.71
512,256,128,16,121.881
512,256,128,32,122.788
512,256,128,64,124.122
512,256,128,128,167.569
512,256,128,256,216.36
512,256,128,512,312.108
512,256,128,1024,503.175
512,256,128,2048,902.219
512,256,128,4096,1708.23
512,256,128,8192,3320.64
512,256,128,16384,6563.43
512,256,128,32768,13018.1
512,512,0,0,57.6017
512,512,1,16,58.615
512,512,1,32,58.6153
512,512,1,64,58.541
512,512,1,128,58.69
512,512,1,256,58.5733
512,512,1,512,58.3377
512,512,1,1024,63.6183
512,512,1,2048,111.151
512,512,1,4096,206.055
512,512,1,8192,397.443
512,512,1,16384,777.777
512,512,1,32768,1545.93
512,512,2,16,58.5087
512,512,2,32,58.7647
512,512,2,64,58.5507
512,512,2,128,58.9033
512,512,2,256,58.967
512,512,2,512,58.85
512,512,2,1024,64.5887
512,512,2,2048,111.929
512,512,2,4096,207.772
512,512,2,8192,398.734
512,512,2,16384,781.372
512,512,2,32768,1546.76
512,512,4,16,59.0427
512,512,4,32,59.4153
512,512,4,64,58.914
512,512,4,128,59.0847
512,512,4,256,59.469
512,512,4,512,59.17
512,512,4,1024,64.8233
512,512,4,2048,112.782
512,512,4,4096,208.455
512,512,4,8192,399.78
512,512,4,16384,782.694
512,512,4,32768,1549.71
512,512,8,16,60.503
512,512,8,32,60.6423
512,512,8,64,60.5033
512,512,8,128,60.5777
512,512,8,256,60.6853
512,512,8,512,60.706
512,512,8,1024,68.6957
512,512,8,2048,115.855
512,512,8,4096,209.831
512,512,8,8192,401.508
512,512,8,16384,783.91
512,512,8,32768,1550.6
512,512,16,16,68.3123
512,512,16,32,68.3333
512,512,16,64,68.7063
512,512,16,128,74.3487
512,512,16,256,80.248
512,512,16,512,91.8537
512,512,16,1024,120.879
512,512,16,2048,194.844
512,512,16,4096,291.563
512,512,16,8192,484.604
512,512,16,16384,874.548
512,512,16,32768,1652.74
512,512,32,16,79.1703
512,512,32,32,79.182
512,512,32,64,79.512
512,512,32,128,89.6887
512,512,32,256,99.1073
512,512,32,512,112.484
512,512,32,1024,176.774
512,512,32,2048,271.326
512,512,32,4096,467.163
512,512,32,8192,852.446
512,512,32,16384,1626.8
512,512,32,32768,3165.93
512,512,64,16,101.22
512,512,64,32,101.326
512,512,64,64,101.966
512,512,64,128,117.562
512,512,64,256,133.467
512,512,64,512,185.404
512,512,64,1024,288.81
512,512,64,2048,468.55
512,512,64,4096,865.608
512,512,64,8192,1671.46
512,512,64,16384,3281.11
512,512,64,32768,6501.97
512,512,128,16,136.709
512,512,128,32,137.615
512,512,128,64,139.035
512,512,128,128,172.912
512,512,128,256,221.927
512,512,128,512,320.598
512,512,128,1024,507.196
512,512,128,2048,900.191
512,512,128,4096,1707.08
512,512,128,8192,3321.75
512,512,128,16384,6559.94
512,512,128,32768,13027.9
512,1024,0,0,81.038
512,1024,1,16,82.1787
512,1024,1,32,81.8593
512,1024,1,64,81.7413
512,1024,1,128,81.8377
512,1024,1,256,81.742
512,1024,1,512,82.2207
512,1024,1,1024,82.3927
512,1024,1,2048,111.108
512,1024,1,4096,206.162
512,1024,1,8192,396.6
512,1024,1,16384,780.272
512,1024,1,32768,1542.21
512,1024,2,16,82.403
512,1024,2,32,82.2433
512,1024,2,64,82.147
512,1024,2,128,82.531
512,1024,2,256,81.988
512,1024,2,512,82.147
512,1024,2,1024,82.541
512,1024,2,2048,111.706
512,1024,2,4096,207.591
512,1024,2,8192,398.957
512,1024,2,16384,781.488
512,1024,2,32768,1546.52
512,1024,4,16,82.4453
512,1024,4,32,82.3277
512,1024,4,64,82.6377
512,1024,4,128,82.3177
512,1024,4,256,82.478
512,1024,4,512,82.914
512,1024,4,1024,83.0323
512,1024,4,2048,112.419
512,1024,4,4096,208.519
512,1024,4,8192,399.928
512,1024,4,16384,783.622
512,1024,4,32768,1549.03
512,1024,8,16,84.0777
512,1024,8,32,83.854
512,1024,8,64,83.715
512,1024,8,128,84.1097
512,1024,8,256,84.1203
512,1024,8,512,84.1303
512,1024,8,1024,84.3333
512,1024,8,2048,116.111
512,1024,8,4096,209.96
512,1024,8,8192,400.92
512,1024,8,16384,784.166
512,1024,8,32768,1551
512,1024,16,16,91.8533
512,1024,16,32,91.8113
512,1024,16,64,92.078
512,1024,16,128,97.3153
512,1024,16,256,103.684
512,1024,16,512,115.545
512,1024,16,1024,139.354
512,1024,16,2048,216.935
512,1024,16,4096,337.27
512,1024,16,8192,531.805
512,1024,16,16384,918.229
512,1024,16,32768,1701.15
512,1024,32,16,102.916
512,1024,32,32,103.203
512,1024,32,64,103.246
512,1024,32,128,112.932
512,1024,32,256,124.57
512,1024,32,512,146.863
512,1024,32,1024,185.414
512,1024,32,2048,297.92
512,1024,32,4096,488.88
512,1024,32,8192,877.289
512,1024,32,16384,1652.6
512,1024,32,32768,3193.71
512,1024,64,16,125.348
512,1024,64,32,125.572
512,1024,64,64,126.617
512,1024,64,128,145.946
512,1024,64,256,162.64
512,1024,64,512,193.799
512,1024,64,1024,308.235
512,1024,64,2048,509.724
512,1024,64,4096,866.568
512,1024,64,8192,1666.5
512,1024,64,16384,3278.65
512,1024,64,32768,6486.34
512,1024,128,16,165.786
512,1024,128,32,166.406
512,1024,128,64,168.198
512,1024,128,128,201.404
512,1024,128,256,234.29
512,1024,128,512,329.782
512,1024,128,1024,525.33
512,1024,128,2048,903.785
512,1024,128,4096,1706.96
512,1024,128,8192,3318.61
512,1024,128,16384,6548.6
512,1024,128,32768,13006.3
512,2048,0,0,127.972
512,2048,1,16,129.232
512,2048,1,32,128.826
512,2048,1,64,128.804
512,2048,1,128,129.263
512,2048,1,256,129.21
512,2048,1,512,129.22
512,2048,1,1024,128.996
512,2048,1,2048,129.167
512,2048,1,4096,206.567
512,2048,1,8192,397.101
512,2048,1,16384,780.41
512,2048,1,32768,1543.46
512,2048,2,16,130.319
512,2048,2,32,129.039
512,2048,2,64,129.86
512,2048,2,128,129.22
512,2048,2,256,129.21
512,2048,2,512,130.266
512,2048,2,1024,129.604
512,2048,2,2048,129.455
512,2048,2,4096,207.932
512,2048,2,8192,398.413
512,2048,2,16384,781.466
512,2048,2,32768,1546.53
512,2048,4,16,129.743
512,2048,4,32,130.873
512,2048,4,64,129.796
512,2048,4,128,129.551
512,2048,4,256,129.391
512,2048,4,512,129.721
512,2048,4,1024,129.807
512,2048,4,2048,129.999
512,2048,4,4096,208.412
512,2048,4,8192,400.12
512,2048,4,16384,783.642
512,2048,4,32768,1548.97
512,2048,8,16,130.778
512,2048,8,32,131.14
512,2048,8,64,130.916
512,2048,8,128,131.108
512,2048,8,256,131.29
512,2048,8,512,131.097
512,2048,8,1024,131.962
512,2048,8,2048,131.546
512,2048,8,4096,210.546
512,2048,8,8192,401.165
512,2048,8,16384,784.335
512,2048,8,32768,1550.46
512,2048,16,16,138.714
512,2048,16,32,138.64
512,2048,16,64,138.682
512,2048,16,128,144.239
512,2048,16,256,150.832
512,2048,16,512,162.586
512,2048,16,1024,186.417
512,2048,16,2048,234.333
512,2048,16,4096,408.984
512,2048,16,8192,624.65
512,2048,16,16384,1011.16
512,2048,16,32768,1782.32
512,2048,32,16,149.189
512,2048,32,32,149.819
512,2048,32,64,150.17
512,2048,32,128,159.717
512,2048,32,256,171.259
512,2048,32,512,195.644
512,2048,32,1024,241.48
512,2048,32,2048,329.409
512,2048,32,4096,538.94
512,2048,32,8192,923.987
512,2048,32,16384,1700.84
512,2048,32,32768,3247.69
512,2048,64,16,172.187
512,2048,64,32,172.528
512,2048,64,64,173.435
512,2048,64,128,193.436
512,2048,64,256,215.847
512,2048,64,512,249.235
512,2048,64,1024,314.079
512,2048,64,2048,554.193
512,2048,64,4096,955.306
512,2048,64,8192,1666.7
512,2048,64,16384,3273.92
512,2048,64,32768,6486.43
512,2048,128,16,216.476
512,2048,128,32,217.404
512,2048,128,64,219.442
512,2048,128,128,258.067
512,2048,128,256,293.343
512,2048,128,512,357.995
512,2048,128,1024,549.329
512,2048,128,2048,921.181
512,2048,128,4096,1705.71
512,2048,128,8192,3315.16
512,2048,128,16384,6552.18
512,2048,128,32768,13008.5
512,4096,0,0,222.023
512,4096,1,16,223.421
512,4096,1,32,223.666
512,4096,1,64,223.516
512,4096,1,128,223.154
512,4096,1,256,222.961
512,4096,1,512,223.292
512,4096,1,1024,223.164
512,4096,1,2048,223.698
512,4096,1,4096,224.508
512,4096,1,8192,397.218
512,4096,1,16384,780.42
512,4096,1,32768,1545.36
512,4096,2,16,224.306
512,4096,2,32,223.816
512,4096,2,64,223.463
512,4096,2,128,223.432
512,4096,2,256,224.285
512,4096,2,512,223.41
512,4096,2,1024,224.071
512,4096,2,2048,224.359
512,4096,2,4096,224.583
512,4096,2,8192,399.149
512,4096,2,16384,781.807
512,4096,2,32768,1545.9
512,4096,4,16,225.457
512,4096,4,32,225.373
512,4096,4,64,225.255
512,4096,4,128,224.508
512,4096,4,256,223.708
512,4096,4,512,224.893
512,4096,4,1024,224.093
512,4096,4,2048,224.008
512,4096,4,4096,224.882
512,4096,4,8192,399.746
512,4096,4,16384,782.468
512,4096,4,32768,1549.51
512,4096,8,16,224.914
512,4096,8,32,225.18
512,4096,8,64,224.924
512,4096,8,128,224.391
512,4096,8,256,224.327
512,4096,8,512,225.981
512,4096,8,1024,226.621
512,4096,8,2048,225.479
512,4096,8,4096,226.258
512,4096,8,8192,401.025
512,4096,8,16384,784.014
512,4096,8,32768,1550.75
512,4096,16,16,232.36
512,4096,16,32,232.157
512,4096,16,64,232.616
512,4096,16,128,238.387
512,4096,16,256,243.923
512,4096,16,512,256.542
512,4096,16,1024,280.436
512,4096,16,2048,328.725
512,4096,16,4096,423.982
512,4096,16,8192,793.881
512,4096,16,16384,1196.99
512,4096,16,32768,1968.22
512,4096,32,16,242.962
512,4096,32,32,243.267
512,4096,32,64,243.794
512,4096,32,128,253.395
512,4096,32,256,265.374
512,4096,32,512,289.289
512,4096,32,1024,337.941
512,4096,32,2048,425.848
512,4096,32,4096,617.886
512,4096,32,8192,1019.94
512,4096,32,16384,1795.08
512,4096,32,32768,3346.66
512,4096,64,16,265.737
512,4096,64,32,265.725
512,4096,64,64,267.262
512,4096,64,128,287.4
512,4096,64,256,309.439
512,4096,64,512,351.541
512,4096,64,1024,426.349
512,4096,64,2048,556.465
512,4096,64,4096,1045.44
512,4096,64,8192,1843.02
512,4096,64,16384,3276.08
512,4096,64,32768,6484.49
512,4096,128,16,310.271
512,4096,128,32,310.708
512,4096,128,64,313.439
512,4096,128,128,356.8
512,4096,128,256,399.959
512,4096,128,512,476.452
512,4096,128,1024,607.304
512,4096,128,2048,993.706
512,4096,128,4096,1728.73
512,4096,128,8192,3319.22
512,4096,128,16384,6549.4
512,4096,128,32768,13002.3
512,8192,0,0,411.106
512,8192,1,16,411.32
512,8192,1,32,411.629
512,8192,1,64,412.237
512,8192,1,128,412.023
512,8192,1,256,412.066
512,8192,1,512,412.557
512,8192,1,1024,412.707
512,8192,1,2048,411.981
512,8192,1,4096,412.407
512,8192,1,8192,414.349
512,8192,1,16384,779.673
512,8192,1,32768,1541.63
512,8192,2,16,412.279
512,8192,2,32,414.2
512,8192,2,64,415.106
512,8192,2,128,415.533
512,8192,2,256,416.92
512,8192,2,512,413.911
512,8192,2,1024,413.218
512,8192,2,2048,413.741
512,8192,2,4096,414.285
512,8192,2,8192,415.5
512,8192,2,16384,781.731
512,8192,2,32768,1547.25
512,8192,4,16,412.749
512,8192,4,32,413.73
512,8192,4,64,412.535
512,8192,4,128,412.557
512,8192,4,256,413.378
512,8192,4,512,414.285
512,8192,4,1024,415.725
512,8192,4,2048,415.555
512,8192,4,4096,414.989
512,8192,4,8192,414.967
512,8192,4,16384,783.992
512,8192,4,32768,1549.53
512,8192,8,16,413.996
512,8192,8,32,415.843
512,8192,8,64,415.416
512,8192,8,128,413.527
512,8192,8,256,415.949
512,8192,8,512,414.231
512,8192,8,1024,417.314
512,8192,8,2048,417.143
512,8192,8,4096,415.256
512,8192,8,8192,417.197
512,8192,8,16384,783.704
512,8192,8,32768,1551.07
512,8192,16,16,420.226
512,8192,16,32,420.919
512,8192,16,64,420.172
512,8192,16,128,426.403
512,8192,16,256,433.955
512,8192,16,512,444.013
512,8192,16,1024,468.057
512,8192,16,2048,515.888
512,8192,16,4096,613.374
512,8192,16,8192,804.078
512,8192,16,16384,1563.05
512,8192,16,32768,2346.47
512,8192,32,16,430.744
512,8192,32,32,431.235
512,8192,32,64,431.907
512,8192,32,128,441.859
512,8192,32,256,452.942
512,8192,32,512,477.967
512,8192,32,1024,526.661
512,8192,32,2048,622.12
512,8192,32,4096,798.702
512,8192,32,8192,1194.03
512,8192,32,16384,1981.35
512,8192,32,32768,3537.86
512,8192,64,16,453.293
512,8192,64,32,453.017
512,8192,64,64,454.904
512,8192,64,128,474.5
512,8192,64,256,496.218
512,8192,64,512,539.867
512,8192,64,1024,613.416
512,8192,64,2048,761.399
512,8192,64,4096,1046.04
512,8192,64,8192,2028.93
512,8192,64,16384,3604.26
512,8192,64,32768,6491.41
512,8192,128,16,498.213
512,8192,128,32,498.746
512,8192,128,64,501.028
512,8192,128,128,543.75
512,8192,128,256,586.599
512,8192,128,512,673.215
512,8192,128,1024,838.159
512,8192,128,2048,1131.04
512,8192,128,4096,1884.96
512,8192,128,8192,3340.2
512,8192,128,16384,6536.02
512,8192,128,32768,12994.3
512,16384,0,0,787.512
512,16384,1,16,791.704
512,16384,1,32,792.579
512,16384,1,64,791.363
512,16384,1,128,792.749
512,16384,1,256,790.744
512,16384,1,512,791.31
512,16384,1,1024,794.019
512,16384,1,2048,790.616
512,16384,1,4096,790.253
512,16384,1,8192,791.288
512,16384,1,16384,793.251
512,16384,1,32768,1543.11
512,16384,2,16,792.93
512,16384,2,32,792.792
512,16384,2,64,791.917
512,16384,2,128,792.344
512,16384,2,256,791.8
512,16384,2,512,793.304
512,16384,2,1024,793.08
512,16384,2,2048,794.126
512,16384,2,4096,792.237
512,16384,2,8192,793.689
512,16384,2,16384,791.927
512,16384,2,32768,1546.28
512,16384,4,16,793.186
512,16384,4,32,793.123
512,16384,4,64,794.104
512,16384,4,128,793.656
512,16384,4,256,792.856
512,16384,4,512,792.749
512,16384,4,1024,794.434
512,16384,4,2048,793.87
512,16384,4,4096,793.592
512,16384,4,8192,796.066
512,16384,4,16384,794.584
512,16384,4,32768,1549.43
512,16384,8,16,794.179
512,16384,8,32,793.934
512,16384,8,64,794.594
512,16384,8,128,794.115
512,16384,8,256,795.832
512,16384,8,512,796.568
512,16384,8,1024,794.264
512,16384,8,2048,795.469
512,16384,8,4096,795.427
512,16384,8,8192,795.512
512,16384,8,16384,797.155
512,16384,8,32768,1551.6
512,16384,16,16,795.661
512,16384,16,32,798.03
512,16384,16,64,798.456
512,16384,16,128,803.363
512,16384,16,256,809.497
512,16384,16,512,823.343
512,16384,16,1024,847.61
512,16384,16,2048,893.243
512,16384,16,4096,989.129
512,16384,16,8192,1181.1
512,16384,16,16384,1569.08
512,16384,16,32768,3088.73
512,16384,32,16,806.147
512,16384,32,32,806.84
512,16384,32,64,809.016
512,16384,32,128,816.195
512,16384,32,256,829.262
512,16384,32,512,852.602
512,16384,32,1024,901.766
512,16384,32,2048,997.022
512,16384,32,4096,1191.24
512,16384,32,8192,1556.89
512,16384,32,16384,2351.02
512,16384,32,32768,3915.66
512,16384,64,16,829.486
512,16384,64,32,828.846
512,16384,64,64,830.702
512,16384,64,128,849.796
512,16384,64,256,871.92
512,16384,64,512,914.587
512,16384,64,1024,988.915
512,16384,64,2048,1136.09
512,16384,64,4096,1434.99
512,16384,64,8192,2023.76
512,16384,64,16384,3986.69
512,16384,64,32768,7135.83
512,16384,128,16,874.021
512,16384,128,32,875.845
512,16384,128,64,876.303
512,16384,128,128,918.427
512,16384,128,256,961.319
512,16384,128,512,1049.62
512,16384,128,1024,1220.72
512,16384,128,2048,1563.41
512,16384,128,4096,2192.93
512,16384,128,8192,3677.14
512,16384,128,16384,6570.55
512,16384,128,32768,12961.5
512,32768,0,0,1553.3
512,32768,1,16,1551.94
512,32768,1,32,1552.55
512,32768,1,64,1551.76
512,32768,1,128,1551.02
512,32768,1,256,1554.18
512,32768,1,512,1555.27
512,32768,1,1024,1551.03
512,32768,1,2048,1555.56
512,32768,1,4096,1553.09
512,32768,1,8192,1554.23
512,32768,1,16384,1556.86
512,32768,1,32768,1553.94
512,32768,2,16,1556.05
512,32768,2,32,1553.21
512,32768,2,64,1553.22
512,32768,2,128,1553
512,32768,2,256,1552.88
512,32768,2,512,1550.89
512,32768,2,1024,1554.19
512,32768,2,2048,1554.18
512,32768,2,4096,1552.46
512,32768,2,8192,1552.69
512,32768,2,16384,1550.5
512,32768,2,32768,1554.6
512,32768,4,16,1551.8
512,32768,4,32,1552.93
512,32768,4,64,1554.6
512,32768,4,128,1557.36
512,32768,4,256,1552.32
512,32768,4,512,1553.64
512,32768,4,1024,1553.93
512,32768,4,2048,1552.86
512,32768,4,4096,1552.26
512,32768,4,8192,1552.12
512,32768,4,16384,1552.47
512,32768,4,32768,1555.18
512,32768,8,16,1556.47
512,32768,8,32,1556.07
512,32768,8,64,1557.55
512,32768,8,128,1554.06
512,32768,8,256,1557.27
512,32768,8,512,1555.94
512,32768,8,1024,1554.3
512,32768,8,2048,1555.84
512,32768,8,4096,1554.16
512,32768,8,8192,1556.66
512,32768,8,16384,1557.18
512,32768,8,32768,1561.05
512,32768,16,16,1554.41
512,32768,16,32,1553.13
512,32768,16,64,1554.35
512,32768,16,128,1562.16
512,32768,16,256,1565.16
512,32768,16,512,1579.56
512,32768,16,1024,1603.01
512,32768,16,2048,1650.2
512,32768,16,4096,1749.4
512,32768,16,8192,1941.64
512,32768,16,16384,2327.18
512,32768,16,32768,3105.65
512,32768,32,16,1564.12
512,32768,32,32,1565.83
512,32768,32,64,1565.28
512,32768,32,128,1570.29
512,32768,32,256,1580.09
512,32768,32,512,1604.8
512,32768,32,1024,1657.52
512,32768,32,2048,1751.98
512,32768,32,4096,1948.78
512,32768,32,8192,2336.54
512,32768,32,16384,3068.35
512,32768,32,32768,4659.19
512,32768,64,16,1583.93
512,32768,64,32,1585.1
512,32768,64,64,1584.26
512,32768,64,128,1602.77
512,32768,64,256,1624.95
512,32768,64,512,1672.74
512,32768,64,1024,1736.17
512,32768,64,2048,1888.41
512,32768,64,4096,2186.52
512,32768,64,8192,2781.67
512,32768,64,16384,3980.36
512,32768,64,32768,7931.13
512,32768,128,16,1626.49
512,32768,128,32,1625.95
512,32768,128,64,1630.24
512,32768,128,128,1673.39
512,32768,128,256,1715.19
512,32768,128,512,1804.73
512,32768,128,1024,1977.66
512,32768,128,2048,2324.59
512,32768,128,4096,3014.4
512,32768,128,8192,4324.1
512,32768,128,16384,7259.13
512,32768,128,32768,13026.3
1024,0,0,0,62.423
1024,0,1,16,63.575
1024,0,1,32,63.2983
1024,0,1,64,63.3087
1024,0,1,128,63.5967
1024,0,1,256,63.3513
1024,0,1,512,63.714
1024,0,1,1024,69.1537
1024,0,1,2048,115.342
1024,0,1,4096,210.78
1024,0,1,8192,401.494
1024,0,1,16384,785.046
1024,0,1,32768,1551.46
1024,0,2,16,71.66
1024,0,2,32,71.5863
1024,0,2,64,71.6823
1024,0,2,128,71.8953
1024,0,2,256,72.0557
1024,0,2,512,72.3217
1024,0,2,1024,78.5303
1024,0,2,2048,125.582
1024,0,2,4096,219.004
1024,0,2,8192,407.66
1024,0,2,16384,785.26
1024,0,2,32768,1551.38
1024,0,4,16,71.703
1024,0,4,32,72.0123
1024,0,4,64,71.757
1024,0,4,128,75.2553
1024,0,4,256,75.2447
1024,0,4,512,75.3303
1024,0,4,1024,86.947
1024,0,4,2048,133.945
1024,0,4,4096,227.622
1024,0,4,8192,415.991
1024,0,4,16384,792.908
1024,0,4,32768,1552.26
1024,0,8,16,74.989
1024,0,8,32,74.9993
1024,0,8,64,74.8933
1024,0,8,128,78.8927
1024,0,8,256,82.6797
1024,0,8,512,87.853
1024,0,8,1024,104.718
1024,0,8,2048,151.407
1024,0,8,4096,245.809
1024,0,8,8192,432.791
1024,0,8,16384,808.663
1024,0,8,32768,1562.52
1024,0,16,16,83.405
1024,0,16,32,83.5973
1024,0,16,64,83.5753
1024,0,16,128,87.7997
1024,0,16,256,91.8107
1024,0,16,512,100.366
1024,0,16,1024,131.235
1024,0,16,2048,214.63
1024,0,16,4096,311.764
1024,0,16,8192,504.697
1024,0,16,16384,892.388
1024,0,16,32768,1664.84
1024,0,32,16,98.371
1024,0,32,32,98.7547
1024,0,32,64,98.8943
1024,0,32,128,106.766
1024,0,32,256,114.03
1024,0,32,512,132.421
1024,0,32,1024,193.339
1024,0,32,2048,303.038
1024,0,32,4096,496.271
1024,0,32,8192,893.53
1024,0,32,16384,1678.76
1024,0,32,32768,3259.44
1024,0,64,16,123.769
1024,0,64,32,124.004
1024,0,64,64,124.76
1024,0,64,128,139.759
1024,0,64,256,157.679
1024,0,64,512,210.993
1024,0,64,1024,311.348
1024,0,64,2048,503.523
1024,0,64,4096,892.698
1024,0,64,8192,1694.64
1024,0,64,16384,3302.76
1024,0,64,32768,6513.81
1024,0,128,16,171.632
1024,0,128,32,172.399
1024,0,128,64,173.829
1024,0,128,128,216.07
1024,0,128,256,265.266
1024,0,128,512,362.773
1024,0,128,1024,556.016
1024,0,128,2048,940.869
1024,0,128,4096,1745.27
1024,0,128,8192,3351.59
1024,0,128,16384,6598.63
1024,0,128,32768,13043
1024,16,0,0,67.1273
1024,16,1,16,69.2397
1024,16,1,32,69.4313
1024,16,1,64,69.3677
1024,16,1,128,69.3457
1024,16,1,256,69.25
1024,16,1,512,69.3143
1024,16,1,1024,69.3673
1024,16,1,2048,115.566
1024,16,1,4096,210.567
1024,16,1,8192,401.622
1024,16,1,16384,784.129
1024,16,1,32768,1550.38
1024,16,2,16,76.994
1024,16,2,32,76.887
1024,16,2,64,76.834
1024,16,2,128,77.485
1024,16,2,256,77.709
1024,16,2,512,77.8053
1024,16,2,1024,82.5303
1024,16,2,2048,129.721
1024,16,2,4096,224.007
1024,16,2,8192,412.098
1024,16,2,16384,786.476
1024,16,2,32768,1551.16
1024,16,4,16,76.941
1024,16,4,32,77.1117
1024,16,4,64,76.8557
1024,16,4,128,81.442
1024,16,4,256,83.1493
1024,16,4,512,83.1173
1024,16,4,1024,89.6343
1024,16,4,2048,136.729
1024,16,4,4096,230.343
1024,16,4,8192,418.753
1024,16,4,16384,795.692
1024,16,4,32768,1552.11
1024,16,8,16,80.5677
1024,16,8,32,80.7917
1024,16,8,64,80.77
1024,16,8,128,84.867
1024,16,8,256,88.7067
1024,16,8,512,96.931
1024,16,8,1024,108.344
1024,16,8,2048,155.119
1024,16,8,4096,249.436
1024,16,8,8192,436.098
1024,16,8,16384,813.9
1024,16,8,32768,1572.48
1024,16,16,16,89.72
1024,16,16,32,89.8057
1024,16,16,64,89.976
1024,16,16,128,94.2327
1024,16,16,256,98.158
1024,16,16,512,107.107
1024,16,16,1024,132.569
1024,16,16,2048,220.337
1024,16,16,4096,318.43
1024,16,16,8192,512.697
1024,16,16,16384,899.481
1024,16,16,32768,1678.32
1024,16,32,16,104.664
1024,16,32,32,105.091
1024,16,32,64,105.593
1024,16,32,128,113.902
1024,16,32,256,121.007
1024,16,32,512,136.43
1024,16,32,1024,194.949
1024,16,32,2048,310.323
1024,16,32,4096,501.166
1024,16,32,8192,897.7
1024,16,32,16384,1690.12
1024,16,32,32768,3262.65
1024,16,64,16,130.298
1024,16,64,32,130.702
1024,16,64,64,131.236
1024,16,64,128,146.884
1024,16,64,256,162.842
1024,16,64,512,213.905
1024,16,64,1024,315.155
1024,16,64,2048,507.652
1024,16,64,4096,893.316
1024,16,64,8192,1697.63
1024,16,64,16384,3303.51
1024,16,64,32768,6532.17
1024,16,128,16,178.736
1024,16,128,32,179.525
1024,16,128,64,181.168
1024,16,128,128,219.003
1024,16,128,256,267.901
1024,16,128,512,365.695
1024,16,128,1024,559.194
1024,16,128,2048,942.288
1024,16,128,4096,1742.33
1024,16,128,8192,3353.07
1024,16,128,16384,6590.01
1024,16,128,32768,13064.1
1024,32,0,0,67.3197
1024,32,1,16,69.431
1024,32,1,32,69.57
1024,32,1,64,69.4207
1024,32,1,128,69.325
1024,32,1,256,69.2503
1024,32,1,512,69.2817
1024,32,1,1024,69.41
1024,32,1,2048,115.192
1024,32,1,4096,210.641
1024,32,1,8192,401.388
1024,32,1,16384,783.808
1024,32,1,32768,1550.34
1024,32,2,16,77.3677
1024,32,2,32,76.8447
1024,32,2,64,77.026
1024,32,2,128,77.7727
1024,32,2,256,77.9017
1024,32,2,512,77.7623
1024,32,2,1024,82.445
1024,32,2,2048,129.283
1024,32,2,4096,222.375
1024,32,2,8192,412.385
1024,32,2,16384,786.39
1024,32,2,32768,1552.59
1024,32,4,16,77.3677
1024,32,4,32,77.336
1024,32,4,64,77.1223
1024,32,4,128,81.517
1024,32,4,256,83.0957
1024,32,4,512,83.2553
1024,32,4,1024,89.6873
1024,32,4,2048,136.516
1024,32,4,4096,230.224
1024,32,4,8192,418.903
1024,32,4,16384,796.866
1024,32,4,32768,1552.26
1024,32,8,16,80.77
1024,32,8,32,81.09
1024,32,8,64,80.9413
1024,32,8,128,85.069
1024,32,8,256,88.952
1024,32,8,512,97.2833
1024,32,8,1024,108.291
1024,32,8,2048,155.567
1024,32,8,4096,248.849
1024,32,8,8192,436.385
1024,32,8,16384,813.846
1024,32,8,32768,1566.13
1024,32,16,16,89.389
1024,32,16,32,89.698
1024,32,16,64,89.9333
1024,32,16,128,94.147
1024,32,16,256,98.1037
1024,32,16,512,106.69
1024,32,16,1024,132.259
1024,32,16,2048,220.561
1024,32,16,4096,318.729
1024,32,16,8192,515.299
1024,32,16,16384,902.19
1024,32,16,32768,1669.41
1024,32,32,16,105.443
1024,32,32,32,105.422
1024,32,32,64,105.561
1024,32,32,128,113.688
1024,32,32,256,121.337
1024,32,32,512,136.142
1024,32,32,1024,195.067
1024,32,32,2048,311.283
1024,32,32,4096,500.558
1024,32,32,8192,897.838
1024,32,32,16384,1685.91
1024,32,32,32768,3271.39
1024,32,64,16,130.2
1024,32,64,32,130.841
1024,32,64,64,131.236
1024,32,64,128,147.076
1024,32,64,256,162.948
1024,32,64,512,214.097
1024,32,64,1024,315.816
1024,32,64,2048,507.428
1024,32,64,4096,892.686
1024,32,64,8192,1695.65
1024,32,64,16384,3303.96
1024,32,64,32768,6518.49
1024,32,128,16,179.247
1024,32,128,32,179.333
1024,32,128,64,180.57
1024,32,128,128,218.886
1024,32,128,256,267.879
1024,32,128,512,365.92
1024,32,128,1024,559.003
1024,32,128,2048,942.929
1024,32,128,4096,1744.43
1024,32,128,8192,3355.76
1024,32,128,16384,6586.23
1024,32,128,32768,13048.3
1024,64,0,0,67.522
1024,64,1,16,69.443
1024,64,1,32,69.304
1024,64,1,64,69.4097
1024,64,1,128,69.346
1024,64,1,256,69.4413
1024,64,1,512,69.3563
1024,64,1,1024,69.453
1024,64,1,2048,115.438
1024,64,1,4096,210.533
1024,64,1,8192,401.387
1024,64,1,16384,785.195
1024,64,1,32768,1551.56
1024,64,2,16,77.2933
1024,64,2,32,76.855
1024,64,2,64,76.9833
1024,64,2,128,77.549
1024,64,2,256,77.6973
1024,64,2,512,77.645
1024,64,2,1024,82.4663
1024,64,2,2048,129.369
1024,64,2,4096,222.887
1024,64,2,8192,410.956
1024,64,2,16384,785.899
1024,64,2,32768,1550.35
1024,64,4,16,77.4957
1024,64,4,32,77.3987
1024,64,4,64,77.0587
1024,64,4,128,81.6763
1024,64,4,256,83.1277
1024,64,4,512,83.2557
1024,64,4,1024,89.997
1024,64,4,2048,136.409
1024,64,4,4096,230.022
1024,64,4,8192,417.634
1024,64,4,16384,795.552
1024,64,4,32768,1552.1
1024,64,8,16,80.866
1024,64,8,32,80.7807
1024,64,8,64,81.0697
1024,64,8,128,85.058
1024,64,8,256,88.7597
1024,64,8,512,97.294
1024,64,8,1024,108.387
1024,64,8,2048,155.662
1024,64,8,4096,249.255
1024,64,8,8192,436.417
1024,64,8,16384,812.748
1024,64,8,32768,1566.99
1024,64,16,16,89.7193
1024,64,16,32,90.2317
1024,64,16,64,90.2427
1024,64,16,128,94.6693
1024,64,16,256,98.595
1024,64,16,512,106.947
1024,64,16,1024,132.558
1024,64,16,2048,220.593
1024,64,16,4096,318.591
1024,64,16,8192,512.473
1024,64,16,16384,901.667
1024,64,16,32768,1673.39
1024,64,32,16,104.792
1024,64,32,32,105.027
1024,64,32,64,105.848
1024,64,32,128,113.987
1024,64,32,256,121.241
1024,64,32,512,136.665
1024,64,32,1024,194.918
1024,64,32,2048,310.131
1024,64,32,4096,499.117
1024,64,32,8192,897.689
1024,64,32,16384,1686.6
1024,64,32,32768,3258.46
1024,64,64,16,130.361
1024,64,64,32,131.065
1024,64,64,64,131.033
1024,64,64,128,147.417
1024,64,64,256,163.77
1024,64,64,512,213.691
1024,64,64,1024,315.198
1024,64,64,2048,507.502
1024,64,64,4096,894.285
1024,64,64,8192,1695.79
1024,64,64,16384,3307.49
1024,64,64,32768,6527.26
1024,64,128,16,179.108
1024,64,128,32,179.333
1024,64,128,64,181.648
1024,64,128,128,219.056
1024,64,128,256,268.071
1024,64,128,512,365.728
1024,64,128,1024,558.575
1024,64,128,2048,942.041
1024,64,128,4096,1744.59
1024,64,128,8192,3358.98
1024,64,128,16384,6584.47
1024,64,128,32768,13046.3
1024,128,0,0,68.557
1024,128,1,16,69.7197
1024,128,1,32,69.7617
1024,128,1,64,69.4417
1024,128,1,128,69.3997
1024,128,1,256,69.484
1024,128,1,512,69.868
1024,128,1,1024,69.6013
1024,128,1,2048,115.608
1024,128,1,4096,210.64
1024,128,1,8192,401.845
1024,128,1,16384,782.614
1024,128,1,32768,1550.79
1024,128,2,16,77.655
1024,128,2,32,77.5917
1024,128,2,64,77.5587
1024,128,2,128,83.0747
1024,128,2,256,84.0237
1024,128,2,512,84.0983
1024,128,2,1024,84.8663
1024,128,2,2048,131.662
1024,128,2,4096,225.264
1024,128,2,8192,412.588
1024,128,2,16384,787.093
1024,128,2,32768,1551.65
1024,128,4,16,78.2523
1024,128,4,32,78.2633
1024,128,4,64,77.9867
1024,128,4,128,82.914
1024,128,4,256,86.8073
1024,128,4,512,86.861
1024,128,4,1024,92.9943
1024,128,4,2048,139.865
1024,128,4,4096,233.873
1024,128,4,8192,419.734
1024,128,4,16384,797.089
1024,128,4,32768,1552.83
1024,128,8,16,82.8283
1024,128,8,32,82.871
1024,128,8,64,82.957
1024,128,8,128,86.2853
1024,128,8,256,90.7013
1024,128,8,512,99.299
1024,128,8,1024,112.419
1024,128,8,2048,159.023
1024,128,8,4096,252.721
1024,128,8,8192,440.14
1024,128,8,16384,816.908
1024,128,8,32768,1568.11
1024,128,16,16,90.9777
1024,128,16,32,91.0743
1024,128,16,64,91.3307
1024,128,16,128,96.6637
1024,128,16,256,100.002
1024,128,16,512,107.896
1024,128,16,1024,133.486
1024,128,16,2048,222.737
1024,128,16,4096,325.907
1024,128,16,8192,521.326
1024,128,16,16384,904.109
1024,128,16,32768,1674.86
1024,128,32,16,107.075
1024,128,32,32,107.182
1024,128,32,64,107.246
1024,128,32,128,116.238
1024,128,32,256,123.064
1024,128,32,512,138.616
1024,128,32,1024,196.581
1024,128,32,2048,316.094
1024,128,32,4096,508.568
1024,128,32,8192,905.165
1024,128,32,16384,1699.47
1024,128,32,32768,3286.53
1024,128,64,16,132.761
1024,128,64,32,132.91
1024,128,64,64,133.432
1024,128,64,128,149.241
1024,128,64,256,165.775
1024,128,64,512,216.806
1024,128,64,1024,318.963
1024,128,64,2048,510.669
1024,128,64,4096,894.349
1024,128,64,8192,1698.62
1024,128,64,16384,3304.11
1024,128,64,32768,6519.14
1024,128,128,16,181.114
1024,128,128,32,182.107
1024,128,128,64,183.973
1024,128,128,128,221.766
1024,128,128,256,270.866
1024,128,128,512,369.076
1024,128,128,1024,561.796
1024,128,128,2048,944.9
1024,128,128,4096,1742.33
1024,128,128,8192,3353.44
1024,128,128,16384,6585.01
1024,128,128,32768,13069.2
1024,256,0,0,74.2947
1024,256,1,16,75.426
1024,256,1,32,75.469
1024,256,1,64,75.4047
1024,256,1,128,75.544
1024,256,1,256,75.565
1024,256,1,512,75.597
1024,256,1,1024,75.437
1024,256,1,2048,115.918
1024,256,1,4096,210.682
1024,256,1,8192,400.609
1024,256,1,16384,784.245
1024,256,1,32768,1551.39
1024,256,2,16,83.3617
1024,256,2,32,83.394
1024,256,2,64,83.533
1024,256,2,128,88.9297
1024,256,2,256,94.765
1024,256,2,512,95.7687
1024,256,2,1024,95.4047
1024,256,2,2048,137.476
1024,256,2,4096,230.993
1024,256,2,8192,418.156
1024,256,2,16384,794.485
1024,256,2,32768,1549.64
1024,256,4,16,83.6823
1024,256,4,32,83.8317
1024,256,4,64,84.003
1024,256,4,128,89.5067
1024,256,4,256,94.52
1024,256,4,512,98.6163
1024,256,4,1024,98.8613
1024,256,4,2048,146.03
1024,256,4,4096,239.495
1024,256,4,8192,427.052
1024,256,4,16384,806.368
1024,256,4,32768,1554.87
1024,256,8,16,91.6717
1024,256,8,32,91.8103
1024,256,8,64,92.0667
1024,256,8,128,94.4237
1024,256,8,256,97.9757
1024,256,8,512,106.477
1024,256,8,1024,119.288
1024,256,8,2048,166.447
1024,256,8,4096,259.538
1024,256,8,8192,448.397
1024,256,8,16384,830.487
1024,256,8,32768,1601.72
1024,256,16,16,99.5647
1024,256,16,32,99.7047
1024,256,16,64,99.9073
1024,256,16,128,105.582
1024,256,16,256,108.75
1024,256,16,512,115.961
1024,256,16,1024,135.204
1024,256,16,2048,224.134
1024,256,16,4096,341.161
1024,256,16,8192,534.692
1024,256,16,16384,921.348
1024,256,16,32768,1695.85
1024,256,32,16,115.789
1024,256,32,32,115.597
1024,256,32,64,116.078
1024,256,32,128,125.102
1024,256,32,256,132.27
1024,256,32,512,147.599
1024,256,32,1024,200.517
1024,256,32,2048,326.675
1024,256,32,4096,522.03
1024,256,32,8192,919.161
1024,256,32,16384,1720.01
1024,256,32,32768,3317.49
1024,256,64,16,141.935
1024,256,64,32,141.987
1024,256,64,64,142.842
1024,256,64,128,158.937
1024,256,64,256,175.631
1024,256,64,512,222.054
1024,256,64,1024,323.935
1024,256,64,2048,518.872
1024,256,64,4096,899.789
1024,256,64,8192,1701.26
1024,256,64,16384,3306.91
1024,256,64,32768,6535.38
1024,256,128,16,190.95
1024,256,128,32,191.397
1024,256,128,64,193.296
1024,256,128,128,227.079
1024,256,128,256,276.231
1024,256,128,512,373.962
1024,256,128,1024,567.632
1024,256,128,2048,949.583
1024,256,128,4096,1744.37
1024,256,128,8192,3357.98
1024,256,128,16384,6598.51
1024,256,128,32768,13063.8
1024,512,0,0,86.2207
1024,512,1,16,87.277
1024,512,1,32,87.3727
1024,512,1,64,87.469
1024,512,1,128,87.3087
1024,512,1,256,87.5327
1024,512,1,512,87.533
1024,512,1,1024,87.458
1024,512,1,2048,115.737
1024,512,1,4096,210.726
1024,512,1,8192,401.856
1024,512,1,16384,784.736
1024,512,1,32768,1552.34
1024,512,2,16,94.8293
1024,512,2,32,94.968
1024,512,2,64,95.1703
1024,512,2,128,100.664
1024,512,2,256,106.338
1024,512,2,512,117.923
1024,512,2,1024,119.629
1024,512,2,2048,149.486
1024,512,2,4096,242.866
1024,512,2,8192,430.134
1024,512,2,16384,807.499
1024,512,2,32768,1555.99
1024,512,4,16,95.4053
1024,512,4,32,95.5547
1024,512,4,64,95.5123
1024,512,4,128,101.485
1024,512,4,256,107.224
1024,512,4,512,118.702
1024,512,4,1024,121.699
1024,512,4,2048,157.786
1024,512,4,4096,252.561
1024,512,4,8192,439.115
1024,512,4,16384,815.585
1024,512,4,32768,1568.27
1024,512,8,16,103.417
1024,512,8,32,103.555
1024,512,8,64,103.608
1024,512,8,128,113.784
1024,512,8,256,117.582
1024,512,8,512,121.87
1024,512,8,1024,134.425
1024,512,8,2048,178.447
1024,512,8,4096,272.487
1024,512,8,8192,461.751
1024,512,8,16384,847.361
1024,512,8,32768,1615.96
1024,512,16,16,113.667
1024,512,16,32,114.168
1024,512,16,64,114.605
1024,512,16,128,122.777
1024,512,16,256,129.156
1024,512,16,512,132.164
1024,512,16,1024,148.388
1024,512,16,2048,227.569
1024,512,16,4096,371.967
1024,512,16,8192,565.754
1024,512,16,16384,955.801
1024,512,16,32768,1733.32
1024,512,32,16,131.534
1024,512,32,32,131.801
1024,512,32,64,132.217
1024,512,32,128,142.446
1024,512,32,256,152.292
1024,512,32,512,165.103
1024,512,32,1024,208.272
1024,512,32,2048,337.652
1024,512,32,4096,546.735
1024,512,32,8192,940.163
1024,512,32,16384,1741.82
1024,512,32,32768,3351.84
1024,512,64,16,159.514
1024,512,64,32,159.908
1024,512,64,64,160.623
1024,512,64,128,176.954
1024,512,64,256,193.659
1024,512,64,512,232.753
1024,512,64,1024,333.619
1024,512,64,2048,529.454
1024,512,64,4096,924.654
1024,512,64,8192,1708.54
1024,512,64,16384,3314.67
1024,512,64,32768,6526.29
1024,512,128,16,209.382
1024,512,128,32,210.256
1024,512,128,64,212.037
1024,512,128,128,244.529
1024,512,128,256,287.016
1024,512,128,512,384.853
1024,512,128,1024,579.077
1024,512,128,2048,964.175
1024,512,128,4096,1743.97
1024,512,128,8192,3359.56
1024,512,128,16384,6598.65
1024,512,128,32768,13047.1
1024,1024,0,0,109.688
1024,1024,1,16,110.744
1024,1024,1,32,110.777
1024,1024,1,64,110.83
1024,1024,1,128,110.978
1024,1024,1,256,110.894
1024,1024,1,512,110.894
1024,1024,1,1024,110.936
1024,1024,1,2048,116.558
1024,1024,1,4096,211.057
1024,1024,1,8192,401.472
1024,1024,1,16384,785.023
1024,1024,1,32768,1548.31
1024,1024,2,16,118.531
1024,1024,2,32,119.213
1024,1024,2,64,118.905
1024,1024,2,128,123.31
1024,1024,2,256,129.764
1024,1024,2,512,141.465
1024,1024,2,1024,164.9
1024,1024,2,2048,174.159
1024,1024,2,4096,268.285
1024,1024,2,8192,454.956
1024,1024,2,16384,829.526
1024,1024,2,32768,1577.02
1024,1024,4,16,119.662
1024,1024,4,32,119.011
1024,1024,4,64,119.331
1024,1024,4,128,124.91
1024,1024,4,256,130.723
1024,1024,4,512,142.543
1024,1024,4,1024,165.743
1024,1024,4,2048,182.213
1024,1024,4,4096,277.917
1024,1024,4,8192,470.305
1024,1024,4,16384,854.177
1024,1024,4,32768,1622.61
1024,1024,8,16,126.531
1024,1024,8,32,126.979
1024,1024,8,64,126.777
1024,1024,8,128,137.476
1024,1024,8,256,146.798
1024,1024,8,512,158.095
1024,1024,8,1024,169.072
1024,1024,8,2048,202.097
1024,1024,8,4096,295.57
1024,1024,8,8192,486.508
1024,1024,8,16384,870.092
1024,1024,8,32768,1639.98
1024,1024,16,16,137.486
1024,1024,16,32,137.699
1024,1024,16,64,137.711
1024,1024,16,128,149.379
1024,1024,16,256,161.594
1024,1024,16,512,176.165
1024,1024,16,1024,178.383
1024,1024,16,2048,230.833
1024,1024,16,4096,415.83
1024,1024,16,8192,634.961
1024,1024,16,16384,1026.3
1024,1024,16,32768,1803.17
1024,1024,32,16,161.711
1024,1024,32,32,162.468
1024,1024,32,64,162.927
1024,1024,32,128,176.944
1024,1024,32,256,187.002
1024,1024,32,512,203.706
1024,1024,32,1024,234.299
1024,1024,32,2048,345.598
1024,1024,32,4096,594.533
1024,1024,32,8192,985.583
1024,1024,32,16384,1787.42
1024,1024,32,32768,3395.77
1024,1024,64,16,194.597
1024,1024,64,32,195.621
1024,1024,64,64,195.525
1024,1024,64,128,213.275
1024,1024,64,256,230.428
1024,1024,64,512,264.06
1024,1024,64,1024,359.006
1024,1024,64,2048,557.146
1024,1024,64,4096,954.276
1024,1024,64,8192,1721.14
1024,1024,64,16384,3329.34
1024,1024,64,32768,6574.33
1024,1024,128,16,245.649
1024,1024,128,32,246.929
1024,1024,128,64,248.508
1024,1024,128,128,282.386
1024,1024,128,256,315.784
1024,1024,128,512,407.413
1024,1024,128,1024,603.665
1024,1024,128,2048,992.102
1024,1024,128,4096,1754.44
1024,1024,128,8192,3358.78
1024,1024,128,16384,6585.64
1024,1024,128,32768,13042
1024,2048,0,0,156.313
1024,2048,1,16,158.414
1024,2048,1,32,158.681
1024,2048,1,64,158.5
1024,2048,1,128,157.913
1024,2048,1,256,158.308
1024,2048,1,512,158.148
1024,2048,1,1024,158.202
1024,2048,1,2048,158.521
1024,2048,1,4096,210.885
1024,2048,1,8192,401.792
1024,2048,1,16384,783.679
1024,2048,1,32768,1551.75
1024,2048,2,16,165.829
1024,2048,2,32,165.306
1024,2048,2,64,165.689
1024,2048,2,128,171.013
1024,2048,2,256,177.018
1024,2048,2,512,188.57
1024,2048,2,1024,212.912
1024,2048,2,2048,262.77
1024,2048,2,4096,318.259
1024,2048,2,8192,508.59
1024,2048,2,16384,892.663
1024,2048,2,32768,1655.64
1024,2048,4,16,165.711
1024,2048,4,32,166.052
1024,2048,4,64,165.85
1024,2048,4,128,171.418
1024,2048,4,256,177.541
1024,2048,4,512,189.562
1024,2048,4,1024,212.369
1024,2048,4,2048,260.477
1024,2048,4,4096,326.654
1024,2048,4,8192,518.659
1024,2048,4,16384,901.687
1024,2048,4,32768,1670.97
1024,2048,8,16,173.978
1024,2048,8,32,173.797
1024,2048,8,64,173.924
1024,2048,8,128,184.879
1024,2048,8,256,193.552
1024,2048,8,512,204.859
1024,2048,8,1024,228.625
1024,2048,8,2048,263.709
1024,2048,8,4096,342.344
1024,2048,8,8192,532.856
1024,2048,8,16384,918.338
1024,2048,8,32768,1686.99
1024,2048,16,16,184.335
1024,2048,16,32,184.975
1024,2048,16,64,184.986
1024,2048,16,128,197.061
1024,2048,16,256,209.179
1024,2048,16,512,232.017
1024,2048,16,1024,270.994
1024,2048,16,2048,271.89
1024,2048,16,4096,424.267
1024,2048,16,8192,775.007
1024,2048,16,16384,1162.47
1024,2048,16,32768,1940.34
1024,2048,32,16,209.232
1024,2048,32,32,209.04
1024,2048,32,64,209.723
1024,2048,32,128,231.867
1024,2048,32,256,255.249
1024,2048,32,512,276.189
1024,2048,32,1024,297.576
1024,2048,32,2048,377.577
1024,2048,32,4096,636.24
1024,2048,32,8192,1080.71
1024,2048,32,16384,1875.17
1024,2048,32,32768,3481.55
1024,2048,64,16,256.465
1024,2048,64,32,257.073
1024,2048,64,64,258.141
1024,2048,64,128,284.22
1024,2048,64,256,303.155
1024,2048,64,512,334.857
1024,2048,64,1024,407.136
1024,2048,64,2048,599.994
1024,2048,64,4096,998.341
1024,2048,64,8192,1797.32
1024,2048,64,16384,3317.81
1024,2048,64,32768,6536.3
1024,2048,128,16,317.235
1024,2048,128,32,318.452
1024,2048,128,64,319.454
1024,2048,128,128,353.076
1024,2048,128,256,389.152
1024,2048,128,512,457.698
1024,2048,128,1024,646.289
1024,2048,128,2048,1046.84
1024,2048,128,4096,1834.1
1024,2048,128,8192,3356.07
1024,2048,128,16384,6579.71
1024,2048,128,32768,13057.6
1024,4096,0,0,251.153
1024,4096,1,16,253.831
1024,4096,1,32,253.361
1024,4096,1,64,252.604
1024,4096,1,128,252.732
1024,4096,1,256,253.553
1024,4096,1,512,252.935
1024,4096,1,1024,252.797
1024,4096,1,2048,252.636
1024,4096,1,4096,253.329
1024,4096,1,8192,401.749
1024,4096,1,16384,783.23
1024,4096,1,32768,1546.55
1024,4096,2,16,259.1
1024,4096,2,32,259.612
1024,4096,2,64,259.303
1024,4096,2,128,265.852
1024,4096,2,256,271.314
1024,4096,2,512,283.815
1024,4096,2,1024,307.037
1024,4096,2,2048,356.756
1024,4096,2,4096,454.871
1024,4096,2,8192,606.225
1024,4096,2,16384,989.253
1024,4096,2,32768,1757.99
1024,4096,4,16,259.175
1024,4096,4,32,259.869
1024,4096,4,64,260.764
1024,4096,4,128,264.987
1024,4096,4,256,271.846
1024,4096,4,512,283.485
1024,4096,4,1024,307.496
1024,4096,4,2048,354.622
1024,4096,4,4096,449.804
1024,4096,4,8192,612.816
1024,4096,4,16384,995.738
1024,4096,4,32768,1763.65
1024,4096,8,16,268.114
1024,4096,8,32,267.197
1024,4096,8,64,267.687
1024,4096,8,128,278.354
1024,4096,8,256,287.549
1024,4096,8,512,299.666
1024,4096,8,1024,323.325
1024,4096,8,2048,368.969
1024,4096,8,4096,452.663
1024,4096,8,8192,626.641
1024,4096,8,16384,1010.78
1024,4096,8,32768,1781.65
1024,4096,16,16,278.002
1024,4096,16,32,278.354
1024,4096,16,64,278.834
1024,4096,16,128,290.983
1024,4096,16,256,302.6
1024,4096,16,512,326.366
1024,4096,16,1024,374.548
1024,4096,16,2048,461.74
1024,4096,16,4096,458.508
1024,4096,16,8192,807.978
1024,4096,16,16384,1441.39
1024,4096,16,32768,2218.96
1024,4096,32,16,302.482
1024,4096,32,32,303.262
1024,4096,32,64,304.307
1024,4096,32,128,325.384
1024,4096,32,256,349.62
1024,4096,32,512,397.823
1024,4096,32,1024,455.883
1024,4096,32,2048,483.457
1024,4096,32,4096,664.198
1024,4096,32,8192,1221.96
1024,4096,32,16384,2065.08
1024,4096,32,32768,3667.52
1024,4096,64,16,350.611
1024,4096,64,32,351.113
1024,4096,64,64,352.639
1024,4096,64,128,394.282
1024,4096,64,256,436.982
1024,4096,64,512,487.575
1024,4096,64,1024,545.486
1024,4096,64,2048,693.448
1024,4096,64,4096,1084
1024,4096,64,8192,1891.3
1024,4096,64,16384,3496.43
1024,4096,64,32768,6532.37
1024,4096,128,16,448.033
1024,4096,128,32,450.348
1024,4096,128,64,450.924
1024,4096,128,128,497.037
1024,4096,128,256,534.829
1024,4096,128,512,602.426
1024,4096,128,1024,744.2
1024,4096,128,2048,1130.94
1024,4096,128,4096,1935.59
1024,4096,128,8192,3528.98
1024,4096,128,16384,6562.98
1024,4096,128,32768,13055.9
1024,8192,0,0,439.989
1024,8192,1,16,441.558
1024,8192,1,32,442.347
1024,8192,1,64,442.465
1024,8192,1,128,443.776
1024,8192,1,256,442.284
1024,8192,1,512,443.115
1024,8192,1,1024,443.34
1024,8192,1,2048,443.211
1024,8192,1,4096,442.977
1024,8192,1,8192,445.206
1024,8192,1,16384,784.318
1024,8192,1,32768,1551.54
1024,8192,2,16,448.342
1024,8192,2,32,447.99
1024,8192,2,64,447.969
1024,8192,2,128,454.283
1024,8192,2,256,460.363
1024,8192,2,512,472.407
1024,8192,2,1024,494.36
1024,8192,2,2048,545.615
1024,8192,2,4096,644.869
1024,8192,2,8192,836.598
1024,8192,2,16384,1181.75
1024,8192,2,32768,1949.75
1024,8192,4,16,449.196
1024,8192,4,32,448.183
1024,8192,4,64,449.025
1024,8192,4,128,453.878
1024,8192,4,256,460.236
1024,8192,4,512,471.98
1024,8192,4,1024,495.319
1024,8192,4,2048,543.064
1024,8192,4,4096,638.886
1024,8192,4,8192,826.507
1024,8192,4,16384,1186.49
1024,8192,4,32768,1955.13
1024,8192,8,16,456.716
1024,8192,8,32,456.673
1024,8192,8,64,456.054
1024,8192,8,128,467.052
1024,8192,8,256,475.479
1024,8192,8,512,487.105
1024,8192,8,1024,510.626
1024,8192,8,2048,558.542
1024,8192,8,4096,649.766
1024,8192,8,8192,833.174
1024,8192,8,16384,1200.18
1024,8192,8,32768,1971.01
1024,8192,16,16,466.007
1024,8192,16,32,466.551
1024,8192,16,64,467.521
1024,8192,16,128,479.778
1024,8192,16,256,490.669
1024,8192,16,512,514.264
1024,8192,16,1024,562.404
1024,8192,16,2048,658.577
1024,8192,16,4096,829.962
1024,8192,16,8192,839.125
1024,8192,16,16384,1579.93
1024,8192,16,32768,2775.29
1024,8192,32,16,490.189
1024,8192,32,32,490.766
1024,8192,32,64,491.298
1024,8192,32,128,513.581
1024,8192,32,256,536.621
1024,8192,32,512,585.668
1024,8192,32,1024,682.972
1024,8192,32,2048,827.819
1024,8192,32,4096,856.331
1024,8192,32,8192,1238.13
1024,8192,32,16384,2390.61
1024,8192,32,32768,4018.85
1024,8192,64,16,537.731
1024,8192,64,32,538.328
1024,8192,64,64,539.822
1024,8192,64,128,581.775
1024,8192,64,256,624.955
1024,8192,64,512,708.328
1024,8192,64,1024,840.715
1024,8192,64,2048,968.495
1024,8192,64,4096,1269.67
1024,8192,64,8192,2051.96
1024,8192,64,16384,3671.37
1024,8192,64,32768,6886.27
1024,8192,128,16,637.04
1024,8192,128,32,638.758
1024,8192,128,64,641.392
1024,8192,128,128,718.536
1024,8192,128,256,798.079
1024,8192,128,512,893.976
1024,8192,128,1024,1034.17
1024,8192,128,2048,1317.07
1024,8192,128,4096,2104.36
1024,8192,128,8192,3712.42
1024,8192,128,16384,6913.36
1024,8192,128,32768,12994.4
1024,16384,0,0,818.826
1024,16384,1,16,822.677
1024,16384,1,32,823.147
1024,16384,1,64,824.469
1024,16384,1,128,824.704
1024,16384,1,256,824.117
1024,16384,1,512,823.573
1024,16384,1,1024,825.856
1024,16384,1,2048,824.448
1024,16384,1,4096,823.744
1024,16384,1,8192,823.274
1024,16384,1,16384,825.184
1024,16384,1,32768,1550.65
1024,16384,2,16,823.797
1024,16384,2,32,826.912
1024,16384,2,64,825.856
1024,16384,2,128,831.509
1024,16384,2,256,840.769
1024,16384,2,512,851.116
1024,16384,2,1024,872.171
1024,16384,2,2048,922.157
1024,16384,2,4096,1026.72
1024,16384,2,8192,1219.47
1024,16384,2,16384,1600.81
1024,16384,2,32768,2331.32
1024,16384,4,16,828.011
1024,16384,4,32,828.107
1024,16384,4,64,826.602
1024,16384,4,128,832.789
1024,16384,4,256,839.69
1024,16384,4,512,852.428
1024,16384,4,1024,874.123
1024,16384,4,2048,920.973
1024,16384,4,4096,1019.49
1024,16384,4,8192,1206.29
1024,16384,4,16384,1584.78
1024,16384,4,32768,2335.71
1024,16384,8,16,834.763
1024,16384,8,32,832.321
1024,16384,8,64,836.95
1024,16384,8,128,844.95
1024,16384,8,256,854.358
1024,16384,8,512,867.691
1024,16384,8,1024,889.164
1024,16384,8,2048,935.533
1024,16384,8,4096,1029.24
1024,16384,8,8192,1218.42
1024,16384,8,16384,1586.25
1024,16384,8,32768,2349.92
1024,16384,16,16,843.541
1024,16384,16,32,844.288
1024,16384,16,64,845.099
1024,16384,16,128,857.376
1024,16384,16,256,868.694
1024,16384,16,512,891.223
1024,16384,16,1024,939.321
1024,16384,16,2048,1037.26
1024,16384,16,4096,1226.39
1024,16384,16,8192,1576.23
1024,16384,16,16384,1594
1024,16384,16,32768,3114.83
1024,16384,32,16,867.318
1024,16384,32,32,868.289
1024,16384,32,64,867.851
1024,16384,32,128,892.322
1024,16384,32,256,914.914
1024,16384,32,512,962.446
1024,16384,32,1024,1059.23
1024,16384,32,2048,1252.03
1024,16384,32,4096,1576.95
1024,16384,32,8192,1622.99
1024,16384,32,16384,2385.26
1024,16384,32,32768,4728.07
1024,16384,64,16,915.116
1024,16384,64,32,914.125
1024,16384,64,64,916.428
1024,16384,64,128,959.982
1024,16384,64,256,1001.84
1024,16384,64,512,1086.59
1024,16384,64,1024,1250.24
1024,16384,64,2048,1584.22
1024,16384,64,4096,1810.34
1024,16384,64,8192,2426.41
1024,16384,64,16384,3990.35
1024,16384,64,32768,7255.26
1024,16384,128,16,1011.43
1024,16384,128,32,1014.82
1024,16384,128,64,1017.08
1024,16384,128,128,1094.1
1024,16384,128,256,1175.08
1024,16384,128,512,1333.18
1024,16384,128,1024,1607.25
1024,16384,128,2048,1917.47
1024,16384,128,4096,2466.91
1024,16384,128,8192,4061.21
1024,16384,128,16384,7272.39
1024,16384,128,32768,13672.3
1024,32768,0,0,1580.02
1024,32768,1,16,1584.73
1024,32768,1,32,1582.75
1024,32768,1,64,1584.01
1024,32768,1,128,1584.5
1024,32768,1,256,1583.56
1024,32768,1,512,1583.31
1024,32768,1,1024,1584.42
1024,32768,1,2048,1584.39
1024,32768,1,4096,1584.51
1024,32768,1,8192,1584.47
1024,32768,1,16384,1582.71
1024,32768,1,32768,1585.81
1024,32768,2,16,1590.87
1024,32768,2,32,1585.9
1024,32768,2,64,1586.37
1024,32768,2,128,1591.61
1024,32768,2,256,1596.06
1024,32768,2,512,1606.73
1024,32768,2,1024,1632.46
1024,32768,2,2048,1681.74
1024,32768,2,4096,1794.83
1024,32768,2,8192,1989.77
1024,32768,2,16384,2369.79
1024,32768,2,32768,3093.03
1024,32768,4,16,1585.84
1024,32768,4,32,1591.13
1024,32768,4,64,1587.6
1024,32768,4,128,1593.12
1024,32768,4,256,1600.06
1024,32768,4,512,1610.06
1024,32768,4,1024,1638.53
1024,32768,4,2048,1681.21
1024,32768,4,4096,1776.61
1024,32768,4,8192,1970.03
1024,32768,4,16384,2349.81
1024,32768,4,32768,3096.13
1024,32768,8,16,1589.37
1024,32768,8,32,1593.16
1024,32768,8,64,1591.99
1024,32768,8,128,1604.22
1024,32768,8,256,1610.58
1024,32768,8,512,1626.57
1024,32768,8,1024,1649.44
1024,32768,8,2048,1691.19
1024,32768,8,4096,1785.97
1024,32768,8,8192,1974.12
1024,32768,8,16384,2354
1024,32768,8,32768,3107.16
1024,32768,16,16,1605.82
1024,32768,16,32,1603.75
1024,32768,16,64,1603.91
1024,32768,16,128,1615.23
1024,32768,16,256,1623.88
1024,32768,16,512,1647.92
1024,32768,16,1024,1695.76
1024,32768,16,2048,1794.07
1024,32768,16,4096,1984.63
1024,32768,16,8192,2365.85
1024,32768,16,16384,3081.04
1024,32768,16,32768,3120.13
1024,32768,32,16,1625.64
1024,32768,32,32,1631.47
1024,32768,32,64,1625.95
1024,32768,32,128,1645.98
1024,32768,32,256,1669.29
1024,32768,32,512,1715.95
1024,32768,32,1024,1816.27
1024,32768,32,2048,2008.73
1024,32768,32,4096,2395.11
1024,32768,32,8192,3087.51
1024,32768,32,16384,3148.21
1024,32768,32,32768,4705.48
1024,32768,64,16,1671.38
1024,32768,64,32,1669.35
1024,32768,64,64,1672
1024,32768,64,128,1712.82
1024,32768,64,256,1756.48
1024,32768,64,512,1841.52
1024,32768,64,1024,2005.59
1024,32768,64,2048,2342.3
1024,32768,64,4096,3014.25
1024,32768,64,8192,3504.55
1024,32768,64,16384,4758.25
1024,32768,64,32768,7873.5
1024,32768,128,16,1766.24
1024,32768,128,32,1767.77
1024,32768,128,64,1772.56
1024,32768,128,128,1848.15
1024,32768,128,256,1931.63
1024,32768,128,512,2087.8
1024,32768,128,1024,2409.32
1024,32768,128,2048,3038.96
1024,32768,128,4096,3649.39
1024,32768,128,8192,4787.3
1024,32768,128,16384,7987.93
1024,32768,128,32768,14402.9
2048,0,0,0,179.716
2048,0,1,16,180.613
2048,0,1,32,181.061
2048,0,1,64,180.751
2048,0,1,128,180.772
2048,0,1,256,181.477
2048,0,1,512,182.874
2048,0,1,1024,183.344
2048,0,1,2048,190.032
2048,0,1,4096,283.815
2048,0,1,8192,472.268
2048,0,1,16384,846.784
2048,0,1,32768,1596.8
2048,0,2,16,184.367
2048,0,2,32,183.493
2048,0,2,64,183.653
2048,0,2,128,184.336
2048,0,2,256,183.663
2048,0,2,512,184.762
2048,0,2,1024,184.282
2048,0,2,2048,200.773
2048,0,2,4096,294.226
2048,0,2,8192,481.335
2048,0,2,16384,857.291
2048,0,2,32768,1606.45
2048,0,4,16,183.247
2048,0,4,32,183.343
2048,0,4,64,183.28
2048,0,4,128,184.506
2048,0,4,256,185.392
2048,0,4,512,190.543
2048,0,4,1024,192.357
2048,0,4,2048,213.104
2048,0,4,4096,306.365
2048,0,4,8192,494.125
2048,0,4,16384,869.237
2048,0,4,32768,1621.32
2048,0,8,16,187.716
2048,0,8,32,187.856
2048,0,8,64,187.781
2048,0,8,128,189.712
2048,0,8,256,193.53
2048,0,8,512,199.515
2048,0,8,1024,203.515
2048,0,8,2048,237.66
2048,0,8,4096,343.507
2048,0,8,8192,535.394
2048,0,8,16384,919.533
2048,0,8,32768,1686.56
2048,0,16,16,197.647
2048,0,16,32,197.818
2048,0,16,64,198.116
2048,0,16,128,202.448
2048,0,16,256,206.459
2048,0,16,512,216.102
2048,0,16,1024,230.598
2048,0,16,2048,293.053
2048,0,16,4096,444.491
2048,0,16,8192,699.623
2048,0,16,16384,1104.86
2048,0,16,32768,1913.1
2048,0,32,16,214.043
2048,0,32,32,214.117
2048,0,32,64,214.693
2048,0,32,128,224.539
2048,0,32,256,233.905
2048,0,32,512,250.587
2048,0,32,1024,285.34
2048,0,32,2048,407.999
2048,0,32,4096,640.838
2048,0,32,8192,1042.32
2048,0,32,16384,1840.14
2048,0,32,32768,3447.88
2048,0,64,16,250.385
2048,0,64,32,250.289
2048,0,64,64,251.206
2048,0,64,128,267.719
2048,0,64,256,287.773
2048,0,64,512,321.385
2048,0,64,1024,426.273
2048,0,64,2048,632.187
2048,0,64,4096,1013.97
2048,0,64,8192,1782.62
2048,0,64,16384,3368.59
2048,0,64,32768,6573.98
2048,0,128,16,322.707
2048,0,128,32,323.432
2048,0,128,64,325.096
2048,0,128,128,358.174
2048,0,128,256,404.426
2048,0,128,512,501.644
2048,0,128,1024,697.885
2048,0,128,2048,1088.26
2048,0,128,4096,1857.13
2048,0,128,8192,3427.07
2048,0,128,16384,6651.43
2048,0,128,32768,13124.3
2048,16,0,0,189.285
2048,16,1,16,189.391
2048,16,1,32,189.348
2048,16,1,64,189.104
2048,16,1,128,188.912
2048,16,1,256,189.509
2048,16,1,512,193.872
2048,16,1,1024,194.117
2048,16,1,2048,195.312
2048,16,1,4096,288.412
2048,16,1,8192,476.567
2048,16,1,16384,849.525
2048,16,1,32768,1606.46
2048,16,2,16,192.059
2048,16,2,32,192.229
2048,16,2,64,191.525
2048,16,2,128,192.794
2048,16,2,256,192.601
2048,16,2,512,194.437
2048,16,2,1024,195.066
2048,16,2,2048,205.53
2048,16,2,4096,299.24
2048,16,2,8192,487.266
2048,16,2,16384,862.4
2048,16,2,32768,1608.1
2048,16,4,16,194.234
2048,16,4,32,194.075
2048,16,4,64,194.256
2048,16,4,128,194.757
2048,16,4,256,195.259
2048,16,4,512,199.963
2048,16,4,1024,199.898
2048,16,4,2048,218.214
2048,16,4,4096,312.488
2048,16,4,8192,499.682
2048,16,4,16384,873.91
2048,16,4,32768,1628.62
2048,16,8,16,198.246
2048,16,8,32,198.224
2048,16,8,64,198.299
2048,16,8,128,199.632
2048,16,8,256,203.046
2048,16,8,512,207.397
2048,16,8,1024,212.262
2048,16,8,2048,242.887
2048,16,8,4096,351.155
2048,16,8,8192,542.575
2048,16,8,16384,927.277
2048,16,8,32768,1696.49
2048,16,16,16,205.083
2048,16,16,32,205.872
2048,16,16,64,205.168
2048,16,16,128,211.259
2048,16,16,256,216.752
2048,16,16,512,226.491
2048,16,16,1024,240.091
2048,16,16,2048,298.621
2048,16,16,4096,448.502
2048,16,16,8192,711.9
2048,16,16,16384,1115.94
2048,16,16,32768,1925.02
2048,16,32,16,222.491
2048,16,32,32,223.024
2048,16,32,64,223.6
2048,16,32,128,232.923
2048,16,32,256,242.513
2048,16,32,512,261.244
2048,16,32,1024,296.509
2048,16,32,2048,413.024
2048,16,32,4096,648.571
2048,16,32,8192,1048.65
2048,16,32,16384,1845.81
2048,16,32,32768,3450.12
2048,16,64,16,258.972
2048,16,64,32,258.727
2048,16,64,64,259.036
2048,16,64,128,277.639
2048,16,64,256,296.957
2048,16,64,512,332.03
2048,16,64,1024,431.936
2048,16,64,2048,639.259
2048,16,64,4096,1021.11
2048,16,64,8192,1790.53
2048,16,64,16384,3372.99
2048,16,64,32768,6578.37
2048,16,128,16,331.028
2048,16,128,32,332.125
2048,16,128,64,334.035
2048,16,128,128,367.626
2048,16,128,256,409.653
2048,16,128,512,507
2048,16,128,1024,703.111
2048,16,128,2048,1094.69
2048,16,128,4096,1863.15
2048,16,128,8192,3427.13
2048,16,128,16384,6648.88
2048,16,128,32768,13107.6
2048,32,0,0,189.253
2048,32,1,16,189.551
2048,32,1,32,189.413
2048,32,1,64,189.573
2048,32,1,128,188.772
2048,32,1,256,189.328
2048,32,1,512,194.192
2048,32,1,1024,193.797
2048,32,1,2048,195.301
2048,32,1,4096,288.796
2048,32,1,8192,475.692
2048,32,1,16384,852.256
2048,32,1,32768,1599.6
2048,32,2,16,192.282
2048,32,2,32,192.485
2048,32,2,64,192.015
2048,32,2,128,192.432
2048,32,2,256,193.05
2048,32,2,512,194.693
2048,32,2,1024,195.173
2048,32,2,2048,205.381
2048,32,2,4096,299.016
2048,32,2,8192,485.826
2048,32,2,16384,860.331
2048,32,2,32768,1612.86
2048,32,4,16,194.052
2048,32,4,32,193.946
2048,32,4,64,194.341
2048,32,4,128,195.183
2048,32,4,256,195.387
2048,32,4,512,199.739
2048,32,4,1024,200.144
2048,32,4,2048,218.181
2048,32,4,4096,312.851
2048,32,4,8192,499.309
2048,32,4,16384,874.273
2048,32,4,32768,1625.39
2048,32,8,16,198.523
2048,32,8,32,198.352
2048,32,8,64,198
2048,32,8,128,200.091
2048,32,8,256,203.194
2048,32,8,512,208.24
2048,32,8,1024,211.92
2048,32,8,2048,242.544
2048,32,8,4096,350.42
2048,32,8,8192,542.382
2048,32,8,16384,927.736
2048,32,8,32768,1697.15
2048,32,16,16,205.53
2048,32,16,32,206.17
2048,32,16,64,205.531
2048,32,16,128,211.408
2048,32,16,256,216.389
2048,32,16,512,226.416
2048,32,16,1024,240.508
2048,32,16,2048,298.749
2048,32,16,4096,449.089
2048,32,16,8192,711.56
2048,32,16,16384,1117.28
2048,32,16,32768,1923.6
2048,32,32,16,223.142
2048,32,32,32,223.152
2048,32,32,64,223.227
2048,32,32,128,232.976
2048,32,32,256,242.364
2048,32,32,512,261.362
2048,32,32,1024,296.647
2048,32,32,2048,413.429
2048,32,32,4096,648.133
2048,32,32,8192,1048.99
2048,32,32,16384,1845.28
2048,32,32,32768,3462.38
2048,32,64,16,260.017
2048,32,64,32,259.462
2048,32,64,64,259.462
2048,32,64,128,278.076
2048,32,64,256,296.029
2048,32,64,512,331.966
2048,32,64,1024,431.809
2048,32,64,2048,639.206
2048,32,64,4096,1020.87
2048,32,64,8192,1788.97
2048,32,64,16384,3370.09
2048,32,64,32768,6585.52
2048,32,128,16,331.934
2048,32,128,32,332.904
2048,32,128,64,333.95
2048,32,128,128,367.562
2048,32,128,256,409.547
2048,32,128,512,507.17
2048,32,128,1024,703.442
2048,32,128,2048,1094.43
2048,32,128,4096,1859.53
2048,32,128,8192,3429.72
2048,32,128,16384,6659.47
2048,32,128,32768,13109.1
2048,64,0,0,189.658
2048,64,1,16,189.072
2048,64,1,32,189.722
2048,64,1,64,189.967
2048,64,1,128,189.829
2048,64,1,256,189.028
2048,64,1,512,193.871
2048,64,1,1024,193.903
2048,64,1,2048,195.28
2048,64,1,4096,289.074
2048,64,1,8192,476.012
2048,64,1,16384,850.709
2048,64,1,32768,1599.99
2048,64,2,16,192.26
2048,64,2,32,192.559
2048,64,2,64,192.443
2048,64,2,128,193.243
2048,64,2,256,193.509
2048,64,2,512,194.437
2048,64,2,1024,195.632
2048,64,2,2048,205.435
2048,64,2,4096,298.846
2048,64,2,8192,486.241
2048,64,2,16384,862.315
2048,64,2,32768,1609.42
2048,64,4,16,194.618
2048,64,4,32,194.747
2048,64,4,64,194.778
2048,64,4,128,194.831
2048,64,4,256,195.354
2048,64,4,512,200.133
2048,64,4,1024,200.571
2048,64,4,2048,218.501
2048,64,4,4096,312.882
2048,64,4,8192,498.753
2048,64,4,16384,874.305
2048,64,4,32768,1624.44
2048,64,8,16,198.49
2048,64,8,32,198.874
2048,64,8,64,198.565
2048,64,8,128,199.525
2048,64,8,256,203.738
2048,64,8,512,208.09
2048,64,8,1024,212.357
2048,64,8,2048,242.876
2048,64,8,4096,350.046
2048,64,8,8192,542.296
2048,64,8,16384,926.871
2048,64,8,32768,1696.76
2048,64,16,16,205.402
2048,64,16,32,205.467
2048,64,16,64,205.51
2048,64,16,128,211.791
2048,64,16,256,216.634
2048,64,16,512,226.396
2048,64,16,1024,240.784
2048,64,16,2048,299.101
2048,64,16,4096,448.385
2048,64,16,8192,712.029
2048,64,16,16384,1115.72
2048,64,16,32768,1924.45
2048,64,32,16,222.523
2048,64,32,32,222.981
2048,64,32,64,223.28
2048,64,32,128,232.998
2048,64,32,256,242.907
2048,64,32,512,261.649
2048,64,32,1024,297.202
2048,64,32,2048,413.6
2048,64,32,4096,648.784
2048,64,32,8192,1048.84
2048,64,32,16384,1848.75
2048,64,32,32768,3453.03
2048,64,64,16,259.259
2048,64,64,32,259.1
2048,64,64,64,259.676
2048,64,64,128,277.649
2048,64,64,256,295.912
2048,64,64,512,331.433
2048,64,64,1024,432.001
2048,64,64,2048,638.415
2048,64,64,4096,1022.64
2048,64,64,8192,1793.05
2048,64,64,16384,3375.14
2048,64,64,32768,6581.21
2048,64,128,16,331.198
2048,64,128,32,332.809
2048,64,128,64,333.8
2048,64,128,128,367.465
2048,64,128,256,409.418
2048,64,128,512,507.106
2048,64,128,1024,702.855
2048,64,128,2048,1094.49
2048,64,128,4096,1862.45
2048,64,128,8192,3423.5
2048,64,128,16384,6653.63
2048,64,128,32768,13106.8
2048,128,0,0,195.631
2048,128,1,16,194.927
2048,128,1,32,195.067
2048,128,1,64,195.216
2048,128,1,128,195.098
2048,128,1,256,195.098
2048,128,1,512,197.061
2048,128,1,1024,198.373
2048,128,1,2048,200.399
2048,128,1,4096,293.512
2048,128,1,8192,481.431
2048,128,1,16384,856.682
2048,128,1,32768,1604.88
2048,128,2,16,195.653
2048,128,2,32,196.016
2048,128,2,64,196.133
2048,128,2,128,196.411
2048,128,2,256,197.306
2048,128,2,512,201.338
2048,128,2,1024,200.059
2048,128,2,2048,209.787
2048,128,2,4096,303.336
2048,128,2,8192,491.095
2048,128,2,16384,864.597
2048,128,2,32768,1613.56
2048,128,4,16,198.885
2048,128,4,32,198.81
2048,128,4,64,198.725
2048,128,4,128,199.867
2048,128,4,256,200.549
2048,128,4,512,204.186
2048,128,4,1024,206.48
2048,128,4,2048,223.046
2048,128,4,4096,317.086
2048,128,4,8192,504.397
2048,128,4,16384,878.656
2048,128,4,32768,1630.69
2048,128,8,16,203.547
2048,128,8,32,203.61
2048,128,8,64,203.792
2048,128,8,128,204.528
2048,128,8,256,207.28
2048,128,8,512,211.643
2048,128,8,1024,216.315
2048,128,8,2048,249.394
2048,128,8,4096,356.478
2048,128,8,8192,549.069
2048,128,8,16384,933.389
2048,128,8,32768,1703.78
2048,128,16,16,210.053
2048,128,16,32,210.533
2048,128,16,64,210.31
2048,128,16,128,215.59
2048,128,16,256,220.635
2048,128,16,512,231.174
2048,128,16,1024,243.814
2048,128,16,2048,303.751
2048,128,16,4096,453.515
2048,128,16,8192,725.138
2048,128,16,16384,1129.29
2048,128,16,32768,1938.22
2048,128,32,16,226.694
2048,128,32,32,227.12
2048,128,32,64,227.387
2048,128,32,128,237.809
2048,128,32,256,247.494
2048,128,32,512,265.97
2048,128,32,1024,302.301
2048,128,32,2048,418.133
2048,128,32,4096,653.254
2048,128,32,8192,1057.09
2048,128,32,16384,1854.92
2048,128,32,32768,3457.33
2048,128,64,16,263.442
2048,128,64,32,263.217
2048,128,64,64,264.316
2048,128,64,128,281.234
2048,128,64,256,301.245
2048,128,64,512,335.081
2048,128,64,1024,437.312
2048,128,64,2048,644.261
2048,128,64,4096,1029.17
2048,128,64,8192,1791.71
2048,128,64,16384,3373.8
2048,128,64,32768,6587.19
2048,128,128,16,335.582
2048,128,128,32,336.488
2048,128,128,64,338.6
2048,128,128,128,371.37
2048,128,128,256,415.189
2048,128,128,512,512.588
2048,128,128,1024,708.786
2048,128,128,2048,1099.28
2048,128,128,4096,1867.1
2048,128,128,8192,3433.32
2048,128,128,16384,6652.89
2048,128,128,32768,13140.7
2048,256,0,0,209.872
2048,256,1,16,212.155
2048,256,1,32,212.347
2048,256,1,64,212.209
2048,256,1,128,212.166
2048,256,1,256,212.145
2048,256,1,512,212.303
2048,256,1,1024,212.955
2048,256,1,2048,214.32
2048,256,1,4096,302.226
2048,256,1,8192,489.74
2048,256,1,16384,863.168
2048,256,1,32768,1612.57
2048,256,2,16,211.771
2048,256,2,32,211.845
2048,256,2,64,211.621
2048,256,2,128,211.493
2048,256,2,256,211.878
2048,256,2,512,213.605
2048,256,2,1024,213.083
2048,256,2,2048,219.12
2048,256,2,4096,312.627
2048,256,2,8192,500.247
2048,256,2,16384,874.72
2048,256,2,32768,1625.68
2048,256,4,16,214.16
2048,256,4,32,213.862
2048,256,4,64,214.032
2048,256,4,128,213.65
2048,256,4,256,213.415
2048,256,4,512,218.717
2048,256,4,1024,219.261
2048,256,4,2048,229.906
2048,256,4,4096,327.271
2048,256,4,8192,512.89
2048,256,4,16384,887.445
2048,256,4,32768,1637.61
2048,256,8,16,215.965
2048,256,8,32,216.381
2048,256,8,64,215.911
2048,256,8,128,217.704
2048,256,8,256,221.256
2048,256,8,512,227.027
2048,256,8,1024,230.419
2048,256,8,2048,261.928
2048,256,8,4096,370.78
2048,256,8,8192,561.487
2048,256,8,16384,947.658
2048,256,8,32768,1716.9
2048,256,16,16,223.165
2048,256,16,32,223.549
2048,256,16,64,223.539
2048,256,16,128,228.776
2048,256,16,256,233.917
2048,256,16,512,246.099
2048,256,16,1024,257.532
2048,256,16,2048,315.218
2048,256,16,4096,469.467
2048,256,16,8192,747.234
2048,256,16,16384,1151.88
2048,256,16,32768,1959.32
2048,256,32,16,239.752
2048,256,32,32,240.221
2048,256,32,64,240.381
2048,256,32,128,251.123
2048,256,32,256,261.373
2048,256,32,512,280.168
2048,256,32,1024,319.527
2048,256,32,2048,429.414
2048,256,32,4096,664.568
2048,256,32,8192,1075.2
2048,256,32,16384,1870.58
2048,256,32,32768,3477.65
2048,256,64,16,276.605
2048,256,64,32,276.882
2048,256,64,64,277.587
2048,256,64,128,295.57
2048,256,64,256,314.621
2048,256,64,512,349.521
2048,256,64,1024,448.23
2048,256,64,2048,658.521
2048,256,64,4096,1040.24
2048,256,64,8192,1805.3
2048,256,64,16384,3377.58
2048,256,64,32768,6587.15
2048,256,128,16,350.108
2048,256,128,32,351.025
2048,256,128,64,352.796
2048,256,128,128,385.532
2048,256,128,256,426.044
2048,256,128,512,523.621
2048,256,128,1024,720.121
2048,256,128,2048,1113.06
2048,256,128,4096,1876.66
2048,256,128,8192,3434.13
2048,256,128,16384,6658.31
2048,256,128,32768,13114.3
2048,512,0,0,238.249
2048,512,1,16,239.123
2048,512,1,32,239.209
2048,512,1,64,239.07
2048,512,1,128,239.283
2048,512,1,256,239.177
2048,512,1,512,239.198
2048,512,1,1024,240.52
2048,512,1,2048,242.099
2048,512,1,4096,318.621
2048,512,1,8192,506.14
2048,512,1,16384,880.025
2048,512,1,32768,1630.36
2048,512,2,16,240.19
2048,512,2,32,240.19
2048,512,2,64,240.798
2048,512,2,128,240.137
2048,512,2,256,240.457
2048,512,2,512,240.52
2048,512,2,1024,242.27
2048,512,2,2048,245.299
2048,512,2,4096,330.909
2048,512,2,8192,518.662
2048,512,2,16384,893.678
2048,512,2,32768,1644.53
2048,512,4,16,239.827
2048,512,4,32,239.774
2048,512,4,64,239.593
2048,512,4,128,241.001
2048,512,4,256,240.574
2048,512,4,512,245.577
2048,512,4,1024,246.462
2048,512,4,2048,251.049
2048,512,4,4096,346.429
2048,512,4,8192,534.566
2048,512,4,16384,908.974
2048,512,4,32768,1659.11
2048,512,8,16,240.489
2048,512,8,32,240.403
2048,512,8,64,240.862
2048,512,8,128,243.892
2048,512,8,256,246.622
2048,512,8,512,251.218
2048,512,8,1024,255.944
2048,512,8,2048,283.346
2048,512,8,4096,396.402
2048,512,8,8192,588.06
2048,512,8,16384,972.099
2048,512,8,32768,1741.88
2048,512,16,16,250.163
2048,512,16,32,249.705
2048,512,16,64,250.846
2048,512,16,128,256.116
2048,512,16,256,259.358
2048,512,16,512,271.689
2048,512,16,1024,291.987
2048,512,16,2048,337.448
2048,512,16,4096,493.532
2048,512,16,8192,793.135
2048,512,16,16384,1197.2
2048,512,16,32768,2004.78
2048,512,32,16,266.707
2048,512,32,32,266.697
2048,512,32,64,266.942
2048,512,32,128,277.417
2048,512,32,256,287.432
2048,512,32,512,305.512
2048,512,32,1024,348.296
2048,512,32,2048,448.807
2048,512,32,4096,686.363
2048,512,32,8192,1108.57
2048,512,32,16384,1902.04
2048,512,32,32768,3514.7
2048,512,64,16,302.099
2048,512,64,32,301.982
2048,512,64,64,303.198
2048,512,64,128,322.089
2048,512,64,256,341.576
2048,512,64,512,378.483
2048,512,64,1024,469.724
2048,512,64,2048,682.47
2048,512,64,4096,1069.48
2048,512,64,8192,1828.93
2048,512,64,16384,3387.49
2048,512,64,32768,6587.99
2048,512,128,16,376.499
2048,512,128,32,377.459
2048,512,128,64,378.739
2048,512,128,128,413.982
2048,512,128,256,447.315
2048,512,128,512,545.425
2048,512,128,1024,741.169
2048,512,128,2048,1139.08
2048,512,128,4096,1903.33
2048,512,128,8192,3447.41
2048,512,128,16384,6659.14
2048,512,128,32768,13123.3
2048,1024,0,0,293.545
2048,1024,1,16,292.958
2048,1024,1,32,292.82
2048,1024,1,64,293.641
2048,1024,1,128,293.578
2048,1024,1,256,293.438
2048,1024,1,512,293.076
2048,1024,1,1024,293.14
2048,1024,1,2048,294.346
2048,1024,1,4096,348.723
2048,1024,1,8192,537.106
2048,1024,1,16384,911.121
2048,1024,1,32768,1663.23
2048,1024,2,16,293.076
2048,1024,2,32,293.193
2048,1024,2,64,293.129
2048,1024,2,128,292.863
2048,1024,2,256,293.097
2048,1024,2,512,292.927
2048,1024,2,1024,295.113
2048,1024,2,2048,294.473
2048,1024,2,4096,361.033
2048,1024,2,8192,548.84
2048,1024,2,16384,922.278
2048,1024,2,32768,1674.93
2048,1024,4,16,292.863
2048,1024,4,32,292.564
2048,1024,4,64,293.066
2048,1024,4,128,292.553
2048,1024,4,256,292.777
2048,1024,4,512,296.073
2048,1024,4,1024,299.059
2048,1024,4,2048,306.248
2048,1024,4,4096,390.451
2048,1024,4,8192,582.344
2048,1024,4,16384,963.75
2048,1024,4,32768,1736.94
2048,1024,8,16,294.164
2048,1024,8,32,294.324
2048,1024,8,64,294.644
2048,1024,8,128,293.673
2048,1024,8,256,298.025
2048,1024,8,512,303.156
2048,1024,8,1024,309.79
2048,1024,8,2048,341.289
2048,1024,8,4096,435.784
2048,1024,8,8192,639.347
2048,1024,8,16384,1024.04
2048,1024,8,32768,1792.44
2048,1024,16,16,299.7
2048,1024,16,32,299.156
2048,1024,16,64,299.977
2048,1024,16,128,305.3
2048,1024,16,256,312.041
2048,1024,16,512,322.036
2048,1024,16,1024,350.292
2048,1024,16,2048,377.001
2048,1024,16,4096,529.907
2048,1024,16,8192,826.141
2048,1024,16,16384,1286.92
2048,1024,16,32768,2094.44
2048,1024,32,16,316.841
2048,1024,32,32,316.756
2048,1024,32,64,316.874
2048,1024,32,128,327.828
2048,1024,32,256,339.977
2048,1024,32,512,359.882
2048,1024,32,1024,399.924
2048,1024,32,2048,481.726
2048,1024,32,4096,731.56
2048,1024,32,8192,1174.77
2048,1024,32,16384,1979.43
2048,1024,32,32768,3571.94
2048,1024,64,16,352.169
2048,1024,64,32,352.18
2048,1024,64,64,353.322
2048,1024,64,128,373.919
2048,1024,64,256,395.966
2048,1024,64,512,433.407
2048,1024,64,1024,511.433
2048,1024,64,2048,722.643
2048,1024,64,4096,1120.79
2048,1024,64,8192,1889.07
2048,1024,64,16384,3424.21
2048,1024,64,32768,6628.57
2048,1024,128,16,429.641
2048,1024,128,32,430.473
2048,1024,128,64,432.361
2048,1024,128,128,466.26
2048,1024,128,256,502.111
2048,1024,128,512,588.809
2048,1024,128,1024,783.539
2048,1024,128,2048,1184.3
2048,1024,128,4096,1959.11
2048,1024,128,8192,3484.97
2048,1024,128,16384,6663.79
2048,1024,128,32768,13119.2
2048,2048,0,0,387.125
2048,2048,1,16,386.676
2048,2048,1,32,387.135
2048,2048,1,64,387.082
2048,2048,1,128,387.103
2048,2048,1,256,386.932
2048,2048,1,512,387.583
2048,2048,1,1024,390.346
2048,2048,1,2048,391.712
2048,2048,1,4096,406.506
2048,2048,1,8192,593.791
2048,2048,1,16384,966.729
2048,2048,1,32768,1714.65
2048,2048,2,16,387.371
2048,2048,2,32,387.604
2048,2048,2,64,387.487
2048,2048,2,128,387.615
2048,2048,2,256,387.391
2048,2048,2,512,386.922
2048,2048,2,1024,390.293
2048,2048,2,2048,396.554
2048,2048,2,4096,432.779
2048,2048,2,8192,631.22
2048,2048,2,16384,1006.34
2048,2048,2,32768,1757.7
2048,2048,4,16,387.722
2048,2048,4,32,387.796
2048,2048,4,64,387.989
2048,2048,4,128,387.584
2048,2048,4,256,388.18
2048,2048,4,512,394.336
2048,2048,4,1024,399.135
2048,2048,4,2048,422.645
2048,2048,4,4096,468.938
2048,2048,4,8192,676.831
2048,2048,4,16384,1061.21
2048,2048,4,32768,1830.61
2048,2048,8,16,390.186
2048,2048,8,32,389.887
2048,2048,8,64,390.111
2048,2048,8,128,390.645
2048,2048,8,256,396.49
2048,2048,8,512,405.482
2048,2048,8,1024,431.669
2048,2048,8,2048,449.504
2048,2048,8,4096,527.242
2048,2048,8,8192,735.316
2048,2048,8,16384,1120
2048,2048,8,32768,1890.46
2048,2048,16,16,397.258
2048,2048,16,32,397.994
2048,2048,16,64,397.589
2048,2048,16,128,403.434
2048,2048,16,256,410.26
2048,2048,16,512,426.442
2048,2048,16,1024,453.717
2048,2048,16,2048,493.908
2048,2048,16,4096,615.455
2048,2048,16,8192,927.103
2048,2048,16,16384,1460.83
2048,2048,16,32768,2269.44
2048,2048,32,16,411.103
2048,2048,32,32,411.264
2048,2048,32,64,411.669
2048,2048,32,128,423.317
2048,2048,32,256,434.805
2048,2048,32,512,464.042
2048,2048,32,1024,504.352
2048,2048,32,2048,589.002
2048,2048,32,4096,811.541
2048,2048,32,8192,1289.13
2048,2048,32,16384,2113.8
2048,2048,32,32768,3709.42
2048,2048,64,16,447.861
2048,2048,64,32,446.955
2048,2048,64,64,447.701
2048,2048,64,128,472.042
2048,2048,64,256,499.103
2048,2048,64,512,540.202
2048,2048,64,1024,617.098
2048,2048,64,2048,809.653
2048,2048,64,4096,1222.37
2048,2048,64,8192,2010.83
2048,2048,64,16384,3514.53
2048,2048,64,32768,6674.14
2048,2048,128,16,531.723
2048,2048,128,32,532.48
2048,2048,128,64,533.451
2048,2048,128,128,573.312
2048,2048,128,256,611.989
2048,2048,128,512,682.272
2048,2048,128,1024,870.165
2048,2048,128,2048,1268.11
2048,2048,128,4096,2070.54
2048,2048,128,8192,3576.54
2048,2048,128,16384,6678.42
2048,2048,128,32768,13143.5
2048,4096,0,0,573.579
2048,4096,1,16,573.419
2048,4096,1,32,573.75
2048,4096,1,64,573.205
2048,4096,1,128,573.344
2048,4096,1,256,573.185
2048,4096,1,512,572.961
2048,4096,1,1024,575.904
2048,4096,1,2048,578.539
2048,4096,1,4096,578.261
2048,4096,1,8192,687.744
2048,4096,1,16384,1060.96
2048,4096,1,32768,1810.1
2048,4096,2,16,574.176
2048,4096,2,32,574.059
2048,4096,2,64,573.696
2048,4096,2,128,573.899
2048,4096,2,256,573.867
2048,4096,2,512,574.294
2048,4096,2,1024,576.96
2048,4096,2,2048,583.008
2048,4096,2,4096,582.422
2048,4096,2,8192,805.622
2048,4096,2,16384,1206.77
2048,4096,2,32768,1972.17
2048,4096,4,16,574.059
2048,4096,4,32,573.793
2048,4096,4,64,573.803
2048,4096,4,128,573.387
2048,4096,4,256,573.857
2048,4096,4,512,580.715
2048,4096,4,1024,586.348
2048,4096,4,2048,586.038
2048,4096,4,4096,709.665
2048,4096,4,8192,847.969
2048,4096,4,16384,1248.47
2048,4096,4,32768,2016.42
2048,4096,8,16,576.001
2048,4096,8,32,575.787
2048,4096,8,64,575.755
2048,4096,8,128,577.196
2048,4096,8,256,583.68
2048,4096,8,512,591.649
2048,4096,8,1024,615.254
2048,4096,8,2048,669.483
2048,4096,8,4096,730.071
2048,4096,8,8192,907.01
2048,4096,8,16384,1306.77
2048,4096,8,32768,2073.03
2048,4096,16,16,583.393
2048,4096,16,32,585.078
2048,4096,16,64,583.691
2048,4096,16,128,589.207
2048,4096,16,256,596.267
2048,4096,16,512,610.316
2048,4096,16,1024,639.126
2048,4096,16,2048,720.993
2048,4096,16,4096,775.094
2048,4096,16,8192,1091.94
2048,4096,16,16384,1637.95
2048,4096,16,32768,2624.46
2048,4096,32,16,597.132
2048,4096,32,32,597.622
2048,4096,32,64,597.814
2048,4096,32,128,608.663
2048,4096,32,256,620.385
2048,4096,32,512,646.369
2048,4096,32,1024,704.044
2048,4096,32,2048,786.764
2048,4096,32,4096,971.65
2048,4096,32,8192,1475.38
2048,4096,32,16384,2379.26
2048,4096,32,32768,3993.5
2048,4096,64,16,631.137
2048,4096,64,32,631.073
2048,4096,64,64,632.599
2048,4096,64,128,654.796
2048,4096,64,256,680.812
2048,4096,64,512,733.559
2048,4096,64,1024,830.231
2048,4096,64,2048,992.717
2048,4096,64,4096,1387.96
2048,4096,64,8192,2205.8
2048,4096,64,16384,3787.99
2048,4096,64,32768,6798.63
2048,4096,128,16,716.098
2048,4096,128,32,717.207
2048,4096,128,64,719.713
2048,4096,128,128,764.162
2048,4096,128,256,812.066
2048,4096,128,512,899.831
2048,4096,128,1024,1044.11
2048,4096,128,2048,1434.85
2048,4096,128,4096,2247.73
2048,4096,128,8192,3828.69
2048,4096,128,16384,6839.77
2048,4096,128,32768,13128.1
2048,8192,0,0,946.649
2048,8192,1,16,946.766
2048,8192,1,32,945.027
2048,8192,1,64,945.923
2048,8192,1,128,946.403
2048,8192,1,256,946.873
2048,8192,1,512,945.304
2048,8192,1,1024,949.517
2048,8192,1,2048,949.816
2048,8192,1,4096,950.894
2048,8192,1,8192,949.849
2048,8192,1,16384,1249.34
2048,8192,1,32768,2000.75
2048,8192,2,16,946.765
2048,8192,2,32,947.608
2048,8192,2,64,946.403
2048,8192,2,128,946.425
2048,8192,2,256,946.649
2048,8192,2,512,948.057
2048,8192,2,1024,949.027
2048,8192,2,2048,954.169
2048,8192,2,4096,953.774
2048,8192,2,8192,954.009
2048,8192,2,16384,1565.24
2048,8192,2,32768,2353.68
2048,8192,4,16,944.985
2048,8192,4,32,946.99
2048,8192,4,64,946.819
2048,8192,4,128,946.51
2048,8192,4,256,946.286
2048,8192,4,512,950.905
2048,8192,4,1024,958.393
2048,8192,4,2048,958.041
2048,8192,4,4096,958.361
2048,8192,4,8192,1271.6
2048,8192,4,16384,1604.19
2048,8192,4,32768,2389.38
2048,8192,8,16,947.715
2048,8192,8,32,948.185
2048,8192,8,64,947.438
2048,8192,8,128,949.038
2048,8192,8,256,954.777
2048,8192,8,512,963.843
2048,8192,8,1024,989.21
2048,8192,8,2048,1037.07
2048,8192,8,4096,1137.7
2048,8192,8,8192,1290.52
2048,8192,8,16384,1663.14
2048,8192,8,32768,2447.9
2048,8192,16,16,956.526
2048,8192,16,32,955.577
2048,8192,16,64,956.004
2048,8192,16,128,961.39
2048,8192,16,256,967.779
2048,8192,16,512,982.18
2048,8192,16,1024,1007.69
2048,8192,16,2048,1073.07
2048,8192,16,4096,1193.92
2048,8192,16,8192,1336.68
2048,8192,16,16384,2044.64
2048,8192,16,32768,3183.84
2048,8192,32,16,969.508
2048,8192,32,32,969.241
2048,8192,32,64,969.497
2048,8192,32,128,980.9
2048,8192,32,256,993.017
2048,8192,32,512,1013.89
2048,8192,32,1024,1071.57
2048,8192,32,2048,1173.82
2048,8192,32,4096,1353.3
2048,8192,32,8192,1727.64
2048,8192,32,16384,2827.1
2048,8192,32,32768,4514.96
2048,8192,64,16,1003.21
2048,8192,64,32,1004.77
2048,8192,64,64,1004.43
2048,8192,64,128,1026.02
2048,8192,64,256,1047.67
2048,8192,64,512,1097.44
2048,8192,64,1024,1202.96
2048,8192,64,2048,1400.65
2048,8192,64,4096,1755.71
2048,8192,64,8192,2540.14
2048,8192,64,16384,4168.11
2048,8192,64,32768,7373.57
2048,8192,128,16,1084.73
2048,8192,128,32,1084.55
2048,8192,128,64,1086.66
2048,8192,128,128,1131.64
2048,8192,128,256,1178.99
2048,8192,128,512,1274.51
2048,8192,128,1024,1464.58
2048,8192,128,2048,1788.06
2048,8192,128,4096,2591.07
2048,8192,128,8192,4216
2048,8192,128,16384,7393.52
2048,8192,128,32768,13444.7
2048,16384,0,0,1691.65
2048,16384,1,16,1690.65
2048,16384,1,32,1693.24
2048,16384,1,64,1691.92
2048,16384,1,128,1693.57
2048,16384,1,256,1691.96
2048,16384,1,512,1689.89
2048,16384,1,1024,1693.36
2048,16384,1,2048,1695.43
2048,16384,1,4096,1699.32
2048,16384,1,8192,1695.31
2048,16384,1,16384,1696
2048,16384,1,32768,2380.96
2048,16384,2,16,1693.56
2048,16384,2,32,1692.28
2048,16384,2,64,1691.48
2048,16384,2,128,1693.08
2048,16384,2,256,1691.87
2048,16384,2,512,1693.85
2048,16384,2,1024,1695.6
2048,16384,2,2048,1699.17
2048,16384,2,4096,1698.74
2048,16384,2,8192,1700.92
2048,16384,2,16384,1698.94
2048,16384,2,32768,3099.37
2048,16384,4,16,1690.4
2048,16384,4,32,1690.71
2048,16384,4,64,1691.97
2048,16384,4,128,1692.48
2048,16384,4,256,1690.99
2048,16384,4,512,1696.19
2048,16384,4,1024,1704.66
2048,16384,4,2048,1707.32
2048,16384,4,4096,1707.43
2048,16384,4,8192,1705.44
2048,16384,4,16384,2393.68
2048,16384,4,32768,3124.95
2048,16384,8,16,1692.61
2048,16384,8,32,1691.03
2048,16384,8,64,1693.56
2048,16384,8,128,1696.25
2048,16384,8,256,1704.16
2048,16384,8,512,1708.64
2048,16384,8,1024,1734.39
2048,16384,8,2048,1783.15
2048,16384,8,4096,1877.48
2048,16384,8,8192,2100.59
2048,16384,8,16384,2421.74
2048,16384,8,32768,3180.65
2048,16384,16,16,1705.77
2048,16384,16,32,1704.01
2048,16384,16,64,1703.41
2048,16384,16,128,1711.16
2048,16384,16,256,1714.14
2048,16384,16,512,1727.88
2048,16384,16,1024,1753.8
2048,16384,16,2048,1803.43
2048,16384,16,4096,1924.8
2048,16384,16,8192,2132.44
2048,16384,16,16384,2459.8
2048,16384,16,32768,3947
2048,16384,32,16,1713.91
2048,16384,32,32,1714.9
2048,16384,32,64,1715.18
2048,16384,32,128,1727.14
2048,16384,32,256,1738.07
2048,16384,32,512,1758.01
2048,16384,32,1024,1812.75
2048,16384,32,2048,1918.27
2048,16384,32,4096,2114.72
2048,16384,32,8192,2486.32
2048,16384,32,16384,3257.23
2048,16384,32,32768,5524.88
2048,16384,64,16,1750.2
2048,16384,64,32,1750.18
2048,16384,64,64,1751.8
2048,16384,64,128,1771.08
2048,16384,64,256,1793.81
2048,16384,64,512,1837.47
2048,16384,64,1024,1939.41
2048,16384,64,2048,2142.61
2048,16384,64,4096,2536.04
2048,16384,64,8192,3265.03
2048,16384,64,16384,4848.86
2048,16384,64,32768,8095.18
2048,16384,128,16,1827.76
2048,16384,128,32,1828.2
2048,16384,128,64,1831.01
2048,16384,128,128,1875.27
2048,16384,128,256,1916
2048,16384,128,512,2008.76
2048,16384,128,1024,2197.28
2048,16384,128,2048,2583.51
2048,16384,128,4096,3282.73
2048,16384,128,8192,4910.69
2048,16384,128,16384,8160.08
2048,16384,128,32768,14570
2048,32768,0,0,3190.43
2048,32768,1,16,3191.31
2048,32768,1,32,3192.25
2048,32768,1,64,3190.19
2048,32768,1,128,3189.91
2048,32768,1,256,3190.78
2048,32768,1,512,3190.38
2048,32768,1,1024,3191.65
2048,32768,1,2048,3193.69
2048,32768,1,4096,3193.31
2048,32768,1,8192,3193.91
2048,32768,1,16384,3197.49
2048,32768,1,32768,3193.34
2048,32768,2,16,3191.7
2048,32768,2,32,3188.24
2048,32768,2,64,3188.24
2048,32768,2,128,3190.23
2048,32768,2,256,3189.45
2048,32768,2,512,3189.46
2048,32768,2,1024,3192.16
2048,32768,2,2048,3199.03
2048,32768,2,4096,3194.7
2048,32768,2,8192,3198.2
2048,32768,2,16384,3195.69
2048,32768,2,32768,3197.87
2048,32768,4,16,3191.12
2048,32768,4,32,3188.55
2048,32768,4,64,3190.56
2048,32768,4,128,3189.28
2048,32768,4,256,3191.07
2048,32768,4,512,3193.07
2048,32768,4,1024,3199.84
2048,32768,4,2048,3201.94
2048,32768,4,4096,3204.99
2048,32768,4,8192,3203.17
2048,32768,4,16384,3201.72
2048,32768,4,32768,4648.51
2048,32768,8,16,3188.87
2048,32768,8,32,3190.86
2048,32768,8,64,3187.37
2048,32768,8,128,3191.81
2048,32768,8,256,3198.26
2048,32768,8,512,3205.79
2048,32768,8,1024,3231.17
2048,32768,8,2048,3278.69
2048,32768,8,4096,3379.33
2048,32768,8,8192,3571.42
2048,32768,8,16384,3981.91
2048,32768,8,32768,4685.51
2048,32768,16,16,3200.23
2048,32768,16,32,3198.48
2048,32768,16,64,3201.42
2048,32768,16,128,3206.54
2048,32768,16,256,3211.85
2048,32768,16,512,3225.42
2048,32768,16,1024,3249.1
2048,32768,16,2048,3297.7
2048,32768,16,4096,3399.31
2048,32768,16,8192,3617.47
2048,32768,16,16384,4035.82
2048,32768,16,32768,4734.54
2048,32768,32,16,3209.72
2048,32768,32,32,3210.94
2048,32768,32,64,3213.34
2048,32768,32,128,3222.89
2048,32768,32,256,3235.18
2048,32768,32,512,3256.52
2048,32768,32,1024,3307.21
2048,32768,32,2048,3406.88
2048,32768,32,4096,3609.79
2048,32768,32,8192,4002.19
2048,32768,32,16384,4772.73
2048,32768,32,32768,6289.66
2048,32768,64,16,3245.66
2048,32768,64,32,3248.48
2048,32768,64,64,3247.01
2048,32768,64,128,3265.98
2048,32768,64,256,3287
2048,32768,64,512,3331.9
2048,32768,64,1024,3422.29
2048,32768,64,2048,3632.28
2048,32768,64,4096,4028.11
2048,32768,64,8192,4813.82
2048,32768,64,16384,6325.18
2048,32768,64,32768,9560.56
2048,32768,128,16,3324.07
2048,32768,128,32,3324.62
2048,32768,128,64,3329.69
2048,32768,128,128,3370.76
2048,32768,128,256,3410.89
2048,32768,128,512,3499.6
2048,32768,128,1024,3687.84
2048,32768,128,2048,4051.84
2048,32768,128,4096,4860.95
2048,32768,128,8192,6303.47
2048,32768,128,16384,9562.43
2048,32768,128,32768,16026.6
4096,0,0,0,520.122
4096,0,1,16,522.137
4096,0,1,32,521.445
4096,0,1,64,521.274
4096,0,1,128,522.682
4096,0,1,256,522.789
4096,0,1,512,523.471
4096,0,1,1024,524.208
4096,0,1,2048,528.41
4096,0,1,4096,541.274
4096,0,1,8192,730.524
4096,0,1,16384,1107.75
4096,0,1,32768,1855.75
4096,0,2,16,524.441
4096,0,2,32,523.909
4096,0,2,64,524.72
4096,0,2,128,525.039
4096,0,2,256,524.954
4096,0,2,512,528.399
4096,0,2,1024,528.933
4096,0,2,2048,532.293
4096,0,2,4096,563.163
4096,0,2,8192,760.892
4096,0,2,16384,1145.74
4096,0,2,32768,1911.83
4096,0,4,16,526.724
4096,0,4,32,527.109
4096,0,4,64,527.44
4096,0,4,128,528.741
4096,0,4,256,529.466
4096,0,4,512,531.088
4096,0,4,1024,533.626
4096,0,4,2048,545.423
4096,0,4,4096,592.944
4096,0,4,8192,805.469
4096,0,4,16384,1188.6
4096,0,4,32768,1958.81
4096,0,8,16,532.879
4096,0,8,32,532.197
4096,0,8,64,533.028
4096,0,8,128,535.184
4096,0,8,256,537.467
4096,0,8,512,540.175
4096,0,8,1024,548.987
4096,0,8,2048,574.17
4096,0,8,4096,646.662
4096,0,8,8192,879.283
4096,0,8,16384,1279.23
4096,0,8,32768,2051.14
4096,0,16,16,546.96
4096,0,16,32,547.269
4096,0,16,64,547.247
4096,0,16,128,553.456
4096,0,16,256,557.403
4096,0,16,512,565.659
4096,0,16,1024,580.998
4096,0,16,2048,625.862
4096,0,16,4096,754.855
4096,0,16,8192,1047.97
4096,0,16,16384,1657.63
4096,0,16,32768,2519.5
4096,0,32,16,581.147
4096,0,32,32,581.146
4096,0,32,64,580.656
4096,0,32,128,588.25
4096,0,32,256,595.217
4096,0,32,512,611.184
4096,0,32,1024,645.308
4096,0,32,2048,719.046
4096,0,32,4096,956.884
4096,0,32,8192,1437
4096,0,32,16384,2256.02
4096,0,32,32768,3856.63
4096,0,64,16,635.003
4096,0,64,32,635.697
4096,0,64,64,636.347
4096,0,64,128,651.665
4096,0,64,256,667.334
4096,0,64,512,699.132
4096,0,64,1024,775.207
4096,0,64,2048,990.015
4096,0,64,4096,1406.21
4096,0,64,8192,2178.02
4096,0,64,16384,3720.43
4096,0,64,32768,6779.52
4096,0,128,16,737.607
4096,0,128,32,739.474
4096,0,128,64,740.231
4096,0,128,128,774.536
4096,0,128,256,815.368
4096,0,128,512,913.546
4096,0,128,1024,1108.69
4096,0,128,2048,1502.57
4096,0,128,4096,2294.04
4096,0,128,8192,3836.71
4096,0,128,16384,6910.54
4096,0,128,32768,13283.2
4096,16,0,0,536.037
4096,16,1,16,536.358
4096,16,1,32,535.376
4096,16,1,64,536.08
4096,16,1,128,535.504
4096,16,1,256,536.369
4096,16,1,512,538.363
4096,16,1,1024,537.926
4096,16,1,2048,538.736
4096,16,1,4096,550.352
4096,16,1,8192,742.419
4096,16,1,16384,1115.23
4096,16,1,32768,1864.75
4096,16,2,16,536.901
4096,16,2,32,537.286
4096,16,2,64,536.656
4096,16,2,128,537.958
4096,16,2,256,538.342
4096,16,2,512,541.285
4096,16,2,1024,542.202
4096,16,2,2048,547.76
4096,16,2,4096,572.55
4096,16,2,8192,770.259
4096,16,2,16384,1152.88
4096,16,2,32768,1919.27
4096,16,4,16,541.349
4096,16,4,32,541.787
4096,16,4,64,541.627
4096,16,4,128,542.864
4096,16,4,256,545.797
4096,16,4,512,545.211
4096,16,4,1024,548.006
4096,16,4,2048,559.9
4096,16,4,4096,602.779
4096,16,4,8192,817.865
4096,16,4,16384,1203.1
4096,16,4,32768,1969.57
4096,16,8,16,546.939
4096,16,8,32,546.651
4096,16,8,64,545.958
4096,16,8,128,548.358
4096,16,8,256,550.352
4096,16,8,512,556.966
4096,16,8,1024,566.001
4096,16,8,2048,589.169
4096,16,8,4096,657.437
4096,16,8,8192,888.756
4096,16,8,16384,1292.53
4096,16,8,32768,2060.5
4096,16,16,16,563.782
4096,16,16,32,564.251
4096,16,16,64,563.568
4096,16,16,128,568.464
4096,16,16,256,569.616
4096,16,16,512,579.111
4096,16,16,1024,595.772
4096,16,16,2048,638.749
4096,16,16,4096,766.461
4096,16,16,8192,1057.4
4096,16,16,16384,1667.76
4096,16,16,32768,2543.22
4096,16,32,16,594.002
4096,16,32,32,595.153
4096,16,32,64,593.564
4096,16,32,128,602.076
4096,16,32,256,611.537
4096,16,32,512,627.004
4096,16,32,1024,661.607
4096,16,32,2048,733.65
4096,16,32,4096,966.005
4096,16,32,8192,1449.01
4096,16,32,16384,2267.21
4096,16,32,32768,3881.53
4096,16,64,16,650.407
4096,16,64,32,650.173
4096,16,64,64,650.428
4096,16,64,128,666.514
4096,16,64,256,683.144
4096,16,64,512,715.806
4096,16,64,1024,786.836
4096,16,64,2048,1000.34
4096,16,64,4096,1417.75
4096,16,64,8192,2190.84
4096,16,64,16384,3733.93
4096,16,64,32768,6784.16
4096,16,128,16,754.089
4096,16,128,32,756.062
4096,16,128,64,757.321
4096,16,128,128,788.777
4096,16,128,256,826.132
4096,16,128,512,925.088
4096,16,128,1024,1120.31
4096,16,128,2048,1513.73
4096,16,128,4096,2305.32
4096,16,128,8192,3848.29
4096,16,128,16384,6920.87
4096,16,128,32768,13278
4096,32,0,0,535.761
4096,32,1,16,536.337
4096,32,1,32,536.411
4096,32,1,64,535.75
4096,32,1,128,536.55
4096,32,1,256,537.233
4096,32,1,512,538.652
4096,32,1,1024,539.548
4096,32,1,2048,539.238
4096,32,1,4096,551.335
4096,32,1,8192,740.947
4096,32,1,16384,1117.99
4096,32,1,32768,1863.14
4096,32,2,16,537.766
4096,32,2,32,537.169
4096,32,2,64,537.926
4096,32,2,128,538.022
4096,32,2,256,539.826
4096,32,2,512,540.273
4096,32,2,1024,542.118
4096,32,2,2048,547.441
4096,32,2,4096,572.946
4096,32,2,8192,770.378
4096,32,2,16384,1153.53
4096,32,2,32768,1918.18
4096,32,4,16,541.34
4096,32,4,32,542.033
4096,32,4,64,542.15
4096,32,4,128,541.755
4096,32,4,256,545.98
4096,32,4,512,546.193
4096,32,4,1024,546.289
4096,32,4,2048,560.465
4096,32,4,4096,601.478
4096,32,4,8192,817.023
4096,32,4,16384,1201.4
4096,32,4,32768,1970.97
4096,32,8,16,547.964
4096,32,8,32,546.652
4096,32,8,64,546.598
4096,32,8,128,548.764
4096,32,8,256,551.335
4096,32,8,512,557.063
4096,32,8,1024,566.267
4096,32,8,2048,590.054
4096,32,8,4096,657.405
4096,32,8,8192,889.899
4096,32,8,16384,1292.42
4096,32,8,32768,2061.62
4096,32,16,16,564.454
4096,32,16,32,565.393
4096,32,16,64,564.668
4096,32,16,128,567.868
4096,32,16,256,569.99
4096,32,16,512,580.519
4096,32,16,1024,595.442
4096,32,16,2048,637.82
4096,32,16,4096,765.929
4096,32,16,8192,1057.51
4096,32,16,16384,1665.93
4096,32,16,32768,2544.69
4096,32,32,16,594.289
4096,32,32,32,594.055
4096,32,32,64,594.77
4096,32,32,128,602.973
4096,32,32,256,611.132
4096,32,32,512,626.899
4096,32,32,1024,661.939
4096,32,32,2048,733.247
4096,32,32,4096,965.697
4096,32,32,8192,1447.63
4096,32,32,16384,2266.6
4096,32,32,32768,3874.22
4096,32,64,16,650.355
4096,32,64,32,650.407
4096,32,64,64,650.951
4096,32,64,128,666.824
4096,32,64,256,683.581
4096,32,64,512,715.497
4096,32,64,1024,786.9
4096,32,64,2048,1000.61
4096,32,64,4096,1417.01
4096,32,64,8192,2191.06
4096,32,64,16384,3733.31
4096,32,64,32768,6798.49
4096,32,128,16,756.83
4096,32,128,32,755.87
4096,32,128,64,757.77
4096,32,128,128,787.615
4096,32,128,256,826.357
4096,32,128,512,924.737
4096,32,128,1024,1119.77
4096,32,128,2048,1512.83
4096,32,128,4096,2306.16
4096,32,128,8192,3850.28
4096,32,128,16384,6924.35
4096,32,128,32768,13280.8
4096,64,0,0,536.103
4096,64,1,16,536.38
4096,64,1,32,536.028
4096,64,1,64,536.285
4096,64,1,128,536.166
4096,64,1,256,537.798
4096,64,1,512,538.791
4096,64,1,1024,538.812
4096,64,1,2048,539.964
4096,64,1,4096,550.557
4096,64,1,8192,742.356
4096,64,1,16384,1118.13
4096,64,1,32768,1868.68
4096,64,2,16,538.375
4096,64,2,32,537.574
4096,64,2,64,537.34
4096,64,2,128,538.93
4096,64,2,256,538.482
4096,64,2,512,541.107
4096,64,2,1024,541.948
4096,64,2,2048,547.453
4096,64,2,4096,572.786
4096,64,2,8192,769.994
4096,64,2,16384,1151.87
4096,64,2,32768,1920.11
4096,64,4,16,541.938
4096,64,4,32,541.308
4096,64,4,64,542.119
4096,64,4,128,543.004
4096,64,4,256,545.916
4096,64,4,512,546.13
4096,64,4,1024,546.845
4096,64,4,2048,560.572
4096,64,4,4096,602.269
4096,64,4,8192,817.972
4096,64,4,16384,1200.75
4096,64,4,32768,1970.28
4096,64,8,16,546.738
4096,64,8,32,547.494
4096,64,8,64,545.991
4096,64,8,128,548.551
4096,64,8,256,551.282
4096,64,8,512,557.063
4096,64,8,1024,566.696
4096,64,8,2048,589.447
4096,64,8,4096,656.968
4096,64,8,8192,890.23
4096,64,8,16384,1291.95
4096,64,8,32768,2061.24
4096,64,16,16,564.445
4096,64,16,32,564.071
4096,64,16,64,563.965
4096,64,16,128,568.775
4096,64,16,256,570.365
4096,64,16,512,580.562
4096,64,16,1024,597.416
4096,64,16,2048,637.971
4096,64,16,4096,766.986
4096,64,16,8192,1056.93
4096,64,16,16384,1667.52
4096,64,16,32768,2543.7
4096,64,32,16,594.76
4096,64,32,32,594.974
4096,64,32,64,594.887
4096,64,32,128,603.88
4096,64,32,256,611.645
4096,64,32,512,626.632
4096,64,32,1024,661.864
4096,64,32,2048,734.975
4096,64,32,4096,966.082
4096,64,32,8192,1446.42
4096,64,32,16384,2268.12
4096,64,32,32768,3874.75
4096,64,64,16,649.662
4096,64,64,32,649.566
4096,64,64,64,651.881
4096,64,64,128,667.091
4096,64,64,256,684.201
4096,64,64,512,715.913
4096,64,64,1024,788.479
4096,64,64,2048,1000.49
4096,64,64,4096,1416.89
4096,64,64,8192,2190.51
4096,64,64,16384,3731.71
4096,64,64,32768,6789.24
4096,64,128,16,755.242
4096,64,128,32,756.362
4096,64,128,64,756.885
4096,64,128,128,788.341
4096,64,128,256,826.315
4096,64,128,512,925.292
4096,64,128,1024,1119.9
4096,64,128,2048,1513.26
4096,64,128,4096,2307.74
4096,64,128,8192,3851.08
4096,64,128,16384,6922.44
4096,64,128,32768,13270.7
4096,128,0,0,547.688
4096,128,1,16,546.94
4096,128,1,32,547.804
4096,128,1,64,547.133
4096,128,1,128,547.058
4096,128,1,256,548.637
4096,128,1,512,547.975
4096,128,1,1024,549.106
4096,128,1,2048,551.42
4096,128,1,4096,558.504
4096,128,1,8192,749.92
4096,128,1,16384,1125.89
4096,128,1,32768,1874.59
4096,128,2,16,547.368
4096,128,2,32,547.73
4096,128,2,64,548.157
4096,128,2,128,548.029
4096,128,2,256,549.085
4096,128,2,512,549.897
4096,128,2,1024,550.514
4096,128,2,2048,556.839
4096,128,2,4096,576.509
4096,128,2,8192,781.194
4096,128,2,16384,1165.26
4096,128,2,32768,1933.89
4096,128,4,16,551.858
4096,128,4,32,552.221
4096,128,4,64,551.581
4096,128,4,128,551.986
4096,128,4,256,553.171
4096,128,4,512,557.726
4096,128,4,1024,559.187
4096,128,4,2048,570.088
4096,128,4,4096,612.552
4096,128,4,8192,827.169
4096,128,4,16384,1212.27
4096,128,4,32768,1980.87
4096,128,8,16,556.957
4096,128,8,32,557.608
4096,128,8,64,558.376
4096,128,8,128,560.093
4096,128,8,256,560.903
4096,128,8,512,565.533
4096,128,8,1024,575.508
4096,128,8,2048,601.161
4096,128,8,4096,668.148
4096,128,8,8192,900.322
4096,128,8,16384,1304.8
4096,128,8,32768,2074.64
4096,128,16,16,572.732
4096,128,16,32,573.459
4096,128,16,64,573.32
4096,128,16,128,578.686
4096,128,16,256,583.731
4096,128,16,512,589.779
4096,128,16,1024,607.294
4096,128,16,2048,649.288
4096,128,16,4096,776.533
4096,128,16,8192,1066.89
4096,128,16,16384,1674.74
4096,128,16,32768,2566.76
4096,128,32,16,606.077
4096,128,32,32,606.91
4096,128,32,64,606.601
4096,128,32,128,613.693
4096,128,32,256,619.497
4096,128,32,512,636.307
4096,128,32,1024,669.886
4096,128,32,2048,743.359
4096,128,32,4096,974.926
4096,128,32,8192,1459.51
4096,128,32,16384,2281.09
4096,128,32,32768,3886.2
4096,128,64,16,661.919
4096,128,64,32,662.921
4096,128,64,64,662.89
4096,128,64,128,674.474
4096,128,64,256,692.309
4096,128,64,512,723.753
4096,128,64,1024,797.207
4096,128,64,2048,1010.26
4096,128,64,4096,1428.52
4096,128,64,8192,2204.77
4096,128,64,16384,3743.91
4096,128,64,32768,6812.88
4096,128,128,16,765.717
4096,128,128,32,767.189
4096,128,128,64,768.278
4096,128,128,128,798.39
4096,128,128,256,837.527
4096,128,128,512,936.441
4096,128,128,1024,1131.03
4096,128,128,2048,1524.84
4096,128,128,4096,2318.07
4096,128,128,8192,3865.5
4096,128,128,16384,6936.29
4096,128,128,32768,13286.2
4096,256,0,0,569.022
4096,256,1,16,569.299
4096,256,1,32,569.545
4096,256,1,64,569.726
4096,256,1,128,570.27
4096,256,1,256,569.885
4096,256,1,512,571.166
4096,256,1,1024,572.553
4096,256,1,2048,575.239
4096,256,1,4096,577.811
4096,256,1,8192,772.32
4096,256,1,16384,1150.46
4096,256,1,32768,1901.65
4096,256,2,16,572.883
4096,256,2,32,573.48
4096,256,2,64,573.865
4096,256,2,128,572.84
4096,256,2,256,574.44
4096,256,2,512,574.035
4096,256,2,1024,575.241
4096,256,2,2048,582.664
4096,256,2,4096,601.673
4096,256,2,8192,804.47
4096,256,2,16384,1186.93
4096,256,2,32768,1952.16
4096,256,4,16,575.923
4096,256,4,32,573.832
4096,256,4,64,574.846
4096,256,4,128,575.966
4096,256,4,256,576.35
4096,256,4,512,577.811
4096,256,4,1024,582.707
4096,256,4,2048,595.934
4096,256,4,4096,633.417
4096,256,4,8192,845.858
4096,256,4,16384,1234.8
4096,256,4,32768,2001.51
4096,256,8,16,580.606
4096,256,8,32,582.334
4096,256,8,64,581.054
4096,256,8,128,582.963
4096,256,8,256,585.587
4096,256,8,512,591.646
4096,256,8,1024,599.197
4096,256,8,2048,626.548
4096,256,8,4096,688.853
4096,256,8,8192,925.752
4096,256,8,16384,1330.64
4096,256,8,32768,2098.7
4096,256,16,16,598.035
4096,256,16,32,599.615
4096,256,16,64,599.273
4096,256,16,128,605.214
4096,256,16,256,608.339
4096,256,16,512,615.54
4096,256,16,1024,631.668
4096,256,16,2048,671.103
4096,256,16,4096,799.126
4096,256,16,8192,1086.79
4096,256,16,16384,1694.59
4096,256,16,32768,2610.91
4096,256,32,16,632.586
4096,256,32,32,632.649
4096,256,32,64,632.095
4096,256,32,128,639.284
4096,256,32,256,645.385
4096,256,32,512,661.119
4096,256,32,1024,693.515
4096,256,32,2048,764.833
4096,256,32,4096,991.641
4096,256,32,8192,1481.82
4096,256,32,16384,2308.93
4096,256,32,32768,3920.88
4096,256,64,16,688.223
4096,256,64,32,688.245
4096,256,64,64,689.163
4096,256,64,128,702.165
4096,256,64,256,719.893
4096,256,64,512,748.256
4096,256,64,1024,820.94
4096,256,64,2048,1032.7
4096,256,64,4096,1451.98
4096,256,64,8192,2228.08
4096,256,64,16384,3766.01
4096,256,64,32768,6835.62
4096,256,128,16,790.732
4096,256,128,32,792.14
4096,256,128,64,792.833
4096,256,128,128,820.524
4096,256,128,256,858.487
4096,256,128,512,958.02
4096,256,128,1024,1152.88
4096,256,128,2048,1545.37
4096,256,128,4096,2341.05
4096,256,128,8192,3881.03
4096,256,128,16384,6973.28
4096,256,128,32768,13281.3
4096,512,0,0,613.845
4096,512,1,16,616.222
4096,512,1,32,616.778
4096,512,1,64,615.903
4096,512,1,128,617.642
4096,512,1,256,617.129
4096,512,1,512,618.549
4096,512,1,1024,621.652
4096,512,1,2048,622.335
4096,512,1,4096,629.257
4096,512,1,8192,806.465
4096,512,1,16384,1192.63
4096,512,1,32768,1942.07
4096,512,2,16,618.761
4096,512,2,32,618.686
4096,512,2,64,618.462
4096,512,2,128,618.505
4096,512,2,256,619.849
4096,512,2,512,622.709
4096,512,2,1024,624.084
4096,512,2,2048,631.487
4096,512,2,4096,642.569
4096,512,2,8192,843.896
4096,512,2,16384,1229.78
4096,512,2,32768,2000.49
4096,512,4,16,620.49
4096,512,4,32,620.393
4096,512,4,64,621.567
4096,512,4,128,624.64
4096,512,4,256,625.204
4096,512,4,512,630.09
4096,512,4,1024,637.151
4096,512,4,2048,645.738
4096,512,4,4096,675.008
4096,512,4,8192,885.4
4096,512,4,16384,1281.89
4096,512,4,32768,2050.53
4096,512,8,16,632.351
4096,512,8,32,633.632
4096,512,8,64,634.495
4096,512,8,128,635.177
4096,512,8,256,636.329
4096,512,8,512,643.444
4096,512,8,1024,653.994
4096,512,8,2048,669.643
4096,512,8,4096,732.853
4096,512,8,8192,974.041
4096,512,8,16384,1384.29
4096,512,8,32768,2154.76
4096,512,16,16,649.216
4096,512,16,32,650.399
4096,512,16,64,652.127
4096,512,16,128,655.232
4096,512,16,256,660.735
4096,512,16,512,664.884
4096,512,16,1024,679.029
4096,512,16,2048,718.496
4096,512,16,4096,839.63
4096,512,16,8192,1131.98
4096,512,16,16384,1740.55
4096,512,16,32768,2694.99
4096,512,32,16,683.424
4096,512,32,32,683.84
4096,512,32,64,683.649
4096,512,32,128,690.464
4096,512,32,256,697.494
4096,512,32,512,714.827
4096,512,32,1024,742.326
4096,512,32,2048,815.309
4096,512,32,4096,1031.45
4096,512,32,8192,1524.7
4096,512,32,16384,2362.78
4096,512,32,32768,3972.44
4096,512,64,16,741.985
4096,512,64,32,742.102
4096,512,64,64,742.326
4096,512,64,128,755.958
4096,512,64,256,772.662
4096,512,64,512,802.413
4096,512,64,1024,867.918
4096,512,64,2048,1073.95
4096,512,64,4096,1498.32
4096,512,64,8192,2277.78
4096,512,64,16384,3816.08
4096,512,64,32768,6897.81
4096,512,128,16,835.245
4096,512,128,32,837.315
4096,512,128,64,837.784
4096,512,128,128,864.835
4096,512,128,256,902.862
4096,512,128,512,1002.05
4096,512,128,1024,1197.26
4096,512,128,2048,1588.44
4096,512,128,4096,2388.49
4096,512,128,8192,3933.14
4096,512,128,16384,7015.82
4096,512,128,32768,13294.8
4096,1024,0,0,721.878
4096,1024,1,16,721.227
4096,1024,1,32,721.643
4096,1024,1,64,721.451
4096,1024,1,128,720.81
4096,1024,1,256,720.961
4096,1024,1,512,722.592
4096,1024,1,1024,724.129
4096,1024,1,2048,725.089
4096,1024,1,4096,731.595
4096,1024,1,8192,890.02
4096,1024,1,16384,1274.05
4096,1024,1,32768,2033.21
4096,1024,2,16,722.603
4096,1024,2,32,721.899
4096,1024,2,64,722.881
4096,1024,2,128,723.126
4096,1024,2,256,723.255
4096,1024,2,512,728.225
4096,1024,2,1024,728.044
4096,1024,2,2048,732.203
4096,1024,2,4096,741.985
4096,1024,2,8192,928.569
4096,1024,2,16384,1316.69
4096,1024,2,32768,2082.9
4096,1024,4,16,723.99
4096,1024,4,32,724.299
4096,1024,4,64,724.055
4096,1024,4,128,725.291
4096,1024,4,256,727.435
4096,1024,4,512,731.841
4096,1024,4,1024,737.387
4096,1024,4,2048,741.836
4096,1024,4,4096,762.53
4096,1024,4,8192,969.124
4096,1024,4,16384,1368.61
4096,1024,4,32768,2137.63
4096,1024,8,16,734.871
4096,1024,8,32,733.186
4096,1024,8,64,735.841
4096,1024,8,128,734.679
4096,1024,8,256,738.134
4096,1024,8,512,743.361
4096,1024,8,1024,749.367
4096,1024,8,2048,768.055
4096,1024,8,4096,810.615
4096,1024,8,8192,1059.11
4096,1024,8,16384,1491.94
4096,1024,8,32768,2260.07
4096,1024,16,16,751.17
4096,1024,16,32,751.147
4096,1024,16,64,752.407
4096,1024,16,128,757.836
4096,1024,16,256,761.665
4096,1024,16,512,769.772
4096,1024,16,1024,782.38
4096,1024,16,2048,812.28
4096,1024,16,4096,916.761
4096,1024,16,8192,1229.54
4096,1024,16,16384,1856.32
4096,1024,16,32768,2872.02
4096,1024,32,16,786.989
4096,1024,32,32,785.719
4096,1024,32,64,786.466
4096,1024,32,128,794.017
4096,1024,32,256,802.69
4096,1024,32,512,815.992
4096,1024,32,1024,844.707
4096,1024,32,2048,911.523
4096,1024,32,4096,1118.62
4096,1024,32,8192,1613.19
4096,1024,32,16384,2482.45
4096,1024,32,32768,4075.43
4096,1024,64,16,844.227
4096,1024,64,32,844.088
4096,1024,64,64,844.834
4096,1024,64,128,858.5
4096,1024,64,256,876.942
4096,1024,64,512,906.286
4096,1024,64,1024,965.551
4096,1024,64,2048,1160.38
4096,1024,64,4096,1587.73
4096,1024,64,8192,2370.68
4096,1024,64,16384,3918.16
4096,1024,64,32768,7005.1
4096,1024,128,16,926.074
4096,1024,128,32,926.5
4096,1024,128,64,928.047
4096,1024,128,128,953.402
4096,1024,128,256,990.576
4096,1024,128,512,1089.89
4096,1024,128,1024,1284
4096,1024,128,2048,1675.53
4096,1024,128,4096,2475.72
4096,1024,128,8192,4025.24
4096,1024,128,16384,7107.27
4096,1024,128,32768,13331.8
4096,2048,0,0,923.375
4096,2048,1,16,924.548
4096,2048,1,32,925.508
4096,2048,1,64,923.268
4096,2048,1,128,924.463
4096,2048,1,256,924.122
4096,2048,1,512,924.549
4096,2048,1,1024,924.816
4096,2048,1,2048,923.961
4096,2048,1,4096,933.604
4096,2048,1,8192,1051.3
4096,2048,1,16384,1435.61
4096,2048,1,32768,2201.76
4096,2048,2,16,924.997
4096,2048,2,32,924.517
4096,2048,2,64,924.442
4096,2048,2,128,924.485
4096,2048,2,256,926
4096,2048,2,512,927.385
4096,2048,2,1024,929.754
4096,2048,2,2048,933.593
4096,2048,2,4096,938.436
4096,2048,2,8192,1077.49
4096,2048,2,16384,1476.76
4096,2048,2,32768,2243.46
4096,2048,4,16,925.146
4096,2048,4,32,927.364
4096,2048,4,64,926.298
4096,2048,4,128,925.616
4096,2048,4,256,930.511
4096,2048,4,512,934.245
4096,2048,4,1024,939.013
4096,2048,4,2048,942.062
4096,2048,4,4096,962.288
4096,2048,4,8192,1122.1
4096,2048,4,16384,1544
4096,2048,4,32768,2315.66
4096,2048,8,16,935.024
4096,2048,8,32,934.842
4096,2048,8,64,933.989
4096,2048,8,128,938.618
4096,2048,8,256,943.46
4096,2048,8,512,945.594
4096,2048,8,1024,954.171
4096,2048,8,2048,963.045
4096,2048,8,4096,1008.81
4096,2048,8,8192,1215.83
4096,2048,8,16384,1695.6
4096,2048,8,32768,2487.3
4096,2048,16,16,952.026
4096,2048,16,32,953.051
4096,2048,16,64,953.083
4096,2048,16,128,958.843
4096,2048,16,256,963.995
4096,2048,16,512,975.418
4096,2048,16,1024,987.931
4096,2048,16,2048,1006.45
4096,2048,16,4096,1083.9
4096,2048,16,8192,1414.33
4096,2048,16,16384,1996.12
4096,2048,16,32768,3200.3
4096,2048,32,16,990.331
4096,2048,32,32,990.459
4096,2048,32,64,990.427
4096,2048,32,128,1001.45
4096,2048,32,256,1008.23
4096,2048,32,512,1024.31
4096,2048,32,1024,1053.66
4096,2048,32,2048,1111.14
4096,2048,32,4096,1303.72
4096,2048,32,8192,1777.98
4096,2048,32,16384,2715.81
4096,2048,32,32768,4301.1
4096,2048,64,16,1052.41
4096,2048,64,32,1054.1
4096,2048,64,64,1054.09
4096,2048,64,128,1069.93
4096,2048,64,256,1085.61
4096,2048,64,512,1101.38
4096,2048,64,1024,1144.98
4096,2048,64,2048,1335.17
4096,2048,64,4096,1766.79
4096,2048,64,8192,2562.41
4096,2048,64,16384,4110.49
4096,2048,64,32768,7199.29
4096,2048,128,16,1108.23
4096,2048,128,32,1109.19
4096,2048,128,64,1108.69
4096,2048,128,128,1132.93
4096,2048,128,256,1169.34
4096,2048,128,512,1264.15
4096,2048,128,1024,1459.22
4096,2048,128,2048,1849.55
4096,2048,128,4096,2656.67
4096,2048,128,8192,4215.93
4096,2048,128,16384,7293.53
4096,2048,128,32768,13425
4096,4096,0,0,1316.29
4096,4096,1,16,1315.15
4096,4096,1,32,1316.38
4096,4096,1,64,1313.72
4096,4096,1,128,1317.71
4096,4096,1,256,1318.01
4096,4096,1,512,1315.88
4096,4096,1,1024,1319.37
4096,4096,1,2048,1321.02
4096,4096,1,4096,1321.08
4096,4096,1,8192,1357.25
4096,4096,1,16384,1749.38
4096,4096,1,32768,2521.34
4096,4096,2,16,1319.93
4096,4096,2,32,1319.98
4096,4096,2,64,1321.8
4096,4096,2,128,1321.74
4096,4096,2,256,1323.47
4096,4096,2,512,1323.01
4096,4096,2,1024,1322.99
4096,4096,2,2048,1325.92
4096,4096,2,4096,1332.78
4096,4096,2,8192,1389.72
4096,4096,2,16384,1791.6
4096,4096,2,32768,2562.62
4096,4096,4,16,1326.29
4096,4096,4,32,1326.88
4096,4096,4,64,1325.61
4096,4096,4,128,1326.67
4096,4096,4,256,1327.28
4096,4096,4,512,1330.54
4096,4096,4,1024,1331.27
4096,4096,4,2048,1341.11
4096,4096,4,4096,1355.34
4096,4096,4,8192,1435.23
4096,4096,4,16384,1862.83
4096,4096,4,32768,2653.55
4096,4096,8,16,1333.2
4096,4096,8,32,1331.09
4096,4096,8,64,1332.17
4096,4096,8,128,1335.9
4096,4096,8,256,1342.8
4096,4096,8,512,1348.02
4096,4096,8,1024,1360
4096,4096,8,2048,1369.9
4096,4096,8,4096,1387.02
4096,4096,8,8192,1535.22
4096,4096,8,16384,2051.28
4096,4096,8,32768,2923.68
4096,4096,16,16,1359.74
4096,4096,16,32,1358.12
4096,4096,16,64,1357.12
4096,4096,16,128,1361.35
4096,4096,16,256,1366.39
4096,4096,16,512,1377.46
4096,4096,16,1024,1393.4
4096,4096,16,2048,1422.09
4096,4096,16,4096,1457.9
4096,4096,16,8192,1722.92
4096,4096,16,16384,2379.81
4096,4096,16,32768,3602.18
4096,4096,32,16,1395.8
4096,4096,32,32,1395.11
4096,4096,32,64,1395.84
4096,4096,32,128,1409.74
4096,4096,32,256,1418.46
4096,4096,32,512,1437.09
4096,4096,32,1024,1467.24
4096,4096,32,2048,1498.21
4096,4096,32,4096,1651.69
4096,4096,32,8192,2126.03
4096,4096,32,16384,3080.52
4096,4096,32,32768,4774.64
4096,4096,64,16,1466.79
4096,4096,64,32,1466.3
4096,4096,64,64,1466
4096,4096,64,128,1467.96
4096,4096,64,256,1464.63
4096,4096,64,512,1473.61
4096,4096,64,1024,1507.6
4096,4096,64,2048,1684.14
4096,4096,64,4096,2105.57
4096,4096,64,8192,2952.85
4096,4096,64,16384,4504.22
4096,4096,64,32768,7578.3
4096,4096,128,16,1475.1
4096,4096,128,32,1472.41
4096,4096,128,64,1472.51
4096,4096,128,128,1494.52
4096,4096,128,256,1523.64
4096,4096,128,512,1613.96
4096,4096,128,1024,1809.59
4096,4096,128,2048,2199.02
4096,4096,128,4096,2997.25
4096,4096,128,8192,4602.69
4096,4096,128,16384,7672.27
4096,4096,128,32768,13853.6
4096,8192,0,0,2080.18
4096,8192,1,16,2078.84
4096,8192,1,32,2080.8
4096,8192,1,64,2078.64
4096,8192,1,128,2080.84
4096,8192,1,256,2085.05
4096,8192,1,512,2083.5
4096,8192,1,1024,2081.52
4096,8192,1,2048,2086.77
4096,8192,1,4096,2096.87
4096,8192,1,8192,2099.66
4096,8192,1,16384,2356.82
4096,8192,1,32768,3145.53
4096,8192,2,16,2086.62
4096,8192,2,32,2084.03
4096,8192,2,64,2088.37
4096,8192,2,128,2084.3
4096,8192,2,256,2083.88
4096,8192,2,512,2086.96
4096,8192,2,1024,2090.24
4096,8192,2,2048,2099.77
4096,8192,2,4096,2114.26
4096,8192,2,8192,2128.54
4096,8192,2,16384,2399.75
4096,8192,2,32768,3208.83
4096,8192,4,16,2086.8
4096,8192,4,32,2085.84
4096,8192,4,64,2088.08
4096,8192,4,128,2088.06
4096,8192,4,256,2089.63
4096,8192,4,512,2094.15
4096,8192,4,1024,2105.54
4096,8192,4,2048,2122.97
4096,8192,4,4096,2148.38
4096,8192,4,8192,2172.03
4096,8192,4,16384,2481.68
4096,8192,4,32768,3341.99
4096,8192,8,16,2097.01
4096,8192,8,32,2097.51
4096,8192,8,64,2098.5
4096,8192,8,128,2104.08
4096,8192,8,256,2102.12
4096,8192,8,512,2115.5
4096,8192,8,1024,2141.37
4096,8192,8,2048,2172.74
4096,8192,8,4096,2201.58
4096,8192,8,8192,2238.46
4096,8192,8,16384,2665.35
4096,8192,8,32768,3601.55
4096,8192,16,16,2129.91
4096,8192,16,32,2130.32
4096,8192,16,64,2131.64
4096,8192,16,128,2138.58
4096,8192,16,256,2150.17
4096,8192,16,512,2170.46
4096,8192,16,1024,2218.51
4096,8192,16,2048,2219.95
4096,8192,16,4096,2237.16
4096,8192,16,8192,2384.37
4096,8192,16,16384,3049.06
4096,8192,16,32768,4145.97
4096,8192,32,16,2210.49
4096,8192,32,32,2210.47
4096,8192,32,64,2212.74
4096,8192,32,128,2212.65
4096,8192,32,256,2211.85
4096,8192,32,512,2206.63
4096,8192,32,1024,2212.7
4096,8192,32,2048,2228.19
4096,8192,32,4096,2346.3
4096,8192,32,8192,2782.84
4096,8192,32,16384,3689.5
4096,8192,32,32768,5664.47
4096,8192,64,16,2211.7
4096,8192,64,32,2205.83
4096,8192,64,64,2213.52
4096,8192,64,128,2210.14
4096,8192,64,256,2207.35
4096,8192,64,512,2207.07
4096,8192,64,1024,2235.76
4096,8192,64,2048,2381.72
4096,8192,64,4096,2806.56
4096,8192,64,8192,3644.9
4096,8192,64,16384,5290.84
4096,8192,64,32768,8335.43
4096,8192,128,16,2209.61
4096,8192,128,32,2209.03
4096,8192,128,64,2211.4
4096,8192,128,128,2218.62
4096,8192,128,256,2242.49
4096,8192,128,512,2311.35
4096,8192,128,1024,2509.64
4096,8192,128,2048,2898.1
4096,8192,128,4096,3697.93
4096,8192,128,8192,5333.66
4096,8192,128,16384,8393.69
4096,8192,128,32768,14612.3
4096,16384,0,0,3565.3
4096,16384,1,16,3568.1
4096,16384,1,32,3566.46
4096,16384,1,64,3566.81
4096,16384,1,128,3567.14
4096,16384,1,256,3569.45
4096,16384,1,512,3570.2
4096,16384,1,1024,3570.23
4096,16384,1,2048,3574.09
4096,16384,1,4096,3587.41
4096,16384,1,8192,3588.61
4096,16384,1,16384,3589.76
4096,16384,1,32768,4239.35
4096,16384,2,16,3571.59
4096,16384,2,32,3573.01
4096,16384,2,64,3566.71
4096,16384,2,128,3569.63
4096,16384,2,256,3568.39
4096,16384,2,512,3568.82
4096,16384,2,1024,3574.12
4096,16384,2,2048,3589.88
4096,16384,2,4096,3597.62
4096,16384,2,8192,3622.41
4096,16384,2,16384,3621.57
4096,16384,2,32768,4353.57
4096,16384,4,16,3572.34
4096,16384,4,32,3573.13
4096,16384,4,64,3577.1
4096,16384,4,128,3576.06
4096,16384,4,256,3574.22
4096,16384,4,512,3585.75
4096,16384,4,1024,3596.53
4096,16384,4,2048,3616.89
4096,16384,4,4096,3634.95
4096,16384,4,8192,3679.38
4096,16384,4,16384,3713.22
4096,16384,4,32768,4707.63
4096,16384,8,16,3581.6
4096,16384,8,32,3581.95
4096,16384,8,64,3582.38
4096,16384,8,128,3592.1
4096,16384,8,256,3591.08
4096,16384,8,512,3598.7
4096,16384,8,1024,3627.68
4096,16384,8,2048,3661.61
4096,16384,8,4096,3704.75
4096,16384,8,8192,3704.2
4096,16384,8,16384,4112.53
4096,16384,8,32768,4927.35
4096,16384,16,16,3617.18
4096,16384,16,32,3619.49
4096,16384,16,64,3617.49
4096,16384,16,128,3628.1
4096,16384,16,256,3632.35
4096,16384,16,512,3657.32
4096,16384,16,1024,3715.28
4096,16384,16,2048,3714.39
4096,16384,16,4096,3714.66
4096,16384,16,8192,3888.77
4096,16384,16,16384,4260.85
4096,16384,16,32768,5711.17
4096,16384,32,16,3704.09
4096,16384,32,32,3712.77
4096,16384,32,64,3707.88
4096,16384,32,128,3710.38
4096,16384,32,256,3702.49
4096,16384,32,512,3709.92
4096,16384,32,1024,3709.76
4096,16384,32,2048,3709.43
4096,16384,32,4096,3796.29
4096,16384,32,8192,4220.31
4096,16384,32,16384,5044.86
4096,16384,32,32768,7113.78
4096,16384,64,16,3695.04
4096,16384,64,32,3696.57
4096,16384,64,64,3702.2
4096,16384,64,128,3691.18
4096,16384,64,256,3697.13
4096,16384,64,512,3694.85
4096,16384,64,1024,3704.81
4096,16384,64,2048,3787.1
4096,16384,64,4096,4205.59
4096,16384,64,8192,5082.24
4096,16384,64,16384,6707.03
4096,16384,64,32768,9984.22
4096,16384,128,16,3701.52
4096,16384,128,32,3692.09
4096,16384,128,64,3694.87
4096,16384,128,128,3703.6
4096,16384,128,256,3707.11
4096,16384,128,512,3736.35
4096,16384,128,1024,3909.25
4096,16384,128,2048,4300.35
4096,16384,128,4096,5097.65
4096,16384,128,8192,6755.87
4096,16384,128,16384,10012.3
4096,16384,128,32768,15914.7
4096,32768,0,0,6560.73
4096,32768,1,16,6553.8
4096,32768,1,32,6549.19
4096,32768,1,64,6554.63
4096,32768,1,128,6549.15
4096,32768,1,256,6558.98
4096,32768,1,512,6552.79
4096,32768,1,1024,6555.6
4096,32768,1,2048,6556.03
4096,32768,1,4096,6579.28
4096,32768,1,8192,6576.27
4096,32768,1,16384,6580.94
4096,32768,1,32768,6573.7
4096,32768,2,16,6553.32
4096,32768,2,32,6553.18
4096,32768,2,64,6554.49
4096,32768,2,128,6552.37
4096,32768,2,256,6555.05
4096,32768,2,512,6552.11
4096,32768,2,1024,6559.61
4096,32768,2,2048,6575.55
4096,32768,2,4096,6583.85
4096,32768,2,8192,6608.87
4096,32768,2,16384,6611.91
4096,32768,2,32768,6609.49
4096,32768,4,16,6556.12
4096,32768,4,32,6555.48
4096,32768,4,64,6556.06
4096,32768,4,128,6554.32
4096,32768,4,256,6562.84
4096,32768,4,512,6571.06
4096,32768,4,1024,6579.35
4096,32768,4,2048,6597.96
4096,32768,4,4096,6624.24
4096,32768,4,8192,6678.99
4096,32768,4,16384,6713.13
4096,32768,4,32768,6704.96
4096,32768,8,16,6567.05
4096,32768,8,32,6564.14
4096,32768,8,64,6568.04
4096,32768,8,128,6569.89
4096,32768,8,256,6574.09
4096,32768,8,512,6592.92
4096,32768,8,1024,6616.52
4096,32768,8,2048,6647.18
4096,32768,8,4096,6712.54
4096,32768,8,8192,6708.46
4096,32768,8,16384,6714.86
4096,32768,8,32768,7874.14
4096,32768,16,16,6603.23
4096,32768,16,32,6606.17
4096,32768,16,64,6604.26
4096,32768,16,128,6609.41
4096,32768,16,256,6621.61
4096,32768,16,512,6645.16
4096,32768,16,1024,6703.19
4096,32768,16,2048,6708.25
4096,32768,16,4096,6701.85
4096,32768,16,8192,6728.2
4096,32768,16,16384,7278.52
4096,32768,16,32768,8022.29
4096,32768,32,16,6691.74
4096,32768,32,32,6702.18
4096,32768,32,64,6697.97
4096,32768,32,128,6701.74
4096,32768,32,256,6697.34
4096,32768,32,512,6713.81
4096,32768,32,1024,6693.43
4096,32768,32,2048,6705.98
4096,32768,32,4096,6715.29
4096,32768,32,8192,7010.67
4096,32768,32,16384,7989.18
4096,32768,32,32768,9586.1
4096,32768,64,16,6694.83
4096,32768,64,32,6679.69
4096,32768,64,64,6680.43
4096,32768,64,128,6690.65
4096,32768,64,256,6689.15
4096,32768,64,512,6692.28
4096,32768,64,1024,6694.23
4096,32768,64,2048,6709.28
4096,32768,64,4096,7017.8
4096,32768,64,8192,7827.67
4096,32768,64,16384,9643.25
4096,32768,64,32768,12839.4
4096,32768,128,16,6688.77
4096,32768,128,32,6693.97
4096,32768,128,64,6692.5
4096,32768,128,128,6702.84
4096,32768,128,256,6703.24
4096,32768,128,512,6680.55
4096,32768,128,1024,6737.17
4096,32768,128,2048,7114.63
4096,32768,128,4096,7906.57
4096,32768,128,8192,9514.46
4096,32768,128,16384,12961.9
4096,32768,128,32768,19403.2
8192,0,0,0,1705.23
8192,0,1,16,1706.21
8192,0,1,32,1707.17
8192,0,1,64,1708.98
8192,0,1,128,1707.73
8192,0,1,256,1708.47
8192,0,1,512,1710.28
8192,0,1,1024,1712.6
8192,0,1,2048,1712.8
8192,0,1,4096,1716.77
8192,0,1,8192,1745.06
8192,0,1,16384,2139.69
8192,0,1,32768,2912.65
8192,0,2,16,1712.52
8192,0,2,32,1713.68
8192,0,2,64,1713.49
8192,0,2,128,1712.38
8192,0,2,256,1714.4
8192,0,2,512,1712.98
8192,0,2,1024,1714.91
8192,0,2,2048,1716.98
8192,0,2,4096,1728.51
8192,0,2,8192,1790.17
8192,0,2,16384,2206.5
8192,0,2,32768,2995.8
8192,0,4,16,1720.29
8192,0,4,32,1719.15
8192,0,4,64,1719.13
8192,0,4,128,1717.92
8192,0,4,256,1717.66
8192,0,4,512,1721.29
8192,0,4,1024,1722.9
8192,0,4,2048,1739.03
8192,0,4,4096,1746.58
8192,0,4,8192,1859.84
8192,0,4,16384,2289.16
8192,0,4,32768,3133.4
8192,0,8,16,1727.5
8192,0,8,32,1730.07
8192,0,8,64,1729.11
8192,0,8,128,1730.04
8192,0,8,256,1734.26
8192,0,8,512,1739.57
8192,0,8,1024,1745.33
8192,0,8,2048,1755.07
8192,0,8,4096,1798.4
8192,0,8,8192,1966.13
8192,0,8,16384,2478.91
8192,0,8,32768,3410.45
8192,0,16,16,1744.02
8192,0,16,32,1745.29
8192,0,16,64,1746.86
8192,0,16,128,1751.71
8192,0,16,256,1756.68
8192,0,16,512,1764.44
8192,0,16,1024,1788.13
8192,0,16,2048,1826.2
8192,0,16,4096,1898.61
8192,0,16,8192,2173.98
8192,0,16,16384,2828.77
8192,0,16,32768,4024.16
8192,0,32,16,1807.64
8192,0,32,32,1807.93
8192,0,32,64,1807.18
8192,0,32,128,1813.05
8192,0,32,256,1825.12
8192,0,32,512,1841.54
8192,0,32,1024,1872.88
8192,0,32,2048,1950.99
8192,0,32,4096,2128.42
8192,0,32,8192,2599.67
8192,0,32,16384,3537.99
8192,0,32,32768,5306.21
8192,0,64,16,1913.76
8192,0,64,32,1912.5
8192,0,64,64,1913.53
8192,0,64,128,1929.06
8192,0,64,256,1948.48
8192,0,64,512,1979.78
8192,0,64,1024,2054.44
8192,0,64,2048,2211.21
8192,0,64,4096,2631.51
8192,0,64,8192,3460.71
8192,0,64,16384,5016.78
8192,0,64,32768,8102.91
8192,0,128,16,2113.01
8192,0,128,32,2112.82
8192,0,128,64,2111.97
8192,0,128,128,2148.31
8192,0,128,256,2184.38
8192,0,128,512,2254.99
8192,0,128,1024,2453.37
8192,0,128,2048,2845.29
8192,0,128,4096,3629.69
8192,0,128,8192,5219.47
8192,0,128,16384,8293.88
8192,0,128,32768,14473
8192,16,0,0,1728.64
8192,16,1,16,1728.1
8192,16,1,32,1731.32
8192,16,1,64,1730.99
8192,16,1,128,1731.74
8192,16,1,256,1731.94
8192,16,1,512,1729.13
8192,16,1,1024,1732.99
8192,16,1,2048,1735.95
8192,16,1,4096,1739.23
8192,16,1,8192,1766.35
8192,16,1,16384,2159.71
8192,16,1,32768,2935.77
8192,16,2,16,1734.58
8192,16,2,32,1734.93
8192,16,2,64,1734.36
8192,16,2,128,1733.34
8192,16,2,256,1733.72
8192,16,2,512,1736.44
8192,16,2,1024,1741.19
8192,16,2,2048,1744.57
8192,16,2,4096,1749.15
8192,16,2,8192,1812.84
8192,16,2,16384,2216.98
8192,16,2,32768,3023.64
8192,16,4,16,1738.79
8192,16,4,32,1738.68
8192,16,4,64,1740.15
8192,16,4,128,1743.66
8192,16,4,256,1745.14
8192,16,4,512,1747.4
8192,16,4,1024,1747.81
8192,16,4,2048,1754.09
8192,16,4,4096,1773.48
8192,16,4,8192,1878.53
8192,16,4,16384,2315.44
8192,16,4,32768,3154.56
8192,16,8,16,1748.04
8192,16,8,32,1749.34
8192,16,8,64,1750.36
8192,16,8,128,1752.65
8192,16,8,256,1754.42
8192,16,8,512,1760.34
8192,16,8,1024,1767.52
8192,16,8,2048,1783.79
8192,16,8,4096,1826.87
8192,16,8,8192,1985.95
8192,16,8,16384,2499.75
8192,16,8,32768,3423.82
8192,16,16,16,1776.87
8192,16,16,32,1777.75
8192,16,16,64,1775.53
8192,16,16,128,1781.22
8192,16,16,256,1785.44
8192,16,16,512,1798.95
8192,16,16,1024,1813.04
8192,16,16,2048,1852.43
8192,16,16,4096,1923.72
8192,16,16,8192,2193.5
8192,16,16,16384,2850.99
8192,16,16,32768,4041.06
8192,16,32,16,1834.03
8192,16,32,32,1834.68
8192,16,32,64,1833.27
8192,16,32,128,1842.97
8192,16,32,256,1850.98
8192,16,32,512,1868.41
8192,16,32,1024,1902.25
8192,16,32,2048,1978.81
8192,16,32,4096,2150.26
8192,16,32,8192,2619.85
8192,16,32,16384,3557.51
8192,16,32,32768,5336.58
8192,16,64,16,1941.95
8192,16,64,32,1941.69
8192,16,64,64,1941.82
8192,16,64,128,1957.65
8192,16,64,256,1973.69
8192,16,64,512,2005.95
8192,16,64,1024,2082.16
8192,16,64,2048,2233.98
8192,16,64,4096,2653.77
8192,16,64,8192,3477.31
8192,16,64,16384,5036.4
8192,16,64,32768,8132.17
8192,16,128,16,2137.67
8192,16,128,32,2137.61
8192,16,128,64,2137
8192,16,128,128,2171.36
8192,16,128,256,2211.53
8192,16,128,512,2281.69
8192,16,128,1024,2474.92
8192,16,128,2048,2866.5
8192,16,128,4096,3652.09
8192,16,128,8192,5241.59
8192,16,128,16384,8324.88
8192,16,128,32768,14499.3
8192,32,0,0,1727.84
8192,32,1,16,1730.86
8192,32,1,32,1730.47
8192,32,1,64,1727.99
8192,32,1,128,1728.62
8192,32,1,256,1731.33
8192,32,1,512,1730.84
8192,32,1,1024,1732.02
8192,32,1,2048,1734.25
8192,32,1,4096,1740.5
8192,32,1,8192,1766.36
8192,32,1,16384,2158.87
8192,32,1,32768,2937.28
8192,32,2,16,1734.09
8192,32,2,32,1735
8192,32,2,64,1734.36
8192,32,2,128,1732
8192,32,2,256,1735.85
8192,32,2,512,1738.05
8192,32,2,1024,1738.62
8192,32,2,2048,1745.23
8192,32,2,4096,1748.01
8192,32,2,8192,1813.42
8192,32,2,16384,2226.23
8192,32,2,32768,3022.16
8192,32,4,16,1737.31
8192,32,4,32,1741.19
8192,32,4,64,1738.76
8192,32,4,128,1741.41
8192,32,4,256,1741.71
8192,32,4,512,1743.67
8192,32,4,1024,1746.4
8192,32,4,2048,1754.54
8192,32,4,4096,1774.45
8192,32,4,8192,1878.05
8192,32,4,16384,2316.94
8192,32,4,32768,3154.2
8192,32,8,16,1749.17
8192,32,8,32,1748.89
8192,32,8,64,1747.52
8192,32,8,128,1752.45
8192,32,8,256,1754.6
8192,32,8,512,1760.34
8192,32,8,1024,1767.25
8192,32,8,2048,1783.43
8192,32,8,4096,1829.44
8192,32,8,8192,1985.93
8192,32,8,16384,2500.89
8192,32,8,32768,3493.83
8192,32,16,16,1776.5
8192,32,16,32,1775.54
8192,32,16,64,1777.9
8192,32,16,128,1780.24
8192,32,16,256,1785.8
8192,32,16,512,1798.24
8192,32,16,1024,1814.54
8192,32,16,2048,1851.48
8192,32,16,4096,1924.48
8192,32,16,8192,2196.15
8192,32,16,16384,2851.57
8192,32,16,32768,4042.4
8192,32,32,16,1834.07
8192,32,32,32,1832.08
8192,32,32,64,1833.57
8192,32,32,128,1845.93
8192,32,32,256,1850.5
8192,32,32,512,1869.49
8192,32,32,1024,1906.48
8192,32,32,2048,1979.73
8192,32,32,4096,2149.74
8192,32,32,8192,2621.27
8192,32,32,16384,3557.3
8192,32,32,32768,5335.33
8192,32,64,16,1941.69
8192,32,64,32,1940.3
8192,32,64,64,1940.92
8192,32,64,128,1958.19
8192,32,64,256,1974.94
8192,32,64,512,2005.72
8192,32,64,1024,2083.85
8192,32,64,2048,2232.32
8192,32,64,4096,2653.64
8192,32,64,8192,3482.3
8192,32,64,16384,5035.9
8192,32,64,32768,8132.64
8192,32,128,16,2139.21
8192,32,128,32,2137.36
8192,32,128,64,2136.03
8192,32,128,128,2172.67
8192,32,128,256,2212.12
8192,32,128,512,2281.44
8192,32,128,1024,2474.99
8192,32,128,2048,2866.61
8192,32,128,4096,3652.87
8192,32,128,8192,5238.9
8192,32,128,16384,8324.58
8192,32,128,32768,14476
8192,64,0,0,1728.39
8192,64,1,16,1729.38
8192,64,1,32,1730.68
8192,64,1,64,1730.94
8192,64,1,128,1731.17
8192,64,1,256,1731.76
8192,64,1,512,1727.71
8192,64,1,1024,1728.33
8192,64,1,2048,1736.58
8192,64,1,4096,1737.11
8192,64,1,8192,1768.33
8192,64,1,16384,2160.13
8192,64,1,32768,2938.68
8192,64,2,16,1735.88
8192,64,2,32,1734.37
8192,64,2,64,1738.2
8192,64,2,128,1733.67
8192,64,2,256,1735.46
8192,64,2,512,1738.06
8192,64,2,1024,1738.23
8192,64,2,2048,1745.02
8192,64,2,4096,1747.19
8192,64,2,8192,1814.26
8192,64,2,16384,2218.4
8192,64,2,32768,3024.22
8192,64,4,16,1739.24
8192,64,4,32,1738.06
8192,64,4,64,1738.38
8192,64,4,128,1743.44
8192,64,4,256,1742.71
8192,64,4,512,1742.83
8192,64,4,1024,1748.32
8192,64,4,2048,1757.69
8192,64,4,4096,1773.87
8192,64,4,8192,1877.5
8192,64,4,16384,2316.14
8192,64,4,32768,3154.56
8192,64,8,16,1748.94
8192,64,8,32,1749.53
8192,64,8,64,1752.04
8192,64,8,128,1751.36
8192,64,8,256,1754.14
8192,64,8,512,1759.14
8192,64,8,1024,1766.87
8192,64,8,2048,1783.15
8192,64,8,4096,1825.24
8192,64,8,8192,1988.2
8192,64,8,16384,2500.43
8192,64,8,32768,3425.48
8192,64,16,16,1778.57
8192,64,16,32,1776.34
8192,64,16,64,1776.56
8192,64,16,128,1780.38
8192,64,16,256,1786.23
8192,64,16,512,1797.27
8192,64,16,1024,1816.7
8192,64,16,2048,1852.68
8192,64,16,4096,1923.71
8192,64,16,8192,2195.58
8192,64,16,16384,2850.16
8192,64,16,32768,4038.89
8192,64,32,16,1833.23
8192,64,32,32,1833.5
8192,64,32,64,1834.22
8192,64,32,128,1842.25
8192,64,32,256,1850.65
8192,64,32,512,1871.96
8192,64,32,1024,1904.51
8192,64,32,2048,1981.88
8192,64,32,4096,2150.7
8192,64,32,8192,2620.1
8192,64,32,16384,3557.73
8192,64,32,32768,5331.03
8192,64,64,16,1940.25
8192,64,64,32,1940.35
8192,64,64,64,1941.08
8192,64,64,128,1956.66
8192,64,64,256,1974.44
8192,64,64,512,2007.65
8192,64,64,1024,2080.83
8192,64,64,2048,2231.9
8192,64,64,4096,2653.92
8192,64,64,8192,3482.59
8192,64,64,16384,5039.29
8192,64,64,32768,8128.37
8192,64,128,16,2140.07
8192,64,128,32,2137.75
8192,64,128,64,2141.83
8192,64,128,128,2173.19
8192,64,128,256,2209.96
8192,64,128,512,2282.55
8192,64,128,1024,2474.64
8192,64,128,2048,2867.22
8192,64,128,4096,3653.69
8192,64,128,8192,5242.77
8192,64,128,16384,8322.67
8192,64,128,32768,14483.9
8192,128,0,0,1753.6
8192,128,1,16,1754.28
8192,128,1,32,1753.57
8192,128,1,64,1755.11
8192,128,1,128,1753.33
8192,128,1,256,1753.06
8192,128,1,512,1753.71
8192,128,1,1024,1751.97
8192,128,1,2048,1755.24
8192,128,1,4096,1761.75
8192,128,1,8192,1780
8192,128,1,16384,2180.22
8192,128,1,32768,2953.37
8192,128,2,16,1754.02
8192,128,2,32,1753.89
8192,128,2,64,1752.21
8192,128,2,128,1756.39
8192,128,2,256,1754.38
8192,128,2,512,1755.64
8192,128,2,1024,1757.58
8192,128,2,2048,1768.26
8192,128,2,4096,1772.29
8192,128,2,8192,1835.52
8192,128,2,16384,2234.34
8192,128,2,32768,3047.44
8192,128,4,16,1757.97
8192,128,4,32,1755.81
8192,128,4,64,1755.48
8192,128,4,128,1759.18
8192,128,4,256,1760.42
8192,128,4,512,1766.25
8192,128,4,1024,1773.52
8192,128,4,2048,1773.98
8192,128,4,4096,1795.01
8192,128,4,8192,1898.79
8192,128,4,16384,2338.23
8192,128,4,32768,3175.91
8192,128,8,16,1770.35
8192,128,8,32,1769.2
8192,128,8,64,1768.9
8192,128,8,128,1770.86
8192,128,8,256,1770.98
8192,128,8,512,1774.87
8192,128,8,1024,1785.95
8192,128,8,2048,1805.81
8192,128,8,4096,1845.38
8192,128,8,8192,2002.95
8192,128,8,16384,2524.93
8192,128,8,32768,3440.97
8192,128,16,16,1797.59
8192,128,16,32,1796.43
8192,128,16,64,1796.53
8192,128,16,128,1801.62
8192,128,16,256,1807.04
8192,128,16,512,1814.81
8192,128,16,1024,1835.53
8192,128,16,2048,1872.01
8192,128,16,4096,1947.04
8192,128,16,8192,2215.94
8192,128,16,16384,2876.71
8192,128,16,32768,4060.52
8192,128,32,16,1851.03
8192,128,32,32,1852.03
8192,128,32,64,1853.86
8192,128,32,128,1861.4
8192,128,32,256,1872.9
8192,128,32,512,1887.43
8192,128,32,1024,1921.04
8192,128,32,2048,1997.15
8192,128,32,4096,2170.96
8192,128,32,8192,2646.56
8192,128,32,16384,3576.34
8192,128,32,32768,5361.13
8192,128,64,16,1959.84
8192,128,64,32,1960.82
8192,128,64,64,1961.01
8192,128,64,128,1976.71
8192,128,64,256,1991.75
8192,128,64,512,2027.43
8192,128,64,1024,2100.01
8192,128,64,2048,2254.3
8192,128,64,4096,2676.06
8192,128,64,8192,3502.92
8192,128,64,16384,5054.75
8192,128,64,32768,8158.69
8192,128,128,16,2160.3
8192,128,128,32,2159.08
8192,128,128,64,2162.81
8192,128,128,128,2192.51
8192,128,128,256,2229.56
8192,128,128,512,2300.99
8192,128,128,1024,2497.51
8192,128,128,2048,2888.79
8192,128,128,4096,3674.51
8192,128,128,8192,5262.71
8192,128,128,16384,8345.17
8192,128,128,32768,14518.7
8192,256,0,0,1790.73
8192,256,1,16,1798.27
8192,256,1,32,1796.53
8192,256,1,64,1796.6
8192,256,1,128,1796.73
8192,256,1,256,1797.34
8192,256,1,512,1797.08
8192,256,1,1024,1800.24
8192,256,1,2048,1804.13
8192,256,1,4096,1803.75
8192,256,1,8192,1822.2
8192,256,1,16384,2216.67
8192,256,1,32768,3005.54
8192,256,2,16,1799.29
8192,256,2,32,1799.48
8192,256,2,64,1799.89
8192,256,2,128,1801.75
8192,256,2,256,1801.29
8192,256,2,512,1803.45
8192,256,2,1024,1803.14
8192,256,2,2048,1804.21
8192,256,2,4096,1813.48
8192,256,2,8192,1873.73
8192,256,2,16384,2289.83
8192,256,2,32768,3085.63
8192,256,4,16,1804.55
8192,256,4,32,1802.54
8192,256,4,64,1803.06
8192,256,4,128,1800.13
8192,256,4,256,1804.07
8192,256,4,512,1803.39
8192,256,4,1024,1808.22
8192,256,4,2048,1821.94
8192,256,4,4096,1842.41
8192,256,4,8192,1935.34
8192,256,4,16384,2385.34
8192,256,4,32768,3224.83
8192,256,8,16,1813.69
8192,256,8,32,1815.61
8192,256,8,64,1817.99
8192,256,8,128,1814.97
8192,256,8,256,1817.97
8192,256,8,512,1822.16
8192,256,8,1024,1835.63
8192,256,8,2048,1854
8192,256,8,4096,1895.38
8192,256,8,8192,2047.03
8192,256,8,16384,2568.37
8192,256,8,32768,3483.84
8192,256,16,16,1844.47
8192,256,16,32,1843.32
8192,256,16,64,1844.73
8192,256,16,128,1846.93
8192,256,16,256,1853.03
8192,256,16,512,1864.42
8192,256,16,1024,1886.55
8192,256,16,2048,1921.66
8192,256,16,4096,1998.81
8192,256,16,8192,2260.51
8192,256,16,16384,2922.75
8192,256,16,32768,4094.4
8192,256,32,16,1896.28
8192,256,32,32,1897.89
8192,256,32,64,1900.07
8192,256,32,128,1909.98
8192,256,32,256,1916.75
8192,256,32,512,1935.34
8192,256,32,1024,1965.87
8192,256,32,2048,2040.31
8192,256,32,4096,2214.38
8192,256,32,8192,2688.32
8192,256,32,16384,3611.53
8192,256,32,32768,5414.24
8192,256,64,16,2007.35
8192,256,64,32,2007.9
8192,256,64,64,2007.48
8192,256,64,128,2024.79
8192,256,64,256,2040.92
8192,256,64,512,2076.85
8192,256,64,1024,2148.19
8192,256,64,2048,2297.27
8192,256,64,4096,2720.7
8192,256,64,8192,3546.2
8192,256,64,16384,5100.59
8192,256,64,32768,8204
8192,256,128,16,2200.22
8192,256,128,32,2204.27
8192,256,128,64,2203.69
8192,256,128,128,2237.62
8192,256,128,256,2275.53
8192,256,128,512,2346.36
8192,256,128,1024,2540.78
8192,256,128,2048,2932.57
8192,256,128,4096,3719.84
8192,256,128,8192,5305.24
8192,256,128,16384,8386.84
8192,256,128,32768,14555.6
8192,512,0,0,1880.19
8192,512,1,16,1885.83
8192,512,1,32,1886.3
8192,512,1,64,1883.8
8192,512,1,128,1884.88
8192,512,1,256,1888.8
8192,512,1,512,1888.61
8192,512,1,1024,1891.24
8192,512,1,2048,1893.53
8192,512,1,4096,1895.67
8192,512,1,8192,1904.52
8192,512,1,16384,2303.12
8192,512,1,32768,3093.71
8192,512,2,16,1893.53
8192,512,2,32,1891.07
8192,512,2,64,1893.16
8192,512,2,128,1890.6
8192,512,2,256,1893.38
8192,512,2,512,1895.54
8192,512,2,1024,1895.75
8192,512,2,2048,1899.41
8192,512,2,4096,1909.83
8192,512,2,8192,1952.45
8192,512,2,16384,2376.62
8192,512,2,32768,3178.55
8192,512,4,16,1899.86
8192,512,4,32,1896.19
8192,512,4,64,1900.12
8192,512,4,128,1898.45
8192,512,4,256,1898.42
8192,512,4,512,1901.52
8192,512,4,1024,1906.22
8192,512,4,2048,1919.01
8192,512,4,4096,1936.66
8192,512,4,8192,2019.26
8192,512,4,16384,2467.78
8192,512,4,32768,3320.45
8192,512,8,16,1911.96
8192,512,8,32,1912.46
8192,512,8,64,1910.19
8192,512,8,128,1916.72
8192,512,8,256,1918.67
8192,512,8,512,1918.95
8192,512,8,1024,1934.87
8192,512,8,2048,1950.9
8192,512,8,4096,1991.13
8192,512,8,8192,2131.44
8192,512,8,16384,2657.97
8192,512,8,32768,3582.43
8192,512,16,16,1937.13
8192,512,16,32,1933.96
8192,512,16,64,1936.34
8192,512,16,128,1942.75
8192,512,16,256,1949.52
8192,512,16,512,1955.42
8192,512,16,1024,1973.76
8192,512,16,2048,2011.7
8192,512,16,4096,2088.63
8192,512,16,8192,2346.78
8192,512,16,16384,3018.74
8192,512,16,32768,4175.44
8192,512,32,16,1992.09
8192,512,32,32,1993.62
8192,512,32,64,1993.96
8192,512,32,128,2004.28
8192,512,32,256,2012.17
8192,512,32,512,2030.47
8192,512,32,1024,2062.69
8192,512,32,2048,2135.91
8192,512,32,4096,2299.61
8192,512,32,8192,2776.66
8192,512,32,16384,3683.08
8192,512,32,32768,5523.48
8192,512,64,16,2103.77
8192,512,64,32,2100.76
8192,512,64,64,2099.52
8192,512,64,128,2119.71
8192,512,64,256,2131.98
8192,512,64,512,2168.49
8192,512,64,1024,2239.98
8192,512,64,2048,2384.22
8192,512,64,4096,2808.28
8192,512,64,8192,3633.24
8192,512,64,16384,5194.48
8192,512,64,32768,8290.76
8192,512,128,16,2293.88
8192,512,128,32,2291.83
8192,512,128,64,2290.98
8192,512,128,128,2326.29
8192,512,128,256,2363.72
8192,512,128,512,2436.44
8192,512,128,1024,2627.34
8192,512,128,2048,3020.44
8192,512,128,4096,3807
8192,512,128,8192,5393.14
8192,512,128,16384,8477.43
8192,512,128,32768,14677.1
8192,1024,0,0,2075.61
8192,1024,1,16,2072.39
8192,1024,1,32,2077.15
8192,1024,1,64,2074.6
8192,1024,1,128,2074.04
8192,1024,1,256,2075.76
8192,1024,1,512,2081.22
8192,1024,1,1024,2078.96
8192,1024,1,2048,2079.72
8192,1024,1,4096,2084.12
8192,1024,1,8192,2093.88
8192,1024,1,16384,2471.74
8192,1024,1,32768,3265.39
8192,1024,2,16,2077.52
8192,1024,2,32,2080
8192,1024,2,64,2080.89
8192,1024,2,128,2082.62
8192,1024,2,256,2081.77
8192,1024,2,512,2084.26
8192,1024,2,1024,2085.94
8192,1024,2,2048,2087.08
8192,1024,2,4096,2099.64
8192,1024,2,8192,2122.49
8192,1024,2,16384,2542.61
8192,1024,2,32768,3351.27
8192,1024,4,16,2094.21
8192,1024,4,32,2093.87
8192,1024,4,64,2095.67
8192,1024,4,128,2093.77
8192,1024,4,256,2094.95
8192,1024,4,512,2097.95
8192,1024,4,1024,2099.92
8192,1024,4,2048,2109.66
8192,1024,4,4096,2129.91
8192,1024,4,8192,2188.97
8192,1024,4,16384,2643.86
8192,1024,4,32768,3473.61
8192,1024,8,16,2099.64
8192,1024,8,32,2099.3
8192,1024,8,64,2098.91
8192,1024,8,128,2103.5
8192,1024,8,256,2107.21
8192,1024,8,512,2111.38
8192,1024,8,1024,2120.39
8192,1024,8,2048,2142.28
8192,1024,8,4096,2181.76
8192,1024,8,8192,2301.47
8192,1024,8,16384,2821.76
8192,1024,8,32768,3773.5
8192,1024,16,16,2126.12
8192,1024,16,32,2123.65
8192,1024,16,64,2125.01
8192,1024,16,128,2131.69
8192,1024,16,256,2136.02
8192,1024,16,512,2145.28
8192,1024,16,1024,2163.73
8192,1024,16,2048,2198.45
8192,1024,16,4096,2275.06
8192,1024,16,8192,2517.49
8192,1024,16,16384,3194.04
8192,1024,16,32768,4368.7
8192,1024,32,16,2180.46
8192,1024,32,32,2183.09
8192,1024,32,64,2182.05
8192,1024,32,128,2190.02
8192,1024,32,256,2199.97
8192,1024,32,512,2220.5
8192,1024,32,1024,2254.18
8192,1024,32,2048,2322.26
8192,1024,32,4096,2471.44
8192,1024,32,8192,2951.29
8192,1024,32,16384,3844.82
8192,1024,32,32768,5745.13
8192,1024,64,16,2292.37
8192,1024,64,32,2292.95
8192,1024,64,64,2294.64
8192,1024,64,128,2312.02
8192,1024,64,256,2326.95
8192,1024,64,512,2362
8192,1024,64,1024,2427.5
8192,1024,64,2048,2567.93
8192,1024,64,4096,2984.75
8192,1024,64,8192,3809.56
8192,1024,64,16384,5374.54
8192,1024,64,32768,8473.45
8192,1024,128,16,2474.93
8192,1024,128,32,2470.3
8192,1024,128,64,2474.67
8192,1024,128,128,2503.81
8192,1024,128,256,2540.18
8192,1024,128,512,2614.58
8192,1024,128,1024,2802.47
8192,1024,128,2048,3194.75
8192,1024,128,4096,3981.93
8192,1024,128,8192,5570.43
8192,1024,128,16384,8655.99
8192,1024,128,32768,14835.3
8192,2048,0,0,2460.6
8192,2048,1,16,2463.27
8192,2048,1,32,2462.86
8192,2048,1,64,2463.25
8192,2048,1,128,2460.7
8192,2048,1,256,2464.35
8192,2048,1,512,2463.12
8192,2048,1,1024,2464.79
8192,2048,1,2048,2465.09
8192,2048,1,4096,2467.54
8192,2048,1,8192,2477.54
8192,2048,1,16384,2812.99
8192,2048,1,32768,3603.71
8192,2048,2,16,2460.18
8192,2048,2,32,2461.41
8192,2048,2,64,2466.45
8192,2048,2,128,2468.49
8192,2048,2,256,2463.84
8192,2048,2,512,2464.28
8192,2048,2,1024,2463.99
8192,2048,2,2048,2475.73
8192,2048,2,4096,2482.28
8192,2048,2,8192,2497.4
8192,2048,2,16384,2881.36
8192,2048,2,32768,3690.91
8192,2048,4,16,2473.09
8192,2048,4,32,2470.86
8192,2048,4,64,2468.86
8192,2048,4,128,2471.89
8192,2048,4,256,2468.65
8192,2048,4,512,2471.62
8192,2048,4,1024,2472.49
8192,2048,4,2048,2493.19
8192,2048,4,4096,2501.14
8192,2048,4,8192,2539.58
8192,2048,4,16384,2977.37
8192,2048,4,32768,3838.85
8192,2048,8,16,2477.6
8192,2048,8,32,2475.72
8192,2048,8,64,2478.14
8192,2048,8,128,2477.95
8192,2048,8,256,2484.04
8192,2048,8,512,2488.5
8192,2048,8,1024,2493.14
8192,2048,8,2048,2515.91
8192,2048,8,4096,2548.39
8192,2048,8,8192,2643.8
8192,2048,8,16384,3181.57
8192,2048,8,32768,4139.93
8192,2048,16,16,2496.4
8192,2048,16,32,2497.46
8192,2048,16,64,2495.37
8192,2048,16,128,2503.77
8192,2048,16,256,2507.29
8192,2048,16,512,2519.46
8192,2048,16,1024,2539.7
8192,2048,16,2048,2571.92
8192,2048,16,4096,2645.08
8192,2048,16,8192,2874.99
8192,2048,16,16384,3537.18
8192,2048,16,32768,4763.57
8192,2048,32,16,2559.51
8192,2048,32,32,2558.12
8192,2048,32,64,2560.86
8192,2048,32,128,2569.33
8192,2048,32,256,2584.46
8192,2048,32,512,2602.85
8192,2048,32,1024,2633.46
8192,2048,32,2048,2700.63
8192,2048,32,4096,2838.75
8192,2048,32,8192,3299.08
8192,2048,32,16384,4237.35
8192,2048,32,32768,6127.85
8192,2048,64,16,2679.36
8192,2048,64,32,2679.14
8192,2048,64,64,2679.89
8192,2048,64,128,2702.17
8192,2048,64,256,2714.93
8192,2048,64,512,2749.97
8192,2048,64,1024,2806.35
8192,2048,64,2048,2940.25
8192,2048,64,4096,3333.47
8192,2048,64,8192,4172.17
8192,2048,64,16384,5733.04
8192,2048,64,32768,8836.21
8192,2048,128,16,2832.17
8192,2048,128,32,2831.12
8192,2048,128,64,2836.92
8192,2048,128,128,2859.81
8192,2048,128,256,2896.8
8192,2048,128,512,2967.43
8192,2048,128,1024,3152.42
8192,2048,128,2048,3544.62
8192,2048,128,4096,4331.82
8192,2048,128,8192,5929.5
8192,2048,128,16384,8999.81
8192,2048,128,32768,15190.3
8192,4096,0,0,3201.53
8192,4096,1,16,3208.35
8192,4096,1,32,3207.04
8192,4096,1,64,3205.71
8192,4096,1,128,3205.96
8192,4096,1,256,3204.55
8192,4096,1,512,3204.9
8192,4096,1,1024,3205.32
8192,4096,1,2048,3205.43
8192,4096,1,4096,3209.12
8192,4096,1,8192,3221.39
8192,4096,1,16384,3459.89
8192,4096,1,32768,4258.41
8192,4096,2,16,3214.27
8192,4096,2,32,3218.2
8192,4096,2,64,3210.42
8192,4096,2,128,3218.3
8192,4096,2,256,3213.83
8192,4096,2,512,3218.92
8192,4096,2,1024,3221.89
8192,4096,2,2048,3220.16
8192,4096,2,4096,3229.42
8192,4096,2,8192,3240.3
8192,4096,2,16384,3541.9
8192,4096,2,32768,4366.2
8192,4096,4,16,3227.17
8192,4096,4,32,3221.42
8192,4096,4,64,3224.45
8192,4096,4,128,3222.6
8192,4096,4,256,3226.76
8192,4096,4,512,3221.67
8192,4096,4,1024,3226.4
8192,4096,4,2048,3234.86
8192,4096,4,4096,3253.07
8192,4096,4,8192,3285.28
8192,4096,4,16384,3648.52
8192,4096,4,32768,4501.3
8192,4096,8,16,3227.99
8192,4096,8,32,3227.59
8192,4096,8,64,3226.63
8192,4096,8,128,3225.43
8192,4096,8,256,3227.78
8192,4096,8,512,3231.33
8192,4096,8,1024,3236.45
8192,4096,8,2048,3277.12
8192,4096,8,4096,3297.27
8192,4096,8,8192,3374.92
8192,4096,8,16384,3819.09
8192,4096,8,32768,4824.69
8192,4096,16,16,3243.87
8192,4096,16,32,3241.09
8192,4096,16,64,3243.06
8192,4096,16,128,3249.52
8192,4096,16,256,3260.78
8192,4096,16,512,3271.34
8192,4096,16,1024,3295.62
8192,4096,16,2048,3331.52
8192,4096,16,4096,3392.71
8192,4096,16,8192,3535.53
8192,4096,16,16384,4183.54
8192,4096,16,32768,5476.81
8192,4096,32,16,3322.54
8192,4096,32,32,3321.73
8192,4096,32,64,3320.51
8192,4096,32,128,3335.61
8192,4096,32,256,3349.45
8192,4096,32,512,3367.48
8192,4096,32,1024,3410.37
8192,4096,32,2048,3472.97
8192,4096,32,4096,3592.57
8192,4096,32,8192,3984.67
8192,4096,32,16384,4936.9
8192,4096,32,32768,6822.83
8192,4096,64,16,3462.4
8192,4096,64,32,3459.51
8192,4096,64,64,3465.9
8192,4096,64,128,3481.78
8192,4096,64,256,3494.07
8192,4096,64,512,3488.36
8192,4096,64,1024,3527.49
8192,4096,64,2048,3655.3
8192,4096,64,4096,4028.55
8192,4096,64,8192,4880.49
8192,4096,64,16384,6480.53
8192,4096,64,32768,9586.11
8192,4096,128,16,3550.81
8192,4096,128,32,3549.11
8192,4096,128,64,3551.94
8192,4096,128,128,3578.02
8192,4096,128,256,3606.15
8192,4096,128,512,3680.19
8192,4096,128,1024,3850.93
8192,4096,128,2048,4244.48
8192,4096,128,4096,5027.41
8192,4096,128,8192,6641.19
8192,4096,128,16384,9758.98
8192,4096,128,32768,15882.3
8192,8192,0,0,4722.28
8192,8192,1,16,4724.72
8192,8192,1,32,4728.63
8192,8192,1,64,4724.44
8192,8192,1,128,4726.47
8192,8192,1,256,4727.23
8192,8192,1,512,4729.48
8192,8192,1,1024,4726.31
8192,8192,1,2048,4726.99
8192,8192,1,4096,4738.31
8192,8192,1,8192,4739.11
8192,8192,1,16384,4801.88
8192,8192,1,32768,5586.25
8192,8192,2,16,4740.31
8192,8192,2,32,4740.82
8192,8192,2,64,4740.77
8192,8192,2,128,4741.78
8192,8192,2,256,4742.9
8192,8192,2,512,4737.55
8192,8192,2,1024,4739.45
8192,8192,2,2048,4749.11
8192,8192,2,4096,4755.09
8192,8192,2,8192,4764.12
8192,8192,2,16384,4863.7
8192,8192,2,32768,5682.25
8192,8192,4,16,4754.82
8192,8192,4,32,4752.72
8192,8192,4,64,4739.28
8192,8192,4,128,4746.78
8192,8192,4,256,4743.88
8192,8192,4,512,4751.88
8192,8192,4,1024,4741.07
8192,8192,4,2048,4766.15
8192,8192,4,4096,4782.5
8192,8192,4,8192,4800.67
8192,8192,4,16384,4957.5
8192,8192,4,32768,5855.87
8192,8192,8,16,4725.23
8192,8192,8,32,4730.64
8192,8192,8,64,4725.75
8192,8192,8,128,4719.31
8192,8192,8,256,4728.97
8192,8192,8,512,4742.95
8192,8192,8,1024,4759.02
8192,8192,8,2048,4786.82
8192,8192,8,4096,4818.06
8192,8192,8,8192,4854.41
8192,8192,8,16384,5147.48
8192,8192,8,32768,6187.53
8192,8192,16,16,4760.77
8192,8192,16,32,4761.69
8192,8192,16,64,4765.47
8192,8192,16,128,4772.62
8192,8192,16,256,4777.94
8192,8192,16,512,4797.26
8192,8192,16,1024,4826.6
8192,8192,16,2048,4868.92
8192,8192,16,4096,4927.25
8192,8192,16,8192,5001.21
8192,8192,16,16384,5554.21
8192,8192,16,32768,6923
8192,8192,32,16,4859.11
8192,8192,32,32,4860.19
8192,8192,32,64,4860.88
8192,8192,32,128,4866.45
8192,8192,32,256,4883.99
8192,8192,32,512,4917.72
8192,8192,32,1024,4967.14
8192,8192,32,2048,5008.14
8192,8192,32,4096,5061.05
8192,8192,32,8192,5387.34
8192,8192,32,16384,6295.59
8192,8192,32,32768,8256.97
8192,8192,64,16,4981.04
8192,8192,64,32,4976.86
8192,8192,64,64,4978.4
8192,8192,64,128,4981.01
8192,8192,64,256,4979.35
8192,8192,64,512,4983.42
8192,8192,64,1024,4986.26
8192,8192,64,2048,5078.83
8192,8192,64,4096,5424.37
8192,8192,64,8192,6275.58
8192,8192,64,16384,7960.84
8192,8192,64,32768,11054.9
8192,8192,128,16,4992.04
8192,8192,128,32,4982.82
8192,8192,128,64,4987.45
8192,8192,128,128,5012.73
8192,8192,128,256,5043.61
8192,8192,128,512,5102.8
8192,8192,128,1024,5251.16
8192,8192,128,2048,5644
8192,8192,128,4096,6428.12
8192,8192,128,8192,8040.14
8192,8192,128,16384,11247.5
8192,8192,128,32768,17383.7
8192,16384,0,0,7699.38
8192,16384,1,16,7708.01
8192,16384,1,32,7699.31
8192,16384,1,64,7706.28
8192,16384,1,128,7713.69
8192,16384,1,256,7717.81
8192,16384,1,512,7706.96
8192,16384,1,1024,7719.63
8192,16384,1,2048,7712.3
8192,16384,1,4096,7732.22
8192,16384,1,8192,7727.27
8192,16384,1,16384,7727.14
8192,16384,1,32768,8199.59
8192,16384,2,16,7719.47
8192,16384,2,32,7713.58
8192,16384,2,64,7717.14
8192,16384,2,128,7724.55
8192,16384,2,256,7727.84
8192,16384,2,512,7730.99
8192,16384,2,1024,7724.02
8192,16384,2,2048,7725.9
8192,16384,2,4096,7731.15
8192,16384,2,8192,7754.73
8192,16384,2,16384,7759.15
8192,16384,2,32768,8283.06
8192,16384,4,16,7741.51
8192,16384,4,32,7747.82
8192,16384,4,64,7733.19
8192,16384,4,128,7748.72
8192,16384,4,256,7732.21
8192,16384,4,512,7744.09
8192,16384,4,1024,7727.82
8192,16384,4,2048,7750.44
8192,16384,4,4096,7774.62
8192,16384,4,8192,7792.48
8192,16384,4,16384,7817.9
8192,16384,4,32768,8525.05
8192,16384,8,16,7722.5
8192,16384,8,32,7713.33
8192,16384,8,64,7719.48
8192,16384,8,128,7713.71
8192,16384,8,256,7720.96
8192,16384,8,512,7720.94
8192,16384,8,1024,7743.77
8192,16384,8,2048,7768.45
8192,16384,8,4096,7821.11
8192,16384,8,8192,7870.17
8192,16384,8,16384,8005.74
8192,16384,8,32768,8797.25
8192,16384,16,16,7739.4
8192,16384,16,32,7745.81
8192,16384,16,64,7737.57
8192,16384,16,128,7753.7
8192,16384,16,256,7754.82
8192,16384,16,512,7776.34
8192,16384,16,1024,7812.48
8192,16384,16,2048,7867.78
8192,16384,16,4096,7978.44
8192,16384,16,8192,7993.12
8192,16384,16,16384,8308.21
8192,16384,16,32768,9699.61
8192,16384,32,16,7854.27
8192,16384,32,32,7844.2
8192,16384,32,64,7853.46
8192,16384,32,128,7862.79
8192,16384,32,256,7889.73
8192,16384,32,512,7923.31
8192,16384,32,1024,8003.98
8192,16384,32,2048,8001.22
8192,16384,32,4096,8009.48
8192,16384,32,8192,8196.3
8192,16384,32,16384,9153.2
8192,16384,32,32768,10873.8
8192,16384,64,16,7984.59
8192,16384,64,32,7974.15
8192,16384,64,64,7985.34
8192,16384,64,128,7965.73
8192,16384,64,256,7974.29
8192,16384,64,512,7977.1
8192,16384,64,1024,7988.24
8192,16384,64,2048,7993.63
8192,16384,64,4096,8233.24
8192,16384,64,8192,9092.9
8192,16384,64,16384,10831.9
8192,16384,64,32768,14133.8
8192,16384,128,16,7968.61
8192,16384,128,32,7958.88
8192,16384,128,64,7960.64
8192,16384,128,128,7971.91
8192,16384,128,256,7975.54
8192,16384,128,512,7979.38
8192,16384,128,1024,8098.06
8192,16384,128,2048,8444.98
8192,16384,128,4096,9230.99
8192,16384,128,8192,10855.9
8192,16384,128,16384,14146.8
8192,16384,128,32768,20252
16384,0,0,0,6205.33
16384,0,1,16,6219.57
16384,0,1,32,6212.49
16384,0,1,64,6216.18
16384,0,1,128,6215.2
16384,0,1,256,6217.98
16384,0,1,512,6220.37
16384,0,1,1024,6209.15
16384,0,1,2048,6222.78
16384,0,1,4096,6222.58
16384,0,1,8192,6237.06
16384,0,1,16384,6289.02
16384,0,1,32768,7100.3
16384,0,2,16,6233.89
16384,0,2,32,6226.87
16384,0,2,64,6222.06
16384,0,2,128,6222.65
16384,0,2,256,6229.42
16384,0,2,512,6236.5
16384,0,2,1024,6231
16384,0,2,2048,6242.16
16384,0,2,4096,6248.09
16384,0,2,8192,6262.58
16384,0,2,16384,6391.67
16384,0,2,32768,7241.19
16384,0,4,16,6239.99
16384,0,4,32,6244.25
16384,0,4,64,6247.14
16384,0,4,128,6242.07
16384,0,4,256,6245.63
16384,0,4,512,6248.89
16384,0,4,1024,6249.87
16384,0,4,2048,6265.99
16384,0,4,4096,6276.53
16384,0,4,8192,6313.77
16384,0,4,16384,6514.9
16384,0,4,32768,7434.06
16384,0,8,16,6267.88
16384,0,8,32,6269.51
16384,0,8,64,6271.69
16384,0,8,128,6274.49
16384,0,8,256,6269.06
16384,0,8,512,6275.15
16384,0,8,1024,6276.6
16384,0,8,2048,6300.46
16384,0,8,4096,6329.79
16384,0,8,8192,6400.49
16384,0,8,16384,6729.14
16384,0,8,32768,7756.59
16384,0,16,16,6313.69
16384,0,16,32,6310.73
16384,0,16,64,6308.89
16384,0,16,128,6316.88
16384,0,16,256,6320.31
16384,0,16,512,6330.63
16384,0,16,1024,6345.78
16384,0,16,2048,6373.45
16384,0,16,4096,6454.07
16384,0,16,8192,6592.33
16384,0,16,16384,7162.06
16384,0,16,32768,8473.68
16384,0,32,16,6400.31
16384,0,32,32,6396.76
16384,0,32,64,6398.72
16384,0,32,128,6405.12
16384,0,32,256,6415.69
16384,0,32,512,6431.28
16384,0,32,1024,6467.13
16384,0,32,2048,6541.47
16384,0,32,4096,6668.97
16384,0,32,8192,7045.54
16384,0,32,16384,7989.8
16384,0,32,32768,9842.47
16384,0,64,16,6592.94
16384,0,64,32,6597.58
16384,0,64,64,6591.86
16384,0,64,128,6604.38
16384,0,64,256,6619.18
16384,0,64,512,6657.93
16384,0,64,1024,6724.89
16384,0,64,2048,6862.3
16384,0,64,4096,7195.76
16384,0,64,8192,8039.21
16384,0,64,16384,9700.54
16384,0,64,32768,12801
16384,0,128,16,6950.1
16384,0,128,32,6947.14
16384,0,128,64,6949.19
16384,0,128,128,6984.69
16384,0,128,256,7023.35
16384,0,128,512,7098.35
16384,0,128,1024,7316.36
16384,0,128,2048,7635.21
16384,0,128,4096,8425.01
16384,0,128,8192,9998.86
16384,0,128,16384,13188.9
16384,0,128,32768,19327.7
16384,16,0,0,6255.97
16384,16,1,16,6266.47
16384,16,1,32,6268.35
16384,16,1,64,6269.56
16384,16,1,128,6265.95
16384,16,1,256,6264.71
16384,16,1,512,6277.84
16384,16,1,1024,6269.66
16384,16,1,2048,6274.21
16384,16,1,4096,6274.72
16384,16,1,8192,6288.27
16384,16,1,16384,6329.94
16384,16,1,32768,7143.68
16384,16,2,16,6276.43
16384,16,2,32,6288.78
16384,16,2,64,6281.32
16384,16,2,128,6277.48
16384,16,2,256,6273.01
16384,16,2,512,6285.29
16384,16,2,1024,6276.56
16384,16,2,2048,6284.69
16384,16,2,4096,6293.77
16384,16,2,8192,6322.11
16384,16,2,16384,6432.52
16384,16,2,32768,7282
16384,16,4,16,6291.37
16384,16,4,32,6296.57
16384,16,4,64,6292.85
16384,16,4,128,6291.38
16384,16,4,256,6297.96
16384,16,4,512,6298.03
16384,16,4,1024,6301.7
16384,16,4,2048,6309.63
16384,16,4,4096,6327.88
16384,16,4,8192,6364.65
16384,16,4,16384,6557.01
16384,16,4,32768,7477.22
16384,16,8,16,6320.81
16384,16,8,32,6310.67
16384,16,8,64,6311.44
16384,16,8,128,6326.3
16384,16,8,256,6316.85
16384,16,8,512,6327.32
16384,16,8,1024,6332.1
16384,16,8,2048,6349.88
16384,16,8,4096,6390.34
16384,16,8,8192,6455.7
16384,16,8,16384,6772.56
16384,16,8,32768,7798.09
16384,16,16,16,6365.02
16384,16,16,32,6360.02
16384,16,16,64,6358.26
16384,16,16,128,6369.26
16384,16,16,256,6366.62
16384,16,16,512,6378.66
16384,16,16,1024,6395.02
16384,16,16,2048,6427.92
16384,16,16,4096,6497.94
16384,16,16,8192,6638.6
16384,16,16,16384,7203.59
16384,16,16,32768,8521.87
16384,16,32,16,6449.14
16384,16,32,32,6451.17
16384,16,32,64,6454.42
16384,16,32,128,6460.92
16384,16,32,256,6474.15
16384,16,32,512,6492.51
16384,16,32,1024,6522.1
16384,16,32,2048,6593.3
16384,16,32,4096,6736.53
16384,16,32,8192,7091.29
16384,16,32,16384,8040.47
16384,16,32,32768,9892.93
16384,16,64,16,6645.64
16384,16,64,32,6645.85
16384,16,64,64,6645
16384,16,64,128,6663.56
16384,16,64,256,6679.03
16384,16,64,512,6713.21
16384,16,64,1024,6779.54
16384,16,64,2048,6917.38
16384,16,64,4096,7241.21
16384,16,64,8192,8078.98
16384,16,64,16384,9737.63
16384,16,64,32768,12853
16384,16,128,16,6999.16
16384,16,128,32,6998.05
16384,16,128,64,7007.72
16384,16,128,128,7040.1
16384,16,128,256,7076.08
16384,16,128,512,7156.42
16384,16,128,1024,7296.75
16384,16,128,2048,7681.83
16384,16,128,4096,8471.74
16384,16,128,8192,10043.5
16384,16,128,16384,13228.7
16384,16,128,32768,19383
16384,32,0,0,6257.99
16384,32,1,16,6263.89
16384,32,1,32,6274.43
16384,32,1,64,6267.16
16384,32,1,128,6275.25
16384,32,1,256,6280.36
16384,32,1,512,6272.14
16384,32,1,1024,6269.65
16384,32,1,2048,6269.67
16384,32,1,4096,6278.31
16384,32,1,8192,6288.21
16384,32,1,16384,6331.52
16384,32,1,32768,7145.17
16384,32,2,16,6275.14
16384,32,2,32,6271.4
16384,32,2,64,6280.96
16384,32,2,128,6275.11
16384,32,2,256,6275.53
16384,32,2,512,6284.45
16384,32,2,1024,6276.71
16384,32,2,2048,6288.93
16384,32,2,4096,6296.97
16384,32,2,8192,6318.6
16384,32,2,16384,6438.59
16384,32,2,32768,7285.25
16384,32,4,16,6288.79
16384,32,4,32,6292.02
16384,32,4,64,6296.96
16384,32,4,128,6295.81
16384,32,4,256,6298.08
16384,32,4,512,6292.69
16384,32,4,1024,6308.19
16384,32,4,2048,6309.49
16384,32,4,4096,6323.02
16384,32,4,8192,6367.03
16384,32,4,16384,6554.85
16384,32,4,32768,7476.87
16384,32,8,16,6311.57
16384,32,8,32,6314.07
16384,32,8,64,6316.74
16384,32,8,128,6318.67
16384,32,8,256,6321.9
16384,32,8,512,6327.87
16384,32,8,1024,6336.77
16384,32,8,2048,6353.8
16384,32,8,4096,6386.08
16384,32,8,8192,6449.52
16384,32,8,16384,6772.51
16384,32,8,32768,7796.18
16384,32,16,16,6358.29
16384,32,16,32,6364.4
16384,32,16,64,6358.99
16384,32,16,128,6358.72
16384,32,16,256,6367.47
16384,32,16,512,6376.9
16384,32,16,1024,6392.81
16384,32,16,2048,6434.52
16384,32,16,4096,6499.22
16384,32,16,8192,6633.45
16384,32,16,16384,7206.74
16384,32,16,32768,8521.2
16384,32,32,16,6453.24
16384,32,32,32,6458.41
16384,32,32,64,6456.79
16384,32,32,128,6456.42
16384,32,32,256,6474.47
16384,32,32,512,6493.94
16384,32,32,1024,6517.94
16384,32,32,2048,6589.22
16384,32,32,4096,6730.07
16384,32,32,8192,7091.62
16384,32,32,16384,8037.46
16384,32,32,32768,9892.85
16384,32,64,16,6646.46
16384,32,64,32,6646.87
16384,32,64,64,6651.26
16384,32,64,128,6667.61
16384,32,64,256,6680.43
16384,32,64,512,6709.95
16384,32,64,1024,6787.05
16384,32,64,2048,6914.21
16384,32,64,4096,7240.81
16384,32,64,8192,8085.26
16384,32,64,16384,9743.3
16384,32,64,32768,12857.4
16384,32,128,16,6998.93
16384,32,128,32,7002.95
16384,32,128,64,7008.04
16384,32,128,128,7039.41
16384,32,128,256,7078.62
16384,32,128,512,7155.38
16384,32,128,1024,7297.08
16384,32,128,2048,7679.35
16384,32,128,4096,8469.53
16384,32,128,8192,10043
16384,32,128,16384,13235.1
16384,32,128,32768,19372.9
16384,64,0,0,6261.79
16384,64,1,16,6263.51
16384,64,1,32,6268.95
16384,64,1,64,6269.98
16384,64,1,128,6269.51
16384,64,1,256,6260.29
16384,64,1,512,6269.81
16384,64,1,1024,6267.58
16384,64,1,2048,6278.65
16384,64,1,4096,6283.27
16384,64,1,8192,6283.73
16384,64,1,16384,6334.5
16384,64,1,32768,7147.49
16384,64,2,16,6282.86
16384,64,2,32,6275.26
16384,64,2,64,6273.16
16384,64,2,128,6280.23
16384,64,2,256,6280.13
16384,64,2,512,6282.02
16384,64,2,1024,6276.77
16384,64,2,2048,6285.37
16384,64,2,4096,6298.47
16384,64,2,8192,6319.41
16384,64,2,16384,6433.09
16384,64,2,32768,7285.15
16384,64,4,16,6298.92
16384,64,4,32,6299.55
16384,64,4,64,6293.57
16384,64,4,128,6293.22
16384,64,4,256,6303.59
16384,64,4,512,6301.95
16384,64,4,1024,6305.92
16384,64,4,2048,6310.99
16384,64,4,4096,6326.49
16384,64,4,8192,6372.18
16384,64,4,16384,6559.6
16384,64,4,32768,7474.47
16384,64,8,16,6313.66
16384,64,8,32,6313.56
16384,64,8,64,6313.18
16384,64,8,128,6318.12
16384,64,8,256,6324.97
16384,64,8,512,6322.21
16384,64,8,1024,6333.13
16384,64,8,2048,6354.74
16384,64,8,4096,6383.43
16384,64,8,8192,6454.02
16384,64,8,16384,6770.91
16384,64,8,32768,7794.76
16384,64,16,16,6358.97
16384,64,16,32,6363.48
16384,64,16,64,6356.91
16384,64,16,128,6369.51
16384,64,16,256,6368.98
16384,64,16,512,6379.01
16384,64,16,1024,6401.9
16384,64,16,2048,6428.15
16384,64,16,4096,6499.67
16384,64,16,8192,6629.42
16384,64,16,16384,7205.46
16384,64,16,32768,8519.8
16384,64,32,16,6447
16384,64,32,32,6451.75
16384,64,32,64,6447.5
16384,64,32,128,6463.77
16384,64,32,256,6469.86
16384,64,32,512,6493.87
16384,64,32,1024,6518.02
16384,64,32,2048,6597.1
16384,64,32,4096,6733.57
16384,64,32,8192,7090.31
16384,64,32,16384,8037.59
16384,64,32,32768,9890.1
16384,64,64,16,6644.15
16384,64,64,32,6652.39
16384,64,64,64,6646.21
16384,64,64,128,6664.61
16384,64,64,256,6689.53
16384,64,64,512,6706.37
16384,64,64,1024,6782.17
16384,64,64,2048,6913.62
16384,64,64,4096,7239.21
16384,64,64,8192,8082.94
16384,64,64,16384,9744.97
16384,64,64,32768,12850
16384,64,128,16,7003.27
16384,64,128,32,7001.68
16384,64,128,64,7009.22
16384,64,128,128,7039.54
16384,64,128,256,7074.69
16384,64,128,512,7148.4
16384,64,128,1024,7301.28
16384,64,128,2048,7679.07
16384,64,128,4096,8469.1
16384,64,128,8192,10045.7
16384,64,128,16384,13234.8
16384,64,128,32768,19375
16384,128,0,0,6297.18
16384,128,1,16,6308.07
16384,128,1,32,6306.67
16384,128,1,64,6311.14
16384,128,1,128,6306.2
16384,128,1,256,6316.48
16384,128,1,512,6313.79
16384,128,1,1024,6311.09
16384,128,1,2048,6313.7
16384,128,1,4096,6318.82
16384,128,1,8192,6330.51
16384,128,1,16384,6377.76
16384,128,1,32768,7183.06
16384,128,2,16,6321.27
16384,128,2,32,6320.14
16384,128,2,64,6320.87
16384,128,2,128,6322.3
16384,128,2,256,6318.97
16384,128,2,512,6329.67
16384,128,2,1024,6326.45
16384,128,2,2048,6334.25
16384,128,2,4096,6336.97
16384,128,2,8192,6356.04
16384,128,2,16384,6475.34
16384,128,2,32768,7322.81
16384,128,4,16,6334.82
16384,128,4,32,6340.73
16384,128,4,64,6333.79
16384,128,4,128,6339.38
16384,128,4,256,6341.35
16384,128,4,512,6338.75
16384,128,4,1024,6349.77
16384,128,4,2048,6352.76
16384,128,4,4096,6378.27
16384,128,4,8192,6394.98
16384,128,4,16384,6598.47
16384,128,4,32768,7505.89
16384,128,8,16,6348.78
16384,128,8,32,6354.73
16384,128,8,64,6345.95
16384,128,8,128,6355.49
16384,128,8,256,6357.66
16384,128,8,512,6361.8
16384,128,8,1024,6364.92
16384,128,8,2048,6393.59
16384,128,8,4096,6421.97
16384,128,8,8192,6487.61
16384,128,8,16384,6812.16
16384,128,8,32768,7836.54
16384,128,16,16,6400.45
16384,128,16,32,6401.3
16384,128,16,64,6402.32
16384,128,16,128,6405.95
16384,128,16,256,6412.7
16384,128,16,512,6420.7
16384,128,16,1024,6437.68
16384,128,16,2048,6466.24
16384,128,16,4096,6543.64
16384,128,16,8192,6670.03
16384,128,16,16384,7250.45
16384,128,16,32768,8568.61
16384,128,32,16,6487.34
16384,128,32,32,6489.26
16384,128,32,64,6493.39
16384,128,32,128,6498.13
16384,128,32,256,6504.21
16384,128,32,512,6527.62
16384,128,32,1024,6561.09
16384,128,32,2048,6629.81
16384,128,32,4096,6762.15
16384,128,32,8192,7134.06
16384,128,32,16384,8077.86
16384,128,32,32768,9928.08
16384,128,64,16,6680.51
16384,128,64,32,6684
16384,128,64,64,6683.03
16384,128,64,128,6701.6
16384,128,64,256,6716.7
16384,128,64,512,6747.26
16384,128,64,1024,6818.42
16384,128,64,2048,6958.02
16384,128,64,4096,7284.95
16384,128,64,8192,8125.92
16384,128,64,16384,9790.56
16384,128,64,32768,12898.6
16384,128,128,16,7037.1
16384,128,128,32,7036.32
16384,128,128,64,7036.97
16384,128,128,128,7072.55
16384,128,128,256,7110.08
16384,128,128,512,7190.15
16384,128,128,1024,7335.52
16384,128,128,2048,7721.86
16384,128,128,4096,8512.76
16384,128,128,8192,10087.4
16384,128,128,16384,13278.3
16384,128,128,32768,19413.3
16384,256,0,0,6385.83
16384,256,1,16,6397.34
16384,256,1,32,6396.06
16384,256,1,64,6394.85
16384,256,1,128,6401.61
16384,256,1,256,6400.17
16384,256,1,512,6394.71
16384,256,1,1024,6398.81
16384,256,1,2048,6404.95
16384,256,1,4096,6409.52
16384,256,1,8192,6412.6
16384,256,1,16384,6472.34
16384,256,1,32768,7277.06
16384,256,2,16,6411.23
16384,256,2,32,6420.69
16384,256,2,64,6409.15
16384,256,2,128,6407.12
16384,256,2,256,6416.35
16384,256,2,512,6413.22
16384,256,2,1024,6420.97
16384,256,2,2048,6420.96
16384,256,2,4096,6426.43
16384,256,2,8192,6449.31
16384,256,2,16384,6567.32
16384,256,2,32768,7406.69
16384,256,4,16,6428.53
16384,256,4,32,6428.17
16384,256,4,64,6430.18
16384,256,4,128,6425.18
16384,256,4,256,6427.23
16384,256,4,512,6430.27
16384,256,4,1024,6430.08
16384,256,4,2048,6445.18
16384,256,4,4096,6458.87
16384,256,4,8192,6489.52
16384,256,4,16384,6686.67
16384,256,4,32768,7592.52
16384,256,8,16,6440.88
16384,256,8,32,6442.14
16384,256,8,64,6441.31
16384,256,8,128,6445.56
16384,256,8,256,6449.04
16384,256,8,512,6452.07
16384,256,8,1024,6463.18
16384,256,8,2048,6478.21
16384,256,8,4096,6515.28
16384,256,8,8192,6581.8
16384,256,8,16384,6903.15
16384,256,8,32768,7912.14
16384,256,16,16,6495.87
16384,256,16,32,6496.51
16384,256,16,64,6501.37
16384,256,16,128,6502.66
16384,256,16,256,6505.58
16384,256,16,512,6512.54
16384,256,16,1024,6528.25
16384,256,16,2048,6562.81
16384,256,16,4096,6633.92
16384,256,16,8192,6762.6
16384,256,16,16384,7336.71
16384,256,16,32768,8655.69
16384,256,32,16,6579.26
16384,256,32,32,6578.86
16384,256,32,64,6581.09
16384,256,32,128,6593.63
16384,256,32,256,6597.2
16384,256,32,512,6612.82
16384,256,32,1024,6651.25
16384,256,32,2048,6719.04
16384,256,32,4096,6854.14
16384,256,32,8192,7223
16384,256,32,16384,8166.7
16384,256,32,32768,10010.7
16384,256,64,16,6774.73
16384,256,64,32,6769.86
16384,256,64,64,6777.94
16384,256,64,128,6789.37
16384,256,64,256,6806.42
16384,256,64,512,6844.56
16384,256,64,1024,6905.59
16384,256,64,2048,7041.26
16384,256,64,4096,7371.41
16384,256,64,8192,8210.93
16384,256,64,16384,9875.37
16384,256,64,32768,12984.8
16384,256,128,16,7127.18
16384,256,128,32,7123.83
16384,256,128,64,7126.85
16384,256,128,128,7163.06
16384,256,128,256,7198.32
16384,256,128,512,7277.91
16384,256,128,1024,7422.88
16384,256,128,2048,7810.45
16384,256,128,4096,8598.81
16384,256,128,8192,10176.9
16384,256,128,16384,13366.1
16384,256,128,32768,19503
16384,512,0,0,6570.14
16384,512,1,16,6589.2
16384,512,1,32,6581.1
16384,512,1,64,6588.36
16384,512,1,128,6586.21
16384,512,1,256,6584.28
16384,512,1,512,6580.2
16384,512,1,1024,6587.13
16384,512,1,2048,6589.96
16384,512,1,4096,6596.45
16384,512,1,8192,6600.88
16384,512,1,16384,6639.89
16384,512,1,32768,7428.19
16384,512,2,16,6591.66
16384,512,2,32,6596.49
16384,512,2,64,6591.66
16384,512,2,128,6591.59
16384,512,2,256,6592.35
16384,512,2,512,6592.32
16384,512,2,1024,6593.52
16384,512,2,2048,6603.69
16384,512,2,4096,6608.94
16384,512,2,8192,6629.7
16384,512,2,16384,6730.89
16384,512,2,32768,7569.67
16384,512,4,16,6604.55
16384,512,4,32,6613.26
16384,512,4,64,6617.46
16384,512,4,128,6607.77
16384,512,4,256,6605.33
16384,512,4,512,6613.03
16384,512,4,1024,6617.09
16384,512,4,2048,6613.61
16384,512,4,4096,6636.78
16384,512,4,8192,6673.59
16384,512,4,16384,6855.13
16384,512,4,32768,7746.93
16384,512,8,16,6633.13
16384,512,8,32,6628.77
16384,512,8,64,6632.1
16384,512,8,128,6631.67
16384,512,8,256,6634.76
16384,512,8,512,6629.86
16384,512,8,1024,6639.03
16384,512,8,2048,6654.7
16384,512,8,4096,6693.1
16384,512,8,8192,6770.62
16384,512,8,16384,7075.91
16384,512,8,32768,8090.2
16384,512,16,16,6680.84
16384,512,16,32,6670.86
16384,512,16,64,6678.37
16384,512,16,128,6682.92
16384,512,16,256,6680.56
16384,512,16,512,6694.48
16384,512,16,1024,6708.89
16384,512,16,2048,6747.08
16384,512,16,4096,6811.77
16384,512,16,8192,6941.21
16384,512,16,16384,7514.54
16384,512,16,32768,8831.39
16384,512,32,16,6765.45
16384,512,32,32,6764.82
16384,512,32,64,6758.96
16384,512,32,128,6769.22
16384,512,32,256,6782.52
16384,512,32,512,6797.33
16384,512,32,1024,6831.3
16384,512,32,2048,6895.96
16384,512,32,4096,7048.43
16384,512,32,8192,7397.82
16384,512,32,16384,8338.7
16384,512,32,32768,10179.6
16384,512,64,16,6957.61
16384,512,64,32,6959.07
16384,512,64,64,6953.19
16384,512,64,128,6975.52
16384,512,64,256,6990.52
16384,512,64,512,7031.04
16384,512,64,1024,7083.83
16384,512,64,2048,7225.25
16384,512,64,4096,7545.65
16384,512,64,8192,8389.08
16384,512,64,16384,10055.8
16384,512,64,32768,13170.8
16384,512,128,16,7301.54
16384,512,128,32,7298.88
16384,512,128,64,7306.66
16384,512,128,128,7334.71
16384,512,128,256,7378.04
16384,512,128,512,7454.57
16384,512,128,1024,7599.87
16384,512,128,2048,7987.06
16384,512,128,4096,8775.87
16384,512,128,8192,10349.2
16384,512,128,16384,13544.9
16384,512,128,32768,19671.4
16384,1024,0,0,6939.47
16384,1024,1,16,6947.32
16384,1024,1,32,6946.86
16384,1024,1,64,6945.31
16384,1024,1,128,6939.06
16384,1024,1,256,6951.61
16384,1024,1,512,6944.16
16384,1024,1,1024,6948.88
16384,1024,1,2048,6952.85
16384,1024,1,4096,6958.16
16384,1024,1,8192,6970.78
16384,1024,1,16384,6983.96
16384,1024,1,32768,7764.74
16384,1024,2,16,6957.17
16384,1024,2,32,6955.45
16384,1024,2,64,6967.95
16384,1024,2,128,6961.54
16384,1024,2,256,6959.39
16384,1024,2,512,6960.38
16384,1024,2,1024,6968.65
16384,1024,2,2048,6968.88
16384,1024,2,4096,6978.62
16384,1024,2,8192,6983.89
16384,1024,2,16384,7077.13
16384,1024,2,32768,7905.66
16384,1024,4,16,6959.2
16384,1024,4,32,6966.12
16384,1024,4,64,6970.49
16384,1024,4,128,6964.95
16384,1024,4,256,6968.2
16384,1024,4,512,6971.86
16384,1024,4,1024,6982.24
16384,1024,4,2048,6991.45
16384,1024,4,4096,7005.09
16384,1024,4,8192,7037.7
16384,1024,4,16384,7200.72
16384,1024,4,32768,8096.66
16384,1024,8,16,6992.63
16384,1024,8,32,6986.59
16384,1024,8,64,6990.78
16384,1024,8,128,6987.34
16384,1024,8,256,6995.3
16384,1024,8,512,6999.8
16384,1024,8,1024,7017.48
16384,1024,8,2048,7022.77
16384,1024,8,4096,7057.94
16384,1024,8,8192,7119.62
16384,1024,8,16384,7424.84
16384,1024,8,32768,8448.49
16384,1024,16,16,7050.29
16384,1024,16,32,7043.29
16384,1024,16,64,7040.54
16384,1024,16,128,7046.71
16384,1024,16,256,7051.15
16384,1024,16,512,7053.95
16384,1024,16,1024,7068.57
16384,1024,16,2048,7108.52
16384,1024,16,4096,7176.38
16384,1024,16,8192,7312.19
16384,1024,16,16384,7859.89
16384,1024,16,32768,9189.54
16384,1024,32,16,7116.8
16384,1024,32,32,7116.88
16384,1024,32,64,7124.33
16384,1024,32,128,7129.44
16384,1024,32,256,7136.35
16384,1024,32,512,7155.71
16384,1024,32,1024,7200.57
16384,1024,32,2048,7256.5
16384,1024,32,4096,7406.59
16384,1024,32,8192,7746.76
16384,1024,32,16384,8680.75
16384,1024,32,32768,10536.4
16384,1024,64,16,7314.61
16384,1024,64,32,7312.72
16384,1024,64,64,7319.8
16384,1024,64,128,7341.12
16384,1024,64,256,7344.88
16384,1024,64,512,7387.88
16384,1024,64,1024,7451.33
16384,1024,64,2048,7594.48
16384,1024,64,4096,7894.71
16384,1024,64,8192,8739.27
16384,1024,64,16384,10412.1
16384,1024,64,32768,13523.8
16384,1024,128,16,7654.56
16384,1024,128,32,7660.35
16384,1024,128,64,7657.71
16384,1024,128,128,7694.22
16384,1024,128,256,7741.36
16384,1024,128,512,7810.7
16384,1024,128,1024,7957.33
16384,1024,128,2048,8338.4
16384,1024,128,4096,9126.42
16384,1024,128,8192,10700
16384,1024,128,16384,13903.8
16384,1024,128,32768,20043.7
16384,2048,0,0,7661.12
16384,2048,1,16,7669.67
16384,2048,1,32,7680.84
16384,2048,1,64,7677.72
16384,2048,1,128,7662.51
16384,2048,1,256,7675.21
16384,2048,1,512,7672.96
16384,2048,1,1024,7673.09
16384,2048,1,2048,7679.94
16384,2048,1,4096,7684.34
16384,2048,1,8192,7689.44
16384,2048,1,16384,7711.66
16384,2048,1,32768,8465.57
16384,2048,2,16,7692.42
16384,2048,2,32,7690.35
16384,2048,2,64,7683.96
16384,2048,2,128,7684.48
16384,2048,2,256,7693.95
16384,2048,2,512,7686.96
16384,2048,2,1024,7690.56
16384,2048,2,2048,7688.22
16384,2048,2,4096,7701.17
16384,2048,2,8192,7724.42
16384,2048,2,16384,7758.46
16384,2048,2,32768,8585.06
16384,2048,4,16,7697.83
16384,2048,4,32,7693.78
16384,2048,4,64,7697.36
16384,2048,4,128,7702.15
16384,2048,4,256,7696.82
16384,2048,4,512,7699.53
16384,2048,4,1024,7707.55
16384,2048,4,2048,7714.92
16384,2048,4,4096,7734.9
16384,2048,4,8192,7767.17
16384,2048,4,16384,7878.16
16384,2048,4,32768,8773.92
16384,2048,8,16,7727.98
16384,2048,8,32,7728.67
16384,2048,8,64,7733.37
16384,2048,8,128,7739.66
16384,2048,8,256,7731.44
16384,2048,8,512,7732.59
16384,2048,8,1024,7738.18
16384,2048,8,2048,7765.27
16384,2048,8,4096,7799.75
16384,2048,8,8192,7852.26
16384,2048,8,16384,8102.6
16384,2048,8,32768,9156.79
16384,2048,16,16,7759.84
16384,2048,16,32,7765.4
16384,2048,16,64,7767.92
16384,2048,16,128,7765.97
16384,2048,16,256,7782.62
16384,2048,16,512,7785.65
16384,2048,16,1024,7805.42
16384,2048,16,2048,7822.75
16384,2048,16,4096,7891.77
16384,2048,16,8192,8055.1
16384,2048,16,16384,8541.6
16384,2048,16,32768,9882.99
16384,2048,32,16,7842.14
16384,2048,32,32,7843.11
16384,2048,32,64,7838.4
16384,2048,32,128,7851.88
16384,2048,32,256,7859.7
16384,2048,32,512,7871.45
16384,2048,32,1024,7913.97
16384,2048,32,2048,7974.14
16384,2048,32,4096,8108.24
16384,2048,32,8192,8448.66
16384,2048,32,16384,9384.1
16384,2048,32,32768,11264.5
16384,2048,64,16,8049.27
16384,2048,64,32,8047.97
16384,2048,64,64,8043.36
16384,2048,64,128,8063.98
16384,2048,64,256,8080.63
16384,2048,64,512,8119.05
16384,2048,64,1024,8172.06
16384,2048,64,2048,8320.56
16384,2048,64,4096,8610.76
16384,2048,64,8192,9442.59
16384,2048,64,16384,11118.4
16384,2048,64,32768,14244.8
16384,2048,128,16,8367.82
16384,2048,128,32,8365.82
16384,2048,128,64,8364.78
16384,2048,128,128,8403.51
16384,2048,128,256,8454.01
16384,2048,128,512,8513.89
16384,2048,128,1024,8674.68
16384,2048,128,2048,9041
16384,2048,128,4096,9825.83
16384,2048,128,8192,11405.1
16384,2048,128,16384,14608.8
16384,2048,128,32768,20771.3
16384,4096,0,0,9108.12
16384,4096,1,16,9118.71
16384,4096,1,32,9137.65
16384,4096,1,64,9131.35
16384,4096,1,128,9128.76
16384,4096,1,256,9126.66
16384,4096,1,512,9127.72
16384,4096,1,1024,9132.25
16384,4096,1,2048,9134.48
16384,4096,1,4096,9127.02
16384,4096,1,8192,9151.1
16384,4096,1,16384,9152.9
16384,4096,1,32768,9810.72
16384,4096,2,16,9125.24
16384,4096,2,32,9122.77
16384,4096,2,64,9125.41
16384,4096,2,128,9127.22
16384,4096,2,256,9131.82
16384,4096,2,512,9128.07
16384,4096,2,1024,9138.08
16384,4096,2,2048,9148.97
16384,4096,2,4096,9161.1
16384,4096,2,8192,9164.83
16384,4096,2,16384,9201.67
16384,4096,2,32768,9953.77
16384,4096,4,16,9148.84
16384,4096,4,32,9137.13
16384,4096,4,64,9140.17
16384,4096,4,128,9138.82
16384,4096,4,256,9146.55
16384,4096,4,512,9146.49
16384,4096,4,1024,9149.66
16384,4096,4,2048,9167.11
16384,4096,4,4096,9189.69
16384,4096,4,8192,9200.9
16384,4096,4,16384,9276.97
16384,4096,4,32768,10162.8
16384,4096,8,16,9153.96
16384,4096,8,32,9158.03
16384,4096,8,64,9152.93
16384,4096,8,128,9148.17
16384,4096,8,256,9155.01
16384,4096,8,512,9151.82
16384,4096,8,1024,9169.27
16384,4096,8,2048,9181.09
16384,4096,8,4096,9231.85
16384,4096,8,8192,9290.94
16384,4096,8,16384,9475.68
16384,4096,8,32768,10521.1
16384,4096,16,16,9193.9
16384,4096,16,32,9204.41
16384,4096,16,64,9186.59
16384,4096,16,128,9186.09
16384,4096,16,256,9189.07
16384,4096,16,512,9199.38
16384,4096,16,1024,9216.16
16384,4096,16,2048,9269.71
16384,4096,16,4096,9323.8
16384,4096,16,8192,9462.4
16384,4096,16,16384,9933.13
16384,4096,16,32768,11212.9
16384,4096,32,16,8893.88
16384,4096,32,32,8888.29
16384,4096,32,64,8892.45
16384,4096,32,128,9291.84
16384,4096,32,256,9299.47
16384,4096,32,512,9325.49
16384,4096,32,1024,9361.58
16384,4096,32,2048,9434.43
16384,4096,32,4096,9576.44
16384,4096,32,8192,9851.85
16384,4096,32,16384,10796.3
16384,4096,32,32768,12680.1
16384,4096,64,16,9553.22
16384,4096,64,32,9541.75
16384,4096,64,64,9545.89
16384,4096,64,128,9548.24
16384,4096,64,256,9544.92
16384,4096,64,512,9546.7
16384,4096,64,1024,9617.07
16384,4096,64,2048,9752.31
16384,4096,64,4096,10066.3
16384,4096,64,8192,10849.3
16384,4096,64,16384,12249.2
16384,4096,64,32768,15694.9
16384,4096,128,16,9788.83
16384,4096,128,32,9791.77
16384,4096,128,64,9782.78
16384,4096,128,128,9830.1
16384,4096,128,256,9869.8
16384,4096,128,512,9949.7
16384,4096,128,1024,10087.6
16384,4096,128,2048,10349.6
16384,4096,128,4096,11232.8
16384,4096,128,8192,12814.5
16384,4096,128,16384,16017.3
16384,4096,128,32768,22192.5
16384,8192,0,0,11980.8
16384,8192,1,16,11992.2
16384,8192,1,32,11992.5
16384,8192,1,64,11131.5
16384,8192,1,128,11043.5
16384,8192,1,256,10953.6
16384,8192,1,512,10947.7
16384,8192,1,1024,10949.2
16384,8192,1,2048,12005.2
16384,8192,1,4096,11048.5
16384,8192,1,8192,11058.9
16384,8192,1,16384,11076.3
16384,8192,1,32768,12519.7
16384,8192,2,16,10883.2
16384,8192,2,32,10871.9
16384,8192,2,64,10873.6
16384,8192,2,128,10874
16384,8192,2,256,12021
16384,8192,2,512,12021.8
16384,8192,2,1024,12018.1
16384,8192,2,2048,12010.4
16384,8192,2,4096,12034.7
16384,8192,2,8192,11100.1
16384,8192,2,16384,11136.7
16384,8192,2,32768,11666.8
16384,8192,4,16,10727.7
16384,8192,4,32,10717.8
16384,8192,4,64,10713.2
16384,8192,4,128,10714.9
16384,8192,4,256,11247.8
16384,8192,4,512,12018.6
16384,8192,4,1024,11918
16384,8192,4,2048,11943.6
16384,8192,4,4096,12056.4
16384,8192,4,8192,11142.3
16384,8192,4,16384,11235.6
16384,8192,4,32768,11872.7
16384,8192,8,16,11071.3
16384,8192,8,32,12030.4
16384,8192,8,64,12010.6
16384,8192,8,128,12031.2
16384,8192,8,256,11824
16384,8192,8,512,11057.3
16384,8192,8,1024,11007.2
16384,8192,8,2048,11016.5
16384,8192,8,4096,11083.9
16384,8192,8,8192,11128.3
16384,8192,8,16384,11203.4
16384,8192,8,32768,11964.1
16384,8192,16,16,10853.7
16384,8192,16,32,10863.6
16384,8192,16,64,10855.9
16384,8192,16,128,12105
16384,8192,16,256,12098.6
16384,8192,16,512,12127.2
16384,8192,16,1024,11733.9
16384,8192,16,2048,11132.6
16384,8192,16,4096,11214.2
16384,8192,16,8192,11312.6
16384,8192,16,16384,12699.1
16384,8192,16,32768,12531.7
16384,8192,32,16,10929.5
16384,8192,32,32,10916.4
16384,8192,32,64,12256.1
16384,8192,32,128,11195.1
16384,8192,32,256,11124.1
16384,8192,32,512,11138.2
16384,8192,32,1024,12352.2
16384,8192,32,2048,11224
16384,8192,32,4096,11229.2
16384,8192,32,8192,11510.8
16384,8192,32,16384,13629
16384,8192,32,32768,13546
16384,8192,64,16,10786.1
16384,8192,64,32,12353.4
16384,8192,64,64,12254.8
16384,8192,64,128,11106
16384,8192,64,256,11130.7
16384,8192,64,512,12425.6
16384,8192,64,1024,11221
16384,8192,64,2048,11240.9
16384,8192,64,4096,11526.4
16384,8192,64,8192,13665.3
16384,8192,64,16384,15346.4
16384,8192,64,32768,18561.6
16384,8192,128,16,12661.1
16384,8192,128,32,11133.2
16384,8192,128,64,11067.3
16384,8192,128,128,12696.2
16384,8192,128,256,12713.6
16384,8192,128,512,12796.7
16384,8192,128,1024,12940.6
16384,8192,128,2048,13241.3
16384,8192,128,4096,12266.6
16384,8192,128,8192,13685.2
16384,8192,128,16384,18848.7
16384,8192,128,32768,25073.6
16384,16384,0,0,17836.7
16384,16384,1,16,15651.5
16384,16384,1,32,15692.9
16384,16384,1,64,15585.3
16384,16384,1,128,15633.9
16384,16384,1,256,15667.5
16384,16384,1,512,15598.8
16384,16384,1,1024,15644
16384,16384,1,2048,15696.4
16384,16384,1,4096,15711.2
16384,16384,1,8192,15700.7
16384,16384,1,16384,15682.3
16384,16384,1,32768,15795.9
16384,16384,2,16,15702.7
16384,16384,2,32,15702.8
16384,16384,2,64,15665.6
16384,16384,2,128,15657.8
16384,16384,2,256,15657
16384,16384,2,512,15626.2
16384,16384,2,1024,15658.9
16384,16384,2,2048,15716.6
16384,16384,2,4096,15685.6
16384,16384,2,8192,15733.6
16384,16384,2,16384,15647.9
16384,16384,2,32768,15946.4
16384,16384,4,16,15708.5
16384,16384,4,32,15685.9
16384,16384,4,64,15591.2
16384,16384,4,128,15687.7
16384,16384,4,256,15651.9
16384,16384,4,512,15630.2
16384,16384,4,1024,15690.8
16384,16384,4,2048,15702.8
16384,16384,4,4096,15749.4
16384,16384,4,8192,15692.7
16384,16384,4,16384,15829.3
16384,16384,4,32768,16085.9
16384,16384,8,16,15707.5
16384,16384,8,32,15685.1
16384,16384,8,64,15708.8
16384,16384,8,128,15732.8
16384,16384,8,256,15722.8
16384,16384,8,512,15710.6
16384,16384,8,1024,15735.1
16384,16384,8,2048,15737.2
16384,16384,8,4096,15832.6
16384,16384,8,8192,15909
16384,16384,8,16384,15923.9
16384,16384,8,32768,16461.6
16384,16384,16,16,15849
16384,16384,16,32,15803.7
16384,16384,16,64,15774.9
16384,16384,16,128,15838.4
16384,16384,16,256,15829.1
16384,16384,16,512,15783.4
16384,16384,16,1024,15854.4
16384,16384,16,2048,15949.4
16384,16384,16,4096,16017.1
16384,16384,16,8192,15984.8
16384,16384,16,16384,16213.5
16384,16384,16,32768,17175.8
16384,16384,32,16,16006
16384,16384,32,32,15899.6
16384,16384,32,64,15932.8
16384,16384,32,128,15987.2
16384,16384,32,256,15990.6
16384,16384,32,512,15973.9
16384,16384,32,1024,15980.7
16384,16384,32,2048,15979.9
16384,16384,32,4096,15944.2
16384,16384,32,8192,17677.9
16384,16384,32,16384,19245.5
16384,16384,32,32768,19464.1
16384,16384,64,16,16521.9
16384,16384,64,32,18230.3
16384,16384,64,64,15950
16384,16384,64,128,17496
16384,16384,64,256,18215
16384,16384,64,512,15936.8
16384,16384,64,1024,15941.8
16384,16384,64,2048,18356.2
16384,16384,64,4096,16317.6
16384,16384,64,8192,16848.1
16384,16384,64,16384,21010
16384,16384,64,32768,24379.2
16384,16384,128,16,18399.8
16384,16384,128,32,18427.8
16384,16384,128,64,16103.6
16384,16384,128,128,16106.6
16384,16384,128,256,16146.3
16384,16384,128,512,16180.9
16384,16384,128,1024,16295.3
16384,16384,128,2048,16536.1
16384,16384,128,4096,19659.2
16384,16384,128,8192,21256.5
16384,16384,128,16384,24526.9
16384,16384,128,32768,30923.1
32768,0,0,0,23642.7
32768,0,1,16,20795.1
32768,0,1,32,20902.9
32768,0,1,64,22886.2
32768,0,1,128,20915.4
32768,0,1,256,20836.6
32768,0,1,512,20903.7
32768,0,1,1024,20943.8
32768,0,1,2048,20833.2
32768,0,1,4096,20904.1
32768,0,1,8192,20858.8
32768,0,1,16384,21001.6
32768,0,1,32768,21143
32768,0,2,16,20956.9
32768,0,2,32,20894.2
32768,0,2,64,20898.6
32768,0,2,128,20942.1
32768,0,2,256,20886.5
32768,0,2,512,20997.3
32768,0,2,1024,20830.2
32768,0,2,2048,20867.4
32768,0,2,4096,20954.5
32768,0,2,8192,20993.1
32768,0,2,16384,20915
32768,0,2,32768,21311.1
32768,0,4,16,21016.5
32768,0,4,32,20986
32768,0,4,64,20867.8
32768,0,4,128,21042.4
32768,0,4,256,21015.1
32768,0,4,512,21036.4
32768,0,4,1024,21032.3
32768,0,4,2048,21033
32768,0,4,4096,21054
32768,0,4,8192,21147.9
32768,0,4,16384,21140.1
32768,0,4,32768,21567
32768,0,8,16,21194.6
32768,0,8,32,21075.6
32768,0,8,64,21094.6
32768,0,8,128,21112.7
32768,0,8,256,21144.1
32768,0,8,512,21172
32768,0,8,1024,21173.8
32768,0,8,2048,21210.6
32768,0,8,4096,21154.9
32768,0,8,8192,21267.4
32768,0,8,16384,21328.9
32768,0,8,32768,22019.8
32768,0,16,16,21172.9
32768,0,16,32,21144.3
32768,0,16,64,21137.5
32768,0,16,128,21112.1
32768,0,16,256,21102.2
32768,0,16,512,21298.4
32768,0,16,1024,21201
32768,0,16,2048,21233.6
32768,0,16,4096,21252.7
32768,0,16,8192,21500
32768,0,16,16384,21737
32768,0,16,32768,22624.8
32768,0,32,16,21258.1
32768,0,32,32,21307.4
32768,0,32,64,21338.9
32768,0,32,128,21271.6
32768,0,32,256,21303.7
32768,0,32,512,21297.7
32768,0,32,1024,21295.9
32768,0,32,2048,21388.4
32768,0,32,4096,21482
32768,0,32,8192,21792.4
32768,0,32,16384,22307.7
32768,0,32,32768,24038.1
32768,0,64,16,21547.2
32768,0,64,32,21580.2
32768,0,64,64,21610.3
32768,0,64,128,21639.6
32768,0,64,256,21626.7
32768,0,64,512,21659.5
32768,0,64,1024,21739.8
32768,0,64,2048,21849.6
32768,0,64,4096,22036.1
32768,0,64,8192,22411.3
32768,0,64,16384,23878.5
32768,0,64,32768,26903.1
32768,0,128,16,25156.8
32768,0,128,32,22082.6
32768,0,128,64,22025.2
32768,0,128,128,22068.8
32768,0,128,256,22156.8
32768,0,128,512,22156
32768,0,128,1024,22286.7
32768,0,128,2048,22455.5
32768,0,128,4096,23131.6
32768,0,128,8192,24515.7
32768,0,128,16384,31215.5
32768,0,128,32768,37619.6
32768,16,0,0,23750.4
32768,16,1,16,20977.3
32768,16,1,32,21149.3
32768,16,1,64,20971.6
32768,16,1,128,21051.6
32768,16,1,256,21111.8
32768,16,1,512,21079.1
32768,16,1,1024,21093.4
32768,16,1,2048,21151.6
32768,16,1,4096,21091.2
32768,16,1,8192,21111.2
32768,16,1,16384,23846.9
32768,16,1,32768,21216.4
32768,16,2,16,21132.7
32768,16,2,32,21117.7
32768,16,2,64,21027.7
32768,16,2,128,21071.7
32768,16,2,256,21063.1
32768,16,2,512,21062.1
32768,16,2,1024,21109.9
32768,16,2,2048,21098.8
32768,16,2,4096,21148.6
32768,16,2,8192,21183.7
32768,16,2,16384,21092.7
32768,16,2,32768,21428.8
32768,16,4,16,21083.6
32768,16,4,32,21120.5
32768,16,4,64,21192.6
32768,16,4,128,21121.3
32768,16,4,256,21198.2
32768,16,4,512,21248.1
32768,16,4,1024,21130.5
32768,16,4,2048,21255.6
32768,16,4,4096,21148.1
32768,16,4,8192,21277.9
32768,16,4,16384,21322.4
32768,16,4,32768,21745
32768,16,8,16,21166.6
32768,16,8,32,21204.1
32768,16,8,64,21226.1
32768,16,8,128,21153.8
32768,16,8,256,21169.4
32768,16,8,512,21140.9
32768,16,8,1024,21268
32768,16,8,2048,21308.3
32768,16,8,4096,21298.7
32768,16,8,8192,21305.8
32768,16,8,16384,21487.2
32768,16,8,32768,21828.7
32768,16,16,16,21266.4
32768,16,16,32,21310.4
32768,16,16,64,21276.4
32768,16,16,128,21347
32768,16,16,256,21365
32768,16,16,512,21259.6
32768,16,16,1024,21175.1
32768,16,16,2048,21212.6
32768,16,16,4096,21432.7
32768,16,16,8192,21469.1
32768,16,16,16384,21713.2
32768,16,16,32768,22546.5
32768,16,32,16,21486
32768,16,32,32,21428.4
32768,16,32,64,21404.7
32768,16,32,128,21301.4
32768,16,32,256,21470.8
32768,16,32,512,21488.6
32768,16,32,1024,21506.9
32768,16,32,2048,21544
32768,16,32,4096,21730.8
32768,16,32,8192,21841
32768,16,32,16384,22325.5
32768,16,32,32768,23966.1
32768,16,64,16,21741.1
32768,16,64,32,21709.8
32768,16,64,64,21749.8
32768,16,64,128,21626.2
32768,16,64,256,21760.5
32768,16,64,512,21752.7
32768,16,64,1024,21822.8
32768,16,64,2048,21954.7
32768,16,64,4096,22117.6
32768,16,64,8192,22544.5
32768,16,64,16384,26291
32768,16,64,32768,27051.1
32768,16,128,16,22194.8
32768,16,128,32,22213.7
32768,16,128,64,22234.4
32768,16,128,128,25302.7
32768,16,128,256,22356
32768,16,128,512,25383.4
32768,16,128,1024,22447.6
32768,16,128,2048,22648.9
32768,16,128,4096,23271
32768,16,128,8192,24659.8
32768,16,128,16384,31304.7
32768,16,128,32768,37713.7
32768,32,0,0,23765.1
32768,32,1,16,21104.4
32768,32,1,32,21125.5
32768,32,1,64,21130.6
32768,32,1,128,21030.1
32768,32,1,256,21068
32768,32,1,512,21149.5
32768,32,1,1024,21144.2
32768,32,1,2048,21179.2
32768,32,1,4096,21117.4
32768,32,1,8192,21110
32768,32,1,16384,21103.2
32768,32,1,32768,21122.6
32768,32,2,16,21100
32768,32,2,32,21080.8
32768,32,2,64,21117
32768,32,2,128,21084.6
32768,32,2,256,21083.1
32768,32,2,512,21148.3
32768,32,2,1024,21167.3
32768,32,2,2048,21221.3
32768,32,2,4096,21201.2
32768,32,2,8192,21155
32768,32,2,16384,21253
32768,32,2,32768,21415.1
32768,32,4,16,21016.9
32768,32,4,32,21110.8
32768,32,4,64,21164.2
32768,32,4,128,21135.3
32768,32,4,256,21108.1
32768,32,4,512,21124.5
32768,32,4,1024,21212.4
32768,32,4,2048,21176.5
32768,32,4,4096,21216.1
32768,32,4,8192,21176.9
32768,32,4,16384,21281.1
32768,32,4,32768,21594.8
32768,32,8,16,21271.4
32768,32,8,32,21204.8
32768,32,8,64,21264.7
32768,32,8,128,21213.4
32768,32,8,256,21240.4
32768,32,8,512,21312.7
32768,32,8,1024,21175.5
32768,32,8,2048,21244
32768,32,8,4096,21268.2
32768,32,8,8192,21429.7
32768,32,8,16384,21487.7
32768,32,8,32768,22059.7
32768,32,16,16,21210.5
32768,32,16,32,21249.7
32768,32,16,64,21238.1
32768,32,16,128,21255.9
32768,32,16,256,21279.6
32768,32,16,512,21312.2
32768,32,16,1024,21133.7
32768,32,16,2048,21367.6
32768,32,16,4096,21418.8
32768,32,16,8192,21448.3
32768,32,16,16384,21717.2
32768,32,16,32768,22608.7
32768,32,32,16,21464.2
32768,32,32,32,21406.2
32768,32,32,64,21476.4
32768,32,32,128,21458.1
32768,32,32,256,21495.3
32768,32,32,512,21454.2
32768,32,32,1024,21511.8
32768,32,32,2048,21433.1
32768,32,32,4096,21601
32768,32,32,8192,21868.3
32768,32,32,16384,22345
32768,32,32,32768,23968.2
32768,32,64,16,21610.6
32768,32,64,32,21677.1
32768,32,64,64,21625.6
32768,32,64,128,21719
32768,32,64,256,21776.6
32768,32,64,512,21799.3
32768,32,64,1024,21901.6
32768,32,64,2048,21887.1
32768,32,64,4096,22058.4
32768,32,64,8192,22584.9
32768,32,64,16384,25147.7
32768,32,64,32768,27053.7
32768,32,128,16,25235.8
32768,32,128,32,22252.6
32768,32,128,64,22243.4
32768,32,128,128,22269.1
32768,32,128,256,22235.9
32768,32,128,512,22314.9
32768,32,128,1024,25515.4
32768,32,128,2048,22640.6
32768,32,128,4096,23301.6
32768,32,128,8192,27435.4
32768,32,128,16384,30078.2
32768,32,128,32768,37712.4
32768,64,0,0,23411
32768,64,1,16,21159
32768,64,1,32,23770.1
32768,64,1,64,21058.1
32768,64,1,128,21196.9
32768,64,1,256,21074.8
32768,64,1,512,21037
32768,64,1,1024,21104.3
32768,64,1,2048,21115.3
32768,64,1,4096,21205.4
32768,64,1,8192,21191.5
32768,64,1,16384,21142.8
32768,64,1,32768,21307.2
32768,64,2,16,21131
32768,64,2,32,21010
32768,64,2,64,20997.4
32768,64,2,128,21125.2
32768,64,2,256,21206.8
32768,64,2,512,21192.8
32768,64,2,1024,21157.6
32768,64,2,2048,21154.4
32768,64,2,4096,21144.2
32768,64,2,8192,21177.9
32768,64,2,16384,21202.6
32768,64,2,32768,21416.3
32768,64,4,16,21091.9
32768,64,4,32,21193
32768,64,4,64,21205.2
32768,64,4,128,21165
32768,64,4,256,21168.9
32768,64,4,512,21063.5
32768,64,4,1024,21063.7
32768,64,4,2048,21081.3
32768,64,4,4096,21069.9
32768,64,4,8192,21205.2
32768,64,4,16384,21275.5
32768,64,4,32768,21598
32768,64,8,16,21269.4
32768,64,8,32,21143.2
32768,64,8,64,21261.5
32768,64,8,128,21210.6
32768,64,8,256,21264.2
32768,64,8,512,21167.6
32768,64,8,1024,21196.8
32768,64,8,2048,21307.2
32768,64,8,4096,21312.4
32768,64,8,8192,21335.5
32768,64,8,16384,21436.7
32768,64,8,32768,22054
32768,64,16,16,21265.1
32768,64,16,32,21286.3
32768,64,16,64,21151.8
32768,64,16,128,21165.3
32768,64,16,256,21111.7
32768,64,16,512,21226.6
32768,64,16,1024,21289.4
32768,64,16,2048,21307.5
32768,64,16,4096,21288.1
32768,64,16,8192,21470.7
32768,64,16,16384,21736.2
32768,64,16,32768,22642.1
32768,64,32,16,21317.1
32768,64,32,32,21346.2
32768,64,32,64,21330.9
32768,64,32,128,21364.9
32768,64,32,256,21452.4
32768,64,32,512,21310.2
32768,64,32,1024,21492.4
32768,64,32,2048,21553.8
32768,64,32,4096,21757.4
32768,64,32,8192,21874.9
32768,64,32,16384,22469.8
32768,64,32,32768,23979.1
32768,64,64,16,21679.2
32768,64,64,32,21750.6
32768,64,64,64,21627.3
32768,64,64,128,21759.1
32768,64,64,256,21718.2
32768,64,64,512,21805.7
32768,64,64,1024,21834.3
32768,64,64,2048,21846.5
32768,64,64,4096,25057.5
32768,64,64,8192,22605.3
32768,64,64,16384,24015.9
32768,64,64,32768,27046.2
32768,64,128,16,25259.5
32768,64,128,32,22221.9
32768,64,128,64,22177.7
32768,64,128,128,22228.2
32768,64,128,256,22293.7
32768,64,128,512,22323.7
32768,64,128,1024,22545.7
32768,64,128,2048,22743.2
32768,64,128,4096,26632.8
32768,64,128,8192,24658.2
32768,64,128,16384,30107
32768,64,128,32768,36228
32768,128,0,0,23873.9
32768,128,1,16,21234.8
32768,128,1,32,21246.2
32768,128,1,64,21162.8
32768,128,1,128,21085.2
32768,128,1,256,21173.6
32768,128,1,512,21200.2
32768,128,1,1024,21182.5
32768,128,1,2048,21147.9
32768,128,1,4096,21188.2
32768,128,1,8192,24003.4
32768,128,1,16384,21202.1
32768,128,1,32768,21368.3
32768,128,2,16,21023.5
32768,128,2,32,21094.3
32768,128,2,64,21129.3
32768,128,2,128,21283.7
32768,128,2,256,21105.9
32768,128,2,512,21157.5
32768,128,2,1024,21158.9
32768,128,2,2048,21228.3
32768,128,2,4096,21201.4
32768,128,2,8192,21193.9
32768,128,2,16384,21264.8
32768,128,2,32768,21544.3
32768,128,4,16,21054.1
32768,128,4,32,21197
32768,128,4,64,21173.7
32768,128,4,128,21258.5
32768,128,4,256,21275.7
32768,128,4,512,21268
32768,128,4,1024,21185.9
32768,128,4,2048,21245.7
32768,128,4,4096,21184.8
32768,128,4,8192,21320.8
32768,128,4,16384,21358.5
32768,128,4,32768,21598.2
32768,128,8,16,21272.5
32768,128,8,32,21325.7
32768,128,8,64,21234.4
32768,128,8,128,21280.4
32768,128,8,256,21335
32768,128,8,512,21314.6
32768,128,8,1024,21425.5
32768,128,8,2048,21394.4
32768,128,8,4096,21292.7
32768,128,8,8192,21379
32768,128,8,16384,21577.2
32768,128,8,32768,22168.5
32768,128,16,16,21200.8
32768,128,16,32,21329.9
32768,128,16,64,21356.4
32768,128,16,128,21200.9
32768,128,16,256,21294.1
32768,128,16,512,21407.8
32768,128,16,1024,21225.8
32768,128,16,2048,21386.5
32768,128,16,4096,21359.5
32768,128,16,8192,21661.1
32768,128,16,16384,21880.7
32768,128,16,32768,22863
32768,128,32,16,21381.4
32768,128,32,32,21348.7
32768,128,32,64,21352.2
32768,128,32,128,21372.1
32768,128,32,256,21375.1
32768,128,32,512,21440.4
32768,128,32,1024,21566.9
32768,128,32,2048,21478.2
32768,128,32,4096,21673.4
32768,128,32,8192,21981.4
32768,128,32,16384,22476.3
32768,128,32,32768,24038.7
32768,128,64,16,21659.4
32768,128,64,32,21703
32768,128,64,64,21642.7
32768,128,64,128,21731
32768,128,64,256,21732.1
32768,128,64,512,21726.4
32768,128,64,1024,21796.3
32768,128,64,2048,22071.3
32768,128,64,4096,22097.9
32768,128,64,8192,22751.5
32768,128,64,16384,24102.6
32768,128,64,32768,27153.5
32768,128,128,16,22268.5
32768,128,128,32,22317.4
32768,128,128,64,22307.4
32768,128,128,128,22301.3
32768,128,128,256,25399.6
32768,128,128,512,22441.3
32768,128,128,1024,22527.7
32768,128,128,2048,22695.9
32768,128,128,4096,23373
32768,128,128,8192,24738.6
32768,128,128,16384,30173.5
32768,128,128,32768,37805.4
32768,256,0,0,24045.9
32768,256,1,16,21336.5
32768,256,1,32,21160.2
32768,256,1,64,21152.9
32768,256,1,128,21261.6
32768,256,1,256,21304.3
32768,256,1,512,21275.7
32768,256,1,1024,21447.3
32768,256,1,2048,21363.4
32768,256,1,4096,21306.5
32768,256,1,8192,21331.3
32768,256,1,16384,21376
32768,256,1,32768,21547.8
32768,256,2,16,21180.8
32768,256,2,32,21355.4
32768,256,2,64,21160.8
32768,256,2,128,21274.5
32768,256,2,256,21241.7
32768,256,2,512,21359.4
32768,256,2,1024,21373.4
32768,256,2,2048,21269.4
32768,256,2,4096,21395.5
32768,256,2,8192,21384.9
32768,256,2,16384,21476.3
32768,256,2,32768,21653.5
32768,256,4,16,21332.6
32768,256,4,32,21419.8
32768,256,4,64,21441.9
32768,256,4,128,21383.1
32768,256,4,256,21308.8
32768,256,4,512,21431
32768,256,4,1024,21395.6
32768,256,4,2048,21554.5
32768,256,4,4096,21375
32768,256,4,8192,21391.8
32768,256,4,16384,21579.3
32768,256,4,32768,21809.4
32768,256,8,16,21407.7
32768,256,8,32,21569.3
32768,256,8,64,21487.9
32768,256,8,128,21478.9
32768,256,8,256,21484.6
32768,256,8,512,21478.3
32768,256,8,1024,21523.6
32768,256,8,2048,21492.7
32768,256,8,4096,21498.6
32768,256,8,8192,21653
32768,256,8,16384,21730.9
32768,256,8,32768,22317
32768,256,16,16,21477.8
32768,256,16,32,21481.1
32768,256,16,64,21512.2
32768,256,16,128,21550
32768,256,16,256,21452.2
32768,256,16,512,21551.8
32768,256,16,1024,21542.2
32768,256,16,2048,21547.8
32768,256,16,4096,21703.8
32768,256,16,8192,21691
32768,256,16,16384,22072.7
32768,256,16,32768,22870.1
32768,256,32,16,21485.7
32768,256,32,32,21503.8
32768,256,32,64,21636.4
32768,256,32,128,21534.5
32768,256,32,256,21534.4
32768,256,32,512,21697.4
32768,256,32,1024,21748.1
32768,256,32,2048,21726.7
32768,256,32,4096,21880.6
32768,256,32,8192,22166.8
32768,256,32,16384,22603
32768,256,32,32768,24197.9
32768,256,64,16,21958.4
32768,256,64,32,21876.6
32768,256,64,64,21782.5
32768,256,64,128,21827.8
32768,256,64,256,21878
32768,256,64,512,22015.7
32768,256,64,1024,21895.2
32768,256,64,2048,22000.2
32768,256,64,4096,22301.1
32768,256,64,8192,22865.5
32768,256,64,16384,24247.3
32768,256,64,32768,27288.6
32768,256,128,16,25494.3
32768,256,128,32,22430.9
32768,256,128,64,22393.8
32768,256,128,128,22505.4
32768,256,128,256,22482
32768,256,128,512,22571.1
32768,256,128,1024,22686.2
32768,256,128,2048,22857.3
32768,256,128,4096,23497.6
32768,256,128,8192,24890.7
32768,256,128,16384,29478.6
32768,256,128,32768,37976.2
32768,512,0,0,23480.4
32768,512,1,16,24405.8
32768,512,1,32,21564.8
32768,512,1,64,21627.8
32768,512,1,128,21567.4
32768,512,1,256,21579
32768,512,1,512,21535.8
32768,512,1,1024,21625.9
32768,512,1,2048,21562
32768,512,1,4096,21588
32768,512,1,8192,21651.2
32768,512,1,16384,21736.3
32768,512,1,32768,21818.8
32768,512,2,16,21742.8
32768,512,2,32,21692.8
32768,512,2,64,21669.2
32768,512,2,128,21704.7
32768,512,2,256,21666.9
32768,512,2,512,21561.2
32768,512,2,1024,21601.9
32768,512,2,2048,21686.5
32768,512,2,4096,21686.5
32768,512,2,8192,21793.2
32768,512,2,16384,21705.4
32768,512,2,32768,21957
32768,512,4,16,21663.8
32768,512,4,32,21742.8
32768,512,4,64,21714.1
32768,512,4,128,21760.2
32768,512,4,256,21586.5
32768,512,4,512,21652.6
32768,512,4,1024,21735
32768,512,4,2048,21712.1
32768,512,4,4096,21679
32768,512,4,8192,21632.3
32768,512,4,16384,21724.7
32768,512,4,32768,22254.2
32768,512,8,16,21751.8
32768,512,8,32,21787.5
32768,512,8,64,21814.7
32768,512,8,128,21676.9
32768,512,8,256,21765.6
32768,512,8,512,21813.4
32768,512,8,1024,21732.2
32768,512,8,2048,21762.6
32768,512,8,4096,21843.4
32768,512,8,8192,21915.2
32768,512,8,16384,21951.8
32768,512,8,32768,22677.6
32768,512,16,16,21795
32768,512,16,32,21826.7
32768,512,16,64,21858.4
32768,512,16,128,21779.8
32768,512,16,256,21753.5
32768,512,16,512,21784.2
32768,512,16,1024,21811.6
32768,512,16,2048,21845.7
32768,512,16,4096,21898.3
32768,512,16,8192,21991.4
32768,512,16,16384,22319.6
32768,512,16,32768,23243.4
32768,512,32,16,21922.2
32768,512,32,32,21833.3
32768,512,32,64,22010
32768,512,32,128,22016.3
32768,512,32,256,21967.2
32768,512,32,512,21907.1
32768,512,32,1024,21875
32768,512,32,2048,22136.4
32768,512,32,4096,22006.4
32768,512,32,8192,22402.2
32768,512,32,16384,22957.4
32768,512,32,32768,24535.6
32768,512,64,16,22135.6
32768,512,64,32,22134.4
32768,512,64,64,22063.2
32768,512,64,128,22088.6
32768,512,64,256,22160.8
32768,512,64,512,22260.3
32768,512,64,1024,22398
32768,512,64,2048,22332.5
32768,512,64,4096,22749.2
32768,512,64,8192,23168.1
32768,512,64,16384,24543.6
32768,512,64,32768,27582.3
32768,512,128,16,24546.6
32768,512,128,32,22721.1
32768,512,128,64,22753.1
32768,512,128,128,22753.2
32768,512,128,256,22768
32768,512,128,512,22812.8
32768,512,128,1024,22961
32768,512,128,2048,23267.5
32768,512,128,4096,23869.5
32768,512,128,8192,25199.3
32768,512,128,16384,29667.3
32768,512,128,32768,38326.8
32768,1024,0,0,25076.3
32768,1024,1,16,22155.8
32768,1024,1,32,22209.9
32768,1024,1,64,22233.5
32768,1024,1,128,22201.4
32768,1024,1,256,22296.4
32768,1024,1,512,22244.3
32768,1024,1,1024,22345.7
32768,1024,1,2048,22100.7
32768,1024,1,4096,25121.5
32768,1024,1,8192,22291.2
32768,1024,1,16384,22408.9
32768,1024,1,32768,22499.3
32768,1024,2,16,22380.7
32768,1024,2,32,22304.8
32768,1024,2,64,22152.7
32768,1024,2,128,22181
32768,1024,2,256,22375.8
32768,1024,2,512,22230.9
32768,1024,2,1024,22307.3
32768,1024,2,2048,22281.7
32768,1024,2,4096,22315
32768,1024,2,8192,22319.4
32768,1024,2,16384,22422.6
32768,1024,2,32768,22652.4
32768,1024,4,16,22325.2
32768,1024,4,32,22393.7
32768,1024,4,64,22426.1
32768,1024,4,128,22325.8
32768,1024,4,256,22306.6
32768,1024,4,512,22402.2
32768,1024,4,1024,22299.4
32768,1024,4,2048,22339.6
32768,1024,4,4096,22433.9
32768,1024,4,8192,22286.4
32768,1024,4,16384,22328.8
32768,1024,4,32768,22747
32768,1024,8,16,22464.1
32768,1024,8,32,22490.1
32768,1024,8,64,22360
32768,1024,8,128,22424.8
32768,1024,8,256,22352.3
32768,1024,8,512,22364.3
32768,1024,8,1024,22487.5
32768,1024,8,2048,22394.6
32768,1024,8,4096,22466.4
32768,1024,8,8192,22487.6
32768,1024,8,16384,22602.5
32768,1024,8,32768,23131.6
32768,1024,16,16,22427.8
32768,1024,16,32,22428.3
32768,1024,16,64,22498.1
32768,1024,16,128,22537.3
32768,1024,16,256,22349.9
32768,1024,16,512,22412.6
32768,1024,16,1024,22394.9
32768,1024,16,2048,22489.7
32768,1024,16,4096,22537
32768,1024,16,8192,22729.6
32768,1024,16,16384,22976.1
32768,1024,16,32768,23846
32768,1024,32,16,22445.3
32768,1024,32,32,22617.1
32768,1024,32,64,22555.2
32768,1024,32,128,22612.7
32768,1024,32,256,22513.4
32768,1024,32,512,22464.3
32768,1024,32,1024,22657
32768,1024,32,2048,22672.3
32768,1024,32,4096,22746.3
32768,1024,32,8192,23087.1
32768,1024,32,16384,23654.1
32768,1024,32,32768,25115.1
32768,1024,64,16,22787.7
32768,1024,64,32,22772.8
32768,1024,64,64,22799.6
32768,1024,64,128,22775.9
32768,1024,64,256,22940.5
32768,1024,64,512,22876.5
32768,1024,64,1024,22973.8
32768,1024,64,2048,23004
32768,1024,64,4096,23236.9
32768,1024,64,8192,23748.2
32768,1024,64,16384,25187.7
32768,1024,64,32768,28207.7
32768,1024,128,16,25593.7
32768,1024,128,32,23405.6
32768,1024,128,64,23383.3
32768,1024,128,128,25222.7
32768,1024,128,256,23392.3
32768,1024,128,512,23472
32768,1024,128,1024,23627.5
32768,1024,128,2048,23822.9
32768,1024,128,4096,24429.3
32768,1024,128,8192,25817.3
32768,1024,128,16384,30000.9
32768,1024,128,32768,39026.9
32768,2048,0,0,26533.7
32768,2048,1,16,23514.5
32768,2048,1,32,23580.2
32768,2048,1,64,23518.6
32768,2048,1,128,23521.5
32768,2048,1,256,23569
32768,2048,1,512,23491.4
32768,2048,1,1024,23446.5
32768,2048,1,2048,23513.9
32768,2048,1,4096,23364.8
32768,2048,1,8192,23492.1
32768,2048,1,16384,23767
32768,2048,1,32768,23605.6
32768,2048,2,16,23552.1
32768,2048,2,32,23561.3
32768,2048,2,64,23658.8
32768,2048,2,128,23678.1
32768,2048,2,256,23598
32768,2048,2,512,23590.6
32768,2048,2,1024,23524.3
32768,2048,2,2048,23638.1
32768,2048,2,4096,23483.5
32768,2048,2,8192,23712.6
32768,2048,2,16384,23645.9
32768,2048,2,32768,23913.2
32768,2048,4,16,23623.1
32768,2048,4,32,23608.4
32768,2048,4,64,23723.7
32768,2048,4,128,23706.6
32768,2048,4,256,23545.5
32768,2048,4,512,23666.8
32768,2048,4,1024,23700.2
32768,2048,4,2048,23646.6
32768,2048,4,4096,23782.3
32768,2048,4,8192,23690.5
32768,2048,4,16384,23754.5
32768,2048,4,32768,24009.6
32768,2048,8,16,23766.8
32768,2048,8,32,23663.7
32768,2048,8,64,23702.9
32768,2048,8,128,23737.5
32768,2048,8,256,23723
32768,2048,8,512,23701.2
32768,2048,8,1024,23601.1
32768,2048,8,2048,23662.1
32768,2048,8,4096,23715.5
32768,2048,8,8192,23789.3
32768,2048,8,16384,23970.2
32768,2048,8,32768,24614.9
32768,2048,16,16,23870.5
32768,2048,16,32,23916.2
32768,2048,16,64,23735.3
32768,2048,16,128,23702.2
32768,2048,16,256,23659.1
32768,2048,16,512,23759.8
32768,2048,16,1024,23852.9
32768,2048,16,2048,23884.5
32768,2048,16,4096,23853.5
32768,2048,16,8192,23893.4
32768,2048,16,16384,24397.7
32768,2048,16,32768,25159
32768,2048,32,16,23836.1
32768,2048,32,32,23730.9
32768,2048,32,64,23943.2
32768,2048,32,128,23799.6
32768,2048,32,256,23745.9
32768,2048,32,512,23888.4
32768,2048,32,1024,23867.1
32768,2048,32,2048,23971.4
32768,2048,32,4096,24110.7
32768,2048,32,8192,24324.8
32768,2048,32,16384,24906.5
32768,2048,32,32768,26358
32768,2048,64,16,24005.6
32768,2048,64,32,23975.9
32768,2048,64,64,24015.6
32768,2048,64,128,24098.2
32768,2048,64,256,24070.4
32768,2048,64,512,24200.9
32768,2048,64,1024,24185.6
32768,2048,64,2048,24398.5
32768,2048,64,4096,24654.3
32768,2048,64,8192,25052.7
32768,2048,64,16384,26450.1
32768,2048,64,32768,29439.8
32768,2048,128,16,24586
32768,2048,128,32,24572.3
32768,2048,128,64,24643.1
32768,2048,128,128,24665.3
32768,2048,128,256,24639.8
32768,2048,128,512,24697
32768,2048,128,1024,24908.1
32768,2048,128,2048,25113.2
32768,2048,128,4096,25724.8
32768,2048,128,8192,28268.1
32768,2048,128,16384,29899.7
32768,2048,128,32768,40447.8
32768,4096,0,0,29371.4
32768,4096,1,16,26137.8
32768,4096,1,32,26082.2
32768,4096,1,64,26072.7
32768,4096,1,128,26151.5
32768,4096,1,256,26183.4
32768,4096,1,512,26077.6
32768,4096,1,1024,26076.2
32768,4096,1,2048,26046.7
32768,4096,1,4096,26171
32768,4096,1,8192,26183.6
32768,4096,1,16384,26199.5
32768,4096,1,32768,26160.9
32768,4096,2,16,26162.1
32768,4096,2,32,26210.1
32768,4096,2,64,26158
32768,4096,2,128,26096.9
32768,4096,2,256,26099.3
32768,4096,2,512,26092.3
32768,4096,2,1024,26102.4
32768,4096,2,2048,26008.8
32768,4096,2,4096,26185.7
32768,4096,2,8192,26140.1
32768,4096,2,16384,26183.7
32768,4096,2,32768,26202.9
32768,4096,4,16,26166.7
32768,4096,4,32,26157.8
32768,4096,4,64,26151.6
32768,4096,4,128,26149.1
32768,4096,4,256,26169.2
32768,4096,4,512,26218
32768,4096,4,1024,26172.8
32768,4096,4,2048,26216.4
32768,4096,4,4096,26204.8
32768,4096,4,8192,26239
32768,4096,4,16384,26316.8
32768,4096,4,32768,26592
32768,4096,8,16,26138
32768,4096,8,32,26211.1
32768,4096,8,64,26369.4
32768,4096,8,128,26390
32768,4096,8,256,26260.4
32768,4096,8,512,26189.5
32768,4096,8,1024,26333
32768,4096,8,2048,26267.6
32768,4096,8,4096,26300.9
32768,4096,8,8192,26420.2
32768,4096,8,16384,26436.7
32768,4096,8,32768,27034
32768,4096,16,16,26264.5
32768,4096,16,32,26286.8
32768,4096,16,64,26314
32768,4096,16,128,26342.6
32768,4096,16,256,26240.3
32768,4096,16,512,26395.4
32768,4096,16,1024,26365
32768,4096,16,2048,26224.5
32768,4096,16,4096,26492.2
32768,4096,16,8192,26467
32768,4096,16,16384,26878.2
32768,4096,16,32768,27793.2
32768,4096,32,16,26448.2
32768,4096,32,32,26377.1
32768,4096,32,64,26331
32768,4096,32,128,26480.1
32768,4096,32,256,26431.8
32768,4096,32,512,26500.7
32768,4096,32,1024,26442.1
32768,4096,32,2048,26579.8
32768,4096,32,4096,26681.9
32768,4096,32,8192,26865
32768,4096,32,16384,27355.6
32768,4096,32,32768,28889.5
32768,4096,64,16,26817.3
32768,4096,64,32,26698.7
32768,4096,64,64,26706.9
32768,4096,64,128,26731.2
32768,4096,64,256,26774.8
32768,4096,64,512,26664.1
32768,4096,64,1024,29972.8
32768,4096,64,2048,26970.1
32768,4096,64,4096,27248.8
32768,4096,64,8192,27522.7
32768,4096,64,16384,28984.9
32768,4096,64,32768,31971.8
32768,4096,128,16,30807.9
32768,4096,128,32,27192.9
32768,4096,128,64,27075.1
32768,4096,128,128,27195.2
32768,4096,128,256,27196.6
32768,4096,128,512,27203.7
32768,4096,128,1024,27483.5
32768,4096,128,2048,27754.1
32768,4096,128,4096,28251.2
32768,4096,128,8192,29611.2
32768,4096,128,16384,36651.4
32768,4096,128,32768,43267.7
