regime,n,nb,ratio,skew,pc,kp,kvs,kv_big,kv_mean,t_mean_us,t_max_us,t_skew_us,alpha
pure,2,1,0.5,4.0,0,0,128,512,320,68.867,70.688,69.73,0.4739
pure,2,1,0.5,4.0,0,0,512,2048,1280,77.026,85.248,80.739,0.4516
pure,2,1,0.5,4.0,0,0,2048,8192,5120,146.627,177.475,137.795,-0.2863
pure,2,1,0.5,4.0,0,0,8192,32768,20480,290.728,430.857,314.695,0.171
mixed,2,1,0.5,4.0,16,0,128,512,320,77.088,110.786,110.242,0.9839
mixed,2,1,0.5,4.0,16,0,512,2048,1280,218.469,327.72,324.87,0.9739
mixed,2,1,0.5,4.0,16,0,2048,8192,5120,758.321,1190.266,1186.713,0.9918
mixed,2,1,0.5,4.0,16,0,8192,32768,20480,2916.702,4640.262,4637.512,0.9984
mixed,2,1,0.5,4.0,16,512,128,512,320,111.683,112.611,111.715,0.0345
mixed,2,1,0.5,4.0,16,512,512,2048,1280,219.173,326.694,324.551,0.9801
mixed,2,1,0.5,4.0,16,512,2048,8192,5120,758.991,1189.85,1186.235,0.9916
mixed,2,1,0.5,4.0,16,512,8192,32768,20480,2909.792,4615.429,4634.665,1.0113
mixed,2,1,0.5,4.0,16,2048,128,512,320,327.464,327.494,327.27,-6.4667
mixed,2,1,0.5,4.0,16,2048,512,2048,1280,327.11,327.88,327.719,0.7909
mixed,2,1,0.5,4.0,16,2048,2048,8192,5120,758.609,1190.523,1183.897,0.9847
mixed,2,1,0.5,4.0,16,2048,8192,32768,20480,2913.534,4638.694,4633.702,0.9971
mixed,2,1,0.5,4.0,16,8192,128,512,320,1192.954,1193.082,1191.738,-9.5
mixed,2,1,0.5,4.0,16,8192,512,2048,1280,1190.203,1193.658,1192.571,0.6854
mixed,2,1,0.5,4.0,16,8192,2048,8192,5120,1191.834,1191.065,1190.491,
mixed,2,1,0.5,4.0,16,8192,8192,32768,20480,2913.376,4640.679,4633.861,0.9961
mixed,2,1,0.5,4.0,16,20480,128,512,320,2911.357,2908.833,2916.834,
mixed,2,1,0.5,4.0,16,20480,512,2048,1280,2908.96,2914.527,2918.017,1.6269
mixed,2,1,0.5,4.0,16,20480,2048,8192,5120,2906.08,2902.175,2912.737,
mixed,2,1,0.5,4.0,16,20480,8192,32768,20480,2920.673,4642.341,4631.495,0.9937
mixed,2,1,0.5,4.0,64,0,128,512,320,78.114,111.842,111.426,0.9877
mixed,2,1,0.5,4.0,64,0,512,2048,1280,219.811,328.84,325.129,0.966
mixed,2,1,0.5,4.0,64,0,2048,8192,5120,759.795,1192.155,1186.874,0.9878
mixed,2,1,0.5,4.0,64,0,8192,32768,20480,2914.368,4634.725,4621.732,0.9924
mixed,2,1,0.5,4.0,64,512,128,512,320,114.274,114.275,114.146,-128.0
mixed,2,1,0.5,4.0,64,512,512,2048,1280,219.879,328.424,325.734,0.9752
mixed,2,1,0.5,4.0,64,512,2048,8192,5120,759.442,1191.161,1186.81,0.9899
mixed,2,1,0.5,4.0,64,512,8192,32768,20480,2913.632,4640.901,4639.621,0.9993
mixed,2,1,0.5,4.0,64,2048,128,512,320,329.415,329.704,330.024,2.1073
mixed,2,1,0.5,4.0,64,2048,512,2048,1280,330.664,330.694,329.991,-22.4333
mixed,2,1,0.5,4.0,64,2048,2048,8192,5120,759.601,1190.395,1187.578,0.9935
mixed,2,1,0.5,4.0,64,2048,8192,32768,20480,2917.343,4636.355,4633.57,0.9984
mixed,2,1,0.5,4.0,64,8192,128,512,320,1195.609,1195.804,1196.121,2.6256
mixed,2,1,0.5,4.0,64,8192,512,2048,1280,1190.809,1195.161,1196.122,1.2208
mixed,2,1,0.5,4.0,64,8192,2048,8192,5120,1193.721,1193.339,1195.257,
mixed,2,1,0.5,4.0,64,8192,8192,32768,20480,2916.223,4636.293,4609.476,0.9844
mixed,2,1,0.5,4.0,64,20480,128,512,320,2910.048,2911.583,2919.264,6.0039
mixed,2,1,0.5,4.0,64,20480,512,2048,1280,2913.922,2907.839,2913.119,
mixed,2,1,0.5,4.0,64,20480,2048,8192,5120,2918.528,2919.583,2913.408,-4.8531
mixed,2,1,0.5,4.0,64,20480,8192,32768,20480,2918.334,4638.023,4624.293,0.992
mixed,2,1,0.5,4.0,256,0,128,512,320,79.235,112.803,112.323,0.9857
mixed,2,1,0.5,4.0,256,0,512,2048,1280,221.413,329.19,327.208,0.9816
mixed,2,1,0.5,4.0,256,0,2048,8192,5120,760.753,1190.042,1185.785,0.9901
mixed,2,1,0.5,4.0,256,0,8192,32768,20480,2911.583,4634.182,4633.731,0.9997
mixed,2,1,0.5,4.0,256,512,128,512,320,134.303,134.595,134.659,1.2192
mixed,2,1,0.5,4.0,256,512,512,2048,1280,221.891,329.255,327.687,0.9854
mixed,2,1,0.5,4.0,256,512,2048,8192,5120,760.143,1189.594,1183.898,0.9867
mixed,2,1,0.5,4.0,256,512,8192,32768,20480,2913.6,4631.843,4631.395,0.9997
mixed,2,1,0.5,4.0,256,2048,128,512,320,348.774,349.321,348.647,-0.2322
mixed,2,1,0.5,4.0,256,2048,512,2048,1280,348.583,349.96,347.08,-1.0915
mixed,2,1,0.5,4.0,256,2048,2048,8192,5120,760.208,1190.265,1186.619,0.9915
mixed,2,1,0.5,4.0,256,2048,8192,32768,20480,2913.15,4636.518,4605.668,0.9821
mixed,2,1,0.5,4.0,256,8192,128,512,320,1204.603,1201.785,1200.474,
mixed,2,1,0.5,4.0,256,8192,512,2048,1280,1199.547,1204.409,1198.588,-0.1972
mixed,2,1,0.5,4.0,256,8192,2048,8192,5120,1208.059,1210.874,1207.933,-0.0448
mixed,2,1,0.5,4.0,256,8192,8192,32768,20480,2911.326,4636.58,4630.978,0.9968
mixed,2,1,0.5,4.0,256,20480,128,512,320,2912.254,2916.287,2916.349,1.0154
mixed,2,1,0.5,4.0,256,20480,512,2048,1280,2916.959,2925.31,2923.484,0.7813
mixed,2,1,0.5,4.0,256,20480,2048,8192,5120,2914.078,2919.901,2910.816,-0.5602
mixed,2,1,0.5,4.0,256,20480,8192,32768,20480,2924.735,4637.377,4625.219,0.9929
mixed,2,1,0.5,4.0,1024,0,128,512,320,216.355,216.292,216.165,
mixed,2,1,0.5,4.0,1024,0,512,2048,1280,270.824,376.073,372.041,0.9617
mixed,2,1,0.5,4.0,1024,0,2048,8192,5120,798.514,1221.465,1213.563,0.9813
mixed,2,1,0.5,4.0,1024,0,8192,32768,20480,2932.291,4654.563,4642.147,0.9928
mixed,2,1,0.5,4.0,1024,512,128,512,320,319.658,353.671,304.327,-0.4507
mixed,2,1,0.5,4.0,1024,512,512,2048,1280,357.928,448.553,439.976,0.9054
mixed,2,1,0.5,4.0,1024,512,2048,8192,5120,869.878,1292.283,1283.516,0.9792
mixed,2,1,0.5,4.0,1024,512,8192,32768,20480,2973.474,4665.349,4648.103,0.9898
mixed,2,1,0.5,4.0,1024,2048,128,512,320,532.075,565.77,515.69,-0.4863
mixed,2,1,0.5,4.0,1024,2048,512,2048,1280,672.751,787.312,566.604,-0.9266
mixed,2,1,0.5,4.0,1024,2048,2048,8192,5120,1097.557,1525.791,1506.72,0.9555
mixed,2,1,0.5,4.0,1024,2048,8192,32768,20480,3248.006,4964.845,4895.979,0.9599
mixed,2,1,0.5,4.0,1024,8192,128,512,320,1381.084,1415.935,1363.356,-0.5087
mixed,2,1,0.5,4.0,1024,8192,512,2048,1280,1516.929,1637.89,1422.047,-0.7844
mixed,2,1,0.5,4.0,1024,8192,2048,8192,5120,2079.884,2512.565,1657.221,-0.9768
mixed,2,1,0.5,4.0,1024,8192,8192,32768,20480,4125.561,5853.886,5828.958,0.9856
mixed,2,1,0.5,4.0,1024,20480,128,512,320,3077.73,3121.472,3078.37,0.0146
mixed,2,1,0.5,4.0,1024,20480,512,2048,1280,3223.813,3331.081,3125.538,-0.9162
mixed,2,1,0.5,4.0,1024,20480,2048,8192,5120,3803.248,4236.347,3358.568,-1.0267
mixed,2,1,0.5,4.0,1024,20480,8192,32768,20480,5958.43,7568.255,5841.371,-0.0727
mixed,2,1,0.5,4.0,4096,0,128,512,320,1577.281,1582.593,1576.576,-0.1327
mixed,2,1,0.5,4.0,4096,0,512,2048,1280,1589.859,1594.21,1591.875,0.4633
mixed,2,1,0.5,4.0,4096,0,2048,8192,5120,1840.969,2285.042,2218.255,0.8496
mixed,2,1,0.5,4.0,4096,0,8192,32768,20480,4004.629,5729.468,5630.905,0.9429
mixed,2,1,0.5,4.0,4096,512,128,512,320,1859.849,1866.921,1859.752,-0.0137
mixed,2,1,0.5,4.0,4096,512,512,2048,1280,1875.561,1899.75,1877.065,0.0622
mixed,2,1,0.5,4.0,4096,512,2048,8192,5120,2091.532,2535.224,2459.958,0.8304
mixed,2,1,0.5,4.0,4096,512,8192,32768,20480,4272.54,6001.312,5899.68,0.9412
mixed,2,1,0.5,4.0,4096,2048,128,512,320,2774.812,2781.468,2774.811,-0.0002
mixed,2,1,0.5,4.0,4096,2048,512,2048,1280,2795.804,2795.676,2798.236,
mixed,2,1,0.5,4.0,4096,2048,2048,8192,5120,2836.061,3248.04,3164.421,0.797
mixed,2,1,0.5,4.0,4096,2048,8192,32768,20480,5010.121,6738.032,6651.949,0.9502
mixed,2,1,0.5,4.0,4096,8192,128,512,320,6260.136,6256.869,6263.239,
mixed,2,1,0.5,4.0,4096,8192,512,2048,1280,6280.454,6304.296,6270.627,-0.4122
mixed,2,1,0.5,4.0,4096,8192,2048,8192,5120,6337.255,6384.264,6319.659,-0.3743
mixed,2,1,0.5,4.0,4096,8192,8192,32768,20480,7821.861,9629.042,9482.09,0.9187
mixed,2,1,0.5,4.0,4096,20480,128,512,320,12955.191,12972.594,12964.86,0.5556
mixed,2,1,0.5,4.0,4096,20480,512,2048,1280,12977.528,13008.695,12975.796,-0.0556
mixed,2,1,0.5,4.0,4096,20480,2048,8192,5120,13073.812,13090.937,13022.585,-2.9914
mixed,2,1,0.5,4.0,4096,20480,8192,32768,20480,13090.555,14748.606,14523.153,0.864
mixed,2,1,0.5,4.0,16384,0,128,512,320,18657.391,18682.963,18672.785,0.602
mixed,2,1,0.5,4.0,16384,0,512,2048,1280,18681.202,18692.752,18682.577,0.119
mixed,2,1,0.5,4.0,16384,0,2048,8192,5120,18727.18,18789.357,18739.602,0.1998
mixed,2,1,0.5,4.0,16384,0,8192,32768,20480,19808.457,21722.475,21399.138,0.8311
mixed,2,1,0.5,4.0,16384,512,128,512,320,19760.742,19771.117,19784.394,2.2797
mixed,2,1,0.5,4.0,16384,512,512,2048,1280,19784.229,19793.068,19794.343,1.1442
mixed,2,1,0.5,4.0,16384,512,2048,8192,5120,19824.39,19857.031,19833.708,0.2855
mixed,2,1,0.5,4.0,16384,512,8192,32768,20480,20824.218,22646.502,22342.492,0.8332
mixed,2,1,0.5,4.0,16384,2048,128,512,320,23051.693,23067.57,23056.711,0.3161
mixed,2,1,0.5,4.0,16384,2048,512,2048,1280,23331.765,23097.717,23053.646,
mixed,2,1,0.5,4.0,16384,2048,2048,8192,5120,23085.487,23157.845,23113.137,0.3821
mixed,2,1,0.5,4.0,16384,2048,8192,32768,20480,23863.736,25755.656,25458.399,0.8429
mixed,2,1,0.5,4.0,16384,8192,128,512,320,36002.312,33152.803,33167.651,
mixed,2,1,0.5,4.0,16384,8192,512,2048,1280,33154.188,33135.556,32861.574,
mixed,2,1,0.5,4.0,16384,8192,2048,8192,5120,32960.422,33011.784,32983.388,0.4471
mixed,2,1,0.5,4.0,16384,8192,8192,32768,20480,36346.883,38057.19,37680.976,0.78
mixed,2,1,0.5,4.0,16384,20480,128,512,320,62357.799,57815.533,57851.835,
mixed,2,1,0.5,4.0,16384,20480,512,2048,1280,54632.217,54577.002,54654.203,
mixed,2,1,0.5,4.0,16384,20480,2048,8192,5120,54739.827,54708.884,54612.083,
mixed,2,1,0.5,4.0,16384,20480,8192,32768,20480,55092.58,54894.199,54912.1,
mixed,2,1,0.5,4.0,32768,0,128,512,320,62554.868,62456.192,62172.722,
mixed,2,1,0.5,4.0,32768,0,512,2048,1280,62524.767,62910.918,62521.186,-0.0093
mixed,2,1,0.5,4.0,32768,0,2048,8192,5120,62574.042,62582.146,62320.535,-31.2817
mixed,2,1,0.5,4.0,32768,0,8192,32768,20480,62660.26,62964.876,62936.466,0.9067
mixed,2,1,0.5,4.0,32768,512,128,512,320,64361.423,64620.026,64479.048,0.4548
mixed,2,1,0.5,4.0,32768,512,512,2048,1280,64406.415,64702.519,64692.467,0.9661
mixed,2,1,0.5,4.0,32768,512,2048,8192,5120,64445.459,64740.75,64700.502,0.8637
mixed,2,1,0.5,4.0,32768,512,8192,32768,20480,64711.932,65208.357,65448.933,1.4846
mixed,2,1,0.5,4.0,32768,2048,128,512,320,70762.775,70122.898,70664.798,
mixed,2,1,0.5,4.0,32768,2048,512,2048,1280,70420.733,70654.839,70071.181,-1.4931
mixed,2,1,0.5,4.0,32768,2048,2048,8192,5120,70480.566,70263.376,70880.419,
mixed,2,1,0.5,4.0,32768,2048,8192,32768,20480,70790.213,71488.045,71086.473,0.4245
pure,8,1,0.125,4.0,0,0,128,512,176,64.706,83.266,66.945,0.1206
pure,8,1,0.125,4.0,0,0,512,2048,704,94.338,183.973,116.643,0.2488
pure,8,1,0.125,4.0,0,0,2048,8192,2816,196.611,419.433,239.559,0.1927
pure,8,1,0.125,4.0,0,0,8192,32768,11264,561.994,1331.582,692.463,0.1695
mixed,8,1,0.125,4.0,16,0,128,512,176,60.129,111.33,109.251,0.9594
mixed,8,1,0.125,4.0,16,0,512,2048,704,132.515,328.552,324.359,0.9786
mixed,8,1,0.125,4.0,16,0,2048,8192,2816,436.97,1191.642,1184.793,0.9909
mixed,8,1,0.125,4.0,16,0,8192,32768,11264,1622.37,4639.075,4624.422,0.9951
mixed,8,1,0.125,4.0,16,512,128,512,176,111.043,112.992,111.33,0.1473
mixed,8,1,0.125,4.0,16,512,512,2048,704,131.554,329.126,324.425,0.9762
mixed,8,1,0.125,4.0,16,512,2048,8192,2816,436.553,1192.537,1182.264,0.9864
mixed,8,1,0.125,4.0,16,512,8192,32768,11264,1622.82,4639.619,4631.812,0.9974
mixed,8,1,0.125,4.0,16,2048,128,512,176,326.471,327.625,327.207,0.6378
mixed,8,1,0.125,4.0,16,2048,512,2048,704,326.63,329.735,328.326,0.5462
mixed,8,1,0.125,4.0,16,2048,2048,8192,2816,437.065,1193.69,1183.897,0.9871
mixed,8,1,0.125,4.0,16,2048,8192,32768,11264,1623.27,4639.844,4636.614,0.9989
mixed,8,1,0.125,4.0,16,8192,128,512,176,1189.882,1189.337,1188.858,
mixed,8,1,0.125,4.0,16,8192,512,2048,704,1188.12,1191.673,1191.674,1.0003
mixed,8,1,0.125,4.0,16,8192,2048,8192,2816,1193.786,1193.466,1193.018,
mixed,8,1,0.125,4.0,16,8192,8192,32768,11264,1622.404,4640.868,4634.499,0.9979
mixed,8,1,0.125,4.0,16,20480,128,512,176,2909.95,2915.391,2905.82,-0.7591
mixed,8,1,0.125,4.0,16,20480,512,2048,704,2915.229,2899.357,2912.735,
mixed,8,1,0.125,4.0,16,20480,2048,8192,2816,2911.551,2913.63,2916.287,2.278
mixed,8,1,0.125,4.0,16,20480,8192,32768,11264,2912.193,4646.182,4630.148,0.9908
mixed,8,1,0.125,4.0,64,0,128,512,176,60.866,112.579,110.785,0.9653
mixed,8,1,0.125,4.0,64,0,512,2048,704,134.179,329.928,326.279,0.9814
mixed,8,1,0.125,4.0,64,0,2048,8192,2816,438.281,1195.0,1185.593,0.9876
mixed,8,1,0.125,4.0,64,0,8192,32768,11264,1624.61,4644.548,4632.742,0.9961
mixed,8,1,0.125,4.0,64,512,128,512,176,113.697,115.715,115.396,0.8419
mixed,8,1,0.125,4.0,64,512,512,2048,704,133.348,330.377,326.15,0.9785
mixed,8,1,0.125,4.0,64,512,2048,8192,2816,438.249,1194.043,1182.297,0.9845
mixed,8,1,0.125,4.0,64,512,8192,32768,11264,1624.964,4643.717,4633.313,0.9966
mixed,8,1,0.125,4.0,64,2048,128,512,176,329.32,331.463,330.153,0.3887
mixed,8,1,0.125,4.0,64,2048,512,2048,704,330.247,332.295,330.951,0.3437
mixed,8,1,0.125,4.0,64,2048,2048,8192,2816,438.793,1193.56,1185.912,0.9899
mixed,8,1,0.125,4.0,64,2048,8192,32768,11264,1623.364,4645.092,4637.733,0.9976
mixed,8,1,0.125,4.0,64,8192,128,512,176,1192.091,1191.322,1193.434,
mixed,8,1,0.125,4.0,64,8192,512,2048,704,1193.241,1194.107,1194.969,1.9954
mixed,8,1,0.125,4.0,64,8192,2048,8192,2816,1194.457,1196.216,1195.032,0.3269
mixed,8,1,0.125,4.0,64,8192,8192,32768,11264,1624.07,4641.989,4631.395,0.9965
mixed,8,1,0.125,4.0,64,20480,128,512,176,2908.512,2915.455,2916.255,1.1152
mixed,8,1,0.125,4.0,64,20480,512,2048,704,2916.0,2912.447,2910.623,
mixed,8,1,0.125,4.0,64,20480,2048,8192,2816,2913.888,2919.487,2923.581,1.7312
mixed,8,1,0.125,4.0,64,20480,8192,32768,11264,2917.439,4646.053,4632.003,0.9919
mixed,8,1,0.125,4.0,256,0,128,512,176,65.152,116.93,114.082,0.945
mixed,8,1,0.125,4.0,256,0,512,2048,704,136.004,330.887,327.527,0.9828
mixed,8,1,0.125,4.0,256,0,2048,8192,2816,440.745,1195.45,1185.659,0.987
mixed,8,1,0.125,4.0,256,0,8192,32768,11264,1625.026,4642.404,4641.86,0.9998
mixed,8,1,0.125,4.0,256,512,128,512,176,135.331,136.355,134.819,-0.5
mixed,8,1,0.125,4.0,256,512,512,2048,704,136.61,332.134,327.783,0.9777
mixed,8,1,0.125,4.0,256,512,2048,8192,2816,440.041,1194.554,1183.801,0.9857
mixed,8,1,0.125,4.0,256,512,8192,32768,11264,1625.634,4644.579,4614.785,0.9901
mixed,8,1,0.125,4.0,256,2048,128,512,176,350.632,346.887,350.886,
mixed,8,1,0.125,4.0,256,2048,512,2048,704,346.759,348.455,346.536,-0.1315
mixed,8,1,0.125,4.0,256,2048,2048,8192,2816,440.682,1196.697,1185.049,0.9846
mixed,8,1,0.125,4.0,256,2048,8192,32768,11264,1625.188,4640.706,4636.643,0.9987
mixed,8,1,0.125,4.0,256,8192,128,512,176,1201.818,1201.244,1196.827,
mixed,8,1,0.125,4.0,256,8192,512,2048,704,1198.841,1203.322,1204.378,1.2357
mixed,8,1,0.125,4.0,256,8192,2048,8192,2816,1204.954,1206.715,1198.17,-3.8524
mixed,8,1,0.125,4.0,256,8192,8192,32768,11264,1625.218,4643.427,4620.26,0.9923
mixed,8,1,0.125,4.0,256,20480,128,512,176,2912.829,2912.223,2907.166,
mixed,8,1,0.125,4.0,256,20480,512,2048,704,2919.102,2918.238,2913.693,
mixed,8,1,0.125,4.0,256,20480,2048,8192,2816,2916.704,2910.877,2911.549,
mixed,8,1,0.125,4.0,256,20480,8192,32768,11264,2917.567,4644.035,4636.739,0.9958
mixed,8,1,0.125,4.0,1024,0,128,512,176,237.284,262.949,237.156,-0.005
mixed,8,1,0.125,4.0,1024,0,512,2048,704,262.534,454.633,422.952,0.8351
mixed,8,1,0.125,4.0,1024,0,2048,8192,2816,561.133,1302.588,1268.924,0.9546
mixed,8,1,0.125,4.0,1024,0,8192,32768,11264,1721.478,4694.376,4658.114,0.9878
mixed,8,1,0.125,4.0,1024,512,128,512,176,346.12,365.032,348.614,0.1319
mixed,8,1,0.125,4.0,1024,512,512,2048,704,377.961,533.836,454.858,0.4933
mixed,8,1,0.125,4.0,1024,512,2048,8192,2816,639.181,1387.132,1344.668,0.9432
mixed,8,1,0.125,4.0,1024,512,8192,32768,11264,1820.871,4844.425,4736.101,0.9642
mixed,8,1,0.125,4.0,1024,2048,128,512,176,555.34,614.829,561.87,0.1098
mixed,8,1,0.125,4.0,1024,2048,512,2048,704,632.204,790.032,668.494,0.2299
mixed,8,1,0.125,4.0,1024,2048,2048,8192,2816,851.602,1599.553,1522.883,0.8975
mixed,8,1,0.125,4.0,1024,2048,8192,32768,11264,2032.076,5060.78,4951.751,0.964
mixed,8,1,0.125,4.0,1024,8192,128,512,176,1401.281,1464.894,1407.196,0.093
mixed,8,1,0.125,4.0,1024,8192,512,2048,704,1481.568,1672.034,1513.855,0.1695
mixed,8,1,0.125,4.0,1024,8192,2048,8192,2816,1782.726,2498.229,1943.466,0.2247
mixed,8,1,0.125,4.0,1024,8192,8192,32768,11264,2883.005,5907.805,5850.366,0.981
mixed,8,1,0.125,4.0,1024,20480,128,512,176,3106.02,3164.931,3113.699,0.1303
mixed,8,1,0.125,4.0,1024,20480,512,2048,704,3190.885,3383.048,3223.078,0.1675
mixed,8,1,0.125,4.0,1024,20480,2048,8192,2816,3479.625,4230.586,3656.847,0.236
mixed,8,1,0.125,4.0,1024,20480,8192,32768,11264,4641.412,7620.706,7028.47,0.8012
mixed,8,1,0.125,4.0,4096,0,128,512,176,1609.753,1621.66,1608.762,-0.0832
mixed,8,1,0.125,4.0,4096,0,512,2048,704,1629.66,1723.39,1644.061,0.1536
mixed,8,1,0.125,4.0,4096,0,2048,8192,2816,1750.301,2635.756,2359.976,0.6885
mixed,8,1,0.125,4.0,4096,0,8192,32768,11264,3117.557,6147.751,5963.556,0.9392
mixed,8,1,0.125,4.0,4096,512,128,512,176,1905.887,1929.89,1907.361,0.0614
mixed,8,1,0.125,4.0,4096,512,512,2048,704,1937.377,2011.106,1938.212,0.0113
mixed,8,1,0.125,4.0,4096,512,2048,8192,2816,2061.476,2919.89,2570.603,0.5931
mixed,8,1,0.125,4.0,4096,512,8192,32768,11264,3415.064,6459.37,6237.991,0.9273
mixed,8,1,0.125,4.0,4096,2048,128,512,176,2818.511,2842.351,2817.615,-0.0376
mixed,8,1,0.125,4.0,4096,2048,512,2048,704,2842.706,2890.191,2843.794,0.0229
mixed,8,1,0.125,4.0,4096,2048,2048,8192,2816,2920.976,3646.782,3251.064,0.4548
mixed,8,1,0.125,4.0,4096,2048,8192,32768,11264,4210.951,7458.942,6961.078,0.8467
mixed,8,1,0.125,4.0,4096,8192,128,512,176,6304.108,6344.015,6303.918,-0.0048
mixed,8,1,0.125,4.0,4096,8192,512,2048,704,6360.619,6516.014,6363.691,0.0198
mixed,8,1,0.125,4.0,4096,8192,2048,8192,2816,6555.729,6711.091,6565.327,0.0618
mixed,8,1,0.125,4.0,4096,8192,8192,32768,11264,7152.89,10809.012,9732.614,0.7056
mixed,8,1,0.125,4.0,4096,20480,128,512,176,12996.985,13052.06,12999.23,0.0408
mixed,8,1,0.125,4.0,4096,20480,512,2048,704,13052.508,13225.788,13060.312,0.045
mixed,8,1,0.125,4.0,4096,20480,2048,8192,2816,13371.937,13363.07,13342.687,
mixed,8,1,0.125,4.0,4096,20480,8192,32768,11264,13510.632,16999.49,14758.679,0.3577
mixed,8,1,0.125,4.0,16384,0,128,512,176,18803.521,18842.016,18823.011,0.5063
mixed,8,1,0.125,4.0,16384,0,512,2048,704,18834.975,18928.163,18840.864,0.0632
mixed,8,1,0.125,4.0,16384,0,2048,8192,2816,18938.242,19196.615,18937.885,-0.0014
mixed,8,1,0.125,4.0,16384,0,8192,32768,11264,19404.46,23267.049,21797.204,0.6195
mixed,8,1,0.125,4.0,16384,512,128,512,176,19899.35,19899.376,19896.116,-124.3846
mixed,8,1,0.125,4.0,16384,512,512,2048,704,19917.204,19968.791,20173.531,4.9688
mixed,8,1,0.125,4.0,16384,512,2048,8192,2816,20001.528,20314.39,20021.752,0.0646
mixed,8,1,0.125,4.0,16384,512,8192,32768,11264,20478.684,24271.935,22820.866,0.6175
mixed,8,1,0.125,4.0,16384,2048,128,512,176,23202.482,23174.899,23202.697,
mixed,8,1,0.125,4.0,16384,2048,512,2048,704,23217.738,23255.38,23190.574,-0.7216
mixed,8,1,0.125,4.0,16384,2048,2048,8192,2816,23348.846,23576.536,23325.044,-0.1045
mixed,8,1,0.125,4.0,16384,2048,8192,32768,11264,23690.227,27474.388,25847.809,0.5702
mixed,8,1,0.125,4.0,16384,8192,128,512,176,36122.345,36115.078,36087.876,
mixed,8,1,0.125,4.0,16384,8192,512,2048,704,33254.142,33108.658,32965.56,
mixed,8,1,0.125,4.0,16384,8192,2048,8192,2816,33164.899,33392.454,36332.174,13.9187
mixed,8,1,0.125,4.0,16384,8192,8192,32768,11264,33832.762,36135.11,34532.878,0.3041
mixed,8,1,0.125,4.0,16384,20480,128,512,176,55345.367,54967.149,55006.13,
mixed,8,1,0.125,4.0,16384,20480,512,2048,704,54950.187,55210.465,55150.389,0.7692
mixed,8,1,0.125,4.0,16384,20480,2048,8192,2816,55284.797,55512.056,55301.816,0.0749
mixed,8,1,0.125,4.0,16384,20480,8192,32768,11264,55543.745,56751.671,55515.716,-0.0232
mixed,8,1,0.125,4.0,32768,0,128,512,176,62787.452,63098.181,62936.385,0.4793
mixed,8,1,0.125,4.0,32768,0,512,2048,704,63181.482,63093.705,63226.269,
mixed,8,1,0.125,4.0,32768,0,2048,8192,2816,63308.713,63565.967,63161.991,-0.5703
mixed,8,1,0.125,4.0,32768,0,8192,32768,11264,63727.217,65351.091,63897.336,0.1048
mixed,8,1,0.125,4.0,32768,512,128,512,176,64792.877,64680.909,64821.164,
mixed,8,1,0.125,4.0,32768,512,512,2048,704,65070.667,65111.916,65153.169,2.0001
mixed,8,1,0.125,4.0,32768,512,2048,8192,2816,64837.321,65424.306,65307.054,0.8002
mixed,8,1,0.125,4.0,32768,512,8192,32768,11264,65469.436,67644.629,65826.552,0.1642
mixed,8,1,0.125,4.0,32768,2048,128,512,176,70607.352,70792.724,70588.724,-0.1005
mixed,8,1,0.125,4.0,32768,2048,512,2048,704,71054.48,70778.687,70698.578,
mixed,8,1,0.125,4.0,32768,2048,2048,8192,2816,71007.59,71040.063,70633.943,-11.5064
mixed,8,1,0.125,4.0,32768,2048,8192,32768,11264,71209.159,73107.368,71537.546,0.173
pure,8,2,0.25,4.0,0,0,128,512,224,65.123,83.329,69.506,0.2407
pure,8,2,0.25,4.0,0,0,512,2048,896,101.954,165.444,123.138,0.3337
pure,8,2,0.25,4.0,0,0,2048,8192,3584,232.419,420.232,242.117,0.0516
pure,8,2,0.25,4.0,0,0,8192,32768,14336,648.044,1328.887,691.756,0.0642
mixed,8,2,0.25,4.0,16,0,128,512,224,61.249,111.011,110.115,0.982
mixed,8,2,0.25,4.0,16,0,512,2048,896,166.786,329.159,326.566,0.984
mixed,8,2,0.25,4.0,16,0,2048,8192,3584,544.362,1192.788,1189.269,0.9946
mixed,8,2,0.25,4.0,16,0,8192,32768,14336,2055.428,4639.089,4630.738,0.9968
mixed,8,2,0.25,4.0,16,512,128,512,224,110.626,112.706,111.3,0.324
mixed,8,2,0.25,4.0,16,512,512,2048,896,166.691,328.836,326.277,0.9842
mixed,8,2,0.25,4.0,16,512,2048,8192,3584,546.153,1192.118,1190.741,0.9979
mixed,8,2,0.25,4.0,16,512,8192,32768,14336,2053.764,4640.306,4632.242,0.9969
mixed,8,2,0.25,4.0,16,2048,128,512,224,326.406,328.422,327.398,0.4921
mixed,8,2,0.25,4.0,16,2048,512,2048,896,328.101,329.414,328.486,0.2932
mixed,8,2,0.25,4.0,16,2048,2048,8192,3584,545.066,1192.469,1190.709,0.9973
mixed,8,2,0.25,4.0,16,2048,8192,32768,14336,2053.764,4640.753,4628.467,0.9953
mixed,8,2,0.25,4.0,16,8192,128,512,224,1187.382,1188.149,1189.206,2.3781
mixed,8,2,0.25,4.0,16,8192,512,2048,896,1192.117,1191.573,1192.469,
mixed,8,2,0.25,4.0,16,8192,2048,8192,3584,1191.829,1193.621,1192.181,0.1964
mixed,8,2,0.25,4.0,16,8192,8192,32768,14336,2054.116,4640.209,4638.098,0.9992
mixed,8,2,0.25,4.0,16,20480,128,512,224,2912.308,2912.211,2913.107,
mixed,8,2,0.25,4.0,16,20480,512,2048,896,2909.203,2903.893,2910.514,
mixed,8,2,0.25,4.0,16,20480,2048,8192,3584,2912.34,2911.763,2915.606,
mixed,8,2,0.25,4.0,16,20480,8192,32768,14336,2916.886,4645.426,4629.425,0.9907
mixed,8,2,0.25,4.0,64,0,128,512,224,61.889,112.577,111.617,0.9811
mixed,8,2,0.25,4.0,64,0,512,2048,896,167.619,330.407,328.422,0.9878
mixed,8,2,0.25,4.0,64,0,2048,8192,3584,546.955,1195.509,1191.829,0.9943
mixed,8,2,0.25,4.0,64,0,8192,32768,14336,2056.899,4641.94,4639.475,0.999
mixed,8,2,0.25,4.0,64,512,128,512,224,113.857,115.714,115.555,0.9144
mixed,8,2,0.25,4.0,64,512,512,2048,896,167.907,329.893,328.518,0.9915
mixed,8,2,0.25,4.0,64,512,2048,8192,3584,546.538,1193.206,1191.83,0.9979
mixed,8,2,0.25,4.0,64,512,8192,32768,14336,2055.524,4643.891,4631.507,0.9952
mixed,8,2,0.25,4.0,64,2048,128,512,224,329.382,331.527,330.533,0.5366
mixed,8,2,0.25,4.0,64,2048,512,2048,896,331.207,331.94,331.046,-0.2196
mixed,8,2,0.25,4.0,64,2048,2048,8192,3584,546.411,1193.494,1188.692,0.9926
mixed,8,2,0.25,4.0,64,2048,8192,32768,14336,2055.909,4640.052,4634.641,0.9979
mixed,8,2,0.25,4.0,64,8192,128,512,224,1193.717,1194.933,1193.911,0.1595
mixed,8,2,0.25,4.0,64,8192,512,2048,896,1194.517,1195.477,1193.91,-0.6323
mixed,8,2,0.25,4.0,64,8192,2048,8192,3584,1195.283,1197.27,1194.164,-0.5632
mixed,8,2,0.25,4.0,64,8192,8192,32768,14336,2056.164,4643.828,4633.361,0.996
mixed,8,2,0.25,4.0,64,20480,128,512,224,2911.062,2912.916,2910.804,-0.1392
mixed,8,2,0.25,4.0,64,20480,512,2048,896,2918.42,2918.165,2916.82,
mixed,8,2,0.25,4.0,64,20480,2048,8192,3584,2917.556,2917.237,2917.587,
mixed,8,2,0.25,4.0,64,20480,8192,32768,14336,2921.171,4646.419,4634.834,0.9933
mixed,8,2,0.25,4.0,256,0,128,512,224,65.856,116.482,115.01,0.9709
mixed,8,2,0.25,4.0,256,0,512,2048,896,169.827,331.781,329.414,0.9854
mixed,8,2,0.25,4.0,256,0,2048,8192,3584,547.849,1195.188,1191.028,0.9936
mixed,8,2,0.25,4.0,256,0,8192,32768,14336,2056.548,4644.786,4638.387,0.9975
mixed,8,2,0.25,4.0,256,512,128,512,224,135.714,135.394,135.554,
mixed,8,2,0.25,4.0,256,512,512,2048,896,170.498,332.421,330.31,0.987
mixed,8,2,0.25,4.0,256,512,2048,8192,3584,548.137,1196.662,1192.629,0.9938
mixed,8,2,0.25,4.0,256,512,8192,32768,14336,2056.933,4644.146,4638.962,0.998
mixed,8,2,0.25,4.0,256,2048,128,512,224,347.654,348.614,347.813,0.1656
mixed,8,2,0.25,4.0,256,2048,512,2048,896,346.757,350.726,346.79,0.0083
mixed,8,2,0.25,4.0,256,2048,2048,8192,3584,548.969,1196.597,1191.347,0.9919
mixed,8,2,0.25,4.0,256,2048,8192,32768,14336,2055.555,4651.635,4638.707,0.995
mixed,8,2,0.25,4.0,256,8192,128,512,224,1196.98,1200.469,1198.485,0.4314
mixed,8,2,0.25,4.0,256,8192,512,2048,896,1198.517,1200.758,1193.78,-2.1138
mixed,8,2,0.25,4.0,256,8192,2048,8192,3584,1201.814,1206.871,1200.053,-0.3482
mixed,8,2,0.25,4.0,256,8192,8192,32768,14336,2058.788,4646.259,4633.171,0.9949
mixed,8,2,0.25,4.0,256,20480,128,512,224,2913.653,2915.606,2912.34,-0.6723
mixed,8,2,0.25,4.0,256,20480,512,2048,896,2915.283,2917.428,2915.509,0.1054
mixed,8,2,0.25,4.0,256,20480,2048,8192,3584,2917.334,2914.901,2917.205,
mixed,8,2,0.25,4.0,256,20480,8192,32768,14336,2919.764,4646.451,4632.659,0.992
mixed,8,2,0.25,4.0,1024,0,128,512,224,237.829,263.429,238.403,0.0224
mixed,8,2,0.25,4.0,1024,0,512,2048,896,296.514,455.753,430.695,0.8426
mixed,8,2,0.25,4.0,1024,0,2048,8192,3584,667.563,1299.127,1274.487,0.961
mixed,8,2,0.25,4.0,1024,0,8192,32768,14336,2147.654,4688.211,4669.109,0.9925
mixed,8,2,0.25,4.0,1024,512,128,512,224,347.751,365.383,352.453,0.2667
mixed,8,2,0.25,4.0,1024,512,512,2048,896,404.838,534.794,473.031,0.5247
mixed,8,2,0.25,4.0,1024,512,2048,8192,3584,746.221,1385.305,1356.76,0.9553
mixed,8,2,0.25,4.0,1024,512,8192,32768,14336,2250.888,4853.943,4748.052,0.9593
mixed,8,2,0.25,4.0,1024,2048,128,512,224,559.146,614.733,564.458,0.0956
mixed,8,2,0.25,4.0,1024,2048,512,2048,896,666.187,789.742,779.694,0.9187
mixed,8,2,0.25,4.0,1024,2048,2048,8192,3584,956.915,1600.03,1547.099,0.9177
mixed,8,2,0.25,4.0,1024,2048,8192,32768,14336,2463.949,5064.379,5033.629,0.9882
mixed,8,2,0.25,4.0,1024,8192,128,512,224,1406.968,1463.387,1411.897,0.0874
mixed,8,2,0.25,4.0,1024,8192,512,2048,896,1513.563,1670.048,1626.493,0.7217
mixed,8,2,0.25,4.0,1024,8192,2048,8192,3584,1890.336,2497.612,2512.686,1.0248
mixed,8,2,0.25,4.0,1024,8192,8192,32768,14336,3312.378,5911.53,5862.6,0.9812
mixed,8,2,0.25,4.0,1024,20480,128,512,224,3113.335,3149.624,3115.161,0.0503
mixed,8,2,0.25,4.0,1024,20480,512,2048,896,3220.282,3371.451,3328.602,0.7165
mixed,8,2,0.25,4.0,1024,20480,2048,8192,3584,3573.984,4211.722,4232.378,1.0324
mixed,8,2,0.25,4.0,1024,20480,8192,32768,14336,5084.892,7605.865,7573.736,0.9873
mixed,8,2,0.25,4.0,4096,0,128,512,224,1610.045,1620.092,1613.659,0.3597
mixed,8,2,0.25,4.0,4096,0,512,2048,896,1644.735,1723.776,1649.693,0.0627
mixed,8,2,0.25,4.0,4096,0,2048,8192,3584,1855.329,2634.607,2413.068,0.7157
mixed,8,2,0.25,4.0,4096,0,8192,32768,14336,3549.056,6151.343,6025.802,0.9518
mixed,8,2,0.25,4.0,4096,512,128,512,224,1907.554,1933.315,1910.85,0.1279
mixed,8,2,0.25,4.0,4096,512,512,2048,896,1951.749,2008.74,1951.971,0.0039
mixed,8,2,0.25,4.0,4096,512,2048,8192,3584,2108.101,2921.175,2643.219,0.6581
mixed,8,2,0.25,4.0,4096,512,8192,32768,14336,3862.822,6462.678,6312.691,0.9423
mixed,8,2,0.25,4.0,4096,2048,128,512,224,2816.436,2838.706,2823.538,0.3189
mixed,8,2,0.25,4.0,4096,2048,512,2048,896,2858.162,2890.933,2856.117,-0.0624
mixed,8,2,0.25,4.0,4096,2048,2048,8192,3584,2973.911,3648.579,3331.517,0.53
mixed,8,2,0.25,4.0,4096,2048,8192,32768,14336,4721.749,7467.495,7072.321,0.8561
mixed,8,2,0.25,4.0,4096,8192,128,512,224,6306.578,6345.237,6305.231,-0.0348
mixed,8,2,0.25,4.0,4096,8192,512,2048,896,6406.163,6524.405,6388.593,-0.1486
mixed,8,2,0.25,4.0,4096,8192,2048,8192,3584,6579.287,6715.993,6594.999,0.1149
mixed,8,2,0.25,4.0,4096,8192,8192,32768,14336,7708.171,10810.337,10034.355,0.7499
mixed,8,2,0.25,4.0,4096,20480,128,512,224,13014.253,13051.148,13033.253,0.515
mixed,8,2,0.25,4.0,4096,20480,512,2048,896,13102.193,13228.308,13092.809,-0.0744
mixed,8,2,0.25,4.0,4096,20480,2048,8192,3584,13386.605,13372.017,13367.987,
mixed,8,2,0.25,4.0,4096,20480,8192,32768,14336,13809.048,17011.542,15197.807,0.4336
mixed,8,2,0.25,4.0,16384,0,128,512,224,18824.948,18844.794,18830.323,0.2708
mixed,8,2,0.25,4.0,16384,0,512,2048,896,18880.819,18901.081,18885.433,0.2277
mixed,8,2,0.25,4.0,16384,0,2048,8192,3584,18970.294,19201.755,18978.459,0.0353
mixed,8,2,0.25,4.0,16384,0,8192,32768,14336,19839.367,23273.669,22112.465,0.6619
mixed,8,2,0.25,4.0,16384,512,128,512,224,19901.287,19912.002,19909.252,0.7434
mixed,8,2,0.25,4.0,16384,512,512,2048,896,19912.457,19974.282,19927.338,0.2407
mixed,8,2,0.25,4.0,16384,512,2048,8192,3584,20049.547,20263.435,20075.888,0.1232
mixed,8,2,0.25,4.0,16384,512,8192,32768,14336,20862.749,24269.436,23124.712,0.664
mixed,8,2,0.25,4.0,16384,2048,128,512,224,23210.724,23202.536,23216.004,
mixed,8,2,0.25,4.0,16384,2048,512,2048,896,23186.182,23274.793,23204.933,0.2116
mixed,8,2,0.25,4.0,16384,2048,2048,8192,3584,23364.841,23553.063,23392.56,0.1473
mixed,8,2,0.25,4.0,16384,2048,8192,32768,14336,23892.588,27481.362,26151.484,0.6294
mixed,8,2,0.25,4.0,16384,8192,128,512,224,36105.069,36088.301,33277.665,
mixed,8,2,0.25,4.0,16384,8192,512,2048,896,33011.352,33096.28,33026.401,0.1772
mixed,8,2,0.25,4.0,16384,8192,2048,8192,3584,33216.634,36566.135,33182.3,-0.0103
mixed,8,2,0.25,4.0,16384,8192,8192,32768,14336,33717.987,36134.283,33346.594,-0.1537
mixed,8,2,0.25,4.0,16384,20480,128,512,224,54370.686,54960.967,54936.556,0.9586
mixed,8,2,0.25,4.0,16384,20480,512,2048,896,55049.818,54974.449,55031.117,
mixed,8,2,0.25,4.0,16384,20480,2048,8192,3584,55269.934,55418.311,55240.048,-0.2014
mixed,8,2,0.25,4.0,16384,20480,8192,32768,14336,55641.372,56385.893,55678.686,0.0501
mixed,8,2,0.25,4.0,32768,0,128,512,224,62657.217,63010.403,62729.597,0.2049
mixed,8,2,0.25,4.0,32768,0,512,2048,896,62734.181,62808.359,62808.704,1.0047
mixed,8,2,0.25,4.0,32768,0,2048,8192,3584,63012.809,63186.418,62978.365,-0.1984
mixed,8,2,0.25,4.0,32768,0,8192,32768,14336,63527.984,65502.704,64008.03,0.2431
mixed,8,2,0.25,4.0,32768,512,128,512,224,64525.316,64751.497,64641.283,0.5127
mixed,8,2,0.25,4.0,32768,512,512,2048,896,64599.582,64844.454,64805.737,0.8419
mixed,8,2,0.25,4.0,32768,512,2048,8192,3584,65213.722,64867.32,65245.425,
mixed,8,2,0.25,4.0,32768,512,8192,32768,14336,66076.352,67262.035,65726.18,-0.2953
mixed,8,2,0.25,4.0,32768,2048,128,512,224,70190.89,70756.375,70345.02,0.2726
mixed,8,2,0.25,4.0,32768,2048,512,2048,896,70628.871,70940.101,70551.097,-0.2499
mixed,8,2,0.25,4.0,32768,2048,2048,8192,3584,70751.327,70901.083,71013.701,1.752
mixed,8,2,0.25,4.0,32768,2048,8192,32768,14336,71397.479,72592.702,71703.768,0.2563
pure,8,3,0.375,4.0,0,0,128,512,272,66.784,82.881,69.347,0.1592
pure,8,3,0.375,4.0,0,0,512,2048,1088,122.884,183.172,137.603,0.2441
pure,8,3,0.375,4.0,0,0,2048,8192,4352,296.422,423.016,247.654,-0.3852
pure,8,3,0.375,4.0,0,0,8192,32768,17408,825.968,1325.145,772.463,-0.1072
mixed,8,3,0.375,4.0,16,0,128,512,272,76.481,111.075,109.985,0.9685
mixed,8,3,0.375,4.0,16,0,512,2048,1088,186.691,329.51,327.686,0.9872
mixed,8,3,0.375,4.0,16,0,2048,8192,4352,652.941,1194.519,1188.919,0.9897
mixed,8,3,0.375,4.0,16,0,8192,32768,17408,2486.222,4641.589,4632.79,0.9959
mixed,8,3,0.375,4.0,16,512,128,512,272,111.075,112.898,111.81,0.4032
mixed,8,3,0.375,4.0,16,512,512,2048,1088,187.141,328.805,326.534,0.984
mixed,8,3,0.375,4.0,16,512,2048,8192,4352,653.1,1192.726,1185.846,0.9873
mixed,8,3,0.375,4.0,16,512,8192,32768,17408,2487.981,4639.317,4640.054,1.0003
mixed,8,3,0.375,4.0,16,2048,128,512,272,326.758,327.942,327.302,0.4595
mixed,8,3,0.375,4.0,16,2048,512,2048,1088,326.66,330.214,329.478,0.7929
mixed,8,3,0.375,4.0,16,2048,2048,8192,4352,652.301,1191.862,1187.573,0.9921
mixed,8,3,0.375,4.0,16,2048,8192,32768,17408,2485.84,4643.127,4636.023,0.9967
mixed,8,3,0.375,4.0,16,8192,128,512,272,1189.528,1193.367,1186.998,-0.659
mixed,8,3,0.375,4.0,16,8192,512,2048,1088,1188.63,1192.406,1191.03,0.6356
mixed,8,3,0.375,4.0,16,8192,2048,8192,4352,1192.343,1192.117,1193.653,
mixed,8,3,0.375,4.0,16,8192,8192,32768,17408,2486.383,4643.446,4638.583,0.9977
mixed,8,3,0.375,4.0,16,20480,128,512,272,2914.486,2916.599,2901.655,-6.0724
mixed,8,3,0.375,4.0,16,20480,512,2048,1088,2913.72,2908.918,2915.959,
mixed,8,3,0.375,4.0,16,20480,2048,8192,4352,2913.623,2913.687,2912.629,-15.5312
mixed,8,3,0.375,4.0,16,20480,8192,32768,17408,2912.886,4642.741,4631.894,0.9937
mixed,8,3,0.375,4.0,64,0,128,512,272,78.177,112.356,112.099,0.9925
mixed,8,3,0.375,4.0,64,0,512,2048,1088,188.227,330.662,329.415,0.9912
mixed,8,3,0.375,4.0,64,0,2048,8192,4352,653.516,1193.751,1193.111,0.9988
mixed,8,3,0.375,4.0,64,0,8192,32768,17408,2489.644,4646.04,4630.647,0.9929
mixed,8,3,0.375,4.0,64,512,128,512,272,114.755,115.49,114.722,-0.0449
mixed,8,3,0.375,4.0,64,512,512,2048,1088,188.355,330.248,328.07,0.9847
mixed,8,3,0.375,4.0,64,512,2048,8192,4352,653.9,1193.911,1190.231,0.9932
mixed,8,3,0.375,4.0,64,512,8192,32768,17408,2486.095,4641.847,4642.805,1.0004
mixed,8,3,0.375,4.0,64,2048,128,512,272,330.535,331.623,331.014,0.4403
mixed,8,3,0.375,4.0,64,2048,512,2048,1088,329.894,331.751,331.079,0.6381
mixed,8,3,0.375,4.0,64,2048,2048,8192,4352,653.742,1193.718,1190.102,0.9933
mixed,8,3,0.375,4.0,64,2048,8192,32768,17408,2486.413,4640.885,4638.71,0.999
mixed,8,3,0.375,4.0,64,8192,128,512,272,1193.429,1193.976,1190.646,-5.0878
mixed,8,3,0.375,4.0,64,8192,512,2048,1088,1194.198,1193.013,1194.263,
mixed,8,3,0.375,4.0,64,8192,2048,8192,4352,1194.84,1196.76,1194.295,-0.2839
mixed,8,3,0.375,4.0,64,8192,8192,32768,17408,2488.462,4642.999,4640.759,0.999
mixed,8,3,0.375,4.0,64,20480,128,512,272,2916.884,2907.094,2918.678,
mixed,8,3,0.375,4.0,64,20480,512,2048,1088,2914.645,2910.679,2915.16,
mixed,8,3,0.375,4.0,64,20480,2048,8192,4352,2914.519,2920.693,2920.023,0.8915
mixed,8,3,0.375,4.0,64,20480,8192,32768,17408,2914.55,4643.446,4635.895,0.9956
mixed,8,3,0.375,4.0,256,0,128,512,272,82.114,116.452,114.978,0.9571
mixed,8,3,0.375,4.0,256,0,512,2048,1088,190.181,332.005,329.862,0.9849
mixed,8,3,0.375,4.0,256,0,2048,8192,4352,655.757,1194.869,1193.526,0.9975
mixed,8,3,0.375,4.0,256,0,8192,32768,17408,2490.67,4644.088,4639.831,0.998
mixed,8,3,0.375,4.0,256,512,128,512,272,134.404,134.755,134.211,-0.5499
mixed,8,3,0.375,4.0,256,512,512,2048,1088,190.851,332.198,329.734,0.9826
mixed,8,3,0.375,4.0,256,512,2048,8192,4352,655.98,1195.671,1193.269,0.9955
mixed,8,3,0.375,4.0,256,512,8192,32768,17408,2488.557,4650.424,4638.295,0.9944
mixed,8,3,0.375,4.0,256,2048,128,512,272,347.558,348.776,349.351,1.4721
mixed,8,3,0.375,4.0,256,2048,512,2048,1088,348.006,349.223,349.254,1.0255
mixed,8,3,0.375,4.0,256,2048,2048,8192,4352,655.821,1195.8,1191.574,0.9922
mixed,8,3,0.375,4.0,256,2048,8192,32768,17408,2486.383,4641.879,4635.35,0.997
mixed,8,3,0.375,4.0,256,8192,128,512,272,1206.421,1205.749,1199.256,
mixed,8,3,0.375,4.0,256,8192,512,2048,1088,1201.718,1203.061,1199.766,-1.4535
mixed,8,3,0.375,4.0,256,8192,2048,8192,4352,1198.167,1202.741,1205.173,1.5317
mixed,8,3,0.375,4.0,256,8192,8192,32768,17408,2488.782,4647.799,4636.917,0.995
mixed,8,3,0.375,4.0,256,20480,128,512,272,2914.36,2920.406,2913.785,-0.0951
mixed,8,3,0.375,4.0,256,20480,512,2048,1088,2913.206,2914.774,2908.824,-2.7946
mixed,8,3,0.375,4.0,256,20480,2048,8192,4352,2915.64,2912.63,2911.606,
mixed,8,3,0.375,4.0,256,20480,8192,32768,17408,2919.862,4646.775,4641.335,0.9968
mixed,8,3,0.375,4.0,1024,0,128,512,272,249.668,262.948,238.565,-0.8361
mixed,8,3,0.375,4.0,1024,0,512,2048,1088,315.814,456.137,435.848,0.8554
mixed,8,3,0.375,4.0,1024,0,2048,8192,4352,771.15,1299.801,1279.991,0.9625
mixed,8,3,0.375,4.0,1024,0,8192,32768,17408,2567.12,4690.713,4658.137,0.9847
mixed,8,3,0.375,4.0,1024,512,128,512,272,353.287,365.127,354.662,0.1161
mixed,8,3,0.375,4.0,1024,512,512,2048,1088,402.28,534.729,481.577,0.5987
mixed,8,3,0.375,4.0,1024,512,2048,8192,4352,849.775,1385.593,1360.474,0.9531
mixed,8,3,0.375,4.0,1024,512,8192,32768,17408,2681.809,4850.426,4773.145,0.9644
mixed,8,3,0.375,4.0,1024,2048,128,512,272,579.723,615.372,567.148,-0.3527
mixed,8,3,0.375,4.0,1024,2048,512,2048,1088,689.548,790.446,780.109,0.8976
mixed,8,3,0.375,4.0,1024,2048,2048,8192,4352,1062.098,1598.813,1562.236,0.9319
mixed,8,3,0.375,4.0,1024,2048,8192,32768,17408,2899.415,5058.879,5052.414,0.997
mixed,8,3,0.375,4.0,1024,8192,128,512,272,1425.914,1463.039,1415.483,-0.281
mixed,8,3,0.375,4.0,1024,8192,512,2048,1088,1538.587,1677.504,1629.31,0.6531
mixed,8,3,0.375,4.0,1024,8192,2048,8192,4352,1993.318,2497.23,2486.958,0.9796
mixed,8,3,0.375,4.0,1024,8192,8192,32768,17408,3745.448,5908.848,5864.366,0.9794
mixed,8,3,0.375,4.0,1024,20480,128,512,272,3125.336,3165.594,3121.787,-0.0882
mixed,8,3,0.375,4.0,1024,20480,512,2048,1088,3231.869,3376.928,3330.396,0.6792
mixed,8,3,0.375,4.0,1024,20480,2048,8192,4352,3698.725,4229.299,4188.753,0.9236
mixed,8,3,0.375,4.0,1024,20480,8192,32768,17408,5492.231,7614.893,7579.663,0.9834
mixed,8,3,0.375,4.0,4096,0,128,512,272,1619.488,1621.535,1616.317,-1.5491
mixed,8,3,0.375,4.0,4096,0,512,2048,1088,1649.759,1725.471,1661.15,0.1505
mixed,8,3,0.375,4.0,4096,0,2048,8192,4352,1985.799,2634.291,2456.334,0.7256
mixed,8,3,0.375,4.0,4096,0,8192,32768,17408,3987.339,6147.125,6049.524,0.9548
mixed,8,3,0.375,4.0,4096,512,128,512,272,1910.978,1930.18,1913.861,0.1501
mixed,8,3,0.375,4.0,4096,512,512,2048,1088,1962.916,2011.94,1958.598,-0.0881
mixed,8,3,0.375,4.0,4096,512,2048,8192,4352,2240.745,2923.032,2686.354,0.6531
mixed,8,3,0.375,4.0,4096,512,8192,32768,17408,4293.488,6458.522,6333.461,0.9422
mixed,8,3,0.375,4.0,4096,2048,128,512,272,2827.637,2841.141,2831.059,0.2534
mixed,8,3,0.375,4.0,4096,2048,512,2048,1088,2857.207,2887.318,2862.932,0.1901
mixed,8,3,0.375,4.0,4096,2048,2048,8192,4352,3038.937,3648.614,3386.017,0.5693
mixed,8,3,0.375,4.0,4096,2048,8192,32768,17408,5253.698,7467.917,7124.069,0.8447
mixed,8,3,0.375,4.0,4096,8192,128,512,272,6312.216,6340.634,6322.52,0.3626
mixed,8,3,0.375,4.0,4096,8192,512,2048,1088,6428.184,6524.249,6421.976,-0.0646
mixed,8,3,0.375,4.0,4096,8192,2048,8192,4352,6595.483,6710.463,6633.914,0.3342
mixed,8,3,0.375,4.0,4096,8192,8192,32768,17408,8147.13,10816.909,10109.313,0.735
mixed,8,3,0.375,4.0,4096,20480,128,512,272,13013.847,13034.646,13015.442,0.0767
mixed,8,3,0.375,4.0,4096,20480,512,2048,1088,13125.944,13214.328,13121.622,-0.0489
mixed,8,3,0.375,4.0,4096,20480,2048,8192,4352,13382.527,13377.658,13375.036,
mixed,8,3,0.375,4.0,4096,20480,8192,32768,17408,14614.773,17007.649,16427.959,0.7577
mixed,8,3,0.375,4.0,16384,0,128,512,272,18833.409,18831.305,18821.153,
mixed,8,3,0.375,4.0,16384,0,512,2048,1088,18869.896,18901.858,18880.617,0.3354
mixed,8,3,0.375,4.0,16384,0,2048,8192,4352,19017.576,19203.428,19015.013,-0.0138
mixed,8,3,0.375,4.0,16384,0,8192,32768,17408,20369.727,23289.781,22345.954,0.6768
mixed,8,3,0.375,4.0,16384,512,128,512,272,19909.85,19918.455,19888.829,-2.4429
mixed,8,3,0.375,4.0,16384,512,512,2048,1088,19926.521,19989.209,19926.843,0.0051
mixed,8,3,0.375,4.0,16384,512,2048,8192,4352,20113.02,20300.508,20120.119,0.0379
mixed,8,3,0.375,4.0,16384,512,8192,32768,17408,21406.133,24257.721,23296.376,0.6629
mixed,8,3,0.375,4.0,16384,2048,128,512,272,23183.767,23196.401,23175.059,-0.6893
mixed,8,3,0.375,4.0,16384,2048,512,2048,1088,23207.124,23279.39,23211.673,0.0629
mixed,8,3,0.375,4.0,16384,2048,2048,8192,4352,23421.663,23572.064,23426.526,0.0323
mixed,8,3,0.375,4.0,16384,2048,8192,32768,17408,24513.489,27474.564,26373.041,0.628
mixed,8,3,0.375,4.0,16384,8192,128,512,272,36051.522,33224.948,33196.439,
mixed,8,3,0.375,4.0,16384,8192,512,2048,1088,33008.856,33124.665,32973.934,-0.3015
mixed,8,3,0.375,4.0,16384,8192,2048,8192,4352,36438.677,33370.652,32972.333,
mixed,8,3,0.375,4.0,16384,8192,8192,32768,17408,33624.163,35869.19,34825.495,0.5351
mixed,8,3,0.375,4.0,16384,20480,128,512,272,56402.666,54836.525,55104.867,
mixed,8,3,0.375,4.0,16384,20480,512,2048,1088,55147.059,55105.299,55029.08,
mixed,8,3,0.375,4.0,16384,20480,2048,8192,4352,55235.388,55391.901,55533.473,1.9045
mixed,8,3,0.375,4.0,16384,20480,8192,32768,17408,55609.414,56715.542,55744.104,0.1218
mixed,8,3,0.375,4.0,32768,0,128,512,272,62774.601,63121.207,62884.555,0.3172
mixed,8,3,0.375,4.0,32768,0,512,2048,1088,62847.079,62919.13,62854.162,0.0983
mixed,8,3,0.375,4.0,32768,0,2048,8192,4352,63306.806,63195.488,62993.912,
mixed,8,3,0.375,4.0,32768,0,8192,32768,17408,63673.414,65423.301,64112.784,0.2511
mixed,8,3,0.375,4.0,32768,512,128,512,272,65011.522,64894.907,64735.864,
mixed,8,3,0.375,4.0,32768,512,512,2048,1088,64977.38,65178.759,65001.059,0.1176
mixed,8,3,0.375,4.0,32768,512,2048,8192,4352,65374.92,65548.07,65326.306,-0.2808
mixed,8,3,0.375,4.0,32768,512,8192,32768,17408,65532.325,67460.831,66341.338,0.4195
mixed,8,3,0.375,4.0,32768,2048,128,512,272,70401.24,70768.143,70337.803,-0.1729
mixed,8,3,0.375,4.0,32768,2048,512,2048,1088,70864.665,70807.061,70364.587,
mixed,8,3,0.375,4.0,32768,2048,2048,8192,4352,70589.882,71216.06,70710.456,0.1926
mixed,8,3,0.375,4.0,32768,2048,8192,32768,17408,71115.937,72835.52,71697.33,0.3381
pure,8,4,0.5,4.0,0,0,128,512,320,67.297,83.36,72.802,0.3427
pure,8,4,0.5,4.0,0,0,512,2048,1280,142.499,184.1,152.643,0.2438
pure,8,4,0.5,4.0,0,0,2048,8192,5120,302.022,421.513,300.678,-0.0112
pure,8,4,0.5,4.0,0,0,8192,32768,20480,874.961,1326.97,875.184,0.0005
mixed,8,4,0.5,4.0,16,0,128,512,320,78.179,110.69,110.211,0.9853
mixed,8,4,0.5,4.0,16,0,512,2048,1280,220.451,328.198,326.886,0.9878
mixed,8,4,0.5,4.0,16,0,2048,8192,5120,761.134,1192.311,1190.454,0.9957
mixed,8,4,0.5,4.0,16,0,8192,32768,20480,2917.561,4641.399,4637.082,0.9975
mixed,8,4,0.5,4.0,16,512,128,512,320,110.753,112.962,111.65,0.4061
mixed,8,4,0.5,4.0,16,512,512,2048,1280,220.838,329.382,326.981,0.9779
mixed,8,4,0.5,4.0,16,512,2048,8192,5120,760.654,1191.96,1189.24,0.9937
mixed,8,4,0.5,4.0,16,512,8192,32768,20480,2917.401,4638.618,4632.953,0.9967
mixed,8,4,0.5,4.0,16,2048,128,512,320,326.44,327.462,327.11,0.6556
mixed,8,4,0.5,4.0,16,2048,512,2048,1280,329.51,329.831,328.998,-1.595
mixed,8,4,0.5,4.0,16,2048,2048,8192,5120,761.871,1192.119,1188.184,0.9909
mixed,8,4,0.5,4.0,16,2048,8192,32768,20480,2915.354,4642.267,4633.498,0.9949
mixed,8,4,0.5,4.0,16,8192,128,512,320,1187.959,1190.039,1186.007,-0.9385
mixed,8,4,0.5,4.0,16,8192,512,2048,1280,1193.237,1192.693,1190.967,
mixed,8,4,0.5,4.0,16,8192,2048,8192,5120,1190.68,1192.951,1193.142,1.0841
mixed,8,4,0.5,4.0,16,8192,8192,32768,20480,2919.736,4641.146,4636.347,0.9972
mixed,8,4,0.5,4.0,16,20480,128,512,320,2907.831,2914.136,2908.441,0.0967
mixed,8,4,0.5,4.0,16,20480,512,2048,1280,2914.039,2909.434,2915.959,
mixed,8,4,0.5,4.0,16,20480,2048,8192,5120,2918.359,2917.656,2915.48,
mixed,8,4,0.5,4.0,16,20480,8192,32768,20480,2919.129,4640.442,4635.962,0.9974
mixed,8,4,0.5,4.0,64,0,128,512,320,79.136,112.834,111.906,0.9725
mixed,8,4,0.5,4.0,64,0,512,2048,1280,222.18,330.309,328.582,0.984
mixed,8,4,0.5,4.0,64,0,2048,8192,5120,761.581,1193.079,1191.863,0.9972
mixed,8,4,0.5,4.0,64,0,8192,32768,20480,2918.105,4640.954,4636.57,0.9975
mixed,8,4,0.5,4.0,64,512,128,512,320,113.825,115.587,114.274,0.2548
mixed,8,4,0.5,4.0,64,512,512,2048,1280,221.763,330.918,328.55,0.9783
mixed,8,4,0.5,4.0,64,512,2048,8192,5120,762.639,1193.816,1192.823,0.9977
mixed,8,4,0.5,4.0,64,512,8192,32768,20480,2917.561,4642.139,4638.553,0.9979
mixed,8,4,0.5,4.0,64,2048,128,512,320,329.575,331.622,330.919,0.6566
mixed,8,4,0.5,4.0,64,2048,512,2048,1280,331.656,331.623,331.27,
mixed,8,4,0.5,4.0,64,2048,2048,8192,5120,762.605,1191.926,1189.079,0.9934
mixed,8,4,0.5,4.0,64,2048,8192,32768,20480,2918.328,4645.114,4640.251,0.9972
mixed,8,4,0.5,4.0,64,8192,128,512,320,1191.416,1193.015,1194.968,2.2214
mixed,8,4,0.5,4.0,64,8192,512,2048,1280,1194.936,1194.04,1192.662,
mixed,8,4,0.5,4.0,64,8192,2048,8192,5120,1196.023,1196.312,1192.631,-11.737
mixed,8,4,0.5,4.0,64,8192,8192,32768,20480,2920.056,4643.354,4638.296,0.9971
mixed,8,4,0.5,4.0,64,20480,128,512,320,2913.721,2914.648,2917.785,4.384
mixed,8,4,0.5,4.0,64,20480,512,2048,1280,2919.479,2910.233,2916.025,
mixed,8,4,0.5,4.0,64,20480,2048,8192,5120,2916.567,2914.679,2915.641,
mixed,8,4,0.5,4.0,64,20480,8192,32768,20480,2922.297,4644.73,4639.738,0.9971
mixed,8,4,0.5,4.0,256,0,128,512,320,82.657,116.706,114.914,0.9474
mixed,8,4,0.5,4.0,256,0,512,2048,1280,224.036,331.526,329.958,0.9854
mixed,8,4,0.5,4.0,256,0,2048,8192,5120,763.311,1195.736,1191.063,0.9892
mixed,8,4,0.5,4.0,256,0,8192,32768,20480,2919.224,4646.522,4637.626,0.9948
mixed,8,4,0.5,4.0,256,512,128,512,320,135.33,135.458,135.17,-1.25
mixed,8,4,0.5,4.0,256,512,512,2048,1280,223.747,332.294,330.438,0.9829
mixed,8,4,0.5,4.0,256,512,2048,8192,5120,764.463,1194.967,1193.207,0.9959
mixed,8,4,0.5,4.0,256,512,8192,32768,20480,2919.961,4647.45,4643.994,0.998
mixed,8,4,0.5,4.0,256,2048,128,512,320,346.119,346.406,348.295,7.5819
mixed,8,4,0.5,4.0,256,2048,512,2048,1280,347.751,348.806,348.999,1.1829
mixed,8,4,0.5,4.0,256,2048,2048,8192,5120,764.368,1195.351,1192.663,0.9938
mixed,8,4,0.5,4.0,256,2048,8192,32768,20480,2920.185,4648.282,4642.745,0.9968
mixed,8,4,0.5,4.0,256,8192,128,512,320,1210.2,1201.943,1200.312,
mixed,8,4,0.5,4.0,256,8192,512,2048,1280,1201.366,1201.207,1200.695,
mixed,8,4,0.5,4.0,256,8192,2048,8192,5120,1203.415,1203.799,1200.312,-8.0807
mixed,8,4,0.5,4.0,256,8192,8192,32768,20480,2921.336,4643.097,4645.721,1.0015
mixed,8,4,0.5,4.0,256,20480,128,512,320,2916.439,2925.881,2915.705,-0.0777
mixed,8,4,0.5,4.0,256,20480,512,2048,1280,2919.16,2914.521,2914.585,
mixed,8,4,0.5,4.0,256,20480,2048,8192,5120,2917.304,2919.0,2914.201,-1.8296
mixed,8,4,0.5,4.0,256,20480,8192,32768,20480,2921.753,4648.09,4644.184,0.9977
mixed,8,4,0.5,4.0,1024,0,128,512,320,248.931,262.853,240.388,-0.6136
mixed,8,4,0.5,4.0,1024,0,512,2048,1280,348.998,455.816,439.529,0.8475
mixed,8,4,0.5,4.0,1024,0,2048,8192,5120,879.443,1298.266,1283.705,0.9652
mixed,8,4,0.5,4.0,1024,0,8192,32768,20480,2992.282,4700.094,4667.993,0.9812
mixed,8,4,0.5,4.0,1024,512,128,512,320,352.647,365.159,354.854,0.1764
mixed,8,4,0.5,4.0,1024,512,512,2048,1280,428.39,534.506,493.48,0.6134
mixed,8,4,0.5,4.0,1024,512,2048,8192,5120,956.977,1384.667,1372.987,0.9727
mixed,8,4,0.5,4.0,1024,512,8192,32768,20480,3118.236,4846.941,4800.445,0.9731
mixed,8,4,0.5,4.0,1024,2048,128,512,320,582.316,613.452,573.358,-0.2877
mixed,8,4,0.5,4.0,1024,2048,512,2048,1280,720.462,790.384,781.936,0.8792
mixed,8,4,0.5,4.0,1024,2048,2048,8192,5120,1173.078,1599.295,1572.798,0.9378
mixed,8,4,0.5,4.0,1024,2048,8192,32768,20480,3328.674,5058.658,5052.515,0.9964
mixed,8,4,0.5,4.0,1024,8192,128,512,320,1428.536,1462.044,1423.93,-0.1375
mixed,8,4,0.5,4.0,1024,8192,512,2048,1280,1571.517,1672.542,1629.023,0.5692
mixed,8,4,0.5,4.0,1024,8192,2048,8192,5120,2096.936,2493.776,2481.52,0.9691
mixed,8,4,0.5,4.0,1024,8192,8192,32768,20480,4181.073,5910.609,5874.258,0.979
mixed,8,4,0.5,4.0,1024,20480,128,512,320,3129.469,3159.166,3122.334,-0.2403
mixed,8,4,0.5,4.0,1024,20480,512,2048,1280,3265.824,3370.785,3336.224,0.6707
mixed,8,4,0.5,4.0,1024,20480,2048,8192,5120,3800.104,4224.401,4190.706,0.9206
mixed,8,4,0.5,4.0,1024,20480,8192,32768,20480,5893.683,7621.716,7580.851,0.9764
mixed,8,4,0.5,4.0,4096,0,128,512,320,1614.304,1622.24,1621.567,0.9152
mixed,8,4,0.5,4.0,4096,0,512,2048,1280,1662.274,1725.411,1669.121,0.1084
mixed,8,4,0.5,4.0,4096,0,2048,8192,5120,2128.39,2632.242,2490.863,0.7194
mixed,8,4,0.5,4.0,4096,0,8192,32768,20480,4416.309,6147.991,6069.367,0.9546
mixed,8,4,0.5,4.0,4096,512,128,512,320,1910.373,1929.827,1915.303,0.2534
mixed,8,4,0.5,4.0,4096,512,512,2048,1280,1974.471,2011.079,1973.125,-0.0368
mixed,8,4,0.5,4.0,4096,512,2048,8192,5120,2367.757,2920.6,2731.348,0.6577
mixed,8,4,0.5,4.0,4096,512,8192,32768,20480,4723.834,6462.461,6365.692,0.9443
mixed,8,4,0.5,4.0,4096,2048,128,512,320,2828.631,2840.344,2834.71,0.519
mixed,8,4,0.5,4.0,4096,2048,512,2048,1280,2865.592,2890.426,2866.648,0.0425
mixed,8,4,0.5,4.0,4096,2048,2048,8192,5120,3094.554,3646.214,3436.74,0.6203
mixed,8,4,0.5,4.0,4096,2048,8192,32768,20480,5731.117,7466.835,7174.188,0.8314
mixed,8,4,0.5,4.0,4096,8192,128,512,320,6318.522,6339.066,6323.549,0.2447
mixed,8,4,0.5,4.0,4096,8192,512,2048,1280,6464.765,6515.646,6440.989,-0.4673
mixed,8,4,0.5,4.0,4096,8192,2048,8192,5120,6634.432,6717.955,6646.784,0.1479
mixed,8,4,0.5,4.0,4096,8192,8192,32768,20480,8654.667,10806.898,10207.269,0.7214
mixed,8,4,0.5,4.0,4096,20480,128,512,320,13017.793,13042.012,13027.265,0.3911
mixed,8,4,0.5,4.0,4096,20480,512,2048,1280,13162.014,13222.112,13140.615,-0.3561
mixed,8,4,0.5,4.0,4096,20480,2048,8192,5120,13366.658,13371.329,13389.83,4.9608
mixed,8,4,0.5,4.0,4096,20480,8192,32768,20480,15158.081,17020.812,16534.335,0.7388
mixed,8,4,0.5,4.0,16384,0,128,512,320,18855.977,18839.309,18822.312,
mixed,8,4,0.5,4.0,16384,0,512,2048,1280,18864.652,18894.707,18872.341,0.2558
mixed,8,4,0.5,4.0,16384,0,2048,8192,5120,19063.505,19215.032,19034.705,-0.1901
mixed,8,4,0.5,4.0,16384,0,8192,32768,20480,21013.495,23267.813,22552.378,0.6826
mixed,8,4,0.5,4.0,16384,512,128,512,320,19916.23,19887.197,19898.629,
mixed,8,4,0.5,4.0,16384,512,512,2048,1280,19951.275,19989.283,19933.161,-0.4766
mixed,8,4,0.5,4.0,16384,512,2048,8192,5120,20177.26,20299.974,20141.638,-0.2903
mixed,8,4,0.5,4.0,16384,512,8192,32768,20480,21958.858,24263.319,23514.445,0.675
mixed,8,4,0.5,4.0,16384,2048,128,512,320,23195.592,23190.947,23171.461,
mixed,8,4,0.5,4.0,16384,2048,512,2048,1280,23241.346,23298.278,23243.175,0.0321
mixed,8,4,0.5,4.0,16384,2048,2048,8192,5120,23426.027,23559.883,23464.273,0.2857
mixed,8,4,0.5,4.0,16384,2048,8192,32768,20480,25078.665,27475.895,26598.209,0.6339
mixed,8,4,0.5,4.0,16384,8192,128,512,320,36138.117,36100.649,36135.074,
mixed,8,4,0.5,4.0,16384,8192,512,2048,1280,36221.285,33409.187,33243.754,
mixed,8,4,0.5,4.0,16384,8192,2048,8192,5120,33562.838,33633.904,36419.816,40.2018
mixed,8,4,0.5,4.0,16384,8192,8192,32768,20480,34232.061,35598.131,34793.056,0.4107
mixed,8,4,0.5,4.0,16384,20480,128,512,320,55941.84,55995.017,54594.158,-25.3433
mixed,8,4,0.5,4.0,16384,20480,512,2048,1280,55039.786,55238.236,55040.119,0.0017
mixed,8,4,0.5,4.0,16384,20480,2048,8192,5120,55528.062,55376.309,55387.646,
mixed,8,4,0.5,4.0,16384,20480,8192,32768,20480,55815.688,57043.028,55998.034,0.1486
mixed,8,4,0.5,4.0,32768,0,128,512,320,63050.666,63159.354,62813.584,-2.1813
mixed,8,4,0.5,4.0,32768,0,512,2048,1280,63169.754,62947.063,63046.649,
mixed,8,4,0.5,4.0,32768,0,2048,8192,5120,63342.557,63490.107,63388.07,0.3085
mixed,8,4,0.5,4.0,32768,0,8192,32768,20480,64177.524,65183.273,64735.062,0.5544
mixed,8,4,0.5,4.0,32768,512,128,512,320,64694.948,65143.647,64981.287,0.6382
mixed,8,4,0.5,4.0,32768,512,512,2048,1280,64742.784,64761.257,64731.677,-0.6013
mixed,8,4,0.5,4.0,32768,512,2048,8192,5120,65021.709,65480.528,65404.362,0.834
mixed,8,4,0.5,4.0,32768,512,8192,32768,20480,65971.673,67081.288,66566.763,0.5363
mixed,8,4,0.5,4.0,32768,2048,128,512,320,71022.173,70954.885,70760.184,
mixed,8,4,0.5,4.0,32768,2048,512,2048,1280,71197.922,71097.433,70986.68,
mixed,8,4,0.5,4.0,32768,2048,2048,8192,5120,70768.958,71154.98,70656.192,-0.2921
mixed,8,4,0.5,4.0,32768,2048,8192,32768,20480,71776.535,73209.398,72372.963,0.4162
pure,8,6,0.75,4.0,0,0,128,512,416,70.21,83.171,73.314,0.2395
pure,8,6,0.75,4.0,0,0,512,2048,1664,137.282,183.588,173.217,0.776
pure,8,6,0.75,4.0,0,0,2048,8192,6656,377.416,418.439,410.151,0.798
pure,8,6,0.75,4.0,0,0,8192,32768,26624,1101.558,1324.347,1308.027,0.9267
mixed,8,6,0.75,4.0,16,0,128,512,416,95.203,111.491,110.082,0.9135
mixed,8,6,0.75,4.0,16,0,512,2048,1664,275.045,328.326,328.486,1.003
mixed,8,6,0.75,4.0,16,0,2048,8192,6656,976.018,1191.0,1190.904,0.9996
mixed,8,6,0.75,4.0,16,0,8192,32768,26624,3781.323,4641.18,4644.859,1.0043
mixed,8,6,0.75,4.0,16,512,128,512,416,110.657,112.739,112.609,0.9376
mixed,8,6,0.75,4.0,16,512,512,2048,1664,274.854,328.519,326.983,0.9714
mixed,8,6,0.75,4.0,16,512,2048,8192,6656,975.828,1192.472,1190.968,0.9931
mixed,8,6,0.75,4.0,16,512,8192,32768,26624,3778.923,4642.525,4639.135,0.9961
mixed,8,6,0.75,4.0,16,2048,128,512,416,326.055,329.0,328.039,0.6737
mixed,8,6,0.75,4.0,16,2048,512,2048,1664,329.062,329.862,328.967,-0.1188
mixed,8,6,0.75,4.0,16,2048,2048,8192,6656,975.381,1192.63,1190.68,0.991
mixed,8,6,0.75,4.0,16,2048,8192,32768,26624,3781.226,4640.028,4635.485,0.9947
mixed,8,6,0.75,4.0,16,8192,128,512,416,1190.392,1190.615,1191.641,5.6009
mixed,8,6,0.75,4.0,16,8192,512,2048,1664,1194.198,1190.616,1191.961,
mixed,8,6,0.75,4.0,16,8192,2048,8192,6656,1192.087,1193.27,1192.024,-0.0533
mixed,8,6,0.75,4.0,16,8192,8192,32768,26624,3780.428,4637.755,4635.293,0.9971
mixed,8,6,0.75,4.0,16,20480,128,512,416,2905.275,2909.691,2899.448,-1.3195
mixed,8,6,0.75,4.0,16,20480,512,2048,1664,2916.891,2913.564,2916.891,
mixed,8,6,0.75,4.0,16,20480,2048,8192,6656,2916.155,2915.067,2908.795,
mixed,8,6,0.75,4.0,16,20480,8192,32768,26624,3777.74,4640.475,4638.906,0.9982
mixed,8,6,0.75,4.0,64,0,128,512,416,95.618,112.512,111.65,0.949
mixed,8,6,0.75,4.0,64,0,512,2048,1664,276.42,329.895,329.383,0.9904
mixed,8,6,0.75,4.0,64,0,2048,8192,6656,977.938,1193.879,1192.6,0.9941
mixed,8,6,0.75,4.0,64,0,8192,32768,26624,3782.41,4640.477,4643.067,1.003
mixed,8,6,0.75,4.0,64,512,128,512,416,113.985,115.554,115.267,0.8171
mixed,8,6,0.75,4.0,64,512,512,2048,1664,275.493,330.151,329.319,0.9848
mixed,8,6,0.75,4.0,64,512,2048,8192,6656,978.419,1193.656,1193.08,0.9973
mixed,8,6,0.75,4.0,64,512,8192,32768,26624,3779.435,4644.955,4642.749,0.9975
mixed,8,6,0.75,4.0,64,2048,128,512,416,329.926,330.47,331.175,2.296
mixed,8,6,0.75,4.0,64,2048,512,2048,1664,331.494,331.91,331.559,0.1562
mixed,8,6,0.75,4.0,64,2048,2048,8192,6656,977.972,1194.809,1193.142,0.9923
mixed,8,6,0.75,4.0,64,2048,8192,32768,26624,3780.202,4643.61,4640.316,0.9962
mixed,8,6,0.75,4.0,64,8192,128,512,416,1193.464,1192.727,1189.369,
mixed,8,6,0.75,4.0,64,8192,512,2048,1664,1195.513,1190.713,1194.936,
mixed,8,6,0.75,4.0,64,8192,2048,8192,6656,1194.969,1196.089,1195.639,0.5982
mixed,8,6,0.75,4.0,64,8192,8192,32768,26624,3781.93,4643.388,4642.332,0.9988
mixed,8,6,0.75,4.0,64,20480,128,512,416,2915.772,2911.13,2915.384,
mixed,8,6,0.75,4.0,64,20480,512,2048,1664,2913.656,2917.688,2918.587,1.223
mixed,8,6,0.75,4.0,64,20480,2048,8192,6656,2914.972,2919.866,2913.977,-0.2033
mixed,8,6,0.75,4.0,64,20480,8192,32768,26624,3778.957,4642.781,4639.964,0.9967
mixed,8,6,0.75,4.0,256,0,128,512,416,99.969,117.123,115.651,0.9142
mixed,8,6,0.75,4.0,256,0,512,2048,1664,277.639,332.199,330.822,0.9748
mixed,8,6,0.75,4.0,256,0,2048,8192,6656,980.211,1194.712,1194.327,0.9982
mixed,8,6,0.75,4.0,256,0,8192,32768,26624,3784.011,4646.653,4640.572,0.993
mixed,8,6,0.75,4.0,256,512,128,512,416,135.202,135.265,135.426,3.5556
mixed,8,6,0.75,4.0,256,512,512,2048,1664,278.021,332.583,331.655,0.983
mixed,8,6,0.75,4.0,256,512,2048,8192,6656,979.218,1195.959,1193.496,0.9886
mixed,8,6,0.75,4.0,256,512,8192,32768,26624,3782.795,4644.893,4644.509,0.9996
mixed,8,6,0.75,4.0,256,2048,128,512,416,349.065,348.039,346.663,
mixed,8,6,0.75,4.0,256,2048,512,2048,1664,348.775,349.67,348.105,-0.7486
mixed,8,6,0.75,4.0,256,2048,2048,8192,6656,978.964,1195.96,1196.376,1.0019
mixed,8,6,0.75,4.0,256,2048,8192,32768,26624,3784.588,4645.178,4640.156,0.9942
mixed,8,6,0.75,4.0,256,8192,128,512,416,1205.305,1202.423,1195.736,
mixed,8,6,0.75,4.0,256,8192,512,2048,1664,1200.601,1204.085,1204.056,0.9917
mixed,8,6,0.75,4.0,256,8192,2048,8192,6656,1202.104,1205.655,1201.624,-0.1352
mixed,8,6,0.75,4.0,256,8192,8192,32768,26624,3782.411,4645.596,4642.141,0.996
mixed,8,6,0.75,4.0,256,20480,128,512,416,2919.225,2910.651,2917.308,
mixed,8,6,0.75,4.0,256,20480,512,2048,1664,2913.53,2913.721,2917.851,22.623
mixed,8,6,0.75,4.0,256,20480,2048,8192,6656,2916.472,2914.905,2910.425,
mixed,8,6,0.75,4.0,256,20480,8192,32768,26624,3786.412,4648.059,4643.708,0.995
mixed,8,6,0.75,4.0,1024,0,128,512,416,263.397,262.756,249.444,
mixed,8,6,0.75,4.0,1024,0,512,2048,1664,401.8,455.368,445.161,0.8095
mixed,8,6,0.75,4.0,1024,0,2048,8192,6656,1088.15,1297.851,1290.618,0.9655
mixed,8,6,0.75,4.0,1024,0,8192,32768,26624,3838.636,4707.261,4694.173,0.9849
mixed,8,6,0.75,4.0,1024,512,128,512,416,353.735,364.423,359.303,0.521
mixed,8,6,0.75,4.0,1024,512,512,2048,1664,482.091,534.185,513.836,0.6094
mixed,8,6,0.75,4.0,1024,512,2048,8192,6656,1167.8,1387.771,1382.653,0.9767
mixed,8,6,0.75,4.0,1024,512,8192,32768,26624,3979.887,4852.191,4848.096,0.9953
mixed,8,6,0.75,4.0,1024,2048,128,512,416,599.693,613.197,590.413,-0.6872
mixed,8,6,0.75,4.0,1024,2048,512,2048,1664,773.584,788.464,781.264,0.5161
mixed,8,6,0.75,4.0,1024,2048,2048,8192,6656,1383.741,1600.639,1584.991,0.9279
mixed,8,6,0.75,4.0,1024,2048,8192,32768,26624,4193.842,5059.81,5059.653,0.9998
mixed,8,6,0.75,4.0,1024,8192,128,512,416,1446.523,1461.855,1441.916,-0.3005
mixed,8,6,0.75,4.0,1024,8192,512,2048,1664,1621.122,1672.992,1639.072,0.3461
mixed,8,6,0.75,4.0,1024,8192,2048,8192,6656,2310.126,2492.947,2483.344,0.9475
mixed,8,6,0.75,4.0,1024,8192,8192,32768,26624,5041.764,5910.613,5890.645,0.977
mixed,8,6,0.75,4.0,1024,20480,128,512,416,3147.648,3166.369,3144.736,-0.1555
mixed,8,6,0.75,4.0,1024,20480,512,2048,1664,3317.536,3378.274,3347.713,0.4968
mixed,8,6,0.75,4.0,1024,20480,2048,8192,6656,4003.504,4215.41,4197.811,0.9169
mixed,8,6,0.75,4.0,1024,20480,8192,32768,26624,6750.374,7619.447,7598.454,0.9758
mixed,8,6,0.75,4.0,4096,0,128,512,416,1619.905,1621.73,1619.586,-0.1748
mixed,8,6,0.75,4.0,4096,0,512,2048,1664,1698.274,1723.842,1699.042,0.03
mixed,8,6,0.75,4.0,4096,0,2048,8192,6656,2403.535,2635.895,2567.379,0.7051
mixed,8,6,0.75,4.0,4096,0,8192,32768,26624,5280.008,6151.226,6103.319,0.945
mixed,8,6,0.75,4.0,4096,512,128,512,416,1917.991,1933.063,1919.11,0.0742
mixed,8,6,0.75,4.0,4096,512,512,2048,1664,1976.36,2013.801,1993.606,0.4606
mixed,8,6,0.75,4.0,4096,512,2048,8192,6656,2655.731,2921.978,2824.952,0.6356
mixed,8,6,0.75,4.0,4096,512,8192,32768,26624,5588.016,6454.24,6413.697,0.9532
mixed,8,6,0.75,4.0,4096,2048,128,512,416,2835.576,2841.657,2843.512,1.305
mixed,8,6,0.75,4.0,4096,2048,512,2048,1664,2886.681,2898.136,2879.034,-0.6676
mixed,8,6,0.75,4.0,4096,2048,2048,8192,6656,3391.107,3648.617,3545.606,0.6
mixed,8,6,0.75,4.0,4096,2048,8192,32768,26624,6597.988,7463.185,7314.286,0.8279
mixed,8,6,0.75,4.0,4096,8192,128,512,416,6329.598,6344.767,6339.357,0.6434
mixed,8,6,0.75,4.0,4096,8192,512,2048,1664,6503.396,6521.636,6479.582,-1.3056
mixed,8,6,0.75,4.0,4096,8192,2048,8192,6656,6662.178,6715.27,6689.7,0.5184
mixed,8,6,0.75,4.0,4096,8192,8192,32768,26624,9858.437,10815.09,10518.543,0.69
mixed,8,6,0.75,4.0,4096,20480,128,512,416,13033.286,13048.737,13039.458,0.3995
mixed,8,6,0.75,4.0,4096,20480,512,2048,1664,13204.102,13228.359,13179.748,-1.004
mixed,8,6,0.75,4.0,4096,20480,2048,8192,6656,13354.984,13373.865,13374.758,1.0473
mixed,8,6,0.75,4.0,4096,20480,8192,32768,26624,16148.897,17011.347,16818.025,0.7758
mixed,8,6,0.75,4.0,16384,0,128,512,416,18837.018,18854.706,18832.825,-0.2371
mixed,8,6,0.75,4.0,16384,0,512,2048,1664,18879.77,18915.673,18872.887,-0.1917
mixed,8,6,0.75,4.0,16384,0,2048,8192,6656,19150.264,19197.569,19131.809,-0.3901
mixed,8,6,0.75,4.0,16384,0,8192,32768,26624,22159.962,23280.24,22917.958,0.6766
mixed,8,6,0.75,4.0,16384,512,128,512,416,19893.934,19898.447,19919.375,5.6373
mixed,8,6,0.75,4.0,16384,512,512,2048,1664,19948.271,19968.617,19946.828,-0.0709
mixed,8,6,0.75,4.0,16384,512,2048,8192,6656,20253.334,20312.598,20231.95,-0.3608
mixed,8,6,0.75,4.0,16384,512,8192,32768,26624,23185.36,24269.475,23885.88,0.6462
mixed,8,6,0.75,4.0,16384,2048,128,512,416,23179.497,23220.045,23450.862,6.6924
mixed,8,6,0.75,4.0,16384,2048,512,2048,1664,23252.554,23301.998,23223.211,-0.5935
mixed,8,6,0.75,4.0,16384,2048,2048,8192,6656,23489.937,23577.722,23502.257,0.1403
mixed,8,6,0.75,4.0,16384,2048,8192,32768,26624,26256.487,27474.018,27024.598,0.6309
mixed,8,6,0.75,4.0,16384,8192,128,512,416,36088.036,36073.266,36079.053,
mixed,8,6,0.75,4.0,16384,8192,512,2048,1664,33341.844,33091.885,33048.179,
mixed,8,6,0.75,4.0,16384,8192,2048,8192,6656,33353.56,33390.48,33067.858,-7.7384
mixed,8,6,0.75,4.0,16384,8192,8192,32768,26624,35006.141,36148.937,34277.804,-0.6373
mixed,8,6,0.75,4.0,16384,20480,128,512,416,54909.934,55063.912,55093.147,1.1899
mixed,8,6,0.75,4.0,16384,20480,512,2048,1664,62971.369,55355.407,55329.618,
mixed,8,6,0.75,4.0,16384,20480,2048,8192,6656,55469.929,55564.656,55505.819,0.3789
mixed,8,6,0.75,4.0,16384,20480,8192,32768,26624,56188.9,56621.647,56413.992,0.5201
mixed,8,6,0.75,4.0,32768,0,128,512,416,63101.518,62840.866,63090.451,
mixed,8,6,0.75,4.0,32768,0,512,2048,1664,63110.646,63385.682,63207.186,0.351
mixed,8,6,0.75,4.0,32768,0,2048,8192,6656,63422.382,63575.101,63566.777,0.9455
mixed,8,6,0.75,4.0,32768,0,8192,32768,26624,64619.563,65648.194,65344.707,0.705
mixed,8,6,0.75,4.0,32768,512,128,512,416,64951.352,65072.053,65113.846,1.3463
mixed,8,6,0.75,4.0,32768,512,512,2048,1664,65418.727,64880.849,65352.62,
mixed,8,6,0.75,4.0,32768,512,2048,8192,6656,65563.747,65287.319,65156.383,
mixed,8,6,0.75,4.0,32768,512,8192,32768,26624,66182.429,67209.577,67107.21,0.9003
mixed,8,6,0.75,4.0,32768,2048,128,512,416,70531.863,70283.815,71177.76,
mixed,8,6,0.75,4.0,32768,2048,512,2048,1664,70915.832,70881.374,71033.886,
mixed,8,6,0.75,4.0,32768,2048,2048,8192,6656,71018.812,71158.491,70898.944,-0.8582
mixed,8,6,0.75,4.0,32768,2048,8192,32768,26624,72185.706,73401.779,72861.827,0.556
pure,8,7,0.875,4.0,0,0,128,512,464,72.163,83.074,82.625,0.9588
pure,8,7,0.875,4.0,0,0,512,2048,1856,144.389,184.229,180.291,0.9012
pure,8,7,0.875,4.0,0,0,2048,8192,7424,383.977,420.488,414.281,0.83
pure,8,7,0.875,4.0,0,0,8192,32768,29696,1215.228,1321.911,1311.004,0.8978
mixed,8,7,0.875,4.0,16,0,128,512,464,96.449,110.914,111.01,1.0066
mixed,8,7,0.875,4.0,16,0,512,2048,1856,294.822,328.327,328.807,1.0143
mixed,8,7,0.875,4.0,16,0,2048,8192,7424,1084.631,1192.76,1192.536,0.9979
mixed,8,7,0.875,4.0,16,0,8192,32768,29696,4211.094,4641.213,4637.151,0.9906
mixed,8,7,0.875,4.0,16,512,128,512,464,110.595,112.866,112.48,0.83
mixed,8,7,0.875,4.0,16,512,512,2048,1856,295.366,329.19,328.518,0.9801
mixed,8,7,0.875,4.0,16,512,2048,8192,7424,1084.918,1192.472,1192.344,0.9988
mixed,8,7,0.875,4.0,16,512,8192,32768,29696,4210.069,4644.189,4646.588,1.0055
mixed,8,7,0.875,4.0,16,2048,128,512,464,325.798,327.88,327.783,0.9534
mixed,8,7,0.875,4.0,16,2048,512,2048,1856,326.854,329.64,329.478,0.9419
mixed,8,7,0.875,4.0,16,2048,2048,8192,7424,1085.11,1192.76,1191.128,0.9848
mixed,8,7,0.875,4.0,16,2048,8192,32768,29696,4208.692,4641.533,4639.133,0.9945
mixed,8,7,0.875,4.0,16,8192,128,512,464,1187.866,1191.256,1192.601,1.3968
mixed,8,7,0.875,4.0,16,8192,512,2048,1856,1189.464,1193.24,1191.896,0.6441
mixed,8,7,0.875,4.0,16,8192,2048,8192,7424,1193.912,1193.687,1193.048,
mixed,8,7,0.875,4.0,16,8192,8192,32768,29696,4210.964,4644.029,4641.182,0.9934
mixed,8,7,0.875,4.0,16,20480,128,512,464,2913.788,2915.772,2913.946,0.0796
mixed,8,7,0.875,4.0,16,20480,512,2048,1856,2899.482,2906.172,2909.881,1.5544
mixed,8,7,0.875,4.0,16,20480,2048,8192,7424,2912.986,2913.275,2916.186,11.0727
mixed,8,7,0.875,4.0,16,20480,8192,32768,29696,4209.622,4647.583,4637.853,0.9778
mixed,8,7,0.875,4.0,64,0,128,512,464,97.794,112.45,111.875,0.9608
mixed,8,7,0.875,4.0,64,0,512,2048,1856,295.206,330.312,330.184,0.9964
mixed,8,7,0.875,4.0,64,0,2048,8192,7424,1083.861,1193.945,1193.688,0.9977
mixed,8,7,0.875,4.0,64,0,8192,32768,29696,4213.301,4640.382,4639.55,0.9981
mixed,8,7,0.875,4.0,64,512,128,512,464,113.89,115.554,115.299,0.8468
mixed,8,7,0.875,4.0,64,512,512,2048,1856,296.679,329.831,330.054,1.0067
mixed,8,7,0.875,4.0,64,512,2048,8192,7424,1085.718,1194.04,1193.688,0.9968
mixed,8,7,0.875,4.0,64,512,8192,32768,29696,4210.933,4643.484,4639.549,0.9909
mixed,8,7,0.875,4.0,64,2048,128,512,464,329.927,330.023,330.92,10.3437
mixed,8,7,0.875,4.0,64,2048,512,2048,1856,330.375,331.847,331.528,0.7833
mixed,8,7,0.875,4.0,64,2048,2048,8192,7424,1085.782,1192.951,1194.905,1.0182
mixed,8,7,0.875,4.0,64,2048,8192,32768,29696,4210.965,4641.564,4644.094,1.0059
mixed,8,7,0.875,4.0,64,8192,128,512,464,1190.584,1194.072,1192.473,0.5416
mixed,8,7,0.875,4.0,64,8192,512,2048,1856,1192.888,1195.672,1195.674,1.0007
mixed,8,7,0.875,4.0,64,8192,2048,8192,7424,1195.8,1195.704,1194.968,
mixed,8,7,0.875,4.0,64,8192,8192,32768,29696,4211.221,4643.453,4641.694,0.9959
mixed,8,7,0.875,4.0,64,20480,128,512,464,2918.398,2919.098,2919.101,1.0043
mixed,8,7,0.875,4.0,64,20480,512,2048,1856,2909.754,2916.474,2917.915,1.2144
mixed,8,7,0.875,4.0,64,20480,2048,8192,7424,2913.242,2918.297,2916.445,0.6336
mixed,8,7,0.875,4.0,64,20480,8192,32768,29696,4212.948,4643.711,4640.477,0.9925
mixed,8,7,0.875,4.0,256,0,128,512,464,101.124,116.739,116.067,0.957
mixed,8,7,0.875,4.0,256,0,512,2048,1856,298.311,332.422,332.102,0.9906
mixed,8,7,0.875,4.0,256,0,2048,8192,7424,1086.005,1196.377,1195.448,0.9916
mixed,8,7,0.875,4.0,256,0,8192,32768,29696,4213.301,4645.148,4643.261,0.9956
mixed,8,7,0.875,4.0,256,512,128,512,464,135.298,135.907,136.387,1.7882
mixed,8,7,0.875,4.0,256,512,512,2048,1856,299.272,332.198,332.647,1.0136
mixed,8,7,0.875,4.0,256,512,2048,8192,7424,1089.621,1196.376,1197.015,1.006
mixed,8,7,0.875,4.0,256,512,8192,32768,29696,4217.141,4646.299,4642.652,0.9915
mixed,8,7,0.875,4.0,256,2048,128,512,464,347.43,349.254,350.087,1.4567
mixed,8,7,0.875,4.0,256,2048,512,2048,1856,349.544,349.352,348.423,
mixed,8,7,0.875,4.0,256,2048,2048,8192,7424,1086.901,1197.144,1195.96,0.9893
mixed,8,7,0.875,4.0,256,2048,8192,32768,29696,4212.598,4645.947,4639.742,0.9857
mixed,8,7,0.875,4.0,256,8192,128,512,464,1198.744,1201.049,1198.265,-0.2078
mixed,8,7,0.875,4.0,256,8192,512,2048,1856,1199.224,1198.905,1199.448,
mixed,8,7,0.875,4.0,256,8192,2048,8192,7424,1204.248,1206.392,1204.44,0.0896
mixed,8,7,0.875,4.0,256,8192,8192,32768,29696,4212.468,4645.629,4645.213,0.999
mixed,8,7,0.875,4.0,256,20480,128,512,464,2914.426,2912.123,2916.346,
mixed,8,7,0.875,4.0,256,20480,512,2048,1856,2916.059,2921.626,2909.563,-1.1669
mixed,8,7,0.875,4.0,256,20480,2048,8192,7424,2915.74,2912.092,2917.915,
mixed,8,7,0.875,4.0,256,20480,8192,32768,29696,4214.485,4648.222,4650.619,1.0055
mixed,8,7,0.875,4.0,1024,0,128,512,464,262.916,263.333,258.244,-11.2038
mixed,8,7,0.875,4.0,1024,0,512,2048,1856,420.393,455.306,448.265,0.7983
mixed,8,7,0.875,4.0,1024,0,2048,8192,7424,1193.943,1301.306,1295.929,0.9499
mixed,8,7,0.875,4.0,1024,0,8192,32768,29696,4259.989,4692.349,4696.129,1.0087
mixed,8,7,0.875,4.0,1024,512,128,512,464,353.638,364.742,361.799,0.735
mixed,8,7,0.875,4.0,1024,512,512,2048,1856,500.012,534.699,524.937,0.7186
mixed,8,7,0.875,4.0,1024,512,2048,8192,7424,1277.464,1385.852,1386.812,1.0089
mixed,8,7,0.875,4.0,1024,512,8192,32768,29696,4419.704,4847.776,4846.723,0.9975
mixed,8,7,0.875,4.0,1024,2048,128,512,464,598.764,614.286,611.789,0.8391
mixed,8,7,0.875,4.0,1024,2048,512,2048,1856,775.985,789.328,787.951,0.8968
mixed,8,7,0.875,4.0,1024,2048,2048,8192,7424,1490.303,1596.928,1594.4,0.9763
mixed,8,7,0.875,4.0,1024,2048,8192,32768,29696,4631.198,5065.126,5059.429,0.9869
mixed,8,7,0.875,4.0,1024,8192,128,512,464,1446.973,1461.632,1458.27,0.7707
mixed,8,7,0.875,4.0,1024,8192,512,2048,1856,1637.826,1672.609,1673.73,1.0322
mixed,8,7,0.875,4.0,1024,8192,2048,8192,7424,2413.584,2498.578,2492.339,0.9266
mixed,8,7,0.875,4.0,1024,8192,8192,32768,29696,5478.445,5907.542,5907.796,1.0006
mixed,8,7,0.875,4.0,1024,20480,128,512,464,3143.935,3159.072,3163.263,1.2769
mixed,8,7,0.875,4.0,1024,20480,512,2048,1856,3339.011,3373.22,3372.579,0.9813
mixed,8,7,0.875,4.0,1024,20480,2048,8192,7424,4121.617,4213.143,4218.612,1.0598
mixed,8,7,0.875,4.0,1024,20480,8192,32768,29696,7188.688,7618.17,7620.538,1.0055
mixed,8,7,0.875,4.0,4096,0,128,512,464,1616.609,1621.153,1622.337,1.2606
mixed,8,7,0.875,4.0,4096,0,512,2048,1856,1702.209,1723.619,1705.634,0.16
mixed,8,7,0.875,4.0,4096,0,2048,8192,7424,2516.371,2628.466,2604.564,0.7868
mixed,8,7,0.875,4.0,4096,0,8192,32768,29696,5711.121,6147.707,6126.459,0.9513
mixed,8,7,0.875,4.0,4096,512,128,512,464,1918.086,1930.182,1931.462,1.1058
mixed,8,7,0.875,4.0,4096,512,512,2048,1856,1987.849,2013.417,2001.864,0.5481
mixed,8,7,0.875,4.0,4096,512,2048,8192,7424,2796.761,2920.316,2874.363,0.6281
mixed,8,7,0.875,4.0,4096,512,8192,32768,29696,6019.705,6455.297,6438.465,0.9614
mixed,8,7,0.875,4.0,4096,2048,128,512,464,2836.986,2836.6,2840.091,
mixed,8,7,0.875,4.0,4096,2048,512,2048,1856,2891.64,2892.412,2893.466,2.3653
mixed,8,7,0.875,4.0,4096,2048,2048,8192,7424,3519.397,3648.044,3601.162,0.6356
mixed,8,7,0.875,4.0,4096,2048,8192,32768,29696,7031.083,7467.319,7398.165,0.8415
mixed,8,7,0.875,4.0,4096,8192,128,512,464,6330.301,6349.535,6336.191,0.3062
mixed,8,7,0.875,4.0,4096,8192,512,2048,1856,6503.684,6517.986,6506.595,0.2035
mixed,8,7,0.875,4.0,4096,8192,2048,8192,7424,6682.824,6721.16,6699.784,0.4424
mixed,8,7,0.875,4.0,4096,8192,8192,32768,29696,10289.615,10815.864,10704.118,0.7877
mixed,8,7,0.875,4.0,4096,20480,128,512,464,13046.212,13042.38,13045.324,
mixed,8,7,0.875,4.0,4096,20480,512,2048,1856,13198.728,13231.885,13194.405,-0.1304
mixed,8,7,0.875,4.0,4096,20480,2048,8192,7424,13368.717,13378.32,13386.99,1.9028
mixed,8,7,0.875,4.0,4096,20480,8192,32768,29696,16577.23,17016.278,16901.556,0.7387
mixed,8,7,0.875,4.0,16384,0,128,512,464,18832.379,18817.815,18834.524,
mixed,8,7,0.875,4.0,16384,0,512,2048,1856,18911.677,18893.764,18892.125,
mixed,8,7,0.875,4.0,16384,0,2048,8192,7424,19179.837,19214.245,19166.535,-0.3866
mixed,8,7,0.875,4.0,16384,0,8192,32768,29696,22691.141,23250.29,23104.275,0.7389
mixed,8,7,0.875,4.0,16384,512,128,512,464,19901.517,19905.459,19901.331,-0.0472
mixed,8,7,0.875,4.0,16384,512,512,2048,1856,19965.969,19980.88,19982.544,1.1116
mixed,8,7,0.875,4.0,16384,512,2048,8192,7424,20275.444,20287.669,20272.568,-0.2353
mixed,8,7,0.875,4.0,16384,512,8192,32768,29696,23726.814,24266.987,24085.059,0.6632
mixed,8,7,0.875,4.0,16384,2048,128,512,464,23218.587,23207.636,23206.74,
mixed,8,7,0.875,4.0,16384,2048,512,2048,1856,23276.017,23305.812,23269.335,-0.2243
mixed,8,7,0.875,4.0,16384,2048,2048,8192,7424,23543.289,23568.988,23547.252,0.1542
mixed,8,7,0.875,4.0,16384,2048,8192,32768,29696,26910.211,27475.023,27256.456,0.613
mixed,8,7,0.875,4.0,16384,8192,128,512,464,36124.475,33223.773,32973.111,
mixed,8,7,0.875,4.0,16384,8192,512,2048,1856,33112.984,33056.984,33074.873,
mixed,8,7,0.875,4.0,16384,8192,2048,8192,7424,36496.321,33360.482,33118.719,
mixed,8,7,0.875,4.0,16384,8192,8192,32768,29696,35596.837,36154.458,39021.206,6.141
mixed,8,7,0.875,4.0,16384,20480,128,512,464,62791.373,54685.741,54814.801,
mixed,8,7,0.875,4.0,16384,20480,512,2048,1856,55110.484,54981.948,54997.206,
mixed,8,7,0.875,4.0,16384,20480,2048,8192,7424,55537.291,55616.043,55488.749,-0.6164
mixed,8,7,0.875,4.0,16384,20480,8192,32768,29696,56386.241,56695.394,56952.958,1.8331
mixed,8,7,0.875,4.0,32768,0,128,512,464,62942.812,62955.874,63102.725,12.2426
mixed,8,7,0.875,4.0,32768,0,512,2048,1856,63074.655,63240.504,63238.75,0.9894
mixed,8,7,0.875,4.0,32768,0,2048,8192,7424,63135.202,63658.922,63161.79,0.0508
mixed,8,7,0.875,4.0,32768,0,8192,32768,29696,65297.454,65715.513,65503.952,0.4939
mixed,8,7,0.875,4.0,32768,512,128,512,464,65129.19,65080.562,65378.771,
mixed,8,7,0.875,4.0,32768,512,512,2048,1856,64785.704,65276.655,65319.177,1.0866
mixed,8,7,0.875,4.0,32768,512,2048,8192,7424,65469.62,65816.637,65059.527,-1.1818
mixed,8,7,0.875,4.0,32768,512,8192,32768,29696,67080.302,67501.827,67379.895,0.7107
mixed,8,7,0.875,4.0,32768,2048,128,512,464,71052.585,70893.224,70312.57,
mixed,8,7,0.875,4.0,32768,2048,512,2048,1856,70395.256,70900.987,71160.681,1.5135
mixed,8,7,0.875,4.0,32768,2048,2048,8192,7424,70890.629,71265.207,71424.857,1.4262
mixed,8,7,0.875,4.0,32768,2048,8192,32768,29696,72622.475,73205.312,73166.112,0.9327
pure,32,1,0.0312,4.0,0,0,128,512,140,92.292,161.923,97.889,0.0804
pure,32,1,0.0312,4.0,0,0,512,2048,560,182.723,410.666,225.092,0.1859
pure,32,1,0.0312,4.0,0,0,2048,8192,2240,416.2,1327.676,669.038,0.2774
pure,32,1,0.0312,4.0,0,0,8192,32768,8960,1438.78,4995.08,2460.849,0.2874
mixed,32,1,0.0312,4.0,16,0,128,512,140,102.883,212.484,152.579,0.4534
mixed,32,1,0.0312,4.0,16,0,512,2048,560,215.62,648.206,420.903,0.4745
mixed,32,1,0.0312,4.0,16,0,2048,8192,2240,687.406,2380.752,1495.712,0.4773
mixed,32,1,0.0312,4.0,16,0,8192,32768,8960,2599.285,9315.711,5830.263,0.4811
mixed,32,1,0.0312,4.0,16,512,128,512,140,157.284,212.931,156.547,-0.0132
mixed,32,1,0.0312,4.0,16,512,512,2048,560,215.781,649.389,422.217,0.4761
mixed,32,1,0.0312,4.0,16,512,2048,8192,2240,688.719,2386.163,1495.744,0.4754
mixed,32,1,0.0312,4.0,16,512,8192,32768,8960,2605.653,9345.566,5819.512,0.4768
mixed,32,1,0.0312,4.0,16,2048,128,512,140,368.135,423.239,367.56,-0.0104
mixed,32,1,0.0312,4.0,16,2048,512,2048,560,428.681,649.07,424.169,-0.0205
mixed,32,1,0.0312,4.0,16,2048,2048,8192,2240,686.895,2388.721,1494.943,0.4748
mixed,32,1,0.0312,4.0,16,2048,8192,32768,8960,2596.213,9318.845,5822.903,0.48
mixed,32,1,0.0312,4.0,16,8192,128,512,140,1212.664,1262.458,1209.752,-0.0585
mixed,32,1,0.0312,4.0,16,8192,512,2048,560,1268.634,1498.366,1265.912,-0.0118
mixed,32,1,0.0312,4.0,16,8192,2048,8192,2240,1521.088,2394.993,1505.503,-0.0178
mixed,32,1,0.0312,4.0,16,8192,8192,32768,8960,2602.357,9388.64,5824.374,0.4748
mixed,32,1,0.0312,4.0,16,20480,128,512,140,2906.779,2950.685,2909.595,0.0641
mixed,32,1,0.0312,4.0,16,20480,512,2048,560,2955.581,3184.769,2951.804,-0.0165
mixed,32,1,0.0312,4.0,16,20480,2048,8192,2240,3207.393,4100.659,3194.752,-0.0142
mixed,32,1,0.0312,4.0,16,20480,8192,32768,8960,4215.541,9319.486,5814.709,0.3133
mixed,32,1,0.0312,4.0,64,0,128,512,140,104.129,213.54,153.699,0.4531
mixed,32,1,0.0312,4.0,64,0,512,2048,560,217.093,650.19,424.04,0.4778
mixed,32,1,0.0312,4.0,64,0,2048,8192,2240,689.518,2386.801,1495.614,0.4749
mixed,32,1,0.0312,4.0,64,0,8192,32768,8960,2598.131,9349.053,5830.709,0.4788
mixed,32,1,0.0312,4.0,64,512,128,512,140,160.258,214.021,159.427,-0.0155
mixed,32,1,0.0312,4.0,64,512,512,2048,560,219.205,651.022,422.889,0.4717
mixed,32,1,0.0312,4.0,64,512,2048,8192,2240,690.862,2385.36,1494.495,0.4743
mixed,32,1,0.0312,4.0,64,512,8192,32768,8960,2600.117,9387.807,5824.213,0.475
mixed,32,1,0.0312,4.0,64,2048,128,512,140,371.24,428.104,370.151,-0.0192
mixed,32,1,0.0312,4.0,64,2048,512,2048,560,429.896,652.751,426.153,-0.0168
mixed,32,1,0.0312,4.0,64,2048,2048,8192,2240,690.286,2382.512,1493.535,0.4747
mixed,32,1,0.0312,4.0,64,2048,8192,32768,8960,2602.422,9317.117,5828.569,0.4805
mixed,32,1,0.0312,4.0,64,8192,128,512,140,1215.0,1267.993,1211.033,-0.0749
mixed,32,1,0.0312,4.0,64,8192,512,2048,560,1276.731,1500.67,1266.554,-0.0454
mixed,32,1,0.0312,4.0,64,8192,2048,8192,2240,1520.126,2383.376,1509.79,-0.012
mixed,32,1,0.0312,4.0,64,8192,8192,32768,8960,2624.278,9375.07,5833.973,0.4755
mixed,32,1,0.0312,4.0,64,20480,128,512,140,2914.651,2959.356,2917.114,0.0551
mixed,32,1,0.0312,4.0,64,20480,512,2048,560,2966.268,3186.688,2954.556,-0.0531
mixed,32,1,0.0312,4.0,64,20480,2048,8192,2240,3214.85,4108.437,3192.641,-0.0249
mixed,32,1,0.0312,4.0,64,20480,8192,32768,8960,4213.751,9354.398,5817.237,0.3119
mixed,32,1,0.0312,4.0,256,0,128,512,140,150.372,255.749,168.195,0.1691
mixed,32,1,0.0312,4.0,256,0,512,2048,560,256.773,681.261,432.328,0.4136
mixed,32,1,0.0312,4.0,256,0,2048,8192,2240,717.742,2399.089,1503.773,0.4675
mixed,32,1,0.0312,4.0,256,0,8192,32768,8960,2617.431,9354.492,5832.373,0.4772
mixed,32,1,0.0312,4.0,256,512,128,512,140,191.716,314.63,191.235,-0.0039
mixed,32,1,0.0312,4.0,256,512,512,2048,560,319.368,766.16,435.625,0.2602
mixed,32,1,0.0312,4.0,256,512,2048,8192,2240,803.312,2502.771,1500.702,0.4104
mixed,32,1,0.0312,4.0,256,512,8192,32768,8960,2716.694,9461.214,5832.343,0.462
mixed,32,1,0.0312,4.0,256,2048,128,512,140,402.247,456.681,402.568,0.0059
mixed,32,1,0.0312,4.0,256,2048,512,2048,560,458.185,964.242,457.546,-0.0013
mixed,32,1,0.0312,4.0,256,2048,2048,8192,2240,1018.676,2717.974,1503.998,0.2856
mixed,32,1,0.0312,4.0,256,2048,8192,32768,8960,2938.459,9668.867,5811.894,0.4269
mixed,32,1,0.0312,4.0,256,8192,128,512,140,1252.601,1304.763,1248.697,-0.0748
mixed,32,1,0.0312,4.0,256,8192,512,2048,560,1307.867,1519.327,1300.09,-0.0368
mixed,32,1,0.0312,4.0,256,8192,2048,8192,2240,1539.523,3562.791,1517.473,-0.0109
mixed,32,1,0.0312,4.0,256,8192,8192,32768,8960,3793.644,10536.596,5818.87,0.3003
mixed,32,1,0.0312,4.0,256,20480,128,512,140,2942.939,3002.943,2947.675,0.0789
mixed,32,1,0.0312,4.0,256,20480,512,2048,560,3006.429,3217.122,2991.804,-0.0694
mixed,32,1,0.0312,4.0,256,20480,2048,8192,2240,3232.544,4106.515,3211.586,-0.024
mixed,32,1,0.0312,4.0,256,20480,8192,32768,8960,4225.206,12266.041,5834.261,0.2001
mixed,32,1,0.0312,4.0,1024,0,128,512,140,321.895,396.649,322.759,0.0116
mixed,32,1,0.0312,4.0,1024,0,512,2048,560,399.303,911.25,548.874,0.2922
mixed,32,1,0.0312,4.0,1024,0,2048,8192,2240,947.602,2679.512,1627.937,0.3928
mixed,32,1,0.0312,4.0,1024,0,8192,32768,8960,2896.058,9768.708,5997.529,0.4513
mixed,32,1,0.0312,4.0,1024,512,128,512,140,429.449,494.507,429.545,0.0015
mixed,32,1,0.0312,4.0,1024,512,512,2048,560,495.434,1012.404,585.997,0.1752
mixed,32,1,0.0312,4.0,1024,512,2048,8192,2240,1067.862,2826.264,1707.938,0.364
mixed,32,1,0.0312,4.0,1024,512,8192,32768,8960,3048.704,10058.061,6041.819,0.427
mixed,32,1,0.0312,4.0,1024,2048,128,512,140,698.222,827.28,700.814,0.0201
mixed,32,1,0.0312,4.0,1024,2048,512,2048,560,823.696,1133.079,834.961,0.0364
mixed,32,1,0.0312,4.0,1024,2048,2048,8192,2240,1166.137,3235.938,1872.007,0.341
mixed,32,1,0.0312,4.0,1024,2048,8192,32768,8960,3470.375,10459.893,6251.966,0.398
mixed,32,1,0.0312,4.0,1024,8192,128,512,140,1545.504,1754.914,1547.552,0.0098
mixed,32,1,0.0312,4.0,1024,8192,512,2048,560,1764.997,2482.451,1772.323,0.0102
mixed,32,1,0.0312,4.0,1024,8192,2048,8192,2240,2481.584,3711.179,2497.779,0.0132
mixed,32,1,0.0312,4.0,1024,8192,8192,32768,8960,3978.192,12086.324,7077.454,0.3822
mixed,32,1,0.0312,4.0,1024,20480,128,512,140,3238.467,3459.014,3255.425,0.0769
mixed,32,1,0.0312,4.0,1024,20480,512,2048,560,3463.974,4326.265,3470.661,0.0078
mixed,32,1,0.0312,4.0,1024,20480,2048,8192,2240,4408.921,5927.609,4348.535,-0.0398
mixed,32,1,0.0312,4.0,1024,20480,8192,32768,8960,5924.631,14187.614,7656.058,0.2095
mixed,32,1,0.0312,4.0,4096,0,128,512,140,1766.98,1835.205,1769.283,0.0338
mixed,32,1,0.0312,4.0,4096,0,512,2048,560,1834.916,2157.58,1844.581,0.03
mixed,32,1,0.0312,4.0,4096,0,2048,8192,2240,2202.38,4308.791,2786.457,0.2773
mixed,32,1,0.0312,4.0,4096,0,8192,32768,8960,4562.652,11593.576,7282.004,0.3868
mixed,32,1,0.0312,4.0,4096,512,128,512,140,2073.417,2142.443,2074.316,0.013
mixed,32,1,0.0312,4.0,4096,512,512,2048,560,2140.876,2445.65,2149.901,0.0296
mixed,32,1,0.0312,4.0,4096,512,2048,8192,2240,2475.122,4577.949,3017.662,0.258
mixed,32,1,0.0312,4.0,4096,512,8192,32768,8960,4843.842,11909.775,7573.403,0.3863
mixed,32,1,0.0312,4.0,4096,2048,128,512,140,3006.683,3072.991,3010.878,0.0633
mixed,32,1,0.0312,4.0,4096,2048,512,2048,560,3075.132,3334.02,3078.463,0.0129
mixed,32,1,0.0312,4.0,4096,2048,2048,8192,2240,3355.621,5335.756,3704.14,0.176
mixed,32,1,0.0312,4.0,4096,2048,8192,32768,8960,5605.042,12896.741,8541.676,0.4027
mixed,32,1,0.0312,4.0,4096,8192,128,512,140,6631.494,6644.297,6631.816,0.0252
mixed,32,1,0.0312,4.0,4096,8192,512,2048,560,6630.151,6674.728,6648.805,0.4185
mixed,32,1,0.0312,4.0,4096,8192,2048,8192,2240,6685.191,8345.48,6699.975,0.0089
mixed,32,1,0.0312,4.0,4096,8192,8192,32768,8960,8581.646,16991.607,11345.543,0.3286
mixed,32,1,0.0312,4.0,4096,20480,128,512,140,13392.078,13377.74,13377.489,
mixed,32,1,0.0312,4.0,4096,20480,512,2048,560,13366.991,13367.854,13374.578,8.7914
mixed,32,1,0.0312,4.0,4096,20480,2048,8192,2240,13384.335,14810.443,13367.378,-0.0119
mixed,32,1,0.0312,4.0,4096,20480,8192,32768,8960,15056.27,22413.03,16161.732,0.1503
mixed,32,1,0.0312,4.0,16384,0,128,512,140,19232.166,19312.394,19232.007,-0.002
mixed,32,1,0.0312,4.0,16384,0,512,2048,560,19299.529,19629.74,19307.396,0.0238
mixed,32,1,0.0312,4.0,16384,0,2048,8192,2240,19673.299,21137.804,19674.99,0.0012
mixed,32,1,0.0312,4.0,16384,0,8192,32768,8960,21403.22,29545.334,23439.483,0.2501
mixed,32,1,0.0312,4.0,16384,512,128,512,140,20304.063,20403.803,20306.554,0.025
mixed,32,1,0.0312,4.0,16384,512,512,2048,560,20390.048,20677.666,20414.687,0.0857
mixed,32,1,0.0312,4.0,16384,512,2048,8192,2240,20716.26,22192.417,20727.713,0.0078
mixed,32,1,0.0312,4.0,16384,512,8192,32768,8960,22458.532,30547.69,24469.874,0.2486
mixed,32,1,0.0312,4.0,16384,2048,128,512,140,23563.81,23602.782,23531.138,-0.8383
mixed,32,1,0.0312,4.0,16384,2048,512,2048,560,23617.379,23944.071,23629.951,0.0385
mixed,32,1,0.0312,4.0,16384,2048,2048,8192,2240,23957.452,25354.662,23986.309,0.0207
mixed,32,1,0.0312,4.0,16384,2048,8192,32768,8960,25616.171,33800.655,27498.063,0.2299
mixed,32,1,0.0312,4.0,16384,8192,128,512,140,36808.211,36904.651,35551.659,-13.0294
mixed,32,1,0.0312,4.0,16384,8192,512,2048,560,35704.094,33621.005,33189.384,
mixed,32,1,0.0312,4.0,16384,8192,2048,8192,2240,33299.685,35270.452,37126.132,1.9416
mixed,32,1,0.0312,4.0,16384,8192,8192,32768,8960,34987.758,42101.402,39931.302,0.6949
mixed,32,1,0.0312,4.0,16384,20480,128,512,140,63616.048,63732.21,55556.712,-69.3801
mixed,32,1,0.0312,4.0,16384,20480,512,2048,560,55772.172,55734.125,55559.982,
mixed,32,1,0.0312,4.0,16384,20480,2048,8192,2240,55532.426,56327.393,55787.218,0.3205
mixed,32,1,0.0312,4.0,16384,20480,8192,32768,8960,56867.434,62748.958,56610.687,-0.0437
mixed,32,1,0.0312,4.0,32768,0,128,512,140,63340.877,63455.209,63469.971,1.1291
mixed,32,1,0.0312,4.0,32768,0,512,2048,560,63516.559,63726.389,63578.777,0.2965
mixed,32,1,0.0312,4.0,32768,0,2048,8192,2240,63884.285,64877.362,64018.114,0.1348
mixed,32,1,0.0312,4.0,32768,0,8192,32768,8960,64932.404,71466.103,65246.393,0.0481
mixed,32,1,0.0312,4.0,32768,512,128,512,140,65234.362,65469.757,65295.933,0.2616
mixed,32,1,0.0312,4.0,32768,512,512,2048,560,65464.867,65662.563,65393.888,-0.359
mixed,32,1,0.0312,4.0,32768,512,2048,8192,2240,65660.459,66809.598,65661.8,0.0012
mixed,32,1,0.0312,4.0,32768,512,8192,32768,8960,67238.061,73317.86,67113.345,-0.0205
mixed,32,1,0.0312,4.0,32768,2048,128,512,140,70810.673,71178.93,71288.415,1.2973
mixed,32,1,0.0312,4.0,32768,2048,512,2048,560,71413.431,71271.094,71111.671,
mixed,32,1,0.0312,4.0,32768,2048,2048,8192,2240,71751.241,72481.565,71269.801,-0.6592
mixed,32,1,0.0312,4.0,32768,2048,8192,32768,8960,72618.615,78800.961,72741.508,0.0199
pure,32,2,0.0625,4.0,0,0,128,512,152,93.059,162.052,110.657,0.2551
pure,32,2,0.0625,4.0,0,0,512,2048,608,190.371,410.12,225.989,0.1621
pure,32,2,0.0625,4.0,0,0,2048,8192,2432,450.121,1325.691,672.721,0.2542
pure,32,2,0.0625,4.0,0,0,8192,32768,9728,1549.12,4985.544,2466.834,0.2671
mixed,32,2,0.0625,4.0,16,0,128,512,152,103.874,212.996,153.571,0.4554
mixed,32,2,0.0625,4.0,16,0,512,2048,608,219.173,648.108,423.401,0.4761
mixed,32,2,0.0625,4.0,16,0,2048,8192,2432,756.015,2385.939,1500.671,0.4569
mixed,32,2,0.0625,4.0,16,0,8192,32768,9728,2813.497,9316.543,5836.056,0.4648
mixed,32,2,0.0625,4.0,16,512,128,512,152,157.699,212.549,156.547,-0.021
mixed,32,2,0.0625,4.0,16,512,512,2048,608,218.979,646.765,424.361,0.4801
mixed,32,2,0.0625,4.0,16,512,2048,8192,2432,758.479,2390.546,1497.277,0.4527
mixed,32,2,0.0625,4.0,16,512,8192,32768,9728,2813.529,9330.815,5839.802,0.4643
mixed,32,2,0.0625,4.0,16,2048,128,512,152,368.935,422.825,367.72,-0.0225
mixed,32,2,0.0625,4.0,16,2048,512,2048,608,427.753,650.221,424.521,-0.0145
mixed,32,2,0.0625,4.0,16,2048,2048,8192,2432,757.552,2379.762,1502.655,0.4593
mixed,32,2,0.0625,4.0,16,2048,8192,32768,9728,2823.034,9351.167,5834.136,0.4613
mixed,32,2,0.0625,4.0,16,8192,128,512,152,1210.778,1265.561,1209.88,-0.0164
mixed,32,2,0.0625,4.0,16,8192,512,2048,608,1270.68,1497.726,1266.971,-0.0163
mixed,32,2,0.0625,4.0,16,8192,2048,8192,2432,1552.417,2388.019,1512.767,-0.0475
mixed,32,2,0.0625,4.0,16,8192,8192,32768,9728,2816.921,9356.32,5827.096,0.4603
mixed,32,2,0.0625,4.0,16,20480,128,512,152,2918.683,2956.988,2912.508,-0.1612
mixed,32,2,0.0625,4.0,16,20480,512,2048,608,2959.388,3182.753,2953.981,-0.0242
mixed,32,2,0.0625,4.0,16,20480,2048,8192,2432,3247.555,4109.683,3197.6,-0.0579
mixed,32,2,0.0625,4.0,16,20480,8192,32768,9728,4326.521,9377.76,5825.846,0.2968
mixed,32,2,0.0625,4.0,64,0,128,512,152,104.386,213.125,153.667,0.4532
mixed,32,2,0.0625,4.0,64,0,512,2048,608,219.939,650.255,424.713,0.4759
mixed,32,2,0.0625,4.0,64,0,2048,8192,2432,760.175,2382.964,1501.312,0.4567
mixed,32,2,0.0625,4.0,64,0,8192,32768,9728,2813.562,9342.078,5832.695,0.4625
mixed,32,2,0.0625,4.0,64,512,128,512,152,160.323,214.469,158.915,-0.026
mixed,32,2,0.0625,4.0,64,512,512,2048,608,219.779,649.23,429.448,0.4882
mixed,32,2,0.0625,4.0,64,512,2048,8192,2432,758.991,2390.224,1500.83,0.4548
mixed,32,2,0.0625,4.0,64,512,8192,32768,9728,2824.57,9388.544,5837.721,0.459
mixed,32,2,0.0625,4.0,64,2048,128,512,152,371.591,426.44,370.631,-0.0175
mixed,32,2,0.0625,4.0,64,2048,512,2048,608,432.489,652.494,427.402,-0.0231
mixed,32,2,0.0625,4.0,64,2048,2048,8192,2432,758.095,2390.033,1502.238,0.456
mixed,32,2,0.0625,4.0,64,2048,8192,32768,9728,2817.69,9384.415,5836.535,0.4597
mixed,32,2,0.0625,4.0,64,8192,128,512,152,1213.624,1269.689,1214.17,0.0097
mixed,32,2,0.0625,4.0,64,8192,512,2048,608,1274.843,1501.726,1270.171,-0.0206
mixed,32,2,0.0625,4.0,64,8192,2048,8192,2432,1556.705,2393.136,1511.23,-0.0544
mixed,32,2,0.0625,4.0,64,8192,8192,32768,9728,2834.17,9316.927,5835.19,0.4629
mixed,32,2,0.0625,4.0,64,20480,128,512,152,2919.004,2949.181,2922.107,0.1028
mixed,32,2,0.0625,4.0,64,20480,512,2048,608,2967.837,3186.338,2956.284,-0.0529
mixed,32,2,0.0625,4.0,64,20480,2048,8192,2432,3241.954,4112.436,3198.369,-0.0501
mixed,32,2,0.0625,4.0,64,20480,8192,32768,9728,4324.282,9358.816,5837.623,0.3006
mixed,32,2,0.0625,4.0,256,0,128,512,152,150.787,256.071,169.06,0.1736
mixed,32,2,0.0625,4.0,256,0,512,2048,608,259.877,680.782,431.657,0.4081
mixed,32,2,0.0625,4.0,256,0,2048,8192,2432,787.376,2397.489,1508.479,0.4479
mixed,32,2,0.0625,4.0,256,0,8192,32768,9728,2838.65,9390.016,5846.073,0.4591
mixed,32,2,0.0625,4.0,256,512,128,512,152,191.461,316.007,192.004,0.0044
mixed,32,2,0.0625,4.0,256,512,512,2048,608,321.8,765.487,436.265,0.258
mixed,32,2,0.0625,4.0,256,512,2048,8192,2432,872.978,2505.234,1502.689,0.3858
mixed,32,2,0.0625,4.0,256,512,8192,32768,9728,2934.396,9445.954,5850.489,0.4478
mixed,32,2,0.0625,4.0,256,2048,128,512,152,402.696,456.553,402.793,0.0018
mixed,32,2,0.0625,4.0,256,2048,512,2048,608,459.626,966.547,459.177,-0.0009
mixed,32,2,0.0625,4.0,256,2048,2048,8192,2432,1092.342,2720.438,1510.91,0.2571
mixed,32,2,0.0625,4.0,256,2048,8192,32768,9728,3146.849,9662.693,5854.681,0.4156
mixed,32,2,0.0625,4.0,256,8192,128,512,152,1246.104,1301.659,1248.38,0.041
mixed,32,2,0.0625,4.0,256,8192,512,2048,608,1306.779,1523.295,1303.803,-0.0137
mixed,32,2,0.0625,4.0,256,8192,2048,8192,2432,1575.616,3563.69,1521.537,-0.0272
mixed,32,2,0.0625,4.0,256,8192,8192,32768,9728,4011.249,10533.879,5833.943,0.2794
mixed,32,2,0.0625,4.0,256,20480,128,512,152,2948.38,2987.07,2952.38,0.1034
mixed,32,2,0.0625,4.0,256,20480,512,2048,608,3010.558,3219.426,2993.149,-0.0833
mixed,32,2,0.0625,4.0,256,20480,2048,8192,2432,3262.915,4110.131,3216.515,-0.0548
mixed,32,2,0.0625,4.0,256,20480,8192,32768,9728,4331.256,12258.714,5838.423,0.1901
mixed,32,2,0.0625,4.0,1024,0,128,512,152,321.99,396.936,324.103,0.0282
mixed,32,2,0.0625,4.0,1024,0,512,2048,608,401.865,911.794,556.11,0.3025
mixed,32,2,0.0625,4.0,1024,0,2048,8192,2432,1017.301,2673.461,1646.466,0.3799
mixed,32,2,0.0625,4.0,1024,0,8192,32768,9728,3108.64,9775.015,6057.629,0.4424
mixed,32,2,0.0625,4.0,1024,512,128,512,152,428.426,494.025,431.753,0.0507
mixed,32,2,0.0625,4.0,1024,512,512,2048,608,497.383,1012.788,607.5,0.2137
mixed,32,2,0.0625,4.0,1024,512,2048,8192,2432,1157.367,2824.184,1728.133,0.3424
mixed,32,2,0.0625,4.0,1024,512,8192,32768,9728,3280.483,10036.428,6123.038,0.4207
mixed,32,2,0.0625,4.0,1024,2048,128,512,152,700.271,821.936,707.31,0.0579
mixed,32,2,0.0625,4.0,1024,2048,512,2048,608,827.762,1132.634,840.209,0.0408
mixed,32,2,0.0625,4.0,1024,2048,2048,8192,2432,1232.216,3243.393,1894.503,0.3293
mixed,32,2,0.0625,4.0,1024,2048,8192,32768,9728,3695.917,10467.541,6316.673,0.387
mixed,32,2,0.0625,4.0,1024,8192,128,512,152,1541.984,1755.876,1554.463,0.0583
mixed,32,2,0.0625,4.0,1024,8192,512,2048,608,1766.308,2482.418,1796.163,0.0417
mixed,32,2,0.0625,4.0,1024,8192,2048,8192,2432,2515.699,3716.683,2508.755,-0.0058
mixed,32,2,0.0625,4.0,1024,8192,8192,32768,9728,4305.241,12078.934,7083.282,0.3574
mixed,32,2,0.0625,4.0,1024,20480,128,512,152,3240.546,3453.509,3251.106,0.0496
mixed,32,2,0.0625,4.0,1024,20480,512,2048,608,3460.422,4323.705,3499.815,0.0456
mixed,32,2,0.0625,4.0,1024,20480,2048,8192,2432,4544.957,5927.768,4403.419,-0.1024
mixed,32,2,0.0625,4.0,1024,20480,8192,32768,9728,5928.697,14187.937,8276.969,0.2843
mixed,32,2,0.0625,4.0,4096,0,128,512,152,1764.902,1830.532,1768.866,0.0604
mixed,32,2,0.0625,4.0,4096,0,512,2048,608,1839.879,2157.548,1852.519,0.0398
mixed,32,2,0.0625,4.0,4096,0,2048,8192,2432,2285.168,4310.169,2842.202,0.2751
mixed,32,2,0.0625,4.0,4096,0,8192,32768,9728,4806.723,11579.05,7418.392,0.3856
mixed,32,2,0.0625,4.0,4096,512,128,512,152,2074.252,2141.483,2076.588,0.0347
mixed,32,2,0.0625,4.0,4096,512,512,2048,608,2146.572,2442.033,2158.828,0.0415
mixed,32,2,0.0625,4.0,4096,512,2048,8192,2432,2554.291,4580.444,3081.664,0.2603
mixed,32,2,0.0625,4.0,4096,512,8192,32768,9728,5108.874,11918.644,7716.128,0.3829
mixed,32,2,0.0625,4.0,4096,2048,128,512,152,3006.044,3075.071,3014.91,0.1284
mixed,32,2,0.0625,4.0,4096,2048,512,2048,608,3077.599,3331.43,3086.238,0.034
mixed,32,2,0.0625,4.0,4096,2048,2048,8192,2432,3408.806,5333.421,3773.741,0.1896
mixed,32,2,0.0625,4.0,4096,2048,8192,32768,9728,5891.737,12896.583,8656.722,0.3947
mixed,32,2,0.0625,4.0,4096,8192,128,512,152,6636.361,6639.529,6633.51,-0.8999
mixed,32,2,0.0625,4.0,4096,8192,512,2048,608,6639.655,6677.673,6622.342,-0.4554
mixed,32,2,0.0625,4.0,4096,8192,2048,8192,2432,6736.618,8345.13,6712.427,-0.015
mixed,32,2,0.0625,4.0,4096,8192,8192,32768,9728,8826.61,16987.515,11454.825,0.322
mixed,32,2,0.0625,4.0,4096,20480,128,512,152,13363.764,13356.719,13389.552,
mixed,32,2,0.0625,4.0,4096,20480,512,2048,608,13399.187,13355.218,13378.129,
mixed,32,2,0.0625,4.0,4096,20480,2048,8192,2432,13369.169,14805.133,13368.239,-0.0006
mixed,32,2,0.0625,4.0,4096,20480,8192,32768,9728,15313.4,22420.331,16437.232,0.1581
mixed,32,2,0.0625,4.0,16384,0,128,512,152,19240.969,19296.522,19228.876,-0.2177
mixed,32,2,0.0625,4.0,16384,0,512,2048,608,19296.232,19607.629,19344.169,0.1539
mixed,32,2,0.0625,4.0,16384,0,2048,8192,2432,19710.519,21139.535,19700.502,-0.007
mixed,32,2,0.0625,4.0,16384,0,8192,32768,9728,21662.359,29540.122,23732.484,0.2628
mixed,32,2,0.0625,4.0,16384,512,128,512,152,20320.349,20391.746,20321.121,0.0108
mixed,32,2,0.0625,4.0,16384,512,512,2048,608,20399.196,20689.417,20419.553,0.0701
mixed,32,2,0.0625,4.0,16384,512,2048,8192,2432,20766.854,22190.984,20770.217,0.0024
mixed,32,2,0.0625,4.0,16384,512,8192,32768,9728,22723.411,30535.245,24759.928,0.2607
mixed,32,2,0.0625,4.0,16384,2048,128,512,152,23549.378,23621.378,23553.187,0.0529
mixed,32,2,0.0625,4.0,16384,2048,512,2048,608,23611.752,23943.595,23633.79,0.0664
mixed,32,2,0.0625,4.0,16384,2048,2048,8192,2432,24009.159,25351.941,24021.834,0.0094
mixed,32,2,0.0625,4.0,16384,2048,8192,32768,9728,25885.364,33803.922,27856.765,0.249
mixed,32,2,0.0625,4.0,16384,8192,128,512,152,36800.02,36932.955,36487.41,-2.3516
mixed,32,2,0.0625,4.0,16384,8192,512,2048,608,33714.577,33934.199,35184.744,6.6941
mixed,32,2,0.0625,4.0,16384,8192,2048,8192,2432,37135.132,38431.47,37159.994,0.0192
mixed,32,2,0.0625,4.0,16384,8192,8192,32768,9728,35154.253,40851.303,35348.465,0.0341
mixed,32,2,0.0625,4.0,16384,20480,128,512,152,63685.946,55645.336,55403.112,
mixed,32,2,0.0625,4.0,16384,20480,512,2048,608,55462.421,55514.173,55455.802,-0.1279
mixed,32,2,0.0625,4.0,16384,20480,2048,8192,2432,55532.922,56208.574,55370.83,-0.2399
mixed,32,2,0.0625,4.0,16384,20480,8192,32768,9728,56879.978,62888.808,64674.866,1.2972
mixed,32,2,0.0625,4.0,32768,0,128,512,152,63168.947,63132.024,62974.361,
mixed,32,2,0.0625,4.0,32768,0,512,2048,608,72276.372,63656.222,63116.981,
mixed,32,2,0.0625,4.0,32768,0,2048,8192,2432,63436.254,64778.036,63536.022,0.0744
mixed,32,2,0.0625,4.0,32768,0,8192,32768,9728,64742.647,71350.809,65278.046,0.081
mixed,32,2,0.0625,4.0,32768,512,128,512,152,65123.038,65501.958,65370.982,0.6543
mixed,32,2,0.0625,4.0,32768,512,512,2048,608,64990.146,65435.111,65266.345,0.6207
mixed,32,2,0.0625,4.0,32768,512,2048,8192,2432,65762.837,66577.058,65660.786,-0.1253
mixed,32,2,0.0625,4.0,32768,512,8192,32768,9728,67054.755,73163.788,67551.156,0.0813
mixed,32,2,0.0625,4.0,32768,2048,128,512,152,70884.355,70744.849,70866.925,
mixed,32,2,0.0625,4.0,32768,2048,512,2048,608,71035.654,71361.739,70939.33,-0.2954
mixed,32,2,0.0625,4.0,32768,2048,2048,8192,2432,71436.623,72491.102,71282.789,-0.1459
mixed,32,2,0.0625,4.0,32768,2048,8192,32768,9728,72674.505,78634.785,72971.847,0.0499
pure,32,3,0.0938,4.0,0,0,128,512,164,94.018,161.25,113.827,0.2946
pure,32,3,0.0938,4.0,0,0,512,2048,656,185.572,410.217,225.988,0.1799
pure,32,3,0.0938,4.0,0,0,2048,8192,2624,491.692,1326.107,674.382,0.2189
pure,32,3,0.0938,4.0,0,0,8192,32768,10496,1662.946,4987.496,2465.426,0.2414
mixed,32,3,0.0938,4.0,16,0,128,512,164,105.25,212.612,153.635,0.4507
mixed,32,3,0.0938,4.0,16,0,512,2048,656,251.749,647.501,421.64,0.4293
mixed,32,3,0.0938,4.0,16,0,2048,8192,2624,798.609,2394.386,1508.225,0.4447
mixed,32,3,0.0938,4.0,16,0,8192,32768,10496,3031.104,9417.379,5843.929,0.4404
mixed,32,3,0.0938,4.0,16,512,128,512,164,157.956,212.325,157.092,-0.0159
mixed,32,3,0.0938,4.0,16,512,512,2048,656,251.973,647.246,424.776,0.4372
mixed,32,3,0.0938,4.0,16,512,2048,8192,2624,796.689,2381.745,1503.871,0.4462
mixed,32,3,0.0938,4.0,16,512,8192,32768,10496,3042.588,9311.265,5841.112,0.4464
mixed,32,3,0.0938,4.0,16,2048,128,512,164,368.903,423.401,366.566,-0.0429
mixed,32,3,0.0938,4.0,16,2048,512,2048,656,444.138,651.085,424.296,-0.0959
mixed,32,3,0.0938,4.0,16,2048,2048,8192,2624,797.809,2388.947,1504.832,0.4444
mixed,32,3,0.0938,4.0,16,2048,8192,32768,10496,3032.575,9318.562,5841.721,0.4469
mixed,32,3,0.0938,4.0,16,8192,128,512,164,1215.963,1269.88,1211.448,-0.0837
mixed,32,3,0.0938,4.0,16,8192,512,2048,656,1288.283,1496.831,1265.915,-0.1073
mixed,32,3,0.0938,4.0,16,8192,2048,8192,2624,1577.92,2380.818,1516.608,-0.0764
mixed,32,3,0.0938,4.0,16,8192,8192,32768,10496,3032.799,9319.041,5866.2,0.4507
mixed,32,3,0.0938,4.0,16,20480,128,512,164,2917.693,2956.382,2918.619,0.0239
mixed,32,3,0.0938,4.0,16,20480,512,2048,656,2979.485,3186.05,2947.868,-0.1531
mixed,32,3,0.0938,4.0,16,20480,2048,8192,2624,3259.619,4102.485,3195.233,-0.0764
mixed,32,3,0.0938,4.0,16,20480,8192,32768,10496,4433.114,9358.049,5838.999,0.2855
mixed,32,3,0.0938,4.0,64,0,128,512,164,105.378,213.957,154.979,0.4568
mixed,32,3,0.0938,4.0,64,0,512,2048,656,252.068,648.076,424.138,0.4345
mixed,32,3,0.0938,4.0,64,0,2048,8192,2624,796.658,2385.425,1509.248,0.4485
mixed,32,3,0.0938,4.0,64,0,8192,32768,10496,3034.847,9317.824,5842.999,0.4469
mixed,32,3,0.0938,4.0,64,512,128,512,164,160.482,213.637,158.851,-0.0307
mixed,32,3,0.0938,4.0,64,512,512,2048,656,251.079,649.742,424.521,0.4351
mixed,32,3,0.0938,4.0,64,512,2048,8192,2624,797.296,2387.056,1505.887,0.4457
mixed,32,3,0.0938,4.0,64,512,8192,32768,10496,3052.062,9359.936,5841.4,0.4422
mixed,32,3,0.0938,4.0,64,2048,128,512,164,371.464,425.193,369.415,-0.0381
mixed,32,3,0.0938,4.0,64,2048,512,2048,656,449.227,650.03,426.698,-0.1122
mixed,32,3,0.0938,4.0,64,2048,2048,8192,2624,796.754,2401.714,1505.408,0.4415
mixed,32,3,0.0938,4.0,64,2048,8192,32768,10496,3040.095,9338.143,5842.937,0.445
mixed,32,3,0.0938,4.0,64,8192,128,512,164,1212.441,1268.346,1215.0,0.0458
mixed,32,3,0.0938,4.0,64,8192,512,2048,656,1290.939,1496.607,1265.08,-0.1257
mixed,32,3,0.0938,4.0,64,8192,2048,8192,2624,1579.777,2398.673,1512.383,-0.0823
mixed,32,3,0.0938,4.0,64,8192,8192,32768,10496,3042.079,9322.69,5835.193,0.4447
mixed,32,3,0.0938,4.0,64,20480,128,512,164,2911.134,2951.773,2914.268,0.0771
mixed,32,3,0.0938,4.0,64,20480,512,2048,656,2981.95,3189.506,2957.597,-0.1173
mixed,32,3,0.0938,4.0,64,20480,2048,8192,2624,3266.627,4107.605,3197.123,-0.0826
mixed,32,3,0.0938,4.0,64,20480,8192,32768,10496,4436.152,9315.326,5840.408,0.2878
mixed,32,3,0.0938,4.0,256,0,128,512,164,151.586,255.431,169.827,0.1757
mixed,32,3,0.0938,4.0,256,0,512,2048,656,292.87,678.447,433.416,0.3645
mixed,32,3,0.0938,4.0,256,0,2048,8192,2624,824.722,2403.409,1517.536,0.4389
mixed,32,3,0.0938,4.0,256,0,8192,32768,10496,3049.246,9325.727,5855.225,0.4471
mixed,32,3,0.0938,4.0,256,512,128,512,164,192.835,315.272,193.475,0.0052
mixed,32,3,0.0938,4.0,256,512,512,2048,656,367.27,765.647,438.409,0.1786
mixed,32,3,0.0938,4.0,256,512,2048,8192,2624,912.115,2500.018,1505.311,0.3736
mixed,32,3,0.0938,4.0,256,512,8192,32768,10496,3150.463,9444.259,5854.136,0.4296
mixed,32,3,0.0938,4.0,256,2048,128,512,164,403.527,456.808,404.072,0.0102
mixed,32,3,0.0938,4.0,256,2048,512,2048,656,475.081,965.396,458.922,-0.033
mixed,32,3,0.0938,4.0,256,2048,2048,8192,2624,1130.168,2716.44,1511.871,0.2406
mixed,32,3,0.0938,4.0,256,2048,8192,32768,10496,3368.1,9667.941,5851.162,0.3941
mixed,32,3,0.0938,4.0,256,8192,128,512,164,1246.265,1299.452,1249.114,0.0536
mixed,32,3,0.0938,4.0,256,8192,512,2048,656,1320.665,1515.199,1302.363,-0.0941
mixed,32,3,0.0938,4.0,256,8192,2048,8192,2624,1593.793,3565.834,1522.59,-0.0361
mixed,32,3,0.0938,4.0,256,8192,8192,32768,10496,4229.815,10535.991,5844.341,0.256
mixed,32,3,0.0938,4.0,256,20480,128,512,164,2938.94,3000.509,2947.962,0.1465
mixed,32,3,0.0938,4.0,256,20480,512,2048,656,3013.185,3219.617,2996.349,-0.0816
mixed,32,3,0.0938,4.0,256,20480,2048,8192,2624,3295.906,4112.853,3219.105,-0.094
mixed,32,3,0.0938,4.0,256,20480,8192,32768,10496,4541.213,12256.954,5848.281,0.1694
mixed,32,3,0.0938,4.0,1024,0,128,512,164,322.312,397.384,327.529,0.0695
mixed,32,3,0.0938,4.0,1024,0,512,2048,656,442.761,910.132,565.803,0.2633
mixed,32,3,0.0938,4.0,1024,0,2048,8192,2624,1052.15,2671.606,1661.921,0.3765
mixed,32,3,0.0938,4.0,1024,0,8192,32768,10496,3339.044,9769.513,6059.675,0.4231
mixed,32,3,0.0938,4.0,1024,512,128,512,164,429.066,494.122,434.953,0.0905
mixed,32,3,0.0938,4.0,1024,512,512,2048,656,521.418,1012.725,633.837,0.2288
mixed,32,3,0.0938,4.0,1024,512,2048,8192,2624,1199.576,2827.962,1740.933,0.3325
mixed,32,3,0.0938,4.0,1024,512,8192,32768,10496,3501.159,10054.862,6131.649,0.4014
mixed,32,3,0.0938,4.0,1024,2048,128,512,164,698.766,822.96,713.708,0.1203
mixed,32,3,0.0938,4.0,1024,2048,512,2048,656,859.283,1132.694,857.65,-0.006
mixed,32,3,0.0938,4.0,1024,2048,2048,8192,2624,1274.17,3246.147,1929.607,0.3324
mixed,32,3,0.0938,4.0,1024,2048,8192,32768,10496,3917.904,10455.512,6345.539,0.3713
mixed,32,3,0.0938,4.0,1024,8192,128,512,164,1549.055,1757.445,1561.6,0.0602
mixed,32,3,0.0938,4.0,1024,8192,512,2048,656,1832.87,2481.905,1840.453,0.0117
mixed,32,3,0.0938,4.0,1024,8192,2048,8192,2624,2529.203,3714.315,2520.724,-0.0072
mixed,32,3,0.0938,4.0,1024,8192,8192,32768,10496,4638.336,12084.439,7103.507,0.3311
mixed,32,3,0.0938,4.0,1024,20480,128,512,164,3241.794,3454.118,3275.236,0.1575
mixed,32,3,0.0938,4.0,1024,20480,512,2048,656,3525.032,4335.098,3531.142,0.0075
mixed,32,3,0.0938,4.0,1024,20480,2048,8192,2624,4615.937,5926.33,4562.237,-0.041
mixed,32,3,0.0938,4.0,1024,20480,8192,32768,10496,6076.379,14195.396,8308.429,0.2749
mixed,32,3,0.0938,4.0,4096,0,128,512,164,1767.492,1832.967,1767.014,-0.0073
mixed,32,3,0.0938,4.0,4096,0,512,2048,656,1855.719,2157.805,1858.277,0.0085
mixed,32,3,0.0938,4.0,4096,0,2048,8192,2624,2326.994,4312.057,2893.467,0.2854
mixed,32,3,0.0938,4.0,4096,0,8192,32768,10496,5036.329,11591.693,7516.249,0.3783
mixed,32,3,0.0938,4.0,4096,512,128,512,164,2074.604,2143.182,2077.099,0.0364
mixed,32,3,0.0938,4.0,4096,512,512,2048,656,2159.661,2444.913,2162.7,0.0107
mixed,32,3,0.0938,4.0,4096,512,2048,8192,2624,2599.285,4580.028,3123.937,0.2649
mixed,32,3,0.0938,4.0,4096,512,8192,32768,10496,5361.774,11923.83,7810.334,0.3731
mixed,32,3,0.0938,4.0,4096,2048,128,512,164,3007.358,3073.534,3017.279,0.1499
mixed,32,3,0.0938,4.0,4096,2048,512,2048,656,3088.255,3328.487,3095.102,0.0285
mixed,32,3,0.0938,4.0,4096,2048,2048,8192,2624,3429.639,5334.798,3819.375,0.2046
mixed,32,3,0.0938,4.0,4096,2048,8192,32768,10496,6165.021,12901.771,8732.819,0.3812
mixed,32,3,0.0938,4.0,4096,8192,128,512,164,6639.849,6629.961,6635.238,
mixed,32,3,0.0938,4.0,4096,8192,512,2048,656,6647.27,6685.481,6631.911,-0.402
mixed,32,3,0.0938,4.0,4096,8192,2048,8192,2624,6741.609,8349.195,6735.529,-0.0038
mixed,32,3,0.0938,4.0,4096,8192,8192,32768,10496,9119.771,17000.125,11545.835,0.3079
mixed,32,3,0.0938,4.0,4096,20480,128,512,164,13354.542,13362.071,13362.037,0.9955
mixed,32,3,0.0938,4.0,4096,20480,512,2048,656,13351.445,13403.285,13360.63,0.1772
mixed,32,3,0.0938,4.0,4096,20480,2048,8192,2624,13376.016,15072.565,13389.718,0.0081
mixed,32,3,0.0938,4.0,4096,20480,8192,32768,10496,15580.029,22420.841,18073.302,0.3645
mixed,32,3,0.0938,4.0,16384,0,128,512,164,19215.786,19308.717,19231.433,0.1684
mixed,32,3,0.0938,4.0,16384,0,512,2048,656,19326.093,19622.706,19332.684,0.0222
mixed,32,3,0.0938,4.0,16384,0,2048,8192,2624,19730.999,21132.309,19732.76,0.0013
mixed,32,3,0.0938,4.0,16384,0,8192,32768,10496,21922.756,29543.069,23949.932,0.266
mixed,32,3,0.0938,4.0,16384,512,128,512,164,20313.763,20391.904,20312.769,-0.0127
mixed,32,3,0.0938,4.0,16384,512,512,2048,656,20415.814,20724.778,20429.509,0.0443
mixed,32,3,0.0938,4.0,16384,512,2048,8192,2624,20800.008,22187.268,20797.991,-0.0015
mixed,32,3,0.0938,4.0,16384,512,8192,32768,10496,22974.072,30541.428,24959.041,0.2623
mixed,32,3,0.0938,4.0,16384,2048,128,512,164,23552.164,23628.94,23560.1,0.1034
mixed,32,3,0.0938,4.0,16384,2048,512,2048,656,23665.955,23940.716,23666.116,0.0006
mixed,32,3,0.0938,4.0,16384,2048,2048,8192,2624,24031.151,25355.787,24068.369,0.0281
mixed,32,3,0.0938,4.0,16384,2048,8192,32768,10496,26143.102,33795.378,28125.055,0.259
mixed,32,3,0.0938,4.0,16384,8192,128,512,164,36804.625,36922.039,33593.431,-27.3493
mixed,32,3,0.0938,4.0,16384,8192,512,2048,656,33470.545,33381.328,33192.682,
mixed,32,3,0.0938,4.0,16384,8192,2048,8192,2624,34696.142,38394.87,33152.819,-0.4173
mixed,32,3,0.0938,4.0,16384,8192,8192,32768,10496,34681.966,46417.625,40450.845,0.4916
mixed,32,3,0.0938,4.0,16384,20480,128,512,164,55265.461,55391.826,55664.274,3.156
mixed,32,3,0.0938,4.0,16384,20480,512,2048,656,55489.411,55417.625,55462.238,
mixed,32,3,0.0938,4.0,16384,20480,2048,8192,2624,55438.776,56153.569,55745.125,0.4286
mixed,32,3,0.0938,4.0,16384,20480,8192,32768,10496,56640.75,62637.291,56537.422,-0.0172
mixed,32,3,0.0938,4.0,32768,0,128,512,164,63319.842,63481.115,63176.988,-0.8858
mixed,32,3,0.0938,4.0,32768,0,512,2048,656,63491.684,63718.981,63364.712,-0.5586
mixed,32,3,0.0938,4.0,32768,0,2048,8192,2624,63714.725,64678.818,63911.977,0.2046
mixed,32,3,0.0938,4.0,32768,0,8192,32768,10496,65108.291,71293.092,65804.469,0.1126
mixed,32,3,0.0938,4.0,32768,512,128,512,164,65144.107,65385.656,65314.991,0.7075
mixed,32,3,0.0938,4.0,32768,512,512,2048,656,65170.768,65502.348,65195.425,0.0744
mixed,32,3,0.0938,4.0,32768,512,2048,8192,2624,65788.732,66673.381,65700.731,-0.0995
mixed,32,3,0.0938,4.0,32768,512,8192,32768,10496,67136.628,73164.077,67632.893,0.0823
mixed,32,3,0.0938,4.0,32768,2048,128,512,164,70848.991,70828.411,71006.989,
mixed,32,3,0.0938,4.0,32768,2048,512,2048,656,70758.403,71148.361,70954.116,0.5019
mixed,32,3,0.0938,4.0,32768,2048,2048,8192,2624,71545.264,72301.67,71344.658,-0.2652
mixed,32,3,0.0938,4.0,32768,2048,8192,32768,10496,72364.908,78636.807,73526.161,0.1852
pure,32,4,0.125,4.0,0,0,128,512,176,94.689,161.282,114.69,0.3003
pure,32,4,0.125,4.0,0,0,512,2048,704,192.549,409.896,226.535,0.1564
pure,32,4,0.125,4.0,0,0,2048,8192,2816,523.371,1318.491,675.534,0.1914
pure,32,4,0.125,4.0,0,0,8192,32768,11264,1771.941,4985.863,2464.531,0.2155
mixed,32,4,0.125,4.0,16,0,128,512,176,105.633,212.005,153.922,0.454
mixed,32,4,0.125,4.0,16,0,512,2048,704,253.348,648.749,423.913,0.4314
mixed,32,4,0.125,4.0,16,0,2048,8192,2816,866.738,2382.226,1507.84,0.423
mixed,32,4,0.125,4.0,16,0,8192,32768,11264,3254.277,9349.089,5845.273,0.4251
mixed,32,4,0.125,4.0,16,512,128,512,176,157.699,212.453,156.291,-0.0257
mixed,32,4,0.125,4.0,16,512,512,2048,704,252.964,650.286,425.929,0.4353
mixed,32,4,0.125,4.0,16,512,2048,8192,2816,867.954,2392.434,1506.846,0.4191
mixed,32,4,0.125,4.0,16,512,8192,32768,11264,3245.604,9321.378,5840.634,0.4271
mixed,32,4,0.125,4.0,16,2048,128,512,176,368.551,422.185,367.655,-0.0167
mixed,32,4,0.125,4.0,16,2048,512,2048,704,446.954,649.806,425.735,-0.1046
mixed,32,4,0.125,4.0,16,2048,2048,8192,2816,866.033,2385.968,1506.912,0.4216
mixed,32,4,0.125,4.0,16,2048,8192,32768,11264,3259.779,9355.712,5840.38,0.4233
mixed,32,4,0.125,4.0,16,8192,128,512,176,1211.865,1273.85,1212.155,0.0047
mixed,32,4,0.125,4.0,16,8192,512,2048,704,1291.803,1500.193,1266.49,-0.1215
mixed,32,4,0.125,4.0,16,8192,2048,8192,2816,1611.138,2392.081,1513.246,-0.1254
mixed,32,4,0.125,4.0,16,8192,8192,32768,11264,3259.524,9391.266,5836.887,0.4203
mixed,32,4,0.125,4.0,16,20480,128,512,176,2919.166,2945.853,2917.5,-0.0624
mixed,32,4,0.125,4.0,16,20480,512,2048,704,2976.574,3187.33,2948.318,-0.1341
mixed,32,4,0.125,4.0,16,20480,2048,8192,2816,3294.533,4104.884,3199.202,-0.1176
mixed,32,4,0.125,4.0,16,20480,8192,32768,11264,4546.495,9357.57,5838.263,0.2685
mixed,32,4,0.125,4.0,64,0,128,512,176,105.666,213.478,154.243,0.4506
mixed,32,4,0.125,4.0,64,0,512,2048,704,254.853,649.453,424.105,0.4289
mixed,32,4,0.125,4.0,64,0,2048,8192,2816,866.579,2390.321,1514.495,0.4252
mixed,32,4,0.125,4.0,64,0,8192,32768,11264,3257.571,9320.096,5839.29,0.4258
mixed,32,4,0.125,4.0,64,512,128,512,176,160.644,214.406,158.979,-0.031
mixed,32,4,0.125,4.0,64,512,512,2048,704,252.612,649.548,428.425,0.4429
mixed,32,4,0.125,4.0,64,512,2048,8192,2816,868.241,2392.145,1507.966,0.4198
mixed,32,4,0.125,4.0,64,512,8192,32768,11264,3248.866,9316.674,5842.649,0.4275
mixed,32,4,0.125,4.0,64,2048,128,512,176,371.657,425.385,369.769,-0.0351
mixed,32,4,0.125,4.0,64,2048,512,2048,704,447.017,653.837,425.864,-0.1023
mixed,32,4,0.125,4.0,64,2048,2048,8192,2816,867.922,2395.505,1525.984,0.4308
mixed,32,4,0.125,4.0,64,2048,8192,32768,11264,3254.499,9317.663,5847.1,0.4276
mixed,32,4,0.125,4.0,64,8192,128,512,176,1214.489,1268.026,1214.072,-0.0078
mixed,32,4,0.125,4.0,64,8192,512,2048,704,1293.177,1503.52,1267.387,-0.1226
mixed,32,4,0.125,4.0,64,8192,2048,8192,2816,1615.009,2404.37,1515.551,-0.126
mixed,32,4,0.125,4.0,64,8192,8192,32768,11264,3248.739,9349.088,5830.007,0.4231
mixed,32,4,0.125,4.0,64,20480,128,512,176,2926.587,2964.573,2924.861,-0.0454
mixed,32,4,0.125,4.0,64,20480,512,2048,704,2979.292,3180.642,2957.468,-0.1084
mixed,32,4,0.125,4.0,64,20480,2048,8192,2816,3296.866,4104.054,3199.234,-0.121
mixed,32,4,0.125,4.0,64,20480,8192,32768,11264,4545.469,9358.369,5837.497,0.2685
mixed,32,4,0.125,4.0,256,0,128,512,176,152.483,256.102,171.269,0.1813
mixed,32,4,0.125,4.0,256,0,512,2048,704,293.638,679.79,435.434,0.3672
mixed,32,4,0.125,4.0,256,0,2048,8192,2816,893.523,2398.609,1522.079,0.4176
mixed,32,4,0.125,4.0,256,0,8192,32768,11264,3270.597,9383.007,5859.193,0.4235
mixed,32,4,0.125,4.0,256,512,128,512,176,192.515,316.006,194.212,0.0137
mixed,32,4,0.125,4.0,256,512,512,2048,704,368.84,766.191,439.848,0.1787
mixed,32,4,0.125,4.0,256,512,2048,8192,2816,983.51,2504.403,1507.934,0.3448
mixed,32,4,0.125,4.0,256,512,8192,32768,11264,3366.566,9454.212,5859.896,0.4096
mixed,32,4,0.125,4.0,256,2048,128,512,176,402.6,456.201,407.048,0.083
mixed,32,4,0.125,4.0,256,2048,512,2048,704,476.362,965.14,460.875,-0.0317
mixed,32,4,0.125,4.0,256,2048,2048,8192,2816,1198.97,2718.84,1518.91,0.2105
mixed,32,4,0.125,4.0,256,2048,8192,32768,11264,3586.956,9662.729,5857.592,0.3737
mixed,32,4,0.125,4.0,256,8192,128,512,176,1245.277,1300.666,1248.248,0.0536
mixed,32,4,0.125,4.0,256,8192,512,2048,704,1318.396,1515.679,1307.035,-0.0576
mixed,32,4,0.125,4.0,256,8192,2048,8192,2816,1628.418,3563.403,1526.239,-0.0528
mixed,32,4,0.125,4.0,256,8192,8192,32768,11264,4445.98,10525.048,5844.12,0.23
mixed,32,4,0.125,4.0,256,20480,128,512,176,2943.549,2996.38,2954.653,0.2102
mixed,32,4,0.125,4.0,256,20480,512,2048,704,3014.589,3216.483,3023.038,0.0418
mixed,32,4,0.125,4.0,256,20480,2048,8192,2816,3331.108,4109.492,3214.946,-0.1492
mixed,32,4,0.125,4.0,256,20480,8192,32768,11264,4861.091,12254.009,5852.568,0.1341
mixed,32,4,0.125,4.0,1024,0,128,512,176,321.349,396.362,327.88,0.0871
mixed,32,4,0.125,4.0,1024,0,512,2048,704,445.48,909.299,581.26,0.2927
mixed,32,4,0.125,4.0,1024,0,2048,8192,2816,1122.679,2675.191,1675.203,0.3559
mixed,32,4,0.125,4.0,1024,0,8192,32768,11264,3563.434,9780.713,6061.276,0.4018
mixed,32,4,0.125,4.0,1024,512,128,512,176,429.354,493.803,440.52,0.1733
mixed,32,4,0.125,4.0,1024,512,512,2048,704,523.69,1012.373,655.021,0.2687
mixed,32,4,0.125,4.0,1024,512,2048,8192,2816,1272.026,2825.337,1755.236,0.3111
mixed,32,4,0.125,4.0,1024,512,8192,32768,11264,3732.14,10040.044,6162.527,0.3853
mixed,32,4,0.125,4.0,1024,2048,128,512,176,700.206,826.929,721.166,0.1654
mixed,32,4,0.125,4.0,1024,2048,512,2048,704,859.408,1132.921,868.883,0.0346
mixed,32,4,0.125,4.0,1024,2048,2048,8192,2816,1368.252,3243.556,1956.297,0.3136
mixed,32,4,0.125,4.0,1024,2048,8192,32768,11264,4135.541,10427.736,6354.658,0.3527
mixed,32,4,0.125,4.0,1024,8192,128,512,176,1546.688,1757.124,1565.153,0.0877
mixed,32,4,0.125,4.0,1024,8192,512,2048,704,1832.837,2482.739,1862.245,0.0452
mixed,32,4,0.125,4.0,1024,8192,2048,8192,2816,2582.646,3717.87,2530.867,-0.0456
mixed,32,4,0.125,4.0,1024,8192,8192,32768,11264,4967.973,12083.351,7124.371,0.3031
mixed,32,4,0.125,4.0,1024,20480,128,512,176,3257.699,3462.152,3266.628,0.0437
mixed,32,4,0.125,4.0,1024,20480,512,2048,704,3537.512,4332.347,3552.393,0.0187
mixed,32,4,0.125,4.0,1024,20480,2048,8192,2816,4756.481,5928.346,4703.841,-0.0449
mixed,32,4,0.125,4.0,1024,20480,8192,32768,11264,6307.936,14183.426,8384.813,0.2637
mixed,32,4,0.125,4.0,4096,0,128,512,176,1768.005,1834.184,1767.654,-0.0053
mixed,32,4,0.125,4.0,4096,0,512,2048,704,1857.479,2157.773,1868.804,0.0377
mixed,32,4,0.125,4.0,4096,0,2048,8192,2816,2406.961,4311.576,2929.627,0.2744
mixed,32,4,0.125,4.0,4096,0,8192,32768,11264,5268.205,11577.838,7593.692,0.3686
mixed,32,4,0.125,4.0,4096,512,128,512,176,2075.371,2139.406,2079.211,0.06
mixed,32,4,0.125,4.0,4096,512,512,2048,704,2162.989,2446.29,2170.957,0.0281
mixed,32,4,0.125,4.0,4096,512,2048,8192,2816,2675.99,4578.271,3163.457,0.2563
mixed,32,4,0.125,4.0,4096,512,8192,32768,11264,5601.969,11932.053,7922.243,0.3665
mixed,32,4,0.125,4.0,4096,2048,128,512,176,3003.709,3075.232,3015.135,0.1598
mixed,32,4,0.125,4.0,4096,2048,512,2048,704,3084.32,3331.332,3107.201,0.0926
mixed,32,4,0.125,4.0,4096,2048,2048,8192,2816,3475.305,5333.227,3861.55,0.2079
mixed,32,4,0.125,4.0,4096,2048,8192,32768,11264,6425.382,12905.032,8807.35,0.3676
mixed,32,4,0.125,4.0,4096,8192,128,512,176,6637.76,6626.556,6630.78,
mixed,32,4,0.125,4.0,4096,8192,512,2048,704,6624.606,6683.966,6632.701,0.1364
mixed,32,4,0.125,4.0,4096,8192,2048,8192,2816,6773.182,8348.565,6731.392,-0.0265
mixed,32,4,0.125,4.0,4096,8192,8192,32768,11264,9416.329,16981.04,11682.789,0.2996
mixed,32,4,0.125,4.0,4096,20480,128,512,176,13383.999,13343.006,13375.007,
mixed,32,4,0.125,4.0,4096,20480,512,2048,704,13382.302,13324.158,13350.911,
mixed,32,4,0.125,4.0,4096,20480,2048,8192,2816,13413.668,14813.62,13384.546,-0.0208
mixed,32,4,0.125,4.0,4096,20480,8192,32768,11264,15843.744,22416.71,18158.915,0.3522
mixed,32,4,0.125,4.0,16384,0,128,512,176,19232.18,19302.1,19240.854,0.1241
mixed,32,4,0.125,4.0,16384,0,512,2048,704,19334.869,19625.847,19346.233,0.0391
mixed,32,4,0.125,4.0,16384,0,2048,8192,2816,19763.104,21136.437,19764.318,0.0009
mixed,32,4,0.125,4.0,16384,0,8192,32768,11264,22161.82,29545.228,24157.304,0.2703
mixed,32,4,0.125,4.0,16384,512,128,512,176,20303.173,20391.979,20312.007,0.0995
mixed,32,4,0.125,4.0,16384,512,512,2048,704,20424.707,20688.647,20432.393,0.0291
mixed,32,4,0.125,4.0,16384,512,2048,8192,2816,20864.849,22185.284,20851.637,-0.01
mixed,32,4,0.125,4.0,16384,512,8192,32768,11264,23233.044,30543.388,25169.451,0.2649
mixed,32,4,0.125,4.0,16384,2048,128,512,176,23554.266,23616.984,23546.045,-0.1311
mixed,32,4,0.125,4.0,16384,2048,512,2048,704,23655.673,23928.347,23670.043,0.0527
mixed,32,4,0.125,4.0,16384,2048,2048,8192,2816,24097.785,25347.38,24087.011,-0.0086
mixed,32,4,0.125,4.0,16384,2048,8192,32768,11264,26401.727,33808.556,28363.075,0.2648
mixed,32,4,0.125,4.0,16384,8192,128,512,176,36799.225,37177.893,33342.251,-9.1293
mixed,32,4,0.125,4.0,16384,8192,512,2048,704,33513.639,33365.228,33249.576,
mixed,32,4,0.125,4.0,16384,8192,2048,8192,2816,36369.595,38395.828,33157.232,-1.5854
mixed,32,4,0.125,4.0,16384,8192,8192,32768,11264,34785.766,46419.367,40654.555,0.5045
mixed,32,4,0.125,4.0,16384,20480,128,512,176,55267.632,55687.031,55718.395,1.0748
mixed,32,4,0.125,4.0,16384,20480,512,2048,704,55655.222,55803.726,55588.567,-0.4488
mixed,32,4,0.125,4.0,16384,20480,2048,8192,2816,63715.045,56398.477,55448.889,
mixed,32,4,0.125,4.0,16384,20480,8192,32768,11264,56734.599,62723.045,65214.765,1.4161
mixed,32,4,0.125,4.0,32768,0,128,512,176,72193.495,63245.967,62957.707,
mixed,32,4,0.125,4.0,32768,0,512,2048,704,63172.586,63657.904,63074.316,-0.2025
mixed,32,4,0.125,4.0,32768,0,2048,8192,2816,63760.155,64357.549,63555.94,-0.3418
mixed,32,4,0.125,4.0,32768,0,8192,32768,11264,65417.143,71351.633,66136.352,0.1212
mixed,32,4,0.125,4.0,32768,512,128,512,176,65296.478,65371.636,65201.107,-1.2689
mixed,32,4,0.125,4.0,32768,512,512,2048,704,65381.433,65606.601,65409.796,0.126
mixed,32,4,0.125,4.0,32768,512,2048,8192,2816,65773.055,66539.269,65662.09,-0.1448
mixed,32,4,0.125,4.0,32768,512,8192,32768,11264,67441.538,73180.242,67878.379,0.0761
mixed,32,4,0.125,4.0,32768,2048,128,512,176,71026.23,71006.563,70807.889,
mixed,32,4,0.125,4.0,32768,2048,512,2048,704,70940.732,71195.583,70751.091,-0.7441
mixed,32,4,0.125,4.0,32768,2048,2048,8192,2816,71442.239,72323.19,71499.648,0.0652
mixed,32,4,0.125,4.0,32768,2048,8192,32768,11264,72968.6,78631.349,73482.002,0.0907
pure,32,8,0.25,4.0,0,0,128,512,224,102.435,161.667,106.786,0.0735
pure,32,8,0.25,4.0,0,0,512,2048,896,221.123,408.934,228.676,0.0402
pure,32,8,0.25,4.0,0,0,2048,8192,3584,636.906,1325.811,679.21,0.0614
pure,32,8,0.25,4.0,0,0,8192,32768,14336,2239.395,4982.573,2479.784,0.0876
mixed,32,8,0.25,4.0,16,0,128,512,224,108.483,212.835,155.041,0.4462
mixed,32,8,0.25,4.0,16,0,512,2048,896,322.629,649.164,422.663,0.3064
mixed,32,8,0.25,4.0,16,0,2048,8192,3584,1081.008,2382.66,1514.617,0.3331
mixed,32,8,0.25,4.0,16,0,8192,32768,14336,4142.977,9310.926,5848.988,0.3301
mixed,32,8,0.25,4.0,16,512,128,512,224,160.42,212.291,157.666,-0.0531
mixed,32,8,0.25,4.0,16,512,512,2048,896,322.981,647.433,429.638,0.3287
mixed,32,8,0.25,4.0,16,512,2048,8192,3584,1081.583,2380.806,1512.696,0.3318
mixed,32,8,0.25,4.0,16,512,8192,32768,14336,4117.377,9346.163,5851.642,0.3317
mixed,32,8,0.25,4.0,16,2048,128,512,224,368.998,423.206,367.397,-0.0295
mixed,32,8,0.25,4.0,16,2048,512,2048,896,481.64,651.306,427.749,-0.3176
mixed,32,8,0.25,4.0,16,2048,2048,8192,3584,1082.192,2386.374,1510.584,0.3285
mixed,32,8,0.25,4.0,16,2048,8192,32768,14336,4132.224,9311.216,5870.971,0.3357
mixed,32,8,0.25,4.0,16,8192,128,512,224,1212.179,1268.917,1210.996,-0.0209
mixed,32,8,0.25,4.0,16,8192,512,2048,896,1326.388,1498.392,1269.491,-0.3308
mixed,32,8,0.25,4.0,16,8192,2048,8192,3584,1727.323,2401.51,1513.848,-0.3166
mixed,32,8,0.25,4.0,16,8192,8192,32768,14336,4126.4,9341.009,5840.442,0.3287
mixed,32,8,0.25,4.0,16,20480,128,512,224,2914.733,2949.808,2917.326,0.0739
mixed,32,8,0.25,4.0,16,20480,512,2048,896,3013.935,3184.786,2959.663,-0.3177
mixed,32,8,0.25,4.0,16,20480,2048,8192,3584,3423.606,4102.753,3203.091,-0.3247
mixed,32,8,0.25,4.0,16,20480,8192,32768,14336,4975.532,9362.226,5844.316,0.198
mixed,32,8,0.25,4.0,64,0,128,512,224,108.963,213.443,155.778,0.4481
mixed,32,8,0.25,4.0,64,0,512,2048,896,324.198,648.202,425.223,0.3118
mixed,32,8,0.25,4.0,64,0,2048,8192,3584,1084.466,2388.07,1515.96,0.331
mixed,32,8,0.25,4.0,64,0,8192,32768,14336,4115.362,9325.648,5847.995,0.3325
mixed,32,8,0.25,4.0,64,512,128,512,224,162.788,214.306,159.78,-0.0584
mixed,32,8,0.25,4.0,64,512,512,2048,896,323.076,651.177,430.343,0.3269
mixed,32,8,0.25,4.0,64,512,2048,8192,3584,1083.599,2387.942,1515.128,0.3308
mixed,32,8,0.25,4.0,64,512,8192,32768,14336,4147.361,9387.797,5845.915,0.3241
mixed,32,8,0.25,4.0,64,2048,128,512,224,373.19,426.15,371.27,-0.0363
mixed,32,8,0.25,4.0,64,2048,512,2048,896,487.049,652.266,429.35,-0.3492
mixed,32,8,0.25,4.0,64,2048,2048,8192,3584,1085.234,2388.741,1512.856,0.3281
mixed,32,8,0.25,4.0,64,2048,8192,32768,14336,4131.042,9316.881,5850.62,0.3316
mixed,32,8,0.25,4.0,64,8192,128,512,224,1220.211,1267.7,1213.171,-0.1482
mixed,32,8,0.25,4.0,64,8192,512,2048,896,1333.333,1502.714,1268.436,-0.3831
mixed,32,8,0.25,4.0,64,8192,2048,8192,3584,1728.473,2392.455,1528.792,-0.3007
mixed,32,8,0.25,4.0,64,8192,8192,32768,14336,4114.721,9314.418,5841.659,0.3321
mixed,32,8,0.25,4.0,64,20480,128,512,224,2920.365,2963.888,2925.325,0.114
mixed,32,8,0.25,4.0,64,20480,512,2048,896,3018.033,3187.411,2958.031,-0.3542
mixed,32,8,0.25,4.0,64,20480,2048,8192,3584,3427.319,4102.849,3205.266,-0.3287
mixed,32,8,0.25,4.0,64,20480,8192,32768,14336,4982.926,9352.5,5879.357,0.2052
mixed,32,8,0.25,4.0,256,0,128,512,224,154.499,255.971,186.436,0.3147
mixed,32,8,0.25,4.0,256,0,512,2048,896,362.95,682.955,442.631,0.249
mixed,32,8,0.25,4.0,256,0,2048,8192,3584,1105.618,2403.494,1530.201,0.3271
mixed,32,8,0.25,4.0,256,0,8192,32768,14336,4147.969,9357.621,5860.35,0.3287
mixed,32,8,0.25,4.0,256,512,128,512,224,195.044,315.045,210.115,0.1256
mixed,32,8,0.25,4.0,256,512,512,2048,896,438.79,764.684,459.175,0.0626
mixed,32,8,0.25,4.0,256,512,2048,8192,3584,1201.395,2502.6,1520.121,0.2449
mixed,32,8,0.25,4.0,256,512,8192,32768,14336,4236.066,9448.469,5868.829,0.3132
mixed,32,8,0.25,4.0,256,2048,128,512,224,406.278,455.88,414.696,0.1697
mixed,32,8,0.25,4.0,256,2048,512,2048,896,510.792,965.487,535.272,0.0538
mixed,32,8,0.25,4.0,256,2048,2048,8192,3584,1414.519,2719.915,1524.984,0.0846
mixed,32,8,0.25,4.0,256,2048,8192,32768,14336,4456.261,9664.506,5873.533,0.2721
mixed,32,8,0.25,4.0,256,8192,128,512,224,1251.828,1300.853,1259.636,0.1593
mixed,32,8,0.25,4.0,256,8192,512,2048,896,1354.197,1518.009,1309.78,-0.2711
mixed,32,8,0.25,4.0,256,8192,2048,8192,3584,1736.859,3563.738,1839.293,0.0561
mixed,32,8,0.25,4.0,256,8192,8192,32768,14336,5314.806,10528.201,5851.773,0.103
mixed,32,8,0.25,4.0,256,20480,128,512,224,2949.522,2999.568,2958.639,0.1822
mixed,32,8,0.25,4.0,256,20480,512,2048,896,3052.208,3211.892,3015.217,-0.2317
mixed,32,8,0.25,4.0,256,20480,2048,8192,3584,3431.735,4112.323,3235.7,-0.288
mixed,32,8,0.25,4.0,256,20480,8192,32768,14336,6170.274,12254.307,7044.529,0.1437
mixed,32,8,0.25,4.0,1024,0,128,512,224,323.238,396.71,335.686,0.1694
mixed,32,8,0.25,4.0,1024,0,512,2048,896,530.601,907.567,633.737,0.2736
mixed,32,8,0.25,4.0,1024,0,2048,8192,3584,1339.06,2675.818,1745.756,0.3042
mixed,32,8,0.25,4.0,1024,0,8192,32768,14336,4447.624,9775.006,6111.556,0.3123
mixed,32,8,0.25,4.0,1024,512,128,512,224,432.582,492.68,450.535,0.2987
mixed,32,8,0.25,4.0,1024,512,512,2048,896,587.687,1013.935,686.476,0.2318
mixed,32,8,0.25,4.0,1024,512,2048,8192,3584,1490.936,2829.839,1882.495,0.2924
mixed,32,8,0.25,4.0,1024,512,8192,32768,14336,4625.77,10052.163,6260.132,0.3012
mixed,32,8,0.25,4.0,1024,2048,128,512,224,702.508,824.429,746.348,0.3596
mixed,32,8,0.25,4.0,1024,2048,512,2048,896,892.271,1133.906,892.526,0.0011
mixed,32,8,0.25,4.0,1024,2048,2048,8192,3584,1691.963,3240.885,2085.058,0.2538
mixed,32,8,0.25,4.0,1024,2048,8192,32768,14336,5037.779,10461.547,6687.278,0.3041
mixed,32,8,0.25,4.0,1024,8192,128,512,224,1545.849,1760.477,1593.689,0.2229
mixed,32,8,0.25,4.0,1024,8192,512,2048,896,1976.16,2483.209,1958.558,-0.0347
mixed,32,8,0.25,4.0,1024,8192,2048,8192,3584,2565.514,3716.252,2745.678,0.1566
mixed,32,8,0.25,4.0,1024,8192,8192,32768,14336,6287.079,12091.367,7259.959,0.1676
mixed,32,8,0.25,4.0,1024,20480,128,512,224,3245.461,3455.83,3283.51,0.1809
mixed,32,8,0.25,4.0,1024,20480,512,2048,896,3672.507,4324.936,3648.092,-0.0374
mixed,32,8,0.25,4.0,1024,20480,2048,8192,3584,5195.349,5928.735,5197.332,0.0027
mixed,32,8,0.25,4.0,1024,20480,8192,32768,14336,7185.174,14179.72,8889.841,0.2437
mixed,32,8,0.25,4.0,4096,0,128,512,224,1770.207,1834.814,1773.535,0.0515
mixed,32,8,0.25,4.0,4096,0,512,2048,896,1906.654,2158.469,1910.786,0.0164
mixed,32,8,0.25,4.0,4096,0,2048,8192,3584,2671.786,4311.527,3101.777,0.2622
mixed,32,8,0.25,4.0,4096,0,8192,32768,14336,6167.14,11585.886,8087.622,0.3544
mixed,32,8,0.25,4.0,4096,512,128,512,224,2068.515,2141.892,2088.962,0.2787
mixed,32,8,0.25,4.0,4096,512,512,2048,896,2207.559,2446.634,2206.852,-0.003
mixed,32,8,0.25,4.0,4096,512,2048,8192,3584,2921.68,4576.622,3325.337,0.2439
mixed,32,8,0.25,4.0,4096,512,8192,32768,14336,6486.764,11914.18,8389.993,0.3507
mixed,32,8,0.25,4.0,4096,2048,128,512,224,3004.751,3073.49,3023.731,0.2761
mixed,32,8,0.25,4.0,4096,2048,512,2048,896,3137.365,3335.672,3140.439,0.0155
mixed,32,8,0.25,4.0,4096,2048,2048,8192,3584,3730.429,5333.465,4071.044,0.2125
mixed,32,8,0.25,4.0,4096,2048,8192,32768,14336,7494.365,12907.445,9162.716,0.3082
mixed,32,8,0.25,4.0,4096,8192,128,512,224,6642.159,6630.892,6641.454,
mixed,32,8,0.25,4.0,4096,8192,512,2048,896,6631.406,6681.677,6631.633,0.0045
mixed,32,8,0.25,4.0,4096,8192,2048,8192,3584,6919.475,8345.352,7200.504,0.1971
mixed,32,8,0.25,4.0,4096,8192,8192,32768,14336,10450.474,16994.236,12247.978,0.2747
mixed,32,8,0.25,4.0,4096,20480,128,512,224,13384.64,13392.412,13342.683,-5.3985
mixed,32,8,0.25,4.0,4096,20480,512,2048,896,13383.709,13336.217,13348.927,
mixed,32,8,0.25,4.0,4096,20480,2048,8192,3584,13426.629,14808.66,13402.594,-0.0174
mixed,32,8,0.25,4.0,4096,20480,8192,32768,14336,16778.077,22411.67,18509.301,0.3073
mixed,32,8,0.25,4.0,16384,0,128,512,224,19225.506,19300.773,19254.593,0.3865
mixed,32,8,0.25,4.0,16384,0,512,2048,896,19389.958,19633.508,19379.3,-0.0438
mixed,32,8,0.25,4.0,16384,0,2048,8192,3584,19945.037,21135.585,19936.815,-0.0069
mixed,32,8,0.25,4.0,16384,0,8192,32768,14336,23257.059,29540.908,24956.097,0.2704
mixed,32,8,0.25,4.0,16384,512,128,512,224,20300.623,20385.462,20325.462,0.2928
mixed,32,8,0.25,4.0,16384,512,512,2048,896,20471.995,20689.467,20476.308,0.0198
mixed,32,8,0.25,4.0,16384,512,2048,8192,3584,21018.623,22193.622,21002.403,-0.0138
mixed,32,8,0.25,4.0,16384,512,8192,32768,14336,24278.424,30556.479,26020.566,0.2775
mixed,32,8,0.25,4.0,16384,2048,128,512,224,23535.723,23626.121,23566.8,0.3438
mixed,32,8,0.25,4.0,16384,2048,512,2048,896,23718.127,23932.69,23707.764,-0.0483
mixed,32,8,0.25,4.0,16384,2048,2048,8192,3584,24246.834,25354.564,24247.451,0.0006
mixed,32,8,0.25,4.0,16384,2048,8192,32768,14336,27450.187,33797.875,29176.397,0.2719
mixed,32,8,0.25,4.0,16384,8192,128,512,224,36774.225,36937.351,33609.268,-19.4019
mixed,32,8,0.25,4.0,16384,8192,512,2048,896,33794.386,37146.728,33535.168,-0.0773
mixed,32,8,0.25,4.0,16384,8192,2048,8192,3584,33906.078,34285.065,33321.648,-1.5421
mixed,32,8,0.25,4.0,16384,8192,8192,32768,14336,40076.897,40537.807,36190.791,-8.4314
mixed,32,8,0.25,4.0,16384,20480,128,512,224,63570.793,55383.779,55698.795,
mixed,32,8,0.25,4.0,16384,20480,512,2048,896,55747.503,55907.159,55850.837,0.6472
mixed,32,8,0.25,4.0,16384,20480,2048,8192,3584,55920.311,56395.678,55661.04,-0.5454
mixed,32,8,0.25,4.0,16384,20480,8192,32768,14336,57975.575,62720.106,58438.596,0.0976
mixed,32,8,0.25,4.0,32768,0,128,512,224,63576.374,63484.754,63534.938,
mixed,32,8,0.25,4.0,32768,0,512,2048,896,63702.816,63753.317,63573.698,-2.5567
mixed,32,8,0.25,4.0,32768,0,2048,8192,3584,63982.25,64861.431,64119.691,0.1563
mixed,32,8,0.25,4.0,32768,0,8192,32768,14336,66320.458,71460.417,67069.508,0.1457
mixed,32,8,0.25,4.0,32768,512,128,512,224,65239.39,65709.936,65273.063,0.0716
mixed,32,8,0.25,4.0,32768,512,512,2048,896,65472.477,65885.873,65444.871,-0.0668
mixed,32,8,0.25,4.0,32768,512,2048,8192,3584,66121.777,67064.742,66057.422,-0.0682
mixed,32,8,0.25,4.0,32768,512,8192,32768,14336,68320.574,73299.98,68863.975,0.1091
mixed,32,8,0.25,4.0,32768,2048,128,512,224,70859.232,71337.008,70908.43,0.103
mixed,32,8,0.25,4.0,32768,2048,512,2048,896,71013.415,71440.754,71079.336,0.1543
mixed,32,8,0.25,4.0,32768,2048,2048,8192,3584,71962.232,72668.393,71615.208,-0.4914
mixed,32,8,0.25,4.0,32768,2048,8192,32768,14336,73684.827,78802.463,74940.602,0.2454
pure,32,16,0.5,4.0,0,0,128,512,320,126.883,161.06,138.978,0.3539
pure,32,16,0.5,4.0,0,0,512,2048,1280,295.462,410.086,295.877,0.0036
pure,32,16,0.5,4.0,0,0,2048,8192,5120,873.134,1327.159,865.167,-0.0175
pure,32,16,0.5,4.0,0,0,8192,32768,20480,3158.135,4987.223,3149.366,-0.0048
mixed,32,16,0.5,4.0,16,0,128,512,320,143.458,212.579,195.939,0.7593
mixed,32,16,0.5,4.0,16,0,512,2048,1280,431.399,648.267,527.816,0.4446
mixed,32,16,0.5,4.0,16,0,2048,8192,5120,1514.939,2385.963,1839.072,0.3721
mixed,32,16,0.5,4.0,16,0,8192,32768,20480,5873.125,9388.739,7063.097,0.3385
mixed,32,16,0.5,4.0,16,512,128,512,320,177.924,213.029,200.87,0.6536
mixed,32,16,0.5,4.0,16,512,512,2048,1280,430.662,648.011,528.681,0.451
mixed,32,16,0.5,4.0,16,512,2048,8192,5120,1523.001,2388.746,1837.215,0.3629
mixed,32,16,0.5,4.0,16,512,8192,32768,20480,5846.534,9384.834,7064.347,0.3442
mixed,32,16,0.5,4.0,16,2048,128,512,320,391.879,422.822,369.606,-0.7198
mixed,32,16,0.5,4.0,16,2048,512,2048,1280,539.946,652.779,532.169,-0.0689
mixed,32,16,0.5,4.0,16,2048,2048,8192,5120,1519.547,2388.008,1833.408,0.3614
mixed,32,16,0.5,4.0,16,2048,8192,32768,20480,5891.43,9350.338,7064.154,0.339
mixed,32,16,0.5,4.0,16,8192,128,512,320,1231.702,1264.15,1212.214,-0.6006
mixed,32,16,0.5,4.0,16,8192,512,2048,1280,1385.017,1499.064,1277.814,-0.94
mixed,32,16,0.5,4.0,16,8192,2048,8192,5120,1945.73,2388.201,1845.279,-0.227
mixed,32,16,0.5,4.0,16,8192,8192,32768,20480,5889.128,9388.484,7052.187,0.3324
mixed,32,16,0.5,4.0,16,20480,128,512,320,2920.692,2951.64,2910.642,-0.3247
mixed,32,16,0.5,4.0,16,20480,512,2048,1280,3071.734,3185.944,2969.682,-0.8935
mixed,32,16,0.5,4.0,16,20480,2048,8192,5120,3666.722,4104.905,3220.568,-1.0182
mixed,32,16,0.5,4.0,16,20480,8192,32768,20480,5870.82,9361.732,7065.595,0.3423
mixed,32,16,0.5,4.0,64,0,128,512,320,143.842,213.445,197.476,0.7706
mixed,32,16,0.5,4.0,64,0,512,2048,1280,432.968,650.603,529.161,0.442
mixed,32,16,0.5,4.0,64,0,2048,8192,5120,1515.452,2393.641,1835.968,0.365
mixed,32,16,0.5,4.0,64,0,8192,32768,20480,5874.631,9416.931,7060.091,0.3347
mixed,32,16,0.5,4.0,64,512,128,512,320,180.803,214.724,202.339,0.6349
mixed,32,16,0.5,4.0,64,512,512,2048,1280,432.841,650.284,529.097,0.4427
mixed,32,16,0.5,4.0,64,512,2048,8192,5120,1521.946,2379.946,1839.393,0.37
mixed,32,16,0.5,4.0,64,512,8192,32768,20480,5886.983,9358.116,7059.323,0.3377
mixed,32,16,0.5,4.0,64,2048,128,512,320,391.526,426.985,371.27,-0.5713
mixed,32,16,0.5,4.0,64,2048,512,2048,1280,540.745,650.538,531.401,-0.0851
mixed,32,16,0.5,4.0,64,2048,2048,8192,5120,1518.235,2388.777,1839.263,0.3688
mixed,32,16,0.5,4.0,64,2048,8192,32768,20480,5876.39,9358.082,7066.588,0.3418
mixed,32,16,0.5,4.0,64,8192,128,512,320,1234.549,1267.926,1213.366,-0.6347
mixed,32,16,0.5,4.0,64,8192,512,2048,1280,1387.033,1499.961,1281.272,-0.9365
mixed,32,16,0.5,4.0,64,8192,2048,8192,5120,1948.355,2393.097,1844.416,-0.2337
mixed,32,16,0.5,4.0,64,8192,8192,32768,20480,5897.319,9355.556,7046.524,0.3323
mixed,32,16,0.5,4.0,64,20480,128,512,320,2920.276,2959.187,2926.067,0.1488
mixed,32,16,0.5,4.0,64,20480,512,2048,1280,3067.831,3193.593,2968.499,-0.7898
mixed,32,16,0.5,4.0,64,20480,2048,8192,5120,3665.154,4106.185,3226.682,-0.9942
mixed,32,16,0.5,4.0,64,20480,8192,32768,20480,5855.014,9338.213,7066.654,0.3479
mixed,32,16,0.5,4.0,256,0,128,512,320,188.259,255.333,217.54,0.4365
mixed,32,16,0.5,4.0,256,0,512,2048,1280,466.92,680.012,552.745,0.4028
mixed,32,16,0.5,4.0,256,0,2048,8192,5120,1534.555,2405.355,1855.776,0.3689
mixed,32,16,0.5,4.0,256,0,8192,32768,20480,5883.495,9420.101,7077.18,0.3375
mixed,32,16,0.5,4.0,256,512,128,512,320,212.132,315.397,236.613,0.2371
mixed,32,16,0.5,4.0,256,512,512,2048,1280,548.265,766.38,642.378,0.4315
mixed,32,16,0.5,4.0,256,512,2048,8192,5120,1637.468,2502.41,1857.024,0.2538
mixed,32,16,0.5,4.0,256,512,8192,32768,20480,5976.938,9456.519,7081.532,0.3175
mixed,32,16,0.5,4.0,256,2048,128,512,320,422.951,456.04,448.265,0.765
mixed,32,16,0.5,4.0,256,2048,512,2048,1280,643.244,966.61,661.004,0.0549
mixed,32,16,0.5,4.0,256,2048,2048,8192,5120,1851.712,2718.289,2155.879,0.351
mixed,32,16,0.5,4.0,256,2048,8192,32768,20480,6191.821,9664.173,7081.278,0.2562
mixed,32,16,0.5,4.0,256,8192,128,512,320,1266.166,1304.087,1292.153,0.6853
mixed,32,16,0.5,4.0,256,8192,512,2048,1280,1408.312,1518.33,1505.371,0.8822
mixed,32,16,0.5,4.0,256,8192,2048,8192,5120,2263.496,3559.166,2389.098,0.0969
mixed,32,16,0.5,4.0,256,8192,8192,32768,20480,7054.364,10540.026,8207.823,0.3309
mixed,32,16,0.5,4.0,256,20480,128,512,320,2955.699,2999.319,2971.061,0.3522
mixed,32,16,0.5,4.0,256,20480,512,2048,1280,3107.544,3212.408,3200.346,0.885
mixed,32,16,0.5,4.0,256,20480,2048,8192,5120,3659.84,4110.088,3888.806,0.5085
mixed,32,16,0.5,4.0,256,20480,8192,32768,20480,8767.675,12257.145,8810.747,0.0123
mixed,32,16,0.5,4.0,1024,0,128,512,320,344.775,395.975,351.048,0.1225
mixed,32,16,0.5,4.0,1024,0,512,2048,1280,677.165,910.738,709.838,0.1399
mixed,32,16,0.5,4.0,1024,0,2048,8192,5120,1783.841,2675.184,2076.772,0.3286
mixed,32,16,0.5,4.0,1024,0,8192,32768,20480,6208.687,9780.141,7302.308,0.3062
mixed,32,16,0.5,4.0,1024,512,128,512,320,459.338,494.569,471.721,0.3515
mixed,32,16,0.5,4.0,1024,512,512,2048,1280,714.029,1011.313,784.527,0.2371
mixed,32,16,0.5,4.0,1024,512,2048,8192,5120,1930.371,2822.578,2277.224,0.3888
mixed,32,16,0.5,4.0,1024,512,8192,32768,20480,6427.794,10043.216,7485.06,0.2924
mixed,32,16,0.5,4.0,1024,2048,128,512,320,771.885,828.75,784.653,0.2245
mixed,32,16,0.5,4.0,1024,2048,512,2048,1280,926.673,1135.03,920.848,-0.028
mixed,32,16,0.5,4.0,1024,2048,2048,8192,5120,2322.282,3245.434,2436.682,0.1239
mixed,32,16,0.5,4.0,1024,2048,8192,32768,20480,6840.953,10454.746,7726.892,0.2452
mixed,32,16,0.5,4.0,1024,8192,128,512,320,1616.317,1754.53,1638.813,0.1628
mixed,32,16,0.5,4.0,1024,8192,512,2048,1280,2191.848,2485.004,2152.71,-0.1335
mixed,32,16,0.5,4.0,1024,8192,2048,8192,5120,2871.379,3714.914,2863.315,-0.0096
mixed,32,16,0.5,4.0,1024,8192,8192,32768,20480,8474.807,12083.158,9442.984,0.2683
mixed,32,16,0.5,4.0,1024,20480,128,512,320,3321.627,3455.996,3338.586,0.1262
mixed,32,16,0.5,4.0,1024,20480,512,2048,1280,3889.286,4324.494,3850.148,-0.0899
mixed,32,16,0.5,4.0,1024,20480,2048,8192,5120,5863.432,5929.738,5734.629,-1.9426
mixed,32,16,0.5,4.0,1024,20480,8192,32768,20480,8883.71,14184.379,10556.155,0.3155
mixed,32,16,0.5,4.0,4096,0,128,512,320,1787.84,1836.513,1798.176,0.2124
mixed,32,16,0.5,4.0,4096,0,512,2048,1280,1996.963,2155.88,1993.157,-0.0239
mixed,32,16,0.5,4.0,4096,0,2048,8192,5120,3253.5,4313.069,3465.213,0.1998
mixed,32,16,0.5,4.0,4096,0,8192,32768,20480,7962.542,11575.468,9541.26,0.437
mixed,32,16,0.5,4.0,4096,512,128,512,320,2095.751,2137.958,2110.087,0.3397
mixed,32,16,0.5,4.0,4096,512,512,2048,1280,2280.999,2445.26,2280.456,-0.0033
mixed,32,16,0.5,4.0,4096,512,2048,8192,5120,3485.085,4578.356,3754.115,0.2461
mixed,32,16,0.5,4.0,4096,512,8192,32768,20480,8287.795,11899.54,9811.312,0.4218
mixed,32,16,0.5,4.0,4096,2048,128,512,320,3021.592,3074.455,3044.214,0.4279
mixed,32,16,0.5,4.0,4096,2048,512,2048,1280,3195.032,3331.899,3214.073,0.1391
mixed,32,16,0.5,4.0,4096,2048,2048,8192,5120,4254.509,5338.271,4563.89,0.2855
mixed,32,16,0.5,4.0,4096,2048,8192,32768,20480,9348.743,12914.854,10694.979,0.3775
mixed,32,16,0.5,4.0,4096,8192,128,512,320,6635.672,6640.472,6628.568,-1.48
mixed,32,16,0.5,4.0,4096,8192,512,2048,1280,6633.434,6680.122,6633.621,0.004
mixed,32,16,0.5,4.0,4096,8192,2048,8192,5120,7383.173,8343.829,7417.158,0.0354
mixed,32,16,0.5,4.0,4096,8192,8192,32768,20480,12911.399,16991.984,13781.495,0.2132
mixed,32,16,0.5,4.0,4096,20480,128,512,320,13343.854,13353.905,13363.212,1.926
mixed,32,16,0.5,4.0,4096,20480,512,2048,1280,13333.84,13354.799,13364.374,1.4568
mixed,32,16,0.5,4.0,4096,20480,2048,8192,5120,13776.601,14805.734,13959.033,0.1773
mixed,32,16,0.5,4.0,4096,20480,8192,32768,20480,18544.59,22432.692,20024.103,0.3805
mixed,32,16,0.5,4.0,16384,0,128,512,320,19251.74,19303.226,19254.326,0.0502
mixed,32,16,0.5,4.0,16384,0,512,2048,1280,19467.811,19633.889,19470.498,0.0162
mixed,32,16,0.5,4.0,16384,0,2048,8192,5120,20230.894,21123.004,20234.222,0.0037
mixed,32,16,0.5,4.0,16384,0,8192,32768,20480,25372.203,29543.154,26593.949,0.2929
mixed,32,16,0.5,4.0,16384,512,128,512,320,20325.803,20385.936,20354.29,0.4737
mixed,32,16,0.5,4.0,16384,512,512,2048,1280,20537.812,20707.798,20546.324,0.0501
mixed,32,16,0.5,4.0,16384,512,2048,8192,5120,21561.381,22187.855,21315.294,-0.3928
mixed,32,16,0.5,4.0,16384,512,8192,32768,20480,26422.335,30536.742,27646.166,0.2975
mixed,32,16,0.5,4.0,16384,2048,128,512,320,23582.542,23640.015,23596.263,0.2387
mixed,32,16,0.5,4.0,16384,2048,512,2048,1280,23805.904,23933.81,23810.286,0.0343
mixed,32,16,0.5,4.0,16384,2048,2048,8192,5120,24543.105,25352.427,24596.606,0.0661
mixed,32,16,0.5,4.0,16384,2048,8192,32768,20480,29583.574,33793.695,30633.384,0.2494
mixed,32,16,0.5,4.0,16384,8192,128,512,320,36851.38,33732.738,33138.833,
mixed,32,16,0.5,4.0,16384,8192,512,2048,1280,33276.925,33374.397,37121.438,39.4422
mixed,32,16,0.5,4.0,16384,8192,2048,8192,5120,34100.363,34250.766,33543.493,-3.7025
mixed,32,16,0.5,4.0,16384,8192,8192,32768,20480,40780.543,46416.072,43122.22,0.4155
mixed,32,16,0.5,4.0,16384,20480,128,512,320,55872.217,55626.579,55540.057,
mixed,32,16,0.5,4.0,16384,20480,512,2048,1280,55471.792,55553.523,55586.062,1.3981
mixed,32,16,0.5,4.0,16384,20480,2048,8192,5120,55933.375,56345.983,55769.904,-0.3962
mixed,32,16,0.5,4.0,16384,20480,8192,32768,20480,59455.13,62759.444,59913.826,0.1388
mixed,32,16,0.5,4.0,32768,0,128,512,320,63402.181,63475.141,63755.37,4.8409
mixed,32,16,0.5,4.0,32768,0,512,2048,1280,63748.847,63717.425,63949.359,
mixed,32,16,0.5,4.0,32768,0,2048,8192,5120,64248.747,65057.157,64346.24,0.1206
mixed,32,16,0.5,4.0,32768,0,8192,32768,20480,67911.454,71470.333,68440.298,0.1486
mixed,32,16,0.5,4.0,32768,512,128,512,320,65298.489,65583.8,65464.759,0.5828
mixed,32,16,0.5,4.0,32768,512,512,2048,1280,65470.328,65830.548,65465.916,-0.0122
mixed,32,16,0.5,4.0,32768,512,2048,8192,5120,66187.814,66774.795,66178.24,-0.0163
mixed,32,16,0.5,4.0,32768,512,8192,32768,20480,69712.064,73345.54,70297.769,0.1612
mixed,32,16,0.5,4.0,32768,2048,128,512,320,71009.588,70947.744,71359.878,
mixed,32,16,0.5,4.0,32768,2048,512,2048,1280,71243.846,71312.099,71017.861,-3.311
mixed,32,16,0.5,4.0,32768,2048,2048,8192,5120,72015.854,72790.083,72095.776,0.1032
mixed,32,16,0.5,4.0,32768,2048,8192,32768,20480,75475.412,78831.473,75882.818,0.1214
pure,32,24,0.75,4.0,0,0,128,512,416,133.57,160.706,152.547,0.6993
pure,32,24,0.75,4.0,0,0,512,2048,1664,335.078,409.191,385.224,0.6766
pure,32,24,0.75,4.0,0,0,2048,8192,6656,1091.188,1325.691,1288.632,0.842
pure,32,24,0.75,4.0,0,0,8192,32768,26624,4073.387,4973.147,4897.947,0.9164
mixed,32,24,0.75,4.0,16,0,128,512,416,177.795,212.676,210.148,0.9275
mixed,32,24,0.75,4.0,16,0,512,2048,1664,539.017,646.669,647.659,1.0092
mixed,32,24,0.75,4.0,16,0,2048,8192,6656,1955.206,2379.917,2388.653,1.0206
mixed,32,24,0.75,4.0,16,0,8192,32768,26624,7607.693,9311.596,9351.309,1.0233
mixed,32,24,0.75,4.0,16,512,128,512,416,195.811,212.579,210.853,0.8971
mixed,32,24,0.75,4.0,16,512,512,2048,1664,539.627,647.882,647.916,1.0003
mixed,32,24,0.75,4.0,16,512,2048,8192,6656,1949.348,2381.324,2388.684,1.017
mixed,32,24,0.75,4.0,16,512,8192,32768,26624,7607.215,9317.804,9372.877,1.0322
mixed,32,24,0.75,4.0,16,2048,128,512,416,405.641,424.456,419.398,0.7312
mixed,32,24,0.75,4.0,16,2048,512,2048,1664,592.778,648.748,648.364,0.9931
mixed,32,24,0.75,4.0,16,2048,2048,8192,6656,1950.244,2384.139,2389.869,1.0132
mixed,32,24,0.75,4.0,16,2048,8192,32768,26624,7578.573,9358.924,9351.918,0.9961
mixed,32,24,0.75,4.0,16,8192,128,512,416,1247.959,1265.462,1266.039,1.033
mixed,32,24,0.75,4.0,16,8192,512,2048,1664,1442.139,1498.557,1493.595,0.912
mixed,32,24,0.75,4.0,16,8192,2048,8192,6656,2162.345,2391.308,2386.124,0.9774
mixed,32,24,0.75,4.0,16,8192,8192,32768,26624,7667.149,9392.397,9350.125,0.9755
mixed,32,24,0.75,4.0,16,20480,128,512,416,2931.862,2958.744,2952.535,0.769
mixed,32,24,0.75,4.0,16,20480,512,2048,1664,3124.858,3188.412,3185.371,0.9522
mixed,32,24,0.75,4.0,16,20480,2048,8192,6656,3882.598,4106.06,4101.004,0.9774
mixed,32,24,0.75,4.0,16,20480,8192,32768,26624,7643.502,9316.779,9352.045,1.0211
mixed,32,24,0.75,4.0,64,0,128,512,416,178.404,214.082,210.595,0.9023
mixed,32,24,0.75,4.0,64,0,512,2048,1664,540.779,649.964,648.683,0.9883
mixed,32,24,0.75,4.0,64,0,2048,8192,6656,1947.555,2381.422,2387.117,1.0131
mixed,32,24,0.75,4.0,64,0,8192,32768,26624,7607.693,9312.045,9345.933,1.0199
mixed,32,24,0.75,4.0,64,512,128,512,416,197.157,214.915,211.813,0.8253
mixed,32,24,0.75,4.0,64,512,512,2048,1664,542.025,648.779,649.739,1.009
mixed,32,24,0.75,4.0,64,512,2048,8192,6656,1956.293,2382.091,2389.962,1.0185
mixed,32,24,0.75,4.0,64,512,8192,32768,26624,7643.311,9317.579,9343.659,1.0156
mixed,32,24,0.75,4.0,64,2048,128,512,416,409.447,426.856,422.248,0.7353
mixed,32,24,0.75,4.0,64,2048,512,2048,1664,595.946,652.686,649.131,0.9373
mixed,32,24,0.75,4.0,64,2048,2048,8192,6656,1956.324,2388.043,2386.092,0.9955
mixed,32,24,0.75,4.0,64,2048,8192,32768,26624,7584.652,9321.004,9339.085,1.0104
mixed,32,24,0.75,4.0,64,8192,128,512,416,1251.704,1274.041,1262.008,0.4613
mixed,32,24,0.75,4.0,64,8192,512,2048,1664,1441.019,1502.268,1495.772,0.8939
mixed,32,24,0.75,4.0,64,8192,2048,8192,6656,2168.072,2391.822,2387.181,0.9793
mixed,32,24,0.75,4.0,64,8192,8192,32768,26624,7638.413,9323.916,9361.229,1.0221
mixed,32,24,0.75,4.0,64,20480,128,512,416,2936.344,2952.086,2955.286,1.2033
mixed,32,24,0.75,4.0,64,20480,512,2048,1664,3130.778,3184.827,3186.109,1.0237
mixed,32,24,0.75,4.0,64,20480,2048,8192,6656,3885.512,4107.565,4100.652,0.9689
mixed,32,24,0.75,4.0,64,20480,8192,32768,26624,7583.147,9323.981,9344.042,1.0115
mixed,32,24,0.75,4.0,256,0,128,512,416,222.275,255.462,225.38,0.0936
mixed,32,24,0.75,4.0,256,0,512,2048,1664,573.578,677.835,658.541,0.8149
mixed,32,24,0.75,4.0,256,0,2048,8192,6656,1966.468,2408.172,2398.604,0.9783
mixed,32,24,0.75,4.0,256,0,8192,32768,26624,7600.843,9365.965,9380.269,1.0081
mixed,32,24,0.75,4.0,256,512,128,512,416,264.934,315.143,240.773,-0.4812
mixed,32,24,0.75,4.0,256,512,512,2048,1664,656.94,766.092,657.39,0.0041
mixed,32,24,0.75,4.0,256,512,2048,8192,6656,2063.75,2498.991,2400.909,0.7746
mixed,32,24,0.75,4.0,256,512,8192,32768,26624,7715.055,9445.39,9363.916,0.9529
mixed,32,24,0.75,4.0,256,2048,128,512,416,438.761,455.592,452.904,0.8403
mixed,32,24,0.75,4.0,256,2048,512,2048,1664,804.75,965.297,666.924,-0.8585
mixed,32,24,0.75,4.0,256,2048,2048,8192,6656,2287.947,2719.028,2398.988,0.2576
mixed,32,24,0.75,4.0,256,2048,8192,32768,26624,7923.121,9665.682,9359.821,0.8245
mixed,32,24,0.75,4.0,256,8192,128,512,416,1283.286,1306.84,1296.729,0.5707
mixed,32,24,0.75,4.0,256,8192,512,2048,1664,1466.908,1520.828,1513.371,0.8617
mixed,32,24,0.75,4.0,256,8192,2048,8192,6656,2919.702,3560.256,2392.045,-0.8238
mixed,32,24,0.75,4.0,256,8192,8192,32768,26624,8800.708,10535.395,9393.455,0.3417
mixed,32,24,0.75,4.0,256,20480,128,512,416,2986.807,3005.208,2999.736,0.7026
mixed,32,24,0.75,4.0,256,20480,512,2048,1664,3161.818,3227.964,3213.595,0.7828
mixed,32,24,0.75,4.0,256,20480,2048,8192,6656,3891.047,4111.66,4104.492,0.9675
mixed,32,24,0.75,4.0,256,20480,8192,32768,26624,10525.57,12270.594,9376.588,-0.6584
mixed,32,24,0.75,4.0,1024,0,128,512,416,366.566,397.415,366.055,-0.0166
mixed,32,24,0.75,4.0,1024,0,512,2048,1664,802.511,911.632,797.967,-0.0416
mixed,32,24,0.75,4.0,1024,0,2048,8192,6656,2230.666,2679.283,2579.056,0.7766
mixed,32,24,0.75,4.0,1024,0,8192,32768,26624,7982.068,9738.196,9581.683,0.9109
mixed,32,24,0.75,4.0,1024,512,128,512,416,472.362,493.865,474.953,0.1205
mixed,32,24,0.75,4.0,1024,512,512,2048,1664,860.017,1012.178,858.384,-0.0107
mixed,32,24,0.75,4.0,1024,512,2048,8192,6656,2375.981,2826.966,2651.092,0.61
mixed,32,24,0.75,4.0,1024,512,8192,32768,26624,8225.433,10015.642,9790.485,0.8742
mixed,32,24,0.75,4.0,1024,2048,128,512,416,805.839,826.83,817.264,0.5443
mixed,32,24,0.75,4.0,1024,2048,512,2048,1664,1030.869,1134.26,1076.403,0.4404
mixed,32,24,0.75,4.0,1024,2048,2048,8192,6656,2802.933,3238.268,2808.884,0.0137
mixed,32,24,0.75,4.0,1024,2048,8192,32768,26624,8646.465,10460.993,9981.271,0.7356
mixed,32,24,0.75,4.0,1024,8192,128,512,416,1690.207,1755.297,1693.056,0.0438
mixed,32,24,0.75,4.0,1024,8192,512,2048,1664,2406.827,2484.399,2373.005,-0.436
mixed,32,24,0.75,4.0,1024,8192,2048,8192,6656,3308.092,3719.173,3657.478,0.8499
mixed,32,24,0.75,4.0,1024,8192,8192,32768,26624,10272.734,12089.054,10724.776,0.2489
mixed,32,24,0.75,4.0,1024,20480,128,512,416,3389.983,3455.84,3387.906,-0.0315
mixed,32,24,0.75,4.0,1024,20480,512,2048,1664,4107.083,4318.929,4076.236,-0.1456
mixed,32,24,0.75,4.0,1024,20480,2048,8192,6656,5952.72,5927.694,5893.008,
mixed,32,24,0.75,4.0,1024,20480,8192,32768,26624,11537.302,14191.723,12375.781,0.3159
mixed,32,24,0.75,4.0,4096,0,128,512,416,1815.652,1834.498,1813.827,-0.0968
mixed,32,24,0.75,4.0,4096,0,512,2048,1664,2074.246,2156.902,2076.585,0.0283
mixed,32,24,0.75,4.0,4096,0,2048,8192,6656,3781.316,4311.44,3892.295,0.2093
mixed,32,24,0.75,4.0,4096,0,8192,32768,26624,9771.924,11593.434,11017.615,0.6839
mixed,32,24,0.75,4.0,4096,512,128,512,416,2118.121,2142.407,2132.168,0.5784
mixed,32,24,0.75,4.0,4096,512,512,2048,1664,2370.893,2445.676,2361.643,-0.1237
mixed,32,24,0.75,4.0,4096,512,2048,8192,6656,4040.618,4576.213,4171.021,0.2435
mixed,32,24,0.75,4.0,4096,512,8192,32768,26624,10099.389,11921.245,11204.785,0.6067
mixed,32,24,0.75,4.0,4096,2048,128,512,416,3049.078,3071.002,3060.09,0.5023
mixed,32,24,0.75,4.0,4096,2048,512,2048,1664,3263.453,3330.367,3272.764,0.1391
mixed,32,24,0.75,4.0,4096,2048,2048,8192,6656,4736.6,5335.842,4972.189,0.3931
mixed,32,24,0.75,4.0,4096,2048,8192,32768,26624,11121.266,12907.279,11928.67,0.4521
mixed,32,24,0.75,4.0,4096,8192,128,512,416,6621.47,6621.981,6641.627,39.4462
mixed,32,24,0.75,4.0,4096,8192,512,2048,1664,6660.541,6685.918,6648.027,-0.4931
mixed,32,24,0.75,4.0,4096,8192,2048,8192,6656,7896.306,8347.551,8060.086,0.363
mixed,32,24,0.75,4.0,4096,8192,8192,32768,26624,14856.375,16991.455,15275.196,0.1962
mixed,32,24,0.75,4.0,4096,20480,128,512,416,13357.399,13351.934,13347.546,
mixed,32,24,0.75,4.0,4096,20480,512,2048,1664,13356.089,13346.969,13393.053,
mixed,32,24,0.75,4.0,4096,20480,2048,8192,6656,14268.906,14815.637,14189.931,-0.1444
mixed,32,24,0.75,4.0,4096,20480,8192,32768,26624,20675.33,22419.651,21338.19,0.38
mixed,32,24,0.75,4.0,16384,0,128,512,416,19280.744,19295.883,19293.512,0.8434
mixed,32,24,0.75,4.0,16384,0,512,2048,1664,19532.558,19621.041,19535.566,0.034
mixed,32,24,0.75,4.0,16384,0,2048,8192,6656,20577.149,21134.25,20567.362,-0.0176
mixed,32,24,0.75,4.0,16384,0,8192,32768,26624,27444.002,29532.552,28118.093,0.3228
mixed,32,24,0.75,4.0,16384,512,128,512,416,20356.927,20393.724,20366.78,0.2678
mixed,32,24,0.75,4.0,16384,512,512,2048,1664,20620.261,20698.369,20632.642,0.1585
mixed,32,24,0.75,4.0,16384,512,2048,8192,6656,21621.525,22188.708,21620.73,-0.0014
mixed,32,24,0.75,4.0,16384,512,8192,32768,26624,28519.508,30540.762,29140.45,0.3072
mixed,32,24,0.75,4.0,16384,2048,128,512,416,23609.28,23635.709,23613.436,0.1573
mixed,32,24,0.75,4.0,16384,2048,512,2048,1664,23897.381,23927.457,23884.127,-0.4407
mixed,32,24,0.75,4.0,16384,2048,2048,8192,6656,24862.516,25350.425,24872.054,0.0195
mixed,32,24,0.75,4.0,16384,2048,8192,32768,26624,31687.156,33810.78,32166.11,0.2255
mixed,32,24,0.75,4.0,16384,8192,128,512,416,36891.355,33714.392,33430.931,
mixed,32,24,0.75,4.0,16384,8192,512,2048,1664,33643.731,37139.354,37121.333,0.9948
mixed,32,24,0.75,4.0,16384,8192,2048,8192,6656,38034.053,38406.065,38004.62,-0.0791
mixed,32,24,0.75,4.0,16384,8192,8192,32768,26624,44353.824,46426.633,44743.497,0.188
mixed,32,24,0.75,4.0,16384,20480,128,512,416,63633.74,55559.742,55449.819,
mixed,32,24,0.75,4.0,16384,20480,512,2048,1664,55486.174,55485.268,55452.496,
mixed,32,24,0.75,4.0,16384,20480,2048,8192,6656,55911.417,55836.64,63559.881,
mixed,32,24,0.75,4.0,16384,20480,8192,32768,26624,68077.542,71339.682,69976.394,0.5821
mixed,32,24,0.75,4.0,32768,0,128,512,416,72226.998,63331.721,63667.133,
mixed,32,24,0.75,4.0,32768,0,512,2048,1664,63489.865,63702.556,63153.287,-1.5825
mixed,32,24,0.75,4.0,32768,0,2048,8192,6656,64103.702,64397.314,64202.277,0.3357
mixed,32,24,0.75,4.0,32768,0,8192,32768,26624,69432.931,71304.809,69743.052,0.1657
mixed,32,24,0.75,4.0,32768,512,128,512,416,64867.796,65375.485,65338.272,0.9267
mixed,32,24,0.75,4.0,32768,512,512,2048,1664,65566.054,71357.322,67597.321,0.3507
mixed,32,24,0.75,4.0,32768,512,2048,8192,6656,66415.637,66518.867,66401.461,-0.1373
mixed,32,24,0.75,4.0,32768,512,8192,32768,26624,71278.124,73163.215,71563.764,0.1515
mixed,32,24,0.75,4.0,32768,2048,128,512,416,70893.741,70938.406,70867.464,-0.5883
mixed,32,24,0.75,4.0,32768,2048,512,2048,1664,71088.079,71177.49,71143.956,0.6249
mixed,32,24,0.75,4.0,32768,2048,2048,8192,6656,72195.979,72300.42,72016.071,-1.7226
mixed,32,24,0.75,4.0,32768,2048,8192,32768,26624,76891.039,78688.163,77053.767,0.0905
pure,32,29,0.9062,4.0,0,0,128,512,476,141.572,161.347,176.803,1.7816
pure,32,29,0.9062,4.0,0,0,512,2048,1904,379.08,409.191,405.609,0.881
pure,32,29,0.9062,4.0,0,0,2048,8192,7616,1214.873,1325.819,1310.81,0.8647
pure,32,29,0.9062,4.0,0,0,8192,32768,30464,4626.97,4988.577,4938.751,0.8622
mixed,32,29,0.9062,4.0,16,0,128,512,476,181.667,212.645,211.556,0.9648
mixed,32,29,0.9062,4.0,16,0,512,2048,1904,583.947,649.676,647.181,0.962
mixed,32,29,0.9062,4.0,16,0,2048,8192,7616,2205.325,2381.743,2383.215,1.0083
mixed,32,29,0.9062,4.0,16,0,8192,32768,30464,8758.056,9416.854,9355.283,0.9065
mixed,32,29,0.9062,4.0,16,512,128,512,476,197.701,213.092,211.78,0.9148
mixed,32,29,0.9062,4.0,16,512,512,2048,1904,582.443,648.684,648.3,0.9942
mixed,32,29,0.9062,4.0,16,512,2048,8192,7616,2201.962,2387.118,2392.142,1.0271
mixed,32,29,0.9062,4.0,16,512,8192,32768,30464,8704.069,9376.273,9326.737,0.9263
mixed,32,29,0.9062,4.0,16,2048,128,512,476,407.272,423.56,419.912,0.776
mixed,32,29,0.9062,4.0,16,2048,512,2048,1904,616.524,649.548,648.077,0.9555
mixed,32,29,0.9062,4.0,16,2048,2048,8192,7616,2203.244,2384.334,2385.87,1.0085
mixed,32,29,0.9062,4.0,16,2048,8192,32768,30464,8734.086,9317.265,9364.306,1.0807
mixed,32,29,0.9062,4.0,16,8192,128,512,476,1252.024,1268.28,1262.042,0.6163
mixed,32,29,0.9062,4.0,16,8192,512,2048,1904,1463.228,1497.95,1499.388,1.0414
mixed,32,29,0.9062,4.0,16,8192,2048,8192,7616,2293.164,2389.838,2382.732,0.9265
mixed,32,29,0.9062,4.0,16,8192,8192,32768,30464,8695.59,9359.09,9335.378,0.9643
mixed,32,29,0.9062,4.0,16,20480,128,512,476,2935.895,2958.649,2954.168,0.8031
mixed,32,29,0.9062,4.0,16,20480,512,2048,1904,3153.501,3183.164,3182.269,0.9698
mixed,32,29,0.9062,4.0,16,20480,2048,8192,7616,4022.38,4100.27,4106.863,1.0846
mixed,32,29,0.9062,4.0,16,20480,8192,32768,30464,8698.916,9318.257,9332.753,1.0234
mixed,32,29,0.9062,4.0,64,0,128,512,476,182.052,213.988,212.87,0.965
mixed,32,29,0.9062,4.0,64,0,512,2048,1904,585.003,649.26,649.356,1.0015
mixed,32,29,0.9062,4.0,64,0,2048,8192,7616,2206.923,2390.574,2391.342,1.0042
mixed,32,29,0.9062,4.0,64,0,8192,32768,30464,8701.223,9388.817,9367.86,0.9695
mixed,32,29,0.9062,4.0,64,512,128,512,476,200.1,214.722,212.899,0.8753
mixed,32,29,0.9062,4.0,64,512,512,2048,1904,585.868,648.62,648.524,0.9985
mixed,32,29,0.9062,4.0,64,512,2048,8192,7616,2206.185,2381.58,2389.647,1.046
mixed,32,29,0.9062,4.0,64,512,8192,32768,30464,8702.086,9389.588,9333.266,0.9181
mixed,32,29,0.9062,4.0,64,2048,128,512,476,410.088,427.24,423.784,0.7985
mixed,32,29,0.9062,4.0,64,2048,512,2048,1904,615.244,651.468,649.036,0.9329
mixed,32,29,0.9062,4.0,64,2048,2048,8192,7616,2204.52,2386.35,2385.709,0.9965
mixed,32,29,0.9062,4.0,64,2048,8192,32768,30464,8707.75,9317.586,9365.011,1.0778
mixed,32,29,0.9062,4.0,64,8192,128,512,476,1255.129,1269.368,1263.767,0.6066
mixed,32,29,0.9062,4.0,64,8192,512,2048,1904,1464.51,1496.796,1501.724,1.1526
mixed,32,29,0.9062,4.0,64,8192,2048,8192,7616,2296.588,2396.27,2392.909,0.9663
mixed,32,29,0.9062,4.0,64,8192,8192,32768,30464,8666.981,9423.732,9362.132,0.9186
mixed,32,29,0.9062,4.0,64,20480,128,512,476,2939.319,2962.936,2952.953,0.5773
mixed,32,29,0.9062,4.0,64,20480,512,2048,1904,3160.669,3188.474,3189.982,1.0542
mixed,32,29,0.9062,4.0,64,20480,2048,8192,7616,4019.179,4108.045,4108.846,1.009
mixed,32,29,0.9062,4.0,64,20480,8192,32768,30464,8740.167,9393.236,9361.043,0.9507
mixed,32,29,0.9062,4.0,256,0,128,512,476,223.172,255.045,236.645,0.4227
mixed,32,29,0.9062,4.0,256,0,512,2048,1904,614.059,682.189,664.396,0.7388
mixed,32,29,0.9062,4.0,256,0,2048,8192,7616,2218.954,2395.406,2398.477,1.0174
mixed,32,29,0.9062,4.0,256,0,8192,32768,30464,8716.804,9366.065,9337.617,0.9562
mixed,32,29,0.9062,4.0,256,512,128,512,476,267.333,315.749,265.766,-0.0324
mixed,32,29,0.9062,4.0,256,512,512,2048,1904,697.231,764.941,663.212,-0.5024
mixed,32,29,0.9062,4.0,256,512,2048,8192,7616,2321.772,2504.112,2396.11,0.4077
mixed,32,29,0.9062,4.0,256,512,8192,32768,30464,8793.638,9447.124,9379.665,0.8968
mixed,32,29,0.9062,4.0,256,2048,128,512,476,441.929,457.002,455.753,0.9171
mixed,32,29,0.9062,4.0,256,2048,512,2048,1904,865.521,966.93,754.541,-1.0944
mixed,32,29,0.9062,4.0,256,2048,2048,8192,7616,2543.217,2719.763,2397.613,-0.8247
mixed,32,29,0.9062,4.0,256,2048,8192,32768,30464,9010.955,9669.271,9374.097,0.5516
mixed,32,29,0.9062,4.0,256,8192,128,512,476,1284.632,1301.079,1301.339,1.0158
mixed,32,29,0.9062,4.0,256,8192,512,2048,1904,1484.988,1518.941,1517.726,0.9642
mixed,32,29,0.9062,4.0,256,8192,2048,8192,7616,3303.584,3560.449,2707.06,-2.3223
mixed,32,29,0.9062,4.0,256,8192,8192,32768,30464,9886.715,10536.329,9386.387,-0.7702
mixed,32,29,0.9062,4.0,256,20480,128,512,476,2985.657,2999.93,2998.97,0.9327
mixed,32,29,0.9062,4.0,256,20480,512,2048,1904,3186.846,3219.452,3217.98,0.9549
mixed,32,29,0.9062,4.0,256,20480,2048,8192,7616,4024.46,4111.503,4100.494,0.8735
mixed,32,29,0.9062,4.0,256,20480,8192,32768,30464,11609.659,12278.953,10385.957,-1.8283
mixed,32,29,0.9062,4.0,1024,0,128,512,476,368.486,396.039,385.32,0.611
mixed,32,29,0.9062,4.0,1024,0,512,2048,1904,843.376,906.29,843.249,-0.002
mixed,32,29,0.9062,4.0,1024,0,2048,8192,7616,2486.225,2680.786,2617.264,0.6735
mixed,32,29,0.9062,4.0,1024,0,8192,32768,30464,9102.384,9777.723,9638.488,0.7938
mixed,32,29,0.9062,4.0,1024,512,128,512,476,471.401,494.985,487.85,0.6975
mixed,32,29,0.9062,4.0,1024,512,512,2048,1904,917.011,1012.116,959.058,0.4421
mixed,32,29,0.9062,4.0,1024,512,2048,8192,7616,2639.986,2825.845,2710.068,0.3771
mixed,32,29,0.9062,4.0,1024,512,8192,32768,30464,9375.954,10027.36,9846.874,0.7229
mixed,32,29,0.9062,4.0,1024,2048,128,512,476,808.047,825.585,824.594,0.9435
mixed,32,29,0.9062,4.0,1024,2048,512,2048,1904,1068.852,1133.27,1121.013,0.8097
mixed,32,29,0.9062,4.0,1024,2048,2048,8192,7616,3066.973,3243.103,2887.703,-1.0178
mixed,32,29,0.9062,4.0,1024,2048,8192,32768,30464,9762.809,10457.928,10047.871,0.4101
mixed,32,29,0.9062,4.0,1024,8192,128,512,476,1695.744,1755.425,1738.048,0.7088
mixed,32,29,0.9062,4.0,1024,8192,512,2048,1904,2484.239,2483.217,2474.93,
mixed,32,29,0.9062,4.0,1024,8192,2048,8192,7616,3555.333,3718.152,3703.815,0.9119
mixed,32,29,0.9062,4.0,1024,8192,8192,32768,30464,11413.115,12088.134,10837.037,-0.8534
mixed,32,29,0.9062,4.0,1024,20480,128,512,476,3387.584,3450.275,3436.386,0.7785
mixed,32,29,0.9062,4.0,1024,20480,512,2048,1904,4199.79,4324.626,4316.34,0.9336
mixed,32,29,0.9062,4.0,1024,20480,2048,8192,7616,5921.394,5923.89,5926.642,2.1026
mixed,32,29,0.9062,4.0,1024,20480,8192,32768,30464,13192.827,14184.621,13866.122,0.6789
mixed,32,29,0.9062,4.0,4096,0,128,512,476,1813.73,1832.515,1828.322,0.7768
mixed,32,29,0.9062,4.0,4096,0,512,2048,1904,2101.13,2157.098,2128.33,0.486
mixed,32,29,0.9062,4.0,4096,0,2048,8192,7616,4095.374,4310.996,4156.975,0.2857
mixed,32,29,0.9062,4.0,4096,0,8192,32768,30464,10914.257,11581.179,11304.151,0.5846
mixed,32,29,0.9062,4.0,4096,512,128,512,476,2119.786,2142.345,2136.201,0.7276
mixed,32,29,0.9062,4.0,4096,512,512,2048,1904,2392.559,2445.68,2412.048,0.3669
mixed,32,29,0.9062,4.0,4096,512,2048,8192,7616,4355.571,4576.441,4425.494,0.3166
mixed,32,29,0.9062,4.0,4096,512,8192,32768,30464,11232.244,11902.916,11591.933,0.5363
mixed,32,29,0.9062,4.0,4096,2048,128,512,476,3050.072,3076.955,3069.947,0.7393
mixed,32,29,0.9062,4.0,4096,2048,512,2048,1904,3287.583,3331.967,3309.888,0.5025
mixed,32,29,0.9062,4.0,4096,2048,2048,8192,7616,5093.6,5336.869,5199.716,0.4362
mixed,32,29,0.9062,4.0,4096,2048,8192,32768,30464,12229.289,12896.822,12531.056,0.4521
mixed,32,29,0.9062,4.0,4096,8192,128,512,476,6640.094,6640.319,6627.234,-57.1556
mixed,32,29,0.9062,4.0,4096,8192,512,2048,1904,6681.793,6693.856,6669.087,-1.0533
mixed,32,29,0.9062,4.0,4096,8192,2048,8192,7616,8157.918,8348.416,8266.399,0.5695
mixed,32,29,0.9062,4.0,4096,8192,8192,32768,30464,16182.131,16989.316,16607.514,0.527
mixed,32,29,0.9062,4.0,4096,20480,128,512,476,13401.986,13379.07,13358.818,
mixed,32,29,0.9062,4.0,4096,20480,512,2048,1904,13392.29,13400.196,13371.903,-2.5787
mixed,32,29,0.9062,4.0,4096,20480,2048,8192,7616,14570.265,14810.265,14649.397,0.3297
mixed,32,29,0.9062,4.0,4096,20480,8192,32768,30464,21745.983,22406.54,22049.925,0.4601
mixed,32,29,0.9062,4.0,16384,0,128,512,476,19273.939,19313.968,19296.75,0.5699
mixed,32,29,0.9062,4.0,16384,0,512,2048,1904,19571.51,19627.857,19575.354,0.0682
mixed,32,29,0.9062,4.0,16384,0,2048,8192,7616,20917.675,21142.872,20925.456,0.0346
mixed,32,29,0.9062,4.0,16384,0,8192,32768,30464,28712.999,29544.535,29032.623,0.3844
mixed,32,29,0.9062,4.0,16384,512,128,512,476,20360.424,20389.547,20385.956,0.8767
mixed,32,29,0.9062,4.0,16384,512,512,2048,1904,20624.905,20692.303,20682.219,0.8504
mixed,32,29,0.9062,4.0,16384,512,2048,8192,7616,21959.62,22191.817,21972.967,0.0575
mixed,32,29,0.9062,4.0,16384,512,8192,32768,30464,29794.488,30544.68,30023.773,0.3056
mixed,32,29,0.9062,4.0,16384,2048,128,512,476,23610.119,23611.49,23619.842,7.0919
mixed,32,29,0.9062,4.0,16384,2048,512,2048,1904,23922.83,23955.43,23930.219,0.2267
mixed,32,29,0.9062,4.0,16384,2048,2048,8192,7616,25123.677,25354.312,25142.342,0.0809
mixed,32,29,0.9062,4.0,16384,2048,8192,32768,30464,32999.289,33805.705,33216.031,0.2688
mixed,32,29,0.9062,4.0,16384,8192,128,512,476,36870.954,36918.889,33678.789,-66.5936
mixed,32,29,0.9062,4.0,16384,8192,512,2048,1904,33631.013,33669.03,37131.019,92.0642
mixed,32,29,0.9062,4.0,16384,8192,2048,8192,7616,34664.094,34821.886,33884.685,-4.9395
mixed,32,29,0.9062,4.0,16384,8192,8192,32768,30464,40453.64,46413.976,45760.175,0.8903
mixed,32,29,0.9062,4.0,16384,20480,128,512,476,63595.151,63751.86,55187.335,-53.6524
mixed,32,29,0.9062,4.0,16384,20480,512,2048,1904,55472.207,55532.718,55437.741,-0.5696
mixed,32,29,0.9062,4.0,16384,20480,2048,8192,7616,55921.687,56282.322,56064.73,0.3966
mixed,32,29,0.9062,4.0,16384,20480,8192,32768,30464,61736.169,71513.792,70213.612,0.867
mixed,32,29,0.9062,4.0,32768,0,128,512,476,71616.99,63476.872,63359.919,
mixed,32,29,0.9062,4.0,32768,0,512,2048,1904,63731.877,63748.69,63665.488,-3.9487
mixed,32,29,0.9062,4.0,32768,0,2048,8192,7616,64661.769,64665.758,64678.569,4.2116
mixed,32,29,0.9062,4.0,32768,0,8192,32768,30464,70652.892,71331.073,70720.183,0.0992
mixed,32,29,0.9062,4.0,32768,512,128,512,476,65343.278,65415.442,65444.088,1.397
mixed,32,29,0.9062,4.0,32768,512,512,2048,1904,65406.481,65610.559,65676.098,1.3211
mixed,32,29,0.9062,4.0,32768,512,2048,8192,7616,66507.112,66882.061,66585.311,0.2086
mixed,32,29,0.9062,4.0,32768,512,8192,32768,30464,72505.051,73176.654,72576.232,0.106
mixed,32,29,0.9062,4.0,32768,2048,128,512,476,70958.319,70930.593,70953.738,
mixed,32,29,0.9062,4.0,32768,2048,512,2048,1904,71051.978,71216.742,71163.622,0.6776
mixed,32,29,0.9062,4.0,32768,2048,2048,8192,7616,72298.59,72127.772,72465.289,
mixed,32,29,0.9062,4.0,32768,2048,8192,32768,30464,77940.656,78675.748,78043.09,0.1393
pure,128,1,0.0078,4.0,0,0,128,512,131,191.781,445.481,215.013,0.0916
pure,128,1,0.0078,4.0,0,0,512,2048,524,448.201,1363.194,472.585,0.0266
pure,128,1,0.0078,4.0,0,0,2048,8192,2096,1365.403,5005.696,1603.039,0.0653
pure,128,1,0.0078,4.0,0,0,8192,32768,8384,5088.324,19591.196,6147.256,0.073
mixed,128,1,0.0078,4.0,16,0,128,512,131,365.447,817.169,363.27,-0.0048
mixed,128,1,0.0078,4.0,16,0,512,2048,524,821.711,2641.812,840.817,0.0105
mixed,128,1,0.0078,4.0,16,0,2048,8192,2096,2647.826,9963.296,2880.95,0.0319
mixed,128,1,0.0078,4.0,16,0,8192,32768,8384,10104.419,39252.086,11055.128,0.0326
mixed,128,1,0.0078,4.0,16,512,128,512,131,369.832,822.385,367.752,-0.0046
mixed,128,1,0.0078,4.0,16,512,512,2048,524,825.2,2640.051,844.242,0.0105
mixed,128,1,0.0078,4.0,16,512,2048,8192,2096,2641.108,9975.328,2870.391,0.0313
mixed,128,1,0.0078,4.0,16,512,8192,32768,8384,10096.322,39128.725,11039.317,0.0325
mixed,128,1,0.0078,4.0,16,2048,128,512,131,548.619,845.874,547.659,-0.0032
mixed,128,1,0.0078,4.0,16,2048,512,2048,524,849.969,2651.377,851.122,0.0006
mixed,128,1,0.0078,4.0,16,2048,2048,8192,2096,2653.331,9968.642,2890.042,0.0324
mixed,128,1,0.0078,4.0,16,2048,8192,32768,8384,10100.865,39180.307,11065.238,0.0332
mixed,128,1,0.0078,4.0,16,8192,128,512,131,1391.323,1694.787,1389.115,-0.0073
mixed,128,1,0.0078,4.0,16,8192,512,2048,524,1696.608,2891.737,1703.33,0.0056
mixed,128,1,0.0078,4.0,16,8192,2048,8192,2096,2889.049,10001.473,2895.32,0.0009
mixed,128,1,0.0078,4.0,16,8192,8192,32768,8384,10114.403,39344.565,11110.296,0.0341
mixed,128,1,0.0078,4.0,16,20480,128,512,131,3074.074,3383.905,3077.722,0.0118
mixed,128,1,0.0078,4.0,16,20480,512,2048,524,3387.361,4600.377,3386.625,-0.0006
mixed,128,1,0.0078,4.0,16,20480,2048,8192,2096,4599.639,9970.048,4601.497,0.0003
mixed,128,1,0.0078,4.0,16,20480,8192,32768,8384,10134.628,39285.498,11095.384,0.033
mixed,128,1,0.0078,4.0,64,0,128,512,131,365.767,817.776,363.271,-0.0055
mixed,128,1,0.0078,4.0,64,0,512,2048,524,822.895,2639.603,843.281,0.0112
mixed,128,1,0.0078,4.0,64,0,2048,8192,2096,2640.403,9956.864,2881.464,0.0329
mixed,128,1,0.0078,4.0,64,0,8192,32768,8384,10088.483,39240.435,11056.182,0.0332
mixed,128,1,0.0078,4.0,64,512,128,512,131,370.282,823.728,367.815,-0.0054
mixed,128,1,0.0078,4.0,64,512,512,2048,524,828.592,2642.323,845.616,0.0094
mixed,128,1,0.0078,4.0,64,512,2048,8192,2096,2645.616,9975.617,2878.104,0.0317
mixed,128,1,0.0078,4.0,64,512,8192,32768,8384,10095.011,39241.557,11060.469,0.0331
mixed,128,1,0.0078,4.0,64,2048,128,512,131,550.123,849.615,548.971,-0.0038
mixed,128,1,0.0078,4.0,64,2048,512,2048,524,852.112,2655.635,853.491,0.0008
mixed,128,1,0.0078,4.0,64,2048,2048,8192,2096,2660.209,9972.801,2889.081,0.0313
mixed,128,1,0.0078,4.0,64,2048,8192,32768,8384,10082.435,39215.123,11059.446,0.0335
mixed,128,1,0.0078,4.0,64,8192,128,512,131,1395.9,1701.186,1394.011,-0.0062
mixed,128,1,0.0078,4.0,64,8192,512,2048,524,1703.233,2899.384,1703.584,0.0003
mixed,128,1,0.0078,4.0,64,8192,2048,8192,2096,2895.64,9988.705,2897.88,0.0003
mixed,128,1,0.0078,4.0,64,8192,8192,32768,8384,10111.971,39304.823,11103.861,0.034
mixed,128,1,0.0078,4.0,64,20480,128,512,131,3087.261,3383.618,3082.204,-0.0171
mixed,128,1,0.0078,4.0,64,20480,512,2048,524,3390.466,4605.755,3388.387,-0.0017
mixed,128,1,0.0078,4.0,64,20480,2048,8192,2096,4611.289,9979.807,4618.523,0.0013
mixed,128,1,0.0078,4.0,64,20480,8192,32768,8384,10125.283,39322.838,11093.558,0.0332
mixed,128,1,0.0078,4.0,256,0,128,512,131,416.392,852.113,416.424,0.0001
mixed,128,1,0.0078,4.0,256,0,512,2048,524,858.768,2663.221,878.705,0.011
mixed,128,1,0.0078,4.0,256,0,2048,8192,2096,2668.916,9935.616,2902.487,0.0321
mixed,128,1,0.0078,4.0,256,0,8192,32768,8384,10104.453,39059.089,11033.174,0.0321
mixed,128,1,0.0078,4.0,256,512,128,512,131,436.361,865.81,435.53,-0.0019
mixed,128,1,0.0078,4.0,256,512,512,2048,524,870.255,2660.5,901.618,0.0175
mixed,128,1,0.0078,4.0,256,512,2048,8192,2096,2667.093,9924.545,2897.241,0.0317
mixed,128,1,0.0078,4.0,256,512,8192,32768,8384,10101.955,38998.834,11018.613,0.0317
mixed,128,1,0.0078,4.0,256,2048,128,512,131,644.428,964.946,644.364,-0.0002
mixed,128,1,0.0078,4.0,256,2048,512,2048,524,969.01,2666.228,970.354,0.0008
mixed,128,1,0.0078,4.0,256,2048,2048,8192,2096,2681.62,9940.225,2919.961,0.0328
mixed,128,1,0.0078,4.0,256,2048,8192,32768,8384,10087.78,38995.249,11032.724,0.0327
mixed,128,1,0.0078,4.0,256,8192,128,512,131,1488.029,1820.355,1490.493,0.0074
mixed,128,1,0.0078,4.0,256,8192,512,2048,524,1825.411,3176.381,1824.195,-0.0009
mixed,128,1,0.0078,4.0,256,8192,2048,8192,2096,3188.032,9918.53,3186.942,-0.0002
mixed,128,1,0.0078,4.0,256,8192,8192,32768,8384,10078.147,38981.585,11042.037,0.0333
mixed,128,1,0.0078,4.0,256,20480,128,512,131,3177.502,3510.788,3187.102,0.0288
mixed,128,1,0.0078,4.0,256,20480,512,2048,524,3521.86,4887.519,3510.981,-0.008
mixed,128,1,0.0078,4.0,256,20480,2048,8192,2096,4891.261,10461.802,4899.07,0.0014
mixed,128,1,0.0078,4.0,256,20480,8192,32768,8384,10572.016,38966.545,12168.363,0.0562
mixed,128,1,0.0078,4.0,1024,0,128,512,131,651.948,1088.853,651.724,-0.0005
mixed,128,1,0.0078,4.0,1024,0,512,2048,524,1094.232,2825.398,1098.679,0.0026
mixed,128,1,0.0078,4.0,1024,0,2048,8192,2096,2837.622,10064.866,3181.245,0.0475
mixed,128,1,0.0078,4.0,1024,0,8192,32768,8384,10220.966,39129.908,11332.124,0.0384
mixed,128,1,0.0078,4.0,1024,512,128,512,131,735.662,1154.934,735.342,-0.0008
mixed,128,1,0.0078,4.0,1024,512,512,2048,524,1160.055,2891.482,1167.576,0.0043
mixed,128,1,0.0078,4.0,1024,512,2048,8192,2096,2910.745,10071.332,3258.495,0.0486
mixed,128,1,0.0078,4.0,1024,512,8192,32768,8384,10224.837,39180.406,11443.261,0.0421
mixed,128,1,0.0078,4.0,1024,2048,128,512,131,1063.093,1375.003,1060.98,-0.0068
mixed,128,1,0.0078,4.0,1024,2048,512,2048,524,1377.082,3141.022,1385.915,0.005
mixed,128,1,0.0078,4.0,1024,2048,2048,8192,2096,3153.212,10062.946,3343.202,0.0275
mixed,128,1,0.0078,4.0,1024,2048,8192,32768,8384,10217.573,39104.789,12126.06,0.0661
mixed,128,1,0.0078,4.0,1024,8192,128,512,131,2160.97,2698.292,2159.817,-0.0021
mixed,128,1,0.0078,4.0,1024,8192,512,2048,524,2700.372,3949.613,2699.955,-0.0003
mixed,128,1,0.0078,4.0,1024,8192,2048,8192,2096,3965.356,11147.286,3971.981,0.0009
mixed,128,1,0.0078,4.0,1024,8192,8192,32768,8384,11287.162,39082.742,12217.742,0.0335
mixed,128,1,0.0078,4.0,1024,20480,128,512,131,3857.483,4568.633,3850.411,-0.0099
mixed,128,1,0.0078,4.0,1024,20480,512,2048,524,4582.104,6580.257,4592.568,0.0052
mixed,128,1,0.0078,4.0,1024,20480,2048,8192,2096,6586.975,12652.052,6631.234,0.0073
mixed,128,1,0.0078,4.0,1024,20480,8192,32768,8384,12822.777,41787.082,13302.179,0.0166
mixed,128,1,0.0078,4.0,4096,0,128,512,131,2327.788,2746.006,2326.125,-0.004
mixed,128,1,0.0078,4.0,4096,0,512,2048,524,2746.711,4509.08,2755.382,0.0049
mixed,128,1,0.0078,4.0,4096,0,2048,8192,2096,4517.496,11519.617,4554.713,0.0053
mixed,128,1,0.0078,4.0,4096,0,8192,32768,8384,11670.401,39851.271,13279.073,0.0571
mixed,128,1,0.0078,4.0,4096,512,128,512,131,2599.38,3006.938,2595.857,-0.0086
mixed,128,1,0.0078,4.0,4096,512,512,2048,524,3011.515,4766.652,3018.973,0.0042
mixed,128,1,0.0078,4.0,4096,512,2048,8192,2096,4775.228,11802.117,4814.655,0.0056
mixed,128,1,0.0078,4.0,4096,512,8192,32768,8384,11956.937,39870.469,13504.712,0.0554
mixed,128,1,0.0078,4.0,4096,2048,128,512,131,3402.498,3793.608,3404.736,0.0057
mixed,128,1,0.0078,4.0,4096,2048,512,2048,524,3796.523,5549.451,3805.996,0.0054
mixed,128,1,0.0078,4.0,4096,2048,2048,8192,2096,5558.571,12639.35,5601.644,0.0061
mixed,128,1,0.0078,4.0,4096,2048,8192,32768,8384,12809.625,40295.598,14160.882,0.0492
mixed,128,1,0.0078,4.0,4096,8192,128,512,131,6669.888,6935.494,6658.528,-0.0428
mixed,128,1,0.0078,4.0,4096,8192,512,2048,524,6937.735,8696.618,6947.975,0.0058
mixed,128,1,0.0078,4.0,4096,8192,2048,8192,2096,8704.106,15993.623,8748.17,0.006
mixed,128,1,0.0078,4.0,4096,8192,8192,32768,8384,16165.082,43809.396,16911.752,0.027
mixed,128,1,0.0078,4.0,4096,20480,128,512,131,13353.603,13395.94,13334.242,-0.4573
mixed,128,1,0.0078,4.0,4096,20480,512,2048,524,13393.125,15008.515,13399.461,0.0039
mixed,128,1,0.0078,4.0,4096,20480,2048,8192,2096,15019.012,22289.874,15059.171,0.0055
mixed,128,1,0.0078,4.0,4096,20480,8192,32768,8384,22454.196,50493.494,22535.253,0.0029
mixed,128,1,0.0078,4.0,16384,0,128,512,131,20929.657,21274.079,20940.857,0.0325
mixed,128,1,0.0078,4.0,16384,0,512,2048,524,21281.247,22909.566,21279.039,-0.0014
mixed,128,1,0.0078,4.0,16384,0,2048,8192,2096,22916.829,29991.848,22960.477,0.0062
mixed,128,1,0.0078,4.0,16384,0,8192,32768,8384,30164.748,57962.056,30187.402,0.0008
mixed,128,1,0.0078,4.0,16384,512,128,512,131,22009.354,22337.015,22000.62,-0.0267
mixed,128,1,0.0078,4.0,16384,512,512,2048,524,22341.522,23961.298,22342.931,0.0009
mixed,128,1,0.0078,4.0,16384,512,2048,8192,2096,23969.651,31049.726,24012.019,0.006
mixed,128,1,0.0078,4.0,16384,512,8192,32768,8384,31219.274,59052.252,31251.71,0.0012
mixed,128,1,0.0078,4.0,16384,2048,128,512,131,25192.587,25547.794,25201.769,0.0258
mixed,128,1,0.0078,4.0,16384,2048,512,2048,524,25529.171,27115.502,25551.088,0.0138
mixed,128,1,0.0078,4.0,16384,2048,2048,8192,2096,27126.831,34209.242,27172.144,0.0064
mixed,128,1,0.0078,4.0,16384,2048,8192,32768,8384,34374.524,62263.004,34415.871,0.0015
mixed,128,1,0.0078,4.0,16384,8192,128,512,131,38039.592,38336.268,38018.147,-0.0723
mixed,128,1,0.0078,4.0,16384,8192,512,2048,524,38338.825,34616.513,38366.793,
mixed,128,1,0.0078,4.0,16384,8192,2048,8192,2096,39737.831,40752.666,39770.984,0.0327
mixed,128,1,0.0078,4.0,16384,8192,8192,32768,8384,47054.934,75199.673,47102.676,0.0017
mixed,128,1,0.0078,4.0,16384,20480,128,512,131,63882.53,60478.97,55314.036,
mixed,128,1,0.0078,4.0,16384,20480,512,2048,524,55904.803,56977.501,55892.167,-0.0118
mixed,128,1,0.0078,4.0,16384,20480,2048,8192,2096,56977.725,72210.273,65427.011,0.5547
mixed,128,1,0.0078,4.0,16384,20480,8192,32768,8384,65985.259,101484.545,72407.397,0.1809
mixed,128,1,0.0078,4.0,32768,0,128,512,131,75525.867,66261.141,65974.733,
mixed,128,1,0.0078,4.0,32768,0,512,2048,524,73801.031,67310.44,66191.577,
mixed,128,1,0.0078,4.0,32768,0,2048,8192,2096,77084.168,73560.642,67387.691,
mixed,128,1,0.0078,4.0,32768,0,8192,32768,8384,75477.994,112867.241,77407.185,0.0516
mixed,128,1,0.0078,4.0,32768,512,128,512,131,68030.494,75267.524,68047.293,0.0023
mixed,128,1,0.0078,4.0,32768,512,512,2048,524,68482.75,69206.899,68168.001,-0.4346
mixed,128,1,0.0078,4.0,32768,512,2048,8192,2096,76305.024,75409.901,69195.218,
mixed,128,1,0.0078,4.0,32768,512,8192,32768,8384,83516.141,114982.36,80677.333,-0.0902
mixed,128,1,0.0078,4.0,32768,2048,128,512,131,73584.112,74036.874,73731.473,0.3255
mixed,128,1,0.0078,4.0,32768,2048,512,2048,524,74022.261,74826.727,74064.662,0.0527
mixed,128,1,0.0078,4.0,32768,2048,2048,8192,2096,85565.461,80935.966,74792.873,
mixed,128,1,0.0078,4.0,32768,2048,8192,32768,8384,81084.318,121350.142,88988.061,0.1963
pure,128,2,0.0156,4.0,0,0,128,512,134,201.22,445.576,215.492,0.0584
pure,128,2,0.0156,4.0,0,0,512,2048,536,449.706,1356.636,475.209,0.0281
pure,128,2,0.0156,4.0,0,0,2048,8192,2144,1371.613,5006.242,1610.047,0.0656
pure,128,2,0.0156,4.0,0,0,8192,32768,8576,5244.042,19603.68,6153.06,0.0633
mixed,128,2,0.0156,4.0,16,0,128,512,134,367.081,815.061,363.977,-0.0069
mixed,128,2,0.0156,4.0,16,0,512,2048,536,822.997,2642.021,844.887,0.012
mixed,128,2,0.0156,4.0,16,0,2048,8192,2144,2655.716,9947.907,2890.795,0.0322
mixed,128,2,0.0156,4.0,16,0,8192,32768,8576,10423.151,39281.563,11081.599,0.0228
mixed,128,2,0.0156,4.0,16,512,128,512,134,371.337,820.79,368.874,-0.0055
mixed,128,2,0.0156,4.0,16,512,512,2048,536,827.831,2634.726,851.254,0.013
mixed,128,2,0.0156,4.0,16,512,2048,8192,2144,2656.198,9950.177,2889.483,0.032
mixed,128,2,0.0156,4.0,16,512,8192,32768,8576,10423.627,39146.221,11095.866,0.0234
mixed,128,2,0.0156,4.0,16,2048,128,512,134,550.317,846.229,562.703,0.0419
mixed,128,2,0.0156,4.0,16,2048,512,2048,536,850.549,2648.836,877.302,0.0149
mixed,128,2,0.0156,4.0,16,2048,2048,8192,2144,2659.459,9963.548,2902.635,0.0333
mixed,128,2,0.0156,4.0,16,2048,8192,32768,8576,10419.052,39286.758,11069.178,0.0225
mixed,128,2,0.0156,4.0,16,8192,128,512,134,1393.539,1694.667,1401.954,0.0279
mixed,128,2,0.0156,4.0,16,8192,512,2048,536,1700.491,2898.378,1774.126,0.0615
mixed,128,2,0.0156,4.0,16,8192,2048,8192,2144,2905.482,9990.557,3145.423,0.0339
mixed,128,2,0.0156,4.0,16,8192,8192,32768,8576,10450.44,39196.379,11116.314,0.0232
mixed,128,2,0.0156,4.0,16,20480,128,512,134,3083.984,3381.525,3096.846,0.0432
mixed,128,2,0.0156,4.0,16,20480,512,2048,536,3382.997,4603.763,3456.052,0.0598
mixed,128,2,0.0156,4.0,16,20480,2048,8192,2144,4616.051,10002.33,4879.707,0.0489
mixed,128,2,0.0156,4.0,16,20480,8192,32768,8576,10453.125,39261.845,11939.753,0.0516
mixed,128,2,0.0156,4.0,64,0,128,512,134,368.169,818.516,363.241,-0.0109
mixed,128,2,0.0156,4.0,64,0,512,2048,536,824.053,2642.818,848.438,0.0134
mixed,128,2,0.0156,4.0,64,0,2048,8192,2144,2656.45,9938.295,2896.712,0.033
mixed,128,2,0.0156,4.0,64,0,8192,32768,8576,10415.234,39191.531,11060.082,0.0224
mixed,128,2,0.0156,4.0,64,512,128,512,134,372.298,823.027,369.449,-0.0063
mixed,128,2,0.0156,4.0,64,512,512,2048,536,829.141,2636.45,854.517,0.014
mixed,128,2,0.0156,4.0,64,512,2048,8192,2144,2659.235,9954.87,2890.727,0.0317
mixed,128,2,0.0156,4.0,64,512,8192,32768,8576,10426.591,39253.572,11090.703,0.023
mixed,128,2,0.0156,4.0,64,2048,128,512,134,553.005,850.549,561.23,0.0276
mixed,128,2,0.0156,4.0,64,2048,512,2048,536,855.733,2653.506,873.493,0.0099
mixed,128,2,0.0156,4.0,64,2048,2048,8192,2144,2660.833,9978.293,2892.232,0.0316
mixed,128,2,0.0156,4.0,64,2048,8192,32768,8576,10433.342,39318.303,11082.448,0.0225
mixed,128,2,0.0156,4.0,64,8192,128,512,134,1395.971,1698.282,1402.082,0.0202
mixed,128,2,0.0156,4.0,64,8192,512,2048,536,1704.586,2899.912,1778.091,0.0615
mixed,128,2,0.0156,4.0,64,8192,2048,8192,2144,2906.854,9997.106,3150.221,0.0343
mixed,128,2,0.0156,4.0,64,8192,8192,32768,8576,10430.621,39198.167,11155.151,0.0252
mixed,128,2,0.0156,4.0,64,20480,128,512,134,3078.859,3384.721,3095.531,0.0545
mixed,128,2,0.0156,4.0,64,20480,512,2048,536,3386.833,4606.223,3457.588,0.058
mixed,128,2,0.0156,4.0,64,20480,2048,8192,2144,4619.121,9984.755,4873.781,0.0475
mixed,128,2,0.0156,4.0,64,20480,8192,32768,8576,10416.861,39258.098,12027.296,0.0558
mixed,128,2,0.0156,4.0,256,0,128,512,134,418.186,852.627,421.353,0.0073
mixed,128,2,0.0156,4.0,256,0,512,2048,536,858.965,2661.825,916.597,0.032
mixed,128,2,0.0156,4.0,256,0,2048,8192,2144,2681.695,9923.469,2947.817,0.0367
mixed,128,2,0.0156,4.0,256,0,8192,32768,8576,10388.249,39055.303,11095.208,0.0247
mixed,128,2,0.0156,4.0,256,512,128,512,134,437.545,864.596,439.308,0.0041
mixed,128,2,0.0156,4.0,256,512,512,2048,536,872.214,2661.535,949.111,0.043
mixed,128,2,0.0156,4.0,256,512,2048,8192,2144,2679.584,9924.237,3024.936,0.0477
mixed,128,2,0.0156,4.0,256,512,8192,32768,8576,10380.184,39015.072,11167.944,0.0275
mixed,128,2,0.0156,4.0,256,2048,128,512,134,646.224,965.88,646.927,0.0022
mixed,128,2,0.0156,4.0,256,2048,512,2048,536,968.664,2668.863,974.487,0.0034
mixed,128,2,0.0156,4.0,256,2048,2048,8192,2144,2686.591,9917.256,3184.139,0.0688
mixed,128,2,0.0156,4.0,256,2048,8192,32768,8576,10383.606,39110.78,11377.356,0.0346
mixed,128,2,0.0156,4.0,256,8192,128,512,134,1489.859,1822.122,1495.107,0.0158
mixed,128,2,0.0156,4.0,256,8192,512,2048,536,1827.083,3182.124,1828.266,0.0009
mixed,128,2,0.0156,4.0,256,8192,2048,8192,2144,3193.708,9919.785,3196.363,0.0004
mixed,128,2,0.0156,4.0,256,8192,8192,32768,8576,10381.14,38994.226,12041.179,0.058
mixed,128,2,0.0156,4.0,256,20480,128,512,134,3193.611,3514.002,3177.803,-0.0493
mixed,128,2,0.0156,4.0,256,20480,512,2048,536,3517.714,4889.139,3516.115,-0.0012
mixed,128,2,0.0156,4.0,256,20480,2048,8192,2144,4899.857,10456.599,4901.682,0.0003
mixed,128,2,0.0156,4.0,256,20480,8192,32768,8576,10813.692,38965.583,12442.242,0.0578
mixed,128,2,0.0156,4.0,1024,0,128,512,134,654.287,1089.051,654.895,0.0014
mixed,128,2,0.0156,4.0,1024,0,512,2048,536,1094.745,2822.465,1114.363,0.0114
mixed,128,2,0.0156,4.0,1024,0,2048,8192,2144,2845.731,10065.547,3270.54,0.0588
mixed,128,2,0.0156,4.0,1024,0,8192,32768,8576,10511.798,39178.446,11583.629,0.0374
mixed,128,2,0.0156,4.0,1024,512,128,512,134,736.113,1154.555,738.224,0.005
mixed,128,2,0.0156,4.0,1024,512,512,2048,536,1161.02,2891.651,1180.09,0.011
mixed,128,2,0.0156,4.0,1024,512,2048,8192,2144,2916.101,10069.096,3305.291,0.0544
mixed,128,2,0.0156,4.0,1024,512,8192,32768,8576,10522.261,39166.473,11982.39,0.051
mixed,128,2,0.0156,4.0,1024,2048,128,512,134,1059.353,1375.712,1064.568,0.0165
mixed,128,2,0.0156,4.0,1024,2048,512,2048,536,1379.777,3140.392,1397.919,0.0103
mixed,128,2,0.0156,4.0,1024,2048,2048,8192,2144,3155.689,10075.271,3390.0,0.0339
mixed,128,2,0.0156,4.0,1024,2048,8192,32768,8576,10499.825,39181.861,12270.842,0.0617
mixed,128,2,0.0156,4.0,1024,8192,128,512,134,2163.889,2689.694,2165.265,0.0026
mixed,128,2,0.0156,4.0,1024,8192,512,2048,536,2691.676,3947.897,2718.367,0.0212
mixed,128,2,0.0156,4.0,1024,8192,2048,8192,2144,3967.579,11144.385,3999.579,0.0045
mixed,128,2,0.0156,4.0,1024,8192,8192,32768,8576,11569.738,39039.358,12275.642,0.0257
mixed,128,2,0.0156,4.0,1024,20480,128,512,134,3856.377,4576.391,3858.938,0.0036
mixed,128,2,0.0156,4.0,1024,20480,512,2048,536,4579.146,6576.599,4607.85,0.0144
mixed,128,2,0.0156,4.0,1024,20480,2048,8192,2144,6644.857,12654.177,6657.977,0.0022
mixed,128,2,0.0156,4.0,1024,20480,8192,32768,8576,13101.194,41551.217,13778.651,0.0238
mixed,128,2,0.0156,4.0,4096,0,128,512,134,2327.477,2742.175,2330.26,0.0067
mixed,128,2,0.0156,4.0,4096,0,512,2048,536,2746.974,4510.886,2768.701,0.0123
mixed,128,2,0.0156,4.0,4096,0,2048,8192,2144,4525.318,11511.718,4626.026,0.0144
mixed,128,2,0.0156,4.0,4096,0,8192,32768,8576,11951.918,39821.704,13457.49,0.054
mixed,128,2,0.0156,4.0,4096,512,128,512,134,2597.052,3005.573,2598.716,0.0041
mixed,128,2,0.0156,4.0,4096,512,512,2048,536,3011.491,4765.579,3031.652,0.0115
mixed,128,2,0.0156,4.0,4096,512,2048,8192,2144,4780.204,11797.513,4863.183,0.0118
mixed,128,2,0.0156,4.0,4096,512,8192,32768,8576,12220.821,39860.869,13682.549,0.0529
mixed,128,2,0.0156,4.0,4096,2048,128,512,134,3401.036,3792.47,3407.213,0.0158
mixed,128,2,0.0156,4.0,4096,2048,512,2048,536,3797.429,5549.853,3818.901,0.0123
mixed,128,2,0.0156,4.0,4096,2048,2048,8192,2144,5566.303,12651.008,5653.632,0.0123
mixed,128,2,0.0156,4.0,4096,2048,8192,32768,8576,13070.31,40335.37,14352.388,0.047
mixed,128,2,0.0156,4.0,4096,8192,128,512,134,6672.087,6933.947,6668.182,-0.0149
mixed,128,2,0.0156,4.0,4096,8192,512,2048,536,6940.605,8695.94,6962.366,0.0124
mixed,128,2,0.0156,4.0,4096,8192,2048,8192,2144,8709.57,15985.672,8799.046,0.0123
mixed,128,2,0.0156,4.0,4096,8192,8192,32768,8576,16459.985,43866.04,17088.319,0.0229
mixed,128,2,0.0156,4.0,4096,20480,128,512,134,13298.92,13386.702,13327.819,0.3292
mixed,128,2,0.0156,4.0,4096,20480,512,2048,536,13397.228,15011.44,13400.554,0.0021
mixed,128,2,0.0156,4.0,4096,20480,2048,8192,2144,15023.697,22285.619,15109.938,0.0119
mixed,128,2,0.0156,4.0,4096,20480,8192,32768,8576,22765.246,50458.278,22724.219,-0.0015
mixed,128,2,0.0156,4.0,16384,0,128,512,134,20930.708,21273.725,20934.709,0.0117
mixed,128,2,0.0156,4.0,16384,0,512,2048,536,21294.713,22908.573,21301.628,0.0043
mixed,128,2,0.0156,4.0,16384,0,2048,8192,2144,22923.518,30002.685,23012.451,0.0126
mixed,128,2,0.0156,4.0,16384,0,8192,32768,8576,30449.027,57984.268,30432.1,-0.0006
mixed,128,2,0.0156,4.0,16384,512,128,512,134,22006.856,22328.017,22000.809,-0.0188
mixed,128,2,0.0156,4.0,16384,512,512,2048,536,22335.956,23964.595,22355.44,0.012
mixed,128,2,0.0156,4.0,16384,512,2048,8192,2144,23977.206,31049.745,24066.293,0.0126
mixed,128,2,0.0156,4.0,16384,512,8192,32768,8576,31500.349,59008.927,31448.795,-0.0019
mixed,128,2,0.0156,4.0,16384,2048,128,512,134,25215.057,25529.814,25187.536,-0.0874
mixed,128,2,0.0156,4.0,16384,2048,512,2048,536,25531.319,27121.821,25562.644,0.0197
mixed,128,2,0.0156,4.0,16384,2048,2048,8192,2144,27132.22,34212.15,27223.193,0.0128
mixed,128,2,0.0156,4.0,16384,2048,8192,32768,8576,34663.713,62264.513,34614.237,-0.0018
mixed,128,2,0.0156,4.0,16384,8192,128,512,134,38029.93,38357.488,38049.229,0.0589
mixed,128,2,0.0156,4.0,16384,8192,512,2048,536,33693.64,39724.143,38378.162,0.7768
mixed,128,2,0.0156,4.0,16384,8192,2048,8192,2144,39734.642,46877.418,39830.194,0.0134
mixed,128,2,0.0156,4.0,16384,8192,8192,32768,8576,47334.485,75160.664,47294.065,-0.0015
mixed,128,2,0.0156,4.0,16384,20480,128,512,134,63835.871,55758.378,61970.393,
mixed,128,2,0.0156,4.0,16384,20480,512,2048,536,55562.99,56649.542,61906.522,5.8382
mixed,128,2,0.0156,4.0,16384,20480,2048,8192,2144,56683.332,65855.697,64550.997,0.8578
mixed,128,2,0.0156,4.0,16384,20480,8192,32768,8576,72642.789,101459.866,72618.242,-0.0009
mixed,128,2,0.0156,4.0,32768,0,128,512,134,75536.711,65858.699,65999.383,
mixed,128,2,0.0156,4.0,32768,0,512,2048,536,66219.602,67370.703,66530.678,0.2702
mixed,128,2,0.0156,4.0,32768,0,2048,8192,2144,67345.618,84159.36,68159.521,0.0484
mixed,128,2,0.0156,4.0,32768,0,8192,32768,8576,81058.01,112878.486,84589.898,0.111
mixed,128,2,0.0156,4.0,32768,512,128,512,134,77578.738,68292.861,77696.397,
mixed,128,2,0.0156,4.0,32768,512,512,2048,536,68434.405,69277.687,68105.947,-0.3895
mixed,128,2,0.0156,4.0,32768,512,2048,8192,2144,69173.239,75398.11,69268.151,0.0152
mixed,128,2,0.0156,4.0,32768,512,8192,32768,8576,86736.471,114986.215,86305.289,-0.0153
mixed,128,2,0.0156,4.0,32768,2048,128,512,134,81152.378,74057.822,73671.062,
mixed,128,2,0.0156,4.0,32768,2048,512,2048,536,73948.09,74789.967,74075.488,0.1513
mixed,128,2,0.0156,4.0,32768,2048,2048,8192,2144,74863.511,92631.864,85686.98,0.6091
mixed,128,2,0.0156,4.0,32768,2048,8192,32768,8576,89205.514,121359.147,89138.216,-0.0021
pure,128,3,0.0234,4.0,0,0,128,512,137,193.027,444.938,215.685,0.0899
pure,128,3,0.0234,4.0,0,0,512,2048,548,451.274,1361.726,475.081,0.0261
pure,128,3,0.0234,4.0,0,0,2048,8192,2192,1438.723,5018.638,1616.739,0.0497
pure,128,3,0.0234,4.0,0,0,8192,32768,8768,5314.837,19604.844,6151.398,0.0585
mixed,128,3,0.0234,4.0,16,0,128,512,137,367.529,816.05,364.999,-0.0056
mixed,128,3,0.0234,4.0,16,0,512,2048,548,823.792,2636.217,873.971,0.0277
mixed,128,3,0.0234,4.0,16,0,2048,8192,2192,2801.372,9953.145,3137.508,0.047
mixed,128,3,0.0234,4.0,16,0,8192,32768,8768,10549.863,39240.981,12170.89,0.0565
mixed,128,3,0.0234,4.0,16,512,128,512,137,372.008,820.178,371.176,-0.0019
mixed,128,3,0.0234,4.0,16,512,512,2048,548,827.761,2645.241,878.258,0.0278
mixed,128,3,0.0234,4.0,16,512,2048,8192,2192,2795.868,9955.384,3141.796,0.0483
mixed,128,3,0.0234,4.0,16,512,8192,32768,8768,10561.924,39269.459,12126.215,0.0545
mixed,128,3,0.0234,4.0,16,2048,128,512,137,549.196,847.603,576.748,0.0923
mixed,128,3,0.0234,4.0,16,2048,512,2048,548,853.779,2648.507,933.557,0.0445
mixed,128,3,0.0234,4.0,16,2048,2048,8192,2192,2797.628,9954.808,3148.452,0.049
mixed,128,3,0.0234,4.0,16,2048,8192,32768,8768,10555.364,39269.71,12123.813,0.0546
mixed,128,3,0.0234,4.0,16,8192,128,512,137,1392.636,1692.358,1418.207,0.0853
mixed,128,3,0.0234,4.0,16,8192,512,2048,548,1701.476,2893.438,1781.285,0.067
mixed,128,3,0.0234,4.0,16,8192,2048,8192,2192,2988.895,9985.175,3177.38,0.0269
mixed,128,3,0.0234,4.0,16,8192,8192,32768,8768,10556.002,39262.186,12169.7,0.0562
mixed,128,3,0.0234,4.0,16,20480,128,512,137,3080.259,3384.586,3114.627,0.1129
mixed,128,3,0.0234,4.0,16,20480,512,2048,548,3386.664,4599.491,3462.091,0.0622
mixed,128,3,0.0234,4.0,16,20480,2048,8192,2192,4705.029,9982.166,4886.217,0.0343
mixed,128,3,0.0234,4.0,16,20480,8192,32768,8768,10566.243,39221.833,12197.221,0.0569
mixed,128,3,0.0234,4.0,64,0,128,512,137,367.528,819.313,365.446,-0.0046
mixed,128,3,0.0234,4.0,64,0,512,2048,548,826.193,2642.839,875.988,0.0274
mixed,128,3,0.0234,4.0,64,0,2048,8192,2192,2793.371,9942.869,3113.922,0.0448
mixed,128,3,0.0234,4.0,64,0,8192,32768,8768,10540.835,39153.893,12145.764,0.0561
mixed,128,3,0.0234,4.0,64,512,128,512,137,372.873,823.058,370.344,-0.0056
mixed,128,3,0.0234,4.0,64,512,512,2048,548,830.386,2645.273,880.37,0.0275
mixed,128,3,0.0234,4.0,64,512,2048,8192,2192,2793.019,9963.35,3112.995,0.0446
mixed,128,3,0.0234,4.0,64,512,8192,32768,8768,10534.56,39176.452,12157.349,0.0567
mixed,128,3,0.0234,4.0,64,2048,128,512,137,552.845,850.835,580.846,0.094
mixed,128,3,0.0234,4.0,64,2048,512,2048,548,858.322,2658.008,933.141,0.0416
mixed,128,3,0.0234,4.0,64,2048,2048,8192,2192,2797.467,9968.339,3152.003,0.0494
mixed,128,3,0.0234,4.0,64,2048,8192,32768,8768,10554.718,39211.073,12155.618,0.0559
mixed,128,3,0.0234,4.0,64,8192,128,512,137,1397.821,1697.604,1420.925,0.0771
mixed,128,3,0.0234,4.0,64,8192,512,2048,548,1704.228,2895.037,1781.19,0.0646
mixed,128,3,0.0234,4.0,64,8192,2048,8192,2192,2988.8,10011.541,3183.43,0.0277
mixed,128,3,0.0234,4.0,64,8192,8192,32768,8768,10544.704,39320.297,12196.358,0.0574
mixed,128,3,0.0234,4.0,64,20480,128,512,137,3084.289,3384.489,3113.634,0.0978
mixed,128,3,0.0234,4.0,64,20480,512,2048,548,3395.562,4611.138,3471.145,0.0622
mixed,128,3,0.0234,4.0,64,20480,2048,8192,2192,4709.827,9995.924,4890.312,0.0341
mixed,128,3,0.0234,4.0,64,20480,8192,32768,8768,10572.769,39256.287,12217.667,0.0573
mixed,128,3,0.0234,4.0,256,0,128,512,137,418.921,850.93,423.816,0.0113
mixed,128,3,0.0234,4.0,256,0,512,2048,548,860.179,2663.639,934.483,0.0412
mixed,128,3,0.0234,4.0,256,0,2048,8192,2192,2820.827,9921.65,3138.499,0.0447
mixed,128,3,0.0234,4.0,256,0,8192,32768,8768,10547.873,39030.297,12113.537,0.055
mixed,128,3,0.0234,4.0,256,512,128,512,137,437.385,863.506,442.89,0.0129
mixed,128,3,0.0234,4.0,256,512,512,2048,548,873.649,2658.808,955.188,0.0457
mixed,128,3,0.0234,4.0,256,512,2048,8192,2192,2814.617,9922.705,3189.829,0.0528
mixed,128,3,0.0234,4.0,256,512,8192,32768,8768,10557.599,39062.937,12085.888,0.0536
mixed,128,3,0.0234,4.0,256,2048,128,512,137,646.286,963.828,649.421,0.0099
mixed,128,3,0.0234,4.0,256,2048,512,2048,548,970.453,2668.473,977.749,0.0043
mixed,128,3,0.0234,4.0,256,2048,2048,8192,2192,2819.227,9914.737,3196.676,0.0532
mixed,128,3,0.0234,4.0,256,2048,8192,32768,8768,10543.903,39033.272,12124.224,0.0555
mixed,128,3,0.0234,4.0,256,8192,128,512,137,1489.824,1818.951,1491.711,0.0057
mixed,128,3,0.0234,4.0,256,8192,512,2048,548,1828.871,3179.525,1834.406,0.0041
mixed,128,3,0.0234,4.0,256,8192,2048,8192,2192,3302.662,9919.186,3205.702,-0.0147
mixed,128,3,0.0234,4.0,256,8192,8192,32768,8768,10515.164,39003.701,12168.738,0.058
mixed,128,3,0.0234,4.0,256,20480,128,512,137,3183.331,3508.682,3186.435,0.0095
mixed,128,3,0.0234,4.0,256,20480,512,2048,548,3518.569,4884.071,3524.042,0.004
mixed,128,3,0.0234,4.0,256,20480,2048,8192,2192,5006.377,10447.771,4919.112,-0.016
mixed,128,3,0.0234,4.0,256,20480,8192,32768,8768,10926.085,38947.092,12193.376,0.0452
mixed,128,3,0.0234,4.0,1024,0,128,512,137,654.319,1087.768,658.703,0.0101
mixed,128,3,0.0234,4.0,1024,0,512,2048,548,1097.017,2823.356,1127.094,0.0174
mixed,128,3,0.0234,4.0,1024,0,2048,8192,2192,2975.294,10090.515,3308.455,0.0468
mixed,128,3,0.0234,4.0,1024,0,8192,32768,8768,10687.166,39127.254,12223.808,0.054
mixed,128,3,0.0234,4.0,1024,512,128,512,137,736.622,1153.881,740.655,0.0097
mixed,128,3,0.0234,4.0,1024,512,512,2048,548,1162.424,2897.789,1193.368,0.0178
mixed,128,3,0.0234,4.0,1024,512,2048,8192,2192,3042.688,10072.402,3353.381,0.0442
mixed,128,3,0.0234,4.0,1024,512,8192,32768,8768,10686.208,39176.631,12305.121,0.0568
mixed,128,3,0.0234,4.0,1024,2048,128,512,137,1059.862,1377.853,1068.822,0.0282
mixed,128,3,0.0234,4.0,1024,2048,512,2048,548,1381.182,3138.466,1404.477,0.0133
mixed,128,3,0.0234,4.0,1024,2048,2048,8192,2192,3293.859,10067.892,3443.624,0.0221
mixed,128,3,0.0234,4.0,1024,2048,8192,32768,8768,10669.312,39122.931,12343.267,0.0588
mixed,128,3,0.0234,4.0,1024,8192,128,512,137,2164.813,2696.251,2173.741,0.0168
mixed,128,3,0.0234,4.0,1024,8192,512,2048,548,2698.425,3938.993,2729.979,0.0254
mixed,128,3,0.0234,4.0,1024,8192,2048,8192,2192,4088.214,11139.401,4022.737,-0.0093
mixed,128,3,0.0234,4.0,1024,8192,8192,32768,8768,11729.492,39000.653,12378.946,0.0238
mixed,128,3,0.0234,4.0,1024,20480,128,512,137,3863.311,4576.703,3866.29,0.0042
mixed,128,3,0.0234,4.0,1024,20480,512,2048,548,4582.751,6600.458,4630.848,0.0238
mixed,128,3,0.0234,4.0,1024,20480,2048,8192,2192,6660.204,12657.224,6685.484,0.0042
mixed,128,3,0.0234,4.0,1024,20480,8192,32768,8768,13272.726,41616.358,13804.705,0.0188
mixed,128,3,0.0234,4.0,4096,0,128,512,137,2328.818,2742.969,2333.36,0.011
mixed,128,3,0.0234,4.0,4096,0,512,2048,548,2749.561,4507.326,2781.177,0.018
mixed,128,3,0.0234,4.0,4096,0,2048,8192,2192,4666.05,11510.065,4674.946,0.0013
mixed,128,3,0.0234,4.0,4096,0,8192,32768,8768,12098.204,39809.056,13606.46,0.0544
mixed,128,3,0.0234,4.0,4096,512,128,512,137,2598.359,3005.599,2601.56,0.0079
mixed,128,3,0.0234,4.0,4096,512,512,2048,548,3012.863,4764.742,3044.929,0.0183
mixed,128,3,0.0234,4.0,4096,512,2048,8192,2192,4921.064,11804.535,4913.415,-0.0011
mixed,128,3,0.0234,4.0,4096,512,8192,32768,8768,12391.106,39823.712,13841.475,0.0529
mixed,128,3,0.0234,4.0,4096,2048,128,512,137,3404.263,3792.176,3407.848,0.0092
mixed,128,3,0.0234,4.0,4096,2048,512,2048,548,3799.695,5550.004,3833.456,0.0193
mixed,128,3,0.0234,4.0,4096,2048,2048,8192,2192,5702.328,12643.622,5703.35,0.0001
mixed,128,3,0.0234,4.0,4096,2048,8192,32768,8768,13233.202,40297.447,14522.062,0.0476
mixed,128,3,0.0234,4.0,4096,8192,128,512,137,6663.021,6933.232,6669.005,0.0221
mixed,128,3,0.0234,4.0,4096,8192,512,2048,548,6943.888,8694.26,6974.74,0.0176
mixed,128,3,0.0234,4.0,4096,8192,2048,8192,2192,8847.959,15995.373,8850.456,0.0003
mixed,128,3,0.0234,4.0,4096,8192,8192,32768,8768,16619.547,43870.638,17259.143,0.0235
mixed,128,3,0.0234,4.0,4096,20480,128,512,137,13320.247,13395.575,13330.197,0.1321
mixed,128,3,0.0234,4.0,4096,20480,512,2048,548,13411.514,15008.983,13410.584,-0.0006
mixed,128,3,0.0234,4.0,4096,20480,2048,8192,2192,15163.355,22289.647,15162.942,-0.0001
mixed,128,3,0.0234,4.0,4096,20480,8192,32768,8768,22932.415,50492.313,22920.411,-0.0004
mixed,128,3,0.0234,4.0,16384,0,128,512,137,20932.246,21271.132,20937.811,0.0164
mixed,128,3,0.0234,4.0,16384,0,512,2048,548,21288.474,22908.122,21293.496,0.0031
mixed,128,3,0.0234,4.0,16384,0,2048,8192,2192,23061.601,29994.896,23059.839,-0.0003
mixed,128,3,0.0234,4.0,16384,0,8192,32768,8768,30614.267,57984.308,30648.988,0.0013
mixed,128,3,0.0234,4.0,16384,512,128,512,137,21992.713,22335.76,22002.092,0.0273
mixed,128,3,0.0234,4.0,16384,512,512,2048,548,22344.721,23961.65,22370.576,0.016
mixed,128,3,0.0234,4.0,16384,512,2048,8192,2192,24108.852,31054.597,24113.848,0.0007
mixed,128,3,0.0234,4.0,16384,512,8192,32768,8768,31663.251,59043.913,31649.361,-0.0005
mixed,128,3,0.0234,4.0,16384,2048,128,512,137,25192.714,25547.959,25203.276,0.0297
mixed,128,3,0.0234,4.0,16384,2048,512,2048,548,25554.546,27120.115,25579.282,0.0158
mixed,128,3,0.0234,4.0,16384,2048,2048,8192,2192,27271.734,34219.27,27278.328,0.0009
mixed,128,3,0.0234,4.0,16384,2048,8192,32768,8768,34820.181,62290.412,34807.827,-0.0004
mixed,128,3,0.0234,4.0,16384,8192,128,512,137,37994.773,33676.796,32939.404,
mixed,128,3,0.0234,4.0,16384,8192,512,2048,548,38344.954,39727.321,33252.057,-3.6842
mixed,128,3,0.0234,4.0,16384,8192,2048,8192,2192,39885.086,46892.433,39872.056,-0.0019
mixed,128,3,0.0234,4.0,16384,8192,8192,32768,8768,41313.883,75158.553,47508.475,0.183
mixed,128,3,0.0234,4.0,16384,20480,128,512,137,63843.44,55549.093,56036.108,
mixed,128,3,0.0234,4.0,16384,20480,512,2048,548,56107.858,57093.635,64141.266,8.1493
mixed,128,3,0.0234,4.0,16384,20480,2048,8192,2192,56768.702,63132.738,65490.677,1.3705
mixed,128,3,0.0234,4.0,16384,20480,8192,32768,8768,63226.084,101448.958,72739.561,0.2489
mixed,128,3,0.0234,4.0,32768,0,128,512,137,72241.471,72535.81,65743.478,-22.0766
mixed,128,3,0.0234,4.0,32768,0,512,2048,548,66474.021,67175.985,66137.606,-0.4792
mixed,128,3,0.0234,4.0,32768,0,2048,8192,2192,67352.542,73387.902,67307.548,-0.0075
mixed,128,3,0.0234,4.0,32768,0,8192,32768,8768,81166.141,108297.843,81726.439,0.0207
mixed,128,3,0.0234,4.0,32768,512,128,512,137,67775.948,67940.58,67613.188,-0.9886
mixed,128,3,0.0234,4.0,32768,512,512,2048,548,67919.95,69032.094,67983.822,0.0574
mixed,128,3,0.0234,4.0,32768,512,2048,8192,2192,69133.958,75249.762,69122.219,-0.0019
mixed,128,3,0.0234,4.0,32768,512,8192,32768,8768,75785.108,110348.548,82933.607,0.2068
mixed,128,3,0.0234,4.0,32768,2048,128,512,137,73205.908,73483.878,73664.549,1.65
mixed,128,3,0.0234,4.0,32768,2048,512,2048,548,73529.764,74822.4,73820.264,0.2247
mixed,128,3,0.0234,4.0,32768,2048,2048,8192,2192,75088.556,80807.358,75020.324,-0.0119
mixed,128,3,0.0234,4.0,32768,2048,8192,32768,8768,81306.186,121327.529,93261.309,0.2987
pure,128,4,0.0312,4.0,0,0,128,512,140,193.572,446.154,216.071,0.0891
pure,128,4,0.0312,4.0,0,0,512,2048,560,451.498,1359.103,479.817,0.0312
pure,128,4,0.0312,4.0,0,0,2048,8192,2240,1444.413,5011.272,1618.466,0.0488
pure,128,4,0.0312,4.0,0,0,8192,32768,8960,5470.45,19665.146,6176.48,0.0497
mixed,128,4,0.0312,4.0,16,0,128,512,140,367.848,816.338,365.416,-0.0054
mixed,128,4,0.0312,4.0,16,0,512,2048,560,826.706,2645.719,911.442,0.0466
mixed,128,4,0.0312,4.0,16,0,2048,8192,2240,2805.145,9958.286,3171.139,0.0512
mixed,128,4,0.0312,4.0,16,0,8192,32768,8960,10893.73,39228.014,12193.533,0.0459
mixed,128,4,0.0312,4.0,16,512,128,512,140,372.488,821.138,373.255,0.0017
mixed,128,4,0.0312,4.0,16,512,512,2048,560,829.999,2641.398,935.188,0.0581
mixed,128,4,0.0312,4.0,16,512,2048,8192,2240,2800.028,9964.27,3169.505,0.0516
mixed,128,4,0.0312,4.0,16,512,8192,32768,8960,10902.498,39299.117,12213.116,0.0462
mixed,128,4,0.0312,4.0,16,2048,128,512,140,550.346,848.722,585.676,0.1184
mixed,128,4,0.0312,4.0,16,2048,512,2048,560,853.873,2650.903,935.957,0.0457
mixed,128,4,0.0312,4.0,16,2048,2048,8192,2240,2807.002,9949.614,3182.242,0.0525
mixed,128,4,0.0312,4.0,16,2048,8192,32768,8960,10923.842,39314.89,12212.22,0.0454
mixed,128,4,0.0312,4.0,16,8192,128,512,140,1394.781,1699.459,1422.653,0.0915
mixed,128,4,0.0312,4.0,16,8192,512,2048,560,1702.915,2891.004,1781.381,0.066
mixed,128,4,0.0312,4.0,16,8192,2048,8192,2240,2992.542,9998.542,3185.474,0.0275
mixed,128,4,0.0312,4.0,16,8192,8192,32768,8960,10874.561,39160.296,12217.724,0.0475
mixed,128,4,0.0312,4.0,16,20480,128,512,140,3076.897,3379.398,3113.507,0.121
mixed,128,4,0.0312,4.0,16,20480,512,2048,560,3388.965,4597.471,3461.158,0.0597
mixed,128,4,0.0312,4.0,16,20480,2048,8192,2240,4706.56,9992.718,4898.854,0.0364
mixed,128,4,0.0312,4.0,16,20480,8192,32768,8960,10898.43,39249.831,12263.803,0.0482
mixed,128,4,0.0312,4.0,64,0,128,512,140,368.231,819.346,367.208,-0.0023
mixed,128,4,0.0312,4.0,64,0,512,2048,560,827.89,2638.519,931.955,0.0575
mixed,128,4,0.0312,4.0,64,0,2048,8192,2240,2802.457,9949.935,3176.352,0.0523
mixed,128,4,0.0312,4.0,64,0,8192,32768,8960,10876.67,39295.111,12196.86,0.0465
mixed,128,4,0.0312,4.0,64,512,128,512,140,373.703,823.152,374.248,0.0012
mixed,128,4,0.0312,4.0,64,512,512,2048,560,833.042,2641.302,933.333,0.0555
mixed,128,4,0.0312,4.0,64,512,2048,8192,2240,2798.522,9969.068,3171.007,0.0519
mixed,128,4,0.0312,4.0,64,512,8192,32768,8960,10884.993,39345.352,12231.581,0.0473
mixed,128,4,0.0312,4.0,64,2048,128,512,140,553.739,849.873,587.948,0.1155
mixed,128,4,0.0312,4.0,64,2048,512,2048,560,857.841,2655.191,938.996,0.0452
mixed,128,4,0.0312,4.0,64,2048,2048,8192,2240,2800.986,9956.043,3182.754,0.0534
mixed,128,4,0.0312,4.0,64,2048,8192,32768,8960,10894.782,39159.557,12219.068,0.0469
mixed,128,4,0.0312,4.0,64,8192,128,512,140,1397.405,1698.916,1429.534,0.1066
mixed,128,4,0.0312,4.0,64,8192,512,2048,560,1707.779,2895.388,1786.821,0.0666
mixed,128,4,0.0312,4.0,64,8192,2048,8192,2240,2998.557,10001.743,3192.034,0.0276
mixed,128,4,0.0312,4.0,64,8192,8192,32768,8960,10884.0,39333.351,12238.267,0.0476
mixed,128,4,0.0312,4.0,64,20480,128,512,140,3083.616,3384.932,3107.359,0.0788
mixed,128,4,0.0312,4.0,64,20480,512,2048,560,3395.941,4603.711,3473.096,0.0639
mixed,128,4,0.0312,4.0,64,20480,2048,8192,2240,4713.026,9976.686,4892.419,0.0341
mixed,128,4,0.0312,4.0,64,20480,8192,32768,8960,10909.599,39311.399,12293.214,0.0487
mixed,128,4,0.0312,4.0,256,0,128,512,140,419.463,852.113,427.913,0.0195
mixed,128,4,0.0312,4.0,256,0,512,2048,560,863.889,2663.254,952.563,0.0493
mixed,128,4,0.0312,4.0,256,0,2048,8192,2240,2827.353,9929.1,3197.73,0.0522
mixed,128,4,0.0312,4.0,256,0,8192,32768,8960,10859.552,39032.801,12194.555,0.0474
mixed,128,4,0.0312,4.0,256,512,128,512,140,438.279,865.394,446.089,0.0183
mixed,128,4,0.0312,4.0,256,512,512,2048,560,874.098,2658.294,960.339,0.0483
mixed,128,4,0.0312,4.0,256,512,2048,8192,2240,2823.481,9926.379,3200.224,0.053
mixed,128,4,0.0312,4.0,256,512,8192,32768,8960,10836.414,39014.846,12227.451,0.0494
mixed,128,4,0.0312,4.0,256,2048,128,512,140,645.518,967.027,651.63,0.019
mixed,128,4,0.0312,4.0,256,2048,512,2048,560,971.381,2664.502,985.363,0.0083
mixed,128,4,0.0312,4.0,256,2048,2048,8192,2240,2822.746,9922.22,3205.698,0.0539
mixed,128,4,0.0312,4.0,256,2048,8192,32768,8960,10838.175,39006.239,12226.298,0.0493
mixed,128,4,0.0312,4.0,256,8192,128,512,140,1490.878,1821.541,1495.55,0.0141
mixed,128,4,0.0312,4.0,256,8192,512,2048,560,1830.501,3184.129,1846.149,0.0116
mixed,128,4,0.0312,4.0,256,8192,2048,8192,2240,3304.802,9915.017,3221.187,-0.0126
mixed,128,4,0.0312,4.0,256,8192,8192,32768,8960,10827.199,38993.375,12218.616,0.0494
mixed,128,4,0.0312,4.0,256,20480,128,512,140,3175.199,3508.678,3195.522,0.0609
mixed,128,4,0.0312,4.0,256,20480,512,2048,560,3518.41,4885.572,3533.13,0.0108
mixed,128,4,0.0312,4.0,256,20480,2048,8192,2240,5008.293,10445.078,5112.65,0.0192
mixed,128,4,0.0312,4.0,256,20480,8192,32768,8960,11164.037,39040.575,12220.635,0.0379
mixed,128,4,0.0312,4.0,1024,0,128,512,140,653.838,1089.11,662.508,0.0199
mixed,128,4,0.0312,4.0,1024,0,512,2048,560,1098.711,2823.323,1140.279,0.0241
mixed,128,4,0.0312,4.0,1024,0,2048,8192,2240,2987.548,10066.126,3349.763,0.0512
mixed,128,4,0.0312,4.0,1024,0,8192,32768,8960,10979.232,39143.646,12359.005,0.049
mixed,128,4,0.0312,4.0,1024,512,128,512,140,736.591,1155.066,743.118,0.0156
mixed,128,4,0.0312,4.0,1024,512,512,2048,560,1163.51,2899.226,1206.872,0.025
mixed,128,4,0.0312,4.0,1024,512,2048,8192,2240,3048.511,10065.679,3404.678,0.0508
mixed,128,4,0.0312,4.0,1024,512,8192,32768,8960,10980.481,39129.12,12369.949,0.0494
mixed,128,4,0.0312,4.0,1024,2048,128,512,140,1065.463,1373.115,1069.718,0.0138
mixed,128,4,0.0312,4.0,1024,2048,512,2048,560,1383.42,3141.504,1414.333,0.0176
mixed,128,4,0.0312,4.0,1024,2048,2048,8192,2240,3299.845,10062.127,3531.432,0.0342
mixed,128,4,0.0312,4.0,1024,2048,8192,32768,8960,10957.376,39117.985,12480.639,0.0541
mixed,128,4,0.0312,4.0,1024,8192,128,512,140,2163.085,2688.921,2174.732,0.0221
mixed,128,4,0.0312,4.0,1024,8192,512,2048,560,2697.815,3948.688,2736.472,0.0309
mixed,128,4,0.0312,4.0,1024,8192,2048,8192,2240,4082.005,11132.485,4067.667,-0.002
mixed,128,4,0.0312,4.0,1024,8192,8192,32768,8960,12019.606,39013.184,13360.56,0.0497
mixed,128,4,0.0312,4.0,1024,20480,128,512,140,3858.99,4570.271,3868.623,0.0135
mixed,128,4,0.0312,4.0,1024,20480,512,2048,560,4579.389,6603.111,4652.703,0.0362
mixed,128,4,0.0312,4.0,1024,20480,2048,8192,2240,6681.801,12649.859,6710.506,0.0048
mixed,128,4,0.0312,4.0,1024,20480,8192,32768,8960,13554.42,41678.164,13841.275,0.0102
mixed,128,4,0.0312,4.0,4096,0,128,512,140,2328.017,2744.407,2334.127,0.0147
mixed,128,4,0.0312,4.0,4096,0,512,2048,560,2751.767,4509.981,2793.785,0.0239
mixed,128,4,0.0312,4.0,4096,0,2048,8192,2240,4670.878,11518.157,4727.328,0.0082
mixed,128,4,0.0312,4.0,4096,0,8192,32768,8960,12375.741,39878.575,13758.904,0.0503
mixed,128,4,0.0312,4.0,4096,512,128,512,140,2596.661,3004.542,2604.5,0.0192
mixed,128,4,0.0312,4.0,4096,512,512,2048,560,3014.494,4765.666,3056.928,0.0242
mixed,128,4,0.0312,4.0,4096,512,2048,8192,2240,4928.966,11803.505,4961.542,0.0047
mixed,128,4,0.0312,4.0,4096,512,8192,32768,8960,12649.826,39868.91,13987.103,0.0491
mixed,128,4,0.0312,4.0,4096,2048,128,512,140,3402.789,3793.774,3406.437,0.0093
mixed,128,4,0.0312,4.0,4096,2048,512,2048,560,3800.528,5549.104,3845.837,0.0259
mixed,128,4,0.0312,4.0,4096,2048,2048,8192,2240,5705.62,12637.698,5757.654,0.0075
mixed,128,4,0.0312,4.0,4096,2048,8192,32768,8960,13504.02,40356.602,14681.133,0.0438
mixed,128,4,0.0312,4.0,4096,8192,128,512,140,6666.279,6934.574,6657.96,-0.031
mixed,128,4,0.0312,4.0,4096,8192,512,2048,560,6943.374,8694.322,6989.806,0.0265
mixed,128,4,0.0312,4.0,4096,8192,2048,8192,2240,8855.284,15999.206,8904.12,0.0068
mixed,128,4,0.0312,4.0,4096,8192,8192,32768,8960,16934.455,43947.072,17445.381,0.0189
mixed,128,4,0.0312,4.0,4096,20480,128,512,140,13322.993,13402.865,13334.801,0.1478
mixed,128,4,0.0312,4.0,4096,20480,512,2048,560,13415.729,15010.834,13399.313,-0.0103
mixed,128,4,0.0312,4.0,4096,20480,2048,8192,2240,15169.429,22293.957,15215.095,0.0064
mixed,128,4,0.0312,4.0,4096,20480,8192,32768,8960,23256.603,50514.598,23121.984,-0.0049
mixed,128,4,0.0312,4.0,16384,0,128,512,140,20934.504,21269.491,20947.083,0.0376
mixed,128,4,0.0312,4.0,16384,0,512,2048,560,21282.832,22905.909,21315.221,0.02
mixed,128,4,0.0312,4.0,16384,0,2048,8192,2240,23068.919,30005.287,23119.001,0.0072
mixed,128,4,0.0312,4.0,16384,0,8192,32768,8960,30896.153,58021.858,30873.718,-0.0008
mixed,128,4,0.0312,4.0,16384,512,128,512,140,22012.738,22323.275,22020.866,0.0262
mixed,128,4,0.0312,4.0,16384,512,512,2048,560,22345.576,23965.13,22377.928,0.02
mixed,128,4,0.0312,4.0,16384,512,2048,8192,2240,24120.556,31052.795,24166.412,0.0066
mixed,128,4,0.0312,4.0,16384,512,8192,32768,8960,31946.668,59039.241,31861.393,-0.0031
mixed,128,4,0.0312,4.0,16384,2048,128,512,140,25204.998,25553.096,25208.94,0.0113
mixed,128,4,0.0312,4.0,16384,2048,512,2048,560,25554.638,27123.349,25585.738,0.0198
mixed,128,4,0.0312,4.0,16384,2048,2048,8192,2240,27282.106,34213.834,27335.995,0.0078
mixed,128,4,0.0312,4.0,16384,2048,8192,32768,8960,35106.966,62287.57,35007.449,-0.0037
mixed,128,4,0.0312,4.0,16384,8192,128,512,140,38017.069,38334.548,33132.59,-15.3852
mixed,128,4,0.0312,4.0,16384,8192,512,2048,560,38341.105,39730.914,38390.518,0.0356
mixed,128,4,0.0312,4.0,16384,8192,2048,8192,2240,39885.668,46888.854,39933.029,0.0068
mixed,128,4,0.0312,4.0,16384,8192,8192,32768,8960,47779.839,75155.217,47714.952,-0.0024
mixed,128,4,0.0312,4.0,16384,20480,128,512,140,63820.323,55538.154,55643.915,
mixed,128,4,0.0312,4.0,16384,20480,512,2048,560,55971.503,65400.792,58610.537,0.2799
mixed,128,4,0.0312,4.0,16384,20480,2048,8192,2240,57060.217,72212.631,65519.366,0.5583
mixed,128,4,0.0312,4.0,16384,20480,8192,32768,8960,73106.021,101480.969,73017.957,-0.0031
mixed,128,4,0.0312,4.0,32768,0,128,512,140,72703.434,66282.586,65797.494,
mixed,128,4,0.0312,4.0,32768,0,512,2048,560,66128.187,67187.886,66109.927,-0.0172
mixed,128,4,0.0312,4.0,32768,0,2048,8192,2240,77218.879,73406.595,76189.244,
mixed,128,4,0.0312,4.0,32768,0,8192,32768,8960,79083.71,112856.926,80621.265,0.0455
mixed,128,4,0.0312,4.0,32768,512,128,512,140,77125.591,77957.343,67727.345,-11.2993
mixed,128,4,0.0312,4.0,32768,512,512,2048,560,68207.222,69071.297,67936.406,-0.3134
mixed,128,4,0.0312,4.0,32768,512,2048,8192,2240,78346.481,75250.399,69309.515,
mixed,128,4,0.0312,4.0,32768,512,8192,32768,8960,76040.044,114982.253,83396.277,0.1889
mixed,128,4,0.0312,4.0,32768,2048,128,512,140,73373.921,73814.366,73639.488,0.603
mixed,128,4,0.0312,4.0,32768,2048,512,2048,560,73725.537,75035.86,73615.557,-0.0839
mixed,128,4,0.0312,4.0,32768,2048,2048,8192,2240,77474.516,80776.016,75117.637,-0.7139
mixed,128,4,0.0312,4.0,32768,2048,8192,32768,8960,81587.035,121373.653,89455.025,0.1978
pure,128,8,0.0625,4.0,0,0,128,512,152,195.682,446.245,231.905,0.1446
pure,128,8,0.0625,4.0,0,0,512,2048,608,460.74,1362.413,561.476,0.1117
pure,128,8,0.0625,4.0,0,0,2048,8192,2432,1591.151,5014.77,1918.515,0.0956
pure,128,8,0.0625,4.0,0,0,8192,32768,9728,5907.416,19562.431,7330.601,0.1042
mixed,128,8,0.0625,4.0,16,0,128,512,152,370.085,816.456,387.171,0.0383
mixed,128,8,0.0625,4.0,16,0,512,2048,608,840.841,2643.193,942.984,0.0567
mixed,128,8,0.0625,4.0,16,0,2048,8192,2432,3099.166,9961.316,3205.857,0.0155
mixed,128,8,0.0625,4.0,16,0,8192,32768,9728,11755.316,39270.025,12294.426,0.0196
mixed,128,8,0.0625,4.0,16,512,128,512,152,374.114,820.681,408.838,0.0778
mixed,128,8,0.0625,4.0,16,512,512,2048,608,846.376,2645.051,943.785,0.0542
mixed,128,8,0.0625,4.0,16,512,2048,8192,2432,3100.161,9993.926,3208.35,0.0157
mixed,128,8,0.0625,4.0,16,512,8192,32768,9728,11759.066,39325.72,12290.783,0.0193
mixed,128,8,0.0625,4.0,16,2048,128,512,152,551.016,845.929,588.165,0.126
mixed,128,8,0.0625,4.0,16,2048,512,2048,608,868.616,2653.757,948.683,0.0449
mixed,128,8,0.0625,4.0,16,2048,2048,8192,2432,3100.129,9957.417,3213.345,0.0165
mixed,128,8,0.0625,4.0,16,2048,8192,32768,9728,11792.539,39211.359,12300.549,0.0185
mixed,128,8,0.0625,4.0,16,8192,128,512,152,1395.983,1693.554,1431.024,0.1178
mixed,128,8,0.0625,4.0,16,8192,512,2048,608,1713.938,2892.861,1796.594,0.0701
mixed,128,8,0.0625,4.0,16,8192,2048,8192,2432,3185.283,9996.652,3222.244,0.0054
mixed,128,8,0.0625,4.0,16,8192,8192,32768,9728,11786.304,39340.366,12342.76,0.0202
mixed,128,8,0.0625,4.0,16,20480,128,512,152,3084.866,3382.5,3117.89,0.111
mixed,128,8,0.0625,4.0,16,20480,512,2048,608,3402.629,4601.907,3482.31,0.0664
mixed,128,8,0.0625,4.0,16,20480,2048,8192,2432,4905.75,10000.463,4920.534,0.0029
mixed,128,8,0.0625,4.0,16,20480,8192,32768,9728,11807.108,39310.554,12348.074,0.0197
mixed,128,8,0.0625,4.0,64,0,128,512,152,369.54,817.673,389.411,0.0443
mixed,128,8,0.0625,4.0,64,0,512,2048,608,840.457,2642.046,941.354,0.056
mixed,128,8,0.0625,4.0,64,0,2048,8192,2432,3105.73,9952.626,3205.413,0.0146
mixed,128,8,0.0625,4.0,64,0,8192,32768,9728,11797.128,39218.597,12295.342,0.0182
mixed,128,8,0.0625,4.0,64,512,128,512,152,375.459,821.994,408.837,0.0747
mixed,128,8,0.0625,4.0,64,512,512,2048,608,846.571,2635.52,948.106,0.0568
mixed,128,8,0.0625,4.0,64,512,2048,8192,2432,3097.795,9964.565,3202.116,0.0152
mixed,128,8,0.0625,4.0,64,512,8192,32768,9728,11782.924,39114.029,12282.416,0.0183
mixed,128,8,0.0625,4.0,64,2048,128,512,152,553.926,848.839,588.934,0.1187
mixed,128,8,0.0625,4.0,64,2048,512,2048,608,872.299,2652.256,950.221,0.0438
mixed,128,8,0.0625,4.0,64,2048,2048,8192,2432,3100.135,9985.079,3210.022,0.016
mixed,128,8,0.0625,4.0,64,2048,8192,32768,9728,11767.407,39265.626,12308.788,0.0197
mixed,128,8,0.0625,4.0,64,8192,128,512,152,1398.002,1698.581,1434.866,0.1226
mixed,128,8,0.0625,4.0,64,8192,512,2048,608,1721.524,2902.948,1799.767,0.0662
mixed,128,8,0.0625,4.0,64,8192,2048,8192,2432,3182.152,9992.666,3220.36,0.0056
mixed,128,8,0.0625,4.0,64,8192,8192,32768,9728,11808.592,39384.357,12323.48,0.0187
mixed,128,8,0.0625,4.0,64,20480,128,512,152,3080.005,3389.419,3123.879,0.1418
mixed,128,8,0.0625,4.0,64,20480,512,2048,608,3402.698,4605.561,3481.197,0.0653
mixed,128,8,0.0625,4.0,64,20480,2048,8192,2432,4914.173,9993.951,4921.885,0.0015
mixed,128,8,0.0625,4.0,64,20480,8192,32768,9728,11788.053,39245.837,12329.788,0.0197
mixed,128,8,0.0625,4.0,256,0,128,512,152,418.82,852.844,442.118,0.0537
mixed,128,8,0.0625,4.0,256,0,512,2048,608,871.915,2658.817,973.038,0.0566
mixed,128,8,0.0625,4.0,256,0,2048,8192,2432,3118.857,9927.23,3241.993,0.0181
mixed,128,8,0.0625,4.0,256,0,8192,32768,9728,11748.79,39096.821,12309.245,0.0205
mixed,128,8,0.0625,4.0,256,512,128,512,152,438.087,864.522,457.893,0.0464
mixed,128,8,0.0625,4.0,256,512,512,2048,608,884.075,2657.059,978.958,0.0535
mixed,128,8,0.0625,4.0,256,512,2048,8192,2432,3114.313,9926.691,3243.754,0.019
mixed,128,8,0.0625,4.0,256,512,8192,32768,9728,11745.337,39033.723,12298.561,0.0203
mixed,128,8,0.0625,4.0,256,2048,128,512,152,647.24,964.046,665.192,0.0567
mixed,128,8,0.0625,4.0,256,2048,512,2048,608,978.349,2664.996,1050.127,0.0426
mixed,128,8,0.0625,4.0,256,2048,2048,8192,2432,3112.232,9915.683,3246.411,0.0197
mixed,128,8,0.0625,4.0,256,2048,8192,32768,9728,11742.299,38997.732,12292.259,0.0202
mixed,128,8,0.0625,4.0,256,8192,128,512,152,1489.269,1819.673,1509.653,0.0617
mixed,128,8,0.0625,4.0,256,8192,512,2048,608,1834.52,3177.994,1922.713,0.0656
mixed,128,8,0.0625,4.0,256,8192,2048,8192,2432,3530.256,9921.317,3510.126,-0.0031
mixed,128,8,0.0625,4.0,256,8192,8192,32768,9728,11710.333,39016.75,12310.628,0.022
mixed,128,8,0.0625,4.0,256,20480,128,512,152,3174.059,3509.041,3211.243,0.111
mixed,128,8,0.0625,4.0,256,20480,512,2048,608,3526.064,4887.872,3610.608,0.0621
mixed,128,8,0.0625,4.0,256,20480,2048,8192,2432,5228.742,10453.997,5225.128,-0.0007
mixed,128,8,0.0625,4.0,256,20480,8192,32768,9728,11872.032,38938.737,13337.043,0.0541
mixed,128,8,0.0625,4.0,1024,0,128,512,152,654.568,1086.735,675.306,0.048
mixed,128,8,0.0625,4.0,1024,0,512,2048,608,1105.358,2824.422,1190.481,0.0495
mixed,128,8,0.0625,4.0,1024,0,2048,8192,2432,3268.588,10066.859,3482.479,0.0315
mixed,128,8,0.0625,4.0,1024,0,8192,32768,9728,11894.402,39384.158,12532.845,0.0232
mixed,128,8,0.0625,4.0,1024,512,128,512,152,736.555,1154.479,752.778,0.0388
mixed,128,8,0.0625,4.0,1024,512,512,2048,608,1170.384,2895.434,1258.129,0.0509
mixed,128,8,0.0625,4.0,1024,512,2048,8192,2432,3323.822,10073.036,3533.33,0.031
mixed,128,8,0.0625,4.0,1024,512,8192,32768,9728,11886.757,39213.442,12647.217,0.0278
mixed,128,8,0.0625,4.0,1024,2048,128,512,152,1059.279,1376.755,1076.304,0.0536
mixed,128,8,0.0625,4.0,1024,2048,512,2048,608,1386.485,3139.244,1453.59,0.0383
mixed,128,8,0.0625,4.0,1024,2048,2048,8192,2432,3584.084,10070.702,3682.228,0.0151
mixed,128,8,0.0625,4.0,1024,2048,8192,32768,9728,11849.193,39088.842,12888.087,0.0381
mixed,128,8,0.0625,4.0,1024,8192,128,512,152,2166.561,2681.479,2200.64,0.0662
mixed,128,8,0.0625,4.0,1024,8192,512,2048,608,2701.607,3940.538,2780.04,0.0633
mixed,128,8,0.0625,4.0,1024,8192,2048,8192,2432,4364.701,11140.064,4322.43,-0.0062
mixed,128,8,0.0625,4.0,1024,8192,8192,32768,9728,12915.291,39073.361,13490.818,0.022
mixed,128,8,0.0625,4.0,1024,20480,128,512,152,3858.33,4572.578,3888.857,0.0427
mixed,128,8,0.0625,4.0,1024,20480,512,2048,608,4590.337,6581.95,4739.172,0.0747
mixed,128,8,0.0625,4.0,1024,20480,2048,8192,2432,6898.372,12654.295,6944.389,0.008
mixed,128,8,0.0625,4.0,1024,20480,8192,32768,9728,14483.216,41681.69,14901.848,0.0154
mixed,128,8,0.0625,4.0,4096,0,128,512,152,2328.29,2744.007,2343.745,0.0372
mixed,128,8,0.0625,4.0,4096,0,512,2048,608,2755.591,4508.42,2843.626,0.0502
mixed,128,8,0.0625,4.0,4096,0,2048,8192,2432,4959.147,11498.534,4916.17,-0.0066
mixed,128,8,0.0625,4.0,4096,0,8192,32768,9728,13259.076,39796.23,14315.285,0.0398
mixed,128,8,0.0625,4.0,4096,512,128,512,152,2598.631,3006.283,2616.359,0.0435
mixed,128,8,0.0625,4.0,4096,512,512,2048,608,3019.084,4765.318,3108.559,0.0512
mixed,128,8,0.0625,4.0,4096,512,2048,8192,2432,5216.174,11806.319,5160.62,-0.0084
mixed,128,8,0.0625,4.0,4096,512,8192,32768,9728,13531.209,39845.581,14550.295,0.0387
mixed,128,8,0.0625,4.0,4096,2048,128,512,152,3405.524,3793.304,3414.771,0.0238
mixed,128,8,0.0625,4.0,4096,2048,512,2048,608,3806.424,5548.628,3896.827,0.0519
mixed,128,8,0.0625,4.0,4096,2048,2048,8192,2432,5990.745,12653.052,5965.146,-0.0038
mixed,128,8,0.0625,4.0,4096,2048,8192,32768,9728,14380.629,40318.17,15310.275,0.0358
mixed,128,8,0.0625,4.0,4096,8192,128,512,152,6668.068,6935.208,6668.101,0.0001
mixed,128,8,0.0625,4.0,4096,8192,512,2048,608,6950.568,8703.201,7041.48,0.0519
mixed,128,8,0.0625,4.0,4096,8192,2048,8192,2432,9139.017,16000.176,9109.929,-0.0042
mixed,128,8,0.0625,4.0,4096,8192,8192,32768,9728,17873.388,43854.067,18279.957,0.0156
mixed,128,8,0.0625,4.0,4096,20480,128,512,152,13354.922,13378.761,13312.938,-1.7611
mixed,128,8,0.0625,4.0,4096,20480,512,2048,608,13389.322,15009.254,13438.348,0.0303
mixed,128,8,0.0625,4.0,4096,20480,2048,8192,2432,15445.994,22272.88,15422.923,-0.0034
mixed,128,8,0.0625,4.0,4096,20480,8192,32768,9728,24271.474,50459.166,24503.032,0.0088
mixed,128,8,0.0625,4.0,16384,0,128,512,152,20930.208,21275.554,20954.206,0.0695
mixed,128,8,0.0625,4.0,16384,0,512,2048,608,21277.382,22907.646,21350.088,0.0446
mixed,128,8,0.0625,4.0,16384,0,2048,8192,2432,23346.18,29992.106,23318.085,-0.0042
mixed,128,8,0.0625,4.0,16384,0,8192,32768,9728,31791.753,57964.794,31656.996,-0.0051
mixed,128,8,0.0625,4.0,16384,512,128,512,152,21988.465,22328.182,22028.949,0.1192
mixed,128,8,0.0625,4.0,16384,512,512,2048,608,22351.158,23957.842,22423.641,0.0451
mixed,128,8,0.0625,4.0,16384,512,2048,8192,2432,24405.367,31049.341,24366.135,-0.0059
mixed,128,8,0.0625,4.0,16384,512,8192,32768,9728,32847.548,59017.422,32663.097,-0.007
mixed,128,8,0.0625,4.0,16384,2048,128,512,152,25195.143,25546.253,25212.746,0.0501
mixed,128,8,0.0625,4.0,16384,2048,512,2048,608,25545.034,27122.887,25598.284,0.0337
mixed,128,8,0.0625,4.0,16384,2048,2048,8192,2432,27558.923,34217.908,27528.269,-0.0046
mixed,128,8,0.0625,4.0,16384,2048,8192,32768,9728,36009.426,62334.281,35818.446,-0.0073
mixed,128,8,0.0625,4.0,16384,8192,128,512,152,37979.281,38347.129,38011.311,0.0871
mixed,128,8,0.0625,4.0,16384,8192,512,2048,608,33682.057,34440.605,38450.295,6.286
mixed,128,8,0.0625,4.0,16384,8192,2048,8192,2432,40183.319,46888.418,40137.973,-0.0068
mixed,128,8,0.0625,4.0,16384,8192,8192,32768,9728,42353.049,75124.347,48542.714,0.1889
mixed,128,8,0.0625,4.0,16384,20480,128,512,152,61839.221,58144.94,55568.653,
mixed,128,8,0.0625,4.0,16384,20480,512,2048,608,56096.915,57109.159,56106.808,0.0098
mixed,128,8,0.0625,4.0,16384,20480,2048,8192,2432,57381.802,69196.263,65655.797,0.7003
mixed,128,8,0.0625,4.0,16384,20480,8192,32768,9728,74038.451,101478.598,73858.416,-0.0066
mixed,128,8,0.0625,4.0,32768,0,128,512,152,75541.84,66235.584,66250.873,
mixed,128,8,0.0625,4.0,32768,0,512,2048,608,72971.176,67098.194,66707.526,
mixed,128,8,0.0625,4.0,32768,0,2048,8192,2432,67801.247,73561.849,67743.198,-0.0101
mixed,128,8,0.0625,4.0,32768,0,8192,32768,9728,75144.374,112858.483,83561.466,0.2232
mixed,128,8,0.0625,4.0,32768,512,128,512,152,77615.93,67980.132,67684.156,
mixed,128,8,0.0625,4.0,32768,512,512,2048,608,68105.859,69053.948,67976.335,-0.1366
mixed,128,8,0.0625,4.0,32768,512,2048,8192,2432,69386.496,85195.679,69355.522,-0.002
mixed,128,8,0.0625,4.0,32768,512,8192,32768,9728,76830.332,114992.997,80508.216,0.0964
mixed,128,8,0.0625,4.0,32768,2048,128,512,152,73269.12,73576.808,73370.376,0.3291
mixed,128,8,0.0625,4.0,32768,2048,512,2048,608,73835.759,74738.144,84403.059,11.7104
mixed,128,8,0.0625,4.0,32768,2048,2048,8192,2432,74932.456,82060.923,85934.486,1.5434
mixed,128,8,0.0625,4.0,32768,2048,8192,32768,9728,82369.347,121363.325,90259.456,0.2023
pure,128,16,0.125,4.0,0,0,128,512,176,204.418,444.263,254.948,0.2107
pure,128,16,0.125,4.0,0,0,512,2048,704,527.529,1358.808,566.569,0.047
pure,128,16,0.125,4.0,0,0,2048,8192,2816,1811.583,5011.666,1925.471,0.0356
pure,128,16,0.125,4.0,0,0,8192,32768,11264,6854.0,19580.191,7369.848,0.0405
mixed,128,16,0.125,4.0,16,0,128,512,176,374.373,816.621,421.576,0.1067
mixed,128,16,0.125,4.0,16,0,512,2048,704,981.806,2643.658,1040.336,0.0352
mixed,128,16,0.125,4.0,16,0,2048,8192,2816,3556.154,9960.002,3537.946,-0.0028
mixed,128,16,0.125,4.0,16,0,8192,32768,11264,13610.11,39290.626,13578.655,-0.0012
mixed,128,16,0.125,4.0,16,512,128,512,176,378.726,823.726,424.551,0.103
mixed,128,16,0.125,4.0,16,512,512,2048,704,980.496,2638.602,1044.338,0.0385
mixed,128,16,0.125,4.0,16,512,2048,8192,2816,3553.882,9948.739,3538.554,-0.0024
mixed,128,16,0.125,4.0,16,512,8192,32768,11264,13595.807,39247.587,13578.56,-0.0007
mixed,128,16,0.125,4.0,16,2048,128,512,176,555.818,845.869,601.579,0.1578
mixed,128,16,0.125,4.0,16,2048,512,2048,704,985.168,2645.004,1049.01,0.0385
mixed,128,16,0.125,4.0,16,2048,2048,8192,2816,3557.308,9943.138,3537.978,-0.003
mixed,128,16,0.125,4.0,16,2048,8192,32768,11264,13643.103,39288.005,13566.397,-0.003
mixed,128,16,0.125,4.0,16,8192,128,512,176,1398.871,1692.636,1442.361,0.148
mixed,128,16,0.125,4.0,16,8192,512,2048,704,1807.678,2890.448,1892.959,0.0788
mixed,128,16,0.125,4.0,16,8192,2048,8192,2816,3575.003,9986.372,3552.091,-0.0036
mixed,128,16,0.125,4.0,16,8192,8192,32768,11264,13582.239,39177.893,13577.854,-0.0002
mixed,128,16,0.125,4.0,16,20480,128,512,176,3090.067,3383.29,3129.109,0.1331
mixed,128,16,0.125,4.0,16,20480,512,2048,704,3495.483,4600.491,3583.548,0.0797
mixed,128,16,0.125,4.0,16,20480,2048,8192,2816,5201.047,9995.045,5247.958,0.0098
mixed,128,16,0.125,4.0,16,20480,8192,32768,11264,13616.097,39268.459,13569.825,-0.0018
mixed,128,16,0.125,4.0,64,0,128,512,176,373.606,818.797,422.375,0.1095
mixed,128,16,0.125,4.0,64,0,512,2048,704,981.328,2648.109,1043.825,0.0375
mixed,128,16,0.125,4.0,64,0,2048,8192,2816,3554.748,9951.269,3539.131,-0.0024
mixed,128,16,0.125,4.0,64,0,8192,32768,11264,13622.787,39305.837,13559.841,-0.0025
mixed,128,16,0.125,4.0,64,512,128,512,176,380.166,822.35,425.991,0.1036
mixed,128,16,0.125,4.0,64,512,512,2048,704,980.242,2644.589,1046.674,0.0399
mixed,128,16,0.125,4.0,64,512,2048,8192,2816,3557.212,9949.959,3537.53,-0.0031
mixed,128,16,0.125,4.0,64,512,8192,32768,11264,13623.937,39206.475,13564.61,-0.0023
mixed,128,16,0.125,4.0,64,2048,128,512,176,564.17,850.478,603.914,0.1388
mixed,128,16,0.125,4.0,64,2048,512,2048,704,985.423,2650.507,1050.961,0.0394
mixed,128,16,0.125,4.0,64,2048,2048,8192,2816,3546.235,9959.718,3537.948,-0.0013
mixed,128,16,0.125,4.0,64,2048,8192,32768,11264,13586.692,39201.423,13574.051,-0.0005
mixed,128,16,0.125,4.0,64,8192,128,512,176,1401.143,1695.773,1445.561,0.1508
mixed,128,16,0.125,4.0,64,8192,512,2048,704,1808.542,2896.753,1899.744,0.0838
mixed,128,16,0.125,4.0,64,8192,2048,8192,2816,3567.101,10003.622,3547.963,-0.003
mixed,128,16,0.125,4.0,64,8192,8192,32768,11264,13597.571,39380.563,13578.596,-0.0007
mixed,128,16,0.125,4.0,64,20480,128,512,176,3085.653,3390.234,3129.49,0.1439
mixed,128,16,0.125,4.0,64,20480,512,2048,704,3489.373,4611.822,3581.243,0.0818
mixed,128,16,0.125,4.0,64,20480,2048,8192,2816,5197.624,9993.063,5252.121,0.0114
mixed,128,16,0.125,4.0,64,20480,8192,32768,11264,13669.896,39331.413,13573.381,-0.0038
mixed,128,16,0.125,4.0,256,0,128,512,176,423.078,853.614,466.887,0.1018
mixed,128,16,0.125,4.0,256,0,512,2048,704,1016.142,2661.709,1078.45,0.0379
mixed,128,16,0.125,4.0,256,0,2048,8192,2816,3568.605,9933.158,3580.477,0.0019
mixed,128,16,0.125,4.0,256,0,8192,32768,11264,13569.798,39031.57,13588.359,0.0007
mixed,128,16,0.125,4.0,256,512,128,512,176,443.304,866.159,486.469,0.1021
mixed,128,16,0.125,4.0,256,512,512,2048,704,1022.32,2659.437,1085.619,0.0387
mixed,128,16,0.125,4.0,256,512,2048,8192,2816,3563.835,9925.258,3587.645,0.0037
mixed,128,16,0.125,4.0,256,512,8192,32768,11264,13556.164,39024.404,13594.055,0.0015
mixed,128,16,0.125,4.0,256,2048,128,512,176,649.547,964.721,685.773,0.1149
mixed,128,16,0.125,4.0,256,2048,512,2048,704,1096.277,2665.869,1156.34,0.0383
mixed,128,16,0.125,4.0,256,2048,2048,8192,2816,3559.708,9920.873,3594.493,0.0055
mixed,128,16,0.125,4.0,256,2048,8192,32768,11264,13558.758,39059.225,13582.821,0.0009
mixed,128,16,0.125,4.0,256,8192,128,512,176,1496.539,1818.528,1538.331,0.1298
mixed,128,16,0.125,4.0,256,8192,512,2048,704,1946.209,3178.742,2013.858,0.0549
mixed,128,16,0.125,4.0,256,8192,2048,8192,2816,3889.762,9907.337,3793.92,-0.0159
mixed,128,16,0.125,4.0,256,8192,8192,32768,11264,13527.111,38984.155,13564.425,0.0015
mixed,128,16,0.125,4.0,256,20480,128,512,176,3192.855,3513.692,3218.422,0.0797
mixed,128,16,0.125,4.0,256,20480,512,2048,704,3634.781,4887.766,3699.871,0.0519
mixed,128,16,0.125,4.0,256,20480,2048,8192,2816,5579.936,10454.29,5550.048,-0.0061
mixed,128,16,0.125,4.0,256,20480,8192,32768,11264,13562.089,38951.992,14576.825,0.04
mixed,128,16,0.125,4.0,1024,0,128,512,176,658.636,1089.331,700.17,0.0964
mixed,128,16,0.125,4.0,1024,0,512,2048,704,1244.63,2823.248,1295.223,0.032
mixed,128,16,0.125,4.0,1024,0,2048,8192,2816,3719.104,10071.598,3834.529,0.0182
mixed,128,16,0.125,4.0,1024,0,8192,32768,11264,13697.417,39156.863,13810.348,0.0044
mixed,128,16,0.125,4.0,1024,512,128,512,176,741.101,1155.315,773.902,0.0792
mixed,128,16,0.125,4.0,1024,512,512,2048,704,1314.166,2893.265,1362.776,0.0308
mixed,128,16,0.125,4.0,1024,512,2048,8192,2816,3751.072,10071.596,3895.746,0.0229
mixed,128,16,0.125,4.0,1024,512,8192,32768,11264,13713.386,39144.64,13886.257,0.0068
mixed,128,16,0.125,4.0,1024,2048,128,512,176,1068.241,1373.463,1098.1,0.0978
mixed,128,16,0.125,4.0,1024,2048,512,2048,704,1510.649,3141.911,1555.675,0.0276
mixed,128,16,0.125,4.0,1024,2048,2048,8192,2816,4019.686,10071.214,4050.918,0.0052
mixed,128,16,0.125,4.0,1024,2048,8192,32768,11264,13688.556,39191.331,14202.517,0.0202
mixed,128,16,0.125,4.0,1024,8192,128,512,176,2170.533,2700.846,2240.932,0.1327
mixed,128,16,0.125,4.0,1024,8192,512,2048,704,2801.073,3954.915,2851.344,0.0436
mixed,128,16,0.125,4.0,1024,8192,2048,8192,2816,4824.021,11139.104,4770.481,-0.0085
mixed,128,16,0.125,4.0,1024,8192,8192,32768,11264,14706.204,39033.471,14785.856,0.0033
mixed,128,16,0.125,4.0,1024,20480,128,512,176,3869.827,4571.471,3942.246,0.1032
mixed,128,16,0.125,4.0,1024,20480,512,2048,704,4830.772,6574.099,4896.593,0.0378
mixed,128,16,0.125,4.0,1024,20480,2048,8192,2816,7225.275,12656.635,7242.877,0.0032
mixed,128,16,0.125,4.0,1024,20480,8192,32768,11264,16341.594,41688.721,16203.896,-0.0054
mixed,128,16,0.125,4.0,4096,0,128,512,176,2331.946,2743.537,2362.89,0.0752
mixed,128,16,0.125,4.0,4096,0,512,2048,704,2899.635,4510.125,2948.946,0.0306
mixed,128,16,0.125,4.0,4096,0,2048,8192,2816,5411.871,11510.983,5307.198,-0.0172
mixed,128,16,0.125,4.0,4096,0,8192,32768,11264,14970.273,39848.019,15641.134,0.027
mixed,128,16,0.125,4.0,4096,512,128,512,176,2601.422,3006.356,2635.628,0.0845
mixed,128,16,0.125,4.0,4096,512,512,2048,704,3165.08,4765.363,3211.928,0.0293
mixed,128,16,0.125,4.0,4096,512,2048,8192,2816,5671.489,11792.553,5586.05,-0.014
mixed,128,16,0.125,4.0,4096,512,8192,32768,11264,15277.481,39917.908,15901.205,0.0253
mixed,128,16,0.125,4.0,4096,2048,128,512,176,3400.575,3793.825,3435.357,0.0884
mixed,128,16,0.125,4.0,4096,2048,512,2048,704,3951.526,5548.928,3999.557,0.0301
mixed,128,16,0.125,4.0,4096,2048,2048,8192,2816,6441.582,12659.165,6391.599,-0.008
mixed,128,16,0.125,4.0,4096,2048,8192,32768,11264,16090.552,40306.044,16722.081,0.0261
mixed,128,16,0.125,4.0,4096,8192,128,512,176,6678.197,6937.336,6665.622,-0.0485
mixed,128,16,0.125,4.0,4096,8192,512,2048,704,7097.598,8695.318,7147.486,0.0312
mixed,128,16,0.125,4.0,4096,8192,2048,8192,2816,9588.617,15985.141,9525.512,-0.0099
mixed,128,16,0.125,4.0,4096,8192,8192,32768,11264,19660.729,43834.331,19801.529,0.0058
mixed,128,16,0.125,4.0,4096,20480,128,512,176,13361.128,13388.268,13338.475,-0.8347
mixed,128,16,0.125,4.0,4096,20480,512,2048,704,13464.94,15011.559,13493.292,0.0183
mixed,128,16,0.125,4.0,4096,20480,2048,8192,2816,15899.796,22280.514,15838.486,-0.0096
mixed,128,16,0.125,4.0,4096,20480,8192,32768,11264,26151.431,50506.482,26020.836,-0.0054
mixed,128,16,0.125,4.0,16384,0,128,512,176,20942.609,21276.405,20964.656,0.066
mixed,128,16,0.125,4.0,16384,0,512,2048,704,21391.959,22905.49,21423.257,0.0207
mixed,128,16,0.125,4.0,16384,0,2048,8192,2816,23796.769,30006.698,23733.375,-0.0102
mixed,128,16,0.125,4.0,16384,0,8192,32768,11264,33591.627,57981.717,33269.414,-0.0132
mixed,128,16,0.125,4.0,16384,512,128,512,176,22012.99,22335.464,22032.739,0.0612
mixed,128,16,0.125,4.0,16384,512,512,2048,704,22456.393,23965.317,22480.97,0.0163
mixed,128,16,0.125,4.0,16384,512,2048,8192,2816,24850.868,31048.992,24781.873,-0.0111
mixed,128,16,0.125,4.0,16384,512,8192,32768,11264,34651.655,59013.159,34331.705,-0.0131
mixed,128,16,0.125,4.0,16384,2048,128,512,176,25205.436,25540.322,25257.311,0.1549
mixed,128,16,0.125,4.0,16384,2048,512,2048,704,25673.829,27125.947,25697.444,0.0163
mixed,128,16,0.125,4.0,16384,2048,2048,8192,2816,28009.005,34215.48,27944.236,-0.0104
mixed,128,16,0.125,4.0,16384,2048,8192,32768,11264,37810.584,62274.373,37494.001,-0.0129
mixed,128,16,0.125,4.0,16384,8192,128,512,176,38050.873,38368.354,33123.846,-15.5191
mixed,128,16,0.125,4.0,16384,8192,512,2048,704,33506.607,39730.268,38507.752,0.8036
mixed,128,16,0.125,4.0,16384,8192,2048,8192,2816,40632.941,46890.491,40562.122,-0.0113
mixed,128,16,0.125,4.0,16384,8192,8192,32768,11264,50502.298,75132.875,50243.89,-0.0105
mixed,128,16,0.125,4.0,16384,20480,128,512,176,63865.54,55444.944,55624.304,
mixed,128,16,0.125,4.0,16384,20480,512,2048,704,64297.294,65352.927,55972.507,-7.8861
mixed,128,16,0.125,4.0,16384,20480,2048,8192,2816,57561.781,66062.738,65948.14,0.9865
mixed,128,16,0.125,4.0,16384,20480,8192,32768,11264,66293.008,101430.338,75523.674,0.2627
mixed,128,16,0.125,4.0,32768,0,128,512,176,71804.338,75804.474,65873.168,-1.4827
mixed,128,16,0.125,4.0,32768,0,512,2048,704,66184.718,67223.621,66197.648,0.0124
mixed,128,16,0.125,4.0,32768,0,2048,8192,2816,67956.852,73417.946,74905.331,1.2724
mixed,128,16,0.125,4.0,32768,0,8192,32768,11264,76791.222,112872.244,81754.666,0.1376
mixed,128,16,0.125,4.0,32768,512,128,512,176,67979.898,76771.982,67732.148,-0.0282
mixed,128,16,0.125,4.0,32768,512,512,2048,704,68354.082,69204.05,68108.257,-0.2892
mixed,128,16,0.125,4.0,32768,512,2048,8192,2816,69793.303,75263.714,69913.856,0.022
mixed,128,16,0.125,4.0,32768,512,8192,32768,11264,78408.436,114992.806,88364.938,0.2722
mixed,128,16,0.125,4.0,32768,2048,128,512,176,80602.693,73509.698,73250.048,
mixed,128,16,0.125,4.0,32768,2048,512,2048,704,73891.882,74668.5,73740.136,-0.1954
mixed,128,16,0.125,4.0,32768,2048,2048,8192,2816,75450.823,80785.959,86315.565,2.0365
mixed,128,16,0.125,4.0,32768,2048,8192,32768,11264,91610.088,121325.635,91897.388,0.0097
pure,128,32,0.25,4.0,0,0,128,512,224,210.979,445.96,275.045,0.2726
pure,128,32,0.25,4.0,0,0,512,2048,896,673.548,1364.087,669.069,-0.0065
pure,128,32,0.25,4.0,0,0,2048,8192,3584,2268.329,5021.114,2264.647,-0.0013
pure,128,32,0.25,4.0,0,0,8192,32768,14336,8688.315,19567.293,8651.163,-0.0034
mixed,128,32,0.25,4.0,16,0,128,512,224,387.497,816.783,472.295,0.1975
mixed,128,32,0.25,4.0,16,0,512,2048,896,1264.917,2643.759,1240.661,-0.0176
mixed,128,32,0.25,4.0,16,0,2048,8192,3584,4472.433,9964.339,4385.358,-0.0159
mixed,128,32,0.25,4.0,16,0,8192,32768,14336,17288.148,39265.881,17145.363,-0.0065
mixed,128,32,0.25,4.0,16,512,128,512,224,393.734,822.543,479.273,0.1995
mixed,128,32,0.25,4.0,16,512,512,2048,896,1271.608,2633.295,1246.773,-0.0182
mixed,128,32,0.25,4.0,16,512,2048,8192,3584,4475.664,9961.009,4383.088,-0.0169
mixed,128,32,0.25,4.0,16,512,8192,32768,14336,17250.738,39286.265,17137.553,-0.0051
mixed,128,32,0.25,4.0,16,2048,128,512,224,576.457,845.583,646.957,0.262
mixed,128,32,0.25,4.0,16,2048,512,2048,896,1281.367,2652.752,1265.557,-0.0115
mixed,128,32,0.25,4.0,16,2048,2048,8192,3584,4466.256,9946.066,4397.102,-0.0126
mixed,128,32,0.25,4.0,16,2048,8192,32768,14336,17322.931,39235.13,17389.653,0.003
mixed,128,32,0.25,4.0,16,8192,128,512,224,1412.313,1694.112,1490.396,0.2771
mixed,128,32,0.25,4.0,16,8192,512,2048,896,1993.252,2889.651,2029.892,0.0409
mixed,128,32,0.25,4.0,16,8192,2048,8192,3584,4480.304,10007.601,4461.423,-0.0034
mixed,128,32,0.25,4.0,16,8192,8192,32768,14336,17283.796,39255.194,17169.138,-0.0052
mixed,128,32,0.25,4.0,16,20480,128,512,224,3109.046,3383.867,3177.849,0.2504
mixed,128,32,0.25,4.0,16,20480,512,2048,896,3686.306,4600.69,3719.457,0.0363
mixed,128,32,0.25,4.0,16,20480,2048,8192,3584,5809.896,9976.912,5873.128,0.0152
mixed,128,32,0.25,4.0,16,20480,8192,32768,14336,17311.827,39300.25,17220.819,-0.0041
mixed,128,32,0.25,4.0,64,0,128,512,224,388.55,818.094,471.496,0.1931
mixed,128,32,0.25,4.0,64,0,512,2048,896,1272.632,2642.446,1242.615,-0.0219
mixed,128,32,0.25,4.0,64,0,2048,8192,3584,4473.904,9945.553,4383.022,-0.0166
mixed,128,32,0.25,4.0,64,0,8192,32768,14336,17305.491,39275.291,17159.409,-0.0066
mixed,128,32,0.25,4.0,64,512,128,512,224,394.95,823.088,478.92,0.1961
mixed,128,32,0.25,4.0,64,512,512,2048,896,1273.59,2643.119,1247.03,-0.0194
mixed,128,32,0.25,4.0,64,512,2048,8192,3584,4466.321,9955.793,4387.215,-0.0144
mixed,128,32,0.25,4.0,64,512,8192,32768,14336,17251.38,39184.601,17136.592,-0.0052
mixed,128,32,0.25,4.0,64,2048,128,512,224,576.78,849.103,651.724,0.2752
mixed,128,32,0.25,4.0,64,2048,512,2048,896,1277.078,2654.063,1265.047,-0.0087
mixed,128,32,0.25,4.0,64,2048,2048,8192,3584,4469.424,9973.233,4401.838,-0.0123
mixed,128,32,0.25,4.0,64,2048,8192,32768,14336,17256.435,39168.344,17137.424,-0.0054
mixed,128,32,0.25,4.0,64,8192,128,512,224,1420.121,1698.847,1494.715,0.2676
mixed,128,32,0.25,4.0,64,8192,512,2048,896,1995.173,2892.853,2037.413,0.0471
mixed,128,32,0.25,4.0,64,8192,2048,8192,3584,4478.254,9984.435,4457.552,-0.0038
mixed,128,32,0.25,4.0,64,8192,8192,32768,14336,17271.155,39322.141,17168.113,-0.0047
mixed,128,32,0.25,4.0,64,20480,128,512,224,3106.039,3386.557,3173.242,0.2396
mixed,128,32,0.25,4.0,64,20480,512,2048,896,3681.539,4601.746,3709.891,0.0308
mixed,128,32,0.25,4.0,64,20480,2048,8192,3584,5801.608,9999.891,5876.616,0.0179
mixed,128,32,0.25,4.0,64,20480,8192,32768,14336,17342.037,39171.034,17192.626,-0.0068
mixed,128,32,0.25,4.0,256,0,128,512,224,430.858,853.359,519.241,0.2092
mixed,128,32,0.25,4.0,256,0,512,2048,896,1304.856,2663.536,1281.495,-0.0172
mixed,128,32,0.25,4.0,256,0,2048,8192,3584,4480.304,9930.194,4432.528,-0.0088
mixed,128,32,0.25,4.0,256,0,8192,32768,14336,17210.898,39016.982,17151.442,-0.0027
mixed,128,32,0.25,4.0,256,512,128,512,224,450.535,864.591,538.634,0.2128
mixed,128,32,0.25,4.0,256,512,512,2048,896,1300.728,2657.808,1294.197,-0.0048
mixed,128,32,0.25,4.0,256,512,2048,8192,3584,4476.817,9919.825,4446.159,-0.0056
mixed,128,32,0.25,4.0,256,512,8192,32768,14336,17194.642,39013.59,17177.94,-0.0008
mixed,128,32,0.25,4.0,256,2048,128,512,224,657.996,965.265,725.581,0.22
mixed,128,32,0.25,4.0,256,2048,512,2048,896,1343.224,2669.262,1329.623,-0.0103
mixed,128,32,0.25,4.0,256,2048,2048,8192,3584,4472.305,9916.529,4463.089,-0.0017
mixed,128,32,0.25,4.0,256,2048,8192,32768,14336,17195.699,39008.312,17166.323,-0.0013
mixed,128,32,0.25,4.0,256,8192,128,512,224,1499.898,1817.28,1575.675,0.2388
mixed,128,32,0.25,4.0,256,8192,512,2048,896,2157.062,3172.953,2163.815,0.0066
mixed,128,32,0.25,4.0,256,8192,2048,8192,3584,4575.794,9920.114,4677.203,0.019
mixed,128,32,0.25,4.0,256,8192,8192,32768,14336,17178.483,39019.609,17174.61,-0.0002
mixed,128,32,0.25,4.0,256,20480,128,512,224,3195.481,3515.487,3262.555,0.2096
mixed,128,32,0.25,4.0,256,20480,512,2048,896,3845.092,4885.463,3858.597,0.013
mixed,128,32,0.25,4.0,256,20480,2048,8192,3584,6270.352,10452.731,6377.97,0.0257
mixed,128,32,0.25,4.0,256,20480,8192,32768,14336,17179.923,38966.968,17114.515,-0.003
mixed,128,32,0.25,4.0,1024,0,128,512,224,664.3,1088.788,751.534,0.2055
mixed,128,32,0.25,4.0,1024,0,512,2048,896,1522.429,2821.075,1508.669,-0.0106
mixed,128,32,0.25,4.0,1024,0,2048,8192,3584,4628.723,10073.877,4579.825,-0.009
mixed,128,32,0.25,4.0,1024,0,8192,32768,14336,17333.75,39133.595,17279.095,-0.0025
mixed,128,32,0.25,4.0,1024,512,128,512,224,744.398,1154.806,816.238,0.175
mixed,128,32,0.25,4.0,1024,512,512,2048,896,1594.14,2897.523,1570.715,-0.018
mixed,128,32,0.25,4.0,1024,512,2048,8192,3584,4637.329,10073.045,4630.832,-0.0012
mixed,128,32,0.25,4.0,1024,512,8192,32768,14336,17334.294,39170.749,17300.694,-0.0015
mixed,128,32,0.25,4.0,1024,2048,128,512,224,1071.668,1374.776,1139.732,0.2246
mixed,128,32,0.25,4.0,1024,2048,512,2048,896,1790.497,3139.737,1762.208,-0.021
mixed,128,32,0.25,4.0,1024,2048,2048,8192,3584,4907.928,10063.349,4813.155,-0.0184
mixed,128,32,0.25,4.0,1024,2048,8192,32768,14336,17339.432,39148.836,17278.403,-0.0028
mixed,128,32,0.25,4.0,1024,8192,128,512,224,2178.218,2696.153,2322.031,0.2777
mixed,128,32,0.25,4.0,1024,8192,512,2048,896,3006.531,3954.245,2998.469,-0.0085
mixed,128,32,0.25,4.0,1024,8192,2048,8192,3584,5696.093,11138.13,5548.41,-0.0271
mixed,128,32,0.25,4.0,1024,8192,8192,32768,14336,18358.08,39006.824,18256.728,-0.0049
mixed,128,32,0.25,4.0,1024,20480,128,512,224,3879.423,4570.933,4020.229,0.2036
mixed,128,32,0.25,4.0,1024,20480,512,2048,896,5291.502,6576.506,5242.925,-0.0378
mixed,128,32,0.25,4.0,1024,20480,2048,8192,3584,7969.765,12654.78,7840.671,-0.0276
mixed,128,32,0.25,4.0,1024,20480,8192,32768,14336,19984.905,41675.335,19291.152,-0.032
mixed,128,32,0.25,4.0,4096,0,128,512,224,2334.508,2743.737,2402.158,0.1653
mixed,128,32,0.25,4.0,4096,0,512,2048,896,3183.27,4509.809,3152.645,-0.0231
mixed,128,32,0.25,4.0,4096,0,2048,8192,3584,6299.627,11515.636,6211.208,-0.017
mixed,128,32,0.25,4.0,4096,0,8192,32768,14336,18430.959,39836.089,18594.64,0.0076
mixed,128,32,0.25,4.0,4096,512,128,512,224,2606.548,3007.456,2676.788,0.1752
mixed,128,32,0.25,4.0,4096,512,512,2048,896,3445.836,4767.61,3415.659,-0.0228
mixed,128,32,0.25,4.0,4096,512,2048,8192,3584,6570.287,11802.836,6472.3,-0.0187
mixed,128,32,0.25,4.0,4096,512,8192,32768,14336,18752.719,39902.918,18875.087,0.0058
mixed,128,32,0.25,4.0,4096,2048,128,512,224,3406.09,3792.951,3474.732,0.1774
mixed,128,32,0.25,4.0,4096,2048,512,2048,896,4232.707,5549.998,4202.691,-0.0228
mixed,128,32,0.25,4.0,4096,2048,2048,8192,3584,7360.324,12633.512,7234.368,-0.0239
mixed,128,32,0.25,4.0,4096,2048,8192,32768,14336,19546.683,40339.135,19638.333,0.0044
mixed,128,32,0.25,4.0,4096,8192,128,512,224,6682.255,6936.472,6698.35,0.0633
mixed,128,32,0.25,4.0,4096,8192,512,2048,896,7382.498,8697.708,7352.61,-0.0227
mixed,128,32,0.25,4.0,4096,8192,2048,8192,3584,10484.61,15994.664,10379.71,-0.019
mixed,128,32,0.25,4.0,4096,8192,8192,32768,14336,23038.942,43851.8,22795.669,-0.0117
mixed,128,32,0.25,4.0,4096,20480,128,512,224,13344.275,13397.269,13341.525,-0.0519
mixed,128,32,0.25,4.0,4096,20480,512,2048,896,13684.767,15014.599,13661.629,-0.0174
mixed,128,32,0.25,4.0,4096,20480,2048,8192,3584,16808.795,22289.121,16690.968,-0.0215
mixed,128,32,0.25,4.0,4096,20480,8192,32768,14336,29769.663,50489.451,29192.492,-0.0279
mixed,128,32,0.25,4.0,16384,0,128,512,224,20938.838,21276.252,21020.311,0.2415
mixed,128,32,0.25,4.0,16384,0,512,2048,896,21852.493,22907.688,21568.421,-0.2692
mixed,128,32,0.25,4.0,16384,0,2048,8192,3584,24684.957,30001.435,24552.795,-0.0249
mixed,128,32,0.25,4.0,16384,0,8192,32768,14336,37198.192,57998.227,36854.274,-0.0165
mixed,128,32,0.25,4.0,16384,512,128,512,224,22007.304,22340.5,22080.555,0.2198
mixed,128,32,0.25,4.0,16384,512,512,2048,896,22656.251,23966.367,22648.091,-0.0062
mixed,128,32,0.25,4.0,16384,512,2048,8192,3584,25732.597,31054.511,25607.31,-0.0235
mixed,128,32,0.25,4.0,16384,512,8192,32768,14336,38263.04,58996.571,37901.01,-0.0175
mixed,128,32,0.25,4.0,16384,2048,128,512,224,25211.294,25540.651,25263.618,0.1589
mixed,128,32,0.25,4.0,16384,2048,512,2048,896,25887.312,27122.323,25843.567,-0.0354
mixed,128,32,0.25,4.0,16384,2048,2048,8192,3584,28894.985,34222.652,28767.9,-0.0239
mixed,128,32,0.25,4.0,16384,2048,8192,32768,14336,41442.697,62276.994,41041.5,-0.0193
mixed,128,32,0.25,4.0,16384,8192,128,512,224,38022.659,33664.549,33009.235,
mixed,128,32,0.25,4.0,16384,8192,512,2048,896,38681.653,38394.475,38647.025,
mixed,128,32,0.25,4.0,16384,8192,2048,8192,3584,41518.304,46882.169,41386.682,-0.0245
mixed,128,32,0.25,4.0,16384,8192,8192,32768,14336,54154.92,75179.388,53720.339,-0.0207
mixed,128,32,0.25,4.0,16384,20480,128,512,224,63848.82,55585.257,55708.783,
mixed,128,32,0.25,4.0,16384,20480,512,2048,896,56270.749,65389.656,56133.233,-0.0151
mixed,128,32,0.25,4.0,16384,20480,2048,8192,3584,66804.12,62998.069,66657.558,
mixed,128,32,0.25,4.0,16384,20480,8192,32768,14336,79540.282,101451.841,78883.363,-0.03
mixed,128,32,0.25,4.0,32768,0,128,512,224,75558.023,66360.131,65911.963,
mixed,128,32,0.25,4.0,32768,0,512,2048,896,66495.784,67155.701,66335.069,-0.2435
mixed,128,32,0.25,4.0,32768,0,2048,8192,3584,68749.415,73406.883,68629.984,-0.0256
mixed,128,32,0.25,4.0,32768,0,8192,32768,14336,80366.111,112863.492,90810.428,0.3214
mixed,128,32,0.25,4.0,32768,512,128,512,224,67971.997,67933.944,67723.607,
mixed,128,32,0.25,4.0,32768,512,512,2048,896,68389.002,69029.974,68411.589,0.0352
mixed,128,32,0.25,4.0,32768,512,2048,8192,3584,70591.519,75267.973,70462.948,-0.0275
mixed,128,32,0.25,4.0,32768,512,8192,32768,14336,89462.696,110343.016,85524.244,-0.1886
mixed,128,32,0.25,4.0,32768,2048,128,512,224,73524.994,73910.608,73297.401,-0.5902
mixed,128,32,0.25,4.0,32768,2048,512,2048,896,74067.128,74735.333,73908.393,-0.2376
mixed,128,32,0.25,4.0,32768,2048,2048,8192,3584,76115.497,80783.88,75984.994,-0.028
mixed,128,32,0.25,4.0,32768,2048,8192,32768,14336,95519.444,121333.427,99252.436,0.1446
pure,128,64,0.5,4.0,0,0,128,512,320,301.291,445.163,328.745,0.1908
pure,128,64,0.5,4.0,0,0,512,2048,1280,902.042,1359.108,897.497,-0.0099
pure,128,64,0.5,4.0,0,0,2048,8192,5120,3188.982,5015.271,3185.813,-0.0017
pure,128,64,0.5,4.0,0,0,8192,32768,20480,12312.81,19611.983,12352.845,0.0055
mixed,128,64,0.5,4.0,16,0,128,512,320,528.334,817.302,583.247,0.19
mixed,128,64,0.5,4.0,16,0,512,2048,1280,1725.421,2641.287,1703.311,-0.0241
mixed,128,64,0.5,4.0,16,0,2048,8192,5120,6322.088,9970.379,6051.425,-0.0742
mixed,128,64,0.5,4.0,16,0,8192,32768,20480,24685.039,39239.377,23451.627,-0.0847
mixed,128,64,0.5,4.0,16,512,128,512,320,532.847,820.183,586.127,0.1854
mixed,128,64,0.5,4.0,16,512,512,2048,1280,1729.805,2641.958,1708.751,-0.0231
mixed,128,64,0.5,4.0,16,512,2048,8192,5120,6297.67,9961.03,6059.168,-0.0651
mixed,128,64,0.5,4.0,16,512,8192,32768,20480,24682.439,39179.396,23458.246,-0.0844
mixed,128,64,0.5,4.0,16,2048,128,512,320,662.834,845.431,722.292,0.3256
mixed,128,64,0.5,4.0,16,2048,512,2048,1280,1734.22,2654.661,1714.383,-0.0216
mixed,128,64,0.5,4.0,16,2048,2048,8192,5120,6316.774,9939.94,6070.27,-0.068
mixed,128,64,0.5,4.0,16,2048,8192,32768,20480,24637.439,39270.81,23509.091,-0.0771
mixed,128,64,0.5,4.0,16,8192,128,512,320,1504.775,1695.371,1565.575,0.319
mixed,128,64,0.5,4.0,16,8192,512,2048,1280,2300.924,2889.738,2394.686,0.1592
mixed,128,64,0.5,4.0,16,8192,2048,8192,5120,6322.244,9988.417,6258.017,-0.0175
mixed,128,64,0.5,4.0,16,8192,8192,32768,20480,24655.609,39229.423,23494.331,-0.0797
mixed,128,64,0.5,4.0,16,20480,128,512,320,3195.25,3385.43,3254.195,0.3099
mixed,128,64,0.5,4.0,16,20480,512,2048,1280,3996.296,4600.47,4084.648,0.1462
mixed,128,64,0.5,4.0,16,20480,2048,8192,5120,6992.979,9972.797,7397.883,0.1359
mixed,128,64,0.5,4.0,16,20480,8192,32768,20480,24723.86,39261.54,23543.669,-0.0812
mixed,128,64,0.5,4.0,64,0,128,512,320,528.94,819.605,583.855,0.1889
mixed,128,64,0.5,4.0,64,0,512,2048,1280,1731.948,2645.347,1700.492,-0.0344
mixed,128,64,0.5,4.0,64,0,2048,8192,5120,6310.751,9939.803,6052.985,-0.071
mixed,128,64,0.5,4.0,64,0,8192,32768,20480,24629.516,39325.535,23492.432,-0.0774
mixed,128,64,0.5,4.0,64,512,128,512,320,533.423,821.716,587.31,0.1869
mixed,128,64,0.5,4.0,64,512,512,2048,1280,1735.69,2645.602,1708.97,-0.0294
mixed,128,64,0.5,4.0,64,512,2048,8192,5120,6303.454,9976.537,6065.559,-0.0648
mixed,128,64,0.5,4.0,64,512,8192,32768,20480,24622.918,39251.41,23505.93,-0.0764
mixed,128,64,0.5,4.0,64,2048,128,512,320,659.055,850.453,725.137,0.3453
mixed,128,64,0.5,4.0,64,2048,512,2048,1280,1733.388,2651.714,1717.996,-0.0168
mixed,128,64,0.5,4.0,64,2048,2048,8192,5120,6308.667,9965.335,6064.214,-0.0669
mixed,128,64,0.5,4.0,64,2048,8192,32768,20480,24684.898,39220.136,23483.266,-0.0827
mixed,128,64,0.5,4.0,64,8192,128,512,320,1509.284,1697.738,1571.365,0.3294
mixed,128,64,0.5,4.0,64,8192,512,2048,1280,2307.16,2898.375,2398.171,0.1539
mixed,128,64,0.5,4.0,64,8192,2048,8192,5120,6299.481,10011.54,6270.137,-0.0079
mixed,128,64,0.5,4.0,64,8192,8192,32768,20480,24636.955,39351.714,23510.974,-0.0765
mixed,128,64,0.5,4.0,64,20480,128,512,320,3194.894,3382.93,3252.305,0.3053
mixed,128,64,0.5,4.0,64,20480,512,2048,1280,3995.842,4606.545,4088.837,0.1523
mixed,128,64,0.5,4.0,64,20480,2048,8192,5120,7013.962,9982.676,7403.828,0.1313
mixed,128,64,0.5,4.0,64,20480,8192,32768,20480,24728.664,39219.446,23540.284,-0.082
mixed,128,64,0.5,4.0,256,0,128,512,320,568.365,852.147,628.463,0.2118
mixed,128,64,0.5,4.0,256,0,512,2048,1280,1754.346,2660.001,1726.154,-0.0311
mixed,128,64,0.5,4.0,256,0,2048,8192,5120,6298.457,9926.799,6062.676,-0.065
mixed,128,64,0.5,4.0,256,0,8192,32768,20480,24491.629,39058.798,23425.494,-0.0732
mixed,128,64,0.5,4.0,256,512,128,512,320,586.796,865.269,641.935,0.198
mixed,128,64,0.5,4.0,256,512,512,2048,1280,1754.314,2660.767,1743.466,-0.012
mixed,128,64,0.5,4.0,256,512,2048,8192,5120,6298.775,9923.279,6090.259,-0.0575
mixed,128,64,0.5,4.0,256,512,8192,32768,20480,24489.994,39005.189,23438.543,-0.0724
mixed,128,64,0.5,4.0,256,2048,128,512,320,755.922,964.76,810.485,0.2613
mixed,128,64,0.5,4.0,256,2048,512,2048,1280,1768.619,2668.321,1767.721,-0.001
mixed,128,64,0.5,4.0,256,2048,2048,8192,5120,6286.581,9919.531,6242.389,-0.0122
mixed,128,64,0.5,4.0,256,2048,8192,32768,20480,24484.645,38995.038,23646.034,-0.0578
mixed,128,64,0.5,4.0,256,8192,128,512,320,1605.287,1820.714,1662.119,0.2638
mixed,128,64,0.5,4.0,256,8192,512,2048,1280,2495.547,3182.379,2509.66,0.0205
mixed,128,64,0.5,4.0,256,8192,2048,8192,5120,6302.099,9899.881,6289.973,-0.0034
mixed,128,64,0.5,4.0,256,8192,8192,32768,20480,24445.474,39025.369,24278.172,-0.0115
mixed,128,64,0.5,4.0,256,20480,128,512,320,3300.492,3508.563,3362.543,0.2982
mixed,128,64,0.5,4.0,256,20480,512,2048,1280,4192.355,4885.682,4221.636,0.0422
mixed,128,64,0.5,4.0,256,20480,2048,8192,5120,7649.812,10444.181,7654.259,0.0016
mixed,128,64,0.5,4.0,256,20480,8192,32768,20480,24460.7,38968.689,24452.219,-0.0006
mixed,128,64,0.5,4.0,1024,0,128,512,320,805.843,1088.25,854.804,0.1734
mixed,128,64,0.5,4.0,1024,0,512,2048,1280,1951.886,2822.753,1932.076,-0.0227
mixed,128,64,0.5,4.0,1024,0,2048,8192,5120,6438.167,10063.978,6299.731,-0.0382
mixed,128,64,0.5,4.0,1024,0,8192,32768,20480,24620.446,39125.773,23680.903,-0.0648
mixed,128,64,0.5,4.0,1024,512,128,512,320,871.734,1154.812,920.054,0.1707
mixed,128,64,0.5,4.0,1024,512,512,2048,1280,2025.678,2897.667,1996.334,-0.0337
mixed,128,64,0.5,4.0,1024,512,2048,8192,5120,6444.118,10309.486,6351.86,-0.0239
mixed,128,64,0.5,4.0,1024,512,8192,32768,20480,24608.984,39169.64,23707.045,-0.0619
mixed,128,64,0.5,4.0,1024,2048,128,512,320,1173.884,1376.704,1224.732,0.2507
mixed,128,64,0.5,4.0,1024,2048,512,2048,1280,2245.396,3138.697,2230.77,-0.0164
mixed,128,64,0.5,4.0,1024,2048,2048,8192,5120,6648.921,10055.784,6531.829,-0.0344
mixed,128,64,0.5,4.0,1024,2048,8192,32768,20480,24822.488,39106.788,24043.175,-0.0546
mixed,128,64,0.5,4.0,1024,8192,128,512,320,2412.727,2685.215,2490.298,0.2847
mixed,128,64,0.5,4.0,1024,8192,512,2048,1280,3325.355,3944.826,3319.499,-0.0095
mixed,128,64,0.5,4.0,1024,8192,2048,8192,5120,7542.54,11138.08,7625.007,0.0229
mixed,128,64,0.5,4.0,1024,8192,8192,32768,20480,24624.819,38986.521,24604.946,-0.0014
mixed,128,64,0.5,4.0,1024,20480,128,512,320,4112.992,4572.49,4189.631,0.1668
mixed,128,64,0.5,4.0,1024,20480,512,2048,1280,5887.43,6623.032,5913.317,0.0352
mixed,128,64,0.5,4.0,1024,20480,2048,8192,5120,9129.137,12649.888,9166.64,0.0107
mixed,128,64,0.5,4.0,1024,20480,8192,32768,20480,27148.04,41725.204,26522.874,-0.0429
mixed,128,64,0.5,4.0,4096,0,128,512,320,2456.248,2742.622,2503.354,0.1645
mixed,128,64,0.5,4.0,4096,0,512,2048,1280,3620.787,4509.348,3560.176,-0.0682
mixed,128,64,0.5,4.0,4096,0,2048,8192,5120,8046.102,11516.487,7930.293,-0.0334
mixed,128,64,0.5,4.0,4096,0,8192,32768,20480,25394.428,39828.228,25242.265,-0.0105
mixed,128,64,0.5,4.0,4096,512,128,512,320,2718.462,3006.275,2768.351,0.1733
mixed,128,64,0.5,4.0,4096,512,512,2048,1280,3882.553,4765.869,3823.252,-0.0671
mixed,128,64,0.5,4.0,4096,512,2048,8192,5120,8329.02,11798.343,8169.466,-0.046
mixed,128,64,0.5,4.0,4096,512,8192,32768,20480,25629.025,39918.593,25547.39,-0.0057
mixed,128,64,0.5,4.0,4096,2048,128,512,320,3514.895,3793.587,3554.801,0.1432
mixed,128,64,0.5,4.0,4096,2048,512,2048,1280,4668.712,5545.693,4612.135,-0.0645
mixed,128,64,0.5,4.0,4096,2048,2048,8192,5120,9160.942,12650.331,8937.224,-0.0641
mixed,128,64,0.5,4.0,4096,2048,8192,32768,20480,26451.793,40302.117,26382.476,-0.005
mixed,128,64,0.5,4.0,4096,8192,128,512,320,6727.124,6936.251,6752.504,0.1214
mixed,128,64,0.5,4.0,4096,8192,512,2048,1280,7817.677,8692.514,7760.271,-0.0656
mixed,128,64,0.5,4.0,4096,8192,2048,8192,5120,12309.971,15991.909,12088.462,-0.0602
mixed,128,64,0.5,4.0,4096,8192,8192,32768,20480,29780.278,43952.114,29588.787,-0.0135
mixed,128,64,0.5,4.0,4096,20480,128,512,320,13326.471,13392.008,13332.903,0.0981
mixed,128,64,0.5,4.0,4096,20480,512,2048,1280,14129.115,15009.965,14072.824,-0.0639
mixed,128,64,0.5,4.0,4096,20480,2048,8192,5120,18614.108,22287.565,18395.927,-0.0594
mixed,128,64,0.5,4.0,4096,20480,8192,32768,20480,37074.037,50471.9,35977.917,-0.0818
mixed,128,64,0.5,4.0,16384,0,128,512,320,21055.987,21264.055,21094.225,0.1838
mixed,128,64,0.5,4.0,16384,0,512,2048,1280,22012.232,22911.676,21934.694,-0.0862
mixed,128,64,0.5,4.0,16384,0,2048,8192,5120,26454.344,30003.192,26200.32,-0.0716
mixed,128,64,0.5,4.0,16384,0,8192,32768,20480,44247.762,58016.863,43681.572,-0.0411
mixed,128,64,0.5,4.0,16384,512,128,512,320,22120.744,22330.253,22165.257,0.2125
mixed,128,64,0.5,4.0,16384,512,512,2048,1280,23061.436,23965.23,22994.009,-0.0746
mixed,128,64,0.5,4.0,16384,512,2048,8192,5120,27507.774,31051.405,27249.08,-0.073
mixed,128,64,0.5,4.0,16384,512,8192,32768,20480,45314.02,59013.649,44718.87,-0.0434
mixed,128,64,0.5,4.0,16384,2048,128,512,320,25315.726,25524.882,25349.995,0.1638
mixed,128,64,0.5,4.0,16384,2048,512,2048,1280,26217.631,27119.607,26160.736,-0.0631
mixed,128,64,0.5,4.0,16384,2048,2048,8192,5120,30657.118,34214.769,30410.267,-0.0694
mixed,128,64,0.5,4.0,16384,2048,8192,32768,20480,48558.853,62309.78,47888.763,-0.0487
mixed,128,64,0.5,4.0,16384,8192,128,512,320,38135.2,33659.65,38170.081,
mixed,128,64,0.5,4.0,16384,8192,512,2048,1280,34004.295,39720.011,33792.13,-0.0371
mixed,128,64,0.5,4.0,16384,8192,2048,8192,5120,43303.364,46888.13,43024.108,-0.0779
mixed,128,64,0.5,4.0,16384,8192,8192,32768,20480,61325.245,75178.153,60490.537,-0.0603
mixed,128,64,0.5,4.0,16384,20480,128,512,320,63940.989,64127.226,55512.383,-45.2574
mixed,128,64,0.5,4.0,16384,20480,512,2048,1280,56231.916,65386.326,63081.247,0.7482
mixed,128,64,0.5,4.0,16384,20480,2048,8192,5120,59659.483,62823.323,68318.32,2.7368
mixed,128,64,0.5,4.0,16384,20480,8192,32768,20480,83502.972,101439.107,85855.436,0.1312
mixed,128,64,0.5,4.0,32768,0,128,512,320,75602.473,66228.225,66114.981,
mixed,128,64,0.5,4.0,32768,0,512,2048,1280,66593.104,67220.953,66641.235,0.0767
mixed,128,64,0.5,4.0,32768,0,2048,8192,5120,70298.109,73402.532,80349.72,3.2378
mixed,128,64,0.5,4.0,32768,0,8192,32768,20480,90267.437,112869.849,96806.556,0.2893
mixed,128,64,0.5,4.0,32768,512,128,512,320,75210.34,67947.433,67851.082,
mixed,128,64,0.5,4.0,32768,512,512,2048,1280,68551.73,69207.165,68546.293,-0.0083
mixed,128,64,0.5,4.0,32768,512,2048,8192,5120,72126.111,75257.545,78936.853,2.175
mixed,128,64,0.5,4.0,32768,512,8192,32768,20480,91421.449,114988.806,99700.217,0.3513
mixed,128,64,0.5,4.0,32768,2048,128,512,320,84122.207,73602.848,73460.325,
mixed,128,64,0.5,4.0,32768,2048,512,2048,1280,74202.643,74637.728,74320.216,0.2702
mixed,128,64,0.5,4.0,32768,2048,2048,8192,5120,77687.639,80793.915,81361.96,1.1829
mixed,128,64,0.5,4.0,32768,2048,8192,32768,20480,106906.55,121338.667,105777.112,-0.0783
pure,128,96,0.75,4.0,0,0,128,512,416,342.214,446.346,392.841,0.4862
pure,128,96,0.75,4.0,0,0,512,2048,1664,1126.65,1360.158,1132.825,0.0264
pure,128,96,0.75,4.0,0,0,2048,8192,6656,4097.817,5014.796,4113.88,0.0175
pure,128,96,0.75,4.0,0,0,8192,32768,26624,15939.226,19584.678,15993.783,0.015
mixed,128,96,0.75,4.0,16,0,128,512,416,671.151,813.424,695.534,0.1714
mixed,128,96,0.75,4.0,16,0,512,2048,1664,2177.198,2645.082,2158.416,-0.0401
mixed,128,96,0.75,4.0,16,0,2048,8192,6656,8123.919,9966.07,7880.712,-0.132
mixed,128,96,0.75,4.0,16,0,8192,32768,26624,31882.061,39227.881,30810.9,-0.1458
mixed,128,96,0.75,4.0,16,512,128,512,416,673.262,819.953,700.879,0.1883
mixed,128,96,0.75,4.0,16,512,512,2048,1664,2187.023,2636.377,2163.886,-0.0515
mixed,128,96,0.75,4.0,16,512,2048,8192,6656,8141.357,9976.886,7927.401,-0.1166
mixed,128,96,0.75,4.0,16,512,8192,32768,26624,31837.863,39300.165,30866.739,-0.1301
mixed,128,96,0.75,4.0,16,2048,128,512,416,751.121,843.282,785.394,0.3719
mixed,128,96,0.75,4.0,16,2048,512,2048,1664,2186.701,2650.04,2173.518,-0.0285
mixed,128,96,0.75,4.0,16,2048,2048,8192,6656,8124.365,9960.979,8107.083,-0.0094
mixed,128,96,0.75,4.0,16,2048,8192,32768,26624,31943.015,39278.05,31055.284,-0.121
mixed,128,96,0.75,4.0,16,8192,128,512,416,1600.227,1695.46,1635.203,0.3673
mixed,128,96,0.75,4.0,16,8192,512,2048,1664,2597.11,2886.782,2635.607,0.1329
mixed,128,96,0.75,4.0,16,8192,2048,8192,6656,8159.79,9991.573,8117.741,-0.023
mixed,128,96,0.75,4.0,16,8192,8192,32768,26624,31964.582,39234.877,31924.003,-0.0056
mixed,128,96,0.75,4.0,16,20480,128,512,416,3280.133,3378.728,3324.519,0.4502
mixed,128,96,0.75,4.0,16,20480,512,2048,1664,4294.042,4595.97,4337.116,0.1427
mixed,128,96,0.75,4.0,16,20480,2048,8192,6656,8174.734,9983.7,8366.641,0.1061
mixed,128,96,0.75,4.0,16,20480,8192,32768,26624,31876.897,39359.967,31854.016,-0.0031
mixed,128,96,0.75,4.0,64,0,128,512,416,670.895,817.265,698.575,0.1891
mixed,128,96,0.75,4.0,64,0,512,2048,1664,2179.824,2636.247,2166.478,-0.0292
mixed,128,96,0.75,4.0,64,0,2048,8192,6656,8125.74,9955.472,7888.678,-0.1296
mixed,128,96,0.75,4.0,64,0,8192,32768,26624,31866.688,39201.785,30796.455,-0.1459
mixed,128,96,0.75,4.0,64,512,128,512,416,674.189,821.267,700.942,0.1819
mixed,128,96,0.75,4.0,64,512,512,2048,1664,2184.174,2636.344,2167.694,-0.0364
mixed,128,96,0.75,4.0,64,512,2048,8192,6656,8125.193,9992.499,7930.823,-0.1041
mixed,128,96,0.75,4.0,64,512,8192,32768,26624,31924.477,39207.958,30817.576,-0.152
mixed,128,96,0.75,4.0,64,2048,128,512,416,752.529,845.586,788.655,0.3882
mixed,128,96,0.75,4.0,64,2048,512,2048,1664,2186.029,2652.119,2182.255,-0.0081
mixed,128,96,0.75,4.0,64,2048,2048,8192,6656,8135.593,9956.85,8104.81,-0.0169
mixed,128,96,0.75,4.0,64,2048,8192,32768,26624,31865.916,39236.375,31056.523,-0.1098
mixed,128,96,0.75,4.0,64,8192,128,512,416,1601.859,1694.084,1639.011,0.4028
mixed,128,96,0.75,4.0,64,8192,512,2048,1664,2598.454,2895.674,2639.671,0.1387
mixed,128,96,0.75,4.0,64,8192,2048,8192,6656,8125.162,9992.754,8116.075,-0.0049
mixed,128,96,0.75,4.0,64,8192,8192,32768,26624,31943.387,39233.843,31938.523,-0.0007
mixed,128,96,0.75,4.0,64,20480,128,512,416,3288.709,3389.223,3324.773,0.3588
mixed,128,96,0.75,4.0,64,20480,512,2048,1664,4296.155,4602.655,4343.514,0.1545
mixed,128,96,0.75,4.0,64,20480,2048,8192,6656,8180.332,9961.52,8369.518,0.1062
mixed,128,96,0.75,4.0,64,20480,8192,32768,26624,21213.017,26146.496,21249.114,0.0073
mixed,128,96,0.75,4.0,256,0,128,512,416,474.474,568.748,491.691,0.1826
mixed,128,96,0.75,4.0,256,0,512,2048,1664,1473.471,1773.478,1462.591,-0.0363
mixed,128,96,0.75,4.0,256,0,2048,8192,6656,5405.968,6617.962,5271.95,-0.1106
mixed,128,96,0.75,4.0,256,0,8192,32768,26624,21164.312,26001.789,20505.706,-0.1361
mixed,128,96,0.75,4.0,256,512,128,512,416,484.268,576.652,500.267,0.1732
mixed,128,96,0.75,4.0,256,512,512,2048,1664,1470.559,1772.484,1469.95,-0.002
mixed,128,96,0.75,4.0,256,512,2048,8192,6656,5404.721,6617.449,5294.35,-0.091
mixed,128,96,0.75,4.0,256,512,8192,32768,26624,21152.504,26090.27,20515.21,-0.1291
mixed,128,96,0.75,4.0,256,2048,128,512,416,572.747,643.95,594.316,0.3029
mixed,128,96,0.75,4.0,256,2048,512,2048,1664,1474.462,1777.828,1477.021,0.0084
mixed,128,96,0.75,4.0,256,2048,2048,8192,6656,5400.208,6613.288,5403.632,0.0028
mixed,128,96,0.75,4.0,256,2048,8192,32768,26624,21160.885,26005.37,20646.957,-0.1061
mixed,128,96,0.75,4.0,256,8192,128,512,416,1140.919,1214.49,1171.224,0.4119
mixed,128,96,0.75,4.0,256,8192,512,2048,1664,1892.839,2119.565,1897.672,0.0213
mixed,128,96,0.75,4.0,256,8192,2048,8192,6656,5410.96,6608.265,5394.862,-0.0134
mixed,128,96,0.75,4.0,256,8192,8192,32768,26624,21128.884,25994.617,21181.75,0.0109
mixed,128,96,0.75,4.0,256,20480,128,512,416,3407.845,2336.53,2297.008,
mixed,128,96,0.75,4.0,256,20480,512,2048,1664,3027.071,3261.54,3089.569,0.2666
mixed,128,96,0.75,4.0,256,20480,2048,8192,6656,6025.981,6961.136,5901.978,-0.1326
mixed,128,96,0.75,4.0,256,20480,8192,32768,26624,21114.003,25975.224,21118.612,0.0009
mixed,128,96,0.75,4.0,1024,0,128,512,416,632.429,726.448,636.204,0.0402
mixed,128,96,0.75,4.0,1024,0,512,2048,1664,1590.88,1879.911,1604.833,0.0483
mixed,128,96,0.75,4.0,1024,0,2048,8192,6656,5498.577,6712.458,5470.353,-0.0233
mixed,128,96,0.75,4.0,1024,0,8192,32768,26624,21259.381,26087.512,20718.477,-0.112
mixed,128,96,0.75,4.0,1024,512,128,512,416,677.71,769.967,681.87,0.0451
mixed,128,96,0.75,4.0,1024,512,512,2048,1664,1645.057,1931.945,1654.145,0.0317
mixed,128,96,0.75,4.0,1024,512,2048,8192,6656,5510.61,6711.339,5511.121,0.0004
mixed,128,96,0.75,4.0,1024,512,8192,32768,26624,21247.541,26096.379,20855.022,-0.081
mixed,128,96,0.75,4.0,1024,2048,128,512,416,851.889,919.731,871.186,0.2844
mixed,128,96,0.75,4.0,1024,2048,512,2048,1664,1798.181,2095.37,1749.604,-0.1635
mixed,128,96,0.75,4.0,1024,2048,2048,8192,6656,5530.164,6699.499,5688.597,0.1355
mixed,128,96,0.75,4.0,1024,2048,8192,32768,26624,21235.571,26099.93,21209.843,-0.0053
mixed,128,96,0.75,4.0,1024,8192,128,512,416,1716.163,1798.951,1728.836,0.1531
mixed,128,96,0.75,4.0,1024,8192,512,2048,1664,2434.482,2633.462,2443.539,0.0455
mixed,128,96,0.75,4.0,1024,8192,2048,8192,6656,6238.497,7427.065,6051.837,-0.157
mixed,128,96,0.75,4.0,1024,8192,8192,32768,26624,21158.418,25976.821,21984.611,0.1715
mixed,128,96,0.75,4.0,1024,20480,128,512,416,2896.828,3044.574,2909.149,0.0834
mixed,128,96,0.75,4.0,1024,20480,512,2048,1664,4184.598,4384.698,4168.215,-0.0819
mixed,128,96,0.75,4.0,1024,20480,2048,8192,6656,7282.518,8435.757,7083.378,-0.1727
mixed,128,96,0.75,4.0,1024,20480,8192,32768,26624,22890.644,27798.649,23117.595,0.0462
mixed,128,96,0.75,4.0,4096,0,128,512,416,1735.491,1829.637,1737.507,0.0214
mixed,128,96,0.75,4.0,4096,0,512,2048,1664,2708.665,3006.207,2663.8,-0.1508
mixed,128,96,0.75,4.0,4096,0,2048,8192,6656,6521.348,7683.55,6599.654,0.0674
mixed,128,96,0.75,4.0,4096,0,8192,32768,26624,21693.821,26524.029,22021.156,0.0678
mixed,128,96,0.75,4.0,4096,512,128,512,416,1910.854,2004.873,1913.224,0.0252
mixed,128,96,0.75,4.0,4096,512,512,2048,1664,2882.298,3177.057,2839.74,-0.1444
mixed,128,96,0.75,4.0,4096,512,2048,8192,6656,6710.696,7869.537,6771.243,0.0522
mixed,128,96,0.75,4.0,4096,512,8192,32768,26624,21761.854,26595.232,22199.173,0.0905
mixed,128,96,0.75,4.0,4096,2048,128,512,416,2434.608,2530.068,2438.515,0.0409
mixed,128,96,0.75,4.0,4096,2048,512,2048,1664,3407.973,3698.828,3364.389,-0.1498
mixed,128,96,0.75,4.0,4096,2048,2048,8192,6656,7285.268,8430.285,7242.354,-0.0375
mixed,128,96,0.75,4.0,4096,2048,8192,32768,26624,33506.861,26912.644,22829.204,
mixed,128,96,0.75,4.0,4096,8192,128,512,416,4548.35,4622.782,4550.044,0.0228
mixed,128,96,0.75,4.0,4096,8192,512,2048,1664,5504.945,5795.156,5458.352,-0.1605
mixed,128,96,0.75,4.0,4096,8192,2048,8192,6656,9428.866,10665.883,9334.494,-0.0763
mixed,128,96,0.75,4.0,4096,8192,8192,32768,26624,24587.671,29200.725,25320.196,0.1588
mixed,128,96,0.75,4.0,4096,20480,128,512,416,8915.125,8936.536,8892.181,-1.0716
mixed,128,96,0.75,4.0,4096,20480,512,2048,1664,9716.838,10006.987,9677.158,-0.1368
mixed,128,96,0.75,4.0,4096,20480,2048,8192,6656,13613.59,14854.192,13575.766,-0.0305
mixed,128,96,0.75,4.0,4096,20480,8192,32768,26624,29397.784,33653.902,29136.815,-0.0613
mixed,128,96,0.75,4.0,16384,0,128,512,416,14108.738,14180.77,14121.951,0.1834
mixed,128,96,0.75,4.0,16384,0,512,2048,1664,14980.722,15275.318,14903.664,-0.2616
mixed,128,96,0.75,4.0,16384,0,2048,8192,6656,18811.647,20003.607,18675.067,-0.1146
mixed,128,96,0.75,4.0,16384,0,8192,32768,26624,34030.774,38655.124,34379.547,0.0754
mixed,128,96,0.75,4.0,16384,512,128,512,416,14813.358,14897.135,14835.471,0.264
mixed,128,96,0.75,4.0,16384,512,512,2048,1664,15680.479,15978.533,15603.645,-0.2578
mixed,128,96,0.75,4.0,16384,512,2048,8192,6656,19525.808,20704.901,19369.26,-0.1328
mixed,128,96,0.75,4.0,16384,512,8192,32768,26624,34700.514,39351.2,35077.418,0.081
mixed,128,96,0.75,4.0,16384,2048,128,512,416,16942.649,17031.484,16960.408,0.1999
mixed,128,96,0.75,4.0,16384,2048,512,2048,1664,17781.929,18082.03,17708.682,-0.2441
mixed,128,96,0.75,4.0,16384,2048,2048,8192,6656,21623.223,22816.752,21472.212,-0.1265
mixed,128,96,0.75,4.0,16384,2048,8192,32768,26624,36922.896,41508.524,37191.635,0.0586
mixed,128,96,0.75,4.0,16384,8192,128,512,416,25475.527,22457.994,22208.644,
mixed,128,96,0.75,4.0,16384,8192,512,2048,1664,22853.938,23081.431,26174.006,14.5942
mixed,128,96,0.75,4.0,16384,8192,2048,8192,6656,26244.342,31266.558,29886.914,0.7253
mixed,128,96,0.75,4.0,16384,8192,8192,32768,26624,45652.162,50136.445,45606.209,-0.0102
mixed,128,96,0.75,4.0,16384,20480,128,512,416,42051.703,37271.61,37182.774,
mixed,128,96,0.75,4.0,16384,20480,512,2048,1664,37801.444,41380.43,38929.143,0.3151
mixed,128,96,0.75,4.0,16384,20480,2048,8192,6656,40932.163,48141.749,46787.513,0.8122
mixed,128,96,0.75,4.0,16384,20480,8192,32768,26624,62795.936,67658.979,62480.439,-0.0649
mixed,128,96,0.75,4.0,32768,0,128,512,416,50469.955,44016.256,43990.016,
mixed,128,96,0.75,4.0,32768,0,512,2048,1664,44616.777,44779.026,44707.154,0.557
mixed,128,96,0.75,4.0,32768,0,2048,8192,6656,47888.852,52517.712,54675.194,1.4661
mixed,128,96,0.75,4.0,32768,0,8192,32768,26624,70437.021,75253.953,70249.85,-0.0389
mixed,128,96,0.75,4.0,32768,512,128,512,416,51855.94,45360.574,45360.829,
mixed,128,96,0.75,4.0,32768,512,512,2048,1664,45804.518,46066.577,45878.152,0.281
mixed,128,96,0.75,4.0,32768,512,2048,8192,6656,49128.911,82606.393,48910.533,-0.0065
mixed,128,96,0.75,4.0,32768,512,8192,32768,26624,71860.477,76668.959,71663.064,-0.0411
mixed,128,96,0.75,4.0,32768,2048,128,512,416,56166.721,49024.043,48988.971,
mixed,128,96,0.75,4.0,32768,2048,512,2048,1664,49643.125,49913.885,49756.728,0.4196
mixed,128,96,0.75,4.0,32768,2048,2048,8192,6656,52816.826,53854.703,52600.98,-0.208
mixed,128,96,0.75,4.0,32768,2048,8192,32768,26624,76088.6,80885.562,75878.962,-0.0437
pure,128,115,0.8984,4.0,0,0,128,512,473,375.689,439.21,433.866,0.9159
pure,128,115,0.8984,4.0,0,0,512,2048,1892,1212.41,1352.188,1344.091,0.9421
pure,128,115,0.8984,4.0,0,0,2048,8192,7568,4620.415,5001.35,4982.694,0.951
pure,128,115,0.8984,4.0,0,0,8192,32768,30272,18023.887,13074.25,13028.553,
mixed,128,115,0.8984,4.0,16,0,128,512,473,457.417,544.49,505.835,0.5561
mixed,128,115,0.8984,4.0,16,0,512,2048,1892,1569.216,1759.94,1605.057,0.1879
mixed,128,115,0.8984,4.0,16,0,2048,8192,7568,6123.324,6638.855,6023.549,-0.1935
mixed,128,115,0.8984,4.0,16,0,8192,32768,30272,24045.514,26156.245,23743.874,-0.1429
mixed,128,115,0.8984,4.0,16,512,128,512,473,460.105,547.115,509.258,0.5649
mixed,128,115,0.8984,4.0,16,512,512,2048,1892,1569.888,1762.053,1607.201,0.1942
mixed,128,115,0.8984,4.0,16,512,2048,8192,7568,6128.38,6639.72,6013.945,-0.2238
mixed,128,115,0.8984,4.0,16,512,8192,32768,30272,24083.495,26118.066,35520.366,5.6213
mixed,128,115,0.8984,4.0,16,2048,128,512,473,511.498,564.204,558.188,0.8859
mixed,128,115,0.8984,4.0,16,2048,512,2048,1892,1570.88,1768.132,1607.906,0.1877
mixed,128,115,0.8984,4.0,16,2048,2048,8192,7568,6156.284,6641.926,6025.178,-0.27
mixed,128,115,0.8984,4.0,16,2048,8192,32768,30272,24045.894,26151.409,23690.781,-0.1687
mixed,128,115,0.8984,4.0,16,8192,128,512,473,1076.182,1129.688,1120.791,0.8337
mixed,128,115,0.8984,4.0,16,8192,512,2048,1892,1806.405,1925.511,1911.174,0.8796
mixed,128,115,0.8984,4.0,16,8192,2048,8192,7568,6144.092,6651.302,6029.339,-0.2262
mixed,128,115,0.8984,4.0,16,8192,8192,32768,30272,24056.007,26210.897,23682.206,-0.1735
mixed,128,115,0.8984,4.0,16,20480,128,512,473,2202.605,2257.325,2242.829,0.7351
mixed,128,115,0.8984,4.0,16,20480,512,2048,1892,2949.883,3064.253,3048.318,0.8607
mixed,128,115,0.8984,4.0,16,20480,2048,8192,7568,6144.86,6667.75,6190.62,0.0875
mixed,128,115,0.8984,4.0,16,20480,8192,32768,30272,24115.142,26173.358,23725.663,-0.1892
mixed,128,115,0.8984,4.0,64,0,128,512,473,457.323,546.186,506.346,0.5517
mixed,128,115,0.8984,4.0,64,0,512,2048,1892,1572.126,1760.867,1608.226,0.1913
mixed,128,115,0.8984,4.0,64,0,2048,8192,7568,6134.044,6629.222,6023.193,-0.2239
mixed,128,115,0.8984,4.0,64,0,8192,32768,30272,24018.052,26139.854,23684.572,-0.1572
mixed,128,115,0.8984,4.0,64,512,128,512,473,460.682,549.227,512.65,0.5869
mixed,128,115,0.8984,4.0,64,512,512,2048,1892,1567.86,1761.626,1608.342,0.2089
mixed,128,115,0.8984,4.0,64,512,2048,8192,7568,6119.595,6645.722,6016.39,-0.1962
mixed,128,115,0.8984,4.0,64,512,8192,32768,30272,24060.731,26110.621,23722.38,-0.1651
mixed,128,115,0.8984,4.0,64,2048,128,512,473,514.736,565.875,559.761,0.8804
mixed,128,115,0.8984,4.0,64,2048,512,2048,1892,1575.22,1772.026,1610.804,0.1808
mixed,128,115,0.8984,4.0,64,2048,2048,8192,7568,6141.737,6647.608,6019.621,-0.2414
mixed,128,115,0.8984,4.0,64,2048,8192,32768,30272,24152.561,26143.857,23692.322,-0.2311
mixed,128,115,0.8984,4.0,64,8192,128,512,473,1079.94,1131.428,1123.429,0.8446
mixed,128,115,0.8984,4.0,64,8192,512,2048,1892,1802.362,1930.591,1910.013,0.8395
mixed,128,115,0.8984,4.0,64,8192,2048,8192,7568,6148.325,6678.711,6034.434,-0.2147
mixed,128,115,0.8984,4.0,64,8192,8192,32768,30272,24029.122,26324.555,23680.053,-0.1521
mixed,128,115,0.8984,4.0,64,20480,128,512,473,2208.133,2254.664,2249.094,0.8803
mixed,128,115,0.8984,4.0,64,20480,512,2048,1892,2943.838,3071.49,3056.704,0.8842
mixed,128,115,0.8984,4.0,64,20480,2048,8192,7568,6160.388,6660.69,6196.388,0.072
mixed,128,115,0.8984,4.0,64,20480,8192,32768,30272,24089.307,26179.356,23693.549,-0.1894
mixed,128,115,0.8984,4.0,256,0,128,512,473,481.294,568.177,534.704,0.6147
mixed,128,115,0.8984,4.0,256,0,512,2048,1892,1587.346,1772.44,1621.492,0.1845
mixed,128,115,0.8984,4.0,256,0,2048,8192,7568,6115.584,6618.064,9031.097,5.8022
mixed,128,115,0.8984,4.0,256,0,8192,32768,30272,23996.812,26018.987,23620.543,-0.1861
mixed,128,115,0.8984,4.0,256,512,128,512,473,490.287,576.691,548.465,0.6733
mixed,128,115,0.8984,4.0,256,512,512,2048,1892,1586.353,1771.606,1629.746,0.2342
mixed,128,115,0.8984,4.0,256,512,2048,8192,7568,6116.765,6614.254,6012.44,-0.2097
mixed,128,115,0.8984,4.0,256,512,8192,32768,30272,23991.076,26010.465,23613.847,-0.1868
mixed,128,115,0.8984,4.0,256,2048,128,512,473,576.049,643.443,622.866,0.6947
mixed,128,115,0.8984,4.0,256,2048,512,2048,1892,1590.673,1777.846,1643.505,0.2823
mixed,128,115,0.8984,4.0,256,2048,2048,8192,7568,6114.49,6615.307,6019.225,-0.1902
mixed,128,115,0.8984,4.0,256,2048,8192,32768,30272,23986.844,39015.169,23600.876,-0.0257
mixed,128,115,0.8984,4.0,256,8192,128,512,473,1148.835,1212.004,1207.237,0.9245
mixed,128,115,0.8984,4.0,256,8192,512,2048,1892,1983.388,2115.551,1988.027,0.0351
mixed,128,115,0.8984,4.0,256,8192,2048,8192,7568,6105.4,6608.743,6032.501,-0.1448
mixed,128,115,0.8984,4.0,256,8192,8192,32768,30272,23970.803,25999.278,23599.332,-0.1831
mixed,128,115,0.8984,4.0,256,20480,128,512,473,2274.597,2340.165,2331.559,0.8687
mixed,128,115,0.8984,4.0,256,20480,512,2048,1892,3119.772,3257.858,3237.792,0.8547
mixed,128,115,0.8984,4.0,256,20480,2048,8192,7568,6595.047,6974.768,6571.717,-0.0614
mixed,128,115,0.8984,4.0,256,20480,8192,32768,30272,23950.984,25944.707,23601.245,-0.1754
mixed,128,115,0.8984,4.0,1024,0,128,512,473,637.811,725.622,685.493,0.543
mixed,128,115,0.8984,4.0,1024,0,512,2048,1892,1701.78,1882.615,1780.405,0.4348
mixed,128,115,0.8984,4.0,1024,0,2048,8192,7568,6216.535,6710.18,6110.995,-0.2138
mixed,128,115,0.8984,4.0,1024,0,8192,32768,30272,24062.211,26123.87,23696.855,-0.1772
mixed,128,115,0.8984,4.0,1024,512,128,512,473,681.333,768.885,734.166,0.6034
mixed,128,115,0.8984,4.0,1024,512,512,2048,1892,1755.314,1931.289,1816.596,0.3482
mixed,128,115,0.8984,4.0,1024,512,2048,8192,7568,6211.989,6716.389,6157.747,-0.1075
mixed,128,115,0.8984,4.0,1024,512,8192,32768,30272,24071.998,26096.342,23697.358,-0.1851
mixed,128,115,0.8984,4.0,1024,2048,128,512,473,855.32,918.171,903.419,0.7653
mixed,128,115,0.8984,4.0,1024,2048,512,2048,1892,1908.95,2092.636,1909.206,0.0014
mixed,128,115,0.8984,4.0,1024,2048,2048,8192,7568,6221.427,6702.338,6344.95,0.2569
mixed,128,115,0.8984,4.0,1024,2048,8192,32768,30272,24085.524,26073.676,23689.257,-0.1993
mixed,128,115,0.8984,4.0,1024,8192,128,512,473,1719.857,1796.211,1771.7,0.679
mixed,128,115,0.8984,4.0,1024,8192,512,2048,1892,2500.199,2626.731,2568.298,0.5382
mixed,128,115,0.8984,4.0,1024,8192,2048,8192,7568,6946.184,7427.252,6663.74,-0.5871
mixed,128,115,0.8984,4.0,1024,8192,8192,32768,30272,23975.082,26005.506,24426.101,0.2221
mixed,128,115,0.8984,4.0,1024,20480,128,512,473,2898.098,3046.744,2974.1,0.5113
mixed,128,115,0.8984,4.0,1024,20480,512,2048,1892,4315.225,4398.621,4343.034,0.3335
mixed,128,115,0.8984,4.0,1024,20480,2048,8192,7568,7987.746,8437.294,7961.857,-0.0576
mixed,128,115,0.8984,4.0,1024,20480,8192,32768,30272,25751.029,27789.326,25619.889,-0.0643
mixed,128,115,0.8984,4.0,4096,0,128,512,473,1738.833,1828.404,1781.809,0.4798
mixed,128,115,0.8984,4.0,4096,0,512,2048,1892,2817.167,3006.165,2868.624,0.2723
mixed,128,115,0.8984,4.0,4096,0,2048,8192,7568,7200.907,7680.311,7188.586,-0.0257
mixed,128,115,0.8984,4.0,4096,0,8192,32768,30272,24532.941,26551.62,24579.82,0.0232
mixed,128,115,0.8984,4.0,4096,512,128,512,473,1914.581,2004.248,1958.871,0.4939
mixed,128,115,0.8984,4.0,4096,512,512,2048,1892,2991.155,3176.985,3040.917,0.2678
mixed,128,115,0.8984,4.0,4096,512,2048,8192,7568,7388.171,7868.666,7376.303,-0.0247
mixed,128,115,0.8984,4.0,4096,512,8192,32768,30272,24568.198,26624.928,24806.573,0.1159
mixed,128,115,0.8984,4.0,4096,2048,128,512,473,2438.531,2529.829,2483.686,0.4946
mixed,128,115,0.8984,4.0,4096,2048,512,2048,1892,3514.241,3695.109,3562.242,0.2654
mixed,128,115,0.8984,4.0,4096,2048,2048,8192,7568,7964.251,8424.616,7933.017,-0.0678
mixed,128,115,0.8984,4.0,4096,2048,8192,32768,30272,24983.821,26887.68,25311.444,0.1721
mixed,128,115,0.8984,4.0,4096,8192,128,512,473,4549.309,4624.095,4579.486,0.4035
mixed,128,115,0.8984,4.0,4096,8192,512,2048,1892,5611.929,5796.607,5658.714,0.2533
mixed,128,115,0.8984,4.0,4096,8192,2048,8192,7568,10152.34,10656.417,10072.816,-0.1578
mixed,128,115,0.8984,4.0,4096,8192,8192,32768,30272,27300.516,43843.661,27334.307,0.002
mixed,128,115,0.8984,4.0,4096,20480,128,512,473,8905.489,8932.084,8899.12,-0.2395
mixed,128,115,0.8984,4.0,4096,20480,512,2048,1892,9823.24,10007.087,9871.02,0.2599
mixed,128,115,0.8984,4.0,4096,20480,2048,8192,7568,14322.242,14858.032,14285.25,-0.069
mixed,128,115,0.8984,4.0,4096,20480,8192,32768,30272,31915.612,33707.307,32137.696,0.124
mixed,128,115,0.8984,4.0,16384,0,128,512,473,14112.921,14176.159,14155.678,0.6761
mixed,128,115,0.8984,4.0,16384,0,512,2048,1892,15083.732,15274.743,15104.18,0.1071
mixed,128,115,0.8984,4.0,16384,0,2048,8192,7568,19505.036,20001.24,19470.633,-0.0693
mixed,128,115,0.8984,4.0,16384,0,8192,32768,30272,36742.678,38656.936,36879.991,0.0717
mixed,128,115,0.8984,4.0,16384,512,128,512,473,14824.874,14887.852,14868.237,0.6885
mixed,128,115,0.8984,4.0,16384,512,512,2048,1892,15785.156,15978.184,15804.678,0.1011
mixed,128,115,0.8984,4.0,16384,512,2048,8192,7568,20211.513,20702.566,20180.214,-0.0637
mixed,128,115,0.8984,4.0,16384,512,8192,32768,30272,37436.958,39343.089,37596.673,0.0838
mixed,128,115,0.8984,4.0,16384,2048,128,512,473,16952.192,17018.432,16987.679,0.5357
mixed,128,115,0.8984,4.0,16384,2048,512,2048,1892,17893.976,18079.9,17904.055,0.0542
mixed,128,115,0.8984,4.0,16384,2048,2048,8192,7568,22323.532,22819.481,22278.411,-0.091
mixed,128,115,0.8984,4.0,16384,2048,8192,32768,30272,39589.616,41509.921,39694.675,0.0547
mixed,128,115,0.8984,4.0,16384,8192,128,512,473,25476.863,25598.402,25508.763,0.2625
mixed,128,115,0.8984,4.0,16384,8192,512,2048,1892,22929.912,26482.646,26320.978,0.9545
mixed,128,115,0.8984,4.0,16384,8192,2048,8192,7568,30768.868,31265.395,30704.608,-0.1294
mixed,128,115,0.8984,4.0,16384,8192,8192,32768,30272,48346.19,50112.764,48320.493,-0.0145
mixed,128,115,0.8984,4.0,16384,20480,128,512,473,42724.283,42765.439,37243.404,-133.1733
mixed,128,115,0.8984,4.0,16384,20480,512,2048,1892,37846.074,43585.552,39342.818,0.2608
mixed,128,115,0.8984,4.0,16384,20480,2048,8192,7568,41566.361,47030.406,47567.032,1.0982
mixed,128,115,0.8984,4.0,16384,20480,8192,32768,30272,65672.94,67660.54,65403.106,-0.1358
mixed,128,115,0.8984,4.0,32768,0,128,512,473,50512.672,44088.374,44074.744,
mixed,128,115,0.8984,4.0,32768,0,512,2048,1892,44743.881,44801.545,51258.572,112.9767
mixed,128,115,0.8984,4.0,32768,0,2048,8192,7568,48507.211,48946.23,48426.185,-0.1846
mixed,128,115,0.8984,4.0,32768,0,8192,32768,30272,73271.209,75242.234,73182.435,-0.045
mixed,128,115,0.8984,4.0,32768,512,128,512,473,48601.383,45297.778,45293.713,
mixed,128,115,0.8984,4.0,32768,512,512,2048,1892,46066.73,46034.784,46118.314,
mixed,128,115,0.8984,4.0,32768,512,2048,8192,7568,49737.222,50171.408,49659.167,-0.1798
mixed,128,115,0.8984,4.0,32768,512,8192,32768,30272,74662.436,76646.037,74586.462,-0.0383
mixed,128,115,0.8984,4.0,32768,2048,128,512,473,56169.769,49228.791,49207.757,
mixed,128,115,0.8984,4.0,32768,2048,512,2048,1892,49788.677,49989.604,49776.863,-0.0588
mixed,128,115,0.8984,4.0,32768,2048,2048,8192,7568,53437.054,53908.487,53332.124,-0.2226
mixed,128,115,0.8984,4.0,32768,2048,8192,32768,30272,78891.238,80897.308,78861.09,-0.015
pure,256,1,0.0039,4.0,0,0,128,512,129,257.478,563.247,255.942,-0.005
pure,256,1,0.0039,4.0,0,0,512,2048,518,565.071,1786.638,563.12,-0.0016
pure,256,1,0.0039,4.0,0,0,2048,8192,2072,1772.012,6653.448,1789.229,0.0035
