layer,tokens,time_us
act_fn,1,1.82433
act_fn,2,2.10133
act_fn,3,2.13333
act_fn,4,2.144
act_fn,5,2.15467
act_fn,6,2.16533
act_fn,7,2.144
act_fn,8,2.13333
act_fn,9,2.144
act_fn,10,2.144
act_fn,11,2.14433
act_fn,12,2.112
act_fn,13,2.13333
act_fn,14,2.144
act_fn,15,2.15467
act_fn,16,2.144
act_fn,20,2.13333
act_fn,24,2.16533
act_fn,28,2.16533
act_fn,32,2.16533
act_fn,36,2.176
act_fn,40,2.19733
act_fn,44,2.18667
act_fn,48,2.21867
act_fn,52,2.208
act_fn,56,2.24
act_fn,60,2.26133
act_fn,64,2.49633
act_fn,80,2.51733
act_fn,96,2.528
act_fn,112,2.4
act_fn,128,2.464
act_fn,144,2.528
act_fn,160,2.58133
act_fn,176,2.74133
act_fn,192,2.784
act_fn,208,2.85867
act_fn,224,2.752
act_fn,240,2.79467
act_fn,256,2.77333
act_fn,272,2.816
act_fn,288,2.88
act_fn,304,2.912
act_fn,320,2.95467
act_fn,336,2.96533
act_fn,352,3.05067
act_fn,368,3.072
act_fn,384,3.12533
act_fn,400,3.136
act_fn,416,3.15733
act_fn,432,3.28533
act_fn,448,3.328
act_fn,464,3.31733
act_fn,480,3.31733
act_fn,496,3.36
act_fn,512,3.34933
act_fn,528,3.38167
act_fn,544,3.38167
act_fn,560,3.44567
act_fn,576,3.488
act_fn,592,3.49867
act_fn,608,3.54133
act_fn,624,3.54133
act_fn,640,3.70133
act_fn,656,3.808
act_fn,672,3.79733
act_fn,688,3.82933
act_fn,704,3.872
act_fn,720,3.82933
act_fn,736,3.872
act_fn,752,3.87233
act_fn,768,3.91467
act_fn,784,3.96833
act_fn,800,4.01067
act_fn,816,3.95733
act_fn,832,4.09633
act_fn,848,5.63267
act_fn,864,5.67467
act_fn,880,5.70667
act_fn,896,5.65333
act_fn,912,5.68567
act_fn,928,5.69633
act_fn,944,5.58933
act_fn,960,5.64267
act_fn,976,4.384
act_fn,992,4.51233
act_fn,1008,4.51233
act_fn,1024,4.55467
act_fn,1040,4.46933
act_fn,1056,4.51233
act_fn,1072,4.56533
act_fn,1088,4.61867
act_fn,1104,4.60833
act_fn,1120,4.59733
act_fn,1136,4.61867
act_fn,1152,4.68267
act_fn,1168,6.368
act_fn,1184,6.42167
act_fn,1200,6.67767
act_fn,1216,6.80533
act_fn,1232,6.90167
act_fn,1248,6.827
act_fn,1264,6.88067
act_fn,1280,7.06167
act_fn,1296,6.80567
act_fn,1312,6.848
act_fn,1328,6.976
act_fn,1344,7.15767
act_fn,1360,6.99767
act_fn,1376,7.17867
act_fn,1392,7.14667
act_fn,1408,7.264
act_fn,1424,8.33067
act_fn,1440,8.576
act_fn,1456,8.73633
act_fn,1472,9.19533
act_fn,1488,9.355
act_fn,1504,9.41933
act_fn,1520,9.52567
act_fn,1536,9.54667
act_fn,1552,9.23733
act_fn,1568,9.227
act_fn,1584,9.344
act_fn,1600,9.40867
act_fn,1616,9.42967
act_fn,1632,9.42967
act_fn,1648,9.536
act_fn,1664,9.68533
act_fn,1680,9.824
act_fn,1696,9.79233
act_fn,1712,9.718
act_fn,1728,9.94133
act_fn,1744,10.0807
act_fn,1760,10.283
act_fn,1776,10.4107
act_fn,1792,10.6137
act_fn,1808,10.6667
act_fn,1824,10.7843
act_fn,1840,10.8697
act_fn,1856,10.9763
act_fn,1872,11.062
act_fn,1888,11.115
act_fn,1904,11.2433
act_fn,1920,11.211
act_fn,1936,11.2323
act_fn,1952,11.2217
act_fn,1968,11.627
act_fn,1984,11.68
act_fn,2000,11.776
act_fn,2016,11.7013
act_fn,2032,12.0427
act_fn,2048,12.1173
act_fn,2064,12.0537
act_fn,2080,12.2773
act_fn,2096,12.395
act_fn,2112,12.6507
act_fn,2128,13.1203
act_fn,2144,13.43
act_fn,2160,13.6213
act_fn,2176,13.5043
act_fn,2192,14.091
act_fn,2208,14.3367
act_fn,2224,14.3577
act_fn,2240,14.4967
act_fn,2256,14.8693
act_fn,2272,14.742
act_fn,2288,15.158
act_fn,2304,15.211
act_fn,2320,15.798
act_fn,2336,15.9363
act_fn,2352,15.606
act_fn,2368,16.2783
act_fn,2384,16.3523
act_fn,2400,16.2777
act_fn,2416,16.5657
act_fn,2432,16.8213
act_fn,2448,17.1947
act_fn,2464,16.9183
act_fn,2480,16.96
act_fn,2496,17.27
act_fn,2512,17.3443
act_fn,2528,17.409
act_fn,2544,17.6537
act_fn,2560,17.846
act_fn,2576,17.7713
act_fn,2592,17.8883
act_fn,2608,18.1657
act_fn,2624,18.3147
act_fn,2640,18.4963
act_fn,2656,18.6457
act_fn,2672,18.9333
act_fn,2688,19.1477
act_fn,2704,19.1157
act_fn,2720,19.051
act_fn,2736,19.2117
act_fn,2752,19.489
act_fn,2768,19.531
act_fn,2784,19.8833
act_fn,2800,19.8943
act_fn,2816,20.1393
act_fn,2832,19.6593
act_fn,2848,19.6063
act_fn,2864,19.9253
act_fn,2880,19.979
act_fn,2896,20.256
act_fn,2912,20.0643
act_fn,2928,20.5547
act_fn,2944,20.3847
act_fn,2960,18.3047
act_fn,2976,18.561
act_fn,2992,18.6353
act_fn,3008,18.784
act_fn,3024,18.9017
act_fn,3040,19.0623
act_fn,3056,19.0623
act_fn,3072,19.35
act_fn,3088,19.5527
act_fn,3104,19.6593
act_fn,3120,19.819
act_fn,3136,19.9897
act_fn,3152,20.278
act_fn,3168,20.4273
act_fn,3184,20.7263
act_fn,3200,20.7793
act_fn,3216,20.9077
act_fn,3232,21.121
act_fn,3248,21.4193
act_fn,3264,21.6003
act_fn,3280,21.6217
act_fn,3296,22.0053
act_fn,3312,21.974
act_fn,3328,22.3263
act_fn,3344,22.5287
act_fn,3360,22.614
act_fn,3376,22.9553
act_fn,3392,23.19
act_fn,3408,23.147
act_fn,3424,23.7553
act_fn,3440,23.8083
act_fn,3456,23.8623
act_fn,3472,24.225
act_fn,3488,24.5553
act_fn,3504,24.5443
act_fn,3520,24.8217
act_fn,3536,25.0247
act_fn,3552,25.2167
act_fn,3568,25.3763
act_fn,3584,25.7073
act_fn,3600,25.8463
act_fn,3616,25.942
act_fn,3632,26.006
act_fn,3648,26.2623
act_fn,3664,26.4853
act_fn,3680,26.518
act_fn,3696,26.71
act_fn,3712,27.0083
act_fn,3728,27.0403
act_fn,3744,27.2213
act_fn,3760,27.4033
act_fn,3776,27.7767
act_fn,3792,27.7553
act_fn,3808,27.8087
act_fn,3824,27.734
act_fn,3840,28.097
act_fn,3856,28.2137
act_fn,3872,25.27
act_fn,3888,25.3447
act_fn,3904,25.718
act_fn,3920,25.7077
act_fn,3936,25.9417
act_fn,3952,26.2617
act_fn,3968,26.241
act_fn,3984,26.6567
act_fn,4000,26.9447
act_fn,4016,26.9657
act_fn,4032,27.062
act_fn,4048,27.5103
act_fn,4064,27.5313
act_fn,4080,27.713
act_fn,4096,27.563
act_fn,4112,28.0543
act_fn,4128,28.4597
act_fn,4144,28.481
act_fn,4160,28.6193
act_fn,4176,28.758
act_fn,4192,29.0887
act_fn,4208,29.2277
act_fn,4224,29.2487
act_fn,4240,29.6117
act_fn,4256,29.697
act_fn,4272,30.017
act_fn,4288,30.262
act_fn,4304,30.2513
act_fn,4320,30.518
act_fn,4336,30.6993
act_fn,4352,31.105
act_fn,4368,28.7367
act_fn,4384,28.854
act_fn,4400,28.8327
act_fn,4416,28.9713
act_fn,4432,29.0993
act_fn,4448,29.0993
act_fn,4464,29.185
act_fn,4480,29.4833
act_fn,4496,29.1847
act_fn,4512,29.2487
act_fn,4528,29.281
act_fn,4544,29.792
act_fn,4560,29.8677
act_fn,4576,30.0487
act_fn,4592,30.1237
act_fn,4608,30.433
act_fn,4624,30.4863
act_fn,4640,30.614
act_fn,4656,30.8597
act_fn,4672,30.934
act_fn,4688,31.19
act_fn,4704,31.1903
act_fn,4720,31.425
act_fn,4736,31.595
act_fn,4752,31.7237
act_fn,4768,32.1503
act_fn,4784,32.2133
act_fn,4800,32.417
act_fn,4816,32.5877
act_fn,4832,32.9397
act_fn,4848,33.1317
act_fn,4864,33.2917
act_fn,4880,33.5153
act_fn,4896,33.5157
act_fn,4912,33.7713
act_fn,4928,33.761
act_fn,4944,33.921
act_fn,4960,34.337
act_fn,4976,34.4863
act_fn,4992,34.8063
act_fn,5008,34.753
act_fn,5024,34.9657
act_fn,5040,35.1047
act_fn,5056,35.1903
act_fn,5072,35.5103
act_fn,5088,35.713
act_fn,5104,35.7877
act_fn,5120,35.9263
act_fn,5136,33.4943
act_fn,5152,35.2757
act_fn,5168,35.1263
act_fn,5184,35.6063
act_fn,5200,35.8517
act_fn,5216,35.5427
act_fn,5232,35.7667
act_fn,5248,35.7983
act_fn,5264,36.0433
act_fn,5280,36.4593
act_fn,5296,36.4063
act_fn,5312,36.6517
act_fn,5328,36.8113
act_fn,5344,36.7053
act_fn,5360,37.238
act_fn,5376,37.3127
act_fn,5392,37.8567
act_fn,5408,38.1237
act_fn,5424,38.1663
act_fn,5440,38.3477
act_fn,5456,38.7317
act_fn,5472,38.6357
act_fn,5488,38.9663
act_fn,5504,39.0517
act_fn,5520,39.0837
act_fn,5536,39.265
act_fn,5552,39.51
act_fn,5568,39.5957
act_fn,5584,39.7127
act_fn,5600,39.5737
act_fn,5616,39.905
act_fn,5632,40.0013
act_fn,5648,40.0647
act_fn,5664,40.193
act_fn,5680,40.225
act_fn,5696,40.257
act_fn,5712,40.428
act_fn,5728,40.5983
act_fn,5744,40.6517
act_fn,5760,40.801
act_fn,5776,39.5213
act_fn,5792,39.5637
act_fn,5808,39.9583
act_fn,5824,39.745
act_fn,5840,39.7553
act_fn,5856,39.8837
act_fn,5872,40.0763
act_fn,5888,40.1507
act_fn,5904,39.8303
act_fn,5920,40.022
act_fn,5936,40.1077
act_fn,5952,40.1613
act_fn,5968,40.374
act_fn,5984,40.4703
act_fn,6000,40.5663
act_fn,6016,40.7477
act_fn,6032,41.4727
act_fn,6048,41.6967
act_fn,6064,41.8677
act_fn,6080,41.9423
act_fn,6096,42.1237
act_fn,6112,42.3477
act_fn,6128,42.497
act_fn,6144,42.8167
act_fn,6160,43.532
act_fn,6176,43.415
act_fn,6192,43.3823
act_fn,6208,43.4673
act_fn,6224,43.724
act_fn,6240,43.8517
act_fn,6256,44.4597
act_fn,6272,44.4283
act_fn,6288,44.225
act_fn,6304,44.3317
act_fn,6320,44.6197
act_fn,6336,44.6623
act_fn,6352,44.7797
act_fn,6368,44.9613
act_fn,6384,44.8543
act_fn,6400,45.025
act_fn,6416,44.9717
act_fn,6432,45.612
act_fn,6448,45.2597
act_fn,6464,45.4627
act_fn,6480,45.4307
act_fn,6496,45.7183
act_fn,6512,45.8993
act_fn,6528,46.0063
act_fn,6544,44.705
act_fn,6560,44.7273
act_fn,6576,44.6197
act_fn,6592,44.897
act_fn,6608,45.078
act_fn,6624,45.2273
act_fn,6640,45.1853
act_fn,6656,45.42
act_fn,6672,45.26
act_fn,6688,45.7397
act_fn,6704,45.8463
act_fn,6720,46.0703
act_fn,6736,46.0703
act_fn,6752,46.0173
act_fn,6768,46.4013
act_fn,6784,46.625
act_fn,6800,46.966
act_fn,6816,47.062
act_fn,6832,47.1473
act_fn,6848,47.4357
act_fn,6864,47.788
act_fn,6880,47.7987
act_fn,6896,48.0763
act_fn,6912,48.5023
act_fn,6928,48.5993
act_fn,6944,48.705
act_fn,6960,48.833
act_fn,6976,48.8437
act_fn,6992,48.908
act_fn,7008,49.1963
act_fn,7024,49.142
act_fn,7040,49.516
act_fn,7056,49.58
act_fn,7072,49.6547
act_fn,7088,49.527
act_fn,7104,49.9743
act_fn,7120,49.761
act_fn,7136,50.0597
act_fn,7152,50.3377
act_fn,7168,50.2733
act_fn,7184,49.7183
act_fn,7200,50.3157
act_fn,7216,49.9533
act_fn,7232,50.1347
act_fn,7248,50.3693
act_fn,7264,50.284
act_fn,7280,50.5717
act_fn,7296,50.753
act_fn,7312,49.8253
act_fn,7328,49.8253
act_fn,7344,49.8253
act_fn,7360,49.9423
act_fn,7376,49.825
act_fn,7392,50.017
act_fn,7408,50.0917
act_fn,7424,50.1773
act_fn,7440,50.668
act_fn,7456,50.8383
act_fn,7472,50.945
act_fn,7488,50.8917
act_fn,7504,51.2333
act_fn,7520,51.3077
act_fn,7536,51.5107
act_fn,7552,51.8307
act_fn,7568,52.3743
act_fn,7584,52.3957
act_fn,7600,52.9187
act_fn,7616,52.62
act_fn,7632,52.94
act_fn,7648,53.271
act_fn,7664,53.1957
act_fn,7680,53.4627
act_fn,7696,53.8683
act_fn,7712,53.9747
act_fn,7728,53.9103
act_fn,7744,53.8147
act_fn,7760,54.1133
act_fn,7776,54.2733
act_fn,7792,54.2947
act_fn,7808,54.5933
act_fn,7824,54.892
act_fn,7840,54.5613
act_fn,7856,54.8387
act_fn,7872,54.9023
act_fn,7888,55.0947
act_fn,7904,55.4463
act_fn,7920,55.2123
act_fn,7936,55.3827
act_fn,7952,54.1133
act_fn,7968,53.9003
act_fn,7984,54.028
act_fn,8000,54.145
act_fn,8016,54.0597
act_fn,8032,54.2843
act_fn,8048,54.433
act_fn,8064,54.2523
act_fn,8080,52.8863
act_fn,8096,53.2597
act_fn,8112,53.3453
act_fn,8128,53.7717
act_fn,8144,53.495
act_fn,8160,53.6543
act_fn,8176,53.7933
act_fn,8192,54.1343
act_fn,8208,54.081
act_fn,8224,54.412
act_fn,8240,54.519
act_fn,8256,54.5507
act_fn,8272,54.9667
act_fn,8288,55.1053
act_fn,8304,55.0413
act_fn,8320,55.2867
act_fn,8336,55.34
act_fn,8352,55.639
act_fn,8368,56.076
act_fn,8384,56.2363
act_fn,8400,56.0867
act_fn,8416,56.727
act_fn,8432,56.4177
act_fn,8448,56.8333
act_fn,8464,57.0357
act_fn,8480,57.1433
act_fn,8496,57.601
act_fn,8512,57.8573
act_fn,8528,58.0493
act_fn,8544,57.8997
act_fn,8560,58.3163
act_fn,8576,58.1133
act_fn,8592,58.721
act_fn,8608,58.8383
act_fn,8624,58.935
act_fn,8640,59.0627
act_fn,8656,59.169
act_fn,8672,59.372
act_fn,8688,59.4783
act_fn,8704,59.7777
act_fn,8720,57.857
act_fn,8736,57.868
act_fn,8752,57.8253
act_fn,8768,57.9113
act_fn,8784,58.5087
act_fn,8800,58.1347
act_fn,8816,58.444
act_fn,8832,58.4873
act_fn,8848,58.0493
act_fn,8864,58.3267
act_fn,8880,58.2417
act_fn,8896,58.5827
act_fn,8912,58.594
act_fn,8928,58.849
act_fn,8944,58.9667
act_fn,8960,59.0093
act_fn,8976,59.4257
act_fn,8992,59.6067
act_fn,9008,60.012
act_fn,9024,59.9373
act_fn,9040,60.2147
act_fn,9056,60.396
act_fn,9072,60.4713
act_fn,9088,60.705
act_fn,9104,60.8543
act_fn,9120,61.2493
act_fn,9136,61.4837
act_fn,9152,61.6437
act_fn,9168,61.42
act_fn,9184,61.8047
act_fn,9200,62.0923
act_fn,9216,61.986
act_fn,9232,62.2947
act_fn,9248,62.6153
act_fn,9264,62.9027
act_fn,9280,62.9567
act_fn,9296,63.063
act_fn,9312,63.105
act_fn,9328,64.716
act_fn,9344,64.407
act_fn,9360,64.0123
act_fn,9376,64.2363
act_fn,9392,64.0227
act_fn,9408,64.4607
act_fn,9424,64.375
act_fn,9440,64.844
act_fn,9456,64.727
act_fn,9472,65.3457
act_fn,9488,62.561
act_fn,9504,62.4653
act_fn,9520,62.7007
act_fn,9536,63.009
act_fn,9552,62.9133
act_fn,9568,63.0953
act_fn,9584,63.116
act_fn,9600,63.3187
act_fn,9616,63.0307
act_fn,9632,63.5107
act_fn,9648,63.7033
act_fn,9664,63.938
act_fn,9680,64.0127
act_fn,9696,64.1297
act_fn,9712,64.375
act_fn,9728,64.3857
act_fn,9744,64.7163
act_fn,9760,65.1533
act_fn,9776,65.3133
act_fn,9792,65.1003
act_fn,9808,65.3133
act_fn,9824,65.5483
act_fn,9840,65.9427
act_fn,9856,66.231
act_fn,9872,66.1457
act_fn,9888,66.263
act_fn,9904,66.5727
act_fn,9920,67.0523
act_fn,9936,67.0097
act_fn,9952,67.1903
act_fn,9968,67.7243
act_fn,9984,67.6493
act_fn,10000,67.735
act_fn,10016,67.8733
act_fn,10032,67.9593
act_fn,10048,68.407
act_fn,10064,68.61
act_fn,10080,68.5883
act_fn,10096,69.111
act_fn,10112,68.951
act_fn,10128,69.0577
act_fn,10144,68.9507
act_fn,10160,69.1107
act_fn,10176,69.218
act_fn,10192,69.4313
act_fn,10208,69.2493
act_fn,10224,69.5803
act_fn,10240,67.788
act_fn,10256,67.2763
act_fn,10272,67.2227
act_fn,10288,67.5857
act_fn,10304,67.9163
act_fn,10320,67.82
act_fn,10336,68.1087
act_fn,10352,68.3427
act_fn,10368,68.2253
act_fn,10384,68.6307
act_fn,10400,68.727
act_fn,10416,68.8657
act_fn,10432,68.951
act_fn,10448,69.5907
act_fn,10464,69.687
act_fn,10480,69.676
act_fn,10496,69.8363
act_fn,10512,69.9323
act_fn,10528,70.7533
act_fn,10544,70.3057
act_fn,10560,70.4447
act_fn,10576,70.978
act_fn,10592,71.0733
act_fn,10608,71.3407
act_fn,10624,71.2233
act_fn,10640,71.5967
act_fn,10656,71.671
act_fn,10672,71.6607
act_fn,10688,72.012
act_fn,10704,72.2787
act_fn,10720,72.7163
act_fn,10736,72.6843
act_fn,10752,72.7163
act_fn,10768,73.3353
act_fn,10784,73.1963
act_fn,10800,73.3137
act_fn,10816,73.452
act_fn,10832,73.8363
act_fn,10848,74.3913
act_fn,10864,74.092
act_fn,10880,74.2737
act_fn,10896,74.9137
act_fn,10912,74.5087
act_fn,10928,75.095
act_fn,10944,75.298
act_fn,10960,75.33
act_fn,10976,75.287
act_fn,10992,75.3193
act_fn,11008,75.7247
act_fn,11024,75.6283
act_fn,11040,75.9693
act_fn,11056,75.8207
act_fn,11072,76.29
act_fn,11088,76.0233
act_fn,11104,76.2047
act_fn,11120,76.4817
act_fn,11136,77.0577
act_fn,11152,77.089
act_fn,11168,76.6523
act_fn,11184,77.058
act_fn,11200,77.4527
act_fn,11216,77.1963
act_fn,11232,77.1857
act_fn,11248,77.1327
act_fn,11264,77.6017
act_fn,11280,77.911
act_fn,11296,77.4957
act_fn,11312,77.591
act_fn,11328,77.9647
act_fn,11344,78.0393
act_fn,11360,78.1463
act_fn,11376,78.125
act_fn,11392,78.2313
act_fn,11408,78.3593
act_fn,11424,78.476
act_fn,11440,78.6473
act_fn,11456,79.266
act_fn,11472,78.9887
act_fn,11488,79.3727
act_fn,11504,78.8927
act_fn,11520,79.266
act_fn,11536,78.6577
act_fn,11552,78.8287
act_fn,11568,78.7433
act_fn,11584,78.9247
act_fn,11600,79.3083
act_fn,11616,79.5753
act_fn,11632,79.298
act_fn,11648,79.4793
act_fn,11664,76.1937
act_fn,11680,76.61
act_fn,11696,76.77
act_fn,11712,77.026
act_fn,11728,76.9193
act_fn,11744,77.4843
act_fn,11760,77.5697
act_fn,11776,77.261
act_fn,11792,77.9113
act_fn,11808,77.9327
act_fn,11824,78.1677
act_fn,11840,78.3587
act_fn,11856,78.7323
act_fn,11872,78.5833
act_fn,11888,78.8707
act_fn,11904,79.0423
act_fn,11920,79.2023
act_fn,11936,79.81
act_fn,11952,79.426
act_fn,11968,79.5643
act_fn,11984,80.3
act_fn,12000,79.8313
act_fn,12016,80.322
act_fn,12032,80.7167
act_fn,12048,81.015
act_fn,12064,81.1753
act_fn,12080,81.0153
act_fn,12096,81.3033
act_fn,12112,81.4313
act_fn,12128,81.2923
act_fn,12144,81.73
act_fn,12160,81.911
act_fn,12176,82.0287
act_fn,12192,82.242
act_fn,12208,82.6367
act_fn,12224,82.9887
act_fn,12240,82.8393
act_fn,12256,82.9673
act_fn,12272,83.2553
act_fn,12288,83.65
act_fn,12304,83.6823
act_fn,12320,84.034
act_fn,12336,84.3753
act_fn,12352,84.2473
act_fn,12368,84.6527
act_fn,12384,84.3753
act_fn,12400,84.834
act_fn,12416,84.8553
act_fn,12432,84.6527
act_fn,12448,85.0367
act_fn,12464,85.0583
act_fn,12480,85.378
act_fn,12496,85.7727
act_fn,12512,85.602
act_fn,12528,85.9223
act_fn,12544,86.0073
act_fn,12560,86.1993
act_fn,12576,86.157
act_fn,12592,86.338
act_fn,12608,86.4557
act_fn,12624,86.3487
act_fn,12640,86.53
act_fn,12656,86.648
act_fn,12672,86.8607
act_fn,12688,86.925
act_fn,12704,86.925
act_fn,12720,87.0633
act_fn,12736,87.7887
act_fn,12752,87.49
act_fn,12768,87.234
act_fn,12784,87.8957
act_fn,12800,87.842
act_fn,12816,88.13
act_fn,12832,87.7673
act_fn,12848,88.0553
act_fn,12864,88.2367
act_fn,12880,88.5033
act_fn,12896,88.2473
act_fn,12912,88.642
act_fn,12928,88.7167
act_fn,12944,88.5467
act_fn,12960,88.6953
act_fn,12976,88.674
act_fn,12992,89.2287
act_fn,13008,89.41
act_fn,13024,89.1757
act_fn,13040,89.41
act_fn,13056,89.6233
act_fn,13072,85.634
act_fn,13088,85.8583
act_fn,13104,86.082
act_fn,13120,86.1993
act_fn,13136,86.2953
act_fn,13152,86.2527
act_fn,13168,87.0847
act_fn,13184,86.434
act_fn,13200,86.626
act_fn,13216,87.3303
act_fn,13232,87.074
act_fn,13248,87.5433
act_fn,13264,87.4473
act_fn,13280,87.885
act_fn,13296,88.034
act_fn,13312,88.162
act_fn,13328,88.7277
act_fn,13344,88.6633
act_fn,13360,88.898
act_fn,13376,88.8767
act_fn,13392,89.2187
act_fn,13408,89.1007
act_fn,13424,89.3567
act_fn,13440,89.4527
act_fn,13456,89.9327
act_fn,13472,89.741
act_fn,13488,90.1677
act_fn,13504,90.541
act_fn,13520,90.3273
act_fn,13536,90.4873
act_fn,13552,90.946
act_fn,13568,91.3513
act_fn,13584,91.523
act_fn,13600,91.7143
act_fn,13616,91.7673
act_fn,13632,91.757
act_fn,13648,91.97
act_fn,13664,92.2367
act_fn,13680,92.5143
act_fn,13696,92.6
act_fn,13712,92.802
act_fn,13728,93.1333
act_fn,13744,93.3677
act_fn,13760,93.8797
act_fn,13776,93.7413
act_fn,13792,93.6663
act_fn,13808,93.8263
act_fn,13824,94.1353
act_fn,13840,93.9327
act_fn,13856,94.2957
act_fn,13872,94.434
act_fn,13888,95.042
act_fn,13904,95.2983
act_fn,13920,95.4797
act_fn,13936,95.469
act_fn,13952,95.3833
act_fn,13968,95.522
act_fn,13984,95.8207
act_fn,14000,96.002
act_fn,14016,95.853
act_fn,14032,95.7353
act_fn,14048,95.7143
act_fn,14064,96.1517
act_fn,14080,96.1623
act_fn,14096,96.514
act_fn,14112,96.2687
act_fn,14128,96.45
act_fn,14144,96.728
act_fn,14160,96.8663
act_fn,14176,96.973
act_fn,14192,97.154
act_fn,14208,96.8983
act_fn,14224,97.7833
act_fn,14240,97.218
act_fn,14256,97.186
act_fn,14272,97.1647
act_fn,14288,97.613
act_fn,14304,97.6447
act_fn,14320,97.8157
act_fn,14336,98.146
act_fn,14352,98.0503
act_fn,14368,97.933
act_fn,14384,98.36
act_fn,14400,98.1897
act_fn,14416,97.9867
act_fn,14432,98.2847
act_fn,14448,98.8713
act_fn,14464,98.7967
act_fn,14480,96.2583
act_fn,14496,96.2793
act_fn,14512,96.4397
act_fn,14528,96.5253
act_fn,14544,96.6637
act_fn,14560,96.866
act_fn,14576,96.813
act_fn,14592,96.9623
act_fn,14608,95.9597
act_fn,14624,96.2263
act_fn,14640,96.397
act_fn,14656,96.386
act_fn,14672,97.0473
act_fn,14688,97.2717
act_fn,14704,97.1327
act_fn,14720,97.688
act_fn,14736,97.6027
act_fn,14752,97.837
act_fn,14768,97.5383
act_fn,14784,98.008
act_fn,14800,98.1353
act_fn,14816,98.637
act_fn,14832,98.701
act_fn,14848,98.8503
act_fn,14864,99.2877
act_fn,14880,99.1597
act_fn,14896,99.0423
act_fn,14912,99.4263
act_fn,14928,99.7143
act_fn,14944,100.205
act_fn,14960,100.173
act_fn,14976,100.386
act_fn,14992,100.472
act_fn,15008,100.536
act_fn,15024,100.653
act_fn,15040,100.589
act_fn,15056,101.24
act_fn,15072,101.282
act_fn,15088,101.709
act_fn,15104,101.443
act_fn,15120,102.029
act_fn,15136,102.136
act_fn,15152,102.615
act_fn,15168,102.627
act_fn,15184,102.594
act_fn,15200,102.818
act_fn,15216,103.117
act_fn,15232,103.373
act_fn,15248,103.309
act_fn,15264,103.608
act_fn,15280,103.821
act_fn,15296,103.757
act_fn,15312,104.301
act_fn,15328,104.237
act_fn,15344,104.386
act_fn,15360,104.397
act_fn,15376,105.304
act_fn,15392,105.111
act_fn,15408,105.101
act_fn,15424,105.165
act_fn,15440,105.549
act_fn,15456,105.176
act_fn,15472,105.869
act_fn,15488,105.496
act_fn,15504,105.731
act_fn,15520,105.826
act_fn,15536,105.752
act_fn,15552,106.04
act_fn,15568,106.232
act_fn,15584,106.007
act_fn,15600,106.168
act_fn,15616,106.765
act_fn,15632,106.296
act_fn,15648,106.733
act_fn,15664,106.786
act_fn,15680,106.659
act_fn,15696,107.245
act_fn,15712,107.106
act_fn,15728,107.192
act_fn,15744,107.437
act_fn,15760,107.256
act_fn,15776,107.683
act_fn,15792,107.576
act_fn,15808,107.651
act_fn,15824,107.853
act_fn,15840,108.088
act_fn,15856,108.12
act_fn,15872,108.077
act_fn,15888,107.544
act_fn,15904,107.779
act_fn,15920,108.152
act_fn,15936,108.312
act_fn,15952,108.088
act_fn,15968,107.864
act_fn,15984,108.376
act_fn,16000,108.398
act_fn,16016,105.154
act_fn,16032,105.24
act_fn,16048,105.559
act_fn,16064,105.571
act_fn,16080,106.232
act_fn,16096,106.669
act_fn,16112,106.21
act_fn,16128,106.552
act_fn,16144,106.914
act_fn,16160,106.531
act_fn,16176,106.776
act_fn,16192,107.907
act_fn,16208,107.299
act_fn,16224,107.81
act_fn,16240,108.12
act_fn,16256,107.853
act_fn,16272,107.992
act_fn,16288,108.451
act_fn,16304,108.301
act_fn,16320,108.675
act_fn,16336,109.026
act_fn,16352,108.718
act_fn,16368,109.336
act_fn,16384,109.517
act_fn,16400,109.837
act_fn,16416,110.168
act_fn,16432,110.007
act_fn,16448,110.413
act_fn,16464,110.168
act_fn,16480,110.68
act_fn,16496,111.171
act_fn,16512,110.904
act_fn,16528,111.064
act_fn,16544,111.597
act_fn,16560,111.629
act_fn,16576,112.173
act_fn,16592,111.768
act_fn,16608,112.28
act_fn,16624,112.76
act_fn,16640,112.376
act_fn,16656,112.707
act_fn,16672,112.664
act_fn,16688,113.218
act_fn,16704,112.802
act_fn,16720,114.072
act_fn,16736,113.165
act_fn,16752,113.464
act_fn,16768,113.976
act_fn,16784,114.285
act_fn,16800,114.222
act_fn,16816,114.616
act_fn,16832,114.189
act_fn,16848,114.019
act_fn,16864,114.541
act_fn,16880,114.936
act_fn,16896,115.266
act_fn,16912,114.904
act_fn,16928,115.032
act_fn,16944,115.106
act_fn,16960,115.032
act_fn,16976,115.438
act_fn,16992,115.576
act_fn,17008,115.63
act_fn,17024,115.299
act_fn,17040,115.693
act_fn,17056,115.96
act_fn,17072,116.344
act_fn,17088,116.013
act_fn,17104,116.558
act_fn,17120,116.099
act_fn,17136,116.43
act_fn,17152,116.717
act_fn,17168,116.611
act_fn,17184,116.824
act_fn,17200,116.888
act_fn,17216,117.155
act_fn,17232,117.208
act_fn,17248,117.784
act_fn,17264,117.464
act_fn,17280,117.645
act_fn,17296,117.944
act_fn,17312,117.592
act_fn,17328,117.475
act_fn,17344,117.944
act_fn,17360,117.677
act_fn,17376,118.062
act_fn,17392,118.349
act_fn,17408,118.413
act_fn,17424,114.893
act_fn,17440,114.648
act_fn,17456,114.85
act_fn,17472,115.299
act_fn,17488,114.99
act_fn,17504,115.256
act_fn,17520,115.405
act_fn,17536,115.512
act_fn,17552,116.205
act_fn,17568,115.672
act_fn,17584,116.557
act_fn,17600,115.8
act_fn,17616,116.675
act_fn,17632,116.568
act_fn,17648,116.931
act_fn,17664,116.974
act_fn,17680,116.91
act_fn,17696,117.582
act_fn,17712,117.539
act_fn,17728,117.773
act_fn,17744,118.136
act_fn,17760,118.221
act_fn,17776,118.36
act_fn,17792,118.339
act_fn,17808,118.904
act_fn,17824,118.541
act_fn,17840,119.405
act_fn,17856,118.957
act_fn,17872,119.288
act_fn,17888,119.651
act_fn,17904,120.003
act_fn,17920,120.099
act_fn,17936,119.843
act_fn,17952,120.206
act_fn,17968,120.579
act_fn,17984,120.675
act_fn,18000,121.176
act_fn,18016,120.579
act_fn,18032,121.582
act_fn,18048,121.891
act_fn,18064,121.475
act_fn,18080,121.752
act_fn,18096,122.19
act_fn,18112,122.328
act_fn,18128,122.648
act_fn,18144,122.563
act_fn,18160,122.862
act_fn,18176,122.744
act_fn,18192,123
act_fn,18208,123.64
act_fn,18224,123.544
act_fn,18240,124.152
act_fn,18256,123.448
act_fn,18272,124.163
act_fn,18288,124.206
act_fn,18304,124.302
act_fn,18320,124.59
act_fn,18336,124.6
act_fn,18352,124.515
act_fn,18368,124.632
act_fn,18384,125.048
act_fn,18400,124.91
act_fn,18416,124.782
act_fn,18432,125.059
act_fn,18448,125.251
act_fn,18464,124.91
act_fn,18480,125.838
act_fn,18496,125.55
act_fn,18512,125.368
act_fn,18528,125.443
act_fn,18544,125.902
act_fn,18560,126.307
act_fn,18576,125.88
act_fn,18592,126.435
act_fn,18608,126.232
act_fn,18624,126.51
act_fn,18640,126.627
act_fn,18656,126.488
act_fn,18672,126.809
act_fn,18688,127.064
act_fn,18704,127.118
act_fn,18720,127.075
act_fn,18736,126.989
act_fn,18752,127.512
act_fn,18768,127.16
act_fn,18784,127.854
act_fn,18800,127.416
act_fn,18816,127.363
act_fn,18832,125.507
act_fn,18848,125.72
act_fn,18864,125.56
act_fn,18880,125.507
act_fn,18896,125.635
act_fn,18912,126.168
act_fn,18928,125.816
act_fn,18944,125.923
act_fn,18960,124.664
act_fn,18976,125.112
act_fn,18992,125.528
act_fn,19008,125.443
act_fn,19024,125.432
act_fn,19040,126.35
act_fn,19056,126.094
act_fn,19072,126.243
act_fn,19088,126.691
act_fn,19104,126.808
act_fn,19120,128.066
act_fn,19136,126.883
act_fn,19152,127.139
act_fn,19168,127.075
act_fn,19184,127.32
act_fn,19200,127.843
act_fn,19216,127.748
act_fn,19232,128.216
act_fn,19248,128.24
act_fn,19264,128.76
act_fn,19280,129.262
act_fn,19296,128.867
act_fn,19312,129.006
act_fn,19328,129.155
act_fn,19344,129.23
act_fn,19360,129.325
act_fn,19376,130.211
act_fn,19392,130.456
act_fn,19408,130.979
act_fn,19424,130.286
act_fn,19440,130.201
act_fn,19456,130.862
act_fn,19472,131.043
act_fn,19488,131.267
act_fn,19504,131.715
act_fn,19520,131.544
act_fn,19536,131.907
act_fn,19552,132.205
act_fn,19568,131.875
act_fn,19584,132.536
act_fn,19600,132.515
act_fn,19616,132.899
act_fn,19632,132.888
act_fn,19648,132.707
act_fn,19664,133.358
act_fn,19680,133.379
act_fn,19696,134.008
act_fn,19712,133.358
act_fn,19728,133.528
act_fn,19744,133.784
act_fn,19760,133.945
act_fn,19776,133.838
act_fn,19792,133.998
act_fn,19808,134.488
act_fn,19824,134.2
act_fn,19840,134.713
act_fn,19856,134.649
act_fn,19872,134.435
act_fn,19888,134.574
act_fn,19904,134.969
act_fn,19920,135.214
act_fn,19936,135.129
act_fn,19952,134.958
act_fn,19968,135.47
act_fn,19984,135.118
act_fn,20000,135.374
act_fn,20016,135.94
act_fn,20032,135.299
act_fn,20048,136.217
act_fn,20064,135.918
act_fn,20080,135.971
act_fn,20096,136.782
act_fn,20112,136.547
act_fn,20128,136.249
act_fn,20144,136.708
act_fn,20160,136.408
act_fn,20176,136.526
act_fn,20192,136.814
act_fn,20208,136.953
act_fn,20224,137.017
act_fn,20240,136.302
act_fn,20256,136.75
act_fn,20272,136.781
act_fn,20288,136.814
act_fn,20304,137.54
act_fn,20320,137.102
act_fn,20336,137.134
act_fn,20352,137.592
act_fn,20368,134.19
act_fn,20384,134.894
act_fn,20400,134.712
act_fn,20416,135.075
act_fn,20432,134.979
act_fn,20448,135.256
act_fn,20464,135.288
act_fn,20480,135.396
act_fn,20496,135.971
act_fn,20512,135.352
act_fn,20528,136.248
act_fn,20544,136.174
act_fn,20560,136.078
act_fn,20576,136.494
act_fn,20592,136.697
act_fn,20608,136.974
act_fn,20624,136.942
act_fn,20640,137.614
act_fn,20656,137.337
act_fn,20672,137.401
act_fn,20688,137.923
act_fn,20704,137.828
act_fn,20720,138.222
act_fn,20736,138.542
act_fn,20752,138.318
act_fn,20768,138.819
act_fn,20784,139.416
act_fn,20800,139.235
act_fn,20816,139.726
act_fn,20832,139.971
act_fn,20848,139.321
act_fn,20864,139.8
act_fn,20880,140.153
act_fn,20896,140.131
act_fn,20912,140.259
act_fn,20928,140.58
act_fn,20944,141.241
act_fn,20960,141.166
act_fn,20976,140.718
act_fn,20992,141.518
act_fn,21008,141.912
act_fn,21024,141.988
act_fn,21040,141.529
act_fn,21056,142.041
act_fn,21072,142.478
act_fn,21088,142.702
act_fn,21104,142.83
act_fn,21120,142.574
act_fn,21136,143.033
act_fn,21152,143.022
act_fn,21168,143.406
act_fn,21184,143.47
act_fn,21200,143.31
act_fn,21216,143.502
act_fn,21232,143.908
act_fn,21248,143.715
act_fn,21264,143.705
act_fn,21280,143.651
act_fn,21296,144.099
act_fn,21312,144.014
act_fn,21328,144.323
act_fn,21344,144.217
act_fn,21360,144.633
act_fn,21376,144.515
act_fn,21392,145.486
act_fn,21408,144.548
act_fn,21424,145.294
act_fn,21440,145.582
act_fn,21456,144.888
act_fn,21472,145.411
act_fn,21488,145.849
act_fn,21504,145.742
act_fn,21520,146.499
act_fn,21536,145.784
act_fn,21552,145.529
act_fn,21568,146.094
act_fn,21584,145.902
act_fn,21600,145.987
act_fn,21616,146.393
act_fn,21632,146.212
act_fn,21648,146.808
act_fn,21664,146.479
act_fn,21680,146.564
act_fn,21696,146.83
act_fn,21712,146.926
act_fn,21728,147.044
act_fn,21744,147.481
act_fn,21760,147.844
act_fn,21776,143.491
act_fn,21792,144.132
act_fn,21808,143.855
act_fn,21824,144.537
act_fn,21840,144.601
act_fn,21856,144.259
act_fn,21872,144.878
act_fn,21888,144.505
act_fn,21904,144.622
act_fn,21920,144.857
act_fn,21936,144.91
act_fn,21952,145.166
act_fn,21968,145.38
act_fn,21984,145.507
act_fn,22000,145.657
act_fn,22016,145.784
act_fn,22032,146.468
act_fn,22048,146.372
act_fn,22064,146.755
act_fn,22080,147.492
act_fn,22096,147.204
act_fn,22112,146.713
act_fn,22128,147.31
act_fn,22144,147.886
act_fn,22160,147.587
act_fn,22176,147.897
act_fn,22192,148.046
act_fn,22208,148.185
act_fn,22224,148.964
act_fn,22240,148.985
act_fn,22256,148.782
act_fn,22272,149.327
act_fn,22288,149.145
act_fn,22304,149.444
act_fn,22320,149.582
act_fn,22336,149.86
act_fn,22352,150.127
act_fn,22368,150.798
act_fn,22384,150.809
act_fn,22400,150.361
act_fn,22416,150.435
act_fn,22432,150.83
act_fn,22448,151.203
act_fn,22464,151.534
act_fn,22480,151.257
act_fn,22496,151.95
act_fn,22512,151.694
act_fn,22528,151.982
act_fn,22544,151.801
act_fn,22560,152.238
act_fn,22576,152.483
act_fn,22592,152.441
act_fn,22608,152.867
act_fn,22624,152.537
act_fn,22640,152.58
act_fn,22656,153.049
act_fn,22672,153.635
act_fn,22688,153.326
act_fn,22704,153.177
act_fn,22720,153.614
act_fn,22736,153.764
act_fn,22752,153.635
act_fn,22768,153.71
act_fn,22784,154.03
act_fn,22800,154.734
act_fn,22816,154.105
act_fn,22832,154.489
act_fn,22848,154.852
act_fn,22864,154.66
act_fn,22880,154.66
act_fn,22896,154.575
act_fn,22912,155.054
act_fn,22928,155.075
act_fn,22944,154.895
act_fn,22960,155.001
act_fn,22976,155.247
act_fn,22992,155.587
act_fn,23008,155.503
act_fn,23024,155.769
act_fn,23040,155.726
act_fn,23056,155.588
act_fn,23072,156.569
act_fn,23088,156.153
act_fn,23104,156.057
act_fn,23120,156.185
act_fn,23136,156.324
act_fn,23152,156.601
act_fn,23168,157.22
act_fn,23184,154.319
act_fn,23200,154.169
act_fn,23216,154.009
act_fn,23232,154.318
act_fn,23248,154.723
act_fn,23264,154.265
act_fn,23280,155.332
act_fn,23296,154.521
act_fn,23312,154.041
act_fn,23328,153.572
act_fn,23344,154.255
act_fn,23360,154.553
act_fn,23376,154.734
act_fn,23392,154.862
act_fn,23408,155.385
act_fn,23424,154.883
act_fn,23440,155.769
act_fn,23456,155.641
act_fn,23472,156.771
act_fn,23488,155.929
act_fn,23504,156.345
act_fn,23520,156.143
act_fn,23536,156.59
act_fn,23552,156.932
act_fn,23568,156.633
act_fn,23584,156.782
act_fn,23600,156.996
act_fn,23616,157.454
act_fn,23632,157.55
act_fn,23648,157.817
act_fn,23664,157.753
act_fn,23680,158.414
act_fn,23696,158.233
act_fn,23712,158.702
act_fn,23728,158.873
act_fn,23744,159.087
act_fn,23760,159.129
act_fn,23776,159.438
act_fn,23792,159.833
act_fn,23808,159.705
act_fn,23824,160.099
act_fn,23840,160.206
act_fn,23856,160.238
act_fn,23872,160.708
act_fn,23888,160.356
act_fn,23904,160.782
act_fn,23920,161.092
act_fn,23936,161.22
act_fn,23952,161.262
act_fn,23968,162.095
act_fn,23984,161.732
act_fn,24000,161.935
act_fn,24016,162.105
act_fn,24032,162.511
act_fn,24048,162.553
act_fn,24064,162.233
act_fn,24080,162.5
act_fn,24096,162.222
act_fn,24112,162.639
act_fn,24128,162.863
act_fn,24144,163.182
act_fn,24160,162.927
act_fn,24176,163.374
act_fn,24192,162.692
act_fn,24208,163.683
act_fn,24224,164.068
act_fn,24240,163.982
act_fn,24256,163.96
act_fn,24272,163.791
act_fn,24288,164.196
act_fn,24304,163.769
act_fn,24320,164.345
act_fn,24336,164.335
act_fn,24352,164.697
act_fn,24368,164.345
act_fn,24384,164.761
act_fn,24400,164.719
act_fn,24416,164.132
act_fn,24432,164.719
act_fn,24448,165.359
act_fn,24464,165.177
act_fn,24480,164.975
act_fn,24496,165.913
act_fn,24512,165.615
act_fn,24528,165.711
act_fn,24544,165.913
act_fn,24560,166.201
act_fn,24576,166.02
act_fn,24592,165.049
act_fn,24608,165.711
act_fn,24624,166.212
act_fn,24640,165.689
act_fn,24656,166.127
act_fn,24672,166.553
act_fn,24688,166.415
act_fn,24704,166.137
act_fn,24720,163.321
act_fn,24736,163.214
act_fn,24752,163.705
act_fn,24768,164.239
act_fn,24784,163.439
act_fn,24800,164.207
act_fn,24816,164.271
act_fn,24832,164.281
act_fn,24848,164.761
act_fn,24864,164.579
act_fn,24880,164.559
act_fn,24896,164.847
act_fn,24912,165.295
act_fn,24928,164.91
act_fn,24944,165.806
act_fn,24960,165.593
act_fn,24976,166.361
act_fn,24992,166.201
act_fn,25008,166.265
act_fn,25024,166.777
act_fn,25040,166.841
act_fn,25056,167.055
act_fn,25072,166.713
act_fn,25088,167.375
act_fn,25104,167.46
act_fn,25120,167.396
act_fn,25136,167.833
act_fn,25152,167.619
act_fn,25168,168.537
act_fn,25184,168.441
act_fn,25200,168.772
act_fn,25216,168.569
act_fn,25232,169.316
act_fn,25248,169.476
act_fn,25264,169.444
act_fn,25280,170.287
act_fn,25296,169.945
act_fn,25312,170.799
act_fn,25328,170.852
act_fn,25344,170.436
act_fn,25360,170.425
act_fn,25376,170.863
act_fn,25392,170.574
act_fn,25408,170.489
act_fn,25424,171.097
act_fn,25440,171.321
act_fn,25456,171.684
act_fn,25472,171.769
act_fn,25488,171.727
act_fn,25504,172.271
act_fn,25520,172.121
act_fn,25536,172.431
act_fn,25552,172.622
act_fn,25568,172.41
act_fn,25584,172.633
act_fn,25600,172.932
act_fn,25616,173.124
act_fn,25632,172.943
act_fn,25648,173.284
act_fn,25664,173.551
act_fn,25680,173.529
act_fn,25696,173.242
act_fn,25712,173.881
act_fn,25728,173.796
act_fn,25744,173.412
act_fn,25760,173.807
act_fn,25776,173.689
act_fn,25792,173.913
act_fn,25808,174.415
act_fn,25824,174.351
act_fn,25840,175.002
act_fn,25856,174.852
act_fn,25872,174.404
act_fn,25888,174.457
act_fn,25904,175.204
act_fn,25920,174.756
act_fn,25936,174.991
act_fn,25952,174.799
act_fn,25968,175.023
act_fn,25984,175.834
act_fn,26000,175.578
act_fn,26016,175.556
act_fn,26032,175.31
act_fn,26048,176.25
act_fn,26064,175.844
act_fn,26080,175.802
act_fn,26096,175.833
act_fn,26112,176.377
act_fn,26128,172.356
act_fn,26144,172.623
act_fn,26160,172.665
act_fn,26176,172.857
act_fn,26192,172.953
act_fn,26208,173.156
act_fn,26224,173.711
act_fn,26240,173.849
act_fn,26256,174.073
act_fn,26272,174.084
act_fn,26288,174.308
act_fn,26304,174.244
act_fn,26320,174.084
act_fn,26336,174.841
act_fn,26352,175.012
act_fn,26368,175.183
act_fn,26384,175.375
act_fn,26400,175.396
act_fn,26416,175.716
act_fn,26432,176.111
act_fn,26448,175.716
act_fn,26464,176.399
act_fn,26480,176.292
act_fn,26496,176.26
act_fn,26512,176.804
act_fn,26528,176.889
act_fn,26544,177.167
act_fn,26560,177.551
act_fn,26576,177.284
act_fn,26592,177.668
act_fn,26608,177.53
act_fn,26624,177.913
act_fn,26640,177.935
act_fn,26656,178.735
act_fn,26672,178.863
act_fn,26688,178.553
act_fn,26704,178.629
act_fn,26720,179.257
act_fn,26736,179.556
act_fn,26752,179.375
act_fn,26768,179.364
act_fn,26784,179.855
act_fn,26800,180.431
act_fn,26816,179.652
act_fn,26832,180.271
act_fn,26848,181.028
act_fn,26864,180.676
act_fn,26880,181.039
act_fn,26896,181.551
act_fn,26912,181.391
act_fn,26928,181.636
act_fn,26944,181.636
act_fn,26960,181.295
act_fn,26976,181.945
act_fn,26992,181.785
act_fn,27008,181.85
act_fn,27024,182.212
act_fn,27040,183.108
act_fn,27056,182.362
act_fn,27072,182.628
act_fn,27088,182.692
act_fn,27104,182.586
act_fn,27120,182.553
act_fn,27136,182.809
act_fn,27152,183.503
act_fn,27168,183.29
act_fn,27184,183.034
act_fn,27200,184.047
act_fn,27216,184.015
act_fn,27232,183.823
act_fn,27248,183.876
act_fn,27264,184.516
act_fn,27280,183.545
act_fn,27296,184.015
act_fn,27312,183.844
act_fn,27328,184.282
act_fn,27344,184.473
act_fn,27360,184.314
act_fn,27376,184.815
act_fn,27392,184.346
act_fn,27408,185.476
act_fn,27424,184.74
act_fn,27440,184.783
act_fn,27456,185.178
act_fn,27472,185.38
act_fn,27488,185.38
act_fn,27504,186.01
act_fn,27520,185.7
act_fn,27536,183.727
act_fn,27552,183.845
act_fn,27568,183.503
act_fn,27584,183.674
act_fn,27600,183.172
act_fn,27616,183.972
act_fn,27632,183.706
act_fn,27648,183.908
act_fn,27664,183.428
act_fn,27680,183.162
act_fn,27696,183.674
act_fn,27712,182.959
act_fn,27728,184.111
act_fn,27744,183.727
act_fn,27760,184.303
act_fn,27776,184.335
act_fn,27792,184.474
act_fn,27808,184.25
act_fn,27824,184.698
act_fn,27840,184.612
act_fn,27856,185.082
act_fn,27872,185.124
act_fn,27888,185.829
act_fn,27904,185.476
act_fn,27920,185.935
act_fn,27936,185.551
act_fn,27952,185.978
act_fn,27968,185.881
act_fn,27984,186.821
act_fn,28000,187.023
act_fn,28016,186.969
act_fn,28032,186.767
act_fn,28048,187.343
act_fn,28064,187.428
act_fn,28080,187.652
act_fn,28096,188.079
act_fn,28112,187.705
act_fn,28128,188.41
act_fn,28144,188.687
act_fn,28160,188.634
act_fn,28176,188.837
act_fn,28192,188.58
act_fn,28208,188.697
act_fn,28224,189.477
act_fn,28240,189.721
act_fn,28256,189.221
act_fn,28272,190.053
act_fn,28288,189.818
act_fn,28304,190.148
act_fn,28320,190.703
act_fn,28336,190.106
act_fn,28352,190.65
act_fn,28368,190.948
act_fn,28384,191.098
act_fn,28400,191.109
act_fn,28416,191.493
act_fn,28432,191.45
act_fn,28448,192.058
act_fn,28464,192.175
act_fn,28480,191.802
act_fn,28496,192.154
act_fn,28512,191.866
act_fn,28528,192.314
act_fn,28544,192.41
act_fn,28560,192.772
act_fn,28576,192.559
act_fn,28592,192.432
act_fn,28608,192.794
act_fn,28624,192.708
act_fn,28640,192.772
act_fn,28656,193.029
act_fn,28672,193.658
act_fn,28688,193.53
act_fn,28704,193.455
act_fn,28720,193.263
act_fn,28736,193.999
act_fn,28752,193.316
act_fn,28768,194.031
act_fn,28784,194.426
act_fn,28800,193.455
act_fn,28816,194.49
act_fn,28832,194.191
act_fn,28848,194.778
act_fn,28864,194.17
act_fn,28880,194.479
act_fn,28896,194.223
act_fn,28912,195.076
act_fn,28928,194.98
act_fn,28944,194.383
act_fn,28960,194.138
act_fn,28976,194.288
act_fn,28992,194.799
act_fn,29008,194.821
act_fn,29024,195.482
act_fn,29040,195.108
act_fn,29056,195.439
act_fn,29072,191.908
act_fn,29088,192.868
act_fn,29104,192.602
act_fn,29120,193.391
act_fn,29136,192.74
act_fn,29152,192.858
act_fn,29168,193.445
act_fn,29184,193.53
act_fn,29200,193.327
act_fn,29216,194.277
act_fn,29232,194.084
act_fn,29248,194.169
act_fn,29264,194.117
act_fn,29280,194.511
act_fn,29296,194.148
act_fn,29312,194.351
act_fn,29328,195.023
act_fn,29344,194.724
act_fn,29360,195.13
act_fn,29376,195.45
act_fn,29392,195.887
act_fn,29408,195.973
act_fn,29424,196.165
act_fn,29440,196.101
act_fn,29456,196.762
act_fn,29472,196.624
act_fn,29488,197.114
act_fn,29504,196.953
act_fn,29520,197.018
act_fn,29536,196.73
act_fn,29552,197.306
act_fn,29568,198.159
act_fn,29584,197.839
act_fn,29600,197.999
act_fn,29616,199.045
act_fn,29632,198.692
act_fn,29648,198.683
act_fn,29664,198.906
act_fn,29680,199.066
act_fn,29696,199.461
act_fn,29712,199.066
act_fn,29728,199.887
act_fn,29744,199.962
act_fn,29760,199.845
act_fn,29776,199.77
act_fn,29792,199.994
act_fn,29808,200.196
act_fn,29824,200.282
act_fn,29840,200.378
act_fn,29856,201.05
act_fn,29872,200.975
act_fn,29888,201.616
act_fn,29904,201.679
act_fn,29920,201.86
act_fn,29936,201.722
act_fn,29952,202.266
act_fn,29968,201.914
act_fn,29984,201.605
act_fn,30000,202.287
act_fn,30016,201.797
act_fn,30032,202.096
act_fn,30048,202.789
act_fn,30064,202.224
act_fn,30080,202.448
act_fn,30096,202.608
act_fn,30112,203.194
act_fn,30128,202.81
act_fn,30144,203.087
act_fn,30160,203.29
act_fn,30176,203.258
act_fn,30192,203.386
act_fn,30208,203.439
act_fn,30224,203.077
act_fn,30240,203.492
act_fn,30256,203.183
act_fn,30272,203.77
act_fn,30288,204.047
act_fn,30304,204.004
act_fn,30320,204.026
act_fn,30336,204.346
act_fn,30352,204.218
act_fn,30368,204.314
act_fn,30384,204.377
act_fn,30400,204.708
act_fn,30416,204.826
act_fn,30432,205.071
act_fn,30448,204.794
act_fn,30464,205.722
act_fn,30480,202.042
act_fn,30496,201.786
act_fn,30512,201.872
act_fn,30528,201.892
act_fn,30544,202.202
act_fn,30560,201.903
act_fn,30576,202.244
act_fn,30592,202.96
act_fn,30608,202.405
act_fn,30624,202.746
act_fn,30640,202.949
act_fn,30656,203.343
act_fn,30672,203.578
act_fn,30688,203.642
act_fn,30704,203.866
act_fn,30720,204.325
act_fn,30736,204.207
act_fn,30752,204.005
act_fn,30768,204.442
act_fn,30784,204.581
act_fn,30800,204.719
act_fn,30816,205.146
act_fn,30832,205.178
act_fn,30848,204.965
act_fn,30864,205.744
act_fn,30880,206.522
act_fn,30896,206.021
act_fn,30912,206.512
act_fn,30928,206.33
act_fn,30944,206.437
act_fn,30960,206.095
act_fn,30976,206.404
act_fn,30992,207.407
act_fn,31008,206.863
act_fn,31024,207.696
act_fn,31040,207.439
act_fn,31056,207.802
act_fn,31072,207.589
act_fn,31088,208.485
act_fn,31104,208.154
act_fn,31120,208.197
act_fn,31136,208.549
act_fn,31152,208.794
act_fn,31168,208.72
act_fn,31184,209.103
act_fn,31200,209.21
act_fn,31216,209.988
act_fn,31232,209.797
act_fn,31248,209.893
act_fn,31264,209.776
act_fn,31280,209.775
act_fn,31296,210.522
act_fn,31312,210.074
act_fn,31328,210.405
act_fn,31344,210.181
act_fn,31360,210.821
act_fn,31376,210.981
act_fn,31392,210.768
act_fn,31408,211.013
act_fn,31424,210.938
act_fn,31440,211.301
act_fn,31456,211.365
act_fn,31472,211.93
act_fn,31488,211.717
act_fn,31504,211.397
act_fn,31520,212.048
act_fn,31536,211.994
act_fn,31552,211.866
act_fn,31568,212.826
act_fn,31584,212.101
act_fn,31600,212.485
act_fn,31616,212.773
act_fn,31632,212.901
act_fn,31648,212.507
act_fn,31664,214.074
act_fn,31680,213.136
act_fn,31696,212.677
act_fn,31712,213.242
act_fn,31728,213.285
act_fn,31744,213.157
act_fn,31760,213.424
act_fn,31776,213.37
act_fn,31792,214
act_fn,31808,214.16
act_fn,31824,213.701
act_fn,31840,214.245
act_fn,31856,214.053
act_fn,31872,213.776
act_fn,31888,211.738
act_fn,31904,212.229
act_fn,31920,212.677
act_fn,31936,212.88
act_fn,31952,212.143
act_fn,31968,212.826
act_fn,31984,212.848
act_fn,32000,212.805
act_fn,32016,211.845
act_fn,32032,211.781
act_fn,32048,212.016
act_fn,32064,211.685
act_fn,32080,212.794
act_fn,32096,212.634
act_fn,32112,212.997
act_fn,32128,213.381
act_fn,32144,212.656
act_fn,32160,213.2
act_fn,32176,213.68
act_fn,32192,213.264
act_fn,32208,213.883
act_fn,32224,213.05
act_fn,32240,214.17
act_fn,32256,214.276
act_fn,32272,214.458
act_fn,32288,214.33
act_fn,32304,215.099
act_fn,32320,215.291
act_fn,32336,215.408
act_fn,32352,214.852
act_fn,32368,215.312
act_fn,32384,215.866
act_fn,32400,215.429
act_fn,32416,215.963
act_fn,32432,216.272
act_fn,32448,216.559
act_fn,32464,216.89
act_fn,32480,216.837
act_fn,32496,216.965
act_fn,32512,217.253
act_fn,32528,217.146
act_fn,32544,217.391
act_fn,32560,218.011
act_fn,32576,218.085
act_fn,32592,218.448
act_fn,32608,217.402
act_fn,32624,218.544
act_fn,32640,218.778
act_fn,32656,219.12
act_fn,32672,219.557
act_fn,32688,219.439
act_fn,32704,219.461
act_fn,32720,220.176
act_fn,32736,219.792
act_fn,32752,219.984
act_fn,32768,220.762
down_proj,1,11.1473
down_proj,2,9.16333
down_proj,3,9.12033
down_proj,4,9.152
down_proj,5,9.227
down_proj,6,9.23733
down_proj,7,9.30167
down_proj,8,9.25867
down_proj,9,9.20533
down_proj,10,9.23767
down_proj,11,9.291
down_proj,12,9.21633
down_proj,13,9.28
down_proj,14,9.34433
down_proj,15,9.28
down_proj,16,9.152
down_proj,20,11.9367
down_proj,24,11.9257
down_proj,28,11.9257
down_proj,32,12.0213
down_proj,36,11.7977
down_proj,40,11.8613
down_proj,44,11.904
down_proj,48,11.9577
down_proj,52,11.9683
down_proj,56,11.968
down_proj,60,11.7227
down_proj,64,11.712
down_proj,80,19.3923
down_proj,96,19.2857
down_proj,112,12.7577
down_proj,128,12.811
down_proj,144,19.3177
down_proj,160,19.019
down_proj,176,19.0727
down_proj,192,19.0083
down_proj,208,19.083
down_proj,224,19.3073
down_proj,240,19.3393
down_proj,256,19.4137
down_proj,272,34.2623
down_proj,288,34.305
down_proj,304,34.401
down_proj,320,34.401
down_proj,336,34.486
down_proj,352,56.855
down_proj,368,57.548
down_proj,384,58.6577
down_proj,400,34.6783
down_proj,416,34.646
down_proj,432,34.6673
down_proj,448,34.7637
down_proj,464,34.7527
down_proj,480,34.8273
down_proj,496,34.87
down_proj,512,34.9557
down_proj,528,68.2367
down_proj,544,68.1087
down_proj,560,68.1297
down_proj,576,68.279
down_proj,592,64.3433
down_proj,608,64.3533
down_proj,624,64.3427
down_proj,640,54.6473
down_proj,656,54.6463
down_proj,672,54.6257
down_proj,688,54.9133
down_proj,704,55.0623
down_proj,720,72.066
down_proj,736,71.97
down_proj,752,72.098
down_proj,768,72.0763
down_proj,784,65.026
down_proj,800,64.9717
down_proj,816,65.0253
down_proj,832,64.994
down_proj,848,65.0047
down_proj,864,64.9937
down_proj,880,65.1643
down_proj,896,65.1217
down_proj,912,64.9937
down_proj,928,65.0473
down_proj,944,65.1113
down_proj,960,65.1327
down_proj,976,65.9103
down_proj,992,66.0703
down_proj,1008,66.2633
down_proj,1024,66.338
down_proj,1040,128.867
down_proj,1056,129.091
down_proj,1072,128.985
down_proj,1088,129.198
down_proj,1104,129.347
down_proj,1120,129.155
down_proj,1136,129.219
down_proj,1152,129.369
down_proj,1168,95.4797
down_proj,1184,95.245
down_proj,1200,95.3943
down_proj,1216,95.416
down_proj,1232,95.4797
down_proj,1248,133.38
down_proj,1264,133.571
down_proj,1280,133.518
down_proj,1296,133.432
down_proj,1312,133.443
down_proj,1328,133.305
down_proj,1344,133.379
down_proj,1360,133.444
down_proj,1376,133.208
down_proj,1392,133.241
down_proj,1408,133.208
down_proj,1424,133.208
down_proj,1440,133.284
down_proj,1456,133.187
down_proj,1472,130.051
down_proj,1488,130.051
down_proj,1504,130.115
down_proj,1520,129.987
down_proj,1536,129.838
down_proj,1552,129.987
down_proj,1568,129.817
down_proj,1584,130.062
down_proj,1600,130.062
down_proj,1616,129.88
down_proj,1632,129.944
down_proj,1648,130.094
down_proj,1664,129.806
down_proj,1680,130.062
down_proj,1696,130.041
down_proj,1712,129.923
down_proj,1728,130.03
down_proj,1744,129.624
down_proj,1760,129.454
down_proj,1776,129.838
down_proj,1792,129.859
down_proj,1808,129.827
down_proj,1824,129.998
down_proj,1840,129.848
down_proj,1856,130.008
down_proj,1872,130.051
down_proj,1888,129.806
down_proj,1904,130.008
down_proj,1920,130.073
down_proj,1936,130.211
down_proj,1952,129.859
down_proj,1968,130.201
down_proj,1984,130.041
down_proj,2000,130.062
down_proj,2016,130.307
down_proj,2032,130.328
down_proj,2048,130.041
down_proj,2064,130.221
down_proj,2080,130.211
down_proj,2096,130.382
down_proj,2112,130.286
down_proj,2128,130.307
down_proj,2144,130.382
down_proj,2160,130.436
down_proj,2176,130.201
down_proj,2192,193.2
down_proj,2208,192.954
down_proj,2224,193.135
down_proj,2240,193.38
down_proj,2256,193.338
down_proj,2272,193.402
down_proj,2288,193.456
down_proj,2304,193.306
down_proj,2320,193.637
down_proj,2336,193.498
down_proj,2352,193.53
down_proj,2368,193.519
down_proj,2384,193.424
down_proj,2400,193.381
down_proj,2416,193.456
down_proj,2432,193.627
down_proj,2448,193.381
down_proj,2464,193.7
down_proj,2480,193.647
down_proj,2496,193.562
down_proj,2512,193.487
down_proj,2528,193.402
down_proj,2544,193.626
down_proj,2560,193.701
down_proj,2576,193.573
down_proj,2592,193.594
down_proj,2608,193.797
down_proj,2624,193.658
down_proj,2640,193.68
down_proj,2656,193.712
down_proj,2672,193.829
down_proj,2688,194.031
down_proj,2704,193.924
down_proj,2720,193.552
down_proj,2736,193.765
down_proj,2752,193.85
down_proj,2768,193.839
down_proj,2784,193.925
down_proj,2800,194.032
down_proj,2816,193.839
down_proj,2832,194.202
down_proj,2848,194.138
down_proj,2864,194.085
down_proj,2880,193.893
down_proj,2896,194.181
down_proj,2912,194.032
down_proj,2928,194.032
down_proj,2944,194.106
down_proj,2960,194.223
down_proj,2976,194.191
down_proj,2992,194.181
down_proj,3008,194.33
down_proj,3024,194.309
down_proj,3040,194.362
down_proj,3056,194.341
down_proj,3072,194.319
down_proj,3088,194.501
down_proj,3104,194.597
down_proj,3120,194.373
down_proj,3136,194.309
down_proj,3152,194.543
down_proj,3168,194.351
down_proj,3184,194.341
down_proj,3200,194.479
down_proj,3216,256.593
down_proj,3232,256.742
down_proj,3248,256.561
down_proj,3264,256.795
down_proj,3280,256.721
down_proj,3296,256.892
down_proj,3312,257.169
down_proj,3328,256.998
down_proj,3344,257.329
down_proj,3360,257.756
down_proj,3376,257.564
down_proj,3392,257.649
down_proj,3408,257.564
down_proj,3424,257.702
down_proj,3440,257.831
down_proj,3456,257.595
down_proj,3472,257.617
down_proj,3488,257.841
down_proj,3504,257.883
down_proj,3520,257.841
down_proj,3536,257.67
down_proj,3552,257.756
down_proj,3568,257.703
down_proj,3584,257.873
down_proj,3600,258.118
down_proj,3616,257.756
down_proj,3632,257.883
down_proj,3648,257.958
down_proj,3664,257.962
down_proj,3680,257.99
down_proj,3696,258.14
down_proj,3712,258.043
down_proj,3728,257.926
down_proj,3744,258.13
down_proj,3760,258.012
down_proj,3776,258.246
down_proj,3792,258.033
down_proj,3808,258.065
down_proj,3824,258.236
down_proj,3840,258.203
down_proj,3856,257.969
down_proj,3872,245.723
down_proj,3888,245.595
down_proj,3904,245.574
down_proj,3920,245.179
down_proj,3936,245.702
down_proj,3952,245.553
down_proj,3968,245.681
down_proj,3984,245.681
down_proj,4000,245.67
down_proj,4016,245.777
down_proj,4032,245.883
down_proj,4048,245.894
down_proj,4064,245.894
down_proj,4080,245.681
down_proj,4096,245.872
down_proj,4112,246.139
down_proj,4128,245.947
down_proj,4144,246.139
down_proj,4160,246.31
down_proj,4176,246.054
down_proj,4192,246.108
down_proj,4208,246.118
down_proj,4224,246.225
down_proj,4240,246.161
down_proj,4256,246.235
down_proj,4272,246.257
down_proj,4288,246.502
down_proj,4304,246.278
down_proj,4320,246.321
down_proj,4336,246.193
down_proj,4352,246.598
down_proj,4368,275.441
down_proj,4384,274.652
down_proj,4400,275.078
down_proj,4416,275.282
down_proj,4432,275.228
down_proj,4448,275.282
down_proj,4464,275.25
down_proj,4480,275.388
down_proj,4496,275.281
down_proj,4512,275.729
down_proj,4528,275.943
down_proj,4544,276.039
down_proj,4560,276.018
down_proj,4576,275.889
down_proj,4592,276.049
down_proj,4608,275.74
down_proj,4624,276.092
down_proj,4640,276.092
down_proj,4656,275.879
down_proj,4672,275.932
down_proj,4688,275.559
down_proj,4704,276.188
down_proj,4720,276.167
down_proj,4736,275.932
down_proj,4752,276.231
down_proj,4768,276.103
down_proj,4784,276.135
down_proj,4800,276.231
down_proj,4816,276.06
down_proj,4832,276.135
down_proj,4848,276.146
down_proj,4864,276.06
down_proj,4880,304.957
down_proj,4896,304.946
down_proj,4912,305.107
down_proj,4928,304.775
down_proj,4944,304.797
down_proj,4960,305.352
down_proj,4976,304.904
down_proj,4992,304.957
down_proj,5008,305.469
down_proj,5024,305.875
down_proj,5040,305.682
down_proj,5056,305.586
down_proj,5072,305.736
down_proj,5088,305.885
down_proj,5104,305.533
down_proj,5120,305.928
down_proj,5136,305.779
down_proj,5152,305.906
down_proj,5168,305.799
down_proj,5184,306.131
down_proj,5200,305.735
down_proj,5216,305.65
down_proj,5232,305.768
down_proj,5248,305.693
down_proj,5264,305.917
down_proj,5280,306.087
down_proj,5296,305.917
down_proj,5312,306.258
down_proj,5328,306.087
down_proj,5344,306.184
down_proj,5360,306.226
down_proj,5376,305.928
down_proj,5392,334.259
down_proj,5408,334.856
down_proj,5424,334.313
down_proj,5440,334.365
down_proj,5456,334.291
down_proj,5472,334.973
down_proj,5488,334.344
down_proj,5504,334.43
down_proj,5520,335.229
down_proj,5536,335.4
down_proj,5552,335.368
down_proj,5568,335.699
down_proj,5584,335.315
down_proj,5600,335.379
down_proj,5616,335.656
down_proj,5632,335.421
down_proj,5648,335.741
down_proj,5664,335.849
down_proj,5680,335.752
down_proj,5696,335.901
down_proj,5712,335.795
down_proj,5728,335.731
down_proj,5744,335.635
down_proj,5760,335.624
down_proj,5776,336.115
down_proj,5792,335.784
down_proj,5808,336.19
down_proj,5824,335.944
down_proj,5840,336.158
down_proj,5856,336.083
down_proj,5872,335.742
down_proj,5888,335.923
down_proj,5904,364.052
down_proj,5920,364.254
down_proj,5936,364.158
down_proj,5952,364.211
down_proj,5968,363.913
down_proj,5984,364.222
down_proj,6000,363.465
down_proj,6016,363.731
down_proj,6032,365.054
down_proj,6048,365.172
down_proj,6064,364.926
down_proj,6080,365.524
down_proj,6096,365.566
down_proj,6112,364.916
down_proj,6128,365.438
down_proj,6144,365.342
down_proj,6160,365.555
down_proj,6176,365.257
down_proj,6192,365.321
down_proj,6208,365.278
down_proj,6224,365.15
down_proj,6240,365.502
down_proj,6256,365.556
down_proj,6272,365.459
down_proj,6288,365.513
down_proj,6304,365.95
down_proj,6320,365.395
down_proj,6336,365.747
down_proj,6352,365.673
down_proj,6368,365.64
down_proj,6384,365.46
down_proj,6400,365.673
down_proj,6416,365.918
down_proj,6432,365.79
down_proj,6448,365.95
down_proj,6464,366.057
down_proj,6480,366.014
down_proj,6496,366.249
down_proj,6512,365.78
down_proj,6528,365.811
down_proj,6544,394.794
down_proj,6560,394.473
down_proj,6576,394.517
down_proj,6592,394.868
down_proj,6608,394.602
down_proj,6624,394.441
down_proj,6640,394.654
down_proj,6656,394.634
down_proj,6672,395.391
down_proj,6688,395.337
down_proj,6704,395.071
down_proj,6720,396.106
down_proj,6736,395.316
down_proj,6752,395.028
down_proj,6768,395.54
down_proj,6784,395.444
down_proj,6800,395.807
down_proj,6816,395.455
down_proj,6832,395.541
down_proj,6848,395.626
down_proj,6864,395.924
down_proj,6880,395.615
down_proj,6896,395.732
down_proj,6912,395.497
down_proj,6928,395.678
down_proj,6944,395.604
down_proj,6960,395.807
down_proj,6976,396.127
down_proj,6992,396.041
down_proj,7008,395.934
down_proj,7024,395.935
down_proj,7040,395.934
down_proj,7056,423.755
down_proj,7072,423.914
down_proj,7088,424.383
down_proj,7104,423.679
down_proj,7120,424.406
down_proj,7136,424.757
down_proj,7152,424.405
down_proj,7168,423.178
down_proj,7184,424.906
down_proj,7200,425.514
down_proj,7216,425.248
down_proj,7232,425.706
down_proj,7248,425.226
down_proj,7264,425.45
down_proj,7280,424.981
down_proj,7296,425.003
down_proj,7312,425.493
down_proj,7328,425.333
down_proj,7344,425.834
down_proj,7360,425.685
down_proj,7376,425.461
down_proj,7392,425.472
down_proj,7408,425.823
down_proj,7424,425.439
down_proj,7440,425.919
down_proj,7456,425.088
down_proj,7472,425.824
down_proj,7488,425.525
down_proj,7504,425.856
down_proj,7520,425.717
down_proj,7536,425.93
down_proj,7552,425.61
down_proj,7568,453.238
down_proj,7584,453.312
down_proj,7600,453.856
down_proj,7616,454.517
down_proj,7632,452.928
down_proj,7648,453.387
down_proj,7664,453.067
down_proj,7680,454.379
down_proj,7696,455.083
down_proj,7712,455.158
down_proj,7728,455.243
down_proj,7744,455.253
down_proj,7760,455.136
down_proj,7776,454.795
down_proj,7792,454.827
down_proj,7808,454.828
down_proj,7824,455.445
down_proj,7840,455.094
down_proj,7856,455.542
down_proj,7872,455.574
down_proj,7888,455.52
down_proj,7904,455.616
down_proj,7920,455.616
down_proj,7936,455.424
down_proj,7952,455.542
down_proj,7968,500.172
down_proj,7984,500.535
down_proj,8000,500.631
down_proj,8016,501.1
down_proj,8032,500.822
down_proj,8048,500.94
down_proj,8064,500.417
down_proj,8080,528.439
down_proj,8096,529.047
down_proj,8112,528.599
down_proj,8128,528.642
down_proj,8144,528.332
down_proj,8160,512.386
down_proj,8176,512.322
down_proj,8192,512.375
down_proj,8208,513.272
down_proj,8224,512.791
down_proj,8240,513.559
down_proj,8256,513.549
down_proj,8272,513.122
down_proj,8288,513.271
down_proj,8304,513.132
down_proj,8320,513.581
down_proj,8336,513.175
down_proj,8352,513.761
down_proj,8368,512.919
down_proj,8384,513.196
down_proj,8400,513.207
down_proj,8416,513.057
down_proj,8432,513.122
down_proj,8448,512.972
down_proj,8464,513.634
down_proj,8480,513.345
down_proj,8496,513.282
down_proj,8512,513.815
down_proj,8528,513.741
down_proj,8544,513.601
down_proj,8560,513.473
down_proj,8576,513.271
down_proj,8592,513.612
down_proj,8608,514.114
down_proj,8624,513.164
down_proj,8640,513.857
down_proj,8656,513.783
down_proj,8672,513.954
down_proj,8688,513.73
down_proj,8704,513.911
down_proj,8720,572.121
down_proj,8736,571.416
down_proj,8752,576.089
down_proj,8768,573.55
down_proj,8784,572.963
down_proj,8800,576.014
down_proj,8816,574.157
down_proj,8832,575.459
down_proj,8848,575.715
down_proj,8864,574.627
down_proj,8880,574.617
down_proj,8896,575.001
down_proj,8912,575.032
down_proj,8928,575.182
down_proj,8944,574.957
down_proj,8960,575.576
down_proj,8976,576.056
down_proj,8992,575.673
down_proj,9008,575.747
down_proj,9024,515.309
down_proj,9040,515.511
down_proj,9056,515.042
down_proj,9072,515.041
down_proj,9088,515.063
down_proj,9104,515.245
down_proj,9120,515.17
down_proj,9136,515.384
down_proj,9152,515.778
down_proj,9168,514.657
down_proj,9184,515.479
down_proj,9200,514.796
down_proj,9216,515.585
down_proj,9232,543.128
down_proj,9248,543.074
down_proj,9264,542.904
down_proj,9280,543.608
down_proj,9296,543.715
down_proj,9312,543.714
down_proj,9328,543.832
down_proj,9344,543.554
down_proj,9360,544.472
down_proj,9376,544.876
down_proj,9392,544.28
down_proj,9408,544.589
down_proj,9424,545.026
down_proj,9440,544.238
down_proj,9456,544.856
down_proj,9472,544.589
down_proj,9488,544.717
down_proj,9504,545.197
down_proj,9520,545.133
down_proj,9536,545.081
down_proj,9552,545.112
down_proj,9568,545.165
down_proj,9584,544.621
down_proj,9600,545.368
down_proj,9616,545.283
down_proj,9632,545.24
down_proj,9648,545.016
down_proj,9664,545.699
down_proj,9680,545.229
down_proj,9696,545.197
down_proj,9712,545.293
down_proj,9728,545.251
down_proj,9744,572.452
down_proj,9760,571.918
down_proj,9776,573.358
down_proj,9792,572.515
down_proj,9808,572.163
down_proj,9824,573.326
down_proj,9840,573.87
down_proj,9856,571.949
down_proj,9872,574.105
down_proj,9888,574.531
down_proj,9904,573.976
down_proj,9920,574.67
down_proj,9936,574.019
down_proj,9952,574.67
down_proj,9968,574.147
down_proj,9984,573.998
down_proj,10000,574.969
down_proj,10016,574.179
down_proj,10032,574.947
down_proj,10048,574.946
down_proj,10064,574.2
down_proj,10080,574.616
down_proj,10096,574.072
down_proj,10112,574.051
down_proj,10128,574.489
down_proj,10144,574.425
down_proj,10160,574.937
down_proj,10176,574.712
down_proj,10192,575.426
down_proj,10208,575.278
down_proj,10224,574.905
down_proj,10240,639.866
down_proj,10256,640.132
down_proj,10272,639.983
down_proj,10288,638.66
down_proj,10304,640.463
down_proj,10320,639.663
down_proj,10336,639.61
down_proj,10352,638.917
down_proj,10368,639.813
down_proj,10384,640.805
down_proj,10400,639.258
down_proj,10416,640.229
down_proj,10432,639.322
down_proj,10448,641.029
down_proj,10464,639.994
down_proj,10480,640.026
down_proj,10496,639.93
down_proj,10512,639.556
down_proj,10528,639.578
down_proj,10544,640.698
down_proj,10560,640.143
down_proj,10576,639.845
down_proj,10592,640.72
down_proj,10608,640.228
down_proj,10624,639.13
down_proj,10640,640.186
down_proj,10656,639.844
down_proj,10672,640.239
down_proj,10688,639.226
down_proj,10704,640.965
down_proj,10720,639.823
down_proj,10736,640.709
down_proj,10752,640.079
down_proj,10768,641.007
down_proj,10784,641.018
down_proj,10800,640.271
down_proj,10816,639.919
down_proj,10832,640.378
down_proj,10848,639.94
down_proj,10864,640.677
down_proj,10880,640.783
down_proj,10896,701.521
down_proj,10912,702.353
down_proj,10928,700.283
down_proj,10944,699.856
down_proj,10960,700.646
down_proj,10976,702.812
down_proj,10992,699.42
down_proj,11008,698.704
down_proj,11024,701.82
down_proj,11040,701.169
down_proj,11056,701.212
down_proj,11072,700.827
down_proj,11088,700.657
down_proj,11104,702.182
down_proj,11120,701.275
down_proj,11136,698.897
down_proj,11152,700.764
down_proj,11168,703.28
down_proj,11184,702.491
down_proj,11200,701.381
down_proj,11216,701.318
down_proj,11232,703.526
down_proj,11248,701.947
down_proj,11264,702.982
down_proj,11280,703.142
down_proj,11296,702.865
down_proj,11312,702.907
down_proj,11328,701.702
down_proj,11344,703.227
down_proj,11360,703.195
down_proj,11376,702.96
down_proj,11392,702.608
down_proj,11408,703.27
down_proj,11424,703.974
down_proj,11440,701.724
down_proj,11456,703.793
down_proj,11472,703.494
down_proj,11488,704.465
down_proj,11504,703.516
down_proj,11520,702.513
down_proj,11536,702.3
down_proj,11552,703.568
down_proj,11568,703.857
down_proj,11584,703.537
down_proj,11600,703.59
down_proj,11616,703.996
down_proj,11632,703.739
down_proj,11648,703.654
down_proj,11664,703.484
down_proj,11680,703.835
down_proj,11696,702.94
down_proj,11712,704.124
down_proj,11728,703.846
down_proj,11744,703.964
down_proj,11760,703.633
down_proj,11776,704.102
down_proj,11792,704.027
down_proj,11808,702.779
down_proj,11824,703.974
down_proj,11840,703.921
down_proj,11856,703.718
down_proj,11872,703.302
down_proj,11888,703.068
down_proj,11904,702.651
down_proj,11920,760.851
down_proj,11936,760.071
down_proj,11952,758.109
down_proj,11968,764.115
down_proj,11984,758.546
down_proj,12000,763.08
down_proj,12016,760.861
down_proj,12032,758.462
down_proj,12048,763.271
down_proj,12064,763.677
down_proj,12080,765.33
down_proj,12096,762.077
down_proj,12112,762.93
down_proj,12128,761.15
down_proj,12144,763.399
down_proj,12160,765.16
down_proj,12176,763.752
down_proj,12192,765.373
down_proj,12208,763.687
down_proj,12224,763.901
down_proj,12240,763.539
down_proj,12256,765.043
down_proj,12272,765.992
down_proj,12288,763.164
down_proj,12304,767.442
down_proj,12320,766.323
down_proj,12336,768.445
down_proj,12352,766.066
down_proj,12368,766.866
down_proj,12384,765.682
down_proj,12400,768.85
down_proj,12416,766.536
down_proj,12432,767.56
down_proj,12448,765.266
down_proj,12464,767.026
down_proj,12480,767.538
down_proj,12496,766.642
down_proj,12512,767.399
down_proj,12528,767.335
down_proj,12544,767.282
down_proj,12560,765.565
down_proj,12576,768.019
down_proj,12592,766.152
down_proj,12608,767.058
down_proj,12624,768.52
down_proj,12640,767.069
down_proj,12656,768.765
down_proj,12672,767.72
down_proj,12688,767.613
down_proj,12704,768.2
down_proj,12720,767.944
down_proj,12736,767.506
down_proj,12752,767.869
down_proj,12768,767.73
down_proj,12784,767.335
down_proj,12800,767.975
down_proj,12816,767.976
down_proj,12832,767.581
down_proj,12848,767.08
down_proj,12864,766.888
down_proj,12880,767.496
down_proj,12896,766.962
down_proj,12912,766.408
down_proj,12928,768.072
down_proj,12944,768.167
down_proj,12960,769.523
down_proj,12976,767.527
down_proj,12992,768.199
down_proj,13008,768.423
down_proj,13024,766.845
down_proj,13040,768.446
down_proj,13056,768.786
down_proj,13072,827.486
down_proj,13088,830.345
down_proj,13104,827.529
down_proj,13120,826.889
down_proj,13136,827.059
down_proj,13152,825.716
down_proj,13168,827.689
down_proj,13184,825.651
down_proj,13200,828.051
down_proj,13216,828.724
down_proj,13232,827.348
down_proj,13248,831.443
down_proj,13264,830.729
down_proj,13280,829.844
down_proj,13296,828.681
down_proj,13312,828.34
down_proj,13328,828.766
down_proj,13344,829.321
down_proj,13360,830.047
down_proj,13376,829.578
down_proj,13392,829.523
down_proj,13408,830.495
down_proj,13424,828.319
down_proj,13440,830.505
down_proj,13456,831.209
down_proj,13472,829.407
down_proj,13488,830.089
down_proj,13504,830.313
down_proj,13520,829.075
down_proj,13536,831.167
down_proj,13552,829.811
down_proj,13568,830.356
down_proj,13584,831.497
down_proj,13600,831.337
down_proj,13616,831.038
down_proj,13632,829.939
down_proj,13648,830.409
down_proj,13664,829.737
down_proj,13680,828.072
down_proj,13696,829.833
down_proj,13712,830.58
down_proj,13728,830.431
down_proj,13744,829.726
down_proj,13760,830.025
down_proj,13776,828.926
down_proj,13792,831.06
down_proj,13808,829.672
down_proj,13824,828.692
down_proj,13840,830.591
down_proj,13856,830.356
down_proj,13872,833.236
down_proj,13888,832.543
down_proj,13904,832.308
down_proj,13920,831.113
down_proj,13936,831.327
down_proj,13952,831.678
down_proj,13968,832.361
down_proj,13984,830.953
down_proj,14000,831.988
down_proj,14016,831.497
down_proj,14032,832.404
down_proj,14048,830.878
down_proj,14064,830.771
down_proj,14080,832.276
down_proj,14096,887.104
down_proj,14112,890.059
down_proj,14128,886.165
down_proj,14144,888.138
down_proj,14160,889.28
down_proj,14176,890.432
down_proj,14192,887.317
down_proj,14208,883.712
down_proj,14224,887.69
down_proj,14240,892.907
down_proj,14256,892.011
down_proj,14272,892.384
down_proj,14288,893.856
down_proj,14304,890.315
down_proj,14320,892.34
down_proj,14336,890.987
down_proj,14352,891.317
down_proj,14368,892.416
down_proj,14384,889.152
down_proj,14400,889.048
down_proj,14416,890.827
down_proj,14432,893.578
down_proj,14448,890.837
down_proj,14464,892.341
down_proj,14480,891.755
down_proj,14496,892.843
down_proj,14512,894.016
down_proj,14528,894.667
down_proj,14544,892.362
down_proj,14560,891.072
down_proj,14576,895.232
down_proj,14592,894.506
down_proj,14608,891.841
down_proj,14624,895.147
down_proj,14640,893.183
down_proj,14656,892.587
down_proj,14672,894.656
down_proj,14688,892.352
down_proj,14704,895.21
down_proj,14720,894.187
down_proj,14736,891.786
down_proj,14752,893.984
down_proj,14768,895.413
down_proj,14784,893.333
down_proj,14800,893.098
down_proj,14816,895.168
down_proj,14832,894.389
down_proj,14848,894.741
down_proj,14864,894.154
down_proj,14880,891.904
down_proj,14896,892.256
down_proj,14912,894.464
down_proj,14928,892.885
down_proj,14944,894.538
down_proj,14960,893.888
down_proj,14976,892.619
down_proj,14992,892.724
down_proj,15008,896.672
down_proj,15024,893.856
down_proj,15040,894.164
down_proj,15056,892.576
down_proj,15072,894.56
down_proj,15088,893.429
down_proj,15104,894.901
down_proj,15120,893.739
down_proj,15136,894.976
down_proj,15152,894.592
down_proj,15168,892.96
down_proj,15184,895.125
down_proj,15200,893.803
down_proj,15216,895.68
down_proj,15232,896.416
down_proj,15248,950.646
down_proj,15264,951.19
down_proj,15280,953.303
down_proj,15296,949.942
down_proj,15312,948.993
down_proj,15328,949.548
down_proj,15344,952.055
down_proj,15360,947.692
down_proj,15376,956.418
down_proj,15392,952.407
down_proj,15408,957.57
down_proj,15424,952.673
down_proj,15440,956.3
down_proj,15456,951.564
down_proj,15472,953.718
down_proj,15488,956.311
down_proj,15504,953.91
down_proj,15520,955.809
down_proj,15536,954.838
down_proj,15552,957.058
down_proj,15568,955.777
down_proj,15584,955.81
down_proj,15600,955.767
down_proj,15616,957.196
down_proj,15632,955.03
down_proj,15648,954.978
down_proj,15664,952.908
down_proj,15680,956.833
down_proj,15696,959.18
down_proj,15712,956.022
down_proj,15728,955.127
down_proj,15744,956.759
down_proj,15760,955.34
down_proj,15776,956.065
down_proj,15792,958.252
down_proj,15808,954.775
down_proj,15824,955.66
down_proj,15840,955.671
down_proj,15856,954.871
down_proj,15872,956.098
down_proj,15888,955.554
down_proj,15904,954.956
down_proj,15920,955.521
down_proj,15936,956.343
down_proj,15952,958.38
down_proj,15968,955.831
down_proj,15984,953.654
down_proj,16000,955.969
down_proj,16016,957.195
down_proj,16032,955.82
down_proj,16048,959.106
down_proj,16064,956.236
down_proj,16080,956.108
down_proj,16096,954.828
down_proj,16112,956.759
down_proj,16128,954.934
down_proj,16144,955.126
down_proj,16160,956.972
down_proj,16176,954.305
down_proj,16192,957.121
down_proj,16208,955.884
down_proj,16224,955.788
down_proj,16240,955.756
down_proj,16256,957.217
down_proj,16272,1007.04
down_proj,16288,1006.84
down_proj,16304,1008.5
down_proj,16320,1007.41
down_proj,16336,1008.32
down_proj,16352,1015.54
down_proj,16368,1007.49
down_proj,16384,1008.25
down_proj,16400,1017.07
down_proj,16416,1016.28
down_proj,16432,1015.21
down_proj,16448,1015.48
down_proj,16464,1015.13
down_proj,16480,1015.11
down_proj,16496,1015.05
down_proj,16512,1019.59
down_proj,16528,1015.49
down_proj,16544,1014.37
down_proj,16560,1020.3
down_proj,16576,1020.75
down_proj,16592,1016.01
down_proj,16608,1017.44
down_proj,16624,1022.25
down_proj,16640,1017.05
down_proj,16656,1021.77
down_proj,16672,1021.35
down_proj,16688,1018.7
down_proj,16704,1019.45
down_proj,16720,1016.69
down_proj,16736,1020.46
down_proj,16752,1018.07
down_proj,16768,1020.46
down_proj,16784,1018.7
down_proj,16800,1020.02
down_proj,16816,1019.01
down_proj,16832,1019.5
down_proj,16848,1019.58
down_proj,16864,1020.51
down_proj,16880,1021.07
down_proj,16896,1021.5
down_proj,16912,1020.84
down_proj,16928,1023.57
down_proj,16944,1018.46
down_proj,16960,1018.3
down_proj,16976,1018.43
down_proj,16992,1019.66
down_proj,17008,1020.79
down_proj,17024,1021.09
down_proj,17040,1019.8
down_proj,17056,1020.72
down_proj,17072,1020.58
down_proj,17088,1018.96
down_proj,17104,1019.64
down_proj,17120,1018.79
down_proj,17136,1018.16
down_proj,17152,1023.54
down_proj,17168,1020.86
down_proj,17184,1020.16
down_proj,17200,1017.38
down_proj,17216,1020.16
down_proj,17232,1019.69
down_proj,17248,1018.73
down_proj,17264,1019.6
down_proj,17280,1020.62
down_proj,17296,1022.67
down_proj,17312,1021.19
down_proj,17328,1022.14
down_proj,17344,1020.67
down_proj,17360,1019.05
down_proj,17376,1020.83
down_proj,17392,1020.92
down_proj,17408,1021.93
down_proj,17424,1076.34
down_proj,17440,1075.69
down_proj,17456,1079.73
down_proj,17472,1076.98
down_proj,17488,1076.74
down_proj,17504,1079.21
down_proj,17520,1078.99
down_proj,17536,1074.8
down_proj,17552,1078.44
down_proj,17568,1074.75
down_proj,17584,1077.94
down_proj,17600,1082.76
down_proj,17616,1077.83
down_proj,17632,1074.7
down_proj,17648,1077.33
down_proj,17664,1082.08
down_proj,17680,1084.55
down_proj,17696,1077.52
down_proj,17712,1081.34
down_proj,17728,1079.89
down_proj,17744,1080.37
down_proj,17760,1081.52
down_proj,17776,1080.96
down_proj,17792,1082.54
down_proj,17808,1082.41
down_proj,17824,1082.03
down_proj,17840,1082.6
down_proj,17856,1082.77
down_proj,17872,1082.84
down_proj,17888,1081.26
down_proj,17904,1083.85
down_proj,17920,1082.56
down_proj,17936,1081.36
down_proj,17952,1082.82
down_proj,17968,1083.9
down_proj,17984,1083.41
down_proj,18000,1080.79
down_proj,18016,1083.16
down_proj,18032,1085.96
down_proj,18048,1083.05
down_proj,18064,1082.5
down_proj,18080,1082.81
down_proj,18096,1082.27
down_proj,18112,1082.85
down_proj,18128,1082.53
down_proj,18144,1084.99
down_proj,18160,1081.41
down_proj,18176,1086.55
down_proj,18192,1084.13
down_proj,18208,1086.18
down_proj,18224,1082.83
down_proj,18240,1083.29
down_proj,18256,1082.71
down_proj,18272,1085.33
down_proj,18288,1086.39
down_proj,18304,1084.1
down_proj,18320,1083.63
down_proj,18336,1083.02
down_proj,18352,1085.91
down_proj,18368,1083.96
down_proj,18384,1084.26
down_proj,18400,1083.55
down_proj,18416,1086.35
down_proj,18432,1082.93
down_proj,18448,1136.06
down_proj,18464,1134.65
down_proj,18480,1134.47
down_proj,18496,1134.22
down_proj,18512,1132.05
down_proj,18528,1132.21
down_proj,18544,1135.42
down_proj,18560,1134.27
down_proj,18576,1141.52
down_proj,18592,1137.33
down_proj,18608,1141.91
down_proj,18624,1141.65
down_proj,18640,1140.88
down_proj,18656,1137.08
down_proj,18672,1138.75
down_proj,18688,1141.93
down_proj,18704,1140.38
down_proj,18720,1142.94
down_proj,18736,1142.64
down_proj,18752,1140.96
down_proj,18768,1137.49
down_proj,18784,1137.96
down_proj,18800,1143.93
down_proj,18816,1144.31
down_proj,18832,1145.52
down_proj,18848,1145.04
down_proj,18864,1146.94
down_proj,18880,1144.75
down_proj,18896,1144.68
down_proj,18912,1144.3
down_proj,18928,1144.24
down_proj,18944,1148.46
down_proj,18960,1145.83
down_proj,18976,1146.34
down_proj,18992,1143.62
down_proj,19008,1143.4
down_proj,19024,1146.95
down_proj,19040,1146.79
down_proj,19056,1146.67
down_proj,19072,1146.65
down_proj,19088,1144.26
down_proj,19104,1145.71
down_proj,19120,1147.76
down_proj,19136,1143.3
down_proj,19152,1145.51
down_proj,19168,1146.69
down_proj,19184,1146.43
down_proj,19200,1146.66
down_proj,19216,1144.79
down_proj,19232,1146.46
down_proj,19248,1149.68
down_proj,19264,1149.11
down_proj,19280,1148.26
down_proj,19296,1146.18
down_proj,19312,1146.69
down_proj,19328,1144.84
down_proj,19344,1145.97
down_proj,19360,1146.06
down_proj,19376,1145.81
down_proj,19392,1149.17
down_proj,19408,1146.57
down_proj,19424,1149.1
down_proj,19440,1147.65
down_proj,19456,1148.5
down_proj,19472,1146.52
down_proj,19488,1147.6
down_proj,19504,1147.98
down_proj,19520,1148.08
down_proj,19536,1147.24
down_proj,19552,1145.34
down_proj,19568,1146.15
down_proj,19584,1149.09
down_proj,19600,1210.14
down_proj,19616,1204.29
down_proj,19632,1203.69
down_proj,19648,1203.5
down_proj,19664,1203.39
down_proj,19680,1203.45
down_proj,19696,1201.05
down_proj,19712,1205.12
down_proj,19728,1204.44
down_proj,19744,1204.88
down_proj,19760,1203.92
down_proj,19776,1203.75
down_proj,19792,1205.5
down_proj,19808,1204.07
down_proj,19824,1199.94
down_proj,19840,1203.11
down_proj,19856,1207.17
down_proj,19872,1204.53
down_proj,19888,1209.13
down_proj,19904,1204.59
down_proj,19920,1205.13
down_proj,19936,1205.6
down_proj,19952,1209.01
down_proj,19968,1209.72
down_proj,19984,1209.48
down_proj,20000,1210.43
down_proj,20016,1210.95
down_proj,20032,1209.4
down_proj,20048,1208.07
down_proj,20064,1209.24
down_proj,20080,1212.1
down_proj,20096,1204.67
down_proj,20112,1209.84
down_proj,20128,1209.76
down_proj,20144,1210.18
down_proj,20160,1208.45
down_proj,20176,1209.76
down_proj,20192,1210.24
down_proj,20208,1211.48
down_proj,20224,1211.59
down_proj,20240,1208.1
down_proj,20256,1208.6
down_proj,20272,1210.32
down_proj,20288,1215.35
down_proj,20304,1209.33
down_proj,20320,1210.04
down_proj,20336,1213
down_proj,20352,1211.16
down_proj,20368,1210.52
down_proj,20384,1207.56
down_proj,20400,1214.11
down_proj,20416,1213.12
down_proj,20432,1210.42
down_proj,20448,1209.95
down_proj,20464,1212.68
down_proj,20480,1212.11
down_proj,20496,1212.08
down_proj,20512,1208.16
down_proj,20528,1208.07
down_proj,20544,1209.91
down_proj,20560,1210.57
down_proj,20576,1208.35
down_proj,20592,1209.05
down_proj,20608,1210.68
down_proj,20624,1257.68
down_proj,20640,1260.07
down_proj,20656,1264.99
down_proj,20672,1267.61
down_proj,20688,1266.04
down_proj,20704,1261.85
down_proj,20720,1257.54
down_proj,20736,1257.48
down_proj,20752,1262.86
down_proj,20768,1266.08
down_proj,20784,1261.96
down_proj,20800,1264.26
down_proj,20816,1264.55
down_proj,20832,1260.73
down_proj,20848,1264.65
down_proj,20864,1266.7
down_proj,20880,1266.22
down_proj,20896,1264.99
down_proj,20912,1267.03
down_proj,20928,1263.18
down_proj,20944,1267.94
down_proj,20960,1268.23
down_proj,20976,1269.24
down_proj,20992,1263.6
down_proj,21008,1267.78
down_proj,21024,1269.04
down_proj,21040,1270.12
down_proj,21056,1270.9
down_proj,21072,1268.25
down_proj,21088,1270.9
down_proj,21104,1269.33
down_proj,21120,1273.83
down_proj,21136,1271.12
down_proj,21152,1271.59
down_proj,21168,1271.37
down_proj,21184,1269.92
down_proj,21200,1272.99
down_proj,21216,1271.88
down_proj,21232,1273.92
down_proj,21248,1270.63
down_proj,21264,1271.63
down_proj,21280,1271.01
down_proj,21296,1271.22
down_proj,21312,1271.83
down_proj,21328,1274.59
down_proj,21344,1271.49
down_proj,21360,1274.41
down_proj,21376,1271.93
down_proj,21392,1272.22
down_proj,21408,1272.94
down_proj,21424,1272.9
down_proj,21440,1271.97
down_proj,21456,1274.17
down_proj,21472,1272.98
down_proj,21488,1273.79
down_proj,21504,1273.8
down_proj,21520,1270.01
down_proj,21536,1271.44
down_proj,21552,1273.61
down_proj,21568,1271.29
down_proj,21584,1271.98
down_proj,21600,1271.28
down_proj,21616,1270.73
down_proj,21632,1274.27
down_proj,21648,1273.01
down_proj,21664,1273.36
down_proj,21680,1272.15
down_proj,21696,1274.26
down_proj,21712,1269.19
down_proj,21728,1276.68
down_proj,21744,1272.34
down_proj,21760,1272.73
down_proj,21776,1325.65
down_proj,21792,1332.43
down_proj,21808,1326.25
down_proj,21824,1326.9
down_proj,21840,1326.78
down_proj,21856,1328.28
down_proj,21872,1329.6
down_proj,21888,1329.74
down_proj,21904,1326.89
down_proj,21920,1328.39
down_proj,21936,1329.5
down_proj,21952,1331.35
down_proj,21968,1328.38
down_proj,21984,1327.87
down_proj,22000,1328.01
down_proj,22016,1325.36
down_proj,22032,1332.45
down_proj,22048,1329.73
down_proj,22064,1336.38
down_proj,22080,1335.82
down_proj,22096,1330.19
down_proj,22112,1331.18
down_proj,22128,1333.07
down_proj,22144,1336.11
down_proj,22160,1334.23
down_proj,22176,1336.65
down_proj,22192,1335.37
down_proj,22208,1334.26
down_proj,22224,1334.22
down_proj,22240,1333.18
down_proj,22256,1339.76
down_proj,22272,1333.91
down_proj,22288,1334.87
down_proj,22304,1340.25
down_proj,22320,1337.74
down_proj,22336,1334.34
down_proj,22352,1336.55
down_proj,22368,1334.87
down_proj,22384,1337.72
down_proj,22400,1334.63
down_proj,22416,1337.43
down_proj,22432,1340.43
down_proj,22448,1337.14
down_proj,22464,1337.86
down_proj,22480,1339
down_proj,22496,1335.5
down_proj,22512,1334.16
down_proj,22528,1336.23
down_proj,22544,1339.49
down_proj,22560,1339.49
down_proj,22576,1339.52
down_proj,22592,1341.94
down_proj,22608,1339.65
down_proj,22624,1336.86
down_proj,22640,1334.93
down_proj,22656,1337.21
down_proj,22672,1339.78
down_proj,22688,1336.99
down_proj,22704,1336.79
down_proj,22720,1334.47
down_proj,22736,1337.44
down_proj,22752,1339.12
down_proj,22768,1338.62
down_proj,22784,1337.84
down_proj,22800,1386.24
down_proj,22816,1386.91
down_proj,22832,1384.79
down_proj,22848,1388.08
down_proj,22864,1389.02
down_proj,22880,1386.1
down_proj,22896,1390.93
down_proj,22912,1389.67
down_proj,22928,1388.37
down_proj,22944,1391.39
down_proj,22960,1391.5
down_proj,22976,1396.49
down_proj,22992,1397.37
down_proj,23008,1394.78
down_proj,23024,1394.08
down_proj,23040,1392.84
down_proj,23056,1388.17
down_proj,23072,1392.26
down_proj,23088,1394.88
down_proj,23104,1395.54
down_proj,23120,1393.75
down_proj,23136,1393.18
down_proj,23152,1393.58
down_proj,23168,1392.48
down_proj,23184,1394.14
down_proj,23200,1396.64
down_proj,23216,1395.83
down_proj,23232,1391.6
down_proj,23248,1395.84
down_proj,23264,1394.88
down_proj,23280,1395.92
down_proj,23296,1393.5
down_proj,23312,1396.5
down_proj,23328,1397.94
down_proj,23344,1398.8
down_proj,23360,1398.14
down_proj,23376,1396.02
down_proj,23392,1396.63
down_proj,23408,1393.4
down_proj,23424,1395.76
down_proj,23440,1395.67
down_proj,23456,1396.68
down_proj,23472,1396.11
down_proj,23488,1398.5
down_proj,23504,1399.5
down_proj,23520,1396.2
down_proj,23536,1395.89
down_proj,23552,1398.58
down_proj,23568,1398.55
down_proj,23584,1398.68
down_proj,23600,1397.69
down_proj,23616,1397.24
down_proj,23632,1397.23
down_proj,23648,1397.98
down_proj,23664,1400.37
down_proj,23680,1399.81
down_proj,23696,1397.25
down_proj,23712,1398.39
down_proj,23728,1395.89
down_proj,23744,1395.88
down_proj,23760,1399.9
down_proj,23776,1402.45
down_proj,23792,1398.38
down_proj,23808,1394.88
down_proj,23824,1396.84
down_proj,23840,1396.04
down_proj,23856,1394.97
down_proj,23872,1397.47
down_proj,23888,1396.4
down_proj,23904,1395.45
down_proj,23920,1398.49
down_proj,23936,1400.27
down_proj,23952,1450.33
down_proj,23968,1453.9
down_proj,23984,1450.84
down_proj,24000,1453.14
down_proj,24016,1454.12
down_proj,24032,1448.33
down_proj,24048,1452.04
down_proj,24064,1461.47
down_proj,24080,1448.34
down_proj,24096,1456.72
down_proj,24112,1451.02
down_proj,24128,1453.39
down_proj,24144,1453.91
down_proj,24160,1454.46
down_proj,24176,1451.48
down_proj,24192,1459.56
down_proj,24208,1459.3
down_proj,24224,1454.94
down_proj,24240,1460.32
down_proj,24256,1455.21
down_proj,24272,1462.59
down_proj,24288,1455.56
down_proj,24304,1457.29
down_proj,24320,1452.41
down_proj,24336,1460.57
down_proj,24352,1457.6
down_proj,24368,1458.24
down_proj,24384,1457.48
down_proj,24400,1461.42
down_proj,24416,1457.3
down_proj,24432,1459.27
down_proj,24448,1455.92
down_proj,24464,1463.02
down_proj,24480,1462.11
down_proj,24496,1458.11
down_proj,24512,1462.39
down_proj,24528,1462.6
down_proj,24544,1463.3
down_proj,24560,1460.46
down_proj,24576,1458.64
down_proj,24592,1458.2
down_proj,24608,1456.24
down_proj,24624,1459.2
down_proj,24640,1461.47
down_proj,24656,1457.92
down_proj,24672,1456.3
down_proj,24688,1457.79
down_proj,24704,1461.97
down_proj,24720,1462.19
down_proj,24736,1458.9
down_proj,24752,1462.08
down_proj,24768,1459.17
down_proj,24784,1459.08
down_proj,24800,1459.71
down_proj,24816,1458.38
down_proj,24832,1459.67
down_proj,24848,1458.38
down_proj,24864,1458.96
down_proj,24880,1463.57
down_proj,24896,1457.15
down_proj,24912,1459.44
down_proj,24928,1461.22
down_proj,24944,1460.7
down_proj,24960,1460.56
down_proj,24976,1508.36
down_proj,24992,1507.16
down_proj,25008,1507.35
down_proj,25024,1509.06
down_proj,25040,1510.06
down_proj,25056,1510.77
down_proj,25072,1511.53
down_proj,25088,1505.76
down_proj,25104,1508.2
down_proj,25120,1450.85
down_proj,25136,1452.58
down_proj,25152,1446.54
down_proj,25168,1450.44
down_proj,25184,1445.23
down_proj,25200,1512.39
down_proj,25216,1511.28
down_proj,25232,1511.76
down_proj,25248,1515.61
down_proj,25264,1511.75
down_proj,25280,1509.78
down_proj,25296,1512.19
down_proj,25312,1511.53
down_proj,25328,1514.08
down_proj,25344,1511.37
down_proj,25360,1515.51
down_proj,25376,1516.75
down_proj,25392,1517.8
down_proj,25408,1514.4
down_proj,25424,1520.65
down_proj,25440,1516.56
down_proj,25456,1518.37
down_proj,25472,1520.26
down_proj,25488,1520.88
down_proj,25504,1523.56
down_proj,25520,1519.44
down_proj,25536,1523.64
down_proj,25552,1521.09
down_proj,25568,1521.25
down_proj,25584,1518.82
down_proj,25600,1520.53
down_proj,25616,1521.02
down_proj,25632,1521.17
down_proj,25648,1522.48
down_proj,25664,1523.12
down_proj,25680,1523.37
down_proj,25696,1523.2
down_proj,25712,1523.3
down_proj,25728,1523.44
down_proj,25744,1522.13
down_proj,25760,1524.18
down_proj,25776,1521.72
down_proj,25792,1521.64
down_proj,25808,1522.05
down_proj,25824,1524.51
down_proj,25840,1524.14
down_proj,25856,1522.63
down_proj,25872,1523.78
down_proj,25888,1524.35
down_proj,25904,1524.45
down_proj,25920,1522.24
down_proj,25936,1521.76
down_proj,25952,1526.44
down_proj,25968,1525.09
down_proj,25984,1524.14
down_proj,26000,1525.59
down_proj,26016,1524.15
down_proj,26032,1526.67
down_proj,26048,1527.62
down_proj,26064,1526.42
down_proj,26080,1525.57
down_proj,26096,1523.39
down_proj,26112,1525.25
down_proj,26128,1572.03
down_proj,26144,1574.63
down_proj,26160,1577.39
down_proj,26176,1576.17
down_proj,26192,1575.71
down_proj,26208,1576.54
down_proj,26224,1577.79
down_proj,26240,1580.17
down_proj,26256,1578.17
down_proj,26272,1578.29
down_proj,26288,1576.11
down_proj,26304,1574.38
down_proj,26320,1580.28
down_proj,26336,1577.2
down_proj,26352,1579.64
down_proj,26368,1582.69
down_proj,26384,1582.08
down_proj,26400,1583.93
down_proj,26416,1585.1
down_proj,26432,1588.61
down_proj,26448,1580.53
down_proj,26464,1582.92
down_proj,26480,1577.81
down_proj,26496,1581.59
down_proj,26512,1585.89
down_proj,26528,1587.26
down_proj,26544,1584.05
down_proj,26560,1585.71
down_proj,26576,1584.89
down_proj,26592,1583.99
down_proj,26608,1584.96
down_proj,26624,1585.83
down_proj,26640,1583.39
down_proj,26656,1561.83
down_proj,26672,1562.1
down_proj,26688,1557.72
down_proj,26704,1558.27
down_proj,26720,1565.51
down_proj,26736,1589.19
down_proj,26752,1585.4
down_proj,26768,1584.79
down_proj,26784,1582.94
down_proj,26800,1587.44
down_proj,26816,1586.6
down_proj,26832,1587.01
down_proj,26848,1585.81
down_proj,26864,1586.2
down_proj,26880,1590.92
down_proj,26896,1587.82
down_proj,26912,1591.17
down_proj,26928,1583.63
down_proj,26944,1590.71
down_proj,26960,1585.88
down_proj,26976,1585.43
down_proj,26992,1587.18
down_proj,27008,1589.39
down_proj,27024,1584.81
down_proj,27040,1586.35
down_proj,27056,1585.62
down_proj,27072,1590.78
down_proj,27088,1585.71
down_proj,27104,1586.68
down_proj,27120,1589.72
down_proj,27136,1588.73
down_proj,27152,1631.44
down_proj,27168,1637.2
down_proj,27184,1632.08
down_proj,27200,1632.36
down_proj,27216,1640.27
down_proj,27232,1636.22
down_proj,27248,1632.26
down_proj,27264,1631.73
down_proj,27280,1636.12
down_proj,27296,1640.61
down_proj,27312,1638.44
down_proj,27328,1644.27
down_proj,27344,1638.8
down_proj,27360,1638.39
down_proj,27376,1637.45
down_proj,27392,1643
down_proj,27408,1641.61
down_proj,27424,1642.08
down_proj,27440,1651.72
down_proj,27456,1646.74
down_proj,27472,1643.38
down_proj,27488,1638.73
down_proj,27504,1643.09
down_proj,27520,1649.52
down_proj,27536,1646.31
down_proj,27552,1644.2
down_proj,27568,1643.56
down_proj,27584,1643.01
down_proj,27600,1647.52
down_proj,27616,1642.49
down_proj,27632,1644.11
down_proj,27648,1649.12
down_proj,27664,1648.7
down_proj,27680,1530.18
down_proj,27696,1527.65
down_proj,27712,1530.95
down_proj,27728,1533.02
down_proj,27744,1528.61
down_proj,27760,1647.58
down_proj,27776,1649.43
down_proj,27792,1649.75
down_proj,27808,1647.96
down_proj,27824,1646.31
down_proj,27840,1649.36
down_proj,27856,1650.02
down_proj,27872,1647.23
down_proj,27888,1651.05
down_proj,27904,1645.93
down_proj,27920,1645.56
down_proj,27936,1649.62
down_proj,27952,1653.77
down_proj,27968,1647.97
down_proj,27984,1652.19
down_proj,28000,1646.34
down_proj,28016,1647.78
down_proj,28032,1649.98
down_proj,28048,1646.67
down_proj,28064,1646.94
down_proj,28080,1650.22
down_proj,28096,1647.91
down_proj,28112,1650
down_proj,28128,1650.8
down_proj,28144,1650.85
down_proj,28160,1649.39
down_proj,28176,1648.12
down_proj,28192,1649.37
down_proj,28208,1648.76
down_proj,28224,1648.66
down_proj,28240,1651.53
down_proj,28256,1648.27
down_proj,28272,1649.38
down_proj,28288,1650.21
down_proj,28304,1701.46
down_proj,28320,1699.26
down_proj,28336,1701.11
down_proj,28352,1697.65
down_proj,28368,1699.48
down_proj,28384,1697.05
down_proj,28400,1702.93
down_proj,28416,1701.26
down_proj,28432,1705.13
down_proj,28448,1697.76
down_proj,28464,1707.37
down_proj,28480,1702.48
down_proj,28496,1700.97
down_proj,28512,1698.1
down_proj,28528,1698.03
down_proj,28544,1704.17
down_proj,28560,1703.43
down_proj,28576,1704.55
down_proj,28592,1705.32
down_proj,28608,1699.9
down_proj,28624,1709.68
down_proj,28640,1702.67
down_proj,28656,1700.63
down_proj,28672,1701.78
down_proj,28688,1710.08
down_proj,28704,1489.43
down_proj,28720,1498.55
down_proj,28736,1493.99
down_proj,28752,1494.65
down_proj,28768,1710.83
down_proj,28784,1711.46
down_proj,28800,1714.19
down_proj,28816,1711.37
down_proj,28832,1711.27
down_proj,28848,1715.84
down_proj,28864,1713.59
down_proj,28880,1716.48
down_proj,28896,1712.6
down_proj,28912,1712.33
down_proj,28928,1711.08
down_proj,28944,1715.45
down_proj,28960,1720.08
down_proj,28976,1718.29
down_proj,28992,1715.26
down_proj,29008,1712.67
down_proj,29024,1713.19
down_proj,29040,1716.25
down_proj,29056,1716.2
down_proj,29072,1714.88
down_proj,29088,1712.62
down_proj,29104,1716.79
down_proj,29120,1718.93
down_proj,29136,1716.46
down_proj,29152,1713.65
down_proj,29168,1715.44
down_proj,29184,1712.26
down_proj,29200,1712.52
down_proj,29216,1713.51
down_proj,29232,1714.05
down_proj,29248,1713.36
down_proj,29264,1709.78
down_proj,29280,1713.22
down_proj,29296,1711.19
down_proj,29312,1713.7
down_proj,29328,1763.55
down_proj,29344,1756.87
down_proj,29360,1760.35
down_proj,29376,1757.44
down_proj,29392,1766.88
down_proj,29408,1759.18
down_proj,29424,1758.25
down_proj,29440,1760
down_proj,29456,1767.92
down_proj,29472,1761.77
down_proj,29488,1760.88
down_proj,29504,1761.43
down_proj,29520,1765.3
down_proj,29536,1763.61
down_proj,29552,1764.38
down_proj,29568,1762.76
down_proj,29584,1765.11
down_proj,29600,1765.33
down_proj,29616,1766.94
down_proj,29632,1767.75
down_proj,29648,1767.83
down_proj,29664,1762.62
down_proj,29680,1764.19
down_proj,29696,1761.12
down_proj,29712,1771.25
down_proj,29728,1766.69
down_proj,29744,1773.33
down_proj,29760,1775.42
down_proj,29776,1765.38
down_proj,29792,1765.82
down_proj,29808,1765.59
down_proj,29824,1773.04
down_proj,29840,1775.19
down_proj,29856,1774.55
down_proj,29872,1773.84
down_proj,29888,1775.62
down_proj,29904,1772.78
down_proj,29920,1773.27
down_proj,29936,1774.9
down_proj,29952,1778.37
down_proj,29968,1775.79
down_proj,29984,1773.4
down_proj,30000,1778.96
down_proj,30016,1776.51
down_proj,30032,1775.35
down_proj,30048,1775.09
down_proj,30064,1773.66
down_proj,30080,1776.81
down_proj,30096,1777.3
down_proj,30112,1780.48
down_proj,30128,1776.23
down_proj,30144,1777
down_proj,30160,1777.59
down_proj,30176,1775.02
down_proj,30192,1777.32
down_proj,30208,1777.87
down_proj,30224,1776.69
down_proj,30240,1779.32
down_proj,30256,1757.76
down_proj,30272,1764.13
down_proj,30288,1759.37
down_proj,30304,1759.48
down_proj,30320,1758.78
down_proj,30336,1778.31
down_proj,30352,1763.68
down_proj,30368,1762.89
down_proj,30384,1762.04
down_proj,30400,1744.38
down_proj,30416,1745.77
down_proj,30432,1746.92
down_proj,30448,1745.1
down_proj,30464,1743.84
down_proj,30480,1823.42
down_proj,30496,1781.8
down_proj,30512,1770.09
down_proj,30528,1772.8
down_proj,30544,1768.7
down_proj,30560,1763.49
down_proj,30576,1771.16
down_proj,30592,1825.03
down_proj,30608,1765.42
down_proj,30624,1767.72
down_proj,30640,1762.24
down_proj,30656,1763.22
down_proj,30672,1766.09
down_proj,30688,1764.76
down_proj,30704,1771.68
down_proj,30720,1765.43
down_proj,30736,1755.55
down_proj,30752,1598.51
down_proj,30768,1591.97
down_proj,30784,1603.2
down_proj,30800,1595.06
down_proj,30816,1831.44
down_proj,30832,1832.43
down_proj,30848,1754.08
down_proj,30864,1755.87
down_proj,30880,1768.98
down_proj,30896,1758.81
down_proj,30912,1748.07
down_proj,30928,1741.59
down_proj,30944,1742.28
down_proj,30960,1751.84
down_proj,30976,1743.23
down_proj,30992,1840.56
down_proj,31008,1838.43
down_proj,31024,1839.11
down_proj,31040,1749.08
down_proj,31056,1735.14
down_proj,31072,1735.97
down_proj,31088,1737.36
down_proj,31104,1734.75
down_proj,31120,1721.72
down_proj,31136,1722.44
down_proj,31152,1723.97
down_proj,31168,1720.87
down_proj,31184,1839.82
down_proj,31200,1739.23
down_proj,31216,1733.83
down_proj,31232,1721.23
down_proj,31248,1721.98
down_proj,31264,1725.03
down_proj,31280,1709.2
down_proj,31296,1705.44
down_proj,31312,1709.41
down_proj,31328,1708.25
down_proj,31344,1709.16
down_proj,31360,1837.73
down_proj,31376,1722.09
down_proj,31392,1693.54
down_proj,31408,1695.53
down_proj,31424,1694.05
down_proj,31440,1693.76
down_proj,31456,1698.21
down_proj,31472,1837.55
down_proj,31488,1708.53
down_proj,31504,1749.56
down_proj,31520,1744.96
down_proj,31536,1732.23
down_proj,31552,1733.32
down_proj,31568,1732.67
down_proj,31584,1735.8
down_proj,31600,1720.03
down_proj,31616,1717.98
down_proj,31632,1721.34
down_proj,31648,1725.99
down_proj,31664,1889.25
down_proj,31680,1737.31
down_proj,31696,1736.43
down_proj,31712,1708.63
down_proj,31728,1713.01
down_proj,31744,1709.04
down_proj,31760,1706.87
down_proj,31776,1643.77
down_proj,31792,1647.05
down_proj,31808,1643.72
down_proj,31824,1641.02
down_proj,31840,1647.89
down_proj,31856,1838.04
down_proj,31872,1729.74
down_proj,31888,1727.62
down_proj,31904,1726.52
down_proj,31920,1697.98
down_proj,31936,1684.68
down_proj,31952,1682
down_proj,31968,1684.54
down_proj,31984,1683.16
down_proj,32000,1690.36
down_proj,32016,1855.19
down_proj,32032,1710.59
down_proj,32048,1697.5
down_proj,32064,1697.19
down_proj,32080,1691.93
down_proj,32096,1688.62
down_proj,32112,1850.6
down_proj,32128,1789.4
down_proj,32144,1717.26
down_proj,32160,1710.48
down_proj,32176,1684.18
down_proj,32192,1682.57
down_proj,32208,1686.34
down_proj,32224,1682.6
down_proj,32240,1683.99
down_proj,32256,1794.22
down_proj,32272,1698.47
down_proj,32288,1688.16
down_proj,32304,1683.88
down_proj,32320,1686.24
down_proj,32336,1685.15
down_proj,32352,1687.56
down_proj,32368,1687.93
down_proj,32384,1673.31
down_proj,32400,1675.37
down_proj,32416,1674.13
down_proj,32432,1676.33
down_proj,32448,1672.15
down_proj,32464,1674.92
down_proj,32480,1671.5
down_proj,32496,1672.99
down_proj,32512,1671.08
down_proj,32528,1674.39
down_proj,32544,1670.19
down_proj,32560,1672.01
down_proj,32576,1674.97
down_proj,32592,1676.52
down_proj,32608,1673.03
down_proj,32624,1676.06
down_proj,32640,1674.61
down_proj,32656,1710.98
down_proj,32672,1711.29
down_proj,32688,1712.7
down_proj,32704,1708.77
down_proj,32720,1709.51
down_proj,32736,1709.47
down_proj,32752,1712.37
down_proj,32768,1713.45
embedding,1,4.18167
embedding,2,4.459
embedding,3,4.66133
embedding,4,4.93867
embedding,5,5.312
embedding,6,5.55733
embedding,7,5.824
embedding,8,5.97333
embedding,9,6.45367
embedding,10,6.65667
embedding,11,6.912
embedding,12,7.21067
embedding,13,7.55233
embedding,14,7.78667
embedding,15,8.02133
embedding,16,8.107
embedding,20,3.62667
embedding,24,3.50933
embedding,28,3.70133
embedding,32,3.52033
embedding,36,3.77667
embedding,40,3.68
embedding,44,3.88267
embedding,48,3.73333
embedding,52,3.95733
embedding,56,3.84
embedding,60,4.04267
embedding,64,3.87233
embedding,80,3.968
embedding,96,3.968
embedding,112,4.04267
embedding,128,4.02133
embedding,144,4.36267
embedding,160,4.36267
embedding,176,4.427
embedding,192,4.40567
embedding,208,4.52267
embedding,224,4.52267
embedding,240,4.56567
embedding,256,4.58667
embedding,272,4.85367
embedding,288,4.96
embedding,304,4.971
embedding,320,4.992
embedding,336,5.03533
embedding,352,5.10967
embedding,368,5.131
embedding,384,5.19467
embedding,400,5.40833
embedding,416,5.46133
embedding,432,5.74933
embedding,448,5.78133
embedding,464,5.87767
embedding,480,5.87733
embedding,496,5.98433
embedding,512,5.99533
embedding,528,5.984
embedding,544,6.048
embedding,560,6.048
embedding,576,6.05867
embedding,592,6.08033
embedding,608,6.08
embedding,624,6.13333
embedding,640,6.112
embedding,656,6.13367
embedding,672,6.16533
embedding,688,6.208
embedding,704,6.28267
embedding,720,6.368
embedding,736,6.38933
embedding,752,6.432
embedding,768,6.411
embedding,784,6.464
embedding,800,6.475
embedding,816,6.61367
embedding,832,6.60267
embedding,848,6.61333
embedding,864,6.62467
embedding,880,6.70933
embedding,896,6.72
embedding,912,6.89133
embedding,928,6.83733
embedding,944,6.84867
embedding,960,6.944
embedding,976,6.91267
embedding,992,7.16833
embedding,1008,7.31733
embedding,1024,7.13633
embedding,1040,7.392
embedding,1056,7.424
embedding,1072,7.50933
embedding,1088,7.65867
embedding,1104,7.84033
embedding,1120,7.78667
embedding,1136,7.89367
embedding,1152,7.872
embedding,1168,8.08533
embedding,1184,8.171
embedding,1200,8.24567
embedding,1216,8.40533
embedding,1232,8.608
embedding,1248,8.74667
embedding,1264,8.91733
embedding,1280,8.84267
embedding,1296,9.067
embedding,1312,8.99233
embedding,1328,9.39733
embedding,1344,9.504
embedding,1360,9.74933
embedding,1376,9.62167
embedding,1392,9.792
embedding,1408,10.1443
embedding,1424,10.0053
embedding,1440,10.2723
embedding,1456,10.4533
embedding,1472,10.3897
embedding,1488,10.603
embedding,1504,10.7947
embedding,1520,10.848
embedding,1536,11.0303
embedding,1552,11.0507
embedding,1568,11.3287
embedding,1584,11.403
embedding,1600,11.6053
embedding,1616,11.6483
embedding,1632,11.6063
embedding,1648,12.0433
embedding,1664,11.9787
embedding,1680,12.0107
embedding,1696,12.096
embedding,1712,12.3733
embedding,1728,12.3737
embedding,1744,12.5227
embedding,1760,12.5653
embedding,1776,12.5447
embedding,1792,12.747
embedding,1808,12.8537
embedding,1824,13.1637
embedding,1840,13.099
embedding,1856,13.2057
embedding,1872,13.2483
embedding,1888,13.206
embedding,1904,13.4723
embedding,1920,13.4617
embedding,1936,13.5893
embedding,1952,13.643
embedding,1968,13.782
embedding,1984,13.8347
embedding,2000,13.9733
embedding,2016,14.059
embedding,2032,14.1547
embedding,2048,14.304
embedding,2064,14.283
embedding,2080,14.315
embedding,2096,14.3787
embedding,2112,14.561
embedding,2128,14.5813
embedding,2144,14.699
embedding,2160,14.784
embedding,2176,14.9657
embedding,2192,14.944
embedding,2208,14.987
embedding,2224,15.318
embedding,2240,15.1257
embedding,2256,15.275
embedding,2272,15.403
embedding,2288,15.5523
embedding,2304,15.5313
embedding,2320,15.6807
embedding,2336,15.788
embedding,2352,15.7443
embedding,2368,15.8937
embedding,2384,16.0323
embedding,2400,16.1183
embedding,2416,16.2347
embedding,2432,16.3953
embedding,2448,16.3957
embedding,2464,16.4587
embedding,2480,16.6407
embedding,2496,16.79
embedding,2512,16.747
embedding,2528,16.8003
embedding,2544,16.8113
embedding,2560,17.0667
embedding,2576,17.1097
embedding,2592,17.0883
embedding,2608,17.334
embedding,2624,17.4087
embedding,2640,17.419
embedding,2656,17.6433
embedding,2672,17.6323
embedding,2688,17.7393
embedding,2704,17.9947
embedding,2720,17.8677
embedding,2736,18.102
embedding,2752,18.1553
embedding,2768,18.198
embedding,2784,18.3577
embedding,2800,18.4117
embedding,2816,18.5183
embedding,2832,18.6353
embedding,2848,18.6247
embedding,2864,18.7957
embedding,2880,18.7627
embedding,2896,18.8483
embedding,2912,18.9873
embedding,2928,19.115
embedding,2944,19.2537
embedding,2960,19.275
embedding,2976,19.4887
embedding,2992,19.531
embedding,3008,19.7017
embedding,3024,19.6597
embedding,3040,19.8087
embedding,3056,19.8083
embedding,3072,19.872
embedding,3088,20.0327
embedding,3104,20.0537
embedding,3120,20.2673
embedding,3136,20.4697
embedding,3152,20.427
embedding,3168,20.523
embedding,3184,20.576
embedding,3200,20.683
embedding,3216,20.7687
embedding,3232,20.8217
embedding,3248,20.9067
embedding,3264,21.099
embedding,3280,21.1843
embedding,3296,21.2483
embedding,3312,21.3127
embedding,3328,21.376
embedding,3344,21.5473
embedding,3360,21.696
embedding,3376,21.771
embedding,3392,21.7187
embedding,3408,21.9957
embedding,3424,22.038
embedding,3440,22.0913
embedding,3456,22.123
embedding,3472,22.3047
embedding,3488,22.475
embedding,3504,22.4647
embedding,3520,22.571
embedding,3536,22.635
embedding,3552,22.689
embedding,3568,22.816
embedding,3584,22.966
embedding,3600,22.9763
embedding,3616,23.2327
embedding,3632,23.2857
embedding,3648,23.382
embedding,3664,23.392
embedding,3680,23.4563
embedding,3696,23.5843
embedding,3712,23.8187
embedding,3728,23.6273
embedding,3744,23.7873
embedding,3760,23.9477
embedding,3776,24.0643
embedding,3792,24.1077
embedding,3808,24.1603
embedding,3824,24.278
embedding,3840,24.427
embedding,3856,24.544
embedding,3872,24.5127
embedding,3888,24.79
embedding,3904,24.833
embedding,3920,24.8647
embedding,3936,24.9607
embedding,3952,25.0463
embedding,3968,25.014
embedding,3984,25.2593
embedding,4000,25.312
embedding,4016,25.3767
embedding,4032,25.6647
embedding,4048,25.6967
embedding,4064,25.739
embedding,4080,25.8353
embedding,4096,25.8353
embedding,4112,26.0063
embedding,4128,26.1763
embedding,4144,26.2193
embedding,4160,26.3153
embedding,4176,26.3363
embedding,4192,26.5713
embedding,4208,26.7423
embedding,4224,26.731
embedding,4240,26.6563
embedding,4256,26.8593
embedding,4272,27.0407
embedding,4288,26.998
embedding,4304,27.2223
embedding,4320,27.2857
embedding,4336,27.265
embedding,4352,27.3927
embedding,4368,27.5633
embedding,4384,27.766
embedding,4400,27.798
embedding,4416,27.7237
embedding,4432,27.8413
embedding,4448,27.9253
embedding,4464,28.0753
embedding,4480,28.2247
embedding,4496,28.353
embedding,4512,28.3207
embedding,4528,28.3737
embedding,4544,28.438
embedding,4560,28.6193
embedding,4576,28.748
embedding,4592,28.8537
embedding,4608,28.918
embedding,4624,28.8753
embedding,4640,29.0993
embedding,4656,29.3023
embedding,4672,29.249
embedding,4688,29.3657
embedding,4704,29.4937
embedding,4720,29.579
embedding,4736,29.6433
embedding,4752,29.8887
embedding,4768,29.7393
embedding,4784,29.8993
embedding,4800,29.9843
embedding,4816,30.081
embedding,4832,30.1663
embedding,4848,30.2623
embedding,4864,30.3903
embedding,4880,30.358
embedding,4896,30.518
embedding,4912,30.6887
embedding,4928,30.8487
embedding,4944,30.849
embedding,4960,30.9127
embedding,4976,31.0727
embedding,4992,31.009
embedding,5008,31.1683
embedding,5024,31.2863
embedding,5040,31.3283
embedding,5056,31.382
embedding,5072,31.702
embedding,5088,31.617
embedding,5104,31.7123
embedding,5120,31.7443
embedding,5136,32.0113
embedding,5152,32.0757
embedding,5168,32.1183
embedding,5184,32.1183
embedding,5200,32.3847
embedding,5216,32.4807
embedding,5232,32.4383
embedding,5248,32.4703
embedding,5264,32.6513
embedding,5280,32.8437
embedding,5296,32.854
embedding,5312,33.0247
embedding,5328,33.0887
embedding,5344,33.2067
embedding,5360,33.366
embedding,5376,33.2807
embedding,5392,33.4193
embedding,5408,33.4627
embedding,5424,33.4403
embedding,5440,33.7077
embedding,5456,33.793
embedding,5472,34.0383
embedding,5488,33.7923
embedding,5504,34.0917
embedding,5520,34.209
embedding,5536,34.3473
embedding,5552,34.305
embedding,5568,34.497
embedding,5584,34.5283
embedding,5600,34.6887
embedding,5616,34.7953
embedding,5632,34.817
embedding,5648,34.7633
embedding,5664,34.8917
embedding,5680,34.9343
embedding,5696,35.1473
embedding,5712,35.276
embedding,5728,35.4463
embedding,5744,35.457
embedding,5760,35.574
embedding,5776,35.777
embedding,5792,35.7337
embedding,5808,35.9903
embedding,5824,36.0117
embedding,5840,36.15
embedding,5856,36.3743
embedding,5872,36.0973
embedding,5888,36.2677
embedding,5904,36.3207
embedding,5920,36.449
embedding,5936,36.438
embedding,5952,36.79
embedding,5968,36.8643
embedding,5984,36.8963
embedding,6000,37.0143
embedding,6016,37.025
embedding,6032,37.1957
embedding,6048,37.142
embedding,6064,37.2487
embedding,6080,37.676
embedding,6096,37.462
embedding,6112,37.6327
embedding,6128,37.6327
embedding,6144,37.804
embedding,6160,37.964
embedding,6176,37.8143
embedding,6192,38.1237
embedding,6208,38.1767
embedding,6224,38.4863
embedding,6240,38.4863
embedding,6256,38.5393
embedding,6272,38.9877
embedding,6288,38.9023
embedding,6304,39.0517
embedding,6320,38.8487
embedding,6336,39.169
embedding,6352,39.041
embedding,6368,39.2223
embedding,6384,39.1907
embedding,6400,39.585
embedding,6416,39.4033
embedding,6432,39.627
embedding,6448,39.7343
embedding,6464,39.8087
embedding,6480,39.7447
embedding,6496,39.8947
embedding,6512,39.9583
embedding,6528,40.2673
embedding,6544,40.3107
embedding,6560,40.118
embedding,6576,40.5343
embedding,6592,40.3317
embedding,6608,40.556
embedding,6624,40.5023
embedding,6640,41.0143
embedding,6656,41.0783
embedding,6672,40.897
embedding,6688,41.089
embedding,6704,41.1207
embedding,6720,41.409
embedding,6736,41.4517
embedding,6752,41.3667
embedding,6768,41.5583
embedding,6784,41.5477
embedding,6800,41.473
embedding,6816,41.708
embedding,6832,41.761
embedding,6848,42.1773
embedding,6864,42.1877
embedding,6880,42.273
embedding,6896,42.3697
embedding,6912,42.5507
embedding,6928,42.5617
embedding,6944,42.5503
embedding,6960,42.7637
embedding,6976,42.657
embedding,6992,42.7637
embedding,7008,42.774
embedding,7024,43.0943
embedding,7040,43.0517
embedding,7056,43.1793
embedding,7072,43.3403
embedding,7088,43.457
embedding,7104,43.372
embedding,7120,43.8733
embedding,7136,43.798
embedding,7152,43.5747
embedding,7168,43.6913
embedding,7184,44.0117
embedding,7200,44.0543
embedding,7216,43.9477
embedding,7232,44.0117
embedding,7248,44.172
embedding,7264,44.4703
embedding,7280,44.3103
embedding,7296,44.4593
embedding,7312,44.5023
embedding,7328,44.7157
embedding,7344,44.7263
embedding,7360,44.9823
embedding,7376,44.9507
embedding,7392,45.004
embedding,7408,45.3877
embedding,7424,45.5367
embedding,7440,45.4623
embedding,7456,45.5797
embedding,7472,45.4197
embedding,7488,45.7297
embedding,7504,45.697
embedding,7520,45.8463
embedding,7536,45.8573
embedding,7552,45.921
embedding,7568,45.9113
embedding,7584,46.5293
embedding,7600,46.241
embedding,7616,46.3583
embedding,7632,46.4223
embedding,7648,46.8487
embedding,7664,46.8917
embedding,7680,46.6673
embedding,7696,46.5717
embedding,7712,47.212
embedding,7728,47.0943
embedding,7744,47.2223
embedding,7760,47.02
embedding,7776,47.3507
embedding,7792,47.201
embedding,7808,47.2017
embedding,7824,47.777
embedding,7840,47.9053
embedding,7856,47.5957
embedding,7872,47.9687
embedding,7888,47.9057
embedding,7904,48.257
embedding,7920,48.385
embedding,7936,48.1503
embedding,7952,48.449
embedding,7968,48.46
embedding,7984,48.6517
embedding,8000,48.609
embedding,8016,48.9823
embedding,8032,48.8223
embedding,8048,48.9507
embedding,8064,48.8863
embedding,8080,49.2067
embedding,8096,49.0893
embedding,8112,49.2063
embedding,8128,49.4303
embedding,8144,49.4943
embedding,8160,49.9427
embedding,8176,50.0287
embedding,8192,49.6867
embedding,8208,49.889
embedding,8224,49.9537
embedding,8240,49.8677
embedding,8256,50.092
embedding,8272,50.391
embedding,8288,50.4657
embedding,8304,50.54
embedding,8320,50.4653
embedding,8336,50.369
embedding,8352,50.6677
embedding,8368,50.7107
embedding,8384,50.9133
embedding,8400,50.7213
embedding,8416,51.063
embedding,8432,51.1583
embedding,8448,51.2227
embedding,8464,51.3397
embedding,8480,51.8303
embedding,8496,51.5213
embedding,8512,51.511
embedding,8528,52.1727
embedding,8544,51.6497
embedding,8560,52.0547
embedding,8576,52.108
embedding,8592,51.937
embedding,8608,52.2683
embedding,8624,52.2147
embedding,8640,52.343
embedding,8656,52.5663
embedding,8672,52.332
embedding,8688,52.4387
embedding,8704,52.6947
embedding,8720,52.556
embedding,8736,52.769
embedding,8752,53.0677
embedding,8768,52.8973
embedding,8784,53.516
embedding,8800,53.356
embedding,8816,53.1103
embedding,8832,53.6867
embedding,8848,53.334
embedding,8864,53.5377
embedding,8880,53.6337
embedding,8896,53.921
embedding,8912,53.7187
embedding,8928,53.7617
embedding,8944,53.8787
embedding,8960,54.5393
embedding,8976,54.284
embedding,8992,54.3483
embedding,9008,54.241
embedding,9024,54.5823
embedding,9040,54.6467
embedding,9056,55.0197
embedding,9072,54.796
embedding,9088,54.8283
embedding,9104,54.849
embedding,9120,55.1057
embedding,9136,55.159
embedding,9152,55.479
embedding,9168,55.3613
embedding,9184,55.543
embedding,9200,55.4577
embedding,9216,55.852
embedding,9232,56.0017
embedding,9248,55.8623
embedding,9264,55.852
embedding,9280,56.0653
embedding,9296,56.0443
embedding,9312,56.3423
embedding,9328,56.204
embedding,9344,56.8117
embedding,9360,56.4597
embedding,9376,56.5243
embedding,9392,56.6847
embedding,9408,56.6197
embedding,9424,56.9187
embedding,9440,57.143
embedding,9456,57.0783
embedding,9472,57.1853
embedding,9488,57.0783
embedding,9504,57.601
embedding,9520,57.6763
embedding,9536,57.3673
embedding,9552,57.6437
embedding,9568,57.922
embedding,9584,57.6547
embedding,9600,58.2417
embedding,9616,58.135
embedding,9632,58.092
embedding,9648,58.295
embedding,9664,58.2627
embedding,9680,58.4013
embedding,9696,58.3377
embedding,9712,58.7967
embedding,9728,59.0837
embedding,9744,58.6787
embedding,9760,58.657
embedding,9776,59.052
embedding,9792,59.0417
embedding,9808,59.255
embedding,9824,58.924
embedding,9840,59.3083
embedding,9856,59.4997
embedding,9872,59.5213
embedding,9888,59.3293
embedding,9904,59.5327
embedding,9920,59.7663
embedding,9936,59.767
embedding,9952,59.8097
embedding,9968,60.0227
embedding,9984,59.9593
embedding,10000,60.0543
embedding,10016,60.3427
embedding,10032,60.3003
embedding,10048,60.3423
embedding,10064,60.7483
embedding,10080,60.5243
embedding,10096,60.6303
embedding,10112,60.7907
embedding,10128,61.0043
embedding,10144,61.0573
embedding,10160,61.154
embedding,10176,61.3027
embedding,10192,61.4733
embedding,10208,61.1743
embedding,10224,61.3877
embedding,10240,61.644
embedding,10256,61.5587
embedding,10272,61.591
embedding,10288,61.772
embedding,10304,61.9963
embedding,10320,62.1027
embedding,10336,62.3587
embedding,10352,62.2627
embedding,10368,62.2413
embedding,10384,62.668
embedding,10400,62.5613
embedding,10416,62.5833
embedding,10432,62.775
embedding,10448,62.679
embedding,10464,62.8387
embedding,10480,63.1267
embedding,10496,63.308
embedding,10512,63.1377
embedding,10528,63.692
embedding,10544,63.361
embedding,10560,63.2553
embedding,10576,63.8207
embedding,10592,63.745
embedding,10608,64.076
embedding,10624,63.8843
embedding,10640,64.033
embedding,10656,63.9907
embedding,10672,64.0443
embedding,10688,64.4927
embedding,10704,64.2257
embedding,10720,64.407
embedding,10736,64.3533
embedding,10752,64.375
embedding,10768,64.7697
embedding,10784,64.8867
embedding,10800,65.1107
embedding,10816,65.0143
embedding,10832,65.2287
embedding,10848,65.079
embedding,10864,65.4523
embedding,10880,65.1427
embedding,10896,65.5157
embedding,10912,65.4737
embedding,10928,65.4527
embedding,10944,65.911
embedding,10960,65.8147
embedding,10976,65.9537
embedding,10992,66.125
embedding,11008,66.0607
embedding,11024,66.284
embedding,11040,66.359
embedding,11056,66.8817
embedding,11072,66.2847
embedding,11088,66.5723
embedding,11104,66.615
embedding,11120,66.5507
embedding,11136,66.7647
embedding,11152,66.605
embedding,11168,66.9353
embedding,11184,67.1697
embedding,11200,67.0417
embedding,11216,67.3617
embedding,11232,67.3293
embedding,11248,67.4363
embedding,11264,67.5533
embedding,11280,67.757
embedding,11296,67.7027
embedding,11312,67.874
embedding,11328,67.8307
embedding,11344,67.9587
embedding,11360,67.9057
embedding,11376,68.2787
embedding,11392,68.353
embedding,11408,68.3
embedding,11424,68.5137
embedding,11440,68.556
embedding,11456,68.4177
embedding,11472,68.7057
embedding,11488,68.9933
embedding,11504,68.93
embedding,11520,69.026
embedding,11536,68.823
embedding,11552,69.3457
embedding,11568,69.5483
embedding,11584,69.2923
embedding,11600,70.209
embedding,11616,69.3133
embedding,11632,69.506
embedding,11648,70.0183
embedding,11664,69.6333
embedding,11680,69.7297
embedding,11696,70.0387
embedding,11712,70.0813
embedding,11728,70.2417
embedding,11744,70.498
embedding,11760,70.5403
embedding,11776,70.423
embedding,11792,70.6467
embedding,11808,70.924
embedding,11824,70.7537
embedding,11840,70.775
embedding,11856,71.1057
embedding,11872,71.1803
embedding,11888,71.0313
embedding,11904,71.1697
embedding,11920,71.138
embedding,11936,71.532
embedding,11952,71.4363
embedding,11968,71.479
embedding,11984,71.7667
embedding,12000,71.522
embedding,12016,71.7887
embedding,12032,71.8737
embedding,12048,72.1513
embedding,12064,72.375
embedding,12080,72.418
embedding,12096,72.2473
embedding,12112,72.919
embedding,12128,72.3217
embedding,12144,72.2897
embedding,12160,72.577
embedding,12176,72.6953
embedding,12192,72.9407
embedding,12208,73.0683
embedding,12224,73.143
embedding,12240,73.3887
embedding,12256,73.3563
embedding,12272,73.196
embedding,12288,73.4203
embedding,12304,73.527
embedding,12320,73.73
embedding,12336,73.8367
embedding,12352,73.5803
embedding,12368,73.6767
embedding,12384,74.1667
embedding,12400,74.1673
embedding,12416,74.0067
embedding,12432,74.4767
embedding,12448,74.3373
embedding,12464,74.402
embedding,12480,74.722
embedding,12496,74.4767
embedding,12512,74.5403
embedding,12528,74.9773
embedding,12544,74.8923
embedding,12560,74.8077
embedding,12576,75.106
embedding,12592,75.1373
embedding,12608,75.1807
embedding,12624,75.2867
embedding,12640,75.65
embedding,12656,75.7457
embedding,12672,75.6607
embedding,12688,75.927
embedding,12704,76.13
embedding,12720,76.4817
embedding,12736,76.4497
embedding,12752,76.4713
embedding,12768,76.5887
embedding,12784,76.7807
embedding,12800,76.855
embedding,12816,76.823
embedding,12832,77.1327
embedding,12848,77.0153
embedding,12864,77.1543
embedding,12880,77.1223
embedding,12896,77.3777
embedding,12912,77.9967
embedding,12928,77.3887
embedding,12944,77.548
embedding,12960,77.6657
embedding,12976,77.7403
embedding,12992,77.9853
embedding,13008,77.954
embedding,13024,78.1463
embedding,13040,78.2207
embedding,13056,78.1027
embedding,13072,78.274
embedding,13088,78.4767
embedding,13104,78.69
embedding,13120,78.658
embedding,13136,78.6047
embedding,13152,78.8923
embedding,13168,79.0417
embedding,13184,79.0527
embedding,13200,79.106
embedding,13216,79.3623
embedding,13232,79.49
embedding,13248,79.3937
embedding,13264,79.447
embedding,13280,79.5647
embedding,13296,79.7347
embedding,13312,79.6717
embedding,13328,79.97
embedding,13344,79.842
embedding,13360,79.895
embedding,13376,80.0987
embedding,13392,80.098
embedding,13408,80.2687
embedding,13424,80.3107
embedding,13440,80.674
embedding,13456,80.685
embedding,13472,80.6843
embedding,13488,80.706
embedding,13504,81.0693
embedding,13520,80.8443
embedding,13536,80.8873
embedding,13552,81.325
embedding,13568,81.1437
embedding,13584,81.3463
embedding,13600,81.6127
embedding,13616,81.3777
embedding,13632,81.7087
embedding,13648,81.6557
embedding,13664,81.7193
embedding,13680,82.018
embedding,13696,81.9647
embedding,13712,81.9857
embedding,13728,81.9647
embedding,13744,82.338
embedding,13760,82.402
embedding,13776,82.3483
embedding,13792,82.5833
embedding,13808,82.455
embedding,13824,82.7323
embedding,13840,82.5197
embedding,13856,82.829
embedding,13872,83.1063
embedding,13888,83.2017
embedding,13904,83.0423
embedding,13920,83.2233
embedding,13936,83.5003
embedding,13952,83.5323
embedding,13968,83.5437
embedding,13984,83.49
embedding,14000,83.714
embedding,14016,83.9167
embedding,14032,83.8417
embedding,14048,83.8633
embedding,14064,84.2793
embedding,14080,84.333
embedding,14096,84.2793
embedding,14112,84.2897
embedding,14128,84.439
embedding,14144,84.2687
embedding,14160,84.5997
embedding,14176,84.6953
embedding,14192,84.8663
embedding,14208,85.079
embedding,14224,84.9303
embedding,14240,85.143
embedding,14256,85.6133
embedding,14272,85.4847
embedding,14288,85.25
embedding,14304,85.421
embedding,14320,85.538
embedding,14336,85.858
embedding,14352,85.7513
embedding,14368,85.9223
embedding,14384,85.7413
embedding,14400,86.2633
embedding,14416,86.178
embedding,14432,86.253
embedding,14448,86.338
embedding,14464,86.434
embedding,14480,86.3807
embedding,14496,86.69
embedding,14512,86.818
embedding,14528,86.8607
embedding,14544,86.8073
embedding,14560,87.0847
embedding,14576,86.9033
embedding,14592,87.17
embedding,14608,87.181
embedding,14624,87.3193
embedding,14640,87.4157
embedding,14656,87.703
embedding,14672,87.9057
embedding,14688,87.7887
embedding,14704,87.554
embedding,14720,87.981
embedding,14736,87.927
embedding,14752,88.0553
embedding,14768,88.1193
embedding,14784,88.1407
embedding,14800,88.354
embedding,14816,88.3327
embedding,14832,88.5037
embedding,14848,88.706
embedding,14864,88.6313
embedding,14880,89.0477
embedding,14896,88.7593
embedding,14912,89.037
embedding,14928,88.8557
embedding,14944,89.0793
embedding,14960,89.2397
embedding,14976,89.3993
embedding,14992,89.4313
embedding,15008,89.602
embedding,15024,89.549
embedding,15040,89.7517
embedding,15056,90.1037
embedding,15072,90.0077
embedding,15088,89.794
embedding,15104,90.189
embedding,15120,90.211
embedding,15136,90.285
embedding,15152,90.402
embedding,15168,90.69
embedding,15184,90.7223
embedding,15200,90.8393
embedding,15216,90.6263
embedding,15232,90.626
embedding,15248,91.074
embedding,15264,90.9247
embedding,15280,91.0633
embedding,15296,91.341
embedding,15312,91.49
embedding,15328,91.3193
embedding,15344,91.7353
embedding,15360,91.5647
embedding,15376,91.725
embedding,15392,91.661
embedding,15408,91.97
embedding,15424,91.97
embedding,15440,92.066
embedding,15456,92.066
embedding,15472,92.162
embedding,15488,92.2903
embedding,15504,92.546
embedding,15520,92.6847
embedding,15536,92.642
embedding,15552,92.7703
embedding,15568,92.9087
embedding,15584,92.6957
embedding,15600,93.0473
embedding,15616,93.0373
embedding,15632,93.176
embedding,15648,93.218
embedding,15664,93.229
embedding,15680,93.2717
embedding,15696,93.4847
embedding,15712,93.581
embedding,15728,93.709
embedding,15744,93.698
embedding,15760,94.157
embedding,15776,93.922
embedding,15792,94.2743
embedding,15808,94.114
embedding,15824,94.5197
embedding,15840,94.4777
embedding,15856,94.4237
embedding,15872,94.5407
embedding,15888,94.4873
embedding,15904,94.8927
embedding,15920,94.904
embedding,15936,95.0103
embedding,15952,94.989
embedding,15968,95.0317
embedding,15984,95.202
embedding,16000,95.3303
embedding,16016,95.362
embedding,16032,95.3833
embedding,16048,95.554
embedding,16064,95.757
embedding,16080,95.6073
embedding,16096,95.789
embedding,16112,95.778
embedding,16128,96.0877
embedding,16144,96.1193
embedding,16160,96.162
embedding,16176,96.365
embedding,16192,96.3653
embedding,16208,96.5357
embedding,16224,96.5143
embedding,16240,96.642
embedding,16256,96.7063
embedding,16272,96.813
embedding,16288,96.8447
embedding,16304,97.037
embedding,16320,97.2293
embedding,16336,97.219
embedding,16352,97.4533
embedding,16368,97.314
embedding,16384,97.5917
embedding,16400,97.9543
embedding,16416,97.5807
embedding,16432,97.89
embedding,16448,97.858
embedding,16464,98.1357
embedding,16480,97.9647
embedding,16496,97.997
embedding,16512,98.242
embedding,16528,98.4023
embedding,16544,98.4453
embedding,16560,98.776
embedding,16576,98.7007
embedding,16592,98.5413
embedding,16608,98.9143
embedding,16624,98.765
embedding,16640,99.1487
embedding,16656,99.1277
embedding,16672,99.0313
embedding,16688,99.1917
embedding,16704,99.266
embedding,16720,99.3727
embedding,16736,99.608
embedding,16752,99.5333
embedding,16768,99.714
embedding,16784,99.7787
embedding,16800,99.789
embedding,16816,99.7993
embedding,16832,100.099
embedding,16848,100.013
embedding,16864,100.215
embedding,16880,100.429
embedding,16896,100.291
embedding,16912,100.717
embedding,16928,100.792
embedding,16944,100.727
embedding,16960,100.696
embedding,16976,100.717
embedding,16992,100.994
embedding,17008,100.887
embedding,17024,101.165
embedding,17040,101.218
embedding,17056,101.442
embedding,17072,101.453
embedding,17088,101.538
embedding,17104,101.56
embedding,17120,101.784
embedding,17136,101.869
embedding,17152,102.093
embedding,17168,102.061
embedding,17184,101.976
embedding,17200,102.21
embedding,17216,102.189
embedding,17232,102.296
embedding,17248,102.627
embedding,17264,102.605
embedding,17280,102.733
embedding,17296,103.032
embedding,17312,102.861
embedding,17328,102.819
embedding,17344,103.01
embedding,17360,103.031
embedding,17376,103.16
embedding,17392,103.202
embedding,17408,103.618
embedding,17424,103.459
embedding,17440,103.704
embedding,17456,103.789
embedding,17472,103.832
embedding,17488,103.917
embedding,17504,104.013
embedding,17520,104.131
embedding,17536,104.184
embedding,17552,104.216
embedding,17568,104.227
embedding,17584,104.355
embedding,17600,104.514
embedding,17616,104.728
embedding,17632,104.536
embedding,17648,104.845
embedding,17664,104.792
embedding,17680,104.802
embedding,17696,105.091
embedding,17712,105.122
embedding,17728,105.337
embedding,17744,105.091
embedding,17760,105.357
embedding,17776,105.624
embedding,17792,105.496
embedding,17808,105.752
embedding,17824,105.688
embedding,17840,105.858
embedding,17856,105.997
embedding,17872,106.178
embedding,17888,106.136
embedding,17904,106.157
embedding,17920,106.104
embedding,17936,106.52
embedding,17952,106.531
embedding,17968,106.669
embedding,17984,107.011
embedding,18000,106.893
embedding,18016,106.765
embedding,18032,107.075
embedding,18048,106.957
embedding,18064,107.256
embedding,18080,107.341
embedding,18096,107.437
embedding,18112,107.554
embedding,18128,107.341
embedding,18144,107.48
embedding,18160,107.853
embedding,18176,107.971
embedding,18192,108.237
embedding,18208,107.97
embedding,18224,108.216
embedding,18240,108.312
embedding,18256,108.226
embedding,18272,108.461
embedding,18288,108.546
embedding,18304,108.803
embedding,18320,108.813
embedding,18336,109.037
embedding,18352,109.027
embedding,18368,108.877
embedding,18384,109.422
embedding,18400,109.197
embedding,18416,109.197
embedding,18432,109.538
embedding,18448,109.496
embedding,18464,109.571
embedding,18480,109.719
embedding,18496,109.72
embedding,18512,109.891
embedding,18528,109.891
embedding,18544,110.05
embedding,18560,110.008
embedding,18576,110.158
embedding,18592,110.19
embedding,18608,110.339
embedding,18624,110.317
embedding,18640,110.456
embedding,18656,110.616
embedding,18672,110.669
embedding,18688,110.84
embedding,18704,110.947
embedding,18720,111.011
embedding,18736,111.021
embedding,18752,111.064
embedding,18768,111.374
embedding,18784,111.309
embedding,18800,111.544
embedding,18816,111.565
embedding,18832,111.789
embedding,18848,111.704
embedding,18864,111.779
embedding,18880,111.917
embedding,18896,112.046
embedding,18912,111.97
embedding,18928,112.162
embedding,18944,112.067
embedding,18960,112.216
embedding,18976,112.365
embedding,18992,112.45
embedding,19008,112.856
embedding,19024,112.664
embedding,19040,112.866
embedding,19056,112.707
embedding,19072,112.824
embedding,19088,113.091
embedding,19104,113.048
embedding,19120,113.261
embedding,19136,113.422
embedding,19152,113.806
embedding,19168,113.379
embedding,19184,113.614
embedding,19200,113.645
embedding,19216,113.827
embedding,19232,113.827
embedding,19248,113.883
embedding,19264,114.051
embedding,19280,114.306
embedding,19296,114.211
embedding,19312,114.307
embedding,19328,114.498
embedding,19344,114.755
embedding,19360,114.541
embedding,19376,114.658
embedding,19392,114.829
embedding,19408,114.968
embedding,19424,115.064
embedding,19440,115.138
embedding,19456,115.203
embedding,19472,115.267
embedding,19488,115.448
embedding,19504,115.416
embedding,19520,115.31
embedding,19536,115.597
embedding,19552,115.661
embedding,19568,116.056
embedding,19584,115.949
embedding,19600,115.949
embedding,19616,115.907
embedding,19632,116.142
embedding,19648,116.462
embedding,19664,116.334
embedding,19680,116.44
embedding,19696,116.472
embedding,19712,116.472
embedding,19728,116.664
embedding,19744,116.867
embedding,19760,116.803
embedding,19776,116.909
embedding,19792,117.123
embedding,19808,116.963
embedding,19824,117.421
embedding,19840,117.219
embedding,19856,117.422
embedding,19872,117.464
embedding,19888,117.581
embedding,19904,117.624
embedding,19920,117.976
embedding,19936,117.838
embedding,19952,117.827
embedding,19968,118.137
embedding,19984,118.105
embedding,20000,118.275
embedding,20016,118.339
embedding,20032,118.595
embedding,20048,118.605
embedding,20064,118.936
embedding,20080,118.659
embedding,20096,119.085
embedding,20112,118.904
embedding,20128,118.99
embedding,20144,119.16
embedding,20160,119.256
embedding,20176,119.203
embedding,20192,119.384
embedding,20208,119.694
embedding,20224,119.395
embedding,20240,119.651
embedding,20256,119.939
embedding,20272,119.95
embedding,20288,120.067
embedding,20304,120.184
embedding,20320,120.153
embedding,20336,120.461
embedding,20352,120.643
embedding,20368,120.515
embedding,20384,120.461
embedding,20400,120.451
embedding,20416,120.771
embedding,20432,120.931
embedding,20448,120.835
embedding,20464,121.016
embedding,20480,121.24
embedding,20496,121.411
embedding,20512,121.358
embedding,20528,121.422
embedding,20544,121.688
embedding,20560,121.614
embedding,20576,121.667
embedding,20592,121.784
embedding,20608,121.838
embedding,20624,121.817
embedding,20640,122.072
embedding,20656,122.51
embedding,20672,122.371
embedding,20688,122.894
embedding,20704,122.456
embedding,20720,122.477
embedding,20736,122.499
embedding,20752,122.637
embedding,20768,122.755
embedding,20784,122.925
embedding,20800,123.01
embedding,20816,123.363
embedding,20832,123.374
embedding,20848,123.139
embedding,20864,123.213
embedding,20880,123.704
embedding,20896,123.747
embedding,20912,123.832
embedding,20928,123.672
embedding,20944,123.811
embedding,20960,124.024
embedding,20976,124.163
embedding,20992,124.099
embedding,21008,124.067
embedding,21024,124.227
embedding,21040,124.334
embedding,21056,124.515
embedding,21072,124.515
embedding,21088,124.718
embedding,21104,124.589
embedding,21120,125.07
embedding,21136,124.962
embedding,21152,125.048
embedding,21168,125.176
embedding,21184,125.251
embedding,21200,125.229
embedding,21216,125.582
embedding,21232,125.827
embedding,21248,125.454
embedding,21264,125.667
embedding,21280,125.944
embedding,21296,125.912
embedding,21312,126.019
embedding,21328,126.115
embedding,21344,126.286
embedding,21360,126.221
embedding,21376,126.307
embedding,21392,126.638
embedding,21408,126.552
embedding,21424,126.616
embedding,21440,126.691
embedding,21456,126.915
embedding,21472,126.99
embedding,21488,126.84
embedding,21504,127.278
embedding,21520,127.501
embedding,21536,127.299
embedding,21552,127.609
embedding,21568,127.448
embedding,21584,127.64
embedding,21600,127.769
embedding,21616,127.577
embedding,21632,127.682
embedding,21648,127.726
embedding,21664,127.929
embedding,21680,128.184
embedding,21696,128.345
embedding,21712,128.409
embedding,21728,128.462
embedding,21744,128.483
embedding,21760,128.557
embedding,21776,128.536
embedding,21792,128.729
embedding,21808,128.728
embedding,21824,128.91
embedding,21840,129.144
embedding,21856,129.038
embedding,21872,129.154
embedding,21888,129.538
embedding,21904,129.539
embedding,21920,129.528
embedding,21936,129.582
embedding,21952,129.774
embedding,21968,129.689
embedding,21984,129.816
embedding,22000,129.87
embedding,22016,129.955
embedding,22032,130.008
embedding,22048,130.307
embedding,22064,130.211
embedding,22080,130.808
embedding,22096,130.584
embedding,22112,130.616
embedding,22128,130.691
embedding,22144,130.68
embedding,22160,130.766
embedding,22176,130.798
embedding,22192,130.926
embedding,22208,131.161
embedding,22224,131.213
embedding,22240,131.619
embedding,22256,131.288
embedding,22272,131.331
embedding,22288,131.587
embedding,22304,131.576
embedding,22320,131.865
embedding,22336,131.854
embedding,22352,131.864
embedding,22368,132.046
embedding,22384,131.992
embedding,22400,132.291
embedding,22416,132.344
embedding,22432,132.505
embedding,22448,132.504
embedding,22464,132.59
embedding,22480,132.931
embedding,22496,132.942
embedding,22512,132.857
embedding,22528,132.921
embedding,22544,132.984
embedding,22560,133.08
embedding,22576,133.208
embedding,22592,133.326
embedding,22608,133.496
embedding,22624,133.635
embedding,22640,133.72
embedding,22656,133.795
embedding,22672,133.987
embedding,22688,133.827
embedding,22704,134.179
embedding,22720,134.137
embedding,22736,134.296
embedding,22752,134.435
embedding,22768,134.392
embedding,22784,134.35
embedding,22800,134.584
embedding,22816,134.574
embedding,22832,134.979
embedding,22848,134.948
embedding,22864,134.968
embedding,22880,134.937
embedding,22896,135.524
embedding,22912,135.204
embedding,22928,135.513
embedding,22944,135.523
embedding,22960,135.406
embedding,22976,135.449
embedding,22992,135.896
embedding,23008,135.95
embedding,23024,135.737
embedding,23040,135.79
embedding,23056,136.174
embedding,23072,136.334
embedding,23088,136.398
embedding,23104,136.259
embedding,23120,136.408
embedding,23136,136.419
embedding,23152,136.568
embedding,23168,136.622
embedding,23184,136.718
embedding,23200,137.027
embedding,23216,137.038
embedding,23232,136.889
embedding,23248,137.177
embedding,23264,137.006
embedding,23280,137.134
embedding,23296,137.315
embedding,23312,137.454
embedding,23328,137.646
embedding,23344,137.763
embedding,23360,137.731
embedding,23376,137.795
embedding,23392,137.838
embedding,23408,138.168
embedding,23424,137.998
embedding,23440,137.955
embedding,23456,138.232
embedding,23472,138.542
embedding,23488,138.51
embedding,23504,138.638
embedding,23520,138.596
embedding,23536,138.851
embedding,23552,138.649
embedding,23568,139.119
embedding,23584,139.332
embedding,23600,139.118
embedding,23616,139.342
embedding,23632,139.705
embedding,23648,139.555
embedding,23664,139.662
embedding,23680,139.555
embedding,23696,139.918
embedding,23712,140.1
embedding,23728,140.067
embedding,23744,140.238
embedding,23760,140.099
embedding,23776,140.078
embedding,23792,140.259
embedding,23808,140.419
embedding,23824,140.441
embedding,23840,140.696
embedding,23856,140.568
embedding,23872,140.868
embedding,23888,141.048
embedding,23904,140.974
embedding,23920,140.995
embedding,23936,141.187
embedding,23952,141.411
embedding,23968,141.177
embedding,23984,141.412
embedding,24000,141.625
embedding,24016,141.689
embedding,24032,141.763
embedding,24048,141.816
embedding,24064,141.913
embedding,24080,141.881
embedding,24096,142.04
embedding,24112,142.073
embedding,24128,142.233
embedding,24144,142.339
embedding,24160,142.392
embedding,24176,142.446
embedding,24192,142.66
embedding,24208,143.022
embedding,24224,142.627
embedding,24240,142.894
embedding,24256,142.916
embedding,24272,142.883
embedding,24288,143.214
embedding,24304,143.129
embedding,24320,143.416
embedding,24336,143.673
embedding,24352,143.576
embedding,24368,143.928
embedding,24384,143.705
embedding,24400,143.652
embedding,24416,143.95
embedding,24432,143.928
embedding,24448,144.206
embedding,24464,144.206
embedding,24480,144.323
embedding,24496,144.099
embedding,24512,144.729
embedding,24528,144.505
embedding,24544,144.889
embedding,24560,144.686
embedding,24576,144.782
embedding,24592,144.943
embedding,24608,145.166
embedding,24624,145.316
embedding,24640,145.134
embedding,24656,145.145
embedding,24672,145.283
embedding,24688,145.369
embedding,24704,145.347
embedding,24720,145.529
embedding,24736,145.785
embedding,24752,145.764
embedding,24768,145.944
embedding,24784,145.699
embedding,24800,146.105
embedding,24816,145.892
embedding,24832,146.435
embedding,24848,146.403
embedding,24864,146.499
embedding,24880,146.788
embedding,24896,146.627
embedding,24912,146.691
embedding,24928,147.055
embedding,24944,147.15
embedding,24960,147.044
embedding,24976,147.129
embedding,24992,147.204
embedding,25008,147.246
embedding,25024,147.374
embedding,25040,147.331
embedding,25056,147.566
embedding,25072,147.844
embedding,25088,147.94
embedding,25104,148.099
embedding,25120,147.609
embedding,25136,148.046
embedding,25152,148.249
embedding,25168,148.089
embedding,25184,148.227
embedding,25200,148.377
embedding,25216,148.569
embedding,25232,148.782
embedding,25248,148.708
embedding,25264,148.792
embedding,25280,148.942
embedding,25296,149.251
embedding,25312,149.124
embedding,25328,149.102
embedding,25344,149.283
embedding,25360,149.401
embedding,25376,149.539
embedding,25392,149.593
embedding,25408,149.785
embedding,25424,149.71
embedding,25440,149.987
embedding,25456,149.998
embedding,25472,150.147
embedding,25488,150.105
embedding,25504,150.051
embedding,25520,150.436
embedding,25536,150.2
embedding,25552,150.83
embedding,25568,150.831
embedding,25584,150.617
embedding,25600,150.724
embedding,25616,150.873
embedding,25632,150.894
embedding,25648,150.958
embedding,25664,151.246
embedding,25680,151.204
embedding,25696,151.289
embedding,25712,151.876
embedding,25728,151.513
embedding,25744,151.492
embedding,25760,151.823
embedding,25776,151.939
embedding,25792,152.046
embedding,25808,152.036
embedding,25824,151.983
embedding,25840,152.11
embedding,25856,152.249
embedding,25872,152.334
embedding,25888,152.334
embedding,25904,152.729
embedding,25920,152.729
embedding,25936,152.825
embedding,25952,152.697
embedding,25968,152.772
embedding,25984,152.952
embedding,26000,153.113
embedding,26016,153.123
embedding,26032,153.241
embedding,26048,153.358
embedding,26064,153.444
embedding,26080,153.55
embedding,26096,153.87
embedding,26112,153.571
embedding,26128,153.796
embedding,26144,153.913
embedding,26160,153.924
embedding,26176,154.019
embedding,26192,154.095
embedding,26208,154.404
embedding,26224,154.435
embedding,26240,154.553
embedding,26256,154.382
embedding,26272,154.723
embedding,26288,154.831
embedding,26304,154.735
embedding,26320,154.915
embedding,26336,155.129
embedding,26352,155.108
embedding,26368,155.022
embedding,26384,155.257
embedding,26400,155.439
embedding,26416,155.3
embedding,26432,155.641
embedding,26448,155.801
embedding,26464,155.63
embedding,26480,156.014
embedding,26496,156.024
embedding,26512,155.961
embedding,26528,156.131
embedding,26544,156.291
embedding,26560,156.291
embedding,26576,156.399
embedding,26592,156.633
embedding,26608,156.548
embedding,26624,156.825
embedding,26640,156.975
embedding,26656,156.825
embedding,26672,156.772
embedding,26688,157.198
embedding,26704,157.177
embedding,26720,157.081
embedding,26736,157.337
embedding,26752,157.646
embedding,26768,157.486
embedding,26784,157.828
embedding,26800,157.86
embedding,26816,158.105
embedding,26832,157.838
embedding,26848,158.051
embedding,26864,157.881
embedding,26880,158.532
embedding,26896,158.457
embedding,26912,158.702
embedding,26928,158.585
embedding,26944,158.905
embedding,26960,158.681
embedding,26976,158.489
embedding,26992,158.596
embedding,27008,158.777
embedding,27024,159.3
embedding,27040,159.385
embedding,27056,159.268
embedding,27072,159.193
embedding,27088,159.459
embedding,27104,159.353
embedding,27120,159.812
embedding,27136,159.588
embedding,27152,159.545
embedding,27168,159.918
embedding,27184,160.185
embedding,27200,160.121
embedding,27216,160.036
embedding,27232,160.132
embedding,27248,160.452
embedding,27264,160.665
embedding,27280,160.27
embedding,27296,160.494
embedding,27312,160.686
embedding,27328,160.772
embedding,27344,161.124
embedding,27360,160.889
embedding,27376,161.209
embedding,27392,161.134
embedding,27408,161.273
embedding,27424,161.22
embedding,27440,161.219
embedding,27456,161.689
embedding,27472,161.497
embedding,27488,161.721
embedding,27504,161.764
embedding,27520,161.924
embedding,27536,162.148
embedding,27552,161.913
embedding,27568,162.18
embedding,27584,162.052
embedding,27600,162.244
embedding,27616,162.531
embedding,27632,162.244
embedding,27648,162.574
embedding,27664,163.193
embedding,27680,162.244
embedding,27696,162.596
embedding,27712,162.543
embedding,27728,162.852
embedding,27744,162.649
embedding,27760,163.46
embedding,27776,163.3
embedding,27792,163.471
embedding,27808,163.406
embedding,27824,163.843
embedding,27840,163.492
embedding,27856,164.015
embedding,27872,163.961
embedding,27888,163.791
embedding,27904,164.143
embedding,27920,164.26
embedding,27936,164.174
embedding,27952,164.431
embedding,27968,164.132
embedding,27984,164.473
embedding,28000,164.612
embedding,28016,164.676
embedding,28032,164.975
embedding,28048,164.697
embedding,28064,165.102
embedding,28080,165.177
embedding,28096,164.996
embedding,28112,165.593
embedding,28128,165.21
embedding,28144,165.55
embedding,28160,165.625
embedding,28176,165.828
embedding,28192,165.891
embedding,28208,165.934
embedding,28224,165.935
embedding,28240,166.18
embedding,28256,166.073
embedding,28272,166.095
embedding,28288,166.212
embedding,28304,166.617
embedding,28320,166.361
embedding,28336,166.436
embedding,28352,166.713
embedding,28368,166.991
embedding,28384,166.884
embedding,28400,167.001
embedding,28416,167.257
embedding,28432,167.449
embedding,28448,167.15
embedding,28464,167.257
embedding,28480,167.503
embedding,28496,167.887
embedding,28512,167.812
embedding,28528,167.961
embedding,28544,168.014
embedding,28560,168.079
embedding,28576,168.004
embedding,28592,168.068
embedding,28608,168.313
embedding,28624,168.142
embedding,28640,168.793
embedding,28656,168.409
embedding,28672,169.092
embedding,28688,168.58
embedding,28704,168.068
embedding,28720,168.143
embedding,28736,168.153
embedding,28752,168.506
embedding,28768,168.761
embedding,28784,169.071
embedding,28800,169.113
embedding,28816,169.401
embedding,28832,169.466
embedding,28848,169.625
embedding,28864,169.668
embedding,28880,169.828
embedding,28896,169.785
embedding,28912,169.924
embedding,28928,170.116
embedding,28944,170.393
embedding,28960,170.223
embedding,28976,170.052
embedding,28992,170.499
embedding,29008,170.361
embedding,29024,170.489
embedding,29040,170.905
embedding,29056,170.959
embedding,29072,170.703
embedding,29088,171.108
embedding,29104,171.385
embedding,29120,171.204
embedding,29136,171.3
embedding,29152,171.247
embedding,29168,171.492
embedding,29184,171.503
embedding,29200,171.492
embedding,29216,171.62
embedding,29232,171.844
embedding,29248,171.94
embedding,29264,171.972
embedding,29280,172.484
embedding,29296,172.1
embedding,29312,172.601
embedding,29328,172.313
embedding,29344,172.409
embedding,29360,172.431
embedding,29376,172.623
embedding,29392,172.697
embedding,29408,172.687
embedding,29424,172.9
embedding,29440,173.092
embedding,29456,173.284
embedding,29472,173.38
embedding,29488,173.401
embedding,29504,173.316
embedding,29520,173.913
embedding,29536,173.412
embedding,29552,173.689
embedding,29568,173.657
embedding,29584,173.679
embedding,29600,173.839
embedding,29616,173.988
embedding,29632,174.191
embedding,29648,174.393
embedding,29664,174.404
embedding,29680,174.233
embedding,29696,174.319
embedding,29712,174.671
embedding,29728,174.841
embedding,29744,174.681
embedding,29760,174.852
embedding,29776,174.841
embedding,29792,175.001
embedding,29808,174.969
embedding,29824,175.033
embedding,29840,175.321
embedding,29856,175.535
embedding,29872,175.535
embedding,29888,175.759
embedding,29904,175.919
embedding,29920,175.929
embedding,29936,175.94
embedding,29952,175.962
embedding,29968,176.047
embedding,29984,176.121
embedding,30000,176.217
embedding,30016,176.271
embedding,30032,176.324
embedding,30048,176.527
embedding,30064,176.527
embedding,30080,176.761
embedding,30096,176.783
embedding,30112,176.847
embedding,30128,177.006
embedding,30144,177.017
embedding,30160,177.241
embedding,30176,177.487
embedding,30192,177.626
embedding,30208,177.209
embedding,30224,177.487
embedding,30240,177.54
embedding,30256,177.668
embedding,30272,177.775
embedding,30288,178.009
embedding,30304,178.052
embedding,30320,178.031
embedding,30336,178.18
embedding,30352,178.34
embedding,30368,178.404
embedding,30384,178.415
embedding,30400,178.489
embedding,30416,178.799
embedding,30432,178.489
embedding,30448,178.703
embedding,30464,178.959
embedding,30480,179.097
embedding,30496,178.98
embedding,30512,178.863
embedding,30528,179.353
embedding,30544,179.471
embedding,30560,179.023
embedding,30576,179.439
embedding,30592,179.737
embedding,30608,179.705
embedding,30624,179.578
embedding,30640,179.759
embedding,30656,179.748
embedding,30672,179.823
embedding,30688,179.972
embedding,30704,180.25
embedding,30720,180.089
embedding,30736,180.132
embedding,30752,179.759
embedding,30768,180.281
embedding,30784,180.132
embedding,30800,180.239
embedding,30816,181.061
embedding,30832,181.252
embedding,30848,180.751
embedding,30864,180.965
embedding,30880,181.028
embedding,30896,181.124
embedding,30912,181.679
embedding,30928,181.113
embedding,30944,181.401
embedding,30960,181.562
embedding,30976,181.903
embedding,30992,181.892
embedding,31008,182.02
embedding,31024,182.255
embedding,31040,182.34
embedding,31056,182.17
embedding,31072,181.892
embedding,31088,182.116
embedding,31104,182.265
embedding,31120,182.33
embedding,31136,182.49
embedding,31152,182.468
embedding,31168,182.66
embedding,31184,183.3
embedding,31200,182.778
embedding,31216,183.087
embedding,31232,182.948
embedding,31248,182.948
embedding,31264,183.151
embedding,31280,183.14
embedding,31296,183.428
embedding,31312,183.396
embedding,31328,183.396
embedding,31344,183.599
embedding,31360,183.994
embedding,31376,184.068
embedding,31392,183.834
embedding,31408,183.897
embedding,31424,183.972
embedding,31440,184.122
embedding,31456,184.197
embedding,31472,184.911
embedding,31488,184.548
embedding,31504,184.399
embedding,31520,184.633
embedding,31536,184.74
embedding,31552,184.687
embedding,31568,184.666
embedding,31584,184.912
embedding,31600,185.028
embedding,31616,184.868
embedding,31632,185.241
embedding,31648,185.305
embedding,31664,186.116
embedding,31680,185.604
embedding,31696,185.913
embedding,31712,185.636
embedding,31728,185.711
embedding,31744,185.988
embedding,31760,185.871
embedding,31776,185.625
embedding,31792,185.988
embedding,31808,185.903
embedding,31824,186.031
embedding,31840,185.978
embedding,31856,186.756
embedding,31872,186.565
embedding,31888,186.447
embedding,31904,186.916
embedding,31920,186.725
embedding,31936,186.82
embedding,31952,186.874
embedding,31968,186.906
embedding,31984,187.151
embedding,32000,187.141
embedding,32016,187.642
embedding,32032,187.492
embedding,32048,187.461
embedding,32064,187.429
embedding,32080,187.556
embedding,32096,187.844
embedding,32112,188.644
embedding,32128,188.975
embedding,32144,188.068
embedding,32160,188.228
embedding,32176,188.303
embedding,32192,188.452
embedding,32208,188.271
embedding,32224,188.282
embedding,32240,188.207
embedding,32256,189.135
embedding,32272,188.879
embedding,32288,188.858
embedding,32304,188.73
embedding,32320,189.017
embedding,32336,189.584
embedding,32352,189.05
embedding,32368,188.964
embedding,32384,189.444
embedding,32400,189.295
embedding,32416,189.508
embedding,32432,189.54
embedding,32448,189.732
embedding,32464,189.69
embedding,32480,189.85
embedding,32496,190.138
embedding,32512,190.479
embedding,32528,190.096
embedding,32544,190.287
embedding,32560,190.277
embedding,32576,190.575
embedding,32592,190.522
embedding,32608,190.447
embedding,32624,190.522
embedding,32640,190.757
embedding,32656,190.949
embedding,32672,191.29
embedding,32688,190.852
embedding,32704,191.13
embedding,32720,191.417
embedding,32736,191.482
embedding,32752,191.61
embedding,32768,191.525
final_layernorm,1,2.82633
final_layernorm,2,2.816
final_layernorm,3,2.82667
final_layernorm,4,2.84833
final_layernorm,5,2.848
final_layernorm,6,2.86933
final_layernorm,7,2.848
final_layernorm,8,2.89067
final_layernorm,9,2.89067
final_layernorm,10,2.923
final_layernorm,11,2.912
final_layernorm,12,2.95467
final_layernorm,13,2.93367
final_layernorm,14,2.944
final_layernorm,15,2.96533
final_layernorm,16,2.976
final_layernorm,20,2.99733
final_layernorm,24,3.051
final_layernorm,28,3.126
final_layernorm,32,3.168
final_layernorm,36,3.17867
final_layernorm,40,3.2
final_layernorm,44,3.25333
final_layernorm,48,3.33867
final_layernorm,52,3.40267
final_layernorm,56,3.42367
final_layernorm,60,3.488
final_layernorm,64,3.57333
final_layernorm,80,4.61867
final_layernorm,96,4.88567
final_layernorm,112,4.97033
final_layernorm,128,4.91733
final_layernorm,144,5.984
final_layernorm,160,6.21867
final_layernorm,176,6.293
final_layernorm,192,6.443
final_layernorm,208,7.573
final_layernorm,224,7.56267
final_layernorm,240,7.68
final_layernorm,256,4.61867
final_layernorm,272,4.69333
final_layernorm,288,5.20533
final_layernorm,304,5.30133
final_layernorm,320,5.80233
final_layernorm,336,5.78167
final_layernorm,352,5.81333
final_layernorm,368,5.995
final_layernorm,384,5.99433
final_layernorm,400,6.25067
final_layernorm,416,7.637
final_layernorm,432,8.04233
final_layernorm,448,8.43767
final_layernorm,464,8.8
final_layernorm,480,9.07733
final_layernorm,496,8.72533
final_layernorm,512,9.24833
final_layernorm,528,11.3703
final_layernorm,544,11.851
final_layernorm,560,12.3093
final_layernorm,576,12.5543
final_layernorm,592,11.1897
final_layernorm,608,11.7123
final_layernorm,624,12.1283
final_layernorm,640,10.6133
final_layernorm,656,14.4537
final_layernorm,672,14.2293
final_layernorm,688,14.816
final_layernorm,704,15.2533
final_layernorm,720,15.8613
final_layernorm,736,16.064
final_layernorm,752,16.416
final_layernorm,768,16.8853
final_layernorm,784,17.28
final_layernorm,800,17.6643
final_layernorm,816,18.208
final_layernorm,832,18.848
final_layernorm,848,19.3177
final_layernorm,864,19.7017
final_layernorm,880,20.1393
final_layernorm,896,20.9707
final_layernorm,912,20.3417
final_layernorm,928,20.6827
final_layernorm,944,21.376
final_layernorm,960,21.5893
final_layernorm,976,22.411
final_layernorm,992,23.0507
final_layernorm,1008,23.243
final_layernorm,1024,23.9573
final_layernorm,1040,24.1817
final_layernorm,1056,24.0643
final_layernorm,1072,25.099
final_layernorm,1088,24.8
final_layernorm,1104,25.5043
final_layernorm,1120,25.3547
final_layernorm,1136,26.0803
final_layernorm,1152,26.667
final_layernorm,1168,26.8163
final_layernorm,1184,27.275
final_layernorm,1200,27.072
final_layernorm,1216,28.0223
final_layernorm,1232,28.7153
final_layernorm,1248,29.1733
final_layernorm,1264,29.4723
final_layernorm,1280,29.6747
final_layernorm,1296,30.5387
final_layernorm,1312,30.6883
final_layernorm,1328,31.2007
final_layernorm,1344,32.3413
final_layernorm,1360,32.4377
final_layernorm,1376,33.1733
final_layernorm,1392,33.2803
final_layernorm,1408,33.611
final_layernorm,1424,33.9953
final_layernorm,1440,34.4533
final_layernorm,1456,34.944
final_layernorm,1472,35.6377
final_layernorm,1488,36.1177
final_layernorm,1504,36.8003
final_layernorm,1520,36.9713
final_layernorm,1536,37.643
final_layernorm,1552,38.0267
final_layernorm,1568,38.7947
final_layernorm,1584,38.9443
final_layernorm,1600,39.2533
final_layernorm,1616,39.7127
final_layernorm,1632,40.0537
final_layernorm,1648,40.5443
final_layernorm,1664,40.9713
final_layernorm,1680,41.6863
final_layernorm,1696,41.9953
final_layernorm,1712,42.667
final_layernorm,1728,43.105
final_layernorm,1744,43.4987
final_layernorm,1760,44.2567
final_layernorm,1776,44.3413
final_layernorm,1792,44.726
final_layernorm,1808,44.896
final_layernorm,1824,45.6537
final_layernorm,1840,45.9413
final_layernorm,1856,46.9017
final_layernorm,1872,46.6243
final_layernorm,1888,47.0083
final_layernorm,1904,47.7443
final_layernorm,1920,47.638
final_layernorm,1936,49.1313
final_layernorm,1952,48.5547
final_layernorm,1968,48.769
final_layernorm,1984,49.387
final_layernorm,2000,49.7177
final_layernorm,2016,50.0697
final_layernorm,2032,50.176
final_layernorm,2048,50.8483
final_layernorm,2064,51.489
final_layernorm,2080,51.8513
final_layernorm,2096,51.8407
final_layernorm,2112,52.587
final_layernorm,2128,52.747
final_layernorm,2144,52.9283
final_layernorm,2160,53.8243
final_layernorm,2176,54.315
final_layernorm,2192,51.211
final_layernorm,2208,51.5527
final_layernorm,2224,51.9793
final_layernorm,2240,52.6083
final_layernorm,2256,53.0457
final_layernorm,2272,53.6643
final_layernorm,2288,53.974
final_layernorm,2304,54.881
final_layernorm,2320,54.8487
final_layernorm,2336,55.094
final_layernorm,2352,55.5633
final_layernorm,2368,56.011
final_layernorm,2384,56.5553
final_layernorm,2400,57.035
final_layernorm,2416,57.131
final_layernorm,2432,58.0057
final_layernorm,2448,58.2833
final_layernorm,2464,58.4323
final_layernorm,2480,58.742
final_layernorm,2496,59.4677
final_layernorm,2512,60.5447
final_layernorm,2528,60.3523
final_layernorm,2544,60.8963
final_layernorm,2560,61.3763
final_layernorm,2576,61.985
final_layernorm,2592,62.294
final_layernorm,2608,62.8917
final_layernorm,2624,63.1577
final_layernorm,2640,63.6913
final_layernorm,2656,64.438
final_layernorm,2672,64.79
final_layernorm,2688,65.6433
final_layernorm,2704,65.8993
final_layernorm,2720,66.6143
final_layernorm,2736,66.3363
final_layernorm,2752,67.3393
final_layernorm,2768,67.4783
final_layernorm,2784,68.2783
final_layernorm,2800,68.6513
final_layernorm,2816,69.0997
final_layernorm,2832,69.3127
final_layernorm,2848,69.9523
final_layernorm,2864,70.2513
final_layernorm,2880,70.8273
final_layernorm,2896,71.35
final_layernorm,2912,71.6597
final_layernorm,2928,71.606
final_layernorm,2944,71.5847
final_layernorm,2960,72.5013
final_layernorm,2976,73.1317
final_layernorm,2992,73.483
final_layernorm,3008,73.8673
final_layernorm,3024,74.3587
final_layernorm,3040,74.5077
final_layernorm,3056,74.977
final_layernorm,3072,75.094
final_layernorm,3088,75.8943
final_layernorm,3104,76.225
final_layernorm,3120,76.332
final_layernorm,3136,77.1317
final_layernorm,3152,77.1103
final_layernorm,3168,77.7393
final_layernorm,3184,77.793
final_layernorm,3200,78.2297
final_layernorm,3216,75.4247
final_layernorm,3232,76.2033
final_layernorm,3248,76.4807
final_layernorm,3264,77.1527
final_layernorm,3280,77.153
final_layernorm,3296,77.8677
final_layernorm,3312,78.038
final_layernorm,3328,78.6997
final_layernorm,3344,78.657
final_layernorm,3360,79.3823
final_layernorm,3376,79.905
final_layernorm,3392,80.2997
final_layernorm,3408,80.7157
final_layernorm,3424,81.761
final_layernorm,3440,81.1847
final_layernorm,3456,81.8463
final_layernorm,3472,82.305
final_layernorm,3488,82.7527
final_layernorm,3504,83.233
final_layernorm,3520,83.7557
final_layernorm,3536,84.1393
final_layernorm,3552,84.641
final_layernorm,3568,85.2167
final_layernorm,3584,85.8357
final_layernorm,3600,85.8887
final_layernorm,3616,86.5077
final_layernorm,3632,86.774
final_layernorm,3648,87.5743
final_layernorm,3664,87.9157
final_layernorm,3680,88.2887
final_layernorm,3696,89.1423
final_layernorm,3712,89.4303
final_layernorm,3728,89.729
final_layernorm,3744,90.1667
final_layernorm,3760,90.7103
final_layernorm,3776,91.5317
final_layernorm,3792,92.0543
final_layernorm,3808,92.396
final_layernorm,3824,93.0997
final_layernorm,3840,92.9183
final_layernorm,3856,93.74
final_layernorm,3872,94.284
final_layernorm,3888,94.241
final_layernorm,3904,94.5933
final_layernorm,3920,95.2013
final_layernorm,3936,95.9793
final_layernorm,3952,95.9583
final_layernorm,3968,96.513
final_layernorm,3984,96.9077
final_layernorm,4000,97.185
final_layernorm,4016,98.252
final_layernorm,4032,98.3047
final_layernorm,4048,98.8703
final_layernorm,4064,98.881
final_layernorm,4080,99.6703
final_layernorm,4096,99.3717
final_layernorm,4112,99.9157
final_layernorm,4128,100.587
final_layernorm,4144,100.907
final_layernorm,4160,101.068
final_layernorm,4176,101.452
final_layernorm,4192,101.718
final_layernorm,4208,102.476
final_layernorm,4224,102.54
final_layernorm,4240,103.394
final_layernorm,4256,103.841
final_layernorm,4272,103.862
final_layernorm,4288,104.14
final_layernorm,4304,104.876
final_layernorm,4320,105.249
final_layernorm,4336,105.687
final_layernorm,4352,105.719
final_layernorm,4368,103.468
final_layernorm,4384,103.724
final_layernorm,4400,104.481
final_layernorm,4416,104.609
final_layernorm,4432,105.26
final_layernorm,4448,105.847
final_layernorm,4464,106.37
final_layernorm,4480,106.444
final_layernorm,4496,106.7
final_layernorm,4512,107.51
final_layernorm,4528,107.286
final_layernorm,4544,108.151
final_layernorm,4560,108.385
final_layernorm,4576,108.524
final_layernorm,4592,109.516
final_layernorm,4608,109.644
final_layernorm,4624,110.306
final_layernorm,4640,110.807
final_layernorm,4656,111.201
final_layernorm,4672,111.735
final_layernorm,4688,112.129
final_layernorm,4704,112.204
final_layernorm,4720,113.153
final_layernorm,4736,113.314
final_layernorm,4752,114.017
final_layernorm,4768,114.519
final_layernorm,4784,114.636
final_layernorm,4800,115.574
final_layernorm,4816,115.511
final_layernorm,4832,116.129
final_layernorm,4848,116.684
final_layernorm,4864,116.983
final_layernorm,4880,117.452
final_layernorm,4896,118.263
final_layernorm,4912,118.327
final_layernorm,4928,119.34
final_layernorm,4944,119.745
final_layernorm,4960,120.215
final_layernorm,4976,120.492
final_layernorm,4992,120.897
final_layernorm,5008,121.516
final_layernorm,5024,122.103
final_layernorm,5040,121.804
final_layernorm,5056,122.305
final_layernorm,5072,123.105
final_layernorm,5088,123.223
final_layernorm,5104,123.148
final_layernorm,5120,124.097
final_layernorm,5136,124.908
final_layernorm,5152,124.717
final_layernorm,5168,125.175
final_layernorm,5184,125.858
final_layernorm,5200,126.071
final_layernorm,5216,126.199
final_layernorm,5232,126.423
final_layernorm,5248,127.351
final_layernorm,5264,127.756
final_layernorm,5280,128.397
final_layernorm,5296,128.161
final_layernorm,5312,129.249
final_layernorm,5328,129.228
final_layernorm,5344,129.261
final_layernorm,5360,129.964
final_layernorm,5376,130.775
final_layernorm,5392,127.809
final_layernorm,5408,128.129
final_layernorm,5424,128.844
final_layernorm,5440,128.844
final_layernorm,5456,129.388
final_layernorm,5472,129.526
final_layernorm,5488,130.295
final_layernorm,5504,130.434
final_layernorm,5520,130.892
final_layernorm,5536,131.426
final_layernorm,5552,132.055
final_layernorm,5568,132.353
final_layernorm,5584,132.609
final_layernorm,5600,133.218
final_layernorm,5616,133.453
final_layernorm,5632,134.274
final_layernorm,5648,134.551
final_layernorm,5664,135.169
final_layernorm,5680,135.831
final_layernorm,5696,135.201
final_layernorm,5712,136.194
final_layernorm,5728,136.3
final_layernorm,5744,136.322
final_layernorm,5760,137.346
final_layernorm,5776,138.082
final_layernorm,5792,138.231
final_layernorm,5808,138.636
final_layernorm,5824,139.212
final_layernorm,5840,140.162
final_layernorm,5856,141.058
final_layernorm,5872,141.154
final_layernorm,5888,141.111
final_layernorm,5904,142.284
final_layernorm,5920,141.677
final_layernorm,5936,142.936
final_layernorm,5952,143.533
final_layernorm,5968,143.831
final_layernorm,5984,144.461
final_layernorm,6000,144.62
final_layernorm,6016,145.303
final_layernorm,6032,145.634
final_layernorm,6048,145.687
final_layernorm,6064,146.071
final_layernorm,6080,147.148
final_layernorm,6096,147.351
final_layernorm,6112,147.82
final_layernorm,6128,147.543
final_layernorm,6144,148.375
final_layernorm,6160,149.399
final_layernorm,6176,149.218
final_layernorm,6192,149.772
final_layernorm,6208,149.506
final_layernorm,6224,150.359
final_layernorm,6240,150.519
final_layernorm,6256,151.202
final_layernorm,6272,151.682
final_layernorm,6288,151.618
final_layernorm,6304,152.183
final_layernorm,6320,152.674
final_layernorm,6336,153.229
final_layernorm,6352,153.784
final_layernorm,6368,153.997
final_layernorm,6384,154.263
final_layernorm,6400,154.498
final_layernorm,6416,154.679
final_layernorm,6432,155.501
final_layernorm,6448,155.991
final_layernorm,6464,156.663
final_layernorm,6480,156.77
final_layernorm,6496,157.613
final_layernorm,6512,157.282
final_layernorm,6528,158.018
final_layernorm,6544,155.224
final_layernorm,6560,155.618
final_layernorm,6576,156.301
final_layernorm,6592,156.365
final_layernorm,6608,157.495
final_layernorm,6624,157.325
final_layernorm,6640,157.335
final_layernorm,6656,158.125
final_layernorm,6672,158.925
final_layernorm,6688,159.213
final_layernorm,6704,159.394
final_layernorm,6720,160.045
final_layernorm,6736,160.29
final_layernorm,6752,160.792
final_layernorm,6768,161.666
final_layernorm,6784,161.527
final_layernorm,6800,162.242
final_layernorm,6816,162.936
final_layernorm,6832,162.893
final_layernorm,6848,163.405
final_layernorm,6864,163.501
final_layernorm,6880,164.419
final_layernorm,6896,165.176
final_layernorm,6912,165.122
final_layernorm,6928,165.527
final_layernorm,6944,166.157
final_layernorm,6960,167.138
final_layernorm,6976,166.776
final_layernorm,6992,167.502
final_layernorm,7008,167.736
final_layernorm,7024,168.162
final_layernorm,7040,169.154
final_layernorm,7056,169.805
final_layernorm,7072,170.306
final_layernorm,7088,170.733
final_layernorm,7104,171.213
final_layernorm,7120,171.501
final_layernorm,7136,171.651
final_layernorm,7152,172.312
final_layernorm,7168,173.069
final_layernorm,7184,172.6
final_layernorm,7200,173.709
final_layernorm,7216,174.114
final_layernorm,7232,175.085
final_layernorm,7248,174.701
final_layernorm,7264,175.267
final_layernorm,7280,175.459
final_layernorm,7296,175.746
final_layernorm,7312,176.419
final_layernorm,7328,177.496
final_layernorm,7344,177.368
final_layernorm,7360,177.058
final_layernorm,7376,178.221
final_layernorm,7392,178.605
final_layernorm,7408,178.359
final_layernorm,7424,179.182
final_layernorm,7440,179.821
final_layernorm,7456,180.173
final_layernorm,7472,180.056
final_layernorm,7488,180.589
final_layernorm,7504,180.877
final_layernorm,7520,180.845
final_layernorm,7536,181.581
final_layernorm,7552,182.264
final_layernorm,7568,179.287
final_layernorm,7584,179.469
final_layernorm,7600,180.184
final_layernorm,7616,180.483
final_layernorm,7632,180.483
final_layernorm,7648,181.175
final_layernorm,7664,181.827
final_layernorm,7680,182.104
final_layernorm,7696,182.605
final_layernorm,7712,183.138
final_layernorm,7728,183.31
final_layernorm,7744,183.875
final_layernorm,7760,184.557
final_layernorm,7776,185.613
final_layernorm,7792,184.952
final_layernorm,7808,186.083
final_layernorm,7824,186.51
final_layernorm,7840,186.573
final_layernorm,7856,186.701
final_layernorm,7872,187.298
final_layernorm,7888,187.533
final_layernorm,7904,187.928
final_layernorm,7920,188.365
final_layernorm,7936,189.101
final_layernorm,7952,190.04
final_layernorm,7968,190.584
final_layernorm,7984,190.541
final_layernorm,8000,191.182
final_layernorm,8016,191.246
final_layernorm,8032,191.95
final_layernorm,8048,192.067
final_layernorm,8064,192.803
final_layernorm,8080,193.208
final_layernorm,8096,193.795
final_layernorm,8112,194.029
final_layernorm,8128,194.968
final_layernorm,8144,195.16
final_layernorm,8160,196.237
final_layernorm,8176,196.163
final_layernorm,8192,196.43
final_layernorm,8208,196.707
final_layernorm,8224,197.582
final_layernorm,8240,198.275
final_layernorm,8256,198.403
final_layernorm,8272,198.926
final_layernorm,8288,199.469
final_layernorm,8304,199.587
final_layernorm,8320,200.163
final_layernorm,8336,200.238
final_layernorm,8352,200.59
final_layernorm,8368,201.177
final_layernorm,8384,200.942
final_layernorm,8400,202.36
final_layernorm,8416,202.168
final_layernorm,8432,202.649
final_layernorm,8448,202.819
final_layernorm,8464,203.342
final_layernorm,8480,203.747
final_layernorm,8496,204.408
final_layernorm,8512,204.632
final_layernorm,8528,205.731
final_layernorm,8544,204.941
final_layernorm,8560,205.859
final_layernorm,8576,206.019
final_layernorm,8592,207.161
final_layernorm,8608,206.979
final_layernorm,8624,207.171
final_layernorm,8640,208.259
final_layernorm,8656,208.089
final_layernorm,8672,208.452
final_layernorm,8688,208.611
final_layernorm,8704,209.059
final_layernorm,8720,206.627
final_layernorm,8736,206.702
final_layernorm,8752,207.032
final_layernorm,8768,207.811
final_layernorm,8784,208.035
final_layernorm,8800,208.11
final_layernorm,8816,209.102
final_layernorm,8832,209.358
final_layernorm,8848,209.977
final_layernorm,8864,210.286
final_layernorm,8880,210.798
final_layernorm,8896,211.288
final_layernorm,8912,211.076
final_layernorm,8928,211.918
final_layernorm,8944,212.878
final_layernorm,8960,213.145
final_layernorm,8976,214.051
final_layernorm,8992,213.987
final_layernorm,9008,214.126
final_layernorm,9024,214.404
final_layernorm,9040,215.374
final_layernorm,9056,215.512
final_layernorm,9072,216.164
final_layernorm,9088,216.644
final_layernorm,9104,217.017
final_layernorm,9120,217.55
final_layernorm,9136,217.592
final_layernorm,9152,218.851
final_layernorm,9168,219.182
final_layernorm,9184,220.068
final_layernorm,9200,221.038
final_layernorm,9216,220.302
final_layernorm,9232,221.433
final_layernorm,9248,221.08
final_layernorm,9264,222.51
final_layernorm,9280,222.553
final_layernorm,9296,223.065
final_layernorm,9312,223.929
final_layernorm,9328,223.481
final_layernorm,9344,224.622
final_layernorm,9360,224.75
final_layernorm,9376,225.134
final_layernorm,9392,225.902
final_layernorm,9408,225.475
final_layernorm,9424,226.255
final_layernorm,9440,226.894
final_layernorm,9456,227.214
final_layernorm,9472,227.31
final_layernorm,9488,227.929
final_layernorm,9504,228.536
final_layernorm,9520,228.708
final_layernorm,9536,228.622
final_layernorm,9552,229.486
final_layernorm,9568,230.041
final_layernorm,9584,229.667
final_layernorm,9600,230.99
final_layernorm,9616,229.945
final_layernorm,9632,231.758
final_layernorm,9648,231.79
final_layernorm,9664,232.345
final_layernorm,9680,232.761
final_layernorm,9696,232.783
final_layernorm,9712,233.667
final_layernorm,9728,233.316
final_layernorm,9744,230.617
final_layernorm,9760,231.417
final_layernorm,9776,231.812
final_layernorm,9792,231.993
final_layernorm,9808,232.686
final_layernorm,9824,233.54
final_layernorm,9840,233.871
final_layernorm,9856,234.446
final_layernorm,9872,234.137
final_layernorm,9888,234.457
final_layernorm,9904,235.726
final_layernorm,9920,235.087
final_layernorm,9936,235.897
final_layernorm,9952,236.398
final_layernorm,9968,237.284
final_layernorm,9984,237.326
final_layernorm,10000,238.041
final_layernorm,10016,238.383
final_layernorm,10032,238.543
final_layernorm,10048,239.15
final_layernorm,10064,239.876
final_layernorm,10080,239.833
final_layernorm,10096,239.897
final_layernorm,10112,240.452
final_layernorm,10128,240.74
final_layernorm,10144,241.667
final_layernorm,10160,242.244
final_layernorm,10176,242.692
final_layernorm,10192,242.916
final_layernorm,10208,243.727
final_layernorm,10224,244.121
final_layernorm,10240,244.74
final_layernorm,10256,244.761
final_layernorm,10272,245.625
final_layernorm,10288,246.404
final_layernorm,10304,246.34
final_layernorm,10320,247.3
final_layernorm,10336,247.738
final_layernorm,10352,247.791
final_layernorm,10368,248.26
final_layernorm,10384,249.113
final_layernorm,10400,249.86
final_layernorm,10416,249.754
final_layernorm,10432,250.223
final_layernorm,10448,250.628
final_layernorm,10464,250.895
final_layernorm,10480,251.268
final_layernorm,10496,251.727
final_layernorm,10512,252.303
final_layernorm,10528,252.367
final_layernorm,10544,252.9
final_layernorm,10560,253.348
final_layernorm,10576,253.882
final_layernorm,10592,254.106
final_layernorm,10608,254.01
final_layernorm,10624,255.066
final_layernorm,10640,255.311
final_layernorm,10656,256.004
final_layernorm,10672,256.004
final_layernorm,10688,256.772
final_layernorm,10704,256.484
final_layernorm,10720,257.241
final_layernorm,10736,257.797
final_layernorm,10752,257.817
final_layernorm,10768,258.341
final_layernorm,10784,259.066
final_layernorm,10800,259.237
final_layernorm,10816,259.354
final_layernorm,10832,259.983
final_layernorm,10848,260.836
final_layernorm,10864,260.943
final_layernorm,10880,261.519
final_layernorm,10896,257.625
final_layernorm,10912,258.618
final_layernorm,10928,259.418
final_layernorm,10944,259.685
final_layernorm,10960,260.005
final_layernorm,10976,260.122
final_layernorm,10992,261.05
final_layernorm,11008,261.807
final_layernorm,11024,262.149
final_layernorm,11040,262.415
final_layernorm,11056,262.17
final_layernorm,11072,263.151
final_layernorm,11088,263.397
final_layernorm,11104,263.674
final_layernorm,11120,264.591
final_layernorm,11136,264.495
final_layernorm,11152,265.711
final_layernorm,11168,266.266
final_layernorm,11184,266.5
final_layernorm,11200,266.937
final_layernorm,11216,266.724
final_layernorm,11232,267.951
final_layernorm,11248,268.218
final_layernorm,11264,268.719
final_layernorm,11280,269.456
final_layernorm,11296,269.68
final_layernorm,11312,270.127
final_layernorm,11328,271.056
final_layernorm,11344,270.938
final_layernorm,11360,271.749
final_layernorm,11376,272.538
final_layernorm,11392,273.54
final_layernorm,11408,273.019
final_layernorm,11424,272.954
final_layernorm,11440,274.48
final_layernorm,11456,275.088
final_layernorm,11472,274.64
final_layernorm,11488,275.152
final_layernorm,11504,276.528
final_layernorm,11520,276.282
final_layernorm,11536,277.072
final_layernorm,11552,277.285
final_layernorm,11568,277.135
final_layernorm,11584,277.701
final_layernorm,11600,277.808
final_layernorm,11616,279.429
final_layernorm,11632,278.864
final_layernorm,11648,279.248
final_layernorm,11664,279.301
final_layernorm,11680,279.867
final_layernorm,11696,280.175
final_layernorm,11712,280.794
final_layernorm,11728,281.584
final_layernorm,11744,280.976
final_layernorm,11760,282.053
final_layernorm,11776,282.384
final_layernorm,11792,282.139
final_layernorm,11808,283.184
final_layernorm,11824,283.717
final_layernorm,11840,283.984
final_layernorm,11856,284.496
final_layernorm,11872,284.731
final_layernorm,11888,285.168
final_layernorm,11904,286.245
final_layernorm,11920,282.128
final_layernorm,11936,283.066
final_layernorm,11952,283.738
final_layernorm,11968,284.314
final_layernorm,11984,284.826
final_layernorm,12000,284.73
final_layernorm,12016,285.456
final_layernorm,12032,285.893
final_layernorm,12048,285.413
final_layernorm,12064,286.341
final_layernorm,12080,287.12
final_layernorm,12096,287.312
final_layernorm,12112,287.771
final_layernorm,12128,288.752
final_layernorm,12144,289.2
final_layernorm,12160,289.243
final_layernorm,12176,289.648
final_layernorm,12192,290.086
final_layernorm,12208,290.725
final_layernorm,12224,290.896
final_layernorm,12240,290.896
final_layernorm,12256,291.13
final_layernorm,12272,292.486
final_layernorm,12288,291.931
final_layernorm,12304,293.19
final_layernorm,12320,293.296
final_layernorm,12336,294.097
final_layernorm,12352,294.288
final_layernorm,12368,295.44
final_layernorm,12384,295.568
final_layernorm,12400,295.877
final_layernorm,12416,296.507
final_layernorm,12432,296.358
final_layernorm,12448,297.819
final_layernorm,12464,297.702
final_layernorm,12480,298.33
final_layernorm,12496,298.822
final_layernorm,12512,300.678
final_layernorm,12528,300.08
final_layernorm,12544,300.486
final_layernorm,12560,300.763
final_layernorm,12576,301.073
final_layernorm,12592,301.627
final_layernorm,12608,302.513
final_layernorm,12624,302.289
final_layernorm,12640,302.811
final_layernorm,12656,302.907
final_layernorm,12672,303.899
final_layernorm,12688,304.326
final_layernorm,12704,304.721
final_layernorm,12720,304.23
final_layernorm,12736,305.499
final_layernorm,12752,305.755
final_layernorm,12768,305.713
final_layernorm,12784,306.427
final_layernorm,12800,306.395
final_layernorm,12816,306.811
final_layernorm,12832,307.547
final_layernorm,12848,308.038
final_layernorm,12864,308.518
final_layernorm,12880,308.454
final_layernorm,12896,309.553
final_layernorm,12912,309.318
final_layernorm,12928,310.033
final_layernorm,12944,310.918
final_layernorm,12960,310.886
final_layernorm,12976,311.057
final_layernorm,12992,311.035
final_layernorm,13008,311.654
final_layernorm,13024,311.611
final_layernorm,13040,312.112
final_layernorm,13056,314.171
final_layernorm,13072,310.662
final_layernorm,13088,310.299
final_layernorm,13104,311.398
final_layernorm,13120,311.782
final_layernorm,13136,311.761
final_layernorm,13152,312.049
final_layernorm,13168,312.785
final_layernorm,13184,312.966
final_layernorm,13200,313.83
final_layernorm,13216,314.342
final_layernorm,13232,314.673
final_layernorm,13248,315.259
final_layernorm,13264,315.153
final_layernorm,13280,316.518
final_layernorm,13296,316.625
final_layernorm,13312,316.283
final_layernorm,13328,317.595
final_layernorm,13344,317.745
final_layernorm,13360,317.574
final_layernorm,13376,318.353
final_layernorm,13392,319.185
final_layernorm,13408,319.718
final_layernorm,13424,320.219
final_layernorm,13440,320.262
final_layernorm,13456,321.073
final_layernorm,13472,321.233
final_layernorm,13488,322.396
final_layernorm,13504,322.694
final_layernorm,13520,322.62
final_layernorm,13536,323.729
final_layernorm,13552,323.761
final_layernorm,13568,324.412
final_layernorm,13584,324.603
final_layernorm,13600,325.339
final_layernorm,13616,325.531
final_layernorm,13632,325.841
final_layernorm,13648,327.473
final_layernorm,13664,327.292
final_layernorm,13680,327.771
final_layernorm,13696,327.931
final_layernorm,13712,328.22
final_layernorm,13728,329.948
final_layernorm,13744,329.35
final_layernorm,13760,329.692
final_layernorm,13776,330.129
final_layernorm,13792,329.98
final_layernorm,13808,331.121
final_layernorm,13824,331.196
final_layernorm,13840,332.007
final_layernorm,13856,331.644
final_layernorm,13872,332.231
final_layernorm,13888,332.626
final_layernorm,13904,333.074
final_layernorm,13920,332.903
final_layernorm,13936,334.183
final_layernorm,13952,334.459
final_layernorm,13968,335.591
final_layernorm,13984,335.836
final_layernorm,14000,335.388
final_layernorm,14016,336.412
final_layernorm,14032,335.719
final_layernorm,14048,336.774
final_layernorm,14064,337.394
final_layernorm,14080,337.681
final_layernorm,14096,334.258
final_layernorm,14112,334.492
final_layernorm,14128,335.132
final_layernorm,14144,336.423
final_layernorm,14160,335.996
final_layernorm,14176,337.382
final_layernorm,14192,337.041
final_layernorm,14208,337.596
final_layernorm,14224,338.802
final_layernorm,14240,338.801
final_layernorm,14256,338.716
final_layernorm,14272,339.239
final_layernorm,14288,338.833
final_layernorm,14304,340.39
final_layernorm,14320,340.295
final_layernorm,14336,340.956
final_layernorm,14352,341.254
final_layernorm,14368,342.055
final_layernorm,14384,341.671
final_layernorm,14400,342.546
final_layernorm,14416,342.961
final_layernorm,14432,344.498
final_layernorm,14448,344.284
final_layernorm,14464,344.732
final_layernorm,14480,345.148
final_layernorm,14496,344.999
final_layernorm,14512,345.34
final_layernorm,14528,346.407
final_layernorm,14544,347.015
final_layernorm,14560,347.165
final_layernorm,14576,348.05
final_layernorm,14592,348.252
final_layernorm,14608,349.404
final_layernorm,14624,349.298
final_layernorm,14640,349.778
final_layernorm,14656,350.748
final_layernorm,14672,351.388
final_layernorm,14688,351.154
final_layernorm,14704,351.41
final_layernorm,14720,351.644
final_layernorm,14736,352.455
final_layernorm,14752,353.874
final_layernorm,14768,354.183
final_layernorm,14784,354.119
final_layernorm,14800,354.919
final_layernorm,14816,354.599
final_layernorm,14832,355.261
final_layernorm,14848,354.791
final_layernorm,14864,355.964
final_layernorm,14880,356.53
final_layernorm,14896,357.138
final_layernorm,14912,356.68
final_layernorm,14928,357.906
final_layernorm,14944,358.62
final_layernorm,14960,358.407
final_layernorm,14976,358.439
final_layernorm,14992,359.783
final_layernorm,15008,358.632
final_layernorm,15024,360.285
final_layernorm,15040,359.826
final_layernorm,15056,361.469
final_layernorm,15072,360.893
final_layernorm,15088,361.65
final_layernorm,15104,361.757
final_layernorm,15120,361.554
final_layernorm,15136,362.301
final_layernorm,15152,363.506
final_layernorm,15168,364.125
final_layernorm,15184,362.877
final_layernorm,15200,364.221
final_layernorm,15216,364.307
final_layernorm,15232,364.658
final_layernorm,15248,362.045
final_layernorm,15264,362.578
final_layernorm,15280,362.6
final_layernorm,15296,363.25
final_layernorm,15312,363.528
final_layernorm,15328,363.623
final_layernorm,15344,364.733
final_layernorm,15360,365.97
final_layernorm,15376,365.704
final_layernorm,15392,365.928
final_layernorm,15408,366.397
final_layernorm,15424,366.696
final_layernorm,15440,366.695
final_layernorm,15456,367.591
final_layernorm,15472,368.04
final_layernorm,15488,368.125
final_layernorm,15504,368.925
final_layernorm,15520,369.789
final_layernorm,15536,369.288
final_layernorm,15552,370.045
final_layernorm,15568,371.4
final_layernorm,15584,371.751
final_layernorm,15600,372.093
final_layernorm,15616,371.72
final_layernorm,15632,373.576
final_layernorm,15648,372.829
final_layernorm,15664,373.138
final_layernorm,15680,374.429
final_layernorm,15696,373.864
final_layernorm,15712,375.037
final_layernorm,15728,375.656
final_layernorm,15744,376.189
final_layernorm,15760,376.957
final_layernorm,15776,377.768
final_layernorm,15792,377.757
final_layernorm,15808,377.661
final_layernorm,15824,378.589
final_layernorm,15840,378.781
final_layernorm,15856,379.795
final_layernorm,15872,380.125
final_layernorm,15888,379.965
final_layernorm,15904,380.306
final_layernorm,15920,380.659
final_layernorm,15936,381.789
final_layernorm,15952,382.44
final_layernorm,15968,382.451
final_layernorm,15984,382.654
final_layernorm,16000,383.112
final_layernorm,16016,383.038
final_layernorm,16032,383.976
final_layernorm,16048,383.965
final_layernorm,16064,384.499
final_layernorm,16080,384.584
final_layernorm,16096,384.84
final_layernorm,16112,385.757
final_layernorm,16128,386.227
final_layernorm,16144,386.59
final_layernorm,16160,386.856
final_layernorm,16176,387.614
final_layernorm,16192,387.261
final_layernorm,16208,388.424
final_layernorm,16224,388.68
final_layernorm,16240,388.371
final_layernorm,16256,389.128
final_layernorm,16272,386.088
final_layernorm,16288,386.27
final_layernorm,16304,387.037
final_layernorm,16320,387.059
final_layernorm,16336,388.136
final_layernorm,16352,388.712
final_layernorm,16368,388.788
final_layernorm,16384,389.235
final_layernorm,16400,390.078
final_layernorm,16416,390.654
final_layernorm,16432,390.259
final_layernorm,16448,391.081
final_layernorm,16464,392.307
final_layernorm,16480,392.03
final_layernorm,16496,392.147
final_layernorm,16512,392.243
final_layernorm,16528,393.064
final_layernorm,16544,393.63
final_layernorm,16560,394.718
final_layernorm,16576,394.739
final_layernorm,16592,395.155
final_layernorm,16608,395.582
final_layernorm,16624,395.144
final_layernorm,16640,396.147
final_layernorm,16656,396.5
final_layernorm,16672,397.267
final_layernorm,16688,398.024
final_layernorm,16704,398.11
final_layernorm,16720,398.526
final_layernorm,16736,399.326
final_layernorm,16752,400.286
final_layernorm,16768,400.883
final_layernorm,16784,400.233
final_layernorm,16800,401.203
final_layernorm,16816,401.428
final_layernorm,16832,402.334
final_layernorm,16848,402.419
final_layernorm,16864,403.134
final_layernorm,16880,403.305
final_layernorm,16896,403.465
final_layernorm,16912,404.158
final_layernorm,16928,405.012
final_layernorm,16944,405.652
final_layernorm,16960,405.929
final_layernorm,16976,407.326
final_layernorm,16992,406.665
final_layernorm,17008,407.486
final_layernorm,17024,408.03
final_layernorm,17040,408.148
final_layernorm,17056,408.606
final_layernorm,17072,408.105
final_layernorm,17088,409.172
final_layernorm,17104,409.204
final_layernorm,17120,409.683
final_layernorm,17136,410.665
final_layernorm,17152,410.815
final_layernorm,17168,411.721
final_layernorm,17184,411.113
final_layernorm,17200,412.212
final_layernorm,17216,412.105
final_layernorm,17232,413.118
final_layernorm,17248,412.447
final_layernorm,17264,412.852
final_layernorm,17280,413.865
final_layernorm,17296,414.185
final_layernorm,17312,415.326
final_layernorm,17328,414.74
final_layernorm,17344,415.743
final_layernorm,17360,416.084
final_layernorm,17376,415.7
final_layernorm,17392,416.35
final_layernorm,17408,416.564
final_layernorm,17424,413.897
final_layernorm,17440,414.74
final_layernorm,17456,414.953
final_layernorm,17472,414.868
final_layernorm,17488,416.148
final_layernorm,17504,415.508
final_layernorm,17520,415.849
final_layernorm,17536,416.254
final_layernorm,17552,416.959
final_layernorm,17568,417.812
final_layernorm,17584,418.1
final_layernorm,17600,418.462
final_layernorm,17616,419.636
final_layernorm,17632,419.636
final_layernorm,17648,419.977
final_layernorm,17664,420.34
final_layernorm,17680,420.873
final_layernorm,17696,421.588
final_layernorm,17712,422.186
final_layernorm,17728,423.167
final_layernorm,17744,423.231
final_layernorm,17760,423.604
final_layernorm,17776,422.815
final_layernorm,17792,423.337
final_layernorm,17808,424.564
final_layernorm,17824,424.777
final_layernorm,17840,425.407
final_layernorm,17856,426.697
final_layernorm,17872,425.481
final_layernorm,17888,427.242
final_layernorm,17904,426.644
final_layernorm,17920,428.105
final_layernorm,17936,429.225
final_layernorm,17952,430.111
final_layernorm,17968,429.705
final_layernorm,17984,430.602
final_layernorm,18000,430.175
final_layernorm,18016,430.921
final_layernorm,18032,431.679
final_layernorm,18048,431.519
final_layernorm,18064,431.711
final_layernorm,18080,432.095
final_layernorm,18096,433.62
final_layernorm,18112,432.777
final_layernorm,18128,433.215
final_layernorm,18144,434.484
final_layernorm,18160,434.197
final_layernorm,18176,434.602
final_layernorm,18192,435.349
final_layernorm,18208,436.436
final_layernorm,18224,435.839
final_layernorm,18240,436.01
final_layernorm,18256,435.914
final_layernorm,18272,436.671
final_layernorm,18288,437.749
final_layernorm,18304,438.132
final_layernorm,18320,438.335
final_layernorm,18336,438.773
final_layernorm,18352,439.37
final_layernorm,18368,439.733
final_layernorm,18384,439.509
final_layernorm,18400,439.69
final_layernorm,18416,439.647
final_layernorm,18432,440.618
final_layernorm,18448,438.09
final_layernorm,18464,438.229
final_layernorm,18480,438.644
final_layernorm,18496,439.797
final_layernorm,18512,439.701
final_layernorm,18528,440.437
final_layernorm,18544,440.799
final_layernorm,18560,440.597
final_layernorm,18576,441.994
final_layernorm,18592,441.813
final_layernorm,18608,442.111
final_layernorm,18624,442.506
final_layernorm,18640,442.89
final_layernorm,18656,444.629
final_layernorm,18672,444.234
final_layernorm,18688,444.49
final_layernorm,18704,445.397
final_layernorm,18720,444.927
final_layernorm,18736,446.762
final_layernorm,18752,446.005
final_layernorm,18768,446.453
final_layernorm,18784,446.922
final_layernorm,18800,447.551
final_layernorm,18816,448.853
final_layernorm,18832,448.618
final_layernorm,18848,449.237
final_layernorm,18864,449.131
final_layernorm,18880,449.759
final_layernorm,18896,451.285
final_layernorm,18912,450.922
final_layernorm,18928,451.552
final_layernorm,18944,452.384
final_layernorm,18960,452.992
final_layernorm,18976,452.661
final_layernorm,18992,452.693
final_layernorm,19008,453.963
final_layernorm,19024,453.855
final_layernorm,19040,454.432
final_layernorm,19056,454.88
final_layernorm,19072,455.306
final_layernorm,19088,457.131
final_layernorm,19104,457.515
final_layernorm,19120,457.546
final_layernorm,19136,457.792
final_layernorm,19152,457.216
final_layernorm,19168,458.4
final_layernorm,19184,459.115
final_layernorm,19200,458.592
final_layernorm,19216,458.88
final_layernorm,19232,459.68
final_layernorm,19248,460.704
final_layernorm,19264,460.149
final_layernorm,19280,461.312
final_layernorm,19296,461.632
final_layernorm,19312,462.091
final_layernorm,19328,462.357
final_layernorm,19344,462.816
final_layernorm,19360,462.763
final_layernorm,19376,462.902
final_layernorm,19392,464.171
final_layernorm,19408,463.925
final_layernorm,19424,464.33
final_layernorm,19440,464.406
final_layernorm,19456,466.133
final_layernorm,19472,465.099
final_layernorm,19488,465.227
final_layernorm,19504,466.624
final_layernorm,19520,466.869
final_layernorm,19536,468.214
final_layernorm,19552,467.606
final_layernorm,19568,467.68
final_layernorm,19584,468.043
final_layernorm,19600,464.661
final_layernorm,19616,465.611
final_layernorm,19632,466.933
final_layernorm,19648,466.635
final_layernorm,19664,467.648
final_layernorm,19680,467.883
final_layernorm,19696,467.669
final_layernorm,19712,467.947
final_layernorm,19728,469.067
final_layernorm,19744,470.283
final_layernorm,19760,469.856
final_layernorm,19776,470.144
final_layernorm,19792,470.869
final_layernorm,19808,471.253
final_layernorm,19824,471.339
final_layernorm,19840,472.086
final_layernorm,19856,472.982
final_layernorm,19872,473.121
final_layernorm,19888,473.739
final_layernorm,19904,473.75
final_layernorm,19920,473.878
final_layernorm,19936,474.56
final_layernorm,19952,475.254
final_layernorm,19968,476.032
final_layernorm,19984,476.982
final_layernorm,20000,476.075
final_layernorm,20016,478.315
final_layernorm,20032,478.144
final_layernorm,20048,477.803
final_layernorm,20064,479.211
final_layernorm,20080,480.256
final_layernorm,20096,479.723
final_layernorm,20112,480.609
final_layernorm,20128,480.491
final_layernorm,20144,481.227
final_layernorm,20160,481.366
final_layernorm,20176,482.123
final_layernorm,20192,482.241
final_layernorm,20208,482.753
final_layernorm,20224,483.372
final_layernorm,20240,483.51
final_layernorm,20256,485.121
final_layernorm,20272,484.257
final_layernorm,20288,485.281
final_layernorm,20304,485.324
final_layernorm,20320,485.622
final_layernorm,20336,485.345
final_layernorm,20352,486.433
final_layernorm,20368,486.561
final_layernorm,20384,487.67
final_layernorm,20400,487.585
final_layernorm,20416,487.542
final_layernorm,20432,488.203
final_layernorm,20448,489.067
final_layernorm,20464,489.292
final_layernorm,20480,489.483
final_layernorm,20496,489.441
final_layernorm,20512,490.305
final_layernorm,20528,490.593
final_layernorm,20544,491.681
final_layernorm,20560,491.223
final_layernorm,20576,491.403
final_layernorm,20592,492.022
final_layernorm,20608,493.217
final_layernorm,20624,489.867
final_layernorm,20640,490.124
final_layernorm,20656,489.953
final_layernorm,20672,491.404
final_layernorm,20688,491.031
final_layernorm,20704,491.947
final_layernorm,20720,492.48
final_layernorm,20736,492.342
final_layernorm,20752,493.452
final_layernorm,20768,493.889
final_layernorm,20784,493.804
final_layernorm,20800,494.956
final_layernorm,20816,494.71
final_layernorm,20832,495.799
final_layernorm,20848,496.46
final_layernorm,20864,496.076
final_layernorm,20880,496.535
final_layernorm,20896,497.516
final_layernorm,20912,497.185
final_layernorm,20928,497.569
final_layernorm,20944,497.868
final_layernorm,20960,498.764
final_layernorm,20976,499.201
final_layernorm,20992,499.585
final_layernorm,21008,499.852
final_layernorm,21024,501.399
final_layernorm,21040,501.399
final_layernorm,21056,501.068
final_layernorm,21072,502.86
final_layernorm,21088,502.177
final_layernorm,21104,503.233
final_layernorm,21120,503.682
final_layernorm,21136,504.268
final_layernorm,21152,503.777
final_layernorm,21168,504.727
final_layernorm,21184,505.505
final_layernorm,21200,506.38
final_layernorm,21216,506.316
final_layernorm,21232,507.287
final_layernorm,21248,507.159
final_layernorm,21264,507.596
final_layernorm,21280,508.855
final_layernorm,21296,508.077
final_layernorm,21312,509.197
final_layernorm,21328,510.039
final_layernorm,21344,509.858
final_layernorm,21360,510.85
final_layernorm,21376,511.234
final_layernorm,21392,511.415
final_layernorm,21408,511.789
final_layernorm,21424,511.319
final_layernorm,21440,512.673
final_layernorm,21456,512.194
final_layernorm,21472,514.04
final_layernorm,21488,513.314
final_layernorm,21504,514.53
final_layernorm,21520,514.295
final_layernorm,21536,515.372
final_layernorm,21552,515.052
final_layernorm,21568,515.149
final_layernorm,21584,515.383
final_layernorm,21600,516.727
final_layernorm,21616,516.77
final_layernorm,21632,516.322
final_layernorm,21648,518.648
final_layernorm,21664,517.794
final_layernorm,21680,517.719
final_layernorm,21696,519.522
final_layernorm,21712,518.914
final_layernorm,21728,518.946
final_layernorm,21744,519.426
final_layernorm,21760,520.354
final_layernorm,21776,517.9
final_layernorm,21792,517.261
final_layernorm,21808,518.146
final_layernorm,21824,518.423
final_layernorm,21840,519.181
final_layernorm,21856,519.192
final_layernorm,21872,520.365
final_layernorm,21888,520.013
final_layernorm,21904,520.93
final_layernorm,21920,617.594
final_layernorm,21936,521.741
final_layernorm,21952,521.953
final_layernorm,21968,522.402
final_layernorm,21984,523.725
final_layernorm,22000,523.714
final_layernorm,22016,524.44
final_layernorm,22032,523.01
final_layernorm,22048,525.239
final_layernorm,22064,525.538
final_layernorm,22080,526.05
final_layernorm,22096,526.391
final_layernorm,22112,526.882
final_layernorm,22128,527.607
final_layernorm,22144,527.106
final_layernorm,22160,527.906
final_layernorm,22176,528.343
final_layernorm,22192,529.187
final_layernorm,22208,529.602
final_layernorm,22224,530.466
final_layernorm,22240,530.05
final_layernorm,22256,530.733
final_layernorm,22272,531.746
final_layernorm,22288,532.781
final_layernorm,22304,533.624
final_layernorm,22320,532.398
final_layernorm,22336,533.261
final_layernorm,22352,534.594
final_layernorm,22368,533.997
final_layernorm,22384,534.285
final_layernorm,22400,535.629
final_layernorm,22416,535.512
final_layernorm,22432,536.504
final_layernorm,22448,536.227
final_layernorm,22464,536.6
final_layernorm,22480,536.621
final_layernorm,22496,538.093
final_layernorm,22512,538.957
final_layernorm,22528,539.384
final_layernorm,22544,538.808
final_layernorm,22560,539.587
final_layernorm,22576,539.682
final_layernorm,22592,539.266
final_layernorm,22608,540.525
final_layernorm,22624,540.291
final_layernorm,22640,541.336
final_layernorm,22656,540.803
final_layernorm,22672,542.84
final_layernorm,22688,541.453
final_layernorm,22704,543.086
final_layernorm,22720,542.989
final_layernorm,22736,542.754
final_layernorm,22752,543.512
final_layernorm,22768,544.354
final_layernorm,22784,544.461
final_layernorm,22800,541.794
final_layernorm,22816,542.328
final_layernorm,22832,542.509
final_layernorm,22848,542.68
final_layernorm,22864,543.48
final_layernorm,22880,543.736
final_layernorm,22896,544.771
final_layernorm,22912,544.014
final_layernorm,22928,544.376
final_layernorm,22944,545.198
final_layernorm,22960,545.805
final_layernorm,22976,545.913
final_layernorm,22992,547.587
final_layernorm,23008,547.288
final_layernorm,23024,547.875
final_layernorm,23040,548.568
final_layernorm,23056,548.248
final_layernorm,23072,548.931
final_layernorm,23088,549.795
final_layernorm,23104,550.168
final_layernorm,23120,550.19
final_layernorm,23136,550.776
final_layernorm,23152,551.651
final_layernorm,23168,551.875
final_layernorm,23184,553.027
final_layernorm,23200,552.568
final_layernorm,23216,552.494
final_layernorm,23232,554.168
final_layernorm,23248,554.691
final_layernorm,23264,554.158
final_layernorm,23280,554.659
final_layernorm,23296,556.377
final_layernorm,23312,555.822
final_layernorm,23328,556.771
final_layernorm,23344,556.782
final_layernorm,23360,557.241
final_layernorm,23376,557.699
final_layernorm,23392,558.585
final_layernorm,23408,559.214
final_layernorm,23424,560.75
final_layernorm,23440,559.556
final_layernorm,23456,560.345
final_layernorm,23472,561.091
final_layernorm,23488,560.526
final_layernorm,23504,561.283
final_layernorm,23520,562.009
final_layernorm,23536,562.009
final_layernorm,23552,562.595
final_layernorm,23568,563.193
final_layernorm,23584,563.151
final_layernorm,23600,564.708
final_layernorm,23616,564.174
final_layernorm,23632,564.249
final_layernorm,23648,565.774
final_layernorm,23664,565.667
final_layernorm,23680,565.731
final_layernorm,23696,566.233
final_layernorm,23712,567.065
final_layernorm,23728,567.225
final_layernorm,23744,567.726
final_layernorm,23760,567.609
final_layernorm,23776,567.886
final_layernorm,23792,569.059
final_layernorm,23808,569.305
final_layernorm,23824,569.817
final_layernorm,23840,569.988
final_layernorm,23856,569.817
final_layernorm,23872,570.606
final_layernorm,23888,571.247
final_layernorm,23904,571.012
final_layernorm,23920,571.929
final_layernorm,23936,571.609
final_layernorm,23952,569.497
final_layernorm,23968,569.742
final_layernorm,23984,569.742
final_layernorm,24000,570.372
final_layernorm,24016,570.372
final_layernorm,24032,571.193
final_layernorm,24048,571.993
final_layernorm,24064,572.58
final_layernorm,24080,572.367
final_layernorm,24096,573.263
final_layernorm,24112,572.889
final_layernorm,24128,574.446
final_layernorm,24144,574.105
final_layernorm,24160,574.735
final_layernorm,24176,575.299
final_layernorm,24192,575.609
final_layernorm,24208,575.919
final_layernorm,24224,577.497
final_layernorm,24240,577.06
final_layernorm,24256,578.095
final_layernorm,24272,578.382
final_layernorm,24288,578.649
final_layernorm,24304,578.756
final_layernorm,24320,579.811
final_layernorm,24336,580.1
final_layernorm,24352,580.324
final_layernorm,24368,581.743
final_layernorm,24384,581.561
final_layernorm,24400,581.903
final_layernorm,24416,583.108
final_layernorm,24432,582.244
final_layernorm,24448,584.026
final_layernorm,24464,585.017
final_layernorm,24480,584.644
final_layernorm,24496,585.306
final_layernorm,24512,585.348
final_layernorm,24528,585.785
final_layernorm,24544,586.009
final_layernorm,24560,587.236
final_layernorm,24576,586.554
final_layernorm,24592,588.474
final_layernorm,24608,587.62
final_layernorm,24624,588.666
final_layernorm,24640,588.601
final_layernorm,24656,589.327
final_layernorm,24672,588.954
final_layernorm,24688,589.903
final_layernorm,24704,589.882
final_layernorm,24720,590.522
final_layernorm,24736,590.533
final_layernorm,24752,592.09
final_layernorm,24768,591.972
final_layernorm,24784,592.986
final_layernorm,24800,592.73
final_layernorm,24816,593.167
final_layernorm,24832,592.73
final_layernorm,24848,592.868
final_layernorm,24864,593.722
final_layernorm,24880,594.799
final_layernorm,24896,594.116
final_layernorm,24912,595.14
final_layernorm,24928,595.727
final_layernorm,24944,594.789
final_layernorm,24960,596.207
final_layernorm,24976,592.986
final_layernorm,24992,594.404
final_layernorm,25008,594.309
final_layernorm,25024,594.98
final_layernorm,25040,595.322
final_layernorm,25056,595.727
final_layernorm,25072,595.098
final_layernorm,25088,595.983
final_layernorm,25104,596.837
final_layernorm,25120,597.232
final_layernorm,25136,596.997
final_layernorm,25152,597.231
final_layernorm,25168,598.245
final_layernorm,25184,599.29
final_layernorm,25200,599.546
final_layernorm,25216,600.495
final_layernorm,25232,600.858
final_layernorm,25248,601.115
final_layernorm,25264,600.4
final_layernorm,25280,601.221
final_layernorm,25296,602.554
final_layernorm,25312,603.066
final_layernorm,25328,602.459
final_layernorm,25344,603.216
final_layernorm,25360,604.379
final_layernorm,25376,604.506
final_layernorm,25392,605.285
final_layernorm,25408,605.936
final_layernorm,25424,605.776
final_layernorm,25440,606.576
final_layernorm,25456,607.13
final_layernorm,25472,607.504
final_layernorm,25488,607.141
final_layernorm,25504,607.376
final_layernorm,25520,608.667
final_layernorm,25536,609.285
final_layernorm,25552,609.989
final_layernorm,25568,610.586
final_layernorm,25584,610.874
final_layernorm,25600,611.003
final_layernorm,25616,611.461
final_layernorm,25632,612.507
final_layernorm,25648,611.909
final_layernorm,25664,612.73
final_layernorm,25680,614.384
final_layernorm,25696,612.837
final_layernorm,25712,615.099
final_layernorm,25728,615.269
final_layernorm,25744,615.429
final_layernorm,25760,615.653
final_layernorm,25776,616.048
final_layernorm,25792,616.923
final_layernorm,25808,616.858
final_layernorm,25824,617.125
final_layernorm,25840,617.211
final_layernorm,25856,618.331
final_layernorm,25872,618.064
final_layernorm,25888,618.459
final_layernorm,25904,618.245
final_layernorm,25920,619.013
final_layernorm,25936,619.035
final_layernorm,25952,620.454
final_layernorm,25968,621.019
final_layernorm,25984,620.677
final_layernorm,26000,622.139
final_layernorm,26016,622.363
final_layernorm,26032,621.68
final_layernorm,26048,622.235
final_layernorm,26064,621.947
final_layernorm,26080,623.003
final_layernorm,26096,624.123
final_layernorm,26112,623.397
final_layernorm,26128,621.2
final_layernorm,26144,621.552
final_layernorm,26160,715.005
final_layernorm,26176,622.981
final_layernorm,26192,622.16
final_layernorm,26208,624.006
final_layernorm,26224,623.387
final_layernorm,26240,623.856
final_layernorm,26256,624.411
final_layernorm,26272,624.709
final_layernorm,26288,625.926
final_layernorm,26304,625.947
final_layernorm,26320,627.75
final_layernorm,26336,626.512
final_layernorm,26352,626.63
final_layernorm,26368,627.494
final_layernorm,26384,628.262
final_layernorm,26400,628.4
final_layernorm,26416,629.488
final_layernorm,26432,630.353
final_layernorm,26448,630.704
final_layernorm,26464,630.246
final_layernorm,26480,631.611
final_layernorm,26496,631.92
final_layernorm,26512,633.019
final_layernorm,26528,632.838
final_layernorm,26544,632.102
final_layernorm,26560,634.001
final_layernorm,26576,633.371
final_layernorm,26592,634.694
final_layernorm,26608,634.523
final_layernorm,26624,635.515
final_layernorm,26640,636.145
final_layernorm,26656,636.507
final_layernorm,26672,636.091
final_layernorm,26688,637.286
final_layernorm,26704,637.755
final_layernorm,26720,637.468
final_layernorm,26736,638.523
final_layernorm,26752,639.26
final_layernorm,26768,639.377
final_layernorm,26784,640.017
final_layernorm,26800,640.593
final_layernorm,26816,639.836
final_layernorm,26832,640.945
final_layernorm,26848,640.806
final_layernorm,26864,641.745
final_layernorm,26880,641.457
final_layernorm,26896,642.491
final_layernorm,26912,642.918
final_layernorm,26928,643.025
final_layernorm,26944,643.9
final_layernorm,26960,643.558
final_layernorm,26976,644.454
final_layernorm,26992,644.284
final_layernorm,27008,644.998
final_layernorm,27024,646.609
final_layernorm,27040,646.065
final_layernorm,27056,646.95
final_layernorm,27072,646.854
final_layernorm,27088,647.217
final_layernorm,27104,648.636
final_layernorm,27120,648.103
final_layernorm,27136,647.771
final_layernorm,27152,645.617
final_layernorm,27168,646.108
final_layernorm,27184,646.246
final_layernorm,27200,647.494
final_layernorm,27216,646.023
final_layernorm,27232,647.036
final_layernorm,27248,647.644
final_layernorm,27264,648.401
final_layernorm,27280,648.423
final_layernorm,27296,649.564
final_layernorm,27312,649.382
final_layernorm,27328,650.545
final_layernorm,27344,651.196
final_layernorm,27360,651.441
final_layernorm,27376,652.689
final_layernorm,27392,651.921
final_layernorm,27408,652.402
final_layernorm,27424,653.308
final_layernorm,27440,653.34
final_layernorm,27456,652.604
final_layernorm,27472,653.916
final_layernorm,27488,653.905
final_layernorm,27504,654.684
final_layernorm,27520,655.836
final_layernorm,27536,656.7
final_layernorm,27552,657.02
final_layernorm,27568,656.551
final_layernorm,27584,657.223
final_layernorm,27600,657.553
final_layernorm,27616,658.631
final_layernorm,27632,659.313
final_layernorm,27648,658.513
final_layernorm,27664,659.644
final_layernorm,27680,659.954
final_layernorm,27696,660.103
final_layernorm,27712,660.06
final_layernorm,27728,660.988
final_layernorm,27744,662.289
final_layernorm,27760,662.514
final_layernorm,27776,662.758
final_layernorm,27792,662.45
final_layernorm,27808,664.028
final_layernorm,27824,664.039
final_layernorm,27840,665.138
final_layernorm,27856,664.497
final_layernorm,27872,665.405
final_layernorm,27888,666.439
final_layernorm,27904,667.207
final_layernorm,27920,668.445
final_layernorm,27936,668.466
final_layernorm,27952,666.503
final_layernorm,27968,668.615
final_layernorm,27984,669.874
final_layernorm,28000,668.295
final_layernorm,28016,668.797
final_layernorm,28032,669.981
final_layernorm,28048,670.599
final_layernorm,28064,671.175
final_layernorm,28080,671.004
final_layernorm,28096,670.823
final_layernorm,28112,671.378
final_layernorm,28128,672.242
final_layernorm,28144,672.893
final_layernorm,28160,673.501
final_layernorm,28176,672.829
final_layernorm,28192,673.405
final_layernorm,28208,675.858
final_layernorm,28224,674.386
final_layernorm,28240,675.079
final_layernorm,28256,674.706
final_layernorm,28272,676.445
final_layernorm,28288,675.869
final_layernorm,28304,672.413
final_layernorm,28320,673.309
final_layernorm,28336,673.895
final_layernorm,28352,674.397
final_layernorm,28368,674.93
final_layernorm,28384,675.687
final_layernorm,28400,676.146
final_layernorm,28416,676.413
final_layernorm,28432,676.658
final_layernorm,28448,677.202
final_layernorm,28464,678.279
final_layernorm,28480,677.821
final_layernorm,28496,677.298
final_layernorm,28512,677.992
final_layernorm,28528,678.878
final_layernorm,28544,678.151
final_layernorm,28560,679.346
final_layernorm,28576,681.352
final_layernorm,28592,681.928
final_layernorm,28608,682.141
final_layernorm,28624,682.045
final_layernorm,28640,682.728
final_layernorm,28656,683.72
final_layernorm,28672,683.367
final_layernorm,28688,684.061
final_layernorm,28704,684.477
final_layernorm,28720,686.238
final_layernorm,28736,685.128
final_layernorm,28752,685.863
final_layernorm,28768,686.216
final_layernorm,28784,687.869
final_layernorm,28800,686.291
final_layernorm,28816,687.293
final_layernorm,28832,689.192
final_layernorm,28848,688.84
final_layernorm,28864,689.246
final_layernorm,28880,689.224
final_layernorm,28896,690.419
final_layernorm,28912,690.184
final_layernorm,28928,690.227
final_layernorm,28944,691.614
final_layernorm,28960,691.89
final_layernorm,28976,692.051
final_layernorm,28992,692.104
final_layernorm,29008,692.798
final_layernorm,29024,693.576
final_layernorm,29040,693.598
final_layernorm,29056,693.683
final_layernorm,29072,694.494
final_layernorm,29088,694.729
final_layernorm,29104,696.179
final_layernorm,29120,695.955
final_layernorm,29136,695.474
final_layernorm,29152,695.539
final_layernorm,29168,696.274
final_layernorm,29184,697.555
final_layernorm,29200,697.074
final_layernorm,29216,698.035
final_layernorm,29232,697.694
final_layernorm,29248,698.323
final_layernorm,29264,700.243
final_layernorm,29280,699.881
final_layernorm,29296,699.166
final_layernorm,29312,699.977
final_layernorm,29328,697.235
final_layernorm,29344,697.235
final_layernorm,29360,697.395
final_layernorm,29376,697.875
final_layernorm,29392,699.304
final_layernorm,29408,699.592
final_layernorm,29424,700.958
final_layernorm,29440,700.424
final_layernorm,29456,701.268
final_layernorm,29472,700.254
final_layernorm,29488,701.672
final_layernorm,29504,702.164
final_layernorm,29520,702.846
final_layernorm,29536,702.099
final_layernorm,29552,702.75
final_layernorm,29568,703.07
final_layernorm,29584,704.339
final_layernorm,29600,705.011
final_layernorm,29616,704.788
final_layernorm,29632,706.046
final_layernorm,29648,705.31
final_layernorm,29664,705.993
final_layernorm,29680,707.529
final_layernorm,29696,707.102
final_layernorm,29712,708.201
final_layernorm,29728,707.518
final_layernorm,29744,707.529
final_layernorm,29760,709.758
final_layernorm,29776,710.014
final_layernorm,29792,709.875
final_layernorm,29808,710.537
final_layernorm,29824,711.518
final_layernorm,29840,713.022
final_layernorm,29856,711.796
final_layernorm,29872,712.468
final_layernorm,29888,713.534
final_layernorm,29904,713.502
final_layernorm,29920,715.347
final_layernorm,29936,715.326
final_layernorm,29952,714.985
final_layernorm,29968,714.388
final_layernorm,29984,715.977
final_layernorm,30000,716.297
final_layernorm,30016,715.817
final_layernorm,30032,716.98
final_layernorm,30048,717.513
final_layernorm,30064,718.953
final_layernorm,30080,719.017
final_layernorm,30096,719.188
final_layernorm,30112,718.676
final_layernorm,30128,719.145
final_layernorm,30144,720.084
final_layernorm,30160,719.294
final_layernorm,30176,720.916
final_layernorm,30192,721.919
final_layernorm,30208,721.95
final_layernorm,30224,722.079
final_layernorm,30240,722.132
final_layernorm,30256,723.7
final_layernorm,30272,722.452
final_layernorm,30288,725.172
final_layernorm,30304,725.503
final_layernorm,30320,725.225
final_layernorm,30336,725.844
final_layernorm,30352,723.999
final_layernorm,30368,725.769
final_layernorm,30384,725.033
final_layernorm,30400,725.247
final_layernorm,30416,726.954
final_layernorm,30432,726.505
final_layernorm,30448,727.145
final_layernorm,30464,728.063
final_layernorm,30480,725.162
final_layernorm,30496,725.492
final_layernorm,30512,725.577
final_layernorm,30528,726.164
final_layernorm,30544,726.079
final_layernorm,30560,726.644
final_layernorm,30576,727.37
final_layernorm,30592,727.231
final_layernorm,30608,728.372
final_layernorm,30624,729.897
final_layernorm,30640,729.535
final_layernorm,30656,729.609
final_layernorm,30672,730.218
final_layernorm,30688,730.826
final_layernorm,30704,732.17
final_layernorm,30720,731.956
final_layernorm,30736,731.54
final_layernorm,30752,732.159
final_layernorm,30768,731.999
final_layernorm,30784,733.407
final_layernorm,30800,733.397
final_layernorm,30816,734.613
final_layernorm,30832,734.762
final_layernorm,30848,735.508
final_layernorm,30864,735.711
final_layernorm,30880,735.199
final_layernorm,30896,737.033
final_layernorm,30912,738.292
final_layernorm,30928,736.991
final_layernorm,30944,737.354
final_layernorm,30960,738.356
final_layernorm,30976,738.325
final_layernorm,30992,740.319
final_layernorm,31008,740.885
final_layernorm,31024,740.159
final_layernorm,31040,740.362
final_layernorm,31056,742.282
final_layernorm,31072,741.45
final_layernorm,31088,742.08
final_layernorm,31104,742.335
final_layernorm,31120,743.381
final_layernorm,31136,743.455
final_layernorm,31152,744.917
final_layernorm,31168,744.895
final_layernorm,31184,745.812
final_layernorm,31200,745.205
final_layernorm,31216,745.321
final_layernorm,31232,745.599
final_layernorm,31248,746.047
final_layernorm,31264,747.285
final_layernorm,31280,747.679
final_layernorm,31296,747.669
final_layernorm,31312,748.48
final_layernorm,31328,748.789
final_layernorm,31344,748.682
final_layernorm,31360,747.178
final_layernorm,31376,748.97
final_layernorm,31392,749.728
final_layernorm,31408,750.666
final_layernorm,31424,750.858
final_layernorm,31440,750.773
final_layernorm,31456,751.893
final_layernorm,31472,752.405
final_layernorm,31488,750.88
final_layernorm,31504,751.498
final_layernorm,31520,748.512
final_layernorm,31536,749.813
final_layernorm,31552,749.471
final_layernorm,31568,751.445
final_layernorm,31584,751.211
final_layernorm,31600,751.445
final_layernorm,31616,753.354
final_layernorm,31632,753.429
final_layernorm,31648,752.715
final_layernorm,31664,753.951
final_layernorm,31680,753.525
final_layernorm,31696,753.056
final_layernorm,31712,754.933
final_layernorm,31728,754.89
final_layernorm,31744,754.837
final_layernorm,31760,756.181
final_layernorm,31776,755.765
final_layernorm,31792,756.906
final_layernorm,31808,757.899
final_layernorm,31824,758.325
final_layernorm,31840,758.635
final_layernorm,31856,758.485
final_layernorm,31872,760.789
final_layernorm,31888,760.981
final_layernorm,31904,761.184
final_layernorm,31920,761.611
final_layernorm,31936,760.544
final_layernorm,31952,761.482
final_layernorm,31968,762.474
final_layernorm,31984,761.973
final_layernorm,32000,761.878
final_layernorm,32016,763.275
final_layernorm,32032,763.595
final_layernorm,32048,764.566
final_layernorm,32064,764.971
final_layernorm,32080,765.205
final_layernorm,32096,766.102
final_layernorm,32112,767.147
final_layernorm,32128,767.008
final_layernorm,32144,767.541
final_layernorm,32160,768.502
final_layernorm,32176,768.214
final_layernorm,32192,768.629
final_layernorm,32208,769.461
final_layernorm,32224,768.747
final_layernorm,32240,770.059
final_layernorm,32256,770.667
final_layernorm,32272,771.222
final_layernorm,32288,771.339
final_layernorm,32304,772.715
final_layernorm,32320,772.022
final_layernorm,32336,771.489
final_layernorm,32352,773.131
final_layernorm,32368,772.545
final_layernorm,32384,772.043
final_layernorm,32400,772.961
final_layernorm,32416,774.443
final_layernorm,32432,775.03
final_layernorm,32448,774.379
final_layernorm,32464,774.87
final_layernorm,32480,775.958
final_layernorm,32496,776.321
final_layernorm,32512,776.993
final_layernorm,32528,776.96
final_layernorm,32544,777.814
final_layernorm,32560,778.219
final_layernorm,32576,779.894
final_layernorm,32592,778.027
final_layernorm,32608,778.422
final_layernorm,32624,778.902
final_layernorm,32640,779.627
final_layernorm,32656,776.257
final_layernorm,32672,777.153
final_layernorm,32688,776.715
final_layernorm,32704,778.689
final_layernorm,32720,777.899
final_layernorm,32736,778.838
final_layernorm,32752,778.603
final_layernorm,32768,779.99
gate_up_proj,1,11.3387
gate_up_proj,2,17.888
gate_up_proj,3,17.9527
gate_up_proj,4,18.027
gate_up_proj,5,17.9307
gate_up_proj,6,17.9313
gate_up_proj,7,17.9313
gate_up_proj,8,18.0487
gate_up_proj,9,18.0063
gate_up_proj,10,17.9847
gate_up_proj,11,17.9097
gate_up_proj,12,17.963
gate_up_proj,13,17.963
gate_up_proj,14,17.9633
gate_up_proj,15,18.0273
gate_up_proj,16,18.0803
gate_up_proj,20,23.7977
gate_up_proj,24,23.7663
gate_up_proj,28,23.8617
gate_up_proj,32,23.851
gate_up_proj,36,23.8087
gate_up_proj,40,21.195
gate_up_proj,44,21.0247
gate_up_proj,48,21.0883
gate_up_proj,52,21.3767
gate_up_proj,56,21.5573
gate_up_proj,60,17.9627
gate_up_proj,64,18.699
gate_up_proj,80,27.478
gate_up_proj,96,28.054
gate_up_proj,112,23.8403
gate_up_proj,128,24.321
gate_up_proj,144,43.1797
gate_up_proj,160,42.9343
gate_up_proj,176,46.6143
gate_up_proj,192,47.265
gate_up_proj,208,47.8947
gate_up_proj,224,43.041
gate_up_proj,240,43.0727
gate_up_proj,256,43.1477
gate_up_proj,272,69.0897
gate_up_proj,288,69.6447
gate_up_proj,304,69.9963
gate_up_proj,320,70.4977
gate_up_proj,336,71.0953
gate_up_proj,352,71.3407
gate_up_proj,368,71.4043
gate_up_proj,384,71.8847
gate_up_proj,400,84.9083
gate_up_proj,416,84.9193
gate_up_proj,432,85.0367
gate_up_proj,448,85.154
gate_up_proj,464,85.0153
gate_up_proj,480,85.2823
gate_up_proj,496,85.261
gate_up_proj,512,85.2607
gate_up_proj,528,83.4793
gate_up_proj,544,83.49
gate_up_proj,560,83.5007
gate_up_proj,576,83.543
gate_up_proj,592,83.5867
gate_up_proj,608,83.6073
gate_up_proj,624,83.6927
gate_up_proj,640,83.5753
gate_up_proj,656,86.114
gate_up_proj,672,86.0073
gate_up_proj,688,86.1783
gate_up_proj,704,86.274
gate_up_proj,720,113.592
gate_up_proj,736,112.483
gate_up_proj,752,113.4
gate_up_proj,768,113.496
gate_up_proj,784,163.087
gate_up_proj,800,163.236
gate_up_proj,816,163.183
gate_up_proj,832,163.14
gate_up_proj,848,127.235
gate_up_proj,864,127.193
gate_up_proj,880,127.289
gate_up_proj,896,127.384
gate_up_proj,912,127.32
gate_up_proj,928,127.246
gate_up_proj,944,127.523
gate_up_proj,960,127.374
gate_up_proj,976,125.859
gate_up_proj,992,125.934
gate_up_proj,1008,126.211
gate_up_proj,1024,126.201
gate_up_proj,1040,163.481
gate_up_proj,1056,163.482
gate_up_proj,1072,163.524
gate_up_proj,1088,163.663
gate_up_proj,1104,163.588
gate_up_proj,1120,163.78
gate_up_proj,1136,163.524
gate_up_proj,1152,163.801
gate_up_proj,1168,164.42
gate_up_proj,1184,164.452
gate_up_proj,1200,164.527
gate_up_proj,1216,164.74
gate_up_proj,1232,164.804
gate_up_proj,1248,164.644
gate_up_proj,1264,164.836
gate_up_proj,1280,164.911
gate_up_proj,1296,165.519
gate_up_proj,1312,165.444
gate_up_proj,1328,165.668
gate_up_proj,1344,165.689
gate_up_proj,1360,165.785
gate_up_proj,1376,165.977
gate_up_proj,1392,166.052
gate_up_proj,1408,166.297
gate_up_proj,1424,203.098
gate_up_proj,1440,203.183
gate_up_proj,1456,203.259
gate_up_proj,1472,323.208
gate_up_proj,1488,323.389
gate_up_proj,1504,323.272
gate_up_proj,1520,323.41
gate_up_proj,1536,323.389
gate_up_proj,1552,323.528
gate_up_proj,1568,323.379
gate_up_proj,1584,323.432
gate_up_proj,1600,323.528
gate_up_proj,1616,323.592
gate_up_proj,1632,323.368
gate_up_proj,1648,323.528
gate_up_proj,1664,323.795
gate_up_proj,1680,323.4
gate_up_proj,1696,323.581
gate_up_proj,1712,323.677
gate_up_proj,1728,323.635
gate_up_proj,1744,323.517
gate_up_proj,1760,323.624
gate_up_proj,1776,323.624
gate_up_proj,1792,323.667
gate_up_proj,1808,323.539
gate_up_proj,1824,323.506
gate_up_proj,1840,323.635
gate_up_proj,1856,323.71
gate_up_proj,1872,323.582
gate_up_proj,1888,323.592
gate_up_proj,1904,323.955
gate_up_proj,1920,323.453
gate_up_proj,1936,323.763
gate_up_proj,1952,324.136
gate_up_proj,1968,323.549
gate_up_proj,1984,323.752
gate_up_proj,2000,324.083
gate_up_proj,2016,323.827
gate_up_proj,2032,324.04
gate_up_proj,2048,323.976
gate_up_proj,2064,324.147
gate_up_proj,2080,324.115
gate_up_proj,2096,324.008
gate_up_proj,2112,323.955
gate_up_proj,2128,324.093
gate_up_proj,2144,324.072
gate_up_proj,2160,324.115
gate_up_proj,2176,324.093
gate_up_proj,2192,324.339
gate_up_proj,2208,324.125
gate_up_proj,2224,323.923
gate_up_proj,2240,323.997
gate_up_proj,2256,324.2
gate_up_proj,2272,324.061
gate_up_proj,2288,324.114
gate_up_proj,2304,324.232
gate_up_proj,2320,324.125
gate_up_proj,2336,324.253
gate_up_proj,2352,324.275
gate_up_proj,2368,324.21
gate_up_proj,2384,324.243
gate_up_proj,2400,324.552
gate_up_proj,2416,324.35
gate_up_proj,2432,324.584
gate_up_proj,2448,324.595
gate_up_proj,2464,324.669
gate_up_proj,2480,324.509
gate_up_proj,2496,324.648
gate_up_proj,2512,324.617
gate_up_proj,2528,324.616
gate_up_proj,2544,324.659
gate_up_proj,2560,324.509
gate_up_proj,2576,324.723
gate_up_proj,2592,324.659
gate_up_proj,2608,324.744
gate_up_proj,2624,324.563
gate_up_proj,2640,324.67
gate_up_proj,2656,324.605
gate_up_proj,2672,324.936
gate_up_proj,2688,324.701
gate_up_proj,2704,324.957
gate_up_proj,2720,324.776
gate_up_proj,2736,324.808
gate_up_proj,2752,324.786
gate_up_proj,2768,324.67
gate_up_proj,2784,324.627
gate_up_proj,2800,324.712
gate_up_proj,2816,324.957
gate_up_proj,2832,482.731
gate_up_proj,2848,482.817
gate_up_proj,2864,482.796
gate_up_proj,2880,482.955
gate_up_proj,2896,482.977
gate_up_proj,2912,482.956
gate_up_proj,2928,483.041
gate_up_proj,2944,483.116
gate_up_proj,2960,483.585
gate_up_proj,2976,483.414
gate_up_proj,2992,483.489
gate_up_proj,3008,483.873
gate_up_proj,3024,483.639
gate_up_proj,3040,483.756
gate_up_proj,3056,483.574
gate_up_proj,3072,483.884
gate_up_proj,3088,483.723
gate_up_proj,3104,483.745
gate_up_proj,3120,483.81
gate_up_proj,3136,483.681
gate_up_proj,3152,483.596
gate_up_proj,3168,483.938
gate_up_proj,3184,483.607
gate_up_proj,3200,483.756
gate_up_proj,3216,483.723
gate_up_proj,3232,483.767
gate_up_proj,3248,483.894
gate_up_proj,3264,483.639
gate_up_proj,3280,483.788
gate_up_proj,3296,483.788
gate_up_proj,3312,483.927
gate_up_proj,3328,484.012
gate_up_proj,3344,484.012
gate_up_proj,3360,484.172
gate_up_proj,3376,483.915
gate_up_proj,3392,483.916
gate_up_proj,3408,484.001
gate_up_proj,3424,484.054
gate_up_proj,3440,483.948
gate_up_proj,3456,484.108
gate_up_proj,3472,484.087
gate_up_proj,3488,484.322
gate_up_proj,3504,484.097
gate_up_proj,3520,484.044
gate_up_proj,3536,483.862
gate_up_proj,3552,484.215
gate_up_proj,3568,484.001
gate_up_proj,3584,484.332
gate_up_proj,3600,484.215
gate_up_proj,3616,484.225
gate_up_proj,3632,484.161
gate_up_proj,3648,484.075
gate_up_proj,3664,484.053
gate_up_proj,3680,484.364
gate_up_proj,3696,484.236
gate_up_proj,3712,484.311
gate_up_proj,3728,484.204
gate_up_proj,3744,484.354
gate_up_proj,3760,484.375
gate_up_proj,3776,484.481
gate_up_proj,3792,484.3
gate_up_proj,3808,484.481
gate_up_proj,3824,484.652
gate_up_proj,3840,484.449
gate_up_proj,3856,484.513
gate_up_proj,3872,472.47
gate_up_proj,3888,472.684
gate_up_proj,3904,472.406
gate_up_proj,3920,472.598
gate_up_proj,3936,472.897
gate_up_proj,3952,472.865
gate_up_proj,3968,472.662
gate_up_proj,3984,473.142
gate_up_proj,4000,472.823
gate_up_proj,4016,473.26
gate_up_proj,4032,473.163
gate_up_proj,4048,472.663
gate_up_proj,4064,473.046
gate_up_proj,4080,472.865
gate_up_proj,4096,472.769
gate_up_proj,4112,473.047
gate_up_proj,4128,472.982
gate_up_proj,4144,473.1
gate_up_proj,4160,473.217
gate_up_proj,4176,473.227
gate_up_proj,4192,473.249
gate_up_proj,4208,473.228
gate_up_proj,4224,473.164
gate_up_proj,4240,473.558
gate_up_proj,4256,473.505
gate_up_proj,4272,473.655
gate_up_proj,4288,473.601
gate_up_proj,4304,473.686
gate_up_proj,4320,473.708
gate_up_proj,4336,473.612
gate_up_proj,4352,473.804
gate_up_proj,4368,549.592
gate_up_proj,4384,549.539
gate_up_proj,4400,549.944
gate_up_proj,4416,550.051
gate_up_proj,4432,550.381
gate_up_proj,4448,550.115
gate_up_proj,4464,549.954
gate_up_proj,4480,550.083
gate_up_proj,4496,550.37
gate_up_proj,4512,550.093
gate_up_proj,4528,549.976
gate_up_proj,4544,550.435
gate_up_proj,4560,550.041
gate_up_proj,4576,550.051
gate_up_proj,4592,549.944
gate_up_proj,4608,550.52
gate_up_proj,4624,550.403
gate_up_proj,4640,550.509
gate_up_proj,4656,550.285
gate_up_proj,4672,550.392
gate_up_proj,4688,550.766
gate_up_proj,4704,550.754
gate_up_proj,4720,550.52
gate_up_proj,4736,550.349
gate_up_proj,4752,551.032
gate_up_proj,4768,550.691
gate_up_proj,4784,550.83
gate_up_proj,4800,550.328
gate_up_proj,4816,550.99
gate_up_proj,4832,551.149
gate_up_proj,4848,550.562
gate_up_proj,4864,550.691
gate_up_proj,4880,551.139
gate_up_proj,4896,550.84
gate_up_proj,4912,551.096
gate_up_proj,4928,550.872
gate_up_proj,4944,551.181
gate_up_proj,4960,551.075
gate_up_proj,4976,551.118
gate_up_proj,4992,551.022
gate_up_proj,5008,627.183
gate_up_proj,5024,627.279
gate_up_proj,5040,627.162
gate_up_proj,5056,627.152
gate_up_proj,5072,627.034
gate_up_proj,5088,627.279
gate_up_proj,5104,627.247
gate_up_proj,5120,627.535
gate_up_proj,5136,627.759
gate_up_proj,5152,677.147
gate_up_proj,5168,676.987
gate_up_proj,5184,676.955
gate_up_proj,5200,676.858
gate_up_proj,5216,677.169
gate_up_proj,5232,677.179
gate_up_proj,5248,677.393
gate_up_proj,5264,679.068
gate_up_proj,5280,679.281
gate_up_proj,5296,679.366
gate_up_proj,5312,680.134
gate_up_proj,5328,679.654
gate_up_proj,5344,679.643
gate_up_proj,5360,679.76
gate_up_proj,5376,679.835
gate_up_proj,5392,682.32
gate_up_proj,5408,682.129
gate_up_proj,5424,682.107
gate_up_proj,5440,682.502
gate_up_proj,5456,682.342
gate_up_proj,5472,682.843
gate_up_proj,5488,682.704
gate_up_proj,5504,682.897
gate_up_proj,5520,684.678
gate_up_proj,5536,684.816
gate_up_proj,5552,685.243
gate_up_proj,5568,685.307
gate_up_proj,5584,685.126
gate_up_proj,5600,685.307
gate_up_proj,5616,686.118
gate_up_proj,5632,685.926
gate_up_proj,5648,688.603
gate_up_proj,5664,688.38
gate_up_proj,5680,688.486
gate_up_proj,5696,688.817
gate_up_proj,5712,689.254
gate_up_proj,5728,689.467
gate_up_proj,5744,689.926
gate_up_proj,5760,689.531
gate_up_proj,5776,766.643
gate_up_proj,5792,767.582
gate_up_proj,5808,767.614
gate_up_proj,5824,768.732
gate_up_proj,5840,768.51
gate_up_proj,5856,768.957
gate_up_proj,5872,767.518
gate_up_proj,5888,767.976
gate_up_proj,5904,767.357
gate_up_proj,5920,767.166
gate_up_proj,5936,768.094
gate_up_proj,5952,768.339
gate_up_proj,5968,767.934
gate_up_proj,5984,769.181
gate_up_proj,6000,768.979
gate_up_proj,6016,769.416
gate_up_proj,6032,769.619
gate_up_proj,6048,768.521
gate_up_proj,6064,768.253
gate_up_proj,6080,769.118
gate_up_proj,6096,769.673
gate_up_proj,6112,769.971
gate_up_proj,6128,769.799
gate_up_proj,6144,770.344
gate_up_proj,6160,768.957
gate_up_proj,6176,769.64
gate_up_proj,6192,769.704
gate_up_proj,6208,770.312
gate_up_proj,6224,770.098
gate_up_proj,6240,770.664
gate_up_proj,6256,770.664
gate_up_proj,6272,770.941
gate_up_proj,6288,770.419
gate_up_proj,6304,770.738
gate_up_proj,6320,770.803
gate_up_proj,6336,770.696
gate_up_proj,6352,771.006
gate_up_proj,6368,771.357
gate_up_proj,6384,771.442
gate_up_proj,6400,771.71
gate_up_proj,6416,770.632
gate_up_proj,6432,771.122
gate_up_proj,6448,771.154
gate_up_proj,6464,771.645
gate_up_proj,6480,771.613
gate_up_proj,6496,771.539
gate_up_proj,6512,772.2
gate_up_proj,6528,772.232
gate_up_proj,6544,844.724
gate_up_proj,6560,844.863
gate_up_proj,6576,845.023
gate_up_proj,6592,844.533
gate_up_proj,6608,844.661
gate_up_proj,6624,844.522
gate_up_proj,6640,845.044
gate_up_proj,6656,845.205
gate_up_proj,6672,846.816
gate_up_proj,6688,847.05
gate_up_proj,6704,847.114
gate_up_proj,6720,846.933
gate_up_proj,6736,847.519
gate_up_proj,6752,846.869
gate_up_proj,6768,847.765
gate_up_proj,6784,847.721
gate_up_proj,6800,850.517
gate_up_proj,6816,850.901
gate_up_proj,6832,851.093
gate_up_proj,6848,850.592
gate_up_proj,6864,851.295
gate_up_proj,6880,850.773
gate_up_proj,6896,850.709
gate_up_proj,6912,851.551
gate_up_proj,6928,854.367
gate_up_proj,6944,854.036
gate_up_proj,6960,854.164
gate_up_proj,6976,854.378
gate_up_proj,6992,854.901
gate_up_proj,7008,854.933
gate_up_proj,7024,855.061
gate_up_proj,7040,855.647
gate_up_proj,7056,858.154
gate_up_proj,7072,857.973
gate_up_proj,7088,858.507
gate_up_proj,7104,858.538
gate_up_proj,7120,858.389
gate_up_proj,7136,858.976
gate_up_proj,7152,859.189
gate_up_proj,7168,859.797
gate_up_proj,7184,935.628
gate_up_proj,7200,935.287
gate_up_proj,7216,935.489
gate_up_proj,7232,936.801
gate_up_proj,7248,935.201
gate_up_proj,7264,938.412
gate_up_proj,7280,936.46
gate_up_proj,7296,936.29
gate_up_proj,7312,933.547
gate_up_proj,7328,934.636
gate_up_proj,7344,935.126
gate_up_proj,7360,934.572
gate_up_proj,7376,936.939
gate_up_proj,7392,936.386
gate_up_proj,7408,937.185
gate_up_proj,7424,936.151
gate_up_proj,7440,936.502
gate_up_proj,7456,935.138
gate_up_proj,7472,936.652
gate_up_proj,7488,936.716
gate_up_proj,7504,937.303
gate_up_proj,7520,937.537
gate_up_proj,7536,938.306
gate_up_proj,7552,938.668
gate_up_proj,7568,938.882
gate_up_proj,7584,938.615
gate_up_proj,7600,939.02
gate_up_proj,7616,939.265
gate_up_proj,7632,939.788
gate_up_proj,7648,939.702
gate_up_proj,7664,940.236
gate_up_proj,7680,940.054
gate_up_proj,7696,939.948
gate_up_proj,7712,940.033
gate_up_proj,7728,940.13
gate_up_proj,7744,940.119
gate_up_proj,7760,940.588
gate_up_proj,7776,940.695
gate_up_proj,7792,940.94
gate_up_proj,7808,941.154
gate_up_proj,7824,940.556
gate_up_proj,7840,940.524
gate_up_proj,7856,940.546
gate_up_proj,7872,940.727
gate_up_proj,7888,941.068
gate_up_proj,7904,941.537
gate_up_proj,7920,941.281
gate_up_proj,7936,941.986
gate_up_proj,7952,1011.87
gate_up_proj,7968,937.794
gate_up_proj,7984,938.188
gate_up_proj,8000,938.242
gate_up_proj,8016,938.22
gate_up_proj,8032,938.124
gate_up_proj,8048,938.135
gate_up_proj,8064,938.188
gate_up_proj,8080,938.274
gate_up_proj,8096,938.252
gate_up_proj,8112,938.231
gate_up_proj,8128,938.413
gate_up_proj,8144,938.807
gate_up_proj,8160,938.028
gate_up_proj,8176,938.721
gate_up_proj,8192,938.412
gate_up_proj,8208,938.742
gate_up_proj,8224,939.063
gate_up_proj,8240,938.999
gate_up_proj,8256,938.615
gate_up_proj,8272,938.722
gate_up_proj,8288,938.85
gate_up_proj,8304,938.881
gate_up_proj,8320,938.807
gate_up_proj,8336,939.307
gate_up_proj,8352,939.01
gate_up_proj,8368,939.074
gate_up_proj,8384,938.999
gate_up_proj,8400,939.073
gate_up_proj,8416,939.511
gate_up_proj,8432,938.988
gate_up_proj,8448,939.287
gate_up_proj,8464,939.692
gate_up_proj,8480,939.383
gate_up_proj,8496,939.255
gate_up_proj,8512,939.532
gate_up_proj,8528,939.414
gate_up_proj,8544,939.468
gate_up_proj,8560,939.521
gate_up_proj,8576,939.543
gate_up_proj,8592,939.991
gate_up_proj,8608,939.96
gate_up_proj,8624,939.787
gate_up_proj,8640,939.767
gate_up_proj,8656,939.927
gate_up_proj,8672,939.895
gate_up_proj,8688,940.023
gate_up_proj,8704,940.194
gate_up_proj,8720,1015.95
gate_up_proj,8736,1015.98
gate_up_proj,8752,1015.7
gate_up_proj,8768,1016.08
gate_up_proj,8784,1015.81
gate_up_proj,8800,1016.34
gate_up_proj,8816,1015.99
gate_up_proj,8832,1016.11
gate_up_proj,8848,1016.33
gate_up_proj,8864,1016.09
gate_up_proj,8880,1016.31
gate_up_proj,8896,1016.2
gate_up_proj,8912,1016.21
gate_up_proj,8928,1016.13
gate_up_proj,8944,1016.26
gate_up_proj,8960,1016.2
gate_up_proj,8976,1016.28
gate_up_proj,8992,1016.53
gate_up_proj,9008,1016.63
gate_up_proj,9024,1016.73
gate_up_proj,9040,1016.92
gate_up_proj,9056,1016.79
gate_up_proj,9072,1016.77
gate_up_proj,9088,1016.51
gate_up_proj,9104,1016.88
gate_up_proj,9120,1016.63
gate_up_proj,9136,1016.94
gate_up_proj,9152,1017.13
gate_up_proj,9168,1017.05
gate_up_proj,9184,1017
gate_up_proj,9200,1016.97
gate_up_proj,9216,1016.83
gate_up_proj,9232,1017.29
gate_up_proj,9248,1017.06
gate_up_proj,9264,1017.21
gate_up_proj,9280,1016.92
gate_up_proj,9296,1017.3
gate_up_proj,9312,1017.3
gate_up_proj,9328,1111.58
gate_up_proj,9344,1112.13
gate_up_proj,9360,1092.68
gate_up_proj,9376,1093.04
gate_up_proj,9392,1093.01
gate_up_proj,9408,1092.92
gate_up_proj,9424,1093.25
gate_up_proj,9440,1093.01
gate_up_proj,9456,1093.05
gate_up_proj,9472,1092.76
gate_up_proj,9488,1093.36
gate_up_proj,9504,1093.07
gate_up_proj,9520,1093.73
gate_up_proj,9536,1093.68
gate_up_proj,9552,1093.36
gate_up_proj,9568,1093.44
gate_up_proj,9584,1093.72
gate_up_proj,9600,1093.37
gate_up_proj,9616,1093.85
gate_up_proj,9632,1093.95
gate_up_proj,9648,1094.18
gate_up_proj,9664,1093.87
gate_up_proj,9680,1093.81
gate_up_proj,9696,1094.13
gate_up_proj,9712,1093.98
gate_up_proj,9728,1093.97
gate_up_proj,9744,1094.52
gate_up_proj,9760,1094.04
gate_up_proj,9776,1094.4
gate_up_proj,9792,1094.44
gate_up_proj,9808,1094.17
gate_up_proj,9824,1094.37
gate_up_proj,9840,1094.12
gate_up_proj,9856,1094.38
gate_up_proj,9872,1094.81
gate_up_proj,9888,1094.48
gate_up_proj,9904,1094.65
gate_up_proj,9920,1094.6
gate_up_proj,9936,1094.5
gate_up_proj,9952,1094.75
gate_up_proj,9968,1094.76
gate_up_proj,9984,1094.52
gate_up_proj,10000,1095.08
gate_up_proj,10016,1095.12
gate_up_proj,10032,1095.08
gate_up_proj,10048,1095.09
gate_up_proj,10064,1094.93
gate_up_proj,10080,1095
gate_up_proj,10096,1095.26
gate_up_proj,10112,1095.26
gate_up_proj,10128,1269.82
gate_up_proj,10144,1271.19
gate_up_proj,10160,1271.73
gate_up_proj,10176,1272.61
gate_up_proj,10192,1271.78
gate_up_proj,10208,1273.24
gate_up_proj,10224,1272.68
gate_up_proj,10240,1280.92
gate_up_proj,10256,1282.21
gate_up_proj,10272,1282.51
gate_up_proj,10288,1282.66
gate_up_proj,10304,1282.61
gate_up_proj,10320,1282.61
gate_up_proj,10336,1282.9
gate_up_proj,10352,1283.5
gate_up_proj,10368,1282.9
gate_up_proj,10384,1283.31
gate_up_proj,10400,1282.79
gate_up_proj,10416,1283.16
gate_up_proj,10432,1283.04
gate_up_proj,10448,1282.66
gate_up_proj,10464,1283.73
gate_up_proj,10480,1283.47
gate_up_proj,10496,1283.79
gate_up_proj,10512,1283.44
gate_up_proj,10528,1283.17
gate_up_proj,10544,1283.22
gate_up_proj,10560,1283.59
gate_up_proj,10576,1283.08
gate_up_proj,10592,1283.29
gate_up_proj,10608,1284.15
gate_up_proj,10624,1283.11
gate_up_proj,10640,1283.48
gate_up_proj,10656,1283.58
gate_up_proj,10672,1284
gate_up_proj,10688,1283.95
gate_up_proj,10704,1283.77
gate_up_proj,10720,1283.43
gate_up_proj,10736,1283.5
gate_up_proj,10752,1283.85
gate_up_proj,10768,1283.45
gate_up_proj,10784,1283.57
gate_up_proj,10800,1283.27
gate_up_proj,10816,1283.44
gate_up_proj,10832,1283.9
gate_up_proj,10848,1283.53
gate_up_proj,10864,1283.71
gate_up_proj,10880,1283.85
gate_up_proj,10896,1283.85
gate_up_proj,10912,1283.96
gate_up_proj,10928,1283.8
gate_up_proj,10944,1284.25
gate_up_proj,10960,1284.04
gate_up_proj,10976,1283.82
gate_up_proj,10992,1283.81
gate_up_proj,11008,1283.96
gate_up_proj,11024,1284.03
gate_up_proj,11040,1283.78
gate_up_proj,11056,1284.3
gate_up_proj,11072,1283.9
gate_up_proj,11088,1284.02
gate_up_proj,11104,1284.29
gate_up_proj,11120,1284.06
gate_up_proj,11136,1284.07
gate_up_proj,11152,1284.12
gate_up_proj,11168,1284.21
gate_up_proj,11184,1283.91
gate_up_proj,11200,1284.05
gate_up_proj,11216,1283.97
gate_up_proj,11232,1284.17
gate_up_proj,11248,1284.06
gate_up_proj,11264,1283.8
gate_up_proj,11280,1283.93
gate_up_proj,11296,1284.23
gate_up_proj,11312,1284.28
gate_up_proj,11328,1283.98
gate_up_proj,11344,1284.21
gate_up_proj,11360,1283.59
gate_up_proj,11376,1283.69
gate_up_proj,11392,1283.84
gate_up_proj,11408,1284.15
gate_up_proj,11424,1283.85
gate_up_proj,11440,1283.74
gate_up_proj,11456,1284.31
gate_up_proj,11472,1284.11
gate_up_proj,11488,1284.24
gate_up_proj,11504,1283.79
gate_up_proj,11520,1284
gate_up_proj,11536,1438.57
gate_up_proj,11552,1439.43
gate_up_proj,11568,1440.03
gate_up_proj,11584,1437.45
gate_up_proj,11600,1437.79
gate_up_proj,11616,1439.21
gate_up_proj,11632,1438.35
gate_up_proj,11648,1436.6
gate_up_proj,11664,1441.44
gate_up_proj,11680,1442.12
gate_up_proj,11696,1441.57
gate_up_proj,11712,1441.74
gate_up_proj,11728,1441.8
gate_up_proj,11744,1443.21
gate_up_proj,11760,1440.09
gate_up_proj,11776,1441.73
gate_up_proj,11792,1443.02
gate_up_proj,11808,1442.91
gate_up_proj,11824,1442.63
gate_up_proj,11840,1441.86
gate_up_proj,11856,1441.77
gate_up_proj,11872,1442.87
gate_up_proj,11888,1443.28
gate_up_proj,11904,1443.64
gate_up_proj,11920,1443.04
gate_up_proj,11936,1443.36
gate_up_proj,11952,1443.56
gate_up_proj,11968,1442.34
gate_up_proj,11984,1443.8
gate_up_proj,12000,1442.99
gate_up_proj,12016,1443.32
gate_up_proj,12032,1443.18
gate_up_proj,12048,1444.12
gate_up_proj,12064,1443.27
gate_up_proj,12080,1443.4
gate_up_proj,12096,1442.58
gate_up_proj,12112,1443.48
gate_up_proj,12128,1443.27
gate_up_proj,12144,1443.46
gate_up_proj,12160,1443.21
gate_up_proj,12176,1443.33
gate_up_proj,12192,1444.52
gate_up_proj,12208,1443.76
gate_up_proj,12224,1443.58
gate_up_proj,12240,1443.46
gate_up_proj,12256,1443.37
gate_up_proj,12272,1444.03
gate_up_proj,12288,1443.95
gate_up_proj,12304,1444.28
gate_up_proj,12320,1444.29
gate_up_proj,12336,1444
gate_up_proj,12352,1443.62
gate_up_proj,12368,1443.83
gate_up_proj,12384,1443.89
gate_up_proj,12400,1444.29
gate_up_proj,12416,1443.23
gate_up_proj,12432,1443.88
gate_up_proj,12448,1444.14
gate_up_proj,12464,1443.92
gate_up_proj,12480,1444.13
gate_up_proj,12496,1443.52
gate_up_proj,12512,1443.36
gate_up_proj,12528,1444.27
gate_up_proj,12544,1443.84
gate_up_proj,12560,1444.14
gate_up_proj,12576,1444.17
gate_up_proj,12592,1444
gate_up_proj,12608,1443.84
gate_up_proj,12624,1443.94
gate_up_proj,12640,1443.77
gate_up_proj,12656,1444.32
gate_up_proj,12672,1444.02
gate_up_proj,12688,1444.32
gate_up_proj,12704,1443.91
gate_up_proj,12720,1443.88
gate_up_proj,12736,1444.19
gate_up_proj,12752,1444.34
gate_up_proj,12768,1444.29
gate_up_proj,12784,1444.12
gate_up_proj,12800,1443.82
gate_up_proj,12816,1443.81
gate_up_proj,12832,1444.14
gate_up_proj,12848,1443.85
gate_up_proj,12864,1443.84
gate_up_proj,12880,1444.19
gate_up_proj,12896,1443.54
gate_up_proj,12912,1444.45
gate_up_proj,12928,1444.67
gate_up_proj,12944,1443.91
gate_up_proj,12960,1444.57
gate_up_proj,12976,1444.12
gate_up_proj,12992,1444.47
gate_up_proj,13008,1444.73
gate_up_proj,13024,1444.27
gate_up_proj,13040,1444.48
gate_up_proj,13056,1444.38
gate_up_proj,13072,1600.17
gate_up_proj,13088,1602.11
gate_up_proj,13104,1603
gate_up_proj,13120,1601.16
gate_up_proj,13136,1601.47
gate_up_proj,13152,1602.3
gate_up_proj,13168,1601.67
gate_up_proj,13184,1601.72
gate_up_proj,13200,1601.26
gate_up_proj,13216,1602.46
gate_up_proj,13232,1601.64
gate_up_proj,13248,1602.65
gate_up_proj,13264,1601.96
gate_up_proj,13280,1601.54
gate_up_proj,13296,1601.83
gate_up_proj,13312,1601.56
gate_up_proj,13328,1602.94
gate_up_proj,13344,1603.27
gate_up_proj,13360,1601.78
gate_up_proj,13376,1603.11
gate_up_proj,13392,1601.96
gate_up_proj,13408,1602.92
gate_up_proj,13424,1601.86
gate_up_proj,13440,1602.88
gate_up_proj,13456,1603.54
gate_up_proj,13472,1603.44
gate_up_proj,13488,1603.48
gate_up_proj,13504,1603.08
gate_up_proj,13520,1603.29
gate_up_proj,13536,1602.65
gate_up_proj,13552,1603.07
gate_up_proj,13568,1604.14
gate_up_proj,13584,1603.5
gate_up_proj,13600,1603.87
gate_up_proj,13616,1602.94
gate_up_proj,13632,1603.03
gate_up_proj,13648,1603.42
gate_up_proj,13664,1603.52
gate_up_proj,13680,1602.91
gate_up_proj,13696,1603.77
gate_up_proj,13712,1602.85
gate_up_proj,13728,1603.41
gate_up_proj,13744,1603.23
gate_up_proj,13760,1603.62
gate_up_proj,13776,1603.67
gate_up_proj,13792,1603.75
gate_up_proj,13808,1603.82
gate_up_proj,13824,1603.81
gate_up_proj,13840,1603.37
gate_up_proj,13856,1604.13
gate_up_proj,13872,1603.74
gate_up_proj,13888,1603.92
gate_up_proj,13904,1604.12
gate_up_proj,13920,1603.82
gate_up_proj,13936,1603.25
gate_up_proj,13952,1604.34
gate_up_proj,13968,1604.66
gate_up_proj,13984,1604.07
gate_up_proj,14000,1603.9
gate_up_proj,14016,1603.59
gate_up_proj,14032,1604.47
gate_up_proj,14048,1604.32
gate_up_proj,14064,1604.36
gate_up_proj,14080,1604.61
gate_up_proj,14096,1604.02
gate_up_proj,14112,1604.05
gate_up_proj,14128,1604.73
gate_up_proj,14144,1604.12
gate_up_proj,14160,1604.44
gate_up_proj,14176,1604.52
gate_up_proj,14192,1604.43
gate_up_proj,14208,1604.82
gate_up_proj,14224,1604.39
gate_up_proj,14240,1603.79
gate_up_proj,14256,1604.36
gate_up_proj,14272,1604.54
gate_up_proj,14288,1604.4
gate_up_proj,14304,1604.35
gate_up_proj,14320,1604.37
gate_up_proj,14336,1604.48
gate_up_proj,14352,1604.85
gate_up_proj,14368,1604.24
gate_up_proj,14384,1604.7
gate_up_proj,14400,1604.28
gate_up_proj,14416,1604.32
gate_up_proj,14432,1603.95
gate_up_proj,14448,1604.69
gate_up_proj,14464,1604.94
gate_up_proj,14480,1760.12
gate_up_proj,14496,1759.99
gate_up_proj,14512,1759.78
gate_up_proj,14528,1759
gate_up_proj,14544,1760.19
gate_up_proj,14560,1758.93
gate_up_proj,14576,1758.52
gate_up_proj,14592,1761.43
gate_up_proj,14608,1760.7
gate_up_proj,14624,1762.4
gate_up_proj,14640,1760.99
gate_up_proj,14656,1762.23
gate_up_proj,14672,1760.57
gate_up_proj,14688,1761.8
gate_up_proj,14704,1762.04
gate_up_proj,14720,1760.46
gate_up_proj,14736,1762.75
gate_up_proj,14752,1762.69
gate_up_proj,14768,1762.6
gate_up_proj,14784,1762.79
gate_up_proj,14800,1762.83
gate_up_proj,14816,1761.95
gate_up_proj,14832,1762.34
gate_up_proj,14848,1763.58
gate_up_proj,14864,1762.91
gate_up_proj,14880,1761.31
gate_up_proj,14896,1762.93
gate_up_proj,14912,1763.24
gate_up_proj,14928,1762.73
gate_up_proj,14944,1762.02
gate_up_proj,14960,1762.34
gate_up_proj,14976,1763.5
gate_up_proj,14992,1762.02
gate_up_proj,15008,1763.21
gate_up_proj,15024,1762.74
gate_up_proj,15040,1764.06
gate_up_proj,15056,1763.58
gate_up_proj,15072,1762.52
gate_up_proj,15088,1762.7
gate_up_proj,15104,1763.36
gate_up_proj,15120,1763.96
gate_up_proj,15136,1764.41
gate_up_proj,15152,1763.62
gate_up_proj,15168,1762.86
gate_up_proj,15184,1764.21
gate_up_proj,15200,1763.81
gate_up_proj,15216,1763.23
gate_up_proj,15232,1763.85
gate_up_proj,15248,1762.8
gate_up_proj,15264,1763.35
gate_up_proj,15280,1764.45
gate_up_proj,15296,1763.96
gate_up_proj,15312,1763.39
gate_up_proj,15328,1763.96
gate_up_proj,15344,1763.97
gate_up_proj,15360,1763.98
gate_up_proj,15376,1764.01
gate_up_proj,15392,1763.35
gate_up_proj,15408,1764.16
gate_up_proj,15424,1764
gate_up_proj,15440,1763.68
gate_up_proj,15456,1763.48
gate_up_proj,15472,1763.07
gate_up_proj,15488,1764.15
gate_up_proj,15504,1764.04
gate_up_proj,15520,1764.18
gate_up_proj,15536,1764.2
gate_up_proj,15552,1764.32
gate_up_proj,15568,1765.11
gate_up_proj,15584,1763.8
gate_up_proj,15600,1763.17
gate_up_proj,15616,1764.19
gate_up_proj,15632,1763.48
gate_up_proj,15648,1764.14
gate_up_proj,15664,1764.77
gate_up_proj,15680,1764.52
gate_up_proj,15696,1764.1
gate_up_proj,15712,1763.59
gate_up_proj,15728,1763.2
gate_up_proj,15744,1763.59
gate_up_proj,15760,1763.65
gate_up_proj,15776,1764.5
gate_up_proj,15792,1763.22
gate_up_proj,15808,1764.61
gate_up_proj,15824,1764.69
gate_up_proj,15840,1764.17
gate_up_proj,15856,1764.02
gate_up_proj,15872,1764
gate_up_proj,15888,1917.37
gate_up_proj,15904,1916.74
gate_up_proj,15920,1916.87
gate_up_proj,15936,1913.74
gate_up_proj,15952,1918.55
gate_up_proj,15968,1918.01
gate_up_proj,15984,1913.84
gate_up_proj,16000,1915.42
gate_up_proj,16016,1921.1
gate_up_proj,16032,1917.81
gate_up_proj,16048,1918.63
gate_up_proj,16064,1918.04
gate_up_proj,16080,1918.99
gate_up_proj,16096,1921.84
gate_up_proj,16112,1920.42
gate_up_proj,16128,1919.39
gate_up_proj,16144,1921.65
gate_up_proj,16160,1920.53
gate_up_proj,16176,1920.53
gate_up_proj,16192,1922.25
gate_up_proj,16208,1922.33
gate_up_proj,16224,1923.13
gate_up_proj,16240,1920.75
gate_up_proj,16256,1921.96
gate_up_proj,16272,1921.29
gate_up_proj,16288,1921.37
gate_up_proj,16304,1923.14
gate_up_proj,16320,1921.3
gate_up_proj,16336,1921.2
gate_up_proj,16352,1922.54
gate_up_proj,16368,1924.03
gate_up_proj,16384,1921.2
gate_up_proj,16400,1921.81
gate_up_proj,16416,1923.93
gate_up_proj,16432,1922.47
gate_up_proj,16448,1922.03
gate_up_proj,16464,1920.39
gate_up_proj,16480,1923.75
gate_up_proj,16496,1922.78
gate_up_proj,16512,1922.65
gate_up_proj,16528,1922.67
gate_up_proj,16544,1922.33
gate_up_proj,16560,1923.29
gate_up_proj,16576,1922.35
gate_up_proj,16592,1922.31
gate_up_proj,16608,1922.99
gate_up_proj,16624,1923.09
gate_up_proj,16640,1923.64
gate_up_proj,16656,1922.95
gate_up_proj,16672,1923.43
gate_up_proj,16688,1923.76
gate_up_proj,16704,1923.45
gate_up_proj,16720,1923.99
gate_up_proj,16736,1923.64
gate_up_proj,16752,1923.18
gate_up_proj,16768,1923.94
gate_up_proj,16784,1923.62
gate_up_proj,16800,1923.97
gate_up_proj,16816,1923.6
gate_up_proj,16832,1923.94
gate_up_proj,16848,1923.07
gate_up_proj,16864,1923.63
gate_up_proj,16880,1924.64
gate_up_proj,16896,1923.9
gate_up_proj,16912,1924.96
gate_up_proj,16928,1924.11
gate_up_proj,16944,1923.9
gate_up_proj,16960,1926.03
gate_up_proj,16976,1924.61
gate_up_proj,16992,1924.45
gate_up_proj,17008,1924.53
gate_up_proj,17024,1924.99
gate_up_proj,17040,1925.23
gate_up_proj,17056,1924.76
gate_up_proj,17072,1924.61
gate_up_proj,17088,1923.5
gate_up_proj,17104,1924.89
gate_up_proj,17120,1924.03
gate_up_proj,17136,1924.31
gate_up_proj,17152,1924.57
gate_up_proj,17168,1924.51
gate_up_proj,17184,1925.36
gate_up_proj,17200,1924.45
gate_up_proj,17216,1925.47
gate_up_proj,17232,1924.42
gate_up_proj,17248,1925.57
gate_up_proj,17264,1924.65
gate_up_proj,17280,1925.88
gate_up_proj,17296,1925.09
gate_up_proj,17312,1925.3
gate_up_proj,17328,1924.73
gate_up_proj,17344,1925.52
gate_up_proj,17360,1925.07
gate_up_proj,17376,1925.13
gate_up_proj,17392,1925.25
gate_up_proj,17408,1925.17
gate_up_proj,17424,2078.78
gate_up_proj,17440,2078.18
gate_up_proj,17456,2080.18
gate_up_proj,17472,2080.72
gate_up_proj,17488,2079.25
gate_up_proj,17504,2077.77
gate_up_proj,17520,2080.98
gate_up_proj,17536,2079.69
gate_up_proj,17552,2081.02
gate_up_proj,17568,2080.86
gate_up_proj,17584,2079.45
gate_up_proj,17600,2084.87
gate_up_proj,17616,2080.33
gate_up_proj,17632,2079.42
gate_up_proj,17648,2080.27
gate_up_proj,17664,2081.72
gate_up_proj,17680,2083.22
gate_up_proj,17696,2080.6
gate_up_proj,17712,2083
gate_up_proj,17728,2082.75
gate_up_proj,17744,2082.98
gate_up_proj,17760,2083.46
gate_up_proj,17776,2082.46
gate_up_proj,17792,2082.17
gate_up_proj,17808,2083.91
gate_up_proj,17824,2083.91
gate_up_proj,17840,2082.54
gate_up_proj,17856,2084.36
gate_up_proj,17872,2082.41
gate_up_proj,17888,2083.07
gate_up_proj,17904,2082.64
gate_up_proj,17920,2083.15
gate_up_proj,17936,2083.94
gate_up_proj,17952,2082.09
gate_up_proj,17968,2084.05
gate_up_proj,17984,2084.03
gate_up_proj,18000,2083.49
gate_up_proj,18016,2084.12
gate_up_proj,18032,2084.57
gate_up_proj,18048,2081.99
gate_up_proj,18064,2083.79
gate_up_proj,18080,2083.92
gate_up_proj,18096,2082.77
gate_up_proj,18112,2083.8
gate_up_proj,18128,2083.83
gate_up_proj,18144,2083.52
gate_up_proj,18160,2084.69
gate_up_proj,18176,2083.69
gate_up_proj,18192,2084.71
gate_up_proj,18208,2083.26
gate_up_proj,18224,2085.2
gate_up_proj,18240,2084.48
gate_up_proj,18256,2083.01
gate_up_proj,18272,2085.49
gate_up_proj,18288,2084.32
gate_up_proj,18304,2085.55
gate_up_proj,18320,2084.04
gate_up_proj,18336,2083.77
gate_up_proj,18352,2082.57
gate_up_proj,18368,2085.01
gate_up_proj,18384,2084.14
gate_up_proj,18400,2083.86
gate_up_proj,18416,2084.56
gate_up_proj,18432,2084.57
gate_up_proj,18448,2083
gate_up_proj,18464,2084.23
gate_up_proj,18480,2084.47
gate_up_proj,18496,2085.25
gate_up_proj,18512,2083.91
gate_up_proj,18528,2083.43
gate_up_proj,18544,2085.31
gate_up_proj,18560,2083.65
gate_up_proj,18576,2083.94
gate_up_proj,18592,2083.87
gate_up_proj,18608,2082.56
gate_up_proj,18624,2082.68
gate_up_proj,18640,2083.89
gate_up_proj,18656,2083.85
gate_up_proj,18672,2083.6
gate_up_proj,18688,2083.52
gate_up_proj,18704,2084.7
gate_up_proj,18720,2084.11
gate_up_proj,18736,2083.49
gate_up_proj,18752,2082.58
gate_up_proj,18768,2082.9
gate_up_proj,18784,2083.7
gate_up_proj,18800,2083.97
gate_up_proj,18816,2084.54
gate_up_proj,18832,2235.29
gate_up_proj,18848,2236.8
gate_up_proj,18864,2235.1
gate_up_proj,18880,2239.78
gate_up_proj,18896,2236.38
gate_up_proj,18912,2237.01
gate_up_proj,18928,2234.91
gate_up_proj,18944,2235.35
gate_up_proj,18960,2238.14
gate_up_proj,18976,2237.8
gate_up_proj,18992,2240.16
gate_up_proj,19008,2239.11
gate_up_proj,19024,2238.6
gate_up_proj,19040,2241.01
gate_up_proj,19056,2236
gate_up_proj,19072,2239.19
gate_up_proj,19088,2237.48
gate_up_proj,19104,2240.39
gate_up_proj,19120,2238.92
gate_up_proj,19136,2236.7
gate_up_proj,19152,2239.42
gate_up_proj,19168,2239.77
gate_up_proj,19184,2240.37
gate_up_proj,19200,2240.02
gate_up_proj,19216,2239.81
gate_up_proj,19232,2240.69
gate_up_proj,19248,2240.14
gate_up_proj,19264,2243.58
gate_up_proj,19280,2240.27
gate_up_proj,19296,2243.38
gate_up_proj,19312,2239.08
gate_up_proj,19328,2243.27
gate_up_proj,19344,2243.33
gate_up_proj,19360,2241.15
gate_up_proj,19376,2241.96
gate_up_proj,19392,2243.13
gate_up_proj,19408,2243.09
gate_up_proj,19424,2242.45
gate_up_proj,19440,2242.61
gate_up_proj,19456,2242.69
gate_up_proj,19472,2242.73
gate_up_proj,19488,2241.55
gate_up_proj,19504,2243.06
gate_up_proj,19520,2244.12
gate_up_proj,19536,2242.52
gate_up_proj,19552,2244
gate_up_proj,19568,2241.65
gate_up_proj,19584,2242.78
gate_up_proj,19600,2243.32
gate_up_proj,19616,2244.89
gate_up_proj,19632,2244.09
gate_up_proj,19648,2244.85
gate_up_proj,19664,2243.03
gate_up_proj,19680,2243.33
gate_up_proj,19696,2244.27
gate_up_proj,19712,2243.3
gate_up_proj,19728,2242.21
gate_up_proj,19744,2244.06
gate_up_proj,19760,2242.26
gate_up_proj,19776,2242.92
gate_up_proj,19792,2242.95
gate_up_proj,19808,2242.82
gate_up_proj,19824,2245.4
gate_up_proj,19840,2243.32
gate_up_proj,19856,2244.55
gate_up_proj,19872,2245.2
gate_up_proj,19888,2243.21
gate_up_proj,19904,2244.09
gate_up_proj,19920,2245.88
gate_up_proj,19936,2245.34
gate_up_proj,19952,2243.95
gate_up_proj,19968,2243.16
gate_up_proj,19984,2242.48
gate_up_proj,20000,2243.51
gate_up_proj,20016,2242.7
gate_up_proj,20032,2242.74
gate_up_proj,20048,2243.83
gate_up_proj,20064,2242.7
gate_up_proj,20080,2245.02
gate_up_proj,20096,2243.57
gate_up_proj,20112,2245.02
gate_up_proj,20128,2242.7
gate_up_proj,20144,2243.17
gate_up_proj,20160,2244.41
gate_up_proj,20176,2243.49
gate_up_proj,20192,2243.65
gate_up_proj,20208,2242.34
gate_up_proj,20224,2244.17
gate_up_proj,20240,2394.69
gate_up_proj,20256,2392.06
gate_up_proj,20272,2392.75
gate_up_proj,20288,2393.36
gate_up_proj,20304,2394.74
gate_up_proj,20320,2396.61
gate_up_proj,20336,2392.34
gate_up_proj,20352,2394.38
gate_up_proj,20368,2399.17
gate_up_proj,20384,2396.15
gate_up_proj,20400,2395.41
gate_up_proj,20416,2394.46
gate_up_proj,20432,2394.74
gate_up_proj,20448,2398.21
gate_up_proj,20464,2400.78
gate_up_proj,20480,2398.74
gate_up_proj,20496,2401.22
gate_up_proj,20512,2399.54
gate_up_proj,20528,2400.49
gate_up_proj,20544,2400.8
gate_up_proj,20560,2399.74
gate_up_proj,20576,2400.71
gate_up_proj,20592,2400.04
gate_up_proj,20608,2398.43
gate_up_proj,20624,2405.96
gate_up_proj,20640,2401.66
gate_up_proj,20656,2402.28
gate_up_proj,20672,2401.92
gate_up_proj,20688,2399.03
gate_up_proj,20704,2403.55
gate_up_proj,20720,2399.18
gate_up_proj,20736,2402.1
gate_up_proj,20752,2400.25
gate_up_proj,20768,2400.61
gate_up_proj,20784,2401.01
gate_up_proj,20800,2404.53
gate_up_proj,20816,2402.21
gate_up_proj,20832,2401.93
gate_up_proj,20848,2403.12
gate_up_proj,20864,2401.21
gate_up_proj,20880,2403.27
gate_up_proj,20896,2402.01
gate_up_proj,20912,2402.78
gate_up_proj,20928,2402.36
gate_up_proj,20944,2404.08
gate_up_proj,20960,2404.03
gate_up_proj,20976,2402.25
gate_up_proj,20992,2401.57
gate_up_proj,21008,2401.53
gate_up_proj,21024,2401.26
gate_up_proj,21040,2402.95
gate_up_proj,21056,2400.69
gate_up_proj,21072,2402.63
gate_up_proj,21088,2401.34
gate_up_proj,21104,2401.1
gate_up_proj,21120,2403.08
gate_up_proj,21136,2401.38
gate_up_proj,21152,2403.66
gate_up_proj,21168,2401.38
gate_up_proj,21184,2402.53
gate_up_proj,21200,2403.25
gate_up_proj,21216,2403.69
gate_up_proj,21232,2401.75
gate_up_proj,21248,2402.18
gate_up_proj,21264,2402.98
gate_up_proj,21280,2402.3
gate_up_proj,21296,2400.82
gate_up_proj,21312,2401.06
gate_up_proj,21328,2402.3
gate_up_proj,21344,2403.67
gate_up_proj,21360,2402.16
gate_up_proj,21376,2403.38
gate_up_proj,21392,2402.34
gate_up_proj,21408,2401.65
gate_up_proj,21424,2402.5
gate_up_proj,21440,2401.68
gate_up_proj,21456,2401.58
gate_up_proj,21472,2402.81
gate_up_proj,21488,2403.81
gate_up_proj,21504,2402.54
gate_up_proj,21520,2402.72
gate_up_proj,21536,2402.25
gate_up_proj,21552,2403.3
gate_up_proj,21568,2402.37
gate_up_proj,21584,2403.26
gate_up_proj,21600,2402.95
gate_up_proj,21616,2403.2
gate_up_proj,21632,2403.43
gate_up_proj,21648,2402.88
gate_up_proj,21664,2403.5
gate_up_proj,21680,2404.16
gate_up_proj,21696,2402.74
gate_up_proj,21712,2405.05
gate_up_proj,21728,2404.02
gate_up_proj,21744,2404.58
gate_up_proj,21760,2402.91
gate_up_proj,21776,2555.57
gate_up_proj,21792,2552.7
gate_up_proj,21808,2560.44
gate_up_proj,21824,2554.28
gate_up_proj,21840,2555.64
gate_up_proj,21856,2559.78
gate_up_proj,21872,2553.2
gate_up_proj,21888,2556.6
gate_up_proj,21904,2556.27
gate_up_proj,21920,2558.17
gate_up_proj,21936,2555.55
gate_up_proj,21952,2559.12
gate_up_proj,21968,2556
gate_up_proj,21984,2554.94
gate_up_proj,22000,2553.29
gate_up_proj,22016,2559.37
gate_up_proj,22032,2560.7
gate_up_proj,22048,2558.5
gate_up_proj,22064,2558.02
gate_up_proj,22080,2557.63
gate_up_proj,22096,2559.99
gate_up_proj,22112,2559.39
gate_up_proj,22128,2558.53
gate_up_proj,22144,2562.19
gate_up_proj,22160,2560.55
gate_up_proj,22176,2560.06
gate_up_proj,22192,2559
gate_up_proj,22208,2563.7
gate_up_proj,22224,2560.81
gate_up_proj,22240,2560.76
gate_up_proj,22256,2562.92
gate_up_proj,22272,2564.86
gate_up_proj,22288,2561.33
gate_up_proj,22304,2563.62
gate_up_proj,22320,2562.15
gate_up_proj,22336,2565.15
gate_up_proj,22352,2563.37
gate_up_proj,22368,2559.98
gate_up_proj,22384,2564.87
gate_up_proj,22400,2562.03
gate_up_proj,22416,2561.51
gate_up_proj,22432,2563.34
gate_up_proj,22448,2563.32
gate_up_proj,22464,2562.62
gate_up_proj,22480,2561.85
gate_up_proj,22496,2562.96
gate_up_proj,22512,2563.51
gate_up_proj,22528,2563.22
gate_up_proj,22544,2563.9
gate_up_proj,22560,2563.14
gate_up_proj,22576,2561.35
gate_up_proj,22592,2564.07
gate_up_proj,22608,2563.76
gate_up_proj,22624,2563.17
gate_up_proj,22640,2562.09
gate_up_proj,22656,2563.36
gate_up_proj,22672,2563.75
gate_up_proj,22688,2561.78
gate_up_proj,22704,2565.08
gate_up_proj,22720,2561.71
gate_up_proj,22736,2562.88
gate_up_proj,22752,2563.97
gate_up_proj,22768,2562.04
gate_up_proj,22784,2563.85
gate_up_proj,22800,2561.86
gate_up_proj,22816,2564.66
gate_up_proj,22832,2562.47
gate_up_proj,22848,2562.35
gate_up_proj,22864,2562.84
gate_up_proj,22880,2562.57
gate_up_proj,22896,2564.04
gate_up_proj,22912,2563.02
gate_up_proj,22928,2562.17
gate_up_proj,22944,2564.09
gate_up_proj,22960,2563.53
gate_up_proj,22976,2563.88
gate_up_proj,22992,2561.54
gate_up_proj,23008,2564.72
gate_up_proj,23024,2564.3
gate_up_proj,23040,2562.29
gate_up_proj,23056,2564.66
gate_up_proj,23072,2561.4
gate_up_proj,23088,2563.74
gate_up_proj,23104,2563.26
gate_up_proj,23120,2562.29
gate_up_proj,23136,2564.12
gate_up_proj,23152,2563.72
gate_up_proj,23168,2564.85
gate_up_proj,23184,2711.28
gate_up_proj,23200,2712.32
gate_up_proj,23216,2714.19
gate_up_proj,23232,2712.46
gate_up_proj,23248,2712.17
gate_up_proj,23264,2719.38
gate_up_proj,23280,2716.3
gate_up_proj,23296,2718.84
gate_up_proj,23312,2713.91
gate_up_proj,23328,2716.38
gate_up_proj,23344,2719.24
gate_up_proj,23360,2720.21
gate_up_proj,23376,2715.1
gate_up_proj,23392,2718.84
gate_up_proj,23408,2716.1
gate_up_proj,23424,2711.83
gate_up_proj,23440,2715.25
gate_up_proj,23456,2719.11
gate_up_proj,23472,2719.82
gate_up_proj,23488,2718.06
gate_up_proj,23504,2718.49
gate_up_proj,23520,2721.32
gate_up_proj,23536,2719.68
gate_up_proj,23552,2720.76
gate_up_proj,23568,2721.09
gate_up_proj,23584,2719.25
gate_up_proj,23600,2718.99
gate_up_proj,23616,2725.38
gate_up_proj,23632,2719.24
gate_up_proj,23648,2718.66
gate_up_proj,23664,2721.74
gate_up_proj,23680,2717.02
gate_up_proj,23696,2721.79
gate_up_proj,23712,2721.11
gate_up_proj,23728,2720.55
gate_up_proj,23744,2720.81
gate_up_proj,23760,2721.15
gate_up_proj,23776,2724.79
gate_up_proj,23792,2720.85
gate_up_proj,23808,2724.55
gate_up_proj,23824,2721.17
gate_up_proj,23840,2723.98
gate_up_proj,23856,2723.38
gate_up_proj,23872,2721.73
gate_up_proj,23888,2722.35
gate_up_proj,23904,2723
gate_up_proj,23920,2724.08
gate_up_proj,23936,2724.76
gate_up_proj,23952,2722.66
gate_up_proj,23968,2724.15
gate_up_proj,23984,2724.17
gate_up_proj,24000,2724.05
gate_up_proj,24016,2722.43
gate_up_proj,24032,2722.27
gate_up_proj,24048,2724.03
gate_up_proj,24064,2722.95
gate_up_proj,24080,2722.16
gate_up_proj,24096,2721.01
gate_up_proj,24112,2722.35
gate_up_proj,24128,2722.21
gate_up_proj,24144,2723.28
gate_up_proj,24160,2723.9
gate_up_proj,24176,2723.74
gate_up_proj,24192,2722.11
gate_up_proj,24208,2725.27
gate_up_proj,24224,2722.97
gate_up_proj,24240,2721.25
gate_up_proj,24256,2722.89
gate_up_proj,24272,2722.48
gate_up_proj,24288,2722.4
gate_up_proj,24304,2724.43
gate_up_proj,24320,2818.57
gate_up_proj,24336,2720.82
gate_up_proj,24352,2722.12
gate_up_proj,24368,2719.71
gate_up_proj,24384,2722.4
gate_up_proj,24400,2721.62
gate_up_proj,24416,2722.05
gate_up_proj,24432,2721.15
gate_up_proj,24448,2724.67
gate_up_proj,24464,2723.51
gate_up_proj,24480,2722.47
gate_up_proj,24496,2724.23
gate_up_proj,24512,2721.62
gate_up_proj,24528,2723.11
gate_up_proj,24544,2723.09
gate_up_proj,24560,2723.38
gate_up_proj,24576,2722.4
gate_up_proj,24592,2868.47
gate_up_proj,24608,2869.15
gate_up_proj,24624,2869.18
gate_up_proj,24640,2868.55
gate_up_proj,24656,2871.03
gate_up_proj,24672,2869.18
gate_up_proj,24688,2874.02
gate_up_proj,24704,2868.8
gate_up_proj,24720,2872.58
gate_up_proj,24736,2874.28
gate_up_proj,24752,2879.55
gate_up_proj,24768,2876
gate_up_proj,24784,2877.71
gate_up_proj,24800,2872.39
gate_up_proj,24816,2877.9
gate_up_proj,24832,2872.14
gate_up_proj,24848,2881.09
gate_up_proj,24864,2873.09
gate_up_proj,24880,2879.2
gate_up_proj,24896,2883.91
gate_up_proj,24912,2873.35
gate_up_proj,24928,2880.05
gate_up_proj,24944,2874.31
gate_up_proj,24960,2879.11
gate_up_proj,24976,2883.33
gate_up_proj,24992,2879.65
gate_up_proj,25008,2878.16
gate_up_proj,25024,2879.58
gate_up_proj,25040,2878.23
gate_up_proj,25056,2877.49
gate_up_proj,25072,2878.25
gate_up_proj,25088,2877.23
gate_up_proj,25104,2877.49
gate_up_proj,25120,2760.41
gate_up_proj,25136,2760.13
gate_up_proj,25152,2761.91
gate_up_proj,25168,2759.28
gate_up_proj,25184,2759.15
gate_up_proj,25200,2881.94
gate_up_proj,25216,2878.51
gate_up_proj,25232,2881.63
gate_up_proj,25248,2880.95
gate_up_proj,25264,2882.24
gate_up_proj,25280,2880.21
gate_up_proj,25296,2880.54
gate_up_proj,25312,2881.81
gate_up_proj,25328,2882.66
gate_up_proj,25344,2881.78
gate_up_proj,25360,2879.02
gate_up_proj,25376,2883
gate_up_proj,25392,2880.88
gate_up_proj,25408,2880.64
gate_up_proj,25424,2881.3
gate_up_proj,25440,2883.48
gate_up_proj,25456,2881.3
gate_up_proj,25472,2882.6
gate_up_proj,25488,2880.53
gate_up_proj,25504,2880.78
gate_up_proj,25520,2883.94
gate_up_proj,25536,2883.12
gate_up_proj,25552,2882.12
gate_up_proj,25568,2881.47
gate_up_proj,25584,2882.34
gate_up_proj,25600,2880.87
gate_up_proj,25616,2882.83
gate_up_proj,25632,2880.09
gate_up_proj,25648,2881.35
gate_up_proj,25664,2881.16
gate_up_proj,25680,2880.36
gate_up_proj,25696,2879.71
gate_up_proj,25712,2882.08
gate_up_proj,25728,2881.35
gate_up_proj,25744,2882.33
gate_up_proj,25760,2880.4
gate_up_proj,25776,2880.97
gate_up_proj,25792,2882.04
gate_up_proj,25808,2884.95
gate_up_proj,25824,2880.52
gate_up_proj,25840,2881.79
gate_up_proj,25856,2880.69
gate_up_proj,25872,2880.36
gate_up_proj,25888,2881.59
gate_up_proj,25904,2881.03
gate_up_proj,25920,2883.92
gate_up_proj,25936,2880.93
gate_up_proj,25952,2882.06
gate_up_proj,25968,2881.04
gate_up_proj,25984,2881.27
gate_up_proj,26000,2880.72
gate_up_proj,26016,2880.86
gate_up_proj,26032,2882.25
gate_up_proj,26048,2881.51
gate_up_proj,26064,2882.27
gate_up_proj,26080,2880.4
gate_up_proj,26096,2881.28
gate_up_proj,26112,2884.07
gate_up_proj,26128,3030.78
gate_up_proj,26144,3031.26
gate_up_proj,26160,3036.08
gate_up_proj,26176,3031.06
gate_up_proj,26192,3033.14
gate_up_proj,26208,3034.06
gate_up_proj,26224,3032.75
gate_up_proj,26240,3033.12
gate_up_proj,26256,3034.42
gate_up_proj,26272,3032.27
gate_up_proj,26288,3031.74
gate_up_proj,26304,3033.33
gate_up_proj,26320,3033.01
gate_up_proj,26336,3036.98
gate_up_proj,26352,3035.77
gate_up_proj,26368,3030.52
gate_up_proj,26384,3037.4
gate_up_proj,26400,3038.4
gate_up_proj,26416,3033.37
gate_up_proj,26432,3039.57
gate_up_proj,26448,3036
gate_up_proj,26464,3039.37
gate_up_proj,26480,3038.11
gate_up_proj,26496,3038.21
gate_up_proj,26512,3037.83
gate_up_proj,26528,3037.97
gate_up_proj,26544,3036.51
gate_up_proj,26560,3036.95
gate_up_proj,26576,3037.5
gate_up_proj,26592,3035.77
gate_up_proj,26608,3036.93
gate_up_proj,26624,3035.32
gate_up_proj,26640,3040.86
gate_up_proj,26656,2992.02
gate_up_proj,26672,2988.77
gate_up_proj,26688,2987.27
gate_up_proj,26704,2988.89
gate_up_proj,26720,2991.5
gate_up_proj,26736,3038.95
gate_up_proj,26752,3043.53
gate_up_proj,26768,3043.43
gate_up_proj,26784,3042.36
gate_up_proj,26800,3038.92
gate_up_proj,26816,3038.68
gate_up_proj,26832,3045.56
gate_up_proj,26848,3042.31
gate_up_proj,26864,3043.94
gate_up_proj,26880,3039.92
gate_up_proj,26896,3040.92
gate_up_proj,26912,3042.76
gate_up_proj,26928,3042.04
gate_up_proj,26944,3042.33
gate_up_proj,26960,3040.65
gate_up_proj,26976,3044.92
gate_up_proj,26992,3041.52
gate_up_proj,27008,3041.44
gate_up_proj,27024,3043.05
gate_up_proj,27040,3041.54
gate_up_proj,27056,3043.74
gate_up_proj,27072,3041.29
gate_up_proj,27088,3043.87
gate_up_proj,27104,3042.54
gate_up_proj,27120,3046.15
gate_up_proj,27136,3041.88
gate_up_proj,27152,3040.73
gate_up_proj,27168,3041.03
gate_up_proj,27184,3043.06
gate_up_proj,27200,3043.45
gate_up_proj,27216,3040.09
gate_up_proj,27232,3042.13
gate_up_proj,27248,3043.08
gate_up_proj,27264,3040.22
gate_up_proj,27280,3041.85
gate_up_proj,27296,3041.66
gate_up_proj,27312,3043.16
gate_up_proj,27328,3042.94
gate_up_proj,27344,3042.82
gate_up_proj,27360,3041.01
gate_up_proj,27376,3040.3
gate_up_proj,27392,3041.98
gate_up_proj,27408,3041.05
gate_up_proj,27424,3043.08
gate_up_proj,27440,3043.43
gate_up_proj,27456,3043.23
gate_up_proj,27472,3042.64
gate_up_proj,27488,3041.25
gate_up_proj,27504,3042.47
gate_up_proj,27520,3043.45
gate_up_proj,27536,3187.06
gate_up_proj,27552,3192.45
gate_up_proj,27568,3188.16
gate_up_proj,27584,3194.61
gate_up_proj,27600,3196.46
gate_up_proj,27616,3190.02
gate_up_proj,27632,3194.99
gate_up_proj,27648,3191.59
gate_up_proj,27664,3188.82
gate_up_proj,27680,2957.81
gate_up_proj,27696,2958.77
gate_up_proj,27712,2958.36
gate_up_proj,27728,2960.84
gate_up_proj,27744,2959.34
gate_up_proj,27760,3189.81
gate_up_proj,27776,3188.65
gate_up_proj,27792,3196.69
gate_up_proj,27808,3195.8
gate_up_proj,27824,3189.91
gate_up_proj,27840,3197.75
gate_up_proj,27856,3199.39
gate_up_proj,27872,3196.99
gate_up_proj,27888,3193.69
gate_up_proj,27904,3191.84
gate_up_proj,27920,3201.51
gate_up_proj,27936,3195.98
gate_up_proj,27952,3191.68
gate_up_proj,27968,3196.07
gate_up_proj,27984,3198.91
gate_up_proj,28000,3195.24
gate_up_proj,28016,3192.96
gate_up_proj,28032,3195.96
gate_up_proj,28048,3198.84
gate_up_proj,28064,3197.96
gate_up_proj,28080,3195.68
gate_up_proj,28096,3196.76
gate_up_proj,28112,3197.49
gate_up_proj,28128,3197.22
gate_up_proj,28144,3195.6
gate_up_proj,28160,3194.76
gate_up_proj,28176,3201.67
gate_up_proj,28192,3197.26
gate_up_proj,28208,3196.47
gate_up_proj,28224,3199.1
gate_up_proj,28240,3197.47
gate_up_proj,28256,3198.08
gate_up_proj,28272,3198.69
gate_up_proj,28288,3203.8
gate_up_proj,28304,3200.19
gate_up_proj,28320,3199.69
gate_up_proj,28336,3200.48
gate_up_proj,28352,3199.57
gate_up_proj,28368,3200.05
gate_up_proj,28384,3201.85
gate_up_proj,28400,3200.15
gate_up_proj,28416,3201.02
gate_up_proj,28432,3199.77
gate_up_proj,28448,3201.4
gate_up_proj,28464,3198.05
gate_up_proj,28480,3199.38
gate_up_proj,28496,3198.19
gate_up_proj,28512,3199.83
gate_up_proj,28528,3201.94
gate_up_proj,28544,3198.86
gate_up_proj,28560,3200.4
gate_up_proj,28576,3199.12
gate_up_proj,28592,3203.3
gate_up_proj,28608,3200.2
gate_up_proj,28624,3201.01
gate_up_proj,28640,3199.82
gate_up_proj,28656,3201.29
gate_up_proj,28672,3199.92
gate_up_proj,28688,3199.44
gate_up_proj,28704,2790.73
gate_up_proj,28720,2788.33
gate_up_proj,28736,2789.07
gate_up_proj,28752,2790.59
gate_up_proj,28768,3200.98
gate_up_proj,28784,3200.06
gate_up_proj,28800,3203.2
gate_up_proj,28816,3201.55
gate_up_proj,28832,3199.84
gate_up_proj,28848,3200.51
gate_up_proj,28864,3201.82
gate_up_proj,28880,3198.56
gate_up_proj,28896,3203.34
gate_up_proj,28912,3201.3
gate_up_proj,28928,3203.07
gate_up_proj,28944,3347.39
gate_up_proj,28960,3350.75
gate_up_proj,28976,3346.78
gate_up_proj,28992,3353.42
gate_up_proj,29008,3346.01
gate_up_proj,29024,3349.56
gate_up_proj,29040,3348.45
gate_up_proj,29056,3346.16
gate_up_proj,29072,3351.88
gate_up_proj,29088,3359.04
gate_up_proj,29104,3349.34
gate_up_proj,29120,3348.65
gate_up_proj,29136,3353.24
gate_up_proj,29152,3349.57
gate_up_proj,29168,3353.24
gate_up_proj,29184,3350.86
gate_up_proj,29200,3351.27
gate_up_proj,29216,3359.18
gate_up_proj,29232,3351.75
gate_up_proj,29248,3353.2
gate_up_proj,29264,3355.62
gate_up_proj,29280,3357.28
gate_up_proj,29296,3356.07
gate_up_proj,29312,3355.39
gate_up_proj,29328,3354.84
gate_up_proj,29344,3356.87
gate_up_proj,29360,3358.54
gate_up_proj,29376,3351.85
gate_up_proj,29392,3359.79
gate_up_proj,29408,3360.93
gate_up_proj,29424,3353.57
gate_up_proj,29440,3354.82
gate_up_proj,29456,3357.29
gate_up_proj,29472,3359.03
gate_up_proj,29488,3356.91
gate_up_proj,29504,3351.57
gate_up_proj,29520,3359.82
gate_up_proj,29536,3362.97
gate_up_proj,29552,3361.58
gate_up_proj,29568,3352.54
gate_up_proj,29584,3364.61
gate_up_proj,29600,3364.52
gate_up_proj,29616,3362.03
gate_up_proj,29632,3360.82
gate_up_proj,29648,3363.79
gate_up_proj,29664,3357.9
gate_up_proj,29680,3357.16
gate_up_proj,29696,3359.5
gate_up_proj,29712,3360.38
gate_up_proj,29728,3359.35
gate_up_proj,29744,3360.06
gate_up_proj,29760,3361.05
gate_up_proj,29776,3357.55
gate_up_proj,29792,3359.67
gate_up_proj,29808,3361.3
gate_up_proj,29824,3359.35
gate_up_proj,29840,3359.87
gate_up_proj,29856,3360.48
gate_up_proj,29872,3360.86
gate_up_proj,29888,3359.8
gate_up_proj,29904,3362.91
gate_up_proj,29920,3361.55
gate_up_proj,29936,3363.22
gate_up_proj,29952,3362.03
gate_up_proj,29968,3361.32
gate_up_proj,29984,3365.32
gate_up_proj,30000,3364.18
gate_up_proj,30016,3363.03
gate_up_proj,30032,3366.14
gate_up_proj,30048,3361.84
gate_up_proj,30064,3364.33
gate_up_proj,30080,3362.25
gate_up_proj,30096,3361.69
gate_up_proj,30112,3360.38
gate_up_proj,30128,3360.27
gate_up_proj,30144,3359.78
gate_up_proj,30160,3361.36
gate_up_proj,30176,3360.61
gate_up_proj,30192,3359
gate_up_proj,30208,3362.92
gate_up_proj,30224,3364.12
gate_up_proj,30240,3357.93
gate_up_proj,30256,3332.56
gate_up_proj,30272,3332.65
gate_up_proj,30288,3335.49
gate_up_proj,30304,3331.87
gate_up_proj,30320,3330.68
gate_up_proj,30336,3360.08
gate_up_proj,30352,3330.91
gate_up_proj,30368,3330.96
gate_up_proj,30384,3332.54
gate_up_proj,30400,3302.58
gate_up_proj,30416,3306.19
gate_up_proj,30432,3304.64
gate_up_proj,30448,3307.95
gate_up_proj,30464,3305.15
gate_up_proj,30480,3509.03
gate_up_proj,30496,3419.27
gate_up_proj,30512,3392.81
gate_up_proj,30528,3400.06
gate_up_proj,30544,3396.13
gate_up_proj,30560,3389.18
gate_up_proj,30576,3392.54
gate_up_proj,30592,3513.36
gate_up_proj,30608,3391.07
gate_up_proj,30624,3393.51
gate_up_proj,30640,3391.21
gate_up_proj,30656,3391.46
gate_up_proj,30672,3395.38
gate_up_proj,30688,3401.99
gate_up_proj,30704,3389.99
gate_up_proj,30720,3392.45
gate_up_proj,30736,3366.52
gate_up_proj,30752,3060.16
gate_up_proj,30768,3063.17
gate_up_proj,30784,3060.35
gate_up_proj,30800,3060.22
gate_up_proj,30816,3517.92
gate_up_proj,30832,3516.73
gate_up_proj,30848,3372.11
gate_up_proj,30864,3365.72
gate_up_proj,30880,3369.07
gate_up_proj,30896,3370.14
gate_up_proj,30912,3349.6
gate_up_proj,30928,3344.24
gate_up_proj,30944,3340.66
gate_up_proj,30960,3341.81
gate_up_proj,30976,3336.71
gate_up_proj,30992,3518.28
gate_up_proj,31008,3517.79
gate_up_proj,31024,3521.35
gate_up_proj,31040,3345.33
gate_up_proj,31056,3319.01
gate_up_proj,31072,3316.27
gate_up_proj,31088,3316.07
gate_up_proj,31104,3316.46
gate_up_proj,31120,3292.85
gate_up_proj,31136,3290.14
gate_up_proj,31152,3294.69
gate_up_proj,31168,3288.25
gate_up_proj,31184,3519.99
gate_up_proj,31200,3317.24
gate_up_proj,31216,3320.4
gate_up_proj,31232,3292.29
gate_up_proj,31248,3293.54
gate_up_proj,31264,3291.02
gate_up_proj,31280,3267.13
gate_up_proj,31296,3264.76
gate_up_proj,31312,3264.72
gate_up_proj,31328,3266.37
gate_up_proj,31344,3265.05
gate_up_proj,31360,3518.94
gate_up_proj,31376,3292.4
gate_up_proj,31392,3239.64
gate_up_proj,31408,3237.84
gate_up_proj,31424,3242.17
gate_up_proj,31440,3238.41
gate_up_proj,31456,3241.76
gate_up_proj,31472,3522.46
gate_up_proj,31488,3263.98
gate_up_proj,31504,3265.37
gate_up_proj,31520,3265.29
gate_up_proj,31536,3239.07
gate_up_proj,31552,3242.84
gate_up_proj,31568,3241.87
gate_up_proj,31584,3239.98
gate_up_proj,31600,3213.87
gate_up_proj,31616,3214.34
gate_up_proj,31632,3215.43
gate_up_proj,31648,3216.11
gate_up_proj,31664,3521.25
gate_up_proj,31680,3240.55
gate_up_proj,31696,3241.27
gate_up_proj,31712,3189.52
gate_up_proj,31728,3188.39
gate_up_proj,31744,3191.85
gate_up_proj,31760,3189.66
gate_up_proj,31776,3068.13
gate_up_proj,31792,3067.16
gate_up_proj,31808,3068.25
gate_up_proj,31824,3067.92
gate_up_proj,31840,3068.27
gate_up_proj,31856,3429.65
gate_up_proj,31872,3212.54
gate_up_proj,31888,3345.49
gate_up_proj,31904,3346.58
gate_up_proj,31920,3292.02
gate_up_proj,31936,3266.44
gate_up_proj,31952,3269.69
gate_up_proj,31968,3269.38
gate_up_proj,31984,3269.06
gate_up_proj,32000,3268.81
gate_up_proj,32016,3576.57
gate_up_proj,32032,3295.7
gate_up_proj,32048,3269.1
gate_up_proj,32064,3273.04
gate_up_proj,32080,3267.16
gate_up_proj,32096,3267.65
gate_up_proj,32112,3577.17
gate_up_proj,32128,3461.06
gate_up_proj,32144,3293.35
gate_up_proj,32160,3301.12
gate_up_proj,32176,3245.03
gate_up_proj,32192,3243.18
gate_up_proj,32208,3244.78
gate_up_proj,32224,3243.93
gate_up_proj,32240,3243.38
gate_up_proj,32256,3455.91
gate_up_proj,32272,3271.15
gate_up_proj,32288,3242.04
gate_up_proj,32304,3248.43
gate_up_proj,32320,3246.26
gate_up_proj,32336,3245.91
gate_up_proj,32352,3244.52
gate_up_proj,32368,3244.55
gate_up_proj,32384,3222.19
gate_up_proj,32400,3222.94
gate_up_proj,32416,3222.14
gate_up_proj,32432,3226.13
gate_up_proj,32448,3219.67
gate_up_proj,32464,3223.38
gate_up_proj,32480,3220.99
gate_up_proj,32496,3221.9
gate_up_proj,32512,3221.63
gate_up_proj,32528,3227.55
gate_up_proj,32544,3228.55
gate_up_proj,32560,3221.21
gate_up_proj,32576,3224.37
gate_up_proj,32592,3223.39
gate_up_proj,32608,3220.59
gate_up_proj,32624,3226.23
gate_up_proj,32640,3225.75
gate_up_proj,32656,3229.38
gate_up_proj,32672,3230.91
gate_up_proj,32688,3230.95
gate_up_proj,32704,3230.74
gate_up_proj,32720,3230.49
gate_up_proj,32736,3233.12
gate_up_proj,32752,3230.66
gate_up_proj,32768,3229.29
layernorm,1,2.60267
layernorm,2,2.58667
layernorm,3,2.60783
layernorm,4,2.64533
layernorm,5,2.608
layernorm,6,2.61333
layernorm,7,2.59733
layernorm,8,2.62433
layernorm,9,2.6295
layernorm,10,2.6455
layernorm,11,2.64533
layernorm,12,2.672
layernorm,13,2.64
layernorm,14,2.65583
layernorm,15,2.66683
layernorm,16,2.68267
layernorm,20,2.71467
layernorm,24,2.7895
layernorm,28,2.832
layernorm,32,2.8745
layernorm,36,2.92283
layernorm,40,2.94933
layernorm,44,3.00267
layernorm,48,3.04533
layernorm,52,3.07733
layernorm,56,3.16783
layernorm,60,3.22117
layernorm,64,3.23733
layernorm,80,3.84567
layernorm,96,3.97317
layernorm,112,3.99467
layernorm,128,4.08517
layernorm,144,4.70933
layernorm,160,4.763
layernorm,176,4.89617
layernorm,192,4.95483
layernorm,208,5.66417
layernorm,224,5.5735
layernorm,240,5.66917
layernorm,256,4.19183
layernorm,272,4.18667
layernorm,288,4.4535
layernorm,304,4.49067
layernorm,320,4.56033
layernorm,336,4.66667
layernorm,352,5.32833
layernorm,368,4.9175
layernorm,384,5.019
layernorm,400,5.05083
layernorm,416,5.98933
layernorm,432,6.39467
layernorm,448,6.54417
layernorm,464,6.68283
layernorm,480,6.86967
layernorm,496,7.00267
layernorm,512,6.9015
layernorm,528,7.51483
layernorm,544,7.79783
layernorm,560,8.10167
layernorm,576,8.08
layernorm,592,9.29083
layernorm,608,9.55733
layernorm,624,9.61633
layernorm,640,9.61067
layernorm,656,9.39733
layernorm,672,9.7335
layernorm,688,9.73883
layernorm,704,10.1497
layernorm,720,10.448
layernorm,736,10.8428
layernorm,752,10.933
layernorm,768,11.2855
layernorm,784,12.1175
layernorm,800,12.1175
layernorm,816,12.6773
layernorm,832,13.2373
layernorm,848,13.84
layernorm,864,14.2777
layernorm,880,14.5387
layernorm,896,14.9868
layernorm,912,14.6722
layernorm,928,14.683
layernorm,944,15.2107
layernorm,960,15.7603
layernorm,976,16.0002
layernorm,992,16.016
layernorm,1008,16.2565
layernorm,1024,16.816
layernorm,1040,16.9227
layernorm,1056,17.328
layernorm,1072,17.7975
layernorm,1088,18.1548
layernorm,1104,18.4427
layernorm,1120,18.7413
layernorm,1136,19.2003
layernorm,1152,19.6802
layernorm,1168,19.9198
layernorm,1184,20.5333
layernorm,1200,20.8587
layernorm,1216,21.323
layernorm,1232,21.6483
layernorm,1248,22.1655
layernorm,1264,22.5122
layernorm,1280,22.7307
layernorm,1296,23.1308
layernorm,1312,23.643
layernorm,1328,23.7977
layernorm,1344,24.4217
layernorm,1360,24.7947
layernorm,1376,25.243
layernorm,1392,25.6855
layernorm,1408,26.2723
layernorm,1424,26.5977
layernorm,1440,26.9175
layernorm,1456,27.243
layernorm,1472,27.7815
layernorm,1488,28.1177
layernorm,1504,28.3578
layernorm,1520,28.875
layernorm,1536,29.094
layernorm,1552,29.835
layernorm,1568,30.1122
layernorm,1584,30.3733
layernorm,1600,30.6187
layernorm,1616,31.0242
layernorm,1632,31.2855
layernorm,1648,31.371
layernorm,1664,32.0215
layernorm,1680,32.3473
layernorm,1696,32.731
layernorm,1712,32.9813
layernorm,1728,33.243
layernorm,1744,33.7497
layernorm,1760,33.9365
layernorm,1776,34.1445
layernorm,1792,34.6133
layernorm,1808,34.9767
layernorm,1824,35.0402
layernorm,1840,35.4028
layernorm,1856,35.7708
layernorm,1872,35.9257
layernorm,1888,36.1975
layernorm,1904,36.4697
layernorm,1920,36.7522
layernorm,1936,36.939
layernorm,1952,37.2268
layernorm,1968,37.7282
layernorm,1984,38.1233
layernorm,2000,38.5282
layernorm,2016,38.4537
layernorm,2032,38.8323
layernorm,2048,39.3338
layernorm,2064,39.5632
layernorm,2080,39.6165
layernorm,2096,40.2138
layernorm,2112,40.3418
layernorm,2128,40.843
layernorm,2144,40.9285
layernorm,2160,41.3657
layernorm,2176,41.6643
layernorm,2192,40.2828
layernorm,2208,40.4752
layernorm,2224,40.8753
layernorm,2240,41.1363
layernorm,2256,41.4457
layernorm,2272,41.7392
layernorm,2288,42.2938
layernorm,2304,42.6462
layernorm,2320,42.8538
layernorm,2336,43.2592
layernorm,2352,43.1955
layernorm,2368,44.0057
layernorm,2384,43.9737
layernorm,2400,44.4378
layernorm,2416,44.6883
layernorm,2432,44.955
layernorm,2448,45.2912
layernorm,2464,45.5255
layernorm,2480,46.059
layernorm,2496,46.3682
layernorm,2512,46.4698
layernorm,2528,47.1417
layernorm,2544,47.2112
layernorm,2560,47.5148
layernorm,2576,48.2032
layernorm,2592,48.1872
layernorm,2608,48.6458
layernorm,2624,48.8165
layernorm,2640,49.5525
layernorm,2656,49.6967
layernorm,2672,50.3473
layernorm,2688,50.2673
layernorm,2704,50.7738
layernorm,2720,51.0033
layernorm,2736,51.483
layernorm,2752,51.9628
layernorm,2768,52.0058
layernorm,2784,52.427
layernorm,2800,52.5498
layernorm,2816,52.9232
layernorm,2832,53.2698
layernorm,2848,53.6007
layernorm,2864,54.3578
layernorm,2880,54.262
layernorm,2896,54.4912
layernorm,2912,54.4327
layernorm,2928,55.1098
layernorm,2944,55.2858
layernorm,2960,55.5898
layernorm,2976,55.8032
layernorm,2992,56.2247
layernorm,3008,56.3583
layernorm,3024,56.8538
layernorm,3040,57.0353
layernorm,3056,57.3233
layernorm,3072,58.0165
layernorm,3088,57.9045
layernorm,3104,58.4538
layernorm,3120,58.726
layernorm,3136,59.1685
layernorm,3152,59.0672
layernorm,3168,59.5632
layernorm,3184,59.953
layernorm,3200,60.1177
layernorm,3216,59.238
layernorm,3232,59.6488
layernorm,3248,59.8355
layernorm,3264,60.2142
layernorm,3280,60.3953
layernorm,3296,60.518
layernorm,3312,60.9127
layernorm,3328,61.2115
layernorm,3344,61.2807
layernorm,3360,61.5688
layernorm,3376,61.8942
layernorm,3392,62.0862
layernorm,3408,62.299
layernorm,3424,62.6887
layernorm,3440,63.0567
layernorm,3456,63.4832
layernorm,3472,63.7077
layernorm,3488,64.0277
layernorm,3504,64.374
layernorm,3520,64.7582
layernorm,3536,64.9553
layernorm,3552,65.4037
layernorm,3568,65.8195
layernorm,3584,66.3312
layernorm,3600,66.2782
layernorm,3616,66.8165
layernorm,3632,67.1797
layernorm,3648,67.3555
layernorm,3664,67.8088
layernorm,3680,68.054
layernorm,3696,68.3902
layernorm,3712,68.8437
layernorm,3728,68.9823
layernorm,3744,69.1898
layernorm,3760,69.8033
layernorm,3776,70.2513
layernorm,3792,70.5073
layernorm,3808,70.8755
layernorm,3824,71.1793
layernorm,3840,71.6275
layernorm,3856,71.9525
layernorm,3872,71.2917
layernorm,3888,71.6433
layernorm,3904,72.0278
layernorm,3920,72.0325
layernorm,3936,72.4968
layernorm,3952,72.6357
layernorm,3968,73.1955
layernorm,3984,73.3557
layernorm,4000,73.7555
layernorm,4016,73.9955
layernorm,4032,74.1075
layernorm,4048,74.3688
layernorm,4064,74.7637
layernorm,4080,75.158
layernorm,4096,75.2807
layernorm,4112,75.5475
layernorm,4128,75.6485
layernorm,4144,76.5555
layernorm,4160,76.4702
layernorm,4176,76.9823
layernorm,4192,77.5797
layernorm,4208,77.665
layernorm,4224,78.8222
layernorm,4240,78.4383
layernorm,4256,78.833
layernorm,4272,79.7877
layernorm,4288,79.4145
layernorm,4304,79.937
layernorm,4320,79.9103
layernorm,4336,80.2465
layernorm,4352,80.7587
layernorm,4368,80.4755
layernorm,4384,81.0302
layernorm,4400,81.1102
layernorm,4416,81.6862
layernorm,4432,81.633
layernorm,4448,82.278
layernorm,4464,82.7102
layernorm,4480,82.5608
layernorm,4496,83.2653
layernorm,4512,82.8493
layernorm,4528,83.505
layernorm,4544,84.3798
layernorm,4560,83.814
layernorm,4576,84.2142
layernorm,4592,85.2543
layernorm,4608,84.8862
layernorm,4624,85.2813
layernorm,4640,85.5157
layernorm,4656,85.7665
layernorm,4672,86.4863
layernorm,4688,86.0915
layernorm,4704,87.0575
layernorm,4720,87.329
layernorm,4736,87.0997
layernorm,4752,88.0173
layernorm,4768,88.1183
layernorm,4784,88.561
layernorm,4800,89.0412
layernorm,4816,89.1582
layernorm,4832,89.2812
layernorm,4848,89.7985
layernorm,4864,90.5397
layernorm,4880,89.9692
layernorm,4896,90.6783
layernorm,4912,90.7638
layernorm,4928,90.977
layernorm,4944,92.0385
layernorm,4960,91.6332
layernorm,4976,92.2467
layernorm,4992,92.9662
layernorm,5008,91.8412
layernorm,5024,92.385
layernorm,5040,93.1427
layernorm,5056,92.5825
layernorm,5072,93.7877
layernorm,5088,93.7183
layernorm,5104,93.6597
layernorm,5120,94.7957
layernorm,5136,94.0757
layernorm,5152,95.4893
layernorm,5168,96.9078
layernorm,5184,95.7503
layernorm,5200,96.6465
layernorm,5216,97.0785
layernorm,5232,97.484
layernorm,5248,98.129
layernorm,5264,97.9587
layernorm,5280,98.0065
layernorm,5296,98.5027
layernorm,5312,98.748
layernorm,5328,99.3718
layernorm,5344,99.3242
layernorm,5360,99.228
layernorm,5376,99.9053
layernorm,5392,99.6065
layernorm,5408,100.172
layernorm,5424,99.8518
layernorm,5440,100.732
layernorm,5456,100.337
layernorm,5472,101.026
layernorm,5488,101.249
layernorm,5504,101.959
layernorm,5520,101.959
layernorm,5536,102.172
layernorm,5552,102.657
layernorm,5568,102.588
layernorm,5584,103.015
layernorm,5600,103.132
layernorm,5616,103.82
layernorm,5632,103.671
layernorm,5648,105.282
layernorm,5664,105.1
layernorm,5680,105.569
layernorm,5696,105.825
layernorm,5712,105.943
layernorm,5728,106.337
layernorm,5744,106.993
layernorm,5760,106.78
layernorm,5776,107.82
layernorm,5792,107.628
layernorm,5808,108.118
layernorm,5824,108.172
layernorm,5840,108.503
layernorm,5856,108.86
layernorm,5872,108.743
layernorm,5888,109.298
layernorm,5904,109.436
layernorm,5920,109.692
layernorm,5936,110.257
layernorm,5952,109.926
layernorm,5968,110.833
layernorm,5984,111.105
layernorm,6000,111.35
layernorm,6016,110.876
layernorm,6032,111.559
layernorm,6048,111.202
layernorm,6064,111.751
layernorm,6080,111.601
layernorm,6096,112.727
layernorm,6112,112.732
layernorm,6128,112.721
layernorm,6144,113.623
layernorm,6160,113.996
layernorm,6176,113.959
layernorm,6192,114.988
layernorm,6208,114.578
layernorm,6224,115.623
layernorm,6240,115.756
layernorm,6256,115.804
layernorm,6272,116.386
layernorm,6288,116.604
layernorm,6304,117.298
layernorm,6320,117.276
layernorm,6336,117.217
layernorm,6352,118.337
layernorm,6368,118.129
layernorm,6384,117.745
layernorm,6400,119.25
layernorm,6416,119.01
layernorm,6432,119.479
layernorm,6448,119.362
layernorm,6464,119.825
layernorm,6480,120.503
layernorm,6496,120.855
layernorm,6512,121.324
layernorm,6528,121.191
layernorm,6544,121.228
layernorm,6560,120.988
layernorm,6576,121.1
layernorm,6592,121.879
layernorm,6608,121.585
layernorm,6624,122.514
layernorm,6640,122.684
layernorm,6656,122.636
layernorm,6672,123.324
layernorm,6688,124.156
layernorm,6704,124.018
layernorm,6720,124.194
layernorm,6736,124.434
layernorm,6752,124.642
layernorm,6768,125.041
layernorm,6784,125.868
layernorm,6800,126.327
layernorm,6816,126.914
layernorm,6832,126.759
layernorm,6848,127.719
layernorm,6864,127.127
layernorm,6880,127.863
layernorm,6896,127.799
layernorm,6912,128.306
layernorm,6928,128.055
layernorm,6944,129.388
layernorm,6960,128.626
layernorm,6976,129.463
layernorm,6992,129.906
layernorm,7008,129.879
layernorm,7024,129.895
layernorm,7040,131.052
layernorm,7056,129.655
layernorm,7072,131.052
layernorm,7088,130.978
layernorm,7104,131.154
layernorm,7120,131.191
layernorm,7136,131.074
layernorm,7152,131.292
layernorm,7168,131.997
layernorm,7184,134.946
layernorm,7200,132.109
layernorm,7216,132.343
layernorm,7232,132.407
layernorm,7248,133.602
layernorm,7264,133.175
layernorm,7280,133.298
layernorm,7296,134.396
layernorm,7312,134.146
layernorm,7328,134.696
layernorm,7344,135.277
layernorm,7360,135.879
layernorm,7376,135.522
layernorm,7392,135.73
layernorm,7408,136.322
layernorm,7424,136.167
layernorm,7440,136.743
layernorm,7456,137.292
layernorm,7472,137.703
layernorm,7488,137.191
layernorm,7504,138.444
layernorm,7520,139.111
layernorm,7536,138.701
layernorm,7552,139.346
layernorm,7568,139.917
layernorm,7584,139.767
layernorm,7600,140.269
layernorm,7616,140.28
layernorm,7632,140.765
layernorm,7648,141.117
layernorm,7664,141.095
layernorm,7680,141.266
layernorm,7696,141.875
layernorm,7712,141.805
layernorm,7728,142.242
layernorm,7744,143.218
layernorm,7760,142.914
layernorm,7776,143.176
layernorm,7792,143.48
layernorm,7808,143.644
layernorm,7824,144.423
layernorm,7840,144.775
layernorm,7856,144.893
layernorm,7872,145.367
layernorm,7888,145.373
layernorm,7904,145.629
layernorm,7920,146.466
layernorm,7936,146.488
layernorm,7952,146.973
layernorm,7968,146.749
layernorm,7984,147.24
layernorm,8000,147.357
layernorm,8016,147.592
layernorm,8032,151.352
layernorm,8048,147.708
layernorm,8064,148.525
layernorm,8080,149.138
layernorm,8096,149.256
layernorm,8112,150.178
layernorm,8128,150.125
layernorm,8144,150.28
layernorm,8160,150.397
layernorm,8176,150.733
layernorm,8192,151.901
layernorm,8208,152.002
layernorm,8224,151.949
layernorm,8240,152.472
layernorm,8256,151.688
layernorm,8272,154.088
layernorm,8288,152.936
layernorm,8304,153.501
layernorm,8320,153.72
layernorm,8336,154.968
layernorm,8352,154.701
layernorm,8368,155.373
layernorm,8384,154.632
layernorm,8400,154.973
layernorm,8416,155.464
layernorm,8432,156.184
layernorm,8448,156.013
layernorm,8464,156.498
layernorm,8480,156.541
layernorm,8496,157.544
layernorm,8512,157.906
layernorm,8528,156.866
layernorm,8544,157.731
layernorm,8560,158.413
layernorm,8576,158.403
layernorm,8592,159.389
layernorm,8608,159.277
layernorm,8624,159.16
layernorm,8640,159.043
layernorm,8656,160.365
layernorm,8672,160.632
layernorm,8688,160.727
layernorm,8704,160.69
layernorm,8720,159.133
layernorm,8736,160.514
layernorm,8752,160.355
layernorm,8768,161.128
layernorm,8784,160.915
layernorm,8800,163.362
layernorm,8816,161.432
layernorm,8832,161.309
layernorm,8848,162.424
layernorm,8864,163.229
layernorm,8880,163.789
layernorm,8896,163.448
layernorm,8912,163.875
layernorm,8928,163.875
layernorm,8944,164.333
layernorm,8960,163.987
layernorm,8976,164.568
layernorm,8992,165.075
layernorm,9008,165.347
layernorm,9024,166.403
layernorm,9040,166.099
layernorm,9056,166.077
layernorm,9072,166.093
layernorm,9088,167.571
layernorm,9104,167.678
layernorm,9120,168.264
layernorm,9136,168.04
layernorm,9152,168.936
layernorm,9168,168.909
layernorm,9184,168.968
layernorm,9200,168.936
layernorm,9216,169.832
layernorm,9232,169.581
layernorm,9248,169.309
layernorm,9264,170.333
layernorm,9280,170.2
layernorm,9296,170.92
layernorm,9312,171.336
layernorm,9328,171.48
layernorm,9344,171.298
layernorm,9360,171.144
layernorm,9376,172.445
layernorm,9392,174.189
layernorm,9408,173.043
layernorm,9424,173.128
layernorm,9440,173.416
layernorm,9456,173.688
layernorm,9472,174.413
layernorm,9488,174.371
layernorm,9504,173.811
layernorm,9520,173.934
layernorm,9536,174.333
layernorm,9552,174.483
layernorm,9568,175.16
layernorm,9584,175.459
layernorm,9600,175.213
layernorm,9616,175.496
layernorm,9632,176.606
layernorm,9648,177.283
layernorm,9664,177.528
layernorm,9680,177.709
layernorm,9696,177.432
layernorm,9712,177.624
layernorm,9728,178.499
layernorm,9744,178.765
layernorm,9760,178.968
layernorm,9776,179.315
layernorm,9792,179.278
layernorm,9808,180.152
layernorm,9824,180.755
layernorm,9840,179.736
layernorm,9856,181.23
layernorm,9872,181.433
layernorm,9888,180.744
layernorm,9904,181.811
layernorm,9920,181.582
layernorm,9936,182.755
layernorm,9952,182.179
layernorm,9968,182.408
layernorm,9984,182.179
layernorm,10000,185.4
layernorm,10016,185.374
layernorm,10032,185.992
layernorm,10048,186.232
layernorm,10064,186.83
layernorm,10080,187.133
layernorm,10096,187.555
layernorm,10112,187.806
layernorm,10128,187.864
layernorm,10144,188.595
layernorm,10160,188.457
layernorm,10176,189.123
layernorm,10192,188.814
layernorm,10208,189.833
layernorm,10224,189.534
layernorm,10240,189.411
layernorm,10256,190.275
layernorm,10272,190.435
layernorm,10288,190.147
layernorm,10304,190.958
layernorm,10320,191.534
layernorm,10336,191.454
layernorm,10352,191.838
layernorm,10368,192.334
layernorm,10384,192.755
layernorm,10400,192.68
layernorm,10416,193.534
layernorm,10432,193.651
layernorm,10448,194.046
layernorm,10464,194.355
layernorm,10480,194.206
layernorm,10496,194.867
layernorm,10512,194.67
layernorm,10528,193.358
layernorm,10544,193.443
layernorm,10560,193.017
layernorm,10576,194.521
layernorm,10592,194.238
layernorm,10608,194.979
layernorm,10624,195.187
layernorm,10640,195.155
layernorm,10656,194.91
layernorm,10672,195.737
layernorm,10688,197.123
layernorm,10704,196.718
layernorm,10720,195.769
layernorm,10736,197.603
layernorm,10752,197.337
layernorm,10768,197.31
layernorm,10784,198.222
layernorm,10800,198.606
layernorm,10816,198.622
layernorm,10832,199.273
layernorm,10848,198.958
layernorm,10864,199.721
layernorm,10880,199.231
layernorm,10896,198.211
layernorm,10912,198.595
layernorm,10928,197.774
layernorm,10944,199.332
layernorm,10960,199.801
layernorm,10976,200.302
layernorm,10992,199.737
layernorm,11008,200.335
layernorm,11024,202.98
layernorm,11040,203.838
layernorm,11056,203.7
layernorm,11072,204.083
layernorm,11088,204.324
layernorm,11104,204.601
layernorm,11120,204.766
layernorm,11136,205.038
layernorm,11152,205.438
layernorm,11168,205.865
layernorm,11184,206.67
layernorm,11200,206.206
layernorm,11216,207.017
layernorm,11232,207.209
layernorm,11248,207.881
layernorm,11264,207.577
layernorm,11280,208.617
layernorm,11296,208.745
layernorm,11312,209.161
layernorm,11328,209.182
layernorm,11344,209.519
layernorm,11360,210.147
layernorm,11376,210.686
layernorm,11392,210.249
layernorm,11408,210.665
layernorm,11424,211.438
layernorm,11440,213.134
layernorm,11456,212.052
layernorm,11472,212.196
layernorm,11488,212.526
layernorm,11504,212.985
layernorm,11520,213.764
layernorm,11536,213.7
layernorm,11552,213.732
layernorm,11568,214.18
layernorm,11584,214.622
layernorm,11600,215.305
layernorm,11616,215.028
layernorm,11632,215.828
layernorm,11648,215.326
layernorm,11664,216.18
layernorm,11680,216.303
layernorm,11696,216.516
layernorm,11712,217.06
layernorm,11728,217.514
layernorm,11744,217.375
layernorm,11760,217.561
layernorm,11776,218.484
layernorm,11792,218.521
layernorm,11808,218.318
layernorm,11824,219.679
layernorm,11840,219.305
layernorm,11856,219.903
layernorm,11872,219.438
layernorm,11888,219.983
layernorm,11904,219.945
layernorm,11920,219.252
layernorm,11936,219.162
layernorm,11952,219.305
layernorm,11968,220.964
layernorm,11984,220.233
layernorm,12000,220.564
layernorm,12016,221.071
layernorm,12032,221.438
layernorm,12048,220.82
layernorm,12064,221.529
layernorm,12080,222.191
layernorm,12096,222.89
layernorm,12112,221.988
layernorm,12128,223.071
layernorm,12144,222.841
layernorm,12160,222.644
layernorm,12176,223.961
layernorm,12192,223.513
layernorm,12208,224.255
layernorm,12224,224.634
layernorm,12240,224.692
layernorm,12256,225.748
layernorm,12272,225.114
layernorm,12288,226.441
layernorm,12304,224.991
layernorm,12320,226.079
layernorm,12336,225.631
layernorm,12352,225.839
layernorm,12368,226.681
layernorm,12384,227.359
layernorm,12400,227.258
layernorm,12416,227.231
layernorm,12432,227.018
layernorm,12448,228.613
layernorm,12464,228.473
layernorm,12480,229.567
layernorm,12496,229.599
layernorm,12512,229.748
layernorm,12528,229.135
layernorm,12544,230.292
layernorm,12560,231.188
layernorm,12576,231.151
layernorm,12592,231.924
layernorm,12608,231.396
layernorm,12624,232.09
layernorm,12640,234.426
layernorm,12656,234.245
layernorm,12672,234.81
layernorm,12688,235.551
layernorm,12704,235.338
layernorm,12720,235.402
layernorm,12736,235.786
layernorm,12752,236.458
layernorm,12768,237.391
layernorm,12784,237.002
layernorm,12800,238.223
layernorm,12816,237.951
layernorm,12832,238.079
layernorm,12848,238.65
layernorm,12864,238.543
layernorm,12880,238.991
layernorm,12896,239.37
layernorm,12912,239.631
layernorm,12928,239.813
layernorm,12944,239.636
layernorm,12960,240.106
layernorm,12976,238.554
layernorm,12992,239.903
layernorm,13008,239.519
layernorm,13024,239.295
layernorm,13040,240.207
layernorm,13056,240.303
layernorm,13072,238.244
layernorm,13088,239.199
layernorm,13104,239.951
layernorm,13120,240.506
layernorm,13136,239.653
layernorm,13152,241.109
layernorm,13168,240.154
layernorm,13184,241.541
layernorm,13200,241.925
layernorm,13216,241.551
layernorm,13232,242.575
layernorm,13248,242.549
layernorm,13264,241.14
layernorm,13280,242.719
layernorm,13296,243.13
layernorm,13312,243.941
layernorm,13328,246.554
layernorm,13344,245.711
layernorm,13360,245.909
layernorm,13376,246.788
layernorm,13392,246.81
layernorm,13408,247.493
layernorm,13424,248.197
layernorm,13440,247.322
layernorm,13456,248.869
layernorm,13472,248.997
layernorm,13488,249.167
layernorm,13504,250.655
layernorm,13520,250.341
layernorm,13536,249.386
layernorm,13552,250.442
layernorm,13568,250.106
layernorm,13584,250.709
layernorm,13600,251.125
layernorm,13616,252.101
layernorm,13632,252.09
layernorm,13648,252.453
layernorm,13664,253.968
layernorm,13680,254.72
layernorm,13696,255.077
layernorm,13712,255.36
layernorm,13728,254.805
layernorm,13744,255.792
layernorm,13760,256.112
layernorm,13776,256.362
layernorm,13792,256.155
layernorm,13808,256.437
layernorm,13824,257.354
layernorm,13840,257.835
layernorm,13856,257.471
layernorm,13872,258.197
layernorm,13888,258.411
layernorm,13904,258.763
layernorm,13920,258.534
layernorm,13936,259.973
layernorm,13952,259.402
layernorm,13968,259.701
layernorm,13984,259.771
layernorm,14000,257.419
layernorm,14016,258.021
layernorm,14032,258.389
layernorm,14048,260.059
layernorm,14064,259.072
layernorm,14080,259.445
layernorm,14096,258.789
layernorm,14112,258.127
layernorm,14128,259.392
layernorm,14144,259.621
layernorm,14160,260.032
layernorm,14176,260.496
layernorm,14192,260.293
layernorm,14208,260.592
layernorm,14224,260.709
layernorm,14240,260.026
layernorm,14256,260.597
layernorm,14272,261.007
layernorm,14288,262.283
layernorm,14304,262.688
layernorm,14320,262.075
layernorm,14336,262.741
layernorm,14352,262.789
layernorm,14368,263.771
layernorm,14384,262.805
layernorm,14400,262.693
layernorm,14416,264.928
layernorm,14432,265.104
layernorm,14448,266.16
layernorm,14464,266.123
layernorm,14480,266.235
layernorm,14496,265.787
layernorm,14512,265.328
layernorm,14528,266.651
layernorm,14544,268.101
layernorm,14560,267.296
layernorm,14576,268.757
layernorm,14592,268.912
layernorm,14608,269.958
layernorm,14624,270.229
layernorm,14640,270.304
layernorm,14656,271.136
layernorm,14672,270.859
layernorm,14688,271.605
layernorm,14704,271.435
layernorm,14720,272.326
layernorm,14736,273.824
layernorm,14752,273.291
layernorm,14768,273.653
layernorm,14784,273.606
layernorm,14800,274.432
layernorm,14816,273.664
layernorm,14832,273.846
layernorm,14848,275.056
layernorm,14864,276.011
layernorm,14880,276.459
layernorm,14896,276.208
layernorm,14912,276.208
layernorm,14928,276.256
layernorm,14944,277.723
layernorm,14960,277.046
layernorm,14976,278.267
layernorm,14992,278.16
layernorm,15008,277.686
layernorm,15024,279.051
layernorm,15040,278.838
layernorm,15056,279.291
layernorm,15072,280.08
layernorm,15088,279.051
layernorm,15104,279.505
layernorm,15120,277.483
layernorm,15136,277.088
layernorm,15152,279.366
layernorm,15168,277.878
layernorm,15184,279.43
layernorm,15200,279.872
layernorm,15216,280.224
layernorm,15232,280.598
layernorm,15248,278.059
layernorm,15264,279.622
layernorm,15280,279.472
layernorm,15296,279.157
layernorm,15312,280.443
layernorm,15328,279.941
layernorm,15344,281.659
layernorm,15360,280.763
layernorm,15376,283.702
layernorm,15392,284.646
layernorm,15408,284.662
layernorm,15424,284.721
layernorm,15440,285.334
layernorm,15456,285.483
layernorm,15472,285.915
layernorm,15488,286.475
layernorm,15504,286.385
layernorm,15520,286.662
layernorm,15536,287.009
layernorm,15552,287.467
layernorm,15568,287.68
layernorm,15584,287.596
layernorm,15600,288.63
layernorm,15616,289.105
layernorm,15632,286.64
layernorm,15648,287.201
layernorm,15664,287.552
layernorm,15680,287.345
layernorm,15696,289.377
layernorm,15712,287.643
layernorm,15728,289.659
layernorm,15744,288.721
layernorm,15760,289.057
layernorm,15776,288.875
layernorm,15792,290.934
layernorm,15808,290.326
layernorm,15824,290.539
layernorm,15840,291.969
layernorm,15856,291.19
layernorm,15872,291.942
layernorm,15888,294.737
layernorm,15904,295.393
layernorm,15920,294.79
layernorm,15936,295.889
layernorm,15952,296.924
layernorm,15968,296.065
layernorm,15984,296.401
layernorm,16000,296.454
layernorm,16016,297.057
layernorm,16032,297.233
layernorm,16048,297.227
layernorm,16064,298.47
layernorm,16080,298.385
layernorm,16096,298.811
layernorm,16112,298.491
layernorm,16128,299.202
layernorm,16144,295.974
layernorm,16160,297.164
layernorm,16176,297.633
layernorm,16192,296.769
layernorm,16208,297.462
layernorm,16224,298.108
layernorm,16240,298.902
layernorm,16256,298.945
layernorm,16272,297.073
layernorm,16288,298.625
layernorm,16304,300.486
layernorm,16320,298.267
layernorm,16336,299.414
layernorm,16352,299.244
layernorm,16368,300.455
layernorm,16384,299.553
layernorm,16400,303.324
layernorm,16416,302.631
layernorm,16432,303.207
layernorm,16448,303.927
layernorm,16464,305.084
layernorm,16480,303.463
layernorm,16496,304.636
layernorm,16512,304.705
layernorm,16528,304.86
layernorm,16544,306.097
layernorm,16560,305.633
layernorm,16576,306.321
layernorm,16592,306.508
layernorm,16608,307.666
layernorm,16624,306.945
layernorm,16640,307.308
layernorm,16656,305.5
layernorm,16672,305.404
layernorm,16688,307.463
layernorm,16704,306.332
layernorm,16720,307.591
layernorm,16736,307.303
layernorm,16752,308.199
layernorm,16768,308.481
layernorm,16784,308.85
layernorm,16800,307.633
layernorm,16816,308.924
layernorm,16832,308.956
layernorm,16848,308.625
layernorm,16864,310.135
layernorm,16880,310.439
layernorm,16896,310.332
layernorm,16912,312.524
layernorm,16928,313.474
layernorm,16944,314.327
layernorm,16960,313.852
layernorm,16976,314.615
layernorm,16992,314.204
layernorm,17008,315.015
layernorm,17024,315.911
layernorm,17040,315.927
layernorm,17056,316.492
layernorm,17072,316.791
layernorm,17088,316.028
layernorm,17104,317.772
layernorm,17120,317.244
layernorm,17136,317.911
layernorm,17152,317.826
layernorm,17168,317.601
layernorm,17184,316.476
layernorm,17200,316.124
layernorm,17216,317.474
layernorm,17232,317.644
layernorm,17248,317.671
layernorm,17264,318.428
layernorm,17280,318.578
layernorm,17296,318.802
layernorm,17312,320.684
layernorm,17328,322.258
layernorm,17344,321.266
layernorm,17360,322.925
layernorm,17376,321.975
layernorm,17392,323.639
layernorm,17408,322.609
layernorm,17424,321.218
layernorm,17440,322.887
layernorm,17456,322.311
layernorm,17472,322.957
layernorm,17488,323.42
layernorm,17504,320.114
layernorm,17520,322.476
layernorm,17536,320.967
layernorm,17552,321.501
layernorm,17568,322.46
layernorm,17584,323.325
layernorm,17600,323.234
layernorm,17616,323.271
layernorm,17632,324.722
layernorm,17648,324.626
layernorm,17664,324.215
layernorm,17680,326.509
layernorm,17696,327.495
layernorm,17712,326.77
layernorm,17728,328.781
layernorm,17744,327.837
layernorm,17760,328.141
layernorm,17776,329.474
layernorm,17792,329.266
layernorm,17808,330.029
layernorm,17824,329.852
layernorm,17840,330.231
layernorm,17856,329.292
layernorm,17872,330.023
layernorm,17888,329.933
layernorm,17904,331.463
layernorm,17920,330.589
layernorm,17936,332.007
layernorm,17952,330.909
layernorm,17968,331.266
layernorm,17984,332.327
layernorm,18000,332.594
layernorm,18016,331.384
layernorm,18032,332.807
layernorm,18048,333.01
layernorm,18064,333.159
layernorm,18080,332.658
layernorm,18096,334.759
layernorm,18112,333.442
layernorm,18128,334.376
layernorm,18144,333.975
layernorm,18160,334.748
layernorm,18176,335.01
layernorm,18192,335.09
layernorm,18208,334.125
layernorm,18224,334.632
layernorm,18240,335.586
layernorm,18256,336.45
layernorm,18272,336.706
layernorm,18288,337.773
layernorm,18304,336.893
layernorm,18320,336.872
layernorm,18336,338.344
layernorm,18352,337.629
layernorm,18368,338.728
layernorm,18384,337.816
layernorm,18400,339.378
layernorm,18416,339.965
layernorm,18432,339.811
layernorm,18448,339.219
layernorm,18464,340.317
layernorm,18480,339.384
layernorm,18496,339.176
layernorm,18512,340.312
layernorm,18528,340.365
layernorm,18544,340.85
layernorm,18560,340.605
layernorm,18576,340.936
layernorm,18592,341.293
layernorm,18608,341.672
layernorm,18624,342.12
layernorm,18640,341.283
layernorm,18656,341.885
layernorm,18672,342.978
layernorm,18688,343.347
layernorm,18704,344.562
layernorm,18720,345.395
layernorm,18736,345.016
layernorm,18752,345.288
layernorm,18768,346.029
layernorm,18784,346.04
layernorm,18800,346.835
layernorm,18816,346.418
layernorm,18832,347.293
layernorm,18848,347.438
layernorm,18864,348.568
layernorm,18880,348.264
layernorm,18896,347.853
layernorm,18912,349.368
layernorm,18928,349.384
layernorm,18944,350.29
layernorm,18960,350.718
layernorm,18976,351.635
layernorm,18992,351.944
layernorm,19008,350.173
layernorm,19024,350.669
layernorm,19040,350.504
layernorm,19056,353.272
layernorm,19072,352.408
layernorm,19088,353.587
layernorm,19104,352.915
layernorm,19120,353.336
layernorm,19136,353.645
layernorm,19152,354.232
layernorm,19168,354.659
layernorm,19184,354.12
layernorm,19200,355.213
layernorm,19216,356.456
layernorm,19232,355.534
layernorm,19248,355.635
layernorm,19264,356.808
layernorm,19280,357.139
layernorm,19296,356.936
layernorm,19312,356.968
layernorm,19328,357.598
layernorm,19344,357.368
layernorm,19360,356.787
layernorm,19376,358.334
layernorm,19392,356.222
layernorm,19408,359.358
layernorm,19424,358.931
layernorm,19440,358.541
layernorm,19456,360.942
layernorm,19472,359.006
layernorm,19488,359.187
layernorm,19504,360.505
layernorm,19520,359.795
layernorm,19536,360.952
layernorm,19552,362.211
layernorm,19568,360.755
layernorm,19584,363.379
layernorm,19600,360.654
layernorm,19616,360.414
layernorm,19632,361.608
layernorm,19648,360.776
layernorm,19664,362.286
layernorm,19680,362.792
layernorm,19696,363.406
layernorm,19712,363.112
layernorm,19728,363.454
layernorm,19744,363.203
layernorm,19760,364.062
layernorm,19776,365.081
layernorm,19792,365.043
layernorm,19808,366.201
layernorm,19824,366.046
layernorm,19840,365.699
layernorm,19856,365.363
layernorm,19872,365.998
layernorm,19888,365.022
layernorm,19904,367.027
layernorm,19920,366.356
layernorm,19936,367
layernorm,19952,367.246
layernorm,19968,366.435
layernorm,19984,369.369
layernorm,20000,369.827
layernorm,20016,368.196
layernorm,20032,370.003
layernorm,20048,369.406
layernorm,20064,369.177
layernorm,20080,371.801
layernorm,20096,369.475
layernorm,20112,371.139
layernorm,20128,372.499
layernorm,20144,371.091
layernorm,20160,371.859
layernorm,20176,372.281
layernorm,20192,372.638
layernorm,20208,373.15
layernorm,20224,374.115
layernorm,20240,373.731
layernorm,20256,375.539
layernorm,20272,373.875
layernorm,20288,374.953
layernorm,20304,375.225
layernorm,20320,375.673
layernorm,20336,377.518
layernorm,20352,379.017
layernorm,20368,375.187
layernorm,20384,377.38
layernorm,20400,376.344
layernorm,20416,376.164
layernorm,20432,377.305
layernorm,20448,378.51
layernorm,20464,377.374
layernorm,20480,379.065
layernorm,20496,377.241
layernorm,20512,379.092
layernorm,20528,379.785
layernorm,20544,378.927
layernorm,20560,379.823
layernorm,20576,380.42
layernorm,20592,379.417
layernorm,20608,380.814
layernorm,20624,380.462
layernorm,20640,379.241
layernorm,20656,381.46
layernorm,20672,381.822
layernorm,20688,382.121
layernorm,20704,382.174
layernorm,20720,381.62
layernorm,20736,382.99
layernorm,20752,381.828
layernorm,20768,382.937
layernorm,20784,382.415
layernorm,20800,384.319
layernorm,20816,382.302
layernorm,20832,384.425
layernorm,20848,383.924
layernorm,20864,385.433
layernorm,20880,385.001
layernorm,20896,385.332
layernorm,20912,384.777
layernorm,20928,385.876
layernorm,20944,385.833
layernorm,20960,386.9
layernorm,20976,386.148
layernorm,20992,386.553
layernorm,21008,387.871
layernorm,21024,387.406
layernorm,21040,387.236
layernorm,21056,389.183
layernorm,21072,388.894
layernorm,21088,388.388
layernorm,21104,389.886
layernorm,21120,388.511
layernorm,21136,390.345
layernorm,21152,389.791
layernorm,21168,390.505
layernorm,21184,391.028
layernorm,21200,392.084
layernorm,21216,392.207
layernorm,21232,393.06
layernorm,21248,393.407
layernorm,21264,392.548
layernorm,21280,393.839
layernorm,21296,394.313
layernorm,21312,393.785
layernorm,21328,395.615
layernorm,21344,394.191
layernorm,21360,394.351
layernorm,21376,395.45
layernorm,21392,395.978
layernorm,21408,396.703
layernorm,21424,395.695
layernorm,21440,392.367
layernorm,21456,397.343
layernorm,21472,396.02
layernorm,21488,396.927
layernorm,21504,398.655
layernorm,21520,398.335
layernorm,21536,398.351
layernorm,21552,398.666
layernorm,21568,397.519
layernorm,21584,399.146
layernorm,21600,398.132
layernorm,21616,398.98
layernorm,21632,399.642
layernorm,21648,400.255
layernorm,21664,401.22
layernorm,21680,402.266
layernorm,21696,399.556
layernorm,21712,400.938
layernorm,21728,401.753
layernorm,21744,400.138
layernorm,21760,402.804
layernorm,21776,400.767
layernorm,21792,400.868
layernorm,21808,401.738
layernorm,21824,402.218
layernorm,21840,400.959
layernorm,21856,402.612
layernorm,21872,403.295
layernorm,21888,403.866
layernorm,21904,403.348
layernorm,21920,403.37
layernorm,21936,404.341
layernorm,21952,404.442
layernorm,21968,403.781
layernorm,21984,403.503
layernorm,22000,405.386
layernorm,22016,403.941
layernorm,22032,406.447
layernorm,22048,405.861
layernorm,22064,405.248
layernorm,22080,406.533
layernorm,22096,409.044
layernorm,22112,407.279
layernorm,22128,410.063
layernorm,22144,407.989
layernorm,22160,409.461
layernorm,22176,409.328
layernorm,22192,408.576
layernorm,22208,410.41
layernorm,22224,411.493
layernorm,22240,410.02
layernorm,22256,411.647
layernorm,22272,411.445
layernorm,22288,411.951
layernorm,22304,412.186
layernorm,22320,412.544
layernorm,22336,412.938
layernorm,22352,413.05
layernorm,22368,412.805
layernorm,22384,413.802
layernorm,22400,414.458
layernorm,22416,413.488
layernorm,22432,414.56
layernorm,22448,414.698
layernorm,22464,413.797
layernorm,22480,415.621
layernorm,22496,415.765
layernorm,22512,414.741
layernorm,22528,416.069
layernorm,22544,416.795
layernorm,22560,416.896
layernorm,22576,417.253
layernorm,22592,415.605
layernorm,22608,418.031
layernorm,22624,418.746
layernorm,22640,417.013
layernorm,22656,419.915
layernorm,22672,419.919
layernorm,22688,420.688
layernorm,22704,419.322
layernorm,22720,420.731
layernorm,22736,420.789
layernorm,22752,421.803
layernorm,22768,421.071
layernorm,22784,421.488
layernorm,22800,419.866
layernorm,22816,421.066
layernorm,22832,420.88
layernorm,22848,421.05
layernorm,22864,421.867
layernorm,22880,420.944
layernorm,22896,422.357
layernorm,22912,421.883
layernorm,22928,423.194
layernorm,22944,422.043
layernorm,22960,422.64
layernorm,22976,423.851
layernorm,22992,422.373
layernorm,23008,423.685
layernorm,23024,425.504
layernorm,23040,422.811
layernorm,23056,424.858
layernorm,23072,425.483
layernorm,23088,425.104
layernorm,23104,426.554
layernorm,23120,425.472
layernorm,23136,427.819
layernorm,23152,427.488
layernorm,23168,425.898
layernorm,23184,427.728
layernorm,23200,428.027
layernorm,23216,428.176
layernorm,23232,431.366
layernorm,23248,428.645
layernorm,23264,428.859
layernorm,23280,430.501
layernorm,23296,430.651
layernorm,23312,430.757
layernorm,23328,430.821
layernorm,23344,431.248
layernorm,23360,431.222
layernorm,23376,431.099
layernorm,23392,430.982
layernorm,23408,432.438
layernorm,23424,432.475
layernorm,23440,432.4
layernorm,23456,433.307
layernorm,23472,433.979
layernorm,23488,434.198
layernorm,23504,434.203
layernorm,23520,434.517
layernorm,23536,433.397
layernorm,23552,435.798
layernorm,23568,435.189
layernorm,23584,435.654
layernorm,23600,437.317
layernorm,23616,433.717
layernorm,23632,437.686
layernorm,23648,436.901
layernorm,23664,435.968
layernorm,23680,439.248
layernorm,23696,436.971
layernorm,23712,439.509
layernorm,23728,438.805
layernorm,23744,438.56
layernorm,23760,438.774
layernorm,23776,439.446
layernorm,23792,439.942
layernorm,23808,439.035
layernorm,23824,440.699
layernorm,23840,439.616
layernorm,23856,441.184
layernorm,23872,442.545
layernorm,23888,440.032
layernorm,23904,442.625
layernorm,23920,441.723
layernorm,23936,441.488
layernorm,23952,440.614
layernorm,23968,441.569
layernorm,23984,443.072
layernorm,24000,442.235
layernorm,24016,441.99
layernorm,24032,443.553
layernorm,24048,445.243
layernorm,24064,441.813
layernorm,24080,445.238
layernorm,24096,443.723
layernorm,24112,444.502
layernorm,24128,444.187
layernorm,24144,446.224
layernorm,24160,445.851
layernorm,24176,445.11
layernorm,24192,444.576
layernorm,24208,449.393
layernorm,24224,445.558
layernorm,24240,446.171
layernorm,24256,449.19
layernorm,24272,447.974
layernorm,24288,447.739
layernorm,24304,450.934
layernorm,24320,448.56
layernorm,24336,449.825
layernorm,24352,449.724
layernorm,24368,451.318
layernorm,24384,449.974
layernorm,24400,449.947
layernorm,24416,450.262
layernorm,24432,450.705
layernorm,24448,453.702
layernorm,24464,451.654
layernorm,24480,451.926
layernorm,24496,453.788
layernorm,24512,451.185
layernorm,24528,454.625
layernorm,24544,453.996
layernorm,24560,454.582
layernorm,24576,454.673
layernorm,24592,454.091
layernorm,24608,453.515
layernorm,24624,454.412
layernorm,24640,454.641
layernorm,24656,456.785
layernorm,24672,455.836
layernorm,24688,457.078
layernorm,24704,457.873
layernorm,24720,459.014
layernorm,24736,458.065
layernorm,24752,457.905
layernorm,24768,458.604
layernorm,24784,458.508
layernorm,24800,458.385
layernorm,24816,459.788
layernorm,24832,459.676
layernorm,24848,460.631
layernorm,24864,460.614
layernorm,24880,459.121
layernorm,24896,460.422
layernorm,24912,460.758
layernorm,24928,460.801
layernorm,24944,460.497
layernorm,24960,458.78
layernorm,24976,460.924
layernorm,24992,461.777
layernorm,25008,461.244
layernorm,25024,462.812
layernorm,25040,463.26
layernorm,25056,462.422
layernorm,25072,463.463
layernorm,25088,463.009
layernorm,25104,463.777
layernorm,25120,462.839
layernorm,25136,462.71
layernorm,25152,463.596
layernorm,25168,464.449
layernorm,25184,463.762
layernorm,25200,465.543
layernorm,25216,464.257
layernorm,25232,466.081
layernorm,25248,466.252
layernorm,25264,465.713
layernorm,25280,467.655
layernorm,25296,465.905
layernorm,25312,470.391
layernorm,25328,467.505
layernorm,25344,468.748
layernorm,25360,469.09
layernorm,25376,468.85
layernorm,25392,467.185
layernorm,25408,468.711
layernorm,25424,470.636
layernorm,25440,470.268
layernorm,25456,470.167
layernorm,25472,469.911
layernorm,25488,468.983
layernorm,25504,471.532
layernorm,25520,472.055
layernorm,25536,470.86
layernorm,25552,471.874
layernorm,25568,473.473
layernorm,25584,471.964
layernorm,25600,473.255
layernorm,25616,474.615
layernorm,25632,475.004
layernorm,25648,473.842
layernorm,25664,473.703
layernorm,25680,475.153
layernorm,25696,475.095
layernorm,25712,475.212
layernorm,25728,476.337
layernorm,25744,474.834
layernorm,25760,476.62
layernorm,25776,476.482
layernorm,25792,476.375
layernorm,25808,476.103
layernorm,25824,477.207
layernorm,25840,476.018
layernorm,25856,478.081
layernorm,25872,477.506
layernorm,25888,479.015
layernorm,25904,480.05
layernorm,25920,478.913
layernorm,25936,478.892
layernorm,25952,479.308
layernorm,25968,481.815
layernorm,25984,479.692
layernorm,26000,480.38
layernorm,26016,481.175
layernorm,26032,480.183
layernorm,26048,481.143
layernorm,26064,482.877
layernorm,26080,480.236
layernorm,26096,482.855
layernorm,26112,484.493
layernorm,26128,483.596
layernorm,26144,480.871
layernorm,26160,483.506
layernorm,26176,481.586
layernorm,26192,484.429
layernorm,26208,483.522
layernorm,26224,483.821
layernorm,26240,484.125
layernorm,26256,484.3
layernorm,26272,482.834
layernorm,26288,484.45
layernorm,26304,484.984
layernorm,26320,485.725
layernorm,26336,485.367
layernorm,26352,485.645
layernorm,26368,488.428
layernorm,26384,487
layernorm,26400,486.844
layernorm,26416,488.53
layernorm,26432,486.183
layernorm,26448,488.631
layernorm,26464,488.141
layernorm,26480,487.031
layernorm,26496,489.192
layernorm,26512,488.904
layernorm,26528,488.978
layernorm,26544,490.093
layernorm,26560,490.024
layernorm,26576,492.951
layernorm,26592,492.978
layernorm,26608,494.531
layernorm,26624,489.575
layernorm,26640,492.05
layernorm,26656,493.533
layernorm,26672,493.661
layernorm,26688,492.909
layernorm,26704,493.213
layernorm,26720,493.501
layernorm,26736,495.25
layernorm,26752,494.408
layernorm,26768,494.744
layernorm,26784,495.8
layernorm,26800,495.864
layernorm,26816,496.216
layernorm,26832,496.301
layernorm,26848,495.416
layernorm,26864,497.666
layernorm,26880,497.383
layernorm,26896,496.146
layernorm,26912,497.245
layernorm,26928,498.466
layernorm,26944,498.632
layernorm,26960,499.096
layernorm,26976,499.805
layernorm,26992,499.203
layernorm,27008,497.507
layernorm,27024,500.685
layernorm,27040,501.128
layernorm,27056,500.674
layernorm,27072,500.589
layernorm,27088,501.709
layernorm,27104,500.69
layernorm,27120,502.184
layernorm,27136,500.568
layernorm,27152,501.63
layernorm,27168,500.248
layernorm,27184,500.739
layernorm,27200,500.429
layernorm,27216,502.931
layernorm,27232,502.445
layernorm,27248,503.31
layernorm,27264,503.235
layernorm,27280,502.558
layernorm,27296,505.176
layernorm,27312,503.405
layernorm,27328,505.016
layernorm,27344,506.211
layernorm,27360,505.875
layernorm,27376,505.032
layernorm,27392,505.075
layernorm,27408,506.515
layernorm,27424,505.694
layernorm,27440,507.293
layernorm,27456,506.92
layernorm,27472,507.715
layernorm,27488,508.216
layernorm,27504,507.214
layernorm,27520,507.304
layernorm,27536,508.499
layernorm,27552,508.931
layernorm,27568,509.229
layernorm,27584,508.739
layernorm,27600,509.923
layernorm,27616,507.672
layernorm,27632,509.55
layernorm,27648,511.443
layernorm,27664,511.416
layernorm,27680,509.965
layernorm,27696,511.822
layernorm,27712,509.209
layernorm,27728,512.221
layernorm,27744,512.013
layernorm,27760,511.427
layernorm,27776,513.741
layernorm,27792,513.059
layernorm,27808,514.633
layernorm,27824,512.824
layernorm,27840,514.856
layernorm,27856,513.982
layernorm,27872,515.448
layernorm,27888,514.963
layernorm,27904,516.105
layernorm,27920,517.118
layernorm,27936,517.923
layernorm,27952,518.318
layernorm,27968,517.758
layernorm,27984,517.87
layernorm,28000,517.854
layernorm,28016,519.102
layernorm,28032,518.648
layernorm,28048,518.136
layernorm,28064,519.102
layernorm,28080,520.158
layernorm,28096,519.918
layernorm,28112,517.939
layernorm,28128,522.836
layernorm,28144,520.707
layernorm,28160,520.99
layernorm,28176,520.153
layernorm,28192,520.531
layernorm,28208,520.963
layernorm,28224,521.673
layernorm,28240,522.275
layernorm,28256,522.952
layernorm,28272,522.212
layernorm,28288,523.705
layernorm,28304,521.139
layernorm,28320,522.755
layernorm,28336,521.977
layernorm,28352,524.163
layernorm,28368,524.174
layernorm,28384,523.342
layernorm,28400,523.577
layernorm,28416,522.35
layernorm,28432,524.083
layernorm,28448,523.886
layernorm,28464,524.654
layernorm,28480,526.617
layernorm,28496,524.947
layernorm,28512,527.732
layernorm,28528,526.937
layernorm,28544,525.993
layernorm,28560,525.918
layernorm,28576,527.934
layernorm,28592,527.14
layernorm,28608,528.953
layernorm,28624,526.761
layernorm,28640,528.446
layernorm,28656,529.332
layernorm,28672,527.683
layernorm,28688,531.545
layernorm,28704,529.519
layernorm,28720,529.145
layernorm,28736,530.238
layernorm,28752,529.155
layernorm,28768,531.134
layernorm,28784,530.819
layernorm,28800,532.74
layernorm,28816,532.329
layernorm,28832,534.335
layernorm,28848,532.799
layernorm,28864,533.855
layernorm,28880,535.439
layernorm,28896,535.119
layernorm,28912,533.785
layernorm,28928,535.913
layernorm,28944,534.51
layernorm,28960,535.721
layernorm,28976,537.865
layernorm,28992,537.786
layernorm,29008,536.159
layernorm,29024,536.633
layernorm,29040,536.137
layernorm,29056,537.007
layernorm,29072,535.908
layernorm,29088,538.063
layernorm,29104,537.503
layernorm,29120,537.599
layernorm,29136,538.334
layernorm,29152,538.74
layernorm,29168,538.767
layernorm,29184,537.817
layernorm,29200,540.436
layernorm,29216,541.428
layernorm,29232,539.124
layernorm,29248,539.775
layernorm,29264,541.503
layernorm,29280,539.668
layernorm,29296,543.146
layernorm,29312,542.185
layernorm,29328,543.369
layernorm,29344,541.62
layernorm,29360,542.436
layernorm,29376,543.188
layernorm,29392,543.071
layernorm,29408,543.775
layernorm,29424,543.626
layernorm,29440,543.257
layernorm,29456,543.535
layernorm,29472,543.86
layernorm,29488,543.737
layernorm,29504,545.263
layernorm,29520,543.503
layernorm,29536,544.468
layernorm,29552,544.522
layernorm,29568,547.156
layernorm,29584,546.788
layernorm,29600,545.727
layernorm,29616,548.687
layernorm,29632,547.407
layernorm,29648,548.282
layernorm,29664,548.788
layernorm,29680,549.327
layernorm,29696,548.415
layernorm,29712,549.652
layernorm,29728,548.164
layernorm,29744,551.354
layernorm,29760,549.039
layernorm,29776,551.375
layernorm,29792,548.031
layernorm,29808,551.061
layernorm,29824,552.255
layernorm,29840,551.679
layernorm,29856,551.285
layernorm,29872,551.396
layernorm,29888,554.591
layernorm,29904,551.183
layernorm,29920,554.229
layernorm,29936,553.082
layernorm,29952,553.855
layernorm,29968,553.588
layernorm,29984,553.904
layernorm,30000,555.807
layernorm,30016,555.37
layernorm,30032,557.311
layernorm,30048,555.477
layernorm,30064,557.823
layernorm,30080,556.73
layernorm,30096,557.205
layernorm,30112,555.621
layernorm,30128,556.032
layernorm,30144,559.445
layernorm,30160,557.663
layernorm,30176,558.463
layernorm,30192,559.024
layernorm,30208,558.559
layernorm,30224,559.808
layernorm,30240,559.114
layernorm,30256,559.466
layernorm,30272,558.677
layernorm,30288,560.842
layernorm,30304,559.349
layernorm,30320,561.184
layernorm,30336,562.197
layernorm,30352,561.237
layernorm,30368,561.498
layernorm,30384,561.727
layernorm,30400,563.434
layernorm,30416,562.837
layernorm,30432,562.101
layernorm,30448,562.197
layernorm,30464,564.629
layernorm,30480,561.28
layernorm,30496,562.874
layernorm,30512,563.231
layernorm,30528,565.157
layernorm,30544,563.621
layernorm,30560,565.914
layernorm,30576,565.125
layernorm,30592,564.266
layernorm,30608,568.037
layernorm,30624,564.97
layernorm,30640,565.013
layernorm,30656,566.613
layernorm,30672,564.868
layernorm,30688,566.01
layernorm,30704,568.885
layernorm,30720,565.072
layernorm,30736,569.45
layernorm,30752,568.49
layernorm,30768,567.557
layernorm,30784,568.293
layernorm,30800,569.68
layernorm,30816,571.488
layernorm,30832,571.744
layernorm,30848,569.691
layernorm,30864,569.387
layernorm,30880,569.6
layernorm,30896,570.608
layernorm,30912,573.109
layernorm,30928,571.008
layernorm,30944,571.237
layernorm,30960,570.634
layernorm,30976,573.605
layernorm,30992,573.296
layernorm,31008,573.301
layernorm,31024,573.6
layernorm,31040,574.139
layernorm,31056,574.933
layernorm,31072,574.528
layernorm,31088,574.576
layernorm,31104,574.704
layernorm,31120,574.213
layernorm,31136,575.819
layernorm,31152,576.128
layernorm,31168,575.243
layernorm,31184,576.555
layernorm,31200,575.867
layernorm,31216,576.784
layernorm,31232,579.467
layernorm,31248,578.683
layernorm,31264,579.413
layernorm,31280,579.243
layernorm,31296,577.979
layernorm,31312,578.475
layernorm,31328,581.056
layernorm,31344,579.622
layernorm,31360,580.016
layernorm,31376,579.68
layernorm,31392,581.28
layernorm,31408,580.059
layernorm,31424,583.424
layernorm,31440,583.275
layernorm,31456,580.358
layernorm,31472,582.123
layernorm,31488,581.963
layernorm,31504,582.155
layernorm,31520,582.16
layernorm,31536,583.184
layernorm,31552,583.776
layernorm,31568,581.547
layernorm,31584,585.808
layernorm,31600,583.504
layernorm,31616,582.977
layernorm,31632,583.648
layernorm,31648,583.563
layernorm,31664,583.814
layernorm,31680,585.462
layernorm,31696,582.246
layernorm,31712,586.416
layernorm,31728,584.72
layernorm,31744,584.704
layernorm,31760,585.942
layernorm,31776,587.094
layernorm,31792,587.883
layernorm,31808,587.707
layernorm,31824,587.894
layernorm,31840,587.867
layernorm,31856,589.201
layernorm,31872,588.357
layernorm,31888,590.998
layernorm,31904,590.054
layernorm,31920,590.843
layernorm,31936,590.742
layernorm,31952,589.244
layernorm,31968,591.073
layernorm,31984,589.723
layernorm,32000,590.71
layernorm,32016,591.083
layernorm,32032,592.337
layernorm,32048,591.824
layernorm,32064,591.835
layernorm,32080,592.304
layernorm,32096,593.355
layernorm,32112,595.137
layernorm,32128,593.046
layernorm,32144,593.707
layernorm,32160,595.068
layernorm,32176,594.022
layernorm,32192,593.473
layernorm,32208,595.83
layernorm,32224,594.683
layernorm,32240,597.494
layernorm,32256,597.276
layernorm,32272,596.331
layernorm,32288,595.932
layernorm,32304,596.806
layernorm,32320,596.096
layernorm,32336,600.497
layernorm,32352,598.022
layernorm,32368,597.606
layernorm,32384,600.966
layernorm,32400,597.435
layernorm,32416,598.731
layernorm,32432,600.502
layernorm,32448,600.545
layernorm,32464,599.553
layernorm,32480,599.046
layernorm,32496,603.185
layernorm,32512,601.473
layernorm,32528,602.598
layernorm,32544,601.495
layernorm,32560,601.254
layernorm,32576,601.553
layernorm,32592,602.801
layernorm,32608,602.577
layernorm,32624,603.761
layernorm,32640,603.495
layernorm,32656,605.276
layernorm,32672,601.686
layernorm,32688,600.929
layernorm,32704,603.905
layernorm,32720,602.625
layernorm,32736,604.155
layernorm,32752,606.358
layernorm,32768,604.177
o_proj,1,6.656
o_proj,2,5.30133
o_proj,3,5.26967
o_proj,4,4.96033
o_proj,5,5.03467
o_proj,6,4.98133
o_proj,7,5.01367
o_proj,8,4.95
o_proj,9,5.13067
o_proj,10,5.07767
o_proj,11,5.08833
o_proj,12,5.035
o_proj,13,5.088
o_proj,14,5.03467
o_proj,15,5.06667
o_proj,16,5.088
o_proj,20,5.184
o_proj,24,5.17333
o_proj,28,5.21633
o_proj,32,5.824
o_proj,36,6.06933
o_proj,40,6.16533
o_proj,44,6.13333
o_proj,48,6.123
o_proj,52,6.16533
o_proj,56,6.091
o_proj,60,9.02467
o_proj,64,8.98133
o_proj,80,8.971
o_proj,96,8.971
o_proj,112,8.97067
o_proj,128,8.971
o_proj,144,9.067
o_proj,160,8.98167
o_proj,176,9.01367
o_proj,192,9.13133
o_proj,208,9.55733
o_proj,224,9.60067
o_proj,240,9.58933
o_proj,256,9.46167
o_proj,272,18.678
o_proj,288,18.7203
o_proj,304,18.603
o_proj,320,18.657
o_proj,336,18.7203
o_proj,352,14.891
o_proj,368,14.8807
o_proj,384,15.0087
o_proj,400,18.8697
o_proj,416,18.955
o_proj,432,18.977
o_proj,448,19.0827
o_proj,464,19.3183
o_proj,480,19.339
o_proj,496,19.0293
o_proj,512,19.1363
o_proj,528,25.9637
o_proj,544,25.974
o_proj,560,25.889
o_proj,576,25.974
o_proj,592,25.9423
o_proj,608,25.9953
o_proj,624,26.0277
o_proj,640,25.953
o_proj,656,25.9953
o_proj,672,26.1013
o_proj,688,26.0277
o_proj,704,25.9843
o_proj,720,26.177
o_proj,736,26.0703
o_proj,752,26.177
o_proj,768,26.155
o_proj,784,26.2087
o_proj,800,26.2833
o_proj,816,26.5283
o_proj,832,26.5073
o_proj,848,26.3903
o_proj,864,26.5607
o_proj,880,27.3497
o_proj,896,27.3603
o_proj,912,26.7633
o_proj,928,26.8483
o_proj,944,26.9553
o_proj,960,26.849
o_proj,976,26.8273
o_proj,992,27.6913
o_proj,1008,27.6913
o_proj,1024,27.7657
o_proj,1040,37.025
o_proj,1056,36.8543
o_proj,1072,37.0783
o_proj,1088,37.0143
o_proj,1104,36.833
o_proj,1120,36.6303
o_proj,1136,36.662
o_proj,1152,36.801
o_proj,1168,36.577
o_proj,1184,36.9717
o_proj,1200,36.7797
o_proj,1216,37.0463
o_proj,1232,36.8117
o_proj,1248,36.929
o_proj,1264,36.9503
o_proj,1280,36.8117
o_proj,1296,36.6943
o_proj,1312,36.9397
o_proj,1328,36.8967
o_proj,1344,36.769
o_proj,1360,36.7903
o_proj,1376,37.153
o_proj,1392,36.9397
o_proj,1408,36.8007
o_proj,1424,36.705
o_proj,1440,36.9397
o_proj,1456,36.737
o_proj,1472,36.918
o_proj,1488,36.865
o_proj,1504,37.1313
o_proj,1520,36.9077
o_proj,1536,37.089
o_proj,1552,46.3267
o_proj,1568,46.4013
o_proj,1584,46.4013
o_proj,1600,46.497
o_proj,1616,46.732
o_proj,1632,46.5397
o_proj,1648,46.764
o_proj,1664,46.9133
o_proj,1680,46.9877
o_proj,1696,47.0517
o_proj,1712,46.956
o_proj,1728,46.9987
o_proj,1744,46.9667
o_proj,1760,47.169
o_proj,1776,47.1903
o_proj,1792,47.148
o_proj,1808,47.287
o_proj,1824,47.1583
o_proj,1840,47.2543
o_proj,1856,47.0627
o_proj,1872,47.084
o_proj,1888,47.116
o_proj,1904,47.0733
o_proj,1920,47.1907
o_proj,1936,47.5327
o_proj,1952,47.276
o_proj,1968,47.1587
o_proj,1984,47.3717
o_proj,2000,47.4463
o_proj,2016,47.5317
o_proj,2032,47.4893
o_proj,2048,47.5103
o_proj,2064,47.9157
o_proj,2080,47.8093
o_proj,2096,47.7877
o_proj,2112,47.9797
o_proj,2128,48.012
o_proj,2144,47.7773
o_proj,2160,47.7987
o_proj,2176,47.948
o_proj,2192,58.199
o_proj,2208,58.1453
o_proj,2224,58.284
o_proj,2240,58.3803
o_proj,2256,58.0387
o_proj,2272,58.433
o_proj,2288,58.316
o_proj,2304,58.4547
o_proj,2320,58.604
o_proj,2336,58.6893
o_proj,2352,58.732
o_proj,2368,58.6463
o_proj,2384,58.6467
o_proj,2400,58.6363
o_proj,2416,58.86
o_proj,2432,58.7747
o_proj,2448,58.711
o_proj,2464,58.497
o_proj,2480,58.6253
o_proj,2496,58.5187
o_proj,2512,59.0947
o_proj,2528,58.8603
o_proj,2544,59.383
o_proj,2560,59.191
o_proj,2576,59.4363
o_proj,2592,59.4573
o_proj,2608,59.436
o_proj,2624,59.628
o_proj,2640,59.6497
o_proj,2656,59.735
o_proj,2672,59.7663
o_proj,2688,59.703
o_proj,2704,68.503
o_proj,2720,68.0873
o_proj,2736,68.439
o_proj,2752,68.2893
o_proj,2768,68.2153
o_proj,2784,68.45
o_proj,2800,68.353
o_proj,2816,68.5883
o_proj,2832,68.7593
o_proj,2848,68.5563
o_proj,2864,68.5453
o_proj,2880,68.8547
o_proj,2896,68.5993
o_proj,2912,68.684
o_proj,2928,68.7803
o_proj,2944,68.9507
o_proj,2960,69.1647
o_proj,2976,69.079
o_proj,2992,69.154
o_proj,3008,69.1433
o_proj,3024,69.3137
o_proj,3040,69.3563
o_proj,3056,69.2497
o_proj,3072,69.3673
o_proj,3088,69.3343
o_proj,3104,69.548
o_proj,3120,69.2927
o_proj,3136,69.314
o_proj,3152,69.5057
o_proj,3168,69.442
o_proj,3184,69.57
o_proj,3200,69.377
o_proj,3216,79.095
o_proj,3232,78.967
o_proj,3248,79.1597
o_proj,3264,79.3833
o_proj,3280,78.9567
o_proj,3296,79.1057
o_proj,3312,79.1593
o_proj,3328,79.0957
o_proj,3344,79.9703
o_proj,3360,79.8953
o_proj,3376,80.0763
o_proj,3392,80.0663
o_proj,3408,80.023
o_proj,3424,80.0127
o_proj,3440,80.6957
o_proj,3456,80.7807
o_proj,3472,81.1007
o_proj,3488,81.154
o_proj,3504,81.1433
o_proj,3520,81.0047
o_proj,3536,81.154
o_proj,3552,81.218
o_proj,3568,81.0157
o_proj,3584,81.1437
o_proj,3600,81.0473
o_proj,3616,81.229
o_proj,3632,81.0267
o_proj,3648,81.1003
o_proj,3664,81.1733
o_proj,3680,81.154
o_proj,3696,81.2067
o_proj,3712,81.1757
o_proj,3728,88.2257
o_proj,3744,88.674
o_proj,3760,87.97
o_proj,3776,88.4927
o_proj,3792,88.0137
o_proj,3808,88.493
o_proj,3824,88.4607
o_proj,3840,88.3547
o_proj,3856,90.9573
o_proj,3872,90.786
o_proj,3888,90.797
o_proj,3904,90.8393
o_proj,3920,90.808
o_proj,3936,91.298
o_proj,3952,90.701
o_proj,3968,91.4373
o_proj,3984,91.33
o_proj,4000,91.331
o_proj,4016,91.5863
o_proj,4032,91.5967
o_proj,4048,91.5543
o_proj,4064,91.576
o_proj,4080,91.0953
o_proj,4096,91.501
o_proj,4112,91.9807
o_proj,4128,91.971
o_proj,4144,92.0343
o_proj,4160,91.725
o_proj,4176,92.0663
o_proj,4192,92.1193
o_proj,4208,92.0767
o_proj,4224,92.3117
o_proj,4240,92.6207
o_proj,4256,92.2053
o_proj,4272,92.152
o_proj,4288,92.162
o_proj,4304,92.45
o_proj,4320,92.8553
o_proj,4336,92.3113
o_proj,4352,92.4933
o_proj,4368,101.39
o_proj,4384,102.04
o_proj,4400,101.325
o_proj,4416,101.891
o_proj,4432,101.891
o_proj,4448,102.317
o_proj,4464,101.656
o_proj,4480,102.157
o_proj,4496,102.21
o_proj,4512,102.072
o_proj,4528,102.286
o_proj,4544,102.861
o_proj,4560,102.21
o_proj,4576,102.295
o_proj,4592,102.328
o_proj,4608,102.317
o_proj,4624,102.317
o_proj,4640,102.584
o_proj,4656,102.669
o_proj,4672,102.509
o_proj,4688,102.306
o_proj,4704,102.562
o_proj,4720,102.914
o_proj,4736,102.446
o_proj,4752,102.819
o_proj,4768,102.573
o_proj,4784,102.691
o_proj,4800,102.637
o_proj,4816,102.861
o_proj,4832,102.413
o_proj,4848,102.584
o_proj,4864,102.349
o_proj,4880,110.659
o_proj,4896,110.594
o_proj,4912,110.819
o_proj,4928,110.893
o_proj,4944,110.883
o_proj,4960,110.968
o_proj,4976,110.914
o_proj,4992,111.01
o_proj,5008,111.875
o_proj,5024,111.746
o_proj,5040,111.694
o_proj,5056,111.843
o_proj,5072,111.736
o_proj,5088,112.227
o_proj,5104,112.195
o_proj,5120,111.704
o_proj,5136,112.493
o_proj,5152,112.536
o_proj,5168,112.664
o_proj,5184,112.429
o_proj,5200,112.642
o_proj,5216,112.419
o_proj,5232,112.408
o_proj,5248,112.728
o_proj,5264,112.771
o_proj,5280,112.739
o_proj,5296,112.685
o_proj,5312,113.027
o_proj,5328,113.005
o_proj,5344,113.166
o_proj,5360,113.272
o_proj,5376,113.016
o_proj,5392,120.76
o_proj,5408,120.696
o_proj,5424,120.974
o_proj,5440,120.803
o_proj,5456,120.728
o_proj,5472,120.547
o_proj,5488,121.208
o_proj,5504,120.238
o_proj,5520,121.976
o_proj,5536,121.816
o_proj,5552,122.232
o_proj,5568,122.275
o_proj,5584,122.168
o_proj,5600,122.136
o_proj,5616,122.136
o_proj,5632,122.243
o_proj,5648,122.936
o_proj,5664,122.84
o_proj,5680,123
o_proj,5696,122.968
o_proj,5712,122.99
o_proj,5728,122.872
o_proj,5744,123.128
o_proj,5760,122.734
o_proj,5776,123.128
o_proj,5792,123.288
o_proj,5808,123.32
o_proj,5824,123.448
o_proj,5840,123.448
o_proj,5856,123.459
o_proj,5872,123.15
o_proj,5888,123.534
o_proj,5904,130.467
o_proj,5920,130.446
o_proj,5936,130.585
o_proj,5952,130.552
o_proj,5968,130.36
o_proj,5984,130.531
o_proj,6000,130.51
o_proj,6016,130.403
o_proj,6032,132.259
o_proj,6048,132.43
o_proj,6064,132.195
o_proj,6080,132.089
o_proj,6096,132.099
o_proj,6112,132.569
o_proj,6128,132.462
o_proj,6144,132.76
o_proj,6160,133.155
o_proj,6176,133.475
o_proj,6192,133.305
o_proj,6208,133.358
o_proj,6224,133.347
o_proj,6240,133.39
o_proj,6256,133.294
o_proj,6272,133.241
o_proj,6288,133.945
o_proj,6304,133.699
o_proj,6320,133.731
o_proj,6336,133.646
o_proj,6352,133.859
o_proj,6368,133.742
o_proj,6384,133.817
o_proj,6400,133.795
o_proj,6416,134.531
o_proj,6432,134.552
o_proj,6448,134.606
o_proj,6464,134.478
o_proj,6480,134.446
o_proj,6496,134.243
o_proj,6512,134.318
o_proj,6528,134.297
o_proj,6544,142.595
o_proj,6560,142.255
o_proj,6576,142.116
o_proj,6592,142.585
o_proj,6608,142.638
o_proj,6624,142.724
o_proj,6640,142.511
o_proj,6656,142.307
o_proj,6672,143.566
o_proj,6688,143.257
o_proj,6704,143.556
o_proj,6720,143.576
o_proj,6736,143.801
o_proj,6752,143.704
o_proj,6768,143.62
o_proj,6784,143.299
o_proj,6800,144.015
o_proj,6816,144.27
o_proj,6832,143.875
o_proj,6848,144.078
o_proj,6864,143.95
o_proj,6880,144.238
o_proj,6896,143.811
o_proj,6912,144.036
o_proj,6928,144.728
o_proj,6944,144.419
o_proj,6960,144.462
o_proj,6976,144.494
o_proj,6992,144.484
o_proj,7008,144.718
o_proj,7024,144.569
o_proj,7040,144.675
o_proj,7056,152.047
o_proj,7072,152.003
o_proj,7088,152.089
o_proj,7104,151.822
o_proj,7120,152.228
o_proj,7136,152.228
o_proj,7152,152.398
o_proj,7168,152.292
o_proj,7184,153.572
o_proj,7200,153.507
o_proj,7216,153.529
o_proj,7232,153.647
o_proj,7248,153.391
o_proj,7264,153.487
o_proj,7280,153.7
o_proj,7296,153.903
o_proj,7312,154.574
o_proj,7328,154.468
o_proj,7344,154.478
o_proj,7360,154.564
o_proj,7376,154.553
o_proj,7392,154.607
o_proj,7408,154.478
o_proj,7424,154.639
o_proj,7440,154.799
o_proj,7456,154.681
o_proj,7472,154.755
o_proj,7488,154.756
o_proj,7504,154.585
o_proj,7520,154.755
o_proj,7536,154.511
o_proj,7552,154.383
o_proj,7568,161.433
o_proj,7584,161.604
o_proj,7600,161.433
o_proj,7616,161.519
o_proj,7632,161.337
o_proj,7648,161.497
o_proj,7664,161.316
o_proj,7680,161.444
o_proj,7696,163.567
o_proj,7712,163.343
o_proj,7728,163.993
o_proj,7744,163.663
o_proj,7760,163.161
o_proj,7776,164.367
o_proj,7792,164.207
o_proj,7808,164.004
o_proj,7824,164.441
o_proj,7840,164.579
o_proj,7856,164.303
o_proj,7872,164.484
o_proj,7888,164.324
o_proj,7904,164.623
o_proj,7920,164.526
o_proj,7936,164.409
o_proj,7952,164.921
o_proj,7968,164.815
o_proj,7984,164.804
o_proj,8000,164.868
o_proj,8016,164.527
o_proj,8032,164.921
o_proj,8048,164.825
o_proj,8064,165.039
o_proj,8080,170.841
o_proj,8096,170.841
o_proj,8112,171.023
o_proj,8128,171.161
o_proj,8144,170.906
o_proj,8160,171.108
o_proj,8176,170.607
o_proj,8192,171.236
o_proj,8208,173.167
o_proj,8224,173.028
o_proj,8240,173.295
o_proj,8256,173.807
o_proj,8272,173.028
o_proj,8288,173.572
o_proj,8304,173.444
o_proj,8320,173.252
o_proj,8336,174.34
o_proj,8352,174.362
o_proj,8368,174.799
o_proj,8384,174.234
o_proj,8400,174.287
o_proj,8416,174.586
o_proj,8432,174.713
o_proj,8448,174.564
o_proj,8464,175.322
o_proj,8480,175.204
o_proj,8496,175.353
o_proj,8512,174.959
o_proj,8528,174.81
o_proj,8544,174.98
o_proj,8560,175.108
o_proj,8576,174.703
o_proj,8592,175.844
o_proj,8608,176.058
o_proj,8624,176.111
o_proj,8640,175.716
o_proj,8656,176.047
o_proj,8672,176.015
o_proj,8688,175.844
o_proj,8704,175.897
o_proj,8720,183.557
o_proj,8736,184.485
o_proj,8752,183.194
o_proj,8768,183.3
o_proj,8784,183.556
o_proj,8800,183.109
o_proj,8816,183.364
o_proj,8832,183.492
o_proj,8848,185.721
o_proj,8864,185.648
o_proj,8880,185.402
o_proj,8896,184.473
o_proj,8912,184.794
o_proj,8928,184.538
o_proj,8944,184.538
o_proj,8960,184.793
o_proj,8976,187.055
o_proj,8992,186.799
o_proj,9008,187.12
o_proj,9024,185.658
o_proj,9040,185.295
o_proj,9056,185.743
o_proj,9072,185.754
o_proj,9088,185.21
o_proj,9104,187.109
o_proj,9120,187.322
o_proj,9136,187.833
o_proj,9152,185.967
o_proj,9168,186.095
o_proj,9184,185.999
o_proj,9200,185.871
o_proj,9216,185.957
o_proj,9232,192.624
o_proj,9248,192.965
o_proj,9264,192.932
o_proj,9280,192.73
o_proj,9296,192.708
o_proj,9312,192.709
o_proj,9328,192.676
o_proj,9344,192.431
o_proj,9360,194.831
o_proj,9376,194.48
o_proj,9392,194.778
o_proj,9408,194.426
o_proj,9424,194.031
o_proj,9440,194.191
o_proj,9456,194.98
o_proj,9472,194.927
o_proj,9488,195.535
o_proj,9504,195.3
o_proj,9520,195.706
o_proj,9536,195.621
o_proj,9552,195.247
o_proj,9568,195.728
o_proj,9584,195.621
o_proj,9600,195.578
o_proj,9616,195.93
o_proj,9632,196.09
o_proj,9648,195.898
o_proj,9664,196.25
o_proj,9680,196.229
o_proj,9696,196.175
o_proj,9712,196.197
o_proj,9728,196.271
o_proj,9744,203.322
o_proj,9760,203.088
o_proj,9776,203.482
o_proj,9792,203.717
o_proj,9808,204.261
o_proj,9824,203.151
o_proj,9840,202.469
o_proj,9856,202.576
o_proj,9872,205.69
o_proj,9888,205.466
o_proj,9904,205.317
o_proj,9920,205.946
o_proj,9936,205.712
o_proj,9952,205.776
o_proj,9968,204.432
o_proj,9984,204.442
o_proj,10000,207.098
o_proj,10016,207.461
o_proj,10032,207.984
o_proj,10048,207.408
o_proj,10064,207.653
o_proj,10080,208.155
o_proj,10096,207.599
o_proj,10112,206.053
o_proj,10128,207.706
o_proj,10144,208.453
o_proj,10160,207.834
o_proj,10176,207.994
o_proj,10192,208.09
o_proj,10208,207.631
o_proj,10224,207.6
o_proj,10240,208.154
o_proj,10256,211.536
o_proj,10272,211.781
o_proj,10288,211.343
o_proj,10304,211.813
o_proj,10320,211.611
o_proj,10336,212.037
o_proj,10352,211.941
o_proj,10368,211.813
o_proj,10384,214.48
o_proj,10400,214.288
o_proj,10416,214.16
o_proj,10432,214.736
o_proj,10448,214.768
o_proj,10464,214.597
o_proj,10480,214.256
o_proj,10496,214.586
o_proj,10512,215.621
o_proj,10528,216.048
o_proj,10544,215.962
o_proj,10560,215.738
o_proj,10576,215.653
o_proj,10592,216.122
o_proj,10608,216.005
o_proj,10624,216.026
o_proj,10640,216.806
o_proj,10656,216.677
o_proj,10672,216.453
o_proj,10688,216.474
o_proj,10704,216.581
o_proj,10720,216.837
o_proj,10736,216.272
o_proj,10752,216.57
o_proj,10768,217.082
o_proj,10784,217.264
o_proj,10800,217.306
o_proj,10816,217.499
o_proj,10832,217.392
o_proj,10848,217.434
o_proj,10864,217.616
o_proj,10880,217.627
o_proj,10896,225.467
o_proj,10912,225.158
o_proj,10928,225.349
o_proj,10944,225.509
o_proj,10960,224.88
o_proj,10976,224.774
o_proj,10992,224.538
o_proj,11008,224.901
o_proj,11024,227.323
o_proj,11040,228.048
o_proj,11056,227.43
o_proj,11072,227.61
o_proj,11088,229.051
o_proj,11104,227.707
o_proj,11120,227.984
o_proj,11136,227.973
o_proj,11152,229.104
o_proj,11168,228.645
o_proj,11184,229.093
o_proj,11200,229.051
o_proj,11216,228.794
o_proj,11232,228.592
o_proj,11248,228.741
o_proj,11264,228.208
o_proj,11280,229.307
o_proj,11296,229.509
o_proj,11312,228.955
o_proj,11328,229.318
o_proj,11344,228.955
o_proj,11360,229.51
o_proj,11376,229.317
o_proj,11392,229.445
o_proj,11408,233.318
o_proj,11424,233.445
o_proj,11440,232.977
o_proj,11456,233.413
o_proj,11472,233.413
o_proj,11488,233.691
o_proj,11504,234.086
o_proj,11520,233.189
o_proj,11536,235.558
o_proj,11552,235.259
o_proj,11568,235.451
o_proj,11584,235.611
o_proj,11600,236.09
o_proj,11616,235.814
o_proj,11632,235.707
o_proj,11648,235.376
o_proj,11664,236.966
o_proj,11680,237.04
o_proj,11696,236.71
o_proj,11712,237.243
o_proj,11728,236.773
o_proj,11744,236.858
o_proj,11760,236.741
o_proj,11776,236.507
o_proj,11792,237.702
o_proj,11808,237.563
o_proj,11824,237.648
o_proj,11840,237.712
o_proj,11856,237.809
o_proj,11872,237.883
o_proj,11888,237.542
o_proj,11904,237.616
o_proj,11920,244.134
o_proj,11936,244.827
o_proj,11952,244.624
o_proj,11968,244.337
o_proj,11984,245.766
o_proj,12000,244.539
o_proj,12016,244.688
o_proj,12032,244.753
o_proj,12048,246.576
o_proj,12064,246.566
o_proj,12080,246.843
o_proj,12096,246.011
o_proj,12112,247.707
o_proj,12128,245.893
o_proj,12144,246.918
o_proj,12160,246.246
o_proj,12176,249.073
o_proj,12192,249.414
o_proj,12208,249.254
o_proj,12224,249.232
o_proj,12240,249.819
o_proj,12256,249.659
o_proj,12272,248.966
o_proj,12288,248.688
o_proj,12304,249.521
o_proj,12320,249.777
o_proj,12336,249.425
o_proj,12352,249.297
o_proj,12368,249.51
o_proj,12384,249.638
o_proj,12400,248.795
o_proj,12416,249.03
o_proj,12432,252.315
o_proj,12448,252.635
o_proj,12464,252.539
o_proj,12480,252.55
o_proj,12496,252.881
o_proj,12512,253.051
o_proj,12528,252.284
o_proj,12544,252.518
o_proj,12560,255.697
o_proj,12576,255.835
o_proj,12592,256.667
o_proj,12608,255.75
o_proj,12624,256.369
o_proj,12640,256.102
o_proj,12656,256.124
o_proj,12672,255.259
o_proj,12688,257.969
o_proj,12704,258.982
o_proj,12720,258.694
o_proj,12736,258.843
o_proj,12752,258.267
o_proj,12768,258.299
o_proj,12784,256.305
o_proj,12800,256.603
o_proj,12816,259.484
o_proj,12832,259.473
o_proj,12848,259.75
o_proj,12864,259.718
o_proj,12880,259.9
o_proj,12896,257.883
o_proj,12912,257.798
o_proj,12928,257.457
o_proj,12944,260.337
o_proj,12960,260.486
o_proj,12976,260.849
o_proj,12992,260.316
o_proj,13008,260.017
o_proj,13024,258.844
o_proj,13040,258.673
o_proj,13056,258.705
o_proj,13072,265.959
o_proj,13088,265.777
o_proj,13104,266.417
o_proj,13120,265.958
o_proj,13136,265.553
o_proj,13152,265.862
o_proj,13168,264.881
o_proj,13184,265.414
o_proj,13200,266.929
o_proj,13216,268.22
o_proj,13232,268.966
o_proj,13248,267.793
o_proj,13264,268.657
o_proj,13280,268.753
o_proj,13296,268.646
o_proj,13312,267.644
o_proj,13328,270.14
o_proj,13344,269.777
o_proj,13360,269.99
o_proj,13376,269.692
o_proj,13392,269.435
o_proj,13408,269.83
o_proj,13424,269.564
o_proj,13440,270.289
o_proj,13456,270.311
o_proj,13472,270.247
o_proj,13488,270.278
o_proj,13504,270.257
o_proj,13520,270.715
o_proj,13536,270.449
o_proj,13552,270.235
o_proj,13568,270.919
o_proj,13584,275.719
o_proj,13600,275.153
o_proj,13616,276.134
o_proj,13632,274.556
o_proj,13648,275.132
o_proj,13664,274.62
o_proj,13680,275.686
o_proj,13696,275.004
o_proj,13712,278.535
o_proj,13728,278.929
o_proj,13744,278.662
o_proj,13760,279.281
o_proj,13776,277.543
o_proj,13792,277.82
o_proj,13808,280.487
o_proj,13824,277.297
o_proj,13840,279.676
o_proj,13856,280.092
o_proj,13872,279.793
o_proj,13888,279.783
o_proj,13904,279.708
o_proj,13920,280.668
o_proj,13936,280.306
o_proj,13952,280.263
o_proj,13968,280.263
o_proj,13984,280.722
o_proj,14000,280.55
o_proj,14016,280.785
o_proj,14032,280.337
o_proj,14048,280.85
o_proj,14064,280.626
o_proj,14080,279.729
o_proj,14096,283.846
o_proj,14112,285.084
o_proj,14128,285.415
o_proj,14144,285.148
o_proj,14160,285.607
o_proj,14176,284.455
o_proj,14192,284.722
o_proj,14208,284.049
o_proj,14224,286.823
o_proj,14240,286.705
o_proj,14256,287.548
o_proj,14272,287.015
o_proj,14288,287.527
o_proj,14304,286.63
o_proj,14320,287.175
o_proj,14336,287.303
o_proj,14352,290.098
o_proj,14368,290.759
o_proj,14384,289.916
o_proj,14400,290.728
o_proj,14416,290.119
o_proj,14432,289.873
o_proj,14448,290.097
o_proj,14464,289.745
o_proj,14480,290.695
o_proj,14496,290.93
o_proj,14512,290.46
o_proj,14528,290.663
o_proj,14544,290.844
o_proj,14560,291.271
o_proj,14576,291.73
o_proj,14592,290.791
o_proj,14608,292.85
o_proj,14624,292.892
o_proj,14640,293.18
o_proj,14656,293.148
o_proj,14672,293.095
o_proj,14688,292.956
o_proj,14704,292.914
o_proj,14720,293.415
o_proj,14736,297.5
o_proj,14752,296.893
o_proj,14768,296.359
o_proj,14784,297.298
o_proj,14800,297.735
o_proj,14816,296.903
o_proj,14832,297.532
o_proj,14848,297.543
o_proj,14864,298.983
o_proj,14880,300.082
o_proj,14896,300.167
o_proj,14912,299.036
o_proj,14928,299.634
o_proj,14944,299.527
o_proj,14960,299.164
o_proj,14976,299.645
o_proj,14992,300.956
o_proj,15008,300.839
o_proj,15024,300.935
o_proj,15040,300.85
o_proj,15056,300.146
o_proj,15072,301.074
o_proj,15088,300.807
o_proj,15104,301.394
o_proj,15120,300.968
o_proj,15136,302.108
o_proj,15152,301.671
o_proj,15168,301.383
o_proj,15184,301.404
o_proj,15200,301.671
o_proj,15216,301.437
o_proj,15232,301.714
o_proj,15248,307.1
o_proj,15264,306.14
o_proj,15280,306.098
o_proj,15296,306.365
o_proj,15312,306.098
o_proj,15328,305.853
o_proj,15344,305.991
o_proj,15360,306.418
o_proj,15376,308.871
o_proj,15392,309.511
o_proj,15408,310.994
o_proj,15424,309.405
o_proj,15440,309.618
o_proj,15456,309.586
o_proj,15472,309.586
o_proj,15488,309.661
o_proj,15504,311.036
o_proj,15520,311.506
o_proj,15536,310.866
o_proj,15552,311.197
o_proj,15568,311.154
o_proj,15584,310.866
o_proj,15600,311.154
o_proj,15616,310.536
o_proj,15632,311.784
o_proj,15648,312.456
o_proj,15664,311.986
o_proj,15680,311.325
o_proj,15696,311.709
o_proj,15712,312.082
o_proj,15728,311.943
o_proj,15744,311.271
o_proj,15760,315.73
o_proj,15776,316.104
o_proj,15792,315.474
o_proj,15808,316.328
o_proj,15824,316.423
o_proj,15840,316.317
o_proj,15856,316.157
o_proj,15872,315.613
o_proj,15888,318.653
o_proj,15904,319.495
o_proj,15920,319.122
o_proj,15936,319.283
o_proj,15952,319.922
o_proj,15968,319.219
o_proj,15984,319.559
o_proj,16000,318.663
o_proj,16016,321.373
o_proj,16032,321.064
o_proj,16048,320.231
o_proj,16064,320.893
o_proj,16080,321.053
o_proj,16096,320.648
o_proj,16112,321.128
o_proj,16128,320.455
o_proj,16144,321.832
o_proj,16160,322.184
o_proj,16176,321.533
o_proj,16192,321.799
o_proj,16208,321.693
o_proj,16224,322.365
o_proj,16240,321.65
o_proj,16256,321.852
o_proj,16272,325.448
o_proj,16288,324.786
o_proj,16304,325.64
o_proj,16320,325.832
o_proj,16336,325.512
o_proj,16352,325.404
o_proj,16368,325.01
o_proj,16384,325.501
o_proj,16400,328.2
o_proj,16416,328.914
o_proj,16432,328.307
o_proj,16448,328.37
o_proj,16464,327.859
o_proj,16480,327.346
o_proj,16496,328.275
o_proj,16512,328.733
o_proj,16528,330.483
o_proj,16544,331.645
o_proj,16560,330.963
o_proj,16576,330.173
o_proj,16592,332.115
o_proj,16608,332.467
o_proj,16624,330.888
o_proj,16640,330.611
o_proj,16656,333.342
o_proj,16672,332.509
o_proj,16688,332.2
o_proj,16704,331.827
o_proj,16720,332.029
o_proj,16736,331.826
o_proj,16752,332.594
o_proj,16768,331.965
o_proj,16784,334.12
o_proj,16800,334.205
o_proj,16816,334.12
o_proj,16832,334.035
o_proj,16848,334.088
o_proj,16864,333.917
o_proj,16880,333.938
o_proj,16896,333.864
o_proj,16912,337.981
o_proj,16928,338.579
o_proj,16944,337.491
o_proj,16960,338.355
o_proj,16976,337.906
o_proj,16992,338.12
o_proj,17008,337.341
o_proj,17024,337.81
o_proj,17040,339.88
o_proj,17056,340.008
o_proj,17072,340.115
o_proj,17088,340.552
o_proj,17104,341.48
o_proj,17120,340.691
o_proj,17136,340.35
o_proj,17152,341.171
o_proj,17168,341.683
o_proj,17184,341.31
o_proj,17200,342.003
o_proj,17216,342.696
o_proj,17232,341.245
o_proj,17248,341.747
o_proj,17264,341.683
o_proj,17280,342.248
o_proj,17296,342.941
o_proj,17312,342.792
o_proj,17328,342.899
o_proj,17344,343.176
o_proj,17360,342.995
o_proj,17376,343.08
o_proj,17392,342.931
o_proj,17408,343.208
o_proj,17424,347.23
o_proj,17440,346.888
o_proj,17456,348.051
o_proj,17472,347.272
o_proj,17488,348.03
o_proj,17504,347.347
o_proj,17520,347.571
o_proj,17536,347.038
o_proj,17552,350.996
o_proj,17568,350.281
o_proj,17584,350.633
o_proj,17600,350.131
o_proj,17616,349.459
o_proj,17632,349.374
o_proj,17648,351.581
o_proj,17664,350.451
o_proj,17680,351.401
o_proj,17696,351.24
o_proj,17712,352.723
o_proj,17728,351.976
o_proj,17744,351.421
o_proj,17760,351.464
o_proj,17776,351.603
o_proj,17792,352.008
o_proj,17808,354.483
o_proj,17824,353.524
o_proj,17840,352.201
o_proj,17856,352.574
o_proj,17872,352.713
o_proj,17888,353
o_proj,17904,354.141
o_proj,17920,353.907
o_proj,17936,357.117
o_proj,17952,357.246
o_proj,17968,355.934
o_proj,17984,357.267
o_proj,18000,356.989
o_proj,18016,356.563
o_proj,18032,356.777
o_proj,18048,356.403
o_proj,18064,358.621
o_proj,18080,359.763
o_proj,18096,360.201
o_proj,18112,360.243
o_proj,18128,358.686
o_proj,18144,360.339
o_proj,18160,359.188
o_proj,18176,359.187
o_proj,18192,361.171
o_proj,18208,361.864
o_proj,18224,361.076
o_proj,18240,361.235
o_proj,18256,360.766
o_proj,18272,361.256
o_proj,18288,361.491
o_proj,18304,361.427
o_proj,18320,362.643
o_proj,18336,362.568
o_proj,18352,362.494
o_proj,18368,363.454
o_proj,18384,362.643
o_proj,18400,362.718
o_proj,18416,361.961
o_proj,18432,362.803
o_proj,18448,366.238
o_proj,18464,365.758
o_proj,18480,366.675
o_proj,18496,366.291
o_proj,18512,366.878
o_proj,18528,365.214
o_proj,18544,366.366
o_proj,18560,365.651
o_proj,18576,368.286
o_proj,18592,368.979
o_proj,18608,368.916
o_proj,18624,368.552
o_proj,18640,369.192
o_proj,18656,369.502
o_proj,18672,368.873
o_proj,18688,368.328
o_proj,18704,372.35
o_proj,18720,372.308
o_proj,18736,371.113
o_proj,18752,370.963
o_proj,18768,371.198
o_proj,18784,371.732
o_proj,18800,372.254
o_proj,18816,371.294
o_proj,18832,372.574
o_proj,18848,373.086
o_proj,18864,373.289
o_proj,18880,373.161
o_proj,18896,373.065
o_proj,18912,372.798
o_proj,18928,373.3
o_proj,18944,372.937
o_proj,18960,374.814
o_proj,18976,374.569
o_proj,18992,374.974
o_proj,19008,374.569
o_proj,19024,374.867
o_proj,19040,374.323
o_proj,19056,374.718
o_proj,19072,375.262
o_proj,19088,378.75
o_proj,19104,377.95
o_proj,19120,378.196
o_proj,19136,377.908
o_proj,19152,378.441
o_proj,19168,378.569
o_proj,19184,378.206
o_proj,19200,378.046
o_proj,19216,381
o_proj,19232,381.129
o_proj,19248,381.188
o_proj,19264,381.097
o_proj,19280,380.499
o_proj,19296,381.225
o_proj,19312,380.702
o_proj,19328,380.927
o_proj,19344,383.252
o_proj,19360,382.59
o_proj,19376,383.487
o_proj,19392,382.964
o_proj,19408,382.686
o_proj,19424,382.793
o_proj,19440,383.486
o_proj,19456,384.254
o_proj,19472,384.276
o_proj,19488,384.532
o_proj,19504,383.646
o_proj,19520,384.243
o_proj,19536,383.604
o_proj,19552,384.617
o_proj,19568,383.817
o_proj,19584,384.105
o_proj,19600,387.678
o_proj,19616,387.956
o_proj,19632,388.244
o_proj,19648,388.201
o_proj,19664,388.5
o_proj,19680,387.646
o_proj,19696,388.222
o_proj,19712,388.553
o_proj,19728,390.793
o_proj,19744,391.262
o_proj,19760,390.185
o_proj,19776,390.804
o_proj,19792,390.345
o_proj,19808,390.772
o_proj,19824,390.537
o_proj,19840,389.94
o_proj,19856,393.268
o_proj,19872,393.364
o_proj,19888,392.468
o_proj,19904,392.639
o_proj,19920,393.044
o_proj,19936,392.82
o_proj,19952,393.833
o_proj,19968,393.14
o_proj,19984,393.78
o_proj,20000,394.217
o_proj,20016,393.332
o_proj,20032,394.068
o_proj,20048,394.495
o_proj,20064,393.375
o_proj,20080,393.513
o_proj,20096,394.26
o_proj,20112,397.802
o_proj,20128,397.897
o_proj,20144,398.217
o_proj,20160,397.47
o_proj,20176,397.694
o_proj,20192,397.631
o_proj,20208,397.61
o_proj,20224,397.343
o_proj,20240,399.614
o_proj,20256,400.138
o_proj,20272,400.82
o_proj,20288,399.988
o_proj,20304,399.913
o_proj,20320,399.7
o_proj,20336,399.978
o_proj,20352,400.062
o_proj,20368,402.559
o_proj,20384,403.262
o_proj,20400,402.506
o_proj,20416,402.911
o_proj,20432,402.367
o_proj,20448,402.015
o_proj,20464,403.69
o_proj,20480,402.794
o_proj,20496,403.369
o_proj,20512,403.903
o_proj,20528,403.764
o_proj,20544,404.532
o_proj,20560,404.084
o_proj,20576,403.55
o_proj,20592,404.308
o_proj,20608,403.434
o_proj,20624,406.741
o_proj,20640,406.772
o_proj,20656,406.868
o_proj,20672,406.537
o_proj,20688,408.265
o_proj,20704,406.922
o_proj,20720,407.434
o_proj,20736,406.718
o_proj,20752,409.759
o_proj,20768,409.93
o_proj,20784,410.378
o_proj,20800,410.922
o_proj,20816,409.631
o_proj,20832,410.485
o_proj,20848,411.029
o_proj,20864,410.986
o_proj,20880,412.276
o_proj,20896,412.533
o_proj,20912,412.575
o_proj,20928,413.961
o_proj,20944,414.133
o_proj,20960,414.591
o_proj,20976,413.236
o_proj,20992,412.298
o_proj,21008,413.823
o_proj,21024,415.423
o_proj,21040,414.911
o_proj,21056,414.196
o_proj,21072,415.284
o_proj,21088,413.866
o_proj,21104,413.802
o_proj,21120,414.165
o_proj,21136,415.754
o_proj,21152,415.807
o_proj,21168,415.85
o_proj,21184,415.572
o_proj,21200,416.042
o_proj,21216,415.541
o_proj,21232,416.137
o_proj,21248,415.775
o_proj,21264,418.794
o_proj,21280,419.584
o_proj,21296,419.967
o_proj,21312,419.551
o_proj,21328,419.402
o_proj,21344,419.679
o_proj,21360,419.498
o_proj,21376,418.42
o_proj,21392,421.94
o_proj,21408,422.527
o_proj,21424,422.229
o_proj,21440,421.279
o_proj,21456,423.455
o_proj,21472,422.346
o_proj,21488,423.146
o_proj,21504,422.207
o_proj,21520,423.231
o_proj,21536,425.332
o_proj,21552,424.991
o_proj,21568,424.074
o_proj,21584,423.53
o_proj,21600,424.106
o_proj,21616,424.201
o_proj,21632,424.277
o_proj,21648,424.191
o_proj,21664,425.226
o_proj,21680,424.81
o_proj,21696,425.109
o_proj,21712,425.503
o_proj,21728,424.671
o_proj,21744,423.946
o_proj,21760,424.682
o_proj,21776,428.938
o_proj,21792,428.373
o_proj,21808,428.447
o_proj,21824,430.357
o_proj,21840,428.96
o_proj,21856,428.223
o_proj,21872,429.237
o_proj,21888,428.277
o_proj,21904,432.138
o_proj,21920,432.202
o_proj,21936,431.776
o_proj,21952,431.903
o_proj,21968,432.106
o_proj,21984,431.53
o_proj,22000,431.552
o_proj,22016,430.858
o_proj,22032,434.847
o_proj,22048,433.834
o_proj,22064,435.306
o_proj,22080,434.24
o_proj,22096,434.207
o_proj,22112,434.015
o_proj,22128,433.034
o_proj,22144,433.781
o_proj,22160,435.007
o_proj,22176,434.09
o_proj,22192,435.157
o_proj,22208,434.602
o_proj,22224,435.53
o_proj,22240,435.647
o_proj,22256,435.221
o_proj,22272,434.549
o_proj,22288,438.048
o_proj,22304,438.784
o_proj,22320,438.112
o_proj,22336,439.594
o_proj,22352,438.763
o_proj,22368,437.759
o_proj,22384,438.08
o_proj,22400,438.805
o_proj,22416,441.248
o_proj,22432,441.686
o_proj,22448,440.928
o_proj,22464,441.6
o_proj,22480,442.143
o_proj,22496,441.578
o_proj,22512,440.81
o_proj,22528,441.109
o_proj,22544,443.573
o_proj,22560,443.968
o_proj,22576,445.13
o_proj,22592,443.456
o_proj,22608,443.275
o_proj,22624,444.128
o_proj,22640,444.096
o_proj,22656,445.631
o_proj,22672,445.013
o_proj,22688,445.567
o_proj,22704,444.629
o_proj,22720,445.035
o_proj,22736,445.973
o_proj,22752,445.109
o_proj,22768,444.917
o_proj,22784,446.037
o_proj,22800,448.981
o_proj,22816,448.043
o_proj,22832,448.075
o_proj,22848,447.797
o_proj,22864,447.754
o_proj,22880,447.445
o_proj,22896,448.245
o_proj,22912,447.679
o_proj,22928,450.645
o_proj,22944,451.445
o_proj,22960,450.069
o_proj,22976,450.336
o_proj,22992,449.824
o_proj,23008,451.019
o_proj,23024,450.347
o_proj,23040,451.253
o_proj,23056,452.554
o_proj,23072,453.536
o_proj,23088,452.459
o_proj,23104,453.28
o_proj,23120,452.139
o_proj,23136,452.939
o_proj,23152,452.874
o_proj,23168,454.134
o_proj,23184,454.496
o_proj,23200,455.178
o_proj,23216,454.443
o_proj,23232,453.93
o_proj,23248,455.542
o_proj,23264,454.165
o_proj,23280,455.499
o_proj,23296,454.485
o_proj,23312,456.875
o_proj,23328,456.128
o_proj,23344,457.376
o_proj,23360,456.554
o_proj,23376,455.616
o_proj,23392,456.598
o_proj,23408,456.298
o_proj,23424,456.661
o_proj,23440,459.904
o_proj,23456,460.021
o_proj,23472,460.235
o_proj,23488,459.957
o_proj,23504,459.328
o_proj,23520,460.48
o_proj,23536,459.936
o_proj,23552,460.075
o_proj,23568,464.203
o_proj,23584,463.915
o_proj,23600,462.87
o_proj,23616,462.997
o_proj,23632,463.051
o_proj,23648,463.264
o_proj,23664,462.752
o_proj,23680,463.744
o_proj,23696,465.014
o_proj,23712,465.184
o_proj,23728,464.48
o_proj,23744,463.808
o_proj,23760,464.672
o_proj,23776,465.045
o_proj,23792,465.355
o_proj,23808,464.64
o_proj,23824,466.614
o_proj,23840,466.272
o_proj,23856,468.352
o_proj,23872,465.376
o_proj,23888,466.592
o_proj,23904,467.445
o_proj,23920,466.454
o_proj,23936,466.443
o_proj,23952,470.411
o_proj,23968,470.496
o_proj,23984,471.275
o_proj,24000,470.113
o_proj,24016,470.699
o_proj,24032,470.784
o_proj,24048,469.952
o_proj,24064,470.4
o_proj,24080,472.011
o_proj,24096,471.808
o_proj,24112,473.312
o_proj,24128,473.397
o_proj,24144,473.824
o_proj,24160,472.715
o_proj,24176,473.312
o_proj,24192,471.915
o_proj,24208,474.774
o_proj,24224,475.702
o_proj,24240,476.448
o_proj,24256,475.179
o_proj,24272,474.56
o_proj,24288,475.019
o_proj,24304,474.059
o_proj,24320,474.208
o_proj,24336,476.192
o_proj,24352,477.046
o_proj,24368,475.862
o_proj,24384,475.136
o_proj,24400,475.35
o_proj,24416,476.054
o_proj,24432,475.531
o_proj,24448,476.811
o_proj,24464,478.998
o_proj,24480,479.201
o_proj,24496,479.147
o_proj,24512,478.337
o_proj,24528,480.288
o_proj,24544,479.264
o_proj,24560,480.448
o_proj,24576,478.913
o_proj,24592,483.52
o_proj,24608,483.2
o_proj,24624,482.219
o_proj,24640,482.305
o_proj,24656,481.611
o_proj,24672,481.696
o_proj,24688,481.419
o_proj,24704,482.784
o_proj,24720,483.766
o_proj,24736,485.931
o_proj,24752,484.449
o_proj,24768,485.152
o_proj,24784,485.782
o_proj,24800,485.633
o_proj,24816,485.398
o_proj,24832,485.185
o_proj,24848,486.71
o_proj,24864,488.726
o_proj,24880,486.358
o_proj,24896,486.4
o_proj,24912,486.304
o_proj,24928,486.358
o_proj,24944,486.667
o_proj,24960,487.286
o_proj,24976,487.691
o_proj,24992,488.054
o_proj,25008,488.469
o_proj,25024,487.702
o_proj,25040,487.574
o_proj,25056,487.798
o_proj,25072,487.478
o_proj,25088,487.808
o_proj,25104,490.177
o_proj,25120,469.515
o_proj,25136,470.091
o_proj,25152,469.792
o_proj,25168,469.611
o_proj,25184,469.76
o_proj,25200,490.636
o_proj,25216,490.145
o_proj,25232,492.075
o_proj,25248,492.043
o_proj,25264,491.542
o_proj,25280,491.767
o_proj,25296,491.958
o_proj,25312,492.097
o_proj,25328,495.542
o_proj,25344,493.356
o_proj,25360,493.462
o_proj,25376,493.515
o_proj,25392,493.558
o_proj,25408,493.451
o_proj,25424,497.899
o_proj,25440,495.499
o_proj,25456,497.484
o_proj,25472,495.959
o_proj,25488,497.323
o_proj,25504,498.486
o_proj,25520,497.814
o_proj,25536,498.038
o_proj,25552,497.558
o_proj,25568,497.27
o_proj,25584,497.078
o_proj,25600,498.401
o_proj,25616,501.335
o_proj,25632,500.961
o_proj,25648,501.025
o_proj,25664,502.22
o_proj,25680,501.441
o_proj,25696,501.281
o_proj,25712,501.142
o_proj,25728,500.811
o_proj,25744,503.916
o_proj,25760,503.67
o_proj,25776,506.551
o_proj,25792,504.439
o_proj,25808,503.542
o_proj,25824,503.414
o_proj,25840,503.564
o_proj,25856,503.276
o_proj,25872,505.879
o_proj,25888,508.086
o_proj,25904,506.358
o_proj,25920,506.06
o_proj,25936,505.804
o_proj,25952,508.204
o_proj,25968,506.945
o_proj,25984,505.718
o_proj,26000,506.657
o_proj,26016,507.436
o_proj,26032,507.585
o_proj,26048,507.735
o_proj,26064,507.82
o_proj,26080,507.755
o_proj,26096,507.169
o_proj,26112,507.489
o_proj,26128,509.121
o_proj,26144,508.801
o_proj,26160,509.089
o_proj,26176,508.908
o_proj,26192,508.929
o_proj,26208,508.908
o_proj,26224,509.057
o_proj,26240,509.035
o_proj,26256,511.116
o_proj,26272,511.478
o_proj,26288,511.329
o_proj,26304,511.265
o_proj,26320,511.276
o_proj,26336,511.009
o_proj,26352,511.574
o_proj,26368,511.201
o_proj,26384,512.726
o_proj,26400,513.132
o_proj,26416,512.823
o_proj,26432,512.577
o_proj,26448,513.078
o_proj,26464,512.919
o_proj,26480,513.047
o_proj,26496,513.004
o_proj,26512,514.369
o_proj,26528,514.359
o_proj,26544,514.529
o_proj,26560,514.561
o_proj,26576,514.54
o_proj,26592,514.145
o_proj,26608,514.476
o_proj,26624,514.443
o_proj,26640,520.46
o_proj,26656,512.663
o_proj,26672,511.276
o_proj,26688,512.236
o_proj,26704,511.756
o_proj,26720,511.628
o_proj,26736,519.97
o_proj,26752,520.311
o_proj,26768,523.521
o_proj,26784,523.543
o_proj,26800,523.105
o_proj,26816,522.551
o_proj,26832,524.492
o_proj,26848,522.422
o_proj,26864,524.012
o_proj,26880,524.034
o_proj,26896,526.466
o_proj,26912,526.476
o_proj,26928,526.082
o_proj,26944,524.695
o_proj,26960,524.375
o_proj,26976,527.329
o_proj,26992,525.943
o_proj,27008,525.794
o_proj,27024,527.789
o_proj,27040,526.668
o_proj,27056,528.045
o_proj,27072,526.924
o_proj,27088,527.81
o_proj,27104,528.204
o_proj,27120,528.215
o_proj,27136,527.01
o_proj,27152,528.599
o_proj,27168,527.927
o_proj,27184,527.757
o_proj,27200,528.151
o_proj,27216,528.172
o_proj,27232,528.311
o_proj,27248,527.703
o_proj,27264,528.257
o_proj,27280,530.433
o_proj,27296,531.02
o_proj,27312,530.818
o_proj,27328,530.583
o_proj,27344,530.562
o_proj,27360,530.924
o_proj,27376,530.658
o_proj,27392,530.583
o_proj,27408,532.247
o_proj,27424,532.589
o_proj,27440,532.696
o_proj,27456,532.215
o_proj,27472,533.079
o_proj,27488,531.96
o_proj,27504,532.513
o_proj,27520,532.578
o_proj,27536,533.815
o_proj,27552,533.847
o_proj,27568,534.338
o_proj,27584,533.964
o_proj,27600,534.199
o_proj,27616,533.602
o_proj,27632,534.071
o_proj,27648,533.985
o_proj,27664,538.06
o_proj,27680,500.139
o_proj,27696,500.95
o_proj,27712,499.457
o_proj,27728,499.777
o_proj,27744,500.758
o_proj,27760,538.199
o_proj,27776,538.189
o_proj,27792,541.272
o_proj,27808,542.178
o_proj,27824,542.701
o_proj,27840,542.7
o_proj,27856,540.876
o_proj,27872,541.304
o_proj,27888,541.207
o_proj,27904,542.391
o_proj,27920,544.503
o_proj,27936,543.565
o_proj,27952,544.546
o_proj,27968,543.373
o_proj,27984,543.821
o_proj,28000,544.268
o_proj,28016,544.396
o_proj,28032,544.514
o_proj,28048,545.836
o_proj,28064,546.893
o_proj,28080,546.466
o_proj,28096,547.288
o_proj,28112,546.647
o_proj,28128,545.762
o_proj,28144,547.927
o_proj,28160,547.128
o_proj,28176,547.596
o_proj,28192,547.511
o_proj,28208,549.015
o_proj,28224,549.346
o_proj,28240,547.362
o_proj,28256,548.247
o_proj,28272,547.575
o_proj,28288,548.098
o_proj,28304,549.442
o_proj,28320,549.517
o_proj,28336,549.592
o_proj,28352,549.378
o_proj,28368,550.285
o_proj,28384,549.421
o_proj,28400,549.869
o_proj,28416,549.432
o_proj,28432,551.437
o_proj,28448,552.354
o_proj,28464,551.896
o_proj,28480,551.511
o_proj,28496,551.949
o_proj,28512,552.119
o_proj,28528,551.469
o_proj,28544,551.597
o_proj,28560,553.56
o_proj,28576,553.079
o_proj,28592,553.325
o_proj,28608,553.378
o_proj,28624,554.082
o_proj,28640,553.687
o_proj,28656,553.474
o_proj,28672,553.581
o_proj,28688,555.373
o_proj,28704,484.523
o_proj,28720,484.534
o_proj,28736,484.598
o_proj,28752,484.512
o_proj,28768,555.661
o_proj,28784,555.362
o_proj,28800,555.511
o_proj,28816,560.151
o_proj,28832,560.269
o_proj,28848,561.271
o_proj,28864,560.226
o_proj,28880,560.13
o_proj,28896,560.429
o_proj,28912,560.035
o_proj,28928,560.28
o_proj,28944,564.643
o_proj,28960,563.682
o_proj,28976,564.226
o_proj,28992,563.949
o_proj,29008,564.247
o_proj,29024,562.754
o_proj,29040,563.853
o_proj,29056,563.672
o_proj,29072,565.731
o_proj,29088,567.608
o_proj,29104,566.285
o_proj,29120,566.498
o_proj,29136,565.891
o_proj,29152,567.021
o_proj,29168,566.445
o_proj,29184,565.517
o_proj,29200,567.576
o_proj,29216,569.602
o_proj,29232,566.765
o_proj,29248,568.771
o_proj,29264,567.352
o_proj,29280,567.48
o_proj,29296,567.971
o_proj,29312,566.925
o_proj,29328,569.272
o_proj,29344,569.261
o_proj,29360,568.878
o_proj,29376,568.621
o_proj,29392,568.92
o_proj,29408,568.75
o_proj,29424,568.482
o_proj,29440,568.867
o_proj,29456,571.501
o_proj,29472,571.704
o_proj,29488,571.138
o_proj,29504,571.309
o_proj,29520,571.459
o_proj,29536,571.522
o_proj,29552,571.534
o_proj,29568,571.182
o_proj,29584,573.912
o_proj,29600,573.144
o_proj,29616,573.102
o_proj,29632,573.325
o_proj,29648,573.198
o_proj,29664,573.25
o_proj,29680,572.674
o_proj,29696,572.898
o_proj,29712,575.224
o_proj,29728,575.139
o_proj,29744,574.882
o_proj,29760,575.256
o_proj,29776,575.331
o_proj,29792,574.957
o_proj,29808,574.915
o_proj,29824,575.181
o_proj,29840,579.427
o_proj,29856,579.64
o_proj,29872,579.673
o_proj,29888,580.024
o_proj,29904,580.472
o_proj,29920,578.958
o_proj,29936,579.512
o_proj,29952,579.224
o_proj,29968,582.989
o_proj,29984,582.765
o_proj,30000,581.805
o_proj,30016,581.87
o_proj,30032,583.075
o_proj,30048,582.829
o_proj,30064,582.691
o_proj,30080,582.563
o_proj,30096,585.624
o_proj,30112,585.422
o_proj,30128,585.027
o_proj,30144,585.837
o_proj,30160,586.712
o_proj,30176,585.261
o_proj,30192,585.624
o_proj,30208,585.625
o_proj,30224,587.491
o_proj,30240,587.598
o_proj,30256,583.875
o_proj,30272,581.741
o_proj,30288,582.072
o_proj,30304,582.701
o_proj,30320,583.64
o_proj,30336,587.715
o_proj,30352,584.184
o_proj,30368,584.408
o_proj,30384,584.206
o_proj,30400,580.227
o_proj,30416,579.736
o_proj,30432,579.981
o_proj,30448,579.459
o_proj,30464,579.822
o_proj,30480,590.552
o_proj,30496,575.363
o_proj,30512,570.691
o_proj,30528,571.256
o_proj,30544,571.448
o_proj,30560,571.437
o_proj,30576,570.626
o_proj,30592,591.075
o_proj,30608,573.101
o_proj,30624,572.781
o_proj,30640,573.219
o_proj,30656,573.176
o_proj,30672,573.283
o_proj,30688,573.229
o_proj,30704,572.888
o_proj,30720,573.026
o_proj,30736,570.029
o_proj,30752,518.838
o_proj,30768,518.721
o_proj,30784,518.487
o_proj,30800,518.775
o_proj,30816,593.774
o_proj,30832,594.403
o_proj,30848,570.072
o_proj,30864,571.533
o_proj,30880,571.266
o_proj,30896,571.949
o_proj,30912,567.266
o_proj,30928,566.712
o_proj,30944,566.861
o_proj,30960,566.883
o_proj,30976,566.861
o_proj,30992,602.062
o_proj,31008,601.476
o_proj,31024,601.411
o_proj,31040,572.216
o_proj,31056,567.778
o_proj,31072,567.341
o_proj,31088,567.405
o_proj,31104,567.906
o_proj,31120,565.944
o_proj,31136,565.741
o_proj,31152,564.6
o_proj,31168,565.688
o_proj,31184,605.027
o_proj,31200,570.658
o_proj,31216,570.488
o_proj,31232,565.571
o_proj,31248,569.72
o_proj,31264,567.821
o_proj,31280,566.104
o_proj,31296,563.566
o_proj,31312,565.272
o_proj,31328,564.813
o_proj,31344,564.6
o_proj,31360,608.206
o_proj,31376,569.859
o_proj,31392,561.261
o_proj,31408,563.138
o_proj,31424,561.688
o_proj,31440,563.139
o_proj,31456,560.813
o_proj,31472,609.731
o_proj,31488,565.89
o_proj,31504,565.72
o_proj,31520,565.507
o_proj,31536,561.325
o_proj,31552,561.165
o_proj,31568,561.272
o_proj,31584,561.411
o_proj,31600,556.237
o_proj,31616,557.218
o_proj,31632,558.904
o_proj,31648,559.106
o_proj,31664,612.547
o_proj,31680,563.384
o_proj,31696,563.245
o_proj,31712,554.498
o_proj,31728,555.02
o_proj,31744,555.224
o_proj,31760,556.856
o_proj,31776,536.568
o_proj,31792,535.842
o_proj,31808,536.161
o_proj,31824,536.482
o_proj,31840,536.087
o_proj,31856,598.841
o_proj,31872,561.069
o_proj,31888,562.829
o_proj,31904,562.915
o_proj,31920,554.349
o_proj,31936,550.317
o_proj,31952,549.741
o_proj,31968,550.605
o_proj,31984,549.741
o_proj,32000,550.444
o_proj,32016,605.06
o_proj,32032,559.17
o_proj,32048,556.567
o_proj,32064,555.021
o_proj,32080,555.149
o_proj,32096,555.373
o_proj,32112,605.091
o_proj,32128,586.585
o_proj,32144,561.475
o_proj,32160,561.389
o_proj,32176,553.421
o_proj,32192,554.52
o_proj,32208,552.706
o_proj,32224,553.506
o_proj,32240,554.317
o_proj,32256,588.43
o_proj,32272,559.394
o_proj,32288,554.925
o_proj,32304,555.181
o_proj,32320,555
o_proj,32336,556.13
o_proj,32352,555.096
o_proj,32368,555.064
o_proj,32384,551.479
o_proj,32400,554.178
o_proj,32416,553.037
o_proj,32432,552.194
o_proj,32448,554.477
o_proj,32464,554.083
o_proj,32480,553.272
o_proj,32496,553.56
o_proj,32512,554.52
o_proj,32528,556.184
o_proj,32544,554.658
o_proj,32560,554.434
o_proj,32576,555.096
o_proj,32592,555.159
o_proj,32608,554.764
o_proj,32624,556.472
o_proj,32640,556.301
o_proj,32656,555.053
o_proj,32672,555.127
o_proj,32688,555.416
o_proj,32704,554.797
o_proj,32720,554.722
o_proj,32736,555.704
o_proj,32752,555.448
o_proj,32768,555.288
qk_norm,1,2.45867
qk_norm,2,2.51217
qk_norm,3,2.55467
qk_norm,4,2.61317
qk_norm,5,2.66117
qk_norm,6,2.68817
qk_norm,7,2.73067
qk_norm,8,2.75183
qk_norm,9,2.78933
qk_norm,10,2.78417
qk_norm,11,2.8105
qk_norm,12,2.816
qk_norm,13,2.816
qk_norm,14,2.82683
qk_norm,15,2.84267
qk_norm,16,2.83733
qk_norm,20,2.91767
qk_norm,24,2.90133
qk_norm,28,2.93333
qk_norm,32,2.97067
qk_norm,36,2.98667
qk_norm,40,3.03467
qk_norm,44,3.045
qk_norm,48,3.06667
qk_norm,52,3.13067
qk_norm,56,3.1575
qk_norm,60,3.16267
qk_norm,64,3.22133
qk_norm,80,3.6105
qk_norm,96,3.9095
qk_norm,112,4.03217
qk_norm,128,4.155
qk_norm,144,4.92267
qk_norm,160,5.152
qk_norm,176,5.3335
qk_norm,192,5.456
qk_norm,208,5.75983
qk_norm,224,6.0425
qk_norm,240,6.20267
qk_norm,256,6.27733
qk_norm,272,6.76267
qk_norm,288,7.3815
qk_norm,304,7.59483
qk_norm,320,7.81367
qk_norm,336,8.027
qk_norm,352,8.31467
qk_norm,368,8.53867
qk_norm,384,8.73067
qk_norm,400,8.38933
qk_norm,416,8.688
qk_norm,432,9.15733
qk_norm,448,9.31783
qk_norm,464,9.632
qk_norm,480,9.87717
qk_norm,496,10.1228
qk_norm,512,10.2828
qk_norm,528,11.1523
qk_norm,544,11.3228
qk_norm,560,11.7068
qk_norm,576,11.9947
qk_norm,592,12.2772
qk_norm,608,12.592
qk_norm,624,12.8002
qk_norm,640,12.9707
qk_norm,656,13.3707
qk_norm,672,13.515
qk_norm,688,13.7333
qk_norm,704,14.1228
qk_norm,720,14.4803
qk_norm,736,14.6882
qk_norm,752,14.8748
qk_norm,768,15.1682
qk_norm,784,15.3813
qk_norm,800,15.6908
qk_norm,816,15.8723
qk_norm,832,16.059
qk_norm,848,16.4693
qk_norm,864,16.6828
qk_norm,880,16.9548
qk_norm,896,17.2482
qk_norm,912,17.5093
qk_norm,928,17.7012
qk_norm,944,18.0272
qk_norm,960,18.1975
qk_norm,976,18.4055
qk_norm,992,18.7042
qk_norm,1008,19.0402
qk_norm,1024,19.168
qk_norm,1040,19.2908
qk_norm,1056,19.5255
qk_norm,1072,19.7442
qk_norm,1088,20.0643
qk_norm,1104,20.272
qk_norm,1120,20.539
qk_norm,1136,20.7897
qk_norm,1152,21.168
qk_norm,1168,21.4293
qk_norm,1184,21.6057
qk_norm,1200,21.9628
qk_norm,1216,22.1923
qk_norm,1232,22.3787
qk_norm,1248,22.6403
qk_norm,1264,22.8858
qk_norm,1280,23.2163
qk_norm,1296,23.5308
qk_norm,1312,23.7657
qk_norm,1328,23.9948
qk_norm,1344,24.219
qk_norm,1360,24.4748
qk_norm,1376,24.7095
qk_norm,1392,24.9282
qk_norm,1408,25.2375
qk_norm,1424,25.5362
qk_norm,1440,25.7708
qk_norm,1456,26.0108
qk_norm,1472,26.2348
qk_norm,1488,26.4642
qk_norm,1504,26.7417
qk_norm,1520,27.0293
qk_norm,1536,27.2108
qk_norm,1552,27.3338
qk_norm,1568,27.6858
qk_norm,1584,27.9255
qk_norm,1600,28.1498
qk_norm,1616,28.4215
qk_norm,1632,28.704
qk_norm,1648,28.9123
qk_norm,1664,29.1095
qk_norm,1680,29.419
qk_norm,1696,29.6112
qk_norm,1712,29.931
qk_norm,1728,30.2563
qk_norm,1744,30.4588
qk_norm,1760,30.6988
qk_norm,1776,30.9762
qk_norm,1792,31.2428
qk_norm,1808,31.4832
qk_norm,1824,31.7283
qk_norm,1840,32.0483
qk_norm,1856,32.2668
qk_norm,1872,32.4693
qk_norm,1888,32.763
qk_norm,1904,33.0242
qk_norm,1920,33.2588
qk_norm,1936,33.4992
qk_norm,1952,33.803
qk_norm,1968,34.0748
qk_norm,1984,34.2563
qk_norm,2000,34.4912
qk_norm,2016,34.8217
qk_norm,2032,35.0777
qk_norm,2048,35.3712
qk_norm,2064,35.526
qk_norm,2080,35.6857
qk_norm,2096,36.0268
qk_norm,2112,36.2883
qk_norm,2128,36.555
qk_norm,2144,36.8803
qk_norm,2160,37.1578
qk_norm,2176,37.3923
qk_norm,2192,37.4405
qk_norm,2208,37.7443
qk_norm,2224,37.9472
qk_norm,2240,38.1125
qk_norm,2256,38.5177
qk_norm,2272,38.6935
qk_norm,2288,38.955
qk_norm,2304,39.4298
qk_norm,2320,39.5948
qk_norm,2336,39.8297
qk_norm,2352,40.107
qk_norm,2368,40.4058
qk_norm,2384,40.5445
qk_norm,2400,40.8858
qk_norm,2416,41.1578
qk_norm,2432,41.3712
qk_norm,2448,41.6482
qk_norm,2464,41.9363
qk_norm,2480,42.0272
qk_norm,2496,42.4165
qk_norm,2512,42.7312
qk_norm,2528,42.8485
qk_norm,2544,43.0243
qk_norm,2560,43.3233
qk_norm,2576,43.6697
qk_norm,2592,43.8352
qk_norm,2608,44.091
qk_norm,2624,44.3792
qk_norm,2640,44.6135
qk_norm,2656,44.891
qk_norm,2672,45.2377
qk_norm,2688,45.4455
qk_norm,2704,45.483
qk_norm,2720,45.7498
qk_norm,2736,46.0058
qk_norm,2752,46.2405
qk_norm,2768,46.5925
qk_norm,2784,46.8273
qk_norm,2800,47.0353
qk_norm,2816,47.3393
qk_norm,2832,47.5628
qk_norm,2848,47.8885
qk_norm,2864,48.0912
qk_norm,2880,48.379
qk_norm,2896,48.6298
qk_norm,2912,48.8378
qk_norm,2928,49.0887
qk_norm,2944,49.3393
qk_norm,2960,49.6432
qk_norm,2976,49.931
qk_norm,2992,50.1552
qk_norm,3008,50.4007
qk_norm,3024,50.6725
qk_norm,3040,50.8963
qk_norm,3056,51.2112
qk_norm,3072,51.4247
qk_norm,3088,51.7393
qk_norm,3104,52.0165
qk_norm,3120,52.2085
qk_norm,3136,52.4485
qk_norm,3152,52.7687
qk_norm,3168,52.9072
qk_norm,3184,53.1367
qk_norm,3200,53.3873
qk_norm,3216,53.6538
qk_norm,3232,53.8192
qk_norm,3248,54.0325
qk_norm,3264,54.3368
qk_norm,3280,54.63
qk_norm,3296,54.8538
qk_norm,3312,55.0938
qk_norm,3328,55.3285
qk_norm,3344,55.6647
qk_norm,3360,55.9045
qk_norm,3376,56.1765
qk_norm,3392,56.4913
qk_norm,3408,56.6887
qk_norm,3424,56.998
qk_norm,3440,57.2272
qk_norm,3456,57.5367
qk_norm,3472,57.7075
qk_norm,3488,58.054
qk_norm,3504,58.214
qk_norm,3520,58.4115
qk_norm,3536,58.7525
qk_norm,3552,59.0462
qk_norm,3568,59.286
qk_norm,3584,59.4832
qk_norm,3600,59.814
qk_norm,3616,60.0858
qk_norm,3632,60.4167
qk_norm,3648,60.5982
qk_norm,3664,60.8008
qk_norm,3680,61.0195
qk_norm,3696,61.2805
qk_norm,3712,61.4672
qk_norm,3728,61.7073
qk_norm,3744,61.958
qk_norm,3760,62.2568
qk_norm,3776,62.438
qk_norm,3792,62.5928
qk_norm,3808,62.9713
qk_norm,3824,63.078
qk_norm,3840,63.478
qk_norm,3856,63.7873
qk_norm,3872,63.9688
qk_norm,3888,64.134
qk_norm,3904,64.5128
qk_norm,3920,64.774
qk_norm,3936,64.9608
qk_norm,3952,65.2755
qk_norm,3968,65.4727
qk_norm,3984,65.809
qk_norm,4000,66.1342
qk_norm,4016,66.3098
qk_norm,4032,66.5393
qk_norm,4048,66.7688
qk_norm,4064,67.0568
qk_norm,4080,67.2702
qk_norm,4096,67.5315
qk_norm,4112,67.7983
qk_norm,4128,68.1288
qk_norm,4144,68.2833
qk_norm,4160,68.5395
qk_norm,4176,68.9445
qk_norm,4192,69.206
qk_norm,4208,69.2645
qk_norm,4224,69.5423
qk_norm,4240,69.8353
qk_norm,4256,70.118
qk_norm,4272,70.4277
qk_norm,4288,70.5502
qk_norm,4304,70.849
qk_norm,4320,71.0247
qk_norm,4336,71.2488
qk_norm,4352,71.51
qk_norm,4368,71.8357
qk_norm,4384,72.0593
qk_norm,4400,72.4165
qk_norm,4416,72.5022
qk_norm,4432,72.7742
qk_norm,4448,73.0462
qk_norm,4464,73.1688
qk_norm,4480,73.5317
qk_norm,4496,73.7982
qk_norm,4512,74.0703
qk_norm,4528,74.3635
qk_norm,4544,74.6037
qk_norm,4560,74.8222
qk_norm,4576,75.1155
qk_norm,4592,75.3717
qk_norm,4608,75.5848
qk_norm,4624,75.7183
qk_norm,4640,75.9102
qk_norm,4656,76.1928
qk_norm,4672,76.4222
qk_norm,4688,76.7423
qk_norm,4704,77.0035
qk_norm,4720,77.2757
qk_norm,4736,77.6118
qk_norm,4752,77.7822
qk_norm,4768,78.097
qk_norm,4784,78.2515
qk_norm,4800,78.4917
qk_norm,4816,78.7635
qk_norm,4832,79.0568
qk_norm,4848,79.3343
qk_norm,4864,79.5265
qk_norm,4880,79.6545
qk_norm,4896,79.9103
qk_norm,4912,80.193
qk_norm,4928,80.4383
qk_norm,4944,80.7423
qk_norm,4960,81.0518
qk_norm,4976,81.2867
qk_norm,4992,81.5157
qk_norm,5008,81.8143
qk_norm,5024,82.0915
qk_norm,5040,82.3528
qk_norm,5056,82.5822
qk_norm,5072,82.8917
qk_norm,5088,83.121
qk_norm,5104,83.361
qk_norm,5120,83.6383
qk_norm,5136,83.9157
qk_norm,5152,84.1557
qk_norm,5168,84.385
qk_norm,5184,84.5667
qk_norm,5200,84.929
qk_norm,5216,85.1798
qk_norm,5232,85.4887
qk_norm,5248,85.6543
qk_norm,5264,85.9317
qk_norm,5280,86.1558
qk_norm,5296,86.417
qk_norm,5312,86.6517
qk_norm,5328,86.9078
qk_norm,5344,87.2385
qk_norm,5360,87.425
qk_norm,5376,87.7395
qk_norm,5392,87.8625
qk_norm,5408,88.0867
qk_norm,5424,88.2302
qk_norm,5440,88.4758
qk_norm,5456,88.7158
qk_norm,5472,89.0197
qk_norm,5488,89.3182
qk_norm,5504,89.5213
qk_norm,5520,89.841
qk_norm,5536,90.0975
qk_norm,5552,90.2947
qk_norm,5568,90.6143
qk_norm,5584,90.8703
qk_norm,5600,91.0785
qk_norm,5616,91.441
qk_norm,5632,91.6492
qk_norm,5648,91.9267
qk_norm,5664,92.1608
qk_norm,5680,92.4278
qk_norm,5696,92.7103
qk_norm,5712,92.9665
qk_norm,5728,93.228
qk_norm,5744,93.4518
qk_norm,5760,93.6972
qk_norm,5776,93.9853
qk_norm,5792,94.1718
qk_norm,5808,94.6572
qk_norm,5824,94.7423
qk_norm,5840,94.9665
qk_norm,5856,95.2653
qk_norm,5872,95.6278
qk_norm,5888,95.7827
qk_norm,5904,96.0972
qk_norm,5920,96.209
qk_norm,5936,96.545
qk_norm,5952,96.7373
qk_norm,5968,96.9342
qk_norm,5984,97.2865
qk_norm,6000,97.4893
qk_norm,6016,97.7558
qk_norm,6032,97.9907
qk_norm,6048,98.1827
qk_norm,6064,98.4495
qk_norm,6080,98.7265
qk_norm,6096,98.9507
qk_norm,6112,99.132
qk_norm,6128,99.4627
qk_norm,6144,99.6493
qk_norm,6160,99.8733
qk_norm,6176,100.135
qk_norm,6192,100.465
qk_norm,6208,100.775
qk_norm,6224,101.143
qk_norm,6240,101.233
qk_norm,6256,101.537
qk_norm,6272,101.735
qk_norm,6288,102.06
qk_norm,6304,102.375
qk_norm,6320,102.572
qk_norm,6336,102.737
qk_norm,6352,103.148
qk_norm,6368,103.185
qk_norm,6384,103.532
qk_norm,6400,103.815
qk_norm,6416,104.049
qk_norm,6432,104.3
qk_norm,6448,104.529
qk_norm,6464,104.833
qk_norm,6480,105.042
qk_norm,6496,105.356
qk_norm,6512,105.489
qk_norm,6528,105.82
qk_norm,6544,105.975
qk_norm,6560,106.215
qk_norm,6576,106.407
qk_norm,6592,106.673
qk_norm,6608,106.919
qk_norm,6624,107.159
qk_norm,6640,107.473
qk_norm,6656,107.649
qk_norm,6672,108.023
qk_norm,6688,108.231
qk_norm,6704,108.455
qk_norm,6720,108.759
qk_norm,6736,109.031
qk_norm,6752,109.329
qk_norm,6768,109.532
qk_norm,6784,109.777
qk_norm,6800,110.044
qk_norm,6816,110.311
qk_norm,6832,110.545
qk_norm,6848,110.817
qk_norm,6864,111.132
qk_norm,6880,111.436
qk_norm,6896,111.543
qk_norm,6912,111.836
qk_norm,6928,112.103
qk_norm,6944,112.417
qk_norm,6960,112.636
qk_norm,6976,112.839
qk_norm,6992,113.132
qk_norm,7008,113.495
qk_norm,7024,113.618
qk_norm,7040,113.906
qk_norm,7056,113.948
qk_norm,7072,114.247
qk_norm,7088,114.455
qk_norm,7104,114.737
qk_norm,7120,114.962
qk_norm,7136,115.164
qk_norm,7152,115.457
qk_norm,7168,115.772
qk_norm,7184,115.425
qk_norm,7200,115.367
qk_norm,7216,115.618
qk_norm,7232,115.863
qk_norm,7248,117.036
qk_norm,7264,115.644
qk_norm,7280,115.97
qk_norm,7296,116.14
qk_norm,7312,115.666
qk_norm,7328,115.847
qk_norm,7344,116.167
qk_norm,7360,118.812
qk_norm,7376,119.159
qk_norm,7392,119.335
qk_norm,7408,119.671
qk_norm,7424,119.873
qk_norm,7440,120.162
qk_norm,7456,120.402
qk_norm,7472,120.695
qk_norm,7488,116.775
qk_norm,7504,116.225
qk_norm,7520,116.322
qk_norm,7536,116.674
qk_norm,7552,116.887
qk_norm,7568,122.21
qk_norm,7584,112.898
qk_norm,7600,112.972
qk_norm,7616,113.26
qk_norm,7632,112.711
qk_norm,7648,112.973
qk_norm,7664,113.18
qk_norm,7680,113.415
qk_norm,7696,113.554
qk_norm,7712,113.836
qk_norm,7728,114.098
qk_norm,7744,124.861
qk_norm,7760,125.116
qk_norm,7776,125.394
qk_norm,7792,114.252
qk_norm,7808,114.572
qk_norm,7824,114.769
qk_norm,7840,113.586
qk_norm,7856,113.767
qk_norm,7872,113.543
qk_norm,7888,113.762
qk_norm,7904,113.969
qk_norm,7920,114.156
qk_norm,7936,114.434
qk_norm,7952,122.332
qk_norm,7968,126.402
qk_norm,7984,128.764
qk_norm,8000,120.471
qk_norm,8016,115.602
qk_norm,8032,116.359
qk_norm,8048,116.236
qk_norm,8064,116.396
qk_norm,8080,116.599
qk_norm,8096,116.919
qk_norm,8112,117.047
qk_norm,8128,117.313
qk_norm,8144,117.442
qk_norm,8160,117.745
qk_norm,8176,117.97
qk_norm,8192,118.114
qk_norm,8208,118.236
qk_norm,8224,118.444
qk_norm,8240,118.69
qk_norm,8256,118.871
qk_norm,8272,119.127
qk_norm,8288,119.356
qk_norm,8304,119.596
qk_norm,8320,119.879
qk_norm,8336,120.135
qk_norm,8352,120.3
qk_norm,8368,120.631
qk_norm,8384,120.845
qk_norm,8400,120.919
qk_norm,8416,121.197
qk_norm,8432,121.533
qk_norm,8448,121.703
qk_norm,8464,121.938
qk_norm,8480,122.183
qk_norm,8496,122.407
qk_norm,8512,122.642
qk_norm,8528,122.903
qk_norm,8544,123.148
qk_norm,8560,123.303
qk_norm,8576,123.548
qk_norm,8592,123.751
qk_norm,8608,124.013
qk_norm,8624,124.221
qk_norm,8640,124.514
qk_norm,8656,124.722
qk_norm,8672,124.989
qk_norm,8688,125.271
qk_norm,8704,125.373
qk_norm,8720,125.266
qk_norm,8736,125.533
qk_norm,8752,125.783
qk_norm,8768,126.146
qk_norm,8784,126.252
qk_norm,8800,126.914
qk_norm,8816,126.695
qk_norm,8832,126.861
qk_norm,8848,127.218
qk_norm,8864,127.356
qk_norm,8880,127.65
qk_norm,8896,128.012
qk_norm,8912,128.951
qk_norm,8928,129.191
qk_norm,8944,129.421
qk_norm,8960,129.671
qk_norm,8976,129.847
qk_norm,8992,130.141
qk_norm,9008,130.418
qk_norm,9024,130.562
qk_norm,9040,130.834
qk_norm,9056,131.117
qk_norm,9072,131.309
qk_norm,9088,131.586
qk_norm,9104,131.789
qk_norm,9120,131.928
qk_norm,9136,132.146
qk_norm,9152,132.487
qk_norm,9168,132.669
qk_norm,9184,132.893
qk_norm,9200,133.197
qk_norm,9216,133.293
qk_norm,9232,133.437
qk_norm,9248,133.464
qk_norm,9264,133.816
qk_norm,9280,133.97
qk_norm,9296,134.338
qk_norm,9312,134.477
qk_norm,9328,134.717
qk_norm,9344,135.117
qk_norm,9360,135.218
qk_norm,9376,135.442
qk_norm,9392,135.687
qk_norm,9408,135.901
qk_norm,9424,136.13
qk_norm,9440,136.391
qk_norm,9456,136.621
qk_norm,9472,136.893
qk_norm,9488,137.106
qk_norm,9504,137.511
qk_norm,9520,137.544
qk_norm,9536,137.746
qk_norm,9552,138.029
qk_norm,9568,138.253
qk_norm,9584,138.573
qk_norm,9600,138.722
qk_norm,9616,138.962
qk_norm,9632,139.224
qk_norm,9648,139.65
qk_norm,9664,139.629
qk_norm,9680,139.901
qk_norm,9696,140.157
qk_norm,9712,140.296
qk_norm,9728,140.728
qk_norm,9744,140.472
qk_norm,9760,140.738
qk_norm,9776,140.957
qk_norm,9792,141.272
qk_norm,9808,141.501
qk_norm,9824,141.629
qk_norm,9840,142.034
qk_norm,9856,158.131
qk_norm,9872,142.743
qk_norm,9888,142.669
qk_norm,9904,142.983
qk_norm,9920,143.133
qk_norm,9936,143.496
qk_norm,9952,143.618
qk_norm,9968,143.901
qk_norm,9984,144.05
qk_norm,10000,144.893
qk_norm,10016,144.594
qk_norm,10032,145.352
qk_norm,10048,145.016
qk_norm,10064,145.32
qk_norm,10080,145.539
qk_norm,10096,145.778
qk_norm,10112,145.89
qk_norm,10128,146.205
qk_norm,10144,146.68
qk_norm,10160,146.952
qk_norm,10176,147.059
qk_norm,10192,146.963
qk_norm,10208,147.245
qk_norm,10224,147.442
qk_norm,10240,147.746
qk_norm,10256,147.832
qk_norm,10272,148.029
qk_norm,10288,148.242
qk_norm,10304,148.515
qk_norm,10320,148.749
qk_norm,10336,148.978
qk_norm,10352,149.128
qk_norm,10368,149.405
qk_norm,10384,149.592
qk_norm,10400,149.922
qk_norm,10416,150.227
qk_norm,10432,150.296
qk_norm,10448,150.53
qk_norm,10464,150.819
qk_norm,10480,150.968
qk_norm,10496,151.235
qk_norm,10512,151.928
qk_norm,10528,151.773
qk_norm,10544,152.018
qk_norm,10560,152.333
qk_norm,10576,152.52
qk_norm,10592,152.803
qk_norm,10608,153.234
qk_norm,10624,153.213
qk_norm,10640,153.55
qk_norm,10656,153.741
qk_norm,10672,153.917
qk_norm,10688,154.227
qk_norm,10704,154.376
qk_norm,10720,154.482
qk_norm,10736,172.094
qk_norm,10752,155
qk_norm,10768,155.848
qk_norm,10784,155.752
qk_norm,10800,155.998
qk_norm,10816,155.752
qk_norm,10832,156.312
qk_norm,10848,156.237
qk_norm,10864,156.477
qk_norm,10880,156.659
qk_norm,10896,157.208
qk_norm,10912,157.016
qk_norm,10928,157.427
qk_norm,10944,157.875
qk_norm,10960,157.8
qk_norm,10976,158.094
qk_norm,10992,158.254
qk_norm,11008,158.488
qk_norm,11024,159.027
qk_norm,11040,159.085
qk_norm,11056,159.299
qk_norm,11072,159.549
qk_norm,11088,159.779
qk_norm,11104,159.987
qk_norm,11120,160.221
qk_norm,11136,160.488
qk_norm,11152,160.6
qk_norm,11168,160.856
qk_norm,11184,161.107
qk_norm,11200,161.352
qk_norm,11216,161.683
qk_norm,11232,162.035
qk_norm,11248,162.419
qk_norm,11264,162.312
qk_norm,11280,163.165
qk_norm,11296,163.139
qk_norm,11312,163.336
qk_norm,11328,163.704
qk_norm,11344,164.062
qk_norm,11360,164.253
qk_norm,11376,164.312
qk_norm,11392,164.2
qk_norm,11408,164.424
qk_norm,11424,164.92
qk_norm,11440,165.694
qk_norm,11456,164.776
qk_norm,11472,165.064
qk_norm,11488,165.598
qk_norm,11504,165.496
qk_norm,11520,165.79
qk_norm,11536,166.888
qk_norm,11552,166.254
qk_norm,11568,167.139
qk_norm,11584,167.507
qk_norm,11600,167.63
qk_norm,11616,167.486
qk_norm,11632,167.528
qk_norm,11648,167.672
qk_norm,11664,167.944
qk_norm,11680,168.365
qk_norm,11696,169.224
qk_norm,11712,169.16
qk_norm,11728,169.358
qk_norm,11744,169.331
qk_norm,11760,169.827
qk_norm,11776,170.163
qk_norm,11792,170.68
qk_norm,11808,170.574
qk_norm,11824,170.776
qk_norm,11840,170.744
qk_norm,11856,171.251
qk_norm,11872,171.267
qk_norm,11888,171.747
qk_norm,11904,171.71
qk_norm,11920,171.662
qk_norm,11936,172.216
qk_norm,11952,172.67
qk_norm,11968,191.358
qk_norm,11984,172.297
qk_norm,12000,172.467
qk_norm,12016,173.054
qk_norm,12032,173.251
qk_norm,12048,174.136
qk_norm,12064,173.763
qk_norm,12080,174.563
qk_norm,12096,174.579
qk_norm,12112,174.75
qk_norm,12128,174.755
qk_norm,12144,174.963
qk_norm,12160,174.846
qk_norm,12176,175.982
qk_norm,12192,175.667
qk_norm,12208,176.302
qk_norm,12224,176.52
qk_norm,12240,176.371
qk_norm,12256,176.328
qk_norm,12272,177.102
qk_norm,12288,177.096
qk_norm,12304,177.342
qk_norm,12320,178.03
qk_norm,12336,178.281
qk_norm,12352,178.43
qk_norm,12368,177.87
qk_norm,12384,178.355
qk_norm,12400,179.08
qk_norm,12416,179.283
qk_norm,12432,179.15
qk_norm,12448,179.913
qk_norm,12464,179.534
qk_norm,12480,180.014
qk_norm,12496,180.334
qk_norm,12512,180.067
qk_norm,12528,180.857
qk_norm,12544,181.118
qk_norm,12560,180.974
qk_norm,12576,181.502
qk_norm,12592,181.662
qk_norm,12608,182.222
qk_norm,12624,181.518
qk_norm,12640,181.731
qk_norm,12656,182.414
qk_norm,12672,182.894
qk_norm,12688,183.46
qk_norm,12704,183.694
qk_norm,12720,183.849
qk_norm,12736,183.779
qk_norm,12752,184.249
qk_norm,12768,184.387
qk_norm,12784,184.094
qk_norm,12800,184.649
qk_norm,12816,185.006
qk_norm,12832,185.534
qk_norm,12848,185.427
qk_norm,12864,185.636
qk_norm,12880,185.993
qk_norm,12896,186.425
qk_norm,12912,186.041
qk_norm,12928,186.67
qk_norm,12944,187.134
qk_norm,12960,186.937
qk_norm,12976,187.156
qk_norm,12992,187.796
qk_norm,13008,188.025
qk_norm,13024,188.121
qk_norm,13040,188.004
qk_norm,13056,188.307
qk_norm,13072,188.718
qk_norm,13088,188.937
qk_norm,13104,188.718
qk_norm,13120,189.342
qk_norm,13136,189.028
qk_norm,13152,189.513
qk_norm,13168,190.073
qk_norm,13184,189.961
qk_norm,13200,190.254
qk_norm,13216,190.468
qk_norm,13232,191.204
qk_norm,13248,191.236
qk_norm,13264,191.593
qk_norm,13280,191.524
qk_norm,13296,191.63
qk_norm,13312,192.318
qk_norm,13328,192.174
qk_norm,13344,192.447
qk_norm,13360,192.889
qk_norm,13376,192.804
qk_norm,13392,193.044
qk_norm,13408,193.684
qk_norm,13424,193.865
qk_norm,13440,194.057
qk_norm,13456,194.468
qk_norm,13472,194.441
qk_norm,13488,194.831
qk_norm,13504,195.022
qk_norm,13520,195.321
qk_norm,13536,195.524
qk_norm,13552,195.774
qk_norm,13568,195.951
qk_norm,13584,195.956
qk_norm,13600,196.126
qk_norm,13616,196.574
qk_norm,13632,196.809
qk_norm,13648,196.516
qk_norm,13664,196.767
qk_norm,13680,197.353
qk_norm,13696,197.407
qk_norm,13712,197.892
qk_norm,13728,198.207
qk_norm,13744,197.934
qk_norm,13760,198.676
qk_norm,13776,198.414
qk_norm,13792,199.071
qk_norm,13808,199.236
qk_norm,13824,199.519
qk_norm,13840,199.791
qk_norm,13856,200.073
qk_norm,13872,200.255
qk_norm,13888,200.159
qk_norm,13904,200.393
qk_norm,13920,201.028
qk_norm,13936,201.279
qk_norm,13952,201.54
qk_norm,13968,201.412
qk_norm,13984,201.881
qk_norm,14000,201.817
qk_norm,14016,202.506
qk_norm,14032,202.607
qk_norm,14048,202.863
qk_norm,14064,203.193
qk_norm,14080,203.385
qk_norm,14096,203.279
qk_norm,14112,203.551
qk_norm,14128,203.652
qk_norm,14144,204.084
qk_norm,14160,204.191
qk_norm,14176,204.367
qk_norm,14192,204.553
qk_norm,14208,204.772
qk_norm,14224,205.22
qk_norm,14240,205.401
qk_norm,14256,205.22
qk_norm,14272,205.924
qk_norm,14288,204.356
qk_norm,14304,205.892
qk_norm,14320,206.564
qk_norm,14336,206.383
qk_norm,14352,206.681
qk_norm,14368,207.364
qk_norm,14384,207.417
qk_norm,14400,207.887
qk_norm,14416,206.612
qk_norm,14432,206.804
qk_norm,14448,207.225
qk_norm,14464,208.634
qk_norm,14480,208.852
qk_norm,14496,209.092
qk_norm,14512,209.37
qk_norm,14528,209.663
qk_norm,14544,208.457
qk_norm,14560,208.314
qk_norm,14576,208.842
qk_norm,14592,208.98
qk_norm,14608,208.836
qk_norm,14624,209.439
qk_norm,14640,209.716
qk_norm,14656,209.903
qk_norm,14672,210.319
qk_norm,14688,210.362
qk_norm,14704,210.121
qk_norm,14720,210.804
qk_norm,14736,211.135
qk_norm,14752,212.063
qk_norm,14768,211.092
qk_norm,14784,212.095
qk_norm,14800,211.908
qk_norm,14816,212.117
qk_norm,14832,212.522
qk_norm,14848,212.133
qk_norm,14864,212.596
qk_norm,14880,213.172
qk_norm,14896,212.959
qk_norm,14912,213.684
qk_norm,14928,215.257
qk_norm,14944,214.276
qk_norm,14960,214.357
qk_norm,14976,214.532
qk_norm,14992,214.831
qk_norm,15008,215.796
qk_norm,15024,215.855
qk_norm,15040,215.508
qk_norm,15056,215.893
qk_norm,15072,216.154
qk_norm,15088,216.202
qk_norm,15104,216.319
qk_norm,15120,216.772
qk_norm,15136,217.338
qk_norm,15152,218.037
qk_norm,15168,217.306
qk_norm,15184,217.46
qk_norm,15200,218.527
qk_norm,15216,217.951
qk_norm,15232,218.229
qk_norm,15248,218.703
qk_norm,15264,218.724
qk_norm,15280,219.45
qk_norm,15296,218.943
qk_norm,15312,219.124
qk_norm,15328,219.311
qk_norm,15344,219.78
qk_norm,15360,219.887
qk_norm,15376,220.292
qk_norm,15392,220.426
qk_norm,15408,221.114
qk_norm,15424,220.852
qk_norm,15440,221.034
qk_norm,15456,221.263
qk_norm,15472,221.599
qk_norm,15488,222.26
qk_norm,15504,222.474
qk_norm,15520,222.677
qk_norm,15536,222.981
qk_norm,15552,223.029
qk_norm,15568,222.933
qk_norm,15584,223.199
qk_norm,15600,223.311
qk_norm,15616,223.525
qk_norm,15632,223.898
qk_norm,15648,224.543
qk_norm,15664,224.863
qk_norm,15680,225.045
qk_norm,15696,225.199
qk_norm,15712,225.071
qk_norm,15728,225.162
qk_norm,15744,225.349
qk_norm,15760,226.319
qk_norm,15776,227.637
qk_norm,15792,226.853
qk_norm,15808,226.533
qk_norm,15824,226.912
qk_norm,15840,226.698
qk_norm,15856,227.231
qk_norm,15872,227.354
qk_norm,15888,227.418
qk_norm,15904,228.122
qk_norm,15920,228.271
qk_norm,15936,228.949
qk_norm,15952,228.645
qk_norm,15968,228.97
qk_norm,15984,229.098
qk_norm,16000,229.429
qk_norm,16016,229.722
qk_norm,16032,229.957
qk_norm,16048,232.485
qk_norm,16064,230.794
qk_norm,16080,230.842
qk_norm,16096,230.421
qk_norm,16112,231.466
qk_norm,16128,231.151
qk_norm,16144,230.933
qk_norm,16160,232.485
qk_norm,16176,232.65
qk_norm,16192,232.997
qk_norm,16208,232.528
qk_norm,16224,232.527
qk_norm,16240,232.736
qk_norm,16256,233.018
qk_norm,16272,233.488
qk_norm,16288,233.525
qk_norm,16304,234.165
qk_norm,16320,233.823
qk_norm,16336,234.122
qk_norm,16352,234.682
qk_norm,16368,234.378
qk_norm,16384,234.245
qk_norm,16400,234.592
qk_norm,16416,236.149
qk_norm,16432,235.888
qk_norm,16448,236.197
qk_norm,16464,236.331
qk_norm,16480,236.571
qk_norm,16496,236.346
qk_norm,16512,237.008
qk_norm,16528,237.525
qk_norm,16544,237.093
qk_norm,16560,237.824
qk_norm,16576,238.405
qk_norm,16592,237.755
qk_norm,16608,238.026
qk_norm,16624,238.224
qk_norm,16640,238.592
qk_norm,16656,238.251
qk_norm,16672,239.418
qk_norm,16688,239.685
qk_norm,16704,240.427
qk_norm,16720,240.171
qk_norm,16736,240.256
qk_norm,16752,240.128
qk_norm,16768,240.277
qk_norm,16784,240.821
qk_norm,16800,241.674
qk_norm,16816,241.525
qk_norm,16832,242.17
qk_norm,16848,241.365
qk_norm,16864,241.6
qk_norm,16880,241.824
qk_norm,16896,242.043
qk_norm,16912,242.181
qk_norm,16928,242.933
qk_norm,16944,243.136
qk_norm,16960,244.128
qk_norm,16976,243.642
qk_norm,16992,243.856
qk_norm,17008,243.936
qk_norm,17024,244.389
qk_norm,17040,244.619
qk_norm,17056,245.984
qk_norm,17072,245.654
qk_norm,17088,245.851
qk_norm,17104,246.027
qk_norm,17120,245.926
qk_norm,17136,245.952
qk_norm,17152,246.245
qk_norm,17168,246.16
qk_norm,17184,247.2
qk_norm,17200,247.547
qk_norm,17216,247.744
qk_norm,17232,247.462
qk_norm,17248,247.643
qk_norm,17264,248.442
qk_norm,17280,247.755
qk_norm,17296,249.216
qk_norm,17312,249.11
qk_norm,17328,248.474
qk_norm,17344,249.659
qk_norm,17360,249.776
qk_norm,17376,249.894
qk_norm,17392,249.728
qk_norm,17408,249.846
qk_norm,17424,250.405
qk_norm,17440,250.651
qk_norm,17456,250.507
qk_norm,17472,251.072
qk_norm,17488,250.837
qk_norm,17504,250.678
qk_norm,17520,251.35
qk_norm,17536,251.659
qk_norm,17552,252.619
qk_norm,17568,252.645
qk_norm,17584,253.099
qk_norm,17600,252.736
qk_norm,17616,253.141
qk_norm,17632,252.63
qk_norm,17648,253.739
qk_norm,17664,253.825
qk_norm,17680,252.849
qk_norm,17696,254.593
qk_norm,17712,255.328
qk_norm,17728,254.912
qk_norm,17744,254.534
qk_norm,17760,255.232
qk_norm,17776,254.795
qk_norm,17792,255.302
qk_norm,17808,256.166
qk_norm,17824,256.384
qk_norm,17840,255.985
qk_norm,17856,256.72
qk_norm,17872,256.683
qk_norm,17888,256.203
qk_norm,17904,257.552
qk_norm,17920,257.579
qk_norm,17936,258.256
qk_norm,17952,257.952
qk_norm,17968,258.288
qk_norm,17984,258.47
qk_norm,18000,258.608
qk_norm,18016,257.776
qk_norm,18032,259.014
qk_norm,18048,258.299
qk_norm,18064,260.102
qk_norm,18080,259.931
qk_norm,18096,260.128
qk_norm,18112,261.003
qk_norm,18128,260.523
qk_norm,18144,260.822
qk_norm,18160,261.056
qk_norm,18176,261.2
qk_norm,18192,260.464
qk_norm,18208,261.867
qk_norm,18224,262.102
qk_norm,18240,262.07
qk_norm,18256,262.342
qk_norm,18272,262.63
qk_norm,18288,262.955
qk_norm,18304,263.195
qk_norm,18320,264.417
qk_norm,18336,263.686
qk_norm,18352,263.686
qk_norm,18368,264.694
qk_norm,18384,264.641
qk_norm,18400,264.689
qk_norm,18416,264.699
qk_norm,18432,265.222
qk_norm,18448,265.132
qk_norm,18464,265.505
qk_norm,18480,265.947
qk_norm,18496,266.465
qk_norm,18512,265.286
qk_norm,18528,264.966
qk_norm,18544,266.209
qk_norm,18560,266.63
qk_norm,18576,267.072
qk_norm,18592,267.302
qk_norm,18608,268.043
qk_norm,18624,267.622
qk_norm,18640,268.454
qk_norm,18656,267.953
qk_norm,18672,268.342
qk_norm,18688,268.075
qk_norm,18704,267.755
qk_norm,18720,269.548
qk_norm,18736,269.766
qk_norm,18752,270.588
qk_norm,18768,269.553
qk_norm,18784,269.884
qk_norm,18800,269.974
qk_norm,18816,270.577
qk_norm,18832,270.523
qk_norm,18848,270.796
qk_norm,18864,271.201
qk_norm,18880,271.318
qk_norm,18896,271.803
qk_norm,18912,271.724
qk_norm,18928,271.622
qk_norm,18944,272.31
qk_norm,18960,272.422
qk_norm,18976,274.214
qk_norm,18992,272.774
qk_norm,19008,273.681
qk_norm,19024,273.308
qk_norm,19040,272.358
qk_norm,19056,273.59
qk_norm,19072,273.846
qk_norm,19088,274.913
qk_norm,19104,275.126
qk_norm,19120,275.74
qk_norm,19136,274.801
qk_norm,19152,275.163
qk_norm,19168,274.742
qk_norm,19184,275.452
qk_norm,19200,275.366
qk_norm,19216,274.94
qk_norm,19232,276.908
qk_norm,19248,277.228
qk_norm,19264,277.308
qk_norm,19280,277.062
qk_norm,19296,276.823
qk_norm,19312,277.382
qk_norm,19328,277.713
qk_norm,19344,279.046
qk_norm,19360,278.257
qk_norm,19376,277.398
qk_norm,19392,279.222
qk_norm,19408,279.004
qk_norm,19424,279.126
qk_norm,19440,279.436
qk_norm,19456,279.334
qk_norm,19472,280.295
qk_norm,19488,281.009
qk_norm,19504,280.876
qk_norm,19520,281.569
qk_norm,19536,280.647
qk_norm,19552,279.969
qk_norm,19568,281.137
qk_norm,19584,281.542
qk_norm,19600,281.649
qk_norm,19616,282.321
qk_norm,19632,282.583
qk_norm,19648,282.289
qk_norm,19664,282.716
qk_norm,19680,282.722
qk_norm,19696,282.759
qk_norm,19712,283.329
qk_norm,19728,282.865
qk_norm,19744,283.767
qk_norm,19760,284.417
qk_norm,19776,285.276
qk_norm,19792,284.225
qk_norm,19808,284.422
qk_norm,19824,284.807
qk_norm,19840,284.972
qk_norm,19856,285.884
qk_norm,19872,286.7
qk_norm,19888,286.402
qk_norm,19904,286.791
qk_norm,19920,286.06
qk_norm,19936,286.348
qk_norm,19952,286.642
qk_norm,19968,286.94
qk_norm,19984,287.767
qk_norm,20000,287.943
qk_norm,20016,287.575
qk_norm,20032,288.935
qk_norm,20048,288.039
qk_norm,20064,287.318
qk_norm,20080,288.668
qk_norm,20096,288.61
qk_norm,20112,289.943
qk_norm,20128,290.055
qk_norm,20144,290.492
qk_norm,20160,290.076
qk_norm,20176,289.628
qk_norm,20192,289.777
qk_norm,20208,290.316
qk_norm,20224,290.551
qk_norm,20240,290.321
qk_norm,20256,292.108
qk_norm,20272,291.874
qk_norm,20288,291.985
qk_norm,20304,291.65
qk_norm,20320,292.167
qk_norm,20336,292.162
qk_norm,20352,292.167
qk_norm,20368,293.74
qk_norm,20384,293.452
qk_norm,20400,293.676
qk_norm,20416,293.97
qk_norm,20432,293.559
qk_norm,20448,293.815
qk_norm,20464,293.927
qk_norm,20480,294.722
qk_norm,20496,295.457
qk_norm,20512,295.895
qk_norm,20528,296.556
qk_norm,20544,295.287
qk_norm,20560,295.351
qk_norm,20576,294.498
qk_norm,20592,295.74
qk_norm,20608,296.045
qk_norm,20624,296.578
qk_norm,20640,296.876
qk_norm,20656,297.687
qk_norm,20672,298.396
qk_norm,20688,297.031
qk_norm,20704,297.244
qk_norm,20720,297.234
qk_norm,20736,297.724
qk_norm,20752,298.45
qk_norm,20768,299.954
qk_norm,20784,299.607
qk_norm,20800,299.346
qk_norm,20816,298.759
qk_norm,20832,299.095
qk_norm,20848,299.916
qk_norm,20864,299.623
qk_norm,20880,300.663
qk_norm,20896,301.922
qk_norm,20912,299.65
qk_norm,20928,301.266
qk_norm,20944,300.871
qk_norm,20960,301.058
qk_norm,20976,301.276
qk_norm,20992,301.858
qk_norm,21008,302.765
qk_norm,21024,303.111
qk_norm,21040,303.346
qk_norm,21056,303.655
qk_norm,21072,302.999
qk_norm,21088,301.975
qk_norm,21104,303.036
qk_norm,21120,303.239
qk_norm,21136,304.605
qk_norm,21152,304.807
qk_norm,21168,305.112
qk_norm,21184,304.77
qk_norm,21200,304.204
qk_norm,21216,305.197
qk_norm,21232,305.495
qk_norm,21248,305.01
qk_norm,21264,306.344
qk_norm,21280,306.749
qk_norm,21296,306.872
qk_norm,21312,307.079
qk_norm,21328,306.717
qk_norm,21344,307.09
qk_norm,21360,306.621
qk_norm,21376,306.834
qk_norm,21392,308.877
qk_norm,21408,308.466
qk_norm,21424,307.613
qk_norm,21440,309.463
qk_norm,21456,308.226
qk_norm,21472,309.522
qk_norm,21488,309.234
qk_norm,21504,309.474
qk_norm,21520,310.141
qk_norm,21536,310.946
qk_norm,21552,310.653
qk_norm,21568,310.882
qk_norm,21584,310.04
qk_norm,21600,310.647
qk_norm,21616,310.925
qk_norm,21632,310.6
qk_norm,21648,312.023
qk_norm,21664,312.135
qk_norm,21680,311.73
qk_norm,21696,312.856
qk_norm,21712,312.152
qk_norm,21728,312.642
qk_norm,21744,312.898
qk_norm,21760,312.525
qk_norm,21776,312.386
qk_norm,21792,313.325
qk_norm,21808,314.189
qk_norm,21824,314.541
qk_norm,21840,313.411
qk_norm,21856,313.602
qk_norm,21872,313.826
qk_norm,21888,314.301
qk_norm,21904,315.554
qk_norm,21920,315.656
qk_norm,21936,314.12
qk_norm,21952,314.423
qk_norm,21968,315.218
qk_norm,21984,315.528
qk_norm,22000,315.112
qk_norm,22016,316.541
qk_norm,22032,317.469
qk_norm,22048,316.962
qk_norm,22064,317.805
qk_norm,22080,318.627
qk_norm,22096,317.058
qk_norm,22112,316.743
qk_norm,22128,318.29
qk_norm,22144,318.077
qk_norm,22160,319.368
qk_norm,22176,318.349
qk_norm,22192,320.397
qk_norm,22208,319.394
qk_norm,22224,318.93
qk_norm,22240,319.981
qk_norm,22256,320.13
qk_norm,22272,320.077
qk_norm,22288,319.048
qk_norm,22304,321.277
qk_norm,22320,320.867
qk_norm,22336,322.306
qk_norm,22352,321.976
qk_norm,22368,320.877
qk_norm,22384,321.288
qk_norm,22400,322.131
qk_norm,22416,322.851
qk_norm,22432,322.435
qk_norm,22448,322.621
qk_norm,22464,324.162
qk_norm,22480,322.344
qk_norm,22496,323.613
qk_norm,22512,323.224
qk_norm,22528,323.112
qk_norm,22544,325.154
qk_norm,22560,325.763
qk_norm,22576,326.003
qk_norm,22592,326.093
qk_norm,22608,325.688
qk_norm,22624,326.163
qk_norm,22640,327.016
qk_norm,22656,325.149
qk_norm,22672,325.325
qk_norm,22688,328.264
qk_norm,22704,327.699
qk_norm,22720,327.485
qk_norm,22736,328.222
qk_norm,22752,326.451
qk_norm,22768,328.659
qk_norm,22784,327.101
qk_norm,22800,326.568
qk_norm,22816,329.08
qk_norm,22832,328.109
qk_norm,22848,327.171
qk_norm,22864,329.203
qk_norm,22880,328.835
qk_norm,22896,328.456
qk_norm,22912,327.848
qk_norm,22928,329.571
qk_norm,22944,331.075
qk_norm,22960,330.723
qk_norm,22976,330.269
qk_norm,22992,329.859
qk_norm,23008,332.712
qk_norm,23024,331.688
qk_norm,23040,332.355
qk_norm,23056,331.39
qk_norm,23072,333.08
qk_norm,23088,331.928
qk_norm,23104,333.129
qk_norm,23120,331.64
qk_norm,23136,333.325
qk_norm,23152,332.974
qk_norm,23168,333.139
qk_norm,23184,334.744
qk_norm,23200,333.432
qk_norm,23216,333.88
qk_norm,23232,335.07
qk_norm,23248,334.814
qk_norm,23264,335.827
qk_norm,23280,334.867
qk_norm,23296,334.888
qk_norm,23312,335.822
qk_norm,23328,336.637
qk_norm,23344,336.147
qk_norm,23360,336.941
qk_norm,23376,336.547
qk_norm,23392,336.835
qk_norm,23408,337.102
qk_norm,23424,336.59
qk_norm,23440,338.078
qk_norm,23456,336.947
qk_norm,23472,337.928
qk_norm,23488,337.534
qk_norm,23504,338.51
qk_norm,23520,339.022
qk_norm,23536,338.867
qk_norm,23552,338.488
qk_norm,23568,340.216
qk_norm,23584,340.483
qk_norm,23600,340.147
qk_norm,23616,341.07
qk_norm,23632,341.107
qk_norm,23648,339.875
qk_norm,23664,340.84
qk_norm,23680,340.329
qk_norm,23696,341.523
qk_norm,23712,342.91
qk_norm,23728,342.68
qk_norm,23744,342.035
qk_norm,23760,342.27
qk_norm,23776,342.686
qk_norm,23792,342.11
qk_norm,23808,342.318
qk_norm,23824,343.822
qk_norm,23840,344.947
qk_norm,23856,344.675
qk_norm,23872,343.55
qk_norm,23888,344.179
qk_norm,23904,345.113
qk_norm,23920,344.499
qk_norm,23936,344.798
qk_norm,23952,344.926
qk_norm,23968,345.747
qk_norm,23984,344.563
qk_norm,24000,345.364
qk_norm,24016,345.059
qk_norm,24032,345.843
qk_norm,24048,346.281
qk_norm,24064,345.72
qk_norm,24080,345.961
qk_norm,24096,347.79
qk_norm,24112,348.003
qk_norm,24128,347.56
qk_norm,24144,346.889
qk_norm,24160,347.209
qk_norm,24176,347.513
qk_norm,24192,348.435
qk_norm,24208,347.977
qk_norm,24224,348.878
qk_norm,24240,348.494
qk_norm,24256,349.998
qk_norm,24272,349.481
qk_norm,24288,350.51
qk_norm,24304,349.043
qk_norm,24320,349.529
qk_norm,24336,349.161
qk_norm,24352,350.846
qk_norm,24368,350.302
qk_norm,24384,351.075
qk_norm,24400,350.643
qk_norm,24416,350.814
qk_norm,24432,351.241
qk_norm,24448,351.348
qk_norm,24464,352.958
qk_norm,24480,352.382
qk_norm,24496,351.182
qk_norm,24512,352.451
qk_norm,24528,352.708
qk_norm,24544,353.7
qk_norm,24560,352.83
qk_norm,24576,353.705
qk_norm,24592,353.3
qk_norm,24608,354.382
qk_norm,24624,353.705
qk_norm,24640,354.751
qk_norm,24656,354.217
qk_norm,24672,354.585
qk_norm,24688,355.337
qk_norm,24704,354.249
qk_norm,24720,355.966
qk_norm,24736,356.932
qk_norm,24752,356.67
qk_norm,24768,356.617
qk_norm,24784,356.996
qk_norm,24800,357.167
qk_norm,24816,357.268
qk_norm,24832,356.692
qk_norm,24848,356.201
qk_norm,24864,357.961
qk_norm,24880,358.388
qk_norm,24896,358.244
qk_norm,24912,358.82
qk_norm,24928,357.63
qk_norm,24944,358.356
qk_norm,24960,358.793
qk_norm,24976,359.337
qk_norm,24992,359.529
qk_norm,25008,358.991
qk_norm,25024,360.1
qk_norm,25040,360.335
qk_norm,25056,360.484
qk_norm,25072,360.18
qk_norm,25088,360.857
qk_norm,25104,361.737
qk_norm,25120,362.42
qk_norm,25136,361.119
qk_norm,25152,361.273
qk_norm,25168,361.438
qk_norm,25184,362.127
qk_norm,25200,361.358
qk_norm,25216,362.607
qk_norm,25232,363.289
qk_norm,25248,363.684
qk_norm,25264,363.375
qk_norm,25280,363.311
qk_norm,25296,364.975
qk_norm,25312,364.526
qk_norm,25328,365.263
qk_norm,25344,364.111
qk_norm,25360,364.5
qk_norm,25376,365.476
qk_norm,25392,365.748
qk_norm,25408,365.919
qk_norm,25424,366.015
qk_norm,25440,366.132
qk_norm,25456,366.5
qk_norm,25472,365.839
qk_norm,25488,367.289
qk_norm,25504,367.865
qk_norm,25520,366.393
qk_norm,25536,366.74
qk_norm,25552,367.561
qk_norm,25568,367.215
qk_norm,25584,367.391
qk_norm,25600,367.78
qk_norm,25616,367.881
qk_norm,25632,369.796
qk_norm,25648,368.345
qk_norm,25664,368.431
qk_norm,25680,369.551
qk_norm,25696,369.839
qk_norm,25712,369.674
qk_norm,25728,368.788
qk_norm,25744,370.719
qk_norm,25760,371.754
qk_norm,25776,370.975
qk_norm,25792,369.689
qk_norm,25808,372.362
qk_norm,25824,371.828
qk_norm,25840,371.156
qk_norm,25856,372.276
qk_norm,25872,371.764
qk_norm,25888,374.468
qk_norm,25904,373.572
qk_norm,25920,373.204
qk_norm,25936,374.26
qk_norm,25952,373.738
qk_norm,25968,374.804
qk_norm,25984,374.127
qk_norm,26000,372.74
qk_norm,26016,375.418
qk_norm,26032,374.154
qk_norm,26048,373.674
qk_norm,26064,376.346
qk_norm,26080,377.119
qk_norm,26096,376.554
qk_norm,26112,374.415
qk_norm,26128,375.349
qk_norm,26144,377.162
qk_norm,26160,377.156
qk_norm,26176,375.855
qk_norm,26192,376.895
qk_norm,26208,377.482
qk_norm,26224,376.271
qk_norm,26240,374.319
qk_norm,26256,376.357
qk_norm,26272,378.25
qk_norm,26288,378.303
qk_norm,26304,377.119
qk_norm,26320,376.991
qk_norm,26336,377.237
qk_norm,26352,380.175
qk_norm,26368,376.378
qk_norm,26384,379.237
qk_norm,26400,378.234
qk_norm,26416,381.061
qk_norm,26432,381.247
qk_norm,26448,380.815
qk_norm,26464,381.002
qk_norm,26480,381.994
qk_norm,26496,380.058
qk_norm,26512,382.597
qk_norm,26528,382.81
qk_norm,26544,380.714
qk_norm,26560,382.133
qk_norm,26576,380.911
qk_norm,26592,382.031
qk_norm,26608,383.012
qk_norm,26624,381.599
qk_norm,26640,381.658
qk_norm,26656,384.954
qk_norm,26672,383.621
qk_norm,26688,382.949
qk_norm,26704,384.41
qk_norm,26720,383.535
qk_norm,26736,386.368
qk_norm,26752,382.303
qk_norm,26768,386.661
qk_norm,26784,386.106
qk_norm,26800,386.501
qk_norm,26816,385.722
qk_norm,26832,386.245
qk_norm,26848,384.778
qk_norm,26864,385.834
qk_norm,26880,385.807
qk_norm,26896,387.205
qk_norm,26912,386.485
qk_norm,26928,387.546
qk_norm,26944,386.879
qk_norm,26960,388.8
qk_norm,26976,388.282
qk_norm,26992,387.658
qk_norm,27008,389.024
qk_norm,27024,390.538
qk_norm,27040,389.306
qk_norm,27056,389.674
qk_norm,27072,389.466
qk_norm,27088,389.888
qk_norm,27104,390.853
qk_norm,27120,390.645
qk_norm,27136,390.346
qk_norm,27152,390.666
qk_norm,27168,391.301
qk_norm,27184,391.018
qk_norm,27200,391.045
qk_norm,27216,391.541
qk_norm,27232,391.77
qk_norm,27248,391.034
qk_norm,27264,391.936
qk_norm,27280,392.693
qk_norm,27296,393.328
qk_norm,27312,392.784
qk_norm,27328,393.093
qk_norm,27344,392.954
qk_norm,27360,394.65
qk_norm,27376,393.285
qk_norm,27392,394.117
qk_norm,27408,394.288
qk_norm,27424,394.875
qk_norm,27440,394.842
qk_norm,27456,395.051
qk_norm,27472,395.349
qk_norm,27488,395.611
qk_norm,27504,394.992
qk_norm,27520,395.296
qk_norm,27536,396.224
qk_norm,27552,397.322
qk_norm,27568,396.859
qk_norm,27584,396.176
qk_norm,27600,396.469
qk_norm,27616,398.139
qk_norm,27632,397.536
qk_norm,27648,396.405
qk_norm,27664,398.091
qk_norm,27680,399.909
qk_norm,27696,397.541
qk_norm,27712,398.528
qk_norm,27728,398.906
qk_norm,27744,400.853
qk_norm,27760,398.378
qk_norm,27776,398.741
qk_norm,27792,399.925
qk_norm,27808,400.336
qk_norm,27824,400.4
qk_norm,27840,401.334
qk_norm,27856,399.904
qk_norm,27872,400.838
qk_norm,27888,400.405
qk_norm,27904,400.8
qk_norm,27920,401.691
qk_norm,27936,402.694
qk_norm,27952,402.053
qk_norm,27968,403.328
qk_norm,27984,402.784
qk_norm,28000,403.803
qk_norm,28016,402.224
qk_norm,28032,402.469
qk_norm,28048,404.235
qk_norm,28064,404.4
qk_norm,28080,402.341
qk_norm,28096,404.219
qk_norm,28112,404.726
qk_norm,28128,407.248
qk_norm,28144,404.299
qk_norm,28160,405.382
qk_norm,28176,405.616
qk_norm,28192,405.035
qk_norm,28208,407.488
qk_norm,28224,405.926
qk_norm,28240,406.208
qk_norm,28256,405.792
qk_norm,28272,407.355
qk_norm,28288,407.942
qk_norm,28304,407.824
qk_norm,28320,406.571
qk_norm,28336,408.518
qk_norm,28352,406.901
qk_norm,28368,407.963
qk_norm,28384,408.187
qk_norm,28400,410.56
qk_norm,28416,408.907
qk_norm,28432,410.998
qk_norm,28448,409.046
qk_norm,28464,410.79
qk_norm,28480,409.627
qk_norm,28496,410.576
qk_norm,28512,410.187
qk_norm,28528,410.267
qk_norm,28544,410.731
qk_norm,28560,411.84
qk_norm,28576,410.192
qk_norm,28592,410.512
qk_norm,28608,411.601
qk_norm,28624,410.849
qk_norm,28640,411.435
qk_norm,28656,412.348
qk_norm,28672,412.497
qk_norm,28688,412.262
qk_norm,28704,413.003
qk_norm,28720,413.531
qk_norm,28736,414.39
qk_norm,28752,413.024
qk_norm,28768,414.128
qk_norm,28784,415.68
qk_norm,28800,415.302
qk_norm,28816,415.126
qk_norm,28832,414.62
qk_norm,28848,413.734
qk_norm,28864,413.312
qk_norm,28880,415.526
qk_norm,28896,415.569
qk_norm,28912,415.057
qk_norm,28928,416.913
qk_norm,28944,415.649
qk_norm,28960,416.646
qk_norm,28976,417.622
qk_norm,28992,416.918
qk_norm,29008,420.273
qk_norm,29024,416.747
qk_norm,29040,419.66
qk_norm,29056,419.67
qk_norm,29072,416.369
qk_norm,29088,420.107
qk_norm,29104,418.982
qk_norm,29120,421.569
qk_norm,29136,421.729
qk_norm,29152,417.537
qk_norm,29168,418.47
qk_norm,29184,419.675
qk_norm,29200,420.96
qk_norm,29216,421.292
qk_norm,29232,421.489
qk_norm,29248,419.841
qk_norm,29264,419.12
qk_norm,29280,421.446
qk_norm,29296,423.323
qk_norm,29312,419.676
qk_norm,29328,420.742
qk_norm,29344,420.988
qk_norm,29360,424.833
qk_norm,29376,420.556
qk_norm,29392,425.163
qk_norm,29408,422.566
qk_norm,29424,423.862
qk_norm,29440,421.569
qk_norm,29456,426.129
qk_norm,29472,421.713
qk_norm,29488,424.71
qk_norm,29504,425.148
qk_norm,29520,425.116
qk_norm,29536,422.075
qk_norm,29552,423.121
qk_norm,29568,423.302
qk_norm,29584,423.526
qk_norm,29600,425.654
qk_norm,29616,428.465
qk_norm,29632,424.081
qk_norm,29648,424.476
qk_norm,29664,424.577
qk_norm,29680,429.617
qk_norm,29696,428.199
qk_norm,29712,426.636
qk_norm,29728,428.438
qk_norm,29744,426.998
qk_norm,29760,429.201
qk_norm,29776,428.081
qk_norm,29792,427.34
qk_norm,29808,430.502
qk_norm,29824,427.068
qk_norm,29840,427.596
qk_norm,29856,429.644
qk_norm,29872,432.15
qk_norm,29888,429.815
qk_norm,29904,429.153
qk_norm,29920,432.161
qk_norm,29936,428.54
qk_norm,29952,428.908
qk_norm,29968,429.868
qk_norm,29984,430.945
qk_norm,30000,431.116
qk_norm,30016,432.454
qk_norm,30032,433.671
qk_norm,30048,430.588
qk_norm,30064,433.985
qk_norm,30080,431.676
qk_norm,30096,432.988
qk_norm,30112,431.996
qk_norm,30128,432.614
qk_norm,30144,433.75
qk_norm,30160,435.105
qk_norm,30176,435.062
qk_norm,30192,435.255
qk_norm,30208,433.095
qk_norm,30224,434.631
qk_norm,30240,436.631
qk_norm,30256,436.076
qk_norm,30272,437.137
qk_norm,30288,434.668
qk_norm,30304,436.007
qk_norm,30320,436.865
qk_norm,30336,435.447
qk_norm,30352,437.148
qk_norm,30368,435.751
qk_norm,30384,438.06
qk_norm,30400,438.615
qk_norm,30416,439.324
qk_norm,30432,436.695
qk_norm,30448,436.951
qk_norm,30464,439.265
qk_norm,30480,439.191
qk_norm,30496,437.431
qk_norm,30512,437.842
qk_norm,30528,438.647
qk_norm,30544,439.1
qk_norm,30560,437.553
qk_norm,30576,439.169
qk_norm,30592,439.697
qk_norm,30608,442.733
qk_norm,30624,441.586
qk_norm,30640,441.303
qk_norm,30656,442.087
qk_norm,30672,443.724
qk_norm,30688,442.204
qk_norm,30704,443.911
qk_norm,30720,444.892
qk_norm,30736,444.45
qk_norm,30752,443.66
qk_norm,30768,444.226
qk_norm,30784,444.642
qk_norm,30800,445.73
qk_norm,30816,443.996
qk_norm,30832,444.428
qk_norm,30848,447.623
qk_norm,30864,446.754
qk_norm,30880,446.167
qk_norm,30896,445.036
qk_norm,30912,445.655
qk_norm,30928,447.612
qk_norm,30944,448.018
qk_norm,30960,447.319
qk_norm,30976,445.618
qk_norm,30992,446.679
qk_norm,31008,447.474
qk_norm,31024,445.922
qk_norm,31040,446.418
qk_norm,31056,445.447
qk_norm,31072,443.788
qk_norm,31088,445.836
qk_norm,31104,446.162
qk_norm,31120,447.543
qk_norm,31136,448.658
qk_norm,31152,446.807
qk_norm,31168,449.245
qk_norm,31184,451.202
qk_norm,31200,447.516
qk_norm,31216,449.767
qk_norm,31232,447.426
qk_norm,31248,448.226
qk_norm,31264,448.471
qk_norm,31280,448.807
qk_norm,31296,448.733
qk_norm,31312,450.802
qk_norm,31328,449.474
qk_norm,31344,450.455
qk_norm,31360,451.847
qk_norm,31376,451.543
qk_norm,31392,452.247
qk_norm,31408,450.796
qk_norm,31424,452.866
qk_norm,31440,452.69
qk_norm,31456,451.255
qk_norm,31472,452.301
qk_norm,31488,453.794
qk_norm,31504,451.65
qk_norm,31520,453.698
qk_norm,31536,453.858
qk_norm,31552,452.338
qk_norm,31568,455.49
qk_norm,31584,451.89
qk_norm,31600,453.853
qk_norm,31616,454.141
qk_norm,31632,455.479
qk_norm,31648,456.653
qk_norm,31664,457.074
qk_norm,31680,457.954
qk_norm,31696,457.213
qk_norm,31712,458.653
qk_norm,31728,458.61
qk_norm,31744,458.338
qk_norm,31760,455.549
qk_norm,31776,457.944
qk_norm,31792,457.57
qk_norm,31808,457.944
qk_norm,31824,458.125
qk_norm,31840,457.778
qk_norm,31856,456.994
qk_norm,31872,456.989
qk_norm,31888,459.256
qk_norm,31904,459.437
qk_norm,31920,458.909
qk_norm,31936,457.101
qk_norm,31952,458.328
qk_norm,31968,458.797
qk_norm,31984,460.589
qk_norm,32000,461.741
qk_norm,32016,460.029
qk_norm,32032,461.133
qk_norm,32048,464.717
qk_norm,32064,464.866
qk_norm,32080,464.877
qk_norm,32096,462.28
qk_norm,32112,462.21
qk_norm,32128,462.717
qk_norm,32144,462.642
qk_norm,32160,463.171
qk_norm,32176,466.285
qk_norm,32192,463.256
qk_norm,32208,466.882
qk_norm,32224,464.274
qk_norm,32240,467.133
qk_norm,32256,464.642
qk_norm,32272,467.746
qk_norm,32288,464.611
qk_norm,32304,465.315
qk_norm,32320,465.954
qk_norm,32336,468.877
qk_norm,32352,466.168
qk_norm,32368,465.347
qk_norm,32384,466.648
qk_norm,32400,472.12
qk_norm,32416,469.16
qk_norm,32432,469.048
qk_norm,32448,469.357
qk_norm,32464,470.546
qk_norm,32480,467.816
qk_norm,32496,468.466
qk_norm,32512,467.629
qk_norm,32528,471.341
qk_norm,32544,472.488
qk_norm,32560,472.093
qk_norm,32576,469.416
qk_norm,32592,469.347
qk_norm,32608,470.141
qk_norm,32624,469.603
qk_norm,32640,476.376
qk_norm,32656,470.989
qk_norm,32672,469.997
qk_norm,32688,471.944
qk_norm,32704,473.539
qk_norm,32720,470.824
qk_norm,32736,471.213
qk_norm,32752,470.515
qk_norm,32768,474.243
qkv_proj,1,5.54667
qkv_proj,2,10.6777
qkv_proj,3,10.592
qkv_proj,4,10.6133
qkv_proj,5,10.635
qkv_proj,6,10.5817
qkv_proj,7,10.6027
qkv_proj,8,10.6347
qkv_proj,9,10.624
qkv_proj,10,10.6773
qkv_proj,11,10.6137
qkv_proj,12,10.7207
qkv_proj,13,10.7207
qkv_proj,14,10.72
qkv_proj,15,10.6453
qkv_proj,16,10.7523
qkv_proj,20,9.38667
qkv_proj,24,9.44
qkv_proj,28,9.44
qkv_proj,32,9.40833
qkv_proj,36,10.027
qkv_proj,40,10.0267
qkv_proj,44,10.0383
qkv_proj,48,10.1547
qkv_proj,52,10.0587
qkv_proj,56,10.1447
qkv_proj,60,11.2003
qkv_proj,64,11.2853
qkv_proj,80,14.0163
qkv_proj,96,14.1333
qkv_proj,112,14.1443
qkv_proj,128,15.8297
qkv_proj,144,16.5123
qkv_proj,160,23.7977
qkv_proj,176,23.7557
qkv_proj,192,23.7447
qkv_proj,208,17.803
qkv_proj,224,18.422
qkv_proj,240,18.5387
qkv_proj,256,24.0753
qkv_proj,272,23.9683
qkv_proj,288,23.947
qkv_proj,304,23.8827
qkv_proj,320,24.0437
qkv_proj,336,24.2353
qkv_proj,352,24.2027
qkv_proj,368,24.1287
qkv_proj,384,24.1493
qkv_proj,400,24.3843
qkv_proj,416,24.417
qkv_proj,432,24.4167
qkv_proj,448,24.3953
qkv_proj,464,24.694
qkv_proj,480,24.7253
qkv_proj,496,42.8273
qkv_proj,512,42.849
qkv_proj,528,45.8997
qkv_proj,544,38.359
qkv_proj,560,38.4757
qkv_proj,576,38.6567
qkv_proj,592,47.905
qkv_proj,608,41.0253
qkv_proj,624,40.8863
qkv_proj,640,43.5217
qkv_proj,656,43.8303
qkv_proj,672,43.8623
qkv_proj,688,43.8837
qkv_proj,704,43.9053
qkv_proj,720,44.0437
qkv_proj,736,55.7243
qkv_proj,752,56.119
qkv_proj,768,56.236
qkv_proj,784,48.8863
qkv_proj,800,49.025
qkv_proj,816,49.0037
qkv_proj,832,43.7023
qkv_proj,848,43.8943
qkv_proj,864,43.8617
qkv_proj,880,43.905
qkv_proj,896,43.895
qkv_proj,912,43.9157
qkv_proj,928,43.9473
qkv_proj,944,43.862
qkv_proj,960,43.9583
qkv_proj,976,43.8623
qkv_proj,992,43.9373
qkv_proj,1008,43.863
qkv_proj,1024,43.9267
qkv_proj,1040,44.0437
qkv_proj,1056,44.0547
qkv_proj,1072,44.065
qkv_proj,1088,44.0757
qkv_proj,1104,85.037
qkv_proj,1120,85.09
qkv_proj,1136,85.3033
qkv_proj,1152,85.4633
qkv_proj,1168,85.41
qkv_proj,1184,85.421
qkv_proj,1200,85.3673
qkv_proj,1216,72.8657
qkv_proj,1232,73.2607
qkv_proj,1248,74.0287
qkv_proj,1264,85.8903
qkv_proj,1280,86.0823
qkv_proj,1296,85.6127
qkv_proj,1312,85.4633
qkv_proj,1328,85.4207
qkv_proj,1344,85.4847
qkv_proj,1360,85.5597
qkv_proj,1376,85.4857
qkv_proj,1392,69.2283
qkv_proj,1408,69.399
qkv_proj,1424,72.2893
qkv_proj,1440,72.1617
qkv_proj,1456,72.311
qkv_proj,1472,83.458
qkv_proj,1488,83.4687
qkv_proj,1504,83.4793
qkv_proj,1520,83.4263
qkv_proj,1536,83.533
qkv_proj,1552,83.6287
qkv_proj,1568,83.6397
qkv_proj,1584,83.5327
qkv_proj,1600,83.5757
qkv_proj,1616,83.522
qkv_proj,1632,83.575
qkv_proj,1648,83.4903
qkv_proj,1664,83.522
qkv_proj,1680,83.554
qkv_proj,1696,83.522
qkv_proj,1712,83.533
qkv_proj,1728,83.5863
qkv_proj,1744,83.5117
qkv_proj,1760,83.5437
qkv_proj,1776,83.5217
qkv_proj,1792,83.6397
qkv_proj,1808,83.7143
qkv_proj,1824,83.7137
qkv_proj,1840,83.65
qkv_proj,1856,83.6287
qkv_proj,1872,83.65
qkv_proj,1888,83.6503
qkv_proj,1904,91.5757
qkv_proj,1920,91.8317
qkv_proj,1936,91.9913
qkv_proj,1952,92.0023
qkv_proj,1968,92.002
qkv_proj,1984,91.874
qkv_proj,2000,91.9167
qkv_proj,2016,91.9283
qkv_proj,2032,92.0877
qkv_proj,2048,92.1837
qkv_proj,2064,92.0557
qkv_proj,2080,92.2693
qkv_proj,2096,91.9913
qkv_proj,2112,92.2053
qkv_proj,2128,92.109
qkv_proj,2144,92.1727
qkv_proj,2160,92.013
qkv_proj,2176,92.237
qkv_proj,2192,127.705
qkv_proj,2208,127.769
qkv_proj,2224,127.992
qkv_proj,2240,128.078
qkv_proj,2256,127.982
qkv_proj,2272,128.046
qkv_proj,2288,128.174
qkv_proj,2304,128.387
qkv_proj,2320,128.163
qkv_proj,2336,128.43
qkv_proj,2352,128.43
qkv_proj,2368,128.451
qkv_proj,2384,128.441
qkv_proj,2400,128.281
qkv_proj,2416,128.312
qkv_proj,2432,128.483
qkv_proj,2448,128.195
qkv_proj,2464,128.622
qkv_proj,2480,128.484
qkv_proj,2496,128.654
qkv_proj,2512,128.44
qkv_proj,2528,128.675
qkv_proj,2544,128.729
qkv_proj,2560,128.632
qkv_proj,2576,128.611
qkv_proj,2592,114.35
qkv_proj,2608,114.51
qkv_proj,2624,114.242
qkv_proj,2640,128.782
qkv_proj,2656,128.718
qkv_proj,2672,128.803
qkv_proj,2688,129.219
qkv_proj,2704,128.568
qkv_proj,2720,128.856
qkv_proj,2736,129.059
qkv_proj,2752,129.113
qkv_proj,2768,128.974
qkv_proj,2784,129.07
qkv_proj,2800,128.899
qkv_proj,2816,129.07
qkv_proj,2832,136.899
qkv_proj,2848,136.835
qkv_proj,2864,137.049
qkv_proj,2880,173.284
qkv_proj,2896,173.722
qkv_proj,2912,160.879
qkv_proj,2928,160.772
qkv_proj,2944,160.857
qkv_proj,2960,160.943
qkv_proj,2976,160.889
qkv_proj,2992,160.996
qkv_proj,3008,160.793
qkv_proj,3024,160.932
qkv_proj,3040,160.825
qkv_proj,3056,160.783
qkv_proj,3072,160.847
qkv_proj,3088,160.761
qkv_proj,3104,160.942
qkv_proj,3120,160.772
qkv_proj,3136,160.836
qkv_proj,3152,127.694
qkv_proj,3168,127.62
qkv_proj,3184,127.864
qkv_proj,3200,127.737
qkv_proj,3216,163.588
qkv_proj,3232,160.932
qkv_proj,3248,160.889
qkv_proj,3264,160.921
qkv_proj,3280,167.695
qkv_proj,3296,167.673
qkv_proj,3312,167.716
qkv_proj,3328,167.748
qkv_proj,3344,167.823
qkv_proj,3360,167.77
qkv_proj,3376,167.844
qkv_proj,3392,167.887
qkv_proj,3408,168.046
qkv_proj,3424,168.025
qkv_proj,3440,167.898
qkv_proj,3456,167.823
qkv_proj,3472,167.919
qkv_proj,3488,167.951
qkv_proj,3504,167.94
qkv_proj,3520,168.153
qkv_proj,3536,165.359
qkv_proj,3552,165.38
qkv_proj,3568,167.599
qkv_proj,3584,167.46
qkv_proj,3600,172.943
qkv_proj,3616,172.74
qkv_proj,3632,172.89
qkv_proj,3648,173.049
qkv_proj,3664,173.12
qkv_proj,3680,173.242
qkv_proj,3696,173.273
qkv_proj,3712,173.22
qkv_proj,3728,173.412
qkv_proj,3744,173.444
qkv_proj,3760,173.583
qkv_proj,3776,173.53
qkv_proj,3792,173.722
qkv_proj,3808,173.721
qkv_proj,3824,173.775
qkv_proj,3840,173.839
qkv_proj,3856,173.892
qkv_proj,3872,161.177
qkv_proj,3888,161.135
qkv_proj,3904,160.974
qkv_proj,3920,161.039
qkv_proj,3936,161.167
qkv_proj,3952,160.996
qkv_proj,3968,161.156
qkv_proj,3984,161.092
qkv_proj,4000,161.156
qkv_proj,4016,161.071
qkv_proj,4032,161.092
qkv_proj,4048,161.102
qkv_proj,4064,161.124
qkv_proj,4080,161.199
qkv_proj,4096,161.145
qkv_proj,4112,161.21
qkv_proj,4128,161.029
qkv_proj,4144,161.114
qkv_proj,4160,161.113
qkv_proj,4176,160.996
qkv_proj,4192,161.102
qkv_proj,4208,160.975
qkv_proj,4224,161.125
qkv_proj,4240,161.252
qkv_proj,4256,161.284
qkv_proj,4272,161.262
qkv_proj,4288,161.198
qkv_proj,4304,161.231
qkv_proj,4320,161.284
qkv_proj,4336,161.209
qkv_proj,4352,161.103
qkv_proj,4368,209.488
qkv_proj,4384,204.218
qkv_proj,4400,204.464
qkv_proj,4416,204.293
qkv_proj,4432,204.645
qkv_proj,4448,204.538
qkv_proj,4464,204.709
qkv_proj,4480,204.719
qkv_proj,4496,204.794
qkv_proj,4512,204.432
qkv_proj,4528,204.453
qkv_proj,4544,204.688
qkv_proj,4560,204.891
qkv_proj,4576,204.901
qkv_proj,4592,205.104
qkv_proj,4608,205.274
qkv_proj,4624,205.04
qkv_proj,4640,204.837
qkv_proj,4656,205.146
qkv_proj,4672,205.104
qkv_proj,4688,204.89
qkv_proj,4704,205.104
qkv_proj,4720,205.274
qkv_proj,4736,205.295
qkv_proj,4752,205.061
qkv_proj,4768,205.573
qkv_proj,4784,205.221
qkv_proj,4800,205.21
qkv_proj,4816,205.274
qkv_proj,4832,205.37
qkv_proj,4848,205.487
qkv_proj,4864,205.477
qkv_proj,4880,205.327
qkv_proj,4896,205.626
qkv_proj,4912,205.445
qkv_proj,4928,205.509
qkv_proj,4944,205.37
qkv_proj,4960,205.488
qkv_proj,4976,205.658
qkv_proj,4992,205.744
qkv_proj,5008,217.381
qkv_proj,5024,217.157
qkv_proj,5040,217.488
qkv_proj,5056,217.733
qkv_proj,5072,217.264
qkv_proj,5088,216.912
qkv_proj,5104,217.339
qkv_proj,5120,217.253
qkv_proj,5136,217.84
qkv_proj,5152,217.85
qkv_proj,5168,217.85
qkv_proj,5184,217.894
qkv_proj,5200,217.957
qkv_proj,5216,218.043
qkv_proj,5232,217.979
qkv_proj,5248,217.968
qkv_proj,5264,218.278
qkv_proj,5280,218.15
qkv_proj,5296,218.011
qkv_proj,5312,324.392
qkv_proj,5328,324.147
qkv_proj,5344,324.126
qkv_proj,5360,324.125
qkv_proj,5376,324.104
qkv_proj,5392,324.093
qkv_proj,5408,324.424
qkv_proj,5424,324.264
qkv_proj,5440,324.317
qkv_proj,5456,324.413
qkv_proj,5472,324.307
qkv_proj,5488,324.179
qkv_proj,5504,324.349
qkv_proj,5520,324.381
qkv_proj,5536,324.317
qkv_proj,5552,324.189
qkv_proj,5568,324.274
qkv_proj,5584,324.19
qkv_proj,5600,324.317
qkv_proj,5616,324.222
qkv_proj,5632,324.434
qkv_proj,5648,324.328
qkv_proj,5664,324.221
qkv_proj,5680,324.328
qkv_proj,5696,324.552
qkv_proj,5712,324.232
qkv_proj,5728,324.328
qkv_proj,5744,324.477
qkv_proj,5760,324.296
qkv_proj,5776,324.243
qkv_proj,5792,324.477
qkv_proj,5808,324.275
qkv_proj,5824,324.359
qkv_proj,5840,324.275
qkv_proj,5856,324.307
qkv_proj,5872,324.552
qkv_proj,5888,323.954
qkv_proj,5904,324.381
qkv_proj,5920,324.243
qkv_proj,5936,324.158
qkv_proj,5952,324.594
qkv_proj,5968,324.595
qkv_proj,5984,324.285
qkv_proj,6000,324.21
qkv_proj,6016,324.36
qkv_proj,6032,324.339
qkv_proj,6048,324.392
qkv_proj,6064,324.285
qkv_proj,6080,324.2
qkv_proj,6096,324.637
qkv_proj,6112,324.424
qkv_proj,6128,324.349
qkv_proj,6144,324.435
qkv_proj,6160,324.509
qkv_proj,6176,324.253
qkv_proj,6192,324.563
qkv_proj,6208,324.467
qkv_proj,6224,324.477
qkv_proj,6240,324.392
qkv_proj,6256,324.371
qkv_proj,6272,324.403
qkv_proj,6288,324.403
qkv_proj,6304,324.508
qkv_proj,6320,324.861
qkv_proj,6336,324.328
qkv_proj,6352,324.35
qkv_proj,6368,324.434
qkv_proj,6384,324.531
qkv_proj,6400,324.317
qkv_proj,6416,324.797
qkv_proj,6432,324.765
qkv_proj,6448,324.765
qkv_proj,6464,324.391
qkv_proj,6480,324.541
qkv_proj,6496,324.733
qkv_proj,6512,324.445
qkv_proj,6528,324.594
qkv_proj,6544,324.499
qkv_proj,6560,324.488
qkv_proj,6576,324.776
qkv_proj,6592,324.541
qkv_proj,6608,324.456
qkv_proj,6624,324.542
qkv_proj,6640,324.541
qkv_proj,6656,324.669
qkv_proj,6672,324.893
qkv_proj,6688,324.808
qkv_proj,6704,324.616
qkv_proj,6720,325
qkv_proj,6736,324.904
qkv_proj,6752,324.755
qkv_proj,6768,324.755
qkv_proj,6784,324.733
qkv_proj,6800,324.968
qkv_proj,6816,324.787
qkv_proj,6832,324.744
qkv_proj,6848,324.979
qkv_proj,6864,324.947
qkv_proj,6880,324.797
qkv_proj,6896,324.947
qkv_proj,6912,324.946
qkv_proj,6928,324.84
qkv_proj,6944,325.117
qkv_proj,6960,325.149
qkv_proj,6976,325.128
qkv_proj,6992,324.883
qkv_proj,7008,325.043
qkv_proj,7024,324.871
qkv_proj,7040,325.138
qkv_proj,7056,325.032
qkv_proj,7072,324.979
qkv_proj,7088,325.181
qkv_proj,7104,325.384
qkv_proj,7120,325.181
qkv_proj,7136,325.555
qkv_proj,7152,324.936
qkv_proj,7168,324.851
qkv_proj,7184,325.213
qkv_proj,7200,324.904
qkv_proj,7216,325.053
qkv_proj,7232,325.235
qkv_proj,7248,325.352
qkv_proj,7264,325.011
qkv_proj,7280,325.042
qkv_proj,7296,325.021
qkv_proj,7312,325.074
qkv_proj,7328,325.416
qkv_proj,7344,325.299
qkv_proj,7360,325.021
qkv_proj,7376,325.042
qkv_proj,7392,325.235
qkv_proj,7408,324.936
qkv_proj,7424,325.458
qkv_proj,7440,325.128
qkv_proj,7456,325.33
qkv_proj,7472,325.298
qkv_proj,7488,325.085
qkv_proj,7504,325.362
qkv_proj,7520,325.619
qkv_proj,7536,325.181
qkv_proj,7552,325.309
qkv_proj,7568,325.085
qkv_proj,7584,325.288
qkv_proj,7600,325.341
qkv_proj,7616,325.181
qkv_proj,7632,325.576
qkv_proj,7648,325.299
qkv_proj,7664,325.512
qkv_proj,7680,325.437
qkv_proj,7696,325.192
qkv_proj,7712,325.778
qkv_proj,7728,325.331
qkv_proj,7744,325.149
qkv_proj,7760,325.063
qkv_proj,7776,325.192
qkv_proj,7792,325.469
qkv_proj,7808,325.288
qkv_proj,7824,325.266
qkv_proj,7840,325.341
qkv_proj,7856,325.448
qkv_proj,7872,325.363
qkv_proj,7888,325.256
qkv_proj,7904,325.448
qkv_proj,7920,325.544
qkv_proj,7936,325.181
qkv_proj,7952,325.405
qkv_proj,7968,325.672
qkv_proj,7984,325.395
qkv_proj,8000,325.373
qkv_proj,8016,325.309
qkv_proj,8032,325.235
qkv_proj,8048,325.608
qkv_proj,8064,325.202
qkv_proj,8080,325.384
qkv_proj,8096,325.192
qkv_proj,8112,325.288
qkv_proj,8128,325.533
qkv_proj,8144,325.491
qkv_proj,8160,325.437
qkv_proj,8176,325.202
qkv_proj,8192,325.278
qkv_proj,8208,325.437
qkv_proj,8224,325.405
qkv_proj,8240,325.491
qkv_proj,8256,325.554
qkv_proj,8272,325.48
qkv_proj,8288,325.736
qkv_proj,8304,325.661
qkv_proj,8320,325.533
qkv_proj,8336,325.629
qkv_proj,8352,325.427
qkv_proj,8368,325.597
qkv_proj,8384,325.565
qkv_proj,8400,325.437
qkv_proj,8416,326.109
qkv_proj,8432,325.939
qkv_proj,8448,325.586
qkv_proj,8464,325.533
qkv_proj,8480,326.248
qkv_proj,8496,325.821
qkv_proj,8512,325.714
qkv_proj,8528,325.693
qkv_proj,8544,325.811
qkv_proj,8560,325.597
qkv_proj,8576,325.651
qkv_proj,8592,325.586
qkv_proj,8608,325.629
qkv_proj,8624,326.066
qkv_proj,8640,326.12
qkv_proj,8656,326.045
qkv_proj,8672,325.96
qkv_proj,8688,325.747
qkv_proj,8704,325.875
qkv_proj,8720,483.809
qkv_proj,8736,484.257
qkv_proj,8752,484.012
qkv_proj,8768,483.841
qkv_proj,8784,484.012
qkv_proj,8800,483.82
qkv_proj,8816,483.883
qkv_proj,8832,484.193
qkv_proj,8848,483.884
qkv_proj,8864,483.937
qkv_proj,8880,483.991
qkv_proj,8896,484.449
qkv_proj,8912,483.937
qkv_proj,8928,484.235
qkv_proj,8944,483.98
qkv_proj,8960,484.225
qkv_proj,8976,484.225
qkv_proj,8992,484.278
qkv_proj,9008,484.086
qkv_proj,9024,484.513
qkv_proj,9040,484.236
qkv_proj,9056,484.62
qkv_proj,9072,484.236
qkv_proj,9088,484.331
qkv_proj,9104,484.289
qkv_proj,9120,484.502
qkv_proj,9136,484.257
qkv_proj,9152,484.171
qkv_proj,9168,484.363
qkv_proj,9184,484.279
qkv_proj,9200,484.491
qkv_proj,9216,484.214
qkv_proj,9232,484.631
qkv_proj,9248,484.257
qkv_proj,9264,484.492
qkv_proj,9280,484.492
qkv_proj,9296,484.47
qkv_proj,9312,484.364
qkv_proj,9328,484.599
qkv_proj,9344,484.598
qkv_proj,9360,484.78
qkv_proj,9376,484.331
qkv_proj,9392,484.791
qkv_proj,9408,484.492
qkv_proj,9424,484.78
qkv_proj,9440,484.503
qkv_proj,9456,484.427
qkv_proj,9472,484.513
qkv_proj,9488,484.726
qkv_proj,9504,484.566
qkv_proj,9520,484.631
qkv_proj,9536,484.502
qkv_proj,9552,484.609
qkv_proj,9568,484.631
qkv_proj,9584,484.556
qkv_proj,9600,484.321
qkv_proj,9616,484.534
qkv_proj,9632,484.524
qkv_proj,9648,484.567
qkv_proj,9664,485.078
qkv_proj,9680,484.919
qkv_proj,9696,484.651
qkv_proj,9712,484.459
qkv_proj,9728,484.609
qkv_proj,9744,484.63
qkv_proj,9760,484.535
qkv_proj,9776,484.876
qkv_proj,9792,484.502
qkv_proj,9808,484.961
qkv_proj,9824,484.524
qkv_proj,9840,484.812
qkv_proj,9856,484.556
qkv_proj,9872,484.577
qkv_proj,9888,484.556
qkv_proj,9904,484.855
qkv_proj,9920,484.993
qkv_proj,9936,484.577
qkv_proj,9952,484.556
qkv_proj,9968,484.769
qkv_proj,9984,484.811
qkv_proj,10000,484.705
qkv_proj,10016,484.545
qkv_proj,10032,484.641
qkv_proj,10048,484.673
qkv_proj,10064,484.716
qkv_proj,10080,484.993
qkv_proj,10096,484.758
qkv_proj,10112,484.982
qkv_proj,10128,484.94
qkv_proj,10144,484.641
qkv_proj,10160,484.929
qkv_proj,10176,484.695
qkv_proj,10192,484.737
qkv_proj,10208,484.801
qkv_proj,10224,484.812
qkv_proj,10240,484.801
qkv_proj,10256,485.238
qkv_proj,10272,484.694
qkv_proj,10288,484.886
qkv_proj,10304,485.036
qkv_proj,10320,485.217
qkv_proj,10336,484.94
qkv_proj,10352,484.844
qkv_proj,10368,484.843
qkv_proj,10384,485.334
qkv_proj,10400,485.216
qkv_proj,10416,485.196
qkv_proj,10432,484.993
qkv_proj,10448,485.089
qkv_proj,10464,485.11
qkv_proj,10480,485.089
qkv_proj,10496,484.865
qkv_proj,10512,485.217
qkv_proj,10528,485.142
qkv_proj,10544,484.908
qkv_proj,10560,485.036
qkv_proj,10576,484.972
qkv_proj,10592,485.143
qkv_proj,10608,485.1
qkv_proj,10624,485.014
qkv_proj,10640,485.227
qkv_proj,10656,484.972
qkv_proj,10672,484.929
qkv_proj,10688,484.983
qkv_proj,10704,485.441
qkv_proj,10720,485.099
qkv_proj,10736,485.324
qkv_proj,10752,485.11
qkv_proj,10768,485.526
qkv_proj,10784,485.089
qkv_proj,10800,485.452
qkv_proj,10816,485.271
qkv_proj,10832,485.515
qkv_proj,10848,485.174
qkv_proj,10864,484.993
qkv_proj,10880,485.153
qkv_proj,10896,485.11
qkv_proj,10912,484.961
qkv_proj,10928,485.111
qkv_proj,10944,485.398
qkv_proj,10960,485.184
qkv_proj,10976,484.897
qkv_proj,10992,485.046
qkv_proj,11008,485.452
qkv_proj,11024,485.206
qkv_proj,11040,485.057
qkv_proj,11056,485.132
qkv_proj,11072,484.833
qkv_proj,11088,484.982
qkv_proj,11104,484.94
qkv_proj,11120,485.206
qkv_proj,11136,485.099
qkv_proj,11152,485.206
qkv_proj,11168,485.27
qkv_proj,11184,485.174
qkv_proj,11200,485.281
qkv_proj,11216,485.302
qkv_proj,11232,485.28
qkv_proj,11248,485.313
qkv_proj,11264,485.185
qkv_proj,11280,485.366
qkv_proj,11296,485.377
qkv_proj,11312,485.43
qkv_proj,11328,485.729
qkv_proj,11344,485.441
qkv_proj,11360,485.196
qkv_proj,11376,485.334
qkv_proj,11392,485.686
qkv_proj,11408,485.43
qkv_proj,11424,485.654
qkv_proj,11440,485.42
qkv_proj,11456,485.622
qkv_proj,11472,485.58
qkv_proj,11488,485.473
qkv_proj,11504,485.356
qkv_proj,11520,485.43
qkv_proj,11536,485.345
qkv_proj,11552,485.43
qkv_proj,11568,486.07
qkv_proj,11584,485.324
qkv_proj,11600,485.494
qkv_proj,11616,485.932
qkv_proj,11632,485.516
qkv_proj,11648,485.59
qkv_proj,11664,485.782
qkv_proj,11680,485.473
qkv_proj,11696,486.081
qkv_proj,11712,485.782
qkv_proj,11728,486.006
qkv_proj,11744,485.334
qkv_proj,11760,485.527
qkv_proj,11776,485.452
qkv_proj,11792,485.591
qkv_proj,11808,485.633
qkv_proj,11824,485.697
qkv_proj,11840,485.697
qkv_proj,11856,485.58
qkv_proj,11872,486.454
qkv_proj,11888,485.762
qkv_proj,11904,485.473
qkv_proj,11920,485.687
qkv_proj,11936,485.611
qkv_proj,11952,485.899
qkv_proj,11968,485.953
qkv_proj,11984,485.932
qkv_proj,12000,485.74
qkv_proj,12016,485.74
qkv_proj,12032,485.826
qkv_proj,12048,485.761
qkv_proj,12064,485.772
qkv_proj,12080,485.953
qkv_proj,12096,485.953
qkv_proj,12112,486.348
qkv_proj,12128,485.739
qkv_proj,12144,486.198
qkv_proj,12160,485.633
qkv_proj,12176,486.006
qkv_proj,12192,485.75
qkv_proj,12208,486.028
qkv_proj,12224,485.931
qkv_proj,12240,485.697
qkv_proj,12256,485.751
qkv_proj,12272,485.814
qkv_proj,12288,485.932
qkv_proj,12304,486.07
qkv_proj,12320,485.921
qkv_proj,12336,486.017
qkv_proj,12352,485.878
qkv_proj,12368,486.241
qkv_proj,12384,485.964
qkv_proj,12400,486.305
qkv_proj,12416,485.879
qkv_proj,12432,485.824
qkv_proj,12448,486.081
qkv_proj,12464,485.783
qkv_proj,12480,486.241
qkv_proj,12496,486.156
qkv_proj,12512,486.327
qkv_proj,12528,485.931
qkv_proj,12544,485.985
qkv_proj,12560,486.284
qkv_proj,12576,485.91
qkv_proj,12592,486.081
qkv_proj,12608,486.347
qkv_proj,12624,485.964
qkv_proj,12640,486.123
qkv_proj,12656,486.028
qkv_proj,12672,485.932
qkv_proj,12688,485.984
qkv_proj,12704,486.316
qkv_proj,12720,486.016
qkv_proj,12736,486.198
qkv_proj,12752,486.486
qkv_proj,12768,486.091
qkv_proj,12784,486.134
qkv_proj,12800,486.348
qkv_proj,12816,486.134
qkv_proj,12832,486.699
qkv_proj,12848,486.113
qkv_proj,12864,486.156
qkv_proj,12880,485.985
qkv_proj,12896,486.208
qkv_proj,12912,486.22
qkv_proj,12928,485.996
qkv_proj,12944,486.337
qkv_proj,12960,486.635
qkv_proj,12976,486.262
qkv_proj,12992,486.284
qkv_proj,13008,486.166
qkv_proj,13024,486.369
qkv_proj,13040,486.507
qkv_proj,13056,486.294
qkv_proj,13072,549.56
qkv_proj,13088,549.602
qkv_proj,13104,549.698
qkv_proj,13120,549.528
qkv_proj,13136,549.666
qkv_proj,13152,549.837
qkv_proj,13168,549.965
qkv_proj,13184,550.029
qkv_proj,13200,549.954
qkv_proj,13216,550.157
qkv_proj,13232,549.901
qkv_proj,13248,549.837
qkv_proj,13264,549.88
qkv_proj,13280,550.168
qkv_proj,13296,549.869
qkv_proj,13312,550.072
qkv_proj,13328,550.178
qkv_proj,13344,550.242
qkv_proj,13360,550.189
qkv_proj,13376,550.349
qkv_proj,13392,550.072
qkv_proj,13408,550.222
qkv_proj,13424,550.019
qkv_proj,13440,550.583
qkv_proj,13456,550.221
qkv_proj,13472,550.424
qkv_proj,13488,550.231
qkv_proj,13504,550.243
qkv_proj,13520,550.136
qkv_proj,13536,550.125
qkv_proj,13552,550.146
qkv_proj,13568,550.147
qkv_proj,13584,550.626
qkv_proj,13600,550.275
qkv_proj,13616,550.541
qkv_proj,13632,550.221
qkv_proj,13648,550.264
qkv_proj,13664,550.52
qkv_proj,13680,550.509
qkv_proj,13696,550.317
qkv_proj,13712,550.317
qkv_proj,13728,550.584
qkv_proj,13744,550.274
qkv_proj,13760,550.53
qkv_proj,13776,550.221
qkv_proj,13792,550.349
qkv_proj,13808,550.487
qkv_proj,13824,550.306
qkv_proj,13840,550.477
qkv_proj,13856,550.637
qkv_proj,13872,550.435
qkv_proj,13888,550.584
qkv_proj,13904,550.733
qkv_proj,13920,550.274
qkv_proj,13936,550.606
qkv_proj,13952,550.808
qkv_proj,13968,550.274
qkv_proj,13984,550.498
qkv_proj,14000,550.402
qkv_proj,14016,550.583
qkv_proj,14032,550.84
qkv_proj,14048,550.69
qkv_proj,14064,550.402
qkv_proj,14080,550.829
qkv_proj,14096,551.064
qkv_proj,14112,550.541
qkv_proj,14128,550.594
qkv_proj,14144,550.829
qkv_proj,14160,550.36
qkv_proj,14176,550.733
qkv_proj,14192,550.776
qkv_proj,14208,550.605
qkv_proj,14224,550.679
qkv_proj,14240,550.626
qkv_proj,14256,550.979
qkv_proj,14272,551.128
qkv_proj,14288,550.616
qkv_proj,14304,551.128
qkv_proj,14320,550.615
qkv_proj,14336,550.925
qkv_proj,14352,550.904
qkv_proj,14368,550.668
qkv_proj,14384,550.722
qkv_proj,14400,550.938
qkv_proj,14416,550.701
qkv_proj,14432,550.989
qkv_proj,14448,550.595
qkv_proj,14464,551.095
qkv_proj,14480,550.594
qkv_proj,14496,550.914
qkv_proj,14512,550.903
qkv_proj,14528,551.128
qkv_proj,14544,550.946
qkv_proj,14560,550.829
qkv_proj,14576,550.851
qkv_proj,14592,550.957
qkv_proj,14608,551.054
qkv_proj,14624,550.989
qkv_proj,14640,551.234
qkv_proj,14656,551.107
qkv_proj,14672,550.765
qkv_proj,14688,550.819
qkv_proj,14704,550.84
qkv_proj,14720,550.894
qkv_proj,14736,551.074
qkv_proj,14752,551.075
qkv_proj,14768,550.978
qkv_proj,14784,551.224
qkv_proj,14800,551.074
qkv_proj,14816,551.128
qkv_proj,14832,551.139
qkv_proj,14848,551.33
qkv_proj,14864,551.245
qkv_proj,14880,551.234
qkv_proj,14896,550.882
qkv_proj,14912,551.448
qkv_proj,14928,551.16
qkv_proj,14944,551.49
qkv_proj,14960,551.341
qkv_proj,14976,551.554
qkv_proj,14992,551.256
qkv_proj,15008,551.469
qkv_proj,15024,551.501
qkv_proj,15040,551.501
qkv_proj,15056,551.362
qkv_proj,15072,551.437
qkv_proj,15088,551.704
qkv_proj,15104,551.416
qkv_proj,15120,551.683
qkv_proj,15136,551.725
qkv_proj,15152,551.586
qkv_proj,15168,551.821
qkv_proj,15184,551.384
qkv_proj,15200,551.65
qkv_proj,15216,551.522
qkv_proj,15232,551.906
qkv_proj,15248,627.204
qkv_proj,15264,627.812
qkv_proj,15280,627.418
qkv_proj,15296,627.364
qkv_proj,15312,628.036
qkv_proj,15328,627.268
qkv_proj,15344,627.172
qkv_proj,15360,627.492
qkv_proj,15376,627.514
qkv_proj,15392,627.546
qkv_proj,15408,627.876
qkv_proj,15424,627.898
qkv_proj,15440,627.961
qkv_proj,15456,628.004
qkv_proj,15472,628.185
qkv_proj,15488,627.535
qkv_proj,15504,627.77
qkv_proj,15520,627.961
qkv_proj,15536,627.972
qkv_proj,15552,627.684
qkv_proj,15568,627.845
qkv_proj,15584,628.154
qkv_proj,15600,627.439
qkv_proj,15616,628.004
qkv_proj,15632,628.143
qkv_proj,15648,627.844
qkv_proj,15664,627.812
qkv_proj,15680,628.111
qkv_proj,15696,627.834
qkv_proj,15712,628.111
qkv_proj,15728,627.845
qkv_proj,15744,627.887
qkv_proj,15760,627.812
qkv_proj,15776,628.004
qkv_proj,15792,628.025
qkv_proj,15808,627.791
qkv_proj,15824,627.855
qkv_proj,15840,628.101
qkv_proj,15856,627.876
qkv_proj,15872,628.271
qkv_proj,15888,628.218
qkv_proj,15904,628.164
qkv_proj,15920,628.516
qkv_proj,15936,627.898
qkv_proj,15952,628.121
qkv_proj,15968,627.898
qkv_proj,15984,627.929
qkv_proj,16000,627.844
qkv_proj,16016,628.025
qkv_proj,16032,627.951
qkv_proj,16048,628.399
qkv_proj,16064,627.876
qkv_proj,16080,628.004
qkv_proj,16096,628.196
qkv_proj,16112,628.676
qkv_proj,16128,628.026
qkv_proj,16144,628.548
qkv_proj,16160,627.78
qkv_proj,16176,627.972
qkv_proj,16192,628.271
qkv_proj,16208,628.634
qkv_proj,16224,628.047
qkv_proj,16240,628.537
qkv_proj,16256,628.324
qkv_proj,16272,628.249
qkv_proj,16288,628.377
qkv_proj,16304,628.164
qkv_proj,16320,628.27
qkv_proj,16336,628.154
qkv_proj,16352,628.505
qkv_proj,16368,628.452
qkv_proj,16384,628.079
qkv_proj,16400,628.484
qkv_proj,16416,628.484
qkv_proj,16432,628.794
qkv_proj,16448,628.74
qkv_proj,16464,628.505
qkv_proj,16480,628.708
qkv_proj,16496,628.474
qkv_proj,16512,628.611
qkv_proj,16528,628.548
qkv_proj,16544,628.634
qkv_proj,16560,628.388
qkv_proj,16576,628.644
qkv_proj,16592,628.58
qkv_proj,16608,628.377
qkv_proj,16624,628.548
qkv_proj,16640,628.612
qkv_proj,16656,628.751
qkv_proj,16672,628.58
qkv_proj,16688,628.559
qkv_proj,16704,628.964
qkv_proj,16720,628.868
qkv_proj,16736,628.815
qkv_proj,16752,629.007
qkv_proj,16768,628.644
qkv_proj,16784,628.772
qkv_proj,16800,628.9
qkv_proj,16816,629.252
qkv_proj,16832,628.623
qkv_proj,16848,628.825
qkv_proj,16864,628.911
qkv_proj,16880,628.591
qkv_proj,16896,628.975
qkv_proj,16912,628.634
qkv_proj,16928,628.9
qkv_proj,16944,628.922
qkv_proj,16960,629.007
qkv_proj,16976,628.9
qkv_proj,16992,628.963
qkv_proj,17008,628.729
qkv_proj,17024,628.857
qkv_proj,17040,629.081
qkv_proj,17056,629.061
qkv_proj,17072,629.093
qkv_proj,17088,629.135
qkv_proj,17104,629.028
qkv_proj,17120,628.89
qkv_proj,17136,628.869
qkv_proj,17152,629.306
qkv_proj,17168,628.857
qkv_proj,17184,629.092
qkv_proj,17200,629.157
qkv_proj,17216,629.028
qkv_proj,17232,629.294
qkv_proj,17248,629.21
qkv_proj,17264,629.156
qkv_proj,17280,629.231
qkv_proj,17296,629.327
qkv_proj,17312,629.274
qkv_proj,17328,629.007
qkv_proj,17344,629.22
qkv_proj,17360,629.273
qkv_proj,17376,629.657
qkv_proj,17392,629.124
qkv_proj,17408,629.22
qkv_proj,17424,704.892
qkv_proj,17440,705.158
qkv_proj,17456,704.72
qkv_proj,17472,705.18
qkv_proj,17488,705.371
qkv_proj,17504,705.361
qkv_proj,17520,705.244
qkv_proj,17536,705.478
qkv_proj,17552,705.286
qkv_proj,17568,705.222
qkv_proj,17584,705.436
qkv_proj,17600,705.04
qkv_proj,17616,705.179
qkv_proj,17632,705.745
qkv_proj,17648,705.265
qkv_proj,17664,705.723
qkv_proj,17680,705.361
qkv_proj,17696,705.468
qkv_proj,17712,705.371
qkv_proj,17728,705.446
qkv_proj,17744,705.532
qkv_proj,17760,705.457
qkv_proj,17776,705.371
qkv_proj,17792,705.488
qkv_proj,17808,705.436
qkv_proj,17824,705.435
qkv_proj,17840,705.329
qkv_proj,17856,705.648
qkv_proj,17872,705.66
qkv_proj,17888,705.766
qkv_proj,17904,705.478
qkv_proj,17920,705.424
qkv_proj,17936,705.456
qkv_proj,17952,705.584
qkv_proj,17968,705.617
qkv_proj,17984,705.563
qkv_proj,18000,705.307
qkv_proj,18016,705.83
qkv_proj,18032,705.66
qkv_proj,18048,705.744
qkv_proj,18064,705.745
qkv_proj,18080,705.638
qkv_proj,18096,705.403
qkv_proj,18112,705.969
qkv_proj,18128,706.246
qkv_proj,18144,705.979
qkv_proj,18160,705.659
qkv_proj,18176,705.851
qkv_proj,18192,705.723
qkv_proj,18208,705.67
qkv_proj,18224,706.086
qkv_proj,18240,706.14
qkv_proj,18256,705.777
qkv_proj,18272,706.288
qkv_proj,18288,705.905
qkv_proj,18304,706.224
qkv_proj,18320,705.777
qkv_proj,18336,706.021
qkv_proj,18352,705.969
qkv_proj,18368,706.118
qkv_proj,18384,705.713
qkv_proj,18400,706.097
qkv_proj,18416,705.702
qkv_proj,18432,705.99
qkv_proj,18448,705.894
qkv_proj,18464,706.363
qkv_proj,18480,706.235
qkv_proj,18496,706.065
qkv_proj,18512,706.107
qkv_proj,18528,706.033
qkv_proj,18544,706.203
qkv_proj,18560,706.652
qkv_proj,18576,706.278
qkv_proj,18592,706.107
qkv_proj,18608,706.097
qkv_proj,18624,706.278
qkv_proj,18640,706.118
qkv_proj,18656,706.171
qkv_proj,18672,706.192
qkv_proj,18688,706.16
qkv_proj,18704,706.566
qkv_proj,18720,706
qkv_proj,18736,706.31
qkv_proj,18752,706.363
qkv_proj,18768,706.438
qkv_proj,18784,706.459
qkv_proj,18800,706.331
qkv_proj,18816,706.417
qkv_proj,18832,706.449
qkv_proj,18848,706.267
qkv_proj,18864,706.321
qkv_proj,18880,706.278
qkv_proj,18896,706.619
qkv_proj,18912,706.267
qkv_proj,18928,706.556
qkv_proj,18944,706.214
qkv_proj,18960,706.566
qkv_proj,18976,706.609
qkv_proj,18992,706.363
qkv_proj,19008,706.801
qkv_proj,19024,706.449
qkv_proj,19040,706.268
qkv_proj,19056,706.268
qkv_proj,19072,706.235
qkv_proj,19088,706.661
qkv_proj,19104,706.576
qkv_proj,19120,706.492
qkv_proj,19136,706.502
qkv_proj,19152,706.352
qkv_proj,19168,706.544
qkv_proj,19184,706.524
qkv_proj,19200,706.725
qkv_proj,19216,706.715
qkv_proj,19232,706.651
qkv_proj,19248,706.833
qkv_proj,19264,706.523
qkv_proj,19280,706.726
qkv_proj,19296,707.003
qkv_proj,19312,706.598
qkv_proj,19328,706.577
qkv_proj,19344,706.779
qkv_proj,19360,706.907
qkv_proj,19376,706.801
qkv_proj,19392,706.854
qkv_proj,19408,706.929
qkv_proj,19424,706.96
qkv_proj,19440,706.886
qkv_proj,19456,706.918
qkv_proj,19472,707.046
qkv_proj,19488,707.121
qkv_proj,19504,707.057
qkv_proj,19520,706.8
qkv_proj,19536,707.132
qkv_proj,19552,706.982
qkv_proj,19568,706.982
qkv_proj,19584,707.248
qkv_proj,19600,782.707
qkv_proj,19616,782.301
qkv_proj,19632,782.451
qkv_proj,19648,782.418
qkv_proj,19664,782.45
qkv_proj,19680,782.898
qkv_proj,19696,782.642
qkv_proj,19712,782.642
qkv_proj,19728,782.855
qkv_proj,19744,783.261
qkv_proj,19760,782.867
qkv_proj,19776,782.856
qkv_proj,19792,782.823
qkv_proj,19808,782.994
qkv_proj,19824,783.048
qkv_proj,19840,783.005
qkv_proj,19856,783.111
qkv_proj,19872,783.08
qkv_proj,19888,782.835
qkv_proj,19904,783.347
qkv_proj,19920,783.176
qkv_proj,19936,783.07
qkv_proj,19952,782.93
qkv_proj,19968,783.368
qkv_proj,19984,783.165
qkv_proj,20000,783.134
qkv_proj,20016,783.155
qkv_proj,20032,783.101
qkv_proj,20048,783.09
qkv_proj,20064,783.303
qkv_proj,20080,783.026
qkv_proj,20096,782.973
qkv_proj,20112,783.122
qkv_proj,20128,782.973
qkv_proj,20144,783.314
qkv_proj,20160,783.293
qkv_proj,20176,783.411
qkv_proj,20192,783.507
qkv_proj,20208,783.229
qkv_proj,20224,783.08
qkv_proj,20240,783.154
qkv_proj,20256,783.175
qkv_proj,20272,783.347
qkv_proj,20288,783.367
qkv_proj,20304,783.421
qkv_proj,20320,783.229
qkv_proj,20336,783.421
qkv_proj,20352,783.143
qkv_proj,20368,783.443
qkv_proj,20384,783.474
qkv_proj,20400,783.474
qkv_proj,20416,783.975
qkv_proj,20432,783.549
qkv_proj,20448,783.463
qkv_proj,20464,783.379
qkv_proj,20480,783.528
qkv_proj,20496,783.464
qkv_proj,20512,783.432
qkv_proj,20528,783.592
qkv_proj,20544,783.624
qkv_proj,20560,783.57
qkv_proj,20576,783.506
qkv_proj,20592,783.251
qkv_proj,20608,783.272
qkv_proj,20624,783.795
qkv_proj,20640,784.082
qkv_proj,20656,783.581
qkv_proj,20672,783.784
qkv_proj,20688,783.837
qkv_proj,20704,783.539
qkv_proj,20720,783.399
qkv_proj,20736,783.847
qkv_proj,20752,783.698
qkv_proj,20768,783.965
qkv_proj,20784,783.624
qkv_proj,20800,783.837
qkv_proj,20816,783.816
qkv_proj,20832,783.645
qkv_proj,20848,783.795
qkv_proj,20864,783.976
qkv_proj,20880,783.901
qkv_proj,20896,784.05
qkv_proj,20912,792.147
qkv_proj,20928,792.414
qkv_proj,20944,792.136
qkv_proj,20960,791.719
qkv_proj,20976,792.317
qkv_proj,20992,792.552
qkv_proj,21008,792.712
qkv_proj,21024,792.808
qkv_proj,21040,792.734
qkv_proj,21056,792.712
qkv_proj,21072,792.968
qkv_proj,21088,792.765
qkv_proj,21104,792.872
qkv_proj,21120,792.829
qkv_proj,21136,792.978
qkv_proj,21152,793.341
qkv_proj,21168,793.32
qkv_proj,21184,793.181
qkv_proj,21200,793.33
qkv_proj,21216,793.139
qkv_proj,21232,793.319
qkv_proj,21248,793.416
qkv_proj,21264,793.341
qkv_proj,21280,793.501
qkv_proj,21296,793.821
qkv_proj,21312,793.502
qkv_proj,21328,793.629
qkv_proj,21344,793.299
qkv_proj,21360,794.077
qkv_proj,21376,794.088
qkv_proj,21392,794.078
qkv_proj,21408,794.248
qkv_proj,21424,793.917
qkv_proj,21440,793.917
qkv_proj,21456,793.885
qkv_proj,21472,794.28
qkv_proj,21488,794.024
qkv_proj,21504,793.982
qkv_proj,21520,794.568
qkv_proj,21536,794.664
qkv_proj,21552,794.899
qkv_proj,21568,794.718
qkv_proj,21584,794.418
qkv_proj,21600,794.696
qkv_proj,21616,795.069
qkv_proj,21632,794.995
qkv_proj,21648,795.539
qkv_proj,21664,795.166
qkv_proj,21680,795.07
qkv_proj,21696,795.773
qkv_proj,21712,795.208
qkv_proj,21728,795.4
qkv_proj,21744,795.123
qkv_proj,21760,795.133
qkv_proj,21776,831.091
qkv_proj,21792,830.761
qkv_proj,21808,830.984
qkv_proj,21824,831.55
qkv_proj,21840,830.995
qkv_proj,21856,831.304
qkv_proj,21872,830.729
qkv_proj,21888,830.815
qkv_proj,21904,831.316
qkv_proj,21920,831.209
qkv_proj,21936,831.731
qkv_proj,21952,831.145
qkv_proj,21968,831.401
qkv_proj,21984,831.283
qkv_proj,22000,831.263
qkv_proj,22016,831.123
qkv_proj,22032,831.497
qkv_proj,22048,831.209
qkv_proj,22064,831.571
qkv_proj,22080,831.732
qkv_proj,22096,831.443
qkv_proj,22112,831.796
qkv_proj,22128,831.657
qkv_proj,22144,831.955
qkv_proj,22160,832.158
qkv_proj,22176,832.329
qkv_proj,22192,831.753
qkv_proj,22208,831.999
qkv_proj,22224,832.403
qkv_proj,22240,832.329
qkv_proj,22256,832.243
qkv_proj,22272,832.66
qkv_proj,22288,832.371
qkv_proj,22304,832.713
qkv_proj,22320,832.66
qkv_proj,22336,832.659
qkv_proj,22352,832.755
qkv_proj,22368,832.51
qkv_proj,22384,832.66
qkv_proj,22400,833.064
qkv_proj,22416,833.033
qkv_proj,22432,833.587
qkv_proj,22448,833.246
qkv_proj,22464,833.203
qkv_proj,22480,833.001
qkv_proj,22496,833
qkv_proj,22512,833.385
qkv_proj,22528,833.107
qkv_proj,22544,833.364
qkv_proj,22560,833.395
qkv_proj,22576,833.534
qkv_proj,22592,833.801
qkv_proj,22608,833.673
qkv_proj,22624,833.833
qkv_proj,22640,834.111
qkv_proj,22656,833.833
qkv_proj,22672,834.387
qkv_proj,22688,834.174
qkv_proj,22704,834.302
qkv_proj,22720,834.441
qkv_proj,22736,834.206
qkv_proj,22752,834.27
qkv_proj,22768,834.281
qkv_proj,22784,834.708
qkv_proj,22800,869.407
qkv_proj,22816,869.503
qkv_proj,22832,869.621
qkv_proj,22848,869.407
qkv_proj,22864,869.834
qkv_proj,22880,869.77
qkv_proj,22896,869.951
qkv_proj,22912,869.972
qkv_proj,22928,870.143
qkv_proj,22944,870.25
qkv_proj,22960,869.866
qkv_proj,22976,869.93
qkv_proj,22992,870.432
qkv_proj,23008,870.464
qkv_proj,23024,870.175
qkv_proj,23040,870.164
qkv_proj,23056,870.484
qkv_proj,23072,870.666
qkv_proj,23088,870.772
qkv_proj,23104,870.324
qkv_proj,23120,870.506
qkv_proj,23136,870.666
qkv_proj,23152,870.452
qkv_proj,23168,870.88
qkv_proj,23184,871.199
qkv_proj,23200,871.326
qkv_proj,23216,871.391
qkv_proj,23232,870.879
qkv_proj,23248,871.38
qkv_proj,23264,871.733
qkv_proj,23280,871.519
qkv_proj,23296,871.231
qkv_proj,23312,871.957
qkv_proj,23328,871.935
qkv_proj,23344,871.722
qkv_proj,23360,871.998
qkv_proj,23376,871.829
qkv_proj,23392,871.903
qkv_proj,23408,872.245
qkv_proj,23424,871.882
qkv_proj,23440,872.244
qkv_proj,23456,872.458
qkv_proj,23472,872.298
qkv_proj,23488,872.543
qkv_proj,23504,872.073
qkv_proj,23520,872.245
qkv_proj,23536,872.522
qkv_proj,23552,872.297
qkv_proj,23568,872.522
qkv_proj,23584,873.151
qkv_proj,23600,872.65
qkv_proj,23616,872.852
qkv_proj,23632,872.468
qkv_proj,23648,872.724
qkv_proj,23664,872.618
qkv_proj,23680,872.554
qkv_proj,23696,873.47
qkv_proj,23712,872.949
qkv_proj,23728,872.98
qkv_proj,23744,873.076
qkv_proj,23760,873.493
qkv_proj,23776,873.556
qkv_proj,23792,873.578
qkv_proj,23808,873.343
qkv_proj,23824,873.61
qkv_proj,23840,873.663
qkv_proj,23856,873.951
qkv_proj,23872,873.481
qkv_proj,23888,873.77
qkv_proj,23904,874.111
qkv_proj,23920,873.824
qkv_proj,23936,874.068
qkv_proj,23952,909.291
qkv_proj,23968,909.099
qkv_proj,23984,909.194
qkv_proj,24000,909.003
qkv_proj,24016,909.238
qkv_proj,24032,909.419
qkv_proj,24048,909.173
qkv_proj,24064,909.151
qkv_proj,24080,909.525
qkv_proj,24096,909.344
qkv_proj,24112,909.738
qkv_proj,24128,909.589
qkv_proj,24144,909.781
qkv_proj,24160,909.6
qkv_proj,24176,909.461
qkv_proj,24192,909.749
qkv_proj,24208,910.069
qkv_proj,24224,909.707
qkv_proj,24240,910.154
qkv_proj,24256,910.155
qkv_proj,24272,909.941
qkv_proj,24288,910.528
qkv_proj,24304,910.251
qkv_proj,24320,910.272
qkv_proj,24336,910.592
qkv_proj,24352,910.25
qkv_proj,24368,911.018
qkv_proj,24384,910.687
qkv_proj,24400,910.645
qkv_proj,24416,910.805
qkv_proj,24432,910.56
qkv_proj,24448,910.678
qkv_proj,24464,911.104
qkv_proj,24480,910.795
qkv_proj,24496,910.933
qkv_proj,24512,911.04
qkv_proj,24528,911.168
qkv_proj,24544,910.773
qkv_proj,24560,910.88
qkv_proj,24576,911.243
qkv_proj,24592,911.296
qkv_proj,24608,911.264
qkv_proj,24624,911.264
qkv_proj,24640,911.318
qkv_proj,24656,911.563
qkv_proj,24672,911.818
qkv_proj,24688,911.52
qkv_proj,24704,911.349
qkv_proj,24720,912.107
qkv_proj,24736,911.958
qkv_proj,24752,912.299
qkv_proj,24768,911.786
qkv_proj,24784,911.626
qkv_proj,24800,912.064
qkv_proj,24816,911.85
qkv_proj,24832,912.16
qkv_proj,24848,912.49
qkv_proj,24864,912.907
qkv_proj,24880,912.576
qkv_proj,24896,912.737
qkv_proj,24912,912.149
qkv_proj,24928,912.63
qkv_proj,24944,912.437
qkv_proj,24960,912.629
qkv_proj,24976,947.649
qkv_proj,24992,947.777
qkv_proj,25008,948.086
qkv_proj,25024,948.268
qkv_proj,25040,948.065
qkv_proj,25056,947.916
qkv_proj,25072,947.99
qkv_proj,25088,948.065
qkv_proj,25104,948.321
qkv_proj,25120,908.309
qkv_proj,25136,908.394
qkv_proj,25152,908
qkv_proj,25168,908.394
qkv_proj,25184,908.458
qkv_proj,25200,949.697
qkv_proj,25216,948.311
qkv_proj,25232,948.833
qkv_proj,25248,948.812
qkv_proj,25264,949.024
qkv_proj,25280,948.939
qkv_proj,25296,948.95
qkv_proj,25312,948.939
qkv_proj,25328,948.897
qkv_proj,25344,948.726
qkv_proj,25360,949.505
qkv_proj,25376,949.281
qkv_proj,25392,949.483
qkv_proj,25408,949.196
qkv_proj,25424,949.846
qkv_proj,25440,949.568
qkv_proj,25456,949.366
qkv_proj,25472,949.739
qkv_proj,25488,949.6
qkv_proj,25504,950.39
qkv_proj,25520,950.39
qkv_proj,25536,950.603
qkv_proj,25552,950.048
qkv_proj,25568,950.593
qkv_proj,25584,949.899
qkv_proj,25600,950.208
qkv_proj,25616,950.454
qkv_proj,25632,950.507
qkv_proj,25648,950.87
qkv_proj,25664,950.369
qkv_proj,25680,950.326
qkv_proj,25696,950.454
qkv_proj,25712,950.22
qkv_proj,25728,950.529
qkv_proj,25744,950.795
qkv_proj,25760,950.945
qkv_proj,25776,950.913
qkv_proj,25792,950.903
qkv_proj,25808,950.721
qkv_proj,25824,950.998
qkv_proj,25840,950.87
qkv_proj,25856,950.955
qkv_proj,25872,951.094
qkv_proj,25888,950.955
qkv_proj,25904,951.265
qkv_proj,25920,951.18
qkv_proj,25936,951.371
qkv_proj,25952,951.403
qkv_proj,25968,951.137
qkv_proj,25984,951.499
qkv_proj,26000,951.777
qkv_proj,26016,951.947
qkv_proj,26032,952.204
qkv_proj,26048,951.756
qkv_proj,26064,952.363
qkv_proj,26080,951.958
qkv_proj,26096,952.225
qkv_proj,26112,952.321
qkv_proj,26128,987.372
qkv_proj,26144,987.202
qkv_proj,26160,987.405
qkv_proj,26176,987.34
qkv_proj,26192,987.266
qkv_proj,26208,987.447
qkv_proj,26224,987.234
qkv_proj,26240,987.393
qkv_proj,26256,987.703
qkv_proj,26272,987.895
qkv_proj,26288,987.863
qkv_proj,26304,987.682
qkv_proj,26320,987.777
qkv_proj,26336,987.853
qkv_proj,26352,987.692
qkv_proj,26368,987.874
qkv_proj,26384,988.162
qkv_proj,26400,988.044
qkv_proj,26416,988.417
qkv_proj,26432,988.343
qkv_proj,26448,988.226
qkv_proj,26464,988.215
qkv_proj,26480,988.46
qkv_proj,26496,988.237
qkv_proj,26512,988.823
qkv_proj,26528,988.823
qkv_proj,26544,988.568
qkv_proj,26560,988.887
qkv_proj,26576,988.588
qkv_proj,26592,989.068
qkv_proj,26608,989.111
qkv_proj,26624,989.1
qkv_proj,26640,989.431
qkv_proj,26656,972.332
qkv_proj,26672,972.556
qkv_proj,26688,972.492
qkv_proj,26704,972.908
qkv_proj,26720,972.855
qkv_proj,26736,989.527
qkv_proj,26752,989.378
qkv_proj,26768,989.847
qkv_proj,26784,989.89
qkv_proj,26800,989.869
qkv_proj,26816,989.634
qkv_proj,26832,989.548
qkv_proj,26848,989.73
qkv_proj,26864,989.495
qkv_proj,26880,989.623
qkv_proj,26896,990.189
qkv_proj,26912,990.295
qkv_proj,26928,990.135
qkv_proj,26944,990.348
qkv_proj,26960,990.605
qkv_proj,26976,990.519
qkv_proj,26992,990.188
qkv_proj,27008,990.594
qkv_proj,27024,990.807
qkv_proj,27040,990.871
qkv_proj,27056,990.872
qkv_proj,27072,990.551
qkv_proj,27088,990.956
qkv_proj,27104,991.351
qkv_proj,27120,990.892
qkv_proj,27136,990.732
qkv_proj,27152,1025.54
qkv_proj,27168,1025.84
qkv_proj,27184,1026.19
qkv_proj,27200,1026.41
qkv_proj,27216,1026.03
qkv_proj,27232,1026.35
qkv_proj,27248,1026.12
qkv_proj,27264,1026.23
qkv_proj,27280,1026.47
qkv_proj,27296,1026.17
qkv_proj,27312,1026.49
qkv_proj,27328,1026.77
qkv_proj,27344,1026.64
qkv_proj,27360,1026.32
qkv_proj,27376,1026.81
qkv_proj,27392,1026.54
qkv_proj,27408,1026.75
qkv_proj,27424,1026.96
qkv_proj,27440,1026.78
qkv_proj,27456,1026.52
qkv_proj,27472,1027.23
qkv_proj,27488,1027.1
qkv_proj,27504,1026.63
qkv_proj,27520,1027.15
qkv_proj,27536,1027.58
qkv_proj,27552,1027.51
qkv_proj,27568,1027.59
qkv_proj,27584,1027.52
qkv_proj,27600,1027.68
qkv_proj,27616,1027.6
qkv_proj,27632,1027.85
qkv_proj,27648,1027.69
qkv_proj,27664,1028.23
qkv_proj,27680,953.558
qkv_proj,27696,953.323
qkv_proj,27712,953.334
qkv_proj,27728,953.377
qkv_proj,27744,953.611
qkv_proj,27760,1028.37
qkv_proj,27776,1028.45
qkv_proj,27792,1028.64
qkv_proj,27808,1028.72
qkv_proj,27824,1029.02
qkv_proj,27840,1028.92
qkv_proj,27856,1028.43
qkv_proj,27872,1028.79
qkv_proj,27888,1028.65
qkv_proj,27904,1028.55
qkv_proj,27920,1029.32
qkv_proj,27936,1028.96
qkv_proj,27952,1029.19
qkv_proj,27968,1028.86
qkv_proj,27984,1029.02
qkv_proj,28000,1028.82
qkv_proj,28016,1028.95
qkv_proj,28032,1029.2
qkv_proj,28048,1029.39
qkv_proj,28064,1029.43
qkv_proj,28080,1029.44
qkv_proj,28096,1029.46
qkv_proj,28112,1029.51
qkv_proj,28128,1029.82
qkv_proj,28144,1029.65
qkv_proj,28160,1029.38
qkv_proj,28176,1030.31
qkv_proj,28192,1030.42
qkv_proj,28208,1030.4
qkv_proj,28224,1030.24
qkv_proj,28240,1030.37
qkv_proj,28256,1030.24
qkv_proj,28272,1030.1
qkv_proj,28288,1030.43
qkv_proj,28304,1065.58
qkv_proj,28320,1065.69
qkv_proj,28336,1066.09
qkv_proj,28352,1065.56
qkv_proj,28368,1065.66
qkv_proj,28384,1065.91
qkv_proj,28400,1065.44
qkv_proj,28416,1065.62
qkv_proj,28432,1065.88
qkv_proj,28448,1066.08
qkv_proj,28464,1065.71
qkv_proj,28480,1066.36
qkv_proj,28496,1066.37
qkv_proj,28512,1066.23
qkv_proj,28528,1066.12
qkv_proj,28544,1065.92
qkv_proj,28560,1065.99
qkv_proj,28576,1066.69
qkv_proj,28592,1066.52
qkv_proj,28608,1066.24
qkv_proj,28624,1066.21
qkv_proj,28640,1066.45
qkv_proj,28656,1066.62
qkv_proj,28672,1066.08
qkv_proj,28688,1066.73
qkv_proj,28704,928.341
qkv_proj,28720,928.789
qkv_proj,28736,928.449
qkv_proj,28752,928.395
qkv_proj,28768,1066.9
qkv_proj,28784,1067.2
qkv_proj,28800,1067.48
qkv_proj,28816,1067.69
qkv_proj,28832,1067.39
qkv_proj,28848,1067.46
qkv_proj,28864,1067.46
qkv_proj,28880,1067.59
qkv_proj,28896,1067.36
qkv_proj,28912,1067.51
qkv_proj,28928,1067.57
qkv_proj,28944,1067.68
qkv_proj,28960,1067.82
qkv_proj,28976,1068.14
qkv_proj,28992,1068.02
qkv_proj,29008,1067.88
qkv_proj,29024,1067.79
qkv_proj,29040,1068.26
qkv_proj,29056,1067.9
qkv_proj,29072,1068.4
qkv_proj,29088,1067.99
qkv_proj,29104,1068.18
qkv_proj,29120,1068.02
qkv_proj,29136,1068.56
qkv_proj,29152,1068.34
qkv_proj,29168,1068.28
qkv_proj,29184,1068.12
qkv_proj,29200,1068.96
qkv_proj,29216,1069.5
qkv_proj,29232,1068.71
qkv_proj,29248,1068.73
qkv_proj,29264,1068.76
qkv_proj,29280,1068.65
qkv_proj,29296,1069.03
qkv_proj,29312,1069.05
qkv_proj,29328,1104.25
qkv_proj,29344,1104.04
qkv_proj,29360,1104.43
qkv_proj,29376,1104.08
qkv_proj,29392,1104.03
qkv_proj,29408,1104.77
qkv_proj,29424,1104.48
qkv_proj,29440,1104.51
qkv_proj,29456,1105.22
qkv_proj,29472,1104.81
qkv_proj,29488,1104.75
qkv_proj,29504,1104.77
qkv_proj,29520,1104.91
qkv_proj,29536,1104.7
qkv_proj,29552,1104.81
qkv_proj,29568,1104.72
qkv_proj,29584,1105.04
qkv_proj,29600,1105.02
qkv_proj,29616,1105.46
qkv_proj,29632,1105.28
qkv_proj,29648,1105.35
qkv_proj,29664,1105.38
qkv_proj,29680,1105.82
qkv_proj,29696,1105.28
qkv_proj,29712,1105.49
qkv_proj,29728,1105.98
qkv_proj,29744,1105.55
qkv_proj,29760,1105.68
qkv_proj,29776,1105.9
qkv_proj,29792,1106.16
qkv_proj,29808,1106.31
qkv_proj,29824,1105.72
qkv_proj,29840,1106.81
qkv_proj,29856,1106.48
qkv_proj,29872,1106.57
qkv_proj,29888,1106.26
qkv_proj,29904,1106.96
qkv_proj,29920,1106.65
qkv_proj,29936,1106.74
qkv_proj,29952,1106.37
qkv_proj,29968,1106.95
qkv_proj,29984,1107.1
qkv_proj,30000,1107.44
qkv_proj,30016,1106.63
qkv_proj,30032,1107
qkv_proj,30048,1106.96
qkv_proj,30064,1107.04
qkv_proj,30080,1106.77
qkv_proj,30096,1107.17
qkv_proj,30112,1107.39
qkv_proj,30128,1107.19
qkv_proj,30144,1107.03
qkv_proj,30160,1107.12
qkv_proj,30176,1107.33
qkv_proj,30192,1107.44
qkv_proj,30208,1107.18
qkv_proj,30224,1108.02
qkv_proj,30240,1107.55
qkv_proj,30256,1098.23
qkv_proj,30272,1098.21
qkv_proj,30288,1098.36
qkv_proj,30304,1098.87
qkv_proj,30320,1098.21
qkv_proj,30336,1108.26
qkv_proj,30352,1099.17
qkv_proj,30368,1099.24
qkv_proj,30384,1099.11
qkv_proj,30400,1089.7
qkv_proj,30416,1089.95
qkv_proj,30432,1090.17
qkv_proj,30448,1090.07
qkv_proj,30464,1089.86
qkv_proj,30480,1144.02
qkv_proj,30496,1113.54
qkv_proj,30512,1104.96
qkv_proj,30528,1105.22
qkv_proj,30544,1105.1
qkv_proj,30560,1105.27
qkv_proj,30576,1105.15
qkv_proj,30592,1144.12
qkv_proj,30608,1105.38
qkv_proj,30624,1105.45
qkv_proj,30640,1105.71
qkv_proj,30656,1105.44
qkv_proj,30672,1105.73
qkv_proj,30688,1105.47
qkv_proj,30704,1105.86
qkv_proj,30720,1105.67
qkv_proj,30736,1097.28
qkv_proj,30752,995.937
qkv_proj,30768,995.874
qkv_proj,30784,996.002
qkv_proj,30800,996.087
qkv_proj,30816,1145.05
qkv_proj,30832,1144.31
qkv_proj,30848,1097.28
qkv_proj,30864,1097.11
qkv_proj,30880,1096.9
qkv_proj,30896,1097.66
qkv_proj,30912,1087.72
qkv_proj,30928,1087.34
qkv_proj,30944,1088.15
qkv_proj,30960,1087.58
qkv_proj,30976,1087.96
qkv_proj,30992,1126.28
qkv_proj,31008,1145.28
qkv_proj,31024,1145.61
qkv_proj,31040,1088.38
qkv_proj,31056,1079.78
qkv_proj,31072,1207.29
qkv_proj,31088,1208.59
qkv_proj,31104,1206.69
qkv_proj,31120,1197.85
qkv_proj,31136,1197.97
qkv_proj,31152,1197.74
qkv_proj,31168,1198.76
qkv_proj,31184,1281.42
qkv_proj,31200,1208.51
qkv_proj,31216,1208.01
qkv_proj,31232,1198.94
qkv_proj,31248,1198.42
qkv_proj,31264,1198.72
qkv_proj,31280,1190.14
qkv_proj,31296,1189.9
qkv_proj,31312,1189.53
qkv_proj,31328,1189.77
qkv_proj,31344,1187.46
qkv_proj,31360,1281.93
qkv_proj,31376,1199.36
qkv_proj,31392,1179.54
qkv_proj,31408,1179.14
qkv_proj,31424,1180.22
qkv_proj,31440,1180.48
qkv_proj,31456,1180.88
qkv_proj,31472,1281.84
qkv_proj,31488,1189.69
qkv_proj,31504,1189.81
qkv_proj,31520,1189.96
qkv_proj,31536,1180.73
qkv_proj,31552,1180.8
qkv_proj,31568,1181.17
qkv_proj,31584,1181.13
qkv_proj,31600,1171.73
qkv_proj,31616,1171.78
qkv_proj,31632,1170.94
qkv_proj,31648,1172.01
qkv_proj,31664,1282.77
qkv_proj,31680,1180.86
qkv_proj,31696,1181.98
qkv_proj,31712,1163.63
qkv_proj,31728,1162.33
qkv_proj,31744,1163.3
qkv_proj,31760,1162.56
qkv_proj,31776,1119.74
qkv_proj,31792,1119.97
qkv_proj,31808,1119.92
qkv_proj,31824,1119.28
qkv_proj,31840,1119.71
qkv_proj,31856,1250.62
qkv_proj,31872,1172.31
qkv_proj,31888,1171.98
qkv_proj,31904,1173.01
qkv_proj,31920,1154.14
qkv_proj,31936,1144.89
qkv_proj,31952,1145.53
qkv_proj,31968,1145.87
qkv_proj,31984,1145.89
qkv_proj,32000,1145.86
qkv_proj,32016,1252.57
qkv_proj,32032,1155.18
qkv_proj,32048,1146.74
qkv_proj,32064,1144.84
qkv_proj,32080,1146.12
qkv_proj,32096,1145.99
qkv_proj,32112,1251.48
qkv_proj,32128,1210.75
qkv_proj,32144,1155.02
qkv_proj,32160,1154.99
qkv_proj,32176,1137.04
qkv_proj,32192,1137.29
qkv_proj,32208,1136.82
qkv_proj,32224,1137.26
qkv_proj,32240,1137.23
qkv_proj,32256,1210.62
qkv_proj,32272,1145.99
qkv_proj,32288,1136.57
qkv_proj,32304,1137.69
qkv_proj,32320,1137.22
qkv_proj,32336,1137.88
qkv_proj,32352,1137.31
qkv_proj,32368,1137.44
qkv_proj,32384,1129.02
qkv_proj,32400,1128.46
qkv_proj,32416,1128.59
qkv_proj,32432,1128.99
qkv_proj,32448,1128.83
qkv_proj,32464,1128.5
qkv_proj,32480,1128.2
qkv_proj,32496,1128.68
qkv_proj,32512,1129.15
qkv_proj,32528,1129.84
qkv_proj,32544,1129.3
qkv_proj,32560,1128.88
qkv_proj,32576,1129.19
qkv_proj,32592,1129.17
qkv_proj,32608,1129.31
qkv_proj,32624,1128.59
qkv_proj,32640,1128.92
qkv_proj,32656,1128.85
qkv_proj,32672,1128.82
qkv_proj,32688,1129.4
qkv_proj,32704,1129.44
qkv_proj,32720,1129.25
qkv_proj,32736,1129.26
qkv_proj,32752,1129.54
qkv_proj,32768,1128.94
rotary_emb,1,1.97333
rotary_emb,2,2.00533
rotary_emb,3,2.04833
rotary_emb,4,2.09067
rotary_emb,5,2.06933
rotary_emb,6,2.05867
rotary_emb,7,2.06933
rotary_emb,8,2.05867
rotary_emb,9,2.08
rotary_emb,10,2.06933
rotary_emb,11,2.048
rotary_emb,12,2.08
rotary_emb,13,2.03733
rotary_emb,14,2.048
rotary_emb,15,2.059
rotary_emb,16,2.03733
rotary_emb,20,2.06933
rotary_emb,24,2.06933
rotary_emb,28,2.05867
rotary_emb,32,2.05867
rotary_emb,36,2.09067
rotary_emb,40,2.091
rotary_emb,44,2.08033
rotary_emb,48,2.09067
rotary_emb,52,2.123
rotary_emb,56,2.144
rotary_emb,60,2.112
rotary_emb,64,2.13333
rotary_emb,80,2.19733
rotary_emb,96,2.283
rotary_emb,112,2.31467
rotary_emb,128,2.208
rotary_emb,144,2.272
rotary_emb,160,2.25067
rotary_emb,176,2.32533
rotary_emb,192,2.36833
rotary_emb,208,2.54933
rotary_emb,224,2.592
rotary_emb,240,2.57067
rotary_emb,256,2.475
rotary_emb,272,2.624
rotary_emb,288,2.67733
rotary_emb,304,2.752
rotary_emb,320,2.73067
rotary_emb,336,2.752
rotary_emb,352,2.848
rotary_emb,368,2.85867
rotary_emb,384,2.82667
rotary_emb,400,2.816
rotary_emb,416,2.83733
rotary_emb,432,2.83733
rotary_emb,448,2.93333
rotary_emb,464,2.88
rotary_emb,480,2.90133
rotary_emb,496,2.89067
rotary_emb,512,2.912
rotary_emb,528,2.94433
rotary_emb,544,2.95467
rotary_emb,560,3.008
rotary_emb,576,3.01867
rotary_emb,592,3.02967
rotary_emb,608,3.06133
rotary_emb,624,3.08267
rotary_emb,640,3.12533
rotary_emb,656,3.136
rotary_emb,672,3.17867
rotary_emb,688,3.15733
rotary_emb,704,3.2
rotary_emb,720,3.168
rotary_emb,736,3.136
rotary_emb,752,3.168
rotary_emb,768,3.21067
rotary_emb,784,3.211
rotary_emb,800,3.24267
rotary_emb,816,3.275
rotary_emb,832,3.86133
rotary_emb,848,3.95767
rotary_emb,864,3.936
rotary_emb,880,3.979
rotary_emb,896,4
rotary_emb,912,4.04267
rotary_emb,928,4.107
rotary_emb,944,4.11733
rotary_emb,960,4.128
rotary_emb,976,4.13867
rotary_emb,992,4.16033
rotary_emb,1008,4.16
rotary_emb,1024,4.14933
rotary_emb,1040,4.22433
rotary_emb,1056,4.21333
rotary_emb,1072,4.27767
rotary_emb,1088,4.25633
rotary_emb,1104,4.23467
rotary_emb,1120,4.29867
rotary_emb,1136,4.26667
rotary_emb,1152,4.32
rotary_emb,1168,4.342
rotary_emb,1184,4.352
rotary_emb,1200,4.37333
rotary_emb,1216,4.46967
rotary_emb,1232,4.50133
rotary_emb,1248,4.49133
rotary_emb,1264,4.459
rotary_emb,1280,4.512
rotary_emb,1296,4.53333
rotary_emb,1312,4.49067
rotary_emb,1328,4.48
rotary_emb,1344,4.56533
rotary_emb,1360,4.62967
rotary_emb,1376,4.56533
rotary_emb,1392,4.71467
rotary_emb,1408,4.779
rotary_emb,1424,4.74667
rotary_emb,1440,4.811
rotary_emb,1456,4.8
rotary_emb,1472,4.96
rotary_emb,1488,4.91733
rotary_emb,1504,4.98167
rotary_emb,1520,5.03467
rotary_emb,1536,5.03467
rotary_emb,1552,5.13067
rotary_emb,1568,5.13067
rotary_emb,1584,5.18433
rotary_emb,1600,5.23733
rotary_emb,1616,5.216
rotary_emb,1632,5.28
rotary_emb,1648,5.515
rotary_emb,1664,5.58933
rotary_emb,1680,5.57867
rotary_emb,1696,5.64333
rotary_emb,1712,5.64267
rotary_emb,1728,5.63233
rotary_emb,1744,5.68567
rotary_emb,1760,5.696
rotary_emb,1776,5.71733
rotary_emb,1792,5.73867
rotary_emb,1808,5.792
rotary_emb,1824,5.771
rotary_emb,1840,5.81367
rotary_emb,1856,5.771
rotary_emb,1872,5.83467
rotary_emb,1888,5.86667
rotary_emb,1904,5.89867
rotary_emb,1920,5.94133
rotary_emb,1936,5.94133
rotary_emb,1952,5.952
rotary_emb,1968,5.963
rotary_emb,1984,6.00533
rotary_emb,2000,6.02667
rotary_emb,2016,6.04833
rotary_emb,2032,6.112
rotary_emb,2048,6.123
rotary_emb,2064,6.144
rotary_emb,2080,6.219
rotary_emb,2096,6.21867
rotary_emb,2112,6.21867
rotary_emb,2128,6.26167
rotary_emb,2144,6.31467
rotary_emb,2160,6.33633
rotary_emb,2176,6.35733
rotary_emb,2192,6.46467
rotary_emb,2208,6.422
rotary_emb,2224,6.51733
rotary_emb,2240,6.54933
rotary_emb,2256,6.603
rotary_emb,2272,6.61367
rotary_emb,2288,6.70933
rotary_emb,2304,6.70967
rotary_emb,2320,6.74167
rotary_emb,2336,6.784
rotary_emb,2352,6.77333
rotary_emb,2368,6.79467
rotary_emb,2384,6.848
rotary_emb,2400,6.912
rotary_emb,2416,6.89067
rotary_emb,2432,6.96533
rotary_emb,2448,7.083
rotary_emb,2464,7.10433
rotary_emb,2480,7.21067
rotary_emb,2496,7.232
rotary_emb,2512,7.275
rotary_emb,2528,7.32833
rotary_emb,2544,7.328
rotary_emb,2560,7.38133
rotary_emb,2576,7.38133
rotary_emb,2592,7.38167
rotary_emb,2608,7.43467
rotary_emb,2624,7.47733
rotary_emb,2640,7.499
rotary_emb,2656,7.52033
rotary_emb,2672,7.54167
rotary_emb,2688,7.61633
rotary_emb,2704,7.60567
rotary_emb,2720,7.648
rotary_emb,2736,7.62667
rotary_emb,2752,7.62667
rotary_emb,2768,7.66967
rotary_emb,2784,7.72267
rotary_emb,2800,7.78733
rotary_emb,2816,7.808
rotary_emb,2832,7.82967
rotary_emb,2848,7.87233
rotary_emb,2864,7.89333
rotary_emb,2880,7.872
rotary_emb,2896,7.94667
rotary_emb,2912,7.92533
rotary_emb,2928,7.94667
rotary_emb,2944,8.06433
rotary_emb,2960,8.08533
rotary_emb,2976,8.20333
rotary_emb,2992,8.224
rotary_emb,3008,8.36267
rotary_emb,3024,8.30967
rotary_emb,3040,8.374
rotary_emb,3056,8.44867
rotary_emb,3072,8.49067
rotary_emb,3088,8.48
rotary_emb,3104,8.65167
rotary_emb,3120,8.65067
rotary_emb,3136,8.74667
rotary_emb,3152,8.747
rotary_emb,3168,8.8
rotary_emb,3184,8.77867
rotary_emb,3200,8.82167
rotary_emb,3216,8.83233
rotary_emb,3232,8.88533
rotary_emb,3248,9.024
rotary_emb,3264,9.04567
rotary_emb,3280,9.12033
rotary_emb,3296,9.33333
rotary_emb,3312,9.19467
rotary_emb,3328,9.28
rotary_emb,3344,9.408
rotary_emb,3360,9.376
rotary_emb,3376,9.46133
rotary_emb,3392,9.536
rotary_emb,3408,9.58967
rotary_emb,3424,9.664
rotary_emb,3440,9.66467
rotary_emb,3456,9.80267
rotary_emb,3472,9.69633
rotary_emb,3488,9.71733
rotary_emb,3504,9.85633
rotary_emb,3520,9.86767
rotary_emb,3536,9.87733
rotary_emb,3552,9.94167
rotary_emb,3568,10.0483
rotary_emb,3584,10.0053
rotary_emb,3600,10.0693
rotary_emb,3616,10.0907
rotary_emb,3632,10.1763
rotary_emb,3648,10.219
rotary_emb,3664,10.1867
rotary_emb,3680,10.3467
rotary_emb,3696,10.2937
rotary_emb,3712,10.3253
rotary_emb,3728,10.5283
rotary_emb,3744,10.6027
rotary_emb,3760,10.6883
rotary_emb,3776,10.816
rotary_emb,3792,10.6883
rotary_emb,3808,10.8267
rotary_emb,3824,10.806
rotary_emb,3840,10.88
rotary_emb,3856,10.976
rotary_emb,3872,11.0617
rotary_emb,3888,11.0407
rotary_emb,3904,11.233
rotary_emb,3920,11.136
rotary_emb,3936,11.158
rotary_emb,3952,11.3387
rotary_emb,3968,11.4347
rotary_emb,3984,11.489
rotary_emb,4000,11.3813
rotary_emb,4016,11.4563
rotary_emb,4032,11.4243
rotary_emb,4048,11.5627
rotary_emb,4064,11.6803
rotary_emb,4080,11.6053
rotary_emb,4096,11.723
rotary_emb,4112,11.8837
rotary_emb,4128,12.0643
rotary_emb,4144,11.936
rotary_emb,4160,11.9253
rotary_emb,4176,11.9787
rotary_emb,4192,12.096
rotary_emb,4208,12.043
rotary_emb,4224,12.235
rotary_emb,4240,12.171
rotary_emb,4256,12.3097
rotary_emb,4272,12.267
rotary_emb,4288,12.5333
rotary_emb,4304,12.5127
rotary_emb,4320,12.4803
rotary_emb,4336,12.5973
rotary_emb,4352,12.5657
rotary_emb,4368,12.64
rotary_emb,4384,12.6403
rotary_emb,4400,12.8107
rotary_emb,4416,12.854
rotary_emb,4432,13.0143
rotary_emb,4448,12.875
rotary_emb,4464,12.918
rotary_emb,4480,12.9817
rotary_emb,4496,13.0457
rotary_emb,4512,13.3017
rotary_emb,4528,13.4403
rotary_emb,4544,13.323
rotary_emb,4560,13.4723
rotary_emb,4576,13.4083
rotary_emb,4592,13.3977
rotary_emb,4608,13.6003
rotary_emb,4624,13.4827
rotary_emb,4640,13.622
rotary_emb,4656,13.622
rotary_emb,4672,13.6747
rotary_emb,4688,13.867
rotary_emb,4704,13.867
rotary_emb,4720,13.9947
rotary_emb,4736,13.8457
rotary_emb,4752,13.8773
rotary_emb,4768,13.9417
rotary_emb,4784,13.9953
rotary_emb,4800,14.091
rotary_emb,4816,14.1443
rotary_emb,4832,14.2297
rotary_emb,4848,14.144
rotary_emb,4864,14.198
rotary_emb,4880,14.2933
rotary_emb,4896,14.3363
rotary_emb,4912,14.3363
rotary_emb,4928,14.4967
rotary_emb,4944,14.6027
rotary_emb,4960,14.518
rotary_emb,4976,14.592
rotary_emb,4992,14.5707
rotary_emb,5008,14.7737
rotary_emb,5024,14.848
rotary_emb,5040,14.8267
rotary_emb,5056,14.8053
rotary_emb,5072,15.0403
rotary_emb,5088,14.9653
rotary_emb,5104,15.0403
rotary_emb,5120,15.222
rotary_emb,5136,15.147
rotary_emb,5152,15.1683
rotary_emb,5168,15.3393
rotary_emb,5184,15.5103
rotary_emb,5200,15.552
rotary_emb,5216,15.7337
rotary_emb,5232,15.8833
rotary_emb,5248,15.8617
rotary_emb,5264,15.8407
rotary_emb,5280,15.8513
rotary_emb,5296,15.904
rotary_emb,5312,15.8727
rotary_emb,5328,15.915
rotary_emb,5344,15.883
rotary_emb,5360,16.1287
rotary_emb,5376,15.9683
rotary_emb,5392,16.1607
rotary_emb,5408,16.1603
rotary_emb,5424,16.2353
rotary_emb,5440,16.267
rotary_emb,5456,16.3313
rotary_emb,5472,16.4057
rotary_emb,5488,16.406
rotary_emb,5504,16.3947
rotary_emb,5520,16.587
rotary_emb,5536,16.5657
rotary_emb,5552,16.566
rotary_emb,5568,16.7683
rotary_emb,5584,16.555
rotary_emb,5600,16.683
rotary_emb,5616,16.7577
rotary_emb,5632,16.726
rotary_emb,5648,16.9177
rotary_emb,5664,16.779
rotary_emb,5680,16.7897
rotary_emb,5696,17.1633
rotary_emb,5712,17.1737
rotary_emb,5728,17.1737
rotary_emb,5744,17.1733
rotary_emb,5760,17.1627
rotary_emb,5776,17.3017
rotary_emb,5792,17.323
rotary_emb,5808,17.3127
rotary_emb,5824,17.323
rotary_emb,5840,17.323
rotary_emb,5856,17.4193
rotary_emb,5872,17.483
rotary_emb,5888,17.59
rotary_emb,5904,17.515
rotary_emb,5920,17.75
rotary_emb,5936,17.6967
rotary_emb,5952,17.771
rotary_emb,5968,17.7497
rotary_emb,5984,17.846
rotary_emb,6000,18.0377
rotary_emb,6016,17.9417
rotary_emb,6032,17.963
rotary_emb,6048,18.0053
rotary_emb,6064,18.2937
rotary_emb,6080,18.1443
rotary_emb,6096,18.2197
rotary_emb,6112,18.358
rotary_emb,6128,18.3577
rotary_emb,6144,18.3363
rotary_emb,6160,18.496
rotary_emb,6176,18.3897
rotary_emb,6192,18.603
rotary_emb,6208,18.5493
rotary_emb,6224,18.6567
rotary_emb,6240,18.8167
rotary_emb,6256,18.848
rotary_emb,6272,18.8587
rotary_emb,6288,19.0833
rotary_emb,6304,19.0087
rotary_emb,6320,19.1577
rotary_emb,6336,19.2863
rotary_emb,6352,19.1897
rotary_emb,6368,19.2647
rotary_emb,6384,19.0943
rotary_emb,6400,19.2853
rotary_emb,6416,19.286
rotary_emb,6432,19.222
rotary_emb,6448,19.3073
rotary_emb,6464,19.4777
rotary_emb,6480,19.4353
rotary_emb,6496,19.4453
rotary_emb,6512,19.4567
rotary_emb,6528,19.7013
rotary_emb,6544,19.9153
rotary_emb,6560,19.8087
rotary_emb,6576,19.9157
rotary_emb,6592,19.915
rotary_emb,6608,19.9157
rotary_emb,6624,20.0117
rotary_emb,6640,20.0003
rotary_emb,6656,20.2457
rotary_emb,6672,20.299
rotary_emb,6688,20.2463
rotary_emb,6704,20.47
rotary_emb,6720,20.3523
rotary_emb,6736,20.6297
rotary_emb,6752,20.4487
rotary_emb,6768,20.651
rotary_emb,6784,20.5233
rotary_emb,6800,20.566
rotary_emb,6816,20.7147
rotary_emb,6832,20.6833
rotary_emb,6848,20.811
rotary_emb,6864,20.7367
rotary_emb,6880,20.854
rotary_emb,6896,20.8647
rotary_emb,6912,20.875
rotary_emb,6928,20.939
rotary_emb,6944,20.971
rotary_emb,6960,21.1313
rotary_emb,6976,21.0997
rotary_emb,6992,21.1957
rotary_emb,7008,21.3873
rotary_emb,7024,21.2807
rotary_emb,7040,21.441
rotary_emb,7056,21.6643
rotary_emb,7072,21.6323
rotary_emb,7088,21.5683
rotary_emb,7104,21.643
rotary_emb,7120,21.6643
rotary_emb,7136,21.6963
rotary_emb,7152,21.7393
rotary_emb,7168,21.91
rotary_emb,7184,22.1123
rotary_emb,7200,22.1447
rotary_emb,7216,22.112
rotary_emb,7232,22.0483
rotary_emb,7248,22.0807
rotary_emb,7264,22.123
rotary_emb,7280,22.3257
rotary_emb,7296,22.208
rotary_emb,7312,22.294
rotary_emb,7328,22.198
rotary_emb,7344,22.3687
rotary_emb,7360,22.4323
rotary_emb,7376,22.4217
rotary_emb,7392,22.5717
rotary_emb,7408,22.6783
rotary_emb,7424,22.8163
rotary_emb,7440,22.8803
rotary_emb,7456,23.0937
rotary_emb,7472,22.9763
rotary_emb,7488,23.019
rotary_emb,7504,23.126
rotary_emb,7520,23.179
rotary_emb,7536,23.222
rotary_emb,7552,23.414
rotary_emb,7568,23.371
rotary_emb,7584,23.4567
rotary_emb,7600,23.542
rotary_emb,7616,23.6057
rotary_emb,7632,23.585
rotary_emb,7648,23.6703
rotary_emb,7664,23.606
rotary_emb,7680,23.627
rotary_emb,7696,23.798
rotary_emb,7712,23.659
rotary_emb,7728,23.7017
rotary_emb,7744,23.969
rotary_emb,7760,23.8727
rotary_emb,7776,23.8723
rotary_emb,7792,23.9367
rotary_emb,7808,23.937
rotary_emb,7824,24.0643
rotary_emb,7840,24.0643
rotary_emb,7856,23.979
rotary_emb,7872,24.139
rotary_emb,7888,24.2563
rotary_emb,7904,24.267
rotary_emb,7920,24.438
rotary_emb,7936,24.4487
rotary_emb,7952,24.47
rotary_emb,7968,24.5123
rotary_emb,7984,24.6623
rotary_emb,8000,24.7583
rotary_emb,8016,24.801
rotary_emb,8032,24.886
rotary_emb,8048,24.9287
rotary_emb,8064,24.95
rotary_emb,8080,25.046
rotary_emb,8096,25.0247
rotary_emb,8112,25.1523
rotary_emb,8128,25.1527
rotary_emb,8144,25.153
rotary_emb,8160,25.153
rotary_emb,8176,25.3017
rotary_emb,8192,25.142
rotary_emb,8208,25.2487
rotary_emb,8224,25.4297
rotary_emb,8240,25.3657
rotary_emb,8256,25.3127
rotary_emb,8272,25.5687
rotary_emb,8288,25.611
rotary_emb,8304,25.6863
rotary_emb,8320,25.9527
rotary_emb,8336,25.8353
rotary_emb,8352,25.8247
rotary_emb,8368,25.803
rotary_emb,8384,25.8677
rotary_emb,8400,25.8997
rotary_emb,8416,26.0163
rotary_emb,8432,26.102
rotary_emb,8448,26.166
rotary_emb,8464,26.2193
rotary_emb,8480,26.305
rotary_emb,8496,26.39
rotary_emb,8512,26.539
rotary_emb,8528,26.475
rotary_emb,8544,26.5177
rotary_emb,8560,26.6883
rotary_emb,8576,26.6143
rotary_emb,8592,26.742
rotary_emb,8608,26.5823
rotary_emb,8624,26.7207
rotary_emb,8640,26.7317
rotary_emb,8656,26.6887
rotary_emb,8672,26.763
rotary_emb,8688,26.774
rotary_emb,8704,26.8703
rotary_emb,8720,26.71
rotary_emb,8736,26.902
rotary_emb,8752,26.8807
rotary_emb,8768,26.966
rotary_emb,8784,27.1263
rotary_emb,8800,27.2967
rotary_emb,8816,27.211
rotary_emb,8832,27.329
rotary_emb,8848,27.2963
rotary_emb,8864,27.254
rotary_emb,8880,27.499
rotary_emb,8896,27.4567
rotary_emb,8912,27.393
rotary_emb,8928,27.7123
rotary_emb,8944,27.6703
rotary_emb,8960,27.7127
rotary_emb,8976,27.6273
rotary_emb,8992,27.7443
rotary_emb,9008,27.873
rotary_emb,9024,27.99
rotary_emb,9040,28.0433
rotary_emb,9056,28.107
rotary_emb,9072,28.3207
rotary_emb,9088,28.1923
rotary_emb,9104,28.193
rotary_emb,9120,28.2347
rotary_emb,9136,28.2993
rotary_emb,9152,28.4383
rotary_emb,9168,28.4597
rotary_emb,9184,28.4917
rotary_emb,9200,28.705
rotary_emb,9216,28.7257
rotary_emb,9232,28.79
rotary_emb,9248,28.854
rotary_emb,9264,28.854
rotary_emb,9280,28.843
rotary_emb,9296,29.0777
rotary_emb,9312,29.0677
rotary_emb,9328,29.1317
rotary_emb,9344,29.2487
rotary_emb,9360,29.3873
rotary_emb,9376,29.2487
rotary_emb,9392,29.323
rotary_emb,9408,29.3767
rotary_emb,9424,29.4723
rotary_emb,9440,29.5477
rotary_emb,9456,29.686
rotary_emb,9472,29.633
rotary_emb,9488,29.579
rotary_emb,9504,29.8037
rotary_emb,9520,29.91
rotary_emb,9536,29.9313
rotary_emb,9552,29.8783
rotary_emb,9568,30.0597
rotary_emb,9584,30.1023
rotary_emb,9600,29.942
rotary_emb,9616,30.0807
rotary_emb,9632,30.2837
rotary_emb,9648,30.3263
rotary_emb,9664,30.209
rotary_emb,9680,30.326
rotary_emb,9696,30.3363
rotary_emb,9712,30.2943
rotary_emb,9728,30.6143
rotary_emb,9744,30.55
rotary_emb,9760,30.6673
rotary_emb,9776,30.603
rotary_emb,9792,30.7527
rotary_emb,9808,30.614
rotary_emb,9824,30.8167
rotary_emb,9840,30.7527
rotary_emb,9856,30.9233
rotary_emb,9872,30.8917
rotary_emb,9888,31.0303
rotary_emb,9904,31.0517
rotary_emb,9920,31.0303
rotary_emb,9936,31.019
rotary_emb,9952,31.1793
rotary_emb,9968,31.2647
rotary_emb,9984,31.265
rotary_emb,10000,31.4247
rotary_emb,10016,31.3073
rotary_emb,10032,31.201
rotary_emb,10048,31.4567
rotary_emb,10064,31.2753
rotary_emb,10080,31.4997
rotary_emb,10096,31.4033
rotary_emb,10112,31.617
rotary_emb,10128,31.606
rotary_emb,10144,31.7237
rotary_emb,10160,31.745
rotary_emb,10176,31.905
rotary_emb,10192,31.8617
rotary_emb,10208,31.8727
rotary_emb,10224,31.9473
rotary_emb,10240,31.83
rotary_emb,10256,31.7657
rotary_emb,10272,31.9153
rotary_emb,10288,31.8403
rotary_emb,10304,31.9687
rotary_emb,10320,31.8833
rotary_emb,10336,32.033
rotary_emb,10352,32.0753
rotary_emb,10368,32.182
rotary_emb,10384,32.289
rotary_emb,10400,32.438
rotary_emb,10416,32.4277
rotary_emb,10432,32.4273
rotary_emb,10448,32.6837
rotary_emb,10464,32.9393
rotary_emb,10480,32.918
rotary_emb,10496,32.8117
rotary_emb,10512,32.6517
rotary_emb,10528,32.6617
rotary_emb,10544,32.6197
rotary_emb,10560,32.5017
rotary_emb,10576,32.662
rotary_emb,10592,32.7257
rotary_emb,10608,32.8117
rotary_emb,10624,32.8433
rotary_emb,10640,32.779
rotary_emb,10656,33.0463
rotary_emb,10672,33.014
rotary_emb,10688,33.025
rotary_emb,10704,33.2807
rotary_emb,10720,33.2593
rotary_emb,10736,33.248
rotary_emb,10752,33.4197
rotary_emb,10768,33.5687
rotary_emb,10784,33.601
rotary_emb,10800,33.4837
rotary_emb,10816,33.537
rotary_emb,10832,33.569
rotary_emb,10848,33.7607
rotary_emb,10864,33.686
rotary_emb,10880,33.793
rotary_emb,10896,33.8357
rotary_emb,10912,34.017
rotary_emb,10928,33.9743
rotary_emb,10944,33.91
rotary_emb,10960,34.123
rotary_emb,10976,34.1343
rotary_emb,10992,34.1233
rotary_emb,11008,34.4437
rotary_emb,11024,34.3903
rotary_emb,11040,34.433
rotary_emb,11056,34.5503
rotary_emb,11072,34.529
rotary_emb,11088,34.6783
rotary_emb,11104,34.5503
rotary_emb,11120,34.6997
rotary_emb,11136,34.8063
rotary_emb,11152,34.742
rotary_emb,11168,34.913
rotary_emb,11184,34.8703
rotary_emb,11200,34.9983
rotary_emb,11216,34.8807
rotary_emb,11232,34.934
rotary_emb,11248,35.0833
rotary_emb,11264,35.1583
rotary_emb,11280,35.2113
rotary_emb,11296,35.201
rotary_emb,11312,35.275
rotary_emb,11328,35.3287
rotary_emb,11344,35.4677
rotary_emb,11360,35.329
rotary_emb,11376,35.3713
rotary_emb,11392,35.318
rotary_emb,11408,35.4673
rotary_emb,11424,35.6063
rotary_emb,11440,35.4677
rotary_emb,11456,35.371
rotary_emb,11472,35.5637
rotary_emb,11488,35.5423
rotary_emb,11504,35.5637
rotary_emb,11520,35.7983
rotary_emb,11536,35.67
rotary_emb,11552,35.7343
rotary_emb,11568,35.7237
rotary_emb,11584,35.894
rotary_emb,11600,35.9263
rotary_emb,11616,36.022
rotary_emb,11632,36.0437
rotary_emb,11648,36.0437
rotary_emb,11664,36.2463
rotary_emb,11680,36.2673
rotary_emb,11696,36.3953
rotary_emb,11712,36.5663
rotary_emb,11728,36.5237
rotary_emb,11744,36.6197
rotary_emb,11760,36.7157
rotary_emb,11776,36.6833
rotary_emb,11792,36.545
rotary_emb,11808,36.6837
rotary_emb,11824,36.8437
rotary_emb,11840,36.8113
rotary_emb,11856,36.897
rotary_emb,11872,36.961
rotary_emb,11888,36.9183
rotary_emb,11904,37.0673
rotary_emb,11920,37.0463
rotary_emb,11936,37.068
rotary_emb,11952,37.078
rotary_emb,11968,37.0677
rotary_emb,11984,37.153
rotary_emb,12000,37.3657
rotary_emb,12016,37.2597
rotary_emb,12032,37.2703
rotary_emb,12048,37.313
rotary_emb,12064,37.5903
rotary_emb,12080,37.5047
rotary_emb,12096,37.782
rotary_emb,12112,37.5157
rotary_emb,12128,37.654
rotary_emb,12144,37.7503
rotary_emb,12160,37.761
rotary_emb,12176,37.9417
rotary_emb,12192,37.7717
rotary_emb,12208,38.0063
rotary_emb,12224,37.985
rotary_emb,12240,37.9523
rotary_emb,12256,38.2197
rotary_emb,12272,38.0383
rotary_emb,12288,37.8997
rotary_emb,12304,38.2943
rotary_emb,12320,38.3047
rotary_emb,12336,38.3797
rotary_emb,12352,38.4757
rotary_emb,12368,38.4227
rotary_emb,12384,38.401
rotary_emb,12400,38.4223
rotary_emb,12416,38.6037
rotary_emb,12432,38.4867
rotary_emb,12448,38.6033
rotary_emb,12464,38.4543
rotary_emb,12480,38.401
rotary_emb,12496,38.689
rotary_emb,12512,38.8277
rotary_emb,12528,38.8277
rotary_emb,12544,38.6997
rotary_emb,12560,38.8917
rotary_emb,12576,38.9873
rotary_emb,12592,38.977
rotary_emb,12608,39.2323
rotary_emb,12624,39.2223
rotary_emb,12640,39.3827
rotary_emb,12656,39.5527
rotary_emb,12672,39.553
rotary_emb,12688,39.6597
rotary_emb,12704,39.745
rotary_emb,12720,39.4787
rotary_emb,12736,39.6383
rotary_emb,12752,39.6813
rotary_emb,12768,39.425
rotary_emb,12784,39.6383
rotary_emb,12800,39.51
rotary_emb,12816,39.4787
rotary_emb,12832,39.5423
rotary_emb,12848,39.7557
rotary_emb,12864,39.8513
rotary_emb,12880,39.8303
rotary_emb,12896,39.883
rotary_emb,12912,39.9693
rotary_emb,12928,39.969
rotary_emb,12944,40.129
rotary_emb,12960,40.225
rotary_emb,12976,40.3203
rotary_emb,12992,40.3313
rotary_emb,13008,40.3103
rotary_emb,13024,40.4913
rotary_emb,13040,40.4173
rotary_emb,13056,40.5553
rotary_emb,13072,40.5453
rotary_emb,13088,40.7263
rotary_emb,13104,40.79
rotary_emb,13120,41.0257
rotary_emb,13136,41.057
rotary_emb,13152,41.0997
rotary_emb,13168,41.1847
rotary_emb,13184,41.1413
rotary_emb,13200,41.3237
rotary_emb,13216,41.292
rotary_emb,13232,41.387
rotary_emb,13248,41.377
rotary_emb,13264,41.3773
rotary_emb,13280,41.3663
rotary_emb,13296,41.2913
rotary_emb,13312,41.3027
rotary_emb,13328,41.27
rotary_emb,13344,41.4197
rotary_emb,13360,41.164
rotary_emb,13376,41.4093
rotary_emb,13392,41.2383
rotary_emb,13408,41.3663
rotary_emb,13424,41.1743
rotary_emb,13440,41.4093
rotary_emb,13456,41.409
rotary_emb,13472,41.473
rotary_emb,13488,41.654
rotary_emb,13504,41.697
rotary_emb,13520,41.7293
rotary_emb,13536,41.9423
rotary_emb,13552,41.8997
rotary_emb,13568,41.729
rotary_emb,13584,42.1237
rotary_emb,13600,42.0703
rotary_emb,13616,42.1133
rotary_emb,13632,42.134
rotary_emb,13648,42.2943
rotary_emb,13664,42.2623
rotary_emb,13680,42.4117
rotary_emb,13696,42.316
rotary_emb,13712,42.465
rotary_emb,13728,42.561
rotary_emb,13744,42.4117
rotary_emb,13760,42.4117
rotary_emb,13776,42.337
rotary_emb,13792,42.4543
rotary_emb,13808,42.4653
rotary_emb,13824,42.6143
rotary_emb,13840,42.444
rotary_emb,13856,42.646
rotary_emb,13872,42.5077
rotary_emb,13888,42.7423
rotary_emb,13904,42.6677
rotary_emb,13920,42.785
rotary_emb,13936,42.8277
rotary_emb,13952,42.913
rotary_emb,13968,42.913
rotary_emb,13984,43.0197
rotary_emb,14000,43.0197
rotary_emb,14016,43.105
rotary_emb,14032,42.9773
rotary_emb,14048,43.094
rotary_emb,14064,43.4253
rotary_emb,14080,43.319
rotary_emb,14096,43.222
rotary_emb,14112,43.478
rotary_emb,14128,43.5103
rotary_emb,14144,43.702
rotary_emb,14160,43.5203
rotary_emb,14176,43.553
rotary_emb,14192,43.7127
rotary_emb,14208,43.7663
rotary_emb,14224,43.9477
rotary_emb,14240,43.7983
rotary_emb,14256,44.001
rotary_emb,14272,43.8517
rotary_emb,14288,43.9157
rotary_emb,14304,43.926
rotary_emb,14320,44.055
rotary_emb,14336,43.9903
rotary_emb,14352,44.225
rotary_emb,14368,44.108
rotary_emb,14384,44.2253
rotary_emb,14400,44.2253
rotary_emb,14416,44.556
rotary_emb,14432,44.4167
rotary_emb,14448,44.5237
rotary_emb,14464,44.577
rotary_emb,14480,44.6197
rotary_emb,14496,44.6517
rotary_emb,14512,44.641
rotary_emb,14528,44.7373
rotary_emb,14544,44.6733
rotary_emb,14560,44.684
rotary_emb,14576,44.6623
rotary_emb,14592,44.502
rotary_emb,14608,44.7157
rotary_emb,14624,44.908
rotary_emb,14640,44.8117
rotary_emb,14656,44.8117
rotary_emb,14672,44.833
rotary_emb,14688,45.1317
rotary_emb,14704,45.0467
rotary_emb,14720,45.2173
rotary_emb,14736,45.1637
rotary_emb,14752,45.345
rotary_emb,14768,45.5157
rotary_emb,14784,45.5157
rotary_emb,14800,45.7397
rotary_emb,14816,45.5583
rotary_emb,14832,45.6757
rotary_emb,14848,45.7183
rotary_emb,14864,45.7723
rotary_emb,14880,45.921
rotary_emb,14896,45.9743
rotary_emb,14912,46.028
rotary_emb,14928,46.0917
rotary_emb,14944,46.028
rotary_emb,14960,45.8993
rotary_emb,14976,46.049
rotary_emb,14992,46.0173
rotary_emb,15008,46.124
rotary_emb,15024,46.1023
rotary_emb,15040,46.252
rotary_emb,15056,46.113
rotary_emb,15072,46.06
rotary_emb,15088,46.2837
rotary_emb,15104,46.3053
rotary_emb,15120,46.3163
rotary_emb,15136,46.4117
rotary_emb,15152,46.3157
rotary_emb,15168,46.4543
rotary_emb,15184,46.636
rotary_emb,15200,46.764
rotary_emb,15216,46.6463
rotary_emb,15232,46.8067
rotary_emb,15248,46.7743
rotary_emb,15264,46.8707
rotary_emb,15280,47.1473
rotary_emb,15296,47.1367
rotary_emb,15312,47.0627
rotary_emb,15328,47.063
rotary_emb,15344,47.3077
rotary_emb,15360,46.9983
rotary_emb,15376,47.137
rotary_emb,15392,47.169
rotary_emb,15408,47.1473
rotary_emb,15424,47.1583
rotary_emb,15440,47.286
rotary_emb,15456,47.233
rotary_emb,15472,47.2223
rotary_emb,15488,47.553
rotary_emb,15504,47.6597
rotary_emb,15520,47.5317
rotary_emb,15536,47.5103
rotary_emb,15552,47.649
rotary_emb,15568,47.457
rotary_emb,15584,47.6167
rotary_emb,15600,47.4567
rotary_emb,15616,47.6597
rotary_emb,15632,47.66
rotary_emb,15648,47.7027
rotary_emb,15664,47.852
rotary_emb,15680,47.9377
rotary_emb,15696,48.0763
rotary_emb,15712,47.9473
rotary_emb,15728,48.097
rotary_emb,15744,48.1503
rotary_emb,15760,48.3213
rotary_emb,15776,48.417
rotary_emb,15792,48.3637
rotary_emb,15808,48.5557
rotary_emb,15824,48.5237
rotary_emb,15840,48.6943
rotary_emb,15856,48.865
rotary_emb,15872,48.865
rotary_emb,15888,48.8337
rotary_emb,15904,48.9823
rotary_emb,15920,49.1207
rotary_emb,15936,48.9827
rotary_emb,15952,49.1313
rotary_emb,15968,49.175
rotary_emb,15984,49.0783
rotary_emb,16000,49.1427
rotary_emb,16016,49.1537
rotary_emb,16032,49.26
rotary_emb,16048,49.0997
rotary_emb,16064,49.036
rotary_emb,16080,48.9723
rotary_emb,16096,49.036
rotary_emb,16112,49.26
rotary_emb,16128,49.281
rotary_emb,16144,49.2277
rotary_emb,16160,49.26
rotary_emb,16176,49.3987
rotary_emb,16192,49.4627
rotary_emb,16208,49.345
rotary_emb,16224,49.5157
rotary_emb,16240,49.4623
rotary_emb,16256,49.5797
rotary_emb,16272,49.4943
rotary_emb,16288,49.729
rotary_emb,16304,49.6867
rotary_emb,16320,49.889
rotary_emb,16336,49.729
rotary_emb,16352,49.8787
rotary_emb,16368,49.932
rotary_emb,16384,49.9857
rotary_emb,16400,50.1343
rotary_emb,16416,50.2737
rotary_emb,16432,50.2623
rotary_emb,16448,50.3583
rotary_emb,16464,50.3693
rotary_emb,16480,50.2947
rotary_emb,16496,50.3263
rotary_emb,16512,50.2517
rotary_emb,16528,50.412
rotary_emb,16544,50.4227
rotary_emb,16560,50.604
rotary_emb,16576,50.4437
rotary_emb,16592,50.369
rotary_emb,16608,50.636
rotary_emb,16624,50.6997
rotary_emb,16640,50.657
rotary_emb,16656,50.6147
rotary_emb,16672,50.8593
rotary_emb,16688,50.647
rotary_emb,16704,51.073
rotary_emb,16720,50.9773
rotary_emb,16736,51.1793
rotary_emb,16752,51.0203
rotary_emb,16768,51.1483
rotary_emb,16784,51.1583
rotary_emb,16800,51.1473
rotary_emb,16816,51.1907
rotary_emb,16832,51.2973
rotary_emb,16848,51.329
rotary_emb,16864,51.4677
rotary_emb,16880,51.6173
rotary_emb,16896,51.5743
rotary_emb,16912,51.617
rotary_emb,16928,51.8623
rotary_emb,16944,51.8093
rotary_emb,16960,51.8733
rotary_emb,16976,51.8517
rotary_emb,16992,52.0013
rotary_emb,17008,51.8837
rotary_emb,17024,52.1183
rotary_emb,17040,52.161
rotary_emb,17056,51.98
rotary_emb,17072,52.2253
rotary_emb,17088,52.065
rotary_emb,17104,52.076
rotary_emb,17120,52.2687
rotary_emb,17136,52.3643
rotary_emb,17152,52.3
rotary_emb,17168,52.3533
rotary_emb,17184,52.1503
rotary_emb,17200,52.4813
rotary_emb,17216,52.268
rotary_emb,17232,52.567
rotary_emb,17248,52.268
rotary_emb,17264,52.3853
rotary_emb,17280,52.5243
rotary_emb,17296,52.4813
rotary_emb,17312,52.524
rotary_emb,17328,52.6517
rotary_emb,17344,52.8757
rotary_emb,17360,52.8653
rotary_emb,17376,52.8867
rotary_emb,17392,52.8757
rotary_emb,17408,53.0143
rotary_emb,17424,52.94
rotary_emb,17440,53.1213
rotary_emb,17456,52.908
rotary_emb,17472,53.015
rotary_emb,17488,53.1213
rotary_emb,17504,53.0893
rotary_emb,17520,53.1217
rotary_emb,17536,53.388
rotary_emb,17552,53.2283
rotary_emb,17568,53.2387
rotary_emb,17584,53.281
rotary_emb,17600,53.4303
rotary_emb,17616,53.5057
rotary_emb,17632,53.5157
rotary_emb,17648,53.5053
rotary_emb,17664,53.6543
rotary_emb,17680,53.6757
rotary_emb,17696,53.708
rotary_emb,17712,53.8897
rotary_emb,17728,53.9217
rotary_emb,17744,53.8253
rotary_emb,17760,53.996
rotary_emb,17776,53.953
rotary_emb,17792,54.092
rotary_emb,17808,54.1343
rotary_emb,17824,54.2517
rotary_emb,17840,54.38
rotary_emb,17856,54.4653
rotary_emb,17872,54.369
rotary_emb,17888,54.4547
rotary_emb,17904,54.6573
rotary_emb,17920,54.572
rotary_emb,17936,54.5827
rotary_emb,17952,54.6677
rotary_emb,17968,54.647
rotary_emb,17984,54.7423
rotary_emb,18000,54.796
rotary_emb,18016,54.9023
rotary_emb,18032,54.9453
rotary_emb,18048,54.7317
rotary_emb,18064,54.7743
rotary_emb,18080,54.86
rotary_emb,18096,54.881
rotary_emb,18112,54.881
rotary_emb,18128,54.9663
rotary_emb,18144,55.0093
rotary_emb,18160,54.9773
rotary_emb,18176,55.1583
rotary_emb,18192,55.244
rotary_emb,18208,55.159
rotary_emb,18224,55.0947
rotary_emb,18240,55.041
rotary_emb,18256,55.2547
rotary_emb,18272,55.3187
rotary_emb,18288,55.3717
rotary_emb,18304,55.6067
rotary_emb,18320,55.3717
rotary_emb,18336,55.532
rotary_emb,18352,55.6387
rotary_emb,18368,55.5957
rotary_emb,18384,55.8417
rotary_emb,18400,55.6703
rotary_emb,18416,55.6597
rotary_emb,18432,55.7773
rotary_emb,18448,55.5963
rotary_emb,18464,55.617
rotary_emb,18480,55.8313
rotary_emb,18496,55.7777
rotary_emb,18512,56.0013
rotary_emb,18528,56.012
rotary_emb,18544,55.9693
rotary_emb,18560,56.0117
rotary_emb,18576,56.012
rotary_emb,18592,56.1937
rotary_emb,18608,56.1613
rotary_emb,18624,56.4383
rotary_emb,18640,56.3423
rotary_emb,18656,56.6523
rotary_emb,18672,56.6623
rotary_emb,18688,56.7053
rotary_emb,18704,56.812
rotary_emb,18720,56.887
rotary_emb,18736,56.9613
rotary_emb,18752,57.26
rotary_emb,18768,57.2067
rotary_emb,18784,57.196
rotary_emb,18800,57.2173
rotary_emb,18816,57.4093
rotary_emb,18832,57.377
rotary_emb,18848,57.324
rotary_emb,18864,57.3347
rotary_emb,18880,57.4733
rotary_emb,18896,57.4413
rotary_emb,18912,57.5797
rotary_emb,18928,57.5583
rotary_emb,18944,57.644
rotary_emb,18960,57.548
rotary_emb,18976,57.8037
rotary_emb,18992,57.8997
rotary_emb,19008,57.857
rotary_emb,19024,57.8677
rotary_emb,19040,57.8997
rotary_emb,19056,57.825
rotary_emb,19072,58.1137
rotary_emb,19088,57.8783
rotary_emb,19104,57.9213
rotary_emb,19120,58.1453
rotary_emb,19136,57.986
rotary_emb,19152,57.985
rotary_emb,19168,58.113
rotary_emb,19184,58.145
rotary_emb,19200,58.1027
rotary_emb,19216,57.996
rotary_emb,19232,57.9427
rotary_emb,19248,57.965
rotary_emb,19264,58.1987
rotary_emb,19280,58.0703
rotary_emb,19296,58.1883
rotary_emb,19312,58.263
rotary_emb,19328,58.2093
rotary_emb,19344,58.22
rotary_emb,19360,58.3263
rotary_emb,19376,58.327
rotary_emb,19392,58.423
rotary_emb,19408,58.3697
rotary_emb,19424,58.3913
rotary_emb,19440,58.4013
rotary_emb,19456,58.796
rotary_emb,19472,58.508
rotary_emb,19488,58.6153
rotary_emb,19504,58.6143
rotary_emb,19520,58.6363
rotary_emb,19536,58.7643
rotary_emb,19552,58.679
rotary_emb,19568,59.148
rotary_emb,19584,58.8493
rotary_emb,19600,58.8493
rotary_emb,19616,59.02
rotary_emb,19632,59.1267
rotary_emb,19648,59.2117
rotary_emb,19664,59.2653
rotary_emb,19680,59.3937
rotary_emb,19696,59.5323
rotary_emb,19712,59.5433
rotary_emb,19728,59.66
rotary_emb,19744,59.82
rotary_emb,19760,59.852
rotary_emb,19776,59.8837
rotary_emb,19792,59.9903
rotary_emb,19808,59.959
rotary_emb,19824,59.9483
rotary_emb,19840,60.172
rotary_emb,19856,60.183
rotary_emb,19872,60.1933
rotary_emb,19888,60.14
rotary_emb,19904,60.1823
rotary_emb,19920,60.3747
rotary_emb,19936,60.343
rotary_emb,19952,60.236
rotary_emb,19968,60.236
rotary_emb,19984,60.1827
rotary_emb,20000,60.2787
rotary_emb,20016,60.4277
rotary_emb,20032,60.3643
rotary_emb,20048,60.5457
rotary_emb,20064,60.3217
rotary_emb,20080,60.727
rotary_emb,20096,60.556
rotary_emb,20112,60.6093
rotary_emb,20128,60.567
rotary_emb,20144,60.5887
rotary_emb,20160,60.7373
rotary_emb,20176,60.7373
rotary_emb,20192,60.695
rotary_emb,20208,60.7163
rotary_emb,20224,60.7373
rotary_emb,20240,60.8123
rotary_emb,20256,60.919
rotary_emb,20272,61.0357
rotary_emb,20288,60.9617
rotary_emb,20304,61.1213
rotary_emb,20320,61.3563
rotary_emb,20336,61.143
rotary_emb,20352,61.2393
rotary_emb,20368,61.228
rotary_emb,20384,61.3457
rotary_emb,20400,61.388
rotary_emb,20416,61.356
rotary_emb,20432,61.4733
rotary_emb,20448,61.5903
rotary_emb,20464,61.6863
rotary_emb,20480,61.74
rotary_emb,20496,61.7077
rotary_emb,20512,61.9103
rotary_emb,20528,61.6763
rotary_emb,20544,61.868
rotary_emb,20560,62.082
rotary_emb,20576,61.8577
rotary_emb,20592,62.124
rotary_emb,20608,62.209
rotary_emb,20624,62.22
rotary_emb,20640,62.305
rotary_emb,20656,62.3477
rotary_emb,20672,62.2843
rotary_emb,20688,62.2733
rotary_emb,20704,62.263
rotary_emb,20720,62.402
rotary_emb,20736,62.4013
rotary_emb,20752,62.615
rotary_emb,20768,62.5083
rotary_emb,20784,62.7
rotary_emb,20800,62.604
rotary_emb,20816,62.7323
rotary_emb,20832,62.8607
rotary_emb,20848,62.6783
rotary_emb,20864,62.732
rotary_emb,20880,62.8383
rotary_emb,20896,62.7433
rotary_emb,20912,62.9453
rotary_emb,20928,63.1477
rotary_emb,20944,63.0523
rotary_emb,20960,63.031
rotary_emb,20976,63.2013
rotary_emb,20992,63.2547
rotary_emb,21008,63.2547
rotary_emb,21024,63.2013
rotary_emb,21040,63.383
rotary_emb,21056,63.468
rotary_emb,21072,63.4043
rotary_emb,21088,63.5213
rotary_emb,21104,63.671
rotary_emb,21120,63.618
rotary_emb,21136,63.6497
rotary_emb,21152,63.8097
rotary_emb,21168,63.6923
rotary_emb,21184,63.7883
rotary_emb,21200,63.6173
rotary_emb,21216,63.8837
rotary_emb,21232,63.8303
rotary_emb,21248,63.9907
rotary_emb,21264,63.9057
rotary_emb,21280,64.012
rotary_emb,21296,63.9587
rotary_emb,21312,64.215
rotary_emb,21328,64.055
rotary_emb,21344,64.1293
rotary_emb,21360,64.1937
rotary_emb,21376,64.2893
rotary_emb,21392,64.364
rotary_emb,21408,64.5457
rotary_emb,21424,64.4287
rotary_emb,21440,64.481
rotary_emb,21456,64.4287
rotary_emb,21472,64.503
rotary_emb,21488,64.6097
rotary_emb,21504,64.6947
rotary_emb,21520,64.5563
rotary_emb,21536,64.823
rotary_emb,21552,64.77
rotary_emb,21568,64.6943
rotary_emb,21584,65.175
rotary_emb,21600,64.9507
rotary_emb,21616,65.047
rotary_emb,21632,65.015
rotary_emb,21648,65.004
rotary_emb,21664,64.9723
rotary_emb,21680,65.164
rotary_emb,21696,65.207
rotary_emb,21712,65.2177
rotary_emb,21728,65.2607
rotary_emb,21744,65.3453
rotary_emb,21760,65.4207
rotary_emb,21776,65.346
rotary_emb,21792,65.1963
rotary_emb,21808,65.4093
rotary_emb,21824,65.4523
rotary_emb,21840,65.644
rotary_emb,21856,65.6127
rotary_emb,21872,65.7403
rotary_emb,21888,65.6657
rotary_emb,21904,65.7613
rotary_emb,21920,65.5913
rotary_emb,21936,65.8893
rotary_emb,21952,65.9
rotary_emb,21968,66.0497
rotary_emb,21984,65.8687
rotary_emb,22000,66.007
rotary_emb,22016,66.1777
rotary_emb,22032,66.0813
rotary_emb,22048,66.3373
rotary_emb,22064,66.2413
rotary_emb,22080,66.3263
rotary_emb,22096,66.3807
rotary_emb,22112,66.3273
rotary_emb,22128,66.5193
rotary_emb,22144,66.5297
rotary_emb,22160,66.4657
rotary_emb,22176,66.4653
rotary_emb,22192,66.5507
rotary_emb,22208,66.487
rotary_emb,22224,66.6467
rotary_emb,22240,66.5507
rotary_emb,22256,66.7533
rotary_emb,22272,66.7967
rotary_emb,22288,66.7857
rotary_emb,22304,66.7963
rotary_emb,22320,66.9027
rotary_emb,22336,66.956
rotary_emb,22352,67.0203
rotary_emb,22368,66.9987
rotary_emb,22384,67.063
rotary_emb,22400,67.1803
rotary_emb,22416,67.1057
rotary_emb,22432,67.276
rotary_emb,22448,67.2233
rotary_emb,22464,67.383
rotary_emb,22480,67.3403
rotary_emb,22496,67.4687
rotary_emb,22512,67.5
rotary_emb,22528,67.511
rotary_emb,22544,67.618
rotary_emb,22560,67.5213
rotary_emb,22576,67.415
rotary_emb,22592,67.6603
rotary_emb,22608,67.586
rotary_emb,22624,67.5213
rotary_emb,22640,67.7993
rotary_emb,22656,67.735
rotary_emb,22672,67.7773
rotary_emb,22688,68.002
rotary_emb,22704,68.0017
rotary_emb,22720,67.991
rotary_emb,22736,68.151
rotary_emb,22752,68.2257
rotary_emb,22768,68.3113
rotary_emb,22784,68.29
rotary_emb,22800,68.418
rotary_emb,22816,68.4067
rotary_emb,22832,68.2683
rotary_emb,22848,68.439
rotary_emb,22864,68.5243
rotary_emb,22880,68.567
rotary_emb,22896,68.3963
rotary_emb,22912,68.5673
rotary_emb,22928,68.6097
rotary_emb,22944,68.641
rotary_emb,22960,68.6093
rotary_emb,22976,68.7903
rotary_emb,22992,68.8443
rotary_emb,23008,68.7693
rotary_emb,23024,68.802
rotary_emb,23040,69.057
rotary_emb,23056,69.1007
rotary_emb,23072,68.9617
rotary_emb,23088,69.0893
rotary_emb,23104,69.015
rotary_emb,23120,69.0897
rotary_emb,23136,69.2817
rotary_emb,23152,69.1107
rotary_emb,23168,69.2393
rotary_emb,23184,69.6227
rotary_emb,23200,69.2817
rotary_emb,23216,69.5053
rotary_emb,23232,69.5273
rotary_emb,23248,69.5487
rotary_emb,23264,69.8573
rotary_emb,23280,69.7193
rotary_emb,23296,69.7503
rotary_emb,23312,69.9007
rotary_emb,23328,69.932
rotary_emb,23344,70.1453
rotary_emb,23360,70.0817
rotary_emb,23376,70.21
rotary_emb,23392,70.2097
rotary_emb,23408,70.3693
rotary_emb,23424,70.7113
rotary_emb,23440,70.3693
rotary_emb,23456,70.6257
rotary_emb,23472,70.6687
rotary_emb,23488,70.7747
rotary_emb,23504,71.031
rotary_emb,23520,70.7967
rotary_emb,23536,70.8817
rotary_emb,23552,70.6257
rotary_emb,23568,70.8287
rotary_emb,23584,70.807
rotary_emb,23600,70.828
rotary_emb,23616,70.978
rotary_emb,23632,70.9243
rotary_emb,23648,70.956
rotary_emb,23664,70.9777
rotary_emb,23680,71.095
rotary_emb,23696,70.9773
rotary_emb,23712,71.1807
rotary_emb,23728,71.223
rotary_emb,23744,71.3827
rotary_emb,23760,71.447
rotary_emb,23776,71.1913
rotary_emb,23792,71.5007
rotary_emb,23808,71.5323
rotary_emb,23824,71.5213
rotary_emb,23840,71.543
rotary_emb,23856,71.522
rotary_emb,23872,71.607
rotary_emb,23888,71.7247
rotary_emb,23904,71.948
rotary_emb,23920,71.8313
rotary_emb,23936,72.033
rotary_emb,23952,71.9167
rotary_emb,23968,71.9593
rotary_emb,23984,71.9587
rotary_emb,24000,72.0763
rotary_emb,24016,72.13
rotary_emb,24032,72.194
rotary_emb,24048,72.0017
rotary_emb,24064,72.1937
rotary_emb,24080,72.268
rotary_emb,24096,72.215
rotary_emb,24112,72.3217
rotary_emb,24128,72.2793
rotary_emb,24144,72.311
rotary_emb,24160,72.258
rotary_emb,24176,72.3213
rotary_emb,24192,72.5027
rotary_emb,24208,72.514
rotary_emb,24224,72.706
rotary_emb,24240,72.6417
rotary_emb,24256,72.6627
rotary_emb,24272,72.6203
rotary_emb,24288,72.6733
rotary_emb,24304,72.8763
rotary_emb,24320,72.9513
rotary_emb,24336,72.8553
rotary_emb,24352,72.9193
rotary_emb,24368,73.0043
rotary_emb,24384,73.0683
rotary_emb,24400,73.175
rotary_emb,24416,73.0257
rotary_emb,24432,73.228
rotary_emb,24448,73.3457
rotary_emb,24464,73.2177
rotary_emb,24480,73.207
rotary_emb,24496,73.4313
rotary_emb,24512,73.4843
rotary_emb,24528,73.3673
rotary_emb,24544,73.559
rotary_emb,24560,73.5483
rotary_emb,24576,73.5167
rotary_emb,24592,73.7087
rotary_emb,24608,73.6873
rotary_emb,24624,73.826
rotary_emb,24640,73.8687
rotary_emb,24656,73.858
rotary_emb,24672,74.018
rotary_emb,24688,74.1247
rotary_emb,24704,74.242
rotary_emb,24720,74.0283
rotary_emb,24736,74.114
rotary_emb,24752,74.1563
rotary_emb,24768,74.1673
rotary_emb,24784,74.092
rotary_emb,24800,74.1027
rotary_emb,24816,74.2633
rotary_emb,24832,74.4333
rotary_emb,24848,74.305
rotary_emb,24864,74.274
rotary_emb,24880,74.4443
rotary_emb,24896,74.4233
rotary_emb,24912,74.3593
rotary_emb,24928,74.327
rotary_emb,24944,74.5403
rotary_emb,24960,74.7217
rotary_emb,24976,74.7327
rotary_emb,24992,74.487
rotary_emb,25008,74.69
rotary_emb,25024,74.8177
rotary_emb,25040,75.052
rotary_emb,25056,74.935
rotary_emb,25072,75.0097
rotary_emb,25088,75.1483
rotary_emb,25104,75.2443
rotary_emb,25120,74.551
rotary_emb,25136,74.754
rotary_emb,25152,74.5503
rotary_emb,25168,74.9027
rotary_emb,25184,74.9137
rotary_emb,25200,75.6287
rotary_emb,25216,75.4047
rotary_emb,25232,75.5963
rotary_emb,25248,75.5963
rotary_emb,25264,75.639
rotary_emb,25280,75.5327
rotary_emb,25296,75.7887
rotary_emb,25312,75.799
rotary_emb,25328,75.8417
rotary_emb,25344,75.863
rotary_emb,25360,76.002
rotary_emb,25376,75.884
rotary_emb,25392,75.8523
rotary_emb,25408,76.0553
rotary_emb,25424,76.2043
rotary_emb,25440,76.1937
rotary_emb,25456,76.3323
rotary_emb,25472,76.151
rotary_emb,25488,76.1943
rotary_emb,25504,76.343
rotary_emb,25520,76.3643
rotary_emb,25536,76.3217
rotary_emb,25552,76.375
rotary_emb,25568,76.322
rotary_emb,25584,76.631
rotary_emb,25600,76.4283
rotary_emb,25616,76.5777
rotary_emb,25632,76.6953
rotary_emb,25648,76.7053
rotary_emb,25664,76.7377
rotary_emb,25680,76.951
rotary_emb,25696,76.8553
rotary_emb,25712,76.7593
rotary_emb,25728,77.047
rotary_emb,25744,77.0047
rotary_emb,25760,77.0687
rotary_emb,25776,77.0683
rotary_emb,25792,77.218
rotary_emb,25808,77.122
rotary_emb,25824,77.431
rotary_emb,25840,77.2927
rotary_emb,25856,77.186
rotary_emb,25872,77.399
rotary_emb,25888,77.3243
rotary_emb,25904,77.431
rotary_emb,25920,77.4843
rotary_emb,25936,77.5483
rotary_emb,25952,77.4313
rotary_emb,25968,77.6767
rotary_emb,25984,77.73
rotary_emb,26000,77.6873
rotary_emb,26016,77.666
rotary_emb,26032,77.794
rotary_emb,26048,77.7617
rotary_emb,26064,77.858
rotary_emb,26080,77.8473
rotary_emb,26096,77.975
rotary_emb,26112,78.0713
rotary_emb,26128,77.9963
rotary_emb,26144,78.21
rotary_emb,26160,78.2953
rotary_emb,26176,78.2207
rotary_emb,26192,78.1247
rotary_emb,26208,78.21
rotary_emb,26224,78.4447
rotary_emb,26240,78.4447
rotary_emb,26256,78.519
rotary_emb,26272,78.4973
rotary_emb,26288,78.434
rotary_emb,26304,78.6147
rotary_emb,26320,78.7427
rotary_emb,26336,78.7857
rotary_emb,26352,78.7537
rotary_emb,26368,78.775
rotary_emb,26384,78.7113
rotary_emb,26400,78.9247
rotary_emb,26416,78.9247
rotary_emb,26432,78.9457
rotary_emb,26448,79.1057
rotary_emb,26464,79.17
rotary_emb,26480,79.106
rotary_emb,26496,79.266
rotary_emb,26512,79.255
rotary_emb,26528,79.2763
rotary_emb,26544,79.4043
rotary_emb,26560,79.2447
rotary_emb,26576,79.2983
rotary_emb,26592,79.543
rotary_emb,26608,79.4793
rotary_emb,26624,79.447
rotary_emb,26640,79.6067
rotary_emb,26656,79.2767
rotary_emb,26672,79.49
rotary_emb,26688,79.4893
rotary_emb,26704,79.575
rotary_emb,26720,79.5323
rotary_emb,26736,79.7993
rotary_emb,26752,79.8313
rotary_emb,26768,80.0873
rotary_emb,26784,79.927
rotary_emb,26800,80.1403
rotary_emb,26816,79.9913
rotary_emb,26832,80.1083
rotary_emb,26848,80.3647
rotary_emb,26864,80.322
rotary_emb,26880,80.2363
rotary_emb,26896,80.418
rotary_emb,26912,80.4813
rotary_emb,26928,80.3537
rotary_emb,26944,80.3967
rotary_emb,26960,80.4283
rotary_emb,26976,80.5247
rotary_emb,26992,80.7057
rotary_emb,27008,80.674
rotary_emb,27024,80.7593
rotary_emb,27040,80.7273
rotary_emb,27056,80.4927
rotary_emb,27072,80.6847
rotary_emb,27088,80.9617
rotary_emb,27104,80.9087
rotary_emb,27120,80.8763
rotary_emb,27136,80.983
rotary_emb,27152,81.0793
rotary_emb,27168,81.2393
rotary_emb,27184,81.218
rotary_emb,27200,81.111
rotary_emb,27216,81.2287
rotary_emb,27232,81.2817
rotary_emb,27248,81.3247
rotary_emb,27264,81.5167
rotary_emb,27280,81.5487
rotary_emb,27296,81.5807
rotary_emb,27312,81.7613
rotary_emb,27328,81.6977
rotary_emb,27344,81.6977
rotary_emb,27360,81.858
rotary_emb,27376,81.7513
rotary_emb,27392,81.8253
rotary_emb,27408,81.8687
rotary_emb,27424,81.7513
rotary_emb,27440,81.9007
rotary_emb,27456,82.05
rotary_emb,27472,82.018
rotary_emb,27488,81.9967
rotary_emb,27504,82.0713
rotary_emb,27520,82.274
rotary_emb,27536,82.0817
rotary_emb,27552,82.1033
rotary_emb,27568,82.178
rotary_emb,27584,82.285
rotary_emb,27600,82.2627
rotary_emb,27616,82.2207
rotary_emb,27632,82.4443
rotary_emb,27648,82.295
rotary_emb,27664,82.3167
rotary_emb,27680,81.1647
rotary_emb,27696,81.4633
rotary_emb,27712,81.57
rotary_emb,27728,81.4317
rotary_emb,27744,81.7193
rotary_emb,27760,82.6793
rotary_emb,27776,82.7433
rotary_emb,27792,82.807
rotary_emb,27808,82.9353
rotary_emb,27824,82.722
rotary_emb,27840,82.8717
rotary_emb,27856,83.0417
rotary_emb,27872,82.8713
rotary_emb,27888,83.0417
rotary_emb,27904,82.9673
rotary_emb,27920,83.1167
rotary_emb,27936,82.946
rotary_emb,27952,83.2767
rotary_emb,27968,83.1803
rotary_emb,27984,83.266
rotary_emb,28000,83.3937
rotary_emb,28016,83.3727
rotary_emb,28032,83.4683
rotary_emb,28048,83.49
rotary_emb,28064,83.6287
rotary_emb,28080,83.5963
rotary_emb,28096,83.4793
rotary_emb,28112,83.6817
rotary_emb,28128,83.671
rotary_emb,28144,83.778
rotary_emb,28160,83.7353
rotary_emb,28176,83.97
rotary_emb,28192,83.874
rotary_emb,28208,84.066
rotary_emb,28224,83.8633
rotary_emb,28240,84.098
rotary_emb,28256,84.0657
rotary_emb,28272,84.2687
rotary_emb,28288,84.098
rotary_emb,28304,84.1617
rotary_emb,28320,84.322
rotary_emb,28336,84.3327
rotary_emb,28352,84.61
rotary_emb,28368,84.5247
rotary_emb,28384,84.706
rotary_emb,28400,84.7807
rotary_emb,28416,84.8233
rotary_emb,28432,84.8983
rotary_emb,28448,84.7913
rotary_emb,28464,85.0047
rotary_emb,28480,84.6953
rotary_emb,28496,84.93
rotary_emb,28512,85.1433
rotary_emb,28528,85.1113
rotary_emb,28544,85.0047
rotary_emb,28560,85.0687
rotary_emb,28576,85.047
rotary_emb,28592,85.2927
rotary_emb,28608,85.1433
rotary_emb,28624,85.3887
rotary_emb,28640,85.3993
rotary_emb,28656,85.5487
rotary_emb,28672,85.5807
rotary_emb,28688,85.4313
rotary_emb,28704,83.426
rotary_emb,28720,83.7033
rotary_emb,28736,83.586
rotary_emb,28752,83.7673
rotary_emb,28768,85.6553
rotary_emb,28784,85.602
rotary_emb,28800,85.6017
rotary_emb,28816,85.762
rotary_emb,28832,85.922
rotary_emb,28848,85.8683
rotary_emb,28864,85.7833
rotary_emb,28880,86.0607
rotary_emb,28896,86.1037
rotary_emb,28912,85.9003
rotary_emb,28928,86.0073
rotary_emb,28944,86.114
rotary_emb,28960,85.9113
rotary_emb,28976,86.178
rotary_emb,28992,86.3167
rotary_emb,29008,86.146
rotary_emb,29024,86.242
rotary_emb,29040,86.4127
rotary_emb,29056,86.4873
rotary_emb,29072,86.5087
rotary_emb,29088,86.4767
rotary_emb,29104,86.7327
rotary_emb,29120,86.5727
rotary_emb,29136,86.5727
rotary_emb,29152,86.722
rotary_emb,29168,86.786
rotary_emb,29184,86.8713
rotary_emb,29200,86.882
rotary_emb,29216,86.8713
rotary_emb,29232,86.85
rotary_emb,29248,87.01
rotary_emb,29264,87.0527
rotary_emb,29280,87.3197
rotary_emb,29296,87.1487
rotary_emb,29312,87.4153
rotary_emb,29328,87.3833
rotary_emb,29344,87.3087
rotary_emb,29360,87.5753
rotary_emb,29376,87.3943
rotary_emb,29392,87.394
rotary_emb,29408,87.618
rotary_emb,29424,87.618
rotary_emb,29440,87.5433
rotary_emb,29456,87.618
rotary_emb,29472,87.682
rotary_emb,29488,87.7567
rotary_emb,29504,87.7887
rotary_emb,29520,87.8953
rotary_emb,29536,87.97
rotary_emb,29552,87.8847
rotary_emb,29568,87.97
rotary_emb,29584,88.0233
rotary_emb,29600,87.949
rotary_emb,29616,88.0553
rotary_emb,29632,88.077
rotary_emb,29648,88.1197
rotary_emb,29664,88.066
rotary_emb,29680,88.162
rotary_emb,29696,88.3113
rotary_emb,29712,88.354
rotary_emb,29728,88.2793
rotary_emb,29744,88.5887
rotary_emb,29760,88.3647
rotary_emb,29776,88.3967
rotary_emb,29792,88.4287
rotary_emb,29808,88.5567
rotary_emb,29824,88.45
rotary_emb,29840,88.642
rotary_emb,29856,88.578
rotary_emb,29872,88.674
rotary_emb,29888,88.8127
rotary_emb,29904,88.7167
rotary_emb,29920,88.7273
rotary_emb,29936,88.8557
rotary_emb,29952,89.0367
rotary_emb,29968,89.0477
rotary_emb,29984,89.314
rotary_emb,30000,89.3033
rotary_emb,30016,89.0583
rotary_emb,30032,89.2503
rotary_emb,30048,89.2073
rotary_emb,30064,89.4103
rotary_emb,30080,89.346
rotary_emb,30096,89.3997
rotary_emb,30112,89.5167
rotary_emb,30128,89.698
rotary_emb,30144,89.581
rotary_emb,30160,89.602
rotary_emb,30176,89.858
rotary_emb,30192,89.8473
rotary_emb,30208,89.634
rotary_emb,30224,89.8473
rotary_emb,30240,89.9013
rotary_emb,30256,89.8153
rotary_emb,30272,89.698
rotary_emb,30288,90.05
rotary_emb,30304,89.858
rotary_emb,30320,89.8797
rotary_emb,30336,90.178
rotary_emb,30352,89.9007
rotary_emb,30368,89.986
rotary_emb,30384,90.0393
rotary_emb,30400,89.9753
rotary_emb,30416,89.9757
rotary_emb,30432,90.2313
rotary_emb,30448,90.1463
rotary_emb,30464,90.0827
rotary_emb,30480,90.562
rotary_emb,30496,90.1353
rotary_emb,30512,89.8367
rotary_emb,30528,90.029
rotary_emb,30544,90.157
rotary_emb,30560,90.1997
rotary_emb,30576,90.1887
rotary_emb,30592,90.786
rotary_emb,30608,90.3167
rotary_emb,30624,90.4447
rotary_emb,30640,90.3703
rotary_emb,30656,90.338
rotary_emb,30672,90.5513
rotary_emb,30688,90.658
rotary_emb,30704,90.6367
rotary_emb,30720,90.5727
rotary_emb,30736,90.818
rotary_emb,30752,89.538
rotary_emb,30768,89.378
rotary_emb,30784,89.773
rotary_emb,30800,89.5167
rotary_emb,30816,91.7887
rotary_emb,30832,91.885
rotary_emb,30848,91.106
rotary_emb,30864,91.2023
rotary_emb,30880,91.138
rotary_emb,30896,91.1487
rotary_emb,30912,91.1703
rotary_emb,30928,91.106
rotary_emb,30944,91.1913
rotary_emb,30960,91.448
rotary_emb,30976,91.3833
rotary_emb,30992,91.9383
rotary_emb,31008,92.269
rotary_emb,31024,92.3437
rotary_emb,31040,91.7033
rotary_emb,31056,91.7143
rotary_emb,31072,91.6393
rotary_emb,31088,91.5647
rotary_emb,31104,91.938
rotary_emb,31120,91.5647
rotary_emb,31136,91.7033
rotary_emb,31152,91.7997
rotary_emb,31168,92.0987
rotary_emb,31184,92.973
rotary_emb,31200,91.8853
rotary_emb,31216,92.1513
rotary_emb,31232,91.8633
rotary_emb,31248,92.0873
rotary_emb,31264,91.9273
rotary_emb,31280,91.938
rotary_emb,31296,91.9917
rotary_emb,31312,92.1513
rotary_emb,31328,92.0127
rotary_emb,31344,92.1407
rotary_emb,31360,93.378
rotary_emb,31376,92.13
rotary_emb,31392,92.1087
rotary_emb,31408,92.1513
rotary_emb,31424,92.1303
rotary_emb,31440,92.1727
rotary_emb,31456,92.2153
rotary_emb,31472,93.7407
rotary_emb,31488,92.4183
rotary_emb,31504,92.546
rotary_emb,31520,92.546
rotary_emb,31536,92.4077
rotary_emb,31552,92.557
rotary_emb,31568,92.5997
rotary_emb,31584,92.7487
rotary_emb,31600,92.7703
rotary_emb,31616,92.802
rotary_emb,31632,92.717
rotary_emb,31648,92.9627
rotary_emb,31664,94.1357
rotary_emb,31680,93.1327
rotary_emb,31696,92.9087
rotary_emb,31712,92.6957
rotary_emb,31728,92.8873
rotary_emb,31744,93.0047
rotary_emb,31760,92.994
rotary_emb,31776,92.7173
rotary_emb,31792,92.6953
rotary_emb,31808,92.7063
rotary_emb,31824,92.7593
rotary_emb,31840,92.8233
rotary_emb,31856,94.5733
rotary_emb,31872,93.6447
rotary_emb,31888,93.453
rotary_emb,31904,93.6447
rotary_emb,31920,93.6767
rotary_emb,31936,93.3993
rotary_emb,31952,93.2393
rotary_emb,31968,93.5913
rotary_emb,31984,93.3353
rotary_emb,32000,93.6447
rotary_emb,32016,95.17
rotary_emb,32032,93.709
rotary_emb,32048,93.7407
rotary_emb,32064,93.7837
rotary_emb,32080,93.7837
rotary_emb,32096,93.9117
rotary_emb,32112,95.4793
rotary_emb,32128,94.882
rotary_emb,32144,94.061
rotary_emb,32160,94.1887
rotary_emb,32176,93.677
rotary_emb,32192,93.8153
rotary_emb,32208,93.858
rotary_emb,32224,94.0823
rotary_emb,32240,94.1567
rotary_emb,32256,95.17
rotary_emb,32272,94.349
rotary_emb,32288,94.1673
rotary_emb,32304,94.1567
rotary_emb,32320,94.2847
rotary_emb,32336,94.4233
rotary_emb,32352,94.3807
rotary_emb,32368,94.2527
rotary_emb,32384,94.4343
rotary_emb,32400,94.3597
rotary_emb,32416,94.4343
rotary_emb,32432,94.402
rotary_emb,32448,94.5833
rotary_emb,32464,94.6263
rotary_emb,32480,94.6693
rotary_emb,32496,94.6367
rotary_emb,32512,94.6903
rotary_emb,32528,94.7327
rotary_emb,32544,94.6477
rotary_emb,32560,94.7437
rotary_emb,32576,95.01
rotary_emb,32592,95.1603
rotary_emb,32608,94.9997
rotary_emb,32624,95.0743
rotary_emb,32640,95.0313
rotary_emb,32656,94.9677
rotary_emb,32672,95.021
rotary_emb,32688,95.117
rotary_emb,32704,95.2127
rotary_emb,32720,95.33
rotary_emb,32736,95.4483
rotary_emb,32752,95.3727
rotary_emb,32768,95.3837
