regime,n,nb,ratio,skew,pc,kp,kvs,kv_big,kv_mean,t_mean_us,t_max_us,t_skew_us,alpha
pure,2,1,0.5,4.0,0,0,128,512,320,57.376,58.722,58.595,0.9056
pure,2,1,0.5,4.0,0,0,512,2048,1280,62.657,67.745,65.6,0.5784
pure,2,1,0.5,4.0,0,0,2048,8192,5120,105.409,129.86,117.987,0.5144
pure,2,1,0.5,4.0,0,0,8192,32768,20480,217.157,273.256,188.805,-0.5054
mixed,2,1,0.5,4.0,16,0,128,512,320,75.809,109.506,108.93,0.9829
mixed,2,1,0.5,4.0,16,0,512,2048,1280,218.086,326.184,323.239,0.9728
mixed,2,1,0.5,4.0,16,0,2048,8192,5120,759.091,1190.843,1184.124,0.9844
mixed,2,1,0.5,4.0,16,0,8192,32768,20480,2918.31,4644.495,4645.327,1.0005
mixed,2,1,0.5,4.0,16,512,128,512,320,110.596,111.203,110.85,0.4185
mixed,2,1,0.5,4.0,16,512,512,2048,1280,218.118,326.665,324.328,0.9785
mixed,2,1,0.5,4.0,16,512,2048,8192,5120,760.081,1192.508,1183.643,0.9795
mixed,2,1,0.5,4.0,16,512,8192,32768,20480,2921.733,4648.913,4639.66,0.9946
mixed,2,1,0.5,4.0,16,2048,128,512,320,327.081,327.272,327.176,0.4974
mixed,2,1,0.5,4.0,16,2048,512,2048,1280,327.656,327.398,327.271,
mixed,2,1,0.5,4.0,16,2048,2048,8192,5120,760.116,1192.701,1187.451,0.9879
mixed,2,1,0.5,4.0,16,2048,8192,32768,20480,2921.797,4649.165,4621.837,0.9842
mixed,2,1,0.5,4.0,16,8192,128,512,320,1193.627,1194.012,1193.692,0.1688
mixed,2,1,0.5,4.0,16,8192,512,2048,1280,1193.948,1193.852,1193.821,
mixed,2,1,0.5,4.0,16,8192,2048,8192,5120,1194.718,1194.3,1193.757,
mixed,2,1,0.5,4.0,16,8192,8192,32768,20480,2922.117,4649.229,4634.062,0.9912
mixed,2,1,0.5,4.0,16,20480,128,512,320,2919.492,2923.75,2924.036,1.0672
mixed,2,1,0.5,4.0,16,20480,512,2048,1280,2923.94,2924.294,2923.877,-0.178
mixed,2,1,0.5,4.0,16,20480,2048,8192,5120,2924.004,2924.775,2924.518,0.6667
mixed,2,1,0.5,4.0,16,20480,8192,32768,20480,2923.109,4649.294,4638.701,0.9939
mixed,2,1,0.5,4.0,64,0,128,512,320,76.355,110.084,109.443,0.981
mixed,2,1,0.5,4.0,64,0,512,2048,1280,218.597,327.432,324.647,0.9744
mixed,2,1,0.5,4.0,64,0,2048,8192,5120,760.275,1192.603,1187.26,0.9876
mixed,2,1,0.5,4.0,64,0,8192,32768,20480,2919.398,4647.341,4648.749,1.0008
mixed,2,1,0.5,4.0,64,512,128,512,320,113.121,112.931,112.93,
mixed,2,1,0.5,4.0,64,512,512,2048,1280,218.852,326.376,325.576,0.9926
mixed,2,1,0.5,4.0,64,512,2048,8192,5120,759.698,1192.316,1187.452,0.9888
mixed,2,1,0.5,4.0,64,512,8192,32768,20480,2919.62,4647.661,4648.972,1.0008
mixed,2,1,0.5,4.0,64,2048,128,512,320,329.321,329.449,329.542,1.7266
mixed,2,1,0.5,4.0,64,2048,512,2048,1280,329.832,329.992,329.672,-1.0
mixed,2,1,0.5,4.0,64,2048,2048,8192,5120,759.249,1193.085,1187.388,0.9869
mixed,2,1,0.5,4.0,64,2048,8192,32768,20480,2919.174,4646.766,4648.909,1.0012
mixed,2,1,0.5,4.0,64,8192,128,512,320,1196.029,1195.934,1195.805,
mixed,2,1,0.5,4.0,64,8192,512,2048,1280,1195.804,1195.804,1195.805,
mixed,2,1,0.5,4.0,64,8192,2048,8192,5120,1196.219,1196.124,1196.219,
mixed,2,1,0.5,4.0,64,8192,8192,32768,20480,2923.303,4647.086,4649.358,1.0013
mixed,2,1,0.5,4.0,64,20480,128,512,320,2926.597,2925.474,2926.596,
mixed,2,1,0.5,4.0,64,20480,512,2048,1280,2925.892,2926.309,2926.309,1.0
mixed,2,1,0.5,4.0,64,20480,2048,8192,5120,2925.828,2926.15,2925.636,-0.5963
mixed,2,1,0.5,4.0,64,20480,8192,32768,20480,2923.844,4647.822,4649.357,1.0009
mixed,2,1,0.5,4.0,256,0,128,512,320,78.594,112.258,112.067,0.9943
mixed,2,1,0.5,4.0,256,0,512,2048,1280,220.39,328.678,327.655,0.9906
mixed,2,1,0.5,4.0,256,0,2048,8192,5120,761.265,1193.115,1190.332,0.9936
mixed,2,1,0.5,4.0,256,0,8192,32768,20480,2921.316,4645.804,4652.557,1.0039
mixed,2,1,0.5,4.0,256,512,128,512,320,132.099,132.322,131.939,-0.7175
mixed,2,1,0.5,4.0,256,512,512,2048,1280,220.644,329.158,327.848,0.9879
mixed,2,1,0.5,4.0,256,512,2048,8192,5120,763.186,1193.499,1190.556,0.9932
mixed,2,1,0.5,4.0,256,512,8192,32768,20480,2922.019,4655.726,4656.715,1.0006
mixed,2,1,0.5,4.0,256,2048,128,512,320,343.527,343.465,343.272,
mixed,2,1,0.5,4.0,256,2048,512,2048,1280,344.903,345.512,343.656,-2.0476
mixed,2,1,0.5,4.0,256,2048,2048,8192,5120,761.49,1192.987,1189.339,0.9915
mixed,2,1,0.5,4.0,256,2048,8192,32768,20480,2917.667,4646.604,4649.9,1.0019
mixed,2,1,0.5,4.0,256,8192,128,512,320,1195.581,1196.988,1195.772,0.1357
mixed,2,1,0.5,4.0,256,8192,512,2048,1280,1196.123,1196.349,1196.284,0.7124
mixed,2,1,0.5,4.0,256,8192,2048,8192,5120,1196.605,1195.579,1195.612,
mixed,2,1,0.5,4.0,256,8192,8192,32768,20480,2918.434,4648.908,4651.98,1.0018
mixed,2,1,0.5,4.0,256,20480,128,512,320,2923.076,2923.299,2923.462,1.7309
mixed,2,1,0.5,4.0,256,20480,512,2048,1280,2923.875,2923.363,2923.491,
mixed,2,1,0.5,4.0,256,20480,2048,8192,5120,2923.139,2921.828,2922.148,
mixed,2,1,0.5,4.0,256,20480,8192,32768,20480,2921.923,4656.906,4656.939,1.0
mixed,2,1,0.5,4.0,1024,0,128,512,320,172.644,172.388,172.548,
mixed,2,1,0.5,4.0,1024,0,512,2048,1280,226.981,334.215,332.199,0.9812
mixed,2,1,0.5,4.0,1024,0,2048,8192,5120,766.897,1197.052,1190.653,0.9851
mixed,2,1,0.5,4.0,1024,0,8192,32768,20480,2920.772,4638.731,4635.369,0.998
mixed,2,1,0.5,4.0,1024,512,128,512,320,243.174,243.205,243.109,-2.0968
mixed,2,1,0.5,4.0,1024,512,512,2048,1280,243.429,334.92,332.679,0.9755
mixed,2,1,0.5,4.0,1024,512,2048,8192,5120,765.777,1199.131,1190.236,0.9795
mixed,2,1,0.5,4.0,1024,512,8192,32768,20480,2922.083,4642.669,4642.54,0.9999
mixed,2,1,0.5,4.0,1024,2048,128,512,320,453.772,453.29,453.705,
mixed,2,1,0.5,4.0,1024,2048,512,2048,1280,453.931,454.154,453.802,-0.5785
mixed,2,1,0.5,4.0,1024,2048,2048,8192,5120,767.121,1195.132,1191.804,0.9922
mixed,2,1,0.5,4.0,1024,2048,8192,32768,20480,2918.433,4638.667,4639.435,1.0004
mixed,2,1,0.5,4.0,1024,8192,128,512,320,1296.832,1296.797,1299.037,
mixed,2,1,0.5,4.0,1024,8192,512,2048,1280,1295.613,1297.566,1298.269,1.36
mixed,2,1,0.5,4.0,1024,8192,2048,8192,5120,1298.206,1297.918,1299.07,
mixed,2,1,0.5,4.0,1024,8192,8192,32768,20480,2921.189,4643.242,4636.745,0.9962
mixed,2,1,0.5,4.0,1024,20480,128,512,320,2986.627,2993.027,2989.414,0.4355
mixed,2,1,0.5,4.0,1024,20480,512,2048,1280,2987.589,2988.933,2988.611,0.7604
mixed,2,1,0.5,4.0,1024,20480,2048,8192,5120,2989.317,2989.637,2990.853,4.8
mixed,2,1,0.5,4.0,1024,20480,8192,32768,20480,2989.444,4644.81,4626.763,0.9891
mixed,2,1,0.5,4.0,4096,0,128,512,320,971.958,971.668,973.911,
mixed,2,1,0.5,4.0,4096,0,512,2048,1280,969.142,970.262,970.298,1.0321
mixed,2,1,0.5,4.0,4096,0,2048,8192,5120,1190.235,1615.43,1577.572,0.911
mixed,2,1,0.5,4.0,4096,0,8192,32768,20480,3309.869,4988.787,4968.658,0.988
mixed,2,1,0.5,4.0,4096,512,128,512,320,1138.78,1139.034,1138.618,-0.6378
mixed,2,1,0.5,4.0,4096,512,512,2048,1280,1138.65,1139.771,1141.02,2.1142
mixed,2,1,0.5,4.0,4096,512,2048,8192,5120,1302.11,1727.431,1689.32,0.9104
mixed,2,1,0.5,4.0,4096,512,8192,32768,20480,3448.176,5166.934,5081.72,0.9504
mixed,2,1,0.5,4.0,4096,2048,128,512,320,1625.574,1625.06,1624.135,
mixed,2,1,0.5,4.0,4096,2048,512,2048,1280,1624.931,1626.341,1626.885,1.3858
mixed,2,1,0.5,4.0,4096,2048,2048,8192,5120,1646.726,2025.455,1977.647,0.8738
mixed,2,1,0.5,4.0,4096,2048,8192,32768,20480,3750.361,5475.615,5409.401,0.9616
mixed,2,1,0.5,4.0,4096,8192,128,512,320,3354.286,3357.934,3355.596,0.3591
mixed,2,1,0.5,4.0,4096,8192,512,2048,1280,3356.717,3357.005,3357.869,4.0
mixed,2,1,0.5,4.0,4096,8192,2048,8192,5120,3369.392,3369.997,3365.615,-6.243
mixed,2,1,0.5,4.0,4096,8192,8192,32768,20480,4692.044,6404.596,6346.991,0.9664
mixed,2,1,0.5,4.0,4096,20480,128,512,320,6715.451,6716.732,6714.171,-0.9992
mixed,2,1,0.5,4.0,4096,20480,512,2048,1280,6716.535,6714.718,6715.419,
mixed,2,1,0.5,4.0,4096,20480,2048,8192,5120,6726.072,6720.951,6722.399,
mixed,2,1,0.5,4.0,4096,20480,8192,32768,20480,6720.41,8113.496,8049.94,0.9544
mixed,2,1,0.5,4.0,16384,0,128,512,320,9893.156,9885.692,9884.229,
mixed,2,1,0.5,4.0,16384,0,512,2048,1280,9878.367,9887.52,9888.868,1.1473
mixed,2,1,0.5,4.0,16384,0,2048,8192,5120,9919.776,9905.373,9911.336,
mixed,2,1,0.5,4.0,16384,0,8192,32768,20480,10859.894,12641.853,12451.58,0.8932
mixed,2,1,0.5,4.0,16384,512,128,512,320,10432.59,10435.79,10430.99,-0.5
mixed,2,1,0.5,4.0,16384,512,512,2048,1280,10462.895,10464.46,10460.497,-1.5323
mixed,2,1,0.5,4.0,16384,512,2048,8192,5120,10497.163,10503.888,10512.721,2.3135
mixed,2,1,0.5,4.0,16384,512,8192,32768,20480,11331.741,13096.23,12906.472,0.8925
mixed,2,1,0.5,4.0,16384,2048,128,512,320,12170.099,12156.824,12147.09,
mixed,2,1,0.5,4.0,16384,2048,512,2048,1280,12160.212,12161.304,12145.619,-13.3636
mixed,2,1,0.5,4.0,16384,2048,2048,8192,5120,12194.579,12197.944,12171.968,-6.7195
mixed,2,1,0.5,4.0,16384,2048,8192,32768,20480,12797.444,14566.375,14373.101,0.8907
mixed,2,1,0.5,4.0,16384,8192,128,512,320,18872.716,18870.644,18853.541,
mixed,2,1,0.5,4.0,16384,8192,512,2048,1280,18860.278,18847.534,18868.432,
mixed,2,1,0.5,4.0,16384,8192,2048,8192,5120,18842.985,18940.182,18894.861,0.5337
mixed,2,1,0.5,4.0,16384,8192,8192,32768,20480,18981.514,20678.512,20426.647,0.8516
mixed,2,1,0.5,4.0,16384,20480,128,512,320,32308.286,32313.945,32313.505,0.9222
mixed,2,1,0.5,4.0,16384,20480,512,2048,1280,32318.493,32298.207,32310.871,
mixed,2,1,0.5,4.0,16384,20480,2048,8192,5120,32298.384,32426.687,32396.93,0.7681
mixed,2,1,0.5,4.0,16384,20480,8192,32768,20480,32431.776,32477.346,32458.408,0.5844
mixed,2,1,0.5,4.0,32768,0,128,512,320,36565.477,36610.015,36615.135,1.115
mixed,2,1,0.5,4.0,32768,0,512,2048,1280,34804.134,31903.051,31865.771,
mixed,2,1,0.5,4.0,32768,0,2048,8192,5120,31920.847,31913.21,31917.85,
mixed,2,1,0.5,4.0,32768,0,8192,32768,20480,31985.404,32559.206,32185.655,0.349
mixed,2,1,0.5,4.0,32768,512,128,512,320,32859.761,32841.709,32876.843,
mixed,2,1,0.5,4.0,32768,512,512,2048,1280,32839.655,32825.803,32863.846,
mixed,2,1,0.5,4.0,32768,512,2048,8192,5120,32831.756,32904.078,32879.732,0.6634
mixed,2,1,0.5,4.0,32768,512,8192,32768,20480,32932.334,33395.923,33103.417,0.369
mixed,2,1,0.5,4.0,32768,2048,128,512,320,35752.332,35710.666,35766.358,
mixed,2,1,0.5,4.0,32768,2048,512,2048,1280,35743.689,35709.432,35737.649,
mixed,2,1,0.5,4.0,32768,2048,2048,8192,5120,35737.135,35734.733,35729.132,
mixed,2,1,0.5,4.0,32768,2048,8192,32768,20480,35740.34,36087.384,35778.352,0.1095
pure,8,1,0.125,4.0,0,0,128,512,176,49.89,54.561,52.097,0.4725
pure,8,1,0.125,4.0,0,0,512,2048,704,57.123,99.619,75.362,0.4292
pure,8,1,0.125,4.0,0,0,2048,8192,2816,134.626,236.869,139.62,0.0488
pure,8,1,0.125,4.0,0,0,8192,32768,11264,331.815,750.546,401.768,0.1671
mixed,8,1,0.125,4.0,16,0,128,512,176,57.185,108.9,108.353,0.9894
mixed,8,1,0.125,4.0,16,0,512,2048,704,129.155,326.663,323.913,0.9861
mixed,8,1,0.125,4.0,16,0,2048,8192,2816,434.569,1192.667,1182.811,0.987
mixed,8,1,0.125,4.0,16,0,8192,32768,11264,1623.173,4644.363,4633.673,0.9965
mixed,8,1,0.125,4.0,16,512,128,512,176,109.314,109.955,109.731,0.6505
mixed,8,1,0.125,4.0,16,512,512,2048,704,129.315,326.631,324.266,0.988
mixed,8,1,0.125,4.0,16,512,2048,8192,2816,435.209,1192.762,1184.537,0.9891
mixed,8,1,0.125,4.0,16,512,8192,32768,11264,1623.11,4645.899,4637.609,0.9973
mixed,8,1,0.125,4.0,16,2048,128,512,176,325.736,326.92,326.375,0.5397
mixed,8,1,0.125,4.0,16,2048,512,2048,704,326.599,327.655,327.559,0.9091
mixed,8,1,0.125,4.0,16,2048,2048,8192,2816,435.049,1191.997,1184.347,0.9899
mixed,8,1,0.125,4.0,16,2048,8192,32768,11264,1622.661,4646.344,4642.569,0.9988
mixed,8,1,0.125,4.0,16,8192,128,512,176,1192.123,1192.507,1192.155,0.0833
mixed,8,1,0.125,4.0,16,8192,512,2048,704,1192.09,1193.467,1193.146,0.7669
mixed,8,1,0.125,4.0,16,8192,2048,8192,2816,1193.914,1193.915,1193.435,-479.0
mixed,8,1,0.125,4.0,16,8192,8192,32768,11264,1623.461,4646.695,4635.656,0.9963
mixed,8,1,0.125,4.0,16,20480,128,512,176,2919.298,2920.13,2919.555,0.3089
mixed,8,1,0.125,4.0,16,20480,512,2048,704,2919.971,2920.867,2920.098,0.1417
mixed,8,1,0.125,4.0,16,20480,2048,8192,2816,2920.58,2921.698,2920.578,-0.0018
mixed,8,1,0.125,4.0,16,20480,8192,32768,11264,2921.09,4646.537,4635.273,0.9935
mixed,8,1,0.125,4.0,64,0,128,512,176,57.537,109.603,108.578,0.9803
mixed,8,1,0.125,4.0,64,0,512,2048,704,129.602,327.783,324.166,0.9817
mixed,8,1,0.125,4.0,64,0,2048,8192,2816,435.337,1192.57,1183.962,0.9886
mixed,8,1,0.125,4.0,64,0,8192,32768,11264,1623.556,4648.361,4643.433,0.9984
mixed,8,1,0.125,4.0,64,512,128,512,176,111.748,111.746,111.49,
mixed,8,1,0.125,4.0,64,512,512,2048,704,129.731,327.271,324.583,0.9864
mixed,8,1,0.125,4.0,64,512,2048,8192,2816,435.689,1192.987,1185.82,0.9905
mixed,8,1,0.125,4.0,64,512,8192,32768,11264,1624.04,4645.96,4643.049,0.999
mixed,8,1,0.125,4.0,64,2048,128,512,176,328.392,328.423,328.105,-9.2581
mixed,8,1,0.125,4.0,64,2048,512,2048,704,329.448,329.607,328.425,-6.434
mixed,8,1,0.125,4.0,64,2048,2048,8192,2816,435.466,1192.763,1185.787,0.9908
mixed,8,1,0.125,4.0,64,2048,8192,32768,11264,1622.63,4646.249,4643.239,0.999
mixed,8,1,0.125,4.0,64,8192,128,512,176,1193.179,1193.276,1192.859,-3.299
mixed,8,1,0.125,4.0,64,8192,512,2048,704,1192.859,1192.828,1192.314,
mixed,8,1,0.125,4.0,64,8192,2048,8192,2816,1193.146,1194.78,1194.843,1.0386
mixed,8,1,0.125,4.0,64,8192,8192,32768,11264,1623.843,4646.667,4644.33,0.9992
mixed,8,1,0.125,4.0,64,20480,128,512,176,2921.698,2921.249,2922.21,
mixed,8,1,0.125,4.0,64,20480,512,2048,704,2923.427,2922.209,2921.091,
mixed,8,1,0.125,4.0,64,20480,2048,8192,2816,2921.568,2923.456,2921.826,0.1367
mixed,8,1,0.125,4.0,64,20480,8192,32768,11264,2921.986,4646.727,4643.017,0.9978
mixed,8,1,0.125,4.0,256,0,128,512,176,62.369,114.275,111.204,0.9408
mixed,8,1,0.125,4.0,256,0,512,2048,704,133.986,331.431,327.431,0.9797
mixed,8,1,0.125,4.0,256,0,2048,8192,2816,440.01,1196.411,1188.506,0.9895
mixed,8,1,0.125,4.0,256,0,8192,32768,11264,1627.876,4649.8,4646.952,0.9991
mixed,8,1,0.125,4.0,256,512,128,512,176,131.812,133.059,131.907,0.0762
mixed,8,1,0.125,4.0,256,512,512,2048,704,133.924,331.272,327.655,0.9817
mixed,8,1,0.125,4.0,256,512,2048,8192,2816,440.362,1196.412,1187.676,0.9884
mixed,8,1,0.125,4.0,256,512,8192,32768,11264,1628.9,4653.512,4643.752,0.9968
mixed,8,1,0.125,4.0,256,2048,128,512,176,343.048,343.336,343.303,0.8854
mixed,8,1,0.125,4.0,256,2048,512,2048,704,343.175,345.225,343.592,0.2034
mixed,8,1,0.125,4.0,256,2048,2048,8192,2816,439.881,1196.283,1187.45,0.9883
mixed,8,1,0.125,4.0,256,2048,8192,32768,11264,1626.18,4646.056,4643.848,0.9993
mixed,8,1,0.125,4.0,256,8192,128,512,176,1200.056,1200.379,1199.676,-1.1765
mixed,8,1,0.125,4.0,256,8192,512,2048,704,1199.77,1199.898,1199.771,0.0078
mixed,8,1,0.125,4.0,256,8192,2048,8192,2816,1200.251,1199.707,1201.787,
mixed,8,1,0.125,4.0,256,8192,8192,32768,11264,1625.541,4650.568,4642.12,0.9972
mixed,8,1,0.125,4.0,256,20480,128,512,176,2930.115,2928.77,2929.602,
mixed,8,1,0.125,4.0,256,20480,512,2048,704,2929.188,2930.367,2928.706,-0.4088
mixed,8,1,0.125,4.0,256,20480,2048,8192,2816,2930.048,2931.043,2929.952,-0.0965
mixed,8,1,0.125,4.0,256,20480,8192,32768,11264,2928.321,4650.695,4645.254,0.9968
mixed,8,1,0.125,4.0,1024,0,128,512,176,178.019,178.149,177.797,-1.7077
mixed,8,1,0.125,4.0,1024,0,512,2048,704,177.797,340.198,335.848,0.9732
mixed,8,1,0.125,4.0,1024,0,2048,8192,2816,448.073,1203.899,1196.028,0.9896
mixed,8,1,0.125,4.0,1024,0,8192,32768,11264,1635.684,4654.247,4641.098,0.9956
mixed,8,1,0.125,4.0,1024,512,128,512,176,247.589,247.909,248.102,1.6031
mixed,8,1,0.125,4.0,1024,512,512,2048,704,248.486,340.296,335.049,0.9428
mixed,8,1,0.125,4.0,1024,512,2048,8192,2816,448.139,1203.356,1193.691,0.9872
mixed,8,1,0.125,4.0,1024,512,8192,32768,11264,1635.27,4654.217,4639.399,0.9951
mixed,8,1,0.125,4.0,1024,2048,128,512,176,459.37,459.338,459.466,
mixed,8,1,0.125,4.0,1024,2048,512,2048,704,460.138,459.85,459.371,
mixed,8,1,0.125,4.0,1024,2048,2048,8192,2816,459.754,1203.707,1194.875,0.9881
mixed,8,1,0.125,4.0,1024,2048,8192,32768,11264,1636.261,4651.177,4635.496,0.9948
mixed,8,1,0.125,4.0,1024,8192,128,512,176,1303.007,1303.805,1301.597,-1.7669
mixed,8,1,0.125,4.0,1024,8192,512,2048,704,1300.444,1303.677,1302.814,0.7331
mixed,8,1,0.125,4.0,1024,8192,2048,8192,2816,1301.758,1307.995,1305.309,0.5693
mixed,8,1,0.125,4.0,1024,8192,8192,32768,11264,1634.276,4656.486,4646.056,0.9965
mixed,8,1,0.125,4.0,1024,20480,128,512,176,3000.801,2997.409,2992.384,
mixed,8,1,0.125,4.0,1024,20480,512,2048,704,3005.86,3004.869,2999.684,
mixed,8,1,0.125,4.0,1024,20480,2048,8192,2816,2997.121,3000.258,2998.242,0.3573
mixed,8,1,0.125,4.0,1024,20480,8192,32768,11264,3005.283,4657.383,4647.718,0.9941
mixed,8,1,0.125,4.0,4096,0,128,512,176,980.213,982.486,979.859,-0.1557
mixed,8,1,0.125,4.0,4096,0,512,2048,704,983.255,1021.685,983.54,0.0074
mixed,8,1,0.125,4.0,4096,0,2048,8192,2816,1030.903,1751.015,1619.621,0.8175
mixed,8,1,0.125,4.0,4096,0,8192,32768,11264,2185.807,5207.858,5031.697,0.9417
mixed,8,1,0.125,4.0,4096,512,128,512,176,1140.825,1162.906,1141.051,0.0102
mixed,8,1,0.125,4.0,4096,512,512,2048,704,1160.187,1172.568,1157.208,-0.2406
mixed,8,1,0.125,4.0,4096,512,2048,8192,2816,1202.108,1861.42,1719.91,0.7854
mixed,8,1,0.125,4.0,4096,512,8192,32768,11264,2293.298,5313.364,5151.601,0.9464
mixed,8,1,0.125,4.0,4096,2048,128,512,176,1625.189,1639.142,1623.555,-0.1171
mixed,8,1,0.125,4.0,4096,2048,512,2048,704,1638.95,1652.9,1646.563,0.5457
mixed,8,1,0.125,4.0,4096,2048,2048,8192,2816,1686.948,2167.472,1998.027,0.6474
mixed,8,1,0.125,4.0,4096,2048,8192,32768,11264,2597.946,5614.11,5472.763,0.9531
mixed,8,1,0.125,4.0,4096,8192,128,512,176,3359.819,3355.177,3353.898,
mixed,8,1,0.125,4.0,4096,8192,512,2048,704,3359.947,3383.307,3365.312,0.2297
mixed,8,1,0.125,4.0,4096,8192,2048,8192,2816,3384.877,3712.178,3385.706,0.0025
mixed,8,1,0.125,4.0,4096,8192,8192,32768,11264,4191.709,7278.308,7063.775,0.9305
mixed,8,1,0.125,4.0,4096,20480,128,512,176,6713.136,6713.462,6713.362,0.6933
mixed,8,1,0.125,4.0,4096,20480,512,2048,704,6714.935,6742.999,6717.43,0.0889
mixed,8,1,0.125,4.0,4096,20480,2048,8192,2816,6740.856,6744.499,6745.073,1.1576
mixed,8,1,0.125,4.0,4096,20480,8192,32768,11264,6990.397,10572.297,8084.016,0.3053
mixed,8,1,0.125,4.0,16384,0,128,512,176,9898.199,9902.939,9893.561,-0.9785
mixed,8,1,0.125,4.0,16384,0,512,2048,704,9895.034,9961.183,9898.269,0.0489
mixed,8,1,0.125,4.0,16384,0,2048,8192,2816,10007.902,10031.551,10011.839,0.1665
mixed,8,1,0.125,4.0,16384,0,8192,32768,11264,10140.609,13296.262,12542.735,0.7612
mixed,8,1,0.125,4.0,16384,512,128,512,176,10482.728,10490.404,10487.429,0.6124
mixed,8,1,0.125,4.0,16384,512,512,2048,704,10483.333,10536.394,10489.959,0.1249
mixed,8,1,0.125,4.0,16384,512,2048,8192,2816,10537.705,10608.811,10529.607,-0.1139
mixed,8,1,0.125,4.0,16384,512,8192,32768,11264,10666.123,13786.669,13030.401,0.7576
mixed,8,1,0.125,4.0,16384,2048,128,512,176,12182.316,12187.019,12179.081,-0.6879
mixed,8,1,0.125,4.0,16384,2048,512,2048,704,12190.857,12217.999,12205.042,0.5226
mixed,8,1,0.125,4.0,16384,2048,2048,8192,2816,12207.726,12238.352,12211.982,0.139
mixed,8,1,0.125,4.0,16384,2048,8192,32768,11264,12317.486,15406.038,14473.791,0.6982
mixed,8,1,0.125,4.0,16384,8192,128,512,176,18851.745,18840.833,18855.301,
mixed,8,1,0.125,4.0,16384,8192,512,2048,704,18868.511,18855.455,18854.305,
mixed,8,1,0.125,4.0,16384,8192,2048,8192,2816,18848.922,19191.937,18899.263,0.1468
mixed,8,1,0.125,4.0,16384,8192,8192,32768,11264,19201.157,21434.58,20509.605,0.5858
mixed,8,1,0.125,4.0,16384,20480,128,512,176,32316.324,32307.951,32295.022,
mixed,8,1,0.125,4.0,16384,20480,512,2048,704,32304.593,32290.859,32308.844,
mixed,8,1,0.125,4.0,16384,20480,2048,8192,2816,32288.396,32647.691,32322.54,0.095
mixed,8,1,0.125,4.0,16384,20480,8192,32768,11264,32605.548,33231.927,32629.671,0.0385
mixed,8,1,0.125,4.0,32768,0,128,512,176,36631.093,32207.617,31792.513,
mixed,8,1,0.125,4.0,32768,0,512,2048,704,31767.676,31788.413,31733.592,-1.6436
mixed,8,1,0.125,4.0,32768,0,2048,8192,2816,32071.833,32193.07,32079.941,0.0669
mixed,8,1,0.125,4.0,32768,0,8192,32768,11264,32230.824,33555.75,32383.593,0.1153
mixed,8,1,0.125,4.0,32768,512,128,512,176,33015.004,32981.814,33040.226,
mixed,8,1,0.125,4.0,32768,512,512,2048,704,32975.829,33024.341,33030.328,1.1234
mixed,8,1,0.125,4.0,32768,512,2048,8192,2816,33016.764,33132.73,32979.322,-0.3229
mixed,8,1,0.125,4.0,32768,512,8192,32768,11264,33165.429,34502.364,33308.545,0.107
mixed,8,1,0.125,4.0,32768,2048,128,512,176,35900.286,35872.568,35889.379,
mixed,8,1,0.125,4.0,32768,2048,512,2048,704,35909.27,35867.736,35894.972,
mixed,8,1,0.125,4.0,32768,2048,2048,8192,2816,35850.747,35901.66,35869.276,0.3639
mixed,8,1,0.125,4.0,32768,2048,8192,32768,11264,36026.046,37181.783,36041.627,0.0135
pure,8,2,0.25,4.0,0,0,128,512,224,50.21,54.944,59.489,1.9601
pure,8,2,0.25,4.0,0,0,512,2048,896,68.065,109.219,80.899,0.3119
pure,8,2,0.25,4.0,0,0,2048,8192,3584,149.987,236.07,144.194,-0.0673
pure,8,2,0.25,4.0,0,0,8192,32768,14336,378.759,750.417,407.433,0.0772
mixed,8,2,0.25,4.0,16,0,128,512,224,57.922,108.771,108.705,0.9987
mixed,8,2,0.25,4.0,16,0,512,2048,896,163.461,327.367,326.246,0.9932
mixed,8,2,0.25,4.0,16,0,2048,8192,3584,544.202,1192.315,1191.257,0.9984
mixed,8,2,0.25,4.0,16,0,8192,32768,14336,2055.694,4647.141,4644.23,0.9989
mixed,8,2,0.25,4.0,16,512,128,512,224,109.57,110.083,109.506,-0.1248
mixed,8,2,0.25,4.0,16,512,512,2048,896,164.131,326.502,326.249,0.9984
mixed,8,2,0.25,4.0,16,512,2048,8192,3584,543.468,1192.058,1190.939,0.9983
mixed,8,2,0.25,4.0,16,512,8192,32768,14336,2056.878,4647.302,4644.228,0.9988
mixed,8,2,0.25,4.0,16,2048,128,512,224,325.798,326.983,327.015,1.027
mixed,8,2,0.25,4.0,16,2048,512,2048,896,327.398,327.752,327.784,1.0904
mixed,8,2,0.25,4.0,16,2048,2048,8192,3584,543.404,1191.611,1190.876,0.9989
mixed,8,2,0.25,4.0,16,2048,8192,32768,14336,2054.348,4649.127,4643.879,0.998
mixed,8,2,0.25,4.0,16,8192,128,512,224,1191.452,1192.187,1192.539,1.4789
mixed,8,2,0.25,4.0,16,8192,512,2048,896,1192.923,1193.628,1193.21,0.4071
mixed,8,2,0.25,4.0,16,8192,2048,8192,3584,1193.563,1193.753,1193.338,-1.1842
mixed,8,2,0.25,4.0,16,8192,8192,32768,14336,2055.244,4646.12,4644.102,0.9992
mixed,8,2,0.25,4.0,16,20480,128,512,224,2919.262,2919.903,2919.872,0.9516
mixed,8,2,0.25,4.0,16,20480,512,2048,896,2920.065,2920.417,2919.903,-0.4602
mixed,8,2,0.25,4.0,16,20480,2048,8192,3584,2921.44,2921.282,2920.834,
mixed,8,2,0.25,4.0,16,20480,8192,32768,14336,2921.983,4646.373,4643.494,0.9983
mixed,8,2,0.25,4.0,64,0,128,512,224,58.177,110.019,109.218,0.9845
mixed,8,2,0.25,4.0,64,0,512,2048,896,164.707,327.687,326.502,0.9927
mixed,8,2,0.25,4.0,64,0,2048,8192,3584,544.685,1192.538,1191.77,0.9988
mixed,8,2,0.25,4.0,64,0,8192,32768,14336,2055.438,4645.733,4643.462,0.9991
mixed,8,2,0.25,4.0,64,512,128,512,224,111.523,111.651,111.586,0.4922
mixed,8,2,0.25,4.0,64,512,512,2048,896,164.484,326.855,326.182,0.9959
mixed,8,2,0.25,4.0,64,512,2048,8192,3584,543.467,1192.922,1190.522,0.9963
mixed,8,2,0.25,4.0,64,512,8192,32768,14336,2055.212,4645.894,4644.614,0.9995
mixed,8,2,0.25,4.0,64,2048,128,512,224,328.007,328.328,327.945,-0.1931
mixed,8,2,0.25,4.0,64,2048,512,2048,896,328.583,329.32,328.905,0.4369
mixed,8,2,0.25,4.0,64,2048,2048,8192,3584,544.396,1193.755,1191.578,0.9966
mixed,8,2,0.25,4.0,64,2048,8192,32768,14336,2055.948,4647.143,4644.932,0.9991
mixed,8,2,0.25,4.0,64,8192,128,512,224,1194.171,1194.651,1194.01,-0.3354
mixed,8,2,0.25,4.0,64,8192,512,2048,896,1194.426,1195.29,1194.584,0.1829
mixed,8,2,0.25,4.0,64,8192,2048,8192,3584,1194.554,1194.682,1194.521,-0.2578
mixed,8,2,0.25,4.0,64,8192,8192,32768,14336,2054.861,4644.612,4646.087,1.0006
mixed,8,2,0.25,4.0,64,20480,128,512,224,2921.631,2921.215,2920.32,
mixed,8,2,0.25,4.0,64,20480,512,2048,896,2921.151,2920.991,2921.089,
mixed,8,2,0.25,4.0,64,20480,2048,8192,3584,2921.759,2922.432,2921.569,-0.2823
mixed,8,2,0.25,4.0,64,20480,8192,32768,14336,2923.039,4649.636,4648.39,0.9993
mixed,8,2,0.25,4.0,256,0,128,512,224,63.201,114.658,111.106,0.931
mixed,8,2,0.25,4.0,256,0,512,2048,896,169.028,331.399,328.872,0.9844
mixed,8,2,0.25,4.0,256,0,2048,8192,3584,547.757,1196.025,1192.027,0.9938
mixed,8,2,0.25,4.0,256,0,8192,32768,14336,2057.227,4651.558,4645.381,0.9976
mixed,8,2,0.25,4.0,256,512,128,512,224,131.715,132.481,131.81,0.124
mixed,8,2,0.25,4.0,256,512,512,2048,896,168.931,331.431,327.943,0.9785
mixed,8,2,0.25,4.0,256,512,2048,8192,3584,548.205,1196.027,1190.106,0.9909
mixed,8,2,0.25,4.0,256,512,8192,32768,14336,2056.812,4653.03,4643.715,0.9964
mixed,8,2,0.25,4.0,256,2048,128,512,224,343.208,343.975,343.143,-0.0847
mixed,8,2,0.25,4.0,256,2048,512,2048,896,344.902,347.431,343.751,-0.4551
mixed,8,2,0.25,4.0,256,2048,2048,8192,3584,548.27,1195.866,1192.507,0.9948
mixed,8,2,0.25,4.0,256,2048,8192,32768,14336,2057.71,4646.822,4641.255,0.9978
mixed,8,2,0.25,4.0,256,8192,128,512,224,1197.98,1198.714,1198.105,0.1703
mixed,8,2,0.25,4.0,256,8192,512,2048,896,1199.578,1200.281,1202.425,4.0498
mixed,8,2,0.25,4.0,256,8192,2048,8192,3584,1200.826,1201.466,1202.938,3.3
mixed,8,2,0.25,4.0,256,8192,8192,32768,14336,2057.485,4651.461,4648.195,0.9987
mixed,8,2,0.25,4.0,256,20480,128,512,224,2929.633,2929.344,2929.343,
mixed,8,2,0.25,4.0,256,20480,512,2048,896,2929.759,2930.527,2927.231,-3.2917
mixed,8,2,0.25,4.0,256,20480,2048,8192,3584,2927.424,2925.408,2930.114,
mixed,8,2,0.25,4.0,256,20480,8192,32768,14336,2928.735,4653.348,4645.381,0.9954
mixed,8,2,0.25,4.0,1024,0,128,512,224,178.564,177.669,177.668,
mixed,8,2,0.25,4.0,1024,0,512,2048,896,180.932,340.135,335.527,0.9711
mixed,8,2,0.25,4.0,1024,0,2048,8192,3584,555.629,1202.906,1197.179,0.9912
mixed,8,2,0.25,4.0,1024,0,8192,32768,14336,2065.868,4651.781,4646.982,0.9981
mixed,8,2,0.25,4.0,1024,512,128,512,224,248.421,248.04,248.199,
mixed,8,2,0.25,4.0,1024,512,512,2048,896,248.229,339.911,335.942,0.9567
mixed,8,2,0.25,4.0,1024,512,2048,8192,3584,555.563,1202.747,1195.29,0.9885
mixed,8,2,0.25,4.0,1024,512,8192,32768,14336,2065.037,4655.236,4646.02,0.9964
mixed,8,2,0.25,4.0,1024,2048,128,512,224,460.169,458.537,459.37,
mixed,8,2,0.25,4.0,1024,2048,512,2048,896,459.724,459.753,459.627,-3.3448
mixed,8,2,0.25,4.0,1024,2048,2048,8192,3584,556.557,1204.347,1197.852,0.99
mixed,8,2,0.25,4.0,1024,2048,8192,32768,14336,2066.094,4653.892,4646.63,0.9972
mixed,8,2,0.25,4.0,1024,8192,128,512,224,1302.43,1302.3,1302.781,
mixed,8,2,0.25,4.0,1024,8192,512,2048,896,1301.15,1303.133,1307.23,3.0661
mixed,8,2,0.25,4.0,1024,8192,2048,8192,3584,1304.06,1302.718,1305.148,
mixed,8,2,0.25,4.0,1024,8192,8192,32768,14336,2068.43,4655.428,4653.35,0.9992
mixed,8,2,0.25,4.0,1024,20480,128,512,224,2993.918,2992.864,2996.418,
mixed,8,2,0.25,4.0,1024,20480,512,2048,896,2996.704,2998.177,3002.848,4.1711
mixed,8,2,0.25,4.0,1024,20480,2048,8192,3584,3004.001,2998.785,2997.599,
mixed,8,2,0.25,4.0,1024,20480,8192,32768,14336,3006.242,4661.283,4648.164,0.9921
mixed,8,2,0.25,4.0,4096,0,128,512,224,980.598,981.91,983.477,2.1944
mixed,8,2,0.25,4.0,4096,0,512,2048,896,986.164,1022.166,984.214,-0.0542
mixed,8,2,0.25,4.0,4096,0,2048,8192,3584,1101.208,1749.637,1653.093,0.8511
mixed,8,2,0.25,4.0,4096,0,8192,32768,14336,2614.041,5208.497,5118.704,0.9654
mixed,8,2,0.25,4.0,4096,512,128,512,224,1141.109,1162.105,1139.929,-0.0562
mixed,8,2,0.25,4.0,4096,512,512,2048,896,1159.96,1172.666,1159.256,-0.0554
mixed,8,2,0.25,4.0,4096,512,2048,8192,3584,1207.353,1857.865,1758.084,0.8466
mixed,8,2,0.25,4.0,4096,512,8192,32768,14336,2723.643,5313.491,5245.904,0.9739
mixed,8,2,0.25,4.0,4096,2048,128,512,224,1624.516,1637.666,1624.258,-0.0196
mixed,8,2,0.25,4.0,4096,2048,512,2048,896,1654.213,1648.836,1654.532,
mixed,8,2,0.25,4.0,4096,2048,2048,8192,3584,1688.005,2167.021,2042.988,0.7411
mixed,8,2,0.25,4.0,4096,2048,8192,32768,14336,3026.402,5617.528,5524.118,0.964
mixed,8,2,0.25,4.0,4096,8192,128,512,224,3352.36,3355.366,3356.551,1.3942
mixed,8,2,0.25,4.0,4096,8192,512,2048,896,3367.785,3384.585,3378.251,0.623
mixed,8,2,0.25,4.0,4096,8192,2048,8192,3584,3384.2,3715.987,3387.53,0.01
mixed,8,2,0.25,4.0,4096,8192,8192,32768,14336,4621.413,7278.366,7121.592,0.941
mixed,8,2,0.25,4.0,4096,20480,128,512,224,6709.873,6713.552,6713.971,1.1139
mixed,8,2,0.25,4.0,4096,20480,512,2048,896,6722.773,6739.151,6729.39,0.404
mixed,8,2,0.25,4.0,4096,20480,2048,8192,3584,6737.714,6743.474,6739.378,0.2889
mixed,8,2,0.25,4.0,4096,20480,8192,32768,14336,7890.762,10573.345,8684.412,0.2959
mixed,8,2,0.25,4.0,16384,0,128,512,224,9900.919,9902.425,9907.638,4.4615
mixed,8,2,0.25,4.0,16384,0,512,2048,896,9924.467,9951.386,9936.629,0.4518
mixed,8,2,0.25,4.0,16384,0,2048,8192,3584,10007.068,10033.878,10018.395,0.4225
mixed,8,2,0.25,4.0,16384,0,8192,32768,14336,10489.312,13298.558,12763.221,0.8094
mixed,8,2,0.25,4.0,16384,512,128,512,224,10484.744,10483.81,10491.142,
mixed,8,2,0.25,4.0,16384,512,512,2048,896,10504.448,10531.264,10489.182,-0.5693
mixed,8,2,0.25,4.0,16384,512,2048,8192,3584,10578.753,10623.434,10549.029,-0.6652
mixed,8,2,0.25,4.0,16384,512,8192,32768,14336,10973.453,13786.601,13229.275,0.8019
mixed,8,2,0.25,4.0,16384,2048,128,512,224,12176.9,12184.551,12183.045,0.8032
mixed,8,2,0.25,4.0,16384,2048,512,2048,896,12205.959,12205.417,12205.575,
mixed,8,2,0.25,4.0,16384,2048,2048,8192,3584,12195.587,12243.174,12195.109,-0.01
mixed,8,2,0.25,4.0,16384,2048,8192,32768,14336,12442.218,15423.919,14713.439,0.7617
mixed,8,2,0.25,4.0,16384,8192,128,512,224,18857.043,18861.139,18861.625,1.1187
mixed,8,2,0.25,4.0,16384,8192,512,2048,896,18858.397,18856.725,18861.911,
mixed,8,2,0.25,4.0,16384,8192,2048,8192,3584,18877.49,19232.096,18947.675,0.1979
mixed,8,2,0.25,4.0,16384,8192,8192,32768,14336,19181.633,21431.818,20802.689,0.7204
mixed,8,2,0.25,4.0,16384,20480,128,512,224,32316.308,32299.006,32322.997,
mixed,8,2,0.25,4.0,16384,20480,512,2048,896,32300.955,32331.956,32314.516,0.4374
mixed,8,2,0.25,4.0,16384,20480,2048,8192,3584,32295.989,32597.701,32374.202,0.2592
mixed,8,2,0.25,4.0,16384,20480,8192,32768,14336,32596.766,33514.353,32630.209,0.0364
mixed,8,2,0.25,4.0,32768,0,128,512,224,36643.185,32185.657,31774.727,
mixed,8,2,0.25,4.0,32768,0,512,2048,896,31804.08,31867.124,31809.453,0.0852
mixed,8,2,0.25,4.0,32768,0,2048,8192,3584,31874.926,32170.777,32151.611,0.9352
mixed,8,2,0.25,4.0,32768,0,8192,32768,14336,32236.82,37533.188,37440.708,0.9825
mixed,8,2,0.25,4.0,32768,512,128,512,224,32954.397,33015.786,33014.112,0.9727
mixed,8,2,0.25,4.0,32768,512,512,2048,896,33010.472,32967.905,33031.37,
mixed,8,2,0.25,4.0,32768,512,2048,8192,3584,33013.256,33096.456,33061.772,0.5831
mixed,8,2,0.25,4.0,32768,512,8192,32768,14336,33211.406,34499.723,33627.414,0.3229
mixed,8,2,0.25,4.0,32768,2048,128,512,224,35897.027,35867.135,35882.704,
mixed,8,2,0.25,4.0,32768,2048,512,2048,896,35870.725,35870.886,35926.889,348.8447
mixed,8,2,0.25,4.0,32768,2048,2048,8192,3584,35917.647,35978.155,35830.015,-1.4483
mixed,8,2,0.25,4.0,32768,2048,8192,32768,14336,36005.42,37179.139,36350.069,0.2936
pure,8,3,0.375,4.0,0,0,128,512,272,51.584,55.075,52.353,0.2203
pure,8,3,0.375,4.0,0,0,512,2048,1088,81.538,110.338,93.986,0.4322
pure,8,3,0.375,4.0,0,0,2048,8192,4352,174.852,237.508,164.866,-0.1594
pure,8,3,0.375,4.0,0,0,8192,32768,17408,447.433,751.76,410.344,-0.1219
mixed,8,3,0.375,4.0,16,0,128,512,272,74.273,109.09,108.768,0.9908
mixed,8,3,0.375,4.0,16,0,512,2048,1088,184.675,326.631,326.152,0.9966
mixed,8,3,0.375,4.0,16,0,2048,8192,4352,650.958,1191.003,1189.274,0.9968
mixed,8,3,0.375,4.0,16,0,8192,32768,17408,2488.567,4646.917,4644.326,0.9988
mixed,8,3,0.375,4.0,16,512,128,512,272,109.411,110.18,109.858,0.5813
mixed,8,3,0.375,4.0,16,512,512,2048,1088,184.676,326.662,326.599,0.9996
mixed,8,3,0.375,4.0,16,512,2048,8192,4352,651.756,1191.576,1190.681,0.9983
mixed,8,3,0.375,4.0,16,512,8192,32768,17408,2487.125,4646.756,4644.133,0.9988
mixed,8,3,0.375,4.0,16,2048,128,512,272,326.184,327.017,326.535,0.4214
mixed,8,3,0.375,4.0,16,2048,512,2048,1088,326.374,327.847,327.495,0.761
mixed,8,3,0.375,4.0,16,2048,2048,8192,4352,651.983,1191.929,1191.226,0.9987
mixed,8,3,0.375,4.0,16,2048,8192,32768,17408,2487.926,4646.947,4644.325,0.9988
mixed,8,3,0.375,4.0,16,8192,128,512,272,1192.635,1193.788,1193.178,0.4709
mixed,8,3,0.375,4.0,16,8192,512,2048,1088,1192.377,1193.689,1192.635,0.1966
mixed,8,3,0.375,4.0,16,8192,2048,8192,4352,1193.593,1193.657,1193.401,-3.0
mixed,8,3,0.375,4.0,16,8192,8192,32768,17408,2488.086,4646.819,4644.837,0.9991
mixed,8,3,0.375,4.0,16,20480,128,512,272,2919.361,2919.68,2919.487,0.395
mixed,8,3,0.375,4.0,16,20480,512,2048,1088,2919.423,2920.349,2919.649,0.2441
mixed,8,3,0.375,4.0,16,20480,2048,8192,4352,2920.575,2921.214,2920.126,-0.7027
mixed,8,3,0.375,4.0,16,20480,8192,32768,17408,2921.822,4646.883,4645.091,0.999
mixed,8,3,0.375,4.0,64,0,128,512,272,74.721,109.602,109.251,0.9899
mixed,8,3,0.375,4.0,64,0,512,2048,1088,184.837,327.463,326.824,0.9955
mixed,8,3,0.375,4.0,64,0,2048,8192,4352,651.854,1193.273,1193.339,1.0001
mixed,8,3,0.375,4.0,64,0,8192,32768,17408,2488.243,4647.141,4646.372,0.9996
mixed,8,3,0.375,4.0,64,512,128,512,272,112.259,111.908,111.651,
mixed,8,3,0.375,4.0,64,512,512,2048,1088,184.196,327.783,326.696,0.9924
mixed,8,3,0.375,4.0,64,512,2048,8192,4352,652.366,1193.017,1188.409,0.9915
mixed,8,3,0.375,4.0,64,512,8192,32768,17408,2488.79,4648.611,4647.81,0.9996
mixed,8,3,0.375,4.0,64,2048,128,512,272,328.455,328.615,328.07,-2.4062
mixed,8,3,0.375,4.0,64,2048,512,2048,1088,329.447,329.0,329.0,
mixed,8,3,0.375,4.0,64,2048,2048,8192,4352,652.207,1192.538,1189.787,0.9949
mixed,8,3,0.375,4.0,64,2048,8192,32768,17408,2488.374,4648.098,4645.313,0.9987
mixed,8,3,0.375,4.0,64,8192,128,512,272,1195.385,1195.034,1194.33,
mixed,8,3,0.375,4.0,64,8192,512,2048,1088,1195.546,1194.937,1194.584,
mixed,8,3,0.375,4.0,64,8192,2048,8192,4352,1194.905,1195.195,1194.554,-1.2103
mixed,8,3,0.375,4.0,64,8192,8192,32768,17408,2488.278,4646.595,4644.995,0.9993
mixed,8,3,0.375,4.0,64,20480,128,512,272,2923.168,2922.494,2922.271,
mixed,8,3,0.375,4.0,64,20480,512,2048,1088,2922.784,2921.438,2921.085,
mixed,8,3,0.375,4.0,64,20480,2048,8192,4352,2921.984,2922.814,2922.688,0.8482
mixed,8,3,0.375,4.0,64,20480,8192,32768,17408,2922.205,4645.474,4644.034,0.9992
mixed,8,3,0.375,4.0,256,0,128,512,272,78.721,113.859,111.683,0.9381
mixed,8,3,0.375,4.0,256,0,512,2048,1088,188.227,331.336,328.936,0.9832
mixed,8,3,0.375,4.0,256,0,2048,8192,4352,655.791,1196.536,1194.073,0.9954
mixed,8,3,0.375,4.0,256,0,8192,32768,17408,2492.277,4657.475,4651.073,0.997
mixed,8,3,0.375,4.0,256,512,128,512,272,132.098,132.611,132.13,0.0624
mixed,8,3,0.375,4.0,256,512,512,2048,1088,188.708,331.014,328.678,0.9836
mixed,8,3,0.375,4.0,256,512,2048,8192,4352,656.271,1195.162,1192.665,0.9954
mixed,8,3,0.375,4.0,256,512,8192,32768,17408,2491.319,4648.579,4649.699,1.0005
mixed,8,3,0.375,4.0,256,2048,128,512,272,343.334,344.039,343.463,0.183
mixed,8,3,0.375,4.0,256,2048,512,2048,1088,343.368,346.375,344.615,0.4147
mixed,8,3,0.375,4.0,256,2048,2048,8192,4352,656.239,1195.738,1193.562,0.996
mixed,8,3,0.375,4.0,256,2048,8192,32768,17408,2489.684,4649.059,4642.58,0.997
mixed,8,3,0.375,4.0,256,8192,128,512,272,1199.403,1198.38,1199.693,
mixed,8,3,0.375,4.0,256,8192,512,2048,1088,1199.179,1199.246,1201.58,35.8358
mixed,8,3,0.375,4.0,256,8192,2048,8192,4352,1200.204,1200.556,1201.484,3.6364
mixed,8,3,0.375,4.0,256,8192,8192,32768,17408,2491.061,4649.336,4641.625,0.9964
mixed,8,3,0.375,4.0,256,20480,128,512,272,2929.474,2930.465,2930.305,0.8385
mixed,8,3,0.375,4.0,256,20480,512,2048,1088,2931.267,2929.218,2928.612,
mixed,8,3,0.375,4.0,256,20480,2048,8192,4352,2929.345,2929.121,2928.514,
mixed,8,3,0.375,4.0,256,20480,8192,32768,17408,2925.379,4655.255,4654.427,0.9995
mixed,8,3,0.375,4.0,1024,0,128,512,272,178.106,177.943,178.2,
mixed,8,3,0.375,4.0,1024,0,512,2048,1088,199.287,339.986,335.506,0.9682
mixed,8,3,0.375,4.0,1024,0,2048,8192,4352,663.716,1203.821,1197.164,0.9877
mixed,8,3,0.375,4.0,1024,0,8192,32768,17408,2498.134,4653.211,4643.675,0.9956
mixed,8,3,0.375,4.0,1024,512,128,512,272,248.214,248.183,247.989,
mixed,8,3,0.375,4.0,1024,512,512,2048,1088,249.013,340.177,336.018,0.9544
mixed,8,3,0.375,4.0,1024,512,2048,8192,4352,663.364,1203.052,1197.071,0.9889
mixed,8,3,0.375,4.0,1024,512,8192,32768,17408,2496.759,4655.744,4647.87,0.9964
mixed,8,3,0.375,4.0,1024,2048,128,512,272,459.18,459.214,459.277,2.8529
mixed,8,3,0.375,4.0,1024,2048,512,2048,1088,459.694,460.078,460.013,0.8307
mixed,8,3,0.375,4.0,1024,2048,2048,8192,4352,663.94,1203.662,1199.342,0.992
mixed,8,3,0.375,4.0,1024,2048,8192,32768,17408,2495.994,4650.177,4645.378,0.9978
mixed,8,3,0.375,4.0,1024,8192,128,512,272,1302.953,1302.217,1303.435,
mixed,8,3,0.375,4.0,1024,8192,512,2048,1088,1303.628,1303.564,1301.995,
mixed,8,3,0.375,4.0,1024,8192,2048,8192,4352,1303.722,1308.49,1303.981,0.0543
mixed,8,3,0.375,4.0,1024,8192,8192,32768,17408,2499.739,4656.738,4652.483,0.998
mixed,8,3,0.375,4.0,1024,20480,128,512,272,2993.349,3000.709,2996.677,0.4522
mixed,8,3,0.375,4.0,1024,20480,512,2048,1088,2998.76,2997.416,2994.632,
mixed,8,3,0.375,4.0,1024,20480,2048,8192,4352,2999.366,2994.503,3002.025,
mixed,8,3,0.375,4.0,1024,20480,8192,32768,17408,3007.016,4656.836,4650.15,0.9959
mixed,8,3,0.375,4.0,4096,0,128,512,272,984.696,981.689,983.48,
mixed,8,3,0.375,4.0,4096,0,512,2048,1088,990.426,1020.472,991.672,0.0415
mixed,8,3,0.375,4.0,4096,0,2048,8192,4352,1210.546,1751.162,1672.096,0.8537
mixed,8,3,0.375,4.0,4096,0,8192,32768,17408,3046.406,5203.411,5138.454,0.9699
mixed,8,3,0.375,4.0,4096,512,128,512,272,1146.195,1159.795,1146.805,0.0449
mixed,8,3,0.375,4.0,4096,512,512,2048,1088,1158.578,1171.025,1157.811,-0.0616
mixed,8,3,0.375,4.0,4096,512,2048,8192,4352,1320.62,1861.046,1780.187,0.8504
mixed,8,3,0.375,4.0,4096,512,8192,32768,17408,3157.893,5314.256,5261.267,0.9754
mixed,8,3,0.375,4.0,4096,2048,128,512,272,1624.0,1636.961,1625.377,0.1062
mixed,8,3,0.375,4.0,4096,2048,512,2048,1088,1655.967,1649.567,1646.72,
mixed,8,3,0.375,4.0,4096,2048,2048,8192,4352,1686.91,2167.212,2062.413,0.7818
mixed,8,3,0.375,4.0,4096,2048,8192,32768,17408,3461.914,5621.417,5539.209,0.9619
mixed,8,3,0.375,4.0,4096,8192,128,512,272,3356.417,3355.614,3354.208,
mixed,8,3,0.375,4.0,4096,8192,512,2048,1088,3366.398,3384.606,3382.814,0.9016
mixed,8,3,0.375,4.0,4096,8192,2048,8192,4352,3382.685,3712.66,3383.325,0.0019
mixed,8,3,0.375,4.0,4096,8192,8192,32768,17408,5090.364,7276.618,7126.608,0.9314
mixed,8,3,0.375,4.0,4096,20480,128,512,272,6714.977,6715.809,6713.954,-1.2296
mixed,8,3,0.375,4.0,4096,20480,512,2048,1088,6723.425,6739.266,6738.37,0.9434
mixed,8,3,0.375,4.0,4096,20480,2048,8192,4352,6740.227,6741.474,6742.306,1.6672
mixed,8,3,0.375,4.0,4096,20480,8192,32768,17408,8317.893,10568.782,9336.962,0.4527
mixed,8,3,0.375,4.0,16384,0,128,512,272,9893.231,9904.586,9897.548,0.3802
mixed,8,3,0.375,4.0,16384,0,512,2048,1088,9932.362,9958.41,9936.811,0.1708
mixed,8,3,0.375,4.0,16384,0,2048,8192,4352,10002.89,10030.282,10022.631,0.7207
mixed,8,3,0.375,4.0,16384,0,8192,32768,17408,10917.61,13256.02,12892.865,0.8447
mixed,8,3,0.375,4.0,16384,512,128,512,272,10487.9,10498.008,10490.75,0.282
mixed,8,3,0.375,4.0,16384,512,512,2048,1088,10497.148,10527.385,10491.774,-0.1777
mixed,8,3,0.375,4.0,16384,512,2048,8192,4352,10590.648,10601.208,10579.646,-1.0419
mixed,8,3,0.375,4.0,16384,512,8192,32768,17408,11423.999,13791.978,13318.715,0.8001
mixed,8,3,0.375,4.0,16384,2048,128,512,272,12190.751,12198.432,12175.204,-2.0241
mixed,8,3,0.375,4.0,16384,2048,512,2048,1088,12192.228,12208.039,12207.84,0.9874
mixed,8,3,0.375,4.0,16384,2048,2048,8192,4352,12195.647,12227.943,12185.673,-0.3088
mixed,8,3,0.375,4.0,16384,2048,8192,32768,17408,12976.457,15401.492,14828.26,0.7636
mixed,8,3,0.375,4.0,16384,8192,128,512,272,18850.23,18864.217,18865.622,1.1005
mixed,8,3,0.375,4.0,16384,8192,512,2048,1088,18856.632,18859.736,18861.435,1.5474
mixed,8,3,0.375,4.0,16384,8192,2048,8192,4352,18943.224,19188.914,19014.943,0.2919
mixed,8,3,0.375,4.0,16384,8192,8192,32768,17408,19352.173,21416.802,20962.06,0.7797
mixed,8,3,0.375,4.0,16384,20480,128,512,272,32328.706,32309.19,32322.016,
mixed,8,3,0.375,4.0,16384,20480,512,2048,1088,32290.607,32302.533,32295.686,0.4259
mixed,8,3,0.375,4.0,16384,20480,2048,8192,4352,32385.542,32562.529,32479.776,0.5324
mixed,8,3,0.375,4.0,16384,20480,8192,32768,17408,32613.503,33223.886,32695.196,0.1338
mixed,8,3,0.375,4.0,32768,0,128,512,272,36688.417,32211.32,31751.5,
mixed,8,3,0.375,4.0,32768,0,512,2048,1088,31792.163,31834.719,31775.559,-0.3902
mixed,8,3,0.375,4.0,32768,0,2048,8192,4352,32115.705,32172.282,32151.007,0.624
mixed,8,3,0.375,4.0,32768,0,8192,32768,17408,32316.702,33585.749,32921.355,0.4765
mixed,8,3,0.375,4.0,32768,512,128,512,272,33025.829,33006.545,33079.14,
mixed,8,3,0.375,4.0,32768,512,512,2048,1088,33004.749,33001.843,32957.172,
mixed,8,3,0.375,4.0,32768,512,2048,8192,4352,32992.211,33126.566,32978.774,-0.1
mixed,8,3,0.375,4.0,32768,512,8192,32768,17408,33329.954,34485.986,33805.464,0.4113
mixed,8,3,0.375,4.0,32768,2048,128,512,272,35894.298,35874.174,35857.369,
mixed,8,3,0.375,4.0,32768,2048,512,2048,1088,35897.113,35852.0,35900.191,
mixed,8,3,0.375,4.0,32768,2048,2048,8192,4352,35884.36,35910.908,35836.71,-1.7949
mixed,8,3,0.375,4.0,32768,2048,8192,32768,17408,36043.77,37179.483,36530.512,0.4286
pure,8,4,0.5,4.0,0,0,128,512,320,51.743,54.847,52.8,0.3405
pure,8,4,0.5,4.0,0,0,512,2048,1280,92.54,110.076,99.807,0.4144
pure,8,4,0.5,4.0,0,0,2048,8192,5120,186.331,237.495,170.523,-0.309
pure,8,4,0.5,4.0,0,0,8192,32768,20480,491.535,751.174,501.648,0.039
mixed,8,4,0.5,4.0,16,0,128,512,320,75.069,108.892,108.7,0.9943
mixed,8,4,0.5,4.0,16,0,512,2048,1280,218.489,326.356,325.844,0.9953
mixed,8,4,0.5,4.0,16,0,2048,8192,5120,758.823,1191.29,1189.818,0.9966
mixed,8,4,0.5,4.0,16,0,8192,32768,20480,2917.695,4644.04,4641.097,0.9983
mixed,8,4,0.5,4.0,16,512,128,512,320,109.341,109.981,110.012,1.0484
mixed,8,4,0.5,4.0,16,512,512,2048,1280,218.392,327.446,326.453,0.9909
mixed,8,4,0.5,4.0,16,512,2048,8192,5120,759.688,1192.377,1191.416,0.9978
mixed,8,4,0.5,4.0,16,512,8192,32768,20480,2920.129,4646.794,4645.099,0.999
mixed,8,4,0.5,4.0,16,2048,128,512,320,325.973,327.159,326.102,0.1088
mixed,8,4,0.5,4.0,16,2048,512,2048,1280,327.029,327.605,327.191,0.2813
mixed,8,4,0.5,4.0,16,2048,2048,8192,5120,758.631,1192.826,1190.875,0.9955
mixed,8,4,0.5,4.0,16,2048,8192,32768,20480,2920.738,4647.211,4644.074,0.9982
mixed,8,4,0.5,4.0,16,8192,128,512,320,1191.674,1192.922,1192.506,0.6667
mixed,8,4,0.5,4.0,16,8192,512,2048,1280,1193.339,1193.5,1192.954,-2.3913
mixed,8,4,0.5,4.0,16,8192,2048,8192,5120,1193.273,1193.658,1192.923,-0.9091
mixed,8,4,0.5,4.0,16,8192,8192,32768,20480,2923.876,4652.588,4642.029,0.9939
mixed,8,4,0.5,4.0,16,20480,128,512,320,2916.131,2919.62,2919.268,0.8991
mixed,8,4,0.5,4.0,16,20480,512,2048,1280,2920.709,2920.519,2921.57,
mixed,8,4,0.5,4.0,16,20480,2048,8192,5120,2921.701,2921.542,2919.971,
mixed,8,4,0.5,4.0,16,20480,8192,32768,20480,2920.679,4645.295,4644.498,0.9995
mixed,8,4,0.5,4.0,64,0,128,512,320,75.613,109.437,109.373,0.9981
mixed,8,4,0.5,4.0,64,0,512,2048,1280,219.194,327.19,326.967,0.9979
mixed,8,4,0.5,4.0,64,0,2048,8192,5120,760.617,1193.147,1191.803,0.9969
mixed,8,4,0.5,4.0,64,0,8192,32768,20480,2921.864,4647.315,4644.528,0.9984
mixed,8,4,0.5,4.0,64,512,128,512,320,111.741,111.836,111.485,-2.6947
mixed,8,4,0.5,4.0,64,512,512,2048,1280,219.002,327.542,326.9,0.9941
mixed,8,4,0.5,4.0,64,512,2048,8192,5120,761.096,1193.433,1191.1,0.9946
mixed,8,4,0.5,4.0,64,512,8192,32768,20480,2920.265,4647.251,4643.54,0.9979
mixed,8,4,0.5,4.0,64,2048,128,512,320,329.175,328.598,328.502,
mixed,8,4,0.5,4.0,64,2048,512,2048,1280,329.301,329.334,328.855,-13.5152
mixed,8,4,0.5,4.0,64,2048,2048,8192,5120,759.88,1192.925,1191.1,0.9958
mixed,8,4,0.5,4.0,64,2048,8192,32768,20480,2920.168,4645.173,4643.382,0.999
mixed,8,4,0.5,4.0,64,8192,128,512,320,1194.876,1194.206,1194.43,
mixed,8,4,0.5,4.0,64,8192,512,2048,1280,1194.301,1195.003,1194.555,0.3618
mixed,8,4,0.5,4.0,64,8192,2048,8192,5120,1194.493,1195.324,1195.23,0.8869
mixed,8,4,0.5,4.0,64,8192,8192,32768,20480,2919.755,4646.133,4644.152,0.9989
mixed,8,4,0.5,4.0,64,20480,128,512,320,2920.364,2918.761,2918.923,
mixed,8,4,0.5,4.0,64,20480,512,2048,1280,2918.601,2921.163,2921.45,1.112
mixed,8,4,0.5,4.0,64,20480,2048,8192,5120,2922.218,2922.601,2922.409,0.4987
mixed,8,4,0.5,4.0,64,20480,8192,32768,20480,2922.476,4646.776,4644.825,0.9989
mixed,8,4,0.5,4.0,256,0,128,512,320,79.583,114.589,113.02,0.9552
mixed,8,4,0.5,4.0,256,0,512,2048,1280,223.321,331.094,329.75,0.9875
mixed,8,4,0.5,4.0,256,0,2048,8192,5120,762.763,1194.814,1191.39,0.9921
mixed,8,4,0.5,4.0,256,0,8192,32768,20480,2924.525,4649.562,4646.301,0.9981
mixed,8,4,0.5,4.0,256,512,128,512,320,132.028,132.735,132.156,0.181
mixed,8,4,0.5,4.0,256,512,512,2048,1280,223.77,331.639,329.494,0.9801
mixed,8,4,0.5,4.0,256,512,2048,8192,5120,763.722,1195.454,1192.095,0.9922
mixed,8,4,0.5,4.0,256,512,8192,32768,20480,2921.037,4652.798,4644.19,0.995
mixed,8,4,0.5,4.0,256,2048,128,512,320,343.094,342.999,343.19,
mixed,8,4,0.5,4.0,256,2048,512,2048,1280,345.623,346.488,344.31,-1.5179
mixed,8,4,0.5,4.0,256,2048,2048,8192,5120,764.554,1195.839,1191.87,0.9908
mixed,8,4,0.5,4.0,256,2048,8192,32768,20480,2923.727,4647.838,4649.279,1.0008
mixed,8,4,0.5,4.0,256,8192,128,512,320,1198.815,1199.741,1200.414,1.7268
mixed,8,4,0.5,4.0,256,8192,512,2048,1280,1199.36,1199.39,1201.184,60.8
mixed,8,4,0.5,4.0,256,8192,2048,8192,5120,1199.967,1202.109,1201.472,0.7026
mixed,8,4,0.5,4.0,256,8192,8192,32768,20480,2922.703,4648.416,4649.568,1.0007
mixed,8,4,0.5,4.0,256,20480,128,512,320,2927.311,2927.887,2927.919,1.0556
mixed,8,4,0.5,4.0,256,20480,512,2048,1280,2927.888,2928.943,2928.209,0.3043
mixed,8,4,0.5,4.0,256,20480,2048,8192,5120,2928.495,2929.128,2928.273,-0.3507
mixed,8,4,0.5,4.0,256,20480,8192,32768,20480,2927.57,4654.431,4653.122,0.9992
mixed,8,4,0.5,4.0,1024,0,128,512,320,178.269,177.372,177.978,
mixed,8,4,0.5,4.0,1024,0,512,2048,1280,233.946,340.055,335.83,0.9602
mixed,8,4,0.5,4.0,1024,0,2048,8192,5120,770.219,1202.368,1197.438,0.9886
mixed,8,4,0.5,4.0,1024,0,8192,32768,20480,2927.091,4655.459,4645.73,0.9944
mixed,8,4,0.5,4.0,1024,512,128,512,320,247.835,248.153,248.185,1.1006
mixed,8,4,0.5,4.0,1024,512,512,2048,1280,248.699,340.152,336.566,0.9608
mixed,8,4,0.5,4.0,1024,512,2048,8192,5120,770.988,1202.432,1197.249,0.988
mixed,8,4,0.5,4.0,1024,512,8192,32768,20480,2928.402,4652.55,4650.725,0.9989
mixed,8,4,0.5,4.0,1024,2048,128,512,320,459.38,458.902,458.869,
mixed,8,4,0.5,4.0,1024,2048,512,2048,1280,459.347,459.541,459.861,2.6495
mixed,8,4,0.5,4.0,1024,2048,2048,8192,5120,772.557,1203.296,1198.529,0.9889
mixed,8,4,0.5,4.0,1024,2048,8192,32768,20480,2929.015,4650.79,4646.76,0.9977
mixed,8,4,0.5,4.0,1024,8192,128,512,320,1301.662,1302.175,1303.199,2.9961
mixed,8,4,0.5,4.0,1024,8192,512,2048,1280,1305.502,1303.262,1302.942,
mixed,8,4,0.5,4.0,1024,8192,2048,8192,5120,1305.023,1307.58,1307.485,0.9628
mixed,8,4,0.5,4.0,1024,8192,8192,32768,20480,2929.395,4658.474,4648.171,0.994
mixed,8,4,0.5,4.0,1024,20480,128,512,320,2998.899,2992.116,2998.003,
mixed,8,4,0.5,4.0,1024,20480,512,2048,1280,3000.595,2993.461,2997.335,
mixed,8,4,0.5,4.0,1024,20480,2048,8192,5120,2999.188,3002.578,3006.419,2.133
mixed,8,4,0.5,4.0,1024,20480,8192,32768,20480,3004.246,4656.81,4653.547,0.998
mixed,8,4,0.5,4.0,4096,0,128,512,320,982.311,983.624,982.471,0.1219
mixed,8,4,0.5,4.0,4096,0,512,2048,1280,990.983,1019.623,998.407,0.2592
mixed,8,4,0.5,4.0,4096,0,2048,8192,5120,1319.296,1750.357,1688.596,0.8567
mixed,8,4,0.5,4.0,4096,0,8192,32768,20480,3474.025,5213.31,5166.24,0.9729
mixed,8,4,0.5,4.0,4096,512,128,512,320,1146.82,1159.684,1144.867,-0.1518
mixed,8,4,0.5,4.0,4096,512,512,2048,1280,1157.699,1173.633,1166.148,0.5302
mixed,8,4,0.5,4.0,4096,512,2048,8192,5120,1428.35,1859.281,1797.844,0.8574
mixed,8,4,0.5,4.0,4096,512,8192,32768,20480,3586.569,5315.517,5279.263,0.979
mixed,8,4,0.5,4.0,4096,2048,128,512,320,1623.257,1637.849,1624.57,0.09
mixed,8,4,0.5,4.0,4096,2048,512,2048,1280,1656.601,1651.03,1654.71,
mixed,8,4,0.5,4.0,4096,2048,2048,8192,5120,1704.822,2168.266,2079.502,0.8085
mixed,8,4,0.5,4.0,4096,2048,8192,32768,20480,3896.897,5619.862,5557.05,0.9635
mixed,8,4,0.5,4.0,4096,8192,128,512,320,3354.253,3353.616,3356.335,
mixed,8,4,0.5,4.0,4096,8192,512,2048,1280,3383.056,3385.998,3383.341,0.0969
mixed,8,4,0.5,4.0,4096,8192,2048,8192,5120,3458.029,3713.352,3384.398,-0.2884
mixed,8,4,0.5,4.0,4096,8192,8192,32768,20480,5543.834,7273.201,7152.918,0.9304
mixed,8,4,0.5,4.0,4096,20480,128,512,320,6716.004,6716.8,6714.208,-2.2563
mixed,8,4,0.5,4.0,4096,20480,512,2048,1280,6735.396,6736.32,6731.202,-4.539
mixed,8,4,0.5,4.0,4096,20480,2048,8192,5120,6736.673,6738.244,6745.405,5.5582
mixed,8,4,0.5,4.0,4096,20480,8192,32768,20480,8833.486,10566.821,9602.559,0.4437
mixed,8,4,0.5,4.0,16384,0,128,512,320,9895.831,9890.647,9893.979,
mixed,8,4,0.5,4.0,16384,0,512,2048,1280,9936.983,9966.232,9941.331,0.1487
mixed,8,4,0.5,4.0,16384,0,2048,8192,5120,10022.392,10046.26,10019.127,-0.1368
mixed,8,4,0.5,4.0,16384,0,8192,32768,20480,11435.802,13308.234,12985.557,0.8277
mixed,8,4,0.5,4.0,16384,512,128,512,320,10496.11,10495.085,10492.495,
mixed,8,4,0.5,4.0,16384,512,512,2048,1280,10517.485,10511.504,10509.903,
mixed,8,4,0.5,4.0,16384,512,2048,8192,5120,10595.214,10611.821,10593.805,-0.0848
mixed,8,4,0.5,4.0,16384,512,8192,32768,20480,11867.568,13795.175,13415.919,0.8033
mixed,8,4,0.5,4.0,16384,2048,128,512,320,12182.73,12177.961,12182.955,
mixed,8,4,0.5,4.0,16384,2048,512,2048,1280,12223.848,12220.39,12203.019,
mixed,8,4,0.5,4.0,16384,2048,2048,8192,5120,12201.225,12263.977,12195.241,-0.0954
mixed,8,4,0.5,4.0,16384,2048,8192,32768,20480,13439.533,15412.167,14948.916,0.7652
mixed,8,4,0.5,4.0,16384,8192,128,512,320,18864.409,18871.479,18871.123,0.9496
mixed,8,4,0.5,4.0,16384,8192,512,2048,1280,18851.736,18855.959,18854.427,0.6372
mixed,8,4,0.5,4.0,16384,8192,2048,8192,5120,18981.432,19181.904,19002.61,0.1056
mixed,8,4,0.5,4.0,16384,8192,8192,32768,20480,19571.953,21431.108,21117.347,0.8312
mixed,8,4,0.5,4.0,16384,20480,128,512,320,32301.618,32299.633,32327.005,
mixed,8,4,0.5,4.0,16384,20480,512,2048,1280,32269.632,32285.976,32307.321,2.306
mixed,8,4,0.5,4.0,16384,20480,2048,8192,5120,32389.207,32626.418,32470.394,0.3423
mixed,8,4,0.5,4.0,16384,20480,8192,32768,20480,32668.301,33225.614,32768.271,0.1794
mixed,8,4,0.5,4.0,32768,0,128,512,320,36637.572,32181.575,31758.024,
mixed,8,4,0.5,4.0,32768,0,512,2048,1280,31782.697,31833.295,31786.997,0.085
mixed,8,4,0.5,4.0,32768,0,2048,8192,5120,31865.208,31950.742,31862.392,-0.0329
mixed,8,4,0.5,4.0,32768,0,8192,32768,20480,32074.03,33309.745,32804.839,0.5914
mixed,8,4,0.5,4.0,32768,512,128,512,320,32984.447,32989.347,33040.283,11.3951
mixed,8,4,0.5,4.0,32768,512,512,2048,1280,32980.828,32958.69,32975.648,
mixed,8,4,0.5,4.0,32768,512,2048,8192,5120,32996.807,37908.538,37834.985,0.985
mixed,8,4,0.5,4.0,32768,512,8192,32768,20480,33282.465,34489.283,33935.87,0.5414
mixed,8,4,0.5,4.0,32768,2048,128,512,320,35860.335,35942.404,35818.984,-0.5039
mixed,8,4,0.5,4.0,32768,2048,512,2048,1280,41083.3,35884.756,35817.556,
mixed,8,4,0.5,4.0,32768,2048,2048,8192,5120,35883.864,35921.868,35849.626,-0.9009
mixed,8,4,0.5,4.0,32768,2048,8192,32768,20480,36117.077,37186.878,36636.398,0.4854
pure,8,6,0.75,4.0,0,0,128,512,416,53.565,55.135,53.696,0.0834
pure,8,6,0.75,4.0,0,0,512,2048,1664,101.437,110.205,103.807,0.2703
pure,8,6,0.75,4.0,0,0,2048,8192,6656,221.468,238.906,224.315,0.1633
pure,8,6,0.75,4.0,0,0,8192,32768,26624,602.196,751.695,742.161,0.9362
mixed,8,6,0.75,4.0,16,0,128,512,416,92.031,108.893,108.895,1.0001
mixed,8,6,0.75,4.0,16,0,512,2048,1664,272.923,326.872,326.809,0.9988
mixed,8,6,0.75,4.0,16,0,2048,8192,6656,976.3,1191.845,1191.913,1.0003
mixed,8,6,0.75,4.0,16,0,8192,32768,26624,3786.132,4648.1,4647.81,0.9997
mixed,8,6,0.75,4.0,16,512,128,512,416,109.246,110.013,109.758,0.6675
mixed,8,6,0.75,4.0,16,512,512,2048,1664,273.531,326.998,326.811,0.9965
mixed,8,6,0.75,4.0,16,512,2048,8192,6656,976.334,1192.775,1191.72,0.9951
mixed,8,6,0.75,4.0,16,512,8192,32768,26624,3784.376,4647.012,4646.212,0.9991
mixed,8,6,0.75,4.0,16,2048,128,512,416,326.074,327.353,326.521,0.3495
mixed,8,6,0.75,4.0,16,2048,512,2048,1664,327.802,327.482,327.897,
mixed,8,6,0.75,4.0,16,2048,2048,8192,6656,976.782,1192.872,1191.912,0.9956
mixed,8,6,0.75,4.0,16,2048,8192,32768,26624,3784.854,4646.852,4645.639,0.9986
mixed,8,6,0.75,4.0,16,8192,128,512,416,1192.844,1193.673,1193.705,1.0386
mixed,8,6,0.75,4.0,16,8192,512,2048,1664,1194.343,1194.473,1194.282,-0.4692
mixed,8,6,0.75,4.0,16,8192,2048,8192,6656,1194.695,1194.345,1194.374,
mixed,8,6,0.75,4.0,16,8192,8192,32768,26624,3785.144,4648.198,4646.183,0.9977
mixed,8,6,0.75,4.0,16,20480,128,512,416,2919.623,2919.528,2919.368,
mixed,8,6,0.75,4.0,16,20480,512,2048,1664,2919.274,2919.847,2919.944,1.1693
mixed,8,6,0.75,4.0,16,20480,2048,8192,6656,2920.105,2920.937,2921.386,1.5397
mixed,8,6,0.75,4.0,16,20480,8192,32768,26624,3784.409,4646.473,4645.545,0.9989
mixed,8,6,0.75,4.0,64,0,128,512,416,92.701,109.629,109.088,0.968
mixed,8,6,0.75,4.0,64,0,512,2048,1664,273.02,327.322,326.554,0.9859
mixed,8,6,0.75,4.0,64,0,2048,8192,6656,976.656,1192.426,1191.755,0.9969
mixed,8,6,0.75,4.0,64,0,8192,32768,26624,3783.322,4646.473,4645.644,0.999
mixed,8,6,0.75,4.0,64,512,128,512,416,112.19,111.646,111.614,
mixed,8,6,0.75,4.0,64,512,512,2048,1664,273.435,327.61,326.842,0.9858
mixed,8,6,0.75,4.0,64,512,2048,8192,6656,977.037,1193.257,1193.45,1.0009
mixed,8,6,0.75,4.0,64,512,8192,32768,26624,3782.331,4645.74,4644.972,0.9991
mixed,8,6,0.75,4.0,64,2048,128,512,416,329.242,328.634,328.474,
mixed,8,6,0.75,4.0,64,2048,512,2048,1664,329.338,329.37,329.307,-0.9687
mixed,8,6,0.75,4.0,64,2048,2048,8192,6656,977.103,1192.681,1191.916,0.9965
mixed,8,6,0.75,4.0,64,2048,8192,32768,26624,3783.485,4646.315,4644.971,0.9984
mixed,8,6,0.75,4.0,64,8192,128,512,416,1195.083,1194.123,1194.188,
mixed,8,6,0.75,4.0,64,8192,512,2048,1664,1194.923,1194.732,1194.956,
mixed,8,6,0.75,4.0,64,8192,2048,8192,6656,1195.402,1194.986,1194.636,
mixed,8,6,0.75,4.0,64,8192,8192,32768,26624,3782.621,4645.549,4644.911,0.9993
mixed,8,6,0.75,4.0,64,20480,128,512,416,2921.325,2920.907,2921.163,
mixed,8,6,0.75,4.0,64,20480,512,2048,1664,2921.803,2921.965,2922.251,2.7654
mixed,8,6,0.75,4.0,64,20480,2048,8192,6656,2922.19,2922.444,2922.543,1.3898
mixed,8,6,0.75,4.0,64,20480,8192,32768,26624,3782.751,4648.367,4645.872,0.9971
mixed,8,6,0.75,4.0,256,0,128,512,416,96.798,113.758,113.758,1.0
mixed,8,6,0.75,4.0,256,0,512,2048,1664,277.309,331.322,331.547,1.0042
mixed,8,6,0.75,4.0,256,0,2048,8192,6656,980.431,1197.356,1196.427,0.9957
mixed,8,6,0.75,4.0,256,0,8192,32768,26624,3787.104,4654.416,4653.936,0.9994
mixed,8,6,0.75,4.0,256,512,128,512,416,131.71,132.862,131.934,0.1944
mixed,8,6,0.75,4.0,256,512,512,2048,1664,277.084,330.811,331.001,1.0035
mixed,8,6,0.75,4.0,256,512,2048,8192,6656,978.609,1193.867,1193.741,0.9994
mixed,8,6,0.75,4.0,256,512,8192,32768,26624,3784.096,4644.881,4642.385,0.9971
mixed,8,6,0.75,4.0,256,2048,128,512,416,343.067,343.707,343.513,0.6969
mixed,8,6,0.75,4.0,256,2048,512,2048,1664,346.712,346.202,345.178,
mixed,8,6,0.75,4.0,256,2048,2048,8192,6656,979.889,1195.371,1195.211,0.9993
mixed,8,6,0.75,4.0,256,2048,8192,32768,26624,3784.064,4651.794,4652.049,1.0003
mixed,8,6,0.75,4.0,256,8192,128,512,416,1199.373,1198.251,1200.906,
mixed,8,6,0.75,4.0,256,8192,512,2048,1664,1199.243,1198.954,1200.972,
mixed,8,6,0.75,4.0,256,8192,2048,8192,6656,1200.012,1200.715,1202.639,3.7368
mixed,8,6,0.75,4.0,256,8192,8192,32768,26624,3788.514,4648.147,4650.899,1.0032
mixed,8,6,0.75,4.0,256,20480,128,512,416,2928.946,2929.2,2929.041,0.374
mixed,8,6,0.75,4.0,256,20480,512,2048,1664,2929.263,2929.807,2929.679,0.7647
mixed,8,6,0.75,4.0,256,20480,2048,8192,6656,2929.807,2929.521,2929.904,
mixed,8,6,0.75,4.0,256,20480,8192,32768,26624,3786.85,4647.862,4651.092,1.0038
mixed,8,6,0.75,4.0,1024,0,128,512,416,177.884,177.822,178.332,
mixed,8,6,0.75,4.0,1024,0,512,2048,1664,286.201,340.377,338.587,0.967
mixed,8,6,0.75,4.0,1024,0,2048,8192,6656,986.129,1203.79,1202.062,0.9921
mixed,8,6,0.75,4.0,1024,0,8192,32768,26624,3790.916,4650.808,4652.663,1.0022
mixed,8,6,0.75,4.0,1024,512,128,512,416,248.445,247.899,248.347,
mixed,8,6,0.75,4.0,1024,512,512,2048,1664,286.682,340.219,338.81,0.9737
mixed,8,6,0.75,4.0,1024,512,2048,8192,6656,987.28,1202.67,1199.948,0.9874
mixed,8,6,0.75,4.0,1024,512,8192,32768,26624,3792.002,4654.664,4653.174,0.9983
mixed,8,6,0.75,4.0,1024,2048,128,512,416,459.929,459.0,459.609,
mixed,8,6,0.75,4.0,1024,2048,512,2048,1664,460.312,461.175,460.281,-0.0359
mixed,8,6,0.75,4.0,1024,2048,2048,8192,6656,988.208,1203.084,1204.141,1.0049
mixed,8,6,0.75,4.0,1024,2048,8192,32768,26624,3790.023,4654.04,4653.881,0.9998
mixed,8,6,0.75,4.0,1024,8192,128,512,416,1303.757,1304.205,1302.156,-3.5737
mixed,8,6,0.75,4.0,1024,8192,512,2048,1664,1304.619,1305.1,1307.051,5.0561
mixed,8,6,0.75,4.0,1024,8192,2048,8192,6656,1304.235,1307.339,1306.508,0.7323
mixed,8,6,0.75,4.0,1024,8192,8192,32768,26624,3795.206,4653.403,4653.499,1.0001
mixed,8,6,0.75,4.0,1024,20480,128,512,416,2999.156,2996.403,3004.662,
mixed,8,6,0.75,4.0,1024,20480,512,2048,1664,3001.203,3007.667,2998.005,-0.4947
mixed,8,6,0.75,4.0,1024,20480,2048,8192,6656,3002.9,2995.667,2999.638,
mixed,8,6,0.75,4.0,1024,20480,8192,32768,26624,3791.911,4657.018,4653.274,0.9957
mixed,8,6,0.75,4.0,4096,0,128,512,416,981.777,982.448,982.545,1.1446
mixed,8,6,0.75,4.0,4096,0,512,2048,1664,998.032,1020.689,1010.96,0.5706
mixed,8,6,0.75,4.0,4096,0,2048,8192,6656,1534.314,1750.246,1720.261,0.8611
mixed,8,6,0.75,4.0,4096,0,8192,32768,26624,4343.392,5204.309,5176.245,0.9674
mixed,8,6,0.75,4.0,4096,512,128,512,416,1155.216,1161.585,1145.55,-1.5177
mixed,8,6,0.75,4.0,4096,512,512,2048,1664,1168.719,1171.536,1169.294,0.2041
mixed,8,6,0.75,4.0,4096,512,2048,8192,6656,1644.841,1858.82,1831.557,0.8726
mixed,8,6,0.75,4.0,4096,512,8192,32768,26624,4451.65,5311.991,5301.044,0.9873
mixed,8,6,0.75,4.0,4096,2048,128,512,416,1637.225,1640.041,1634.632,-0.9208
mixed,8,6,0.75,4.0,4096,2048,512,2048,1664,1646.376,1650.953,1648.584,0.4824
mixed,8,6,0.75,4.0,4096,2048,2048,8192,6656,1949.444,2166.817,2114.755,0.7605
mixed,8,6,0.75,4.0,4096,2048,8192,32768,26624,4757.212,5630.162,5583.826,0.9469
mixed,8,6,0.75,4.0,4096,8192,128,512,416,3354.321,3356.433,3355.121,0.3788
mixed,8,6,0.75,4.0,4096,8192,512,2048,1664,3382.096,3384.593,3383.699,0.642
mixed,8,6,0.75,4.0,4096,8192,2048,8192,6656,3443.025,3711.178,3678.605,0.8785
mixed,8,6,0.75,4.0,4096,8192,8192,32768,26624,6409.415,7284.028,7197.95,0.9016
mixed,8,6,0.75,4.0,4096,20480,128,512,416,6714.535,6710.021,6710.657,
mixed,8,6,0.75,4.0,4096,20480,512,2048,1664,6742.183,6741.73,6736.967,
mixed,8,6,0.75,4.0,4096,20480,2048,8192,6656,6743.843,6747.462,6736.226,-2.1047
mixed,8,6,0.75,4.0,4096,20480,8192,32768,26624,9705.756,10573.264,10519.381,0.9379
mixed,8,6,0.75,4.0,16384,0,128,512,416,9902.202,9894.106,9890.299,
mixed,8,6,0.75,4.0,16384,0,512,2048,1664,9965.462,9952.19,9956.316,
mixed,8,6,0.75,4.0,16384,0,2048,8192,6656,10046.01,10034.968,10037.403,
mixed,8,6,0.75,4.0,16384,0,8192,32768,26624,12391.547,13316.396,13137.138,0.8062
mixed,8,6,0.75,4.0,16384,512,128,512,416,10490.323,10486.452,10495.7,
mixed,8,6,0.75,4.0,16384,512,512,2048,1664,10513.076,10529.369,10517.905,0.2964
mixed,8,6,0.75,4.0,16384,512,2048,8192,6656,10573.433,10598.45,10578.807,0.2148
mixed,8,6,0.75,4.0,16384,512,8192,32768,26624,12912.535,13779.308,13602.19,0.7957
mixed,8,6,0.75,4.0,16384,2048,128,512,416,12177.817,12182.406,12187.583,2.1281
mixed,8,6,0.75,4.0,16384,2048,512,2048,1664,12210.046,12205.572,12216.611,
mixed,8,6,0.75,4.0,16384,2048,2048,8192,6656,12218.502,12223.461,12237.79,3.8895
mixed,8,6,0.75,4.0,16384,2048,8192,32768,26624,14368.842,15418.742,15175.521,0.7683
mixed,8,6,0.75,4.0,16384,8192,128,512,416,18858.453,18865.906,18859.695,0.1666
mixed,8,6,0.75,4.0,16384,8192,512,2048,1664,18852.369,18861.941,18858.099,0.5986
mixed,8,6,0.75,4.0,16384,8192,2048,8192,6656,19107.085,19180.588,19095.211,-0.1615
mixed,8,6,0.75,4.0,16384,8192,8192,32768,26624,20441.886,21425.3,21267.957,0.84
mixed,8,6,0.75,4.0,16384,20480,128,512,416,32326.161,32308.232,32296.524,
mixed,8,6,0.75,4.0,16384,20480,512,2048,1664,32305.061,32300.559,32314.707,
mixed,8,6,0.75,4.0,16384,20480,2048,8192,6656,32579.239,32569.253,32547.98,
mixed,8,6,0.75,4.0,16384,20480,8192,32768,26624,32618.862,33239.299,33023.204,0.6517
mixed,8,6,0.75,4.0,32768,0,128,512,416,36645.024,32227.058,32179.506,
mixed,8,6,0.75,4.0,32768,0,512,2048,1664,32208.409,31859.266,31897.79,
mixed,8,6,0.75,4.0,32768,0,2048,8192,6656,32028.314,31995.284,32023.332,
mixed,8,6,0.75,4.0,32768,0,8192,32768,26624,32597.199,33409.322,33139.024,0.6672
mixed,8,6,0.75,4.0,32768,512,128,512,416,32878.002,32821.742,37930.27,
mixed,8,6,0.75,4.0,32768,512,512,2048,1664,37134.786,32853.589,32851.19,
mixed,8,6,0.75,4.0,32768,512,2048,8192,6656,32901.594,32948.6,32899.77,-0.0388
mixed,8,6,0.75,4.0,32768,512,8192,32768,26624,33653.23,34483.811,34219.344,0.6816
mixed,8,6,0.75,4.0,32768,2048,128,512,416,35955.0,35885.046,35902.904,
mixed,8,6,0.75,4.0,32768,2048,512,2048,1664,35864.637,35864.698,35867.678,49.8525
mixed,8,6,0.75,4.0,32768,2048,2048,8192,6656,35871.484,35939.333,35866.946,-0.0669
mixed,8,6,0.75,4.0,32768,2048,8192,32768,26624,36307.931,37175.927,36946.65,0.7359
pure,8,7,0.875,4.0,0,0,128,512,464,53.855,54.686,54.239,0.4621
pure,8,7,0.875,4.0,0,0,512,2048,1856,103.872,110.015,105.724,0.3015
pure,8,7,0.875,4.0,0,0,2048,8192,7424,227.774,236.125,229.405,0.1953
pure,8,7,0.875,4.0,0,0,8192,32768,29696,678.744,751.033,746.074,0.9314
mixed,8,7,0.875,4.0,16,0,128,512,464,92.832,108.99,108.958,0.998
mixed,8,7,0.875,4.0,16,0,512,2048,1856,292.349,326.589,326.3,0.9916
mixed,8,7,0.875,4.0,16,0,2048,8192,7424,1084.147,1191.764,1191.378,0.9964
mixed,8,7,0.875,4.0,16,0,8192,32768,29696,4211.281,4643.949,4646.572,1.0061
mixed,8,7,0.875,4.0,16,512,128,512,464,109.372,109.824,109.917,1.2058
mixed,8,7,0.875,4.0,16,512,512,2048,1856,292.957,327.07,326.874,0.9943
mixed,8,7,0.875,4.0,16,512,2048,8192,7424,1084.149,1192.178,1192.276,1.0009
mixed,8,7,0.875,4.0,16,512,8192,32768,29696,4217.779,4651.181,4645.902,0.9878
mixed,8,7,0.875,4.0,16,2048,128,512,464,326.493,326.845,326.652,0.4517
mixed,8,7,0.875,4.0,16,2048,512,2048,1856,326.461,327.996,327.964,0.9792
mixed,8,7,0.875,4.0,16,2048,2048,8192,7424,1084.18,1192.404,1191.732,0.9938
mixed,8,7,0.875,4.0,16,2048,8192,32768,29696,4214.868,4645.423,4645.519,1.0002
mixed,8,7,0.875,4.0,16,8192,128,512,464,1191.987,1192.851,1192.371,0.4444
mixed,8,7,0.875,4.0,16,8192,512,2048,1856,1192.468,1193.204,1193.396,1.2609
mixed,8,7,0.875,4.0,16,8192,2048,8192,7424,1193.65,1194.1,1193.619,-0.0689
mixed,8,7,0.875,4.0,16,8192,8192,32768,29696,4215.507,4646.832,4645.778,0.9976
mixed,8,7,0.875,4.0,16,20480,128,512,464,2919.106,2921.122,2920.131,0.5084
mixed,8,7,0.875,4.0,16,20480,512,2048,1856,2920.419,2920.418,2919.46,
mixed,8,7,0.875,4.0,16,20480,2048,8192,7424,2919.49,2920.674,2920.035,0.4603
mixed,8,7,0.875,4.0,16,20480,8192,32768,29696,4215.379,4646.704,4646.16,0.9987
mixed,8,7,0.875,4.0,64,0,128,512,464,93.376,109.533,109.629,1.0059
mixed,8,7,0.875,4.0,64,0,512,2048,1856,292.955,327.485,327.772,1.0083
mixed,8,7,0.875,4.0,64,0,2048,8192,7424,1084.918,1193.14,1192.306,0.9923
mixed,8,7,0.875,4.0,64,0,8192,32768,29696,4213.494,4642.865,4642.228,0.9985
mixed,8,7,0.875,4.0,64,512,128,512,464,112.063,111.518,111.712,
mixed,8,7,0.875,4.0,64,512,512,2048,1856,292.924,327.804,327.485,0.9909
mixed,8,7,0.875,4.0,64,512,2048,8192,7424,1085.302,1193.205,1193.204,1.0
mixed,8,7,0.875,4.0,64,512,8192,32768,29696,4216.469,4647.986,4645.811,0.995
mixed,8,7,0.875,4.0,64,2048,128,512,464,328.925,328.732,328.477,
mixed,8,7,0.875,4.0,64,2048,512,2048,1856,329.469,329.18,328.924,
mixed,8,7,0.875,4.0,64,2048,2048,8192,7424,1085.109,1193.462,1193.364,0.9991
mixed,8,7,0.875,4.0,64,2048,8192,32768,29696,4214.038,4647.858,4646.163,0.9961
mixed,8,7,0.875,4.0,64,8192,128,512,464,1194.835,1194.292,1194.132,
mixed,8,7,0.875,4.0,64,8192,512,2048,1856,1195.636,1194.739,1194.837,
mixed,8,7,0.875,4.0,64,8192,2048,8192,7424,1194.74,1195.06,1194.709,-0.0969
mixed,8,7,0.875,4.0,64,8192,8192,32768,29696,4215.926,4648.307,4646.419,0.9956
mixed,8,7,0.875,4.0,64,20480,128,512,464,2922.309,2921.126,2921.443,
mixed,8,7,0.875,4.0,64,20480,512,2048,1856,2923.141,2921.637,2922.471,
mixed,8,7,0.875,4.0,64,20480,2048,8192,7424,2922.534,2922.661,2922.307,-1.7874
mixed,8,7,0.875,4.0,64,20480,8192,32768,29696,4214.074,4644.373,4646.262,1.0044
mixed,8,7,0.875,4.0,256,0,128,512,464,97.694,113.951,114.144,1.0119
mixed,8,7,0.875,4.0,256,0,512,2048,1856,297.404,331.614,331.549,0.9981
mixed,8,7,0.875,4.0,256,0,2048,8192,7424,1087.991,1196.404,1196.534,1.0012
mixed,8,7,0.875,4.0,256,0,8192,32768,29696,4221.304,4645.398,4646.23,1.002
mixed,8,7,0.875,4.0,256,512,128,512,464,132.16,133.182,132.478,0.3112
mixed,8,7,0.875,4.0,256,512,512,2048,1856,297.087,331.326,331.646,1.0093
mixed,8,7,0.875,4.0,256,512,2048,8192,7424,1087.256,1194.421,1196.535,1.0197
mixed,8,7,0.875,4.0,256,512,8192,32768,29696,4222.074,4653.815,4654.678,1.002
mixed,8,7,0.875,4.0,256,2048,128,512,464,343.358,343.806,343.677,0.7121
mixed,8,7,0.875,4.0,256,2048,512,2048,1856,343.454,346.3,345.981,0.8879
mixed,8,7,0.875,4.0,256,2048,2048,8192,7424,1087.67,1194.965,1194.071,0.9917
mixed,8,7,0.875,4.0,256,2048,8192,32768,29696,4217.852,4654.839,4656.055,1.0028
mixed,8,7,0.875,4.0,256,8192,128,512,464,1199.446,1199.67,1200.052,2.7054
mixed,8,7,0.875,4.0,256,8192,512,2048,1856,1200.503,1199.733,1199.765,
mixed,8,7,0.875,4.0,256,8192,2048,8192,7424,1200.501,1200.598,1200.47,-0.3196
mixed,8,7,0.875,4.0,256,8192,8192,32768,29696,4220.925,4652.376,4650.009,0.9945
mixed,8,7,0.875,4.0,256,20480,128,512,464,2927.687,2927.144,2928.165,
mixed,8,7,0.875,4.0,256,20480,512,2048,1856,2927.657,2927.816,2929.83,13.6667
mixed,8,7,0.875,4.0,256,20480,2048,8192,7424,2931.626,2931.304,2931.176,
mixed,8,7,0.875,4.0,256,20480,8192,32768,29696,4219.676,4649.018,4651.001,1.0046
mixed,8,7,0.875,4.0,1024,0,128,512,464,178.401,177.981,178.237,
mixed,8,7,0.875,4.0,1024,0,512,2048,1856,305.92,340.318,338.557,0.9488
mixed,8,7,0.875,4.0,1024,0,2048,8192,7424,1096.086,1202.646,1201.623,0.9904
mixed,8,7,0.875,4.0,1024,0,8192,32768,29696,4221.215,4652.828,4656.442,1.0084
mixed,8,7,0.875,4.0,1024,512,128,512,464,248.446,248.476,248.125,-10.7
mixed,8,7,0.875,4.0,1024,512,512,2048,1856,306.174,340.67,339.42,0.9638
mixed,8,7,0.875,4.0,1024,512,2048,8192,7424,1095.255,1202.551,1202.421,0.9988
mixed,8,7,0.875,4.0,1024,512,8192,32768,29696,4225.663,4653.85,4654.874,1.0024
mixed,8,7,0.875,4.0,1024,2048,128,512,464,459.836,459.292,459.133,
mixed,8,7,0.875,4.0,1024,2048,512,2048,1856,459.964,460.668,460.699,1.044
mixed,8,7,0.875,4.0,1024,2048,2048,8192,7424,1095.543,1204.215,1203.734,0.9956
mixed,8,7,0.875,4.0,1024,2048,8192,32768,29696,4224.479,4654.94,4651.644,0.9923
mixed,8,7,0.875,4.0,1024,8192,128,512,464,1302.197,1302.358,1301.527,-4.1615
mixed,8,7,0.875,4.0,1024,8192,512,2048,1856,1302.549,1306.997,1303.253,0.1583
mixed,8,7,0.875,4.0,1024,8192,2048,8192,7424,1304.726,1306.326,1306.421,1.0594
mixed,8,7,0.875,4.0,1024,8192,8192,32768,29696,4223.584,4654.429,4651.773,0.9938
mixed,8,7,0.875,4.0,1024,20480,128,512,464,2996.073,2993.481,2994.57,
mixed,8,7,0.875,4.0,1024,20480,512,2048,1856,2995.209,2999.627,2998.315,0.703
mixed,8,7,0.875,4.0,1024,20480,2048,8192,7424,2999.372,3005.995,2996.873,-0.3773
mixed,8,7,0.875,4.0,1024,20480,8192,32768,29696,4225.919,4658.43,4656.669,0.9959
mixed,8,7,0.875,4.0,4096,0,128,512,464,980.986,982.842,982.202,0.6552
mixed,8,7,0.875,4.0,4096,0,512,2048,1856,1000.569,1024.344,1019.706,0.8049
mixed,8,7,0.875,4.0,4096,0,2048,8192,7424,1642.386,1749.939,1738.195,0.8908
mixed,8,7,0.875,4.0,4096,0,8192,32768,29696,4775.742,5211.223,5194.171,0.9608
mixed,8,7,0.875,4.0,4096,512,128,512,464,1155.384,1163.256,1158.872,0.4431
mixed,8,7,0.875,4.0,4096,512,512,2048,1856,1169.848,1170.871,1170.392,0.5318
mixed,8,7,0.875,4.0,4096,512,2048,8192,7424,1752.593,1859.955,1851.988,0.9258
mixed,8,7,0.875,4.0,4096,512,8192,32768,29696,4887.068,5312.312,5307.419,0.9885
mixed,8,7,0.875,4.0,4096,2048,128,512,464,1637.59,1640.18,1636.308,-0.495
mixed,8,7,0.875,4.0,4096,2048,512,2048,1856,1647.252,1650.389,1652.243,1.591
mixed,8,7,0.875,4.0,4096,2048,2048,8192,7424,2060.05,2166.865,2143.537,0.7816
mixed,8,7,0.875,4.0,4096,2048,8192,32768,29696,5186.364,5628.25,5598.586,0.9329
mixed,8,7,0.875,4.0,4096,8192,128,512,464,3356.616,3356.202,3355.561,
mixed,8,7,0.875,4.0,4096,8192,512,2048,1856,3386.538,3385.514,3383.657,
mixed,8,7,0.875,4.0,4096,8192,2048,8192,7424,3574.825,3712.104,3703.911,0.9403
mixed,8,7,0.875,4.0,4096,8192,8192,32768,29696,6844.561,7279.47,7231.536,0.8898
mixed,8,7,0.875,4.0,4096,20480,128,512,464,6713.107,6710.229,6712.819,
mixed,8,7,0.875,4.0,4096,20480,512,2048,1856,6736.305,6735.766,6739.989,
mixed,8,7,0.875,4.0,4096,20480,2048,8192,7424,6747.187,6742.805,6739.062,
mixed,8,7,0.875,4.0,4096,20480,8192,32768,29696,10147.488,10568.028,10551.741,0.9613
mixed,8,7,0.875,4.0,16384,0,128,512,464,9900.353,9898.466,9905.828,
mixed,8,7,0.875,4.0,16384,0,512,2048,1856,9949.761,9966.881,9950.208,0.0261
mixed,8,7,0.875,4.0,16384,0,2048,8192,7424,10030.336,10045.985,10031.806,0.0939
mixed,8,7,0.875,4.0,16384,0,8192,32768,29696,12828.047,13312.201,13217.324,0.804
mixed,8,7,0.875,4.0,16384,512,128,512,464,10486.173,10495.518,10492.702,0.6987
mixed,8,7,0.875,4.0,16384,512,512,2048,1856,10522.653,10529.374,10516.258,-0.9515
mixed,8,7,0.875,4.0,16384,512,2048,8192,7424,10594.943,10612.895,10595.904,0.0535
mixed,8,7,0.875,4.0,16384,512,8192,32768,29696,13349.902,13792.491,13706.124,0.8049
mixed,8,7,0.875,4.0,16384,2048,128,512,464,12187.027,12172.026,12189.525,
mixed,8,7,0.875,4.0,16384,2048,512,2048,1856,12204.118,12217.08,12219.671,1.1999
mixed,8,7,0.875,4.0,16384,2048,2048,8192,7424,12246.87,12250.259,12263.638,4.9478
mixed,8,7,0.875,4.0,16384,2048,8192,32768,29696,14953.412,15426.307,15288.707,0.709
mixed,8,7,0.875,4.0,16384,8192,128,512,464,18880.245,18876.048,18851.406,
mixed,8,7,0.875,4.0,16384,8192,512,2048,1856,18849.914,18868.427,18868.179,0.9866
mixed,8,7,0.875,4.0,16384,8192,2048,8192,7424,19110.192,19187.502,19130.06,0.257
mixed,8,7,0.875,4.0,16384,8192,8192,32768,29696,20881.065,21428.871,21342.054,0.8415
mixed,8,7,0.875,4.0,16384,20480,128,512,464,32303.965,32309.798,32308.816,0.8316
mixed,8,7,0.875,4.0,16384,20480,512,2048,1856,32278.857,32330.576,32296.736,0.3457
mixed,8,7,0.875,4.0,16384,20480,2048,8192,7424,32585.543,32620.395,32609.065,0.6749
mixed,8,7,0.875,4.0,16384,20480,8192,32768,29696,32856.005,33240.739,33122.122,0.6917
mixed,8,7,0.875,4.0,32768,0,128,512,464,36648.333,32196.27,32213.648,
mixed,8,7,0.875,4.0,32768,0,512,2048,1856,31864.75,31867.916,31916.879,16.4653
mixed,8,7,0.875,4.0,32768,0,2048,8192,7424,31970.42,31980.981,32007.51,3.512
mixed,8,7,0.875,4.0,32768,0,8192,32768,29696,33005.352,38516.343,35512.46,0.4549
mixed,8,7,0.875,4.0,32768,512,128,512,464,32873.571,32838.897,32862.929,
mixed,8,7,0.875,4.0,32768,512,512,2048,1856,32825.306,32840.248,33022.447,13.1937
mixed,8,7,0.875,4.0,32768,512,2048,8192,7424,33053.276,33132.781,33076.861,0.2966
mixed,8,7,0.875,4.0,32768,512,8192,32768,29696,34077.843,34477.735,34351.438,0.6842
mixed,8,7,0.875,4.0,32768,2048,128,512,464,35901.473,35863.875,35837.056,
mixed,8,7,0.875,4.0,32768,2048,512,2048,1856,35887.298,35865.706,35882.855,
mixed,8,7,0.875,4.0,32768,2048,2048,8192,7424,35918.926,35929.645,35907.186,-1.0953
mixed,8,7,0.875,4.0,32768,2048,8192,32768,29696,36764.267,37185.029,37089.706,0.7735
pure,32,1,0.0312,4.0,0,0,128,512,140,54.944,107.552,68.703,0.2615
pure,32,1,0.0312,4.0,0,0,512,2048,560,125.727,253.824,138.751,0.1017
pure,32,1,0.0312,4.0,0,0,2048,8192,2240,259.391,705.756,371.389,0.2509
pure,32,1,0.0312,4.0,0,0,8192,32768,8960,744.092,2522.804,1257.883,0.2889
mixed,32,1,0.0312,4.0,16,0,128,512,140,59.52,115.008,109.696,0.9043
mixed,32,1,0.0312,4.0,16,0,512,2048,560,116.895,332.35,327.039,0.9753
mixed,32,1,0.0312,4.0,16,0,2048,8192,2240,352.576,1198.586,1191.195,0.9913
mixed,32,1,0.0312,4.0,16,0,8192,32768,8960,1307.354,4664.297,4641.769,0.9933
mixed,32,1,0.0312,4.0,16,512,128,512,140,109.728,114.43,110.622,0.1901
mixed,32,1,0.0312,4.0,16,512,512,2048,560,116.8,332.447,327.424,0.9767
mixed,32,1,0.0312,4.0,16,512,2048,8192,2240,353.214,1197.435,1190.043,0.9912
mixed,32,1,0.0312,4.0,16,512,8192,32768,8960,1306.103,4666.22,4643.534,0.9932
mixed,32,1,0.0312,4.0,16,2048,128,512,140,325.757,328.158,326.271,0.2141
mixed,32,1,0.0312,4.0,16,2048,512,2048,560,325.791,331.968,327.839,0.3316
mixed,32,1,0.0312,4.0,16,2048,2048,8192,2240,352.254,1199.132,1192.25,0.9919
mixed,32,1,0.0312,4.0,16,2048,8192,32768,8960,1307.898,4662.668,4649.261,0.996
mixed,32,1,0.0312,4.0,16,8192,128,512,140,1189.275,1192.7,1189.627,0.1028
mixed,32,1,0.0312,4.0,16,8192,512,2048,560,1189.628,1194.013,1190.107,0.1092
mixed,32,1,0.0312,4.0,16,8192,2048,8192,2240,1190.042,1199.13,1195.485,0.5989
mixed,32,1,0.0312,4.0,16,8192,8192,32768,8960,1306.203,4662.86,4647.055,0.9953
mixed,32,1,0.0312,4.0,16,20480,128,512,140,2909.46,2914.423,2907.029,-0.4898
mixed,32,1,0.0312,4.0,16,20480,512,2048,560,2910.548,2914.581,2917.303,1.6749
mixed,32,1,0.0312,4.0,16,20480,2048,8192,2240,2911.061,2920.5,2909.911,-0.1218
mixed,32,1,0.0312,4.0,16,20480,8192,32768,8960,2921.685,4663.918,4643.6,0.9883
mixed,32,1,0.0312,4.0,64,0,128,512,140,60.255,115.264,110.527,0.9139
mixed,32,1,0.0312,4.0,64,0,512,2048,560,117.184,332.447,327.614,0.9775
mixed,32,1,0.0312,4.0,64,0,2048,8192,2240,353.087,1199.452,1187.803,0.9862
mixed,32,1,0.0312,4.0,64,0,8192,32768,8960,1305.724,4665.903,4644.975,0.9938
mixed,32,1,0.0312,4.0,64,512,128,512,140,112.927,117.056,113.504,0.1397
mixed,32,1,0.0312,4.0,64,512,512,2048,560,117.858,332.159,328.671,0.9837
mixed,32,1,0.0312,4.0,64,512,2048,8192,2240,353.151,1200.124,1191.739,0.9901
mixed,32,1,0.0312,4.0,64,512,8192,32768,8960,1305.469,4662.449,4643.922,0.9945
mixed,32,1,0.0312,4.0,64,2048,128,512,140,329.183,333.215,330.623,0.3571
mixed,32,1,0.0312,4.0,64,2048,512,2048,560,328.543,333.439,332.223,0.7516
mixed,32,1,0.0312,4.0,64,2048,2048,8192,2240,353.566,1199.581,1191.837,0.9908
mixed,32,1,0.0312,4.0,64,2048,8192,32768,8960,1305.213,4665.683,4633.713,0.9905
mixed,32,1,0.0312,4.0,64,8192,128,512,140,1193.244,1195.805,1193.404,0.0625
mixed,32,1,0.0312,4.0,64,8192,512,2048,560,1191.707,1195.259,1196.19,1.2621
mixed,32,1,0.0312,4.0,64,8192,2048,8192,2240,1192.347,1199.74,1195.677,0.4504
mixed,32,1,0.0312,4.0,64,8192,8192,32768,8960,1306.557,4663.858,4644.114,0.9941
mixed,32,1,0.0312,4.0,64,20480,128,512,140,2916.055,2918.298,2914.65,-0.6264
mixed,32,1,0.0312,4.0,64,20480,512,2048,560,2907.673,2919.352,2922.105,1.2357
mixed,32,1,0.0312,4.0,64,20480,2048,8192,2240,2913.082,2920.921,2918.037,0.6321
mixed,32,1,0.0312,4.0,64,20480,8192,32768,8960,2921.945,4666.036,4644.659,0.9877
mixed,32,1,0.0312,4.0,256,0,128,512,140,101.824,160.128,115.36,0.2322
mixed,32,1,0.0312,4.0,256,0,512,2048,560,159.967,370.591,328.0,0.7978
mixed,32,1,0.0312,4.0,256,0,2048,8192,2240,388.16,1226.046,1187.069,0.9535
mixed,32,1,0.0312,4.0,256,0,8192,32768,8960,1335.678,4666.292,4637.876,0.9915
mixed,32,1,0.0312,4.0,256,512,128,512,140,137.086,211.519,136.832,-0.0034
mixed,32,1,0.0312,4.0,256,512,512,2048,560,214.144,447.775,328.384,0.489
mixed,32,1,0.0312,4.0,256,512,2048,8192,2240,466.816,1315.995,1188.317,0.8496
mixed,32,1,0.0312,4.0,256,512,8192,32768,8960,1423.708,4782.676,4633.813,0.9557
mixed,32,1,0.0312,4.0,256,2048,128,512,140,346.687,346.367,346.782,
mixed,32,1,0.0312,4.0,256,2048,512,2048,560,348.032,643.071,347.201,-0.0028
mixed,32,1,0.0312,4.0,256,2048,2048,8192,2240,679.646,1529.215,1188.576,0.599
mixed,32,1,0.0312,4.0,256,2048,8192,32768,8960,1636.127,5002.294,4643.798,0.8935
mixed,32,1,0.0312,4.0,256,8192,128,512,140,1195.133,1197.119,1195.773,0.3223
mixed,32,1,0.0312,4.0,256,8192,512,2048,560,1197.565,1197.086,1196.509,
mixed,32,1,0.0312,4.0,256,8192,2048,8192,2240,1198.463,2374.557,1199.037,0.0005
mixed,32,1,0.0312,4.0,256,8192,8192,32768,8960,2498.907,5860.405,4649.305,0.6397
mixed,32,1,0.0312,4.0,256,20480,128,512,140,2915.835,2918.266,2917.755,0.7898
mixed,32,1,0.0312,4.0,256,20480,512,2048,560,2917.145,2920.891,2917.754,0.1626
mixed,32,1,0.0312,4.0,256,20480,2048,8192,2240,2915.485,2926.234,2919.579,0.3809
mixed,32,1,0.0312,4.0,256,20480,8192,32768,8960,2926.684,7587.347,4643.127,0.3683
mixed,32,1,0.0312,4.0,1024,0,128,512,140,203.68,239.008,202.335,-0.0381
mixed,32,1,0.0312,4.0,1024,0,512,2048,560,241.215,521.983,358.878,0.4191
mixed,32,1,0.0312,4.0,1024,0,2048,8192,2240,541.694,1408.125,1202.622,0.7628
mixed,32,1,0.0312,4.0,1024,0,8192,32768,8960,1517.342,4897.975,4672.632,0.9333
mixed,32,1,0.0312,4.0,1024,512,128,512,140,272.639,274.046,272.992,0.2509
mixed,32,1,0.0312,4.0,1024,512,512,2048,560,273.76,590.367,357.727,0.2652
mixed,32,1,0.0312,4.0,1024,512,2048,8192,2240,607.87,1483.935,1202.943,0.6793
mixed,32,1,0.0312,4.0,1024,512,8192,32768,8960,1595.455,5056.026,4668.666,0.8881
mixed,32,1,0.0312,4.0,1024,2048,128,512,140,483.967,484.768,483.391,-0.7191
mixed,32,1,0.0312,4.0,1024,2048,512,2048,560,484.381,691.038,483.805,-0.0028
mixed,32,1,0.0312,4.0,1024,2048,2048,8192,2240,726.111,1686.399,1201.791,0.4954
mixed,32,1,0.0312,4.0,1024,2048,8192,32768,8960,1796.542,5252.665,4669.532,0.8313
mixed,32,1,0.0312,4.0,1024,8192,128,512,140,1329.247,1327.518,1326.75,
mixed,32,1,0.0312,4.0,1024,8192,512,2048,560,1325.085,1328.577,1329.12,1.1555
mixed,32,1,0.0312,4.0,1024,8192,2048,8192,2240,1330.816,2419.646,1331.712,0.0008
mixed,32,1,0.0312,4.0,1024,8192,8192,32768,8960,2606.718,6059.963,4657.852,0.594
mixed,32,1,0.0312,4.0,1024,20480,128,512,140,3015.613,3010.846,3017.278,
mixed,32,1,0.0312,4.0,1024,20480,512,2048,560,3020.669,3026.751,3026.621,0.9786
mixed,32,1,0.0312,4.0,1024,20480,2048,8192,2240,3022.301,3026.558,3021.501,-0.1879
mixed,32,1,0.0312,4.0,1024,20480,8192,32768,8960,3030.239,7717.944,4663.517,0.3484
mixed,32,1,0.0312,4.0,4096,0,128,512,140,1030.88,1048.605,1033.279,0.1353
mixed,32,1,0.0312,4.0,4096,0,512,2048,560,1051.201,1158.749,1051.903,0.0065
mixed,32,1,0.0312,4.0,4096,0,2048,8192,2240,1186.368,2495.101,1762.816,0.4405
mixed,32,1,0.0312,4.0,4096,0,8192,32768,8960,2633.438,6134.044,5367.517,0.781
mixed,32,1,0.0312,4.0,4096,512,128,512,140,1197.504,1216.577,1200.415,0.1526
mixed,32,1,0.0312,4.0,4096,512,512,2048,560,1212.447,1315.873,1218.88,0.0622
mixed,32,1,0.0312,4.0,4096,512,2048,8192,2240,1327.104,2640.222,1857.568,0.404
mixed,32,1,0.0312,4.0,4096,512,8192,32768,8960,2803.008,6363.037,5573.631,0.7783
mixed,32,1,0.0312,4.0,4096,2048,128,512,140,1712.224,1712.479,1712.801,2.2627
mixed,32,1,0.0312,4.0,4096,2048,512,2048,560,1712.097,1778.209,1711.327,-0.0116
mixed,32,1,0.0312,4.0,4096,2048,2048,8192,2240,1801.6,2995.839,2131.839,0.2765
mixed,32,1,0.0312,4.0,4096,2048,8192,32768,8960,3171.84,6984.478,6000.415,0.7419
mixed,32,1,0.0312,4.0,4096,8192,128,512,140,3383.968,3383.167,3381.824,
mixed,32,1,0.0312,4.0,4096,8192,512,2048,560,3386.399,3411.297,3381.665,-0.1901
mixed,32,1,0.0312,4.0,4096,8192,2048,8192,2240,3418.687,4329.408,3410.623,-0.0089
mixed,32,1,0.0312,4.0,4096,8192,8192,32768,8960,4401.887,9408.0,7288.575,0.5766
mixed,32,1,0.0312,4.0,4096,20480,128,512,140,6739.842,6739.393,6740.895,
mixed,32,1,0.0312,4.0,4096,20480,512,2048,560,6741.409,6746.144,6738.882,-0.5337
mixed,32,1,0.0312,4.0,4096,20480,2048,8192,2240,6738.115,7643.425,6738.111,-0.0
mixed,32,1,0.0312,4.0,4096,20480,8192,32768,8960,7758.112,12563.391,8985.023,0.2553
mixed,32,1,0.0312,4.0,16384,0,128,512,140,10105.315,10113.695,10094.463,-1.295
mixed,32,1,0.0312,4.0,16384,0,512,2048,560,10115.936,10210.563,10103.97,-0.1265
mixed,32,1,0.0312,4.0,16384,0,2048,8192,2240,10224.033,10903.97,10228.258,0.0062
mixed,32,1,0.0312,4.0,16384,0,8192,32768,8960,11067.49,16007.009,13077.314,0.4069
mixed,32,1,0.0312,4.0,16384,512,128,512,140,10598.661,10661.667,10606.405,0.1229
mixed,32,1,0.0312,4.0,16384,512,512,2048,560,10655.75,10746.595,10657.475,0.019
mixed,32,1,0.0312,4.0,16384,512,2048,8192,2240,10745.478,11419.459,10730.566,-0.0221
mixed,32,1,0.0312,4.0,16384,512,8192,32768,8960,11601.732,16482.567,13583.879,0.4061
mixed,32,1,0.0312,4.0,16384,2048,128,512,140,12233.636,12285.254,12239.401,0.1117
mixed,32,1,0.0312,4.0,16384,2048,512,2048,560,12282.889,12406.377,12301.322,0.1493
mixed,32,1,0.0312,4.0,16384,2048,2048,8192,2240,12380.774,12996.963,12382.021,0.002
mixed,32,1,0.0312,4.0,16384,2048,8192,32768,8960,13169.287,18083.113,15062.792,0.3853
mixed,32,1,0.0312,4.0,16384,8192,128,512,140,18895.434,19008.813,18896.461,0.0091
mixed,32,1,0.0312,4.0,16384,8192,512,2048,560,19014.989,19270.696,19040.396,0.0994
mixed,32,1,0.0312,4.0,16384,8192,2048,8192,2240,19317.997,19676.743,19328.333,0.0288
mixed,32,1,0.0312,4.0,16384,8192,8192,32768,8960,19758.83,24305.331,20998.351,0.2726
mixed,32,1,0.0312,4.0,16384,20480,128,512,140,32315.06,32409.556,32312.797,-0.0239
mixed,32,1,0.0312,4.0,16384,20480,512,2048,560,32453.373,32754.752,32485.888,0.1079
mixed,32,1,0.0312,4.0,16384,20480,2048,8192,2240,32734.239,32858.27,32779.967,0.3687
mixed,32,1,0.0312,4.0,16384,20480,8192,32768,8960,32867.325,37147.137,32903.137,0.0084
mixed,32,1,0.0312,4.0,32768,0,128,512,140,36953.893,32273.284,32133.951,
mixed,32,1,0.0312,4.0,32768,0,512,2048,560,32139.167,32209.403,32140.986,0.0259
mixed,32,1,0.0312,4.0,32768,0,2048,8192,2240,32205.342,32534.564,37069.805,14.7756
mixed,32,1,0.0312,4.0,32768,0,8192,32768,8960,37504.197,36639.973,32901.503,
mixed,32,1,0.0312,4.0,32768,512,128,512,140,38121.668,38124.289,33094.689,-1917.9622
mixed,32,1,0.0312,4.0,32768,512,512,2048,560,33054.124,33142.722,33095.827,0.4707
mixed,32,1,0.0312,4.0,32768,512,2048,8192,2240,33176.742,33487.371,38184.818,16.1224
mixed,32,1,0.0312,4.0,32768,512,8192,32768,8960,38640.561,37534.992,33713.265,
mixed,32,1,0.0312,4.0,32768,2048,128,512,140,35859.724,36072.335,35952.562,0.4367
mixed,32,1,0.0312,4.0,32768,2048,512,2048,560,36021.047,36044.309,36025.166,0.1771
mixed,32,1,0.0312,4.0,32768,2048,2048,8192,2240,36042.033,36503.794,41320.098,11.4303
mixed,32,1,0.0312,4.0,32768,2048,8192,32768,8960,36533.844,40475.929,36675.637,0.036
pure,32,2,0.0625,4.0,0,0,128,512,152,55.486,107.072,78.817,0.4523
pure,32,2,0.0625,4.0,0,0,512,2048,608,128.993,252.96,137.951,0.0723
pure,32,2,0.0625,4.0,0,0,2048,8192,2432,257.408,709.858,369.601,0.248
pure,32,2,0.0625,4.0,0,0,8192,32768,9728,822.688,2522.628,1262.435,0.2587
mixed,32,2,0.0625,4.0,16,0,128,512,152,59.647,114.592,110.784,0.9307
mixed,32,2,0.0625,4.0,16,0,512,2048,608,118.464,332.291,329.762,0.9882
mixed,32,2,0.0625,4.0,16,0,2048,8192,2432,385.857,1200.036,1194.563,0.9933
mixed,32,2,0.0625,4.0,16,0,8192,32768,9728,1415.107,4662.728,4646.76,0.9951
mixed,32,2,0.0625,4.0,16,512,128,512,152,109.92,115.008,110.624,0.1384
mixed,32,2,0.0625,4.0,16,512,512,2048,608,118.367,331.712,330.081,0.9924
mixed,32,2,0.0625,4.0,16,512,2048,8192,2432,385.664,1199.203,1194.561,0.9943
mixed,32,2,0.0625,4.0,16,512,8192,32768,9728,1414.563,4664.584,4646.953,0.9946
mixed,32,2,0.0625,4.0,16,2048,128,512,152,325.761,328.737,326.56,0.2685
mixed,32,2,0.0625,4.0,16,2048,512,2048,608,326.176,332.896,329.76,0.5333
mixed,32,2,0.0625,4.0,16,2048,2048,8192,2432,386.625,1198.691,1196.77,0.9976
mixed,32,2,0.0625,4.0,16,2048,8192,32768,9728,1414.755,4663.176,4648.777,0.9956
mixed,32,2,0.0625,4.0,16,8192,128,512,152,1189.409,1195.075,1189.826,0.0736
mixed,32,2,0.0625,4.0,16,8192,512,2048,608,1189.41,1194.625,1191.171,0.3377
mixed,32,2,0.0625,4.0,16,8192,2048,8192,2432,1192.45,1199.138,1195.937,0.5214
mixed,32,2,0.0625,4.0,16,8192,8192,32768,9728,1415.843,4664.137,4648.203,0.9951
mixed,32,2,0.0625,4.0,16,20480,128,512,152,2913.894,2914.15,2916.39,9.75
mixed,32,2,0.0625,4.0,16,20480,512,2048,608,2912.487,2917.479,2914.63,0.4293
mixed,32,2,0.0625,4.0,16,20480,2048,8192,2432,2916.584,2920.102,2918.343,0.5
mixed,32,2,0.0625,4.0,16,20480,8192,32768,9728,2919.046,4666.057,4649.611,0.9906
mixed,32,2,0.0625,4.0,64,0,128,512,152,60.96,115.903,112.448,0.9371
mixed,32,2,0.0625,4.0,64,0,512,2048,608,119.137,332.8,330.689,0.9901
mixed,32,2,0.0625,4.0,64,0,2048,8192,2432,386.339,1199.747,1193.027,0.9917
mixed,32,2,0.0625,4.0,64,0,8192,32768,9728,1415.78,4665.579,4646.314,0.9941
mixed,32,2,0.0625,4.0,64,512,128,512,152,112.767,116.511,114.336,0.4191
mixed,32,2,0.0625,4.0,64,512,512,2048,608,118.976,333.089,331.553,0.9928
mixed,32,2,0.0625,4.0,64,512,2048,8192,2432,386.656,1199.842,1197.764,0.9974
mixed,32,2,0.0625,4.0,64,512,8192,32768,9728,1415.235,4662.572,4651.948,0.9967
mixed,32,2,0.0625,4.0,64,2048,128,512,152,328.514,332.738,330.4,0.4465
mixed,32,2,0.0625,4.0,64,2048,512,2048,608,327.999,333.537,332.706,0.8499
mixed,32,2,0.0625,4.0,64,2048,2048,8192,2432,386.754,1200.259,1196.194,0.995
mixed,32,2,0.0625,4.0,64,2048,8192,32768,9728,1415.683,4665.324,4654.188,0.9966
mixed,32,2,0.0625,4.0,64,8192,128,512,152,1192.068,1194.659,1193.668,0.6175
mixed,32,2,0.0625,4.0,64,8192,512,2048,608,1192.325,1196.995,1196.005,0.788
mixed,32,2,0.0625,4.0,64,8192,2048,8192,2432,1196.355,1200.164,1196.932,0.1515
mixed,32,2,0.0625,4.0,64,8192,8192,32768,9728,1416.195,4663.18,4649.451,0.9958
mixed,32,2,0.0625,4.0,64,20480,128,512,152,2917.51,2918.76,2921.191,2.9448
mixed,32,2,0.0625,4.0,64,20480,512,2048,608,2914.569,2919.529,2917.03,0.4962
mixed,32,2,0.0625,4.0,64,20480,2048,8192,2432,2916.332,2922.856,2920.042,0.5687
mixed,32,2,0.0625,4.0,64,20480,8192,32768,9728,2924.745,4664.076,4647.598,0.9905
mixed,32,2,0.0625,4.0,256,0,128,512,152,102.016,160.192,116.033,0.2409
mixed,32,2,0.0625,4.0,256,0,512,2048,608,161.057,370.879,329.058,0.8007
mixed,32,2,0.0625,4.0,256,0,2048,8192,2432,423.329,1224.293,1192.165,0.9599
mixed,32,2,0.0625,4.0,256,0,8192,32768,9728,1436.324,4665.581,4644.335,0.9934
mixed,32,2,0.0625,4.0,256,512,128,512,152,136.832,211.905,136.321,-0.0068
mixed,32,2,0.0625,4.0,256,512,512,2048,608,216.194,448.161,330.017,0.4907
mixed,32,2,0.0625,4.0,256,512,2048,8192,2432,501.57,1318.117,1193.507,0.8474
mixed,32,2,0.0625,4.0,256,512,8192,32768,9728,1527.876,4781.488,4645.903,0.9583
mixed,32,2,0.0625,4.0,256,2048,128,512,152,346.689,347.392,346.21,-0.6814
mixed,32,2,0.0625,4.0,256,2048,512,2048,608,348.129,643.555,347.811,-0.0011
mixed,32,2,0.0625,4.0,256,2048,2048,8192,2432,716.386,1526.437,1191.939,0.5871
mixed,32,2,0.0625,4.0,256,2048,8192,32768,9728,1742.853,4998.319,4646.286,0.8919
mixed,32,2,0.0625,4.0,256,8192,128,512,152,1195.907,1196.482,1195.781,-0.2191
mixed,32,2,0.0625,4.0,256,8192,512,2048,608,1193.155,1195.236,1196.26,1.4921
mixed,32,2,0.0625,4.0,256,8192,2048,8192,2432,1197.219,2372.649,1197.828,0.0005
mixed,32,2,0.0625,4.0,256,8192,8192,32768,9728,2609.321,5850.772,4645.68,0.6282
mixed,32,2,0.0625,4.0,256,20480,128,512,152,2916.522,2916.809,2912.938,-12.4878
mixed,32,2,0.0625,4.0,256,20480,512,2048,608,2913.866,2919.401,2915.498,0.2949
mixed,32,2,0.0625,4.0,256,20480,2048,8192,2432,2920.553,2922.89,2918.603,-0.8344
mixed,32,2,0.0625,4.0,256,20480,8192,32768,9728,2925.353,7585.562,4647.694,0.3696
mixed,32,2,0.0625,4.0,1024,0,128,512,152,202.721,240.001,202.496,-0.006
mixed,32,2,0.0625,4.0,1024,0,512,2048,608,243.232,519.553,362.56,0.4318
mixed,32,2,0.0625,4.0,1024,0,2048,8192,2432,577.954,1405.252,1208.228,0.7618
mixed,32,2,0.0625,4.0,1024,0,8192,32768,9728,1628.068,4888.497,4676.559,0.935
mixed,32,2,0.0625,4.0,1024,512,128,512,152,273.698,273.632,272.129,
mixed,32,2,0.0625,4.0,1024,512,512,2048,608,273.6,588.898,362.691,0.2826
mixed,32,2,0.0625,4.0,1024,512,2048,8192,2432,644.611,1486.405,1206.884,0.6679
mixed,32,2,0.0625,4.0,1024,512,8192,32768,9728,1707.877,5054.161,4684.082,0.8894
mixed,32,2,0.0625,4.0,1024,2048,128,512,152,483.522,483.587,483.746,3.4462
mixed,32,2,0.0625,4.0,1024,2048,512,2048,608,484.575,692.033,484.675,0.0005
mixed,32,2,0.0625,4.0,1024,2048,2048,8192,2432,786.466,1686.919,1209.859,0.4702
mixed,32,2,0.0625,4.0,1024,2048,8192,32768,9728,1909.128,5234.515,4680.593,0.8334
mixed,32,2,0.0625,4.0,1024,8192,128,512,152,1326.981,1328.389,1328.133,0.8182
mixed,32,2,0.0625,4.0,1024,8192,512,2048,608,1329.348,1328.421,1327.43,
mixed,32,2,0.0625,4.0,1024,8192,2048,8192,2432,1330.5,2420.04,1331.365,0.0008
mixed,32,2,0.0625,4.0,1024,8192,8192,32768,9728,2726.251,6070.582,4667.727,0.5805
mixed,32,2,0.0625,4.0,1024,20480,128,512,152,3015.627,3021.421,3021.965,1.0939
mixed,32,2,0.0625,4.0,1024,20480,512,2048,608,3017.195,3020.076,3016.076,-0.3884
mixed,32,2,0.0625,4.0,1024,20480,2048,8192,2432,3017.677,3025.611,3023.596,0.746
mixed,32,2,0.0625,4.0,1024,20480,8192,32768,9728,3021.771,7720.99,4663.346,0.3493
mixed,32,2,0.0625,4.0,4096,0,128,512,152,1033.763,1049.252,1035.107,0.0868
mixed,32,2,0.0625,4.0,4096,0,512,2048,608,1048.995,1161.958,1047.491,-0.0133
mixed,32,2,0.0625,4.0,4096,0,2048,8192,2432,1239.81,2495.433,1799.847,0.446
mixed,32,2,0.0625,4.0,4096,0,8192,32768,9728,2747.788,6133.976,5467.412,0.8032
mixed,32,2,0.0625,4.0,4096,512,128,512,152,1199.493,1218.853,1201.989,0.1289
mixed,32,2,0.0625,4.0,4096,512,512,2048,608,1217.028,1314.725,1224.934,0.0809
mixed,32,2,0.0625,4.0,4096,512,2048,8192,2432,1377.35,2641.738,1889.416,0.405
mixed,32,2,0.0625,4.0,4096,512,8192,32768,9728,2950.797,6358.648,5638.617,0.7887
mixed,32,2,0.0625,4.0,4096,2048,128,512,152,1706.215,1711.913,1716.774,1.8531
mixed,32,2,0.0625,4.0,4096,2048,512,2048,608,1711.495,1782.663,1712.773,0.018
mixed,32,2,0.0625,4.0,4096,2048,2048,8192,2432,1826.92,2995.437,2194.538,0.3146
mixed,32,2,0.0625,4.0,4096,2048,8192,32768,9728,3352.43,6984.508,6051.673,0.7432
mixed,32,2,0.0625,4.0,4096,8192,128,512,152,3382.988,3385.485,3380.463,-1.0112
mixed,32,2,0.0625,4.0,4096,8192,512,2048,608,3380.911,3413.679,3382.734,0.0556
mixed,32,2,0.0625,4.0,4096,8192,2048,8192,2432,3460.048,4331.762,3418.929,-0.0472
mixed,32,2,0.0625,4.0,4096,8192,8192,32768,9728,4526.131,9407.625,7337.053,0.5758
mixed,32,2,0.0625,4.0,4096,20480,128,512,152,6741.854,6744.383,6746.332,1.7707
mixed,32,2,0.0625,4.0,4096,20480,512,2048,608,6740.543,6741.759,6736.411,-3.398
mixed,32,2,0.0625,4.0,4096,20480,2048,8192,2432,6742.27,7646.144,6746.366,0.0045
mixed,32,2,0.0625,4.0,4096,20480,8192,32768,9728,7918.021,12566.167,9119.786,0.2585
mixed,32,2,0.0625,4.0,16384,0,128,512,152,10093.325,10082.895,10098.22,
mixed,32,2,0.0625,4.0,16384,0,512,2048,608,10097.579,10212.493,10115.311,0.1543
mixed,32,2,0.0625,4.0,16384,0,2048,8192,2432,10250.092,10907.504,10238.347,-0.0179
mixed,32,2,0.0625,4.0,16384,0,8192,32768,9728,11225.968,15998.247,13304.415,0.4355
mixed,32,2,0.0625,4.0,16384,512,128,512,152,10612.114,10655.281,10601.903,-0.2365
mixed,32,2,0.0625,4.0,16384,512,512,2048,608,10669.743,10754.61,10689.876,0.2372
mixed,32,2,0.0625,4.0,16384,512,2048,8192,2432,10793.558,11423.382,10769.17,-0.0387
mixed,32,2,0.0625,4.0,16384,512,8192,32768,9728,11755.636,16502.539,13791.87,0.429
mixed,32,2,0.0625,4.0,16384,2048,128,512,152,12250.266,12295.771,12239.322,-0.2405
mixed,32,2,0.0625,4.0,16384,2048,512,2048,608,12295.413,12414.938,12305.461,0.0841
mixed,32,2,0.0625,4.0,16384,2048,2048,8192,2432,12395.125,12995.136,12406.488,0.0189
mixed,32,2,0.0625,4.0,16384,2048,8192,32768,9728,13341.885,18092.533,15278.47,0.4076
mixed,32,2,0.0625,4.0,16384,8192,128,512,152,18899.126,19008.091,18887.865,-0.1033
mixed,32,2,0.0625,4.0,16384,8192,512,2048,608,19025.05,19279.647,19059.288,0.1345
mixed,32,2,0.0625,4.0,16384,8192,2048,8192,2432,19432.607,19685.917,19437.631,0.0198
mixed,32,2,0.0625,4.0,16384,8192,8192,32768,9728,19824.672,24306.866,21276.393,0.3239
mixed,32,2,0.0625,4.0,16384,20480,128,512,152,32299.548,32413.337,32355.005,0.4874
mixed,32,2,0.0625,4.0,16384,20480,512,2048,608,32625.434,32719.994,32490.595,-1.426
mixed,32,2,0.0625,4.0,16384,20480,2048,8192,2432,32839.197,32867.361,32842.24,0.108
mixed,32,2,0.0625,4.0,16384,20480,8192,32768,9728,32887.935,37126.484,32900.126,0.0029
mixed,32,2,0.0625,4.0,32768,0,128,512,152,36992.12,32282.844,32145.558,
mixed,32,2,0.0625,4.0,32768,0,512,2048,608,32144.574,35575.761,37042.546,1.4275
mixed,32,2,0.0625,4.0,32768,0,2048,8192,2432,32333.601,32537.64,32263.643,-0.3429
mixed,32,2,0.0625,4.0,32768,0,8192,32768,9728,32628.26,42118.708,38162.842,0.5832
mixed,32,2,0.0625,4.0,32768,512,128,512,152,33004.586,33073.058,38029.438,73.3855
mixed,32,2,0.0625,4.0,32768,512,512,2048,608,33072.549,33128.81,36578.805,62.3213
mixed,32,2,0.0625,4.0,32768,512,2048,8192,2432,38206.175,34940.084,34595.573,
mixed,32,2,0.0625,4.0,32768,512,8192,32768,9728,38652.644,37551.264,34050.382,
mixed,32,2,0.0625,4.0,32768,2048,128,512,152,35853.981,35891.678,35811.194,-1.135
mixed,32,2,0.0625,4.0,32768,2048,512,2048,608,41294.966,35902.783,35849.85,
mixed,32,2,0.0625,4.0,32768,2048,2048,8192,2432,35979.54,36294.014,35933.504,-0.1464
mixed,32,2,0.0625,4.0,32768,2048,8192,32768,9728,36432.259,46309.264,42237.951,0.5878
pure,32,3,0.0938,4.0,0,0,128,512,164,62.623,122.08,77.794,0.2552
pure,32,3,0.0938,4.0,0,0,512,2048,656,128.224,253.411,139.457,0.0897
pure,32,3,0.0938,4.0,0,0,2048,8192,2624,295.17,706.437,373.152,0.1896
pure,32,3,0.0938,4.0,0,0,8192,32768,10496,859.3,2521.26,1262.566,0.2426
mixed,32,3,0.0938,4.0,16,0,128,512,164,60.576,114.497,110.528,0.9264
mixed,32,3,0.0938,4.0,16,0,512,2048,656,134.56,332.129,329.985,0.9891
mixed,32,3,0.0938,4.0,16,0,2048,8192,2624,407.042,1199.272,1196.006,0.9959
mixed,32,3,0.0938,4.0,16,0,8192,32768,10496,1523.561,4662.264,4651.353,0.9965
mixed,32,3,0.0938,4.0,16,512,128,512,164,110.24,113.984,110.88,0.1709
mixed,32,3,0.0938,4.0,16,512,512,2048,656,134.305,332.451,329.601,0.9856
mixed,32,3,0.0938,4.0,16,512,2048,8192,2624,407.524,1198.44,1196.774,0.9979
mixed,32,3,0.0938,4.0,16,512,8192,32768,10496,1521.702,4664.793,4652.057,0.9959
mixed,32,3,0.0938,4.0,16,2048,128,512,164,325.954,328.419,326.689,0.2982
mixed,32,3,0.0938,4.0,16,2048,512,2048,656,325.984,332.898,329.988,0.5791
mixed,32,3,0.0938,4.0,16,2048,2048,8192,2624,407.266,1200.295,1195.622,0.9941
mixed,32,3,0.0938,4.0,16,2048,8192,32768,10496,1526.122,4662.905,4648.794,0.9955
mixed,32,3,0.0938,4.0,16,8192,128,512,164,1190.183,1192.774,1191.686,0.5801
mixed,32,3,0.0938,4.0,16,8192,512,2048,656,1189.735,1196.295,1194.758,0.7657
mixed,32,3,0.0938,4.0,16,8192,2048,8192,2624,1189.99,1200.263,1195.975,0.5826
mixed,32,3,0.0938,4.0,16,8192,8192,32768,10496,1525.161,4662.042,4654.106,0.9975
mixed,32,3,0.0938,4.0,16,20480,128,512,164,2912.625,2913.458,2911.858,-0.9208
mixed,32,3,0.0938,4.0,16,20480,512,2048,656,2910.542,2915.345,2909.169,-0.2859
mixed,32,3,0.0938,4.0,16,20480,2048,8192,2624,2915.088,2919.76,2915.73,0.1374
mixed,32,3,0.0938,4.0,16,20480,8192,32768,10496,2922.768,4663.803,4650.33,0.9923
mixed,32,3,0.0938,4.0,64,0,128,512,164,61.409,115.682,112.736,0.9457
mixed,32,3,0.0938,4.0,64,0,512,2048,656,135.041,332.738,331.074,0.9916
mixed,32,3,0.0938,4.0,64,0,2048,8192,2624,408.194,1198.567,1195.557,0.9962
mixed,32,3,0.0938,4.0,64,0,8192,32768,10496,1523.624,4665.944,4652.508,0.9957
mixed,32,3,0.0938,4.0,64,512,128,512,164,112.096,117.089,114.722,0.5259
mixed,32,3,0.0938,4.0,64,512,512,2048,656,134.561,332.77,331.298,0.9926
mixed,32,3,0.0938,4.0,64,512,2048,8192,2624,408.515,1200.102,1196.263,0.9952
mixed,32,3,0.0938,4.0,64,512,8192,32768,10496,1524.041,4667.418,4649.884,0.9944
mixed,32,3,0.0938,4.0,64,2048,128,512,164,328.195,333.057,330.178,0.4079
mixed,32,3,0.0938,4.0,64,2048,512,2048,656,330.915,333.794,332.354,0.4998
mixed,32,3,0.0938,4.0,64,2048,2048,8192,2624,407.458,1200.264,1197.447,0.9964
mixed,32,3,0.0938,4.0,64,2048,8192,32768,10496,1525.033,4665.405,4647.389,0.9943
mixed,32,3,0.0938,4.0,64,8192,128,512,164,1192.457,1193.767,1194.534,1.5855
mixed,32,3,0.0938,4.0,64,8192,512,2048,656,1195.529,1196.902,1195.911,0.2782
mixed,32,3,0.0938,4.0,64,8192,2048,8192,2624,1194.121,1200.455,1197.543,0.5403
mixed,32,3,0.0938,4.0,64,8192,8192,32768,10496,1522.729,4664.795,4651.068,0.9956
mixed,32,3,0.0938,4.0,64,20480,128,512,164,2913.33,2912.69,2908.434,
mixed,32,3,0.0938,4.0,64,20480,512,2048,656,2917.521,2919.602,2916.626,-0.4301
mixed,32,3,0.0938,4.0,64,20480,2048,8192,2624,2918.289,2923.762,2912.434,-1.0698
mixed,32,3,0.0938,4.0,64,20480,8192,32768,10496,2925.649,4665.307,4654.075,0.9935
mixed,32,3,0.0938,4.0,256,0,128,512,164,102.978,160.289,116.032,0.2278
mixed,32,3,0.0938,4.0,256,0,512,2048,656,176.482,371.682,329.825,0.7856
mixed,32,3,0.0938,4.0,256,0,2048,8192,2624,442.051,1224.2,1192.456,0.9594
mixed,32,3,0.0938,4.0,256,0,8192,32768,10496,1551.978,4664.379,4644.572,0.9936
mixed,32,3,0.0938,4.0,256,512,128,512,164,136.161,211.713,136.288,0.0017
mixed,32,3,0.0938,4.0,256,512,512,2048,656,245.792,448.419,330.498,0.418
mixed,32,3,0.0938,4.0,256,512,2048,8192,2624,522.468,1312.968,1193.543,0.8489
mixed,32,3,0.0938,4.0,256,512,8192,32768,10496,1636.907,4786.334,4647.516,0.9559
mixed,32,3,0.0938,4.0,256,2048,128,512,164,346.401,347.33,346.852,0.4855
mixed,32,3,0.0938,4.0,256,2048,512,2048,656,347.266,643.557,348.738,0.005
mixed,32,3,0.0938,4.0,256,2048,2048,8192,2624,736.613,1531.017,1195.046,0.5771
mixed,32,3,0.0938,4.0,256,2048,8192,32768,10496,1856.619,4997.502,4643.389,0.8873
mixed,32,3,0.0938,4.0,256,8192,128,512,164,1194.088,1196.553,1195.335,0.5059
mixed,32,3,0.0938,4.0,256,8192,512,2048,656,1195.59,1195.53,1196.679,
mixed,32,3,0.0938,4.0,256,8192,2048,8192,2624,1199.048,2374.831,1197.896,-0.001
mixed,32,3,0.0938,4.0,256,8192,8192,32768,10496,2713.809,5856.101,4644.604,0.6145
mixed,32,3,0.0938,4.0,256,20480,128,512,164,2917.171,2919.058,2918.516,0.7128
mixed,32,3,0.0938,4.0,256,20480,512,2048,656,2920.242,2920.53,2917.876,-8.2153
mixed,32,3,0.0938,4.0,256,20480,2048,8192,2624,2919.634,2921.266,2917.042,-1.5882
mixed,32,3,0.0938,4.0,256,20480,8192,32768,10496,3023.348,7583.822,4648.67,0.3564
mixed,32,3,0.0938,4.0,1024,0,128,512,164,202.562,239.135,202.593,0.0008
mixed,32,3,0.0938,4.0,1024,0,512,2048,656,274.595,521.028,368.164,0.3797
mixed,32,3,0.0938,4.0,1024,0,2048,8192,2624,596.546,1407.305,1212.073,0.7592
mixed,32,3,0.0938,4.0,1024,0,8192,32768,10496,1737.42,4899.614,4681.087,0.9309
mixed,32,3,0.0938,4.0,1024,512,128,512,164,273.726,274.817,273.409,-0.2906
mixed,32,3,0.0938,4.0,1024,512,512,2048,656,292.065,588.481,375.139,0.2803
mixed,32,3,0.0938,4.0,1024,512,2048,8192,2624,665.284,1485.642,1222.056,0.6787
mixed,32,3,0.0938,4.0,1024,512,8192,32768,10496,1820.268,5055.392,4684.509,0.8854
mixed,32,3,0.0938,4.0,1024,2048,128,512,164,484.61,484.675,483.394,-18.7077
mixed,32,3,0.0938,4.0,1024,2048,512,2048,656,485.986,691.365,484.26,-0.0084
mixed,32,3,0.0938,4.0,1024,2048,2048,8192,2624,821.765,1687.849,1221.385,0.4614
mixed,32,3,0.0938,4.0,1024,2048,8192,32768,10496,2020.334,5254.273,4681.47,0.8229
mixed,32,3,0.0938,4.0,1024,8192,128,512,164,1328.616,1329.032,1328.649,0.0793
mixed,32,3,0.0938,4.0,1024,8192,512,2048,656,1329.384,1331.112,1326.762,-1.5174
mixed,32,3,0.0938,4.0,1024,8192,2048,8192,2624,1330.185,2420.947,1330.376,0.0002
mixed,32,3,0.0938,4.0,1024,8192,8192,32768,10496,2837.456,6076.774,4664.991,0.5642
mixed,32,3,0.0938,4.0,1024,20480,128,512,164,3019.061,3016.756,3015.284,
mixed,32,3,0.0938,4.0,1024,20480,512,2048,656,3019.795,3028.725,3021.268,0.1649
mixed,32,3,0.0938,4.0,1024,20480,2048,8192,2624,3010.578,3021.971,3020.243,0.8483
mixed,32,3,0.0938,4.0,1024,20480,8192,32768,10496,3083.601,7714.736,4666.911,0.3419
mixed,32,3,0.0938,4.0,4096,0,128,512,164,1033.703,1047.781,1033.318,-0.0273
mixed,32,3,0.0938,4.0,4096,0,512,2048,656,1051.59,1160.042,1048.296,-0.0304
mixed,32,3,0.0938,4.0,4096,0,2048,8192,2624,1266.986,2497.425,1816.877,0.4469
mixed,32,3,0.0938,4.0,4096,0,8192,32768,10496,2858.101,6120.359,5493.411,0.8078
mixed,32,3,0.0938,4.0,4096,512,128,512,164,1197.993,1215.655,1203.624,0.3188
mixed,32,3,0.0938,4.0,4096,512,512,2048,656,1226.343,1314.313,1231.144,0.0546
mixed,32,3,0.0938,4.0,4096,512,2048,8192,2624,1405.0,2643.122,1910.416,0.4082
mixed,32,3,0.0938,4.0,4096,512,8192,32768,10496,3091.475,6367.656,5660.581,0.7842
mixed,32,3,0.0938,4.0,4096,2048,128,512,164,1701.322,1713.226,1722.572,1.7851
mixed,32,3,0.0938,4.0,4096,2048,512,2048,656,1711.405,1781.292,1711.53,0.0018
mixed,32,3,0.0938,4.0,4096,2048,2048,8192,2624,1840.396,2996.115,2226.447,0.334
mixed,32,3,0.0938,4.0,4096,2048,8192,32768,10496,3528.25,6985.232,6102.281,0.7446
mixed,32,3,0.0938,4.0,4096,8192,128,512,164,3383.224,3383.704,3383.416,0.4
mixed,32,3,0.0938,4.0,4096,8192,512,2048,656,3386.552,3418.87,3383.514,-0.094
mixed,32,3,0.0938,4.0,4096,8192,2048,8192,2624,3485.816,4327.324,3457.081,-0.0341
mixed,32,3,0.0938,4.0,4096,8192,8192,32768,10496,4665.472,9404.512,7358.581,0.5683
mixed,32,3,0.0938,4.0,4096,20480,128,512,164,6739.151,6739.693,6741.934,5.1347
mixed,32,3,0.0938,4.0,4096,20480,512,2048,656,6743.629,6741.935,6742.766,
mixed,32,3,0.0938,4.0,4096,20480,2048,8192,2624,6807.535,7648.278,6742.318,-0.0776
mixed,32,3,0.0938,4.0,4096,20480,8192,32768,10496,8001.974,12567.669,9286.878,0.2814
mixed,32,3,0.0938,4.0,16384,0,128,512,164,10102.374,10098.857,10098.408,
mixed,32,3,0.0938,4.0,16384,0,512,2048,656,10081.03,10202.407,10103.332,0.1837
mixed,32,3,0.0938,4.0,16384,0,2048,8192,2624,10275.721,10906.728,10269.384,-0.01
mixed,32,3,0.0938,4.0,16384,0,8192,32768,10496,11369.935,16006.637,13404.123,0.4387
mixed,32,3,0.0938,4.0,16384,512,128,512,164,10607.849,10662.985,10609.163,0.0238
mixed,32,3,0.0938,4.0,16384,512,512,2048,656,10673.517,10741.992,10682.286,0.1281
mixed,32,3,0.0938,4.0,16384,512,2048,8192,2624,10784.778,11422.286,10778.314,-0.0101
mixed,32,3,0.0938,4.0,16384,512,8192,32768,10496,11906.13,16503.473,13897.154,0.4331
mixed,32,3,0.0938,4.0,16384,2048,128,512,164,12221.681,12291.73,12215.029,-0.095
mixed,32,3,0.0938,4.0,16384,2048,512,2048,656,12339.604,12406.585,12337.206,-0.0358
mixed,32,3,0.0938,4.0,16384,2048,2048,8192,2624,12405.978,12995.293,12445.208,0.0666
mixed,32,3,0.0938,4.0,16384,2048,8192,32768,10496,13492.605,18092.415,15435.373,0.4224
mixed,32,3,0.0938,4.0,16384,8192,128,512,164,18893.956,19022.76,18899.366,0.042
mixed,32,3,0.0938,4.0,16384,8192,512,2048,656,19059.396,19301.578,19061.224,0.0075
mixed,32,3,0.0938,4.0,16384,8192,2048,8192,2624,19421.418,19720.391,19455.401,0.1137
mixed,32,3,0.0938,4.0,16384,8192,8192,32768,10496,19904.364,24298.12,21386.454,0.3373
mixed,32,3,0.0938,4.0,16384,20480,128,512,164,32343.88,32426.533,32327.814,-0.1944
mixed,32,3,0.0938,4.0,16384,20480,512,2048,656,32481.482,32757.319,32485.381,0.0141
mixed,32,3,0.0938,4.0,16384,20480,2048,8192,2624,32844.142,32906.6,32901.417,0.917
mixed,32,3,0.0938,4.0,16384,20480,8192,32768,10496,32876.716,37142.533,32986.575,0.0258
mixed,32,3,0.0938,4.0,32768,0,128,512,164,36999.531,37080.197,36992.103,-0.0921
mixed,32,3,0.0938,4.0,32768,0,512,2048,656,32271.144,32191.237,32138.115,
mixed,32,3,0.0938,4.0,32768,0,2048,8192,2624,32289.989,36854.405,37129.701,1.0603
mixed,32,3,0.0938,4.0,32768,0,8192,32768,10496,37598.025,36630.503,33383.41,
mixed,32,3,0.0938,4.0,32768,512,128,512,164,33060.106,38134.806,33039.599,-0.004
mixed,32,3,0.0938,4.0,32768,512,512,2048,656,33116.593,33180.346,38279.286,80.9796
mixed,32,3,0.0938,4.0,32768,512,2048,8192,2624,37244.357,33493.263,33203.856,
mixed,32,3,0.0938,4.0,32768,512,8192,32768,10496,33710.483,37531.633,39382.108,1.4843
mixed,32,3,0.0938,4.0,32768,2048,128,512,164,41281.706,36763.057,35836.968,
mixed,32,3,0.0938,4.0,32768,2048,512,2048,656,35874.084,35923.715,35814.024,-1.2101
mixed,32,3,0.0938,4.0,32768,2048,2048,8192,2624,35912.031,36310.123,35978.34,0.1666
mixed,32,3,0.0938,4.0,32768,2048,8192,32768,10496,36514.7,40275.08,42455.227,1.5798
pure,32,4,0.125,4.0,0,0,128,512,176,63.135,121.857,79.81,0.284
pure,32,4,0.125,4.0,0,0,512,2048,704,131.521,254.369,139.296,0.0633
pure,32,4,0.125,4.0,0,0,2048,8192,2816,293.57,707.942,371.586,0.1883
pure,32,4,0.125,4.0,0,0,8192,32768,11264,936.23,2521.876,1262.185,0.2056
mixed,32,4,0.125,4.0,16,0,128,512,176,60.77,114.051,110.625,0.9357
mixed,32,4,0.125,4.0,16,0,512,2048,704,135.651,332.673,329.667,0.9847
mixed,32,4,0.125,4.0,16,0,2048,8192,2816,441.028,1199.849,1196.425,0.9955
mixed,32,4,0.125,4.0,16,0,8192,32768,11264,1631.853,4662.913,4651.204,0.9961
mixed,32,4,0.125,4.0,16,512,128,512,176,109.953,115.008,110.977,0.2026
mixed,32,4,0.125,4.0,16,512,512,2048,704,135.458,331.811,329.573,0.9886
mixed,32,4,0.125,4.0,16,512,2048,8192,2816,440.067,1198.089,1195.496,0.9966
mixed,32,4,0.125,4.0,16,512,8192,32768,11264,1631.404,4666.466,4649.026,0.9943
mixed,32,4,0.125,4.0,16,2048,128,512,176,326.21,327.651,326.34,0.0902
mixed,32,4,0.125,4.0,16,2048,512,2048,704,326.179,332.579,330.626,0.6948
mixed,32,4,0.125,4.0,16,2048,2048,8192,2816,440.803,1199.592,1195.114,0.9941
mixed,32,4,0.125,4.0,16,2048,8192,32768,11264,1631.34,4663.427,4649.475,0.9954
mixed,32,4,0.125,4.0,16,8192,128,512,176,1190.409,1191.209,1191.081,0.84
mixed,32,4,0.125,4.0,16,8192,512,2048,704,1189.385,1196.042,1192.97,0.5385
mixed,32,4,0.125,4.0,16,8192,2048,8192,2816,1194.729,1198.953,1195.819,0.258
mixed,32,4,0.125,4.0,16,8192,8192,32768,11264,1630.443,4664.356,4654.34,0.9967
mixed,32,4,0.125,4.0,16,20480,128,512,176,2912.149,2910.965,2915.606,
mixed,32,4,0.125,4.0,16,20480,512,2048,704,2911.509,2913.14,2913.365,1.138
mixed,32,4,0.125,4.0,16,20480,2048,8192,2816,2920.151,2922.198,2917.75,-1.1729
mixed,32,4,0.125,4.0,16,20480,8192,32768,11264,2920.213,4662.564,4652.645,0.9943
mixed,32,4,0.125,4.0,64,0,128,512,176,61.824,115.746,112.896,0.9471
mixed,32,4,0.125,4.0,64,0,512,2048,704,136.065,332.161,331.554,0.9969
mixed,32,4,0.125,4.0,64,0,2048,8192,2816,440.771,1199.112,1195.369,0.9951
mixed,32,4,0.125,4.0,64,0,8192,32768,11264,1631.277,4664.516,4652.483,0.996
mixed,32,4,0.125,4.0,64,512,128,512,176,112.386,116.768,114.113,0.3941
mixed,32,4,0.125,4.0,64,512,512,2048,704,136.291,332.545,330.914,0.9917
mixed,32,4,0.125,4.0,64,512,2048,8192,2816,441.219,1198.347,1196.393,0.9974
mixed,32,4,0.125,4.0,64,512,8192,32768,11264,1631.499,4662.659,4654.212,0.9972
mixed,32,4,0.125,4.0,64,2048,128,512,176,328.131,332.099,329.635,0.379
mixed,32,4,0.125,4.0,64,2048,512,2048,704,328.833,333.506,332.771,0.8427
mixed,32,4,0.125,4.0,64,2048,2048,8192,2816,441.763,1198.858,1195.911,0.9961
mixed,32,4,0.125,4.0,64,2048,8192,32768,11264,1631.243,4662.434,4650.084,0.9959
mixed,32,4,0.125,4.0,64,8192,128,512,176,1193.225,1197.417,1190.697,-0.6031
mixed,32,4,0.125,4.0,64,8192,512,2048,704,1193.449,1196.681,1196.203,0.8521
mixed,32,4,0.125,4.0,64,8192,2048,8192,2816,1197.194,1199.88,1197.48,0.1065
mixed,32,4,0.125,4.0,64,8192,8192,32768,11264,1633.965,4665.764,4655.204,0.9965
mixed,32,4,0.125,4.0,64,20480,128,512,176,2913.815,2920.343,2916.95,0.4802
mixed,32,4,0.125,4.0,64,20480,512,2048,704,2918.261,2917.143,2915.671,
mixed,32,4,0.125,4.0,64,20480,2048,8192,2816,2915.609,2925.463,2919.83,0.4284
mixed,32,4,0.125,4.0,64,20480,8192,32768,11264,2926.645,4663.748,4653.349,0.994
mixed,32,4,0.125,4.0,256,0,128,512,176,103.137,159.971,116.191,0.2297
mixed,32,4,0.125,4.0,256,0,512,2048,704,176.963,369.955,330.212,0.7941
mixed,32,4,0.125,4.0,256,0,2048,8192,2816,478.116,1220.555,1192.523,0.9622
mixed,32,4,0.125,4.0,256,0,8192,32768,11264,1642.635,4668.707,4650.116,0.9939
mixed,32,4,0.125,4.0,256,512,128,512,176,136.771,212.097,135.555,-0.0161
mixed,32,4,0.125,4.0,256,512,512,2048,704,247.008,448.77,330.34,0.413
mixed,32,4,0.125,4.0,256,512,2048,8192,2816,557.317,1314.027,1194.537,0.8421
mixed,32,4,0.125,4.0,256,512,8192,32768,11264,1747.148,4779.332,4652.357,0.9581
mixed,32,4,0.125,4.0,256,2048,128,512,176,346.723,348.548,346.466,-0.1408
mixed,32,4,0.125,4.0,256,2048,512,2048,704,347.044,643.237,348.163,0.0038
mixed,32,4,0.125,4.0,256,2048,2048,8192,2816,769.35,1528.844,1195.081,0.5605
mixed,32,4,0.125,4.0,256,2048,8192,32768,11264,1962.958,4999.528,4652.133,0.8856
mixed,32,4,0.125,4.0,256,8192,128,512,176,1196.555,1196.01,1196.426,
mixed,32,4,0.125,4.0,256,8192,512,2048,704,1196.521,1197.77,1195.338,-0.9472
mixed,32,4,0.125,4.0,256,8192,2048,8192,2816,1199.113,2373.363,1196.394,-0.0023
mixed,32,4,0.125,4.0,256,8192,8192,32768,11264,2822.997,5857.326,4652.962,0.6031
mixed,32,4,0.125,4.0,256,20480,128,512,176,2913.975,2917.464,2916.728,0.7891
mixed,32,4,0.125,4.0,256,20480,512,2048,704,2918.904,2918.936,2917.431,-46.0313
mixed,32,4,0.125,4.0,256,20480,2048,8192,2816,2923.031,2924.536,2919.35,-2.4458
mixed,32,4,0.125,4.0,256,20480,8192,32768,11264,3240.635,7584.475,4653.51,0.3253
mixed,32,4,0.125,4.0,1024,0,128,512,176,202.754,239.81,202.371,-0.0103
mixed,32,4,0.125,4.0,1024,0,512,2048,704,276.515,519.811,376.068,0.4092
mixed,32,4,0.125,4.0,1024,0,2048,8192,2816,631.332,1407.436,1223.561,0.7631
mixed,32,4,0.125,4.0,1024,0,8192,32768,11264,1848.111,4895.848,4678.598,0.9287
mixed,32,4,0.125,4.0,1024,512,128,512,176,273.442,273.827,273.219,-0.5792
mixed,32,4,0.125,4.0,1024,512,512,2048,704,292.708,589.254,398.179,0.3557
mixed,32,4,0.125,4.0,1024,512,2048,8192,2816,697.349,1485.899,1246.378,0.6963
mixed,32,4,0.125,4.0,1024,512,8192,32768,11264,1929.136,5053.832,4685.349,0.8821
mixed,32,4,0.125,4.0,1024,2048,128,512,176,483.716,484.228,483.493,-0.4355
mixed,32,4,0.125,4.0,1024,2048,512,2048,704,485.796,692.261,485.956,0.0008
mixed,32,4,0.125,4.0,1024,2048,2048,8192,2816,882.31,1687.406,1242.282,0.4471
mixed,32,4,0.125,4.0,1024,2048,8192,32768,11264,2132.336,5254.088,4684.902,0.8177
mixed,32,4,0.125,4.0,1024,8192,128,512,176,1328.202,1329.577,1327.915,-0.2087
mixed,32,4,0.125,4.0,1024,8192,512,2048,704,1328.97,1332.523,1327.211,-0.4951
mixed,32,4,0.125,4.0,1024,8192,2048,8192,2816,1332.459,2420.084,1330.125,-0.0021
mixed,32,4,0.125,4.0,1024,8192,8192,32768,11264,2950.421,6069.52,4663.941,0.5494
mixed,32,4,0.125,4.0,1024,20480,128,512,176,3017.304,3020.313,3014.905,-0.7973
mixed,32,4,0.125,4.0,1024,20480,512,2048,704,3014.392,3029.177,3020.471,0.4112
mixed,32,4,0.125,4.0,1024,20480,2048,8192,2816,3021.655,3030.648,3020.407,-0.1388
mixed,32,4,0.125,4.0,1024,20480,8192,32768,11264,3302.203,7718.206,4666.598,0.309
mixed,32,4,0.125,4.0,4096,0,128,512,176,1033.929,1049.191,1037.289,0.2202
mixed,32,4,0.125,4.0,4096,0,512,2048,704,1047.113,1159.849,1047.496,0.0034
mixed,32,4,0.125,4.0,4096,0,2048,8192,2816,1319.851,2494.771,1832.815,0.4366
mixed,32,4,0.125,4.0,4096,0,8192,32768,11264,2971.256,6135.312,5513.39,0.8034
mixed,32,4,0.125,4.0,4096,512,128,512,176,1197.802,1218.217,1205.929,0.3981
mixed,32,4,0.125,4.0,4096,512,512,2048,704,1222.731,1314.189,1234.889,0.1329
mixed,32,4,0.125,4.0,4096,512,2048,8192,2816,1452.747,2642.549,1930.096,0.4012
mixed,32,4,0.125,4.0,4096,512,8192,32768,11264,3205.371,6365.618,5680.176,0.7831
mixed,32,4,0.125,4.0,4096,2048,128,512,176,1707.629,1712.207,1722.349,3.2154
mixed,32,4,0.125,4.0,4096,2048,512,2048,704,1710.958,1782.319,1711.118,0.0022
mixed,32,4,0.125,4.0,4096,2048,2048,8192,2816,1858.798,2995.224,2249.393,0.3437
mixed,32,4,0.125,4.0,4096,2048,8192,32768,11264,3700.318,6988.089,6139.153,0.7418
mixed,32,4,0.125,4.0,4096,8192,128,512,176,3384.444,3380.988,3383.548,
mixed,32,4,0.125,4.0,4096,8192,512,2048,704,3381.788,3419.932,3381.019,-0.0202
mixed,32,4,0.125,4.0,4096,8192,2048,8192,2816,3520.508,4340.387,3468.987,-0.0628
mixed,32,4,0.125,4.0,4096,8192,8192,32768,11264,4831.465,9411.405,7393.085,0.5593
mixed,32,4,0.125,4.0,4096,20480,128,512,176,6737.625,6743.703,6740.568,0.4842
mixed,32,4,0.125,4.0,4096,20480,512,2048,704,6745.495,6739.063,6739.995,
mixed,32,4,0.125,4.0,4096,20480,2048,8192,2816,6812.344,7657.087,6742.038,-0.0832
mixed,32,4,0.125,4.0,4096,20480,8192,32768,11264,8116.289,12552.102,9535.982,0.3201
mixed,32,4,0.125,4.0,16384,0,128,512,176,10115.282,10115.761,10105.972,-19.4363
mixed,32,4,0.125,4.0,16384,0,512,2048,704,10076.946,10205.105,10078.678,0.0135
mixed,32,4,0.125,4.0,16384,0,2048,8192,2816,10244.532,10913.08,10256.917,0.0185
mixed,32,4,0.125,4.0,16384,0,8192,32768,11264,11536.157,16004.645,13492.495,0.4378
mixed,32,4,0.125,4.0,16384,512,128,512,176,10602.171,10653.688,10613.338,0.2168
mixed,32,4,0.125,4.0,16384,512,512,2048,704,10676.022,10739.001,10675.729,-0.0047
mixed,32,4,0.125,4.0,16384,512,2048,8192,2816,10781.567,11420.573,10786.967,0.0085
mixed,32,4,0.125,4.0,16384,512,8192,32768,11264,12053.186,16507.75,14013.271,0.44
mixed,32,4,0.125,4.0,16384,2048,128,512,176,12227.713,12289.381,12228.359,0.0105
mixed,32,4,0.125,4.0,16384,2048,512,2048,704,12335.208,12387.239,12333.096,-0.0406
mixed,32,4,0.125,4.0,16384,2048,2048,8192,2816,12439.013,12997.102,12472.038,0.0592
mixed,32,4,0.125,4.0,16384,2048,8192,32768,11264,13641.394,18089.4,15577.797,0.4353
mixed,32,4,0.125,4.0,16384,8192,128,512,176,18905.056,19008.646,18892.127,-0.1248
mixed,32,4,0.125,4.0,16384,8192,512,2048,704,19055.554,19301.254,19090.206,0.141
mixed,32,4,0.125,4.0,16384,8192,2048,8192,2816,19469.638,19695.778,19435.616,-0.1504
mixed,32,4,0.125,4.0,16384,8192,8192,32768,11264,20025.543,24298.698,21506.645,0.3466
mixed,32,4,0.125,4.0,16384,20480,128,512,176,32301.043,32372.042,32358.03,0.8026
mixed,32,4,0.125,4.0,16384,20480,512,2048,704,32404.814,32749.94,32444.786,0.1158
mixed,32,4,0.125,4.0,16384,20480,2048,8192,2816,32867.796,32833.139,32827.413,
mixed,32,4,0.125,4.0,16384,20480,8192,32768,11264,32940.429,37134.775,33097.171,0.0374
mixed,32,4,0.125,4.0,32768,0,128,512,176,36993.555,32264.717,32260.685,
mixed,32,4,0.125,4.0,32768,0,512,2048,704,33780.158,37083.824,37033.777,0.9849
mixed,32,4,0.125,4.0,32768,0,2048,8192,2816,37118.262,37460.026,32231.348,-14.2991
mixed,32,4,0.125,4.0,32768,0,8192,32768,11264,32746.354,42120.677,38550.978,0.6192
mixed,32,4,0.125,4.0,32768,512,128,512,176,36782.328,35636.007,33042.42,
mixed,32,4,0.125,4.0,32768,512,512,2048,704,33120.767,33136.858,33135.449,0.9124
mixed,32,4,0.125,4.0,32768,512,2048,8192,2816,33226.685,33505.594,33229.045,0.0085
mixed,32,4,0.125,4.0,32768,512,8192,32768,11264,38815.592,43157.808,39576.463,0.1752
mixed,32,4,0.125,4.0,32768,2048,128,512,176,35814.32,35826.069,41281.245,465.3098
mixed,32,4,0.125,4.0,32768,2048,512,2048,704,35828.914,35930.192,35887.726,0.5807
mixed,32,4,0.125,4.0,32768,2048,2048,8192,2816,36008.308,36300.982,36014.643,0.0216
mixed,32,4,0.125,4.0,32768,2048,8192,32768,11264,36552.087,40271.451,39036.304,0.6679
pure,32,8,0.25,4.0,0,0,128,512,224,65.731,120.481,81.248,0.2834
pure,32,8,0.25,4.0,0,0,512,2048,896,140.386,253.442,144.323,0.0348
pure,32,8,0.25,4.0,0,0,2048,8192,3584,367.427,707.718,374.243,0.02
pure,32,8,0.25,4.0,0,0,8192,32768,14336,1160.65,2521.205,1272.715,0.0824
mixed,32,8,0.25,4.0,16,0,128,512,224,62.883,114.34,112.129,0.957
mixed,32,8,0.25,4.0,16,0,512,2048,896,168.545,332.099,330.531,0.9904
mixed,32,8,0.25,4.0,16,0,2048,8192,3584,548.774,1198.666,1196.649,0.9969
mixed,32,8,0.25,4.0,16,0,8192,32768,14336,2065.778,4663.178,4652.455,0.9959
mixed,32,8,0.25,4.0,16,512,128,512,224,110.017,114.785,112.354,0.4901
mixed,32,8,0.25,4.0,16,512,512,2048,896,169.6,332.1,330.466,0.9899
mixed,32,8,0.25,4.0,16,512,2048,8192,3584,550.244,1198.955,1196.49,0.9962
mixed,32,8,0.25,4.0,16,512,8192,32768,14336,2064.882,4664.202,4654.407,0.9962
mixed,32,8,0.25,4.0,16,2048,128,512,224,325.571,328.77,326.946,0.4298
mixed,32,8,0.25,4.0,16,2048,512,2048,896,327.811,332.643,330.532,0.5631
mixed,32,8,0.25,4.0,16,2048,2048,8192,3584,549.251,1198.569,1196.906,0.9974
mixed,32,8,0.25,4.0,16,2048,8192,32768,14336,2066.867,4665.386,4650.728,0.9944
mixed,32,8,0.25,4.0,16,8192,128,512,224,1190.026,1194.282,1190.633,0.1426
mixed,32,8,0.25,4.0,16,8192,512,2048,896,1192.202,1192.426,1193.674,6.5714
mixed,32,8,0.25,4.0,16,8192,2048,8192,3584,1195.883,1199.274,1197.228,0.3966
mixed,32,8,0.25,4.0,16,8192,8192,32768,14336,2064.434,4665.033,4655.145,0.9962
mixed,32,8,0.25,4.0,16,20480,128,512,224,2913.145,2914.138,2916.184,3.0604
mixed,32,8,0.25,4.0,16,20480,512,2048,896,2917.337,2916.282,2915.385,
mixed,32,8,0.25,4.0,16,20480,2048,8192,3584,2917.658,2916.761,2912.25,
mixed,32,8,0.25,4.0,16,20480,8192,32768,14336,2925.177,4665.831,4652.84,0.9925
mixed,32,8,0.25,4.0,64,0,128,512,224,64.065,115.617,112.546,0.9404
mixed,32,8,0.25,4.0,64,0,512,2048,896,169.731,332.77,331.202,0.9904
mixed,32,8,0.25,4.0,64,0,2048,8192,3584,549.861,1199.371,1196.522,0.9956
mixed,32,8,0.25,4.0,64,0,8192,32768,14336,2063.41,4663.688,4652.394,0.9957
mixed,32,8,0.25,4.0,64,512,128,512,224,112.29,116.897,114.207,0.4161
mixed,32,8,0.25,4.0,64,512,512,2048,896,169.185,332.994,331.201,0.9891
mixed,32,8,0.25,4.0,64,512,2048,8192,3584,549.444,1199.785,1195.915,0.994
mixed,32,8,0.25,4.0,64,512,8192,32768,14336,2064.178,4661.672,4654.505,0.9972
mixed,32,8,0.25,4.0,64,2048,128,512,224,328.291,331.81,329.73,0.4089
mixed,32,8,0.25,4.0,64,2048,512,2048,896,332.771,333.923,332.226,-0.4731
mixed,32,8,0.25,4.0,64,2048,2048,8192,3584,549.83,1199.53,1195.627,0.994
mixed,32,8,0.25,4.0,64,2048,8192,32768,14336,2066.897,4665.575,4648.936,0.9936
mixed,32,8,0.25,4.0,64,8192,128,512,224,1192.266,1196.075,1193.706,0.3781
mixed,32,8,0.25,4.0,64,8192,512,2048,896,1195.786,1197.577,1193.161,-1.4657
mixed,32,8,0.25,4.0,64,8192,2048,8192,3584,1197.45,1199.562,1198.763,0.6217
mixed,32,8,0.25,4.0,64,8192,8192,32768,14336,2066.577,4661.545,4655.049,0.9975
mixed,32,8,0.25,4.0,64,20480,128,512,224,2915.258,2917.913,2913.752,-0.5672
mixed,32,8,0.25,4.0,64,20480,512,2048,896,2919.162,2918.585,2914.072,
mixed,32,8,0.25,4.0,64,20480,2048,8192,3584,2907.546,2923.608,2918.427,0.6774
mixed,32,8,0.25,4.0,64,20480,8192,32768,14336,2928.218,4665.48,4655.623,0.9943
mixed,32,8,0.25,4.0,256,0,128,512,224,103.968,161.185,117.825,0.2422
mixed,32,8,0.25,4.0,256,0,512,2048,896,209.76,370.434,331.428,0.7572
mixed,32,8,0.25,4.0,256,0,2048,8192,3584,585.764,1229.003,1194.7,0.9467
mixed,32,8,0.25,4.0,256,0,8192,32768,14336,2072.243,4664.426,4652.393,0.9954
mixed,32,8,0.25,4.0,256,512,128,512,224,136.417,211.874,136.192,-0.003
mixed,32,8,0.25,4.0,256,512,512,2048,896,284.481,448.226,331.843,0.2892
mixed,32,8,0.25,4.0,256,512,2048,8192,3584,664.518,1314.699,1195.882,0.8173
mixed,32,8,0.25,4.0,256,512,8192,32768,14336,2179.796,4788.617,4654.088,0.9484
mixed,32,8,0.25,4.0,256,2048,128,512,224,347.266,348.131,348.162,1.0358
mixed,32,8,0.25,4.0,256,2048,512,2048,896,347.555,643.237,347.844,0.001
mixed,32,8,0.25,4.0,256,2048,2048,8192,3584,878.951,1526.382,1195.596,0.4891
mixed,32,8,0.25,4.0,256,2048,8192,32768,14336,2399.829,5000.139,4650.536,0.8656
mixed,32,8,0.25,4.0,256,8192,128,512,224,1195.05,1194.026,1196.205,
mixed,32,8,0.25,4.0,256,8192,512,2048,896,1197.132,1195.689,1195.692,
mixed,32,8,0.25,4.0,256,8192,2048,8192,3584,1199.499,2373.717,1198.411,-0.0009
mixed,32,8,0.25,4.0,256,8192,8192,32768,14336,3255.867,5856.947,4649.512,0.5358
mixed,32,8,0.25,4.0,256,20480,128,512,224,2909.914,2918.683,2919.227,1.062
mixed,32,8,0.25,4.0,256,20480,512,2048,896,2916.857,2918.682,2917.083,0.1238
mixed,32,8,0.25,4.0,256,20480,2048,8192,3584,2922.01,2924.665,2917.786,-1.591
mixed,32,8,0.25,4.0,256,20480,8192,32768,14336,4106.021,7583.938,4656.681,0.1583
mixed,32,8,0.25,4.0,1024,0,128,512,224,202.564,239.428,203.394,0.0225
mixed,32,8,0.25,4.0,1024,0,512,2048,896,336.836,522.081,399.14,0.3363
mixed,32,8,0.25,4.0,1024,0,2048,8192,3584,743.174,1407.34,1252.939,0.7675
mixed,32,8,0.25,4.0,1024,0,8192,32768,14336,2284.788,4899.787,4686.729,0.9185
mixed,32,8,0.25,4.0,1024,512,128,512,224,272.388,274.275,273.379,0.5252
mixed,32,8,0.25,4.0,1024,512,512,2048,896,352.996,589.509,445.284,0.3902
mixed,32,8,0.25,4.0,1024,512,2048,8192,3584,815.079,1484.046,1327.468,0.7659
mixed,32,8,0.25,4.0,1024,512,8192,32768,14336,2373.524,5052.878,4754.475,0.8886
mixed,32,8,0.25,4.0,1024,2048,128,512,224,484.133,483.748,484.325,
mixed,32,8,0.25,4.0,1024,2048,512,2048,896,485.125,692.133,485.698,0.0028
mixed,32,8,0.25,4.0,1024,2048,2048,8192,3584,1017.609,1685.166,1528.971,0.766
mixed,32,8,0.25,4.0,1024,2048,8192,32768,14336,2581.686,5232.717,5032.621,0.9245
mixed,32,8,0.25,4.0,1024,8192,128,512,224,1326.923,1327.756,1326.635,-0.3457
mixed,32,8,0.25,4.0,1024,8192,512,2048,896,1330.028,1330.539,1327.692,-4.5714
mixed,32,8,0.25,4.0,1024,8192,2048,8192,3584,1330.828,2418.933,1533.42,0.1862
mixed,32,8,0.25,4.0,1024,8192,8192,32768,14336,3398.59,6066.325,5861.908,0.9234
mixed,32,8,0.25,4.0,1024,20480,128,512,224,3016.411,3015.194,3017.243,
mixed,32,8,0.25,4.0,1024,20480,512,2048,896,3013.371,3027.132,3018.523,0.3744
mixed,32,8,0.25,4.0,1024,20480,2048,8192,3584,3019.228,3029.434,3025.978,0.6614
mixed,32,8,0.25,4.0,1024,20480,8192,32768,14336,4169.38,7716.483,5861.907,0.4772
mixed,32,8,0.25,4.0,4096,0,128,512,224,1035.528,1049.226,1030.984,-0.3317
mixed,32,8,0.25,4.0,4096,0,512,2048,896,1072.649,1160.841,1067.883,-0.054
mixed,32,8,0.25,4.0,4096,0,2048,8192,3584,1487.085,2496.087,1890.512,0.3998
mixed,32,8,0.25,4.0,4096,0,8192,32768,14336,3422.047,6127.511,5591.955,0.802
mixed,32,8,0.25,4.0,4096,512,128,512,224,1199.34,1216.268,1212.333,0.7675
mixed,32,8,0.25,4.0,4096,512,512,2048,896,1231.37,1314.988,1231.626,0.0031
mixed,32,8,0.25,4.0,4096,512,2048,8192,3584,1604.655,2643.127,1998.8,0.3795
mixed,32,8,0.25,4.0,4096,512,8192,32768,14336,3651.36,6364.537,5753.811,0.7749
mixed,32,8,0.25,4.0,4096,2048,128,512,224,1713.326,1711.215,1733.743,
mixed,32,8,0.25,4.0,4096,2048,512,2048,896,1711.855,1779.569,1711.79,-0.001
mixed,32,8,0.25,4.0,4096,2048,2048,8192,3584,1974.801,2993.371,2366.837,0.3849
mixed,32,8,0.25,4.0,4096,2048,8192,32768,14336,4243.046,6973.535,6277.977,0.7453
mixed,32,8,0.25,4.0,4096,8192,128,512,224,3383.229,3383.773,3382.879,-0.6434
mixed,32,8,0.25,4.0,4096,8192,512,2048,896,3382.687,3408.126,3383.615,0.0365
mixed,32,8,0.25,4.0,4096,8192,2048,8192,3584,3652.354,4327.429,3902.979,0.3713
mixed,32,8,0.25,4.0,4096,8192,8192,32768,14336,5652.048,9415.733,7495.523,0.4898
mixed,32,8,0.25,4.0,4096,20480,128,512,224,6740.829,6742.011,6744.508,3.1125
mixed,32,8,0.25,4.0,4096,20480,512,2048,896,6738.46,6743.23,6742.271,0.799
mixed,32,8,0.25,4.0,4096,20480,2048,8192,3584,6945.182,7648.036,6796.991,-0.2108
mixed,32,8,0.25,4.0,4096,20480,8192,32768,14336,8551.693,12569.714,10800.578,0.5597
mixed,32,8,0.25,4.0,16384,0,128,512,224,10094.746,10104.892,10097.338,0.2555
mixed,32,8,0.25,4.0,16384,0,512,2048,896,10110.814,10200.83,10114.81,0.0444
mixed,32,8,0.25,4.0,16384,0,2048,8192,3584,10295.741,10905.409,10314.108,0.0301
mixed,32,8,0.25,4.0,16384,0,8192,32768,14336,12199.501,15998.256,13896.414,0.4467
mixed,32,8,0.25,4.0,16384,512,128,512,224,10609.535,10662.53,10614.4,0.0918
mixed,32,8,0.25,4.0,16384,512,512,2048,896,10670.497,10760.766,10680.096,0.1063
mixed,32,8,0.25,4.0,16384,512,2048,8192,3584,10860.77,11424.775,10853.889,-0.0122
mixed,32,8,0.25,4.0,16384,512,8192,32768,14336,12694.131,16510.647,14451.843,0.4606
mixed,32,8,0.25,4.0,16384,2048,128,512,224,12226.067,12299.663,12230.16,0.0556
mixed,32,8,0.25,4.0,16384,2048,512,2048,896,12297.422,12424.69,12303.825,0.0503
mixed,32,8,0.25,4.0,16384,2048,2048,8192,3584,12510.223,13000.76,12499.996,-0.0208
mixed,32,8,0.25,4.0,16384,2048,8192,32768,14336,14258.128,18094.753,15989.791,0.4514
mixed,32,8,0.25,4.0,16384,8192,128,512,224,18889.472,19018.637,18911.546,0.1709
mixed,32,8,0.25,4.0,16384,8192,512,2048,896,19055.175,19295.24,19048.011,-0.0298
mixed,32,8,0.25,4.0,16384,8192,2048,8192,3584,19432.979,19681.418,19418.6,-0.0579
mixed,32,8,0.25,4.0,16384,8192,8192,32768,14336,20587.986,24300.14,21868.223,0.3449
mixed,32,8,0.25,4.0,16384,20480,128,512,224,32355.119,32385.489,32319.683,-1.1668
mixed,32,8,0.25,4.0,16384,20480,512,2048,896,32506.735,32754.73,32508.328,0.0064
mixed,32,8,0.25,4.0,16384,20480,2048,8192,3584,32842.834,32888.655,32866.274,0.5116
mixed,32,8,0.25,4.0,16384,20480,8192,32768,14336,33216.401,37145.436,33473.312,0.0654
mixed,32,8,0.25,4.0,32768,0,128,512,224,36987.323,37065.703,37031.807,0.5675
mixed,32,8,0.25,4.0,32768,0,512,2048,896,32283.684,32207.353,32174.411,
mixed,32,8,0.25,4.0,32768,0,2048,8192,3584,32319.542,32556.309,32311.219,-0.0352
mixed,32,8,0.25,4.0,32768,0,8192,32768,14336,33213.401,42129.831,39179.817,0.6691
mixed,32,8,0.25,4.0,32768,512,128,512,224,33104.926,38118.557,38092.568,0.9948
mixed,32,8,0.25,4.0,32768,512,512,2048,896,38148.76,38108.909,34194.249,
mixed,32,8,0.25,4.0,32768,512,2048,8192,3584,33261.106,33512.173,33251.822,-0.037
mixed,32,8,0.25,4.0,32768,512,8192,32768,14336,37666.091,43164.731,40207.997,0.4623
mixed,32,8,0.25,4.0,32768,2048,128,512,224,35795.291,35824.604,35852.252,1.9432
mixed,32,8,0.25,4.0,32768,2048,512,2048,896,35838.571,35885.691,35841.61,0.0645
mixed,32,8,0.25,4.0,32768,2048,2048,8192,3584,36000.627,36489.329,36215.084,0.4388
mixed,32,8,0.25,4.0,32768,2048,8192,32768,14336,37019.555,40470.788,37828.595,0.2344
pure,32,16,0.5,4.0,0,0,128,512,320,91.276,121.998,82.121,-0.298
pure,32,16,0.5,4.0,0,0,512,2048,1280,179.061,253.886,186.647,0.1014
pure,32,16,0.5,4.0,0,0,2048,8192,5120,480.184,705.84,480.853,0.003
pure,32,16,0.5,4.0,0,0,8192,32768,20480,1612.406,2524.602,1612.116,-0.0003
mixed,32,16,0.5,4.0,16,0,128,512,320,80.487,115.053,113.134,0.9445
mixed,32,16,0.5,4.0,16,0,512,2048,1280,223.674,332.132,330.02,0.9805
mixed,32,16,0.5,4.0,16,0,2048,8192,5120,766.228,1199.556,1196.453,0.9928
mixed,32,16,0.5,4.0,16,0,8192,32768,20480,2931.077,4665.191,4656.739,0.9951
mixed,32,16,0.5,4.0,16,512,128,512,320,110.06,114.606,113.516,0.7602
mixed,32,16,0.5,4.0,16,512,512,2048,1280,223.864,331.62,330.341,0.9881
mixed,32,16,0.5,4.0,16,512,2048,8192,5120,766.739,1199.396,1197.54,0.9957
mixed,32,16,0.5,4.0,16,512,8192,32768,20480,2931.521,4662.716,4659.001,0.9979
mixed,32,16,0.5,4.0,16,2048,128,512,320,325.795,328.899,327.458,0.5358
mixed,32,16,0.5,4.0,16,2048,512,2048,1280,329.059,332.355,330.182,0.3407
mixed,32,16,0.5,4.0,16,2048,2048,8192,5120,765.907,1199.715,1196.641,0.9929
mixed,32,16,0.5,4.0,16,2048,8192,32768,20480,2931.389,4666.359,4655.477,0.9937
mixed,32,16,0.5,4.0,16,8192,128,512,320,1188.799,1190.526,1191.362,1.4841
mixed,32,16,0.5,4.0,16,8192,512,2048,1280,1195.65,1195.523,1194.175,
mixed,32,16,0.5,4.0,16,8192,2048,8192,5120,1195.679,1198.784,1197.6,0.6187
mixed,32,16,0.5,4.0,16,8192,8192,32768,20480,2932.087,4663.311,4658.157,0.997
mixed,32,16,0.5,4.0,16,20480,128,512,320,2914.772,2914.325,2915.381,
mixed,32,16,0.5,4.0,16,20480,512,2048,1280,2914.678,2918.804,2914.931,0.0613
mixed,32,16,0.5,4.0,16,20480,2048,8192,5120,2918.387,2914.451,2915.858,
mixed,32,16,0.5,4.0,16,20480,8192,32768,20480,2934.131,4665.451,4657.29,0.9953
mixed,32,16,0.5,4.0,64,0,128,512,320,81.32,115.533,113.835,0.9504
mixed,32,16,0.5,4.0,64,0,512,2048,1280,224.343,332.516,331.426,0.9899
mixed,32,16,0.5,4.0,64,0,2048,8192,5120,765.999,1201.886,1196.796,0.9883
mixed,32,16,0.5,4.0,64,0,8192,32768,20480,2933.967,4664.995,4656.225,0.9949
mixed,32,16,0.5,4.0,64,512,128,512,320,112.138,116.812,115.179,0.6506
mixed,32,16,0.5,4.0,64,512,512,2048,1280,224.311,333.057,331.33,0.9841
mixed,32,16,0.5,4.0,64,512,2048,8192,5120,765.709,1198.811,1197.084,0.996
mixed,32,16,0.5,4.0,64,512,8192,32768,20480,2931.948,4664.765,4656.284,0.9951
mixed,32,16,0.5,4.0,64,2048,128,512,320,328.512,332.866,330.754,0.5149
mixed,32,16,0.5,4.0,64,2048,512,2048,1280,333.379,333.569,332.898,-2.5316
mixed,32,16,0.5,4.0,64,2048,2048,8192,5120,765.549,1199.164,1196.665,0.9942
mixed,32,16,0.5,4.0,64,2048,8192,32768,20480,2931.624,4662.36,4660.565,0.999
mixed,32,16,0.5,4.0,64,8192,128,512,320,1191.702,1197.176,1194.072,0.433
mixed,32,16,0.5,4.0,64,8192,512,2048,1280,1195.702,1194.456,1197.336,
mixed,32,16,0.5,4.0,64,8192,2048,8192,5120,1197.464,1199.256,1197.303,-0.0898
mixed,32,16,0.5,4.0,64,8192,8192,32768,20480,2931.364,4667.695,4656.878,0.9938
mixed,32,16,0.5,4.0,64,20480,128,512,320,2917.218,2916.065,2914.466,
mixed,32,16,0.5,4.0,64,20480,512,2048,1280,2920.258,2919.617,2915.999,
mixed,32,16,0.5,4.0,64,20480,2048,8192,5120,2919.168,2924.194,2913.921,-1.044
mixed,32,16,0.5,4.0,64,20480,8192,32768,20480,2932.384,4664.811,4658.825,0.9965
mixed,32,16,0.5,4.0,256,0,128,512,320,124.396,159.12,119.885,-0.1299
mixed,32,16,0.5,4.0,256,0,512,2048,1280,265.081,370.021,332.865,0.6459
mixed,32,16,0.5,4.0,256,0,2048,8192,5120,799.501,1227.735,1197.749,0.93
mixed,32,16,0.5,4.0,256,0,8192,32768,20480,2936.22,4666.884,4654.371,0.9928
mixed,32,16,0.5,4.0,256,512,128,512,320,143.694,212.053,136.431,-0.1062
mixed,32,16,0.5,4.0,256,512,512,2048,1280,339.809,447.243,333.602,-0.0578
mixed,32,16,0.5,4.0,256,512,2048,8192,5120,879.699,1312.926,1197.968,0.7346
mixed,32,16,0.5,4.0,256,512,8192,32768,20480,3051.3,4784.2,4658.075,0.9272
mixed,32,16,0.5,4.0,256,2048,128,512,320,347.168,347.362,346.85,-1.6392
mixed,32,16,0.5,4.0,256,2048,512,2048,1280,427.592,642.91,349.504,-0.3627
mixed,32,16,0.5,4.0,256,2048,2048,8192,5120,1096.359,1527.249,1198.609,0.2373
mixed,32,16,0.5,4.0,256,2048,8192,32768,20480,3262.358,4993.943,4657.942,0.806
mixed,32,16,0.5,4.0,256,8192,128,512,320,1195.664,1197.68,1196.915,0.6205
mixed,32,16,0.5,4.0,256,8192,512,2048,1280,1196.815,1198.16,1197.232,0.31
mixed,32,16,0.5,4.0,256,8192,2048,8192,5120,1511.502,2375.454,1203.631,-0.3564
mixed,32,16,0.5,4.0,256,8192,8192,32768,20480,4125.886,5859.586,4660.337,0.3083
mixed,32,16,0.5,4.0,256,20480,128,512,320,2911.023,2912.108,2913.263,2.0645
mixed,32,16,0.5,4.0,256,20480,512,2048,1280,2918.223,2917.134,2917.966,
mixed,32,16,0.5,4.0,256,20480,2048,8192,5120,2922.7,2925.677,2920.268,-0.8169
mixed,32,16,0.5,4.0,256,20480,8192,32768,20480,5832.824,7585.529,4657.674,-0.6705
mixed,32,16,0.5,4.0,1024,0,128,512,320,202.419,239.285,202.354,-0.0018
mixed,32,16,0.5,4.0,1024,0,512,2048,1280,409.957,522.479,439.272,0.2605
mixed,32,16,0.5,4.0,1024,0,2048,8192,5120,964.121,1407.904,1295.414,0.7465
mixed,32,16,0.5,4.0,1024,0,8192,32768,20480,3156.958,4897.084,4717.645,0.8969
mixed,32,16,0.5,4.0,1024,512,128,512,320,274.52,274.137,272.666,
mixed,32,16,0.5,4.0,1024,512,512,2048,1280,449.418,591.605,466.25,0.1184
mixed,32,16,0.5,4.0,1024,512,2048,8192,5120,1036.606,1484.261,1380.122,0.7674
mixed,32,16,0.5,4.0,1024,512,8192,32768,20480,3266.148,5054.885,4873.779,0.8988
mixed,32,16,0.5,4.0,1024,2048,128,512,320,484.428,483.243,483.69,
mixed,32,16,0.5,4.0,1024,2048,512,2048,1280,486.957,691.487,486.283,-0.0033
mixed,32,16,0.5,4.0,1024,2048,2048,8192,5120,1239.725,1687.798,1550.473,0.6935
mixed,32,16,0.5,4.0,1024,2048,8192,32768,20480,3472.179,5253.039,5083.136,0.9046
mixed,32,16,0.5,4.0,1024,8192,128,512,320,1327.83,1326.614,1328.949,
mixed,32,16,0.5,4.0,1024,8192,512,2048,1280,1328.436,1329.428,1328.628,0.1935
mixed,32,16,0.5,4.0,1024,8192,2048,8192,5120,1571.466,2419.253,1565.513,-0.007
mixed,32,16,0.5,4.0,1024,8192,8192,32768,20480,4293.24,6074.644,5882.082,0.8919
mixed,32,16,0.5,4.0,1024,20480,128,512,320,3020.069,3016.166,3022.471,
mixed,32,16,0.5,4.0,1024,20480,512,2048,1280,3017.155,3024.904,3022.149,0.6445
mixed,32,16,0.5,4.0,1024,20480,2048,8192,5120,3023.4,3021.413,3021.828,
mixed,32,16,0.5,4.0,1024,20480,8192,32768,20480,5881.081,7720.858,5904.476,0.0127
mixed,32,16,0.5,4.0,4096,0,128,512,320,1033.336,1050.105,1038.84,0.3282
mixed,32,16,0.5,4.0,4096,0,512,2048,1280,1106.206,1160.032,1103.679,-0.0469
mixed,32,16,0.5,4.0,4096,0,2048,8192,5120,1830.653,2498.229,2034.254,0.305
mixed,32,16,0.5,4.0,4096,0,8192,32768,20480,4327.567,6131.944,5715.688,0.7693
mixed,32,16,0.5,4.0,4096,512,128,512,320,1211.398,1213.48,1208.998,-1.1527
mixed,32,16,0.5,4.0,4096,512,512,2048,1280,1265.228,1313.518,1261.036,-0.0868
mixed,32,16,0.5,4.0,4096,512,2048,8192,5120,1942.051,2640.993,2197.784,0.3659
mixed,32,16,0.5,4.0,4096,512,8192,32768,20480,4560.031,6363.159,5879.727,0.7319
mixed,32,16,0.5,4.0,4096,2048,128,512,320,1726.129,1712.431,1712.014,
mixed,32,16,0.5,4.0,4096,2048,512,2048,1280,1711.727,1785.46,1710.318,-0.0191
mixed,32,16,0.5,4.0,4096,2048,2048,8192,5120,2265.725,2997.594,2596.151,0.4515
mixed,32,16,0.5,4.0,4096,2048,8192,32768,20480,5178.575,6984.195,6436.598,0.6967
mixed,32,16,0.5,4.0,4096,8192,128,512,320,3384.25,3382.745,3382.072,
mixed,32,16,0.5,4.0,4096,8192,512,2048,1280,3383.959,3410.49,3383.414,-0.0205
mixed,32,16,0.5,4.0,4096,8192,2048,8192,5120,3880.96,4333.539,4226.044,0.7625
mixed,32,16,0.5,4.0,4096,8192,8192,32768,20480,7293.526,9412.485,7782.75,0.2309
mixed,32,16,0.5,4.0,4096,20480,128,512,320,6744.197,6742.856,6740.229,
mixed,32,16,0.5,4.0,4096,20480,512,2048,1280,6738.664,6744.07,6739.013,0.0646
mixed,32,16,0.5,4.0,4096,20480,2048,8192,5120,7176.296,7648.045,7396.537,0.4669
mixed,32,16,0.5,4.0,4096,20480,8192,32768,20480,9395.513,12559.0,11072.573,0.5301
mixed,32,16,0.5,4.0,16384,0,128,512,320,10093.266,10079.666,10110.384,
mixed,32,16,0.5,4.0,16384,0,512,2048,1280,10153.203,10202.486,10144.112,-0.1845
mixed,32,16,0.5,4.0,16384,0,2048,8192,5120,10366.498,10902.474,10361.119,-0.01
mixed,32,16,0.5,4.0,16384,0,8192,32768,20480,13483.065,16004.705,14718.84,0.4901
mixed,32,16,0.5,4.0,16384,512,128,512,320,10608.975,10663.829,10612.591,0.0659
mixed,32,16,0.5,4.0,16384,512,512,2048,1280,10697.875,10742.392,10714.581,0.3753
mixed,32,16,0.5,4.0,16384,512,2048,8192,5120,10933.762,11419.979,10964.068,0.0623
mixed,32,16,0.5,4.0,16384,512,8192,32768,20480,14025.273,16502.104,15216.21,0.4808
mixed,32,16,0.5,4.0,16384,2048,128,512,320,12238.211,12280.999,12270.245,0.7487
mixed,32,16,0.5,4.0,16384,2048,512,2048,1280,12382.159,12407.602,12389.932,0.3055
mixed,32,16,0.5,4.0,16384,2048,2048,8192,5120,12637.566,12993.145,12652.379,0.0417
mixed,32,16,0.5,4.0,16384,2048,8192,32768,20480,15589.666,18087.717,16631.856,0.4172
mixed,32,16,0.5,4.0,16384,8192,128,512,320,18910.435,19025.192,18929.696,0.1678
mixed,32,16,0.5,4.0,16384,8192,512,2048,1280,19146.474,19302.14,19148.49,0.013
mixed,32,16,0.5,4.0,16384,8192,2048,8192,5120,19452.452,19680.145,19469.244,0.0737
mixed,32,16,0.5,4.0,16384,8192,8192,32768,20480,21936.861,24308.72,22732.437,0.3354
mixed,32,16,0.5,4.0,16384,20480,128,512,320,32342.844,32446.819,32380.656,0.3637
mixed,32,16,0.5,4.0,16384,20480,512,2048,1280,32573.001,32730.315,32540.697,-0.2053
mixed,32,16,0.5,4.0,16384,20480,2048,8192,5120,32885.429,32862.449,32875.759,
mixed,32,16,0.5,4.0,16384,20480,8192,32768,20480,34367.897,37141.193,35164.142,0.2871
mixed,32,16,0.5,4.0,32768,0,128,512,320,37002.708,32254.867,32168.199,
mixed,32,16,0.5,4.0,32768,0,512,2048,1280,32158.374,32206.792,32221.768,1.3093
mixed,32,16,0.5,4.0,32768,0,2048,8192,5120,32460.368,37454.891,37269.528,0.9629
mixed,32,16,0.5,4.0,32768,0,8192,32768,20480,34385.948,40401.116,40191.244,0.9651
mixed,32,16,0.5,4.0,32768,512,128,512,320,38114.344,33098.42,33050.725,
mixed,32,16,0.5,4.0,32768,512,512,2048,1280,33121.68,33145.775,33150.221,1.1845
mixed,32,16,0.5,4.0,32768,512,2048,8192,5120,33349.654,33510.275,33271.033,-0.4895
mixed,32,16,0.5,4.0,32768,512,8192,32768,20480,35285.412,37537.382,41247.734,2.6476
mixed,32,16,0.5,4.0,32768,2048,128,512,320,41236.63,35880.676,35823.071,
mixed,32,16,0.5,4.0,32768,2048,512,2048,1280,35867.007,35888.95,35853.207,-0.6289
mixed,32,16,0.5,4.0,32768,2048,2048,8192,5120,36146.86,41761.506,41555.118,0.9632
mixed,32,16,0.5,4.0,32768,2048,8192,32768,20480,43779.286,46325.29,44292.818,0.2017
pure,32,24,0.75,4.0,0,0,128,512,416,96.744,120.905,100.967,0.1748
pure,32,24,0.75,4.0,0,0,512,2048,1664,215.311,254.324,244.208,0.7407
pure,32,24,0.75,4.0,0,0,2048,8192,6656,593.77,706.963,693.586,0.8818
pure,32,24,0.75,4.0,0,0,8192,32768,26624,2062.55,2521.526,2482.23,0.9144
mixed,32,24,0.75,4.0,16,0,128,512,416,98.023,114.473,113.448,0.9377
mixed,32,24,0.75,4.0,16,0,512,2048,1664,278.612,332.601,331.225,0.9745
mixed,32,24,0.75,4.0,16,0,2048,8192,6656,982.247,1198.773,1199.383,1.0028
mixed,32,24,0.75,4.0,16,0,8192,32768,26624,3797.263,4664.206,4663.822,0.9996
mixed,32,24,0.75,4.0,16,512,128,512,416,110.248,115.336,113.896,0.717
mixed,32,24,0.75,4.0,16,512,512,2048,1664,278.58,332.407,331.575,0.9845
mixed,32,24,0.75,4.0,16,512,2048,8192,6656,981.957,1199.349,1199.735,1.0018
mixed,32,24,0.75,4.0,16,512,8192,32768,26624,3796.302,4661.96,4662.536,1.0007
mixed,32,24,0.75,4.0,16,2048,128,512,416,326.134,328.535,328.087,0.8134
mixed,32,24,0.75,4.0,16,2048,512,2048,1664,329.208,332.438,332.056,0.8817
mixed,32,24,0.75,4.0,16,2048,2048,8192,6656,982.533,1200.468,1198.485,0.9909
mixed,32,24,0.75,4.0,16,2048,8192,32768,26624,3797.321,4664.807,4665.22,1.0005
mixed,32,24,0.75,4.0,16,8192,128,512,416,1189.076,1193.045,1192.755,0.9269
mixed,32,24,0.75,4.0,16,8192,512,2048,1664,1192.114,1194.933,1194.355,0.795
mixed,32,24,0.75,4.0,16,8192,2048,8192,6656,1196.69,1200.245,1198.739,0.5764
mixed,32,24,0.75,4.0,16,8192,8192,32768,26624,3796.838,4666.946,4663.906,0.9965
mixed,32,24,0.75,4.0,16,20480,128,512,416,2914.953,2913.259,2912.713,
mixed,32,24,0.75,4.0,16,20480,512,2048,1664,2918.728,2918.921,2916.811,-9.9326
mixed,32,24,0.75,4.0,16,20480,2048,8192,6656,2914.471,2918.151,2914.92,0.122
mixed,32,24,0.75,4.0,16,20480,8192,32768,26624,3798.052,4665.407,4664.284,0.9987
mixed,32,24,0.75,4.0,64,0,128,512,416,98.63,115.368,114.218,0.9313
mixed,32,24,0.75,4.0,64,0,512,2048,1664,278.739,332.533,331.542,0.9816
mixed,32,24,0.75,4.0,64,0,2048,8192,6656,982.242,1200.016,1199.537,0.9978
mixed,32,24,0.75,4.0,64,0,8192,32768,26624,3796.352,4666.651,4662.236,0.9949
mixed,32,24,0.75,4.0,64,512,128,512,416,113.033,117.159,116.009,0.7213
mixed,32,24,0.75,4.0,64,512,512,2048,1664,278.355,333.109,332.245,0.9842
mixed,32,24,0.75,4.0,64,512,2048,8192,6656,981.57,1200.303,1198.64,0.9924
mixed,32,24,0.75,4.0,64,512,8192,32768,26624,3795.966,4665.527,4659.286,0.9928
mixed,32,24,0.75,4.0,64,2048,128,512,416,329.717,332.919,331.926,0.6899
mixed,32,24,0.75,4.0,64,2048,512,2048,1664,332.726,333.718,333.272,0.5504
mixed,32,24,0.75,4.0,64,2048,2048,8192,6656,981.216,1198.798,1198.991,1.0009
mixed,32,24,0.75,4.0,64,2048,8192,32768,26624,3798.522,4669.171,4661.522,0.9912
mixed,32,24,0.75,4.0,64,8192,128,512,416,1194.353,1193.775,1196.56,
mixed,32,24,0.75,4.0,64,8192,512,2048,1664,1197.262,1195.855,1194.158,
mixed,32,24,0.75,4.0,64,8192,2048,8192,6656,1198.896,1199.438,1200.111,2.2417
mixed,32,24,0.75,4.0,64,8192,8192,32768,26624,3799.225,4664.463,4661.263,0.9963
mixed,32,24,0.75,4.0,64,20480,128,512,416,2919.614,2920.381,2919.036,-0.7536
mixed,32,24,0.75,4.0,64,20480,512,2048,1664,2917.533,2919.134,2920.317,1.7389
mixed,32,24,0.75,4.0,64,20480,2048,8192,6656,2919.677,2922.781,2921.341,0.5361
mixed,32,24,0.75,4.0,64,20480,8192,32768,26624,3797.877,4665.262,4661.548,0.9957
mixed,32,24,0.75,4.0,256,0,128,512,416,141.482,160.234,126.377,-0.8055
mixed,32,24,0.75,4.0,256,0,512,2048,1664,317.877,371.64,337.655,0.3679
mixed,32,24,0.75,4.0,256,0,2048,8192,6656,1008.447,1229.358,1199.947,0.8669
mixed,32,24,0.75,4.0,256,0,8192,32768,26624,3803.604,4666.188,4663.209,0.9965
mixed,32,24,0.75,4.0,256,512,128,512,416,177.514,211.564,137.192,-1.1842
mixed,32,24,0.75,4.0,256,512,512,2048,1664,395.192,448.383,338.612,-1.0637
mixed,32,24,0.75,4.0,256,512,2048,8192,6656,1097.093,1314.708,1200.909,0.4771
mixed,32,24,0.75,4.0,256,512,8192,32768,26624,3919.544,4784.62,4660.259,0.8562
mixed,32,24,0.75,4.0,256,2048,128,512,416,347.83,347.701,347.926,
mixed,32,24,0.75,4.0,256,2048,512,2048,1664,535.554,644.328,349.044,-1.7147
mixed,32,24,0.75,4.0,256,2048,2048,8192,6656,1313.299,1527.457,1201.867,-0.5203
mixed,32,24,0.75,4.0,256,2048,8192,32768,26624,4131.168,4992.921,4660.836,0.6146
mixed,32,24,0.75,4.0,256,8192,128,512,416,1193.194,1194.826,1196.3,1.9032
mixed,32,24,0.75,4.0,256,8192,512,2048,1664,1195.625,1198.796,1196.65,0.3232
mixed,32,24,0.75,4.0,256,8192,2048,8192,6656,1942.712,2374.194,1204.169,-1.7116
mixed,32,24,0.75,4.0,256,8192,8192,32768,26624,4987.54,5853.289,4663.774,-0.374
mixed,32,24,0.75,4.0,256,20480,128,512,416,2917.171,2917.907,2917.876,0.9579
mixed,32,24,0.75,4.0,256,20480,512,2048,1664,2919.413,2918.61,2918.033,
mixed,32,24,0.75,4.0,256,20480,2048,8192,6656,2917.331,2920.53,2921.78,1.3907
mixed,32,24,0.75,4.0,256,20480,8192,32768,26624,6717.788,7584.911,4663.26,-2.3694
mixed,32,24,0.75,4.0,1024,0,128,512,416,210.188,239.471,221.998,0.4033
mixed,32,24,0.75,4.0,1024,0,512,2048,1664,465.148,520.702,465.949,0.0144
mixed,32,24,0.75,4.0,1024,0,2048,8192,6656,1186.729,1404.5,1347.953,0.7403
mixed,32,24,0.75,4.0,1024,0,8192,32768,26624,4028.531,4898.184,4827.971,0.9193
mixed,32,24,0.75,4.0,1024,512,128,512,416,273.872,273.648,273.842,
mixed,32,24,0.75,4.0,1024,512,512,2048,1664,533.342,590.307,516.19,-0.3011
mixed,32,24,0.75,4.0,1024,512,2048,8192,6656,1259.852,1483.32,1418.197,0.7086
mixed,32,24,0.75,4.0,1024,512,8192,32768,26624,4160.759,5054.636,4913.221,0.8418
mixed,32,24,0.75,4.0,1024,2048,128,512,416,483.9,483.934,483.71,-5.5882
mixed,32,24,0.75,4.0,1024,2048,512,2048,1664,595.651,692.297,672.711,0.7973
mixed,32,24,0.75,4.0,1024,2048,2048,8192,6656,1461.975,1686.565,1596.542,0.5992
mixed,32,24,0.75,4.0,1024,2048,8192,32768,26624,4366.177,5255.703,5121.04,0.8486
mixed,32,24,0.75,4.0,1024,8192,128,512,416,1326.67,1330.03,1329.2,0.753
mixed,32,24,0.75,4.0,1024,8192,512,2048,1664,1330.254,1331.534,1328.11,-1.675
mixed,32,24,0.75,4.0,1024,8192,2048,8192,6656,2000.502,2418.671,2402.093,0.9604
mixed,32,24,0.75,4.0,1024,8192,8192,32768,26624,5182.96,6070.434,5925.626,0.8368
mixed,32,24,0.75,4.0,1024,20480,128,512,416,3016.337,3021.424,3022.257,1.1638
mixed,32,24,0.75,4.0,1024,20480,512,2048,1664,3022.414,3023.824,3013.617,-6.239
mixed,32,24,0.75,4.0,1024,20480,2048,8192,6656,3031.536,3023.855,3026.415,
mixed,32,24,0.75,4.0,1024,20480,8192,32768,26624,6827.886,7712.671,7623.707,0.8995
mixed,32,24,0.75,4.0,4096,0,128,512,416,1041.725,1049.821,1049.467,0.9563
mixed,32,24,0.75,4.0,4096,0,512,2048,1664,1132.77,1158.434,1125.12,-0.2981
mixed,32,24,0.75,4.0,4096,0,2048,8192,6656,2170.27,2496.527,2248.771,0.2406
mixed,32,24,0.75,4.0,4096,0,8192,32768,26624,5228.172,6130.912,5864.656,0.7051
mixed,32,24,0.75,4.0,4096,512,128,512,416,1206.918,1212.388,1210.63,0.6786
mixed,32,24,0.75,4.0,4096,512,512,2048,1664,1287.274,1314.508,1280.489,-0.2491
mixed,32,24,0.75,4.0,4096,512,2048,8192,6656,2290.753,2641.846,2414.154,0.3515
mixed,32,24,0.75,4.0,4096,512,8192,32768,26624,5456.949,6364.553,6061.945,0.6666
mixed,32,24,0.75,4.0,4096,2048,128,512,416,1712.098,1713.635,1713.376,0.8315
mixed,32,24,0.75,4.0,4096,2048,512,2048,1664,1739.554,1781.219,1736.29,-0.0783
mixed,32,24,0.75,4.0,4096,2048,2048,8192,6656,2623.57,2994.697,2841.152,0.5863
mixed,32,24,0.75,4.0,4096,2048,8192,32768,26624,6081.557,6982.021,6582.353,0.5562
mixed,32,24,0.75,4.0,4096,8192,128,512,416,3386.43,3383.516,3382.461,
mixed,32,24,0.75,4.0,4096,8192,512,2048,1664,3386.333,3412.767,3382.815,-0.1331
mixed,32,24,0.75,4.0,4096,8192,2048,8192,6656,4104.742,4333.49,4273.069,0.7359
mixed,32,24,0.75,4.0,4096,8192,8192,32768,26624,8416.149,9400.46,8934.031,0.5261
mixed,32,24,0.75,4.0,4096,20480,128,512,416,6740.276,6742.199,6737.878,-1.247
mixed,32,24,0.75,4.0,4096,20480,512,2048,1664,6746.358,6741.175,6740.148,
mixed,32,24,0.75,4.0,4096,20480,2048,8192,6656,7428.825,7652.614,7568.607,0.6246
mixed,32,24,0.75,4.0,4096,20480,8192,32768,26624,10827.795,12563.699,12224.509,0.8046
mixed,32,24,0.75,4.0,16384,0,128,512,416,10119.822,10082.026,10106.058,
mixed,32,24,0.75,4.0,16384,0,512,2048,1664,10187.02,10206.063,10170.988,-0.8419
mixed,32,24,0.75,4.0,16384,0,2048,8192,6656,10553.026,10906.772,10539.164,-0.0392
mixed,32,24,0.75,4.0,16384,0,8192,32768,26624,14728.132,15997.447,15372.804,0.5079
mixed,32,24,0.75,4.0,16384,512,128,512,416,10640.643,10652.319,10640.83,0.016
mixed,32,24,0.75,4.0,16384,512,512,2048,1664,10758.503,10738.79,10770.792,
mixed,32,24,0.75,4.0,16384,512,2048,8192,6656,11075.03,11426.219,11070.424,-0.0131
mixed,32,24,0.75,4.0,16384,512,8192,32768,26624,15254.1,16504.856,15874.933,0.4964
mixed,32,24,0.75,4.0,16384,2048,128,512,416,12277.587,12299.192,12272.244,-0.2473
mixed,32,24,0.75,4.0,16384,2048,512,2048,1664,12380.281,12411.512,12409.339,0.9304
mixed,32,24,0.75,4.0,16384,2048,2048,8192,6656,12729.867,13000.665,12742.698,0.0474
mixed,32,24,0.75,4.0,16384,2048,8192,32768,26624,16855.461,18086.083,17398.816,0.4415
mixed,32,24,0.75,4.0,16384,8192,128,512,416,18977.489,19031.287,18981.295,0.0707
mixed,32,24,0.75,4.0,16384,8192,512,2048,1664,19222.652,19288.476,19233.018,0.1575
mixed,32,24,0.75,4.0,16384,8192,2048,8192,6656,19498.248,19702.484,19488.325,-0.0486
mixed,32,24,0.75,4.0,16384,8192,8192,32768,26624,23113.669,24301.026,23686.977,0.4828
mixed,32,24,0.75,4.0,16384,20480,128,512,416,32383.586,32432.46,32398.893,0.3132
mixed,32,24,0.75,4.0,16384,20480,512,2048,1664,32629.615,32682.457,32701.022,1.3513
mixed,32,24,0.75,4.0,16384,20480,2048,8192,6656,32876.385,32837.777,32867.225,
mixed,32,24,0.75,4.0,16384,20480,8192,32768,26624,35797.265,37145.39,36319.849,0.3876
mixed,32,24,0.75,4.0,32768,0,128,512,416,37026.952,32271.225,32271.023,
mixed,32,24,0.75,4.0,32768,0,512,2048,1664,32199.401,32241.451,32235.915,0.8683
mixed,32,24,0.75,4.0,32768,0,2048,8192,6656,32459.599,32494.098,37100.938,134.5355
mixed,32,24,0.75,4.0,32768,0,8192,32768,26624,40825.793,42112.58,41182.26,0.277
mixed,32,24,0.75,4.0,32768,512,128,512,416,38070.416,37744.44,36803.787,
mixed,32,24,0.75,4.0,32768,512,512,2048,1664,36818.413,37305.669,38064.45,2.5573
mixed,32,24,0.75,4.0,32768,512,2048,8192,6656,33427.798,33485.402,33444.73,0.2939
mixed,32,24,0.75,4.0,32768,512,8192,32768,26624,36402.826,43164.262,42226.323,0.8613
mixed,32,24,0.75,4.0,32768,2048,128,512,416,41257.894,38272.201,37049.834,
mixed,32,24,0.75,4.0,32768,2048,512,2048,1664,35828.207,35908.452,35871.749,0.5426
mixed,32,24,0.75,4.0,32768,2048,2048,8192,6656,36222.323,41783.47,36212.821,-0.0017
mixed,32,24,0.75,4.0,32768,2048,8192,32768,26624,39148.613,46318.934,45309.949,0.8593
pure,32,29,0.9062,4.0,0,0,128,512,476,101.19,121.444,103.684,0.1231
pure,32,29,0.9062,4.0,0,0,512,2048,1904,223.147,253.805,248.524,0.8277
pure,32,29,0.9062,4.0,0,0,2048,8192,7616,636.351,706.788,699.428,0.8955
pure,32,29,0.9062,4.0,0,0,8192,32768,30464,2329.685,2526.079,2495.228,0.8429
mixed,32,29,0.9062,4.0,16,0,128,512,476,99.555,114.342,114.215,0.9914
mixed,32,29,0.9062,4.0,16,0,512,2048,1904,300.879,331.793,332.497,1.0228
mixed,32,29,0.9062,4.0,16,0,2048,8192,7616,1110.519,1199.227,1198.46,0.9914
mixed,32,29,0.9062,4.0,16,0,8192,32768,30464,4335.096,4662.728,4662.759,1.0001
mixed,32,29,0.9062,4.0,16,512,128,512,476,110.085,114.117,114.245,1.0317
mixed,32,29,0.9062,4.0,16,512,512,2048,1904,300.813,331.823,332.4,1.0186
mixed,32,29,0.9062,4.0,16,512,2048,8192,7616,1110.424,1198.075,1198.33,1.0029
mixed,32,29,0.9062,4.0,16,512,8192,32768,30464,4336.853,4662.949,4663.941,1.003
mixed,32,29,0.9062,4.0,16,2048,128,512,476,326.513,328.56,328.209,0.8285
mixed,32,29,0.9062,4.0,16,2048,512,2048,1904,328.559,332.752,332.176,0.8626
mixed,32,29,0.9062,4.0,16,2048,2048,8192,7616,1110.357,1198.458,1201.498,1.0345
mixed,32,29,0.9062,4.0,16,2048,8192,32768,30464,4340.37,4663.012,4661.252,0.9945
mixed,32,29,0.9062,4.0,16,8192,128,512,476,1189.436,1191.961,1191.355,0.76
mixed,32,29,0.9062,4.0,16,8192,512,2048,1904,1191.994,1193.977,1194.555,1.2915
mixed,32,29,0.9062,4.0,16,8192,2048,8192,7616,1191.641,1200.666,1201.145,1.0531
mixed,32,29,0.9062,4.0,16,8192,8192,32768,30464,4337.203,4663.551,4666.112,1.0078
mixed,32,29,0.9062,4.0,16,20480,128,512,476,2909.134,2914.955,2913.325,0.72
mixed,32,29,0.9062,4.0,16,20480,512,2048,1904,2912.46,2916.972,2914.797,0.518
mixed,32,29,0.9062,4.0,16,20480,2048,8192,7616,2915.149,2921.259,2919.243,0.67
mixed,32,29,0.9062,4.0,16,20480,8192,32768,30464,4338.159,4666.368,4664.158,0.9933
mixed,32,29,0.9062,4.0,64,0,128,512,476,100.708,115.622,115.59,0.9979
mixed,32,29,0.9062,4.0,64,0,512,2048,1904,299.437,332.623,332.336,0.9914
mixed,32,29,0.9062,4.0,64,0,2048,8192,7616,1111.86,1198.776,1198.713,0.9993
mixed,32,29,0.9062,4.0,64,0,8192,32768,30464,4340.015,4662.109,4659.55,0.9921
mixed,32,29,0.9062,4.0,64,512,128,512,476,112.486,116.935,116.421,0.8845
mixed,32,29,0.9062,4.0,64,512,512,2048,1904,299.885,332.624,332.337,0.9912
mixed,32,29,0.9062,4.0,64,512,2048,8192,7616,1110.548,1198.806,1199.29,1.0055
mixed,32,29,0.9062,4.0,64,512,8192,32768,30464,4341.292,4664.828,4663.548,0.996
mixed,32,29,0.9062,4.0,64,2048,128,512,476,327.631,331.983,332.208,1.0517
mixed,32,29,0.9062,4.0,64,2048,512,2048,1904,329.103,333.903,333.008,0.8135
mixed,32,29,0.9062,4.0,64,2048,2048,8192,7616,1111.476,1199.321,1199.096,0.9974
mixed,32,29,0.9062,4.0,64,2048,8192,32768,30464,4338.089,4666.2,4663.545,0.9919
mixed,32,29,0.9062,4.0,64,8192,128,512,476,1191.863,1194.583,1196.375,1.6588
mixed,32,29,0.9062,4.0,64,8192,512,2048,1904,1191.961,1197.24,1197.015,0.9574
mixed,32,29,0.9062,4.0,64,8192,2048,8192,7616,1196.759,1200.151,1199.19,0.7167
mixed,32,29,0.9062,4.0,64,8192,8192,32768,30464,4339.368,4663.575,4665.303,1.0053
mixed,32,29,0.9062,4.0,64,20480,128,512,476,2914.437,2918.535,2915.527,0.266
mixed,32,29,0.9062,4.0,64,20480,512,2048,1904,2915.398,2918.695,2919.526,1.252
mixed,32,29,0.9062,4.0,64,20480,2048,8192,7616,2920.038,2921.892,2925.158,2.7616
mixed,32,29,0.9062,4.0,64,20480,8192,32768,30464,4340.2,4665.077,4665.622,1.0017
mixed,32,29,0.9062,4.0,256,0,128,512,476,143.11,161.0,148.742,0.3148
mixed,32,29,0.9062,4.0,256,0,512,2048,1904,337.263,370.609,359.536,0.6679
mixed,32,29,0.9062,4.0,256,0,2048,8192,7616,1131.636,1228.439,1210.902,0.8188
mixed,32,29,0.9062,4.0,256,0,8192,32768,30464,4341.86,4668.66,4667.796,0.9974
mixed,32,29,0.9062,4.0,256,512,128,512,476,179.591,212.042,167.399,-0.3757
mixed,32,29,0.9062,4.0,256,512,512,2048,1904,412.435,447.828,433.266,0.5886
mixed,32,29,0.9062,4.0,256,512,2048,8192,7616,1227.223,1319.034,1298.553,0.7769
mixed,32,29,0.9062,4.0,256,512,8192,32768,30464,4459.081,4781.558,4722.674,0.8174
mixed,32,29,0.9062,4.0,256,2048,128,512,476,347.472,348.528,348.08,0.5758
mixed,32,29,0.9062,4.0,256,2048,512,2048,1904,578.554,643.741,434.324,-2.2126
mixed,32,29,0.9062,4.0,256,2048,2048,8192,7616,1439.936,1529.954,1513.125,0.813
mixed,32,29,0.9062,4.0,256,2048,8192,32768,30464,4675.474,4997.248,4980.733,0.9487
mixed,32,29,0.9062,4.0,256,8192,128,512,476,1196.726,1197.142,1195.542,-2.8462
mixed,32,29,0.9062,4.0,256,8192,512,2048,1904,1197.27,1197.939,1195.893,-2.0583
mixed,32,29,0.9062,4.0,256,8192,2048,8192,7616,2198.658,2372.555,1516.546,-3.9225
mixed,32,29,0.9062,4.0,256,8192,8192,32768,30464,5528.309,5856.579,5833.027,0.9283
mixed,32,29,0.9062,4.0,256,20480,128,512,476,2919.137,2916.162,2914.817,
mixed,32,29,0.9062,4.0,256,20480,512,2048,1904,2916.992,2920.512,2922.208,1.4818
mixed,32,29,0.9062,4.0,256,20480,2048,8192,7616,2925.793,2923.777,2924.319,
mixed,32,29,0.9062,4.0,256,20480,8192,32768,30464,7261.533,7584.111,5837.76,-4.4137
mixed,32,29,0.9062,4.0,1024,0,128,512,476,210.313,239.306,232.266,0.7572
mixed,32,29,0.9062,4.0,1024,0,512,2048,1904,486.676,520.088,491.574,0.1466
mixed,32,29,0.9062,4.0,1024,0,2048,8192,7616,1316.122,1402.813,1375.965,0.6903
mixed,32,29,0.9062,4.0,1024,0,8192,32768,30464,4575.974,4893.846,4853.586,0.8733
mixed,32,29,0.9062,4.0,1024,512,128,512,476,274.571,273.868,272.461,
mixed,32,29,0.9062,4.0,1024,512,512,2048,1904,554.104,590.552,557.849,0.1027
mixed,32,29,0.9062,4.0,1024,512,2048,8192,7616,1391.005,1483.264,1451.455,0.6552
mixed,32,29,0.9062,4.0,1024,512,8192,32768,30464,4717.29,5054.681,4980.502,0.7801
mixed,32,29,0.9062,4.0,1024,2048,128,512,476,484.98,484.5,484.949,
mixed,32,29,0.9062,4.0,1024,2048,512,2048,1904,633.914,692.125,682.782,0.8395
mixed,32,29,0.9062,4.0,1024,2048,2048,8192,7616,1594.533,1687.817,1646.726,0.5595
mixed,32,29,0.9062,4.0,1024,2048,8192,32768,30464,4919.698,5253.633,5188.38,0.8046
mixed,32,29,0.9062,4.0,1024,8192,128,512,476,1328.506,1328.634,1327.318,-9.2813
mixed,32,29,0.9062,4.0,1024,8192,512,2048,1904,1329.561,1330.905,1331.833,1.6905
mixed,32,29,0.9062,4.0,1024,8192,2048,8192,7616,2255.776,2420.104,2411.4,0.947
mixed,32,29,0.9062,4.0,1024,8192,8192,32768,30464,5736.978,6071.714,5999.55,0.7844
mixed,32,29,0.9062,4.0,1024,20480,128,512,476,3018.018,3026.176,3020.033,0.247
mixed,32,29,0.9062,4.0,1024,20480,512,2048,1904,3017.6,3019.296,3023.68,3.5849
mixed,32,29,0.9062,4.0,1024,20480,2048,8192,7616,3027.105,3029.374,3023.742,-1.4822
mixed,32,29,0.9062,4.0,1024,20480,8192,32768,30464,7380.788,7712.484,7671.554,0.8766
mixed,32,29,0.9062,4.0,4096,0,128,512,476,1040.747,1048.301,1048.204,0.9872
mixed,32,29,0.9062,4.0,4096,0,512,2048,1904,1140.753,1159.121,1139.535,-0.0663
mixed,32,29,0.9062,4.0,4096,0,2048,8192,7616,2368.609,2497.769,2399.174,0.2366
mixed,32,29,0.9062,4.0,4096,0,8192,32768,30464,5794.097,6134.143,6016.509,0.6541
mixed,32,29,0.9062,4.0,4096,512,128,512,476,1206.387,1214.803,1214.321,0.9427
mixed,32,29,0.9062,4.0,4096,512,512,2048,1904,1294.807,1316.695,1298.232,0.1565
mixed,32,29,0.9062,4.0,4096,512,2048,8192,7616,2496.423,2641.07,2557.707,0.4237
mixed,32,29,0.9062,4.0,4096,512,8192,32768,30464,6025.755,6362.728,6240.511,0.6373
mixed,32,29,0.9062,4.0,4096,2048,128,512,476,1711.463,1712.039,1711.495,0.0556
mixed,32,29,0.9062,4.0,4096,2048,512,2048,1904,1747.24,1781.961,1755.432,0.2359
mixed,32,29,0.9062,4.0,4096,2048,2048,8192,7616,2847.571,2995.61,2938.809,0.6163
mixed,32,29,0.9062,4.0,4096,2048,8192,32768,30464,6645.072,6979.325,6791.094,0.4369
mixed,32,29,0.9062,4.0,4096,8192,128,512,476,3381.864,3385.101,3384.49,0.8112
mixed,32,29,0.9062,4.0,4096,8192,512,2048,1904,3384.298,3438.349,3422.861,0.7135
mixed,32,29,0.9062,4.0,4096,8192,2048,8192,7616,4234.637,4328.562,4316.272,0.8692
mixed,32,29,0.9062,4.0,4096,8192,8192,32768,30464,8988.909,9413.151,9190.805,0.4759
mixed,32,29,0.9062,4.0,4096,20480,128,512,476,6741.647,6740.468,6743.699,
mixed,32,29,0.9062,4.0,4096,20480,512,2048,1904,6743.154,6744.496,6740.53,-1.9553
mixed,32,29,0.9062,4.0,4096,20480,2048,8192,7616,7559.443,7645.748,7625.716,0.7679
mixed,32,29,0.9062,4.0,4096,20480,8192,32768,30464,11918.594,12566.33,12474.168,0.8577
mixed,32,29,0.9062,4.0,16384,0,128,512,476,10115.672,10122.039,10121.178,0.8648
mixed,32,29,0.9062,4.0,16384,0,512,2048,1904,10178.522,10199.868,10203.129,1.1528
mixed,32,29,0.9062,4.0,16384,0,2048,8192,7616,10764.85,10904.596,10772.622,0.0556
mixed,32,29,0.9062,4.0,16384,0,8192,32768,30464,15487.469,16002.081,15760.021,0.5296
mixed,32,29,0.9062,4.0,16384,512,128,512,476,10618.568,10664.556,10652.619,0.7404
mixed,32,29,0.9062,4.0,16384,512,512,2048,1904,10723.435,10740.685,10750.668,1.5787
mixed,32,29,0.9062,4.0,16384,512,2048,8192,7616,11283.396,11418.024,11289.056,0.042
mixed,32,29,0.9062,4.0,16384,512,8192,32768,30464,16031.131,16510.609,16256.421,0.4699
mixed,32,29,0.9062,4.0,16384,2048,128,512,476,12291.914,12295.012,12289.064,-0.9199
mixed,32,29,0.9062,4.0,16384,2048,512,2048,1904,12391.085,12423.338,12414.991,0.7412
mixed,32,29,0.9062,4.0,16384,2048,2048,8192,7616,12858.014,13000.707,12857.501,-0.0036
mixed,32,29,0.9062,4.0,16384,2048,8192,32768,30464,17604.726,18089.705,17833.406,0.4715
mixed,32,29,0.9062,4.0,16384,8192,128,512,476,18985.802,19043.245,19005.454,0.3421
mixed,32,29,0.9062,4.0,16384,8192,512,2048,1904,19240.695,19286.583,19259.955,0.4197
mixed,32,29,0.9062,4.0,16384,8192,2048,8192,7616,19641.286,19679.236,19633.186,-0.2134
mixed,32,29,0.9062,4.0,16384,8192,8192,32768,30464,23826.085,24306.455,24105.393,0.5814
mixed,32,29,0.9062,4.0,16384,20480,128,512,476,32409.463,32425.904,32380.984,-1.7322
mixed,32,29,0.9062,4.0,16384,20480,512,2048,1904,32663.963,32730.018,32704.598,0.6152
mixed,32,29,0.9062,4.0,16384,20480,2048,8192,7616,32837.499,32846.37,32815.325,-2.4996
mixed,32,29,0.9062,4.0,16384,20480,8192,32768,30464,36641.52,37146.278,36850.807,0.4146
mixed,32,29,0.9062,4.0,32768,0,128,512,476,37027.037,37038.305,32243.041,-424.5648
mixed,32,29,0.9062,4.0,32768,0,512,2048,1904,32230.811,32225.122,37110.875,
mixed,32,29,0.9062,4.0,32768,0,2048,8192,7616,32586.416,32562.732,32486.988,
mixed,32,29,0.9062,4.0,32768,0,8192,32768,30464,36222.679,42109.08,41764.65,0.9415
mixed,32,29,0.9062,4.0,32768,512,128,512,476,38133.852,33096.348,33084.856,
mixed,32,29,0.9062,4.0,32768,512,512,2048,1904,33122.587,33158.203,33107.931,-0.4115
mixed,32,29,0.9062,4.0,32768,512,2048,8192,7616,38604.685,34126.62,34082.978,
mixed,32,29,0.9062,4.0,32768,512,8192,32768,30464,37132.339,37543.557,42797.611,13.7768
mixed,32,29,0.9062,4.0,32768,2048,128,512,476,41276.31,35875.81,35793.153,
mixed,32,29,0.9062,4.0,32768,2048,512,2048,1904,35870.399,35889.599,35872.18,0.0928
mixed,32,29,0.9062,4.0,32768,2048,2048,8192,7616,36254.761,36324.529,41701.306,78.0665
mixed,32,29,0.9062,4.0,32768,2048,8192,32768,30464,45810.996,46314.95,45889.744,0.1563
pure,128,1,0.0078,4.0,0,0,128,512,131,111.014,228.745,120.645,0.0818
pure,128,1,0.0078,4.0,0,0,512,2048,524,230.697,679.355,352.621,0.2718
pure,128,1,0.0078,4.0,0,0,2048,8192,2096,683.897,2489.694,1231.502,0.3032
pure,128,1,0.0078,4.0,0,0,8192,32768,8384,2523.744,9684.525,4774.293,0.3143
mixed,128,1,0.0078,4.0,16,0,128,512,131,194.121,425.136,192.039,-0.009
mixed,128,1,0.0078,4.0,16,0,512,2048,524,428.592,1330.096,449.391,0.0231
mixed,128,1,0.0078,4.0,16,0,2048,8192,2096,1335.312,4974.265,1573.369,0.0654
mixed,128,1,0.0078,4.0,16,0,8192,32768,8384,5027.611,19462.605,6078.783,0.0728
mixed,128,1,0.0078,4.0,16,512,128,512,131,197.831,427.727,196.327,-0.0065
mixed,128,1,0.0078,4.0,16,512,512,2048,524,430.096,1330.739,450.001,0.0221
mixed,128,1,0.0078,4.0,16,512,2048,8192,2096,1336.88,4972.245,1572.728,0.0649
mixed,128,1,0.0078,4.0,16,512,8192,32768,8384,5029.782,19467.265,6074.139,0.0723
mixed,128,1,0.0078,4.0,16,2048,128,512,131,373.133,453.519,371.244,-0.0235
mixed,128,1,0.0078,4.0,16,2048,512,2048,524,450.064,1336.817,451.919,0.0021
mixed,128,1,0.0078,4.0,16,2048,2048,8192,2096,1341.424,4968.274,1578.679,0.0654
mixed,128,1,0.0078,4.0,16,2048,8192,32768,8384,5025.266,19466.936,6067.735,0.0722
mixed,128,1,0.0078,4.0,16,8192,128,512,131,1216.748,1295.183,1214.794,-0.0249
mixed,128,1,0.0078,4.0,16,8192,512,2048,524,1298.029,1583.321,1299.853,0.0064
mixed,128,1,0.0078,4.0,16,8192,2048,8192,2096,1584.984,4995.6,1577.558,-0.0022
mixed,128,1,0.0078,4.0,16,8192,8192,32768,8384,5031.055,19461.133,6107.125,0.0746
mixed,128,1,0.0078,4.0,16,20480,128,512,131,2936.038,2985.319,2935.206,-0.0169
mixed,128,1,0.0078,4.0,16,20480,512,2048,524,2991.786,3270.482,2981.608,-0.0365
mixed,128,1,0.0078,4.0,16,20480,2048,8192,2096,3279.152,4979.213,3265.585,-0.008
mixed,128,1,0.0078,4.0,16,20480,8192,32768,8384,5053.231,19451.712,6094.066,0.0723
mixed,128,1,0.0078,4.0,64,0,128,512,131,194.726,424.143,193.509,-0.0053
mixed,128,1,0.0078,4.0,64,0,512,2048,524,428.174,1333.902,449.359,0.0234
mixed,128,1,0.0078,4.0,64,0,2048,8192,2096,1336.143,4972.554,1575.318,0.0658
mixed,128,1,0.0078,4.0,64,0,8192,32768,8384,5028.268,19452.471,6090.576,0.0736
mixed,128,1,0.0078,4.0,64,512,128,512,131,199.335,429.423,198.469,-0.0038
mixed,128,1,0.0078,4.0,64,512,512,2048,524,432.046,1330.574,452.079,0.0223
mixed,128,1,0.0078,4.0,64,512,2048,8192,2096,1337.709,4977.64,1570.42,0.0639
mixed,128,1,0.0078,4.0,64,512,8192,32768,8384,5028.298,19426.06,6075.723,0.0727
mixed,128,1,0.0078,4.0,64,2048,128,512,131,373.068,454.863,371.788,-0.0156
mixed,128,1,0.0078,4.0,64,2048,512,2048,524,455.246,1337.9,454.575,-0.0008
mixed,128,1,0.0078,4.0,64,2048,2048,8192,2096,1339.853,4969.831,1576.085,0.0651
mixed,128,1,0.0078,4.0,64,2048,8192,32768,8384,5031.687,19459.043,6078.665,0.0726
mixed,128,1,0.0078,4.0,64,8192,128,512,131,1213.002,1294.347,1216.103,0.0381
mixed,128,1,0.0078,4.0,64,8192,512,2048,524,1301.322,1584.246,1300.331,-0.0035
mixed,128,1,0.0078,4.0,64,8192,2048,8192,2096,1587.379,5001.476,1584.851,-0.0007
mixed,128,1,0.0078,4.0,64,8192,8192,32768,8384,5035.269,19444.189,6086.438,0.073
mixed,128,1,0.0078,4.0,64,20480,128,512,131,2934.559,2989.153,2937.12,0.0469
mixed,128,1,0.0078,4.0,64,20480,512,2048,524,2988.961,3261.386,2985.378,-0.0132
mixed,128,1,0.0078,4.0,64,20480,2048,8192,2096,3278.923,4998.114,3270.409,-0.005
mixed,128,1,0.0078,4.0,64,20480,8192,32768,8384,5050.498,19457.172,6095.716,0.0726
mixed,128,1,0.0078,4.0,256,0,128,512,131,229.16,450.543,228.712,-0.002
mixed,128,1,0.0078,4.0,256,0,512,2048,524,453.295,1349.164,483.887,0.0341
mixed,128,1,0.0078,4.0,256,0,2048,8192,2096,1357.356,4960.862,1596.785,0.0664
mixed,128,1,0.0078,4.0,256,0,8192,32768,8384,5037.922,19397.002,6086.946,0.0731
mixed,128,1,0.0078,4.0,256,512,128,512,131,242.888,458.351,242.952,0.0003
mixed,128,1,0.0078,4.0,256,512,512,2048,524,459.022,1346.923,534.001,0.0844
mixed,128,1,0.0078,4.0,256,512,2048,8192,2096,1354.798,4954.013,1665.043,0.0862
mixed,128,1,0.0078,4.0,256,512,8192,32768,8384,5036.957,19406.723,6160.897,0.0782
mixed,128,1,0.0078,4.0,256,2048,128,512,131,435.022,548.241,434.7,-0.0028
mixed,128,1,0.0078,4.0,256,2048,512,2048,524,549.265,1351.915,549.586,0.0004
mixed,128,1,0.0078,4.0,256,2048,2048,8192,2096,1360.202,4957.593,1862.683,0.1397
mixed,128,1,0.0078,4.0,256,2048,8192,32768,8384,5040.221,19387.291,6382.15,0.0935
mixed,128,1,0.0078,4.0,256,8192,128,512,131,1278.952,1392.395,1280.327,0.0121
mixed,128,1,0.0078,4.0,256,8192,512,2048,524,1392.042,1862.809,1392.843,0.0017
mixed,128,1,0.0078,4.0,256,8192,2048,8192,2096,1867.867,4959.097,1859.801,-0.0026
mixed,128,1,0.0078,4.0,256,8192,8192,32768,8384,5041.531,19383.539,7212.799,0.1514
mixed,128,1,0.0078,4.0,256,20480,128,512,131,2969.339,3080.351,2967.516,-0.0164
mixed,128,1,0.0078,4.0,256,20480,512,2048,524,3082.845,3556.332,3083.583,0.0016
mixed,128,1,0.0078,4.0,256,20480,2048,8192,2096,3564.845,5508.903,3560.428,-0.0023
mixed,128,1,0.0078,4.0,256,20480,8192,32768,8384,5544.393,19396.524,7197.338,0.1193
mixed,128,1,0.0078,4.0,1024,0,128,512,131,350.602,581.619,350.667,0.0003
mixed,128,1,0.0078,4.0,1024,0,512,2048,524,585.811,1465.133,589.01,0.0036
mixed,128,1,0.0078,4.0,1024,0,2048,8192,2096,1476.075,5071.864,1843.16,0.1021
mixed,128,1,0.0078,4.0,1024,0,8192,32768,8384,5162.013,19484.872,6318.237,0.0807
mixed,128,1,0.0078,4.0,1024,512,128,512,131,398.99,613.682,398.285,-0.0033
mixed,128,1,0.0078,4.0,1024,512,512,2048,524,617.044,1529.069,619.252,0.0024
mixed,128,1,0.0078,4.0,1024,512,2048,8192,2096,1535.372,5101.945,1870.486,0.094
mixed,128,1,0.0078,4.0,1024,512,8192,32768,8384,5179.193,19567.365,6501.953,0.0919
mixed,128,1,0.0078,4.0,1024,2048,128,512,131,616.628,721.493,615.378,-0.0119
mixed,128,1,0.0078,4.0,1024,2048,512,2048,524,723.571,1703.698,726.357,0.0028
mixed,128,1,0.0078,4.0,1024,2048,2048,8192,2096,1711.603,5126.775,1891.254,0.0526
mixed,128,1,0.0078,4.0,1024,2048,8192,32768,8384,5207.833,19615.391,7120.337,0.1327
mixed,128,1,0.0078,4.0,1024,8192,128,512,131,1460.203,1566.574,1459.307,-0.0084
mixed,128,1,0.0078,4.0,1024,8192,512,2048,524,1570.254,2015.321,1569.9,-0.0008
mixed,128,1,0.0078,4.0,1024,8192,2048,8192,2096,2024.764,6141.522,2033.851,0.0022
mixed,128,1,0.0078,4.0,1024,8192,8192,32768,8384,6228.021,19525.176,7194.898,0.0727
mixed,128,1,0.0078,4.0,1024,20480,128,512,131,3151.87,3252.799,3147.805,-0.0403
mixed,128,1,0.0078,4.0,1024,20480,512,2048,524,3262.558,3700.844,3258.685,-0.0088
mixed,128,1,0.0078,4.0,1024,20480,2048,8192,2096,3704.524,6607.743,3699.307,-0.0018
mixed,128,1,0.0078,4.0,1024,20480,8192,32768,8384,6665.314,22236.16,7161.168,0.0318
mixed,128,1,0.0078,4.0,4096,0,128,512,131,1189.603,1411.529,1188.098,-0.0068
mixed,128,1,0.0078,4.0,4096,0,512,2048,524,1413.418,2356.675,1418.312,0.0052
mixed,128,1,0.0078,4.0,4096,0,2048,8192,2096,2361.315,5931.563,2377.666,0.0046
mixed,128,1,0.0078,4.0,4096,0,8192,32768,8384,6006.699,20157.374,7583.834,0.1115
mixed,128,1,0.0078,4.0,4096,512,128,512,131,1324.199,1542.891,1329.32,0.0234
mixed,128,1,0.0078,4.0,4096,512,512,2048,524,1545.005,2483.047,1549.772,0.0051
mixed,128,1,0.0078,4.0,4096,512,2048,8192,2096,2487.88,6087.534,2505.799,0.005
mixed,128,1,0.0078,4.0,4096,512,8192,32768,8384,6169.134,20225.148,7690.682,0.1082
mixed,128,1,0.0078,4.0,4096,2048,128,512,131,1739.409,1936.151,1740.434,0.0052
mixed,128,1,0.0078,4.0,4096,2048,512,2048,524,1939.414,2869.81,1942.743,0.0036
mixed,128,1,0.0078,4.0,4096,2048,2048,8192,2096,2875.76,6567.416,2897.616,0.0059
mixed,128,1,0.0078,4.0,4096,2048,8192,32768,8384,6648.088,20534.496,7972.449,0.0954
mixed,128,1,0.0078,4.0,4096,8192,128,512,131,3381.503,3506.818,3381.44,-0.0005
mixed,128,1,0.0078,4.0,4096,8192,512,2048,524,3515.62,4445.181,3514.401,-0.0013
mixed,128,1,0.0078,4.0,4096,8192,2048,8192,2096,4450.236,8178.47,4471.26,0.0056
mixed,128,1,0.0078,4.0,4096,8192,8192,32768,8384,8259.559,22577.303,8938.904,0.0474
mixed,128,1,0.0078,4.0,4096,20480,128,512,131,6737.34,6779.805,6740.06,0.0641
mixed,128,1,0.0078,4.0,4096,20480,512,2048,524,6750.909,7612.915,6764.731,0.016
mixed,128,1,0.0078,4.0,4096,20480,2048,8192,2096,7617.874,11415.007,7635.571,0.0047
mixed,128,1,0.0078,4.0,4096,20480,8192,32768,8384,11497.183,26054.415,11483.709,-0.0009
mixed,128,1,0.0078,4.0,16384,0,128,512,131,10641.733,10773.865,10633.605,-0.0615
mixed,128,1,0.0078,4.0,16384,0,512,2048,524,10775.849,11566.014,10768.809,-0.0089
mixed,128,1,0.0078,4.0,16384,0,2048,8192,2096,11570.109,15336.838,11590.59,0.0054
mixed,128,1,0.0078,4.0,16384,0,8192,32768,8384,15430.824,29674.221,15426.856,-0.0003
mixed,128,1,0.0078,4.0,16384,512,128,512,131,11181.49,11305.462,11176.112,-0.0434
mixed,128,1,0.0078,4.0,16384,512,512,2048,524,11305.976,12094.187,11318.838,0.0163
mixed,128,1,0.0078,4.0,16384,512,2048,8192,2096,12098.827,15872.752,12120.683,0.0058
mixed,128,1,0.0078,4.0,16384,512,8192,32768,8384,15952.594,30161.237,15956.914,0.0003
mixed,128,1,0.0078,4.0,16384,2048,128,512,131,12793.499,12929.825,12799.034,0.0406
mixed,128,1,0.0078,4.0,16384,2048,512,2048,524,12942.304,13669.781,12935.809,-0.0089
mixed,128,1,0.0078,4.0,16384,2048,2048,8192,2096,13677.234,17443.511,13699.412,0.0059
mixed,128,1,0.0078,4.0,16384,2048,8192,32768,8384,17535.356,31849.595,17539.355,0.0003
mixed,128,1,0.0078,4.0,16384,8192,128,512,131,19477.868,19433.964,19445.293,
mixed,128,1,0.0078,4.0,16384,8192,512,2048,524,19437.899,19969.05,19438.703,0.0015
mixed,128,1,0.0078,4.0,16384,8192,2048,8192,2096,19967.672,23770.656,19991.323,0.0062
mixed,128,1,0.0078,4.0,16384,8192,8192,32768,8384,23853.376,38437.573,23865.855,0.0009
mixed,128,1,0.0078,4.0,16384,20480,128,512,131,32829.427,32832.307,32821.773,-2.6576
mixed,128,1,0.0078,4.0,16384,20480,512,2048,524,32803.216,33003.89,32866.159,0.3137
mixed,128,1,0.0078,4.0,16384,20480,2048,8192,2096,33008.339,36413.614,33005.879,-0.0007
mixed,128,1,0.0078,4.0,16384,20480,8192,32768,8384,36499.058,51870.887,36519.693,0.0013
mixed,128,1,0.0078,4.0,32768,0,128,512,131,38073.01,33214.422,38094.807,
mixed,128,1,0.0078,4.0,32768,0,512,2048,524,38214.971,38620.739,38191.032,-0.059
mixed,128,1,0.0078,4.0,32768,0,2048,8192,2096,38624.037,42448.171,38645.537,0.0056
mixed,128,1,0.0078,4.0,32768,0,8192,32768,8384,42537.128,57471.857,42551.946,0.001
mixed,128,1,0.0078,4.0,32768,512,128,512,131,39157.744,39284.626,39158.861,0.0088
mixed,128,1,0.0078,4.0,32768,512,512,2048,524,34165.835,39672.281,39295.569,0.9316
mixed,128,1,0.0078,4.0,32768,512,2048,8192,2096,39676.634,43502.109,39693.877,0.0045
mixed,128,1,0.0078,4.0,32768,512,8192,32768,8384,43588.861,58548.327,43611.229,0.0015
mixed,128,1,0.0078,4.0,32768,2048,128,512,131,42357.658,42465.437,37510.716,-44.9711
mixed,128,1,0.0078,4.0,32768,2048,512,2048,524,42485.888,42902.341,42509.121,0.0558
mixed,128,1,0.0078,4.0,32768,2048,2048,8192,2096,37283.026,44757.014,42894.85,0.7508
mixed,128,1,0.0078,4.0,32768,2048,8192,32768,8384,46751.56,61736.116,46763.4,0.0008
pure,128,2,0.0156,4.0,0,0,128,512,134,111.685,228.997,121.794,0.0862
pure,128,2,0.0156,4.0,0,0,512,2048,536,230.277,679.856,350.058,0.2664
pure,128,2,0.0156,4.0,0,0,2048,8192,2144,693.618,2485.92,1232.32,0.3006
pure,128,2,0.0156,4.0,0,0,8192,32768,8576,2600.261,9698.266,4772.063,0.306
mixed,128,2,0.0156,4.0,16,0,128,512,134,194.213,424.619,192.998,-0.0053
mixed,128,2,0.0156,4.0,16,0,512,2048,536,428.171,1329.507,451.116,0.0255
mixed,128,2,0.0156,4.0,16,0,2048,8192,2144,1348.835,4968.289,1575.37,0.0626
mixed,128,2,0.0156,4.0,16,0,8192,32768,8576,5184.774,19414.549,6082.911,0.0631
mixed,128,2,0.0156,4.0,16,512,128,512,134,199.91,426.347,197.603,-0.0102
mixed,128,2,0.0156,4.0,16,512,512,2048,536,431.691,1325.634,454.347,0.0253
mixed,128,2,0.0156,4.0,16,512,2048,8192,2144,1344.002,4976.352,1585.321,0.0664
mixed,128,2,0.0156,4.0,16,512,8192,32768,8576,5187.591,19447.892,6119.998,0.0654
mixed,128,2,0.0156,4.0,16,2048,128,512,134,371.881,451.883,372.553,0.0084
mixed,128,2,0.0156,4.0,16,2048,512,2048,536,455.917,1338.339,456.524,0.0007
mixed,128,2,0.0156,4.0,16,2048,2048,8192,2144,1349.986,4975.905,1586.791,0.0653
mixed,128,2,0.0156,4.0,16,2048,8192,32768,8576,5197.285,19448.241,6098.268,0.0632
mixed,128,2,0.0156,4.0,16,8192,128,512,134,1214.974,1293.44,1212.862,-0.0269
mixed,128,2,0.0156,4.0,16,8192,512,2048,536,1297.697,1579.88,1297.474,-0.0008
mixed,128,2,0.0156,4.0,16,8192,2048,8192,2144,1586.281,5008.575,1589.897,0.0011
mixed,128,2,0.0156,4.0,16,8192,8192,32768,8576,5198.532,19420.718,6116.092,0.0645
mixed,128,2,0.0156,4.0,16,20480,128,512,134,2930.762,2985.613,2930.763,0.0
mixed,128,2,0.0156,4.0,16,20480,512,2048,536,2989.068,3264.241,2990.956,0.0069
mixed,128,2,0.0156,4.0,16,20480,2048,8192,2144,3273.522,4992.99,3276.692,0.0018
mixed,128,2,0.0156,4.0,16,20480,8192,32768,8576,5216.453,19435.915,6140.445,0.065
mixed,128,2,0.0156,4.0,64,0,128,512,134,194.726,425.292,193.062,-0.0072
mixed,128,2,0.0156,4.0,64,0,512,2048,536,429.769,1335.394,451.434,0.0239
mixed,128,2,0.0156,4.0,64,0,2048,8192,2144,1346.466,4972.188,1578.599,0.064
mixed,128,2,0.0156,4.0,64,0,8192,32768,8576,5185.345,19408.714,6112.025,0.0652
mixed,128,2,0.0156,4.0,64,512,128,512,134,200.549,427.083,201.924,0.0061
mixed,128,2,0.0156,4.0,64,512,512,2048,536,432.14,1334.337,454.154,0.0244
mixed,128,2,0.0156,4.0,64,512,2048,8192,2144,1349.379,4982.3,1579.528,0.0634
mixed,128,2,0.0156,4.0,64,512,8192,32768,8576,5193.538,19444.102,6098.139,0.0635
mixed,128,2,0.0156,4.0,64,2048,128,512,134,376.393,454.41,371.337,-0.0648
mixed,128,2,0.0156,4.0,64,2048,512,2048,536,457.356,1337.953,458.57,0.0014
mixed,128,2,0.0156,4.0,64,2048,2048,8192,2144,1348.673,4971.93,1584.391,0.0651
mixed,128,2,0.0156,4.0,64,2048,8192,32768,8576,5191.521,19520.357,6101.753,0.0635
mixed,128,2,0.0156,4.0,64,8192,128,512,134,1216.702,1298.56,1215.293,-0.0172
mixed,128,2,0.0156,4.0,64,8192,512,2048,536,1300.576,1582.503,1300.387,-0.0007
mixed,128,2,0.0156,4.0,64,8192,2048,8192,2144,1590.504,4993.052,1590.954,0.0001
mixed,128,2,0.0156,4.0,64,8192,8192,32768,8576,5207.715,19468.931,6114.006,0.0635
mixed,128,2,0.0156,4.0,64,20480,128,512,134,2933.097,2986.09,2932.904,-0.0036
mixed,128,2,0.0156,4.0,64,20480,512,2048,536,2992.587,3272.402,2982.282,-0.0368
mixed,128,2,0.0156,4.0,64,20480,2048,8192,2144,3274.479,4988.187,3281.905,0.0043
mixed,128,2,0.0156,4.0,64,20480,8192,32768,8576,5192.834,19427.105,6117.976,0.065
mixed,128,2,0.0156,4.0,256,0,128,512,134,230.309,449.804,232.198,0.0086
mixed,128,2,0.0156,4.0,256,0,512,2048,536,454.154,1347.969,504.204,0.056
mixed,128,2,0.0156,4.0,256,0,2048,8192,2144,1362.051,4964.795,1622.792,0.0724
mixed,128,2,0.0156,4.0,256,0,8192,32768,8576,5190.142,19392.061,6111.543,0.0649
mixed,128,2,0.0156,4.0,256,512,128,512,134,243.559,456.652,245.159,0.0075
mixed,128,2,0.0156,4.0,256,512,512,2048,536,460.46,1345.76,539.278,0.089
mixed,128,2,0.0156,4.0,256,512,2048,8192,2144,1363.105,4956.763,1681.034,0.0885
mixed,128,2,0.0156,4.0,256,512,8192,32768,8576,5186.112,19471.423,6177.687,0.0694
mixed,128,2,0.0156,4.0,256,2048,128,512,134,436.267,548.367,435.85,-0.0037
mixed,128,2,0.0156,4.0,256,2048,512,2048,536,550.285,1350.944,550.348,0.0001
mixed,128,2,0.0156,4.0,256,2048,2048,8192,2144,1366.337,4959.289,1873.358,0.1411
mixed,128,2,0.0156,4.0,256,2048,8192,32768,8576,5182.815,19409.85,6403.037,0.0858
mixed,128,2,0.0156,4.0,256,8192,128,512,134,1276.418,1393.666,1280.416,0.0341
mixed,128,2,0.0156,4.0,256,8192,512,2048,536,1392.26,1863.405,1395.108,0.006
mixed,128,2,0.0156,4.0,256,8192,2048,8192,2144,1870.477,4964.954,1864.941,-0.0018
mixed,128,2,0.0156,4.0,256,8192,8192,32768,8576,5187.742,19424.282,7226.352,0.1432
mixed,128,2,0.0156,4.0,256,20480,128,512,134,2972.904,3083.053,2967.752,-0.0468
mixed,128,2,0.0156,4.0,256,20480,512,2048,536,3083.434,3556.887,3079.147,-0.0091
mixed,128,2,0.0156,4.0,256,20480,2048,8192,2144,3560.31,5508.933,3565.015,0.0024
mixed,128,2,0.0156,4.0,256,20480,8192,32768,8576,5625.445,19397.84,7213.259,0.1153
mixed,128,2,0.0156,4.0,1024,0,128,512,134,351.593,582.383,352.137,0.0024
mixed,128,2,0.0156,4.0,1024,0,512,2048,536,585.742,1463.268,594.126,0.0096
mixed,128,2,0.0156,4.0,1024,0,2048,8192,2144,1480.803,5074.264,1874.604,0.1096
mixed,128,2,0.0156,4.0,1024,0,8192,32768,8576,5303.808,19602.898,6432.952,0.079
mixed,128,2,0.0156,4.0,1024,512,128,512,134,397.641,611.95,398.601,0.0045
mixed,128,2,0.0156,4.0,1024,512,512,2048,536,618.064,1530.629,626.575,0.0093
mixed,128,2,0.0156,4.0,1024,512,2048,8192,2144,1538.758,5105.273,1883.757,0.0967
mixed,128,2,0.0156,4.0,1024,512,8192,32768,8576,5344.895,19539.087,6614.396,0.0894
mixed,128,2,0.0156,4.0,1024,2048,128,512,134,616.303,722.065,615.438,-0.0082
mixed,128,2,0.0156,4.0,1024,2048,512,2048,536,723.601,1701.674,729.905,0.0064
mixed,128,2,0.0156,4.0,1024,2048,2048,8192,2144,1716.363,5143.257,1901.932,0.0542
mixed,128,2,0.0156,4.0,1024,2048,8192,32768,8576,5359.742,19637.906,7204.266,0.1292
mixed,128,2,0.0156,4.0,1024,8192,128,512,134,1459.458,1566.244,1460.449,0.0093
mixed,128,2,0.0156,4.0,1024,8192,512,2048,536,1570.215,2017.872,1575.845,0.0126
mixed,128,2,0.0156,4.0,1024,8192,2048,8192,2144,2031.697,6136.912,2053.168,0.0052
mixed,128,2,0.0156,4.0,1024,8192,8192,32768,8576,6385.335,19524.365,7204.714,0.0624
mixed,128,2,0.0156,4.0,1024,20480,128,512,134,3152.876,3254.669,3154.954,0.0204
mixed,128,2,0.0156,4.0,1024,20480,512,2048,536,3261.262,3698.902,3264.142,0.0066
mixed,128,2,0.0156,4.0,1024,20480,2048,8192,2144,3706.712,6604.827,3708.088,0.0005
mixed,128,2,0.0156,4.0,1024,20480,8192,32768,8576,6768.255,22270.671,7190.41,0.0272
mixed,128,2,0.0156,4.0,4096,0,128,512,134,1191.261,1411.812,1191.997,0.0033
mixed,128,2,0.0156,4.0,4096,0,512,2048,536,1413.376,2356.153,1424.032,0.0113
mixed,128,2,0.0156,4.0,4096,0,2048,8192,2144,2364.537,5928.299,2416.666,0.0146
mixed,128,2,0.0156,4.0,4096,0,8192,32768,8576,6143.056,20113.786,7662.42,0.1088
mixed,128,2,0.0156,4.0,4096,512,128,512,134,1322.463,1544.132,1323.934,0.0066
mixed,128,2,0.0156,4.0,4096,512,512,2048,536,1545.605,2482.651,1556.452,0.0116
mixed,128,2,0.0156,4.0,4096,512,2048,8192,2144,2488.922,6084.208,2530.972,0.0117
mixed,128,2,0.0156,4.0,4096,512,8192,32768,8576,6306.612,20217.021,7771.671,0.1053
mixed,128,2,0.0156,4.0,4096,2048,128,512,134,1739.147,1936.976,1737.546,-0.0081
mixed,128,2,0.0156,4.0,4096,2048,512,2048,536,1938.926,2870.084,1949.326,0.0112
mixed,128,2,0.0156,4.0,4096,2048,2048,8192,2144,2879.492,6572.282,2922.566,0.0117
mixed,128,2,0.0156,4.0,4096,2048,8192,32768,8576,6784.064,20445.057,8061.501,0.0935
mixed,128,2,0.0156,4.0,4096,8192,128,512,134,3381.104,3507.859,3383.216,0.0167
mixed,128,2,0.0156,4.0,4096,8192,512,2048,536,3510.098,4445.002,3533.397,0.0249
mixed,128,2,0.0156,4.0,4096,8192,2048,8192,2144,4453.129,8170.046,4497.511,0.0119
mixed,128,2,0.0156,4.0,4096,8192,8192,32768,8576,8410.148,22663.284,9005.941,0.0418
mixed,128,2,0.0156,4.0,4096,20480,128,512,134,6740.543,6774.59,6744.989,0.1306
mixed,128,2,0.0156,4.0,4096,20480,512,2048,536,6755.133,7612.659,6782.464,0.0319
mixed,128,2,0.0156,4.0,4096,20480,2048,8192,2144,7618.738,11403.084,7665.235,0.0123
mixed,128,2,0.0156,4.0,4096,20480,8192,32768,8576,11636.015,26026.306,11555.792,-0.0056
mixed,128,2,0.0156,4.0,16384,0,128,512,134,10631.13,10758.332,10641.018,0.0777
mixed,128,2,0.0156,4.0,16384,0,512,2048,536,10768.891,11564.911,10781.053,0.0153
mixed,128,2,0.0156,4.0,16384,0,2048,8192,2144,11573.011,15344.328,11613.71,0.0108
mixed,128,2,0.0156,4.0,16384,0,8192,32768,8576,15575.919,29646.582,15562.575,-0.0009
mixed,128,2,0.0156,4.0,16384,512,128,512,134,11179.113,11315.528,11160.68,-0.1351
mixed,128,2,0.0156,4.0,16384,512,512,2048,536,11319.241,12093.372,11302.218,-0.022
mixed,128,2,0.0156,4.0,16384,512,2048,8192,2144,12100.699,15867.922,12144.637,0.0117
mixed,128,2,0.0156,4.0,16384,512,8192,32768,8576,16105.721,30233.187,16049.496,-0.004
mixed,128,2,0.0156,4.0,16384,2048,128,512,134,12782.603,12945.453,12796.622,0.0861
mixed,128,2,0.0156,4.0,16384,2048,512,2048,536,12951.791,13669.535,12929.903,-0.0305
mixed,128,2,0.0156,4.0,16384,2048,2048,8192,2144,13674.56,17447.224,13720.996,0.0123
mixed,128,2,0.0156,4.0,16384,2048,8192,32768,8576,17681.277,31844.296,17638.076,-0.0031
mixed,128,2,0.0156,4.0,16384,8192,128,512,134,19475.624,19438.949,19458.376,
mixed,128,2,0.0156,4.0,16384,8192,512,2048,536,19451.975,19966.291,19441.16,-0.021
mixed,128,2,0.0156,4.0,16384,8192,2048,8192,2144,19971.6,23777.261,20017.01,0.0119
mixed,128,2,0.0156,4.0,16384,8192,8192,32768,8576,24004.975,38405.569,23970.032,-0.0024
mixed,128,2,0.0156,4.0,16384,20480,128,512,134,32915.52,32872.415,32857.024,
mixed,128,2,0.0156,4.0,16384,20480,512,2048,536,32820.287,32998.051,32807.839,-0.07
mixed,128,2,0.0156,4.0,16384,20480,2048,8192,2144,32985.955,36414.579,33047.203,0.0179
mixed,128,2,0.0156,4.0,16384,20480,8192,32768,8576,36656.152,51820.794,36617.718,-0.0025
mixed,128,2,0.0156,4.0,32768,0,128,512,134,38078.073,38231.964,38077.532,-0.0035
mixed,128,2,0.0156,4.0,32768,0,512,2048,536,38219.896,38618.722,38201.016,-0.0473
mixed,128,2,0.0156,4.0,32768,0,2048,8192,2144,37337.353,36912.03,38669.861,
mixed,128,2,0.0156,4.0,32768,0,8192,32768,8576,41260.64,57470.461,42650.694,0.0858
mixed,128,2,0.0156,4.0,32768,512,128,512,134,39150.612,39264.981,39161.938,0.099
mixed,128,2,0.0156,4.0,32768,512,512,2048,536,39260.305,39670.946,35952.548,-8.0551
mixed,128,2,0.0156,4.0,32768,512,2048,8192,2144,39688.122,43497.398,39732.928,0.0118
mixed,128,2,0.0156,4.0,32768,512,8192,32768,8576,43742.334,58542.135,43706.43,-0.0024
mixed,128,2,0.0156,4.0,32768,2048,128,512,134,42387.009,42766.881,42417.727,0.0809
mixed,128,2,0.0156,4.0,32768,2048,512,2048,536,36930.912,37263.14,42504.54,16.7765
mixed,128,2,0.0156,4.0,32768,2048,2048,8192,2144,42901.357,46666.239,42912.008,0.0028
mixed,128,2,0.0156,4.0,32768,2048,8192,32768,8576,46896.035,61748.19,46875.588,-0.0014
pure,128,3,0.0234,4.0,0,0,128,512,137,111.042,229.733,121.795,0.0906
pure,128,3,0.0234,4.0,0,0,512,2048,548,230.308,682.385,350.759,0.2664
pure,128,3,0.0234,4.0,0,0,2048,8192,2192,718.737,2482.521,1238.046,0.2944
pure,128,3,0.0234,4.0,0,0,8192,32768,8768,2653.213,9708.129,4777.806,0.3012
mixed,128,3,0.0234,4.0,16,0,128,512,137,194.917,424.106,193.349,-0.0068
mixed,128,3,0.0234,4.0,16,0,512,2048,548,428.395,1331.166,453.771,0.0281
mixed,128,3,0.0234,4.0,16,0,2048,8192,2192,1409.249,4977.33,1582.852,0.0487
mixed,128,3,0.0234,4.0,16,0,8192,32768,8768,5257.307,19420.483,6112.141,0.0604
mixed,128,3,0.0234,4.0,16,512,128,512,137,199.045,426.026,205.958,0.0305
mixed,128,3,0.0234,4.0,16,512,512,2048,548,432.553,1328.926,452.681,0.0225
mixed,128,3,0.0234,4.0,16,512,2048,8192,2192,1415.425,4960.434,1586.02,0.0481
mixed,128,3,0.0234,4.0,16,512,8192,32768,8768,5262.393,19484.29,6101.774,0.059
mixed,128,3,0.0234,4.0,16,2048,128,512,137,370.346,450.572,371.337,0.0124
mixed,128,3,0.0234,4.0,16,2048,512,2048,548,455.465,1339.713,540.46,0.0961
mixed,128,3,0.0234,4.0,16,2048,2048,8192,2192,1410.305,4964.148,1598.886,0.0531
mixed,128,3,0.0234,4.0,16,2048,8192,32768,8768,5271.739,19428.161,6123.532,0.0602
mixed,128,3,0.0234,4.0,16,8192,128,512,137,1218.941,1296.192,1217.244,-0.022
mixed,128,3,0.0234,4.0,16,8192,512,2048,548,1300.126,1575.014,1299.295,-0.003
mixed,128,3,0.0234,4.0,16,8192,2048,8192,2192,1606.725,5001.748,1890.221,0.0835
mixed,128,3,0.0234,4.0,16,8192,8192,32768,8768,5261.562,19426.689,6147.311,0.0625
mixed,128,3,0.0234,4.0,16,20480,128,512,137,2935.621,2986.309,2934.437,-0.0234
mixed,128,3,0.0234,4.0,16,20480,512,2048,548,2991.559,3264.237,2986.054,-0.0202
mixed,128,3,0.0234,4.0,16,20480,2048,8192,2192,3303.404,5004.244,3278.123,-0.0149
mixed,128,3,0.0234,4.0,16,20480,8192,32768,8768,5289.274,19484.866,7268.424,0.1394
mixed,128,3,0.0234,4.0,64,0,128,512,137,196.069,425.611,194.213,-0.0081
mixed,128,3,0.0234,4.0,64,0,512,2048,548,429.451,1332.222,456.811,0.0303
mixed,128,3,0.0234,4.0,64,0,2048,8192,2192,1408.833,4980.083,1593.637,0.0517
mixed,128,3,0.0234,4.0,64,0,8192,32768,8768,5265.178,19411.166,6123.213,0.0607
mixed,128,3,0.0234,4.0,64,512,128,512,137,200.709,428.458,207.557,0.0301
mixed,128,3,0.0234,4.0,64,512,512,2048,548,432.906,1330.943,457.386,0.0273
mixed,128,3,0.0234,4.0,64,512,2048,8192,2192,1410.752,4961.299,1584.516,0.0489
mixed,128,3,0.0234,4.0,64,512,8192,32768,8768,5269.404,19464.29,6127.149,0.0604
mixed,128,3,0.0234,4.0,64,2048,128,512,137,371.849,457.195,371.528,-0.0038
mixed,128,3,0.0234,4.0,64,2048,512,2048,548,456.747,1333.504,542.125,0.0974
mixed,128,3,0.0234,4.0,64,2048,2048,8192,2192,1409.441,4967.25,1594.022,0.0519
mixed,128,3,0.0234,4.0,64,2048,8192,32768,8768,5260.154,19447.361,6117.677,0.0604
mixed,128,3,0.0234,4.0,64,8192,128,512,137,1216.093,1299.934,1214.236,-0.0221
mixed,128,3,0.0234,4.0,64,8192,512,2048,548,1303.295,1584.739,1299.838,-0.0123
mixed,128,3,0.0234,4.0,64,8192,2048,8192,2192,1605.127,4999.058,1886.668,0.083
mixed,128,3,0.0234,4.0,64,8192,8192,32768,8768,5276.537,19434.431,6145.518,0.0614
mixed,128,3,0.0234,4.0,64,20480,128,512,137,2936.485,2986.502,2936.931,0.0089
mixed,128,3,0.0234,4.0,64,20480,512,2048,548,2991.075,3266.796,2990.085,-0.0036
mixed,128,3,0.0234,4.0,64,20480,2048,8192,2192,3307.148,4981.363,3282.891,-0.0145
mixed,128,3,0.0234,4.0,64,20480,8192,32768,8768,5287.481,19458.656,7275.656,0.1403
mixed,128,3,0.0234,4.0,256,0,128,512,137,229.636,450.188,234.278,0.021
mixed,128,3,0.0234,4.0,256,0,512,2048,548,454.953,1346.626,516.236,0.0687
mixed,128,3,0.0234,4.0,256,0,2048,8192,2192,1428.897,4962.578,1640.934,0.06
mixed,128,3,0.0234,4.0,256,0,8192,32768,8768,5269.018,19395.294,6142.893,0.0619
mixed,128,3,0.0234,4.0,256,512,128,512,137,243.687,455.883,247.399,0.0175
mixed,128,3,0.0234,4.0,256,512,512,2048,548,461.45,1347.073,541.228,0.0901
mixed,128,3,0.0234,4.0,256,512,2048,8192,2192,1430.209,4963.796,1771.657,0.0966
mixed,128,3,0.0234,4.0,256,512,8192,32768,8768,5265.85,19384.766,6275.76,0.0715
mixed,128,3,0.0234,4.0,256,2048,128,512,137,435.273,547.532,436.713,0.0128
mixed,128,3,0.0234,4.0,256,2048,512,2048,548,551.724,1351.743,550.604,-0.0014
mixed,128,3,0.0234,4.0,256,2048,2048,8192,2192,1429.505,4966.322,1874.347,0.1258
mixed,128,3,0.0234,4.0,256,2048,8192,32768,8768,5266.393,19465.47,6696.667,0.1007
mixed,128,3,0.0234,4.0,256,8192,128,512,137,1281.086,1394.849,1280.958,-0.0011
mixed,128,3,0.0234,4.0,256,8192,512,2048,548,1396.033,1861.738,1396.704,0.0014
mixed,128,3,0.0234,4.0,256,8192,2048,8192,2192,1909.868,4963.793,1870.058,-0.013
mixed,128,3,0.0234,4.0,256,8192,8192,32768,8768,5264.25,19448.029,7220.133,0.1379
mixed,128,3,0.0234,4.0,256,20480,128,512,137,2968.997,3079.973,2971.267,0.0205
mixed,128,3,0.0234,4.0,256,20480,512,2048,548,3082.919,3551.825,3082.983,0.0001
mixed,128,3,0.0234,4.0,256,20480,2048,8192,2192,3602.805,5497.246,3561.106,-0.022
mixed,128,3,0.0234,4.0,256,20480,8192,32768,8768,5669.41,19450.813,7222.245,0.1127
mixed,128,3,0.0234,4.0,1024,0,128,512,137,351.816,583.853,353.77,0.0084
mixed,128,3,0.0234,4.0,1024,0,512,2048,548,586.799,1465.153,600.976,0.0161
mixed,128,3,0.0234,4.0,1024,0,2048,8192,2192,1544.803,5083.093,1881.9,0.0953
mixed,128,3,0.0234,4.0,1024,0,8192,32768,8768,5379.067,19481.407,6518.742,0.0808
mixed,128,3,0.0234,4.0,1024,512,128,512,137,399.402,613.806,399.688,0.0013
mixed,128,3,0.0234,4.0,1024,512,512,2048,548,618.222,1525.314,634.732,0.0182
mixed,128,3,0.0234,4.0,1024,512,2048,8192,2192,1608.582,5100.724,1889.357,0.0804
mixed,128,3,0.0234,4.0,1024,512,8192,32768,8768,5413.243,19665.891,6770.525,0.0952
mixed,128,3,0.0234,4.0,1024,2048,128,512,137,616.751,722.097,617.262,0.0049
mixed,128,3,0.0234,4.0,1024,2048,512,2048,548,724.625,1703.913,742.193,0.0179
mixed,128,3,0.0234,4.0,1024,2048,2048,8192,2192,1793.577,5130.647,1908.363,0.0344
mixed,128,3,0.0234,4.0,1024,2048,8192,32768,8768,5432.988,19606.882,7239.301,0.1274
mixed,128,3,0.0234,4.0,1024,8192,128,512,137,1460.962,1565.381,1459.299,-0.0159
mixed,128,3,0.0234,4.0,1024,8192,512,2048,548,1568.995,2019.79,1586.373,0.0385
mixed,128,3,0.0234,4.0,1024,8192,2048,8192,2192,2132.016,6138.539,2079.791,-0.013
mixed,128,3,0.0234,4.0,1024,8192,8192,32768,8768,6462.709,19534.943,7201.124,0.0565
mixed,128,3,0.0234,4.0,1024,20480,128,512,137,3153.32,3256.364,3148.904,-0.0429
mixed,128,3,0.0234,4.0,1024,20480,512,2048,548,3256.812,3699.828,3279.211,0.0506
mixed,128,3,0.0234,4.0,1024,20480,2048,8192,2192,3737.397,6608.727,3718.871,-0.0065
mixed,128,3,0.0234,4.0,1024,20480,8192,32768,8768,6829.789,22306.271,7229.831,0.0258
mixed,128,3,0.0234,4.0,4096,0,128,512,137,1188.89,1410.816,1190.426,0.0069
mixed,128,3,0.0234,4.0,4096,0,512,2048,548,1415.359,2356.76,1430.464,0.016
mixed,128,3,0.0234,4.0,4096,0,2048,8192,2192,2438.872,5924.647,2446.072,0.0021
mixed,128,3,0.0234,4.0,4096,0,8192,32768,8768,6223.214,20106.347,7703.57,0.1066
mixed,128,3,0.0234,4.0,4096,512,128,512,137,1323.392,1544.038,1325.084,0.0077
mixed,128,3,0.0234,4.0,4096,512,512,2048,548,1547.878,2482.36,1560.932,0.014
mixed,128,3,0.0234,4.0,4096,512,2048,8192,2192,2563.548,6092.526,2552.282,-0.0032
mixed,128,3,0.0234,4.0,4096,512,8192,32768,8768,6382.673,20195.184,7813.268,0.1036
mixed,128,3,0.0234,4.0,4096,2048,128,512,137,1738.665,1935.786,1741.735,0.0156
mixed,128,3,0.0234,4.0,4096,2048,512,2048,548,1941.229,2872.355,1955.822,0.0157
mixed,128,3,0.0234,4.0,4096,2048,2048,8192,2192,2951.427,6570.998,2950.468,-0.0003
mixed,128,3,0.0234,4.0,4096,2048,8192,32768,8768,6855.836,20501.974,8107.258,0.0917
mixed,128,3,0.0234,4.0,4096,8192,128,512,137,3383.405,3507.182,3383.184,-0.0018
mixed,128,3,0.0234,4.0,4096,8192,512,2048,548,3521.263,4446.564,3527.633,0.0069
mixed,128,3,0.0234,4.0,4096,8192,2048,8192,2192,4525.704,8172.443,4523.783,-0.0005
mixed,128,3,0.0234,4.0,4096,8192,8192,32768,8768,8501.635,22577.349,9078.738,0.041
mixed,128,3,0.0234,4.0,4096,20480,128,512,137,6738.68,6772.827,6739.641,0.0281
mixed,128,3,0.0234,4.0,4096,20480,512,2048,548,6758.523,7611.758,6762.875,0.0051
mixed,128,3,0.0234,4.0,4096,20480,2048,8192,2192,7691.6,11419.782,7690.319,-0.0003
mixed,128,3,0.0234,4.0,4096,20480,8192,32768,8768,11716.396,26051.829,11645.389,-0.005
mixed,128,3,0.0234,4.0,16384,0,128,512,137,10639.508,10762.325,10629.267,-0.0834
mixed,128,3,0.0234,4.0,16384,0,512,2048,548,10774.902,11565.034,10782.775,0.01
mixed,128,3,0.0234,4.0,16384,0,2048,8192,2192,11648.105,15340.993,11640.392,-0.0021
mixed,128,3,0.0234,4.0,16384,0,8192,32768,8768,15664.133,29670.085,15673.0,0.0006
mixed,128,3,0.0234,4.0,16384,512,128,512,137,11184.418,11301.413,11164.735,-0.1682
mixed,128,3,0.0234,4.0,16384,512,512,2048,548,11305.475,12096.564,11304.1,-0.0017
mixed,128,3,0.0234,4.0,16384,512,2048,8192,2192,12172.597,15867.562,12172.247,-0.0001
mixed,128,3,0.0234,4.0,16384,512,8192,32768,8768,16193.135,30176.337,16161.168,-0.0023
mixed,128,3,0.0234,4.0,16384,2048,128,512,137,12787.429,12935.623,12795.522,0.0546
mixed,128,3,0.0234,4.0,16384,2048,512,2048,548,12936.614,13671.608,12959.115,0.0306
mixed,128,3,0.0234,4.0,16384,2048,2048,8192,2192,13749.692,17445.168,13748.54,-0.0003
mixed,128,3,0.0234,4.0,16384,2048,8192,32768,8768,17763.318,31880.857,17727.03,-0.0026
mixed,128,3,0.0234,4.0,16384,8192,128,512,137,19468.159,19427.806,19451.996,
mixed,128,3,0.0234,4.0,16384,8192,512,2048,548,19441.636,19971.336,19442.91,0.0024
mixed,128,3,0.0234,4.0,16384,8192,2048,8192,2192,20049.639,23772.831,20046.507,-0.0008
mixed,128,3,0.0234,4.0,16384,8192,8192,32768,8768,24098.567,38435.791,24064.645,-0.0024
mixed,128,3,0.0234,4.0,16384,20480,128,512,137,32809.71,32852.271,32805.424,-0.1007
mixed,128,3,0.0234,4.0,16384,20480,512,2048,548,32829.932,32980.912,32870.065,0.2658
mixed,128,3,0.0234,4.0,16384,20480,2048,8192,2192,33016.469,36418.817,33038.675,0.0065
mixed,128,3,0.0234,4.0,16384,20480,8192,32768,8768,36730.057,51832.64,36721.285,-0.0006
mixed,128,3,0.0234,4.0,32768,0,128,512,137,38076.005,33205.235,38082.787,
mixed,128,3,0.0234,4.0,32768,0,512,2048,548,33189.561,38620.722,38189.737,0.9206
mixed,128,3,0.0234,4.0,32768,0,2048,8192,2192,33641.697,37568.25,38696.886,1.2874
mixed,128,3,0.0234,4.0,32768,0,8192,32768,8768,42773.715,57480.002,42756.018,-0.0012
mixed,128,3,0.0234,4.0,32768,512,128,512,137,39172.704,39255.072,39153.763,-0.23
mixed,128,3,0.0234,4.0,32768,512,512,2048,548,34168.173,34497.368,34137.937,-0.0918
mixed,128,3,0.0234,4.0,32768,512,2048,8192,2192,34549.08,43500.744,39751.186,0.5811
mixed,128,3,0.0234,4.0,32768,512,8192,32768,8768,41000.269,58553.052,43805.038,0.1598
mixed,128,3,0.0234,4.0,32768,2048,128,512,137,42413.225,36902.38,36838.188,
mixed,128,3,0.0234,4.0,32768,2048,512,2048,548,42467.181,37286.46,42484.366,
mixed,128,3,0.0234,4.0,32768,2048,2048,8192,2192,42963.129,46655.567,42958.17,-0.0013
mixed,128,3,0.0234,4.0,32768,2048,8192,32768,8768,46995.094,61732.743,46976.309,-0.0013
pure,128,4,0.0312,4.0,0,0,128,512,140,111.457,230.372,122.979,0.0969
pure,128,4,0.0312,4.0,0,0,512,2048,560,230.085,679.278,353.0,0.2736
pure,128,4,0.0312,4.0,0,0,2048,8192,2240,726.351,2496.666,1240.572,0.2905
pure,128,4,0.0312,4.0,0,0,8192,32768,8960,2709.052,9676.859,4789.103,0.2985
mixed,128,4,0.0312,4.0,16,0,128,512,140,194.723,425.932,193.028,-0.0073
mixed,128,4,0.0312,4.0,16,0,512,2048,560,428.939,1333.918,502.859,0.0817
mixed,128,4,0.0312,4.0,16,0,2048,8192,2240,1411.903,4973.169,1630.406,0.0614
mixed,128,4,0.0312,4.0,16,0,8192,32768,8960,5397.628,19481.66,6165.005,0.0545
mixed,128,4,0.0312,4.0,16,512,128,512,140,199.747,427.082,215.078,0.0674
mixed,128,4,0.0312,4.0,16,512,512,2048,560,434.09,1327.646,540.108,0.1186
mixed,128,4,0.0312,4.0,16,512,2048,8192,2240,1413.282,4973.234,1694.311,0.0789
mixed,128,4,0.0312,4.0,16,512,8192,32768,8960,5411.643,19443.802,6229.615,0.0583
mixed,128,4,0.0312,4.0,16,2048,128,512,140,376.297,450.442,373.032,-0.044
mixed,128,4,0.0312,4.0,16,2048,512,2048,560,456.908,1334.079,539.373,0.094
mixed,128,4,0.0312,4.0,16,2048,2048,8192,2240,1414.721,4967.76,1884.748,0.1323
mixed,128,4,0.0312,4.0,16,2048,8192,32768,8960,5424.765,19506.844,6461.715,0.0736
mixed,128,4,0.0312,4.0,16,8192,128,512,140,1218.652,1294.748,1215.036,-0.0475
mixed,128,4,0.0312,4.0,16,8192,512,2048,560,1298.94,1581.829,1298.75,-0.0007
mixed,128,4,0.0312,4.0,16,8192,2048,8192,2240,1602.213,4993.555,1891.403,0.0853
mixed,128,4,0.0312,4.0,16,8192,8192,32768,8960,5429.181,19433.37,7285.223,0.1325
mixed,128,4,0.0312,4.0,16,20480,128,512,140,2933.186,2988.58,2934.98,0.0324
mixed,128,4,0.0312,4.0,16,20480,512,2048,560,2988.356,3282.347,2993.125,0.0162
mixed,128,4,0.0312,4.0,16,20480,2048,8192,2240,3295.629,4984.178,3275.051,-0.0122
mixed,128,4,0.0312,4.0,16,20480,8192,32768,8960,5419.709,19461.979,7293.478,0.1334
mixed,128,4,0.0312,4.0,64,0,128,512,140,196.228,424.777,196.709,0.0021
mixed,128,4,0.0312,4.0,64,0,512,2048,560,431.178,1330.463,510.22,0.0879
mixed,128,4,0.0312,4.0,64,0,2048,8192,2240,1410.849,4963.664,1642.949,0.0653
mixed,128,4,0.0312,4.0,64,0,8192,32768,8960,5416.348,19428.634,6172.748,0.054
mixed,128,4,0.0312,4.0,64,512,128,512,140,200.838,428.042,215.365,0.0639
mixed,128,4,0.0312,4.0,64,512,512,2048,560,433.449,1331.743,542.796,0.1217
mixed,128,4,0.0312,4.0,64,512,2048,8192,2240,1412.737,4960.175,1705.127,0.0824
mixed,128,4,0.0312,4.0,64,512,8192,32768,8960,5414.012,19440.155,6237.519,0.0587
mixed,128,4,0.0312,4.0,64,2048,128,512,140,374.855,453.738,373.192,-0.0211
mixed,128,4,0.0312,4.0,64,2048,512,2048,560,456.555,1340.254,544.013,0.099
mixed,128,4,0.0312,4.0,64,2048,2048,8192,2240,1413.504,4980.273,1889.836,0.1335
mixed,128,4,0.0312,4.0,64,2048,8192,32768,8960,5409.404,19458.875,6464.786,0.0751
mixed,128,4,0.0312,4.0,64,8192,128,512,140,1215.581,1299.677,1215.964,0.0046
mixed,128,4,0.0312,4.0,64,8192,512,2048,560,1297.981,1581.957,1296.668,-0.0046
mixed,128,4,0.0312,4.0,64,8192,2048,8192,2240,1603.557,4987.922,1888.907,0.0843
mixed,128,4,0.0312,4.0,64,8192,8192,32768,8960,5425.852,19463.962,7292.678,0.133
mixed,128,4,0.0312,4.0,64,20480,128,512,140,2934.53,2989.124,2932.546,-0.0363
mixed,128,4,0.0312,4.0,64,20480,512,2048,560,2994.341,3264.426,2994.949,0.0023
mixed,128,4,0.0312,4.0,64,20480,2048,8192,2240,3297.289,4982.962,3286.891,-0.0062
mixed,128,4,0.0312,4.0,64,20480,8192,32768,8960,5421.978,19473.819,7286.918,0.1327
mixed,128,4,0.0312,4.0,256,0,128,512,140,230.501,449.642,237.124,0.0302
mixed,128,4,0.0312,4.0,256,0,512,2048,560,455.593,1349.342,536.172,0.0902
mixed,128,4,0.0312,4.0,256,0,2048,8192,2240,1433.857,4960.081,1680.937,0.0701
mixed,128,4,0.0312,4.0,256,0,8192,32768,8960,5412.891,19406.425,6182.766,0.055
mixed,128,4,0.0312,4.0,256,512,128,512,140,243.302,456.905,249.032,0.0268
mixed,128,4,0.0312,4.0,256,512,512,2048,560,461.228,1348.063,541.356,0.0904
mixed,128,4,0.0312,4.0,256,512,2048,8192,2240,1432.287,4954.545,1800.935,0.1047
mixed,128,4,0.0312,4.0,256,512,8192,32768,8960,5406.842,19445.178,6309.36,0.0643
mixed,128,4,0.0312,4.0,256,2048,128,512,140,436.041,548.942,437.994,0.0173
mixed,128,4,0.0312,4.0,256,2048,512,2048,560,551.437,1350.879,551.852,0.0005
mixed,128,4,0.0312,4.0,256,2048,2048,8192,2240,1432.865,4962.481,1877.387,0.1259
mixed,128,4,0.0312,4.0,256,2048,8192,32768,8960,5410.268,19415.833,6745.145,0.0953
mixed,128,4,0.0312,4.0,256,8192,128,512,140,1282.942,1394.591,1280.924,-0.0181
mixed,128,4,0.0312,4.0,256,8192,512,2048,560,1394.209,1861.163,1395.007,0.0017
mixed,128,4,0.0312,4.0,256,8192,2048,8192,2240,1907.82,4956.465,1869.322,-0.0126
mixed,128,4,0.0312,4.0,256,8192,8192,32768,8960,5406.017,19392.569,7235.365,0.1308
mixed,128,4,0.0312,4.0,256,20480,128,512,140,2971.555,3082.439,2966.886,-0.0421
mixed,128,4,0.0312,4.0,256,20480,512,2048,560,3084.421,3553.329,3086.437,0.0043
mixed,128,4,0.0312,4.0,256,20480,2048,8192,2240,3600.786,5506.494,3561.937,-0.0204
mixed,128,4,0.0312,4.0,256,20480,8192,32768,8960,5746.244,19437.563,7218.852,0.1076
mixed,128,4,0.0312,4.0,1024,0,128,512,140,351.176,582.092,354.825,0.0158
mixed,128,4,0.0312,4.0,1024,0,512,2048,560,587.405,1465.22,605.326,0.0204
mixed,128,4,0.0312,4.0,1024,0,2048,8192,2240,1548.579,5079.507,1892.716,0.0975
mixed,128,4,0.0312,4.0,1024,0,8192,32768,8960,5521.214,19503.484,6657.368,0.0813
mixed,128,4,0.0312,4.0,1024,512,128,512,140,399.082,613.391,400.937,0.0087
mixed,128,4,0.0312,4.0,1024,512,512,2048,560,619.055,1525.986,642.607,0.026
mixed,128,4,0.0312,4.0,1024,512,2048,8192,2240,1606.884,5100.595,1899.306,0.0837
mixed,128,4,0.0312,4.0,1024,512,8192,32768,8960,5549.182,19608.319,6976.03,0.1015
mixed,128,4,0.0312,4.0,1024,2048,128,512,140,616.815,722.607,617.774,0.0091
mixed,128,4,0.0312,4.0,1024,2048,512,2048,560,727.122,1704.391,752.112,0.0256
mixed,128,4,0.0312,4.0,1024,2048,2048,8192,2240,1798.759,5136.565,1914.027,0.0345
mixed,128,4,0.0312,4.0,1024,2048,8192,32768,8960,5585.888,19561.212,7242.437,0.1185
mixed,128,4,0.0312,4.0,1024,8192,128,512,140,1462.112,1566.947,1463.202,0.0104
mixed,128,4,0.0312,4.0,1024,8192,512,2048,560,1567.524,2016.43,1597.028,0.0657
mixed,128,4,0.0312,4.0,1024,8192,2048,8192,2240,2136.081,6137.166,2129.584,-0.0016
mixed,128,4,0.0312,4.0,1024,8192,8192,32768,8960,6603.031,19543.805,7216.324,0.0474
mixed,128,4,0.0312,4.0,1024,20480,128,512,140,3148.966,3254.314,3148.102,-0.0082
mixed,128,4,0.0312,4.0,1024,20480,512,2048,560,3261.579,3703.955,3287.499,0.0586
mixed,128,4,0.0312,4.0,1024,20480,2048,8192,2240,3739.444,6608.151,3731.893,-0.0026
mixed,128,4,0.0312,4.0,1024,20480,8192,32768,8960,6939.808,22258.362,7280.295,0.0222
mixed,128,4,0.0312,4.0,4096,0,128,512,140,1191.513,1410.56,1184.732,-0.031
mixed,128,4,0.0312,4.0,4096,0,512,2048,560,1415.777,2355.637,1436.961,0.0225
mixed,128,4,0.0312,4.0,4096,0,2048,8192,2240,2440.247,5934.151,2460.729,0.0059
mixed,128,4,0.0312,4.0,4096,0,8192,32768,8960,6368.465,20137.256,7747.919,0.1002
mixed,128,4,0.0312,4.0,4096,512,128,512,140,1323.838,1543.618,1324.448,0.0028
mixed,128,4,0.0312,4.0,4096,512,512,2048,560,1547.523,2479.962,1569.571,0.0236
mixed,128,4,0.0312,4.0,4096,512,2048,8192,2240,2567.483,6093.386,2575.548,0.0023
mixed,128,4,0.0312,4.0,4096,512,8192,32768,8960,6520.182,20279.245,7846.097,0.0964
mixed,128,4,0.0312,4.0,4096,2048,128,512,140,1735.976,1935.661,1740.229,0.0213
mixed,128,4,0.0312,4.0,4096,2048,512,2048,560,1940.875,2870.785,1962.989,0.0238
mixed,128,4,0.0312,4.0,4096,2048,2048,8192,2240,2954.787,6560.468,2974.116,0.0054
mixed,128,4,0.0312,4.0,4096,2048,8192,32768,8960,7014.752,20613.81,8170.522,0.085
mixed,128,4,0.0312,4.0,4096,8192,128,512,140,3381.069,3522.611,3381.102,0.0002
mixed,128,4,0.0312,4.0,4096,8192,512,2048,560,3515.635,4443.527,3535.919,0.0219
mixed,128,4,0.0312,4.0,4096,8192,2048,8192,2240,4528.007,8177.467,4552.327,0.0067
mixed,128,4,0.0312,4.0,4096,8192,8192,32768,8960,8654.628,22541.311,9278.516,0.0449
mixed,128,4,0.0312,4.0,4096,20480,128,512,140,6738.395,6745.911,6738.138,-0.0342
mixed,128,4,0.0312,4.0,4096,20480,512,2048,560,6781.371,7612.941,6779.385,-0.0024
mixed,128,4,0.0312,4.0,4096,20480,2048,8192,2240,7694.99,11409.411,7714.768,0.0053
mixed,128,4,0.0312,4.0,4096,20480,8192,32768,8960,11862.827,26040.817,11748.652,-0.0081
mixed,128,4,0.0312,4.0,16384,0,128,512,140,10628.627,10772.598,10636.819,0.0569
mixed,128,4,0.0312,4.0,16384,0,512,2048,560,10774.26,11563.657,10785.908,0.0148
mixed,128,4,0.0312,4.0,16384,0,2048,8192,2240,11649.161,15340.766,11664.907,0.0043
mixed,128,4,0.0312,4.0,16384,0,8192,32768,8960,15822.377,29641.889,15784.933,-0.0027
mixed,128,4,0.0312,4.0,16384,512,128,512,140,11179.646,11303.104,11171.904,-0.0627
mixed,128,4,0.0312,4.0,16384,512,512,2048,560,11299.648,12094.547,11319.617,0.0251
mixed,128,4,0.0312,4.0,16384,512,2048,8192,2240,12175.221,15869.065,12197.272,0.006
mixed,128,4,0.0312,4.0,16384,512,8192,32768,8960,16348.82,30221.708,16261.491,-0.0063
mixed,128,4,0.0312,4.0,16384,2048,128,512,140,12792.42,12930.919,12798.626,0.0448
mixed,128,4,0.0312,4.0,16384,2048,512,2048,560,12950.311,13670.709,12950.759,0.0006
mixed,128,4,0.0312,4.0,16384,2048,2048,8192,2240,13754.874,17445.003,13774.777,0.0054
mixed,128,4,0.0312,4.0,16384,2048,8192,32768,8960,17910.743,31912.309,17819.126,-0.0065
mixed,128,4,0.0312,4.0,16384,8192,128,512,140,19424.794,19437.627,19482.874,4.5258
mixed,128,4,0.0312,4.0,16384,8192,512,2048,560,19437.243,19966.086,19449.498,0.0232
mixed,128,4,0.0312,4.0,16384,8192,2048,8192,2240,20047.43,23769.851,20068.617,0.0057
mixed,128,4,0.0312,4.0,16384,8192,8192,32768,8960,24248.65,38385.448,24166.085,-0.0058
mixed,128,4,0.0312,4.0,16384,20480,128,512,140,32862.188,32807.435,32866.638,
mixed,128,4,0.0312,4.0,16384,20480,512,2048,560,32801.163,32994.351,32857.034,0.2892
mixed,128,4,0.0312,4.0,16384,20480,2048,8192,2240,33088.689,36409.47,32984.112,-0.0315
mixed,128,4,0.0312,4.0,16384,20480,8192,32768,8960,36893.898,51819.992,36819.656,-0.005
mixed,128,4,0.0312,4.0,32768,0,128,512,140,38092.257,33217.238,38080.8,
mixed,128,4,0.0312,4.0,32768,0,512,2048,560,36742.947,38617.163,33206.162,-1.8871
mixed,128,4,0.0312,4.0,32768,0,2048,8192,2240,33648.384,42450.602,38715.696,0.5757
mixed,128,4,0.0312,4.0,32768,0,8192,32768,8960,42922.576,57476.893,42858.191,-0.0044
mixed,128,4,0.0312,4.0,32768,512,128,512,140,39178.877,39276.895,39161.762,-0.1746
mixed,128,4,0.0312,4.0,32768,512,512,2048,560,39276.158,34503.696,34134.345,
mixed,128,4,0.0312,4.0,32768,512,2048,8192,2240,39759.82,43502.27,39781.004,0.0057
mixed,128,4,0.0312,4.0,32768,512,8192,32768,8960,43971.468,58530.744,43911.948,-0.0041
mixed,128,4,0.0312,4.0,32768,2048,128,512,140,42398.891,36905.671,36828.361,
mixed,128,4,0.0312,4.0,32768,2048,512,2048,560,42498.348,37328.114,42449.289,
mixed,128,4,0.0312,4.0,32768,2048,2048,8192,2240,42958.615,46664.232,42964.309,0.0015
mixed,128,4,0.0312,4.0,32768,2048,8192,32768,8960,47142.102,61745.92,47073.429,-0.0047
pure,128,8,0.0625,4.0,0,0,128,512,152,112.131,228.646,123.874,0.1008
pure,128,8,0.0625,4.0,0,0,512,2048,608,237.99,678.16,351.689,0.2583
pure,128,8,0.0625,4.0,0,0,2048,8192,2432,793.81,2491.385,1241.02,0.2634
pure,128,8,0.0625,4.0,0,0,8192,32768,9728,2937.026,9677.533,4809.39,0.2778
mixed,128,8,0.0625,4.0,16,0,128,512,152,195.75,423.819,220.966,0.1106
mixed,128,8,0.0625,4.0,16,0,512,2048,608,440.97,1337.79,539.277,0.1096
mixed,128,8,0.0625,4.0,16,0,2048,8192,2432,1554.723,4956.016,1890.57,0.0987
mixed,128,8,0.0625,4.0,16,0,8192,32768,9728,5862.948,19417.658,7284.328,0.1049
mixed,128,8,0.0625,4.0,16,512,128,512,152,199.653,427.242,230.79,0.1368
mixed,128,8,0.0625,4.0,16,512,512,2048,608,444.362,1331.294,545.004,0.1135
mixed,128,8,0.0625,4.0,16,512,2048,8192,2432,1557.956,4971.057,1889.226,0.0971
mixed,128,8,0.0625,4.0,16,512,8192,32768,9728,5861.509,19431.353,7284.774,0.1049
mixed,128,8,0.0625,4.0,16,2048,128,512,152,374.984,448.97,409.033,0.4602
mixed,128,8,0.0625,4.0,16,2048,512,2048,608,464.299,1335.487,544.621,0.0922
mixed,128,8,0.0625,4.0,16,2048,2048,8192,2432,1566.275,4986.768,1893.516,0.0957
mixed,128,8,0.0625,4.0,16,2048,8192,32768,9728,5858.308,19439.386,7286.439,0.1052
mixed,128,8,0.0625,4.0,16,8192,128,512,152,1216.956,1295.581,1253.403,0.4636
mixed,128,8,0.0625,4.0,16,8192,512,2048,608,1307.23,1583.524,1389.408,0.2974
mixed,128,8,0.0625,4.0,16,8192,2048,8192,2432,1645.958,4984.401,1888.811,0.0727
mixed,128,8,0.0625,4.0,16,8192,8192,32768,9728,5863.78,19450.426,7289.862,0.105
mixed,128,8,0.0625,4.0,16,20480,128,512,152,2931.235,2979.621,2937.987,0.1395
mixed,128,8,0.0625,4.0,16,20480,512,2048,608,3000.196,3270.315,3073.285,0.2706
mixed,128,8,0.0625,4.0,16,20480,2048,8192,2432,3341.261,4997.842,3589.265,0.1497
mixed,128,8,0.0625,4.0,16,20480,8192,32768,9728,5878.021,19473.691,7282.83,0.1033
mixed,128,8,0.0625,4.0,64,0,128,512,152,196.975,424.863,223.246,0.1153
mixed,128,8,0.0625,4.0,64,0,512,2048,608,443.515,1333.941,542.198,0.1108
mixed,128,8,0.0625,4.0,64,0,2048,8192,2432,1554.756,4973.748,1888.298,0.0976
mixed,128,8,0.0625,4.0,64,0,8192,32768,9728,5863.733,19460.113,7281.454,0.1043
mixed,128,8,0.0625,4.0,64,512,128,512,152,201.648,429.247,233.295,0.139
mixed,128,8,0.0625,4.0,64,512,512,2048,608,445.182,1332.125,542.167,0.1093
mixed,128,8,0.0625,4.0,64,512,2048,8192,2432,1562.44,4982.664,1889.043,0.0955
mixed,128,8,0.0625,4.0,64,512,8192,32768,9728,5858.092,19438.557,7270.63,0.104
mixed,128,8,0.0625,4.0,64,2048,128,512,152,371.493,456.352,411.105,0.4668
mixed,128,8,0.0625,4.0,64,2048,512,2048,608,461.856,1343.87,549.591,0.0995
mixed,128,8,0.0625,4.0,64,2048,2048,8192,2432,1559.823,4981.851,1893.241,0.0974
mixed,128,8,0.0625,4.0,64,2048,8192,32768,9728,5858.4,19503.768,7285.95,0.1046
mixed,128,8,0.0625,4.0,64,8192,128,512,152,1216.842,1299.875,1253.162,0.4374
mixed,128,8,0.0625,4.0,64,8192,512,2048,608,1314.98,1580.884,1387.456,0.2726
mixed,128,8,0.0625,4.0,64,8192,2048,8192,2432,1645.072,5001.353,1889.599,0.0729
mixed,128,8,0.0625,4.0,64,8192,8192,32768,9728,5869.904,19414.847,7288.823,0.1048
mixed,128,8,0.0625,4.0,64,20480,128,512,152,2923.356,2987.961,2939.548,0.2506
mixed,128,8,0.0625,4.0,64,20480,512,2048,608,3003.417,3269.096,3078.232,0.2816
mixed,128,8,0.0625,4.0,64,20480,2048,8192,2432,3340.804,4994.456,3576.247,0.1424
mixed,128,8,0.0625,4.0,64,20480,8192,32768,9728,5871.813,19458.391,7285.005,0.104
mixed,128,8,0.0625,4.0,256,0,128,512,152,230.898,450.563,246.899,0.0728
mixed,128,8,0.0625,4.0,256,0,512,2048,608,462.658,1349.26,543.903,0.0916
mixed,128,8,0.0625,4.0,256,0,2048,8192,2432,1579.934,4962.317,1888.618,0.0913
mixed,128,8,0.0625,4.0,256,0,8192,32768,9728,5870.869,19387.32,7257.829,0.1026
mixed,128,8,0.0625,4.0,256,512,128,512,152,244.593,455.811,254.863,0.0486
mixed,128,8,0.0625,4.0,256,512,512,2048,608,467.877,1347.087,547.967,0.0911
mixed,128,8,0.0625,4.0,256,512,2048,8192,2432,1574.657,4959.993,1884.177,0.0914
mixed,128,8,0.0625,4.0,256,512,8192,32768,9728,5858.888,19381.136,7260.698,0.1037
mixed,128,8,0.0625,4.0,256,2048,128,512,152,436.646,547.168,440.712,0.0368
mixed,128,8,0.0625,4.0,256,2048,512,2048,608,552.353,1351.923,554.336,0.0025
mixed,128,8,0.0625,4.0,256,2048,2048,8192,2432,1578.279,4955.113,1883.928,0.0905
mixed,128,8,0.0625,4.0,256,2048,8192,32768,9728,5859.608,19380.107,7257.581,0.1034
mixed,128,8,0.0625,4.0,256,8192,128,512,152,1279.671,1390.644,1286.171,0.0586
mixed,128,8,0.0625,4.0,256,8192,512,2048,608,1397.268,1861.499,1397.109,-0.0003
mixed,128,8,0.0625,4.0,256,8192,2048,8192,2432,1983.157,4968.47,1876.73,-0.0357
mixed,128,8,0.0625,4.0,256,8192,8192,32768,9728,5858.696,19425.881,7242.786,0.102
mixed,128,8,0.0625,4.0,256,20480,128,512,152,2967.653,3078.112,2975.973,0.0753
mixed,128,8,0.0625,4.0,256,20480,512,2048,608,3084.962,3557.225,3086.814,0.0039
mixed,128,8,0.0625,4.0,256,20480,2048,8192,2432,3687.01,5501.479,3566.603,-0.0664
mixed,128,8,0.0625,4.0,256,20480,8192,32768,9728,5974.963,19402.96,7228.597,0.0934
mixed,128,8,0.0625,4.0,1024,0,128,512,152,352.142,582.533,362.127,0.0433
mixed,128,8,0.0625,4.0,1024,0,512,2048,608,591.585,1465.336,631.328,0.0455
mixed,128,8,0.0625,4.0,1024,0,2048,8192,2432,1692.844,5072.969,1931.363,0.0706
mixed,128,8,0.0625,4.0,1024,0,8192,32768,9728,5977.375,19508.82,7307.042,0.0983
mixed,128,8,0.0625,4.0,1024,512,128,512,152,398.831,613.315,404.62,0.027
mixed,128,8,0.0625,4.0,1024,512,512,2048,608,621.634,1530.551,669.376,0.0525
mixed,128,8,0.0625,4.0,1024,512,2048,8192,2432,1741.262,5103.603,1927.401,0.0554
mixed,128,8,0.0625,4.0,1024,512,8192,32768,9728,6004.332,19527.21,7302.935,0.096
mixed,128,8,0.0625,4.0,1024,2048,128,512,152,616.74,721.823,621.861,0.0487
mixed,128,8,0.0625,4.0,1024,2048,512,2048,608,726.431,1704.917,770.558,0.0451
mixed,128,8,0.0625,4.0,1024,2048,2048,8192,2432,1954.954,5140.799,1945.706,-0.0029
mixed,128,8,0.0625,4.0,1024,2048,8192,32768,9728,6039.545,19613.454,7289.926,0.0921
mixed,128,8,0.0625,4.0,1024,8192,128,512,152,1460.0,1566.876,1464.802,0.0449
mixed,128,8,0.0625,4.0,1024,8192,512,2048,608,1570.559,2019.466,1615.26,0.0996
mixed,128,8,0.0625,4.0,1024,8192,2048,8192,2432,2343.581,6141.181,2285.762,-0.0152
mixed,128,8,0.0625,4.0,1024,8192,8192,32768,9728,7061.212,19489.789,7260.021,0.016
mixed,128,8,0.0625,4.0,1024,20480,128,512,152,3146.272,3256.318,3152.289,0.0547
mixed,128,8,0.0625,4.0,1024,20480,512,2048,608,3262.556,3701.003,3306.875,0.1011
mixed,128,8,0.0625,4.0,1024,20480,2048,8192,2432,3810.952,6606.073,3985.348,0.0624
mixed,128,8,0.0625,4.0,1024,20480,8192,32768,9728,7278.178,22307.348,7695.186,0.0277
mixed,128,8,0.0625,4.0,4096,0,128,512,152,1189.298,1410.28,1198.289,0.0407
mixed,128,8,0.0625,4.0,4096,0,512,2048,608,1419.496,2354.661,1461.638,0.0451
mixed,128,8,0.0625,4.0,4096,0,2048,8192,2432,2598.398,5932.607,2542.111,-0.0169
mixed,128,8,0.0625,4.0,4096,0,8192,32768,9728,6794.528,20172.749,7905.627,0.0831
mixed,128,8,0.0625,4.0,4096,512,128,512,152,1326.384,1543.047,1336.974,0.0489
mixed,128,8,0.0625,4.0,4096,512,512,2048,608,1550.952,2484.2,1593.157,0.0452
mixed,128,8,0.0625,4.0,4096,512,2048,8192,2432,2722.94,6090.725,2669.857,-0.0158
mixed,128,8,0.0625,4.0,4096,512,8192,32768,9728,6957.894,20275.986,8021.348,0.0799
mixed,128,8,0.0625,4.0,4096,2048,128,512,152,1743.653,1936.252,1744.898,0.0065
mixed,128,8,0.0625,4.0,4096,2048,512,2048,608,1943.773,2870.46,1987.803,0.0475
mixed,128,8,0.0625,4.0,4096,2048,2048,8192,2432,3106.133,6563.52,3082.84,-0.0067
mixed,128,8,0.0625,4.0,4096,2048,8192,32768,9728,7450.275,20518.606,8357.64,0.0694
mixed,128,8,0.0625,4.0,4096,8192,128,512,152,3378.897,3517.419,3381.552,0.0192
mixed,128,8,0.0625,4.0,4096,8192,512,2048,608,3519.916,4444.494,3561.423,0.0449
mixed,128,8,0.0625,4.0,4096,8192,2048,8192,2432,4682.278,8174.423,4653.673,-0.0082
mixed,128,8,0.0625,4.0,4096,8192,8192,32768,9728,9111.098,22587.053,9885.319,0.0575
mixed,128,8,0.0625,4.0,4096,20480,128,512,152,6735.082,6813.579,6738.219,0.04
mixed,128,8,0.0625,4.0,4096,20480,512,2048,608,6774.476,7610.452,6792.878,0.022
mixed,128,8,0.0625,4.0,4096,20480,2048,8192,2432,7844.783,11413.984,7819.281,-0.0071
mixed,128,8,0.0625,4.0,4096,20480,8192,32768,9728,12326.343,26019.977,12740.062,0.0302
mixed,128,8,0.0625,4.0,16384,0,128,512,152,10624.448,10771.355,10629.314,0.0331
mixed,128,8,0.0625,4.0,16384,0,512,2048,608,10784.126,11562.792,10789.888,0.0074
mixed,128,8,0.0625,4.0,16384,0,2048,8192,2432,11802.853,15344.0,11767.693,-0.0099
mixed,128,8,0.0625,4.0,16384,0,8192,32768,9728,16293.161,29691.084,16171.826,-0.0091
mixed,128,8,0.0625,4.0,16384,512,128,512,152,11168.197,11299.552,11172.87,0.0356
mixed,128,8,0.0625,4.0,16384,512,512,2048,608,11323.489,12097.2,11323.206,-0.0004
mixed,128,8,0.0625,4.0,16384,512,2048,8192,2432,12331.591,15866.953,12297.291,-0.0097
mixed,128,8,0.0625,4.0,16384,512,8192,32768,9728,16817.747,30218.952,16637.405,-0.0135
mixed,128,8,0.0625,4.0,16384,2048,128,512,152,12794.148,12930.148,12788.01,-0.0451
mixed,128,8,0.0625,4.0,16384,2048,512,2048,608,12927.688,13670.615,12958.92,0.042
mixed,128,8,0.0625,4.0,16384,2048,2048,8192,2432,13910.291,17447.317,13871.829,-0.0109
mixed,128,8,0.0625,4.0,16384,2048,8192,32768,9728,18392.832,31863.725,18217.68,-0.013
mixed,128,8,0.0625,4.0,16384,8192,128,512,152,19451.568,19446.516,19456.628,
mixed,128,8,0.0625,4.0,16384,8192,512,2048,608,19432.153,19966.923,19451.963,0.037
mixed,128,8,0.0625,4.0,16384,8192,2048,8192,2432,20212.904,23764.37,20177.068,-0.0101
mixed,128,8,0.0625,4.0,16384,8192,8192,32768,9728,24723.104,38400.087,24571.18,-0.0111
mixed,128,8,0.0625,4.0,16384,20480,128,512,152,32818.987,32845.962,32857.771,1.4378
mixed,128,8,0.0625,4.0,16384,20480,512,2048,608,32867.276,32972.591,32819.674,-0.452
mixed,128,8,0.0625,4.0,16384,20480,2048,8192,2432,33118.006,36410.701,33104.859,-0.004
mixed,128,8,0.0625,4.0,16384,20480,8192,32768,9728,37374.266,51804.529,37235.305,-0.0096
mixed,128,8,0.0625,4.0,32768,0,128,512,152,38070.429,36008.108,33107.698,
mixed,128,8,0.0625,4.0,32768,0,512,2048,608,33205.332,38610.914,33218.27,0.0024
mixed,128,8,0.0625,4.0,32768,0,2048,8192,2432,33780.205,42449.266,38830.408,0.5826
mixed,128,8,0.0625,4.0,32768,0,8192,32768,9728,43399.654,57473.24,43278.227,-0.0086
mixed,128,8,0.0625,4.0,32768,512,128,512,152,39153.58,34130.017,35832.767,
mixed,128,8,0.0625,4.0,32768,512,512,2048,608,39283.509,37413.315,39250.369,
mixed,128,8,0.0625,4.0,32768,512,2048,8192,2432,34688.614,43502.67,39883.517,0.5894
mixed,128,8,0.0625,4.0,32768,512,8192,32768,9728,44450.76,58555.557,44314.926,-0.0096
mixed,128,8,0.0625,4.0,32768,2048,128,512,152,42357.078,36916.592,42403.207,
mixed,128,8,0.0625,4.0,32768,2048,512,2048,608,42477.806,42924.387,42553.391,0.1693
mixed,128,8,0.0625,4.0,32768,2048,2048,8192,2432,43075.208,40570.27,43040.912,
mixed,128,8,0.0625,4.0,32768,2048,8192,32768,9728,47610.27,61742.601,47477.763,-0.0094
pure,128,16,0.125,4.0,0,0,128,512,176,113.886,228.828,143.707,0.2594
pure,128,16,0.125,4.0,0,0,512,2048,704,269.179,680.212,351.16,0.1995
pure,128,16,0.125,4.0,0,0,2048,8192,2816,906.255,2487.313,1244.168,0.2137
pure,128,16,0.125,4.0,0,0,8192,32768,11264,3384.193,9677.675,4810.855,0.2267
mixed,128,16,0.125,4.0,16,0,128,512,176,198.462,425.659,233.756,0.1553
mixed,128,16,0.125,4.0,16,0,512,2048,704,504.855,1330.087,543.959,0.0474
mixed,128,16,0.125,4.0,16,0,2048,8192,2816,1786.913,4970.663,1903.069,0.0365
mixed,128,16,0.125,4.0,16,0,8192,32768,11264,6803.048,19416.845,7309.347,0.0401
mixed,128,16,0.125,4.0,16,512,128,512,176,202.525,427.768,236.892,0.1526
mixed,128,16,0.125,4.0,16,512,512,2048,704,505.624,1333.771,545.719,0.0484
mixed,128,16,0.125,4.0,16,512,2048,8192,2816,1785.44,4965.486,1905.729,0.0378
mixed,128,16,0.125,4.0,16,512,8192,32768,11264,6794.96,19445.343,7315.561,0.0412
mixed,128,16,0.125,4.0,16,2048,128,512,176,375.322,452.952,410.36,0.4513
mixed,128,16,0.125,4.0,16,2048,512,2048,704,510.712,1335.947,546.326,0.0432
mixed,128,16,0.125,4.0,16,2048,2048,8192,2816,1789.06,4977.81,1902.658,0.0356
mixed,128,16,0.125,4.0,16,2048,8192,32768,11264,6791.191,19426.005,7318.16,0.0417
mixed,128,16,0.125,4.0,16,8192,128,512,176,1216.398,1299.149,1249.902,0.4049
mixed,128,16,0.125,4.0,16,8192,512,2048,704,1321.739,1585.864,1385.709,0.2422
mixed,128,16,0.125,4.0,16,8192,2048,8192,2816,1798.95,4993.207,1905.412,0.0333
mixed,128,16,0.125,4.0,16,8192,8192,32768,11264,6783.582,19463.782,7330.647,0.0431
mixed,128,16,0.125,4.0,16,20480,128,512,176,2924.598,2985.652,2944.31,0.3229
mixed,128,16,0.125,4.0,16,20480,512,2048,704,3012.054,3266.099,3074.549,0.246
mixed,128,16,0.125,4.0,16,20480,2048,8192,2816,3408.529,5006.938,3597.806,0.1184
mixed,128,16,0.125,4.0,16,20480,8192,32768,11264,6790.105,19457.848,7347.357,0.044
mixed,128,16,0.125,4.0,64,0,128,512,176,199.582,424.601,234.045,0.1532
mixed,128,16,0.125,4.0,64,0,512,2048,704,506.65,1334.798,546.296,0.0479
mixed,128,16,0.125,4.0,64,0,2048,8192,2816,1787.69,4967.774,1899.848,0.0353
mixed,128,16,0.125,4.0,64,0,8192,32768,11264,6759.337,19420.522,7317.378,0.0441
mixed,128,16,0.125,4.0,64,512,128,512,176,204.19,428.698,239.996,0.1595
mixed,128,16,0.125,4.0,64,512,512,2048,704,504.759,1332.689,547.8,0.052
mixed,128,16,0.125,4.0,64,512,2048,8192,2816,1786.444,4965.572,1900.072,0.0357
mixed,128,16,0.125,4.0,64,512,8192,32768,11264,6777.231,19438.842,7315.658,0.0425
mixed,128,16,0.125,4.0,64,2048,128,512,176,376.922,454.011,412.25,0.4583
mixed,128,16,0.125,4.0,64,2048,512,2048,704,509.722,1333.616,549.177,0.0479
mixed,128,16,0.125,4.0,64,2048,2048,8192,2816,1792.491,4973.224,1908.587,0.0365
mixed,128,16,0.125,4.0,64,2048,8192,32768,11264,6791.857,19478.439,7316.08,0.0413
mixed,128,16,0.125,4.0,64,8192,128,512,176,1222.611,1300.467,1254.834,0.4139
mixed,128,16,0.125,4.0,64,8192,512,2048,704,1324.594,1585.296,1392.847,0.2618
mixed,128,16,0.125,4.0,64,8192,2048,8192,2816,1800.3,4997.323,1902.988,0.0321
mixed,128,16,0.125,4.0,64,8192,8192,32768,11264,6785.369,19456.565,7334.545,0.0433
mixed,128,16,0.125,4.0,64,20480,128,512,176,2929.986,2989.346,2939.587,0.1617
mixed,128,16,0.125,4.0,64,20480,512,2048,704,3017.506,3266.271,3077.41,0.2408
mixed,128,16,0.125,4.0,64,20480,2048,8192,2816,3413.15,4985.711,3598.204,0.1177
mixed,128,16,0.125,4.0,64,20480,8192,32768,11264,6804.895,19438.341,7335.545,0.042
mixed,128,16,0.125,4.0,256,0,128,512,176,233.95,449.436,257.151,0.1077
mixed,128,16,0.125,4.0,256,0,512,2048,704,531.258,1350.068,556.955,0.0314
mixed,128,16,0.125,4.0,256,0,2048,8192,2816,1806.001,4961.651,1905.839,0.0316
mixed,128,16,0.125,4.0,256,0,8192,32768,11264,6766.912,19387.472,7308.638,0.0429
mixed,128,16,0.125,4.0,256,512,128,512,176,247.006,456.859,265.758,0.0894
mixed,128,16,0.125,4.0,256,512,512,2048,704,532.892,1346.963,559.355,0.0325
mixed,128,16,0.125,4.0,256,512,2048,8192,2816,1802.738,4959.284,1905.648,0.0326
mixed,128,16,0.125,4.0,256,512,8192,32768,11264,6761.83,19380.413,7309.506,0.0434
mixed,128,16,0.125,4.0,256,2048,128,512,176,437.627,547.516,444.955,0.0667
mixed,128,16,0.125,4.0,256,2048,512,2048,704,603.324,1350.455,628.956,0.0343
mixed,128,16,0.125,4.0,256,2048,2048,8192,2816,1802.482,4963.193,1908.273,0.0335
mixed,128,16,0.125,4.0,256,2048,8192,32768,11264,6761.962,19375.145,7313.512,0.0437
mixed,128,16,0.125,4.0,256,8192,128,512,176,1281.815,1392.31,1286.963,0.0466
mixed,128,16,0.125,4.0,256,8192,512,2048,704,1431.605,1862.77,1406.997,-0.0571
mixed,128,16,0.125,4.0,256,8192,2048,8192,2816,2129.841,4959.676,1964.275,-0.0585
mixed,128,16,0.125,4.0,256,8192,8192,32768,11264,6772.944,19401.526,7300.525,0.0418
mixed,128,16,0.125,4.0,256,20480,128,512,176,2960.524,3077.227,2979.147,0.1596
mixed,128,16,0.125,4.0,256,20480,512,2048,704,3119.594,3554.532,3094.286,-0.0582
mixed,128,16,0.125,4.0,256,20480,2048,8192,2816,3811.877,5505.5,3589.544,-0.1313
mixed,128,16,0.125,4.0,256,20480,8192,32768,11264,6799.187,19432.672,7296.209,0.0393
mixed,128,16,0.125,4.0,1024,0,128,512,176,349.213,576.763,369.052,0.0872
mixed,128,16,0.125,4.0,1024,0,512,2048,704,663.291,1457.365,678.779,0.0195
mixed,128,16,0.125,4.0,1024,0,2048,8192,2816,1913.429,5069.503,1992.818,0.0252
mixed,128,16,0.125,4.0,1024,0,8192,32768,11264,6880.149,19526.667,7390.867,0.0404
mixed,128,16,0.125,4.0,1024,512,128,512,176,395.133,608.124,406.11,0.0515
mixed,128,16,0.125,4.0,1024,512,512,2048,704,693.179,1523.511,712.924,0.0238
mixed,128,16,0.125,4.0,1024,512,2048,8192,2816,1954.518,5098.692,2036.371,0.026
mixed,128,16,0.125,4.0,1024,512,8192,32768,11264,6899.065,19583.765,7426.168,0.0416
mixed,128,16,0.125,4.0,1024,2048,128,512,176,611.679,717.79,624.734,0.123
mixed,128,16,0.125,4.0,1024,2048,512,2048,704,795.549,1698.871,809.276,0.0152
mixed,128,16,0.125,4.0,1024,2048,2048,8192,2816,2185.908,5136.518,2221.237,0.012
mixed,128,16,0.125,4.0,1024,2048,8192,32768,11264,6921.499,19635.421,7641.882,0.0567
mixed,128,16,0.125,4.0,1024,8192,128,512,176,1455.128,1561.72,1468.952,0.1297
mixed,128,16,0.125,4.0,1024,8192,512,2048,704,1600.313,2013.879,1634.074,0.0816
mixed,128,16,0.125,4.0,1024,8192,2048,8192,2816,2574.867,6133.7,2524.949,-0.014
mixed,128,16,0.125,4.0,1024,8192,8192,32768,11264,7960.891,19504.135,8437.754,0.0413
mixed,128,16,0.125,4.0,1024,20480,128,512,176,3147.73,3250.642,3153.458,0.0557
mixed,128,16,0.125,4.0,1024,20480,512,2048,704,3293.522,3698.097,3322.832,0.0724
mixed,128,16,0.125,4.0,1024,20480,2048,8192,2816,3916.56,6598.693,4020.624,0.0388
mixed,128,16,0.125,4.0,1024,20480,8192,32768,11264,8298.909,22257.443,8431.581,0.0095
mixed,128,16,0.125,4.0,4096,0,128,512,176,1173.276,1396.506,1190.876,0.0788
mixed,128,16,0.125,4.0,4096,0,512,2048,704,1481.243,2341.559,1498.395,0.0199
mixed,128,16,0.125,4.0,4096,0,2048,8192,2816,2826.007,5905.832,2722.262,-0.0337
mixed,128,16,0.125,4.0,4096,0,8192,32768,11264,7660.131,20098.293,8242.434,0.0468
mixed,128,16,0.125,4.0,4096,512,128,512,176,1312.797,1529.882,1326.684,0.064
mixed,128,16,0.125,4.0,4096,512,512,2048,704,1613.69,2468.314,1630.107,0.0192
mixed,128,16,0.125,4.0,4096,512,2048,8192,2816,2953.015,6068.62,2866.967,-0.0276
mixed,128,16,0.125,4.0,4096,512,8192,32768,11264,7825.573,20261.533,8400.932,0.0463
mixed,128,16,0.125,4.0,4096,2048,128,512,176,1724.219,1920.889,1737.017,0.0651
mixed,128,16,0.125,4.0,4096,2048,512,2048,704,2006.202,2857.366,2024.473,0.0215
mixed,128,16,0.125,4.0,4096,2048,2048,8192,2816,3331.992,6539.149,3283.607,-0.0151
mixed,128,16,0.125,4.0,4096,2048,8192,32768,11264,8310.792,20446.662,8915.527,0.0498
mixed,128,16,0.125,4.0,4096,8192,128,512,176,3367.447,3492.662,3366.711,-0.0059
mixed,128,16,0.125,4.0,4096,8192,512,2048,704,3579.798,4431.284,3600.247,0.024
mixed,128,16,0.125,4.0,4096,8192,2048,8192,2816,4905.492,8159.851,4854.517,-0.0157
mixed,128,16,0.125,4.0,4096,8192,8192,32768,11264,10049.766,22514.47,10347.688,0.0239
mixed,128,16,0.125,4.0,4096,20480,128,512,176,6729.136,6737.425,6729.808,0.0811
mixed,128,16,0.125,4.0,4096,20480,512,2048,704,6776.144,7597.744,6805.583,0.0358
mixed,128,16,0.125,4.0,4096,20480,2048,8192,2816,8069.774,11402.374,8004.334,-0.0196
mixed,128,16,0.125,4.0,4096,20480,8192,32768,11264,13271.909,25999.816,13444.261,0.0135
mixed,128,16,0.125,4.0,16384,0,128,512,176,10590.698,10725.292,10606.411,0.1167
mixed,128,16,0.125,4.0,16384,0,512,2048,704,10754.86,11517.002,10757.645,0.0037
mixed,128,16,0.125,4.0,16384,0,2048,8192,2816,11990.346,15299.331,11924.938,-0.0198
mixed,128,16,0.125,4.0,16384,0,8192,32768,11264,17192.641,29631.148,16856.835,-0.027
mixed,128,16,0.125,4.0,16384,512,128,512,176,11126.542,11261.038,11135.504,0.0666
mixed,128,16,0.125,4.0,16384,512,512,2048,704,11305.71,12044.49,11300.333,-0.0073
mixed,128,16,0.125,4.0,16384,512,2048,8192,2816,12509.166,15820.006,12502.926,-0.0019
mixed,128,16,0.125,4.0,16384,512,8192,32768,11264,11846.799,20115.043,11631.856,-0.026
mixed,128,16,0.125,4.0,16384,2048,128,512,176,8538.515,8619.892,8523.412,-0.1856
mixed,128,16,0.125,4.0,16384,2048,512,2048,704,8649.238,9115.348,8655.702,0.0139
mixed,128,16,0.125,4.0,16384,2048,2048,8192,2816,9429.526,11628.881,9386.935,-0.0194
mixed,128,16,0.125,4.0,16384,2048,8192,32768,11264,12894.739,21255.786,12689.779,-0.0245
mixed,128,16,0.125,4.0,16384,8192,128,512,176,12974.45,12959.221,12981.268,
mixed,128,16,0.125,4.0,16384,8192,512,2048,704,12981.747,13312.403,12974.293,-0.0225
mixed,128,16,0.125,4.0,16384,8192,2048,8192,2816,13637.142,15847.09,13593.014,-0.02
mixed,128,16,0.125,4.0,16384,8192,8192,32768,11264,17120.754,25559.181,16942.901,-0.0211
mixed,128,16,0.125,4.0,16384,20480,128,512,176,21942.16,21872.501,21897.939,
mixed,128,16,0.125,4.0,16384,20480,512,2048,704,21885.554,22000.208,21860.788,-0.216
mixed,128,16,0.125,4.0,16384,20480,2048,8192,2816,22154.772,24279.729,22126.359,-0.0134
mixed,128,16,0.125,4.0,16384,20480,8192,32768,11264,25570.805,34564.656,25380.917,-0.0211
mixed,128,16,0.125,4.0,32768,0,128,512,176,25375.957,25471.065,25385.336,0.0986
mixed,128,16,0.125,4.0,32768,0,512,2048,704,25490.904,25748.631,25505.978,0.0585
mixed,128,16,0.125,4.0,32768,0,2048,8192,2816,22660.73,28303.452,26025.085,0.5962
mixed,128,16,0.125,4.0,32768,0,8192,32768,11264,29556.218,38317.179,29397.63,-0.0181
mixed,128,16,0.125,4.0,32768,512,128,512,176,26102.592,26219.264,26118.817,0.1391
mixed,128,16,0.125,4.0,32768,512,512,2048,704,22769.28,22988.129,26233.697,15.8302
mixed,128,16,0.125,4.0,32768,512,2048,8192,2816,23273.858,29004.231,26725.86,0.6024
mixed,128,16,0.125,4.0,32768,512,8192,32768,11264,30260.55,39296.103,30093.0,-0.0185
mixed,128,16,0.125,4.0,32768,2048,128,512,176,28262.98,24589.092,28260.231,
mixed,128,16,0.125,4.0,32768,2048,512,2048,704,24669.321,24869.927,28362.823,18.4117
mixed,128,16,0.125,4.0,32768,2048,2048,8192,2816,25109.895,31112.269,28838.638,0.6212
mixed,128,16,0.125,4.0,32768,2048,8192,32768,11264,32382.958,41156.116,32213.135,-0.0194
pure,128,32,0.25,4.0,0,0,128,512,224,118.593,227.04,145.889,0.2517
pure,128,32,0.25,4.0,0,0,512,2048,896,340.0,454.881,239.199,-0.8774
pure,128,32,0.25,4.0,0,0,2048,8192,3584,757.76,1656.192,835.456,0.0865
pure,128,32,0.25,4.0,0,0,8192,32768,14336,2857.761,6469.412,3222.273,0.1009
mixed,128,32,0.25,4.0,16,0,128,512,224,208.032,422.337,251.073,0.2008
mixed,128,32,0.25,4.0,16,0,512,2048,896,648.16,1330.433,644.224,-0.0058
mixed,128,32,0.25,4.0,16,0,2048,8192,3584,2235.811,4963.302,2234.69,-0.0004
mixed,128,32,0.25,4.0,16,0,8192,32768,14336,8617.544,19405.842,8574.633,-0.004
mixed,128,32,0.25,4.0,16,512,128,512,224,211.52,423.808,252.895,0.1949
mixed,128,32,0.25,4.0,16,512,512,2048,896,648.483,1328.002,651.167,0.0039
mixed,128,32,0.25,4.0,16,512,2048,8192,3584,2236.514,4974.309,2231.555,-0.0018
mixed,128,32,0.25,4.0,16,512,8192,32768,14336,8588.969,19460.151,8580.588,-0.0008
mixed,128,32,0.25,4.0,16,2048,128,512,224,379.552,449.184,413.889,0.4931
mixed,128,32,0.25,4.0,16,2048,512,2048,896,655.361,1331.234,647.33,-0.0119
mixed,128,32,0.25,4.0,16,2048,2048,8192,3584,2240.931,4970.344,2242.883,0.0007
mixed,128,32,0.25,4.0,16,2048,8192,32768,14336,8606.092,19472.221,8585.548,-0.0019
mixed,128,32,0.25,4.0,16,8192,128,512,224,1225.347,1293.347,1262.274,0.543
mixed,128,32,0.25,4.0,16,8192,512,2048,896,1368.866,1573.635,1400.994,0.1569
mixed,128,32,0.25,4.0,16,8192,2048,8192,3584,2241.379,4993.641,1495.043,-0.2712
mixed,128,32,0.25,4.0,16,8192,8192,32768,14336,5740.2,12934.581,5723.753,-0.0023
mixed,128,32,0.25,4.0,16,20480,128,512,224,1955.905,1988.1,1973.06,0.5328
mixed,128,32,0.25,4.0,16,20480,512,2048,896,2037.125,2178.788,2059.523,0.1581
mixed,128,32,0.25,4.0,16,20480,2048,8192,3584,2372.132,3336.261,2426.245,0.0561
mixed,128,32,0.25,4.0,16,20480,8192,32768,14336,5736.49,12975.958,5720.042,-0.0023
mixed,128,32,0.25,4.0,64,0,128,512,224,140.608,284.351,171.328,0.2137
mixed,128,32,0.25,4.0,64,0,512,2048,896,435.232,888.194,432.096,-0.0069
mixed,128,32,0.25,4.0,64,0,2048,8192,3584,1491.874,3313.767,1492.164,0.0002
mixed,128,32,0.25,4.0,64,0,8192,32768,14336,5747.211,12958.201,5723.307,-0.0033
mixed,128,32,0.25,4.0,64,512,128,512,224,143.297,287.009,170.175,0.187
mixed,128,32,0.25,4.0,64,512,512,2048,896,435.107,887.489,433.92,-0.0026
mixed,128,32,0.25,4.0,64,512,2048,8192,3584,1499.011,3317.447,1490.787,-0.0045
mixed,128,32,0.25,4.0,64,512,8192,32768,14336,5717.709,12940.186,5717.804,0.0
mixed,128,32,0.25,4.0,64,2048,128,512,224,257.727,303.681,279.779,0.4799
mixed,128,32,0.25,4.0,64,2048,512,2048,896,436.449,896.994,435.201,-0.0027
mixed,128,32,0.25,4.0,64,2048,2048,8192,3584,1493.028,3316.295,1495.012,0.0011
mixed,128,32,0.25,4.0,64,2048,8192,32768,14336,5714.797,12993.79,5718.157,0.0005
mixed,128,32,0.25,4.0,64,8192,128,512,224,819.394,864.416,840.546,0.4698
mixed,128,32,0.25,4.0,64,8192,512,2048,896,913.601,1053.538,934.883,0.1521
mixed,128,32,0.25,4.0,64,8192,2048,8192,3584,1495.332,3329.192,1497.572,0.0012
mixed,128,32,0.25,4.0,64,8192,8192,32768,14336,5731.855,12947.872,5717.965,-0.0019
mixed,128,32,0.25,4.0,64,20480,128,512,224,1958.66,1985.702,1960.068,0.0521
mixed,128,32,0.25,4.0,64,20480,512,2048,896,2040.483,2179.014,2060.901,0.1474
mixed,128,32,0.25,4.0,64,20480,2048,8192,3584,2368.07,3318.375,2420.87,0.0556
mixed,128,32,0.25,4.0,64,20480,8192,32768,14336,5729.359,12979.426,5720.976,-0.0012
mixed,128,32,0.25,4.0,256,0,128,512,224,158.176,299.937,279.265,0.8542
mixed,128,32,0.25,4.0,256,0,512,2048,896,449.601,899.075,441.377,-0.0183
mixed,128,32,0.25,4.0,256,0,2048,8192,3584,1503.492,3308.2,1498.788,-0.0026
mixed,128,32,0.25,4.0,256,0,8192,32768,14336,5729.648,12943.172,5718.704,-0.0015
mixed,128,32,0.25,4.0,256,512,128,512,224,167.84,303.841,194.176,0.1936
mixed,128,32,0.25,4.0,256,512,512,2048,896,448.451,896.707,443.81,-0.0104
mixed,128,32,0.25,4.0,256,512,2048,8192,3584,1502.692,3303.082,1501.797,-0.0005
mixed,128,32,0.25,4.0,256,512,8192,32768,14336,5728.049,12920.807,5726.129,-0.0003
mixed,128,32,0.25,4.0,256,2048,128,512,224,293.697,365.984,301.824,0.1124
mixed,128,32,0.25,4.0,256,2048,512,2048,896,466.465,900.45,459.618,-0.0158
mixed,128,32,0.25,4.0,256,2048,2048,8192,3584,1500.485,3307.434,1503.27,0.0015
mixed,128,32,0.25,4.0,256,2048,8192,32768,14336,5709.074,12920.616,5719.794,0.0015
mixed,128,32,0.25,4.0,256,8192,128,512,224,854.754,928.227,863.843,0.1237
mixed,128,32,0.25,4.0,256,8192,512,2048,896,1005.858,1240.323,1001.379,-0.0191
mixed,128,32,0.25,4.0,256,8192,2048,8192,3584,1577.093,3306.314,1623.686,0.0269
mixed,128,32,0.25,4.0,256,8192,8192,32768,14336,5718.45,12913.289,5718.194,-0.0
mixed,128,32,0.25,4.0,256,20480,128,512,224,1980.518,2054.79,1986.694,0.0832
mixed,128,32,0.25,4.0,256,20480,512,2048,896,2127.976,2368.52,2131.24,0.0136
mixed,128,32,0.25,4.0,256,20480,2048,8192,3584,2703.495,3668.588,2620.458,-0.086
mixed,128,32,0.25,4.0,256,20480,8192,32768,14336,5733.972,12953.578,5710.803,-0.0032
mixed,128,32,0.25,4.0,1024,0,128,512,224,237.505,388.13,266.496,0.1925
mixed,128,32,0.25,4.0,1024,0,512,2048,896,542.85,977.41,528.162,-0.0338
mixed,128,32,0.25,4.0,1024,0,2048,8192,3584,1577.605,3387.948,1569.766,-0.0043
mixed,128,32,0.25,4.0,1024,0,8192,32768,14336,5788.532,13019.438,5789.365,0.0001
mixed,128,32,0.25,4.0,1024,512,128,512,224,267.425,408.482,287.778,0.1443
mixed,128,32,0.25,4.0,1024,512,512,2048,896,569.73,1018.211,546.721,-0.0513
mixed,128,32,0.25,4.0,1024,512,2048,8192,3584,1599.11,3401.485,2415.434,0.4529
mixed,128,32,0.25,4.0,1024,512,8192,32768,14336,5822.806,13033.582,5807.222,-0.0022
mixed,128,32,0.25,4.0,1024,2048,128,512,224,411.713,481.826,430.562,0.2688
mixed,128,32,0.25,4.0,1024,2048,512,2048,896,628.226,1136.644,610.146,-0.0356
mixed,128,32,0.25,4.0,1024,2048,2048,8192,3584,1759.079,3422.156,1645.958,-0.068
mixed,128,32,0.25,4.0,1024,2048,8192,32768,14336,5810.934,13023.791,5828.63,0.0025
mixed,128,32,0.25,4.0,1024,8192,128,512,224,976.228,1044.037,993.251,0.251
mixed,128,32,0.25,4.0,1024,8192,512,2048,896,1116.196,1345.286,1147.749,0.1377
mixed,128,32,0.25,4.0,1024,8192,2048,8192,3584,1944.84,4091.921,1908.616,-0.0169
mixed,128,32,0.25,4.0,1024,8192,8192,32768,14336,6525.017,13036.177,6401.337,-0.019
mixed,128,32,0.25,4.0,1024,20480,128,512,224,2102.537,2168.935,2120.904,0.2766
mixed,128,32,0.25,4.0,1024,20480,512,2048,896,2241.929,2464.266,2279.816,0.1704
mixed,128,32,0.25,4.0,1024,20480,2048,8192,3584,2758.059,4403.824,2814.539,0.0343
mixed,128,32,0.25,4.0,1024,20480,8192,32768,14336,7042.972,14820.986,6537.977,-0.0649
mixed,128,32,0.25,4.0,4096,0,128,512,224,790.116,940.932,814.245,0.16
mixed,128,32,0.25,4.0,4096,0,512,2048,896,1098.404,1570.023,1076.933,-0.0455
mixed,128,32,0.25,4.0,4096,0,2048,8192,3584,2201.641,3952.75,2138.408,-0.0361
mixed,128,32,0.25,4.0,4096,0,8192,32768,14336,6285.978,13459.767,6436.282,0.021
mixed,128,32,0.25,4.0,4096,512,128,512,224,889.603,1029.316,902.756,0.0941
mixed,128,32,0.25,4.0,4096,512,512,2048,896,1183.718,1654.502,1164.067,-0.0417
mixed,128,32,0.25,4.0,4096,512,2048,8192,3584,2302.89,4049.969,2222.985,-0.0457
mixed,128,32,0.25,4.0,4096,512,8192,32768,14336,6388.506,13467.062,6527.387,0.0196
mixed,128,32,0.25,4.0,4096,2048,128,512,224,1165.059,1291.045,1175.524,0.0831
mixed,128,32,0.25,4.0,4096,2048,512,2048,896,1447.622,1915.465,1426.823,-0.0445
mixed,128,32,0.25,4.0,4096,2048,2048,8192,3584,2554.891,4370.386,2474.539,-0.0443
mixed,128,32,0.25,4.0,4096,2048,8192,32768,14336,6716.286,13632.058,6753.627,0.0054
mixed,128,32,0.25,4.0,4096,8192,128,512,224,2254.154,2345.129,2260.074,0.0651
mixed,128,32,0.25,4.0,4096,8192,512,2048,896,2499.434,2963.565,2478.123,-0.0459
mixed,128,32,0.25,4.0,4096,8192,2048,8192,3584,3600.592,5449.336,3523.569,-0.0417
mixed,128,32,0.25,4.0,4096,8192,8192,32768,14336,7919.842,15069.024,7792.74,-0.0178
mixed,128,32,0.25,4.0,4096,20480,128,512,224,4490.356,4538.867,4489.683,-0.0139
mixed,128,32,0.25,4.0,4096,20480,512,2048,896,4618.901,5075.733,4585.204,-0.0738
mixed,128,32,0.25,4.0,4096,20480,2048,8192,3584,5714.268,7604.418,5634.297,-0.0423
mixed,128,32,0.25,4.0,4096,20480,8192,32768,14336,10059.597,17318.283,9974.316,-0.0117
mixed,128,32,0.25,4.0,16384,0,128,512,224,7088.769,7167.391,7104.034,0.1942
mixed,128,32,0.25,4.0,16384,0,512,2048,896,7263.584,7709.635,7240.256,-0.0523
mixed,128,32,0.25,4.0,16384,0,2048,8192,3584,8346.086,10231.149,8254.918,-0.0484
mixed,128,32,0.25,4.0,16384,0,8192,32768,14336,12739.61,19760.344,12489.4,-0.0356
mixed,128,32,0.25,4.0,16384,512,128,512,224,7452.642,7529.506,7461.729,0.1182
mixed,128,32,0.25,4.0,16384,512,512,2048,896,7614.821,8065.061,7597.153,-0.0392
mixed,128,32,0.25,4.0,16384,512,2048,8192,3584,8692.648,10574.736,8606.342,-0.0459
mixed,128,32,0.25,4.0,16384,512,8192,32768,14336,13111.004,20119.931,12841.307,-0.0385
mixed,128,32,0.25,4.0,16384,2048,128,512,224,8527.846,8618.214,8524.711,-0.0347
mixed,128,32,0.25,4.0,16384,2048,512,2048,896,8707.431,9111.722,8666.153,-0.1021
mixed,128,32,0.25,4.0,16384,2048,2048,8192,3584,9743.276,11631.349,14489.41,2.5137
mixed,128,32,0.25,4.0,16384,2048,8192,32768,14336,14165.603,21228.638,13882.723,-0.0401
mixed,128,32,0.25,4.0,16384,8192,128,512,224,12980.757,12967.312,12986.127,
mixed,128,32,0.25,4.0,16384,8192,512,2048,896,13043.44,13310.642,13032.132,-0.0423
mixed,128,32,0.25,4.0,16384,8192,2048,8192,3584,13955.27,15848.087,13865.322,-0.0475
mixed,128,32,0.25,4.0,16384,8192,8192,32768,14336,18417.116,25579.744,18112.317,-0.0426
mixed,128,32,0.25,4.0,16384,20480,128,512,224,21897.175,21893.291,21923.754,
mixed,128,32,0.25,4.0,16384,20480,512,2048,896,21868.117,22001.671,21873.579,0.0409
mixed,128,32,0.25,4.0,16384,20480,2048,8192,3584,22376.427,24282.32,22287.786,-0.0465
mixed,128,32,0.25,4.0,16384,20480,8192,32768,14336,26836.991,34546.807,26512.997,-0.042
mixed,128,32,0.25,4.0,32768,0,128,512,224,25379.163,25440.062,22077.838,-54.2098
mixed,128,32,0.25,4.0,32768,0,512,2048,896,22189.424,22377.03,25521.483,17.7609
mixed,128,32,0.25,4.0,32768,0,2048,8192,3584,22940.575,28301.427,26299.73,0.6266
mixed,128,32,0.25,4.0,32768,0,8192,32768,14336,30810.731,38316.655,30506.436,-0.0405
mixed,128,32,0.25,4.0,32768,512,128,512,224,26127.279,22765.984,22736.979,
mixed,128,32,0.25,4.0,32768,512,512,2048,896,26247.999,22995.176,26255.532,
mixed,128,32,0.25,4.0,32768,512,2048,8192,3584,27101.679,29004.901,27002.834,-0.0519
mixed,128,32,0.25,4.0,32768,512,8192,32768,14336,31516.532,39037.426,31218.54,-0.0396
mixed,128,32,0.25,4.0,32768,2048,128,512,224,28246.944,42498.662,28258.975,0.0008
mixed,128,32,0.25,4.0,32768,2048,512,2048,896,28369.545,28599.827,24670.048,-16.0651
mixed,128,32,0.25,4.0,32768,2048,2048,8192,3584,29211.504,31110.488,29114.546,-0.0511
mixed,128,32,0.25,4.0,32768,2048,8192,32768,14336,33644.545,41166.781,33320.377,-0.0431
pure,128,64,0.5,4.0,0,0,128,512,320,103.467,152.628,113.933,0.2129
pure,128,64,0.5,4.0,0,0,512,2048,1280,301.604,453.304,301.989,0.0025
pure,128,64,0.5,4.0,0,0,2048,8192,5120,1056.769,1654.248,1060.321,0.0059
pure,128,64,0.5,4.0,0,0,8192,32768,20480,4074.509,6452.746,4082.506,0.0034
mixed,128,64,0.5,4.0,16,0,128,512,320,184.598,283.298,307.587,1.2461
mixed,128,64,0.5,4.0,16,0,512,2048,1280,586.373,886.794,581.732,-0.0154
mixed,128,64,0.5,4.0,16,0,2048,8192,5120,2106.198,3312.932,2094.324,-0.0098
mixed,128,64,0.5,4.0,16,0,8192,32768,20480,8178.615,12921.275,8169.904,-0.0018
mixed,128,64,0.5,4.0,16,512,128,512,320,187.222,285.28,205.815,0.1896
mixed,128,64,0.5,4.0,16,512,512,2048,1280,587.269,886.468,582.306,-0.0166
mixed,128,64,0.5,4.0,16,512,2048,8192,5120,2100.59,3305.655,2100.846,0.0002
mixed,128,64,0.5,4.0,16,512,8192,32768,20480,8180.6,12976.074,8159.949,-0.0043
mixed,128,64,0.5,4.0,16,2048,128,512,320,264.125,300.386,293.761,0.8173
mixed,128,64,0.5,4.0,16,2048,512,2048,1280,588.063,887.169,583.839,-0.0141
mixed,128,64,0.5,4.0,16,2048,2048,8192,5120,2101.828,3311.655,2101.444,-0.0003
mixed,128,64,0.5,4.0,16,2048,8192,32768,20480,8142.0,12960.37,8151.434,0.002
mixed,128,64,0.5,4.0,16,8192,128,512,320,830.009,868.54,858.491,0.7392
mixed,128,64,0.5,4.0,16,8192,512,2048,1280,962.886,1057.744,1026.701,0.6727
mixed,128,64,0.5,4.0,16,8192,2048,8192,5120,2107.357,3318.813,3159.404,0.8684
mixed,128,64,0.5,4.0,16,8192,8192,32768,20480,8170.997,12927.486,8161.87,-0.0019
mixed,128,64,0.5,4.0,16,20480,128,512,320,1953.224,1992.527,1977.866,0.627
mixed,128,64,0.5,4.0,16,20480,512,2048,1280,2087.287,2179.776,2157.566,0.7599
mixed,128,64,0.5,4.0,16,20480,2048,8192,5120,2561.189,3322.321,2841.054,0.3677
mixed,128,64,0.5,4.0,16,20480,8192,32768,20480,8182.71,12978.389,8178.354,-0.0009
mixed,128,64,0.5,4.0,64,0,128,512,320,185.747,284.284,204.918,0.1946
mixed,128,64,0.5,4.0,64,0,512,2048,1280,587.098,889.497,583.322,-0.0125
mixed,128,64,0.5,4.0,64,0,2048,8192,5120,2099.405,3319.782,2101.485,0.0017
mixed,128,64,0.5,4.0,64,0,8192,32768,20480,8175.739,12978.185,8167.477,-0.0017
mixed,128,64,0.5,4.0,64,512,128,512,320,187.091,284.251,206.932,0.2042
mixed,128,64,0.5,4.0,64,512,512,2048,1280,588.152,886.71,583.384,-0.016
mixed,128,64,0.5,4.0,64,512,2048,8192,5120,2094.247,3318.395,2098.15,0.0032
mixed,128,64,0.5,4.0,64,512,8192,32768,20480,8178.752,19427.614,8163.065,-0.0014
mixed,128,64,0.5,4.0,64,2048,128,512,320,267.162,304.38,296.668,0.7928
mixed,128,64,0.5,4.0,64,2048,512,2048,1280,589.303,894.29,586.358,-0.0097
mixed,128,64,0.5,4.0,64,2048,2048,8192,5120,2102.08,3309.55,2100.864,-0.001
mixed,128,64,0.5,4.0,64,2048,8192,32768,20480,8158.915,12952.05,8173.375,0.003
mixed,128,64,0.5,4.0,64,8192,128,512,320,832.971,865.742,856.172,0.708
mixed,128,64,0.5,4.0,64,8192,512,2048,1280,963.86,1051.58,1031.581,0.772
mixed,128,64,0.5,4.0,64,8192,2048,8192,5120,2107.162,3319.238,2101.369,-0.0048
mixed,128,64,0.5,4.0,64,8192,8192,32768,20480,8186.767,12969.87,8164.361,-0.0047
mixed,128,64,0.5,4.0,64,20480,128,512,320,2938.751,1992.171,1986.411,
mixed,128,64,0.5,4.0,64,20480,512,2048,1280,2087.892,2178.427,2154.585,0.7367
mixed,128,64,0.5,4.0,64,20480,2048,8192,5120,2565.563,3311.322,2846.066,0.3761
mixed,128,64,0.5,4.0,64,20480,8192,32768,20480,8186.359,12960.234,8141.392,-0.0094
mixed,128,64,0.5,4.0,256,0,128,512,320,205.106,299.801,223.538,0.1946
mixed,128,64,0.5,4.0,256,0,512,2048,1280,602.836,898.027,591.92,-0.037
mixed,128,64,0.5,4.0,256,0,2048,8192,5120,2109.488,3304.626,2097.645,-0.0099
mixed,128,64,0.5,4.0,256,0,8192,32768,20480,8139.581,12945.797,8139.417,-0.0
mixed,128,64,0.5,4.0,256,512,128,512,320,212.049,304.44,229.939,0.1936
mixed,128,64,0.5,4.0,256,512,512,2048,1280,600.304,899.145,593.968,-0.0212
mixed,128,64,0.5,4.0,256,512,2048,8192,5120,2105.608,3307.722,2097.992,-0.0063
mixed,128,64,0.5,4.0,256,512,8192,32768,20480,8120.039,12919.68,8143.365,0.0049
mixed,128,64,0.5,4.0,256,2048,128,512,320,317.849,365.308,328.379,0.2219
mixed,128,64,0.5,4.0,256,2048,512,2048,1280,607.985,900.422,602.384,-0.0192
mixed,128,64,0.5,4.0,256,2048,2048,8192,5120,2101.156,3310.049,2102.213,0.0009
mixed,128,64,0.5,4.0,256,2048,8192,32768,20480,8120.658,12928.421,8138.736,0.0038
mixed,128,64,0.5,4.0,256,8192,128,512,320,880.611,928.679,889.86,0.1924
mixed,128,64,0.5,4.0,256,8192,512,2048,1280,1085.458,1241.053,1081.265,-0.0269
mixed,128,64,0.5,4.0,256,8192,2048,8192,5120,2107.968,3315.867,2103.358,-0.0038
mixed,128,64,0.5,4.0,256,8192,8192,32768,20480,8111.618,12917.412,8133.725,0.0046
mixed,128,64,0.5,4.0,256,20480,128,512,320,2006.388,2050.807,2018.998,0.2839
mixed,128,64,0.5,4.0,256,20480,512,2048,1280,2211.012,2371.407,2204.865,-0.0383
mixed,128,64,0.5,4.0,256,20480,2048,8192,5120,3012.06,3665.932,3015.229,0.0048
mixed,128,64,0.5,4.0,256,20480,8192,32768,20480,8108.749,12959.179,8158.958,0.0104
mixed,128,64,0.5,4.0,1024,0,128,512,320,286.677,389.051,300.373,0.1338
mixed,128,64,0.5,4.0,1024,0,512,2048,1280,689.202,975.236,666.352,-0.0799
mixed,128,64,0.5,4.0,1024,0,2048,8192,5120,2176.826,5085.287,2144.473,-0.0111
mixed,128,64,0.5,4.0,1024,0,8192,32768,20480,8213.571,12994.768,8205.407,-0.0017
mixed,128,64,0.5,4.0,1024,512,128,512,320,309.974,408.414,322.934,0.1317
mixed,128,64,0.5,4.0,1024,512,512,2048,1280,727.219,1020.392,689.745,-0.1278
mixed,128,64,0.5,4.0,1024,512,2048,8192,5120,2199.097,3400.426,2151.603,-0.0395
mixed,128,64,0.5,4.0,1024,512,8192,32768,20480,8215.218,13096.318,8206.35,-0.0018
mixed,128,64,0.5,4.0,1024,2048,128,512,320,435.708,482.881,454.91,0.4071
mixed,128,64,0.5,4.0,1024,2048,512,2048,1280,783.38,1135.309,778.516,-0.0138
mixed,128,64,0.5,4.0,1024,2048,2048,8192,5120,2353.662,3430.821,2225.332,-0.1191
mixed,128,64,0.5,4.0,1024,2048,8192,32768,20480,8220.351,13036.926,8165.308,-0.0114
mixed,128,64,0.5,4.0,1024,8192,128,512,320,997.985,1044.42,1016.58,0.4005
mixed,128,64,0.5,4.0,1024,8192,512,2048,1280,1191.95,1345.527,1230.575,0.2515
mixed,128,64,0.5,4.0,1024,8192,2048,8192,5120,2613.864,4096.04,2669.867,0.0378
mixed,128,64,0.5,4.0,1024,8192,8192,32768,20480,8625.1,13002.275,8256.082,-0.0843
mixed,128,64,0.5,4.0,1024,20480,128,512,320,2123.111,2172.394,2143.209,0.4078
mixed,128,64,0.5,4.0,1024,20480,512,2048,1280,2322.003,2465.405,2353.333,0.2185
mixed,128,64,0.5,4.0,1024,20480,2048,8192,5120,3092.484,4403.83,3109.283,0.0128
mixed,128,64,0.5,4.0,1024,20480,8192,32768,20480,9992.115,14828.701,13800.666,0.7874
mixed,128,64,0.5,4.0,4096,0,128,512,320,837.492,941.051,849.651,0.1174
mixed,128,64,0.5,4.0,4096,0,512,2048,1280,1253.646,1570.594,1214.635,-0.1231
mixed,128,64,0.5,4.0,4096,0,2048,8192,5120,2788.458,3952.85,2706.692,-0.0702
mixed,128,64,0.5,4.0,4096,0,8192,32768,20480,8622.668,13411.213,8566.117,-0.0118
mixed,128,64,0.5,4.0,4096,512,128,512,320,925.75,1029.182,937.656,0.1151
mixed,128,64,0.5,4.0,4096,512,512,2048,1280,1341.327,1654.916,1300.782,-0.1293
mixed,128,64,0.5,4.0,4096,512,2048,8192,5120,2899.374,4057.778,2788.933,-0.0953
mixed,128,64,0.5,4.0,4096,512,8192,32768,20480,8700.738,13523.325,8624.473,-0.0158
mixed,128,64,0.5,4.0,4096,2048,128,512,320,1189.19,1291.659,1199.334,0.099
mixed,128,64,0.5,4.0,4096,2048,512,2048,1280,1602.334,1913.775,1563.034,-0.1262
mixed,128,64,0.5,4.0,4096,2048,2048,8192,5120,3202.746,4378.846,3039.503,-0.1388
mixed,128,64,0.5,4.0,4096,2048,8192,32768,20480,9054.985,13677.648,8946.624,-0.0234
mixed,128,64,0.5,4.0,4096,8192,128,512,320,2264.29,2337.574,2276.738,0.1699
mixed,128,64,0.5,4.0,4096,8192,512,2048,1280,2655.093,2964.999,2614.228,-0.1319
mixed,128,64,0.5,4.0,4096,8192,2048,8192,5120,4234.638,5452.626,4090.726,-0.1182
mixed,128,64,0.5,4.0,4096,8192,8192,32768,20480,10304.48,15059.079,10117.619,-0.0393
mixed,128,64,0.5,4.0,4096,20480,128,512,320,4496.854,4514.043,4496.825,-0.0017
mixed,128,64,0.5,4.0,4096,20480,512,2048,1280,4766.087,5073.557,4723.683,-0.1379
mixed,128,64,0.5,4.0,4096,20480,2048,8192,5120,6361.884,7613.538,6198.16,-0.1308
mixed,128,64,0.5,4.0,4096,20480,8192,32768,20480,12474.854,17338.125,12269.622,-0.0422
mixed,128,64,0.5,4.0,16384,0,128,512,320,7122.337,7183.652,7135.359,0.2124
mixed,128,64,0.5,4.0,16384,0,512,2048,1280,7388.714,7708.574,7336.937,-0.1619
mixed,128,64,0.5,4.0,16384,0,2048,8192,5120,8972.959,10225.793,8804.757,-0.1343
mixed,128,64,0.5,4.0,16384,0,8192,32768,20480,15146.882,19799.735,14773.323,-0.0803
mixed,128,64,0.5,4.0,16384,512,128,512,320,7479.177,7539.115,7495.147,0.2664
mixed,128,64,0.5,4.0,16384,512,512,2048,1280,7736.534,8061.574,7687.409,-0.1511
mixed,128,64,0.5,4.0,16384,512,2048,8192,5120,13983.477,10579.077,9155.962,
mixed,128,64,0.5,4.0,16384,512,8192,32768,20480,15492.065,20140.75,15120.36,-0.08
mixed,128,64,0.5,4.0,16384,2048,128,512,320,8547.384,8619.803,8574.133,0.3694
mixed,128,64,0.5,4.0,16384,2048,512,2048,1280,8784.543,9115.633,8774.014,-0.0318
mixed,128,64,0.5,4.0,16384,2048,2048,8192,5120,10374.03,11627.244,10210.853,-0.1302
mixed,128,64,0.5,4.0,16384,2048,8192,32768,20480,16611.907,21221.515,16173.418,-0.0951
mixed,128,64,0.5,4.0,16384,8192,128,512,320,12963.174,12938.951,12982.729,
mixed,128,64,0.5,4.0,16384,8192,512,2048,1280,13115.822,13312.403,13093.641,-0.1128
mixed,128,64,0.5,4.0,16384,8192,2048,8192,5120,14580.432,15847.502,14411.333,-0.1335
mixed,128,64,0.5,4.0,16384,8192,8192,32768,20480,31289.503,25586.853,20369.154,
mixed,128,64,0.5,4.0,16384,20480,128,512,320,21876.362,21874.056,21891.11,
mixed,128,64,0.5,4.0,16384,20480,512,2048,1280,21896.295,21990.025,21924.644,0.3025
mixed,128,64,0.5,4.0,16384,20480,2048,8192,5120,23022.617,24271.635,22834.507,-0.1506
mixed,128,64,0.5,4.0,16384,20480,8192,32768,20480,29481.67,34533.492,28742.364,-0.1463
mixed,128,64,0.5,4.0,32768,0,128,512,320,25386.713,25485.338,25418.52,0.3225
mixed,128,64,0.5,4.0,32768,0,512,2048,1280,25562.681,22375.49,25588.635,
mixed,128,64,0.5,4.0,32768,0,2048,8192,5120,27033.594,28300.178,26843.501,-0.1501
mixed,128,64,0.5,4.0,32768,0,8192,32768,20480,33331.448,38320.605,32752.754,-0.116
mixed,128,64,0.5,4.0,32768,512,128,512,320,26155.069,22744.544,22717.048,
mixed,128,64,0.5,4.0,32768,512,512,2048,1280,22851.647,26456.486,26319.74,0.9621
mixed,128,64,0.5,4.0,32768,512,2048,8192,5120,27731.389,28997.204,27541.904,-0.1497
mixed,128,64,0.5,4.0,32768,512,8192,32768,20480,34038.646,39041.398,33435.794,-0.1205
mixed,128,64,0.5,4.0,32768,2048,128,512,320,28308.455,28345.156,24574.04,-101.7524
mixed,128,64,0.5,4.0,32768,2048,512,2048,1280,28454.662,28604.682,24719.291,-24.8992
mixed,128,64,0.5,4.0,32768,2048,2048,8192,5120,29848.575,31109.589,29659.315,-0.1501
mixed,128,64,0.5,4.0,32768,2048,8192,32768,20480,36146.004,41175.182,35534.158,-0.1217
pure,128,96,0.75,4.0,0,0,128,512,416,128.934,152.935,147.431,0.7707
pure,128,96,0.75,4.0,0,0,512,2048,1664,376.272,452.533,447.923,0.9395
pure,128,96,0.75,4.0,0,0,2048,8192,6656,1350.652,1650.056,1638.279,0.9607
pure,128,96,0.75,4.0,0,0,8192,32768,26624,5270.886,6469.468,6413.239,0.9531
mixed,128,96,0.75,4.0,16,0,128,512,416,234.731,282.796,245.643,0.227
mixed,128,96,0.75,4.0,16,0,512,2048,1664,736.127,885.126,739.265,0.0211
mixed,128,96,0.75,4.0,16,0,2048,8192,6656,2699.157,3318.99,2712.661,0.0218
mixed,128,96,0.75,4.0,16,0,8192,32768,26624,10556.324,12948.809,10584.705,0.0119
mixed,128,96,0.75,4.0,16,512,128,512,416,234.762,284.716,248.235,0.2697
mixed,128,96,0.75,4.0,16,512,512,2048,1664,736.832,887.429,736.639,-0.0013
mixed,128,96,0.75,4.0,16,512,2048,8192,6656,2699.505,3313.195,2715.314,0.0258
mixed,128,96,0.75,4.0,16,512,8192,32768,26624,10524.792,12958.524,10577.143,0.0215
mixed,128,96,0.75,4.0,16,2048,128,512,416,280.94,299.597,298.252,0.9279
mixed,128,96,0.75,4.0,16,2048,512,2048,1664,736.191,890.948,739.422,0.0209
mixed,128,96,0.75,4.0,16,2048,2048,8192,6656,2712.496,3311.689,2708.464,-0.0067
mixed,128,96,0.75,4.0,16,2048,8192,32768,26624,10536.303,12962.386,10590.544,0.0224
mixed,128,96,0.75,4.0,16,8192,128,512,416,845.538,865.474,860.324,0.7417
mixed,128,96,0.75,4.0,16,8192,512,2048,1664,1005.832,1054.123,1037.833,0.6627
mixed,128,96,0.75,4.0,16,8192,2048,8192,6656,2705.644,3341.638,2710.989,0.0084
mixed,128,96,0.75,4.0,16,8192,8192,32768,26624,10583.975,12951.75,10570.438,-0.0057
mixed,128,96,0.75,4.0,16,20480,128,512,416,1978.35,1989.391,1982.64,0.3886
mixed,128,96,0.75,4.0,16,20480,512,2048,1664,2126.708,2180.886,2165.078,0.7082
mixed,128,96,0.75,4.0,16,20480,2048,8192,6656,2736.909,3314.595,2877.936,0.2441
mixed,128,96,0.75,4.0,16,20480,8192,32768,26624,10581.152,12990.205,10626.08,0.0186
mixed,128,96,0.75,4.0,64,0,128,512,416,236.041,283.436,246.314,0.2168
mixed,128,96,0.75,4.0,64,0,512,2048,1664,736.412,891.395,737.436,0.0066
mixed,128,96,0.75,4.0,64,0,2048,8192,6656,2699.785,3314.657,2712.967,0.0214
mixed,128,96,0.75,4.0,64,0,8192,32768,26624,10530.038,12950.162,10587.67,0.0238
mixed,128,96,0.75,4.0,64,512,128,512,416,235.656,285.099,248.458,0.2589
mixed,128,96,0.75,4.0,64,512,512,2048,1664,736.445,889.122,737.789,0.0088
mixed,128,96,0.75,4.0,64,512,2048,8192,6656,2708.231,3299.965,2716.358,0.0137
mixed,128,96,0.75,4.0,64,512,8192,32768,26624,10568.367,12958.761,10578.446,0.0042
mixed,128,96,0.75,4.0,64,2048,128,512,416,280.522,304.428,300.653,0.8421
mixed,128,96,0.75,4.0,64,2048,512,2048,1664,738.395,890.465,739.388,0.0065
mixed,128,96,0.75,4.0,64,2048,2048,8192,6656,2709.701,3310.78,2713.124,0.0057
mixed,128,96,0.75,4.0,64,2048,8192,32768,26624,10551.143,19465.614,10594.726,0.0049
mixed,128,96,0.75,4.0,64,8192,128,512,416,850.399,866.784,862.784,0.7559
mixed,128,96,0.75,4.0,64,8192,512,2048,1664,1006.629,1056.872,1040.134,0.6669
mixed,128,96,0.75,4.0,64,8192,2048,8192,6656,2699.715,3326.682,2715.395,0.025
mixed,128,96,0.75,4.0,64,8192,8192,32768,26624,10552.895,12945.911,10575.136,0.0093
mixed,128,96,0.75,4.0,64,20480,128,512,416,1973.031,1994.281,1986.375,0.628
mixed,128,96,0.75,4.0,64,20480,512,2048,1664,2135.788,2184.654,2166.382,0.6261
mixed,128,96,0.75,4.0,64,20480,2048,8192,6656,2727.586,3334.167,2879.24,0.25
mixed,128,96,0.75,4.0,64,20480,8192,32768,26624,10571.291,12947.535,10595.834,0.0103
mixed,128,96,0.75,4.0,256,0,128,512,416,253.064,300.778,260.842,0.163
mixed,128,96,0.75,4.0,256,0,512,2048,1664,749.882,899.071,745.882,-0.0268
mixed,128,96,0.75,4.0,256,0,2048,8192,6656,2703.392,3306.325,2712.768,0.0156
mixed,128,96,0.75,4.0,256,0,8192,32768,26624,10510.706,12943.975,10564.595,0.0221
mixed,128,96,0.75,4.0,256,512,128,512,416,259.016,305.676,266.506,0.1605
mixed,128,96,0.75,4.0,256,512,512,2048,1664,749.818,898.271,750.777,0.0065
mixed,128,96,0.75,4.0,256,512,2048,8192,6656,2703.902,3306.962,2711.165,0.012
mixed,128,96,0.75,4.0,256,512,8192,32768,26624,10565.069,12922.816,10559.468,-0.0024
mixed,128,96,0.75,4.0,256,2048,128,512,416,341.516,364.366,336.396,-0.2241
mixed,128,96,0.75,4.0,256,2048,512,2048,1664,757.466,899.742,751.066,-0.045
mixed,128,96,0.75,4.0,256,2048,2048,8192,6656,2703.164,3305.777,2711.676,0.0141
mixed,128,96,0.75,4.0,256,2048,8192,32768,26624,10544.902,12930.967,10551.462,0.0027
mixed,128,96,0.75,4.0,256,8192,128,512,416,903.614,927.455,899.614,-0.1678
mixed,128,96,0.75,4.0,256,8192,512,2048,1664,1166.375,1239.881,1099.046,-0.916
mixed,128,96,0.75,4.0,256,8192,2048,8192,6656,2708.284,3310.319,2707.579,-0.0012
mixed,128,96,0.75,4.0,256,8192,8192,32768,26624,10526.177,12917.073,10547.041,0.0087
mixed,128,96,0.75,4.0,256,20480,128,512,416,2025.891,2052.069,2027.683,0.0685
mixed,128,96,0.75,4.0,256,20480,512,2048,1664,2291.692,2367.246,2227.208,-0.8535
mixed,128,96,0.75,4.0,256,20480,2048,8192,6656,3333.55,3668.28,3257.259,-0.2279
mixed,128,96,0.75,4.0,256,20480,8192,32768,26624,10527.676,12964.78,10594.333,0.0274
mixed,128,96,0.75,4.0,1024,0,128,512,416,337.963,388.109,332.491,-0.1091
mixed,128,96,0.75,4.0,1024,0,512,2048,1664,833.021,975.807,839.643,0.0464
mixed,128,96,0.75,4.0,1024,0,2048,8192,6656,2784.346,3383.854,2777.243,-0.0118
mixed,128,96,0.75,4.0,1024,0,8192,32768,26624,10621.627,13008.87,10626.523,0.0021
mixed,128,96,0.75,4.0,1024,512,128,512,416,361.451,408.526,355.373,-0.1291
mixed,128,96,0.75,4.0,1024,512,512,2048,1664,873.34,1020.897,877.788,0.0301
mixed,128,96,0.75,4.0,1024,512,2048,8192,6656,2797.082,5103.615,2818.202,0.0092
mixed,128,96,0.75,4.0,1024,512,8192,32768,26624,10701.08,13033.153,10627.765,-0.0314
mixed,128,96,0.75,4.0,1024,2048,128,512,416,459.343,481.454,476.463,0.7743
mixed,128,96,0.75,4.0,1024,2048,512,2048,1664,962.399,1134.595,910.172,-0.3033
mixed,128,96,0.75,4.0,1024,2048,2048,8192,6656,2883.034,3414.093,2970.142,0.164
mixed,128,96,0.75,4.0,1024,2048,8192,32768,26624,10624.625,13092.701,10643.152,0.0075
mixed,128,96,0.75,4.0,1024,8192,128,512,416,1025.504,1042.945,1039.872,0.8238
mixed,128,96,0.75,4.0,1024,8192,512,2048,1664,1264.007,1345.579,1321.064,0.6995
mixed,128,96,0.75,4.0,1024,8192,2048,8192,6656,3363.561,4088.674,3266.887,-0.1333
mixed,128,96,0.75,4.0,1024,8192,8192,32768,26624,10608.427,19522.337,11421.348,0.0912
mixed,128,96,0.75,4.0,1024,20480,128,512,416,2150.34,2172.483,2165.7,0.6937
mixed,128,96,0.75,4.0,1024,20480,512,2048,1664,2391.307,2463.34,2447.755,0.7836
mixed,128,96,0.75,4.0,1024,20480,2048,8192,6656,3953.466,6605.612,3599.791,-0.1334
mixed,128,96,0.75,4.0,1024,20480,8192,32768,26624,12431.167,14841.577,12435.71,0.0019
mixed,128,96,0.75,4.0,4096,0,128,512,416,891.58,940.892,883.099,-0.172
mixed,128,96,0.75,4.0,4096,0,512,2048,1664,1412.235,1571.922,1366.569,-0.286
mixed,128,96,0.75,4.0,4096,0,2048,8192,6656,3369.318,3949.275,3463.946,0.1632
mixed,128,96,0.75,4.0,4096,0,8192,32768,26624,11049.648,13445.625,11278.391,0.0955
mixed,128,96,0.75,4.0,4096,512,128,512,416,1466.86,1028.542,972.03,
mixed,128,96,0.75,4.0,4096,512,512,2048,1664,1497.644,1654.897,1453.996,-0.2776
mixed,128,96,0.75,4.0,4096,512,2048,8192,6656,3476.745,4058.457,3546.026,0.1191
mixed,128,96,0.75,4.0,4096,512,8192,32768,26624,11069.646,13472.342,11387.446,0.1323
mixed,128,96,0.75,4.0,4096,2048,128,512,416,1240.741,1289.958,1233.412,-0.1489
mixed,128,96,0.75,4.0,4096,2048,512,2048,1664,1758.932,1914.105,1714.354,-0.2873
mixed,128,96,0.75,4.0,4096,2048,2048,8192,6656,3809.074,4371.587,3767.664,-0.0736
mixed,128,96,0.75,4.0,4096,2048,8192,32768,26624,11342.067,13635.475,11754.652,0.1799
mixed,128,96,0.75,4.0,4096,8192,128,512,416,2297.637,2338.279,2281.794,-0.3898
mixed,128,96,0.75,4.0,4096,8192,512,2048,1664,2809.522,2965.049,2763.889,-0.2934
mixed,128,96,0.75,4.0,4096,8192,2048,8192,6656,4851.214,5451.618,4749.196,-0.1699
mixed,128,96,0.75,4.0,4096,8192,8192,32768,26624,12661.973,15032.824,13118.593,0.1926
mixed,128,96,0.75,4.0,4096,20480,128,512,416,4497.187,4533.445,4494.946,-0.0618
mixed,128,96,0.75,4.0,4096,20480,512,2048,1664,4921.296,5075.924,4879.056,-0.2732
mixed,128,96,0.75,4.0,4096,20480,2048,8192,6656,6997.676,7611.26,6898.536,-0.1616
mixed,128,96,0.75,4.0,4096,20480,8192,32768,26624,14942.29,17357.4,14925.361,-0.007
mixed,128,96,0.75,4.0,16384,0,128,512,416,7164.56,7170.355,7152.655,-2.0544
mixed,128,96,0.75,4.0,16384,0,512,2048,1664,7554.364,7710.977,7475.959,-0.5006
mixed,128,96,0.75,4.0,16384,0,2048,8192,6656,9597.109,10226.311,9460.817,-0.2166
mixed,128,96,0.75,4.0,16384,0,8192,32768,26624,17426.871,19791.577,17787.426,0.1525
mixed,128,96,0.75,4.0,16384,512,128,512,416,7508.215,7544.665,7508.152,-0.0017
mixed,128,96,0.75,4.0,16384,512,512,2048,1664,7901.188,8063.337,7824.832,-0.4709
mixed,128,96,0.75,4.0,16384,512,2048,8192,6656,9953.597,10573.679,9805.081,-0.2395
mixed,128,96,0.75,4.0,16384,512,8192,32768,26624,17815.325,20120.991,18134.436,0.1384
mixed,128,96,0.75,4.0,16384,2048,128,512,416,8599.668,8627.766,8590.994,-0.3087
mixed,128,96,0.75,4.0,16384,2048,512,2048,1664,8952.383,9110.915,8873.789,-0.4958
mixed,128,96,0.75,4.0,16384,2048,2048,8192,6656,11006.359,17450.672,10855.892,-0.0233
mixed,128,96,0.75,4.0,16384,2048,8192,32768,26624,18909.589,21270.966,19203.261,0.1244
mixed,128,96,0.75,4.0,16384,8192,128,512,416,12973.357,12959.436,12953.261,
mixed,128,96,0.75,4.0,16384,8192,512,2048,1664,13214.098,13313.526,13165.201,-0.4918
mixed,128,96,0.75,4.0,16384,8192,2048,8192,6656,15212.523,15845.564,15042.31,-0.2689
mixed,128,96,0.75,4.0,16384,8192,8192,32768,26624,23297.963,25648.269,23357.036,0.0251
mixed,128,96,0.75,4.0,16384,20480,128,512,416,21891.909,21871.969,21880.737,
mixed,128,96,0.75,4.0,16384,20480,512,2048,1664,21922.529,21996.388,21881.889,-0.5502
mixed,128,96,0.75,4.0,16384,20480,2048,8192,6656,23649.233,24278.595,23513.391,-0.2158
mixed,128,96,0.75,4.0,16384,20480,8192,32768,26624,32111.74,51798.81,31820.561,-0.0148
mixed,128,96,0.75,4.0,32768,0,128,512,416,25443.296,22119.654,22119.938,
mixed,128,96,0.75,4.0,32768,0,512,2048,1664,22260.774,22380.648,25651.527,28.286
mixed,128,96,0.75,4.0,32768,0,2048,8192,6656,27662.108,28298.156,27408.917,-0.3981
mixed,128,96,0.75,4.0,32768,0,8192,32768,26624,35846.299,38310.205,35624.339,-0.0901
mixed,128,96,0.75,4.0,32768,512,128,512,416,26174.638,22752.047,26161.104,
mixed,128,96,0.75,4.0,32768,512,512,2048,1664,26369.938,23002.744,26426.964,
mixed,128,96,0.75,4.0,32768,512,2048,8192,6656,28370.825,29002.905,28118.366,-0.3994
mixed,128,96,0.75,4.0,32768,512,8192,32768,26624,36556.615,39027.688,36324.224,-0.094
mixed,128,96,0.75,4.0,32768,2048,128,512,416,28294.754,28317.251,28281.985,-0.5676
mixed,128,96,0.75,4.0,32768,2048,512,2048,1664,28502.792,28592.587,28520.23,0.1942
mixed,128,96,0.75,4.0,32768,2048,2048,8192,6656,30478.746,31116.812,30223.762,-0.3996
mixed,128,96,0.75,4.0,32768,2048,8192,32768,26624,38678.965,41175.579,38437.712,-0.0966
pure,128,115,0.8984,4.0,0,0,128,512,473,131.236,152.644,149.956,0.8744
pure,128,115,0.8984,4.0,0,0,512,2048,1892,412.842,453.868,449.773,0.9002
pure,128,115,0.8984,4.0,0,0,2048,8192,7568,1532.424,1652.428,1648.972,0.9712
pure,128,115,0.8984,4.0,0,0,8192,32768,30272,5969.249,6470.511,6421.964,0.9032
mixed,128,115,0.8984,4.0,16,0,128,512,473,240.327,283.784,277.446,0.8542
mixed,128,115,0.8984,4.0,16,0,512,2048,1892,797.589,887.832,878.839,0.9003
mixed,128,115,0.8984,4.0,16,0,2048,8192,7568,3059.282,3321.464,3295.032,0.8992
mixed,128,115,0.8984,4.0,16,0,8192,32768,30272,11929.373,12963.256,12919.0,0.9572
mixed,128,115,0.8984,4.0,16,512,128,512,473,240.424,284.84,279.912,0.889
mixed,128,115,0.8984,4.0,16,512,512,2048,1892,800.374,884.984,879.223,0.9319
mixed,128,115,0.8984,4.0,16,512,2048,8192,7568,3065.043,3301.4,3292.409,0.962
mixed,128,115,0.8984,4.0,16,512,8192,32768,30272,11970.557,12953.72,12933.781,0.9797
mixed,128,115,0.8984,4.0,16,2048,128,512,473,288.521,300.711,300.584,0.9896
mixed,128,115,0.8984,4.0,16,2048,512,2048,1892,799.124,891.512,880.855,0.8846
mixed,128,115,0.8984,4.0,16,2048,2048,8192,7568,3055.825,3320.344,3289.27,0.8825
mixed,128,115,0.8984,4.0,16,2048,8192,32768,30272,11945.017,13002.901,12923.538,0.925
mixed,128,115,0.8984,4.0,16,8192,128,512,473,853.782,864.311,862.839,0.8602
mixed,128,115,0.8984,4.0,16,8192,512,2048,1892,1026.746,1053.788,1047.197,0.7563
mixed,128,115,0.8984,4.0,16,8192,2048,8192,7568,3074.385,3322.871,3291.158,0.8724
mixed,128,115,0.8984,4.0,16,8192,8192,32768,30272,11954.615,12973.522,12934.608,0.9618
mixed,128,115,0.8984,4.0,16,20480,128,512,473,1976.98,1989.588,1989.715,1.0101
mixed,128,115,0.8984,4.0,16,20480,512,2048,1892,2160.44,2175.321,2174.841,0.9677
mixed,128,115,0.8984,4.0,16,20480,2048,8192,7568,3066.927,3325.238,3304.085,0.9181
mixed,128,115,0.8984,4.0,16,20480,8192,32768,30272,11951.061,13007.695,12936.91,0.933
mixed,128,115,0.8984,4.0,64,0,128,512,473,240.71,283.911,279.305,0.8934
mixed,128,115,0.8984,4.0,64,0,512,2048,1892,798.549,889.944,882.487,0.9184
mixed,128,115,0.8984,4.0,64,0,2048,8192,7568,3062.0,3306.324,3297.365,0.9633
mixed,128,115,0.8984,4.0,64,0,8192,32768,30272,11975.188,12977.741,12902.347,0.9248
mixed,128,115,0.8984,4.0,64,512,128,512,473,243.078,284.839,280.007,0.8843
mixed,128,115,0.8984,4.0,64,512,512,2048,1892,798.612,889.046,880.312,0.9034
mixed,128,115,0.8984,4.0,64,512,2048,8192,7568,3063.055,3315.988,3298.196,0.9297
mixed,128,115,0.8984,4.0,64,512,8192,32768,30272,17953.227,12957.771,12902.793,
mixed,128,115,0.8984,4.0,64,2048,128,512,473,288.648,303.24,302.44,0.9452
mixed,128,115,0.8984,4.0,64,2048,512,2048,1892,801.556,890.07,879.606,0.8818
mixed,128,115,0.8984,4.0,64,2048,2048,8192,7568,3058.446,3316.18,3299.828,0.9366
mixed,128,115,0.8984,4.0,64,2048,8192,32768,30272,11974.575,12980.938,12945.671,0.965
mixed,128,115,0.8984,4.0,64,8192,128,512,473,855.798,866.422,862.614,0.6416
mixed,128,115,0.8984,4.0,64,8192,512,2048,1892,1027.227,1052.474,1045.883,0.7389
mixed,128,115,0.8984,4.0,64,8192,2048,8192,7568,3067.693,3322.932,3295.124,0.8911
mixed,128,115,0.8984,4.0,64,8192,8192,32768,30272,11932.845,12977.479,12924.998,0.9498
mixed,128,115,0.8984,4.0,64,20480,128,512,473,1979.986,1993.747,1988.755,0.6372
mixed,128,115,0.8984,4.0,64,20480,512,2048,1892,2149.783,2180.471,2174.486,0.805
mixed,128,115,0.8984,4.0,64,20480,2048,8192,7568,3081.068,3322.29,3301.203,0.9126
mixed,128,115,0.8984,4.0,64,20480,8192,32768,30272,11977.389,12981.605,12920.102,0.9388
mixed,128,115,0.8984,4.0,256,0,128,512,473,257.67,299.879,288.007,0.7187
mixed,128,115,0.8984,4.0,256,0,512,2048,1892,809.364,899.414,884.63,0.8358
mixed,128,115,0.8984,4.0,256,0,2048,8192,7568,3066.925,3307.506,3288.338,0.9203
mixed,128,115,0.8984,4.0,256,0,8192,32768,30272,11931.657,12976.676,12916.739,0.9426
mixed,128,115,0.8984,4.0,256,512,128,512,473,263.911,305.128,437.194,4.2042
mixed,128,115,0.8984,4.0,256,512,512,2048,1892,807.925,898.806,884.343,0.8409
mixed,128,115,0.8984,4.0,256,512,2048,8192,7568,3057.004,3304.37,3289.778,0.941
mixed,128,115,0.8984,4.0,256,512,8192,32768,30272,11945.353,12921.537,12919.266,0.9977
mixed,128,115,0.8984,4.0,256,2048,128,512,473,343.144,364.874,344.008,0.0398
mixed,128,115,0.8984,4.0,256,2048,512,2048,1892,813.524,901.718,886.518,0.8277
mixed,128,115,0.8984,4.0,256,2048,2048,8192,7568,3059.084,3306.355,3287.89,0.9253
mixed,128,115,0.8984,4.0,256,2048,8192,32768,30272,11936.198,12922.976,12898.302,0.975
mixed,128,115,0.8984,4.0,256,8192,128,512,473,905.174,929.111,907.03,0.0775
mixed,128,115,0.8984,4.0,256,8192,512,2048,1892,1195.294,1863.631,1108.924,-0.1292
mixed,128,115,0.8984,4.0,256,8192,2048,8192,7568,3069.227,3314.801,3278.449,0.852
mixed,128,115,0.8984,4.0,256,8192,8192,32768,30272,11933.027,12924.094,12904.718,0.9804
mixed,128,115,0.8984,4.0,256,20480,128,512,473,2033.393,2055.508,2036.72,0.1504
mixed,128,115,0.8984,4.0,256,20480,512,2048,1892,2323.183,2371.033,2234.296,-1.8576
mixed,128,115,0.8984,4.0,256,20480,2048,8192,7568,3545.695,3675.545,3273.533,-2.096
mixed,128,115,0.8984,4.0,256,20480,8192,32768,30272,11928.003,12917.558,12944.815,1.0275
mixed,128,115,0.8984,4.0,1024,0,128,512,473,341.643,388.054,362.801,0.4559
mixed,128,115,0.8984,4.0,1024,0,512,2048,1892,888.034,976.661,926.601,0.4352
mixed,128,115,0.8984,4.0,1024,0,2048,8192,7568,3133.991,3388.637,3330.159,0.7704
mixed,128,115,0.8984,4.0,1024,0,8192,32768,30272,12031.612,13006.468,12972.564,0.9652
mixed,128,115,0.8984,4.0,1024,512,128,512,473,363.246,408.536,387.571,0.5371
mixed,128,115,0.8984,4.0,1024,512,512,2048,1892,931.718,1018.646,937.638,0.0681
mixed,128,115,0.8984,4.0,1024,512,2048,8192,7568,3154.165,3408.938,3332.503,0.7
mixed,128,115,0.8984,4.0,1024,512,8192,32768,30272,12017.092,13081.21,12961.56,0.8876
mixed,128,115,0.8984,4.0,1024,2048,128,512,473,461.022,481.315,481.89,1.0283
mixed,128,115,0.8984,4.0,1024,2048,512,2048,1892,1032.116,1136.968,980.297,-0.4942
mixed,128,115,0.8984,4.0,1024,2048,2048,8192,7568,3181.99,3419.412,3322.047,0.5899
mixed,128,115,0.8984,4.0,1024,2048,8192,32768,30272,18102.674,13042.385,12979.132,
mixed,128,115,0.8984,4.0,1024,8192,128,512,473,1023.148,1044.975,1044.623,0.9839
mixed,128,115,0.8984,4.0,1024,8192,512,2048,1892,1291.487,1346.633,1336.358,0.8137
mixed,128,115,0.8984,4.0,1024,8192,2048,8192,7568,3807.625,4096.929,3348.909,-1.5856
mixed,128,115,0.8984,4.0,1024,8192,8192,32768,30272,12039.877,12997.365,12881.141,0.8786
mixed,128,115,0.8984,4.0,1024,20480,128,512,473,2151.838,2169.6,2172.065,1.1388
mixed,128,115,0.8984,4.0,1024,20480,512,2048,1892,2422.383,2464.563,2463.19,0.9674
mixed,128,115,0.8984,4.0,1024,20480,2048,8192,7568,4219.265,4403.747,4130.507,-0.4811
mixed,128,115,0.8984,4.0,1024,20480,8192,32768,30272,13826.053,14851.358,12873.208,-0.9293
mixed,128,115,0.8984,4.0,4096,0,128,512,473,894.15,941.07,908.775,0.3117
mixed,128,115,0.8984,4.0,4096,0,512,2048,1892,1468.72,1569.697,1489.842,0.2092
mixed,128,115,0.8984,4.0,4096,0,2048,8192,7568,3717.739,3951.186,3721.637,0.0167
mixed,128,115,0.8984,4.0,4096,0,8192,32768,30272,12436.054,13434.37,13444.057,1.0097
mixed,128,115,0.8984,4.0,4096,512,128,512,473,980.626,1029.304,997.843,0.3537
mixed,128,115,0.8984,4.0,4096,512,512,2048,1892,1556.022,1655.304,1574.297,0.1841
mixed,128,115,0.8984,4.0,4096,512,2048,8192,7568,3820.517,4064.463,3811.489,-0.037
mixed,128,115,0.8984,4.0,4096,512,8192,32768,30272,12457.139,13541.128,13281.011,0.76
mixed,128,115,0.8984,4.0,4096,2048,128,512,473,1241.911,1290.623,1258.17,0.3338
mixed,128,115,0.8984,4.0,4096,2048,512,2048,1892,1815.835,1913.546,1832.891,0.1746
mixed,128,115,0.8984,4.0,4096,2048,2048,8192,7568,4144.071,4374.477,4121.504,-0.0979
mixed,128,115,0.8984,4.0,4096,2048,8192,32768,30272,12758.268,13647.405,13407.516,0.7302
mixed,128,115,0.8984,4.0,4096,8192,128,512,473,2301.733,2338.505,2308.002,0.1705
mixed,128,115,0.8984,4.0,4096,8192,512,2048,1892,2865.569,2965.199,2885.184,0.1969
mixed,128,115,0.8984,4.0,4096,8192,2048,8192,7568,5205.089,5451.466,5294.893,0.3645
mixed,128,115,0.8984,4.0,4096,8192,8192,32768,30272,14066.355,15046.7,14015.769,-0.0516
mixed,128,115,0.8984,4.0,4096,20480,128,512,473,4494.974,4500.733,4495.741,0.1332
mixed,128,115,0.8984,4.0,4096,20480,512,2048,1892,4981.511,5077.043,4994.631,0.1373
mixed,128,115,0.8984,4.0,4096,20480,2048,8192,7568,7366.721,7606.788,7407.551,0.1701
mixed,128,115,0.8984,4.0,4096,20480,8192,32768,30272,16337.138,17386.863,16954.21,0.5878
mixed,128,115,0.8984,4.0,16384,0,128,512,473,7151.148,7179.183,7161.865,0.3823
mixed,128,115,0.8984,4.0,16384,0,512,2048,1892,7610.319,7711.548,7597.062,-0.131
mixed,128,115,0.8984,4.0,16384,0,2048,8192,7568,9973.816,10233.66,9926.023,-0.1839
mixed,128,115,0.8984,4.0,16384,0,8192,32768,30272,18797.893,19792.822,18939.494,0.1423
mixed,128,115,0.8984,4.0,16384,512,128,512,473,7521.124,7544.454,7527.07,0.2549
mixed,128,115,0.8984,4.0,16384,512,512,2048,1892,7961.344,8063.533,7949.754,-0.1134
mixed,128,115,0.8984,4.0,16384,512,2048,8192,7568,10324.985,10578.689,10280.112,-0.1769
mixed,128,115,0.8984,4.0,16384,512,8192,32768,30272,19155.041,20115.659,19290.853,0.1414
mixed,128,115,0.8984,4.0,16384,2048,128,512,473,8605.83,12935.941,8610.881,0.0012
mixed,128,115,0.8984,4.0,16384,2048,512,2048,1892,9010.871,9113.7,8995.088,-0.1535
mixed,128,115,0.8984,4.0,16384,2048,2048,8192,7568,11376.044,11634.64,11325.822,-0.1942
mixed,128,115,0.8984,4.0,16384,2048,8192,32768,30272,20261.939,21244.858,20375.118,0.1151
mixed,128,115,0.8984,4.0,16384,8192,128,512,473,12966.358,12967.348,12958.605,-7.8313
mixed,128,115,0.8984,4.0,16384,8192,512,2048,1892,13249.174,13311.608,13225.386,-0.381
mixed,128,115,0.8984,4.0,16384,8192,2048,8192,7568,15582.197,15851.831,15527.556,-0.2026
mixed,128,115,0.8984,4.0,16384,8192,8192,32768,30272,24666.95,25598.24,24727.355,0.0649
mixed,128,115,0.8984,4.0,16384,20480,128,512,473,21941.547,21874.841,21884.757,
mixed,128,115,0.8984,4.0,16384,20480,512,2048,1892,21928.279,21989.721,21922.316,-0.0971
mixed,128,115,0.8984,4.0,16384,20480,2048,8192,7568,24023.656,24275.842,23941.453,-0.326
mixed,128,115,0.8984,4.0,16384,20480,8192,32768,30272,33560.879,34547.689,32991.717,-0.5768
mixed,128,115,0.8984,4.0,32768,0,128,512,473,25460.116,22299.04,25458.857,
mixed,128,115,0.8984,4.0,32768,0,512,2048,1892,25672.673,25744.991,22309.803,-46.5011
mixed,128,115,0.8984,4.0,32768,0,2048,8192,7568,28038.467,28297.954,27939.883,-0.3799
mixed,128,115,0.8984,4.0,32768,0,8192,32768,30272,37310.439,38335.649,37180.358,-0.1269
mixed,128,115,0.8984,4.0,32768,512,128,512,473,26159.75,22776.931,26185.218,
mixed,128,115,0.8984,4.0,32768,512,512,2048,1892,22938.624,26455.449,26447.989,0.9979
mixed,128,115,0.8984,4.0,32768,512,2048,8192,7568,28740.665,29006.289,28643.932,-0.3642
mixed,128,115,0.8984,4.0,32768,512,8192,32768,30272,38018.488,39039.437,37901.227,-0.1149
mixed,128,115,0.8984,4.0,32768,2048,128,512,473,28297.001,28360.583,25878.342,-38.04
mixed,128,115,0.8984,4.0,32768,2048,512,2048,1892,28552.149,28605.364,28527.175,-0.4693
mixed,128,115,0.8984,4.0,32768,2048,2048,8192,7568,31105.255,31112.127,30757.449,-50.612
mixed,128,115,0.8984,4.0,32768,2048,8192,32768,30272,40155.273,41158.748,40037.564,-0.1173
pure,256,1,0.0039,4.0,0,0,128,512,129,130.607,286.499,129.808,-0.0051
pure,256,1,0.0039,4.0,0,0,512,2048,518,287.748,890.638,286.596,-0.0019
pure,256,1,0.0039,4.0,0,0,2048,8192,2072,888.43,3303.0,891.82,0.0014
pure,256,1,0.0039,4.0,0,0,8192,32768,8288,3302.004,19443.81,3325.781,0.0015
pure,256,2,0.0078,4.0,0,0,128,512,131,130.575,285.891,130.864,0.0019
pure,256,2,0.0078,4.0,0,0,512,2048,524,430.452,888.075,286.433,-0.3147
pure,256,2,0.0078,4.0,0,0,2048,8192,2096,892.329,3331.947,890.313,-0.0008
pure,256,2,0.0078,4.0,0,0,8192,32768,8384,3356.493,19472.976,3311.202,-0.0028
pure,256,3,0.0117,4.0,0,0,128,512,132,131.28,285.345,130.381,-0.0058
pure,256,3,0.0117,4.0,0,0,512,2048,530,288.16,890.086,287.264,-0.0015
pure,256,3,0.0117,4.0,0,0,2048,8192,2120,894.823,3310.651,892.135,-0.0011
pure,256,3,0.0117,4.0,0,0,8192,32768,8480,3421.608,19490.146,3339.193,-0.0051
pure,256,4,0.0156,4.0,0,0,128,512,134,131.823,286.784,130.319,-0.0097
pure,256,4,0.0156,4.0,0,0,512,2048,536,287.136,889.891,289.664,0.0042
pure,256,4,0.0156,4.0,0,0,2048,8192,2144,902.98,3304.174,900.163,-0.0012
pure,256,4,0.0156,4.0,0,0,8192,32768,8576,3470.684,19453.169,3335.211,-0.0085
pure,256,16,0.0625,4.0,0,0,128,512,152,132.143,285.95,141.166,0.0587
pure,256,16,0.0625,4.0,0,0,512,2048,608,295.519,888.992,346.021,0.0851
pure,256,16,0.0625,4.0,0,0,2048,8192,2432,1045.52,3311.714,1099.671,0.0239
pure,256,16,0.0625,4.0,0,0,8192,32768,9728,3930.787,19478.801,6172.651,0.1442
pure,256,32,0.125,4.0,0,0,128,512,176,133.1,284.989,156.368,0.1532
pure,256,32,0.125,4.0,0,0,512,2048,704,339.556,889.436,364.901,0.0461
pure,256,32,0.125,4.0,0,0,2048,8192,2816,1193.148,3323.192,1269.827,0.036
pure,256,32,0.125,4.0,0,0,8192,32768,11264,4524.625,19450.83,4898.518,0.025
pure,256,64,0.25,4.0,0,0,128,512,224,142.096,284.988,170.835,0.2011
pure,256,64,0.25,4.0,0,0,512,2048,896,440.619,888.952,438.219,-0.0054
pure,256,64,0.25,4.0,0,0,2048,8192,3584,1499.095,3310.636,1495.957,-0.0017
pure,256,64,0.25,4.0,0,0,8192,32768,14336,5759.296,19492.691,8619.157,0.2082
pure,256,128,0.5,4.0,0,0,128,512,320,187.539,286.237,208.341,0.2108
pure,256,128,0.5,4.0,0,0,512,2048,1280,589.947,891.224,588.121,-0.0061
pure,256,128,0.5,4.0,0,0,2048,8192,5120,2106.862,3327.363,2111.5,0.0038
pure,256,128,0.5,4.0,0,0,8192,32768,20480,8185.334,19446.35,12268.535,0.3626
pure,256,192,0.75,4.0,0,0,128,512,416,236.662,286.299,245.368,0.1754
pure,256,192,0.75,4.0,0,0,512,2048,1664,742.184,889.716,735.973,-0.0421
pure,256,192,0.75,4.0,0,0,2048,8192,6656,2703.329,4976.532,4071.198,0.6017
pure,256,192,0.75,4.0,0,0,8192,32768,26624,15919.827,19442.038,15913.355,-0.0018
pure,256,230,0.8984,4.0,0,0,128,512,473,242.295,284.569,282.842,0.9591
pure,256,230,0.8984,4.0,0,0,512,2048,1892,801.195,891.634,885.17,0.9285
pure,256,230,0.8984,4.0,0,0,2048,8192,7568,3065.465,3322.449,3294.093,0.8897
pure,256,230,0.8984,4.0,0,0,8192,32768,30272,17955.266,12968.565,19418.52,
mixed,8,1,0.125,1.5,16,0,128,192,136,37.955,38.275,37.987,0.1
mixed,8,1,0.125,2.0,16,0,128,256,144,37.893,49.028,48.804,0.9799
mixed,8,1,0.125,8.0,16,0,128,1024,240,38.691,120.972,120.01,0.9883
mixed,8,1,0.125,16.0,16,0,128,2048,368,50.468,217.907,215.54,0.9859
mixed,32,4,0.125,1.5,16,0,128,192,136,39.492,41.124,38.979,-0.3143
mixed,32,4,0.125,2.0,16,0,128,256,144,39.492,51.62,49.83,0.8524
mixed,32,4,0.125,8.0,16,0,128,1024,240,42.243,124.555,122.794,0.9786
mixed,32,4,0.125,16.0,16,0,128,2048,368,55.269,221.46,218.228,0.9806
mixed,8,4,0.5,1.5,16,0,128,192,160,37.891,38.243,38.149,0.733
mixed,8,4,0.5,2.0,16,0,128,256,192,38.277,49.029,48.899,0.9879
pure,8,1,0.125,2.0,0,0,128,256,144,37.953,39.011,38.564,0.5775
pure,8,1,0.125,8.0,0,0,128,1024,240,38.403,56.133,40.997,0.1463
pure,8,1,0.125,16.0,0,0,128,2048,368,39.427,73.382,45.797,0.1876
