layer,tokens,time_us
act_fn,1,2.752
act_fn,2,2.784
act_fn,3,2.80533
act_fn,4,2.82667
act_fn,5,2.85867
act_fn,6,2.84833
act_fn,7,2.84767
act_fn,8,2.85867
act_fn,9,2.83733
act_fn,10,2.86933
act_fn,11,2.89067
act_fn,12,2.91233
act_fn,13,2.88033
act_fn,14,2.92267
act_fn,15,2.912
act_fn,16,2.94367
act_fn,20,3.01833
act_fn,24,3.07267
act_fn,28,3.14667
act_fn,32,3.33867
act_fn,36,3.328
act_fn,40,2.95467
act_fn,44,3.02933
act_fn,48,3.12533
act_fn,52,3.13633
act_fn,56,3.31733
act_fn,60,3.38133
act_fn,64,3.584
act_fn,80,4.84267
act_fn,96,4.55467
act_fn,112,4.57633
act_fn,128,5.23733
act_fn,144,7.68033
act_fn,160,8.171
act_fn,176,8.72533
act_fn,192,8.98133
act_fn,208,10.112
act_fn,224,10.891
act_fn,240,11.9467
act_fn,256,12.6613
act_fn,272,12.8427
act_fn,288,14.0157
act_fn,304,14.752
act_fn,320,16.672
act_fn,336,18.0693
act_fn,352,18.9227
act_fn,368,19.0507
act_fn,384,19.755
act_fn,400,20.4373
act_fn,416,21.4507
act_fn,432,22.2723
act_fn,448,23.2323
act_fn,464,24.2347
act_fn,480,25.387
act_fn,496,26.2187
act_fn,512,27.4987
act_fn,528,28.672
act_fn,544,29.7707
act_fn,560,30.528
act_fn,576,31.3707
act_fn,592,32.4377
act_fn,608,33.2163
act_fn,624,34.2193
act_fn,640,35.3493
act_fn,656,34.6663
act_fn,672,35.307
act_fn,688,36.2453
act_fn,704,37.206
act_fn,720,38.1443
act_fn,736,39.1363
act_fn,752,40.0007
act_fn,768,40.6723
act_fn,784,43.2853
act_fn,800,44.3843
act_fn,816,44.95
act_fn,832,45.7817
act_fn,848,46.9977
act_fn,864,47.6803
act_fn,880,48.7153
act_fn,896,49.4617
act_fn,912,50.2723
act_fn,928,51.3497
act_fn,944,52.192
act_fn,960,52.9073
act_fn,976,54.0693
act_fn,992,54.4747
act_fn,1008,55.8403
act_fn,1024,56.5443
act_fn,1040,55.6053
act_fn,1056,56.5337
act_fn,1072,57.451
act_fn,1088,58.443
act_fn,1104,59.6593
act_fn,1120,60.256
act_fn,1136,61.1093
act_fn,1152,62.1443
act_fn,1168,61.974
act_fn,1184,62.6133
act_fn,1200,63.7023
act_fn,1216,64.6407
act_fn,1232,65.643
act_fn,1248,66.2513
act_fn,1264,67.4987
act_fn,1280,67.755
act_fn,1296,71.126
act_fn,1312,71.926
act_fn,1328,73.131
act_fn,1344,73.8567
act_fn,1360,74.6883
act_fn,1376,75.9683
act_fn,1392,76.4913
act_fn,1408,77.3023
act_fn,1424,77.1743
act_fn,1440,77.6437
act_fn,1456,78.5717
act_fn,1472,79.6703
act_fn,1488,80.8003
act_fn,1504,81.9423
act_fn,1520,82.2407
act_fn,1536,83.3823
act_fn,1552,81.8353
act_fn,1568,82.6353
act_fn,1584,83.2967
act_fn,1600,84.129
act_fn,1616,85.441
act_fn,1632,86.4647
act_fn,1648,87.3927
act_fn,1664,88.2567
act_fn,1680,91.7767
act_fn,1696,93.2063
act_fn,1712,93.4943
act_fn,1728,94.55
act_fn,1744,95.1687
act_fn,1760,96.161
act_fn,1776,97.174
act_fn,1792,97.8247
act_fn,1808,97.91
act_fn,1824,98.6677
act_fn,1840,99.9157
act_fn,1856,100.63
act_fn,1872,101.388
act_fn,1888,102.625
act_fn,1904,103.094
act_fn,1920,104.534
act_fn,1936,102.732
act_fn,1952,104.001
act_fn,1968,104.897
act_fn,1984,106.284
act_fn,2000,106.86
act_fn,2016,107.745
act_fn,2032,108.641
act_fn,2048,109.473
act_fn,2064,112.342
act_fn,2080,114.251
act_fn,2096,114.401
act_fn,2112,115.148
act_fn,2128,115.724
act_fn,2144,116.993
act_fn,2160,118.028
act_fn,2176,118.454
act_fn,2192,119.212
act_fn,2208,119.916
act_fn,2224,120.449
act_fn,2240,121.068
act_fn,2256,122.241
act_fn,2272,123.66
act_fn,2288,124.268
act_fn,2304,125.174
act_fn,2320,123.873
act_fn,2336,125.292
act_fn,2352,126.316
act_fn,2368,126.913
act_fn,2384,127.681
act_fn,2400,128.801
act_fn,2416,130.284
act_fn,2432,130.774
act_fn,2448,128.951
act_fn,2464,130.316
act_fn,2480,131.564
act_fn,2496,132.108
act_fn,2512,132.63
act_fn,2528,133.793
act_fn,2544,134.7
act_fn,2560,135.479
act_fn,2576,139.404
act_fn,2592,140.428
act_fn,2608,141.366
act_fn,2624,141.836
act_fn,2640,143.308
act_fn,2656,144.034
act_fn,2672,144.727
act_fn,2688,145.623
act_fn,2704,145.409
act_fn,2720,146.092
act_fn,2736,146.785
act_fn,2752,148.631
act_fn,2768,149.889
act_fn,2784,150.53
act_fn,2800,150.797
act_fn,2816,151.639
act_fn,2832,150.412
act_fn,2848,151.074
act_fn,2864,152.673
act_fn,2880,153.815
act_fn,2896,154.188
act_fn,2912,155.223
act_fn,2928,155.692
act_fn,2944,157.186
act_fn,2960,161.399
act_fn,2976,160.908
act_fn,2992,161.666
act_fn,3008,163.084
act_fn,3024,162.893
act_fn,3040,164.834
act_fn,3056,165.302
act_fn,3072,166.551
act_fn,3088,166.498
act_fn,3104,167.618
act_fn,3120,167.97
act_fn,3136,169.175
act_fn,3152,170.114
act_fn,3168,170.69
act_fn,3184,172.247
act_fn,3200,172.844
act_fn,3216,171.821
act_fn,3232,172.813
act_fn,3248,174.061
act_fn,3264,173.57
act_fn,3280,175.287
act_fn,3296,176.151
act_fn,3312,177.154
act_fn,3328,178.146
act_fn,3344,178.53
act_fn,3360,180.417
act_fn,3376,179.778
act_fn,3392,180.354
act_fn,3408,181.293
act_fn,3424,183.117
act_fn,3440,183.415
act_fn,3456,184.066
act_fn,3472,187.458
act_fn,3488,188.205
act_fn,3504,188.995
act_fn,3520,190.402
act_fn,3536,190.946
act_fn,3552,190.893
act_fn,3568,192.461
act_fn,3584,193.453
act_fn,3600,193.847
act_fn,3616,193.41
act_fn,3632,195.021
act_fn,3648,195.949
act_fn,3664,196.397
act_fn,3680,197.186
act_fn,3696,198.509
act_fn,3712,199.501
act_fn,3728,197.88
act_fn,3744,199.234
act_fn,3760,200.205
act_fn,3776,201.005
act_fn,3792,201.271
act_fn,3808,202.914
act_fn,3824,203.042
act_fn,3840,205.027
act_fn,3856,207.32
act_fn,3872,208.258
act_fn,3888,210.019
act_fn,3904,210.445
act_fn,3920,211.363
act_fn,3936,211.746
act_fn,3952,212.696
act_fn,3968,214.157
act_fn,3984,214.424
act_fn,4000,214.328
act_fn,4016,215.789
act_fn,4032,216.482
act_fn,4048,217.251
act_fn,4064,218.53
act_fn,4080,218.904
act_fn,4096,220.536
act_fn,4112,218.754
act_fn,4128,219.885
act_fn,4144,220.878
act_fn,4160,222.499
act_fn,4176,222.52
act_fn,4192,223.437
act_fn,4208,224.621
act_fn,4224,225.635
act_fn,4240,228.685
act_fn,4256,228.834
act_fn,4272,230.648
act_fn,4288,230.819
act_fn,4304,231.693
act_fn,4320,232.717
act_fn,4336,233.314
act_fn,4352,235.128
act_fn,4368,234.638
act_fn,4384,236.045
act_fn,4400,236.899
act_fn,4416,237.239
act_fn,4432,237.848
act_fn,4448,238.84
act_fn,4464,241.549
act_fn,4480,240.984
act_fn,4496,239.619
act_fn,4512,241.219
act_fn,4528,241.133
act_fn,4544,243.661
act_fn,4560,243.715
act_fn,4576,244.899
act_fn,4592,245.848
act_fn,4608,245.923
act_fn,4624,245.368
act_fn,4640,245.741
act_fn,4656,246.638
act_fn,4672,247.598
act_fn,4688,248.739
act_fn,4704,249.507
act_fn,4720,250.328
act_fn,4736,251.822
act_fn,4752,255
act_fn,4768,256.728
act_fn,4784,257.336
act_fn,4800,258.691
act_fn,4816,259.043
act_fn,4832,259.939
act_fn,4848,260.547
act_fn,4864,262.435
act_fn,4880,261.411
act_fn,4896,262.286
act_fn,4912,263.683
act_fn,4928,264.494
act_fn,4944,265.198
act_fn,4960,266.094
act_fn,4976,266.979
act_fn,4992,267.566
act_fn,5008,266.286
act_fn,5024,267.043
act_fn,5040,267.939
act_fn,5056,269.807
act_fn,5072,270.563
act_fn,5088,271.011
act_fn,5104,271.235
act_fn,5120,272.75
act_fn,5136,276.707
act_fn,5152,276.633
act_fn,5168,278.052
act_fn,5184,278.841
act_fn,5200,279.203
act_fn,5216,280.6
act_fn,5232,281.806
act_fn,5248,282.404
act_fn,5264,282.148
act_fn,5280,284.004
act_fn,5296,285.016
act_fn,5312,284.068
act_fn,5328,286.158
act_fn,5344,286.776
act_fn,5360,286.958
act_fn,5376,288.483
act_fn,5392,287.353
act_fn,5408,288.099
act_fn,5424,289.262
act_fn,5440,289.988
act_fn,5456,291.193
act_fn,5472,292.281
act_fn,5488,292.814
act_fn,5504,294.158
act_fn,5520,294.713
act_fn,5536,295.215
act_fn,5552,295.855
act_fn,5568,296.911
act_fn,5584,298.361
act_fn,5600,299.513
act_fn,5616,299.567
act_fn,5632,299.694
act_fn,5648,303.801
act_fn,5664,303.769
act_fn,5680,304.932
act_fn,5696,305.433
act_fn,5712,306.212
act_fn,5728,307.769
act_fn,5744,309.817
act_fn,5760,308.708
act_fn,5776,308.27
act_fn,5792,309.37
act_fn,5808,309.775
act_fn,5824,311.225
act_fn,5840,312.26
act_fn,5856,314.351
act_fn,5872,314.489
act_fn,5888,314.65
act_fn,5904,313.508
act_fn,5920,314.457
act_fn,5936,315.215
act_fn,5952,316.633
act_fn,5968,317.305
act_fn,5984,318.649
act_fn,6000,318.639
act_fn,6016,320.484
act_fn,6032,323.844
act_fn,6048,324.666
act_fn,6064,325.327
act_fn,6080,326.404
act_fn,6096,327.14
act_fn,6112,328.516
act_fn,6128,329.305
act_fn,6144,329.295
act_fn,6160,330.479
act_fn,6176,330.628
act_fn,6192,331.727
act_fn,6208,331.844
act_fn,6224,333.306
act_fn,6240,335.631
act_fn,6256,334.895
act_fn,6272,335.855
act_fn,6288,335.13
act_fn,6304,336.036
act_fn,6320,336.879
act_fn,6336,338.116
act_fn,6352,337.615
act_fn,6368,339.108
act_fn,6384,339.887
act_fn,6400,342.116
act_fn,6416,344.719
act_fn,6432,344.538
act_fn,6448,346.5
act_fn,6464,347.205
act_fn,6480,347.716
act_fn,6496,349.157
act_fn,6512,350.714
act_fn,6528,350.437
act_fn,6544,351.333
act_fn,6560,352.58
act_fn,6576,351.93
act_fn,6592,353.722
act_fn,6608,353.583
act_fn,6624,354.981
act_fn,6640,355.77
act_fn,6656,356.474
act_fn,6672,357.061
act_fn,6688,356.602
act_fn,6704,358.064
act_fn,6720,359.642
act_fn,6736,359.567
act_fn,6752,360.026
act_fn,6768,360.89
act_fn,6784,363.674
act_fn,6800,361.36
act_fn,6816,362.021
act_fn,6832,363.172
act_fn,6848,363.546
act_fn,6864,365.103
act_fn,6880,364.976
act_fn,6896,366.822
act_fn,6912,367.973
act_fn,6928,371.141
act_fn,6944,372.847
act_fn,6960,373.563
act_fn,6976,373.883
act_fn,6992,374.182
act_fn,7008,375.579
act_fn,7024,376.88
act_fn,7040,377.21
act_fn,7056,377.626
act_fn,7072,378.608
act_fn,7088,379.76
act_fn,7104,381.114
act_fn,7120,381.072
act_fn,7136,382.042
act_fn,7152,383.633
act_fn,7168,384.091
act_fn,7184,381.915
act_fn,7200,382.746
act_fn,7216,384.976
act_fn,7232,385.552
act_fn,7248,385.99
act_fn,7264,386.533
act_fn,7280,387.6
act_fn,7296,388.485
act_fn,7312,391.632
act_fn,7328,393.541
act_fn,7344,393.968
act_fn,7360,394.736
act_fn,7376,395.845
act_fn,7392,395.814
act_fn,7408,397.456
act_fn,7424,398.661
act_fn,7440,398.875
act_fn,7456,399.707
act_fn,7472,399.76
act_fn,7488,402.353
act_fn,7504,401.915
act_fn,7520,402.246
act_fn,7536,403.462
act_fn,7552,405.243
act_fn,7568,402.992
act_fn,7584,403.824
act_fn,7600,405.713
act_fn,7616,405.83
act_fn,7632,406.961
act_fn,7648,408.528
act_fn,7664,408.689
act_fn,7680,410.203
act_fn,7696,411.888
act_fn,7712,412.422
act_fn,7728,412.71
act_fn,7744,412.752
act_fn,7760,413.702
act_fn,7776,414.352
act_fn,7792,415.601
act_fn,7808,417.308
act_fn,7824,418.864
act_fn,7840,420.625
act_fn,7856,420.422
act_fn,7872,420.678
act_fn,7888,421.776
act_fn,7904,424.017
act_fn,7920,425.008
act_fn,7936,424.678
act_fn,7952,425.692
act_fn,7968,425.607
act_fn,7984,427.964
act_fn,8000,426.972
act_fn,8016,426.759
act_fn,8032,429.649
act_fn,8048,429.563
act_fn,8064,430.694
act_fn,8080,428.988
act_fn,8096,429.531
act_fn,8112,431.505
act_fn,8128,432.743
act_fn,8144,432.807
act_fn,8160,433.041
act_fn,8176,434.833
act_fn,8192,435.942
act_fn,8208,440.124
act_fn,8224,440.241
act_fn,8240,441.916
act_fn,8256,442.833
act_fn,8272,442.801
act_fn,8288,443.164
act_fn,8304,444.583
act_fn,8320,444.914
act_fn,8336,446.363
act_fn,8352,445.371
act_fn,8368,446.598
act_fn,8384,448.295
act_fn,8400,449.17
act_fn,8416,448.903
act_fn,8432,452.551
act_fn,8448,452.338
act_fn,8464,450.471
act_fn,8480,450.599
act_fn,8496,452.242
act_fn,8512,454.257
act_fn,8528,454.439
act_fn,8544,456.209
act_fn,8560,455.666
act_fn,8576,456.871
act_fn,8592,459.538
act_fn,8608,460.807
act_fn,8624,461.383
act_fn,8640,462.749
act_fn,8656,463.804
act_fn,8672,463.74
act_fn,8688,465.319
act_fn,8704,464.967
act_fn,8720,466.898
act_fn,8736,467.079
act_fn,8752,468.604
act_fn,8768,468.199
act_fn,8784,470.482
act_fn,8800,470.898
act_fn,8816,471.495
act_fn,8832,472.455
act_fn,8848,471.186
act_fn,8864,472.391
act_fn,8880,472.765
act_fn,8896,474.461
act_fn,8912,476.424
act_fn,8928,476.296
act_fn,8944,476.679
act_fn,8960,477.895
act_fn,8976,477.884
act_fn,8992,477.789
act_fn,9008,478.834
act_fn,9024,480.99
act_fn,9040,480.328
act_fn,9056,481.298
act_fn,9072,481.884
act_fn,9088,484.797
act_fn,9104,486.152
act_fn,9120,487.933
act_fn,9136,488.594
act_fn,9152,489.448
act_fn,9168,489.714
act_fn,9184,491.282
act_fn,9200,492.84
act_fn,9216,493.117
act_fn,9232,492.179
act_fn,9248,493.81
act_fn,9264,495.475
act_fn,9280,495.976
act_fn,9296,496.243
act_fn,9312,497.139
act_fn,9328,497.864
act_fn,9344,499.698
act_fn,9360,499.261
act_fn,9376,498.419
act_fn,9392,499.603
act_fn,9408,500.36
act_fn,9424,500.648
act_fn,9440,502.536
act_fn,9456,503.944
act_fn,9472,503.251
act_fn,9488,507.741
act_fn,9504,508.115
act_fn,9520,509.011
act_fn,9536,510.014
act_fn,9552,510.974
act_fn,9568,512.648
act_fn,9584,513.779
act_fn,9600,514.227
act_fn,9616,514.163
act_fn,9632,513.491
act_fn,9648,515.603
act_fn,9664,516.862
act_fn,9680,517
act_fn,9696,517.683
act_fn,9712,519.113
act_fn,9728,521.299
act_fn,9744,518.27
act_fn,9760,519.923
act_fn,9776,520.382
act_fn,9792,522.494
act_fn,9808,522.878
act_fn,9824,523.091
act_fn,9840,523.731
act_fn,9856,527.603
act_fn,9872,527.273
act_fn,9888,527.678
act_fn,9904,528.616
act_fn,9920,529.043
act_fn,9936,531.006
act_fn,9952,531.753
act_fn,9968,531.785
act_fn,9984,532.926
act_fn,10000,534.899
act_fn,10016,536.883
act_fn,10032,535.881
act_fn,10048,537.513
act_fn,10064,538.004
act_fn,10080,538.9
act_fn,10096,539.764
act_fn,10112,539.998
act_fn,10128,540.265
act_fn,10144,540.937
act_fn,10160,542.494
act_fn,10176,543.732
act_fn,10192,543.454
act_fn,10208,545.086
act_fn,10224,545.289
act_fn,10240,546.206
act_fn,10256,544.767
act_fn,10272,546.836
act_fn,10288,546.846
act_fn,10304,547.689
act_fn,10320,548.468
act_fn,10336,550.015
act_fn,10352,551.273
act_fn,10368,551.817
act_fn,10384,554.441
act_fn,10400,557.044
act_fn,10416,556.788
act_fn,10432,557.737
act_fn,10448,558.378
act_fn,10464,559.636
act_fn,10480,560.468
act_fn,10496,563.391
act_fn,10512,561.076
act_fn,10528,562.622
act_fn,10544,563.22
act_fn,10560,564.82
act_fn,10576,565.055
act_fn,10592,565.94
act_fn,10608,566.836
act_fn,10624,566.858
act_fn,10640,565.567
act_fn,10656,567.562
act_fn,10672,568.607
act_fn,10688,569.514
act_fn,10704,570.303
act_fn,10720,571.818
act_fn,10736,571.711
act_fn,10752,573.321
act_fn,10768,576.17
act_fn,10784,578.154
act_fn,10800,578.655
act_fn,10816,578.496
act_fn,10832,580.149
act_fn,10848,581.077
act_fn,10864,580.629
act_fn,10880,582.453
act_fn,10896,583.135
act_fn,10912,583.22
act_fn,10928,583.455
act_fn,10944,584.821
act_fn,10960,585.535
act_fn,10976,585.845
act_fn,10992,586.923
act_fn,11008,590.026
act_fn,11024,586.335
act_fn,11040,589.162
act_fn,11056,588.917
act_fn,11072,590.261
act_fn,11088,592.042
act_fn,11104,592.821
act_fn,11120,592.789
act_fn,11136,593.6
act_fn,11152,593.824
act_fn,11168,595.083
act_fn,11184,597.088
act_fn,11200,595.808
act_fn,11216,596.874
act_fn,11232,597.621
act_fn,11248,597.877
act_fn,11264,598.997
act_fn,11280,602.571
act_fn,11296,604.267
act_fn,11312,605.312
act_fn,11328,605.792
act_fn,11344,607.285
act_fn,11360,607.051
act_fn,11376,609.173
act_fn,11392,609.76
act_fn,11408,608.459
act_fn,11424,609.322
act_fn,11440,611.136
act_fn,11456,612.288
act_fn,11472,613.142
act_fn,11488,613.814
act_fn,11504,614.87
act_fn,11520,615.232
act_fn,11536,616.576
act_fn,11552,618.102
act_fn,11568,619.488
act_fn,11584,620.129
act_fn,11600,619.392
act_fn,11616,620.608
act_fn,11632,620.79
act_fn,11648,622.571
act_fn,11664,624.31
act_fn,11680,623.883
act_fn,11696,624.907
act_fn,11712,625.569
act_fn,11728,627.041
act_fn,11744,627.723
act_fn,11760,629.003
act_fn,11776,630.358
act_fn,11792,627.552
act_fn,11808,629.409
act_fn,11824,629.111
act_fn,11840,631.222
act_fn,11856,631.616
act_fn,11872,634.859
act_fn,11888,635.158
act_fn,11904,635.478
act_fn,11920,635.084
act_fn,11936,636.214
act_fn,11952,636.204
act_fn,11968,638.102
act_fn,11984,638.262
act_fn,12000,639.542
act_fn,12016,639.628
act_fn,12032,642.849
act_fn,12048,642.583
act_fn,12064,643.745
act_fn,12080,644.833
act_fn,12096,646.348
act_fn,12112,645.804
act_fn,12128,646.785
act_fn,12144,647.329
act_fn,12160,648.993
act_fn,12176,650.508
act_fn,12192,651.521
act_fn,12208,652.556
act_fn,12224,653.516
act_fn,12240,654.605
act_fn,12256,654.615
act_fn,12272,656.673
act_fn,12288,656.087
act_fn,12304,655.713
act_fn,12320,656.567
act_fn,12336,658.412
act_fn,12352,658.433
act_fn,12368,660.364
act_fn,12384,660.578
act_fn,12400,661.826
act_fn,12416,663.265
act_fn,12432,661.207
act_fn,12448,661.068
act_fn,12464,661.815
act_fn,12480,663.789
act_fn,12496,665.015
act_fn,12512,665.239
act_fn,12528,666.711
act_fn,12544,667.724
act_fn,12560,671.308
act_fn,12576,670.807
act_fn,12592,672.301
act_fn,12608,673.239
act_fn,12624,674.018
act_fn,12640,674.444
act_fn,12656,675.778
act_fn,12672,676.226
act_fn,12688,677.346
act_fn,12704,679.277
act_fn,12720,678.989
act_fn,12736,681.293
act_fn,12752,682.605
act_fn,12768,682.861
act_fn,12784,683.17
act_fn,12800,683.917
act_fn,12816,684.663
act_fn,12832,686.808
act_fn,12848,686.434
act_fn,12864,687.597
act_fn,12880,685.154
act_fn,12896,686.701
act_fn,12912,688.514
act_fn,12928,689.24
act_fn,12944,692.578
act_fn,12960,691.96
act_fn,12976,693.25
act_fn,12992,693.688
act_fn,13008,694.914
act_fn,13024,695.822
act_fn,13040,696.866
act_fn,13056,697.399
act_fn,13072,698.008
act_fn,13088,699.149
act_fn,13104,701.037
act_fn,13120,702.733
act_fn,13136,701.742
act_fn,13152,703.128
act_fn,13168,704.355
act_fn,13184,704.302
act_fn,13200,703.533
act_fn,13216,703.171
act_fn,13232,703.886
act_fn,13248,707.416
act_fn,13264,706.563
act_fn,13280,707.31
act_fn,13296,709.795
act_fn,13312,710.35
act_fn,13328,708.078
act_fn,13344,709.581
act_fn,13360,711.054
act_fn,13376,711.011
act_fn,13392,713.006
act_fn,13408,713.4
act_fn,13424,714.702
act_fn,13440,715.288
act_fn,13456,719.566
act_fn,13472,719.182
act_fn,13488,718.745
act_fn,13504,720.718
act_fn,13520,721.23
act_fn,13536,722.457
act_fn,13552,724.281
act_fn,13568,724.942
act_fn,13584,724.569
act_fn,13600,724.985
act_fn,13616,726.979
act_fn,13632,726.926
act_fn,13648,728.036
act_fn,13664,728.473
act_fn,13680,729.081
act_fn,13696,731.918
act_fn,13712,731.246
act_fn,13728,730.233
act_fn,13744,731.15
act_fn,13760,732.292
act_fn,13776,734.436
act_fn,13792,733.092
act_fn,13808,735.108
act_fn,13824,738.138
act_fn,13840,738.479
act_fn,13856,739.63
act_fn,13872,740.239
act_fn,13888,740.953
act_fn,13904,743.802
act_fn,13920,744.538
act_fn,13936,744.089
act_fn,13952,745.625
act_fn,13968,745.144
act_fn,13984,745.636
act_fn,14000,746.831
act_fn,14016,747.535
act_fn,14032,748.559
act_fn,14048,752.046
act_fn,14064,750.223
act_fn,14080,752.431
act_fn,14096,750.042
act_fn,14112,751.225
act_fn,14128,751.609
act_fn,14144,753.679
act_fn,14160,754.159
act_fn,14176,755.322
act_fn,14192,757.22
act_fn,14208,757.178
act_fn,14224,758.82
act_fn,14240,759.674
act_fn,14256,761.06
act_fn,14272,760.964
act_fn,14288,762.949
act_fn,14304,762.874
act_fn,14320,762.874
act_fn,14336,765.039
act_fn,14352,767.162
act_fn,14368,767.215
act_fn,14384,768.634
act_fn,14400,770.48
act_fn,14416,770.372
act_fn,14432,770.767
act_fn,14448,771.738
act_fn,14464,772.293
act_fn,14480,770.746
act_fn,14496,772.644
act_fn,14512,773.211
act_fn,14528,773.999
act_fn,14544,777.765
act_fn,14560,775.962
act_fn,14576,776.933
act_fn,14592,776.752
act_fn,14608,777.605
act_fn,14624,777.616
act_fn,14640,779.92
act_fn,14656,779.888
act_fn,14672,779.568
act_fn,14688,780.133
act_fn,14704,782.992
act_fn,14720,782.576
act_fn,14736,786.288
act_fn,14752,788.4
act_fn,14768,789.829
act_fn,14784,789.989
act_fn,14800,790.939
act_fn,14816,791.163
act_fn,14832,791.461
act_fn,14848,792.198
act_fn,14864,792.038
act_fn,14880,793.424
act_fn,14896,794.619
act_fn,14912,794.672
act_fn,14928,796.379
act_fn,14944,797.648
act_fn,14960,799.173
act_fn,14976,798.651
act_fn,14992,798.598
act_fn,15008,799.6
act_fn,15024,800.667
act_fn,15040,800.198
act_fn,15056,802.512
act_fn,15072,802.737
act_fn,15088,803.248
act_fn,15104,805.147
act_fn,15120,807.11
act_fn,15136,808.433
act_fn,15152,809.489
act_fn,15168,808.806
act_fn,15184,811.174
act_fn,15200,811.248
act_fn,15216,813.456
act_fn,15232,814.726
act_fn,15248,812.753
act_fn,15264,814.513
act_fn,15280,815.793
act_fn,15296,816.305
act_fn,15312,816.188
act_fn,15328,819.046
act_fn,15344,818.545
act_fn,15360,820.977
act_fn,15376,817.158
act_fn,15392,818.171
act_fn,15408,820.7
act_fn,15424,821.158
act_fn,15440,822.524
act_fn,15456,825.585
act_fn,15472,824.86
act_fn,15488,824.07
act_fn,15504,822.652
act_fn,15520,824.924
act_fn,15536,827.133
act_fn,15552,827.654
act_fn,15568,828.146
act_fn,15584,828.177
act_fn,15600,829.095
act_fn,15616,830.961
act_fn,15632,832.444
act_fn,15648,835.783
act_fn,15664,835.292
act_fn,15680,836.743
act_fn,15696,838.247
act_fn,15712,837.628
act_fn,15728,839.377
act_fn,15744,842.268
act_fn,15760,839.484
act_fn,15776,841.724
act_fn,15792,841.618
act_fn,15808,842.002
act_fn,15824,845.436
act_fn,15840,845.607
act_fn,15856,846.461
act_fn,15872,845.831
act_fn,15888,846.876
act_fn,15904,847.965
act_fn,15920,848.157
act_fn,15936,847.335
act_fn,15952,848.605
act_fn,15968,850.94
act_fn,15984,851.41
act_fn,16000,851.154
act_fn,16016,854.909
act_fn,16032,856.669
act_fn,16048,856.86
act_fn,16064,858.578
act_fn,16080,859.442
act_fn,16096,859.485
act_fn,16112,859.89
act_fn,16128,860.082
act_fn,16144,860.711
act_fn,16160,860.68
act_fn,16176,862.365
act_fn,16192,862.493
act_fn,16208,866.75
act_fn,16224,865.448
act_fn,16240,867.367
act_fn,16256,867.507
act_fn,16272,865.736
act_fn,16288,867.73
act_fn,16304,869.117
act_fn,16320,869.096
act_fn,16336,870.931
act_fn,16352,869.618
act_fn,16368,873.533
act_fn,16384,872.456
act_fn,16400,875.464
act_fn,16416,874.515
act_fn,16432,877.181
act_fn,16448,877
act_fn,16464,879.155
act_fn,16480,878.622
act_fn,16496,880.659
act_fn,16512,880.926
act_fn,16528,882.557
act_fn,16544,883.069
act_fn,16560,885.224
act_fn,16576,884.776
act_fn,16592,884.968
act_fn,16608,887.07
act_fn,16624,887.731
act_fn,16640,888.531
act_fn,16656,886.803
act_fn,16672,888.638
act_fn,16688,888.382
act_fn,16704,889.843
act_fn,16720,891.998
act_fn,16736,893.512
act_fn,16752,895.347
act_fn,16768,894.782
act_fn,16784,892.403
act_fn,16800,895.176
act_fn,16816,894.014
act_fn,16832,896.724
act_fn,16848,896.36
act_fn,16864,897.822
act_fn,16880,899.327
act_fn,16896,900.926
act_fn,16912,901.683
act_fn,16928,904.638
act_fn,16944,905.652
act_fn,16960,904.063
act_fn,16976,907.391
act_fn,16992,909.012
act_fn,17008,906.868
act_fn,17024,908.425
act_fn,17040,911.305
act_fn,17056,909.631
act_fn,17072,908.67
act_fn,17088,909.78
act_fn,17104,912.041
act_fn,17120,913.993
act_fn,17136,913.887
act_fn,17152,915.327
act_fn,17168,913.791
act_fn,17184,915.071
act_fn,17200,914.388
act_fn,17216,916.66
act_fn,17232,916.777
act_fn,17248,918.473
act_fn,17264,920.159
act_fn,17280,920.457
act_fn,17296,923.114
act_fn,17312,924.255
act_fn,17328,926.388
act_fn,17344,924.916
act_fn,17360,926.153
act_fn,17376,927.647
act_fn,17392,929.94
act_fn,17408,928.596
act_fn,17424,930.421
act_fn,17440,929.407
act_fn,17456,930.688
act_fn,17472,932.308
act_fn,17488,932.639
act_fn,17504,936.213
act_fn,17520,934.645
act_fn,17536,934.815
act_fn,17552,934.517
act_fn,17568,938.09
act_fn,17584,938.837
act_fn,17600,937.353
act_fn,17616,938.837
act_fn,17632,940.17
act_fn,17648,941.194
act_fn,17664,941.152
act_fn,17680,941.226
act_fn,17696,941.61
act_fn,17712,942.528
act_fn,17728,942.901
act_fn,17744,944.245
act_fn,17760,945.578
act_fn,17776,945.813
act_fn,17792,946.539
act_fn,17808,950.805
act_fn,17824,951.509
act_fn,17840,951.498
act_fn,17856,953.952
act_fn,17872,954.346
act_fn,17888,954.378
act_fn,17904,954.773
act_fn,17920,955.542
act_fn,17936,956.277
act_fn,17952,955.328
act_fn,17968,958.517
act_fn,17984,961.269
act_fn,18000,960.875
act_fn,18016,961.205
act_fn,18032,959.691
act_fn,18048,962.315
act_fn,18064,961.6
act_fn,18080,963.093
act_fn,18096,963.627
act_fn,18112,963.52
act_fn,18128,965.877
act_fn,18144,965.121
act_fn,18160,968.139
act_fn,18176,966.88
act_fn,18192,971.574
act_fn,18208,975.222
act_fn,18224,972.929
act_fn,18240,973.462
act_fn,18256,973.654
act_fn,18272,975.072
act_fn,18288,976.321
act_fn,18304,976.779
act_fn,18320,975.926
act_fn,18336,978.913
act_fn,18352,978.294
act_fn,18368,977.75
act_fn,18384,978.902
act_fn,18400,980.833
act_fn,18416,984.491
act_fn,18432,982.785
act_fn,18448,982.23
act_fn,18464,983.372
act_fn,18480,982.433
act_fn,18496,984.182
act_fn,18512,985.825
act_fn,18528,986.732
act_fn,18544,988.086
act_fn,18560,988.193
act_fn,18576,990.433
act_fn,18592,990.903
act_fn,18608,993.484
act_fn,18624,993.121
act_fn,18640,993.356
act_fn,18656,995.233
act_fn,18672,996.929
act_fn,18688,996.631
act_fn,18704,997.836
act_fn,18720,998.252
act_fn,18736,999.98
act_fn,18752,1000.23
act_fn,18768,1001.61
act_fn,18784,1003.35
act_fn,18800,1002.26
act_fn,18816,1003.3
act_fn,18832,1003.91
act_fn,18848,1003.28
act_fn,18864,1006.58
act_fn,18880,1007.61
act_fn,18896,1007.24
act_fn,18912,1008.61
act_fn,18928,1008.51
act_fn,18944,1008.36
act_fn,18960,1009.21
act_fn,18976,1008.07
act_fn,18992,1011.49
act_fn,19008,1014.12
act_fn,19024,1012.92
act_fn,19040,1011.37
act_fn,19056,1014.78
act_fn,19072,1015.62
act_fn,19088,1018.45
act_fn,19104,1018.25
act_fn,19120,1019.37
act_fn,19136,1020.4
act_fn,19152,1021.32
act_fn,19168,1021.46
act_fn,19184,1024.56
act_fn,19200,1024.96
act_fn,19216,1024.47
act_fn,19232,1024.82
act_fn,19248,1026.04
act_fn,19264,1026.69
act_fn,19280,1027.67
act_fn,19296,1028.45
act_fn,19312,1031.19
act_fn,19328,1031.78
act_fn,19344,1029.63
act_fn,19360,1033.14
act_fn,19376,1031.7
act_fn,19392,1032.08
act_fn,19408,1033.42
act_fn,19424,1033.95
act_fn,19440,1034.45
act_fn,19456,1036.43
act_fn,19472,1037.75
act_fn,19488,1040.14
act_fn,19504,1041.99
act_fn,19520,1040.73
act_fn,19536,1041.82
act_fn,19552,1043.32
act_fn,19568,1044.46
act_fn,19584,1044.89
act_fn,19600,1044.33
act_fn,19616,1046.08
act_fn,19632,1046.56
act_fn,19648,1049.18
act_fn,19664,1050.64
act_fn,19680,1049.88
act_fn,19696,1051.14
act_fn,19712,1051.43
act_fn,19728,1051.99
act_fn,19744,1051.19
act_fn,19760,1052.25
act_fn,19776,1051.63
act_fn,19792,1054.86
act_fn,19808,1053.06
act_fn,19824,1055.82
act_fn,19840,1057.89
act_fn,19856,1055.75
act_fn,19872,1057.96
act_fn,19888,1058.47
act_fn,19904,1060.24
act_fn,19920,1059.75
act_fn,19936,1061.46
act_fn,19952,1061.67
act_fn,19968,1064.54
act_fn,19984,1066.25
act_fn,20000,1068.44
act_fn,20016,1066.85
act_fn,20032,1067.93
act_fn,20048,1070.25
act_fn,20064,1069.86
act_fn,20080,1073.26
act_fn,20096,1071.78
act_fn,20112,1070.52
act_fn,20128,1073.88
act_fn,20144,1073.91
act_fn,20160,1073.51
act_fn,20176,1077.83
act_fn,20192,1076.32
act_fn,20208,1078
act_fn,20224,1077.09
act_fn,20240,1076.44
act_fn,20256,1076.98
act_fn,20272,1079.19
act_fn,20288,1080.1
act_fn,20304,1079.44
act_fn,20320,1082.17
act_fn,20336,1081.23
act_fn,20352,1083.16
act_fn,20368,1086.34
act_fn,20384,1088.94
act_fn,20400,1087.84
act_fn,20416,1090.71
act_fn,20432,1090.4
act_fn,20448,1090.59
act_fn,20464,1092.25
act_fn,20480,1092.4
act_fn,20496,1091.26
act_fn,20512,1092.05
act_fn,20528,1094.33
act_fn,20544,1094.64
act_fn,20560,1095.17
act_fn,20576,1096.67
act_fn,20592,1097.27
act_fn,20608,1099.7
act_fn,20624,1098.53
act_fn,20640,1098.14
act_fn,20656,1099.01
act_fn,20672,1101.09
act_fn,20688,1100.79
act_fn,20704,1103.63
act_fn,20720,1103.87
act_fn,20736,1105.24
act_fn,20752,1106.75
act_fn,20768,1108.11
act_fn,20784,1109.71
act_fn,20800,1109.1
act_fn,20816,1109.82
act_fn,20832,1111.29
act_fn,20848,1113.06
act_fn,20864,1112.79
act_fn,20880,1112.75
act_fn,20896,1114
act_fn,20912,1114.8
act_fn,20928,1114.63
act_fn,20944,1115.69
act_fn,20960,1118.83
act_fn,20976,1119
act_fn,20992,1120.61
act_fn,21008,1117.95
act_fn,21024,1119.95
act_fn,21040,1121.04
act_fn,21056,1121.47
act_fn,21072,1122.11
act_fn,21088,1123.51
act_fn,21104,1126.83
act_fn,21120,1124.48
act_fn,21136,1124.41
act_fn,21152,1125.51
act_fn,21168,1127.86
act_fn,21184,1126.42
act_fn,21200,1129.88
act_fn,21216,1129.05
act_fn,21232,1129.04
act_fn,21248,1130.5
act_fn,21264,1133.05
act_fn,21280,1134.98
act_fn,21296,1135.32
act_fn,21312,1137.08
act_fn,21328,1139.24
act_fn,21344,1139.51
act_fn,21360,1141.36
act_fn,21376,1139.61
act_fn,21392,1140.08
act_fn,21408,1139.44
act_fn,21424,1143.31
act_fn,21440,1144.75
act_fn,21456,1142.1
act_fn,21472,1144.89
act_fn,21488,1145.15
act_fn,21504,1147.15
act_fn,21520,1145.51
act_fn,21536,1147.64
act_fn,21552,1148.76
act_fn,21568,1149.72
act_fn,21584,1148.82
act_fn,21600,1150.61
act_fn,21616,1148.59
act_fn,21632,1151.11
act_fn,21648,1155.75
act_fn,21664,1156.66
act_fn,21680,1156.02
act_fn,21696,1157.39
act_fn,21712,1157.69
act_fn,21728,1159.64
act_fn,21744,1158.72
act_fn,21760,1161.79
act_fn,21776,1162.03
act_fn,21792,1161.02
act_fn,21808,1162.54
act_fn,21824,1163.52
act_fn,21840,1163.38
act_fn,21856,1165.93
act_fn,21872,1166.2
act_fn,21888,1166.46
act_fn,21904,1164.53
act_fn,21920,1165.82
act_fn,21936,1168.57
act_fn,21952,1169.44
act_fn,21968,1170.02
act_fn,21984,1170.18
act_fn,22000,1171.12
act_fn,22016,1174.13
act_fn,22032,1173.34
act_fn,22048,1175.11
act_fn,22064,1172.88
act_fn,22080,1175.27
act_fn,22096,1174.89
act_fn,22112,1176.64
act_fn,22128,1177.06
act_fn,22144,1178.15
act_fn,22160,1181.8
act_fn,22176,1182.81
act_fn,22192,1182.79
act_fn,22208,1186.08
act_fn,22224,1184.41
act_fn,22240,1185.06
act_fn,22256,1187.1
act_fn,22272,1189.5
act_fn,22288,1188.53
act_fn,22304,1188.88
act_fn,22320,1188.87
act_fn,22336,1189.06
act_fn,22352,1190.66
act_fn,22368,1192.97
act_fn,22384,1191.73
act_fn,22400,1193.89
act_fn,22416,1194.27
act_fn,22432,1194.56
act_fn,22448,1192.98
act_fn,22464,1194.71
act_fn,22480,1195.49
act_fn,22496,1197.96
act_fn,22512,1198.49
act_fn,22528,1202.49
act_fn,22544,1200.81
act_fn,22560,1205.31
act_fn,22576,1204.7
act_fn,22592,1206.32
act_fn,22608,1205.74
act_fn,22624,1207.76
act_fn,22640,1208.09
act_fn,22656,1209.31
act_fn,22672,1206.91
act_fn,22688,1209.41
act_fn,22704,1208.8
act_fn,22720,1211.57
act_fn,22736,1212.86
act_fn,22752,1215.55
act_fn,22768,1213.99
act_fn,22784,1214.75
act_fn,22800,1215.09
act_fn,22816,1214.49
act_fn,22832,1218.42
act_fn,22848,1216.13
act_fn,22864,1217.19
act_fn,22880,1220.12
act_fn,22896,1220.32
act_fn,22912,1224.11
act_fn,22928,1223.52
act_fn,22944,1223.83
act_fn,22960,1223.83
act_fn,22976,1224.46
act_fn,22992,1227.47
act_fn,23008,1225.73
act_fn,23024,1227.68
act_fn,23040,1227.09
act_fn,23056,1230.49
act_fn,23072,1230.26
act_fn,23088,1232.88
act_fn,23104,1231.9
act_fn,23120,1232.45
act_fn,23136,1232.45
act_fn,23152,1234.08
act_fn,23168,1233.79
act_fn,23184,1234.46
act_fn,23200,1234.9
act_fn,23216,1235.87
act_fn,23232,1236.23
act_fn,23248,1238.34
act_fn,23264,1237.49
act_fn,23280,1241.23
act_fn,23296,1242.41
act_fn,23312,1239.16
act_fn,23328,1241.19
act_fn,23344,1242.42
act_fn,23360,1244.5
act_fn,23376,1244.94
act_fn,23392,1245.72
act_fn,23408,1246.1
act_fn,23424,1247.95
act_fn,23440,1251.32
act_fn,23456,1250.71
act_fn,23472,1250.71
act_fn,23488,1252.64
act_fn,23504,1254.48
act_fn,23520,1255.65
act_fn,23536,1257.1
act_fn,23552,1255.63
act_fn,23568,1255.46
act_fn,23584,1256.97
act_fn,23600,1256.84
act_fn,23616,1258.55
act_fn,23632,1258.39
act_fn,23648,1261.9
act_fn,23664,1261.9
act_fn,23680,1263.23
act_fn,23696,1264.2
act_fn,23712,1263.1
act_fn,23728,1263.73
act_fn,23744,1265.35
act_fn,23760,1265.42
act_fn,23776,1265.49
act_fn,23792,1268.01
act_fn,23808,1266.76
act_fn,23824,1272.38
act_fn,23840,1269.42
act_fn,23856,1272.66
act_fn,23872,1274.29
act_fn,23888,1276.27
act_fn,23904,1275.21
act_fn,23920,1273.76
act_fn,23936,1276.97
act_fn,23952,1276.28
act_fn,23968,1278.35
act_fn,23984,1278.87
act_fn,24000,1276.75
act_fn,24016,1281.07
act_fn,24032,1281.27
act_fn,24048,1280.96
act_fn,24064,1281.47
act_fn,24080,1283.04
act_fn,24096,1284.92
act_fn,24112,1284.99
act_fn,24128,1286.2
act_fn,24144,1287.5
act_fn,24160,1287.47
act_fn,24176,1286.07
act_fn,24192,1290.2
act_fn,24208,1288.26
act_fn,24224,1290.46
act_fn,24240,1290.04
act_fn,24256,1290.49
act_fn,24272,1291.18
act_fn,24288,1293.19
act_fn,24304,1293.91
act_fn,24320,1294.93
act_fn,24336,1298.64
act_fn,24352,1299.55
act_fn,24368,1300.03
act_fn,24384,1298.18
act_fn,24400,1299.73
act_fn,24416,1299.98
act_fn,24432,1304.33
act_fn,24448,1302.51
act_fn,24464,1303.67
act_fn,24480,1303.66
act_fn,24496,1304.51
act_fn,24512,1305.04
act_fn,24528,1306.93
act_fn,24544,1306.41
act_fn,24560,1308.09
act_fn,24576,1308.82
act_fn,24592,1308.4
act_fn,24608,1309.64
act_fn,24624,1311.27
act_fn,24640,1311.92
act_fn,24656,1312.13
act_fn,24672,1312.89
act_fn,24688,1313.89
act_fn,24704,1316.81
act_fn,24720,1318.33
act_fn,24736,1319.68
act_fn,24752,1319.32
act_fn,24768,1320.82
act_fn,24784,1322.05
act_fn,24800,1322.32
act_fn,24816,1322
act_fn,24832,1325.47
act_fn,24848,1322.5
act_fn,24864,1325.09
act_fn,24880,1327.43
act_fn,24896,1325.99
act_fn,24912,1328.25
act_fn,24928,1328.73
act_fn,24944,1329.4
act_fn,24960,1330.67
act_fn,24976,1330.35
act_fn,24992,1333.79
act_fn,25008,1332.92
act_fn,25024,1333.21
act_fn,25040,1334.04
act_fn,25056,1335.35
act_fn,25072,1335.56
act_fn,25088,1335.64
act_fn,25104,1336.37
act_fn,25120,1338.56
act_fn,25136,1339.98
act_fn,25152,1340.15
act_fn,25168,1340.79
act_fn,25184,1342.15
act_fn,25200,1341.52
act_fn,25216,1343.15
act_fn,25232,1345.78
act_fn,25248,1346.58
act_fn,25264,1346.48
act_fn,25280,1346.91
act_fn,25296,1350.44
act_fn,25312,1349.86
act_fn,25328,1351.84
act_fn,25344,1352.36
act_fn,25360,1350.22
act_fn,25376,1348.67
act_fn,25392,1351.14
act_fn,25408,1354.51
act_fn,25424,1356.24
act_fn,25440,1353.44
act_fn,25456,1357.19
act_fn,25472,1357.26
act_fn,25488,1355.85
act_fn,25504,1358.27
act_fn,25520,1359.4
act_fn,25536,1358.96
act_fn,25552,1359.8
act_fn,25568,1361.93
act_fn,25584,1361.76
act_fn,25600,1362.56
act_fn,25616,1365.32
act_fn,25632,1366.38
act_fn,25648,1368.26
act_fn,25664,1368.28
act_fn,25680,1371.14
act_fn,25696,1371.57
act_fn,25712,1370.02
act_fn,25728,1373.44
act_fn,25744,1372.9
act_fn,25760,1372.66
act_fn,25776,1372.85
act_fn,25792,1374.1
act_fn,25808,1374.85
act_fn,25824,1375.37
act_fn,25840,1376.06
act_fn,25856,1379.66
act_fn,25872,1376.65
act_fn,25888,1377.88
act_fn,25904,1378.51
act_fn,25920,1380.45
act_fn,25936,1380.16
act_fn,25952,1383.43
act_fn,25968,1383.25
act_fn,25984,1384.51
act_fn,26000,1384.53
act_fn,26016,1389.65
act_fn,26032,1385.91
act_fn,26048,1387.4
act_fn,26064,1389.64
act_fn,26080,1391.73
act_fn,26096,1390.43
act_fn,26112,1390.48
act_fn,26128,1390.52
act_fn,26144,1393.78
act_fn,26160,1393.23
act_fn,26176,1396.41
act_fn,26192,1394.31
act_fn,26208,1395.82
act_fn,26224,1399.76
act_fn,26240,1398.14
act_fn,26256,1399.07
act_fn,26272,1398.82
act_fn,26288,1399.58
act_fn,26304,1401.21
act_fn,26320,1402.05
act_fn,26336,1402.77
act_fn,26352,1403.28
act_fn,26368,1404.53
act_fn,26384,1405.09
act_fn,26400,1403.38
act_fn,26416,1406.15
act_fn,26432,1409.41
act_fn,26448,1408.23
act_fn,26464,1409.43
act_fn,26480,1409.25
act_fn,26496,1410.03
act_fn,26512,1412.26
act_fn,26528,1417.21
act_fn,26544,1417.9
act_fn,26560,1417.3
act_fn,26576,1415.3
act_fn,26592,1419.45
act_fn,26608,1419.23
act_fn,26624,1419.55
act_fn,26640,1419.44
act_fn,26656,1421.31
act_fn,26672,1420.2
act_fn,26688,1422.44
act_fn,26704,1422.44
act_fn,26720,1422.85
act_fn,26736,1425.32
act_fn,26752,1425.91
act_fn,26768,1426.26
act_fn,26784,1423.79
act_fn,26800,1428.6
act_fn,26816,1425.63
act_fn,26832,1428.7
act_fn,26848,1430.36
act_fn,26864,1428.62
act_fn,26880,1430.48
act_fn,26896,1435.06
act_fn,26912,1434.94
act_fn,26928,1435.21
act_fn,26944,1434.74
act_fn,26960,1439.71
act_fn,26976,1438.66
act_fn,26992,1439.07
act_fn,27008,1441.41
act_fn,27024,1439.14
act_fn,27040,1441.16
act_fn,27056,1441.53
act_fn,27072,1443.74
act_fn,27088,1442.69
act_fn,27104,1446.04
act_fn,27120,1445.37
act_fn,27136,1446.73
act_fn,27152,1445.28
act_fn,27168,1444.54
act_fn,27184,1447.53
act_fn,27200,1449.23
act_fn,27216,1449.62
act_fn,27232,1452.56
act_fn,27248,1452.15
act_fn,27264,1453.77
act_fn,27280,1452.9
act_fn,27296,1455.73
act_fn,27312,1454.98
act_fn,27328,1456.13
act_fn,27344,1458.17
act_fn,27360,1457.69
act_fn,27376,1459.75
act_fn,27392,1461.83
act_fn,27408,1462.43
act_fn,27424,1461.18
act_fn,27440,1461.32
act_fn,27456,1460.82
act_fn,27472,1465.87
act_fn,27488,1464.91
act_fn,27504,1465.85
act_fn,27520,1467.75
act_fn,27536,1467.55
act_fn,27552,1466.62
act_fn,27568,1469.95
act_fn,27584,1468.34
act_fn,27600,1469.56
act_fn,27616,1472
act_fn,27632,1472.94
act_fn,27648,1472.86
act_fn,27664,1471.63
act_fn,27680,1473.66
act_fn,27696,1475.94
act_fn,27712,1476.91
act_fn,27728,1477.61
act_fn,27744,1476.8
act_fn,27760,1476.5
act_fn,27776,1478.25
act_fn,27792,1483.45
act_fn,27808,1482.51
act_fn,27824,1483.14
act_fn,27840,1482.6
act_fn,27856,1486.05
act_fn,27872,1487.37
act_fn,27888,1486.44
act_fn,27904,1486.41
act_fn,27920,1488.18
act_fn,27936,1487.62
act_fn,27952,1487.73
act_fn,27968,1492.57
act_fn,27984,1491.25
act_fn,28000,1491.89
act_fn,28016,1493.17
act_fn,28032,1493.46
act_fn,28048,1492.32
act_fn,28064,1492.24
act_fn,28080,1495.9
act_fn,28096,1494.14
act_fn,28112,1497.23
act_fn,28128,1497.52
act_fn,28144,1498.94
act_fn,28160,1498.59
act_fn,28176,1504.57
act_fn,28192,1501.89
act_fn,28208,1502.24
act_fn,28224,1504.62
act_fn,28240,1504.87
act_fn,28256,1505.2
act_fn,28272,1507.59
act_fn,28288,1507.73
act_fn,28304,1508.78
act_fn,28320,1508.84
act_fn,28336,1511.71
act_fn,28352,1512.28
act_fn,28368,1511.84
act_fn,28384,1512.89
act_fn,28400,1513.78
act_fn,28416,1514.09
act_fn,28432,1514.79
act_fn,28448,1513.08
act_fn,28464,1519.12
act_fn,28480,1515.56
act_fn,28496,1517.4
act_fn,28512,1518.52
act_fn,28528,1518.85
act_fn,28544,1521.72
act_fn,28560,1519.15
act_fn,28576,1522.31
act_fn,28592,1521.5
act_fn,28608,1524.18
act_fn,28624,1521.8
act_fn,28640,1526.23
act_fn,28656,1525.28
act_fn,28672,1526.16
act_fn,28688,1527.25
act_fn,28704,1532.23
act_fn,28720,1530.58
act_fn,28736,1531.69
act_fn,28752,1532.46
act_fn,28768,1533.34
act_fn,28784,1534.11
act_fn,28800,1534.36
act_fn,28816,1534.28
act_fn,28832,1535.9
act_fn,28848,1534.67
act_fn,28864,1539.33
act_fn,28880,1538.48
act_fn,28896,1539.36
act_fn,28912,1539.63
act_fn,28928,1541.45
act_fn,28944,1539.99
act_fn,28960,1541.09
act_fn,28976,1542.45
act_fn,28992,1543.63
act_fn,29008,1545.81
act_fn,29024,1544.88
act_fn,29040,1544.73
act_fn,29056,1547.61
act_fn,29072,1551.38
act_fn,29088,1553.34
act_fn,29104,1551.02
act_fn,29120,1550.96
act_fn,29136,1553.43
act_fn,29152,1554.34
act_fn,29168,1554.77
act_fn,29184,1554.94
act_fn,29200,1555.7
act_fn,29216,1555.64
act_fn,29232,1556.3
act_fn,29248,1559.47
act_fn,29264,1556.14
act_fn,29280,1561.84
act_fn,29296,1559.84
act_fn,29312,1562.48
act_fn,29328,1561.08
act_fn,29344,1560.63
act_fn,29360,1562.56
act_fn,29376,1568.69
act_fn,29392,1564.02
act_fn,29408,1565.13
act_fn,29424,1650.16
act_fn,29440,1568.14
act_fn,29456,1572.79
act_fn,29472,1571.34
act_fn,29488,1570.84
act_fn,29504,1569.59
act_fn,29520,1572.47
act_fn,29536,1571.58
act_fn,29552,1576.46
act_fn,29568,1574.67
act_fn,29584,1577.11
act_fn,29600,1578.26
act_fn,29616,1579.7
act_fn,29632,1578.33
act_fn,29648,1580.68
act_fn,29664,1580.6
act_fn,29680,1580.79
act_fn,29696,1581.75
act_fn,29712,1582.24
act_fn,29728,1583.23
act_fn,29744,1583.44
act_fn,29760,1584.35
act_fn,29776,1587.01
act_fn,29792,1587.11
act_fn,29808,1590.05
act_fn,29824,1587.06
act_fn,29840,1587.86
act_fn,29856,1588.98
act_fn,29872,1591.38
act_fn,29888,1589.94
act_fn,29904,1589.95
act_fn,29920,1590.64
act_fn,29936,1593.41
act_fn,29952,1596.74
act_fn,29968,1595.17
act_fn,29984,1597.14
act_fn,30000,1597.07
act_fn,30016,1600.7
act_fn,30032,1599.74
act_fn,30048,1601.24
act_fn,30064,1601.41
act_fn,30080,1602.17
act_fn,30096,1601.92
act_fn,30112,1603.23
act_fn,30128,1603.93
act_fn,30144,1603.81
act_fn,30160,1607.14
act_fn,30176,1608.55
act_fn,30192,1608.24
act_fn,30208,1607.33
act_fn,30224,1609.49
act_fn,30240,1608.72
act_fn,30256,1609.75
act_fn,30272,1610.84
act_fn,30288,1611.99
act_fn,30304,1612.08
act_fn,30320,1614.31
act_fn,30336,1616.89
act_fn,30352,1617.67
act_fn,30368,1619.49
act_fn,30384,1619.33
act_fn,30400,1619.06
act_fn,30416,1621.36
act_fn,30432,1621.02
act_fn,30448,1622.57
act_fn,30464,1622.91
act_fn,30480,1624.54
act_fn,30496,1623.67
act_fn,30512,1626.54
act_fn,30528,1626.17
act_fn,30544,1627.81
act_fn,30560,1628.44
act_fn,30576,1628.16
act_fn,30592,1628.65
act_fn,30608,1629.5
act_fn,30624,1630.67
act_fn,30640,1631.75
act_fn,30656,1632.33
act_fn,30672,1632.12
act_fn,30688,1632.36
act_fn,30704,1634.89
act_fn,30720,1637.71
act_fn,30736,1636.89
act_fn,30752,1634.99
act_fn,30768,1639.66
act_fn,30784,1638.23
act_fn,30800,1637.5
act_fn,30816,1638.26
act_fn,30832,1639.99
act_fn,30848,1643.05
act_fn,30864,1643.86
act_fn,30880,1645.89
act_fn,30896,1645.42
act_fn,30912,1649.16
act_fn,30928,1647.22
act_fn,30944,1646.44
act_fn,30960,1649.91
act_fn,30976,1650.93
act_fn,30992,1650.89
act_fn,31008,1653.26
act_fn,31024,1652.71
act_fn,31040,1652.87
act_fn,31056,1654.41
act_fn,31072,1652.79
act_fn,31088,1655.61
act_fn,31104,1655.68
act_fn,31120,1657.16
act_fn,31136,1657.1
act_fn,31152,1658.66
act_fn,31168,1661.05
act_fn,31184,1660.27
act_fn,31200,1661.9
act_fn,31216,1660.84
act_fn,31232,1662.49
act_fn,31248,1667.01
act_fn,31264,1666.22
act_fn,31280,1667.45
act_fn,31296,1666.47
act_fn,31312,1671.27
act_fn,31328,1669.96
act_fn,31344,1671.56
act_fn,31360,1669.9
act_fn,31376,1669.69
act_fn,31392,1671.22
act_fn,31408,1672.49
act_fn,31424,1675.32
act_fn,31440,1673.8
act_fn,31456,1677.45
act_fn,31472,1676.52
act_fn,31488,1680.25
act_fn,31504,1677.22
act_fn,31520,1677.59
act_fn,31536,1680.76
act_fn,31552,1678.45
act_fn,31568,1679.8
act_fn,31584,1680.08
act_fn,31600,1684.53
act_fn,31616,1683.35
act_fn,31632,1683.83
act_fn,31648,1686.19
act_fn,31664,1687.19
act_fn,31680,1687.36
act_fn,31696,1689.44
act_fn,31712,1689.73
act_fn,31728,1691.33
act_fn,31744,1690.46
act_fn,31760,1693.91
act_fn,31776,1691.8
act_fn,31792,1692.31
act_fn,31808,1693.98
act_fn,31824,1694.03
act_fn,31840,1696.1
act_fn,31856,1696.04
act_fn,31872,1698.86
act_fn,31888,1696.81
act_fn,31904,1698.23
act_fn,31920,1700.13
act_fn,31936,1699.54
act_fn,31952,1700.67
act_fn,31968,1704.17
act_fn,31984,1703.78
act_fn,32000,1704.25
act_fn,32016,1702.21
act_fn,32032,1706.18
act_fn,32048,1705.16
act_fn,32064,1706.09
act_fn,32080,1707.24
act_fn,32096,1706.96
act_fn,32112,1708.05
act_fn,32128,1711.29
act_fn,32144,1712.36
act_fn,32160,1715.53
act_fn,32176,1714.01
act_fn,32192,1713.16
act_fn,32208,1717.76
act_fn,32224,1716.65
act_fn,32240,1719.99
act_fn,32256,1718.53
act_fn,32272,1719.8
act_fn,32288,1720.56
act_fn,32304,1721.67
act_fn,32320,1722.51
act_fn,32336,1722.76
act_fn,32352,1722.75
act_fn,32368,1723.41
act_fn,32384,1724.52
act_fn,32400,1725.07
act_fn,32416,1726.13
act_fn,32432,1725.01
act_fn,32448,1726.43
act_fn,32464,1730.42
act_fn,32480,1729.14
act_fn,32496,1731.15
act_fn,32512,1732.08
act_fn,32528,1734.19
act_fn,32544,1732.98
act_fn,32560,1734.52
act_fn,32576,1736.9
act_fn,32592,1736.48
act_fn,32608,1737.6
act_fn,32624,1738.73
act_fn,32640,1738.64
act_fn,32656,1738.25
act_fn,32672,1740.06
act_fn,32688,1741.63
act_fn,32704,1740.74
act_fn,32720,1741.52
act_fn,32736,1746.17
act_fn,32752,1745.22
act_fn,32768,1745.38
down_proj,1,50.102
down_proj,2,48.8753
down_proj,3,48.8327
down_proj,4,48.907
down_proj,5,48.9607
down_proj,6,48.9177
down_proj,7,48.9607
down_proj,8,48.9073
down_proj,9,48.9067
down_proj,10,48.8217
down_proj,11,49.0457
down_proj,12,48.993
down_proj,13,49.0667
down_proj,14,49.056
down_proj,15,48.971
down_proj,16,49.046
down_proj,20,47.307
down_proj,24,47.7443
down_proj,28,47.979
down_proj,32,48.4163
down_proj,36,46.0267
down_proj,40,48.8753
down_proj,44,48.832
down_proj,48,63.4677
down_proj,52,51.51
down_proj,56,51.1473
down_proj,60,49.0457
down_proj,64,49.4933
down_proj,80,70.582
down_proj,96,72.7687
down_proj,112,73.6217
down_proj,128,88.6833
down_proj,144,121.057
down_proj,160,121.494
down_proj,176,120.918
down_proj,192,121.142
down_proj,208,130.743
down_proj,224,123.488
down_proj,240,123.67
down_proj,256,123.66
down_proj,272,254.338
down_proj,288,254.701
down_proj,304,255.394
down_proj,320,256.535
down_proj,336,256.769
down_proj,352,216.29
down_proj,368,216.588
down_proj,384,217.036
down_proj,400,237.186
down_proj,416,244.973
down_proj,432,245.068
down_proj,448,245.133
down_proj,464,244.962
down_proj,480,237.239
down_proj,496,237.164
down_proj,512,237.335
down_proj,528,476.878
down_proj,544,476.803
down_proj,560,476.921
down_proj,576,476.953
down_proj,592,327.874
down_proj,608,328.077
down_proj,624,328.429
down_proj,640,329.731
down_proj,656,482.955
down_proj,672,483.342
down_proj,688,484.281
down_proj,704,485.039
down_proj,720,485.401
down_proj,736,485.721
down_proj,752,485.881
down_proj,768,486.308
down_proj,784,484.495
down_proj,800,484.345
down_proj,816,485.443
down_proj,832,485.7
down_proj,848,471.737
down_proj,864,471.801
down_proj,880,471.747
down_proj,896,471.865
down_proj,912,471.652
down_proj,928,471.961
down_proj,944,471.801
down_proj,960,471.781
down_proj,976,470.585
down_proj,992,470.596
down_proj,1008,470.596
down_proj,1024,470.564
down_proj,1040,934.258
down_proj,1056,934.516
down_proj,1072,934.695
down_proj,1088,934.749
down_proj,1104,934.887
down_proj,1120,934.952
down_proj,1136,934.889
down_proj,1152,935.005
down_proj,1168,935.547
down_proj,1184,935.528
down_proj,1200,935.474
down_proj,1216,935.463
down_proj,1232,935.607
down_proj,1248,935.677
down_proj,1264,935.688
down_proj,1280,935.816
down_proj,1296,935.699
down_proj,1312,935.924
down_proj,1328,935.624
down_proj,1344,935.731
down_proj,1360,935.698
down_proj,1376,935.859
down_proj,1392,935.763
down_proj,1408,935.848
down_proj,1424,935.763
down_proj,1440,935.848
down_proj,1456,935.954
down_proj,1472,935.751
down_proj,1488,935.923
down_proj,1504,935.892
down_proj,1520,935.785
down_proj,1536,936.03
down_proj,1552,936.019
down_proj,1568,936.126
down_proj,1584,936.104
down_proj,1600,936.095
down_proj,1616,936.178
down_proj,1632,936.255
down_proj,1648,936.169
down_proj,1664,936.189
down_proj,1680,936.349
down_proj,1696,936.349
down_proj,1712,936.339
down_proj,1728,936.308
down_proj,1744,936.5
down_proj,1760,936.317
down_proj,1776,936.286
down_proj,1792,936.478
down_proj,1808,936.478
down_proj,1824,936.243
down_proj,1840,936.467
down_proj,1856,936.073
down_proj,1872,936.264
down_proj,1888,936.34
down_proj,1904,936.168
down_proj,1920,936.456
down_proj,1936,936.766
down_proj,1952,936.627
down_proj,1968,936.659
down_proj,1984,936.51
down_proj,2000,936.606
down_proj,2016,936.745
down_proj,2032,937.107
down_proj,2048,936.798
down_proj,2064,936.958
down_proj,2080,937.224
down_proj,2096,936.969
down_proj,2112,937.203
down_proj,2128,937.375
down_proj,2144,937.065
down_proj,2160,937.438
down_proj,2176,937.407
down_proj,2192,1402.41
down_proj,2208,1402.52
down_proj,2224,1402.54
down_proj,2240,1402.52
down_proj,2256,1402.47
down_proj,2272,1402.52
down_proj,2288,1402.68
down_proj,2304,1402.84
down_proj,2320,1402.92
down_proj,2336,1402.95
down_proj,2352,1403.01
down_proj,2368,1402.77
down_proj,2384,1402.71
down_proj,2400,1402.98
down_proj,2416,1402.61
down_proj,2432,1402.7
down_proj,2448,1402.68
down_proj,2464,1402.71
down_proj,2480,1402.89
down_proj,2496,1402.79
down_proj,2512,1402.51
down_proj,2528,1402.6
down_proj,2544,1402.89
down_proj,2560,1402.94
down_proj,2576,1403.05
down_proj,2592,1402.84
down_proj,2608,1402.91
down_proj,2624,1402.97
down_proj,2640,1402.89
down_proj,2656,1402.98
down_proj,2672,1403.02
down_proj,2688,1403.09
down_proj,2704,1403.05
down_proj,2720,1402.98
down_proj,2736,1403.34
down_proj,2752,1403.01
down_proj,2768,1403.29
down_proj,2784,1403.19
down_proj,2800,1403.27
down_proj,2816,1403.3
down_proj,2832,1403.43
down_proj,2848,1403.29
down_proj,2864,1403.52
down_proj,2880,1403.5
down_proj,2896,1403.54
down_proj,2912,1403.41
down_proj,2928,1403.55
down_proj,2944,1403.37
down_proj,2960,1403.6
down_proj,2976,1404.33
down_proj,2992,1403.52
down_proj,3008,1404.07
down_proj,3024,1404.24
down_proj,3040,1403.88
down_proj,3056,1404.04
down_proj,3072,1404.23
down_proj,3088,1404.15
down_proj,3104,1404.31
down_proj,3120,1404.07
down_proj,3136,1404.09
down_proj,3152,1404.3
down_proj,3168,1404.42
down_proj,3184,1404.2
down_proj,3200,1404.38
down_proj,3216,1868.81
down_proj,3232,1868.52
down_proj,3248,1868.51
down_proj,3264,1869.11
down_proj,3280,1868.39
down_proj,3296,1868.5
down_proj,3312,1869.13
down_proj,3328,1868.77
down_proj,3344,1869.45
down_proj,3360,1869.63
down_proj,3376,1869.74
down_proj,3392,1869.89
down_proj,3408,1870.33
down_proj,3424,1869.86
down_proj,3440,1869.92
down_proj,3456,1870.31
down_proj,3472,1870.02
down_proj,3488,1870.37
down_proj,3504,1870.04
down_proj,3520,1870.13
down_proj,3536,1869.68
down_proj,3552,1869.99
down_proj,3568,1869.72
down_proj,3584,1869.95
down_proj,3600,1870.03
down_proj,3616,1870.31
down_proj,3632,1870.26
down_proj,3648,1870.23
down_proj,3664,1870.21
down_proj,3680,1870.25
down_proj,3696,1870.26
down_proj,3712,1870.2
down_proj,3728,1870.07
down_proj,3744,1870.07
down_proj,3760,1870.23
down_proj,3776,1870.33
down_proj,3792,1870.42
down_proj,3808,1870.35
down_proj,3824,1870.22
down_proj,3840,1870.31
down_proj,3856,1870.76
down_proj,3872,1878.72
down_proj,3888,1878.91
down_proj,3904,1878.76
down_proj,3920,1878.95
down_proj,3936,1878.81
down_proj,3952,1878.94
down_proj,3968,1879.17
down_proj,3984,1878.87
down_proj,4000,1878.98
down_proj,4016,1879.06
down_proj,4032,1878.99
down_proj,4048,1879.26
down_proj,4064,1879.12
down_proj,4080,1879.28
down_proj,4096,1879.22
down_proj,4112,1879.56
down_proj,4128,1879.66
down_proj,4144,1879.38
down_proj,4160,1879.35
down_proj,4176,1879.31
down_proj,4192,1879.36
down_proj,4208,1879.54
down_proj,4224,1879.23
down_proj,4240,1880.14
down_proj,4256,1879.8
down_proj,4272,1879.33
down_proj,4288,1879.95
down_proj,4304,1879.57
down_proj,4320,1879.72
down_proj,4336,1879.93
down_proj,4352,1880
down_proj,4368,2348
down_proj,4384,2347.96
down_proj,4400,2347.99
down_proj,4416,2347.79
down_proj,4432,2348.12
down_proj,4448,2348.17
down_proj,4464,2347.86
down_proj,4480,2348.46
down_proj,4496,2348.09
down_proj,4512,2348.13
down_proj,4528,2348.2
down_proj,4544,2348.2
down_proj,4560,2347.94
down_proj,4576,2348.32
down_proj,4592,2348.26
down_proj,4608,2347.95
down_proj,4624,2348.22
down_proj,4640,2348.28
down_proj,4656,2348.1
down_proj,4672,2348.26
down_proj,4688,2348.26
down_proj,4704,2347.96
down_proj,4720,2348.27
down_proj,4736,2348.21
down_proj,4752,2348.18
down_proj,4768,2348.51
down_proj,4784,2348.56
down_proj,4800,2348.22
down_proj,4816,2348.16
down_proj,4832,2348.22
down_proj,4848,2348.46
down_proj,4864,2348.37
down_proj,4880,2348.32
down_proj,4896,2348.5
down_proj,4912,2348.75
down_proj,4928,2348.56
down_proj,4944,2348.33
down_proj,4960,2348.27
down_proj,4976,2348.73
down_proj,4992,2348.44
down_proj,5008,2348.42
down_proj,5024,2348.33
down_proj,5040,2348.79
down_proj,5056,2348.33
down_proj,5072,2348.89
down_proj,5088,2348.83
down_proj,5104,2348.93
down_proj,5120,2348.75
down_proj,5136,2348.9
down_proj,5152,2348.9
down_proj,5168,2348.91
down_proj,5184,2348.58
down_proj,5200,2348.55
down_proj,5216,2348.63
down_proj,5232,2348.76
down_proj,5248,2349.05
down_proj,5264,2348.45
down_proj,5280,2348.98
down_proj,5296,2349.28
down_proj,5312,2349.11
down_proj,5328,2349.16
down_proj,5344,2349.11
down_proj,5360,2349.05
down_proj,5376,2349.05
down_proj,5392,2815.47
down_proj,5408,2816.34
down_proj,5424,2815.97
down_proj,5440,2816.36
down_proj,5456,2815.21
down_proj,5472,2816.32
down_proj,5488,2816.5
down_proj,5504,2816.91
down_proj,5520,2817.75
down_proj,5536,2817.86
down_proj,5552,2817.72
down_proj,5568,2817.51
down_proj,5584,2817.87
down_proj,5600,2817.66
down_proj,5616,2817.97
down_proj,5632,2817.76
down_proj,5648,2817.77
down_proj,5664,2817.71
down_proj,5680,2817.46
down_proj,5696,2817.67
down_proj,5712,2817.61
down_proj,5728,2817.53
down_proj,5744,2817.92
down_proj,5760,2817.61
down_proj,5776,2817.59
down_proj,5792,2817.93
down_proj,5808,2818.59
down_proj,5824,2817.53
down_proj,5840,2818.08
down_proj,5856,2817.52
down_proj,5872,2817.85
down_proj,5888,2817.51
down_proj,5904,2818.29
down_proj,5920,2817.8
down_proj,5936,2818.13
down_proj,5952,2817.65
down_proj,5968,2818.16
down_proj,5984,2817.55
down_proj,6000,2818
down_proj,6016,2817.59
down_proj,6032,2817.87
down_proj,6048,2818.06
down_proj,6064,2818.25
down_proj,6080,2817.92
down_proj,6096,2818.35
down_proj,6112,2817.75
down_proj,6128,2818.1
down_proj,6144,2817.95
down_proj,6160,2818.39
down_proj,6176,2818.21
down_proj,6192,2818.6
down_proj,6208,2817.86
down_proj,6224,2820.07
down_proj,6240,2817.84
down_proj,6256,2818.67
down_proj,6272,2818.17
down_proj,6288,2818.72
down_proj,6304,2818.22
down_proj,6320,2818.48
down_proj,6336,2818.1
down_proj,6352,2818.59
down_proj,6368,2818.55
down_proj,6384,2818.75
down_proj,6400,2818.38
down_proj,6416,2818.71
down_proj,6432,2818.58
down_proj,6448,2818.94
down_proj,6464,2818.4
down_proj,6480,2818.91
down_proj,6496,2818.62
down_proj,6512,2818.91
down_proj,6528,2818.58
down_proj,6544,3286.56
down_proj,6560,3286.31
down_proj,6576,3286.96
down_proj,6592,3285.31
down_proj,6608,3286.95
down_proj,6624,3286.55
down_proj,6640,3286.96
down_proj,6656,3286.27
down_proj,6672,3286.76
down_proj,6688,3286.42
down_proj,6704,3286.75
down_proj,6720,3286.76
down_proj,6736,3287.3
down_proj,6752,3287.28
down_proj,6768,3287.03
down_proj,6784,3287.24
down_proj,6800,3287.05
down_proj,6816,3286.71
down_proj,6832,3287.15
down_proj,6848,3287.15
down_proj,6864,3287.36
down_proj,6880,3287.35
down_proj,6896,3287.38
down_proj,6912,3287.12
down_proj,6928,3287.36
down_proj,6944,3286.74
down_proj,6960,3287.53
down_proj,6976,3287.09
down_proj,6992,3287.53
down_proj,7008,3287.67
down_proj,7024,3287.18
down_proj,7040,3286.97
down_proj,7056,3287.19
down_proj,7072,3287.03
down_proj,7088,3287.62
down_proj,7104,3287
down_proj,7120,3287.59
down_proj,7136,3287.46
down_proj,7152,3287.59
down_proj,7168,3287.59
down_proj,7184,3259.1
down_proj,7200,3258.76
down_proj,7216,3259.28
down_proj,7232,3259.09
down_proj,7248,3287.79
down_proj,7264,3231.17
down_proj,7280,3231.82
down_proj,7296,3231.09
down_proj,7312,3204.61
down_proj,7328,3204.09
down_proj,7344,3204.89
down_proj,7360,3287.55
down_proj,7376,3287.94
down_proj,7392,3287.35
down_proj,7408,3287.59
down_proj,7424,3287.48
down_proj,7440,3287.41
down_proj,7456,3287.34
down_proj,7472,3287.71
down_proj,7488,3150.85
down_proj,7504,3124.85
down_proj,7520,3124.59
down_proj,7536,3125.15
down_proj,7552,3124.77
down_proj,7568,3754.7
down_proj,7584,3394.09
down_proj,7600,3396.03
down_proj,7616,3396.84
down_proj,7632,3369.13
down_proj,7648,3368.52
down_proj,7664,3370.59
down_proj,7680,3370.01
down_proj,7696,3374.65
down_proj,7712,3372.92
down_proj,7728,3375.15
down_proj,7744,3755.1
down_proj,7760,3756.25
down_proj,7776,3755.7
down_proj,7792,3347.69
down_proj,7808,3347.97
down_proj,7824,3348.08
down_proj,7840,3297.84
down_proj,7856,3295.67
down_proj,7872,3270.06
down_proj,7888,3270.04
down_proj,7904,3270.12
down_proj,7920,3270.61
down_proj,7936,3270
down_proj,7952,3539.82
down_proj,7968,3756.4
down_proj,7984,3756.34
down_proj,8000,3455.49
down_proj,8016,3271.82
down_proj,8032,3273.09
down_proj,8048,3272.4
down_proj,8064,3273.53
down_proj,8080,3273.4
down_proj,8096,3273.57
down_proj,8112,3273.75
down_proj,8128,3273.72
down_proj,8144,3273.99
down_proj,8160,3273.53
down_proj,8176,3273.25
down_proj,8192,3273.46
down_proj,8208,3274.63
down_proj,8224,3273.44
down_proj,8240,3274.35
down_proj,8256,3275.14
down_proj,8272,3274.72
down_proj,8288,3275.58
down_proj,8304,3274.89
down_proj,8320,3275.14
down_proj,8336,3275.19
down_proj,8352,3274.58
down_proj,8368,3275.96
down_proj,8384,3275.06
down_proj,8400,3275.5
down_proj,8416,3275.35
down_proj,8432,3275.69
down_proj,8448,3275.05
down_proj,8464,3276.92
down_proj,8480,3277.1
down_proj,8496,3276.35
down_proj,8512,3277.4
down_proj,8528,3276.76
down_proj,8544,3276.89
down_proj,8560,3277
down_proj,8576,3277.04
down_proj,8592,3278.18
down_proj,8608,3277.94
down_proj,8624,3277.62
down_proj,8640,3277.7
down_proj,8656,3278.14
down_proj,8672,3277.52
down_proj,8688,3278.14
down_proj,8704,3278.55
down_proj,8720,3674.52
down_proj,8736,3674.36
down_proj,8752,3675.29
down_proj,8768,3674.77
down_proj,8784,3675.05
down_proj,8800,3673.23
down_proj,8816,3674.95
down_proj,8832,3674.87
down_proj,8848,3676.96
down_proj,8864,3675.63
down_proj,8880,3674.66
down_proj,8896,3676.12
down_proj,8912,3703.99
down_proj,8928,3704.88
down_proj,8944,3704.74
down_proj,8960,3704.33
down_proj,8976,3706.9
down_proj,8992,3707.72
down_proj,9008,3705.52
down_proj,9024,3706.63
down_proj,9040,3706.2
down_proj,9056,3705.94
down_proj,9072,3705.75
down_proj,9088,3707.67
down_proj,9104,3708.21
down_proj,9120,3708.03
down_proj,9136,3706.85
down_proj,9152,3707.13
down_proj,9168,3706.98
down_proj,9184,3709.89
down_proj,9200,3709.28
down_proj,9216,3708.22
down_proj,9232,3709.86
down_proj,9248,3709.66
down_proj,9264,3711.33
down_proj,9280,3709.96
down_proj,9296,3710.63
down_proj,9312,3708.91
down_proj,9328,3709.05
down_proj,9344,3710.57
down_proj,9360,3711.26
down_proj,9376,3711.39
down_proj,9392,3711.46
down_proj,9408,3710.35
down_proj,9424,3711.16
down_proj,9440,3711.08
down_proj,9456,3711.47
down_proj,9472,3711.99
down_proj,9488,3712.14
down_proj,9504,3712.73
down_proj,9520,3712.1
down_proj,9536,3712.28
down_proj,9552,3712.22
down_proj,9568,3713.41
down_proj,9584,3711.79
down_proj,9600,3712.26
down_proj,9616,3714.18
down_proj,9632,3714.39
down_proj,9648,3722.99
down_proj,9664,3714.49
down_proj,9680,3714.39
down_proj,9696,3714.81
down_proj,9712,3714.42
down_proj,9728,3722.82
down_proj,9744,4110.97
down_proj,9760,4111.84
down_proj,9776,4111.06
down_proj,9792,4113.89
down_proj,9808,4111.93
down_proj,9824,4112.54
down_proj,9840,4110.84
down_proj,9856,4690.99
down_proj,9872,4124.15
down_proj,9888,4114.48
down_proj,9904,4113.84
down_proj,9920,4113.71
down_proj,9936,4113.81
down_proj,9952,4114.48
down_proj,9968,4114.04
down_proj,9984,4115.48
down_proj,10000,4136.87
down_proj,10016,4115.89
down_proj,10032,4135.72
down_proj,10048,4115.3
down_proj,10064,4115.9
down_proj,10080,4125.88
down_proj,10096,4115.58
down_proj,10112,4116.6
down_proj,10128,4118.53
down_proj,10144,4127.82
down_proj,10160,4127.33
down_proj,10176,4126.71
down_proj,10192,4116.2
down_proj,10208,4116.49
down_proj,10224,4117.05
down_proj,10240,4117.85
down_proj,10256,4119.07
down_proj,10272,4120.02
down_proj,10288,4119.97
down_proj,10304,4120.13
down_proj,10320,4119.97
down_proj,10336,4120.2
down_proj,10352,4119.82
down_proj,10368,4120.61
down_proj,10384,4119.66
down_proj,10400,4120.37
down_proj,10416,4120.33
down_proj,10432,4121.03
down_proj,10448,4120.81
down_proj,10464,4121.33
down_proj,10480,4122.52
down_proj,10496,4131.27
down_proj,10512,4121.44
down_proj,10528,4123.26
down_proj,10544,4122.88
down_proj,10560,4132.29
down_proj,10576,4122.74
down_proj,10592,4122.47
down_proj,10608,4132.4
down_proj,10624,4122.67
down_proj,10640,4125.22
down_proj,10656,4125.08
down_proj,10672,4125.16
down_proj,10688,4125.47
down_proj,10704,4125.11
down_proj,10720,4124.53
down_proj,10736,4695.57
down_proj,10752,4124.64
down_proj,10768,4144.08
down_proj,10784,4137.01
down_proj,10800,4145.43
down_proj,10816,4126.64
down_proj,10832,4146.72
down_proj,10848,4127.02
down_proj,10864,4127.14
down_proj,10880,4127.01
down_proj,10896,4535.73
down_proj,10912,4526.31
down_proj,10928,4523.97
down_proj,10944,4536.02
down_proj,10960,4524.68
down_proj,10976,4524.36
down_proj,10992,4523.86
down_proj,11008,4524.58
down_proj,11024,4525.28
down_proj,11040,4525.44
down_proj,11056,4526.74
down_proj,11072,4523.94
down_proj,11088,4527.03
down_proj,11104,4524.59
down_proj,11120,4525.57
down_proj,11136,4525.47
down_proj,11152,4525.49
down_proj,11168,4525.28
down_proj,11184,4526.56
down_proj,11200,4525.4
down_proj,11216,4526.71
down_proj,11232,4552.91
down_proj,11248,4540.25
down_proj,11264,4539.9
down_proj,11280,4553.1
down_proj,11296,4538.54
down_proj,11312,4549.13
down_proj,11328,4566.26
down_proj,11344,4552.22
down_proj,11360,4552
down_proj,11376,4553.83
down_proj,11392,4539.86
down_proj,11408,4541.5
down_proj,11424,4553.73
down_proj,11440,4557.54
down_proj,11456,4540.87
down_proj,11472,4530.5
down_proj,11488,4542
down_proj,11504,4541.63
down_proj,11520,4542.41
down_proj,11536,4565.76
down_proj,11552,4543.2
down_proj,11568,4555.14
down_proj,11584,4566.62
down_proj,11600,4553.92
down_proj,11616,4555.17
down_proj,11632,4543.19
down_proj,11648,4532.25
down_proj,11664,4532.91
down_proj,11680,4555.53
down_proj,11696,4567.71
down_proj,11712,4555.88
down_proj,11728,4567.56
down_proj,11744,4552.9
down_proj,11760,4568.06
down_proj,11776,4555.44
down_proj,11792,4568.69
down_proj,11808,4559.27
down_proj,11824,4568.26
down_proj,11840,4559.39
down_proj,11856,4566.16
down_proj,11872,4558.03
down_proj,11888,4567.7
down_proj,11904,4548.49
down_proj,11920,4946.51
down_proj,11936,4957.8
down_proj,11952,4970.39
down_proj,11968,5621.61
down_proj,11984,4933.27
down_proj,12000,4932.67
down_proj,12016,4957.25
down_proj,12032,4946.32
down_proj,12048,4971.76
down_proj,12064,4947.17
down_proj,12080,4973.29
down_proj,12096,4962.6
down_proj,12112,4967.17
down_proj,12128,4961.89
down_proj,12144,4950.26
down_proj,12160,4947.73
down_proj,12176,4977.07
down_proj,12192,4961.97
down_proj,12208,4970.44
down_proj,12224,4975.33
down_proj,12240,4951.54
down_proj,12256,4947.74
down_proj,12272,4969.09
down_proj,12288,4946.95
down_proj,12304,4963.82
down_proj,12320,4973.8
down_proj,12336,4975.52
down_proj,12352,4977.98
down_proj,12368,4949.8
down_proj,12384,4965.17
down_proj,12400,4977.95
down_proj,12416,4973.79
down_proj,12432,4953.45
down_proj,12448,4978.91
down_proj,12464,4963.01
down_proj,12480,4963.92
down_proj,12496,4973.37
down_proj,12512,4963.73
down_proj,12528,4966.16
down_proj,12544,4966.76
down_proj,12560,4965.86
down_proj,12576,4967.99
down_proj,12592,4966.66
down_proj,12608,4978.66
down_proj,12624,4953.63
down_proj,12640,4956.5
down_proj,12656,4966.95
down_proj,12672,4969.57
down_proj,12688,4980.96
down_proj,12704,4980.66
down_proj,12720,4981.65
down_proj,12736,4978.92
down_proj,12752,4980.97
down_proj,12768,4981.44
down_proj,12784,5052.47
down_proj,12800,4980.69
down_proj,12816,4981.98
down_proj,12832,4983.3
down_proj,12848,4982.98
down_proj,12864,4983.05
down_proj,12880,4979.9
down_proj,12896,4982.93
down_proj,12912,4971.25
down_proj,12928,4970.23
down_proj,12944,4982.55
down_proj,12960,4982.95
down_proj,12976,4972.28
down_proj,12992,4983.45
down_proj,13008,4983.61
down_proj,13024,4982.22
down_proj,13040,4984.12
down_proj,13056,4984.47
down_proj,13072,5386.34
down_proj,13088,5388.38
down_proj,13104,5385.02
down_proj,13120,5391.09
down_proj,13136,5371.3
down_proj,13152,5377.53
down_proj,13168,5386.79
down_proj,13184,5385.27
down_proj,13200,5386.75
down_proj,13216,5387.28
down_proj,13232,5388.13
down_proj,13248,5392.78
down_proj,13264,5389.25
down_proj,13280,5386.94
down_proj,13296,5387.9
down_proj,13312,5391.43
down_proj,13328,5389.98
down_proj,13344,5388.71
down_proj,13360,5394.61
down_proj,13376,5392.72
down_proj,13392,5392.58
down_proj,13408,5393.31
down_proj,13424,5389.58
down_proj,13440,5392
down_proj,13456,5390.69
down_proj,13472,5392.12
down_proj,13488,5392.76
down_proj,13504,5393.93
down_proj,13520,5393.66
down_proj,13536,5393.9
down_proj,13552,5392.95
down_proj,13568,5394.87
down_proj,13584,5393
down_proj,13600,5394.55
down_proj,13616,5395.08
down_proj,13632,5392.35
down_proj,13648,5393.91
down_proj,13664,5390.98
down_proj,13680,5395.01
down_proj,13696,5391.93
down_proj,13712,5394.38
down_proj,13728,5395.35
down_proj,13744,5395.67
down_proj,13760,5394.06
down_proj,13776,5394.7
down_proj,13792,5395.05
down_proj,13808,5396.02
down_proj,13824,5395.09
down_proj,13840,5396.2
down_proj,13856,5395.96
down_proj,13872,5395.15
down_proj,13888,5395.41
down_proj,13904,5395.51
down_proj,13920,5396.36
down_proj,13936,5395.93
down_proj,13952,5396.24
down_proj,13968,5395.06
down_proj,13984,5396.47
down_proj,14000,5385.41
down_proj,14016,5397.43
down_proj,14032,5396.37
down_proj,14048,5398.1
down_proj,14064,5396.55
down_proj,14080,5399.28
down_proj,14096,5794.96
down_proj,14112,5797.35
down_proj,14128,5795.07
down_proj,14144,5796.21
down_proj,14160,5797.1
down_proj,14176,5798.47
down_proj,14192,5796.61
down_proj,14208,5799.69
down_proj,14224,5802.79
down_proj,14240,5801.58
down_proj,14256,5801.74
down_proj,14272,5800.24
down_proj,14288,5754.28
down_proj,14304,5802.06
down_proj,14320,5801.82
down_proj,14336,5798.22
down_proj,14352,5818.31
down_proj,14368,5804.79
down_proj,14384,5806.53
down_proj,14400,5805.17
down_proj,14416,5757.62
down_proj,14432,5760.87
down_proj,14448,5756.41
down_proj,14464,5801.48
down_proj,14480,5809.61
down_proj,14496,5807.01
down_proj,14512,5806.27
down_proj,14528,5823.5
down_proj,14544,5763.83
down_proj,14560,5761.19
down_proj,14576,5763.79
down_proj,14592,5758.99
down_proj,14608,5765.45
down_proj,14624,5763.81
down_proj,14640,5762.72
down_proj,14656,5766.01
down_proj,14672,5764.5
down_proj,14688,5765.78
down_proj,14704,5763.2
down_proj,14720,5766.95
down_proj,14736,5767.32
down_proj,14752,5796.49
down_proj,14768,5780.28
down_proj,14784,5766.53
down_proj,14800,5766.39
down_proj,14816,5767.61
down_proj,14832,5764.87
down_proj,14848,5765.57
down_proj,14864,5764.93
down_proj,14880,5780.53
down_proj,14896,5781.03
down_proj,14912,5768.94
down_proj,14928,5810.17
down_proj,14944,5764.85
down_proj,14960,5764.86
down_proj,14976,5765.77
down_proj,14992,5765.73
down_proj,15008,5795.04
down_proj,15024,5768.79
down_proj,15040,5780.79
down_proj,15056,5767.8
down_proj,15072,5767.96
down_proj,15088,5766.34
down_proj,15104,5768.66
down_proj,15120,5795.22
down_proj,15136,5783.71
down_proj,15152,5811.01
down_proj,15168,5778.55
down_proj,15184,5766.18
down_proj,15200,5795.83
down_proj,15216,5779.79
down_proj,15232,5765.94
down_proj,15248,6181.42
down_proj,15264,6186.39
down_proj,15280,6199.34
down_proj,15296,6183.14
down_proj,15312,6166.88
down_proj,15328,6169.71
down_proj,15344,6167.92
down_proj,15360,6164.3
down_proj,15376,6192.31
down_proj,15392,6174.44
down_proj,15408,6201.79
down_proj,15424,6187.33
down_proj,15440,6166.71
down_proj,15456,6168.93
down_proj,15472,6166.95
down_proj,15488,6186.49
down_proj,15504,6186.53
down_proj,15520,6199.23
down_proj,15536,6175.75
down_proj,15552,6207.3
down_proj,15568,6184.66
down_proj,15584,6169.7
down_proj,15600,6184.08
down_proj,15616,6190.64
down_proj,15632,6187.13
down_proj,15648,6203.8
down_proj,15664,6204.91
down_proj,15680,6205.62
down_proj,15696,6174.71
down_proj,15712,6192.45
down_proj,15728,6177.13
down_proj,15744,6184.96
down_proj,15760,6209.45
down_proj,15776,6238.07
down_proj,15792,6206.29
down_proj,15808,6192.15
down_proj,15824,6204.71
down_proj,15840,6190.07
down_proj,15856,6190
down_proj,15872,6204.34
down_proj,15888,6207.15
down_proj,15904,6190.94
down_proj,15920,6191.4
down_proj,15936,6209.01
down_proj,15952,6208.76
down_proj,15968,6208.26
down_proj,15984,6206.24
down_proj,16000,6191.37
down_proj,16016,6206.61
down_proj,16032,6207.35
down_proj,16048,6271.88
down_proj,16064,6205.67
down_proj,16080,6210.49
down_proj,16096,6194.29
down_proj,16112,6208.23
down_proj,16128,6207.12
down_proj,16144,6207.4
down_proj,16160,6223
down_proj,16176,6307.57
down_proj,16192,6224.92
down_proj,16208,6211.87
down_proj,16224,6208.26
down_proj,16240,6209.36
down_proj,16256,6189.79
down_proj,16272,6588.91
down_proj,16288,6626.15
down_proj,16304,6606.07
down_proj,16320,6606.06
down_proj,16336,6608.7
down_proj,16352,6589.42
down_proj,16368,6613.08
down_proj,16384,6573.44
down_proj,16400,6611.15
down_proj,16416,6629.38
down_proj,16432,6628.23
down_proj,16448,6610.28
down_proj,16464,6628.29
down_proj,16480,6594.47
down_proj,16496,6596.71
down_proj,16512,6596.65
down_proj,16528,6593.8
down_proj,16544,6609.47
down_proj,16560,6626.36
down_proj,16576,6627.63
down_proj,16592,6594.5
down_proj,16608,6595.34
down_proj,16624,6614.06
down_proj,16640,6593.25
down_proj,16656,6613.14
down_proj,16672,6630.95
down_proj,16688,6636.59
down_proj,16704,6633.69
down_proj,16720,6597.05
down_proj,16736,6627.74
down_proj,16752,6617.04
down_proj,16768,6614.02
down_proj,16784,6637.52
down_proj,16800,6633.12
down_proj,16816,6637.82
down_proj,16832,6632.6
down_proj,16848,6616.75
down_proj,16864,6616.68
down_proj,16880,6617.7
down_proj,16896,6600.77
down_proj,16912,6635.51
down_proj,16928,6636
down_proj,16944,6636.01
down_proj,16960,6653.04
down_proj,16976,6638.86
down_proj,16992,6636.53
down_proj,17008,6621.8
down_proj,17024,6635.62
down_proj,17040,6638.34
down_proj,17056,6658.42
down_proj,17072,6635.59
down_proj,17088,6652.6
down_proj,17104,6638.75
down_proj,17120,6639.38
down_proj,17136,6639.77
down_proj,17152,6619.99
down_proj,17168,6638.61
down_proj,17184,6637.4
down_proj,17200,6639.34
down_proj,17216,6656.52
down_proj,17232,6638.85
down_proj,17248,6638.3
down_proj,17264,6725.02
down_proj,17280,6620.63
down_proj,17296,6662.69
down_proj,17312,6638.04
down_proj,17328,6640.86
down_proj,17344,6638.65
down_proj,17360,6638.78
down_proj,17376,6637.4
down_proj,17392,6637.55
down_proj,17408,6620.08
down_proj,17424,7057.8
down_proj,17440,7057
down_proj,17456,7055.11
down_proj,17472,7039.28
down_proj,17488,7037.81
down_proj,17504,7041.71
down_proj,17520,7043
down_proj,17536,7042.05
down_proj,17552,7060.86
down_proj,17568,7060.77
down_proj,17584,7065.99
down_proj,17600,7059.85
down_proj,17616,7043.41
down_proj,17632,7004.51
down_proj,17648,7042.95
down_proj,17664,7043.66
down_proj,17680,7041.97
down_proj,17696,7065.47
down_proj,17712,7082.58
down_proj,17728,7060.09
down_proj,17744,7022
down_proj,17760,7042.64
down_proj,17776,7027.92
down_proj,17792,7043.08
down_proj,17808,7066.11
down_proj,17824,7046.85
down_proj,17840,7082.37
down_proj,17856,7043.61
down_proj,17872,7063.37
down_proj,17888,7032.64
down_proj,17904,7043.86
down_proj,17920,7052.07
down_proj,17936,7088.96
down_proj,17952,7050.17
down_proj,17968,7048.21
down_proj,17984,7050.69
down_proj,18000,7048.08
down_proj,18016,7033.19
down_proj,18032,7032.97
down_proj,18048,7029.47
down_proj,18064,7087.44
down_proj,18080,7069.66
down_proj,18096,7052.88
down_proj,18112,7068.51
down_proj,18128,7054.24
down_proj,18144,7051.89
down_proj,18160,7051.7
down_proj,18176,7036.04
down_proj,18192,7051.29
down_proj,18208,7052.46
down_proj,18224,7070.74
down_proj,18240,7053.34
down_proj,18256,7050.27
down_proj,18272,7050.9
down_proj,18288,7052.69
down_proj,18304,7050.73
down_proj,18320,7111.2
down_proj,18336,7070.09
down_proj,18352,7094.76
down_proj,18368,7088.35
down_proj,18384,7051.37
down_proj,18400,7054.78
down_proj,18416,7055.98
down_proj,18432,7052.41
down_proj,18448,7483.22
down_proj,18464,7496.46
down_proj,18480,7501.44
down_proj,18496,7493.28
down_proj,18512,7451.04
down_proj,18528,7451.31
down_proj,18544,7451.77
down_proj,18560,7450.81
down_proj,18576,7452.58
down_proj,18592,7472.45
down_proj,18608,7500.15
down_proj,18624,7490.79
down_proj,18640,7455.71
down_proj,18656,7439.07
down_proj,18672,7454.01
down_proj,18688,7434.75
down_proj,18704,7453.47
down_proj,18720,7493.52
down_proj,18736,7516.05
down_proj,18752,7504.42
down_proj,18768,7460.23
down_proj,18784,7454.91
down_proj,18800,7455.64
down_proj,18816,7475.31
down_proj,18832,7459.49
down_proj,18848,7457.3
down_proj,18864,7494.46
down_proj,18880,7455.48
down_proj,18896,7504.09
down_proj,18912,7459.32
down_proj,18928,7436.54
down_proj,18944,7456.33
down_proj,18960,7462.47
down_proj,18976,7496.2
down_proj,18992,7486.82
down_proj,19008,7519.39
down_proj,19024,7466.88
down_proj,19040,7461.5
down_proj,19056,7459.26
down_proj,19072,7457.39
down_proj,19088,7501.19
down_proj,19104,7482.97
down_proj,19120,7491.5
down_proj,19136,7482.37
down_proj,19152,7464.52
down_proj,19168,7465.1
down_proj,19184,7465.37
down_proj,19200,7465.81
down_proj,19216,7484.7
down_proj,19232,7487.03
down_proj,19248,7502.55
down_proj,19264,7486.04
down_proj,19280,7464.53
down_proj,19296,7465.48
down_proj,19312,7463.55
down_proj,19328,7466.01
down_proj,19344,7507.17
down_proj,19360,7485.91
down_proj,19376,7503.49
down_proj,19392,7506.21
down_proj,19408,7469.77
down_proj,19424,7464.88
down_proj,19440,7472.87
down_proj,19456,7468.63
down_proj,19472,7504.15
down_proj,19488,7508.59
down_proj,19504,7485.2
down_proj,19520,7526.52
down_proj,19536,7466.59
down_proj,19552,7464.47
down_proj,19568,7468.09
down_proj,19584,7467.89
down_proj,19600,7899.53
down_proj,19616,7896.51
down_proj,19632,7909.83
down_proj,19648,7903.59
down_proj,19664,7851.88
down_proj,19680,7865.71
down_proj,19696,7885.69
down_proj,19712,7848.63
down_proj,19728,7908.36
down_proj,19744,7888.39
down_proj,19760,7909.23
down_proj,19776,7910.62
down_proj,19792,7867.96
down_proj,19808,7867.99
down_proj,19824,7867.93
down_proj,19840,7867.81
down_proj,19856,7920.1
down_proj,19872,7909.25
down_proj,19888,7931.5
down_proj,19904,7910.41
down_proj,19920,7870.84
down_proj,19936,7868.8
down_proj,19952,7878.4
down_proj,19968,7871.17
down_proj,19984,7912.28
down_proj,20000,7904.42
down_proj,20016,7899.75
down_proj,20032,7935.95
down_proj,20048,7871.9
down_proj,20064,7871.92
down_proj,20080,7873.18
down_proj,20096,7874.62
down_proj,20112,7919.32
down_proj,20128,7942.11
down_proj,20144,7937.32
down_proj,20160,7937.63
down_proj,20176,7876.62
down_proj,20192,7895.01
down_proj,20208,7885.93
down_proj,20224,7898.6
down_proj,20240,7931.89
down_proj,20256,7920.29
down_proj,20272,7919.54
down_proj,20288,7941.76
down_proj,20304,7878.89
down_proj,20320,7883.53
down_proj,20336,7901.39
down_proj,20352,7902
down_proj,20368,7920.28
down_proj,20384,7938.94
down_proj,20400,7918.38
down_proj,20416,7941.61
down_proj,20432,7966.79
down_proj,20448,7897.5
down_proj,20464,7899.4
down_proj,20480,7899.4
down_proj,20496,7942.44
down_proj,20512,7925.61
down_proj,20528,7940.99
down_proj,20544,7909.98
down_proj,20560,7882.44
down_proj,20576,7880.39
down_proj,20592,7881.81
down_proj,20608,7879.5
down_proj,20624,8343.26
down_proj,20640,8321.11
down_proj,20656,8323.38
down_proj,20672,8342.88
down_proj,20688,8278.84
down_proj,20704,8298.34
down_proj,20720,8300.29
down_proj,20736,8299.17
down_proj,20752,8348.06
down_proj,20768,8348.28
down_proj,20784,8345.78
down_proj,20800,8347.47
down_proj,20816,8300.44
down_proj,20832,8281.53
down_proj,20848,8258.5
down_proj,20864,8285.75
down_proj,20880,8347.84
down_proj,20896,8346.96
down_proj,20912,8325.73
down_proj,20928,8349.04
down_proj,20944,8289.41
down_proj,20960,8309.78
down_proj,20976,8295.57
down_proj,20992,8306.92
down_proj,21008,8327.87
down_proj,21024,8349.51
down_proj,21040,8353.5
down_proj,21056,8346.89
down_proj,21072,8324.16
down_proj,21088,8315.14
down_proj,21104,8303.55
down_proj,21120,8317.22
down_proj,21136,8358.7
down_proj,21152,8356.54
down_proj,21168,8353.69
down_proj,21184,8355.1
down_proj,21200,8287.37
down_proj,21216,8333.42
down_proj,21232,8331.6
down_proj,21248,8314.62
down_proj,21264,8357.66
down_proj,21280,8358.62
down_proj,21296,8365.45
down_proj,21312,8337.05
down_proj,21328,8315.72
down_proj,21344,8314.72
down_proj,21360,8291.51
down_proj,21376,8292.42
down_proj,21392,8359.48
down_proj,21408,8357.87
down_proj,21424,8358.67
down_proj,21440,8361.03
down_proj,21456,8315.11
down_proj,21472,8336.32
down_proj,21488,8336.03
down_proj,21504,8302.32
down_proj,21520,8345.65
down_proj,21536,8336.91
down_proj,21552,8359.6
down_proj,21568,8335.42
down_proj,21584,8298.52
down_proj,21600,8337.24
down_proj,21616,8317.1
down_proj,21632,8294.63
down_proj,21648,8360.3
down_proj,21664,8341.48
down_proj,21680,8344.06
down_proj,21696,8357.59
down_proj,21712,8314.95
down_proj,21728,8296.4
down_proj,21744,8318.93
down_proj,21760,8314.92
down_proj,21776,8738.62
down_proj,21792,8761.98
down_proj,21808,8758.67
down_proj,21824,8758.32
down_proj,21840,8714.85
down_proj,21856,8694.65
down_proj,21872,8698.66
down_proj,21888,8697.74
down_proj,21904,8766.68
down_proj,21920,8739.77
down_proj,21936,8745.76
down_proj,21952,8721.87
down_proj,21968,8697.37
down_proj,21984,8716.85
down_proj,22000,8717.47
down_proj,22016,8722.09
down_proj,22032,8765.08
down_proj,22048,8743.98
down_proj,22064,8742.05
down_proj,22080,8748.47
down_proj,22096,8719.48
down_proj,22112,8747.33
down_proj,22128,8743.45
down_proj,22144,8719.85
down_proj,22160,8768.95
down_proj,22176,8743.2
down_proj,22192,8769.45
down_proj,22208,8751.93
down_proj,22224,8719.75
down_proj,22240,8753.21
down_proj,22256,8748.41
down_proj,22272,8750.49
down_proj,22288,8752.16
down_proj,22304,8772.79
down_proj,22320,8746.99
down_proj,22336,8748.86
down_proj,22352,8779.03
down_proj,22368,8704.93
down_proj,22384,8706.4
down_proj,22400,8751.45
down_proj,22416,8774.89
down_proj,22432,8752.8
down_proj,22448,8777.83
down_proj,22464,8776.26
down_proj,22480,8728.51
down_proj,22496,8756.46
down_proj,22512,8705.56
down_proj,22528,8705.95
down_proj,22544,8779.09
down_proj,22560,8812.36
down_proj,22576,8774.82
down_proj,22592,8778.1
down_proj,22608,8775.77
down_proj,22624,8798.14
down_proj,22640,8776.41
down_proj,22656,8727.2
down_proj,22672,8769.4
down_proj,22688,8804.29
down_proj,22704,8773.91
down_proj,22720,8782.61
down_proj,22736,8775.5
down_proj,22752,8752.41
down_proj,22768,8776.27
down_proj,22784,8709.79
down_proj,22800,9176
down_proj,22816,9177.65
down_proj,22832,9160.78
down_proj,22848,9153.06
down_proj,22864,9174.22
down_proj,22880,9154.47
down_proj,22896,9179.44
down_proj,22912,9104.33
down_proj,22928,9182.54
down_proj,22944,9179.74
down_proj,22960,9178.17
down_proj,22976,9175.1
down_proj,22992,9130.36
down_proj,23008,9200.68
down_proj,23024,9182.33
down_proj,23040,9180.27
down_proj,23056,9159.82
down_proj,23072,9204.3
down_proj,23088,9209.85
down_proj,23104,9160.92
down_proj,23120,9157.87
down_proj,23136,9221.56
down_proj,23152,9154.92
down_proj,23168,9137.91
down_proj,23184,9187.92
down_proj,23200,9205.58
down_proj,23216,9181.93
down_proj,23232,9185.04
down_proj,23248,9187.73
down_proj,23264,9184.57
down_proj,23280,9182.29
down_proj,23296,9159.13
down_proj,23312,9197.73
down_proj,23328,9222.5
down_proj,23344,9202.18
down_proj,23360,9188.26
down_proj,23376,9174.09
down_proj,23392,9202.45
down_proj,23408,9187.09
down_proj,23424,9117.87
down_proj,23440,9188.5
down_proj,23456,9170.18
down_proj,23472,9215.38
down_proj,23488,9173.1
down_proj,23504,9193.53
down_proj,23520,9199.43
down_proj,23536,9168.11
down_proj,23552,9171.66
down_proj,23568,9193.98
down_proj,23584,9195.8
down_proj,23600,9208.4
down_proj,23616,9193.05
down_proj,23632,9168.83
down_proj,23648,9197.94
down_proj,23664,9170.68
down_proj,23680,9172.51
down_proj,23696,9206.73
down_proj,23712,9222.78
down_proj,23728,9239.58
down_proj,23744,9194.63
down_proj,23760,9171.87
down_proj,23776,9196.24
down_proj,23792,9151.7
down_proj,23808,9170.33
down_proj,23824,9195.93
down_proj,23840,9218.99
down_proj,23856,9214.8
down_proj,23872,9191.33
down_proj,23888,9199.35
down_proj,23904,9194.54
down_proj,23920,9171.23
down_proj,23936,9156.97
down_proj,23952,9600.51
down_proj,23968,9592.2
down_proj,23984,9600.48
down_proj,24000,9599.34
down_proj,24016,9597.43
down_proj,24032,9601.63
down_proj,24048,9604.56
down_proj,24064,9554.02
down_proj,24080,9597.34
down_proj,24096,9628.36
down_proj,24112,9627.63
down_proj,24128,9597.42
down_proj,24144,9601.44
down_proj,24160,9622.88
down_proj,24176,9599.81
down_proj,24192,9533.83
down_proj,24208,9599.13
down_proj,24224,9596.43
down_proj,24240,9601.94
down_proj,24256,9598.11
down_proj,24272,9599.04
down_proj,24288,9606.51
down_proj,24304,9575.6
down_proj,24320,9547.48
down_proj,24336,9599.76
down_proj,24352,9604.04
down_proj,24368,9598.78
down_proj,24384,9573.6
down_proj,24400,9603.74
down_proj,24416,9632.96
down_proj,24432,9579.35
down_proj,24448,9573.88
down_proj,24464,9615.92
down_proj,24480,9619.13
down_proj,24496,9608.92
down_proj,24512,9611.82
down_proj,24528,9608.96
down_proj,24544,9609.72
down_proj,24560,9559.85
down_proj,24576,9559.92
down_proj,24592,9612.95
down_proj,24608,9597.12
down_proj,24624,9614.45
down_proj,24640,9606.79
down_proj,24656,9585.15
down_proj,24672,9618.17
down_proj,24688,9585.42
down_proj,24704,9565.57
down_proj,24720,9612.5
down_proj,24736,9634.01
down_proj,24752,9636.64
down_proj,24768,9608.68
down_proj,24784,9609.46
down_proj,24800,9610.94
down_proj,24816,9584.65
down_proj,24832,9585.11
down_proj,24848,9612.78
down_proj,24864,9635.67
down_proj,24880,9620.18
down_proj,24896,9608.22
down_proj,24912,9613.02
down_proj,24928,9613.6
down_proj,24944,9590.6
down_proj,24960,9584.43
down_proj,24976,10009.2
down_proj,24992,10011.8
down_proj,25008,10013.8
down_proj,25024,10008.4
down_proj,25040,9984.08
down_proj,25056,10013.9
down_proj,25072,9983.99
down_proj,25088,9969.18
down_proj,25104,10015.9
down_proj,25120,10014.6
down_proj,25136,10015.4
down_proj,25152,9990.54
down_proj,25168,10015.3
down_proj,25184,10014.8
down_proj,25200,9966.72
down_proj,25216,9945.44
down_proj,25232,10014
down_proj,25248,10043.5
down_proj,25264,10011.7
down_proj,25280,10011.6
down_proj,25296,10020.3
down_proj,25312,10018.8
down_proj,25328,9991.19
down_proj,25344,10015.2
down_proj,25360,10043.6
down_proj,25376,10066.6
down_proj,25392,10020
down_proj,25408,10017.6
down_proj,25424,9985.14
down_proj,25440,10048.5
down_proj,25456,9990.69
down_proj,25472,9992.58
down_proj,25488,10019.3
down_proj,25504,10045.8
down_proj,25520,10044.7
down_proj,25536,10024.7
down_proj,25552,10004.2
down_proj,25568,10023.3
down_proj,25584,10019.1
down_proj,25600,9992.96
down_proj,25616,10024.2
down_proj,25632,10046
down_proj,25648,10034.9
down_proj,25664,10030.4
down_proj,25680,10001.8
down_proj,25696,10053.6
down_proj,25712,10028.7
down_proj,25728,9977.88
down_proj,25744,10053.1
down_proj,25760,10050.6
down_proj,25776,10026.9
down_proj,25792,10033.8
down_proj,25808,10024.5
down_proj,25824,10064.8
down_proj,25840,10011.5
down_proj,25856,9999.25
down_proj,25872,10025.2
down_proj,25888,10052.2
down_proj,25904,10056.7
down_proj,25920,10030.1
down_proj,25936,10029.6
down_proj,25952,10081.6
down_proj,25968,10027.9
down_proj,25984,10014
down_proj,26000,10055.6
down_proj,26016,10075.4
down_proj,26032,10056.8
down_proj,26048,10035.1
down_proj,26064,10038
down_proj,26080,10059.7
down_proj,26096,10028.7
down_proj,26112,10000.2
down_proj,26128,10431.9
down_proj,26144,10456.8
down_proj,26160,10430.4
down_proj,26176,10404.4
down_proj,26192,10428.6
down_proj,26208,10429.4
down_proj,26224,10404.5
down_proj,26240,10404.6
down_proj,26256,10432.2
down_proj,26272,10458.7
down_proj,26288,10456
down_proj,26304,10428.2
down_proj,26320,10376.8
down_proj,26336,10430.5
down_proj,26352,10429.2
down_proj,26368,10404.9
down_proj,26384,10452.9
down_proj,26400,10456.5
down_proj,26416,10431.8
down_proj,26432,10429.4
down_proj,26448,10435.1
down_proj,26464,10460.6
down_proj,26480,10432.4
down_proj,26496,10382.2
down_proj,26512,10422.3
down_proj,26528,10463.7
down_proj,26544,10434.1
down_proj,26560,10441.9
down_proj,26576,10406
down_proj,26592,10437.9
down_proj,26608,10436.7
down_proj,26624,10354.6
down_proj,26640,10473.2
down_proj,26656,10471.7
down_proj,26672,10468.7
down_proj,26688,10439.1
down_proj,26704,10421.3
down_proj,26720,10471.8
down_proj,26736,10444.2
down_proj,26752,10363.3
down_proj,26768,10474.4
down_proj,26784,10481.9
down_proj,26800,10446.1
down_proj,26816,10430.8
down_proj,26832,10449.3
down_proj,26848,10472.2
down_proj,26864,10432.9
down_proj,26880,10389
down_proj,26896,10471.5
down_proj,26912,10493.6
down_proj,26928,10424.6
down_proj,26944,10482.5
down_proj,26960,10448.1
down_proj,26976,10449
down_proj,26992,10392.5
down_proj,27008,10385.3
down_proj,27024,10472
down_proj,27040,10528.5
down_proj,27056,10478.8
down_proj,27072,10474.2
down_proj,27088,10443.4
down_proj,27104,10451.3
down_proj,27120,10464.1
down_proj,27136,10432.6
down_proj,27152,10842.4
down_proj,27168,10902.2
down_proj,27184,10852.8
down_proj,27200,10842.7
down_proj,27216,10792.5
down_proj,27232,10844.7
down_proj,27248,10813.7
down_proj,27264,10828.6
down_proj,27280,10855.1
down_proj,27296,10876
down_proj,27312,10850
down_proj,27328,10844.9
down_proj,27344,10819.6
down_proj,27360,10875.6
down_proj,27376,10817.3
down_proj,27392,10818.7
down_proj,27408,10847.4
down_proj,27424,10904.9
down_proj,27440,10876.1
down_proj,27456,10846.7
down_proj,27472,10848.7
down_proj,27488,10876.9
down_proj,27504,10834
down_proj,27520,10769.2
down_proj,27536,10848.1
down_proj,27552,10967.5
down_proj,27568,10907.9
down_proj,27584,10856.7
down_proj,27600,10793.5
down_proj,27616,10914.3
down_proj,27632,10838.1
down_proj,27648,10792
down_proj,27664,10874.1
down_proj,27680,10942.6
down_proj,27696,10884.2
down_proj,27712,10855.5
down_proj,27728,10890
down_proj,27744,10915.9
down_proj,27760,10808.9
down_proj,27776,10794
down_proj,27792,10888.6
down_proj,27808,10945
down_proj,27824,10859.9
down_proj,27840,10861.1
down_proj,27856,10864.1
down_proj,27872,10890.3
down_proj,27888,10831.4
down_proj,27904,10807.9
down_proj,27920,10858.1
down_proj,27936,10926.6
down_proj,27952,10862.5
down_proj,27968,10874.5
down_proj,27984,10833.9
down_proj,28000,10876.2
down_proj,28016,10852.6
down_proj,28032,10835
down_proj,28048,10865.5
down_proj,28064,10888.5
down_proj,28080,10865.3
down_proj,28096,10860.6
down_proj,28112,10847.1
down_proj,28128,10894.6
down_proj,28144,10867.7
down_proj,28160,10842.9
down_proj,28176,10888.9
down_proj,28192,10876.9
down_proj,28208,10886.5
down_proj,28224,10870
down_proj,28240,10918
down_proj,28256,10834.9
down_proj,28272,10890.5
down_proj,28288,10832.7
down_proj,28304,11291
down_proj,28320,11232.7
down_proj,28336,11292.5
down_proj,28352,11234.1
down_proj,28368,11293.9
down_proj,28384,11245.7
down_proj,28400,11318.7
down_proj,28416,11225.4
down_proj,28432,11371.6
down_proj,28448,11261.4
down_proj,28464,11335.9
down_proj,28480,11277.7
down_proj,28496,11319.2
down_proj,28512,11238.8
down_proj,28528,11263
down_proj,28544,11223.9
down_proj,28560,11352.6
down_proj,28576,11268.9
down_proj,28592,11262.8
down_proj,28608,11284.9
down_proj,28624,11307.8
down_proj,28640,11235.1
down_proj,28656,11266.8
down_proj,28672,11243.5
down_proj,28688,11348.8
down_proj,28704,11276.6
down_proj,28720,11358.3
down_proj,28736,11283.6
down_proj,28752,11326.8
down_proj,28768,11251.8
down_proj,28784,11304.6
down_proj,28800,11239.3
down_proj,28816,11277.7
down_proj,28832,11295.3
down_proj,28848,11363.2
down_proj,28864,11296.3
down_proj,28880,11334.3
down_proj,28896,11259.3
down_proj,28912,11290.3
down_proj,28928,11242.4
down_proj,28944,11395.2
down_proj,28960,11276.4
down_proj,28976,11278.1
down_proj,28992,11281
down_proj,29008,11369.1
down_proj,29024,11247.9
down_proj,29040,11302.2
down_proj,29056,11250
down_proj,29072,11340.6
down_proj,29088,11298
down_proj,29104,11368.8
down_proj,29120,11318.8
down_proj,29136,11362
down_proj,29152,11292.4
down_proj,29168,11293.3
down_proj,29184,11250.9
down_proj,29200,11337
down_proj,29216,11285.9
down_proj,29232,11341
down_proj,29248,11295.7
down_proj,29264,11277.5
down_proj,29280,11226.6
down_proj,29296,11321
down_proj,29312,11273.4
down_proj,29328,11673
down_proj,29344,11706
down_proj,29360,11768.3
down_proj,29376,11675.3
down_proj,29392,11791.6
down_proj,29408,11676.2
down_proj,29424,11737.7
down_proj,29440,11675.2
down_proj,29456,11783.1
down_proj,29472,11678.1
down_proj,29488,11742.6
down_proj,29504,11679.3
down_proj,29520,11676.9
down_proj,29536,11679.2
down_proj,29552,11709.4
down_proj,29568,11680.5
down_proj,29584,11731.7
down_proj,29600,11737.1
down_proj,29616,11804.8
down_proj,29632,11681.3
down_proj,29648,11678.6
down_proj,29664,11652.5
down_proj,29680,11770.9
down_proj,29696,11685.9
down_proj,29712,11744.7
down_proj,29728,11682.6
down_proj,29744,11773.5
down_proj,29760,11660.2
down_proj,29776,11745.5
down_proj,29792,11686.3
down_proj,29808,11747.8
down_proj,29824,11654
down_proj,29840,11753.9
down_proj,29856,11813.8
down_proj,29872,11813.6
down_proj,29888,11689.3
down_proj,29904,11744.3
down_proj,29920,11664.3
down_proj,29936,11724.1
down_proj,29952,11683.6
down_proj,29968,11690.5
down_proj,29984,11698.2
down_proj,30000,11724.5
down_proj,30016,11713
down_proj,30032,11784.1
down_proj,30048,11661.3
down_proj,30064,11769
down_proj,30080,11624
down_proj,30096,11787.6
down_proj,30112,11695.6
down_proj,30128,11759.6
down_proj,30144,11715.4
down_proj,30160,11759.8
down_proj,30176,11707.9
down_proj,30192,11759.6
down_proj,30208,11638.5
down_proj,30224,11763.5
down_proj,30240,11738.2
down_proj,30256,11727
down_proj,30272,11731.2
down_proj,30288,11756.3
down_proj,30304,11646.9
down_proj,30320,11756.1
down_proj,30336,11671.6
down_proj,30352,11790.4
down_proj,30368,11696.2
down_proj,30384,11755.4
down_proj,30400,11734.4
down_proj,30416,11759.6
down_proj,30432,11673
down_proj,30448,11713.6
down_proj,30464,11707.9
down_proj,30480,12145.3
down_proj,30496,12095.7
down_proj,30512,12193.2
down_proj,30528,12092.7
down_proj,30544,12160.6
down_proj,30560,12069.8
down_proj,30576,12129.7
down_proj,30592,12091.7
down_proj,30608,12220.6
down_proj,30624,12138.9
down_proj,30640,12186
down_proj,30656,12105.7
down_proj,30672,12214.1
down_proj,30688,12142.3
down_proj,30704,12187.4
down_proj,30720,12163.6
down_proj,30736,12222.3
down_proj,30752,12220.6
down_proj,30768,12197.9
down_proj,30784,12193.2
down_proj,30800,12189.4
down_proj,30816,12142.8
down_proj,30832,12211
down_proj,30848,12185.2
down_proj,30864,12244.1
down_proj,30880,12163.8
down_proj,30896,12206.1
down_proj,30912,12203
down_proj,30928,12196.8
down_proj,30944,12173.3
down_proj,30960,12215.9
down_proj,30976,12074.2
down_proj,30992,12135.1
down_proj,31008,12132.3
down_proj,31024,12177.4
down_proj,31040,12138.2
down_proj,31056,12142.4
down_proj,31072,12068.7
down_proj,31088,12108.5
down_proj,31104,12074.3
down_proj,31120,12140.9
down_proj,31136,12144.5
down_proj,31152,12177.8
down_proj,31168,12123.7
down_proj,31184,12151.1
down_proj,31200,12054.4
down_proj,31216,12229.8
down_proj,31232,12065.6
down_proj,31248,12211.1
down_proj,31264,12168.9
down_proj,31280,12175.1
down_proj,31296,12156.7
down_proj,31312,12173.1
down_proj,31328,12090.8
down_proj,31344,12206.9
down_proj,31360,12111
down_proj,31376,12207.5
down_proj,31392,12158.4
down_proj,31408,12177.8
down_proj,31424,12127.7
down_proj,31440,12228.9
down_proj,31456,12107.6
down_proj,31472,12175.3
down_proj,31488,12124.1
down_proj,31504,12538.8
down_proj,31520,12520.6
down_proj,31536,12577.4
down_proj,31552,12543.7
down_proj,31568,12584.4
down_proj,31584,12498.3
down_proj,31600,12541.2
down_proj,31616,12479.4
down_proj,31632,12614.2
down_proj,31648,12592.3
down_proj,31664,12609.2
down_proj,31680,12608.1
down_proj,31696,12608.3
down_proj,31712,12599
down_proj,31728,12639.1
down_proj,31744,12581.3
down_proj,31760,12616.4
down_proj,31776,12545.2
down_proj,31792,12642.8
down_proj,31808,12610.7
down_proj,31824,12545.4
down_proj,31840,12479.2
down_proj,31856,12612.8
down_proj,31872,12543.6
down_proj,31888,12578.3
down_proj,31904,12517.2
down_proj,31920,12619.6
down_proj,31936,12527.2
down_proj,31952,12612.2
down_proj,31968,12506.9
down_proj,31984,12639
down_proj,32000,12575.3
down_proj,32016,12653.8
down_proj,32032,12641.5
down_proj,32048,12616.1
down_proj,32064,12621.4
down_proj,32080,12622.8
down_proj,32096,12612.1
down_proj,32112,12619.1
down_proj,32128,12515.9
down_proj,32144,12678.5
down_proj,32160,12622.6
down_proj,32176,12625.8
down_proj,32192,12640.6
down_proj,32208,12668.1
down_proj,32224,12671.7
down_proj,32240,12626.1
down_proj,32256,12677
down_proj,32272,12625.9
down_proj,32288,12650.8
down_proj,32304,12668.5
down_proj,32320,12666.1
down_proj,32336,12627.3
down_proj,32352,12595.9
down_proj,32368,12662.2
down_proj,32384,12600.1
down_proj,32400,12649.5
down_proj,32416,12593.5
down_proj,32432,12658.3
down_proj,32448,12603.8
down_proj,32464,12637.9
down_proj,32480,12659.9
down_proj,32496,12636.3
down_proj,32512,12602.4
down_proj,32528,12671.1
down_proj,32544,12673
down_proj,32560,12629.3
down_proj,32576,12634.6
down_proj,32592,12670.2
down_proj,32608,12671.8
down_proj,32624,12627.9
down_proj,32640,12658.4
down_proj,32656,13152.9
down_proj,32672,13029.1
down_proj,32688,13058.4
down_proj,32704,13054.4
down_proj,32720,13029.3
down_proj,32736,13061.6
down_proj,32752,13030.1
down_proj,32768,13094.9
embedding,1,4.16
embedding,2,4.416
embedding,3,4.66133
embedding,4,4.907
embedding,5,5.28
embedding,6,5.51467
embedding,7,5.792
embedding,8,5.86733
embedding,9,6.40033
embedding,10,6.656
embedding,11,6.891
embedding,12,7.12567
embedding,13,7.49867
embedding,14,7.75433
embedding,15,8.02167
embedding,16,8.09567
embedding,20,3.573
embedding,24,3.47767
embedding,28,3.68
embedding,32,3.52
embedding,36,3.75467
embedding,40,3.63733
embedding,44,3.83
embedding,48,3.69067
embedding,52,3.91467
embedding,56,3.819
embedding,60,4.02167
embedding,64,3.883
embedding,80,3.968
embedding,96,3.957
embedding,112,4.021
embedding,128,4.02133
embedding,144,4.41633
embedding,160,4.34133
embedding,176,4.448
embedding,192,4.40533
embedding,208,4.53367
embedding,224,4.52267
embedding,240,4.576
embedding,256,4.576
embedding,272,4.90633
embedding,288,4.96
embedding,304,4.93867
embedding,320,4.99233
embedding,336,5.024
embedding,352,5.12033
embedding,368,5.152
embedding,384,5.19467
embedding,400,5.36533
embedding,416,5.51467
embedding,432,5.78167
embedding,448,5.76
embedding,464,5.89867
embedding,480,5.92033
embedding,496,6.016
embedding,512,6.048
embedding,528,6.005
embedding,544,6.00567
embedding,560,6.016
embedding,576,6.05833
embedding,592,6.037
embedding,608,6.048
embedding,624,6.13367
embedding,640,6.14367
embedding,656,6.19733
embedding,672,6.22933
embedding,688,6.28333
embedding,704,6.28267
embedding,720,6.336
embedding,736,6.34667
embedding,752,6.4
embedding,768,6.432
embedding,784,6.485
embedding,800,6.46367
embedding,816,6.60267
embedding,832,6.688
embedding,848,6.73067
embedding,864,6.66667
embedding,880,6.86933
embedding,896,7.05067
embedding,912,7.02933
embedding,928,7.22133
embedding,944,7.41333
embedding,960,7.48833
embedding,976,7.50967
embedding,992,7.59467
embedding,1008,7.41333
embedding,1024,7.76567
embedding,1040,7.78667
embedding,1056,7.81933
embedding,1072,7.97867
embedding,1088,8.22367
embedding,1104,8.35233
embedding,1120,8.331
embedding,1136,8.60833
embedding,1152,8.46933
embedding,1168,8.77867
embedding,1184,9.04533
embedding,1200,8.917
embedding,1216,9.22667
embedding,1232,9.25933
embedding,1248,9.54667
embedding,1264,9.79233
embedding,1280,9.84533
embedding,1296,9.73833
embedding,1312,9.99467
embedding,1328,10.229
embedding,1344,10.2183
embedding,1360,10.3783
embedding,1376,10.496
embedding,1392,10.6027
embedding,1408,10.603
embedding,1424,10.923
embedding,1440,11.0083
embedding,1456,11.041
embedding,1472,11.2533
embedding,1488,11.3173
embedding,1504,11.4453
embedding,1520,11.5943
embedding,1536,11.691
embedding,1552,11.691
embedding,1568,11.8187
embedding,1584,11.9683
embedding,1600,12.0537
embedding,1616,12.2457
embedding,1632,12.352
embedding,1648,12.3307
embedding,1664,12.395
embedding,1680,12.5227
embedding,1696,12.5547
embedding,1712,12.715
embedding,1728,12.79
embedding,1744,12.9067
embedding,1760,13.0453
embedding,1776,13.173
embedding,1792,13.1207
embedding,1808,13.3323
embedding,1824,13.3653
embedding,1840,13.408
embedding,1856,13.4407
embedding,1872,13.5467
embedding,1888,13.6643
embedding,1904,13.7707
embedding,1920,14.016
embedding,1936,13.92
embedding,1952,14.0483
embedding,1968,14.037
embedding,1984,14.2403
embedding,2000,14.3043
embedding,2016,14.347
embedding,2032,14.4967
embedding,2048,14.4967
embedding,2064,14.677
embedding,2080,14.6347
embedding,2096,14.8163
embedding,2112,14.9227
embedding,2128,14.8587
embedding,2144,15.04
embedding,2160,15.1043
embedding,2176,15.179
embedding,2192,15.2533
embedding,2208,15.3707
embedding,2224,15.488
embedding,2240,15.5413
embedding,2256,15.5843
embedding,2272,15.776
embedding,2288,15.8827
embedding,2304,15.8613
embedding,2320,15.9043
embedding,2336,16.1067
embedding,2352,16.2247
embedding,2368,16.267
embedding,2384,16.5653
embedding,2400,16.523
embedding,2416,16.4907
embedding,2432,16.6613
embedding,2448,16.8323
embedding,2464,17.0453
embedding,2480,17.0457
embedding,2496,17.2163
embedding,2512,17.3763
embedding,2528,17.3547
embedding,2544,17.472
embedding,2560,17.4827
embedding,2576,17.7927
embedding,2592,17.696
embedding,2608,17.7283
embedding,2624,17.9093
embedding,2640,17.9623
embedding,2656,18.1013
embedding,2672,18.1227
embedding,2688,18.2293
embedding,2704,18.3573
embedding,2720,18.4853
embedding,2736,18.699
embedding,2752,18.6453
embedding,2768,18.7313
embedding,2784,18.87
embedding,2800,19.0187
embedding,2816,18.8697
embedding,2832,19.1363
embedding,2848,19.317
embedding,2864,19.2857
embedding,2880,19.531
embedding,2896,19.296
embedding,2912,19.552
embedding,2928,19.787
embedding,2944,19.8083
embedding,2960,19.819
embedding,2976,20.0643
embedding,2992,20.1283
embedding,3008,20.1923
embedding,3024,20.5657
embedding,3040,20.1707
embedding,3056,20.395
embedding,3072,20.5873
embedding,3088,20.7363
embedding,3104,20.7467
embedding,3120,20.9173
embedding,3136,21.003
embedding,3152,20.9923
embedding,3168,21.1307
embedding,3184,21.334
embedding,3200,21.3653
embedding,3216,21.3867
embedding,3232,21.5363
embedding,3248,21.4933
embedding,3264,21.8987
embedding,3280,22.016
embedding,3296,21.856
embedding,3312,22.1013
embedding,3328,22.0163
embedding,3344,22.1233
embedding,3360,22.3363
embedding,3376,22.3253
embedding,3392,22.496
embedding,3408,22.5707
embedding,3424,22.6027
embedding,3440,22.816
embedding,3456,22.7733
embedding,3472,22.8587
embedding,3488,23.0187
embedding,3504,23.0193
embedding,3520,23.307
embedding,3536,23.0827
embedding,3552,23.36
embedding,3568,23.4247
embedding,3584,23.4563
embedding,3600,23.606
embedding,3616,23.7653
embedding,3632,23.7333
embedding,3648,23.68
embedding,3664,24.0103
embedding,3680,24.032
embedding,3696,24.118
embedding,3712,24.4163
embedding,3728,24.2877
embedding,3744,24.502
embedding,3760,24.544
embedding,3776,24.5653
embedding,3792,24.619
embedding,3808,24.9707
embedding,3824,25.1313
embedding,3840,25.0457
embedding,3856,25.1947
embedding,3872,25.3333
embedding,3888,25.2057
embedding,3904,25.472
embedding,3920,25.6217
embedding,3936,25.5897
embedding,3952,25.7927
embedding,3968,25.7493
embedding,3984,25.8777
embedding,4000,25.9947
embedding,4016,26.241
embedding,4032,26.1653
embedding,4048,26.3363
embedding,4064,26.368
embedding,4080,26.5177
embedding,4096,26.613
embedding,4112,26.5707
embedding,4128,26.6887
embedding,4144,26.848
embedding,4160,26.8163
embedding,4176,26.987
embedding,4192,27.1573
embedding,4208,27.2427
embedding,4224,27.168
embedding,4240,27.2327
embedding,4256,27.403
embedding,4272,27.4773
embedding,4288,27.6693
embedding,4304,27.659
embedding,4320,27.776
embedding,4336,28.0857
embedding,4352,28.1067
embedding,4368,28.2453
embedding,4384,28.0857
embedding,4400,28.299
embedding,4416,28.363
embedding,4432,28.448
embedding,4448,28.7367
embedding,4464,28.6727
embedding,4480,28.768
embedding,4496,28.8107
embedding,4512,29.152
embedding,4528,29.0027
embedding,4544,29.1843
embedding,4560,29.2487
embedding,4576,29.4193
embedding,4592,29.43
embedding,4608,29.4407
embedding,4624,29.6217
embedding,4640,29.632
embedding,4656,29.6107
embedding,4672,29.963
embedding,4688,29.9627
embedding,4704,30.048
embedding,4720,30.144
embedding,4736,30.283
embedding,4752,30.069
embedding,4768,30.2617
embedding,4784,30.39
embedding,4800,30.6777
embedding,4816,30.5817
embedding,4832,30.6887
embedding,4848,30.8593
embedding,4864,30.9767
embedding,4880,30.934
embedding,4896,31.2107
embedding,4912,31.339
embedding,4928,31.382
embedding,4944,31.7013
embedding,4960,31.4777
embedding,4976,31.606
embedding,4992,31.702
embedding,5008,31.7127
embedding,5024,31.8193
embedding,5040,31.9577
embedding,5056,32.0857
embedding,5072,32.171
embedding,5088,32.16
embedding,5104,32.2457
embedding,5120,32.6507
embedding,5136,32.4807
embedding,5152,32.662
embedding,5168,32.662
embedding,5184,32.7047
embedding,5200,32.8967
embedding,5216,32.9817
embedding,5232,33.0567
embedding,5248,33.302
embedding,5264,33.227
embedding,5280,33.515
embedding,5296,33.3767
embedding,5312,33.5897
embedding,5328,33.6647
embedding,5344,33.76
embedding,5360,33.697
embedding,5376,33.942
embedding,5392,34.0053
embedding,5408,34.2083
embedding,5424,34.0803
embedding,5440,34.283
embedding,5456,34.3683
embedding,5472,34.5493
embedding,5488,34.72
embedding,5504,34.656
embedding,5520,34.7627
embedding,5536,34.7313
embedding,5552,34.8597
embedding,5568,35.1367
embedding,5584,35.041
embedding,5600,35.371
embedding,5616,35.2433
embedding,5632,35.4457
embedding,5648,35.456
embedding,5664,35.435
embedding,5680,35.606
embedding,5696,35.7653
embedding,5712,35.8513
embedding,5728,36.0533
embedding,5744,36.0327
embedding,5760,36.1497
embedding,5776,36.2033
embedding,5792,36.31
embedding,5808,36.449
embedding,5824,36.4697
embedding,5840,36.6083
embedding,5856,36.822
embedding,5872,36.9173
embedding,5888,36.9397
embedding,5904,37.0777
embedding,5920,37.2273
embedding,5936,37.174
embedding,5952,37.3763
embedding,5968,37.409
embedding,5984,37.355
embedding,6000,37.473
embedding,6016,37.686
embedding,6032,37.7607
embedding,6048,37.8987
embedding,6064,37.8457
embedding,6080,37.8137
embedding,6096,38.155
embedding,6112,38.1657
embedding,6128,38.3473
embedding,6144,38.4003
embedding,6160,38.5287
embedding,6176,38.6993
embedding,6192,38.7847
embedding,6208,38.678
embedding,6224,38.955
embedding,6240,38.9233
embedding,6256,39.0517
embedding,6272,39.126
embedding,6288,39.3287
embedding,6304,39.307
embedding,6320,39.5423
embedding,6336,39.488
embedding,6352,39.734
embedding,6368,39.766
embedding,6384,39.7233
embedding,6400,39.7233
embedding,6416,40.086
embedding,6432,40.1817
embedding,6448,40.1177
embedding,6464,40.2567
embedding,6480,40.3313
embedding,6496,40.4057
embedding,6512,40.6943
embedding,6528,40.7257
embedding,6544,40.683
embedding,6560,40.8007
embedding,6576,41.035
embedding,6592,41.057
embedding,6608,40.982
embedding,6624,41.1737
embedding,6640,41.3447
embedding,6656,41.3553
embedding,6672,41.3977
embedding,6688,41.537
embedding,6704,41.611
embedding,6720,41.739
embedding,6736,41.8137
embedding,6752,41.8033
embedding,6768,41.889
embedding,6784,42.1017
embedding,6800,42.2083
embedding,6816,42.1447
embedding,6832,42.4007
embedding,6848,42.432
embedding,6864,42.6883
embedding,6880,42.625
embedding,6896,42.7957
embedding,6912,42.9233
embedding,6928,43.0513
embedding,6944,42.987
embedding,6960,42.9763
embedding,6976,43.3283
embedding,6992,43.3067
embedding,7008,43.3497
embedding,7024,43.403
embedding,7040,43.446
embedding,7056,43.67
embedding,7072,43.7767
embedding,7088,43.7763
embedding,7104,43.8513
embedding,7120,44.0217
embedding,7136,44.0433
embedding,7152,44.1287
embedding,7168,44.203
embedding,7184,45.345
embedding,7200,44.5873
embedding,7216,44.534
embedding,7232,44.6727
embedding,7248,44.6403
embedding,7264,44.896
embedding,7280,44.9497
embedding,7296,45.1317
embedding,7312,44.993
embedding,7328,45.1527
embedding,7344,45.1957
embedding,7360,45.4517
embedding,7376,45.3657
embedding,7392,45.4083
embedding,7408,45.75
embedding,7424,45.856
embedding,7440,45.8783
embedding,7456,45.974
embedding,7472,45.9317
embedding,7488,46.0487
embedding,7504,45.846
embedding,7520,46.209
embedding,7536,46.2727
embedding,7552,46.262
embedding,7568,46.5177
embedding,7584,46.3043
embedding,7600,46.294
embedding,7616,46.4113
embedding,7632,46.603
embedding,7648,46.4117
embedding,7664,46.6673
embedding,7680,46.7637
embedding,7696,46.9017
embedding,7712,46.8277
embedding,7728,47.0623
embedding,7744,47.5633
embedding,7760,47.7877
embedding,7776,47.7977
embedding,7792,47.499
embedding,7808,47.3503
embedding,7824,47.4673
embedding,7840,47.478
embedding,7856,47.67
embedding,7872,47.8083
embedding,7888,47.681
embedding,7904,47.7983
embedding,7920,47.9367
embedding,7936,48.0967
embedding,7952,48.6937
embedding,7968,48.8437
embedding,7984,49.1847
embedding,8000,48.7687
embedding,8016,48.5553
embedding,8032,49.857
embedding,8048,48.7157
embedding,8064,48.9823
embedding,8080,48.8533
embedding,8096,49.0777
embedding,8112,49.078
embedding,8128,49.1957
embedding,8144,49.2913
embedding,8160,49.366
embedding,8176,49.5263
embedding,8192,49.4407
embedding,8208,49.782
embedding,8224,49.7183
embedding,8240,49.974
embedding,8256,49.9847
embedding,8272,50.0697
embedding,8288,50.1763
embedding,8304,50.262
embedding,8320,50.465
embedding,8336,50.4753
embedding,8352,50.5823
embedding,8368,50.4863
embedding,8384,50.7957
embedding,8400,50.902
embedding,8416,50.859
embedding,8432,50.998
embedding,8448,51.1263
embedding,8464,51.073
embedding,8480,51.3283
embedding,8496,51.372
embedding,8512,51.446
embedding,8528,51.8403
embedding,8544,51.542
embedding,8560,51.7447
embedding,8576,51.7767
embedding,8592,51.8617
embedding,8608,51.8937
embedding,8624,51.958
embedding,8640,52.2033
embedding,8656,52.2783
embedding,8672,52.5553
embedding,8688,52.481
embedding,8704,52.534
embedding,8720,52.758
embedding,8736,52.7477
embedding,8752,52.7363
embedding,8768,53.0993
embedding,8784,53.2063
embedding,8800,54.3793
embedding,8816,53.1637
embedding,8832,53.1527
embedding,8848,53.4623
embedding,8864,53.59
embedding,8880,53.5797
embedding,8896,53.6757
embedding,8912,53.878
embedding,8928,54.07
embedding,8944,54.0703
embedding,8960,53.9847
embedding,8976,54.113
embedding,8992,54.3263
embedding,9008,54.4223
embedding,9024,54.5077
embedding,9040,54.539
embedding,9056,54.6147
embedding,9072,54.689
embedding,9088,54.6883
embedding,9104,54.9983
embedding,9120,55.0193
embedding,9136,55.1797
embedding,9152,55.1367
embedding,9168,55.1477
embedding,9184,55.4673
embedding,9200,55.414
embedding,9216,55.5203
embedding,9232,55.542
embedding,9248,55.7663
embedding,9264,55.7553
embedding,9280,55.873
embedding,9296,56.0537
embedding,9312,56.0753
embedding,9328,56.2783
embedding,9344,56.172
embedding,9360,56.4703
embedding,9376,56.5237
embedding,9392,57.7923
embedding,9408,56.7373
embedding,9424,56.8223
embedding,9440,56.865
embedding,9456,57.0037
embedding,9472,57.068
embedding,9488,57.0033
embedding,9504,57.057
embedding,9520,57.153
embedding,9536,57.548
embedding,9552,57.473
embedding,9568,57.5693
embedding,9584,57.7503
embedding,9600,57.612
embedding,9616,57.8357
embedding,9632,58.038
embedding,9648,58.0487
embedding,9664,58.0597
embedding,9680,58.209
embedding,9696,58.3797
embedding,9712,58.4117
embedding,9728,58.6353
embedding,9744,58.561
embedding,9760,58.5927
embedding,9776,58.913
embedding,9792,58.7743
embedding,9808,58.998
embedding,9824,59.0623
embedding,9840,59.0517
embedding,9856,59.905
embedding,9872,59.329
embedding,9888,59.5317
embedding,9904,59.595
embedding,9920,59.681
embedding,9936,59.862
embedding,9952,59.6813
embedding,9968,60.215
embedding,9984,59.9047
embedding,10000,60.353
embedding,10016,60.1397
embedding,10032,60.204
embedding,10048,60.321
embedding,10064,60.5023
embedding,10080,60.4067
embedding,10096,60.652
embedding,10112,60.513
embedding,10128,60.7157
embedding,10144,60.801
embedding,10160,61.121
embedding,10176,61.0143
embedding,10192,61.1743
embedding,10208,61.2593
embedding,10224,61.3023
embedding,10240,61.4197
embedding,10256,61.548
embedding,10272,61.719
embedding,10288,61.7613
embedding,10304,61.7397
embedding,10320,61.8787
embedding,10336,61.8677
embedding,10352,62.06
embedding,10368,62.2727
embedding,10384,62.455
embedding,10400,62.3477
embedding,10416,62.529
embedding,10432,62.5077
embedding,10448,62.6463
embedding,10464,62.5823
embedding,10480,62.977
embedding,10496,62.849
embedding,10512,64.31
embedding,10528,63.0733
embedding,10544,63.0943
embedding,10560,63.0407
embedding,10576,63.159
embedding,10592,63.4143
embedding,10608,63.5637
embedding,10624,63.4463
embedding,10640,63.671
embedding,10656,63.8627
embedding,10672,63.7877
embedding,10688,63.8307
embedding,10704,64.0223
embedding,10720,64.1187
embedding,10736,64.9613
embedding,10752,64.3533
embedding,10768,64.3423
embedding,10784,64.428
embedding,10800,64.641
embedding,10816,64.5987
embedding,10832,64.7903
embedding,10848,64.9503
embedding,10864,64.908
embedding,10880,65.089
embedding,10896,65.2383
embedding,10912,65.3347
embedding,10928,65.2383
embedding,10944,65.5583
embedding,10960,65.6223
embedding,10976,65.6547
embedding,10992,65.7077
embedding,11008,65.7503
embedding,11024,65.8783
embedding,11040,65.889
embedding,11056,66.081
embedding,11072,66.017
embedding,11088,66.3797
embedding,11104,66.3583
embedding,11120,66.4863
embedding,11136,66.6997
embedding,11152,66.828
embedding,11168,66.7103
embedding,11184,66.9023
embedding,11200,67.0087
embedding,11216,67.02
embedding,11232,67.0737
embedding,11248,67.2757
embedding,11264,67.2333
embedding,11280,67.5103
embedding,11296,67.5317
embedding,11312,67.575
embedding,11328,67.5317
embedding,11344,67.809
embedding,11360,67.7987
embedding,11376,68.1933
embedding,11392,68.1183
embedding,11408,68.172
embedding,11424,68.289
embedding,11440,70.0597
embedding,11456,68.545
embedding,11472,68.7163
embedding,11488,68.6197
embedding,11504,68.705
embedding,11520,68.716
embedding,11536,69.0467
embedding,11552,69.0893
embedding,11568,69.3347
embedding,11584,69.2813
embedding,11600,69.2707
embedding,11616,69.2493
embedding,11632,69.4517
embedding,11648,69.6553
embedding,11664,69.6653
embedding,11680,69.761
embedding,11696,69.8143
embedding,11712,69.921
embedding,11728,70.0597
embedding,11744,70.1347
embedding,11760,70.2097
embedding,11776,70.3807
embedding,11792,70.6147
embedding,11808,70.3693
embedding,11824,70.636
embedding,11840,70.743
embedding,11856,70.7317
embedding,11872,70.8707
embedding,11888,71.0093
embedding,11904,71.042
embedding,11920,70.9347
embedding,11936,71.3717
embedding,11952,71.447
embedding,11968,72.0117
embedding,11984,71.415
embedding,12000,71.5433
embedding,12016,71.6173
embedding,12032,71.884
embedding,12048,71.8097
embedding,12064,71.8197
embedding,12080,72.332
embedding,12096,72.1077
embedding,12112,72.2043
embedding,12128,72.2577
embedding,12144,72.3213
embedding,12160,72.5773
embedding,12176,72.5883
embedding,12192,72.6203
embedding,12208,72.8437
embedding,12224,72.8547
embedding,12240,72.8977
embedding,12256,72.9187
embedding,12272,73.1743
embedding,12288,73.452
embedding,12304,73.3027
embedding,12320,73.3347
embedding,12336,73.6757
embedding,12352,73.6543
embedding,12368,73.8147
embedding,12384,73.794
embedding,12400,73.836
embedding,12416,74.1453
embedding,12432,74.1773
embedding,12448,74.0917
embedding,12464,74.22
embedding,12480,74.4653
embedding,12496,74.455
embedding,12512,74.4013
embedding,12528,74.689
embedding,12544,74.796
embedding,12560,75.0307
embedding,12576,74.9347
embedding,12592,75.1373
embedding,12608,75.009
embedding,12624,75.265
embedding,12640,75.2863
embedding,12656,75.7237
embedding,12672,75.415
embedding,12688,75.724
embedding,12704,75.724
embedding,12720,75.799
embedding,12736,76.033
embedding,12752,76.0123
embedding,12768,76.204
embedding,12784,76.1827
embedding,12800,76.375
embedding,12816,76.6527
embedding,12832,76.3643
embedding,12848,76.4707
embedding,12864,76.7803
embedding,12880,76.791
embedding,12896,76.823
embedding,12912,76.9723
embedding,12928,76.972
embedding,12944,77.079
embedding,12960,77.1323
embedding,12976,77.1857
embedding,12992,77.3027
embedding,13008,77.4093
embedding,13024,77.5587
embedding,13040,77.569
embedding,13056,77.7187
embedding,13072,77.804
embedding,13088,77.9753
embedding,13104,77.9217
embedding,13120,78.2737
embedding,13136,78.519
embedding,13152,78.476
embedding,13168,78.487
embedding,13184,78.391
embedding,13200,78.5723
embedding,13216,78.8173
embedding,13232,78.7967
embedding,13248,78.721
embedding,13264,79.0527
embedding,13280,79.042
embedding,13296,79.2547
embedding,13312,79.34
embedding,13328,79.2657
embedding,13344,79.617
embedding,13360,79.5537
embedding,13376,79.81
embedding,13392,79.735
embedding,13408,79.799
embedding,13424,79.8093
embedding,13440,79.82
embedding,13456,80.13
embedding,13472,80.3427
embedding,13488,80.2687
embedding,13504,80.3967
embedding,13520,80.396
embedding,13536,80.3643
embedding,13552,80.9087
embedding,13568,80.6737
embedding,13584,80.759
embedding,13600,81.239
embedding,13616,80.8973
embedding,13632,81.218
embedding,13648,81.058
embedding,13664,81.388
embedding,13680,81.2287
embedding,13696,81.3453
embedding,13712,82.0173
embedding,13728,81.4627
embedding,13744,81.8043
embedding,13760,81.9327
embedding,13776,81.9007
embedding,13792,82.2307
embedding,13808,81.9643
embedding,13824,82.2097
embedding,13840,82.188
embedding,13856,82.5187
embedding,13872,82.54
embedding,13888,82.551
embedding,13904,82.913
embedding,13920,82.7423
embedding,13936,82.9137
embedding,13952,82.935
embedding,13968,82.9777
embedding,13984,83.319
embedding,14000,83.287
embedding,14016,83.33
embedding,14032,83.5213
embedding,14048,83.628
embedding,14064,83.7453
embedding,14080,83.6497
embedding,14096,83.714
embedding,14112,83.6817
embedding,14128,83.927
embedding,14144,84.14
embedding,14160,84.2037
embedding,14176,84.3427
embedding,14192,84.4817
embedding,14208,84.492
embedding,14224,84.7167
embedding,14240,84.7803
embedding,14256,84.5993
embedding,14272,84.7273
embedding,14288,84.8763
embedding,14304,85.0793
embedding,14320,85.0577
embedding,14336,85.2717
embedding,14352,85.1753
embedding,14368,85.399
embedding,14384,85.292
embedding,14400,85.602
embedding,14416,85.4847
embedding,14432,85.8257
embedding,14448,85.7087
embedding,14464,85.7513
embedding,14480,85.815
embedding,14496,85.943
embedding,14512,86.4013
embedding,14528,86.199
embedding,14544,86.3487
embedding,14560,86.37
embedding,14576,86.4443
embedding,14592,86.53
embedding,14608,86.6257
embedding,14624,86.8497
embedding,14640,87.0207
embedding,14656,86.924
embedding,14672,87.0527
embedding,14688,86.9673
embedding,14704,87.212
embedding,14720,87.351
embedding,14736,87.255
embedding,14752,87.4257
embedding,14768,87.5433
embedding,14784,87.5857
embedding,14800,87.7673
embedding,14816,87.9057
embedding,14832,87.8633
embedding,14848,87.9163
embedding,14864,87.97
embedding,14880,88.1727
embedding,14896,88.3853
embedding,14912,88.45
embedding,14928,88.3967
embedding,14944,88.4073
embedding,14960,88.6527
embedding,14976,88.7913
embedding,14992,88.8337
embedding,15008,88.951
embedding,15024,88.9403
embedding,15040,89.2287
embedding,15056,89.1433
embedding,15072,89.303
embedding,15088,89.314
embedding,15104,89.5057
embedding,15120,89.602
embedding,15136,89.5593
embedding,15152,89.8043
embedding,15168,89.9643
embedding,15184,90.082
embedding,15200,90.1887
embedding,15216,90.2103
embedding,15232,90.231
embedding,15248,90.3807
embedding,15264,90.69
embedding,15280,90.6683
embedding,15296,90.7757
embedding,15312,90.8927
embedding,15328,91.0523
embedding,15344,90.8287
embedding,15360,90.85
embedding,15376,91.074
embedding,15392,91.3513
embedding,15408,91.2337
embedding,15424,91.2973
embedding,15440,91.4153
embedding,15456,91.6607
embedding,15472,91.81
embedding,15488,91.9167
embedding,15504,91.7783
embedding,15520,92.0447
embedding,15536,91.9483
embedding,15552,92.162
embedding,15568,92.1513
embedding,15584,92.13
embedding,15600,92.2687
embedding,15616,92.2683
embedding,15632,92.5887
embedding,15648,92.93
embedding,15664,92.834
embedding,15680,92.9193
embedding,15696,93.1537
embedding,15712,93.1437
embedding,15728,93.175
embedding,15744,93.303
embedding,15760,93.3887
embedding,15776,93.4207
embedding,15792,93.666
embedding,15808,93.7407
embedding,15824,93.7407
embedding,15840,93.8897
embedding,15856,93.8047
embedding,15872,94.1353
embedding,15888,94.114
embedding,15904,94.103
embedding,15920,94.4233
embedding,15936,94.3163
embedding,15952,94.519
embedding,15968,94.562
embedding,15984,94.882
embedding,16000,94.818
embedding,16016,94.786
embedding,16032,94.7113
embedding,16048,94.914
embedding,16064,95.3623
embedding,16080,94.8927
embedding,16096,95.266
embedding,16112,95.4367
embedding,16128,95.458
embedding,16144,95.682
embedding,16160,95.5327
embedding,16176,95.6183
embedding,16192,95.8207
embedding,16208,95.938
embedding,16224,96.0553
embedding,16240,96.034
embedding,16256,96.194
embedding,16272,96.4287
embedding,16288,96.354
embedding,16304,96.802
embedding,16320,96.4607
embedding,16336,96.5887
embedding,16352,96.674
embedding,16368,96.77
embedding,16384,96.983
embedding,16400,97.1007
embedding,16416,97.3567
embedding,16432,97.389
embedding,16448,97.581
embedding,16464,97.7087
embedding,16480,97.6343
embedding,16496,97.9007
embedding,16512,97.5913
embedding,16528,97.805
embedding,16544,97.7403
embedding,16560,98.1143
embedding,16576,98.0607
embedding,16592,98.4657
embedding,16608,98.2207
embedding,16624,98.2953
embedding,16640,98.317
embedding,16656,98.6903
embedding,16672,98.5193
embedding,16688,98.6477
embedding,16704,99.031
embedding,16720,98.8927
embedding,16736,99.0423
embedding,16752,98.9357
embedding,16768,99.1277
embedding,16784,99.3727
embedding,16800,99.2233
embedding,16816,99.4587
embedding,16832,99.6073
embedding,16848,99.7143
embedding,16864,99.6713
embedding,16880,99.6607
embedding,16896,99.949
embedding,16912,100.109
embedding,16928,99.9593
embedding,16944,100.162
embedding,16960,100.29
embedding,16976,100.365
embedding,16992,100.418
embedding,17008,100.578
embedding,17024,100.866
embedding,17040,100.877
embedding,17056,100.749
embedding,17072,100.941
embedding,17088,101.069
embedding,17104,101.122
embedding,17120,101.271
embedding,17136,101.186
embedding,17152,101.314
embedding,17168,101.666
embedding,17184,101.496
embedding,17200,101.688
embedding,17216,101.879
embedding,17232,101.847
embedding,17248,101.954
embedding,17264,101.986
embedding,17280,102.168
embedding,17296,102.295
embedding,17312,102.285
embedding,17328,102.477
embedding,17344,102.487
embedding,17360,102.743
embedding,17376,102.776
embedding,17392,102.658
embedding,17408,102.872
embedding,17424,102.999
embedding,17440,103.042
embedding,17456,102.967
embedding,17472,103.096
embedding,17488,103.426
embedding,17504,103.277
embedding,17520,103.395
embedding,17536,103.426
embedding,17552,103.682
embedding,17568,103.821
embedding,17584,104.152
embedding,17600,104.045
embedding,17616,103.864
embedding,17632,103.949
embedding,17648,104.365
embedding,17664,104.247
embedding,17680,104.525
embedding,17696,104.589
embedding,17712,104.536
embedding,17728,104.664
embedding,17744,104.952
embedding,17760,104.61
embedding,17776,104.846
embedding,17792,104.962
embedding,17808,105.123
embedding,17824,105.347
embedding,17840,105.378
embedding,17856,105.634
embedding,17872,105.698
embedding,17888,105.73
embedding,17904,106.018
embedding,17920,105.976
embedding,17936,106.039
embedding,17952,106.019
embedding,17968,106.008
embedding,17984,106.04
embedding,18000,106.487
embedding,18016,106.338
embedding,18032,106.52
embedding,18048,106.637
embedding,18064,106.67
embedding,18080,106.893
embedding,18096,106.978
embedding,18112,106.968
embedding,18128,107.096
embedding,18144,107.501
embedding,18160,107.139
embedding,18176,107.373
embedding,18192,107.288
embedding,18208,107.661
embedding,18224,107.576
embedding,18240,107.704
embedding,18256,107.789
embedding,18272,107.917
embedding,18288,107.949
embedding,18304,108.024
embedding,18320,108.013
embedding,18336,108.312
embedding,18352,108.28
embedding,18368,108.685
embedding,18384,108.45
embedding,18400,108.6
embedding,18416,108.535
embedding,18432,108.92
embedding,18448,108.791
embedding,18464,109.123
embedding,18480,109.143
embedding,18496,109.272
embedding,18512,109.41
embedding,18528,109.315
embedding,18544,109.528
embedding,18560,109.304
embedding,18576,109.699
embedding,18592,109.602
embedding,18608,109.773
embedding,18624,110.147
embedding,18640,110.019
embedding,18656,110.189
embedding,18672,110.36
embedding,18688,110.178
embedding,18704,110.264
embedding,18720,110.306
embedding,18736,110.477
embedding,18752,110.914
embedding,18768,110.786
embedding,18784,110.765
embedding,18800,110.914
embedding,18816,110.893
embedding,18832,111.256
embedding,18848,111.544
embedding,18864,111.118
embedding,18880,111.352
embedding,18896,111.555
embedding,18912,111.416
embedding,18928,111.704
embedding,18944,111.544
embedding,18960,111.853
embedding,18976,111.907
embedding,18992,111.96
embedding,19008,112.088
embedding,19024,112.151
embedding,19040,112.216
embedding,19056,112.248
embedding,19072,112.568
embedding,19088,112.44
embedding,19104,112.728
embedding,19120,112.557
embedding,19136,112.952
embedding,19152,113.069
embedding,19168,113.154
embedding,19184,112.888
embedding,19200,113.155
embedding,19216,113.624
embedding,19232,113.389
embedding,19248,113.699
embedding,19264,113.656
embedding,19280,114.008
embedding,19296,113.688
embedding,19312,113.922
embedding,19328,113.859
embedding,19344,114.094
embedding,19360,114.168
embedding,19376,114.328
embedding,19392,114.307
embedding,19408,114.584
embedding,19424,114.445
embedding,19440,114.392
embedding,19456,114.786
embedding,19472,114.701
embedding,19488,114.872
embedding,19504,115
embedding,19520,114.936
embedding,19536,115.181
embedding,19552,115.32
embedding,19568,115.277
embedding,19584,115.566
embedding,19600,115.811
embedding,19616,115.672
embedding,19632,115.662
embedding,19648,115.96
embedding,19664,116.014
embedding,19680,115.918
embedding,19696,116.098
embedding,19712,116.28
embedding,19728,116.205
embedding,19744,116.366
embedding,19760,116.429
embedding,19776,116.558
embedding,19792,116.749
embedding,19808,116.632
embedding,19824,116.728
embedding,19840,116.771
embedding,19856,117.006
embedding,19872,117.006
embedding,19888,117.197
embedding,19904,117.037
embedding,19920,117.251
embedding,19936,117.549
embedding,19952,117.475
embedding,19968,117.4
embedding,19984,117.507
embedding,20000,117.603
embedding,20016,117.912
embedding,20032,118.051
embedding,20048,118.243
embedding,20064,118.318
embedding,20080,118.285
embedding,20096,118.446
embedding,20112,118.329
embedding,20128,118.595
embedding,20144,118.797
embedding,20160,119.043
embedding,20176,118.947
embedding,20192,118.926
embedding,20208,119.01
embedding,20224,119.128
embedding,20240,119.192
embedding,20256,119.288
embedding,20272,119.438
embedding,20288,119.502
embedding,20304,119.512
embedding,20320,119.79
embedding,20336,119.715
embedding,20352,119.821
embedding,20368,119.854
embedding,20384,120.12
embedding,20400,120.141
embedding,20416,120.195
embedding,20432,120.376
embedding,20448,120.515
embedding,20464,120.696
embedding,20480,120.781
embedding,20496,120.878
embedding,20512,120.802
embedding,20528,120.974
embedding,20544,121.005
embedding,20560,121.006
embedding,20576,121.166
embedding,20592,121.336
embedding,20608,121.4
embedding,20624,121.528
embedding,20640,121.379
embedding,20656,121.688
embedding,20672,121.752
embedding,20688,121.817
embedding,20704,122.019
embedding,20720,121.986
embedding,20736,122.275
embedding,20752,122.552
embedding,20768,122.243
embedding,20784,122.606
embedding,20800,122.424
embedding,20816,122.52
embedding,20832,122.883
embedding,20848,122.627
embedding,20864,123.267
embedding,20880,122.926
embedding,20896,123.043
embedding,20912,123.096
embedding,20928,123.075
embedding,20944,124.057
embedding,20960,123.054
embedding,20976,123.278
embedding,20992,123.395
embedding,21008,123.566
embedding,21024,123.693
embedding,21040,123.747
embedding,21056,124.003
embedding,21072,124.046
embedding,21088,124.419
embedding,21104,124.142
embedding,21120,124.291
embedding,21136,124.387
embedding,21152,124.483
embedding,21168,124.675
embedding,21184,124.6
embedding,21200,124.771
embedding,21216,124.824
embedding,21232,125.283
embedding,21248,124.963
embedding,21264,125.347
embedding,21280,125.24
embedding,21296,125.432
embedding,21312,125.336
embedding,21328,125.528
embedding,21344,125.656
embedding,21360,125.923
embedding,21376,125.806
embedding,21392,126.147
embedding,21408,126.222
embedding,21424,126.222
embedding,21440,126.2
embedding,21456,126.221
embedding,21472,126.403
embedding,21488,126.275
embedding,21504,126.883
embedding,21520,126.883
embedding,21536,126.638
embedding,21552,126.798
embedding,21568,126.83
embedding,21584,126.99
embedding,21600,127.032
embedding,21616,127.491
embedding,21632,127.256
embedding,21648,127.395
embedding,21664,127.289
embedding,21680,127.598
embedding,21696,127.512
embedding,21712,127.811
embedding,21728,127.779
embedding,21744,128.206
embedding,21760,128.014
embedding,21776,128.089
embedding,21792,128.067
embedding,21808,128.248
embedding,21824,128.366
embedding,21840,128.718
embedding,21856,128.483
embedding,21872,129.005
embedding,21888,128.697
embedding,21904,128.889
embedding,21920,128.899
embedding,21936,129.272
embedding,21952,129.134
embedding,21968,129.304
embedding,21984,129.251
embedding,22000,129.39
embedding,22016,129.433
embedding,22032,129.613
embedding,22048,129.731
embedding,22064,129.71
embedding,22080,130.03
embedding,22096,129.902
embedding,22112,130.254
embedding,22128,129.944
embedding,22144,130.254
embedding,22160,130.318
embedding,22176,130.488
embedding,22192,130.606
embedding,22208,130.659
embedding,22224,130.745
embedding,22240,130.766
embedding,22256,131.086
embedding,22272,131
embedding,22288,131.257
embedding,22304,131.129
embedding,22320,131.353
embedding,22336,131.182
embedding,22352,131.363
embedding,22368,131.832
embedding,22384,131.534
embedding,22400,131.715
embedding,22416,132.067
embedding,22432,132.025
embedding,22448,132.024
embedding,22464,132.089
embedding,22480,132.238
embedding,22496,132.099
embedding,22512,132.59
embedding,22528,132.505
embedding,22544,132.494
embedding,22560,132.803
embedding,22576,132.803
embedding,22592,132.92
embedding,22608,132.921
embedding,22624,132.867
embedding,22640,133.262
embedding,22656,133.07
embedding,22672,133.23
embedding,22688,133.273
embedding,22704,133.401
embedding,22720,133.657
embedding,22736,133.4
embedding,22752,133.966
embedding,22768,133.945
embedding,22784,133.657
embedding,22800,134.211
embedding,22816,134.19
embedding,22832,134.51
embedding,22848,134.276
embedding,22864,134.424
embedding,22880,134.671
embedding,22896,134.66
embedding,22912,134.424
embedding,22928,134.776
embedding,22944,135.118
embedding,22960,135.022
embedding,22976,134.979
embedding,22992,134.894
embedding,23008,135.459
embedding,23024,135.352
embedding,23040,135.395
embedding,23056,135.662
embedding,23072,135.684
embedding,23088,135.875
embedding,23104,135.801
embedding,23120,136.036
embedding,23136,136.196
embedding,23152,136.089
embedding,23168,135.95
embedding,23184,136.27
embedding,23200,136.344
embedding,23216,136.601
embedding,23232,136.803
embedding,23248,136.622
embedding,23264,136.739
embedding,23280,136.782
embedding,23296,136.985
embedding,23312,136.942
embedding,23328,137.08
embedding,23344,137.155
embedding,23360,137.411
embedding,23376,137.347
embedding,23392,137.486
embedding,23408,137.678
embedding,23424,138.244
embedding,23440,137.966
embedding,23456,137.859
embedding,23472,138.009
embedding,23488,137.987
embedding,23504,138.009
embedding,23520,138.414
embedding,23536,138.361
embedding,23552,138.34
embedding,23568,138.5
embedding,23584,138.82
embedding,23600,138.745
embedding,23616,138.969
embedding,23632,138.638
embedding,23648,138.99
embedding,23664,139.054
embedding,23680,139.086
embedding,23696,139.171
embedding,23712,139.598
embedding,23728,139.609
embedding,23744,139.747
embedding,23760,139.502
embedding,23776,139.886
embedding,23792,139.726
embedding,23808,139.684
embedding,23824,140.121
embedding,23840,140.057
embedding,23856,140.153
embedding,23872,140.228
embedding,23888,140.494
embedding,23904,140.708
embedding,23920,140.697
embedding,23936,140.719
embedding,23952,140.548
embedding,23968,140.932
embedding,23984,141.113
embedding,24000,141.22
embedding,24016,141.273
embedding,24032,141.475
embedding,24048,141.763
embedding,24064,141.263
embedding,24080,141.401
embedding,24096,141.945
embedding,24112,141.775
embedding,24128,141.625
embedding,24144,142.009
embedding,24160,141.742
embedding,24176,141.817
embedding,24192,141.935
embedding,24208,142.212
embedding,24224,142.425
embedding,24240,142.318
embedding,24256,142.499
embedding,24272,142.724
embedding,24288,142.724
embedding,24304,142.703
embedding,24320,142.883
embedding,24336,142.916
embedding,24352,143.054
embedding,24368,143.119
embedding,24384,143.31
embedding,24400,143.449
embedding,24416,143.374
embedding,24432,143.48
embedding,24448,143.545
embedding,24464,143.801
embedding,24480,143.833
embedding,24496,143.78
embedding,24512,143.865
embedding,24528,144.078
embedding,24544,143.961
embedding,24560,144.185
embedding,24576,144.515
embedding,24592,144.483
embedding,24608,144.526
embedding,24624,144.676
embedding,24640,144.697
embedding,24656,144.836
embedding,24672,144.963
embedding,24688,144.931
embedding,24704,145.199
embedding,24720,145.23
embedding,24736,145.316
embedding,24752,145.273
embedding,24768,145.774
embedding,24784,145.572
embedding,24800,145.827
embedding,24816,145.742
embedding,24832,145.849
embedding,24848,145.785
embedding,24864,145.785
embedding,24880,146.137
embedding,24896,146.244
embedding,24912,146.222
embedding,24928,146.521
embedding,24944,146.425
embedding,24960,146.564
embedding,24976,146.681
embedding,24992,146.82
embedding,25008,147.012
embedding,25024,147.054
embedding,25040,147.033
embedding,25056,147.225
embedding,25072,147.204
embedding,25088,147.299
embedding,25104,147.492
embedding,25120,147.545
embedding,25136,147.513
embedding,25152,147.726
embedding,25168,147.694
embedding,25184,147.662
embedding,25200,147.801
embedding,25216,147.918
embedding,25232,148.431
embedding,25248,148.143
embedding,25264,148.559
embedding,25280,148.59
embedding,25296,148.644
embedding,25312,148.505
embedding,25328,148.836
embedding,25344,148.815
embedding,25360,148.868
embedding,25376,148.889
embedding,25392,149.284
embedding,25408,148.911
embedding,25424,149.231
embedding,25440,149.348
embedding,25456,149.359
embedding,25472,149.284
embedding,25488,149.487
embedding,25504,149.689
embedding,25520,149.839
embedding,25536,150.308
embedding,25552,149.999
embedding,25568,150.18
embedding,25584,150.372
embedding,25600,150.372
embedding,25616,150.414
embedding,25632,150.457
embedding,25648,150.735
embedding,25664,150.574
embedding,25680,150.905
embedding,25696,150.724
embedding,25712,150.82
embedding,25728,151.289
embedding,25744,150.991
embedding,25760,151.204
embedding,25776,151.428
embedding,25792,151.513
embedding,25808,151.695
embedding,25824,151.524
embedding,25840,151.62
embedding,25856,151.652
embedding,25872,152.132
embedding,25888,151.972
embedding,25904,151.972
embedding,25920,152.185
embedding,25936,152.1
embedding,25952,152.42
embedding,25968,152.441
embedding,25984,152.527
embedding,26000,152.857
embedding,26016,152.665
embedding,26032,152.75
embedding,26048,152.953
embedding,26064,152.911
embedding,26080,153.156
embedding,26096,153.369
embedding,26112,153.241
embedding,26128,153.369
embedding,26144,153.583
embedding,26160,153.519
embedding,26176,153.678
embedding,26192,153.721
embedding,26208,153.711
embedding,26224,154.116
embedding,26240,154.266
embedding,26256,154.073
embedding,26272,154.351
embedding,26288,154.617
embedding,26304,154.446
embedding,26320,154.415
embedding,26336,154.532
embedding,26352,154.745
embedding,26368,154.81
embedding,26384,154.799
embedding,26400,154.906
embedding,26416,154.991
embedding,26432,155.204
embedding,26448,155.001
embedding,26464,155.396
embedding,26480,155.237
embedding,26496,155.407
embedding,26512,155.631
embedding,26528,155.503
embedding,26544,155.77
embedding,26560,156.015
embedding,26576,156.1
embedding,26592,156.015
embedding,26608,156.25
embedding,26624,156.133
embedding,26640,156.431
embedding,26656,156.922
embedding,26672,156.666
embedding,26688,156.452
embedding,26704,156.826
embedding,26720,157.007
embedding,26736,156.815
embedding,26752,157.188
embedding,26768,156.922
embedding,26784,156.9
embedding,26800,157.295
embedding,26816,157.487
embedding,26832,157.454
embedding,26848,157.7
embedding,26864,157.732
embedding,26880,157.764
embedding,26896,157.935
embedding,26912,157.956
embedding,26928,158.041
embedding,26944,158.159
embedding,26960,158.18
embedding,26976,158.234
embedding,26992,158.596
embedding,27008,158.564
embedding,27024,158.607
embedding,27040,158.756
embedding,27056,159.14
embedding,27072,158.853
embedding,27088,158.959
embedding,27104,159.034
embedding,27120,159.237
embedding,27136,159.78
embedding,27152,159.471
embedding,27168,159.834
embedding,27184,159.695
embedding,27200,159.599
embedding,27216,159.919
embedding,27232,159.759
embedding,27248,159.865
embedding,27264,160.068
embedding,27280,160.175
embedding,27296,159.94
embedding,27312,160.004
embedding,27328,160.388
embedding,27344,160.271
embedding,27360,160.57
embedding,27376,160.506
embedding,27392,160.495
embedding,27408,160.889
embedding,27424,161.028
embedding,27440,160.805
embedding,27456,161.006
embedding,27472,161.081
embedding,27488,161.348
embedding,27504,161.444
embedding,27520,161.295
embedding,27536,161.401
embedding,27552,161.53
embedding,27568,161.796
embedding,27584,161.903
embedding,27600,161.988
embedding,27616,161.988
embedding,27632,162.585
embedding,27648,162.277
embedding,27664,162.767
embedding,27680,162.522
embedding,27696,162.66
embedding,27712,162.457
embedding,27728,162.777
embedding,27744,162.671
embedding,27760,162.767
embedding,27776,162.895
embedding,27792,163.204
embedding,27808,162.853
embedding,27824,163.108
embedding,27840,163.354
embedding,27856,163.332
embedding,27872,163.652
embedding,27888,163.311
embedding,27904,163.471
embedding,27920,163.705
embedding,27936,164.036
embedding,27952,163.887
embedding,27968,163.951
embedding,27984,164.047
embedding,28000,164.186
embedding,28016,164.378
embedding,28032,164.719
embedding,28048,164.602
embedding,28064,164.688
embedding,28080,164.687
embedding,28096,164.901
embedding,28112,164.911
embedding,28128,165.199
embedding,28144,165.274
embedding,28160,165.317
embedding,28176,165.455
embedding,28192,165.242
embedding,28208,165.551
embedding,28224,165.583
embedding,28240,165.69
embedding,28256,165.701
embedding,28272,165.989
embedding,28288,166.159
embedding,28304,165.999
embedding,28320,166.191
embedding,28336,166.266
embedding,28352,166.468
embedding,28368,166.341
embedding,28384,166.532
embedding,28400,166.576
embedding,28416,166.905
embedding,28432,166.992
embedding,28448,166.629
embedding,28464,166.533
embedding,28480,166.735
embedding,28496,167.119
embedding,28512,167.599
embedding,28528,167.386
embedding,28544,167.524
embedding,28560,167.685
embedding,28576,167.567
embedding,28592,167.674
embedding,28608,167.845
embedding,28624,167.855
embedding,28640,168.122
embedding,28656,168.111
embedding,28672,168.175
embedding,28688,168.41
embedding,28704,168.143
embedding,28720,168.548
embedding,28736,168.367
embedding,28752,168.495
embedding,28768,168.847
embedding,28784,169.04
embedding,28800,168.858
embedding,28816,169.018
embedding,28832,169.306
embedding,28848,169.007
embedding,28864,169.498
embedding,28880,169.327
embedding,28896,169.647
embedding,28912,169.509
embedding,28928,169.786
embedding,28944,169.594
embedding,28960,169.808
embedding,28976,169.893
embedding,28992,169.946
embedding,29008,169.872
embedding,29024,170.266
embedding,29040,170.085
embedding,29056,170.298
embedding,29072,170.458
embedding,29088,170.522
embedding,29104,171.098
embedding,29120,170.65
embedding,29136,170.938
embedding,29152,170.948
embedding,29168,171.237
embedding,29184,171.098
embedding,29200,171.301
embedding,29216,171.354
embedding,29232,171.322
embedding,29248,171.471
embedding,29264,171.535
embedding,29280,171.695
embedding,29296,171.61
embedding,29312,172.015
embedding,29328,172.143
embedding,29344,172.207
embedding,29360,172.421
embedding,29376,172.42
embedding,29392,172.612
embedding,29408,172.581
embedding,29424,172.602
embedding,29440,172.741
embedding,29456,172.623
embedding,29472,172.837
embedding,29488,173.05
embedding,29504,172.997
embedding,29520,173.039
embedding,29536,173.274
embedding,29552,173.061
embedding,29568,173.455
embedding,29584,173.476
embedding,29600,173.53
embedding,29616,173.402
embedding,29632,173.797
embedding,29648,173.69
embedding,29664,174.106
embedding,29680,174.106
embedding,29696,174.277
embedding,29712,174.426
embedding,29728,174.362
embedding,29744,174.266
embedding,29760,174.565
embedding,29776,174.692
embedding,29792,174.629
embedding,29808,174.703
embedding,29824,174.981
embedding,29840,174.853
embedding,29856,174.917
embedding,29872,175.023
embedding,29888,175.205
embedding,29904,175.706
embedding,29920,175.429
embedding,29936,175.461
embedding,29952,175.62
embedding,29968,175.503
embedding,29984,175.898
embedding,30000,175.877
embedding,30016,175.984
embedding,30032,176.378
embedding,30048,176.506
embedding,30064,176.261
embedding,30080,176.229
embedding,30096,176.186
embedding,30112,176.848
embedding,30128,176.954
embedding,30144,176.485
embedding,30160,176.73
embedding,30176,176.858
embedding,30192,177.306
embedding,30208,176.933
embedding,30224,176.943
embedding,30240,177.413
embedding,30256,177.626
embedding,30272,177.466
embedding,30288,177.402
embedding,30304,177.573
embedding,30320,177.786
embedding,30336,177.786
embedding,30352,178.032
embedding,30368,178.181
embedding,30384,178.074
embedding,30400,178.106
embedding,30416,178.16
embedding,30432,178.32
embedding,30448,178.405
embedding,30464,178.629
embedding,30480,178.65
embedding,30496,178.64
embedding,30512,179.088
embedding,30528,178.821
embedding,30544,179.29
embedding,30560,179.055
embedding,30576,179.194
embedding,30592,179.568
embedding,30608,179.386
embedding,30624,179.674
embedding,30640,179.44
embedding,30656,179.941
embedding,30672,179.92
embedding,30688,180.613
embedding,30704,179.983
embedding,30720,179.994
embedding,30736,180.304
embedding,30752,180.304
embedding,30768,180.346
embedding,30784,180.549
embedding,30800,180.431
embedding,30816,180.527
embedding,30832,181.178
embedding,30848,180.73
embedding,30864,181.05
embedding,30880,181.05
embedding,30896,181.072
embedding,30912,181.392
embedding,30928,181.434
embedding,30944,181.232
embedding,30960,181.488
embedding,30976,181.509
embedding,30992,181.573
embedding,31008,181.466
embedding,31024,181.605
embedding,31040,181.946
embedding,31056,181.808
embedding,31072,181.936
embedding,31088,182.117
embedding,31104,182.234
embedding,31120,182.778
embedding,31136,182.565
embedding,31152,182.49
embedding,31168,182.49
embedding,31184,182.8
embedding,31200,183.088
embedding,31216,182.789
embedding,31232,183.034
embedding,31248,183.216
embedding,31264,183.184
embedding,31280,183.056
embedding,31296,183.248
embedding,31312,183.482
embedding,31328,183.44
embedding,31344,183.685
embedding,31360,183.835
embedding,31376,183.653
embedding,31392,183.834
embedding,31408,184.026
embedding,31424,184.592
embedding,31440,184.549
embedding,31456,184.24
embedding,31472,184.325
embedding,31488,184.517
embedding,31504,184.475
embedding,31520,184.698
embedding,31536,185.146
embedding,31552,184.784
embedding,31568,184.89
embedding,31584,184.794
embedding,31600,185.349
embedding,31616,185.082
embedding,31632,185.627
embedding,31648,185.541
embedding,31664,185.296
embedding,31680,185.605
embedding,31696,185.904
embedding,31712,185.637
embedding,31728,185.84
embedding,31744,186.043
embedding,31760,186.16
embedding,31776,186.149
embedding,31792,186.085
embedding,31808,186.491
embedding,31824,186.448
embedding,31840,186.362
embedding,31856,186.32
embedding,31872,186.736
embedding,31888,186.736
embedding,31904,187.078
embedding,31920,187.003
embedding,31936,187.045
embedding,31952,187.141
embedding,31968,187.152
embedding,31984,187.483
embedding,32000,187.483
embedding,32016,187.739
embedding,32032,187.749
embedding,32048,187.952
embedding,32064,188.027
embedding,32080,187.994
embedding,32096,188.187
embedding,32112,187.899
embedding,32128,188.294
embedding,32144,188.485
embedding,32160,188.496
embedding,32176,188.506
embedding,32192,188.411
embedding,32208,188.432
embedding,32224,188.859
embedding,32240,188.699
embedding,32256,188.837
embedding,32272,189.136
embedding,32288,189.552
embedding,32304,189.136
embedding,32320,189.35
embedding,32336,189.392
embedding,32352,189.328
embedding,32368,189.702
embedding,32384,189.883
embedding,32400,189.861
embedding,32416,189.936
embedding,32432,190.224
embedding,32448,189.905
embedding,32464,190.053
embedding,32480,190.021
embedding,32496,190.363
embedding,32512,190.491
embedding,32528,190.736
embedding,32544,190.491
embedding,32560,190.416
embedding,32576,190.853
embedding,32592,191.035
embedding,32608,191.173
embedding,32624,191.366
embedding,32640,191.067
embedding,32656,191.173
embedding,32672,191.397
embedding,32688,191.355
embedding,32704,191.717
embedding,32720,191.749
embedding,32736,191.632
embedding,32752,191.675
embedding,32768,192.357
final_layernorm,1,2.82633
final_layernorm,2,2.816
final_layernorm,3,2.82667
final_layernorm,4,2.84833
final_layernorm,5,2.848
final_layernorm,6,2.86933
final_layernorm,7,2.848
final_layernorm,8,2.89067
final_layernorm,9,2.89067
final_layernorm,10,2.923
final_layernorm,11,2.912
final_layernorm,12,2.95467
final_layernorm,13,2.93367
final_layernorm,14,2.944
final_layernorm,15,2.96533
final_layernorm,16,2.976
final_layernorm,20,2.99733
final_layernorm,24,3.051
final_layernorm,28,3.126
final_layernorm,32,3.168
final_layernorm,36,3.17867
final_layernorm,40,3.2
final_layernorm,44,3.25333
final_layernorm,48,3.33867
final_layernorm,52,3.40267
final_layernorm,56,3.42367
final_layernorm,60,3.488
final_layernorm,64,3.57333
final_layernorm,80,4.61867
final_layernorm,96,4.88567
final_layernorm,112,4.97033
final_layernorm,128,4.91733
final_layernorm,144,5.984
final_layernorm,160,6.21867
final_layernorm,176,6.293
final_layernorm,192,6.443
final_layernorm,208,7.573
final_layernorm,224,7.56267
final_layernorm,240,7.68
final_layernorm,256,4.61867
final_layernorm,272,4.69333
final_layernorm,288,5.20533
final_layernorm,304,5.30133
final_layernorm,320,5.80233
final_layernorm,336,5.78167
final_layernorm,352,5.81333
final_layernorm,368,5.995
final_layernorm,384,5.99433
final_layernorm,400,6.25067
final_layernorm,416,7.637
final_layernorm,432,8.04233
final_layernorm,448,8.43767
final_layernorm,464,8.8
final_layernorm,480,9.07733
final_layernorm,496,8.72533
final_layernorm,512,9.24833
final_layernorm,528,11.3703
final_layernorm,544,11.851
final_layernorm,560,12.3093
final_layernorm,576,12.5543
final_layernorm,592,11.1897
final_layernorm,608,11.7123
final_layernorm,624,12.1283
final_layernorm,640,10.6133
final_layernorm,656,14.4537
final_layernorm,672,14.2293
final_layernorm,688,14.816
final_layernorm,704,15.2533
final_layernorm,720,15.8613
final_layernorm,736,16.064
final_layernorm,752,16.416
final_layernorm,768,16.8853
final_layernorm,784,17.28
final_layernorm,800,17.6643
final_layernorm,816,18.208
final_layernorm,832,18.848
final_layernorm,848,19.3177
final_layernorm,864,19.7017
final_layernorm,880,20.1393
final_layernorm,896,20.9707
final_layernorm,912,20.3417
final_layernorm,928,20.6827
final_layernorm,944,21.376
final_layernorm,960,21.5893
final_layernorm,976,22.411
final_layernorm,992,23.0507
final_layernorm,1008,23.243
final_layernorm,1024,23.9573
final_layernorm,1040,24.1817
final_layernorm,1056,24.0643
final_layernorm,1072,25.099
final_layernorm,1088,24.8
final_layernorm,1104,25.5043
final_layernorm,1120,25.3547
final_layernorm,1136,26.0803
final_layernorm,1152,26.667
final_layernorm,1168,26.8163
final_layernorm,1184,27.275
final_layernorm,1200,27.072
final_layernorm,1216,28.0223
final_layernorm,1232,28.7153
final_layernorm,1248,29.1733
final_layernorm,1264,29.4723
final_layernorm,1280,29.6747
final_layernorm,1296,30.5387
final_layernorm,1312,30.6883
final_layernorm,1328,31.2007
final_layernorm,1344,32.3413
final_layernorm,1360,32.4377
final_layernorm,1376,33.1733
final_layernorm,1392,33.2803
final_layernorm,1408,33.611
final_layernorm,1424,33.9953
final_layernorm,1440,34.4533
final_layernorm,1456,34.944
final_layernorm,1472,35.6377
final_layernorm,1488,36.1177
final_layernorm,1504,36.8003
final_layernorm,1520,36.9713
final_layernorm,1536,37.643
final_layernorm,1552,38.0267
final_layernorm,1568,38.7947
final_layernorm,1584,38.9443
final_layernorm,1600,39.2533
final_layernorm,1616,39.7127
final_layernorm,1632,40.0537
final_layernorm,1648,40.5443
final_layernorm,1664,40.9713
final_layernorm,1680,41.6863
final_layernorm,1696,41.9953
final_layernorm,1712,42.667
final_layernorm,1728,43.105
final_layernorm,1744,43.4987
final_layernorm,1760,44.2567
final_layernorm,1776,44.3413
final_layernorm,1792,44.726
final_layernorm,1808,44.896
final_layernorm,1824,45.6537
final_layernorm,1840,45.9413
final_layernorm,1856,46.9017
final_layernorm,1872,46.6243
final_layernorm,1888,47.0083
final_layernorm,1904,47.7443
final_layernorm,1920,47.638
final_layernorm,1936,49.1313
final_layernorm,1952,48.5547
final_layernorm,1968,48.769
final_layernorm,1984,49.387
final_layernorm,2000,49.7177
final_layernorm,2016,50.0697
final_layernorm,2032,50.176
final_layernorm,2048,50.8483
final_layernorm,2064,51.489
final_layernorm,2080,51.8513
final_layernorm,2096,51.8407
final_layernorm,2112,52.587
final_layernorm,2128,52.747
final_layernorm,2144,52.9283
final_layernorm,2160,53.8243
final_layernorm,2176,54.315
final_layernorm,2192,51.211
final_layernorm,2208,51.5527
final_layernorm,2224,51.9793
final_layernorm,2240,52.6083
final_layernorm,2256,53.0457
final_layernorm,2272,53.6643
final_layernorm,2288,53.974
final_layernorm,2304,54.881
final_layernorm,2320,54.8487
final_layernorm,2336,55.094
final_layernorm,2352,55.5633
final_layernorm,2368,56.011
final_layernorm,2384,56.5553
final_layernorm,2400,57.035
final_layernorm,2416,57.131
final_layernorm,2432,58.0057
final_layernorm,2448,58.2833
final_layernorm,2464,58.4323
final_layernorm,2480,58.742
final_layernorm,2496,59.4677
final_layernorm,2512,60.5447
final_layernorm,2528,60.3523
final_layernorm,2544,60.8963
final_layernorm,2560,61.3763
final_layernorm,2576,61.985
final_layernorm,2592,62.294
final_layernorm,2608,62.8917
final_layernorm,2624,63.1577
final_layernorm,2640,63.6913
final_layernorm,2656,64.438
final_layernorm,2672,64.79
final_layernorm,2688,65.6433
final_layernorm,2704,65.8993
final_layernorm,2720,66.6143
final_layernorm,2736,66.3363
final_layernorm,2752,67.3393
final_layernorm,2768,67.4783
final_layernorm,2784,68.2783
final_layernorm,2800,68.6513
final_layernorm,2816,69.0997
final_layernorm,2832,69.3127
final_layernorm,2848,69.9523
final_layernorm,2864,70.2513
final_layernorm,2880,70.8273
final_layernorm,2896,71.35
final_layernorm,2912,71.6597
final_layernorm,2928,71.606
final_layernorm,2944,71.5847
final_layernorm,2960,72.5013
final_layernorm,2976,73.1317
final_layernorm,2992,73.483
final_layernorm,3008,73.8673
final_layernorm,3024,74.3587
final_layernorm,3040,74.5077
final_layernorm,3056,74.977
final_layernorm,3072,75.094
final_layernorm,3088,75.8943
final_layernorm,3104,76.225
final_layernorm,3120,76.332
final_layernorm,3136,77.1317
final_layernorm,3152,77.1103
final_layernorm,3168,77.7393
final_layernorm,3184,77.793
final_layernorm,3200,78.2297
final_layernorm,3216,75.4247
final_layernorm,3232,76.2033
final_layernorm,3248,76.4807
final_layernorm,3264,77.1527
final_layernorm,3280,77.153
final_layernorm,3296,77.8677
final_layernorm,3312,78.038
final_layernorm,3328,78.6997
final_layernorm,3344,78.657
final_layernorm,3360,79.3823
final_layernorm,3376,79.905
final_layernorm,3392,80.2997
final_layernorm,3408,80.7157
final_layernorm,3424,81.761
final_layernorm,3440,81.1847
final_layernorm,3456,81.8463
final_layernorm,3472,82.305
final_layernorm,3488,82.7527
final_layernorm,3504,83.233
final_layernorm,3520,83.7557
final_layernorm,3536,84.1393
final_layernorm,3552,84.641
final_layernorm,3568,85.2167
final_layernorm,3584,85.8357
final_layernorm,3600,85.8887
final_layernorm,3616,86.5077
final_layernorm,3632,86.774
final_layernorm,3648,87.5743
final_layernorm,3664,87.9157
final_layernorm,3680,88.2887
final_layernorm,3696,89.1423
final_layernorm,3712,89.4303
final_layernorm,3728,89.729
final_layernorm,3744,90.1667
final_layernorm,3760,90.7103
final_layernorm,3776,91.5317
final_layernorm,3792,92.0543
final_layernorm,3808,92.396
final_layernorm,3824,93.0997
final_layernorm,3840,92.9183
final_layernorm,3856,93.74
final_layernorm,3872,94.284
final_layernorm,3888,94.241
final_layernorm,3904,94.5933
final_layernorm,3920,95.2013
final_layernorm,3936,95.9793
final_layernorm,3952,95.9583
final_layernorm,3968,96.513
final_layernorm,3984,96.9077
final_layernorm,4000,97.185
final_layernorm,4016,98.252
final_layernorm,4032,98.3047
final_layernorm,4048,98.8703
final_layernorm,4064,98.881
final_layernorm,4080,99.6703
final_layernorm,4096,99.3717
final_layernorm,4112,99.9157
final_layernorm,4128,100.587
final_layernorm,4144,100.907
final_layernorm,4160,101.068
final_layernorm,4176,101.452
final_layernorm,4192,101.718
final_layernorm,4208,102.476
final_layernorm,4224,102.54
final_layernorm,4240,103.394
final_layernorm,4256,103.841
final_layernorm,4272,103.862
final_layernorm,4288,104.14
final_layernorm,4304,104.876
final_layernorm,4320,105.249
final_layernorm,4336,105.687
final_layernorm,4352,105.719
final_layernorm,4368,103.468
final_layernorm,4384,103.724
final_layernorm,4400,104.481
final_layernorm,4416,104.609
final_layernorm,4432,105.26
final_layernorm,4448,105.847
final_layernorm,4464,106.37
final_layernorm,4480,106.444
final_layernorm,4496,106.7
final_layernorm,4512,107.51
final_layernorm,4528,107.286
final_layernorm,4544,108.151
final_layernorm,4560,108.385
final_layernorm,4576,108.524
final_layernorm,4592,109.516
final_layernorm,4608,109.644
final_layernorm,4624,110.306
final_layernorm,4640,110.807
final_layernorm,4656,111.201
final_layernorm,4672,111.735
final_layernorm,4688,112.129
final_layernorm,4704,112.204
final_layernorm,4720,113.153
final_layernorm,4736,113.314
final_layernorm,4752,114.017
final_layernorm,4768,114.519
final_layernorm,4784,114.636
final_layernorm,4800,115.574
final_layernorm,4816,115.511
final_layernorm,4832,116.129
final_layernorm,4848,116.684
final_layernorm,4864,116.983
final_layernorm,4880,117.452
final_layernorm,4896,118.263
final_layernorm,4912,118.327
final_layernorm,4928,119.34
final_layernorm,4944,119.745
final_layernorm,4960,120.215
final_layernorm,4976,120.492
final_layernorm,4992,120.897
final_layernorm,5008,121.516
final_layernorm,5024,122.103
final_layernorm,5040,121.804
final_layernorm,5056,122.305
final_layernorm,5072,123.105
final_layernorm,5088,123.223
final_layernorm,5104,123.148
final_layernorm,5120,124.097
final_layernorm,5136,124.908
final_layernorm,5152,124.717
final_layernorm,5168,125.175
final_layernorm,5184,125.858
final_layernorm,5200,126.071
final_layernorm,5216,126.199
final_layernorm,5232,126.423
final_layernorm,5248,127.351
final_layernorm,5264,127.756
final_layernorm,5280,128.397
final_layernorm,5296,128.161
final_layernorm,5312,129.249
final_layernorm,5328,129.228
final_layernorm,5344,129.261
final_layernorm,5360,129.964
final_layernorm,5376,130.775
final_layernorm,5392,127.809
final_layernorm,5408,128.129
final_layernorm,5424,128.844
final_layernorm,5440,128.844
final_layernorm,5456,129.388
final_layernorm,5472,129.526
final_layernorm,5488,130.295
final_layernorm,5504,130.434
final_layernorm,5520,130.892
final_layernorm,5536,131.426
final_layernorm,5552,132.055
final_layernorm,5568,132.353
final_layernorm,5584,132.609
final_layernorm,5600,133.218
final_layernorm,5616,133.453
final_layernorm,5632,134.274
final_layernorm,5648,134.551
final_layernorm,5664,135.169
final_layernorm,5680,135.831
final_layernorm,5696,135.201
final_layernorm,5712,136.194
final_layernorm,5728,136.3
final_layernorm,5744,136.322
final_layernorm,5760,137.346
final_layernorm,5776,138.082
final_layernorm,5792,138.231
final_layernorm,5808,138.636
final_layernorm,5824,139.212
final_layernorm,5840,140.162
final_layernorm,5856,141.058
final_layernorm,5872,141.154
final_layernorm,5888,141.111
final_layernorm,5904,142.284
final_layernorm,5920,141.677
final_layernorm,5936,142.936
final_layernorm,5952,143.533
final_layernorm,5968,143.831
final_layernorm,5984,144.461
final_layernorm,6000,144.62
final_layernorm,6016,145.303
final_layernorm,6032,145.634
final_layernorm,6048,145.687
final_layernorm,6064,146.071
final_layernorm,6080,147.148
final_layernorm,6096,147.351
final_layernorm,6112,147.82
final_layernorm,6128,147.543
final_layernorm,6144,148.375
final_layernorm,6160,149.399
final_layernorm,6176,149.218
final_layernorm,6192,149.772
final_layernorm,6208,149.506
final_layernorm,6224,150.359
final_layernorm,6240,150.519
final_layernorm,6256,151.202
final_layernorm,6272,151.682
final_layernorm,6288,151.618
final_layernorm,6304,152.183
final_layernorm,6320,152.674
final_layernorm,6336,153.229
final_layernorm,6352,153.784
final_layernorm,6368,153.997
final_layernorm,6384,154.263
final_layernorm,6400,154.498
final_layernorm,6416,154.679
final_layernorm,6432,155.501
final_layernorm,6448,155.991
final_layernorm,6464,156.663
final_layernorm,6480,156.77
final_layernorm,6496,157.613
final_layernorm,6512,157.282
final_layernorm,6528,158.018
final_layernorm,6544,155.224
final_layernorm,6560,155.618
final_layernorm,6576,156.301
final_layernorm,6592,156.365
final_layernorm,6608,157.495
final_layernorm,6624,157.325
final_layernorm,6640,157.335
final_layernorm,6656,158.125
final_layernorm,6672,158.925
final_layernorm,6688,159.213
final_layernorm,6704,159.394
final_layernorm,6720,160.045
final_layernorm,6736,160.29
final_layernorm,6752,160.792
final_layernorm,6768,161.666
final_layernorm,6784,161.527
final_layernorm,6800,162.242
final_layernorm,6816,162.936
final_layernorm,6832,162.893
final_layernorm,6848,163.405
final_layernorm,6864,163.501
final_layernorm,6880,164.419
final_layernorm,6896,165.176
final_layernorm,6912,165.122
final_layernorm,6928,165.527
final_layernorm,6944,166.157
final_layernorm,6960,167.138
final_layernorm,6976,166.776
final_layernorm,6992,167.502
final_layernorm,7008,167.736
final_layernorm,7024,168.162
final_layernorm,7040,169.154
final_layernorm,7056,169.805
final_layernorm,7072,170.306
final_layernorm,7088,170.733
final_layernorm,7104,171.213
final_layernorm,7120,171.501
final_layernorm,7136,171.651
final_layernorm,7152,172.312
final_layernorm,7168,173.069
final_layernorm,7184,172.6
final_layernorm,7200,173.709
final_layernorm,7216,174.114
final_layernorm,7232,175.085
final_layernorm,7248,174.701
final_layernorm,7264,175.267
final_layernorm,7280,175.459
final_layernorm,7296,175.746
final_layernorm,7312,176.419
final_layernorm,7328,177.496
final_layernorm,7344,177.368
final_layernorm,7360,177.058
final_layernorm,7376,178.221
final_layernorm,7392,178.605
final_layernorm,7408,178.359
final_layernorm,7424,179.182
final_layernorm,7440,179.821
final_layernorm,7456,180.173
final_layernorm,7472,180.056
final_layernorm,7488,180.589
final_layernorm,7504,180.877
final_layernorm,7520,180.845
final_layernorm,7536,181.581
final_layernorm,7552,182.264
final_layernorm,7568,179.287
final_layernorm,7584,179.469
final_layernorm,7600,180.184
final_layernorm,7616,180.483
final_layernorm,7632,180.483
final_layernorm,7648,181.175
final_layernorm,7664,181.827
final_layernorm,7680,182.104
final_layernorm,7696,182.605
final_layernorm,7712,183.138
final_layernorm,7728,183.31
final_layernorm,7744,183.875
final_layernorm,7760,184.557
final_layernorm,7776,185.613
final_layernorm,7792,184.952
final_layernorm,7808,186.083
final_layernorm,7824,186.51
final_layernorm,7840,186.573
final_layernorm,7856,186.701
final_layernorm,7872,187.298
final_layernorm,7888,187.533
final_layernorm,7904,187.928
final_layernorm,7920,188.365
final_layernorm,7936,189.101
final_layernorm,7952,190.04
final_layernorm,7968,190.584
final_layernorm,7984,190.541
final_layernorm,8000,191.182
final_layernorm,8016,191.246
final_layernorm,8032,191.95
final_layernorm,8048,192.067
final_layernorm,8064,192.803
final_layernorm,8080,193.208
final_layernorm,8096,193.795
final_layernorm,8112,194.029
final_layernorm,8128,194.968
final_layernorm,8144,195.16
final_layernorm,8160,196.237
final_layernorm,8176,196.163
final_layernorm,8192,196.43
final_layernorm,8208,196.707
final_layernorm,8224,197.582
final_layernorm,8240,198.275
final_layernorm,8256,198.403
final_layernorm,8272,198.926
final_layernorm,8288,199.469
final_layernorm,8304,199.587
final_layernorm,8320,200.163
final_layernorm,8336,200.238
final_layernorm,8352,200.59
final_layernorm,8368,201.177
final_layernorm,8384,200.942
final_layernorm,8400,202.36
final_layernorm,8416,202.168
final_layernorm,8432,202.649
final_layernorm,8448,202.819
final_layernorm,8464,203.342
final_layernorm,8480,203.747
final_layernorm,8496,204.408
final_layernorm,8512,204.632
final_layernorm,8528,205.731
final_layernorm,8544,204.941
final_layernorm,8560,205.859
final_layernorm,8576,206.019
final_layernorm,8592,207.161
final_layernorm,8608,206.979
final_layernorm,8624,207.171
final_layernorm,8640,208.259
final_layernorm,8656,208.089
final_layernorm,8672,208.452
final_layernorm,8688,208.611
final_layernorm,8704,209.059
final_layernorm,8720,206.627
final_layernorm,8736,206.702
final_layernorm,8752,207.032
final_layernorm,8768,207.811
final_layernorm,8784,208.035
final_layernorm,8800,208.11
final_layernorm,8816,209.102
final_layernorm,8832,209.358
final_layernorm,8848,209.977
final_layernorm,8864,210.286
final_layernorm,8880,210.798
final_layernorm,8896,211.288
final_layernorm,8912,211.076
final_layernorm,8928,211.918
final_layernorm,8944,212.878
final_layernorm,8960,213.145
final_layernorm,8976,214.051
final_layernorm,8992,213.987
final_layernorm,9008,214.126
final_layernorm,9024,214.404
final_layernorm,9040,215.374
final_layernorm,9056,215.512
final_layernorm,9072,216.164
final_layernorm,9088,216.644
final_layernorm,9104,217.017
final_layernorm,9120,217.55
final_layernorm,9136,217.592
final_layernorm,9152,218.851
final_layernorm,9168,219.182
final_layernorm,9184,220.068
final_layernorm,9200,221.038
final_layernorm,9216,220.302
final_layernorm,9232,221.433
final_layernorm,9248,221.08
final_layernorm,9264,222.51
final_layernorm,9280,222.553
final_layernorm,9296,223.065
final_layernorm,9312,223.929
final_layernorm,9328,223.481
final_layernorm,9344,224.622
final_layernorm,9360,224.75
final_layernorm,9376,225.134
final_layernorm,9392,225.902
final_layernorm,9408,225.475
final_layernorm,9424,226.255
final_layernorm,9440,226.894
final_layernorm,9456,227.214
final_layernorm,9472,227.31
final_layernorm,9488,227.929
final_layernorm,9504,228.536
final_layernorm,9520,228.708
final_layernorm,9536,228.622
final_layernorm,9552,229.486
final_layernorm,9568,230.041
final_layernorm,9584,229.667
final_layernorm,9600,230.99
final_layernorm,9616,229.945
final_layernorm,9632,231.758
final_layernorm,9648,231.79
final_layernorm,9664,232.345
final_layernorm,9680,232.761
final_layernorm,9696,232.783
final_layernorm,9712,233.667
final_layernorm,9728,233.316
final_layernorm,9744,230.617
final_layernorm,9760,231.417
final_layernorm,9776,231.812
final_layernorm,9792,231.993
final_layernorm,9808,232.686
final_layernorm,9824,233.54
final_layernorm,9840,233.871
final_layernorm,9856,234.446
final_layernorm,9872,234.137
final_layernorm,9888,234.457
final_layernorm,9904,235.726
final_layernorm,9920,235.087
final_layernorm,9936,235.897
final_layernorm,9952,236.398
final_layernorm,9968,237.284
final_layernorm,9984,237.326
final_layernorm,10000,238.041
final_layernorm,10016,238.383
final_layernorm,10032,238.543
final_layernorm,10048,239.15
final_layernorm,10064,239.876
final_layernorm,10080,239.833
final_layernorm,10096,239.897
final_layernorm,10112,240.452
final_layernorm,10128,240.74
final_layernorm,10144,241.667
final_layernorm,10160,242.244
final_layernorm,10176,242.692
final_layernorm,10192,242.916
final_layernorm,10208,243.727
final_layernorm,10224,244.121
final_layernorm,10240,244.74
final_layernorm,10256,244.761
final_layernorm,10272,245.625
final_layernorm,10288,246.404
final_layernorm,10304,246.34
final_layernorm,10320,247.3
final_layernorm,10336,247.738
final_layernorm,10352,247.791
final_layernorm,10368,248.26
final_layernorm,10384,249.113
final_layernorm,10400,249.86
final_layernorm,10416,249.754
final_layernorm,10432,250.223
final_layernorm,10448,250.628
final_layernorm,10464,250.895
final_layernorm,10480,251.268
final_layernorm,10496,251.727
final_layernorm,10512,252.303
final_layernorm,10528,252.367
final_layernorm,10544,252.9
final_layernorm,10560,253.348
final_layernorm,10576,253.882
final_layernorm,10592,254.106
final_layernorm,10608,254.01
final_layernorm,10624,255.066
final_layernorm,10640,255.311
final_layernorm,10656,256.004
final_layernorm,10672,256.004
final_layernorm,10688,256.772
final_layernorm,10704,256.484
final_layernorm,10720,257.241
final_layernorm,10736,257.797
final_layernorm,10752,257.817
final_layernorm,10768,258.341
final_layernorm,10784,259.066
final_layernorm,10800,259.237
final_layernorm,10816,259.354
final_layernorm,10832,259.983
final_layernorm,10848,260.836
final_layernorm,10864,260.943
final_layernorm,10880,261.519
final_layernorm,10896,257.625
final_layernorm,10912,258.618
final_layernorm,10928,259.418
final_layernorm,10944,259.685
final_layernorm,10960,260.005
final_layernorm,10976,260.122
final_layernorm,10992,261.05
final_layernorm,11008,261.807
final_layernorm,11024,262.149
final_layernorm,11040,262.415
final_layernorm,11056,262.17
final_layernorm,11072,263.151
final_layernorm,11088,263.397
final_layernorm,11104,263.674
final_layernorm,11120,264.591
final_layernorm,11136,264.495
final_layernorm,11152,265.711
final_layernorm,11168,266.266
final_layernorm,11184,266.5
final_layernorm,11200,266.937
final_layernorm,11216,266.724
final_layernorm,11232,267.951
final_layernorm,11248,268.218
final_layernorm,11264,268.719
final_layernorm,11280,269.456
final_layernorm,11296,269.68
final_layernorm,11312,270.127
final_layernorm,11328,271.056
final_layernorm,11344,270.938
final_layernorm,11360,271.749
final_layernorm,11376,272.538
final_layernorm,11392,273.54
final_layernorm,11408,273.019
final_layernorm,11424,272.954
final_layernorm,11440,274.48
final_layernorm,11456,275.088
final_layernorm,11472,274.64
final_layernorm,11488,275.152
final_layernorm,11504,276.528
final_layernorm,11520,276.282
final_layernorm,11536,277.072
final_layernorm,11552,277.285
final_layernorm,11568,277.135
final_layernorm,11584,277.701
final_layernorm,11600,277.808
final_layernorm,11616,279.429
final_layernorm,11632,278.864
final_layernorm,11648,279.248
final_layernorm,11664,279.301
final_layernorm,11680,279.867
final_layernorm,11696,280.175
final_layernorm,11712,280.794
final_layernorm,11728,281.584
final_layernorm,11744,280.976
final_layernorm,11760,282.053
final_layernorm,11776,282.384
final_layernorm,11792,282.139
final_layernorm,11808,283.184
final_layernorm,11824,283.717
final_layernorm,11840,283.984
final_layernorm,11856,284.496
final_layernorm,11872,284.731
final_layernorm,11888,285.168
final_layernorm,11904,286.245
final_layernorm,11920,282.128
final_layernorm,11936,283.066
final_layernorm,11952,283.738
final_layernorm,11968,284.314
final_layernorm,11984,284.826
final_layernorm,12000,284.73
final_layernorm,12016,285.456
final_layernorm,12032,285.893
final_layernorm,12048,285.413
final_layernorm,12064,286.341
final_layernorm,12080,287.12
final_layernorm,12096,287.312
final_layernorm,12112,287.771
final_layernorm,12128,288.752
final_layernorm,12144,289.2
final_layernorm,12160,289.243
final_layernorm,12176,289.648
final_layernorm,12192,290.086
final_layernorm,12208,290.725
final_layernorm,12224,290.896
final_layernorm,12240,290.896
final_layernorm,12256,291.13
final_layernorm,12272,292.486
final_layernorm,12288,291.931
final_layernorm,12304,293.19
final_layernorm,12320,293.296
final_layernorm,12336,294.097
final_layernorm,12352,294.288
final_layernorm,12368,295.44
final_layernorm,12384,295.568
final_layernorm,12400,295.877
final_layernorm,12416,296.507
final_layernorm,12432,296.358
final_layernorm,12448,297.819
final_layernorm,12464,297.702
final_layernorm,12480,298.33
final_layernorm,12496,298.822
final_layernorm,12512,300.678
final_layernorm,12528,300.08
final_layernorm,12544,300.486
final_layernorm,12560,300.763
final_layernorm,12576,301.073
final_layernorm,12592,301.627
final_layernorm,12608,302.513
final_layernorm,12624,302.289
final_layernorm,12640,302.811
final_layernorm,12656,302.907
final_layernorm,12672,303.899
final_layernorm,12688,304.326
final_layernorm,12704,304.721
final_layernorm,12720,304.23
final_layernorm,12736,305.499
final_layernorm,12752,305.755
final_layernorm,12768,305.713
final_layernorm,12784,306.427
final_layernorm,12800,306.395
final_layernorm,12816,306.811
final_layernorm,12832,307.547
final_layernorm,12848,308.038
final_layernorm,12864,308.518
final_layernorm,12880,308.454
final_layernorm,12896,309.553
final_layernorm,12912,309.318
final_layernorm,12928,310.033
final_layernorm,12944,310.918
final_layernorm,12960,310.886
final_layernorm,12976,311.057
final_layernorm,12992,311.035
final_layernorm,13008,311.654
final_layernorm,13024,311.611
final_layernorm,13040,312.112
final_layernorm,13056,314.171
final_layernorm,13072,310.662
final_layernorm,13088,310.299
final_layernorm,13104,311.398
final_layernorm,13120,311.782
final_layernorm,13136,311.761
final_layernorm,13152,312.049
final_layernorm,13168,312.785
final_layernorm,13184,312.966
final_layernorm,13200,313.83
final_layernorm,13216,314.342
final_layernorm,13232,314.673
final_layernorm,13248,315.259
final_layernorm,13264,315.153
final_layernorm,13280,316.518
final_layernorm,13296,316.625
final_layernorm,13312,316.283
final_layernorm,13328,317.595
final_layernorm,13344,317.745
final_layernorm,13360,317.574
final_layernorm,13376,318.353
final_layernorm,13392,319.185
final_layernorm,13408,319.718
final_layernorm,13424,320.219
final_layernorm,13440,320.262
final_layernorm,13456,321.073
final_layernorm,13472,321.233
final_layernorm,13488,322.396
final_layernorm,13504,322.694
final_layernorm,13520,322.62
final_layernorm,13536,323.729
final_layernorm,13552,323.761
final_layernorm,13568,324.412
final_layernorm,13584,324.603
final_layernorm,13600,325.339
final_layernorm,13616,325.531
final_layernorm,13632,325.841
final_layernorm,13648,327.473
final_layernorm,13664,327.292
final_layernorm,13680,327.771
final_layernorm,13696,327.931
final_layernorm,13712,328.22
final_layernorm,13728,329.948
final_layernorm,13744,329.35
final_layernorm,13760,329.692
final_layernorm,13776,330.129
final_layernorm,13792,329.98
final_layernorm,13808,331.121
final_layernorm,13824,331.196
final_layernorm,13840,332.007
final_layernorm,13856,331.644
final_layernorm,13872,332.231
final_layernorm,13888,332.626
final_layernorm,13904,333.074
final_layernorm,13920,332.903
final_layernorm,13936,334.183
final_layernorm,13952,334.459
final_layernorm,13968,335.591
final_layernorm,13984,335.836
final_layernorm,14000,335.388
final_layernorm,14016,336.412
final_layernorm,14032,335.719
final_layernorm,14048,336.774
final_layernorm,14064,337.394
final_layernorm,14080,337.681
final_layernorm,14096,334.258
final_layernorm,14112,334.492
final_layernorm,14128,335.132
final_layernorm,14144,336.423
final_layernorm,14160,335.996
final_layernorm,14176,337.382
final_layernorm,14192,337.041
final_layernorm,14208,337.596
final_layernorm,14224,338.802
final_layernorm,14240,338.801
final_layernorm,14256,338.716
final_layernorm,14272,339.239
final_layernorm,14288,338.833
final_layernorm,14304,340.39
final_layernorm,14320,340.295
final_layernorm,14336,340.956
final_layernorm,14352,341.254
final_layernorm,14368,342.055
final_layernorm,14384,341.671
final_layernorm,14400,342.546
final_layernorm,14416,342.961
final_layernorm,14432,344.498
final_layernorm,14448,344.284
final_layernorm,14464,344.732
final_layernorm,14480,345.148
final_layernorm,14496,344.999
final_layernorm,14512,345.34
final_layernorm,14528,346.407
final_layernorm,14544,347.015
final_layernorm,14560,347.165
final_layernorm,14576,348.05
final_layernorm,14592,348.252
final_layernorm,14608,349.404
final_layernorm,14624,349.298
final_layernorm,14640,349.778
final_layernorm,14656,350.748
final_layernorm,14672,351.388
final_layernorm,14688,351.154
final_layernorm,14704,351.41
final_layernorm,14720,351.644
final_layernorm,14736,352.455
final_layernorm,14752,353.874
final_layernorm,14768,354.183
final_layernorm,14784,354.119
final_layernorm,14800,354.919
final_layernorm,14816,354.599
final_layernorm,14832,355.261
final_layernorm,14848,354.791
final_layernorm,14864,355.964
final_layernorm,14880,356.53
final_layernorm,14896,357.138
final_layernorm,14912,356.68
final_layernorm,14928,357.906
final_layernorm,14944,358.62
final_layernorm,14960,358.407
final_layernorm,14976,358.439
final_layernorm,14992,359.783
final_layernorm,15008,358.632
final_layernorm,15024,360.285
final_layernorm,15040,359.826
final_layernorm,15056,361.469
final_layernorm,15072,360.893
final_layernorm,15088,361.65
final_layernorm,15104,361.757
final_layernorm,15120,361.554
final_layernorm,15136,362.301
final_layernorm,15152,363.506
final_layernorm,15168,364.125
final_layernorm,15184,362.877
final_layernorm,15200,364.221
final_layernorm,15216,364.307
final_layernorm,15232,364.658
final_layernorm,15248,362.045
final_layernorm,15264,362.578
final_layernorm,15280,362.6
final_layernorm,15296,363.25
final_layernorm,15312,363.528
final_layernorm,15328,363.623
final_layernorm,15344,364.733
final_layernorm,15360,365.97
final_layernorm,15376,365.704
final_layernorm,15392,365.928
final_layernorm,15408,366.397
final_layernorm,15424,366.696
final_layernorm,15440,366.695
final_layernorm,15456,367.591
final_layernorm,15472,368.04
final_layernorm,15488,368.125
final_layernorm,15504,368.925
final_layernorm,15520,369.789
final_layernorm,15536,369.288
final_layernorm,15552,370.045
final_layernorm,15568,371.4
final_layernorm,15584,371.751
final_layernorm,15600,372.093
final_layernorm,15616,371.72
final_layernorm,15632,373.576
final_layernorm,15648,372.829
final_layernorm,15664,373.138
final_layernorm,15680,374.429
final_layernorm,15696,373.864
final_layernorm,15712,375.037
final_layernorm,15728,375.656
final_layernorm,15744,376.189
final_layernorm,15760,376.957
final_layernorm,15776,377.768
final_layernorm,15792,377.757
final_layernorm,15808,377.661
final_layernorm,15824,378.589
final_layernorm,15840,378.781
final_layernorm,15856,379.795
final_layernorm,15872,380.125
final_layernorm,15888,379.965
final_layernorm,15904,380.306
final_layernorm,15920,380.659
final_layernorm,15936,381.789
final_layernorm,15952,382.44
final_layernorm,15968,382.451
final_layernorm,15984,382.654
final_layernorm,16000,383.112
final_layernorm,16016,383.038
final_layernorm,16032,383.976
final_layernorm,16048,383.965
final_layernorm,16064,384.499
final_layernorm,16080,384.584
final_layernorm,16096,384.84
final_layernorm,16112,385.757
final_layernorm,16128,386.227
final_layernorm,16144,386.59
final_layernorm,16160,386.856
final_layernorm,16176,387.614
final_layernorm,16192,387.261
final_layernorm,16208,388.424
final_layernorm,16224,388.68
final_layernorm,16240,388.371
final_layernorm,16256,389.128
final_layernorm,16272,386.088
final_layernorm,16288,386.27
final_layernorm,16304,387.037
final_layernorm,16320,387.059
final_layernorm,16336,388.136
final_layernorm,16352,388.712
final_layernorm,16368,388.788
final_layernorm,16384,389.235
final_layernorm,16400,390.078
final_layernorm,16416,390.654
final_layernorm,16432,390.259
final_layernorm,16448,391.081
final_layernorm,16464,392.307
final_layernorm,16480,392.03
final_layernorm,16496,392.147
final_layernorm,16512,392.243
final_layernorm,16528,393.064
final_layernorm,16544,393.63
final_layernorm,16560,394.718
final_layernorm,16576,394.739
final_layernorm,16592,395.155
final_layernorm,16608,395.582
final_layernorm,16624,395.144
final_layernorm,16640,396.147
final_layernorm,16656,396.5
final_layernorm,16672,397.267
final_layernorm,16688,398.024
final_layernorm,16704,398.11
final_layernorm,16720,398.526
final_layernorm,16736,399.326
final_layernorm,16752,400.286
final_layernorm,16768,400.883
final_layernorm,16784,400.233
final_layernorm,16800,401.203
final_layernorm,16816,401.428
final_layernorm,16832,402.334
final_layernorm,16848,402.419
final_layernorm,16864,403.134
final_layernorm,16880,403.305
final_layernorm,16896,403.465
final_layernorm,16912,404.158
final_layernorm,16928,405.012
final_layernorm,16944,405.652
final_layernorm,16960,405.929
final_layernorm,16976,407.326
final_layernorm,16992,406.665
final_layernorm,17008,407.486
final_layernorm,17024,408.03
final_layernorm,17040,408.148
final_layernorm,17056,408.606
final_layernorm,17072,408.105
final_layernorm,17088,409.172
final_layernorm,17104,409.204
final_layernorm,17120,409.683
final_layernorm,17136,410.665
final_layernorm,17152,410.815
final_layernorm,17168,411.721
final_layernorm,17184,411.113
final_layernorm,17200,412.212
final_layernorm,17216,412.105
final_layernorm,17232,413.118
final_layernorm,17248,412.447
final_layernorm,17264,412.852
final_layernorm,17280,413.865
final_layernorm,17296,414.185
final_layernorm,17312,415.326
final_layernorm,17328,414.74
final_layernorm,17344,415.743
final_layernorm,17360,416.084
final_layernorm,17376,415.7
final_layernorm,17392,416.35
final_layernorm,17408,416.564
final_layernorm,17424,413.897
final_layernorm,17440,414.74
final_layernorm,17456,414.953
final_layernorm,17472,414.868
final_layernorm,17488,416.148
final_layernorm,17504,415.508
final_layernorm,17520,415.849
final_layernorm,17536,416.254
final_layernorm,17552,416.959
final_layernorm,17568,417.812
final_layernorm,17584,418.1
final_layernorm,17600,418.462
final_layernorm,17616,419.636
final_layernorm,17632,419.636
final_layernorm,17648,419.977
final_layernorm,17664,420.34
final_layernorm,17680,420.873
final_layernorm,17696,421.588
final_layernorm,17712,422.186
final_layernorm,17728,423.167
final_layernorm,17744,423.231
final_layernorm,17760,423.604
final_layernorm,17776,422.815
final_layernorm,17792,423.337
final_layernorm,17808,424.564
final_layernorm,17824,424.777
final_layernorm,17840,425.407
final_layernorm,17856,426.697
final_layernorm,17872,425.481
final_layernorm,17888,427.242
final_layernorm,17904,426.644
final_layernorm,17920,428.105
final_layernorm,17936,429.225
final_layernorm,17952,430.111
final_layernorm,17968,429.705
final_layernorm,17984,430.602
final_layernorm,18000,430.175
final_layernorm,18016,430.921
final_layernorm,18032,431.679
final_layernorm,18048,431.519
final_layernorm,18064,431.711
final_layernorm,18080,432.095
final_layernorm,18096,433.62
final_layernorm,18112,432.777
final_layernorm,18128,433.215
final_layernorm,18144,434.484
final_layernorm,18160,434.197
final_layernorm,18176,434.602
final_layernorm,18192,435.349
final_layernorm,18208,436.436
final_layernorm,18224,435.839
final_layernorm,18240,436.01
final_layernorm,18256,435.914
final_layernorm,18272,436.671
final_layernorm,18288,437.749
final_layernorm,18304,438.132
final_layernorm,18320,438.335
final_layernorm,18336,438.773
final_layernorm,18352,439.37
final_layernorm,18368,439.733
final_layernorm,18384,439.509
final_layernorm,18400,439.69
final_layernorm,18416,439.647
final_layernorm,18432,440.618
final_layernorm,18448,438.09
final_layernorm,18464,438.229
final_layernorm,18480,438.644
final_layernorm,18496,439.797
final_layernorm,18512,439.701
final_layernorm,18528,440.437
final_layernorm,18544,440.799
final_layernorm,18560,440.597
final_layernorm,18576,441.994
final_layernorm,18592,441.813
final_layernorm,18608,442.111
final_layernorm,18624,442.506
final_layernorm,18640,442.89
final_layernorm,18656,444.629
final_layernorm,18672,444.234
final_layernorm,18688,444.49
final_layernorm,18704,445.397
final_layernorm,18720,444.927
final_layernorm,18736,446.762
final_layernorm,18752,446.005
final_layernorm,18768,446.453
final_layernorm,18784,446.922
final_layernorm,18800,447.551
final_layernorm,18816,448.853
final_layernorm,18832,448.618
final_layernorm,18848,449.237
final_layernorm,18864,449.131
final_layernorm,18880,449.759
final_layernorm,18896,451.285
final_layernorm,18912,450.922
final_layernorm,18928,451.552
final_layernorm,18944,452.384
final_layernorm,18960,452.992
final_layernorm,18976,452.661
final_layernorm,18992,452.693
final_layernorm,19008,453.963
final_layernorm,19024,453.855
final_layernorm,19040,454.432
final_layernorm,19056,454.88
final_layernorm,19072,455.306
final_layernorm,19088,457.131
final_layernorm,19104,457.515
final_layernorm,19120,457.546
final_layernorm,19136,457.792
final_layernorm,19152,457.216
final_layernorm,19168,458.4
final_layernorm,19184,459.115
final_layernorm,19200,458.592
final_layernorm,19216,458.88
final_layernorm,19232,459.68
final_layernorm,19248,460.704
final_layernorm,19264,460.149
final_layernorm,19280,461.312
final_layernorm,19296,461.632
final_layernorm,19312,462.091
final_layernorm,19328,462.357
final_layernorm,19344,462.816
final_layernorm,19360,462.763
final_layernorm,19376,462.902
final_layernorm,19392,464.171
final_layernorm,19408,463.925
final_layernorm,19424,464.33
final_layernorm,19440,464.406
final_layernorm,19456,466.133
final_layernorm,19472,465.099
final_layernorm,19488,465.227
final_layernorm,19504,466.624
final_layernorm,19520,466.869
final_layernorm,19536,468.214
final_layernorm,19552,467.606
final_layernorm,19568,467.68
final_layernorm,19584,468.043
final_layernorm,19600,464.661
final_layernorm,19616,465.611
final_layernorm,19632,466.933
final_layernorm,19648,466.635
final_layernorm,19664,467.648
final_layernorm,19680,467.883
final_layernorm,19696,467.669
final_layernorm,19712,467.947
final_layernorm,19728,469.067
final_layernorm,19744,470.283
final_layernorm,19760,469.856
final_layernorm,19776,470.144
final_layernorm,19792,470.869
final_layernorm,19808,471.253
final_layernorm,19824,471.339
final_layernorm,19840,472.086
final_layernorm,19856,472.982
final_layernorm,19872,473.121
final_layernorm,19888,473.739
final_layernorm,19904,473.75
final_layernorm,19920,473.878
final_layernorm,19936,474.56
final_layernorm,19952,475.254
final_layernorm,19968,476.032
final_layernorm,19984,476.982
final_layernorm,20000,476.075
final_layernorm,20016,478.315
final_layernorm,20032,478.144
final_layernorm,20048,477.803
final_layernorm,20064,479.211
final_layernorm,20080,480.256
final_layernorm,20096,479.723
final_layernorm,20112,480.609
final_layernorm,20128,480.491
final_layernorm,20144,481.227
final_layernorm,20160,481.366
final_layernorm,20176,482.123
final_layernorm,20192,482.241
final_layernorm,20208,482.753
final_layernorm,20224,483.372
final_layernorm,20240,483.51
final_layernorm,20256,485.121
final_layernorm,20272,484.257
final_layernorm,20288,485.281
final_layernorm,20304,485.324
final_layernorm,20320,485.622
final_layernorm,20336,485.345
final_layernorm,20352,486.433
final_layernorm,20368,486.561
final_layernorm,20384,487.67
final_layernorm,20400,487.585
final_layernorm,20416,487.542
final_layernorm,20432,488.203
final_layernorm,20448,489.067
final_layernorm,20464,489.292
final_layernorm,20480,489.483
final_layernorm,20496,489.441
final_layernorm,20512,490.305
final_layernorm,20528,490.593
final_layernorm,20544,491.681
final_layernorm,20560,491.223
final_layernorm,20576,491.403
final_layernorm,20592,492.022
final_layernorm,20608,493.217
final_layernorm,20624,489.867
final_layernorm,20640,490.124
final_layernorm,20656,489.953
final_layernorm,20672,491.404
final_layernorm,20688,491.031
final_layernorm,20704,491.947
final_layernorm,20720,492.48
final_layernorm,20736,492.342
final_layernorm,20752,493.452
final_layernorm,20768,493.889
final_layernorm,20784,493.804
final_layernorm,20800,494.956
final_layernorm,20816,494.71
final_layernorm,20832,495.799
final_layernorm,20848,496.46
final_layernorm,20864,496.076
final_layernorm,20880,496.535
final_layernorm,20896,497.516
final_layernorm,20912,497.185
final_layernorm,20928,497.569
final_layernorm,20944,497.868
final_layernorm,20960,498.764
final_layernorm,20976,499.201
final_layernorm,20992,499.585
final_layernorm,21008,499.852
final_layernorm,21024,501.399
final_layernorm,21040,501.399
final_layernorm,21056,501.068
final_layernorm,21072,502.86
final_layernorm,21088,502.177
final_layernorm,21104,503.233
final_layernorm,21120,503.682
final_layernorm,21136,504.268
final_layernorm,21152,503.777
final_layernorm,21168,504.727
final_layernorm,21184,505.505
final_layernorm,21200,506.38
final_layernorm,21216,506.316
final_layernorm,21232,507.287
final_layernorm,21248,507.159
final_layernorm,21264,507.596
final_layernorm,21280,508.855
final_layernorm,21296,508.077
final_layernorm,21312,509.197
final_layernorm,21328,510.039
final_layernorm,21344,509.858
final_layernorm,21360,510.85
final_layernorm,21376,511.234
final_layernorm,21392,511.415
final_layernorm,21408,511.789
final_layernorm,21424,511.319
final_layernorm,21440,512.673
final_layernorm,21456,512.194
final_layernorm,21472,514.04
final_layernorm,21488,513.314
final_layernorm,21504,514.53
final_layernorm,21520,514.295
final_layernorm,21536,515.372
final_layernorm,21552,515.052
final_layernorm,21568,515.149
final_layernorm,21584,515.383
final_layernorm,21600,516.727
final_layernorm,21616,516.77
final_layernorm,21632,516.322
final_layernorm,21648,518.648
final_layernorm,21664,517.794
final_layernorm,21680,517.719
final_layernorm,21696,519.522
final_layernorm,21712,518.914
final_layernorm,21728,518.946
final_layernorm,21744,519.426
final_layernorm,21760,520.354
final_layernorm,21776,517.9
final_layernorm,21792,517.261
final_layernorm,21808,518.146
final_layernorm,21824,518.423
final_layernorm,21840,519.181
final_layernorm,21856,519.192
final_layernorm,21872,520.365
final_layernorm,21888,520.013
final_layernorm,21904,520.93
final_layernorm,21920,617.594
final_layernorm,21936,521.741
final_layernorm,21952,521.953
final_layernorm,21968,522.402
final_layernorm,21984,523.725
final_layernorm,22000,523.714
final_layernorm,22016,524.44
final_layernorm,22032,523.01
final_layernorm,22048,525.239
final_layernorm,22064,525.538
final_layernorm,22080,526.05
final_layernorm,22096,526.391
final_layernorm,22112,526.882
final_layernorm,22128,527.607
final_layernorm,22144,527.106
final_layernorm,22160,527.906
final_layernorm,22176,528.343
final_layernorm,22192,529.187
final_layernorm,22208,529.602
final_layernorm,22224,530.466
final_layernorm,22240,530.05
final_layernorm,22256,530.733
final_layernorm,22272,531.746
final_layernorm,22288,532.781
final_layernorm,22304,533.624
final_layernorm,22320,532.398
final_layernorm,22336,533.261
final_layernorm,22352,534.594
final_layernorm,22368,533.997
final_layernorm,22384,534.285
final_layernorm,22400,535.629
final_layernorm,22416,535.512
final_layernorm,22432,536.504
final_layernorm,22448,536.227
final_layernorm,22464,536.6
final_layernorm,22480,536.621
final_layernorm,22496,538.093
final_layernorm,22512,538.957
final_layernorm,22528,539.384
final_layernorm,22544,538.808
final_layernorm,22560,539.587
final_layernorm,22576,539.682
final_layernorm,22592,539.266
final_layernorm,22608,540.525
final_layernorm,22624,540.291
final_layernorm,22640,541.336
final_layernorm,22656,540.803
final_layernorm,22672,542.84
final_layernorm,22688,541.453
final_layernorm,22704,543.086
final_layernorm,22720,542.989
final_layernorm,22736,542.754
final_layernorm,22752,543.512
final_layernorm,22768,544.354
final_layernorm,22784,544.461
final_layernorm,22800,541.794
final_layernorm,22816,542.328
final_layernorm,22832,542.509
final_layernorm,22848,542.68
final_layernorm,22864,543.48
final_layernorm,22880,543.736
final_layernorm,22896,544.771
final_layernorm,22912,544.014
final_layernorm,22928,544.376
final_layernorm,22944,545.198
final_layernorm,22960,545.805
final_layernorm,22976,545.913
final_layernorm,22992,547.587
final_layernorm,23008,547.288
final_layernorm,23024,547.875
final_layernorm,23040,548.568
final_layernorm,23056,548.248
final_layernorm,23072,548.931
final_layernorm,23088,549.795
final_layernorm,23104,550.168
final_layernorm,23120,550.19
final_layernorm,23136,550.776
final_layernorm,23152,551.651
final_layernorm,23168,551.875
final_layernorm,23184,553.027
final_layernorm,23200,552.568
final_layernorm,23216,552.494
final_layernorm,23232,554.168
final_layernorm,23248,554.691
final_layernorm,23264,554.158
final_layernorm,23280,554.659
final_layernorm,23296,556.377
final_layernorm,23312,555.822
final_layernorm,23328,556.771
final_layernorm,23344,556.782
final_layernorm,23360,557.241
final_layernorm,23376,557.699
final_layernorm,23392,558.585
final_layernorm,23408,559.214
final_layernorm,23424,560.75
final_layernorm,23440,559.556
final_layernorm,23456,560.345
final_layernorm,23472,561.091
final_layernorm,23488,560.526
final_layernorm,23504,561.283
final_layernorm,23520,562.009
final_layernorm,23536,562.009
final_layernorm,23552,562.595
final_layernorm,23568,563.193
final_layernorm,23584,563.151
final_layernorm,23600,564.708
final_layernorm,23616,564.174
final_layernorm,23632,564.249
final_layernorm,23648,565.774
final_layernorm,23664,565.667
final_layernorm,23680,565.731
final_layernorm,23696,566.233
final_layernorm,23712,567.065
final_layernorm,23728,567.225
final_layernorm,23744,567.726
final_layernorm,23760,567.609
final_layernorm,23776,567.886
final_layernorm,23792,569.059
final_layernorm,23808,569.305
final_layernorm,23824,569.817
final_layernorm,23840,569.988
final_layernorm,23856,569.817
final_layernorm,23872,570.606
final_layernorm,23888,571.247
final_layernorm,23904,571.012
final_layernorm,23920,571.929
final_layernorm,23936,571.609
final_layernorm,23952,569.497
final_layernorm,23968,569.742
final_layernorm,23984,569.742
final_layernorm,24000,570.372
final_layernorm,24016,570.372
final_layernorm,24032,571.193
final_layernorm,24048,571.993
final_layernorm,24064,572.58
final_layernorm,24080,572.367
final_layernorm,24096,573.263
final_layernorm,24112,572.889
final_layernorm,24128,574.446
final_layernorm,24144,574.105
final_layernorm,24160,574.735
final_layernorm,24176,575.299
final_layernorm,24192,575.609
final_layernorm,24208,575.919
final_layernorm,24224,577.497
final_layernorm,24240,577.06
final_layernorm,24256,578.095
final_layernorm,24272,578.382
final_layernorm,24288,578.649
final_layernorm,24304,578.756
final_layernorm,24320,579.811
final_layernorm,24336,580.1
final_layernorm,24352,580.324
final_layernorm,24368,581.743
final_layernorm,24384,581.561
final_layernorm,24400,581.903
final_layernorm,24416,583.108
final_layernorm,24432,582.244
final_layernorm,24448,584.026
final_layernorm,24464,585.017
final_layernorm,24480,584.644
final_layernorm,24496,585.306
final_layernorm,24512,585.348
final_layernorm,24528,585.785
final_layernorm,24544,586.009
final_layernorm,24560,587.236
final_layernorm,24576,586.554
final_layernorm,24592,588.474
final_layernorm,24608,587.62
final_layernorm,24624,588.666
final_layernorm,24640,588.601
final_layernorm,24656,589.327
final_layernorm,24672,588.954
final_layernorm,24688,589.903
final_layernorm,24704,589.882
final_layernorm,24720,590.522
final_layernorm,24736,590.533
final_layernorm,24752,592.09
final_layernorm,24768,591.972
final_layernorm,24784,592.986
final_layernorm,24800,592.73
final_layernorm,24816,593.167
final_layernorm,24832,592.73
final_layernorm,24848,592.868
final_layernorm,24864,593.722
final_layernorm,24880,594.799
final_layernorm,24896,594.116
final_layernorm,24912,595.14
final_layernorm,24928,595.727
final_layernorm,24944,594.789
final_layernorm,24960,596.207
final_layernorm,24976,592.986
final_layernorm,24992,594.404
final_layernorm,25008,594.309
final_layernorm,25024,594.98
final_layernorm,25040,595.322
final_layernorm,25056,595.727
final_layernorm,25072,595.098
final_layernorm,25088,595.983
final_layernorm,25104,596.837
final_layernorm,25120,597.232
final_layernorm,25136,596.997
final_layernorm,25152,597.231
final_layernorm,25168,598.245
final_layernorm,25184,599.29
final_layernorm,25200,599.546
final_layernorm,25216,600.495
final_layernorm,25232,600.858
final_layernorm,25248,601.115
final_layernorm,25264,600.4
final_layernorm,25280,601.221
final_layernorm,25296,602.554
final_layernorm,25312,603.066
final_layernorm,25328,602.459
final_layernorm,25344,603.216
final_layernorm,25360,604.379
final_layernorm,25376,604.506
final_layernorm,25392,605.285
final_layernorm,25408,605.936
final_layernorm,25424,605.776
final_layernorm,25440,606.576
final_layernorm,25456,607.13
final_layernorm,25472,607.504
final_layernorm,25488,607.141
final_layernorm,25504,607.376
final_layernorm,25520,608.667
final_layernorm,25536,609.285
final_layernorm,25552,609.989
final_layernorm,25568,610.586
final_layernorm,25584,610.874
final_layernorm,25600,611.003
final_layernorm,25616,611.461
final_layernorm,25632,612.507
final_layernorm,25648,611.909
final_layernorm,25664,612.73
final_layernorm,25680,614.384
final_layernorm,25696,612.837
final_layernorm,25712,615.099
final_layernorm,25728,615.269
final_layernorm,25744,615.429
final_layernorm,25760,615.653
final_layernorm,25776,616.048
final_layernorm,25792,616.923
final_layernorm,25808,616.858
final_layernorm,25824,617.125
final_layernorm,25840,617.211
final_layernorm,25856,618.331
final_layernorm,25872,618.064
final_layernorm,25888,618.459
final_layernorm,25904,618.245
final_layernorm,25920,619.013
final_layernorm,25936,619.035
final_layernorm,25952,620.454
final_layernorm,25968,621.019
final_layernorm,25984,620.677
final_layernorm,26000,622.139
final_layernorm,26016,622.363
final_layernorm,26032,621.68
final_layernorm,26048,622.235
final_layernorm,26064,621.947
final_layernorm,26080,623.003
final_layernorm,26096,624.123
final_layernorm,26112,623.397
final_layernorm,26128,621.2
final_layernorm,26144,621.552
final_layernorm,26160,715.005
final_layernorm,26176,622.981
final_layernorm,26192,622.16
final_layernorm,26208,624.006
final_layernorm,26224,623.387
final_layernorm,26240,623.856
final_layernorm,26256,624.411
final_layernorm,26272,624.709
final_layernorm,26288,625.926
final_layernorm,26304,625.947
final_layernorm,26320,627.75
final_layernorm,26336,626.512
final_layernorm,26352,626.63
final_layernorm,26368,627.494
final_layernorm,26384,628.262
final_layernorm,26400,628.4
final_layernorm,26416,629.488
final_layernorm,26432,630.353
final_layernorm,26448,630.704
final_layernorm,26464,630.246
final_layernorm,26480,631.611
final_layernorm,26496,631.92
final_layernorm,26512,633.019
final_layernorm,26528,632.838
final_layernorm,26544,632.102
final_layernorm,26560,634.001
final_layernorm,26576,633.371
final_layernorm,26592,634.694
final_layernorm,26608,634.523
final_layernorm,26624,635.515
final_layernorm,26640,636.145
final_layernorm,26656,636.507
final_layernorm,26672,636.091
final_layernorm,26688,637.286
final_layernorm,26704,637.755
final_layernorm,26720,637.468
final_layernorm,26736,638.523
final_layernorm,26752,639.26
final_layernorm,26768,639.377
final_layernorm,26784,640.017
final_layernorm,26800,640.593
final_layernorm,26816,639.836
final_layernorm,26832,640.945
final_layernorm,26848,640.806
final_layernorm,26864,641.745
final_layernorm,26880,641.457
final_layernorm,26896,642.491
final_layernorm,26912,642.918
final_layernorm,26928,643.025
final_layernorm,26944,643.9
final_layernorm,26960,643.558
final_layernorm,26976,644.454
final_layernorm,26992,644.284
final_layernorm,27008,644.998
final_layernorm,27024,646.609
final_layernorm,27040,646.065
final_layernorm,27056,646.95
final_layernorm,27072,646.854
final_layernorm,27088,647.217
final_layernorm,27104,648.636
final_layernorm,27120,648.103
final_layernorm,27136,647.771
final_layernorm,27152,645.617
final_layernorm,27168,646.108
final_layernorm,27184,646.246
final_layernorm,27200,647.494
final_layernorm,27216,646.023
final_layernorm,27232,647.036
final_layernorm,27248,647.644
final_layernorm,27264,648.401
final_layernorm,27280,648.423
final_layernorm,27296,649.564
final_layernorm,27312,649.382
final_layernorm,27328,650.545
final_layernorm,27344,651.196
final_layernorm,27360,651.441
final_layernorm,27376,652.689
final_layernorm,27392,651.921
final_layernorm,27408,652.402
final_layernorm,27424,653.308
final_layernorm,27440,653.34
final_layernorm,27456,652.604
final_layernorm,27472,653.916
final_layernorm,27488,653.905
final_layernorm,27504,654.684
final_layernorm,27520,655.836
final_layernorm,27536,656.7
final_layernorm,27552,657.02
final_layernorm,27568,656.551
final_layernorm,27584,657.223
final_layernorm,27600,657.553
final_layernorm,27616,658.631
final_layernorm,27632,659.313
final_layernorm,27648,658.513
final_layernorm,27664,659.644
final_layernorm,27680,659.954
final_layernorm,27696,660.103
final_layernorm,27712,660.06
final_layernorm,27728,660.988
final_layernorm,27744,662.289
final_layernorm,27760,662.514
final_layernorm,27776,662.758
final_layernorm,27792,662.45
final_layernorm,27808,664.028
final_layernorm,27824,664.039
final_layernorm,27840,665.138
final_layernorm,27856,664.497
final_layernorm,27872,665.405
final_layernorm,27888,666.439
final_layernorm,27904,667.207
final_layernorm,27920,668.445
final_layernorm,27936,668.466
final_layernorm,27952,666.503
final_layernorm,27968,668.615
final_layernorm,27984,669.874
final_layernorm,28000,668.295
final_layernorm,28016,668.797
final_layernorm,28032,669.981
final_layernorm,28048,670.599
final_layernorm,28064,671.175
final_layernorm,28080,671.004
final_layernorm,28096,670.823
final_layernorm,28112,671.378
final_layernorm,28128,672.242
final_layernorm,28144,672.893
final_layernorm,28160,673.501
final_layernorm,28176,672.829
final_layernorm,28192,673.405
final_layernorm,28208,675.858
final_layernorm,28224,674.386
final_layernorm,28240,675.079
final_layernorm,28256,674.706
final_layernorm,28272,676.445
final_layernorm,28288,675.869
final_layernorm,28304,672.413
final_layernorm,28320,673.309
final_layernorm,28336,673.895
final_layernorm,28352,674.397
final_layernorm,28368,674.93
final_layernorm,28384,675.687
final_layernorm,28400,676.146
final_layernorm,28416,676.413
final_layernorm,28432,676.658
final_layernorm,28448,677.202
final_layernorm,28464,678.279
final_layernorm,28480,677.821
final_layernorm,28496,677.298
final_layernorm,28512,677.992
final_layernorm,28528,678.878
final_layernorm,28544,678.151
final_layernorm,28560,679.346
final_layernorm,28576,681.352
final_layernorm,28592,681.928
final_layernorm,28608,682.141
final_layernorm,28624,682.045
final_layernorm,28640,682.728
final_layernorm,28656,683.72
final_layernorm,28672,683.367
final_layernorm,28688,684.061
final_layernorm,28704,684.477
final_layernorm,28720,686.238
final_layernorm,28736,685.128
final_layernorm,28752,685.863
final_layernorm,28768,686.216
final_layernorm,28784,687.869
final_layernorm,28800,686.291
final_layernorm,28816,687.293
final_layernorm,28832,689.192
final_layernorm,28848,688.84
final_layernorm,28864,689.246
final_layernorm,28880,689.224
final_layernorm,28896,690.419
final_layernorm,28912,690.184
final_layernorm,28928,690.227
final_layernorm,28944,691.614
final_layernorm,28960,691.89
final_layernorm,28976,692.051
final_layernorm,28992,692.104
final_layernorm,29008,692.798
final_layernorm,29024,693.576
final_layernorm,29040,693.598
final_layernorm,29056,693.683
final_layernorm,29072,694.494
final_layernorm,29088,694.729
final_layernorm,29104,696.179
final_layernorm,29120,695.955
final_layernorm,29136,695.474
final_layernorm,29152,695.539
final_layernorm,29168,696.274
final_layernorm,29184,697.555
final_layernorm,29200,697.074
final_layernorm,29216,698.035
final_layernorm,29232,697.694
final_layernorm,29248,698.323
final_layernorm,29264,700.243
final_layernorm,29280,699.881
final_layernorm,29296,699.166
final_layernorm,29312,699.977
final_layernorm,29328,697.235
final_layernorm,29344,697.235
final_layernorm,29360,697.395
final_layernorm,29376,697.875
final_layernorm,29392,699.304
final_layernorm,29408,699.592
final_layernorm,29424,700.958
final_layernorm,29440,700.424
final_layernorm,29456,701.268
final_layernorm,29472,700.254
final_layernorm,29488,701.672
final_layernorm,29504,702.164
final_layernorm,29520,702.846
final_layernorm,29536,702.099
final_layernorm,29552,702.75
final_layernorm,29568,703.07
final_layernorm,29584,704.339
final_layernorm,29600,705.011
final_layernorm,29616,704.788
final_layernorm,29632,706.046
final_layernorm,29648,705.31
final_layernorm,29664,705.993
final_layernorm,29680,707.529
final_layernorm,29696,707.102
final_layernorm,29712,708.201
final_layernorm,29728,707.518
final_layernorm,29744,707.529
final_layernorm,29760,709.758
final_layernorm,29776,710.014
final_layernorm,29792,709.875
final_layernorm,29808,710.537
final_layernorm,29824,711.518
final_layernorm,29840,713.022
final_layernorm,29856,711.796
final_layernorm,29872,712.468
final_layernorm,29888,713.534
final_layernorm,29904,713.502
final_layernorm,29920,715.347
final_layernorm,29936,715.326
final_layernorm,29952,714.985
final_layernorm,29968,714.388
final_layernorm,29984,715.977
final_layernorm,30000,716.297
final_layernorm,30016,715.817
final_layernorm,30032,716.98
final_layernorm,30048,717.513
final_layernorm,30064,718.953
final_layernorm,30080,719.017
final_layernorm,30096,719.188
final_layernorm,30112,718.676
final_layernorm,30128,719.145
final_layernorm,30144,720.084
final_layernorm,30160,719.294
final_layernorm,30176,720.916
final_layernorm,30192,721.919
final_layernorm,30208,721.95
final_layernorm,30224,722.079
final_layernorm,30240,722.132
final_layernorm,30256,723.7
final_layernorm,30272,722.452
final_layernorm,30288,725.172
final_layernorm,30304,725.503
final_layernorm,30320,725.225
final_layernorm,30336,725.844
final_layernorm,30352,723.999
final_layernorm,30368,725.769
final_layernorm,30384,725.033
final_layernorm,30400,725.247
final_layernorm,30416,726.954
final_layernorm,30432,726.505
final_layernorm,30448,727.145
final_layernorm,30464,728.063
final_layernorm,30480,725.162
final_layernorm,30496,725.492
final_layernorm,30512,725.577
final_layernorm,30528,726.164
final_layernorm,30544,726.079
final_layernorm,30560,726.644
final_layernorm,30576,727.37
final_layernorm,30592,727.231
final_layernorm,30608,728.372
final_layernorm,30624,729.897
final_layernorm,30640,729.535
final_layernorm,30656,729.609
final_layernorm,30672,730.218
final_layernorm,30688,730.826
final_layernorm,30704,732.17
final_layernorm,30720,731.956
final_layernorm,30736,731.54
final_layernorm,30752,732.159
final_layernorm,30768,731.999
final_layernorm,30784,733.407
final_layernorm,30800,733.397
final_layernorm,30816,734.613
final_layernorm,30832,734.762
final_layernorm,30848,735.508
final_layernorm,30864,735.711
final_layernorm,30880,735.199
final_layernorm,30896,737.033
final_layernorm,30912,738.292
final_layernorm,30928,736.991
final_layernorm,30944,737.354
final_layernorm,30960,738.356
final_layernorm,30976,738.325
final_layernorm,30992,740.319
final_layernorm,31008,740.885
final_layernorm,31024,740.159
final_layernorm,31040,740.362
final_layernorm,31056,742.282
final_layernorm,31072,741.45
final_layernorm,31088,742.08
final_layernorm,31104,742.335
final_layernorm,31120,743.381
final_layernorm,31136,743.455
final_layernorm,31152,744.917
final_layernorm,31168,744.895
final_layernorm,31184,745.812
final_layernorm,31200,745.205
final_layernorm,31216,745.321
final_layernorm,31232,745.599
final_layernorm,31248,746.047
final_layernorm,31264,747.285
final_layernorm,31280,747.679
final_layernorm,31296,747.669
final_layernorm,31312,748.48
final_layernorm,31328,748.789
final_layernorm,31344,748.682
final_layernorm,31360,747.178
final_layernorm,31376,748.97
final_layernorm,31392,749.728
final_layernorm,31408,750.666
final_layernorm,31424,750.858
final_layernorm,31440,750.773
final_layernorm,31456,751.893
final_layernorm,31472,752.405
final_layernorm,31488,750.88
final_layernorm,31504,751.498
final_layernorm,31520,748.512
final_layernorm,31536,749.813
final_layernorm,31552,749.471
final_layernorm,31568,751.445
final_layernorm,31584,751.211
final_layernorm,31600,751.445
final_layernorm,31616,753.354
final_layernorm,31632,753.429
final_layernorm,31648,752.715
final_layernorm,31664,753.951
final_layernorm,31680,753.525
final_layernorm,31696,753.056
final_layernorm,31712,754.933
final_layernorm,31728,754.89
final_layernorm,31744,754.837
final_layernorm,31760,756.181
final_layernorm,31776,755.765
final_layernorm,31792,756.906
final_layernorm,31808,757.899
final_layernorm,31824,758.325
final_layernorm,31840,758.635
final_layernorm,31856,758.485
final_layernorm,31872,760.789
final_layernorm,31888,760.981
final_layernorm,31904,761.184
final_layernorm,31920,761.611
final_layernorm,31936,760.544
final_layernorm,31952,761.482
final_layernorm,31968,762.474
final_layernorm,31984,761.973
final_layernorm,32000,761.878
final_layernorm,32016,763.275
final_layernorm,32032,763.595
final_layernorm,32048,764.566
final_layernorm,32064,764.971
final_layernorm,32080,765.205
final_layernorm,32096,766.102
final_layernorm,32112,767.147
final_layernorm,32128,767.008
final_layernorm,32144,767.541
final_layernorm,32160,768.502
final_layernorm,32176,768.214
final_layernorm,32192,768.629
final_layernorm,32208,769.461
final_layernorm,32224,768.747
final_layernorm,32240,770.059
final_layernorm,32256,770.667
final_layernorm,32272,771.222
final_layernorm,32288,771.339
final_layernorm,32304,772.715
final_layernorm,32320,772.022
final_layernorm,32336,771.489
final_layernorm,32352,773.131
final_layernorm,32368,772.545
final_layernorm,32384,772.043
final_layernorm,32400,772.961
final_layernorm,32416,774.443
final_layernorm,32432,775.03
final_layernorm,32448,774.379
final_layernorm,32464,774.87
final_layernorm,32480,775.958
final_layernorm,32496,776.321
final_layernorm,32512,776.993
final_layernorm,32528,776.96
final_layernorm,32544,777.814
final_layernorm,32560,778.219
final_layernorm,32576,779.894
final_layernorm,32592,778.027
final_layernorm,32608,778.422
final_layernorm,32624,778.902
final_layernorm,32640,779.627
final_layernorm,32656,776.257
final_layernorm,32672,777.153
final_layernorm,32688,776.715
final_layernorm,32704,778.689
final_layernorm,32720,777.899
final_layernorm,32736,778.838
final_layernorm,32752,778.603
final_layernorm,32768,779.99
gate_up_proj,1,79.6593
gate_up_proj,2,81.43
gate_up_proj,3,81.7497
gate_up_proj,4,82.3897
gate_up_proj,5,82.1763
gate_up_proj,6,82.1017
gate_up_proj,7,82.251
gate_up_proj,8,82.6247
gate_up_proj,9,82.8807
gate_up_proj,10,82.5173
gate_up_proj,11,82.8063
gate_up_proj,12,83.1897
gate_up_proj,13,82.9767
gate_up_proj,14,83.489
gate_up_proj,15,83.1047
gate_up_proj,16,83.2853
gate_up_proj,20,82.763
gate_up_proj,24,83.4353
gate_up_proj,28,83.3603
gate_up_proj,32,100.854
gate_up_proj,36,100.299
gate_up_proj,40,179.372
gate_up_proj,44,179.735
gate_up_proj,48,180.534
gate_up_proj,52,182.956
gate_up_proj,56,184.129
gate_up_proj,60,185.505
gate_up_proj,64,186.561
gate_up_proj,80,167.756
gate_up_proj,96,173.622
gate_up_proj,112,173.921
gate_up_proj,128,174.519
gate_up_proj,144,254.199
gate_up_proj,160,254.274
gate_up_proj,176,254.434
gate_up_proj,192,256.663
gate_up_proj,208,257.228
gate_up_proj,224,239.308
gate_up_proj,240,239.265
gate_up_proj,256,239.234
gate_up_proj,272,482.436
gate_up_proj,288,482.883
gate_up_proj,304,482.787
gate_up_proj,320,361.335
gate_up_proj,336,361.518
gate_up_proj,352,362.051
gate_up_proj,368,394.648
gate_up_proj,384,394.573
gate_up_proj,400,472.505
gate_up_proj,416,472.483
gate_up_proj,432,472.451
gate_up_proj,448,472.452
gate_up_proj,464,472.623
gate_up_proj,480,472.59
gate_up_proj,496,472.622
gate_up_proj,512,473.07
gate_up_proj,528,642.479
gate_up_proj,544,642.938
gate_up_proj,560,643.482
gate_up_proj,576,643.781
gate_up_proj,592,644.026
gate_up_proj,608,644.453
gate_up_proj,624,644.773
gate_up_proj,640,645.829
gate_up_proj,656,730.572
gate_up_proj,672,802.438
gate_up_proj,688,803.526
gate_up_proj,704,803.612
gate_up_proj,720,804.475
gate_up_proj,736,804.593
gate_up_proj,752,805.222
gate_up_proj,768,805.937
gate_up_proj,784,804.306
gate_up_proj,800,804.113
gate_up_proj,816,804.763
gate_up_proj,832,805.681
gate_up_proj,848,806.183
gate_up_proj,864,806.396
gate_up_proj,880,807.185
gate_up_proj,896,807.099
gate_up_proj,912,962.365
gate_up_proj,928,962.385
gate_up_proj,944,963.304
gate_up_proj,960,963.177
gate_up_proj,976,963.646
gate_up_proj,992,963.88
gate_up_proj,1008,965.331
gate_up_proj,1024,965.896
gate_up_proj,1040,1119.89
gate_up_proj,1056,1120.3
gate_up_proj,1072,1120.88
gate_up_proj,1088,1122.52
gate_up_proj,1104,1122.31
gate_up_proj,1120,1122.63
gate_up_proj,1136,1122.93
gate_up_proj,1152,1124.09
gate_up_proj,1168,1280.6
gate_up_proj,1184,1280.64
gate_up_proj,1200,1281.13
gate_up_proj,1216,1281.32
gate_up_proj,1232,1277.18
gate_up_proj,1248,1277.73
gate_up_proj,1264,1278.48
gate_up_proj,1280,1277.39
gate_up_proj,1296,1279.87
gate_up_proj,1312,1279.91
gate_up_proj,1328,1280.17
gate_up_proj,1344,1280.92
gate_up_proj,1360,1281.27
gate_up_proj,1376,1281.72
gate_up_proj,1392,1282.59
gate_up_proj,1408,1282.95
gate_up_proj,1424,1437.88
gate_up_proj,1440,1438.01
gate_up_proj,1456,1438.6
gate_up_proj,1472,1443.68
gate_up_proj,1488,1444.91
gate_up_proj,1504,1444.65
gate_up_proj,1520,1444.89
gate_up_proj,1536,1445.08
gate_up_proj,1552,1597.36
gate_up_proj,1568,1600.39
gate_up_proj,1584,1601.79
gate_up_proj,1600,1600.06
gate_up_proj,1616,1602.84
gate_up_proj,1632,1602.06
gate_up_proj,1648,1600.79
gate_up_proj,1664,1601.34
gate_up_proj,1680,1598.65
gate_up_proj,1696,1598.43
gate_up_proj,1712,1599.88
gate_up_proj,1728,1600.89
gate_up_proj,1744,1600.61
gate_up_proj,1760,1600.5
gate_up_proj,1776,1602.29
gate_up_proj,1792,1601.04
gate_up_proj,1808,1757.33
gate_up_proj,1824,1757
gate_up_proj,1840,1757.75
gate_up_proj,1856,1758.16
gate_up_proj,1872,1758.59
gate_up_proj,1888,1759.26
gate_up_proj,1904,1759.02
gate_up_proj,1920,1760.36
gate_up_proj,1936,1916.75
gate_up_proj,1952,1916.98
gate_up_proj,1968,1917.23
gate_up_proj,1984,1918.73
gate_up_proj,2000,1916.88
gate_up_proj,2016,1918.07
gate_up_proj,2032,1919.08
gate_up_proj,2048,1919.18
gate_up_proj,2064,1918.92
gate_up_proj,2080,1919.95
gate_up_proj,2096,1920.31
gate_up_proj,2112,1920.41
gate_up_proj,2128,1920.85
gate_up_proj,2144,1920.91
gate_up_proj,2160,1922.03
gate_up_proj,2176,1920.53
gate_up_proj,2192,2074.32
gate_up_proj,2208,2075
gate_up_proj,2224,2075.8
gate_up_proj,2240,2075.58
gate_up_proj,2256,2076.94
gate_up_proj,2272,2076.85
gate_up_proj,2288,2077.81
gate_up_proj,2304,2077.96
gate_up_proj,2320,2234.37
gate_up_proj,2336,2237.39
gate_up_proj,2352,2235.47
gate_up_proj,2368,2237.42
gate_up_proj,2384,2236.2
gate_up_proj,2400,2237.32
gate_up_proj,2416,2236.03
gate_up_proj,2432,2238.07
gate_up_proj,2448,2394.37
gate_up_proj,2464,2393.44
gate_up_proj,2480,2394.45
gate_up_proj,2496,2394.83
gate_up_proj,2512,2392.38
gate_up_proj,2528,2392.5
gate_up_proj,2544,2396.06
gate_up_proj,2560,2391.69
gate_up_proj,2576,2398.68
gate_up_proj,2592,2398.28
gate_up_proj,2608,2397.54
gate_up_proj,2624,2398.15
gate_up_proj,2640,2398.81
gate_up_proj,2656,2398.45
gate_up_proj,2672,2399.49
gate_up_proj,2688,2399.84
gate_up_proj,2704,2554.98
gate_up_proj,2720,2557.01
gate_up_proj,2736,2555.68
gate_up_proj,2752,2556.25
gate_up_proj,2768,2559.4
gate_up_proj,2784,2558.11
gate_up_proj,2800,2556.48
gate_up_proj,2816,2558.72
gate_up_proj,2832,2715.5
gate_up_proj,2848,2716.51
gate_up_proj,2864,2715.99
gate_up_proj,2880,2718.37
gate_up_proj,2896,2718.79
gate_up_proj,2912,2717.3
gate_up_proj,2928,2715.95
gate_up_proj,2944,2718.88
gate_up_proj,2960,2717.74
gate_up_proj,2976,2716.73
gate_up_proj,2992,2718.18
gate_up_proj,3008,2717.68
gate_up_proj,3024,2717.13
gate_up_proj,3040,2718.63
gate_up_proj,3056,2718.68
gate_up_proj,3072,2718.55
gate_up_proj,3088,2878.23
gate_up_proj,3104,2877.48
gate_up_proj,3120,2878.7
gate_up_proj,3136,2878.81
gate_up_proj,3152,2878.4
gate_up_proj,3168,2880.29
gate_up_proj,3184,2879.25
gate_up_proj,3200,2880.73
gate_up_proj,3216,3036.2
gate_up_proj,3232,3036.46
gate_up_proj,3248,3038.21
gate_up_proj,3264,3037.35
gate_up_proj,3280,3037.68
gate_up_proj,3296,3039.35
gate_up_proj,3312,3038.4
gate_up_proj,3328,3039.73
gate_up_proj,3344,3180.25
gate_up_proj,3360,3179.72
gate_up_proj,3376,3178.41
gate_up_proj,3392,3179.27
gate_up_proj,3408,3181.66
gate_up_proj,3424,3181.05
gate_up_proj,3440,3181.14
gate_up_proj,3456,3180.28
gate_up_proj,3472,3194.48
gate_up_proj,3488,3195.11
gate_up_proj,3504,3195
gate_up_proj,3520,3195.62
gate_up_proj,3536,3194.01
gate_up_proj,3552,3195.54
gate_up_proj,3568,3195.84
gate_up_proj,3584,3194.58
gate_up_proj,3600,3353.02
gate_up_proj,3616,3351.65
gate_up_proj,3632,3351.49
gate_up_proj,3648,3357.21
gate_up_proj,3664,3353.39
gate_up_proj,3680,3352.85
gate_up_proj,3696,3353.17
gate_up_proj,3712,3354.61
gate_up_proj,3728,3513.72
gate_up_proj,3744,3512.39
gate_up_proj,3760,3515.93
gate_up_proj,3776,3517.73
gate_up_proj,3792,3511.51
gate_up_proj,3808,3516.86
gate_up_proj,3824,3517.41
gate_up_proj,3840,3521.28
gate_up_proj,3856,3513.8
gate_up_proj,3872,3613.17
gate_up_proj,3888,3520.95
gate_up_proj,3904,3521.25
gate_up_proj,3920,3518.96
gate_up_proj,3936,3516.99
gate_up_proj,3952,3522.33
gate_up_proj,3968,3519.14
gate_up_proj,3984,3673.16
gate_up_proj,4000,3673.42
gate_up_proj,4016,3678.36
gate_up_proj,4032,3677.46
gate_up_proj,4048,3679.89
gate_up_proj,4064,3681.29
gate_up_proj,4080,3677.34
gate_up_proj,4096,3682.39
gate_up_proj,4112,3840.65
gate_up_proj,4128,3837.99
gate_up_proj,4144,3838.68
gate_up_proj,4160,3836.22
gate_up_proj,4176,3834.11
gate_up_proj,4192,3832.31
gate_up_proj,4208,3832.57
gate_up_proj,4224,3838.64
gate_up_proj,4240,3842.76
gate_up_proj,4256,3840.17
gate_up_proj,4272,3842.54
gate_up_proj,4288,3843.04
gate_up_proj,4304,3844.53
gate_up_proj,4320,3844.58
gate_up_proj,4336,3844.66
gate_up_proj,4352,3844.48
gate_up_proj,4368,3994.55
gate_up_proj,4384,3992.68
gate_up_proj,4400,3991.91
gate_up_proj,4416,3993.18
gate_up_proj,4432,3993.48
gate_up_proj,4448,3992.33
gate_up_proj,4464,3994.36
gate_up_proj,4480,3997.17
gate_up_proj,4496,4152.57
gate_up_proj,4512,4156.94
gate_up_proj,4528,4154.74
gate_up_proj,4544,4154.39
gate_up_proj,4560,4151.5
gate_up_proj,4576,4155.62
gate_up_proj,4592,4157.58
gate_up_proj,4608,4156.71
gate_up_proj,4624,4303.65
gate_up_proj,4640,4306.25
gate_up_proj,4656,4305.41
gate_up_proj,4672,4300.35
gate_up_proj,4688,4301.23
gate_up_proj,4704,4302.58
gate_up_proj,4720,4301.61
gate_up_proj,4736,4304.52
gate_up_proj,4752,4315.21
gate_up_proj,4768,4316.25
gate_up_proj,4784,4317.43
gate_up_proj,4800,4319.9
gate_up_proj,4816,4316.51
gate_up_proj,4832,4317.57
gate_up_proj,4848,4309.38
gate_up_proj,4864,4320.27
gate_up_proj,4880,4470.57
gate_up_proj,4896,4472.34
gate_up_proj,4912,4471.49
gate_up_proj,4928,4472.12
gate_up_proj,4944,4471.59
gate_up_proj,4960,4473.09
gate_up_proj,4976,4473.39
gate_up_proj,4992,4474.09
gate_up_proj,5008,4638.18
gate_up_proj,5024,4638.61
gate_up_proj,5040,4627.48
gate_up_proj,5056,4637.42
gate_up_proj,5072,4637.06
gate_up_proj,5088,4614.08
gate_up_proj,5104,4629.02
gate_up_proj,5120,4634.63
gate_up_proj,5136,4633.32
gate_up_proj,5152,4630.7
gate_up_proj,5168,4634.28
gate_up_proj,5184,4635.19
gate_up_proj,5200,4632.1
gate_up_proj,5216,4633.62
gate_up_proj,5232,4634.28
gate_up_proj,5248,4638.17
gate_up_proj,5264,4795.11
gate_up_proj,5280,4797.96
gate_up_proj,5296,4798.24
gate_up_proj,5312,4796.15
gate_up_proj,5328,4800.51
gate_up_proj,5344,4801.35
gate_up_proj,5360,4798.26
gate_up_proj,5376,4799.8
gate_up_proj,5392,4955.69
gate_up_proj,5408,4956.9
gate_up_proj,5424,4957.8
gate_up_proj,5440,4956.3
gate_up_proj,5456,4958.76
gate_up_proj,5472,4959.31
gate_up_proj,5488,4958.91
gate_up_proj,5504,4960.97
gate_up_proj,5520,5088.88
gate_up_proj,5536,5087.43
gate_up_proj,5552,5086.72
gate_up_proj,5568,5086.98
gate_up_proj,5584,5086.86
gate_up_proj,5600,5087.91
gate_up_proj,5616,5087.04
gate_up_proj,5632,5089.03
gate_up_proj,5648,5115.25
gate_up_proj,5664,5111.53
gate_up_proj,5680,5113.3
gate_up_proj,5696,5103.23
gate_up_proj,5712,5113.82
gate_up_proj,5728,5112.25
gate_up_proj,5744,5104.17
gate_up_proj,5760,5110.28
gate_up_proj,5776,5274.88
gate_up_proj,5792,5269.67
gate_up_proj,5808,5255.04
gate_up_proj,5824,5267.62
gate_up_proj,5840,5270.42
gate_up_proj,5856,5276
gate_up_proj,5872,5274.53
gate_up_proj,5888,5273.05
gate_up_proj,5904,5409.96
gate_up_proj,5920,5423.61
gate_up_proj,5936,5426.55
gate_up_proj,5952,5428.73
gate_up_proj,5968,5431.67
gate_up_proj,5984,5414.5
gate_up_proj,6000,5429.4
gate_up_proj,6016,5430.22
gate_up_proj,6032,5434.18
gate_up_proj,6048,5433.1
gate_up_proj,6064,5434.15
gate_up_proj,6080,5429.69
gate_up_proj,6096,5433.02
gate_up_proj,6112,5433.48
gate_up_proj,6128,5435.88
gate_up_proj,6144,5433.41
gate_up_proj,6160,5590.97
gate_up_proj,6176,5586.78
gate_up_proj,6192,5591.3
gate_up_proj,6208,5590.17
gate_up_proj,6224,5584.43
gate_up_proj,6240,5595.71
gate_up_proj,6256,5593.74
gate_up_proj,6272,5591.35
gate_up_proj,6288,5749.19
gate_up_proj,6304,5754
gate_up_proj,6320,5754.68
gate_up_proj,6336,5754.98
gate_up_proj,6352,5746.44
gate_up_proj,6368,5755.81
gate_up_proj,6384,5749.3
gate_up_proj,6400,5754.73
gate_up_proj,6416,5756.24
gate_up_proj,6432,5758.47
gate_up_proj,6448,5760.66
gate_up_proj,6464,5757.11
gate_up_proj,6480,5757.01
gate_up_proj,6496,5756.62
gate_up_proj,6512,5757.94
gate_up_proj,6528,5759.13
gate_up_proj,6544,5905.32
gate_up_proj,6560,5901.77
gate_up_proj,6576,5905.46
gate_up_proj,6592,5907.78
gate_up_proj,6608,5904.67
gate_up_proj,6624,5907.57
gate_up_proj,6640,5910.45
gate_up_proj,6656,5909.07
gate_up_proj,6672,6074.08
gate_up_proj,6688,6071.71
gate_up_proj,6704,6052.49
gate_up_proj,6720,6064.69
gate_up_proj,6736,6048.35
gate_up_proj,6752,6061.25
gate_up_proj,6768,6060.69
gate_up_proj,6784,6065.38
gate_up_proj,6800,6204.43
gate_up_proj,6816,6203.03
gate_up_proj,6832,6210.55
gate_up_proj,6848,6209.72
gate_up_proj,6864,6210.99
gate_up_proj,6880,6208.67
gate_up_proj,6896,6203.3
gate_up_proj,6912,6202.77
gate_up_proj,6928,6229.33
gate_up_proj,6944,6234.17
gate_up_proj,6960,6228.53
gate_up_proj,6976,6231.08
gate_up_proj,6992,6230.3
gate_up_proj,7008,6226.92
gate_up_proj,7024,6229.22
gate_up_proj,7040,6224.52
gate_up_proj,7056,6389.91
gate_up_proj,7072,6390.4
gate_up_proj,7088,6385.5
gate_up_proj,7104,6390.76
gate_up_proj,7120,6387.89
gate_up_proj,7136,6390.4
gate_up_proj,7152,6384.67
gate_up_proj,7168,6389.45
gate_up_proj,7184,6479.01
gate_up_proj,7200,6478.35
gate_up_proj,7216,6487.94
gate_up_proj,7232,6480.75
gate_up_proj,7248,6541.6
gate_up_proj,7264,6420.48
gate_up_proj,7280,6417.58
gate_up_proj,7296,6418.92
gate_up_proj,7312,6377.24
gate_up_proj,7328,6382.51
gate_up_proj,7344,6382.06
gate_up_proj,7360,6546.99
gate_up_proj,7376,6552.18
gate_up_proj,7392,6547.4
gate_up_proj,7408,6551.23
gate_up_proj,7424,6553.74
gate_up_proj,7440,6712.23
gate_up_proj,7456,6713.16
gate_up_proj,7472,6713.99
gate_up_proj,7488,6435.15
gate_up_proj,7504,6386.26
gate_up_proj,7520,6388.55
gate_up_proj,7536,6387.85
gate_up_proj,7552,6384.73
gate_up_proj,7568,6870.49
gate_up_proj,7584,6232.14
gate_up_proj,7600,6233.13
gate_up_proj,7616,6231.31
gate_up_proj,7632,6184.21
gate_up_proj,7648,6185.48
gate_up_proj,7664,6186.88
gate_up_proj,7680,6184.15
gate_up_proj,7696,6282.83
gate_up_proj,7712,6284.59
gate_up_proj,7728,6283.75
gate_up_proj,7744,6991.82
gate_up_proj,7760,6990.7
gate_up_proj,7776,6993
gate_up_proj,7792,6236.42
gate_up_proj,7808,6236.99
gate_up_proj,7824,6264.82
gate_up_proj,7840,6164.34
gate_up_proj,7856,6170.08
gate_up_proj,7872,6144.07
gate_up_proj,7888,6129.98
gate_up_proj,7904,6130.36
gate_up_proj,7920,6131.56
gate_up_proj,7936,6133.32
gate_up_proj,7952,6778.28
gate_up_proj,7968,7178.48
gate_up_proj,7984,7186.76
gate_up_proj,8000,6619.07
gate_up_proj,8016,6273.61
gate_up_proj,8032,6267.72
gate_up_proj,8048,6276.61
gate_up_proj,8064,6264.99
gate_up_proj,8080,6385.46
gate_up_proj,8096,6389.81
gate_up_proj,8112,6387.3
gate_up_proj,8128,6399.01
gate_up_proj,8144,6382.2
gate_up_proj,8160,6396.49
gate_up_proj,8176,6387.05
gate_up_proj,8192,6402.28
gate_up_proj,8208,6413.61
gate_up_proj,8224,6414.43
gate_up_proj,8240,6413.71
gate_up_proj,8256,6414.41
gate_up_proj,8272,6413.66
gate_up_proj,8288,6416.8
gate_up_proj,8304,6413.45
gate_up_proj,8320,6419.64
gate_up_proj,8336,6539.52
gate_up_proj,8352,6556.95
gate_up_proj,8368,6553.67
gate_up_proj,8384,6557.19
gate_up_proj,8400,6556.51
gate_up_proj,8416,6556.57
gate_up_proj,8432,6553.6
gate_up_proj,8448,6564.69
gate_up_proj,8464,6688.24
gate_up_proj,8480,6683.71
gate_up_proj,8496,6694.29
gate_up_proj,8512,6696.15
gate_up_proj,8528,6691.27
gate_up_proj,8544,6675.13
gate_up_proj,8560,6687.71
gate_up_proj,8576,6691.33
gate_up_proj,8592,6697.94
gate_up_proj,8608,6705.39
gate_up_proj,8624,6709.35
gate_up_proj,8640,6709.02
gate_up_proj,8656,6702.73
gate_up_proj,8672,6710.67
gate_up_proj,8688,6714.2
gate_up_proj,8704,6712.62
gate_up_proj,8720,6829.09
gate_up_proj,8736,6824.54
gate_up_proj,8752,6833.17
gate_up_proj,8768,6832.99
gate_up_proj,8784,6829.28
gate_up_proj,8800,6830.33
gate_up_proj,8816,6826.27
gate_up_proj,8832,6823.07
gate_up_proj,8848,6935.45
gate_up_proj,8864,6938.46
gate_up_proj,8880,6936.86
gate_up_proj,8896,6954.6
gate_up_proj,8912,7014.82
gate_up_proj,8928,7008.12
gate_up_proj,8944,7011.05
gate_up_proj,8960,7019.21
gate_up_proj,8976,7131.76
gate_up_proj,8992,7133.25
gate_up_proj,9008,7133.24
gate_up_proj,9024,7128.89
gate_up_proj,9040,7131.12
gate_up_proj,9056,7140.56
gate_up_proj,9072,7132.77
gate_up_proj,9088,7142.24
gate_up_proj,9104,7160
gate_up_proj,9120,7167.73
gate_up_proj,9136,7153.31
gate_up_proj,9152,7155.42
gate_up_proj,9168,7160.25
gate_up_proj,9184,7154.11
gate_up_proj,9200,7160.86
gate_up_proj,9216,7152.58
gate_up_proj,9232,7295.05
gate_up_proj,9248,7299.76
gate_up_proj,9264,7309.69
gate_up_proj,9280,7296.97
gate_up_proj,9296,7311.92
gate_up_proj,9312,7297.25
gate_up_proj,9328,7305.03
gate_up_proj,9344,7309.04
gate_up_proj,9360,7433.9
gate_up_proj,9376,7421.77
gate_up_proj,9392,7411.2
gate_up_proj,9408,7414.67
gate_up_proj,9424,7426.25
gate_up_proj,9440,7418.33
gate_up_proj,9456,7412.12
gate_up_proj,9472,7418.99
gate_up_proj,9488,7447.94
gate_up_proj,9504,7452.17
gate_up_proj,9520,7446.55
gate_up_proj,9536,7441.75
gate_up_proj,9552,7446.66
gate_up_proj,9568,7444.15
gate_up_proj,9584,7441.52
gate_up_proj,9600,7446.13
gate_up_proj,9616,7587.54
gate_up_proj,9632,7587.86
gate_up_proj,9648,7601.74
gate_up_proj,9664,7584.88
gate_up_proj,9680,7584.01
gate_up_proj,9696,7584.17
gate_up_proj,9712,7587.67
gate_up_proj,9728,7603.32
gate_up_proj,9744,7720.37
gate_up_proj,9760,7731.97
gate_up_proj,9776,7727.47
gate_up_proj,9792,7729.67
gate_up_proj,9808,7715.27
gate_up_proj,9824,7731.41
gate_up_proj,9840,7727.68
gate_up_proj,9856,8788.54
gate_up_proj,9872,7838.91
gate_up_proj,9888,7825.22
gate_up_proj,9904,7822.12
gate_up_proj,9920,7821.72
gate_up_proj,9936,7822.73
gate_up_proj,9952,7823.2
gate_up_proj,9968,7824.64
gate_up_proj,9984,7825.3
gate_up_proj,10000,7882.75
gate_up_proj,10016,7840.64
gate_up_proj,10032,7881.22
gate_up_proj,10048,7857.28
gate_up_proj,10064,7844.85
gate_up_proj,10080,7883.08
gate_up_proj,10096,7856.31
gate_up_proj,10112,7858.18
gate_up_proj,10128,7982.39
gate_up_proj,10144,8004
gate_up_proj,10160,8011.48
gate_up_proj,10176,7993.94
gate_up_proj,10192,8001.66
gate_up_proj,10208,7996.17
gate_up_proj,10224,7995.98
gate_up_proj,10240,7992.85
gate_up_proj,10256,8119.83
gate_up_proj,10272,8129.62
gate_up_proj,10288,8108.06
gate_up_proj,10304,8116.81
gate_up_proj,10320,8108.02
gate_up_proj,10336,8123.18
gate_up_proj,10352,8129.14
gate_up_proj,10368,8127.43
gate_up_proj,10384,8145.06
gate_up_proj,10400,8143.44
gate_up_proj,10416,8147.33
gate_up_proj,10432,8144.06
gate_up_proj,10448,8141.79
gate_up_proj,10464,8153.52
gate_up_proj,10480,8150
gate_up_proj,10496,8166.58
gate_up_proj,10512,8289.59
gate_up_proj,10528,8284.81
gate_up_proj,10544,8286.32
gate_up_proj,10560,8299.8
gate_up_proj,10576,8275.63
gate_up_proj,10592,8287.33
gate_up_proj,10608,8298.71
gate_up_proj,10624,8294.31
gate_up_proj,10640,8409.86
gate_up_proj,10656,8411.55
gate_up_proj,10672,8411.9
gate_up_proj,10688,8399.98
gate_up_proj,10704,8406.29
gate_up_proj,10720,8401.75
gate_up_proj,10736,9566.12
gate_up_proj,10752,8417.96
gate_up_proj,10768,8476.88
gate_up_proj,10784,8456.57
gate_up_proj,10800,8482.3
gate_up_proj,10816,8439.8
gate_up_proj,10832,8483.27
gate_up_proj,10848,8443.96
gate_up_proj,10864,8431.5
gate_up_proj,10880,8436.09
gate_up_proj,10896,8577.63
gate_up_proj,10912,8551.13
gate_up_proj,10928,8562.99
gate_up_proj,10944,8575.96
gate_up_proj,10960,8538.32
gate_up_proj,10976,8538.64
gate_up_proj,10992,8540.51
gate_up_proj,11008,8538.41
gate_up_proj,11024,8664.97
gate_up_proj,11040,8666.33
gate_up_proj,11056,8663.93
gate_up_proj,11072,8667.34
gate_up_proj,11088,8665
gate_up_proj,11104,8665.12
gate_up_proj,11120,8665.88
gate_up_proj,11136,8665.7
gate_up_proj,11152,8800.23
gate_up_proj,11168,8799.81
gate_up_proj,11184,8797.87
gate_up_proj,11200,8798.42
gate_up_proj,11216,8798.93
gate_up_proj,11232,8852.33
gate_up_proj,11248,8822.77
gate_up_proj,11264,8830.99
gate_up_proj,11280,8874.07
gate_up_proj,11296,8855.9
gate_up_proj,11312,8869.8
gate_up_proj,11328,8885.51
gate_up_proj,11344,8871.2
gate_up_proj,11360,8876.36
gate_up_proj,11376,8874.14
gate_up_proj,11392,8856.06
gate_up_proj,11408,8999.42
gate_up_proj,11424,9019.62
gate_up_proj,11440,9003.14
gate_up_proj,11456,8949.1
gate_up_proj,11472,8932.51
gate_up_proj,11488,8951.16
gate_up_proj,11504,8953.29
gate_up_proj,11520,8956.73
gate_up_proj,11536,9147.24
gate_up_proj,11552,9113.55
gate_up_proj,11568,9131.93
gate_up_proj,11584,9152.82
gate_up_proj,11600,9134.65
gate_up_proj,11616,9137.35
gate_up_proj,11632,9116.07
gate_up_proj,11648,9095.6
gate_up_proj,11664,9095.67
gate_up_proj,11680,9137.58
gate_up_proj,11696,9152.96
gate_up_proj,11712,9137.13
gate_up_proj,11728,9157.98
gate_up_proj,11744,9116.5
gate_up_proj,11760,9150.72
gate_up_proj,11776,9137.75
gate_up_proj,11792,9406.17
gate_up_proj,11808,9385.29
gate_up_proj,11824,9407.22
gate_up_proj,11840,9391.01
gate_up_proj,11856,9407.35
gate_up_proj,11872,9305.23
gate_up_proj,11888,9326.6
gate_up_proj,11904,9287.55
gate_up_proj,11920,9420.16
gate_up_proj,11936,9445.29
gate_up_proj,11952,9450.19
gate_up_proj,11968,10677.4
gate_up_proj,11984,9406.2
gate_up_proj,12000,9382.4
gate_up_proj,12016,9439.82
gate_up_proj,12032,9426.48
gate_up_proj,12048,9558.59
gate_up_proj,12064,9521.89
gate_up_proj,12080,9555.72
gate_up_proj,12096,9542.78
gate_up_proj,12112,9540.59
gate_up_proj,12128,9540.89
gate_up_proj,12144,9517.23
gate_up_proj,12160,9521.5
gate_up_proj,12176,9605.56
gate_up_proj,12192,9597.02
gate_up_proj,12208,9557.66
gate_up_proj,12224,9579.05
gate_up_proj,12240,9554.5
gate_up_proj,12256,9546.15
gate_up_proj,12272,9586.36
gate_up_proj,12288,9556.87
gate_up_proj,12304,9708.95
gate_up_proj,12320,9695.84
gate_up_proj,12336,9717.32
gate_up_proj,12352,9743.24
gate_up_proj,12368,9662.25
gate_up_proj,12384,9710.59
gate_up_proj,12400,9725.3
gate_up_proj,12416,9717.71
gate_up_proj,12432,9810.89
gate_up_proj,12448,9858.96
gate_up_proj,12464,9811.78
gate_up_proj,12480,9840.24
gate_up_proj,12496,9824.52
gate_up_proj,12512,9823.66
gate_up_proj,12528,9807.7
gate_up_proj,12544,9807.37
gate_up_proj,12560,9958.27
gate_up_proj,12576,9967.63
gate_up_proj,12592,9958.89
gate_up_proj,12608,9983.86
gate_up_proj,12624,9931.77
gate_up_proj,12640,9935.44
gate_up_proj,12656,9954.83
gate_up_proj,12672,9965.26
gate_up_proj,12688,9986.91
gate_up_proj,12704,9990.14
gate_up_proj,12720,9980.73
gate_up_proj,12736,9964.29
gate_up_proj,12752,9986.36
gate_up_proj,12768,9986.57
gate_up_proj,12784,9942.06
gate_up_proj,12800,9980.18
gate_up_proj,12816,10137.8
gate_up_proj,12832,10137.3
gate_up_proj,12848,10118.6
gate_up_proj,12864,10121.6
gate_up_proj,12880,10141.1
gate_up_proj,12896,10159.3
gate_up_proj,12912,10123.7
gate_up_proj,12928,10129.4
gate_up_proj,12944,10168.5
gate_up_proj,12960,10171.6
gate_up_proj,12976,10154.4
gate_up_proj,12992,10180.8
gate_up_proj,13008,10167.4
gate_up_proj,13024,10175.2
gate_up_proj,13040,10171.3
gate_up_proj,13056,10165.7
gate_up_proj,13072,10306.4
gate_up_proj,13088,10295.8
gate_up_proj,13104,10277.5
gate_up_proj,13120,10310.8
gate_up_proj,13136,10284.8
gate_up_proj,13152,10276.5
gate_up_proj,13168,10294.9
gate_up_proj,13184,10297.9
gate_up_proj,13200,10421.7
gate_up_proj,13216,10408.8
gate_up_proj,13232,10428.4
gate_up_proj,13248,10437.3
gate_up_proj,13264,10429.9
gate_up_proj,13280,10419.8
gate_up_proj,13296,10422.2
gate_up_proj,13312,10417
gate_up_proj,13328,10543.3
gate_up_proj,13344,10528.2
gate_up_proj,13360,10538.7
gate_up_proj,13376,10543.7
gate_up_proj,13392,10545.7
gate_up_proj,13408,10539.7
gate_up_proj,13424,10549.1
gate_up_proj,13440,10539
gate_up_proj,13456,10593.4
gate_up_proj,13472,10580.5
gate_up_proj,13488,10577
gate_up_proj,13504,10592.8
gate_up_proj,13520,10590.3
gate_up_proj,13536,10586.2
gate_up_proj,13552,10583.4
gate_up_proj,13568,10577.9
gate_up_proj,13584,10704.3
gate_up_proj,13600,10728
gate_up_proj,13616,10717.1
gate_up_proj,13632,10711.1
gate_up_proj,13648,10719.9
gate_up_proj,13664,10702.5
gate_up_proj,13680,10725.6
gate_up_proj,13696,10716
gate_up_proj,13712,10825.3
gate_up_proj,13728,10839
gate_up_proj,13744,10840.4
gate_up_proj,13760,10850.6
gate_up_proj,13776,10833.4
gate_up_proj,13792,10824.7
gate_up_proj,13808,10831.3
gate_up_proj,13824,10831.1
gate_up_proj,13840,10884.6
gate_up_proj,13856,10872.9
gate_up_proj,13872,10863.8
gate_up_proj,13888,10854.8
gate_up_proj,13904,10876.5
gate_up_proj,13920,10871.4
gate_up_proj,13936,10872
gate_up_proj,13952,10874.8
gate_up_proj,13968,11011.9
gate_up_proj,13984,11016.7
gate_up_proj,14000,10988.1
gate_up_proj,14016,11016.5
gate_up_proj,14032,11019.1
gate_up_proj,14048,11017.6
gate_up_proj,14064,11017.8
gate_up_proj,14080,11001.6
gate_up_proj,14096,11147.1
gate_up_proj,14112,11152.5
gate_up_proj,14128,11151.3
gate_up_proj,14144,11156.5
gate_up_proj,14160,11147.9
gate_up_proj,14176,11143.7
gate_up_proj,14192,11150.8
gate_up_proj,14208,11152.1
gate_up_proj,14224,11234.5
gate_up_proj,14240,11236
gate_up_proj,14256,11237.8
gate_up_proj,14272,11234.4
gate_up_proj,14288,11149
gate_up_proj,14304,11235.3
gate_up_proj,14320,11235.4
gate_up_proj,14336,11235.7
gate_up_proj,14352,11304.1
gate_up_proj,14368,11284.4
gate_up_proj,14384,11278.7
gate_up_proj,14400,11282.6
gate_up_proj,14416,11203.5
gate_up_proj,14432,11198.3
gate_up_proj,14448,11202.2
gate_up_proj,14464,11278.6
gate_up_proj,14480,11427.2
gate_up_proj,14496,11431.5
gate_up_proj,14512,11437.2
gate_up_proj,14528,11452
gate_up_proj,14544,11346.9
gate_up_proj,14560,11339.1
gate_up_proj,14576,11340.2
gate_up_proj,14592,11337
gate_up_proj,14608,11437.5
gate_up_proj,14624,11442.7
gate_up_proj,14640,11441.5
gate_up_proj,14656,11439.3
gate_up_proj,14672,11446
gate_up_proj,14688,11437.4
gate_up_proj,14704,11449.6
gate_up_proj,14720,11438.2
gate_up_proj,14736,11491.6
gate_up_proj,14752,11543.2
gate_up_proj,14768,11509.8
gate_up_proj,14784,11480.8
gate_up_proj,14800,11482.5
gate_up_proj,14816,11488.5
gate_up_proj,14832,11491.9
gate_up_proj,14848,11491.6
gate_up_proj,14864,11627.7
gate_up_proj,14880,11653.1
gate_up_proj,14896,11651.2
gate_up_proj,14912,11621.2
gate_up_proj,14928,11713.3
gate_up_proj,14944,11631.2
gate_up_proj,14960,11628.8
gate_up_proj,14976,11617.4
gate_up_proj,14992,11747.3
gate_up_proj,15008,11808.8
gate_up_proj,15024,11750.2
gate_up_proj,15040,11768.5
gate_up_proj,15056,11749.8
gate_up_proj,15072,11750.8
gate_up_proj,15088,11742
gate_up_proj,15104,11734
gate_up_proj,15120,11822.5
gate_up_proj,15136,11805.5
gate_up_proj,15152,11854.2
gate_up_proj,15168,11792.7
gate_up_proj,15184,11765.3
gate_up_proj,15200,11819.4
gate_up_proj,15216,11792
gate_up_proj,15232,11775.2
gate_up_proj,15248,11930.5
gate_up_proj,15264,11930.1
gate_up_proj,15280,11953.4
gate_up_proj,15296,11934.4
gate_up_proj,15312,11906.2
gate_up_proj,15328,11907.4
gate_up_proj,15344,11905.9
gate_up_proj,15360,11907.2
gate_up_proj,15376,12050.3
gate_up_proj,15392,12012.7
gate_up_proj,15408,12080.5
gate_up_proj,15424,12065.6
gate_up_proj,15440,12024.4
gate_up_proj,15456,12029.8
gate_up_proj,15472,12030.4
gate_up_proj,15488,12054.6
gate_up_proj,15504,12167.3
gate_up_proj,15520,12185.5
gate_up_proj,15536,12131.7
gate_up_proj,15552,12178.1
gate_up_proj,15568,12153.4
gate_up_proj,15584,12136.1
gate_up_proj,15600,12157.4
gate_up_proj,15616,12151.7
gate_up_proj,15632,12222.3
gate_up_proj,15648,12216.3
gate_up_proj,15664,12225.4
gate_up_proj,15680,12233.9
gate_up_proj,15696,12183.4
gate_up_proj,15712,12205.2
gate_up_proj,15728,12182
gate_up_proj,15744,12209.9
gate_up_proj,15760,12353.3
gate_up_proj,15776,12441.7
gate_up_proj,15792,12378.8
gate_up_proj,15808,12350.1
gate_up_proj,15824,12362.3
gate_up_proj,15840,12354.1
gate_up_proj,15856,12357.5
gate_up_proj,15872,12363.6
gate_up_proj,15888,12487.5
gate_up_proj,15904,12455.3
gate_up_proj,15920,12434.8
gate_up_proj,15936,12491.2
gate_up_proj,15952,12468.4
gate_up_proj,15968,12495.8
gate_up_proj,15984,12492.5
gate_up_proj,16000,12465.5
gate_up_proj,16016,12512.9
gate_up_proj,16032,12524.3
gate_up_proj,16048,12656.6
gate_up_proj,16064,12517.1
gate_up_proj,16080,12534.2
gate_up_proj,16096,12501
gate_up_proj,16112,12518.7
gate_up_proj,16128,12527.2
gate_up_proj,16144,12669.9
gate_up_proj,16160,12700.6
gate_up_proj,16176,12700.2
gate_up_proj,16192,12686.9
gate_up_proj,16208,12653.7
gate_up_proj,16224,12671.9
gate_up_proj,16240,12663.1
gate_up_proj,16256,12641.3
gate_up_proj,16272,12741.4
gate_up_proj,16288,12803
gate_up_proj,16304,12775.6
gate_up_proj,16320,12786.7
gate_up_proj,16336,12790.2
gate_up_proj,16352,12748
gate_up_proj,16368,12788.2
gate_up_proj,16384,12734
gate_up_proj,16400,12861.3
gate_up_proj,16416,12899.6
gate_up_proj,16432,12904.4
gate_up_proj,16448,12868.7
gate_up_proj,16464,12905.1
gate_up_proj,16480,12851.1
gate_up_proj,16496,12851
gate_up_proj,16512,12857.4
gate_up_proj,16528,12896.4
gate_up_proj,16544,12935.1
gate_up_proj,16560,12962.3
gate_up_proj,16576,12942.3
gate_up_proj,16592,12900.8
gate_up_proj,16608,12894.7
gate_up_proj,16624,12929
gate_up_proj,16640,12896.6
gate_up_proj,16656,13061.3
gate_up_proj,16672,13094.9
gate_up_proj,16688,13084.5
gate_up_proj,16704,13078
gate_up_proj,16720,13038.9
gate_up_proj,16736,13090.5
gate_up_proj,16752,13080.4
gate_up_proj,16768,13081.6
gate_up_proj,16784,13189.3
gate_up_proj,16800,13201.9
gate_up_proj,16816,13193.5
gate_up_proj,16832,13200.7
gate_up_proj,16848,13177
gate_up_proj,16864,13186.8
gate_up_proj,16880,13170.3
gate_up_proj,16896,13152.4
gate_up_proj,16912,13224.1
gate_up_proj,16928,13250.5
gate_up_proj,16944,13242
gate_up_proj,16960,13282.9
gate_up_proj,16976,13234.2
gate_up_proj,16992,13246.2
gate_up_proj,17008,13219.4
gate_up_proj,17024,13227.8
gate_up_proj,17040,13381.8
gate_up_proj,17056,13425
gate_up_proj,17072,13387.4
gate_up_proj,17088,13400
gate_up_proj,17104,13389.5
gate_up_proj,17120,13392.5
gate_up_proj,17136,13391.2
gate_up_proj,17152,13363.2
gate_up_proj,17168,13523.1
gate_up_proj,17184,13511.7
gate_up_proj,17200,13501.7
gate_up_proj,17216,13520.7
gate_up_proj,17232,13505.8
gate_up_proj,17248,13506.2
gate_up_proj,17264,13498.4
gate_up_proj,17280,13483.3
gate_up_proj,17296,13579.4
gate_up_proj,17312,13535.1
gate_up_proj,17328,13520.5
gate_up_proj,17344,13544.3
gate_up_proj,17360,13556
gate_up_proj,17376,13552.3
gate_up_proj,17392,13533.4
gate_up_proj,17408,13508.8
gate_up_proj,17424,13712
gate_up_proj,17440,13714.2
gate_up_proj,17456,13695.9
gate_up_proj,17472,13668.2
gate_up_proj,17488,13672.4
gate_up_proj,17504,13676.9
gate_up_proj,17520,13669.7
gate_up_proj,17536,13666.9
gate_up_proj,17552,13826.4
gate_up_proj,17568,13843.8
gate_up_proj,17584,13840.5
gate_up_proj,17600,13828.8
gate_up_proj,17616,13795.2
gate_up_proj,17632,13744.3
gate_up_proj,17648,13785.6
gate_up_proj,17664,13811.3
gate_up_proj,17680,13892.9
gate_up_proj,17696,13908.6
gate_up_proj,17712,13974
gate_up_proj,17728,13940
gate_up_proj,17744,13854.8
gate_up_proj,17760,13886.8
gate_up_proj,17776,13875.6
gate_up_proj,17792,13905.5
gate_up_proj,17808,13976.7
gate_up_proj,17824,13940.4
gate_up_proj,17840,14021.2
gate_up_proj,17856,13945.3
gate_up_proj,17872,13988.5
gate_up_proj,17888,13915.3
gate_up_proj,17904,13933.9
gate_up_proj,17920,13935.7
gate_up_proj,17936,14161.8
gate_up_proj,17952,14088.4
gate_up_proj,17968,14090.2
gate_up_proj,17984,14083.2
gate_up_proj,18000,14073.3
gate_up_proj,18016,14071.2
gate_up_proj,18032,14047.2
gate_up_proj,18048,14059.7
gate_up_proj,18064,14274.7
gate_up_proj,18080,14246.2
gate_up_proj,18096,14215.6
gate_up_proj,18112,14243.4
gate_up_proj,18128,14227
gate_up_proj,18144,14183.6
gate_up_proj,18160,14177.4
gate_up_proj,18176,14154.8
gate_up_proj,18192,14219.1
gate_up_proj,18208,14244.5
gate_up_proj,18224,14283.4
gate_up_proj,18240,14238.4
gate_up_proj,18256,14227.2
gate_up_proj,18272,14245.5
gate_up_proj,18288,14237.7
gate_up_proj,18304,14237.5
gate_up_proj,18320,14489.8
gate_up_proj,18336,14415.6
gate_up_proj,18352,14449.4
gate_up_proj,18368,14444.2
gate_up_proj,18384,14370.1
gate_up_proj,18400,14385.1
gate_up_proj,18416,14376.1
gate_up_proj,18432,14380.8
gate_up_proj,18448,14625.1
gate_up_proj,18464,14602.8
gate_up_proj,18480,14604.3
gate_up_proj,18496,14617.2
gate_up_proj,18512,14501.6
gate_up_proj,18528,14511.4
gate_up_proj,18544,14478.4
gate_up_proj,18560,14502.4
gate_up_proj,18576,14609.7
gate_up_proj,18592,14643.2
gate_up_proj,18608,14706.1
gate_up_proj,18624,14664.8
gate_up_proj,18640,14641.7
gate_up_proj,18656,14563.6
gate_up_proj,18672,14601.5
gate_up_proj,18688,14568
gate_up_proj,18704,14655.7
gate_up_proj,18720,14727.6
gate_up_proj,18736,14750
gate_up_proj,18752,14763.6
gate_up_proj,18768,14650.8
gate_up_proj,18784,14648.3
gate_up_proj,18800,14657.3
gate_up_proj,18816,14698.4
gate_up_proj,18832,14791.6
gate_up_proj,18848,14809
gate_up_proj,18864,14872.6
gate_up_proj,18880,14796.1
gate_up_proj,18896,14898.6
gate_up_proj,18912,14779.9
gate_up_proj,18928,14765.9
gate_up_proj,18944,14795.9
gate_up_proj,18960,14910.9
gate_up_proj,18976,14960.5
gate_up_proj,18992,14936.4
gate_up_proj,19008,14994.7
gate_up_proj,19024,14884.7
gate_up_proj,19040,14898.6
gate_up_proj,19056,14891.2
gate_up_proj,19072,14898.4
gate_up_proj,19088,15012.8
gate_up_proj,19104,14970.8
gate_up_proj,19120,15019.5
gate_up_proj,19136,14960.5
gate_up_proj,19152,14940.8
gate_up_proj,19168,14927.1
gate_up_proj,19184,14938.3
gate_up_proj,19200,14936.3
gate_up_proj,19216,15111.1
gate_up_proj,19232,15159.5
gate_up_proj,19248,15160.6
gate_up_proj,19264,15078.4
gate_up_proj,19280,15087
gate_up_proj,19296,15071.2
gate_up_proj,19312,15075.8
gate_up_proj,19328,15062.6
gate_up_proj,19344,15280
gate_up_proj,19360,15232.1
gate_up_proj,19376,15269.1
gate_up_proj,19392,15285.1
gate_up_proj,19408,15202.1
gate_up_proj,19424,15192.3
gate_up_proj,19440,15204
gate_up_proj,19456,15202.3
gate_up_proj,19472,15304.2
gate_up_proj,19488,15346.2
gate_up_proj,19504,15254.2
gate_up_proj,19520,15347.3
gate_up_proj,19536,15231.3
gate_up_proj,19552,15245.8
gate_up_proj,19568,15224.5
gate_up_proj,19584,15235.2
gate_up_proj,19600,15437.7
gate_up_proj,19616,15437
gate_up_proj,19632,15439.9
gate_up_proj,19648,15431.1
gate_up_proj,19664,15323.9
gate_up_proj,19680,15356.8
gate_up_proj,19696,15404.5
gate_up_proj,19712,15325.6
gate_up_proj,19728,15549.2
gate_up_proj,19744,15558.2
gate_up_proj,19760,15545.2
gate_up_proj,19776,15563.8
gate_up_proj,19792,15492.5
gate_up_proj,19808,15488.8
gate_up_proj,19824,15479.8
gate_up_proj,19840,15478.5
gate_up_proj,19856,15701.5
gate_up_proj,19872,15671.5
gate_up_proj,19888,15705.8
gate_up_proj,19904,15665.3
gate_up_proj,19920,15596
gate_up_proj,19936,15596.7
gate_up_proj,19952,15641.7
gate_up_proj,19968,15601
gate_up_proj,19984,15712.7
gate_up_proj,20000,15737.2
gate_up_proj,20016,15704.1
gate_up_proj,20032,15754.3
gate_up_proj,20048,15636.6
gate_up_proj,20064,15653.7
gate_up_proj,20080,15639.2
gate_up_proj,20096,15641.5
gate_up_proj,20112,15873
gate_up_proj,20128,15898.9
gate_up_proj,20144,15893.1
gate_up_proj,20160,15896.2
gate_up_proj,20176,15772.2
gate_up_proj,20192,15817.9
gate_up_proj,20208,15804.7
gate_up_proj,20224,15830.7
gate_up_proj,20240,15995.6
gate_up_proj,20256,15963.4
gate_up_proj,20272,15958.8
gate_up_proj,20288,16002.5
gate_up_proj,20304,15890.7
gate_up_proj,20320,15934.2
gate_up_proj,20336,15922.2
gate_up_proj,20352,15932.8
gate_up_proj,20368,16012.7
gate_up_proj,20384,16038.8
gate_up_proj,20400,15996.8
gate_up_proj,20416,16047.5
gate_up_proj,20432,15924.5
gate_up_proj,20448,15968.4
gate_up_proj,20464,15980.9
gate_up_proj,20480,15964.3
gate_up_proj,20496,16186.4
gate_up_proj,20512,16190.5
gate_up_proj,20528,16188.9
gate_up_proj,20544,16135
gate_up_proj,20560,16058.7
gate_up_proj,20576,16055.4
gate_up_proj,20592,16060.4
gate_up_proj,20608,16068.4
gate_up_proj,20624,16295
gate_up_proj,20640,16260.2
gate_up_proj,20656,16278.7
gate_up_proj,20672,16329.1
gate_up_proj,20688,16245.1
gate_up_proj,20704,16238.6
gate_up_proj,20720,16237.8
gate_up_proj,20736,16246.3
gate_up_proj,20752,16404.4
gate_up_proj,20768,16411.1
gate_up_proj,20784,16407.8
gate_up_proj,20800,16402.4
gate_up_proj,20816,16328.5
gate_up_proj,20832,16287.5
gate_up_proj,20848,16239.8
gate_up_proj,20864,16325.6
gate_up_proj,20880,16457.1
gate_up_proj,20896,16461.7
gate_up_proj,20912,16426.3
gate_up_proj,20928,16484.2
gate_up_proj,20944,16434.6
gate_up_proj,20960,16427.7
gate_up_proj,20976,16383.5
gate_up_proj,20992,16387
gate_up_proj,21008,16592
gate_up_proj,21024,16599.6
gate_up_proj,21040,16591.7
gate_up_proj,21056,16608.5
gate_up_proj,21072,16565.5
gate_up_proj,21088,16527.8
gate_up_proj,21104,16552.7
gate_up_proj,21120,16567
gate_up_proj,21136,16704.5
gate_up_proj,21152,16713.3
gate_up_proj,21168,16699.4
gate_up_proj,21184,16700
gate_up_proj,21200,16574
gate_up_proj,21216,16685.2
gate_up_proj,21232,16669.5
gate_up_proj,21248,16626.3
gate_up_proj,21264,16762.2
gate_up_proj,21280,16760.5
gate_up_proj,21296,16757.2
gate_up_proj,21312,16710.8
gate_up_proj,21328,16674.6
gate_up_proj,21344,16708.9
gate_up_proj,21360,16644
gate_up_proj,21376,16635.9
gate_up_proj,21392,16898.6
gate_up_proj,21408,16893.2
gate_up_proj,21424,16895.7
gate_up_proj,21440,16906
gate_up_proj,21456,16819.5
gate_up_proj,21472,16847.7
gate_up_proj,21488,16845
gate_up_proj,21504,16838
gate_up_proj,21520,16977.8
gate_up_proj,21536,16949.1
gate_up_proj,21552,17016
gate_up_proj,21568,17006.5
gate_up_proj,21584,16940.5
gate_up_proj,21600,16959.6
gate_up_proj,21616,16955.8
gate_up_proj,21632,16915.9
gate_up_proj,21648,17054.3
gate_up_proj,21664,17032.5
gate_up_proj,21680,17053.3
gate_up_proj,21696,17048.5
gate_up_proj,21712,16929.9
gate_up_proj,21728,16944.5
gate_up_proj,21744,16959.1
gate_up_proj,21760,16954.2
gate_up_proj,21776,17168.5
gate_up_proj,21792,17179
gate_up_proj,21808,17181.5
gate_up_proj,21824,17168.4
gate_up_proj,21840,17119.9
gate_up_proj,21856,17132.4
gate_up_proj,21872,17133.2
gate_up_proj,21888,17097.4
gate_up_proj,21904,17302.7
gate_up_proj,21920,17293.2
gate_up_proj,21936,17301.7
gate_up_proj,21952,17274.5
gate_up_proj,21968,17215.2
gate_up_proj,21984,17283
gate_up_proj,22000,17278.7
gate_up_proj,22016,17244.8
gate_up_proj,22032,17416.4
gate_up_proj,22048,17406
gate_up_proj,22064,17363.5
gate_up_proj,22080,17401.9
gate_up_proj,22096,17347.6
gate_up_proj,22112,17359
gate_up_proj,22128,17368.8
gate_up_proj,22144,17357.9
gate_up_proj,22160,17448
gate_up_proj,22176,17434.5
gate_up_proj,22192,17463.9
gate_up_proj,22208,17456.7
gate_up_proj,22224,17405.1
gate_up_proj,22240,17455.9
gate_up_proj,22256,17420.5
gate_up_proj,22272,17459.4
gate_up_proj,22288,17565.5
gate_up_proj,22304,17571.1
gate_up_proj,22320,17545.6
gate_up_proj,22336,17557
gate_up_proj,22352,17590.1
gate_up_proj,22368,17532.2
gate_up_proj,22384,17559.7
gate_up_proj,22400,17606.6
gate_up_proj,22416,17699.7
gate_up_proj,22432,17737
gate_up_proj,22448,17693.9
gate_up_proj,22464,17710.1
gate_up_proj,22480,17675.9
gate_up_proj,22496,17666.5
gate_up_proj,22512,17613.1
gate_up_proj,22528,17685.4
gate_up_proj,22544,17759.5
gate_up_proj,22560,17841.2
gate_up_proj,22576,17746.1
gate_up_proj,22592,17758.7
gate_up_proj,22608,17746.5
gate_up_proj,22624,17792.8
gate_up_proj,22640,17754.6
gate_up_proj,22656,17742.8
gate_up_proj,22672,17854.3
gate_up_proj,22688,17983.4
gate_up_proj,22704,17891.7
gate_up_proj,22720,17892
gate_up_proj,22736,17892.5
gate_up_proj,22752,17838
gate_up_proj,22768,17876.8
gate_up_proj,22784,17872.1
gate_up_proj,22800,18036.9
gate_up_proj,22816,18096.6
gate_up_proj,22832,18054.9
gate_up_proj,22848,17993.1
gate_up_proj,22864,18010.6
gate_up_proj,22880,17998.1
gate_up_proj,22896,18016
gate_up_proj,22912,17946.9
gate_up_proj,22928,18156.3
gate_up_proj,22944,18195
gate_up_proj,22960,18102.2
gate_up_proj,22976,18131.6
gate_up_proj,22992,18195.4
gate_up_proj,23008,18151.8
gate_up_proj,23024,18114.6
gate_up_proj,23040,18103.6
gate_up_proj,23056,18250.5
gate_up_proj,23072,18312.8
gate_up_proj,23088,18274
gate_up_proj,23104,18163.4
gate_up_proj,23120,18152.2
gate_up_proj,23136,18251.9
gate_up_proj,23152,18167.7
gate_up_proj,23168,18125.1
gate_up_proj,23184,18330.6
gate_up_proj,23200,18433.9
gate_up_proj,23216,18324.1
gate_up_proj,23232,18310.2
gate_up_proj,23248,18309.7
gate_up_proj,23264,18297.9
gate_up_proj,23280,18299.8
gate_up_proj,23296,18251.4
gate_up_proj,23312,18534.3
gate_up_proj,23328,18527.8
gate_up_proj,23344,18462.1
gate_up_proj,23360,18399.3
gate_up_proj,23376,18409
gate_up_proj,23392,18476.3
gate_up_proj,23408,18413.1
gate_up_proj,23424,18314.4
gate_up_proj,23440,18558.1
gate_up_proj,23456,18524.9
gate_up_proj,23472,18526.4
gate_up_proj,23488,18397.9
gate_up_proj,23504,18448.4
gate_up_proj,23520,18546.9
gate_up_proj,23536,18404.1
gate_up_proj,23552,18423.3
gate_up_proj,23568,18639.1
gate_up_proj,23584,18691.8
gate_up_proj,23600,18712.1
gate_up_proj,23616,18591.5
gate_up_proj,23632,18570.2
gate_up_proj,23648,18662.3
gate_up_proj,23664,18591.4
gate_up_proj,23680,18577.4
gate_up_proj,23696,18827.7
gate_up_proj,23712,18850.3
gate_up_proj,23728,18855.3
gate_up_proj,23744,18761.8
gate_up_proj,23760,18703.3
gate_up_proj,23776,18785.3
gate_up_proj,23792,18664.3
gate_up_proj,23808,18674.9
gate_up_proj,23824,18778.7
gate_up_proj,23840,18828.8
gate_up_proj,23856,18827.8
gate_up_proj,23872,18840.7
gate_up_proj,23888,18755.4
gate_up_proj,23904,18827.2
gate_up_proj,23920,18727.6
gate_up_proj,23936,18698.3
gate_up_proj,23952,18983.3
gate_up_proj,23968,18904.4
gate_up_proj,23984,18926.4
gate_up_proj,24000,18932.9
gate_up_proj,24016,18879.6
gate_up_proj,24032,19002.1
gate_up_proj,24048,18872.8
gate_up_proj,24064,18825
gate_up_proj,24080,19048.5
gate_up_proj,24096,19136.2
gate_up_proj,24112,19103.7
gate_up_proj,24128,19003.9
gate_up_proj,24144,19016.3
gate_up_proj,24160,19114
gate_up_proj,24176,19014.3
gate_up_proj,24192,18961.3
gate_up_proj,24208,19169.3
gate_up_proj,24224,19209.5
gate_up_proj,24240,19209.2
gate_up_proj,24256,19115.1
gate_up_proj,24272,19107.1
gate_up_proj,24288,19216.3
gate_up_proj,24304,19096.6
gate_up_proj,24320,19084.4
gate_up_proj,24336,19232.7
gate_up_proj,24352,19267.4
gate_up_proj,24368,19213.1
gate_up_proj,24384,19218.1
gate_up_proj,24400,19146.4
gate_up_proj,24416,19290.7
gate_up_proj,24432,19133.1
gate_up_proj,24448,19138.9
gate_up_proj,24464,19419.3
gate_up_proj,24480,19439.5
gate_up_proj,24496,19374.4
gate_up_proj,24512,19397.7
gate_up_proj,24528,19285.5
gate_up_proj,24544,19361.1
gate_up_proj,24560,19255.6
gate_up_proj,24576,19285.9
gate_up_proj,24592,19497.6
gate_up_proj,24608,19434.7
gate_up_proj,24624,19407.6
gate_up_proj,24640,19410.2
gate_up_proj,24656,19361
gate_up_proj,24672,19530.7
gate_up_proj,24688,19395.1
gate_up_proj,24704,19365.4
gate_up_proj,24720,19531.4
gate_up_proj,24736,19568.2
gate_up_proj,24752,19576.4
gate_up_proj,24768,19493.6
gate_up_proj,24784,19443.3
gate_up_proj,24800,19542.3
gate_up_proj,24816,19441.4
gate_up_proj,24832,19426.1
gate_up_proj,24848,19649.8
gate_up_proj,24864,19708.3
gate_up_proj,24880,19680.7
gate_up_proj,24896,19645.6
gate_up_proj,24912,19588.2
gate_up_proj,24928,19667.2
gate_up_proj,24944,19572.7
gate_up_proj,24960,19578.5
gate_up_proj,24976,19805.5
gate_up_proj,24992,19817.6
gate_up_proj,25008,19792.4
gate_up_proj,25024,19759.2
gate_up_proj,25040,19698.1
gate_up_proj,25056,19736.7
gate_up_proj,25072,19684.5
gate_up_proj,25088,19651
gate_up_proj,25104,19909.8
gate_up_proj,25120,19915.4
gate_up_proj,25136,19915.8
gate_up_proj,25152,19871.3
gate_up_proj,25168,19798.3
gate_up_proj,25184,19907.7
gate_up_proj,25200,19768.5
gate_up_proj,25216,19771.4
gate_up_proj,25232,19968.4
gate_up_proj,25248,19981.7
gate_up_proj,25264,19972.2
gate_up_proj,25280,19935.8
gate_up_proj,25296,19861.3
gate_up_proj,25312,19888.5
gate_up_proj,25328,19867.3
gate_up_proj,25344,19854.6
gate_up_proj,25360,20127.2
gate_up_proj,25376,20162.7
gate_up_proj,25392,20082
gate_up_proj,25408,20085.4
gate_up_proj,25424,19975.2
gate_up_proj,25440,20095.9
gate_up_proj,25456,19966
gate_up_proj,25472,19989.6
gate_up_proj,25488,20194.7
gate_up_proj,25504,20208.4
gate_up_proj,25520,20205.8
gate_up_proj,25536,20177.2
gate_up_proj,25552,20087.3
gate_up_proj,25568,20163
gate_up_proj,25584,20101.9
gate_up_proj,25600,20001.1
gate_up_proj,25616,20214.7
gate_up_proj,25632,20279.3
gate_up_proj,25648,20222.5
gate_up_proj,25664,20209.7
gate_up_proj,25680,20131.2
gate_up_proj,25696,20272.3
gate_up_proj,25712,20145
gate_up_proj,25728,20144.6
gate_up_proj,25744,20414.9
gate_up_proj,25760,20356.8
gate_up_proj,25776,20403.5
gate_up_proj,25792,20429.3
gate_up_proj,25808,20297.2
gate_up_proj,25824,20441.2
gate_up_proj,25840,20317.3
gate_up_proj,25856,20263.8
gate_up_proj,25872,20473.4
gate_up_proj,25888,20497.7
gate_up_proj,25904,20511.1
gate_up_proj,25920,20410.7
gate_up_proj,25936,20414.6
gate_up_proj,25952,20522.7
gate_up_proj,25968,20368.8
gate_up_proj,25984,20372.8
gate_up_proj,26000,20591.4
gate_up_proj,26016,20578.2
gate_up_proj,26032,20604.6
gate_up_proj,26048,20502.2
gate_up_proj,26064,20465.6
gate_up_proj,26080,20547.5
gate_up_proj,26096,20419.9
gate_up_proj,26112,20431.8
gate_up_proj,26128,20621.2
gate_up_proj,26144,20665
gate_up_proj,26160,20658.7
gate_up_proj,26176,20563.9
gate_up_proj,26192,20579
gate_up_proj,26208,20611.6
gate_up_proj,26224,20559.3
gate_up_proj,26240,20572.2
gate_up_proj,26256,20815
gate_up_proj,26272,20898.4
gate_up_proj,26288,20874.2
gate_up_proj,26304,20839.8
gate_up_proj,26320,20695.2
gate_up_proj,26336,20809.3
gate_up_proj,26352,20716.8
gate_up_proj,26368,20653.8
gate_up_proj,26384,20965.6
gate_up_proj,26400,20979.8
gate_up_proj,26416,20852.4
gate_up_proj,26432,20816.9
gate_up_proj,26448,20819.5
gate_up_proj,26464,20896.2
gate_up_proj,26480,20788.8
gate_up_proj,26496,20705.1
gate_up_proj,26512,20877.3
gate_up_proj,26528,20997.5
gate_up_proj,26544,20965.8
gate_up_proj,26560,20943.3
gate_up_proj,26576,20916.9
gate_up_proj,26592,20893.9
gate_up_proj,26608,20857.7
gate_up_proj,26624,20788.8
gate_up_proj,26640,21163.7
gate_up_proj,26656,21110.1
gate_up_proj,26672,21108.1
gate_up_proj,26688,21071.9
gate_up_proj,26704,20942.2
gate_up_proj,26720,21121.2
gate_up_proj,26736,20983.8
gate_up_proj,26752,20965.5
gate_up_proj,26768,21233.4
gate_up_proj,26784,21275.1
gate_up_proj,26800,21184.7
gate_up_proj,26816,21110.6
gate_up_proj,26832,21129.6
gate_up_proj,26848,21200.9
gate_up_proj,26864,21090
gate_up_proj,26880,21074.2
gate_up_proj,26896,21229.7
gate_up_proj,26912,21404.8
gate_up_proj,26928,21256.7
gate_up_proj,26944,21280
gate_up_proj,26960,21147.8
gate_up_proj,26976,21250.2
gate_up_proj,26992,21095.2
gate_up_proj,27008,21049.7
gate_up_proj,27024,21400.8
gate_up_proj,27040,21535.1
gate_up_proj,27056,21380.9
gate_up_proj,27072,21388.5
gate_up_proj,27088,21331.2
gate_up_proj,27104,21360
gate_up_proj,27120,21297.8
gate_up_proj,27136,21254.2
gate_up_proj,27152,21488.8
gate_up_proj,27168,21626.1
gate_up_proj,27184,21550.1
gate_up_proj,27200,21447.1
gate_up_proj,27216,21376.7
gate_up_proj,27232,21492.5
gate_up_proj,27248,21359.1
gate_up_proj,27264,21373.2
gate_up_proj,27280,21597.3
gate_up_proj,27296,21646.8
gate_up_proj,27312,21591.8
gate_up_proj,27328,21610.9
gate_up_proj,27344,21496.7
gate_up_proj,27360,21626.1
gate_up_proj,27376,21481.2
gate_up_proj,27392,21447.2
gate_up_proj,27408,21697.7
gate_up_proj,27424,21780.8
gate_up_proj,27440,21698.4
gate_up_proj,27456,21632.8
gate_up_proj,27472,21537.4
gate_up_proj,27488,21687.6
gate_up_proj,27504,21522.9
gate_up_proj,27520,21505.1
gate_up_proj,27536,21827.1
gate_up_proj,27552,21999.5
gate_up_proj,27568,21862.3
gate_up_proj,27584,21763.8
gate_up_proj,27600,21640
gate_up_proj,27616,21837.4
gate_up_proj,27632,21698.8
gate_up_proj,27648,21643.2
gate_up_proj,27664,21908.8
gate_up_proj,27680,22012.5
gate_up_proj,27696,21915.1
gate_up_proj,27712,21891.7
gate_up_proj,27728,21846.5
gate_up_proj,27744,21935.6
gate_up_proj,27760,21746.3
gate_up_proj,27776,21723.3
gate_up_proj,27792,21970.7
gate_up_proj,27808,22102
gate_up_proj,27824,21971.1
gate_up_proj,27840,21952.1
gate_up_proj,27856,21921.1
gate_up_proj,27872,21960.8
gate_up_proj,27888,21883.8
gate_up_proj,27904,21812.4
gate_up_proj,27920,22087.7
gate_up_proj,27936,22201.3
gate_up_proj,27952,22074.6
gate_up_proj,27968,22101.9
gate_up_proj,27984,21993.4
gate_up_proj,28000,22081.5
gate_up_proj,28016,21975.1
gate_up_proj,28032,21958.1
gate_up_proj,28048,22162.8
gate_up_proj,28064,22284.5
gate_up_proj,28080,22127.2
gate_up_proj,28096,22155.8
gate_up_proj,28112,22091.2
gate_up_proj,28128,22250.3
gate_up_proj,28144,22167.5
gate_up_proj,28160,22054.8
gate_up_proj,28176,22363.4
gate_up_proj,28192,22215.6
gate_up_proj,28208,22329.1
gate_up_proj,28224,22238.8
gate_up_proj,28240,22322
gate_up_proj,28256,22133.3
gate_up_proj,28272,22274.1
gate_up_proj,28288,22126.7
gate_up_proj,28304,22502
gate_up_proj,28320,22305.2
gate_up_proj,28336,22478.6
gate_up_proj,28352,22337.3
gate_up_proj,28368,22447.6
gate_up_proj,28384,22230.6
gate_up_proj,28400,22420.7
gate_up_proj,28416,22218.5
gate_up_proj,28432,22650.2
gate_up_proj,28448,22458.8
gate_up_proj,28464,22678.9
gate_up_proj,28480,22501.8
gate_up_proj,28496,22605.3
gate_up_proj,28512,22365.5
gate_up_proj,28528,22517.7
gate_up_proj,28544,22343.8
gate_up_proj,28560,22814.7
gate_up_proj,28576,22583.2
gate_up_proj,28592,22691.9
gate_up_proj,28608,22600.3
gate_up_proj,28624,22625.8
gate_up_proj,28640,22485.1
gate_up_proj,28656,22620.7
gate_up_proj,28672,22441.2
gate_up_proj,28688,22854.5
gate_up_proj,28704,22634.8
gate_up_proj,28720,22820.8
gate_up_proj,28736,22666.5
gate_up_proj,28752,22700.5
gate_up_proj,28768,22513.7
gate_up_proj,28784,22698.7
gate_up_proj,28800,22506.1
gate_up_proj,28816,22930.7
gate_up_proj,28832,22771.9
gate_up_proj,28848,22979.6
gate_up_proj,28864,22767.5
gate_up_proj,28880,22949.5
gate_up_proj,28896,22703.6
gate_up_proj,28912,22822.7
gate_up_proj,28928,22643.2
gate_up_proj,28944,23073.1
gate_up_proj,28960,22859.8
gate_up_proj,28976,23037.8
gate_up_proj,28992,22970.1
gate_up_proj,29008,23061.4
gate_up_proj,29024,22832.8
gate_up_proj,29040,22972.3
gate_up_proj,29056,22779.9
gate_up_proj,29072,23060.1
gate_up_proj,29088,22932.4
gate_up_proj,29104,23176.3
gate_up_proj,29120,22967
gate_up_proj,29136,23174.1
gate_up_proj,29152,22812.9
gate_up_proj,29168,22963.3
gate_up_proj,29184,22734.9
gate_up_proj,29200,23146.4
gate_up_proj,29216,23075.8
gate_up_proj,29232,23256.4
gate_up_proj,29248,22998.9
gate_up_proj,29264,23189.9
gate_up_proj,29280,22931.8
gate_up_proj,29296,23100.4
gate_up_proj,29312,22918.3
gate_up_proj,29328,23376.6
gate_up_proj,29344,23280.2
gate_up_proj,29360,23310.6
gate_up_proj,29376,23234.5
gate_up_proj,29392,23415.8
gate_up_proj,29408,23106.9
gate_up_proj,29424,23360.9
gate_up_proj,29440,23096.6
gate_up_proj,29456,23486.9
gate_up_proj,29472,23255
gate_up_proj,29488,23537.7
gate_up_proj,29504,23293.2
gate_up_proj,29520,23353.8
gate_up_proj,29536,23192
gate_up_proj,29552,23308.6
gate_up_proj,29568,23200.7
gate_up_proj,29584,23505.2
gate_up_proj,29600,23345.3
gate_up_proj,29616,23557.6
gate_up_proj,29632,23284.3
gate_up_proj,29648,23533.9
gate_up_proj,29664,23288.3
gate_up_proj,29680,23523.8
gate_up_proj,29696,23119.2
gate_up_proj,29712,23694.4
gate_up_proj,29728,23515.5
gate_up_proj,29744,23730.6
gate_up_proj,29760,23457.4
gate_up_proj,29776,23659
gate_up_proj,29792,23411.5
gate_up_proj,29808,23510.8
gate_up_proj,29824,23386
gate_up_proj,29840,23791.3
gate_up_proj,29856,23639.5
gate_up_proj,29872,23772.1
gate_up_proj,29888,23631.3
gate_up_proj,29904,23829.3
gate_up_proj,29920,23428.6
gate_up_proj,29936,23740.8
gate_up_proj,29952,23445.7
gate_up_proj,29968,23820.9
gate_up_proj,29984,23674.2
gate_up_proj,30000,23847.1
gate_up_proj,30016,23651
gate_up_proj,30032,23846.3
gate_up_proj,30048,23528.6
gate_up_proj,30064,23783.7
gate_up_proj,30080,23482.4
gate_up_proj,30096,23978.3
gate_up_proj,30112,23829.3
gate_up_proj,30128,23954.7
gate_up_proj,30144,23745.3
gate_up_proj,30160,23862.5
gate_up_proj,30176,23697.5
gate_up_proj,30192,23923.6
gate_up_proj,30208,23663.5
gate_up_proj,30224,24074
gate_up_proj,30240,23887.8
gate_up_proj,30256,24063.6
gate_up_proj,30272,23893.2
gate_up_proj,30288,24092.3
gate_up_proj,30304,23704.5
gate_up_proj,30320,24045.3
gate_up_proj,30336,23711.1
gate_up_proj,30352,24128.5
gate_up_proj,30368,23947.6
gate_up_proj,30384,24133.4
gate_up_proj,30400,23945.5
gate_up_proj,30416,24072.5
gate_up_proj,30432,23772.3
gate_up_proj,30448,24076.5
gate_up_proj,30464,23795.7
gate_up_proj,30480,24241.5
gate_up_proj,30496,24069
gate_up_proj,30512,24255.1
gate_up_proj,30528,24051.3
gate_up_proj,30544,24230.8
gate_up_proj,30560,23938.1
gate_up_proj,30576,24192.9
gate_up_proj,30592,23915.5
gate_up_proj,30608,24392
gate_up_proj,30624,24339.7
gate_up_proj,30640,24381.1
gate_up_proj,30656,24182.7
gate_up_proj,30672,24428.6
gate_up_proj,30688,24179.8
gate_up_proj,30704,24397.6
gate_up_proj,30720,24219.7
gate_up_proj,30736,24546.6
gate_up_proj,30752,24534.2
gate_up_proj,30768,24525.7
gate_up_proj,30784,24444.1
gate_up_proj,30800,24500.8
gate_up_proj,30816,24282.9
gate_up_proj,30832,24481.3
gate_up_proj,30848,24292.5
gate_up_proj,30864,24640.1
gate_up_proj,30880,24438.7
gate_up_proj,30896,24655.7
gate_up_proj,30912,24389.1
gate_up_proj,30928,24510.3
gate_up_proj,30944,24335.6
gate_up_proj,30960,24584.4
gate_up_proj,30976,24171.4
gate_up_proj,30992,24672.5
gate_up_proj,31008,24500.3
gate_up_proj,31024,24644.9
gate_up_proj,31040,24458.5
gate_up_proj,31056,24665.8
gate_up_proj,31072,24305.5
gate_up_proj,31088,24617
gate_up_proj,31104,24346.8
gate_up_proj,31120,24764.5
gate_up_proj,31136,24583.8
gate_up_proj,31152,24774.5
gate_up_proj,31168,24527.6
gate_up_proj,31184,24739.9
gate_up_proj,31200,24440.1
gate_up_proj,31216,24875.5
gate_up_proj,31232,24413.5
gate_up_proj,31248,24862
gate_up_proj,31264,24640.8
gate_up_proj,31280,24788.1
gate_up_proj,31296,24684.7
gate_up_proj,31312,24806.1
gate_up_proj,31328,24545.6
gate_up_proj,31344,24810.5
gate_up_proj,31360,24478.5
gate_up_proj,31376,25003.9
gate_up_proj,31392,24755.2
gate_up_proj,31408,24922.9
gate_up_proj,31424,24767.1
gate_up_proj,31440,25006.6
gate_up_proj,31456,24673.8
gate_up_proj,31472,24945.6
gate_up_proj,31488,24640.8
gate_up_proj,31504,25087.4
gate_up_proj,31520,24903.5
gate_up_proj,31536,25080.5
gate_up_proj,31552,24925.1
gate_up_proj,31568,25084.6
gate_up_proj,31584,24724.8
gate_up_proj,31600,25022.2
gate_up_proj,31616,24712
gate_up_proj,31632,25205.4
gate_up_proj,31648,25082.6
gate_up_proj,31664,25258
gate_up_proj,31680,25164.7
gate_up_proj,31696,25237.3
gate_up_proj,31712,24994.3
gate_up_proj,31728,25228.8
gate_up_proj,31744,25032.2
gate_up_proj,31760,25313.6
gate_up_proj,31776,25160.1
gate_up_proj,31792,25287.4
gate_up_proj,31808,25209.6
gate_up_proj,31824,25208.2
gate_up_proj,31840,24892.9
gate_up_proj,31856,25277.5
gate_up_proj,31872,24930.7
gate_up_proj,31888,25390.1
gate_up_proj,31904,25176.2
gate_up_proj,31920,25359.8
gate_up_proj,31936,25175.1
gate_up_proj,31952,25341.1
gate_up_proj,31968,25039.9
gate_up_proj,31984,25390.8
gate_up_proj,32000,25098.4
gate_up_proj,32016,25562.3
gate_up_proj,32032,25438.8
gate_up_proj,32048,25518.4
gate_up_proj,32064,25444.5
gate_up_proj,32080,25525.6
gate_up_proj,32096,25295.2
gate_up_proj,32112,25483.8
gate_up_proj,32128,25286.2
gate_up_proj,32144,25543.7
gate_up_proj,32160,25493.8
gate_up_proj,32176,25544.7
gate_up_proj,32192,25454.8
gate_up_proj,32208,25546.4
gate_up_proj,32224,25323.9
gate_up_proj,32240,25595.4
gate_up_proj,32256,25308
gate_up_proj,32272,25787.2
gate_up_proj,32288,25654.4
gate_up_proj,32304,25829.9
gate_up_proj,32320,25560.8
gate_up_proj,32336,25708.2
gate_up_proj,32352,25554.9
gate_up_proj,32368,25681.6
gate_up_proj,32384,25545.4
gate_up_proj,32400,25787.4
gate_up_proj,32416,25734.3
gate_up_proj,32432,25833
gate_up_proj,32448,25719.4
gate_up_proj,32464,25893.9
gate_up_proj,32480,25534.7
gate_up_proj,32496,25862.4
gate_up_proj,32512,25677.4
gate_up_proj,32528,25807.3
gate_up_proj,32544,25810.9
gate_up_proj,32560,25935.6
gate_up_proj,32576,25744.7
gate_up_proj,32592,25854
gate_up_proj,32608,25624
gate_up_proj,32624,25785.6
gate_up_proj,32640,25628.5
gate_up_proj,32656,26039.9
gate_up_proj,32672,25896.8
gate_up_proj,32688,25944.2
gate_up_proj,32704,25942.2
gate_up_proj,32720,25958.8
gate_up_proj,32736,25703.8
gate_up_proj,32752,25907.9
gate_up_proj,32768,25745.9
layernorm,1,2.60267
layernorm,2,2.58667
layernorm,3,2.60783
layernorm,4,2.64533
layernorm,5,2.608
layernorm,6,2.61333
layernorm,7,2.59733
layernorm,8,2.62433
layernorm,9,2.6295
layernorm,10,2.6455
layernorm,11,2.64533
layernorm,12,2.672
layernorm,13,2.64
layernorm,14,2.65583
layernorm,15,2.66683
layernorm,16,2.68267
layernorm,20,2.71467
layernorm,24,2.7895
layernorm,28,2.832
layernorm,32,2.8745
layernorm,36,2.92283
layernorm,40,2.94933
layernorm,44,3.00267
layernorm,48,3.04533
layernorm,52,3.07733
layernorm,56,3.16783
layernorm,60,3.22117
layernorm,64,3.23733
layernorm,80,3.84567
layernorm,96,3.97317
layernorm,112,3.99467
layernorm,128,4.08517
layernorm,144,4.70933
layernorm,160,4.763
layernorm,176,4.89617
layernorm,192,4.95483
layernorm,208,5.66417
layernorm,224,5.5735
layernorm,240,5.66917
layernorm,256,4.19183
layernorm,272,4.18667
layernorm,288,4.4535
layernorm,304,4.49067
layernorm,320,4.56033
layernorm,336,4.66667
layernorm,352,5.32833
layernorm,368,4.9175
layernorm,384,5.019
layernorm,400,5.05083
layernorm,416,5.98933
layernorm,432,6.39467
layernorm,448,6.54417
layernorm,464,6.68283
layernorm,480,6.86967
layernorm,496,7.00267
layernorm,512,6.9015
layernorm,528,7.51483
layernorm,544,7.79783
layernorm,560,8.10167
layernorm,576,8.08
layernorm,592,9.29083
layernorm,608,9.55733
layernorm,624,9.61633
layernorm,640,9.61067
layernorm,656,9.39733
layernorm,672,9.7335
layernorm,688,9.73883
layernorm,704,10.1497
layernorm,720,10.448
layernorm,736,10.8428
layernorm,752,10.933
layernorm,768,11.2855
layernorm,784,12.1175
layernorm,800,12.1175
layernorm,816,12.6773
layernorm,832,13.2373
layernorm,848,13.84
layernorm,864,14.2777
layernorm,880,14.5387
layernorm,896,14.9868
layernorm,912,14.6722
layernorm,928,14.683
layernorm,944,15.2107
layernorm,960,15.7603
layernorm,976,16.0002
layernorm,992,16.016
layernorm,1008,16.2565
layernorm,1024,16.816
layernorm,1040,16.9227
layernorm,1056,17.328
layernorm,1072,17.7975
layernorm,1088,18.1548
layernorm,1104,18.4427
layernorm,1120,18.7413
layernorm,1136,19.2003
layernorm,1152,19.6802
layernorm,1168,19.9198
layernorm,1184,20.5333
layernorm,1200,20.8587
layernorm,1216,21.323
layernorm,1232,21.6483
layernorm,1248,22.1655
layernorm,1264,22.5122
layernorm,1280,22.7307
layernorm,1296,23.1308
layernorm,1312,23.643
layernorm,1328,23.7977
layernorm,1344,24.4217
layernorm,1360,24.7947
layernorm,1376,25.243
layernorm,1392,25.6855
layernorm,1408,26.2723
layernorm,1424,26.5977
layernorm,1440,26.9175
layernorm,1456,27.243
layernorm,1472,27.7815
layernorm,1488,28.1177
layernorm,1504,28.3578
layernorm,1520,28.875
layernorm,1536,29.094
layernorm,1552,29.835
layernorm,1568,30.1122
layernorm,1584,30.3733
layernorm,1600,30.6187
layernorm,1616,31.0242
layernorm,1632,31.2855
layernorm,1648,31.371
layernorm,1664,32.0215
layernorm,1680,32.3473
layernorm,1696,32.731
layernorm,1712,32.9813
layernorm,1728,33.243
layernorm,1744,33.7497
layernorm,1760,33.9365
layernorm,1776,34.1445
layernorm,1792,34.6133
layernorm,1808,34.9767
layernorm,1824,35.0402
layernorm,1840,35.4028
layernorm,1856,35.7708
layernorm,1872,35.9257
layernorm,1888,36.1975
layernorm,1904,36.4697
layernorm,1920,36.7522
layernorm,1936,36.939
layernorm,1952,37.2268
layernorm,1968,37.7282
layernorm,1984,38.1233
layernorm,2000,38.5282
layernorm,2016,38.4537
layernorm,2032,38.8323
layernorm,2048,39.3338
layernorm,2064,39.5632
layernorm,2080,39.6165
layernorm,2096,40.2138
layernorm,2112,40.3418
layernorm,2128,40.843
layernorm,2144,40.9285
layernorm,2160,41.3657
layernorm,2176,41.6643
layernorm,2192,40.2828
layernorm,2208,40.4752
layernorm,2224,40.8753
layernorm,2240,41.1363
layernorm,2256,41.4457
layernorm,2272,41.7392
layernorm,2288,42.2938
layernorm,2304,42.6462
layernorm,2320,42.8538
layernorm,2336,43.2592
layernorm,2352,43.1955
layernorm,2368,44.0057
layernorm,2384,43.9737
layernorm,2400,44.4378
layernorm,2416,44.6883
layernorm,2432,44.955
layernorm,2448,45.2912
layernorm,2464,45.5255
layernorm,2480,46.059
layernorm,2496,46.3682
layernorm,2512,46.4698
layernorm,2528,47.1417
layernorm,2544,47.2112
layernorm,2560,47.5148
layernorm,2576,48.2032
layernorm,2592,48.1872
layernorm,2608,48.6458
layernorm,2624,48.8165
layernorm,2640,49.5525
layernorm,2656,49.6967
layernorm,2672,50.3473
layernorm,2688,50.2673
layernorm,2704,50.7738
layernorm,2720,51.0033
layernorm,2736,51.483
layernorm,2752,51.9628
layernorm,2768,52.0058
layernorm,2784,52.427
layernorm,2800,52.5498
layernorm,2816,52.9232
layernorm,2832,53.2698
layernorm,2848,53.6007
layernorm,2864,54.3578
layernorm,2880,54.262
layernorm,2896,54.4912
layernorm,2912,54.4327
layernorm,2928,55.1098
layernorm,2944,55.2858
layernorm,2960,55.5898
layernorm,2976,55.8032
layernorm,2992,56.2247
layernorm,3008,56.3583
layernorm,3024,56.8538
layernorm,3040,57.0353
layernorm,3056,57.3233
layernorm,3072,58.0165
layernorm,3088,57.9045
layernorm,3104,58.4538
layernorm,3120,58.726
layernorm,3136,59.1685
layernorm,3152,59.0672
layernorm,3168,59.5632
layernorm,3184,59.953
layernorm,3200,60.1177
layernorm,3216,59.238
layernorm,3232,59.6488
layernorm,3248,59.8355
layernorm,3264,60.2142
layernorm,3280,60.3953
layernorm,3296,60.518
layernorm,3312,60.9127
layernorm,3328,61.2115
layernorm,3344,61.2807
layernorm,3360,61.5688
layernorm,3376,61.8942
layernorm,3392,62.0862
layernorm,3408,62.299
layernorm,3424,62.6887
layernorm,3440,63.0567
layernorm,3456,63.4832
layernorm,3472,63.7077
layernorm,3488,64.0277
layernorm,3504,64.374
layernorm,3520,64.7582
layernorm,3536,64.9553
layernorm,3552,65.4037
layernorm,3568,65.8195
layernorm,3584,66.3312
layernorm,3600,66.2782
layernorm,3616,66.8165
layernorm,3632,67.1797
layernorm,3648,67.3555
layernorm,3664,67.8088
layernorm,3680,68.054
layernorm,3696,68.3902
layernorm,3712,68.8437
layernorm,3728,68.9823
layernorm,3744,69.1898
layernorm,3760,69.8033
layernorm,3776,70.2513
layernorm,3792,70.5073
layernorm,3808,70.8755
layernorm,3824,71.1793
layernorm,3840,71.6275
layernorm,3856,71.9525
layernorm,3872,71.2917
layernorm,3888,71.6433
layernorm,3904,72.0278
layernorm,3920,72.0325
layernorm,3936,72.4968
layernorm,3952,72.6357
layernorm,3968,73.1955
layernorm,3984,73.3557
layernorm,4000,73.7555
layernorm,4016,73.9955
layernorm,4032,74.1075
layernorm,4048,74.3688
layernorm,4064,74.7637
layernorm,4080,75.158
layernorm,4096,75.2807
layernorm,4112,75.5475
layernorm,4128,75.6485
layernorm,4144,76.5555
layernorm,4160,76.4702
layernorm,4176,76.9823
layernorm,4192,77.5797
layernorm,4208,77.665
layernorm,4224,78.8222
layernorm,4240,78.4383
layernorm,4256,78.833
layernorm,4272,79.7877
layernorm,4288,79.4145
layernorm,4304,79.937
layernorm,4320,79.9103
layernorm,4336,80.2465
layernorm,4352,80.7587
layernorm,4368,80.4755
layernorm,4384,81.0302
layernorm,4400,81.1102
layernorm,4416,81.6862
layernorm,4432,81.633
layernorm,4448,82.278
layernorm,4464,82.7102
layernorm,4480,82.5608
layernorm,4496,83.2653
layernorm,4512,82.8493
layernorm,4528,83.505
layernorm,4544,84.3798
layernorm,4560,83.814
layernorm,4576,84.2142
layernorm,4592,85.2543
layernorm,4608,84.8862
layernorm,4624,85.2813
layernorm,4640,85.5157
layernorm,4656,85.7665
layernorm,4672,86.4863
layernorm,4688,86.0915
layernorm,4704,87.0575
layernorm,4720,87.329
layernorm,4736,87.0997
layernorm,4752,88.0173
layernorm,4768,88.1183
layernorm,4784,88.561
layernorm,4800,89.0412
layernorm,4816,89.1582
layernorm,4832,89.2812
layernorm,4848,89.7985
layernorm,4864,90.5397
layernorm,4880,89.9692
layernorm,4896,90.6783
layernorm,4912,90.7638
layernorm,4928,90.977
layernorm,4944,92.0385
layernorm,4960,91.6332
layernorm,4976,92.2467
layernorm,4992,92.9662
layernorm,5008,91.8412
layernorm,5024,92.385
layernorm,5040,93.1427
layernorm,5056,92.5825
layernorm,5072,93.7877
layernorm,5088,93.7183
layernorm,5104,93.6597
layernorm,5120,94.7957
layernorm,5136,94.0757
layernorm,5152,95.4893
layernorm,5168,96.9078
layernorm,5184,95.7503
layernorm,5200,96.6465
layernorm,5216,97.0785
layernorm,5232,97.484
layernorm,5248,98.129
layernorm,5264,97.9587
layernorm,5280,98.0065
layernorm,5296,98.5027
layernorm,5312,98.748
layernorm,5328,99.3718
layernorm,5344,99.3242
layernorm,5360,99.228
layernorm,5376,99.9053
layernorm,5392,99.6065
layernorm,5408,100.172
layernorm,5424,99.8518
layernorm,5440,100.732
layernorm,5456,100.337
layernorm,5472,101.026
layernorm,5488,101.249
layernorm,5504,101.959
layernorm,5520,101.959
layernorm,5536,102.172
layernorm,5552,102.657
layernorm,5568,102.588
layernorm,5584,103.015
layernorm,5600,103.132
layernorm,5616,103.82
layernorm,5632,103.671
layernorm,5648,105.282
layernorm,5664,105.1
layernorm,5680,105.569
layernorm,5696,105.825
layernorm,5712,105.943
layernorm,5728,106.337
layernorm,5744,106.993
layernorm,5760,106.78
layernorm,5776,107.82
layernorm,5792,107.628
layernorm,5808,108.118
layernorm,5824,108.172
layernorm,5840,108.503
layernorm,5856,108.86
layernorm,5872,108.743
layernorm,5888,109.298
layernorm,5904,109.436
layernorm,5920,109.692
layernorm,5936,110.257
layernorm,5952,109.926
layernorm,5968,110.833
layernorm,5984,111.105
layernorm,6000,111.35
layernorm,6016,110.876
layernorm,6032,111.559
layernorm,6048,111.202
layernorm,6064,111.751
layernorm,6080,111.601
layernorm,6096,112.727
layernorm,6112,112.732
layernorm,6128,112.721
layernorm,6144,113.623
layernorm,6160,113.996
layernorm,6176,113.959
layernorm,6192,114.988
layernorm,6208,114.578
layernorm,6224,115.623
layernorm,6240,115.756
layernorm,6256,115.804
layernorm,6272,116.386
layernorm,6288,116.604
layernorm,6304,117.298
layernorm,6320,117.276
layernorm,6336,117.217
layernorm,6352,118.337
layernorm,6368,118.129
layernorm,6384,117.745
layernorm,6400,119.25
layernorm,6416,119.01
layernorm,6432,119.479
layernorm,6448,119.362
layernorm,6464,119.825
layernorm,6480,120.503
layernorm,6496,120.855
layernorm,6512,121.324
layernorm,6528,121.191
layernorm,6544,121.228
layernorm,6560,120.988
layernorm,6576,121.1
layernorm,6592,121.879
layernorm,6608,121.585
layernorm,6624,122.514
layernorm,6640,122.684
layernorm,6656,122.636
layernorm,6672,123.324
layernorm,6688,124.156
layernorm,6704,124.018
layernorm,6720,124.194
layernorm,6736,124.434
layernorm,6752,124.642
layernorm,6768,125.041
layernorm,6784,125.868
layernorm,6800,126.327
layernorm,6816,126.914
layernorm,6832,126.759
layernorm,6848,127.719
layernorm,6864,127.127
layernorm,6880,127.863
layernorm,6896,127.799
layernorm,6912,128.306
layernorm,6928,128.055
layernorm,6944,129.388
layernorm,6960,128.626
layernorm,6976,129.463
layernorm,6992,129.906
layernorm,7008,129.879
layernorm,7024,129.895
layernorm,7040,131.052
layernorm,7056,129.655
layernorm,7072,131.052
layernorm,7088,130.978
layernorm,7104,131.154
layernorm,7120,131.191
layernorm,7136,131.074
layernorm,7152,131.292
layernorm,7168,131.997
layernorm,7184,134.946
layernorm,7200,132.109
layernorm,7216,132.343
layernorm,7232,132.407
layernorm,7248,133.602
layernorm,7264,133.175
layernorm,7280,133.298
layernorm,7296,134.396
layernorm,7312,134.146
layernorm,7328,134.696
layernorm,7344,135.277
layernorm,7360,135.879
layernorm,7376,135.522
layernorm,7392,135.73
layernorm,7408,136.322
layernorm,7424,136.167
layernorm,7440,136.743
layernorm,7456,137.292
layernorm,7472,137.703
layernorm,7488,137.191
layernorm,7504,138.444
layernorm,7520,139.111
layernorm,7536,138.701
layernorm,7552,139.346
layernorm,7568,139.917
layernorm,7584,139.767
layernorm,7600,140.269
layernorm,7616,140.28
layernorm,7632,140.765
layernorm,7648,141.117
layernorm,7664,141.095
layernorm,7680,141.266
layernorm,7696,141.875
layernorm,7712,141.805
layernorm,7728,142.242
layernorm,7744,143.218
layernorm,7760,142.914
layernorm,7776,143.176
layernorm,7792,143.48
layernorm,7808,143.644
layernorm,7824,144.423
layernorm,7840,144.775
layernorm,7856,144.893
layernorm,7872,145.367
layernorm,7888,145.373
layernorm,7904,145.629
layernorm,7920,146.466
layernorm,7936,146.488
layernorm,7952,146.973
layernorm,7968,146.749
layernorm,7984,147.24
layernorm,8000,147.357
layernorm,8016,147.592
layernorm,8032,151.352
layernorm,8048,147.708
layernorm,8064,148.525
layernorm,8080,149.138
layernorm,8096,149.256
layernorm,8112,150.178
layernorm,8128,150.125
layernorm,8144,150.28
layernorm,8160,150.397
layernorm,8176,150.733
layernorm,8192,151.901
layernorm,8208,152.002
layernorm,8224,151.949
layernorm,8240,152.472
layernorm,8256,151.688
layernorm,8272,154.088
layernorm,8288,152.936
layernorm,8304,153.501
layernorm,8320,153.72
layernorm,8336,154.968
layernorm,8352,154.701
layernorm,8368,155.373
layernorm,8384,154.632
layernorm,8400,154.973
layernorm,8416,155.464
layernorm,8432,156.184
layernorm,8448,156.013
layernorm,8464,156.498
layernorm,8480,156.541
layernorm,8496,157.544
layernorm,8512,157.906
layernorm,8528,156.866
layernorm,8544,157.731
layernorm,8560,158.413
layernorm,8576,158.403
layernorm,8592,159.389
layernorm,8608,159.277
layernorm,8624,159.16
layernorm,8640,159.043
layernorm,8656,160.365
layernorm,8672,160.632
layernorm,8688,160.727
layernorm,8704,160.69
layernorm,8720,159.133
layernorm,8736,160.514
layernorm,8752,160.355
layernorm,8768,161.128
layernorm,8784,160.915
layernorm,8800,163.362
layernorm,8816,161.432
layernorm,8832,161.309
layernorm,8848,162.424
layernorm,8864,163.229
layernorm,8880,163.789
layernorm,8896,163.448
layernorm,8912,163.875
layernorm,8928,163.875
layernorm,8944,164.333
layernorm,8960,163.987
layernorm,8976,164.568
layernorm,8992,165.075
layernorm,9008,165.347
layernorm,9024,166.403
layernorm,9040,166.099
layernorm,9056,166.077
layernorm,9072,166.093
layernorm,9088,167.571
layernorm,9104,167.678
layernorm,9120,168.264
layernorm,9136,168.04
layernorm,9152,168.936
layernorm,9168,168.909
layernorm,9184,168.968
layernorm,9200,168.936
layernorm,9216,169.832
layernorm,9232,169.581
layernorm,9248,169.309
layernorm,9264,170.333
layernorm,9280,170.2
layernorm,9296,170.92
layernorm,9312,171.336
layernorm,9328,171.48
layernorm,9344,171.298
layernorm,9360,171.144
layernorm,9376,172.445
layernorm,9392,174.189
layernorm,9408,173.043
layernorm,9424,173.128
layernorm,9440,173.416
layernorm,9456,173.688
layernorm,9472,174.413
layernorm,9488,174.371
layernorm,9504,173.811
layernorm,9520,173.934
layernorm,9536,174.333
layernorm,9552,174.483
layernorm,9568,175.16
layernorm,9584,175.459
layernorm,9600,175.213
layernorm,9616,175.496
layernorm,9632,176.606
layernorm,9648,177.283
layernorm,9664,177.528
layernorm,9680,177.709
layernorm,9696,177.432
layernorm,9712,177.624
layernorm,9728,178.499
layernorm,9744,178.765
layernorm,9760,178.968
layernorm,9776,179.315
layernorm,9792,179.278
layernorm,9808,180.152
layernorm,9824,180.755
layernorm,9840,179.736
layernorm,9856,181.23
layernorm,9872,181.433
layernorm,9888,180.744
layernorm,9904,181.811
layernorm,9920,181.582
layernorm,9936,182.755
layernorm,9952,182.179
layernorm,9968,182.408
layernorm,9984,182.179
layernorm,10000,185.4
layernorm,10016,185.374
layernorm,10032,185.992
layernorm,10048,186.232
layernorm,10064,186.83
layernorm,10080,187.133
layernorm,10096,187.555
layernorm,10112,187.806
layernorm,10128,187.864
layernorm,10144,188.595
layernorm,10160,188.457
layernorm,10176,189.123
layernorm,10192,188.814
layernorm,10208,189.833
layernorm,10224,189.534
layernorm,10240,189.411
layernorm,10256,190.275
layernorm,10272,190.435
layernorm,10288,190.147
layernorm,10304,190.958
layernorm,10320,191.534
layernorm,10336,191.454
layernorm,10352,191.838
layernorm,10368,192.334
layernorm,10384,192.755
layernorm,10400,192.68
layernorm,10416,193.534
layernorm,10432,193.651
layernorm,10448,194.046
layernorm,10464,194.355
layernorm,10480,194.206
layernorm,10496,194.867
layernorm,10512,194.67
layernorm,10528,193.358
layernorm,10544,193.443
layernorm,10560,193.017
layernorm,10576,194.521
layernorm,10592,194.238
layernorm,10608,194.979
layernorm,10624,195.187
layernorm,10640,195.155
layernorm,10656,194.91
layernorm,10672,195.737
layernorm,10688,197.123
layernorm,10704,196.718
layernorm,10720,195.769
layernorm,10736,197.603
layernorm,10752,197.337
layernorm,10768,197.31
layernorm,10784,198.222
layernorm,10800,198.606
layernorm,10816,198.622
layernorm,10832,199.273
layernorm,10848,198.958
layernorm,10864,199.721
layernorm,10880,199.231
layernorm,10896,198.211
layernorm,10912,198.595
layernorm,10928,197.774
layernorm,10944,199.332
layernorm,10960,199.801
layernorm,10976,200.302
layernorm,10992,199.737
layernorm,11008,200.335
layernorm,11024,202.98
layernorm,11040,203.838
layernorm,11056,203.7
layernorm,11072,204.083
layernorm,11088,204.324
layernorm,11104,204.601
layernorm,11120,204.766
layernorm,11136,205.038
layernorm,11152,205.438
layernorm,11168,205.865
layernorm,11184,206.67
layernorm,11200,206.206
layernorm,11216,207.017
layernorm,11232,207.209
layernorm,11248,207.881
layernorm,11264,207.577
layernorm,11280,208.617
layernorm,11296,208.745
layernorm,11312,209.161
layernorm,11328,209.182
layernorm,11344,209.519
layernorm,11360,210.147
layernorm,11376,210.686
layernorm,11392,210.249
layernorm,11408,210.665
layernorm,11424,211.438
layernorm,11440,213.134
layernorm,11456,212.052
layernorm,11472,212.196
layernorm,11488,212.526
layernorm,11504,212.985
layernorm,11520,213.764
layernorm,11536,213.7
layernorm,11552,213.732
layernorm,11568,214.18
layernorm,11584,214.622
layernorm,11600,215.305
layernorm,11616,215.028
layernorm,11632,215.828
layernorm,11648,215.326
layernorm,11664,216.18
layernorm,11680,216.303
layernorm,11696,216.516
layernorm,11712,217.06
layernorm,11728,217.514
layernorm,11744,217.375
layernorm,11760,217.561
layernorm,11776,218.484
layernorm,11792,218.521
layernorm,11808,218.318
layernorm,11824,219.679
layernorm,11840,219.305
layernorm,11856,219.903
layernorm,11872,219.438
layernorm,11888,219.983
layernorm,11904,219.945
layernorm,11920,219.252
layernorm,11936,219.162
layernorm,11952,219.305
layernorm,11968,220.964
layernorm,11984,220.233
layernorm,12000,220.564
layernorm,12016,221.071
layernorm,12032,221.438
layernorm,12048,220.82
layernorm,12064,221.529
layernorm,12080,222.191
layernorm,12096,222.89
layernorm,12112,221.988
layernorm,12128,223.071
layernorm,12144,222.841
layernorm,12160,222.644
layernorm,12176,223.961
layernorm,12192,223.513
layernorm,12208,224.255
layernorm,12224,224.634
layernorm,12240,224.692
layernorm,12256,225.748
layernorm,12272,225.114
layernorm,12288,226.441
layernorm,12304,224.991
layernorm,12320,226.079
layernorm,12336,225.631
layernorm,12352,225.839
layernorm,12368,226.681
layernorm,12384,227.359
layernorm,12400,227.258
layernorm,12416,227.231
layernorm,12432,227.018
layernorm,12448,228.613
layernorm,12464,228.473
layernorm,12480,229.567
layernorm,12496,229.599
layernorm,12512,229.748
layernorm,12528,229.135
layernorm,12544,230.292
layernorm,12560,231.188
layernorm,12576,231.151
layernorm,12592,231.924
layernorm,12608,231.396
layernorm,12624,232.09
layernorm,12640,234.426
layernorm,12656,234.245
layernorm,12672,234.81
layernorm,12688,235.551
layernorm,12704,235.338
layernorm,12720,235.402
layernorm,12736,235.786
layernorm,12752,236.458
layernorm,12768,237.391
layernorm,12784,237.002
layernorm,12800,238.223
layernorm,12816,237.951
layernorm,12832,238.079
layernorm,12848,238.65
layernorm,12864,238.543
layernorm,12880,238.991
layernorm,12896,239.37
layernorm,12912,239.631
layernorm,12928,239.813
layernorm,12944,239.636
layernorm,12960,240.106
layernorm,12976,238.554
layernorm,12992,239.903
layernorm,13008,239.519
layernorm,13024,239.295
layernorm,13040,240.207
layernorm,13056,240.303
layernorm,13072,238.244
layernorm,13088,239.199
layernorm,13104,239.951
layernorm,13120,240.506
layernorm,13136,239.653
layernorm,13152,241.109
layernorm,13168,240.154
layernorm,13184,241.541
layernorm,13200,241.925
layernorm,13216,241.551
layernorm,13232,242.575
layernorm,13248,242.549
layernorm,13264,241.14
layernorm,13280,242.719
layernorm,13296,243.13
layernorm,13312,243.941
layernorm,13328,246.554
layernorm,13344,245.711
layernorm,13360,245.909
layernorm,13376,246.788
layernorm,13392,246.81
layernorm,13408,247.493
layernorm,13424,248.197
layernorm,13440,247.322
layernorm,13456,248.869
layernorm,13472,248.997
layernorm,13488,249.167
layernorm,13504,250.655
layernorm,13520,250.341
layernorm,13536,249.386
layernorm,13552,250.442
layernorm,13568,250.106
layernorm,13584,250.709
layernorm,13600,251.125
layernorm,13616,252.101
layernorm,13632,252.09
layernorm,13648,252.453
layernorm,13664,253.968
layernorm,13680,254.72
layernorm,13696,255.077
layernorm,13712,255.36
layernorm,13728,254.805
layernorm,13744,255.792
layernorm,13760,256.112
layernorm,13776,256.362
layernorm,13792,256.155
layernorm,13808,256.437
layernorm,13824,257.354
layernorm,13840,257.835
layernorm,13856,257.471
layernorm,13872,258.197
layernorm,13888,258.411
layernorm,13904,258.763
layernorm,13920,258.534
layernorm,13936,259.973
layernorm,13952,259.402
layernorm,13968,259.701
layernorm,13984,259.771
layernorm,14000,257.419
layernorm,14016,258.021
layernorm,14032,258.389
layernorm,14048,260.059
layernorm,14064,259.072
layernorm,14080,259.445
layernorm,14096,258.789
layernorm,14112,258.127
layernorm,14128,259.392
layernorm,14144,259.621
layernorm,14160,260.032
layernorm,14176,260.496
layernorm,14192,260.293
layernorm,14208,260.592
layernorm,14224,260.709
layernorm,14240,260.026
layernorm,14256,260.597
layernorm,14272,261.007
layernorm,14288,262.283
layernorm,14304,262.688
layernorm,14320,262.075
layernorm,14336,262.741
layernorm,14352,262.789
layernorm,14368,263.771
layernorm,14384,262.805
layernorm,14400,262.693
layernorm,14416,264.928
layernorm,14432,265.104
layernorm,14448,266.16
layernorm,14464,266.123
layernorm,14480,266.235
layernorm,14496,265.787
layernorm,14512,265.328
layernorm,14528,266.651
layernorm,14544,268.101
layernorm,14560,267.296
layernorm,14576,268.757
layernorm,14592,268.912
layernorm,14608,269.958
layernorm,14624,270.229
layernorm,14640,270.304
layernorm,14656,271.136
layernorm,14672,270.859
layernorm,14688,271.605
layernorm,14704,271.435
layernorm,14720,272.326
layernorm,14736,273.824
layernorm,14752,273.291
layernorm,14768,273.653
layernorm,14784,273.606
layernorm,14800,274.432
layernorm,14816,273.664
layernorm,14832,273.846
layernorm,14848,275.056
layernorm,14864,276.011
layernorm,14880,276.459
layernorm,14896,276.208
layernorm,14912,276.208
layernorm,14928,276.256
layernorm,14944,277.723
layernorm,14960,277.046
layernorm,14976,278.267
layernorm,14992,278.16
layernorm,15008,277.686
layernorm,15024,279.051
layernorm,15040,278.838
layernorm,15056,279.291
layernorm,15072,280.08
layernorm,15088,279.051
layernorm,15104,279.505
layernorm,15120,277.483
layernorm,15136,277.088
layernorm,15152,279.366
layernorm,15168,277.878
layernorm,15184,279.43
layernorm,15200,279.872
layernorm,15216,280.224
layernorm,15232,280.598
layernorm,15248,278.059
layernorm,15264,279.622
layernorm,15280,279.472
layernorm,15296,279.157
layernorm,15312,280.443
layernorm,15328,279.941
layernorm,15344,281.659
layernorm,15360,280.763
layernorm,15376,283.702
layernorm,15392,284.646
layernorm,15408,284.662
layernorm,15424,284.721
layernorm,15440,285.334
layernorm,15456,285.483
layernorm,15472,285.915
layernorm,15488,286.475
layernorm,15504,286.385
layernorm,15520,286.662
layernorm,15536,287.009
layernorm,15552,287.467
layernorm,15568,287.68
layernorm,15584,287.596
layernorm,15600,288.63
layernorm,15616,289.105
layernorm,15632,286.64
layernorm,15648,287.201
layernorm,15664,287.552
layernorm,15680,287.345
layernorm,15696,289.377
layernorm,15712,287.643
layernorm,15728,289.659
layernorm,15744,288.721
layernorm,15760,289.057
layernorm,15776,288.875
layernorm,15792,290.934
layernorm,15808,290.326
layernorm,15824,290.539
layernorm,15840,291.969
layernorm,15856,291.19
layernorm,15872,291.942
layernorm,15888,294.737
layernorm,15904,295.393
layernorm,15920,294.79
layernorm,15936,295.889
layernorm,15952,296.924
layernorm,15968,296.065
layernorm,15984,296.401
layernorm,16000,296.454
layernorm,16016,297.057
layernorm,16032,297.233
layernorm,16048,297.227
layernorm,16064,298.47
layernorm,16080,298.385
layernorm,16096,298.811
layernorm,16112,298.491
layernorm,16128,299.202
layernorm,16144,295.974
layernorm,16160,297.164
layernorm,16176,297.633
layernorm,16192,296.769
layernorm,16208,297.462
layernorm,16224,298.108
layernorm,16240,298.902
layernorm,16256,298.945
layernorm,16272,297.073
layernorm,16288,298.625
layernorm,16304,300.486
layernorm,16320,298.267
layernorm,16336,299.414
layernorm,16352,299.244
layernorm,16368,300.455
layernorm,16384,299.553
layernorm,16400,303.324
layernorm,16416,302.631
layernorm,16432,303.207
layernorm,16448,303.927
layernorm,16464,305.084
layernorm,16480,303.463
layernorm,16496,304.636
layernorm,16512,304.705
layernorm,16528,304.86
layernorm,16544,306.097
layernorm,16560,305.633
layernorm,16576,306.321
layernorm,16592,306.508
layernorm,16608,307.666
layernorm,16624,306.945
layernorm,16640,307.308
layernorm,16656,305.5
layernorm,16672,305.404
layernorm,16688,307.463
layernorm,16704,306.332
layernorm,16720,307.591
layernorm,16736,307.303
layernorm,16752,308.199
layernorm,16768,308.481
layernorm,16784,308.85
layernorm,16800,307.633
layernorm,16816,308.924
layernorm,16832,308.956
layernorm,16848,308.625
layernorm,16864,310.135
layernorm,16880,310.439
layernorm,16896,310.332
layernorm,16912,312.524
layernorm,16928,313.474
layernorm,16944,314.327
layernorm,16960,313.852
layernorm,16976,314.615
layernorm,16992,314.204
layernorm,17008,315.015
layernorm,17024,315.911
layernorm,17040,315.927
layernorm,17056,316.492
layernorm,17072,316.791
layernorm,17088,316.028
layernorm,17104,317.772
layernorm,17120,317.244
layernorm,17136,317.911
layernorm,17152,317.826
layernorm,17168,317.601
layernorm,17184,316.476
layernorm,17200,316.124
layernorm,17216,317.474
layernorm,17232,317.644
layernorm,17248,317.671
layernorm,17264,318.428
layernorm,17280,318.578
layernorm,17296,318.802
layernorm,17312,320.684
layernorm,17328,322.258
layernorm,17344,321.266
layernorm,17360,322.925
layernorm,17376,321.975
layernorm,17392,323.639
layernorm,17408,322.609
layernorm,17424,321.218
layernorm,17440,322.887
layernorm,17456,322.311
layernorm,17472,322.957
layernorm,17488,323.42
layernorm,17504,320.114
layernorm,17520,322.476
layernorm,17536,320.967
layernorm,17552,321.501
layernorm,17568,322.46
layernorm,17584,323.325
layernorm,17600,323.234
layernorm,17616,323.271
layernorm,17632,324.722
layernorm,17648,324.626
layernorm,17664,324.215
layernorm,17680,326.509
layernorm,17696,327.495
layernorm,17712,326.77
layernorm,17728,328.781
layernorm,17744,327.837
layernorm,17760,328.141
layernorm,17776,329.474
layernorm,17792,329.266
layernorm,17808,330.029
layernorm,17824,329.852
layernorm,17840,330.231
layernorm,17856,329.292
layernorm,17872,330.023
layernorm,17888,329.933
layernorm,17904,331.463
layernorm,17920,330.589
layernorm,17936,332.007
layernorm,17952,330.909
layernorm,17968,331.266
layernorm,17984,332.327
layernorm,18000,332.594
layernorm,18016,331.384
layernorm,18032,332.807
layernorm,18048,333.01
layernorm,18064,333.159
layernorm,18080,332.658
layernorm,18096,334.759
layernorm,18112,333.442
layernorm,18128,334.376
layernorm,18144,333.975
layernorm,18160,334.748
layernorm,18176,335.01
layernorm,18192,335.09
layernorm,18208,334.125
layernorm,18224,334.632
layernorm,18240,335.586
layernorm,18256,336.45
layernorm,18272,336.706
layernorm,18288,337.773
layernorm,18304,336.893
layernorm,18320,336.872
layernorm,18336,338.344
layernorm,18352,337.629
layernorm,18368,338.728
layernorm,18384,337.816
layernorm,18400,339.378
layernorm,18416,339.965
layernorm,18432,339.811
layernorm,18448,339.219
layernorm,18464,340.317
layernorm,18480,339.384
layernorm,18496,339.176
layernorm,18512,340.312
layernorm,18528,340.365
layernorm,18544,340.85
layernorm,18560,340.605
layernorm,18576,340.936
layernorm,18592,341.293
layernorm,18608,341.672
layernorm,18624,342.12
layernorm,18640,341.283
layernorm,18656,341.885
layernorm,18672,342.978
layernorm,18688,343.347
layernorm,18704,344.562
layernorm,18720,345.395
layernorm,18736,345.016
layernorm,18752,345.288
layernorm,18768,346.029
layernorm,18784,346.04
layernorm,18800,346.835
layernorm,18816,346.418
layernorm,18832,347.293
layernorm,18848,347.438
layernorm,18864,348.568
layernorm,18880,348.264
layernorm,18896,347.853
layernorm,18912,349.368
layernorm,18928,349.384
layernorm,18944,350.29
layernorm,18960,350.718
layernorm,18976,351.635
layernorm,18992,351.944
layernorm,19008,350.173
layernorm,19024,350.669
layernorm,19040,350.504
layernorm,19056,353.272
layernorm,19072,352.408
layernorm,19088,353.587
layernorm,19104,352.915
layernorm,19120,353.336
layernorm,19136,353.645
layernorm,19152,354.232
layernorm,19168,354.659
layernorm,19184,354.12
layernorm,19200,355.213
layernorm,19216,356.456
layernorm,19232,355.534
layernorm,19248,355.635
layernorm,19264,356.808
layernorm,19280,357.139
layernorm,19296,356.936
layernorm,19312,356.968
layernorm,19328,357.598
layernorm,19344,357.368
layernorm,19360,356.787
layernorm,19376,358.334
layernorm,19392,356.222
layernorm,19408,359.358
layernorm,19424,358.931
layernorm,19440,358.541
layernorm,19456,360.942
layernorm,19472,359.006
layernorm,19488,359.187
layernorm,19504,360.505
layernorm,19520,359.795
layernorm,19536,360.952
layernorm,19552,362.211
layernorm,19568,360.755
layernorm,19584,363.379
layernorm,19600,360.654
layernorm,19616,360.414
layernorm,19632,361.608
layernorm,19648,360.776
layernorm,19664,362.286
layernorm,19680,362.792
layernorm,19696,363.406
layernorm,19712,363.112
layernorm,19728,363.454
layernorm,19744,363.203
layernorm,19760,364.062
layernorm,19776,365.081
layernorm,19792,365.043
layernorm,19808,366.201
layernorm,19824,366.046
layernorm,19840,365.699
layernorm,19856,365.363
layernorm,19872,365.998
layernorm,19888,365.022
layernorm,19904,367.027
layernorm,19920,366.356
layernorm,19936,367
layernorm,19952,367.246
layernorm,19968,366.435
layernorm,19984,369.369
layernorm,20000,369.827
layernorm,20016,368.196
layernorm,20032,370.003
layernorm,20048,369.406
layernorm,20064,369.177
layernorm,20080,371.801
layernorm,20096,369.475
layernorm,20112,371.139
layernorm,20128,372.499
layernorm,20144,371.091
layernorm,20160,371.859
layernorm,20176,372.281
layernorm,20192,372.638
layernorm,20208,373.15
layernorm,20224,374.115
layernorm,20240,373.731
layernorm,20256,375.539
layernorm,20272,373.875
layernorm,20288,374.953
layernorm,20304,375.225
layernorm,20320,375.673
layernorm,20336,377.518
layernorm,20352,379.017
layernorm,20368,375.187
layernorm,20384,377.38
layernorm,20400,376.344
layernorm,20416,376.164
layernorm,20432,377.305
layernorm,20448,378.51
layernorm,20464,377.374
layernorm,20480,379.065
layernorm,20496,377.241
layernorm,20512,379.092
layernorm,20528,379.785
layernorm,20544,378.927
layernorm,20560,379.823
layernorm,20576,380.42
layernorm,20592,379.417
layernorm,20608,380.814
layernorm,20624,380.462
layernorm,20640,379.241
layernorm,20656,381.46
layernorm,20672,381.822
layernorm,20688,382.121
layernorm,20704,382.174
layernorm,20720,381.62
layernorm,20736,382.99
layernorm,20752,381.828
layernorm,20768,382.937
layernorm,20784,382.415
layernorm,20800,384.319
layernorm,20816,382.302
layernorm,20832,384.425
layernorm,20848,383.924
layernorm,20864,385.433
layernorm,20880,385.001
layernorm,20896,385.332
layernorm,20912,384.777
layernorm,20928,385.876
layernorm,20944,385.833
layernorm,20960,386.9
layernorm,20976,386.148
layernorm,20992,386.553
layernorm,21008,387.871
layernorm,21024,387.406
layernorm,21040,387.236
layernorm,21056,389.183
layernorm,21072,388.894
layernorm,21088,388.388
layernorm,21104,389.886
layernorm,21120,388.511
layernorm,21136,390.345
layernorm,21152,389.791
layernorm,21168,390.505
layernorm,21184,391.028
layernorm,21200,392.084
layernorm,21216,392.207
layernorm,21232,393.06
layernorm,21248,393.407
layernorm,21264,392.548
layernorm,21280,393.839
layernorm,21296,394.313
layernorm,21312,393.785
layernorm,21328,395.615
layernorm,21344,394.191
layernorm,21360,394.351
layernorm,21376,395.45
layernorm,21392,395.978
layernorm,21408,396.703
layernorm,21424,395.695
layernorm,21440,392.367
layernorm,21456,397.343
layernorm,21472,396.02
layernorm,21488,396.927
layernorm,21504,398.655
layernorm,21520,398.335
layernorm,21536,398.351
layernorm,21552,398.666
layernorm,21568,397.519
layernorm,21584,399.146
layernorm,21600,398.132
layernorm,21616,398.98
layernorm,21632,399.642
layernorm,21648,400.255
layernorm,21664,401.22
layernorm,21680,402.266
layernorm,21696,399.556
layernorm,21712,400.938
layernorm,21728,401.753
layernorm,21744,400.138
layernorm,21760,402.804
layernorm,21776,400.767
layernorm,21792,400.868
layernorm,21808,401.738
layernorm,21824,402.218
layernorm,21840,400.959
layernorm,21856,402.612
layernorm,21872,403.295
layernorm,21888,403.866
layernorm,21904,403.348
layernorm,21920,403.37
layernorm,21936,404.341
layernorm,21952,404.442
layernorm,21968,403.781
layernorm,21984,403.503
layernorm,22000,405.386
layernorm,22016,403.941
layernorm,22032,406.447
layernorm,22048,405.861
layernorm,22064,405.248
layernorm,22080,406.533
layernorm,22096,409.044
layernorm,22112,407.279
layernorm,22128,410.063
layernorm,22144,407.989
layernorm,22160,409.461
layernorm,22176,409.328
layernorm,22192,408.576
layernorm,22208,410.41
layernorm,22224,411.493
layernorm,22240,410.02
layernorm,22256,411.647
layernorm,22272,411.445
layernorm,22288,411.951
layernorm,22304,412.186
layernorm,22320,412.544
layernorm,22336,412.938
layernorm,22352,413.05
layernorm,22368,412.805
layernorm,22384,413.802
layernorm,22400,414.458
layernorm,22416,413.488
layernorm,22432,414.56
layernorm,22448,414.698
layernorm,22464,413.797
layernorm,22480,415.621
layernorm,22496,415.765
layernorm,22512,414.741
layernorm,22528,416.069
layernorm,22544,416.795
layernorm,22560,416.896
layernorm,22576,417.253
layernorm,22592,415.605
layernorm,22608,418.031
layernorm,22624,418.746
layernorm,22640,417.013
layernorm,22656,419.915
layernorm,22672,419.919
layernorm,22688,420.688
layernorm,22704,419.322
layernorm,22720,420.731
layernorm,22736,420.789
layernorm,22752,421.803
layernorm,22768,421.071
layernorm,22784,421.488
layernorm,22800,419.866
layernorm,22816,421.066
layernorm,22832,420.88
layernorm,22848,421.05
layernorm,22864,421.867
layernorm,22880,420.944
layernorm,22896,422.357
layernorm,22912,421.883
layernorm,22928,423.194
layernorm,22944,422.043
layernorm,22960,422.64
layernorm,22976,423.851
layernorm,22992,422.373
layernorm,23008,423.685
layernorm,23024,425.504
layernorm,23040,422.811
layernorm,23056,424.858
layernorm,23072,425.483
layernorm,23088,425.104
layernorm,23104,426.554
layernorm,23120,425.472
layernorm,23136,427.819
layernorm,23152,427.488
layernorm,23168,425.898
layernorm,23184,427.728
layernorm,23200,428.027
layernorm,23216,428.176
layernorm,23232,431.366
layernorm,23248,428.645
layernorm,23264,428.859
layernorm,23280,430.501
layernorm,23296,430.651
layernorm,23312,430.757
layernorm,23328,430.821
layernorm,23344,431.248
layernorm,23360,431.222
layernorm,23376,431.099
layernorm,23392,430.982
layernorm,23408,432.438
layernorm,23424,432.475
layernorm,23440,432.4
layernorm,23456,433.307
layernorm,23472,433.979
layernorm,23488,434.198
layernorm,23504,434.203
layernorm,23520,434.517
layernorm,23536,433.397
layernorm,23552,435.798
layernorm,23568,435.189
layernorm,23584,435.654
layernorm,23600,437.317
layernorm,23616,433.717
layernorm,23632,437.686
layernorm,23648,436.901
layernorm,23664,435.968
layernorm,23680,439.248
layernorm,23696,436.971
layernorm,23712,439.509
layernorm,23728,438.805
layernorm,23744,438.56
layernorm,23760,438.774
layernorm,23776,439.446
layernorm,23792,439.942
layernorm,23808,439.035
layernorm,23824,440.699
layernorm,23840,439.616
layernorm,23856,441.184
layernorm,23872,442.545
layernorm,23888,440.032
layernorm,23904,442.625
layernorm,23920,441.723
layernorm,23936,441.488
layernorm,23952,440.614
layernorm,23968,441.569
layernorm,23984,443.072
layernorm,24000,442.235
layernorm,24016,441.99
layernorm,24032,443.553
layernorm,24048,445.243
layernorm,24064,441.813
layernorm,24080,445.238
layernorm,24096,443.723
layernorm,24112,444.502
layernorm,24128,444.187
layernorm,24144,446.224
layernorm,24160,445.851
layernorm,24176,445.11
layernorm,24192,444.576
layernorm,24208,449.393
layernorm,24224,445.558
layernorm,24240,446.171
layernorm,24256,449.19
layernorm,24272,447.974
layernorm,24288,447.739
layernorm,24304,450.934
layernorm,24320,448.56
layernorm,24336,449.825
layernorm,24352,449.724
layernorm,24368,451.318
layernorm,24384,449.974
layernorm,24400,449.947
layernorm,24416,450.262
layernorm,24432,450.705
layernorm,24448,453.702
layernorm,24464,451.654
layernorm,24480,451.926
layernorm,24496,453.788
layernorm,24512,451.185
layernorm,24528,454.625
layernorm,24544,453.996
layernorm,24560,454.582
layernorm,24576,454.673
layernorm,24592,454.091
layernorm,24608,453.515
layernorm,24624,454.412
layernorm,24640,454.641
layernorm,24656,456.785
layernorm,24672,455.836
layernorm,24688,457.078
layernorm,24704,457.873
layernorm,24720,459.014
layernorm,24736,458.065
layernorm,24752,457.905
layernorm,24768,458.604
layernorm,24784,458.508
layernorm,24800,458.385
layernorm,24816,459.788
layernorm,24832,459.676
layernorm,24848,460.631
layernorm,24864,460.614
layernorm,24880,459.121
layernorm,24896,460.422
layernorm,24912,460.758
layernorm,24928,460.801
layernorm,24944,460.497
layernorm,24960,458.78
layernorm,24976,460.924
layernorm,24992,461.777
layernorm,25008,461.244
layernorm,25024,462.812
layernorm,25040,463.26
layernorm,25056,462.422
layernorm,25072,463.463
layernorm,25088,463.009
layernorm,25104,463.777
layernorm,25120,462.839
layernorm,25136,462.71
layernorm,25152,463.596
layernorm,25168,464.449
layernorm,25184,463.762
layernorm,25200,465.543
layernorm,25216,464.257
layernorm,25232,466.081
layernorm,25248,466.252
layernorm,25264,465.713
layernorm,25280,467.655
layernorm,25296,465.905
layernorm,25312,470.391
layernorm,25328,467.505
layernorm,25344,468.748
layernorm,25360,469.09
layernorm,25376,468.85
layernorm,25392,467.185
layernorm,25408,468.711
layernorm,25424,470.636
layernorm,25440,470.268
layernorm,25456,470.167
layernorm,25472,469.911
layernorm,25488,468.983
layernorm,25504,471.532
layernorm,25520,472.055
layernorm,25536,470.86
layernorm,25552,471.874
layernorm,25568,473.473
layernorm,25584,471.964
layernorm,25600,473.255
layernorm,25616,474.615
layernorm,25632,475.004
layernorm,25648,473.842
layernorm,25664,473.703
layernorm,25680,475.153
layernorm,25696,475.095
layernorm,25712,475.212
layernorm,25728,476.337
layernorm,25744,474.834
layernorm,25760,476.62
layernorm,25776,476.482
layernorm,25792,476.375
layernorm,25808,476.103
layernorm,25824,477.207
layernorm,25840,476.018
layernorm,25856,478.081
layernorm,25872,477.506
layernorm,25888,479.015
layernorm,25904,480.05
layernorm,25920,478.913
layernorm,25936,478.892
layernorm,25952,479.308
layernorm,25968,481.815
layernorm,25984,479.692
layernorm,26000,480.38
layernorm,26016,481.175
layernorm,26032,480.183
layernorm,26048,481.143
layernorm,26064,482.877
layernorm,26080,480.236
layernorm,26096,482.855
layernorm,26112,484.493
layernorm,26128,483.596
layernorm,26144,480.871
layernorm,26160,483.506
layernorm,26176,481.586
layernorm,26192,484.429
layernorm,26208,483.522
layernorm,26224,483.821
layernorm,26240,484.125
layernorm,26256,484.3
layernorm,26272,482.834
layernorm,26288,484.45
layernorm,26304,484.984
layernorm,26320,485.725
layernorm,26336,485.367
layernorm,26352,485.645
layernorm,26368,488.428
layernorm,26384,487
layernorm,26400,486.844
layernorm,26416,488.53
layernorm,26432,486.183
layernorm,26448,488.631
layernorm,26464,488.141
layernorm,26480,487.031
layernorm,26496,489.192
layernorm,26512,488.904
layernorm,26528,488.978
layernorm,26544,490.093
layernorm,26560,490.024
layernorm,26576,492.951
layernorm,26592,492.978
layernorm,26608,494.531
layernorm,26624,489.575
layernorm,26640,492.05
layernorm,26656,493.533
layernorm,26672,493.661
layernorm,26688,492.909
layernorm,26704,493.213
layernorm,26720,493.501
layernorm,26736,495.25
layernorm,26752,494.408
layernorm,26768,494.744
layernorm,26784,495.8
layernorm,26800,495.864
layernorm,26816,496.216
layernorm,26832,496.301
layernorm,26848,495.416
layernorm,26864,497.666
layernorm,26880,497.383
layernorm,26896,496.146
layernorm,26912,497.245
layernorm,26928,498.466
layernorm,26944,498.632
layernorm,26960,499.096
layernorm,26976,499.805
layernorm,26992,499.203
layernorm,27008,497.507
layernorm,27024,500.685
layernorm,27040,501.128
layernorm,27056,500.674
layernorm,27072,500.589
layernorm,27088,501.709
layernorm,27104,500.69
layernorm,27120,502.184
layernorm,27136,500.568
layernorm,27152,501.63
layernorm,27168,500.248
layernorm,27184,500.739
layernorm,27200,500.429
layernorm,27216,502.931
layernorm,27232,502.445
layernorm,27248,503.31
layernorm,27264,503.235
layernorm,27280,502.558
layernorm,27296,505.176
layernorm,27312,503.405
layernorm,27328,505.016
layernorm,27344,506.211
layernorm,27360,505.875
layernorm,27376,505.032
layernorm,27392,505.075
layernorm,27408,506.515
layernorm,27424,505.694
layernorm,27440,507.293
layernorm,27456,506.92
layernorm,27472,507.715
layernorm,27488,508.216
layernorm,27504,507.214
layernorm,27520,507.304
layernorm,27536,508.499
layernorm,27552,508.931
layernorm,27568,509.229
layernorm,27584,508.739
layernorm,27600,509.923
layernorm,27616,507.672
layernorm,27632,509.55
layernorm,27648,511.443
layernorm,27664,511.416
layernorm,27680,509.965
layernorm,27696,511.822
layernorm,27712,509.209
layernorm,27728,512.221
layernorm,27744,512.013
layernorm,27760,511.427
layernorm,27776,513.741
layernorm,27792,513.059
layernorm,27808,514.633
layernorm,27824,512.824
layernorm,27840,514.856
layernorm,27856,513.982
layernorm,27872,515.448
layernorm,27888,514.963
layernorm,27904,516.105
layernorm,27920,517.118
layernorm,27936,517.923
layernorm,27952,518.318
layernorm,27968,517.758
layernorm,27984,517.87
layernorm,28000,517.854
layernorm,28016,519.102
layernorm,28032,518.648
layernorm,28048,518.136
layernorm,28064,519.102
layernorm,28080,520.158
layernorm,28096,519.918
layernorm,28112,517.939
layernorm,28128,522.836
layernorm,28144,520.707
layernorm,28160,520.99
layernorm,28176,520.153
layernorm,28192,520.531
layernorm,28208,520.963
layernorm,28224,521.673
layernorm,28240,522.275
layernorm,28256,522.952
layernorm,28272,522.212
layernorm,28288,523.705
layernorm,28304,521.139
layernorm,28320,522.755
layernorm,28336,521.977
layernorm,28352,524.163
layernorm,28368,524.174
layernorm,28384,523.342
layernorm,28400,523.577
layernorm,28416,522.35
layernorm,28432,524.083
layernorm,28448,523.886
layernorm,28464,524.654
layernorm,28480,526.617
layernorm,28496,524.947
layernorm,28512,527.732
layernorm,28528,526.937
layernorm,28544,525.993
layernorm,28560,525.918
layernorm,28576,527.934
layernorm,28592,527.14
layernorm,28608,528.953
layernorm,28624,526.761
layernorm,28640,528.446
layernorm,28656,529.332
layernorm,28672,527.683
layernorm,28688,531.545
layernorm,28704,529.519
layernorm,28720,529.145
layernorm,28736,530.238
layernorm,28752,529.155
layernorm,28768,531.134
layernorm,28784,530.819
layernorm,28800,532.74
layernorm,28816,532.329
layernorm,28832,534.335
layernorm,28848,532.799
layernorm,28864,533.855
layernorm,28880,535.439
layernorm,28896,535.119
layernorm,28912,533.785
layernorm,28928,535.913
layernorm,28944,534.51
layernorm,28960,535.721
layernorm,28976,537.865
layernorm,28992,537.786
layernorm,29008,536.159
layernorm,29024,536.633
layernorm,29040,536.137
layernorm,29056,537.007
layernorm,29072,535.908
layernorm,29088,538.063
layernorm,29104,537.503
layernorm,29120,537.599
layernorm,29136,538.334
layernorm,29152,538.74
layernorm,29168,538.767
layernorm,29184,537.817
layernorm,29200,540.436
layernorm,29216,541.428
layernorm,29232,539.124
layernorm,29248,539.775
layernorm,29264,541.503
layernorm,29280,539.668
layernorm,29296,543.146
layernorm,29312,542.185
layernorm,29328,543.369
layernorm,29344,541.62
layernorm,29360,542.436
layernorm,29376,543.188
layernorm,29392,543.071
layernorm,29408,543.775
layernorm,29424,543.626
layernorm,29440,543.257
layernorm,29456,543.535
layernorm,29472,543.86
layernorm,29488,543.737
layernorm,29504,545.263
layernorm,29520,543.503
layernorm,29536,544.468
layernorm,29552,544.522
layernorm,29568,547.156
layernorm,29584,546.788
layernorm,29600,545.727
layernorm,29616,548.687
layernorm,29632,547.407
layernorm,29648,548.282
layernorm,29664,548.788
layernorm,29680,549.327
layernorm,29696,548.415
layernorm,29712,549.652
layernorm,29728,548.164
layernorm,29744,551.354
layernorm,29760,549.039
layernorm,29776,551.375
layernorm,29792,548.031
layernorm,29808,551.061
layernorm,29824,552.255
layernorm,29840,551.679
layernorm,29856,551.285
layernorm,29872,551.396
layernorm,29888,554.591
layernorm,29904,551.183
layernorm,29920,554.229
layernorm,29936,553.082
layernorm,29952,553.855
layernorm,29968,553.588
layernorm,29984,553.904
layernorm,30000,555.807
layernorm,30016,555.37
layernorm,30032,557.311
layernorm,30048,555.477
layernorm,30064,557.823
layernorm,30080,556.73
layernorm,30096,557.205
layernorm,30112,555.621
layernorm,30128,556.032
layernorm,30144,559.445
layernorm,30160,557.663
layernorm,30176,558.463
layernorm,30192,559.024
layernorm,30208,558.559
layernorm,30224,559.808
layernorm,30240,559.114
layernorm,30256,559.466
layernorm,30272,558.677
layernorm,30288,560.842
layernorm,30304,559.349
layernorm,30320,561.184
layernorm,30336,562.197
layernorm,30352,561.237
layernorm,30368,561.498
layernorm,30384,561.727
layernorm,30400,563.434
layernorm,30416,562.837
layernorm,30432,562.101
layernorm,30448,562.197
layernorm,30464,564.629
layernorm,30480,561.28
layernorm,30496,562.874
layernorm,30512,563.231
layernorm,30528,565.157
layernorm,30544,563.621
layernorm,30560,565.914
layernorm,30576,565.125
layernorm,30592,564.266
layernorm,30608,568.037
layernorm,30624,564.97
layernorm,30640,565.013
layernorm,30656,566.613
layernorm,30672,564.868
layernorm,30688,566.01
layernorm,30704,568.885
layernorm,30720,565.072
layernorm,30736,569.45
layernorm,30752,568.49
layernorm,30768,567.557
layernorm,30784,568.293
layernorm,30800,569.68
layernorm,30816,571.488
layernorm,30832,571.744
layernorm,30848,569.691
layernorm,30864,569.387
layernorm,30880,569.6
layernorm,30896,570.608
layernorm,30912,573.109
layernorm,30928,571.008
layernorm,30944,571.237
layernorm,30960,570.634
layernorm,30976,573.605
layernorm,30992,573.296
layernorm,31008,573.301
layernorm,31024,573.6
layernorm,31040,574.139
layernorm,31056,574.933
layernorm,31072,574.528
layernorm,31088,574.576
layernorm,31104,574.704
layernorm,31120,574.213
layernorm,31136,575.819
layernorm,31152,576.128
layernorm,31168,575.243
layernorm,31184,576.555
layernorm,31200,575.867
layernorm,31216,576.784
layernorm,31232,579.467
layernorm,31248,578.683
layernorm,31264,579.413
layernorm,31280,579.243
layernorm,31296,577.979
layernorm,31312,578.475
layernorm,31328,581.056
layernorm,31344,579.622
layernorm,31360,580.016
layernorm,31376,579.68
layernorm,31392,581.28
layernorm,31408,580.059
layernorm,31424,583.424
layernorm,31440,583.275
layernorm,31456,580.358
layernorm,31472,582.123
layernorm,31488,581.963
layernorm,31504,582.155
layernorm,31520,582.16
layernorm,31536,583.184
layernorm,31552,583.776
layernorm,31568,581.547
layernorm,31584,585.808
layernorm,31600,583.504
layernorm,31616,582.977
layernorm,31632,583.648
layernorm,31648,583.563
layernorm,31664,583.814
layernorm,31680,585.462
layernorm,31696,582.246
layernorm,31712,586.416
layernorm,31728,584.72
layernorm,31744,584.704
layernorm,31760,585.942
layernorm,31776,587.094
layernorm,31792,587.883
layernorm,31808,587.707
layernorm,31824,587.894
layernorm,31840,587.867
layernorm,31856,589.201
layernorm,31872,588.357
layernorm,31888,590.998
layernorm,31904,590.054
layernorm,31920,590.843
layernorm,31936,590.742
layernorm,31952,589.244
layernorm,31968,591.073
layernorm,31984,589.723
layernorm,32000,590.71
layernorm,32016,591.083
layernorm,32032,592.337
layernorm,32048,591.824
layernorm,32064,591.835
layernorm,32080,592.304
layernorm,32096,593.355
layernorm,32112,595.137
layernorm,32128,593.046
layernorm,32144,593.707
layernorm,32160,595.068
layernorm,32176,594.022
layernorm,32192,593.473
layernorm,32208,595.83
layernorm,32224,594.683
layernorm,32240,597.494
layernorm,32256,597.276
layernorm,32272,596.331
layernorm,32288,595.932
layernorm,32304,596.806
layernorm,32320,596.096
layernorm,32336,600.497
layernorm,32352,598.022
layernorm,32368,597.606
layernorm,32384,600.966
layernorm,32400,597.435
layernorm,32416,598.731
layernorm,32432,600.502
layernorm,32448,600.545
layernorm,32464,599.553
layernorm,32480,599.046
layernorm,32496,603.185
layernorm,32512,601.473
layernorm,32528,602.598
layernorm,32544,601.495
layernorm,32560,601.254
layernorm,32576,601.553
layernorm,32592,602.801
layernorm,32608,602.577
layernorm,32624,603.761
layernorm,32640,603.495
layernorm,32656,605.276
layernorm,32672,601.686
layernorm,32688,600.929
layernorm,32704,603.905
layernorm,32720,602.625
layernorm,32736,604.155
layernorm,32752,606.358
layernorm,32768,604.177
o_proj,1,19.7653
o_proj,2,18.528
o_proj,3,18.5493
o_proj,4,18.6347
o_proj,5,18.6133
o_proj,6,18.6027
o_proj,7,18.6563
o_proj,8,18.688
o_proj,9,18.7307
o_proj,10,18.7417
o_proj,11,18.944
o_proj,12,18.9333
o_proj,13,18.8373
o_proj,14,18.9867
o_proj,15,18.9227
o_proj,16,18.9333
o_proj,20,24.1067
o_proj,24,24.1707
o_proj,28,24.1817
o_proj,32,24.128
o_proj,36,24.139
o_proj,40,23.83
o_proj,44,23.734
o_proj,48,23.84
o_proj,52,23.84
o_proj,56,23.851
o_proj,60,21.558
o_proj,64,24.1923
o_proj,80,31.264
o_proj,96,29.6747
o_proj,112,27.4133
o_proj,128,37.76
o_proj,144,43.5417
o_proj,160,43.5733
o_proj,176,43.3813
o_proj,192,43.456
o_proj,208,53.4407
o_proj,224,48.544
o_proj,240,48.4373
o_proj,256,48.512
o_proj,272,84.7153
o_proj,288,84.758
o_proj,304,84.7797
o_proj,320,84.8117
o_proj,336,84.9713
o_proj,352,103.404
o_proj,368,83.1257
o_proj,384,83.1577
o_proj,400,85.5477
o_proj,416,85.633
o_proj,432,85.7393
o_proj,448,85.782
o_proj,464,86.102
o_proj,480,86.2617
o_proj,496,86.0063
o_proj,512,86.0807
o_proj,528,107.788
o_proj,544,107.712
o_proj,560,107.766
o_proj,576,107.884
o_proj,592,164.609
o_proj,608,165.036
o_proj,624,165.164
o_proj,640,125.366
o_proj,656,125.44
o_proj,672,125.42
o_proj,688,125.644
o_proj,704,125.878
o_proj,720,166.604
o_proj,736,167.105
o_proj,752,166.999
o_proj,768,166.615
o_proj,784,170.828
o_proj,800,171.244
o_proj,816,160.481
o_proj,832,160.46
o_proj,848,160.588
o_proj,864,160.577
o_proj,880,160.737
o_proj,896,160.717
o_proj,912,160.385
o_proj,928,160.364
o_proj,944,160.652
o_proj,960,160.46
o_proj,976,161.494
o_proj,992,161.494
o_proj,1008,161.484
o_proj,1024,161.548
o_proj,1040,322.413
o_proj,1056,322.734
o_proj,1072,323.192
o_proj,1088,323.331
o_proj,1104,323.565
o_proj,1120,323.736
o_proj,1136,323.597
o_proj,1152,323.725
o_proj,1168,247.671
o_proj,1184,247.522
o_proj,1200,247.927
o_proj,1216,247.917
o_proj,1232,323.684
o_proj,1248,323.736
o_proj,1264,323.395
o_proj,1280,323.949
o_proj,1296,323.896
o_proj,1312,323.79
o_proj,1328,324.035
o_proj,1344,323.726
o_proj,1360,324.067
o_proj,1376,323.853
o_proj,1392,324.248
o_proj,1408,323.726
o_proj,1424,323.907
o_proj,1440,324.056
o_proj,1456,323.992
o_proj,1472,324.056
o_proj,1488,324.258
o_proj,1504,324.11
o_proj,1520,323.907
o_proj,1536,324.259
o_proj,1552,324.045
o_proj,1568,324.066
o_proj,1584,324.429
o_proj,1600,324.59
o_proj,1616,324.046
o_proj,1632,324.387
o_proj,1648,324.558
o_proj,1664,324.611
o_proj,1680,324.984
o_proj,1696,324.697
o_proj,1712,324.099
o_proj,1728,324.675
o_proj,1744,324.856
o_proj,1760,325.049
o_proj,1776,325.251
o_proj,1792,324.537
o_proj,1808,325.315
o_proj,1824,325.198
o_proj,1840,324.856
o_proj,1856,325.283
o_proj,1872,325.144
o_proj,1888,324.761
o_proj,1904,324.781
o_proj,1920,325.048
o_proj,1936,325.55
o_proj,1952,325.668
o_proj,1968,325.251
o_proj,1984,325.486
o_proj,2000,325.336
o_proj,2016,325.4
o_proj,2032,325.219
o_proj,2048,325.496
o_proj,2064,325.016
o_proj,2080,325.528
o_proj,2096,325.368
o_proj,2112,325.987
o_proj,2128,325.764
o_proj,2144,325.645
o_proj,2160,325.827
o_proj,2176,325.177
o_proj,2192,484.069
o_proj,2208,484.346
o_proj,2224,484.612
o_proj,2240,484.037
o_proj,2256,484.74
o_proj,2272,484.836
o_proj,2288,484.591
o_proj,2304,484.218
o_proj,2320,484.815
o_proj,2336,484.89
o_proj,2352,484.708
o_proj,2368,485.146
o_proj,2384,484.655
o_proj,2400,484.816
o_proj,2416,485.093
o_proj,2432,484.73
o_proj,2448,484.474
o_proj,2464,484.933
o_proj,2480,484.666
o_proj,2496,484.453
o_proj,2512,484.517
o_proj,2528,484.762
o_proj,2544,485.178
o_proj,2560,484.794
o_proj,2576,485.029
o_proj,2592,485.04
o_proj,2608,484.538
o_proj,2624,485.125
o_proj,2640,484.89
o_proj,2656,484.474
o_proj,2672,484.773
o_proj,2688,484.665
o_proj,2704,484.495
o_proj,2720,485.04
o_proj,2736,484.719
o_proj,2752,484.88
o_proj,2768,485.296
o_proj,2784,485.115
o_proj,2800,485.019
o_proj,2816,485.009
o_proj,2832,484.965
o_proj,2848,485.391
o_proj,2864,485.093
o_proj,2880,485.253
o_proj,2896,484.805
o_proj,2912,485.221
o_proj,2928,485.861
o_proj,2944,485.946
o_proj,2960,485.2
o_proj,2976,485.936
o_proj,2992,485.957
o_proj,3008,485.776
o_proj,3024,485.445
o_proj,3040,485.52
o_proj,3056,485.765
o_proj,3072,485.722
o_proj,3088,485.818
o_proj,3104,486.32
o_proj,3120,485.851
o_proj,3136,485.648
o_proj,3152,485.531
o_proj,3168,485.979
o_proj,3184,486.192
o_proj,3200,486.267
o_proj,3216,643.655
o_proj,3232,644.07
o_proj,3248,643.815
o_proj,3264,644.54
o_proj,3280,644.092
o_proj,3296,644.391
o_proj,3312,644.476
o_proj,3328,644.998
o_proj,3344,645.138
o_proj,3360,645.308
o_proj,3376,645.308
o_proj,3392,645.223
o_proj,3408,644.882
o_proj,3424,645.052
o_proj,3440,645.233
o_proj,3456,645.052
o_proj,3472,645.191
o_proj,3488,644.743
o_proj,3504,644.967
o_proj,3520,645.234
o_proj,3536,645.233
o_proj,3552,645.053
o_proj,3568,645.244
o_proj,3584,645.202
o_proj,3600,645.095
o_proj,3616,645.17
o_proj,3632,645.34
o_proj,3648,644.839
o_proj,3664,645.564
o_proj,3680,644.861
o_proj,3696,645.34
o_proj,3712,644.892
o_proj,3728,645.372
o_proj,3744,645.234
o_proj,3760,645.437
o_proj,3776,645.553
o_proj,3792,645.437
o_proj,3808,645.362
o_proj,3824,645.415
o_proj,3840,644.989
o_proj,3856,645.736
o_proj,3872,627.496
o_proj,3888,627.623
o_proj,3904,627.229
o_proj,3920,627.495
o_proj,3936,627.751
o_proj,3952,627.357
o_proj,3968,627.43
o_proj,3984,627.922
o_proj,4000,628.018
o_proj,4016,628.05
o_proj,4032,627.794
o_proj,4048,627.943
o_proj,4064,627.932
o_proj,4080,627.772
o_proj,4096,627.954
o_proj,4112,628.402
o_proj,4128,628.018
o_proj,4144,628.306
o_proj,4160,628.327
o_proj,4176,628.274
o_proj,4192,628.402
o_proj,4208,628.093
o_proj,4224,628.263
o_proj,4240,628.86
o_proj,4256,628.85
o_proj,4272,628.775
o_proj,4288,628.669
o_proj,4304,628.796
o_proj,4320,628.669
o_proj,4336,628.892
o_proj,4352,628.807
o_proj,4368,705.118
o_proj,4384,704.882
o_proj,4400,705.64
o_proj,4416,705.171
o_proj,4432,704.99
o_proj,4448,704.969
o_proj,4464,704.819
o_proj,4480,705.096
o_proj,4496,705.374
o_proj,4512,705.117
o_proj,4528,705.715
o_proj,4544,705.352
o_proj,4560,705.395
o_proj,4576,705.438
o_proj,4592,705.523
o_proj,4608,705.374
o_proj,4624,705.896
o_proj,4640,705.725
o_proj,4656,705.8
o_proj,4672,705.758
o_proj,4688,705.8
o_proj,4704,705.992
o_proj,4720,705.801
o_proj,4736,705.78
o_proj,4752,706.323
o_proj,4768,706.184
o_proj,4784,706.376
o_proj,4800,706.515
o_proj,4816,706.142
o_proj,4832,706.312
o_proj,4848,706.451
o_proj,4864,706.526
o_proj,4880,782.58
o_proj,4896,782.239
o_proj,4912,782.42
o_proj,4928,782.655
o_proj,4944,782.409
o_proj,4960,782.303
o_proj,4976,782.249
o_proj,4992,782.569
o_proj,5008,783.305
o_proj,5024,783.06
o_proj,5040,782.868
o_proj,5056,783.092
o_proj,5072,782.771
o_proj,5088,783.145
o_proj,5104,783.071
o_proj,5120,783.423
o_proj,5136,783.445
o_proj,5152,854.613
o_proj,5168,854.997
o_proj,5184,854.774
o_proj,5200,855.222
o_proj,5216,855.829
o_proj,5232,855.339
o_proj,5248,856.448
o_proj,5264,859.52
o_proj,5280,859.361
o_proj,5296,859.819
o_proj,5312,859.893
o_proj,5328,860.556
o_proj,5344,860.31
o_proj,5360,860.736
o_proj,5376,860.639
o_proj,5392,935.98
o_proj,5408,937.174
o_proj,5424,937.175
o_proj,5440,937.025
o_proj,5456,936.438
o_proj,5472,938.87
o_proj,5488,936.3
o_proj,5504,934.422
o_proj,5520,936.395
o_proj,5536,937.57
o_proj,5552,936.758
o_proj,5568,937.91
o_proj,5584,938.188
o_proj,5600,940.065
o_proj,5616,938.262
o_proj,5632,941.537
o_proj,5648,939.415
o_proj,5664,939.777
o_proj,5680,940.022
o_proj,5696,940.855
o_proj,5712,941.036
o_proj,5728,940.77
o_proj,5744,941.335
o_proj,5760,941.516
o_proj,5776,941.185
o_proj,5792,940.876
o_proj,5808,943.905
o_proj,5824,941.814
o_proj,5840,942.412
o_proj,5856,942.359
o_proj,5872,943.585
o_proj,5888,943.095
o_proj,5904,1014.03
o_proj,5920,1011.89
o_proj,5936,1012.47
o_proj,5952,1011.94
o_proj,5968,1012.86
o_proj,5984,1012.56
o_proj,6000,1012.64
o_proj,6016,1013.26
o_proj,6032,1015.57
o_proj,6048,1014.83
o_proj,6064,1014.87
o_proj,6080,1014.86
o_proj,6096,1014.83
o_proj,6112,1014.84
o_proj,6128,1015.38
o_proj,6144,1014.93
o_proj,6160,1020.66
o_proj,6176,1019.5
o_proj,6192,1019.98
o_proj,6208,1021.24
o_proj,6224,1023.27
o_proj,6240,1021.38
o_proj,6256,1021.33
o_proj,6272,1021.1
o_proj,6288,1027.15
o_proj,6304,1026.96
o_proj,6320,1027.43
o_proj,6336,1027.92
o_proj,6352,1028.08
o_proj,6368,1027.58
o_proj,6384,1027.34
o_proj,6400,1028.75
o_proj,6416,1031.62
o_proj,6432,1033.24
o_proj,6448,1033.3
o_proj,6464,1032.05
o_proj,6480,1032.56
o_proj,6496,1034.99
o_proj,6512,1034.89
o_proj,6528,1033.44
o_proj,6544,1102.91
o_proj,6560,1105.64
o_proj,6576,1106.37
o_proj,6592,1106.72
o_proj,6608,1105.14
o_proj,6624,1107.49
o_proj,6640,1106.11
o_proj,6656,1103.63
o_proj,6672,1105.39
o_proj,6688,1105.76
o_proj,6704,1107.3
o_proj,6720,1108.67
o_proj,6736,1108.69
o_proj,6752,1109.73
o_proj,6768,1109.71
o_proj,6784,1109.4
o_proj,6800,1109.17
o_proj,6816,1109.74
o_proj,6832,1110.43
o_proj,6848,1111.06
o_proj,6864,1110.93
o_proj,6880,1111.92
o_proj,6896,1111.57
o_proj,6912,1111.7
o_proj,6928,1110.97
o_proj,6944,1110.78
o_proj,6960,1111.43
o_proj,6976,1112.34
o_proj,6992,1112.5
o_proj,7008,1112.59
o_proj,7024,1112.27
o_proj,7040,1112.81
o_proj,7056,1093.08
o_proj,7072,1093.02
o_proj,7088,1092.88
o_proj,7104,1093.25
o_proj,7120,1092.86
o_proj,7136,1092.46
o_proj,7152,1093.17
o_proj,7168,1092.79
o_proj,7184,1084.35
o_proj,7200,1084.48
o_proj,7216,1084.5
o_proj,7232,1083.81
o_proj,7248,1093.28
o_proj,7264,1075.06
o_proj,7280,1074.84
o_proj,7296,1075.06
o_proj,7312,1066.6
o_proj,7328,1066.63
o_proj,7344,1066.61
o_proj,7360,1093.95
o_proj,7376,1094.12
o_proj,7392,1094.01
o_proj,7408,1094.17
o_proj,7424,1093.96
o_proj,7440,1094.55
o_proj,7456,1094.5
o_proj,7472,1094.47
o_proj,7488,1048.79
o_proj,7504,1040.31
o_proj,7520,1040.02
o_proj,7536,1040.42
o_proj,7552,1040.12
o_proj,7568,1272.24
o_proj,7584,1156.1
o_proj,7600,1151.25
o_proj,7616,1157.24
o_proj,7632,1143.79
o_proj,7648,1146.94
o_proj,7664,1149.66
o_proj,7680,1147.26
o_proj,7696,1150.67
o_proj,7712,1151.12
o_proj,7728,1151.18
o_proj,7744,1275.1
o_proj,7760,1274.79
o_proj,7776,1274.49
o_proj,7792,1141.64
o_proj,7808,1143.97
o_proj,7824,1145.62
o_proj,7840,1129.73
o_proj,7856,1130.54
o_proj,7872,1125.25
o_proj,7888,1125.36
o_proj,7904,1125.66
o_proj,7920,1124.24
o_proj,7936,1124.55
o_proj,7952,1211.5
o_proj,7968,1191.96
o_proj,7984,1215.22
o_proj,8000,1118.35
o_proj,8016,1060.88
o_proj,8032,1061.34
o_proj,8048,1061.33
o_proj,8064,1061.11
o_proj,8080,1128.56
o_proj,8096,1128.78
o_proj,8112,1128.71
o_proj,8128,1128.51
o_proj,8144,1128.76
o_proj,8160,1122.97
o_proj,8176,1122.59
o_proj,8192,1122.77
o_proj,8208,1122.69
o_proj,8224,1123.47
o_proj,8240,1122.68
o_proj,8256,1122.37
o_proj,8272,1123.05
o_proj,8288,1123.7
o_proj,8304,1123.42
o_proj,8320,1123.1
o_proj,8336,1122.82
o_proj,8352,1123.64
o_proj,8368,1124.13
o_proj,8384,1122.57
o_proj,8400,1122.79
o_proj,8416,1123.53
o_proj,8432,1123.66
o_proj,8448,1124.04
o_proj,8464,1123.73
o_proj,8480,1122.98
o_proj,8496,1122.89
o_proj,8512,1123.96
o_proj,8528,1123.32
o_proj,8544,1123.77
o_proj,8560,1124.05
o_proj,8576,1123.66
o_proj,8592,1123.32
o_proj,8608,1122.83
o_proj,8624,1123.32
o_proj,8640,1123.31
o_proj,8656,1123.09
o_proj,8672,1124.01
o_proj,8688,1124.07
o_proj,8704,1123.37
o_proj,8720,1255.5
o_proj,8736,1257.68
o_proj,8752,1256.3
o_proj,8768,1256.22
o_proj,8784,1255.3
o_proj,8800,1257.54
o_proj,8816,1256.23
o_proj,8832,1255.95
o_proj,8848,1256.96
o_proj,8864,1258.9
o_proj,8880,1260.08
o_proj,8896,1257.6
o_proj,8912,1268.25
o_proj,8928,1267.27
o_proj,8944,1267.45
o_proj,8960,1269.53
o_proj,8976,1267.84
o_proj,8992,1269.12
o_proj,9008,1268.96
o_proj,9024,1166.39
o_proj,9040,1165.61
o_proj,9056,1166.06
o_proj,9072,1165.99
o_proj,9088,1165.79
o_proj,9104,1167.37
o_proj,9120,1166.7
o_proj,9136,1166.88
o_proj,9152,1166.96
o_proj,9168,1166.89
o_proj,9184,1166.92
o_proj,9200,1166.75
o_proj,9216,1166.58
o_proj,9232,1232.39
o_proj,9248,1232.02
o_proj,9264,1232.62
o_proj,9280,1232.36
o_proj,9296,1232.44
o_proj,9312,1232.21
o_proj,9328,1232.03
o_proj,9344,1232.55
o_proj,9360,1233.12
o_proj,9376,1233.16
o_proj,9392,1233.02
o_proj,9408,1233.29
o_proj,9424,1233.34
o_proj,9440,1233.29
o_proj,9456,1233.16
o_proj,9472,1233.05
o_proj,9488,1233.95
o_proj,9504,1233.65
o_proj,9520,1233.59
o_proj,9536,1233.93
o_proj,9552,1234.32
o_proj,9568,1233.79
o_proj,9584,1233.74
o_proj,9600,1234.09
o_proj,9616,1234.91
o_proj,9632,1234.69
o_proj,9648,1238.05
o_proj,9664,1234.91
o_proj,9680,1234.9
o_proj,9696,1234.89
o_proj,9712,1235.09
o_proj,9728,1238
o_proj,9744,1411.6
o_proj,9760,1412.86
o_proj,9776,1410.85
o_proj,9792,1415.98
o_proj,9808,1414.15
o_proj,9824,1412.58
o_proj,9840,1412.21
o_proj,9856,1605.38
o_proj,9872,1422.27
o_proj,9888,1414.57
o_proj,9904,1412.36
o_proj,9920,1419.72
o_proj,9936,1419.32
o_proj,9952,1421.95
o_proj,9968,1421.36
o_proj,9984,1423.33
o_proj,10000,1431.86
o_proj,10016,1426.85
o_proj,10032,1433.95
o_proj,10048,1431.12
o_proj,10064,1428.59
o_proj,10080,1432.45
o_proj,10096,1429.44
o_proj,10112,1430.82
o_proj,10128,1430.2
o_proj,10144,1435.88
o_proj,10160,1435.9
o_proj,10176,1433.85
o_proj,10192,1432.1
o_proj,10208,1432.16
o_proj,10224,1432.64
o_proj,10240,1409.73
o_proj,10256,1409.83
o_proj,10272,1412.06
o_proj,10288,1410.44
o_proj,10304,1412.44
o_proj,10320,1410.09
o_proj,10336,1411.71
o_proj,10352,1410.15
o_proj,10368,1411.61
o_proj,10384,1412.19
o_proj,10400,1410.98
o_proj,10416,1412.18
o_proj,10432,1411.86
o_proj,10448,1410.66
o_proj,10464,1411.63
o_proj,10480,1412.19
o_proj,10496,1412.62
o_proj,10512,1411.8
o_proj,10528,1412.99
o_proj,10544,1412.31
o_proj,10560,1415.85
o_proj,10576,1411.91
o_proj,10592,1411.56
o_proj,10608,1415.6
o_proj,10624,1412.18
o_proj,10640,1412.98
o_proj,10656,1412.35
o_proj,10672,1413.34
o_proj,10688,1413.49
o_proj,10704,1412.74
o_proj,10720,1411.5
o_proj,10736,1605.65
o_proj,10752,1412.91
o_proj,10768,1420.62
o_proj,10784,1416.32
o_proj,10800,1417.66
o_proj,10816,1412.74
o_proj,10832,1421.42
o_proj,10848,1412.33
o_proj,10864,1412.19
o_proj,10880,1414.16
o_proj,10896,1550.5
o_proj,10912,1547.34
o_proj,10928,1543.63
o_proj,10944,1548.15
o_proj,10960,1545.54
o_proj,10976,1548.48
o_proj,10992,1546.53
o_proj,11008,1546.98
o_proj,11024,1546.28
o_proj,11040,1547.87
o_proj,11056,1547.21
o_proj,11072,1547.33
o_proj,11088,1547.42
o_proj,11104,1546.81
o_proj,11120,1548.22
o_proj,11136,1549.9
o_proj,11152,1549.76
o_proj,11168,1549.66
o_proj,11184,1549.51
o_proj,11200,1549.68
o_proj,11216,1548.13
o_proj,11232,1556.61
o_proj,11248,1553.81
o_proj,11264,1550.63
o_proj,11280,1557.77
o_proj,11296,1554.48
o_proj,11312,1560.03
o_proj,11328,1565.45
o_proj,11344,1559.13
o_proj,11360,1559.05
o_proj,11376,1559.07
o_proj,11392,1555.69
o_proj,11408,1556.2
o_proj,11424,1559.72
o_proj,11440,1559.37
o_proj,11456,1555.5
o_proj,11472,1551.88
o_proj,11488,1557.52
o_proj,11504,1555.15
o_proj,11520,1554.47
o_proj,11536,1562.46
o_proj,11552,1556.2
o_proj,11568,1559.32
o_proj,11584,1563.93
o_proj,11600,1561.16
o_proj,11616,1559.96
o_proj,11632,1556.68
o_proj,11648,1552.5
o_proj,11664,1551.92
o_proj,11680,1559.42
o_proj,11696,1564.02
o_proj,11712,1560.2
o_proj,11728,1563.72
o_proj,11744,1556.91
o_proj,11760,1564.83
o_proj,11776,1562.11
o_proj,11792,1565.8
o_proj,11808,1560.77
o_proj,11824,1565.12
o_proj,11840,1561.48
o_proj,11856,1565.68
o_proj,11872,1561.82
o_proj,11888,1562.72
o_proj,11904,1558.13
o_proj,11920,1687.33
o_proj,11936,1694.57
o_proj,11952,1697.67
o_proj,11968,1918.99
o_proj,11984,1684.16
o_proj,12000,1686.64
o_proj,12016,1692.26
o_proj,12032,1691.86
o_proj,12048,1700.31
o_proj,12064,1688.61
o_proj,12080,1696.18
o_proj,12096,1692.99
o_proj,12112,1694.92
o_proj,12128,1693.39
o_proj,12144,1690.56
o_proj,12160,1691.34
o_proj,12176,1699.23
o_proj,12192,1695.71
o_proj,12208,1695.27
o_proj,12224,1694.99
o_proj,12240,1690.22
o_proj,12256,1693.67
o_proj,12272,1694.57
o_proj,12288,1693.25
o_proj,12304,1696.86
o_proj,12320,1698.63
o_proj,12336,1703.3
o_proj,12352,1701.12
o_proj,12368,1693.57
o_proj,12384,1699.72
o_proj,12400,1702.4
o_proj,12416,1702.46
o_proj,12432,1695.1
o_proj,12448,1704.17
o_proj,12464,1694.31
o_proj,12480,1701.3
o_proj,12496,1699.41
o_proj,12512,1699.15
o_proj,12528,1699.64
o_proj,12544,1697.84
o_proj,12560,1699.01
o_proj,12576,1700.68
o_proj,12592,1700.84
o_proj,12608,1705.94
o_proj,12624,1697.31
o_proj,12640,1696.55
o_proj,12656,1698.95
o_proj,12672,1699.5
o_proj,12688,1704.02
o_proj,12704,1705.17
o_proj,12720,1703.58
o_proj,12736,1700.34
o_proj,12752,1704.26
o_proj,12768,1705.46
o_proj,12784,1696.35
o_proj,12800,1704.84
o_proj,12816,1704.65
o_proj,12832,1705.33
o_proj,12848,1701.36
o_proj,12864,1700.93
o_proj,12880,1705.11
o_proj,12896,1707.16
o_proj,12912,1701.62
o_proj,12928,1701.7
o_proj,12944,1705.35
o_proj,12960,1702.16
o_proj,12976,1701.28
o_proj,12992,1707.9
o_proj,13008,1706.48
o_proj,13024,1706.62
o_proj,13040,1707.26
o_proj,13056,1706.1
o_proj,13072,1838.94
o_proj,13088,1842.54
o_proj,13104,1836.27
o_proj,13120,1840.27
o_proj,13136,1838.22
o_proj,13152,1835.47
o_proj,13168,1839.45
o_proj,13184,1835.14
o_proj,13200,1836.31
o_proj,13216,1835.43
o_proj,13232,1840.07
o_proj,13248,1845.26
o_proj,13264,1928.27
o_proj,13280,1836.61
o_proj,13296,1835.9
o_proj,13312,1839.74
o_proj,13328,1842.48
o_proj,13344,1837.84
o_proj,13360,1848.04
o_proj,13376,1843.28
o_proj,13392,1847.46
o_proj,13408,1843.14
o_proj,13424,1841.73
o_proj,13440,1844.39
o_proj,13456,1844.66
o_proj,13472,1845.48
o_proj,13488,1844.45
o_proj,13504,1844.81
o_proj,13520,1846.87
o_proj,13536,1846.47
o_proj,13552,1846.37
o_proj,13568,1846.99
o_proj,13584,1845.5
o_proj,13600,1846.46
o_proj,13616,1848.38
o_proj,13632,1845.55
o_proj,13648,1842.77
o_proj,13664,1841.97
o_proj,13680,1846.63
o_proj,13696,1841.92
o_proj,13712,1847.14
o_proj,13728,1847.43
o_proj,13744,1843.2
o_proj,13760,1844.75
o_proj,13776,1842.13
o_proj,13792,1847.47
o_proj,13808,1847.46
o_proj,13824,1847.83
o_proj,13840,1847.57
o_proj,13856,1847.55
o_proj,13872,1846.05
o_proj,13888,1844.36
o_proj,13904,1848.25
o_proj,13920,1846.01
o_proj,13936,1846.96
o_proj,13952,1844.03
o_proj,13968,1844.51
o_proj,13984,1846.81
o_proj,14000,1842.19
o_proj,14016,1847.03
o_proj,14032,1846.71
o_proj,14048,1849.38
o_proj,14064,1843.88
o_proj,14080,1846.5
o_proj,14096,1980.08
o_proj,14112,1978.59
o_proj,14128,1981.52
o_proj,14144,1976.16
o_proj,14160,1977.33
o_proj,14176,1975.95
o_proj,14192,1978.33
o_proj,14208,1976.67
o_proj,14224,1979.31
o_proj,14240,1982.32
o_proj,14256,1976.21
o_proj,14272,1985.56
o_proj,14288,1964.94
o_proj,14304,1978.43
o_proj,14320,1983.35
o_proj,14336,1978.74
o_proj,14352,1983.95
o_proj,14368,1981.54
o_proj,14384,1981.43
o_proj,14400,1983.43
o_proj,14416,1972.53
o_proj,14432,1969.6
o_proj,14448,1969.35
o_proj,14464,1980.53
o_proj,14480,1988.63
o_proj,14496,1988.48
o_proj,14512,1983.85
o_proj,14528,1984.87
o_proj,14544,1970.39
o_proj,14560,1964
o_proj,14576,1971.24
o_proj,14592,1973.05
o_proj,14608,1974.46
o_proj,14624,1974.83
o_proj,14640,1973.87
o_proj,14656,1972.12
o_proj,14672,1975.74
o_proj,14688,1970.62
o_proj,14704,1969.51
o_proj,14720,1969.69
o_proj,14736,1974.16
o_proj,14752,1977.6
o_proj,14768,1974.61
o_proj,14784,1973.36
o_proj,14800,1971.36
o_proj,14816,1973.45
o_proj,14832,1973.26
o_proj,14848,1973.67
o_proj,14864,1968.9
o_proj,14880,1971.88
o_proj,14896,1973.63
o_proj,14912,1974.65
o_proj,14928,1985.64
o_proj,14944,1974.43
o_proj,14960,1973.82
o_proj,14976,1975.37
o_proj,14992,1973.51
o_proj,15008,1979.5
o_proj,15024,1974.32
o_proj,15040,1974.92
o_proj,15056,1973.79
o_proj,15072,1974.12
o_proj,15088,1974.9
o_proj,15104,1973.32
o_proj,15120,1977.43
o_proj,15136,1973.31
o_proj,15152,1984.5
o_proj,15168,1974.54
o_proj,15184,1973.27
o_proj,15200,1979.34
o_proj,15216,1971.58
o_proj,15232,1973.05
o_proj,15248,2106.82
o_proj,15264,2105.44
o_proj,15280,2112.09
o_proj,15296,2104.22
o_proj,15312,2103.7
o_proj,15328,2108.89
o_proj,15344,2108.93
o_proj,15360,2110.72
o_proj,15376,2108.35
o_proj,15392,2105.02
o_proj,15408,2112.27
o_proj,15424,2108.62
o_proj,15440,2106.71
o_proj,15456,2110.16
o_proj,15472,2105.03
o_proj,15488,2111.13
o_proj,15504,2113.86
o_proj,15520,2115.97
o_proj,15536,2113.81
o_proj,15552,2117.06
o_proj,15568,2105.31
o_proj,15584,2108.19
o_proj,15600,2110.38
o_proj,15616,2109.97
o_proj,15632,2113.91
o_proj,15648,2110.73
o_proj,15664,2115
o_proj,15680,2119.06
o_proj,15696,2111.95
o_proj,15712,2113.03
o_proj,15728,2111.55
o_proj,15744,2110.06
o_proj,15760,2119.03
o_proj,15776,2131.72
o_proj,15792,2118.76
o_proj,15808,2114.36
o_proj,15824,2111.53
o_proj,15840,2112.26
o_proj,15856,2111.99
o_proj,15872,2118.56
o_proj,15888,2116.04
o_proj,15904,2113.6
o_proj,15920,2114.74
o_proj,15936,2120.92
o_proj,15952,2115.04
o_proj,15968,2115.88
o_proj,15984,2118.66
o_proj,16000,2111.58
o_proj,16016,2119.43
o_proj,16032,2117.83
o_proj,16048,2145.76
o_proj,16064,2120.16
o_proj,16080,2123.43
o_proj,16096,2117.63
o_proj,16112,2120.28
o_proj,16128,2119.34
o_proj,16144,2121.31
o_proj,16160,2128.08
o_proj,16176,2132.7
o_proj,16192,2130.96
o_proj,16208,2113.02
o_proj,16224,2117.98
o_proj,16240,2112.41
o_proj,16256,2115.7
o_proj,16272,2239.35
o_proj,16288,2253.38
o_proj,16304,2244.5
o_proj,16320,2247.69
o_proj,16336,2250.6
o_proj,16352,2243.83
o_proj,16368,2249.63
o_proj,16384,2242.68
o_proj,16400,2244.74
o_proj,16416,2254.48
o_proj,16432,2259.39
o_proj,16448,2246.6
o_proj,16464,2253.72
o_proj,16480,2245.24
o_proj,16496,2258.91
o_proj,16512,2252.88
o_proj,16528,2251.01
o_proj,16544,2249.71
o_proj,16560,2257.37
o_proj,16576,2254.99
o_proj,16592,2250.27
o_proj,16608,2248.81
o_proj,16624,2251.94
o_proj,16640,2248.14
o_proj,16656,2254.44
o_proj,16672,2257.51
o_proj,16688,2256.9
o_proj,16704,2255.09
o_proj,16720,2254.38
o_proj,16736,2258.77
o_proj,16752,2257.48
o_proj,16768,2253.71
o_proj,16784,2262.61
o_proj,16800,2262.61
o_proj,16816,2257.57
o_proj,16832,2265.07
o_proj,16848,2257.17
o_proj,16864,2261.72
o_proj,16880,2254.08
o_proj,16896,2252.44
o_proj,16912,2258.28
o_proj,16928,2264.57
o_proj,16944,2263.96
o_proj,16960,2266.08
o_proj,16976,2263.78
o_proj,16992,2266.13
o_proj,17008,2264.34
o_proj,17024,2265.36
o_proj,17040,2260.19
o_proj,17056,2270.64
o_proj,17072,2264.84
o_proj,17088,2265.82
o_proj,17104,2265.29
o_proj,17120,2263.8
o_proj,17136,2264.88
o_proj,17152,2265.13
o_proj,17168,2268.58
o_proj,17184,2263.76
o_proj,17200,2265.28
o_proj,17216,2268.82
o_proj,17232,2264.89
o_proj,17248,2258.47
o_proj,17264,2263.4
o_proj,17280,2260.19
o_proj,17296,2268.71
o_proj,17312,2264.23
o_proj,17328,2258.63
o_proj,17344,2270.26
o_proj,17360,2270.7
o_proj,17376,2270.76
o_proj,17392,2264.67
o_proj,17408,2264.58
o_proj,17424,2394.79
o_proj,17440,2394.26
o_proj,17456,2392.87
o_proj,17472,2388.32
o_proj,17488,2396.35
o_proj,17504,2394.45
o_proj,17520,2396.3
o_proj,17536,2389.35
o_proj,17552,2394.05
o_proj,17568,2408.91
o_proj,17584,2397.23
o_proj,17600,2394.99
o_proj,17616,2398.58
o_proj,17632,2393.25
o_proj,17648,2389.86
o_proj,17664,2394.24
o_proj,17680,2401.6
o_proj,17696,2391.55
o_proj,17712,2409.29
o_proj,17728,2409.57
o_proj,17744,2394.27
o_proj,17760,2389.54
o_proj,17776,2400.7
o_proj,17792,2398.36
o_proj,17808,2412.66
o_proj,17824,2407.77
o_proj,17840,2410.67
o_proj,17856,2405.44
o_proj,17872,2399.29
o_proj,17888,2403.69
o_proj,17904,2396.57
o_proj,17920,2400.38
o_proj,17936,2405.41
o_proj,17952,2405.45
o_proj,17968,2411.75
o_proj,17984,2410.01
o_proj,18000,2403.51
o_proj,18016,2405.78
o_proj,18032,2393.88
o_proj,18048,2402.6
o_proj,18064,2401.98
o_proj,18080,2418.45
o_proj,18096,2410.23
o_proj,18112,2415.67
o_proj,18128,2410.76
o_proj,18144,2396.32
o_proj,18160,2393.31
o_proj,18176,2402.62
o_proj,18192,2408.37
o_proj,18208,2412.12
o_proj,18224,2417.68
o_proj,18240,2411.06
o_proj,18256,2394.96
o_proj,18272,2412.1
o_proj,18288,2407.62
o_proj,18304,2397.38
o_proj,18320,2407.87
o_proj,18336,2417.57
o_proj,18352,2424.52
o_proj,18368,2413.69
o_proj,18384,2391.35
o_proj,18400,2410.32
o_proj,18416,2404
o_proj,18432,2398.87
o_proj,18448,2536.91
o_proj,18464,2518.61
o_proj,18480,2524.47
o_proj,18496,2555.2
o_proj,18512,2536.6
o_proj,18528,2542.3
o_proj,18544,2520.59
o_proj,18560,2521.55
o_proj,18576,2544.04
o_proj,18592,2552.47
o_proj,18608,2529.03
o_proj,18624,2543.18
o_proj,18640,2552.8
o_proj,18656,2538.81
o_proj,18672,2527.81
o_proj,18688,2534.99
o_proj,18704,2541.75
o_proj,18720,2556.32
o_proj,18736,2541.09
o_proj,18752,2558.44
o_proj,18768,2547.38
o_proj,18784,2543.77
o_proj,18800,2543.69
o_proj,18816,2526.86
o_proj,18832,2549.96
o_proj,18848,2549.85
o_proj,18864,2560.17
o_proj,18880,2543.54
o_proj,18896,2535.33
o_proj,18912,2551.99
o_proj,18928,2537.61
o_proj,18944,2543.09
o_proj,18960,2551.82
o_proj,18976,2562.13
o_proj,18992,2549.28
o_proj,19008,2545.96
o_proj,19024,2544.73
o_proj,19040,2551.96
o_proj,19056,2549.02
o_proj,19072,2553.01
o_proj,19088,2553.07
o_proj,19104,2559.42
o_proj,19120,2563.58
o_proj,19136,2552.17
o_proj,19152,2547.06
o_proj,19168,2537.64
o_proj,19184,2548.9
o_proj,19200,2534.58
o_proj,19216,2553.57
o_proj,19232,2566.95
o_proj,19248,2564.52
o_proj,19264,2553.46
o_proj,19280,2547.14
o_proj,19296,2542.21
o_proj,19312,2555.86
o_proj,19328,2547.81
o_proj,19344,2555.67
o_proj,19360,2561.33
o_proj,19376,2559.4
o_proj,19392,2565.16
o_proj,19408,2550.28
o_proj,19424,2552.23
o_proj,19440,2553.65
o_proj,19456,2556.01
o_proj,19472,2558.18
o_proj,19488,2572.64
o_proj,19504,2554.53
o_proj,19520,2560.4
o_proj,19536,2554.36
o_proj,19552,2552.87
o_proj,19568,2553.01
o_proj,19584,2554.51
o_proj,19600,2692.05
o_proj,19616,2684.78
o_proj,19632,2698.56
o_proj,19648,2687.91
o_proj,19664,2681.77
o_proj,19680,2678.07
o_proj,19696,2688.17
o_proj,19712,2676.8
o_proj,19728,2692.05
o_proj,19744,2696.82
o_proj,19760,2693.77
o_proj,19776,2690.73
o_proj,19792,2685.29
o_proj,19808,2685.53
o_proj,19824,2684.35
o_proj,19840,2681.7
o_proj,19856,2701.35
o_proj,19872,2692.34
o_proj,19888,2706.7
o_proj,19904,2691.63
o_proj,19920,2689.53
o_proj,19936,2681.03
o_proj,19952,2687.59
o_proj,19968,2685.66
o_proj,19984,2697.13
o_proj,20000,2694.45
o_proj,20016,2693.15
o_proj,20032,2701.13
o_proj,20048,2687.07
o_proj,20064,2683.95
o_proj,20080,2687.08
o_proj,20096,2689.07
o_proj,20112,2699.67
o_proj,20128,2705.54
o_proj,20144,2708.44
o_proj,20160,2705.94
o_proj,20176,2693.22
o_proj,20192,2690.23
o_proj,20208,2695.41
o_proj,20224,2699.14
o_proj,20240,2698.87
o_proj,20256,2700.74
o_proj,20272,2706.57
o_proj,20288,2706.7
o_proj,20304,2693.13
o_proj,20320,2695.78
o_proj,20336,2695.45
o_proj,20352,2700.34
o_proj,20368,2701.82
o_proj,20384,2710.15
o_proj,20400,2699.26
o_proj,20416,2706.72
o_proj,20432,2694.19
o_proj,20448,2697.1
o_proj,20464,2701.72
o_proj,20480,2694.25
o_proj,20496,2710.37
o_proj,20512,2715.42
o_proj,20528,2713.52
o_proj,20544,2704.71
o_proj,20560,2699.03
o_proj,20576,2691.68
o_proj,20592,2697.28
o_proj,20608,2694.58
o_proj,20624,2828.29
o_proj,20640,2837.55
o_proj,20656,2837.5
o_proj,20672,2839.46
o_proj,20688,2825.56
o_proj,20704,2829.62
o_proj,20720,2822.31
o_proj,20736,2824.7
o_proj,20752,2837.59
o_proj,20768,2847.05
o_proj,20784,2849.01
o_proj,20800,2838.83
o_proj,20816,2831.11
o_proj,20832,2822.16
o_proj,20848,2815.3
o_proj,20864,2831.58
o_proj,20880,2840.05
o_proj,20896,2849.57
o_proj,20912,2832.78
o_proj,20928,2840.81
o_proj,20944,2836.54
o_proj,20960,2840.95
o_proj,20976,2825.99
o_proj,20992,2825
o_proj,21008,2847.07
o_proj,21024,2852.48
o_proj,21040,2842.01
o_proj,21056,2844.01
o_proj,21072,2831.37
o_proj,21088,2833.57
o_proj,21104,2832.11
o_proj,21120,2839.74
o_proj,21136,2851.48
o_proj,21152,2852.57
o_proj,21168,2849.31
o_proj,21184,2846.72
o_proj,21200,2830.08
o_proj,21216,2848.35
o_proj,21232,2838.02
o_proj,21248,2840.25
o_proj,21264,2855.13
o_proj,21280,2853.97
o_proj,21296,2848.9
o_proj,21312,2848.89
o_proj,21328,2832.14
o_proj,21344,2853.59
o_proj,21360,2843.11
o_proj,21376,2832.28
o_proj,21392,2854.8
o_proj,21408,2859.6
o_proj,21424,2856.92
o_proj,21440,2856.52
o_proj,21456,2848.9
o_proj,21472,2850.58
o_proj,21488,2839.92
o_proj,21504,2846.8
o_proj,21520,2846.26
o_proj,21536,2849.72
o_proj,21552,2857.49
o_proj,21568,2849.69
o_proj,21584,2845.04
o_proj,21600,2844.95
o_proj,21616,2842.27
o_proj,21632,2843.38
o_proj,21648,2855.28
o_proj,21664,2859.33
o_proj,21680,2851.74
o_proj,21696,2858.32
o_proj,21712,2833.91
o_proj,21728,2842.53
o_proj,21744,2834.19
o_proj,21760,2835.38
o_proj,21776,2983.68
o_proj,21792,2988.81
o_proj,21808,2988.9
o_proj,21824,2986.56
o_proj,21840,2971.05
o_proj,21856,2988.7
o_proj,21872,2977.27
o_proj,21888,2970.18
o_proj,21904,2987.7
o_proj,21920,2983.27
o_proj,21936,2985.8
o_proj,21952,2982.95
o_proj,21968,2965.17
o_proj,21984,2990.95
o_proj,22000,2986.61
o_proj,22016,2964
o_proj,22032,2994.63
o_proj,22048,2988.05
o_proj,22064,2983.39
o_proj,22080,2993.9
o_proj,22096,2982.77
o_proj,22112,2979.35
o_proj,22128,2982.83
o_proj,22144,2990.5
o_proj,22160,2991.72
o_proj,22176,2996.33
o_proj,22192,2990.42
o_proj,22208,2996.19
o_proj,22224,2985.81
o_proj,22240,2983.29
o_proj,22256,2982.86
o_proj,22272,2976.18
o_proj,22288,2991.78
o_proj,22304,2997.68
o_proj,22320,2992.24
o_proj,22336,2989.97
o_proj,22352,2974.46
o_proj,22368,2989.81
o_proj,22384,2998.82
o_proj,22400,2980.64
o_proj,22416,2999.39
o_proj,22432,3005.27
o_proj,22448,2996.7
o_proj,22464,2997.8
o_proj,22480,2999.18
o_proj,22496,2990.24
o_proj,22512,2993.94
o_proj,22528,2996.91
o_proj,22544,3002.3
o_proj,22560,3013.26
o_proj,22576,3000.66
o_proj,22592,2996.87
o_proj,22608,3001.4
o_proj,22624,3008.16
o_proj,22640,2999.41
o_proj,22656,2987.31
o_proj,22672,2993.62
o_proj,22688,3023.52
o_proj,22704,2997.59
o_proj,22720,2997.05
o_proj,22736,3001.57
o_proj,22752,2993.42
o_proj,22768,2998.58
o_proj,22784,2995.26
o_proj,22800,3136.65
o_proj,22816,3212.99
o_proj,22832,3129.6
o_proj,22848,3125.05
o_proj,22864,3124.28
o_proj,22880,3132.55
o_proj,22896,3123.31
o_proj,22912,3120.33
o_proj,22928,3143.3
o_proj,22944,3144.06
o_proj,22960,3126.89
o_proj,22976,3136.85
o_proj,22992,3128.88
o_proj,23008,3141.57
o_proj,23024,3128.9
o_proj,23040,3113.41
o_proj,23056,3146.66
o_proj,23072,3146.08
o_proj,23088,3156.83
o_proj,23104,3128.81
o_proj,23120,3131.04
o_proj,23136,3147.36
o_proj,23152,3128.39
o_proj,23168,3128.02
o_proj,23184,3139.08
o_proj,23200,3158.38
o_proj,23216,3145.52
o_proj,23232,3131.78
o_proj,23248,3131.84
o_proj,23264,3134.08
o_proj,23280,3129.72
o_proj,23296,3134.27
o_proj,23312,3155.72
o_proj,23328,3161.65
o_proj,23344,3153.74
o_proj,23360,3137.29
o_proj,23376,3138.57
o_proj,23392,3151.9
o_proj,23408,3140.87
o_proj,23424,3127.9
o_proj,23440,3150.14
o_proj,23456,3155.63
o_proj,23472,3154.53
o_proj,23488,3130.86
o_proj,23504,3145.89
o_proj,23520,3144.5
o_proj,23536,3133.89
o_proj,23552,3142.14
o_proj,23568,3151.33
o_proj,23584,3163.11
o_proj,23600,3154.63
o_proj,23616,3141.17
o_proj,23632,3141.33
o_proj,23648,3160.19
o_proj,23664,3146.19
o_proj,23680,3138.12
o_proj,23696,3162.85
o_proj,23712,3164.37
o_proj,23728,3164.25
o_proj,23744,3141.38
o_proj,23760,3139.64
o_proj,23776,3157.66
o_proj,23792,3144.94
o_proj,23808,3139.81
o_proj,23824,3151.77
o_proj,23840,3165.85
o_proj,23856,3155.98
o_proj,23872,3151.23
o_proj,23888,3143.01
o_proj,23904,3160.23
o_proj,23920,3141.48
o_proj,23936,3144.33
o_proj,23952,3296.91
o_proj,23968,3277.46
o_proj,23984,3276.87
o_proj,24000,3285.46
o_proj,24016,3270.5
o_proj,24032,3290.72
o_proj,24048,3268.88
o_proj,24064,3266.3
o_proj,24080,3282.65
o_proj,24096,3294.86
o_proj,24112,3285.03
o_proj,24128,3272.96
o_proj,24144,3269.72
o_proj,24160,3292.76
o_proj,24176,3269.67
o_proj,24192,3267.5
o_proj,24208,3288.99
o_proj,24224,3301.06
o_proj,24240,3297.2
o_proj,24256,3272.33
o_proj,24272,3270.98
o_proj,24288,3298.72
o_proj,24304,3271.12
o_proj,24320,3272.14
o_proj,24336,3296.82
o_proj,24352,3305.22
o_proj,24368,3297.35
o_proj,24384,3275.59
o_proj,24400,3278.97
o_proj,24416,3299.03
o_proj,24432,3274.23
o_proj,24448,3278.25
o_proj,24464,3309.56
o_proj,24480,3308.08
o_proj,24496,3297.98
o_proj,24512,3299.31
o_proj,24528,3282.32
o_proj,24544,3299
o_proj,24560,3285.94
o_proj,24576,3281.86
o_proj,24592,3307.93
o_proj,24608,3292.49
o_proj,24624,3291.6
o_proj,24640,3291.24
o_proj,24656,3282.3
o_proj,24672,3307.25
o_proj,24688,3283.28
o_proj,24704,3281.59
o_proj,24720,3299.94
o_proj,24736,3309.31
o_proj,24752,3306.36
o_proj,24768,3291.13
o_proj,24784,3283.6
o_proj,24800,3306.73
o_proj,24816,3284.39
o_proj,24832,3281.83
o_proj,24848,3298.74
o_proj,24864,3307.8
o_proj,24880,3307.39
o_proj,24896,3299
o_proj,24912,3286.46
o_proj,24928,3310.96
o_proj,24944,3283.11
o_proj,24960,3282.28
o_proj,24976,3428.89
o_proj,24992,3438.59
o_proj,25008,3437.5
o_proj,25024,3420.67
o_proj,25040,3410.89
o_proj,25056,3418.83
o_proj,25072,3410.06
o_proj,25088,3409.23
o_proj,25104,3435.55
o_proj,25120,3440.16
o_proj,25136,3445.59
o_proj,25152,3429.87
o_proj,25168,3414.85
o_proj,25184,3436.57
o_proj,25200,3413.69
o_proj,25216,3414.31
o_proj,25232,3441.59
o_proj,25248,3438.33
o_proj,25264,3438.89
o_proj,25280,3429.53
o_proj,25296,3411.07
o_proj,25312,3421.44
o_proj,25328,3416.64
o_proj,25344,3409.93
o_proj,25360,3440.86
o_proj,25376,3451.05
o_proj,25392,3442.82
o_proj,25408,3433.04
o_proj,25424,3421.05
o_proj,25440,3442.3
o_proj,25456,3413.7
o_proj,25472,3412.9
o_proj,25488,3447.15
o_proj,25504,3447.31
o_proj,25520,3443.82
o_proj,25536,3439.94
o_proj,25552,3426.6
o_proj,25568,3438.7
o_proj,25584,3427.38
o_proj,25600,3414.78
o_proj,25616,3450.62
o_proj,25632,3449.91
o_proj,25648,3441.67
o_proj,25664,3442.68
o_proj,25680,3426.05
o_proj,25696,3450.23
o_proj,25712,3423.41
o_proj,25728,3425.91
o_proj,25744,3452.48
o_proj,25760,3441.85
o_proj,25776,3440.74
o_proj,25792,3434.41
o_proj,25808,3426.08
o_proj,25824,3454.2
o_proj,25840,3433.34
o_proj,25856,3426.42
o_proj,25872,3446.58
o_proj,25888,3458
o_proj,25904,3449.22
o_proj,25920,3434.29
o_proj,25936,3425.48
o_proj,25952,3450.7
o_proj,25968,3419.81
o_proj,25984,3429.04
o_proj,26000,3452.45
o_proj,26016,3452.63
o_proj,26032,3449.36
o_proj,26048,3434.14
o_proj,26064,3426.64
o_proj,26080,3451.92
o_proj,26096,3424.86
o_proj,26112,3424.84
o_proj,26128,3577.83
o_proj,26144,3588.03
o_proj,26160,3579.75
o_proj,26176,3552.58
o_proj,26192,3554.14
o_proj,26208,3565.31
o_proj,26224,3550.97
o_proj,26240,3553.55
o_proj,26256,3570.06
o_proj,26272,3592.84
o_proj,26288,3584.42
o_proj,26304,3581.18
o_proj,26320,3560.17
o_proj,26336,3579.75
o_proj,26352,3553.68
o_proj,26368,3548.24
o_proj,26384,3585.48
o_proj,26400,3599.46
o_proj,26416,3579.62
o_proj,26432,3566.41
o_proj,26448,3566.35
o_proj,26464,3583.35
o_proj,26480,3559.86
o_proj,26496,3538.73
o_proj,26512,3580.69
o_proj,26528,3583.35
o_proj,26544,3585.61
o_proj,26560,3574.7
o_proj,26576,3572.45
o_proj,26592,3569.9
o_proj,26608,3555.12
o_proj,26624,3559.3
o_proj,26640,3596.41
o_proj,26656,3590.7
o_proj,26672,3595.51
o_proj,26688,3563.86
o_proj,26704,3554.52
o_proj,26720,3597.97
o_proj,26736,3565.96
o_proj,26752,3653.14
o_proj,26768,3598.16
o_proj,26784,3613.04
o_proj,26800,3596.24
o_proj,26816,3574.71
o_proj,26832,3577.67
o_proj,26848,3595.04
o_proj,26864,3567.18
o_proj,26880,3569.83
o_proj,26896,3596.28
o_proj,26912,3605.44
o_proj,26928,3597.48
o_proj,26944,3595.22
o_proj,26960,3568
o_proj,26976,3593.22
o_proj,26992,3567.67
o_proj,27008,3566.89
o_proj,27024,3593.39
o_proj,27040,3614.12
o_proj,27056,3598.25
o_proj,27072,3586.37
o_proj,27088,3578.33
o_proj,27104,3578.97
o_proj,27120,3574.57
o_proj,27136,3568.19
o_proj,27152,3719.68
o_proj,27168,3739.82
o_proj,27184,3722.92
o_proj,27200,3703.21
o_proj,27216,3692.84
o_proj,27232,3709.91
o_proj,27248,3693.6
o_proj,27264,3693.84
o_proj,27280,3707.32
o_proj,27296,3725.25
o_proj,27312,3710.59
o_proj,27328,3715.65
o_proj,27344,3694.02
o_proj,27360,3722.59
o_proj,27376,3694.58
o_proj,27392,3693.39
o_proj,27408,3723.91
o_proj,27424,3744.38
o_proj,27440,3723.1
o_proj,27456,3715.29
o_proj,27472,3688.83
o_proj,27488,3722.25
o_proj,27504,3708.43
o_proj,27520,3694.94
o_proj,27536,3729.65
o_proj,27552,3758.23
o_proj,27568,3726.75
o_proj,27584,3718.82
o_proj,27600,3701.13
o_proj,27616,3732.6
o_proj,27632,3708.81
o_proj,27648,3697.83
o_proj,27664,3737.8
o_proj,27680,3758.25
o_proj,27696,3734.38
o_proj,27712,3736.68
o_proj,27728,3719.98
o_proj,27744,3742.31
o_proj,27760,3716.24
o_proj,27776,3703.42
o_proj,27792,3739.56
o_proj,27808,3768.53
o_proj,27824,3737.75
o_proj,27840,3737.86
o_proj,27856,3727.5
o_proj,27872,3736.77
o_proj,27888,3715.93
o_proj,27904,3707.8
o_proj,27920,3736.77
o_proj,27936,3754.94
o_proj,27952,3735.94
o_proj,27968,3709.5
o_proj,27984,3718.2
o_proj,28000,3738.27
o_proj,28016,3716.5
o_proj,28032,3713.26
o_proj,28048,3734.7
o_proj,28064,3745.79
o_proj,28080,3726.77
o_proj,28096,3738.75
o_proj,28112,3710.45
o_proj,28128,3740.43
o_proj,28144,3718.81
o_proj,28160,3708.62
o_proj,28176,3758.15
o_proj,28192,3727.88
o_proj,28208,3757.08
o_proj,28224,3739.28
o_proj,28240,3758.52
o_proj,28256,3709.45
o_proj,28272,3743.09
o_proj,28288,3711.48
o_proj,28304,3886.96
o_proj,28320,3844.61
o_proj,28336,3867.51
o_proj,28352,3857.61
o_proj,28368,3877.84
o_proj,28384,3837.22
o_proj,28400,3877.62
o_proj,28416,3839.85
o_proj,28432,3897.1
o_proj,28448,3860.63
o_proj,28464,3901.18
o_proj,28480,3867.95
o_proj,28496,3877.4
o_proj,28512,3837.03
o_proj,28528,3869.27
o_proj,28544,3838.5
o_proj,28560,3897.12
o_proj,28576,3864.9
o_proj,28592,3890.08
o_proj,28608,3870.98
o_proj,28624,3871.44
o_proj,28640,3838.45
o_proj,28656,3868.86
o_proj,28672,3841.46
o_proj,28688,3904.54
o_proj,28704,3858.01
o_proj,28720,3892.65
o_proj,28736,3877.61
o_proj,28752,3882.23
o_proj,28768,3844.37
o_proj,28784,3883.19
o_proj,28800,3842.75
o_proj,28816,3911.36
o_proj,28832,3883.53
o_proj,28848,3907.56
o_proj,28864,3881.13
o_proj,28880,3899.98
o_proj,28896,3860.4
o_proj,28912,3878.45
o_proj,28928,3850.73
o_proj,28944,3909.89
o_proj,28960,3870.83
o_proj,28976,3900.68
o_proj,28992,3869.74
o_proj,29008,3900.84
o_proj,29024,3843.53
o_proj,29040,3892.27
o_proj,29056,3852.36
o_proj,29072,3914.51
o_proj,29088,3880.26
o_proj,29104,3909.29
o_proj,29120,3882.71
o_proj,29136,3899.89
o_proj,29152,3847.77
o_proj,29168,3883.2
o_proj,29184,3852.56
o_proj,29200,3892.8
o_proj,29216,3880.39
o_proj,29232,3910.47
o_proj,29248,3873.91
o_proj,29264,3903.72
o_proj,29280,3850.61
o_proj,29296,3881.26
o_proj,29312,3852.94
o_proj,29328,4038.91
o_proj,29344,4008.76
o_proj,29360,4017.83
o_proj,29376,4008.01
o_proj,29392,4041.89
o_proj,29408,3977.25
o_proj,29424,4029.44
o_proj,29440,3974.05
o_proj,29456,4038.82
o_proj,29472,4023.96
o_proj,29488,4041.82
o_proj,29504,4002.78
o_proj,29520,4020.66
o_proj,29536,3979.46
o_proj,29552,4017.5
o_proj,29568,3979.36
o_proj,29584,4041.54
o_proj,29600,4010.14
o_proj,29616,4039.79
o_proj,29632,4004.79
o_proj,29648,4030.87
o_proj,29664,3989.01
o_proj,29680,4042.19
o_proj,29696,3980.98
o_proj,29712,4042.06
o_proj,29728,4013.74
o_proj,29744,4045.12
o_proj,29760,4009.77
o_proj,29776,4020.5
o_proj,29792,3992.46
o_proj,29808,4015.16
o_proj,29824,3979.6
o_proj,29840,4054.53
o_proj,29856,4016.72
o_proj,29872,4050.55
o_proj,29888,4016.64
o_proj,29904,4051.41
o_proj,29920,3990.28
o_proj,29936,4044.5
o_proj,29952,3990.94
o_proj,29968,4059.3
o_proj,29984,4021.76
o_proj,30000,4054.55
o_proj,30016,4022.52
o_proj,30032,4055.16
o_proj,30048,3993.99
o_proj,30064,4044.8
o_proj,30080,3993.18
o_proj,30096,4043.92
o_proj,30112,4024.7
o_proj,30128,4055.1
o_proj,30144,4010.99
o_proj,30160,4037.72
o_proj,30176,4004.16
o_proj,30192,4047.17
o_proj,30208,3990.93
o_proj,30224,4058.67
o_proj,30240,4021.5
o_proj,30256,4055.94
o_proj,30272,4023.98
o_proj,30288,4056.84
o_proj,30304,3993.56
o_proj,30320,4053.58
o_proj,30336,3993.92
o_proj,30352,4057.3
o_proj,30368,4023
o_proj,30384,4056.38
o_proj,30400,4028.55
o_proj,30416,4054.53
o_proj,30432,3992.64
o_proj,30448,4055.45
o_proj,30464,3993.23
o_proj,30480,4186.43
o_proj,30496,4139.29
o_proj,30512,4184.21
o_proj,30528,4151.03
o_proj,30544,4182.64
o_proj,30560,4115.36
o_proj,30576,4173.33
o_proj,30592,4119.6
o_proj,30608,4184.37
o_proj,30624,4172.21
o_proj,30640,4186.72
o_proj,30656,4151.61
o_proj,30672,4184.92
o_proj,30688,4153.41
o_proj,30704,4173.88
o_proj,30720,4152.59
o_proj,30736,4188.43
o_proj,30752,4187.53
o_proj,30768,4194.33
o_proj,30784,4176.97
o_proj,30800,4186.44
o_proj,30816,4145.87
o_proj,30832,4185.32
o_proj,30848,4146.24
o_proj,30864,4201.79
o_proj,30880,4169.85
o_proj,30896,4197.64
o_proj,30912,4160.68
o_proj,30928,4190.18
o_proj,30944,4158.52
o_proj,30960,4284.09
o_proj,30976,4123.6
o_proj,30992,4197.45
o_proj,31008,4170.68
o_proj,31024,4197.59
o_proj,31040,4165.02
o_proj,31056,4199.49
o_proj,31072,4127.86
o_proj,31088,4194.29
o_proj,31104,4136.57
o_proj,31120,4200.37
o_proj,31136,4166.71
o_proj,31152,4198.74
o_proj,31168,4145.3
o_proj,31184,4186.41
o_proj,31200,4137.46
o_proj,31216,4192.03
o_proj,31232,4135.78
o_proj,31248,4199.87
o_proj,31264,4166.54
o_proj,31280,4200.09
o_proj,31296,4169.12
o_proj,31312,4188.8
o_proj,31328,4134.7
o_proj,31344,4200.44
o_proj,31360,4136.98
o_proj,31376,4201.12
o_proj,31392,4154.9
o_proj,31408,4203.42
o_proj,31424,4166.32
o_proj,31440,4201.38
o_proj,31456,4151.17
o_proj,31472,4200.29
o_proj,31488,4133.34
o_proj,31504,4323.53
o_proj,31520,4292.44
o_proj,31536,4329.96
o_proj,31552,4289.58
o_proj,31568,4313.66
o_proj,31584,4260.24
o_proj,31600,4326.72
o_proj,31616,4260.95
o_proj,31632,4329.22
o_proj,31648,4306.3
o_proj,31664,4340.22
o_proj,31680,4317.45
o_proj,31696,4326.66
o_proj,31712,4293.72
o_proj,31728,4325.89
o_proj,31744,4291.63
o_proj,31760,4347.57
o_proj,31776,4317.3
o_proj,31792,4342.11
o_proj,31808,4316.75
o_proj,31824,4331.87
o_proj,31840,4267.52
o_proj,31856,4329.56
o_proj,31872,4258.16
o_proj,31888,4331.66
o_proj,31904,4292.85
o_proj,31920,4331.33
o_proj,31936,4298
o_proj,31952,4332.67
o_proj,31968,4268.25
o_proj,31984,4330.73
o_proj,32000,4285.77
o_proj,32016,4359.28
o_proj,32032,4335.2
o_proj,32048,4338.67
o_proj,32064,4326.04
o_proj,32080,4335.07
o_proj,32096,4308.04
o_proj,32112,4340.93
o_proj,32128,4300.62
o_proj,32144,4356.38
o_proj,32160,4348.76
o_proj,32176,4346.93
o_proj,32192,4330.63
o_proj,32208,4344.46
o_proj,32224,4307.32
o_proj,32240,4347.31
o_proj,32256,4308.85
o_proj,32272,4357.25
o_proj,32288,4333.35
o_proj,32304,4368.49
o_proj,32320,4321.9
o_proj,32336,4343.67
o_proj,32352,4310.29
o_proj,32368,4343.88
o_proj,32384,4316.37
o_proj,32400,4344.3
o_proj,32416,4328.72
o_proj,32432,4355.61
o_proj,32448,4322.69
o_proj,32464,4356.67
o_proj,32480,4318.08
o_proj,32496,4345.8
o_proj,32512,4310.98
o_proj,32528,4345.82
o_proj,32544,4348.1
o_proj,32560,4366.32
o_proj,32576,4311.25
o_proj,32592,4352.49
o_proj,32608,4317.05
o_proj,32624,4346.51
o_proj,32640,4315.34
o_proj,32656,4497.37
o_proj,32672,4460.52
o_proj,32688,4473.61
o_proj,32704,4472.34
o_proj,32720,4486.09
o_proj,32736,4445.02
o_proj,32752,4470.22
o_proj,32768,4438
qk_norm,1,2.45867
qk_norm,2,2.51217
qk_norm,3,2.55467
qk_norm,4,2.61317
qk_norm,5,2.66117
qk_norm,6,2.68817
qk_norm,7,2.73067
qk_norm,8,2.75183
qk_norm,9,2.78933
qk_norm,10,2.78417
qk_norm,11,2.8105
qk_norm,12,2.816
qk_norm,13,2.816
qk_norm,14,2.82683
qk_norm,15,2.84267
qk_norm,16,2.83733
qk_norm,20,2.91767
qk_norm,24,2.90133
qk_norm,28,2.93333
qk_norm,32,2.97067
qk_norm,36,2.98667
qk_norm,40,3.03467
qk_norm,44,3.045
qk_norm,48,3.06667
qk_norm,52,3.13067
qk_norm,56,3.1575
qk_norm,60,3.16267
qk_norm,64,3.22133
qk_norm,80,3.6105
qk_norm,96,3.9095
qk_norm,112,4.03217
qk_norm,128,4.155
qk_norm,144,4.92267
qk_norm,160,5.152
qk_norm,176,5.3335
qk_norm,192,5.456
qk_norm,208,5.75983
qk_norm,224,6.0425
qk_norm,240,6.20267
qk_norm,256,6.27733
qk_norm,272,6.76267
qk_norm,288,7.3815
qk_norm,304,7.59483
qk_norm,320,7.81367
qk_norm,336,8.027
qk_norm,352,8.31467
qk_norm,368,8.53867
qk_norm,384,8.73067
qk_norm,400,8.38933
qk_norm,416,8.688
qk_norm,432,9.15733
qk_norm,448,9.31783
qk_norm,464,9.632
qk_norm,480,9.87717
qk_norm,496,10.1228
qk_norm,512,10.2828
qk_norm,528,11.1523
qk_norm,544,11.3228
qk_norm,560,11.7068
qk_norm,576,11.9947
qk_norm,592,12.2772
qk_norm,608,12.592
qk_norm,624,12.8002
qk_norm,640,12.9707
qk_norm,656,13.3707
qk_norm,672,13.515
qk_norm,688,13.7333
qk_norm,704,14.1228
qk_norm,720,14.4803
qk_norm,736,14.6882
qk_norm,752,14.8748
qk_norm,768,15.1682
qk_norm,784,15.3813
qk_norm,800,15.6908
qk_norm,816,15.8723
qk_norm,832,16.059
qk_norm,848,16.4693
qk_norm,864,16.6828
qk_norm,880,16.9548
qk_norm,896,17.2482
qk_norm,912,17.5093
qk_norm,928,17.7012
qk_norm,944,18.0272
qk_norm,960,18.1975
qk_norm,976,18.4055
qk_norm,992,18.7042
qk_norm,1008,19.0402
qk_norm,1024,19.168
qk_norm,1040,19.2908
qk_norm,1056,19.5255
qk_norm,1072,19.7442
qk_norm,1088,20.0643
qk_norm,1104,20.272
qk_norm,1120,20.539
qk_norm,1136,20.7897
qk_norm,1152,21.168
qk_norm,1168,21.4293
qk_norm,1184,21.6057
qk_norm,1200,21.9628
qk_norm,1216,22.1923
qk_norm,1232,22.3787
qk_norm,1248,22.6403
qk_norm,1264,22.8858
qk_norm,1280,23.2163
qk_norm,1296,23.5308
qk_norm,1312,23.7657
qk_norm,1328,23.9948
qk_norm,1344,24.219
qk_norm,1360,24.4748
qk_norm,1376,24.7095
qk_norm,1392,24.9282
qk_norm,1408,25.2375
qk_norm,1424,25.5362
qk_norm,1440,25.7708
qk_norm,1456,26.0108
qk_norm,1472,26.2348
qk_norm,1488,26.4642
qk_norm,1504,26.7417
qk_norm,1520,27.0293
qk_norm,1536,27.2108
qk_norm,1552,27.3338
qk_norm,1568,27.6858
qk_norm,1584,27.9255
qk_norm,1600,28.1498
qk_norm,1616,28.4215
qk_norm,1632,28.704
qk_norm,1648,28.9123
qk_norm,1664,29.1095
qk_norm,1680,29.419
qk_norm,1696,29.6112
qk_norm,1712,29.931
qk_norm,1728,30.2563
qk_norm,1744,30.4588
qk_norm,1760,30.6988
qk_norm,1776,30.9762
qk_norm,1792,31.2428
qk_norm,1808,31.4832
qk_norm,1824,31.7283
qk_norm,1840,32.0483
qk_norm,1856,32.2668
qk_norm,1872,32.4693
qk_norm,1888,32.763
qk_norm,1904,33.0242
qk_norm,1920,33.2588
qk_norm,1936,33.4992
qk_norm,1952,33.803
qk_norm,1968,34.0748
qk_norm,1984,34.2563
qk_norm,2000,34.4912
qk_norm,2016,34.8217
qk_norm,2032,35.0777
qk_norm,2048,35.3712
qk_norm,2064,35.526
qk_norm,2080,35.6857
qk_norm,2096,36.0268
qk_norm,2112,36.2883
qk_norm,2128,36.555
qk_norm,2144,36.8803
qk_norm,2160,37.1578
qk_norm,2176,37.3923
qk_norm,2192,37.4405
qk_norm,2208,37.7443
qk_norm,2224,37.9472
qk_norm,2240,38.1125
qk_norm,2256,38.5177
qk_norm,2272,38.6935
qk_norm,2288,38.955
qk_norm,2304,39.4298
qk_norm,2320,39.5948
qk_norm,2336,39.8297
qk_norm,2352,40.107
qk_norm,2368,40.4058
qk_norm,2384,40.5445
qk_norm,2400,40.8858
qk_norm,2416,41.1578
qk_norm,2432,41.3712
qk_norm,2448,41.6482
qk_norm,2464,41.9363
qk_norm,2480,42.0272
qk_norm,2496,42.4165
qk_norm,2512,42.7312
qk_norm,2528,42.8485
qk_norm,2544,43.0243
qk_norm,2560,43.3233
qk_norm,2576,43.6697
qk_norm,2592,43.8352
qk_norm,2608,44.091
qk_norm,2624,44.3792
qk_norm,2640,44.6135
qk_norm,2656,44.891
qk_norm,2672,45.2377
qk_norm,2688,45.4455
qk_norm,2704,45.483
qk_norm,2720,45.7498
qk_norm,2736,46.0058
qk_norm,2752,46.2405
qk_norm,2768,46.5925
qk_norm,2784,46.8273
qk_norm,2800,47.0353
qk_norm,2816,47.3393
qk_norm,2832,47.5628
qk_norm,2848,47.8885
qk_norm,2864,48.0912
qk_norm,2880,48.379
qk_norm,2896,48.6298
qk_norm,2912,48.8378
qk_norm,2928,49.0887
qk_norm,2944,49.3393
qk_norm,2960,49.6432
qk_norm,2976,49.931
qk_norm,2992,50.1552
qk_norm,3008,50.4007
qk_norm,3024,50.6725
qk_norm,3040,50.8963
qk_norm,3056,51.2112
qk_norm,3072,51.4247
qk_norm,3088,51.7393
qk_norm,3104,52.0165
qk_norm,3120,52.2085
qk_norm,3136,52.4485
qk_norm,3152,52.7687
qk_norm,3168,52.9072
qk_norm,3184,53.1367
qk_norm,3200,53.3873
qk_norm,3216,53.6538
qk_norm,3232,53.8192
qk_norm,3248,54.0325
qk_norm,3264,54.3368
qk_norm,3280,54.63
qk_norm,3296,54.8538
qk_norm,3312,55.0938
qk_norm,3328,55.3285
qk_norm,3344,55.6647
qk_norm,3360,55.9045
qk_norm,3376,56.1765
qk_norm,3392,56.4913
qk_norm,3408,56.6887
qk_norm,3424,56.998
qk_norm,3440,57.2272
qk_norm,3456,57.5367
qk_norm,3472,57.7075
qk_norm,3488,58.054
qk_norm,3504,58.214
qk_norm,3520,58.4115
qk_norm,3536,58.7525
qk_norm,3552,59.0462
qk_norm,3568,59.286
qk_norm,3584,59.4832
qk_norm,3600,59.814
qk_norm,3616,60.0858
qk_norm,3632,60.4167
qk_norm,3648,60.5982
qk_norm,3664,60.8008
qk_norm,3680,61.0195
qk_norm,3696,61.2805
qk_norm,3712,61.4672
qk_norm,3728,61.7073
qk_norm,3744,61.958
qk_norm,3760,62.2568
qk_norm,3776,62.438
qk_norm,3792,62.5928
qk_norm,3808,62.9713
qk_norm,3824,63.078
qk_norm,3840,63.478
qk_norm,3856,63.7873
qk_norm,3872,63.9688
qk_norm,3888,64.134
qk_norm,3904,64.5128
qk_norm,3920,64.774
qk_norm,3936,64.9608
qk_norm,3952,65.2755
qk_norm,3968,65.4727
qk_norm,3984,65.809
qk_norm,4000,66.1342
qk_norm,4016,66.3098
qk_norm,4032,66.5393
qk_norm,4048,66.7688
qk_norm,4064,67.0568
qk_norm,4080,67.2702
qk_norm,4096,67.5315
qk_norm,4112,67.7983
qk_norm,4128,68.1288
qk_norm,4144,68.2833
qk_norm,4160,68.5395
qk_norm,4176,68.9445
qk_norm,4192,69.206
qk_norm,4208,69.2645
qk_norm,4224,69.5423
qk_norm,4240,69.8353
qk_norm,4256,70.118
qk_norm,4272,70.4277
qk_norm,4288,70.5502
qk_norm,4304,70.849
qk_norm,4320,71.0247
qk_norm,4336,71.2488
qk_norm,4352,71.51
qk_norm,4368,71.8357
qk_norm,4384,72.0593
qk_norm,4400,72.4165
qk_norm,4416,72.5022
qk_norm,4432,72.7742
qk_norm,4448,73.0462
qk_norm,4464,73.1688
qk_norm,4480,73.5317
qk_norm,4496,73.7982
qk_norm,4512,74.0703
qk_norm,4528,74.3635
qk_norm,4544,74.6037
qk_norm,4560,74.8222
qk_norm,4576,75.1155
qk_norm,4592,75.3717
qk_norm,4608,75.5848
qk_norm,4624,75.7183
qk_norm,4640,75.9102
qk_norm,4656,76.1928
qk_norm,4672,76.4222
qk_norm,4688,76.7423
qk_norm,4704,77.0035
qk_norm,4720,77.2757
qk_norm,4736,77.6118
qk_norm,4752,77.7822
qk_norm,4768,78.097
qk_norm,4784,78.2515
qk_norm,4800,78.4917
qk_norm,4816,78.7635
qk_norm,4832,79.0568
qk_norm,4848,79.3343
qk_norm,4864,79.5265
qk_norm,4880,79.6545
qk_norm,4896,79.9103
qk_norm,4912,80.193
qk_norm,4928,80.4383
qk_norm,4944,80.7423
qk_norm,4960,81.0518
qk_norm,4976,81.2867
qk_norm,4992,81.5157
qk_norm,5008,81.8143
qk_norm,5024,82.0915
qk_norm,5040,82.3528
qk_norm,5056,82.5822
qk_norm,5072,82.8917
qk_norm,5088,83.121
qk_norm,5104,83.361
qk_norm,5120,83.6383
qk_norm,5136,83.9157
qk_norm,5152,84.1557
qk_norm,5168,84.385
qk_norm,5184,84.5667
qk_norm,5200,84.929
qk_norm,5216,85.1798
qk_norm,5232,85.4887
qk_norm,5248,85.6543
qk_norm,5264,85.9317
qk_norm,5280,86.1558
qk_norm,5296,86.417
qk_norm,5312,86.6517
qk_norm,5328,86.9078
qk_norm,5344,87.2385
qk_norm,5360,87.425
qk_norm,5376,87.7395
qk_norm,5392,87.8625
qk_norm,5408,88.0867
qk_norm,5424,88.2302
qk_norm,5440,88.4758
qk_norm,5456,88.7158
qk_norm,5472,89.0197
qk_norm,5488,89.3182
qk_norm,5504,89.5213
qk_norm,5520,89.841
qk_norm,5536,90.0975
qk_norm,5552,90.2947
qk_norm,5568,90.6143
qk_norm,5584,90.8703
qk_norm,5600,91.0785
qk_norm,5616,91.441
qk_norm,5632,91.6492
qk_norm,5648,91.9267
qk_norm,5664,92.1608
qk_norm,5680,92.4278
qk_norm,5696,92.7103
qk_norm,5712,92.9665
qk_norm,5728,93.228
qk_norm,5744,93.4518
qk_norm,5760,93.6972
qk_norm,5776,93.9853
qk_norm,5792,94.1718
qk_norm,5808,94.6572
qk_norm,5824,94.7423
qk_norm,5840,94.9665
qk_norm,5856,95.2653
qk_norm,5872,95.6278
qk_norm,5888,95.7827
qk_norm,5904,96.0972
qk_norm,5920,96.209
qk_norm,5936,96.545
qk_norm,5952,96.7373
qk_norm,5968,96.9342
qk_norm,5984,97.2865
qk_norm,6000,97.4893
qk_norm,6016,97.7558
qk_norm,6032,97.9907
qk_norm,6048,98.1827
qk_norm,6064,98.4495
qk_norm,6080,98.7265
qk_norm,6096,98.9507
qk_norm,6112,99.132
qk_norm,6128,99.4627
qk_norm,6144,99.6493
qk_norm,6160,99.8733
qk_norm,6176,100.135
qk_norm,6192,100.465
qk_norm,6208,100.775
qk_norm,6224,101.143
qk_norm,6240,101.233
qk_norm,6256,101.537
qk_norm,6272,101.735
qk_norm,6288,102.06
qk_norm,6304,102.375
qk_norm,6320,102.572
qk_norm,6336,102.737
qk_norm,6352,103.148
qk_norm,6368,103.185
qk_norm,6384,103.532
qk_norm,6400,103.815
qk_norm,6416,104.049
qk_norm,6432,104.3
qk_norm,6448,104.529
qk_norm,6464,104.833
qk_norm,6480,105.042
qk_norm,6496,105.356
qk_norm,6512,105.489
qk_norm,6528,105.82
qk_norm,6544,105.975
qk_norm,6560,106.215
qk_norm,6576,106.407
qk_norm,6592,106.673
qk_norm,6608,106.919
qk_norm,6624,107.159
qk_norm,6640,107.473
qk_norm,6656,107.649
qk_norm,6672,108.023
qk_norm,6688,108.231
qk_norm,6704,108.455
qk_norm,6720,108.759
qk_norm,6736,109.031
qk_norm,6752,109.329
qk_norm,6768,109.532
qk_norm,6784,109.777
qk_norm,6800,110.044
qk_norm,6816,110.311
qk_norm,6832,110.545
qk_norm,6848,110.817
qk_norm,6864,111.132
qk_norm,6880,111.436
qk_norm,6896,111.543
qk_norm,6912,111.836
qk_norm,6928,112.103
qk_norm,6944,112.417
qk_norm,6960,112.636
qk_norm,6976,112.839
qk_norm,6992,113.132
qk_norm,7008,113.495
qk_norm,7024,113.618
qk_norm,7040,113.906
qk_norm,7056,113.948
qk_norm,7072,114.247
qk_norm,7088,114.455
qk_norm,7104,114.737
qk_norm,7120,114.962
qk_norm,7136,115.164
qk_norm,7152,115.457
qk_norm,7168,115.772
qk_norm,7184,115.425
qk_norm,7200,115.367
qk_norm,7216,115.618
qk_norm,7232,115.863
qk_norm,7248,117.036
qk_norm,7264,115.644
qk_norm,7280,115.97
qk_norm,7296,116.14
qk_norm,7312,115.666
qk_norm,7328,115.847
qk_norm,7344,116.167
qk_norm,7360,118.812
qk_norm,7376,119.159
qk_norm,7392,119.335
qk_norm,7408,119.671
qk_norm,7424,119.873
qk_norm,7440,120.162
qk_norm,7456,120.402
qk_norm,7472,120.695
qk_norm,7488,116.775
qk_norm,7504,116.225
qk_norm,7520,116.322
qk_norm,7536,116.674
qk_norm,7552,116.887
qk_norm,7568,122.21
qk_norm,7584,112.898
qk_norm,7600,112.972
qk_norm,7616,113.26
qk_norm,7632,112.711
qk_norm,7648,112.973
qk_norm,7664,113.18
qk_norm,7680,113.415
qk_norm,7696,113.554
qk_norm,7712,113.836
qk_norm,7728,114.098
qk_norm,7744,124.861
qk_norm,7760,125.116
qk_norm,7776,125.394
qk_norm,7792,114.252
qk_norm,7808,114.572
qk_norm,7824,114.769
qk_norm,7840,113.586
qk_norm,7856,113.767
qk_norm,7872,113.543
qk_norm,7888,113.762
qk_norm,7904,113.969
qk_norm,7920,114.156
qk_norm,7936,114.434
qk_norm,7952,122.332
qk_norm,7968,126.402
qk_norm,7984,128.764
qk_norm,8000,120.471
qk_norm,8016,115.602
qk_norm,8032,116.359
qk_norm,8048,116.236
qk_norm,8064,116.396
qk_norm,8080,116.599
qk_norm,8096,116.919
qk_norm,8112,117.047
qk_norm,8128,117.313
qk_norm,8144,117.442
qk_norm,8160,117.745
qk_norm,8176,117.97
qk_norm,8192,118.114
qk_norm,8208,118.236
qk_norm,8224,118.444
qk_norm,8240,118.69
qk_norm,8256,118.871
qk_norm,8272,119.127
qk_norm,8288,119.356
qk_norm,8304,119.596
qk_norm,8320,119.879
qk_norm,8336,120.135
qk_norm,8352,120.3
qk_norm,8368,120.631
qk_norm,8384,120.845
qk_norm,8400,120.919
qk_norm,8416,121.197
qk_norm,8432,121.533
qk_norm,8448,121.703
qk_norm,8464,121.938
qk_norm,8480,122.183
qk_norm,8496,122.407
qk_norm,8512,122.642
qk_norm,8528,122.903
qk_norm,8544,123.148
qk_norm,8560,123.303
qk_norm,8576,123.548
qk_norm,8592,123.751
qk_norm,8608,124.013
qk_norm,8624,124.221
qk_norm,8640,124.514
qk_norm,8656,124.722
qk_norm,8672,124.989
qk_norm,8688,125.271
qk_norm,8704,125.373
qk_norm,8720,125.266
qk_norm,8736,125.533
qk_norm,8752,125.783
qk_norm,8768,126.146
qk_norm,8784,126.252
qk_norm,8800,126.914
qk_norm,8816,126.695
qk_norm,8832,126.861
qk_norm,8848,127.218
qk_norm,8864,127.356
qk_norm,8880,127.65
qk_norm,8896,128.012
qk_norm,8912,128.951
qk_norm,8928,129.191
qk_norm,8944,129.421
qk_norm,8960,129.671
qk_norm,8976,129.847
qk_norm,8992,130.141
qk_norm,9008,130.418
qk_norm,9024,130.562
qk_norm,9040,130.834
qk_norm,9056,131.117
qk_norm,9072,131.309
qk_norm,9088,131.586
qk_norm,9104,131.789
qk_norm,9120,131.928
qk_norm,9136,132.146
qk_norm,9152,132.487
qk_norm,9168,132.669
qk_norm,9184,132.893
qk_norm,9200,133.197
qk_norm,9216,133.293
qk_norm,9232,133.437
qk_norm,9248,133.464
qk_norm,9264,133.816
qk_norm,9280,133.97
qk_norm,9296,134.338
qk_norm,9312,134.477
qk_norm,9328,134.717
qk_norm,9344,135.117
qk_norm,9360,135.218
qk_norm,9376,135.442
qk_norm,9392,135.687
qk_norm,9408,135.901
qk_norm,9424,136.13
qk_norm,9440,136.391
qk_norm,9456,136.621
qk_norm,9472,136.893
qk_norm,9488,137.106
qk_norm,9504,137.511
qk_norm,9520,137.544
qk_norm,9536,137.746
qk_norm,9552,138.029
qk_norm,9568,138.253
qk_norm,9584,138.573
qk_norm,9600,138.722
qk_norm,9616,138.962
qk_norm,9632,139.224
qk_norm,9648,139.65
qk_norm,9664,139.629
qk_norm,9680,139.901
qk_norm,9696,140.157
qk_norm,9712,140.296
qk_norm,9728,140.728
qk_norm,9744,140.472
qk_norm,9760,140.738
qk_norm,9776,140.957
qk_norm,9792,141.272
qk_norm,9808,141.501
qk_norm,9824,141.629
qk_norm,9840,142.034
qk_norm,9856,158.131
qk_norm,9872,142.743
qk_norm,9888,142.669
qk_norm,9904,142.983
qk_norm,9920,143.133
qk_norm,9936,143.496
qk_norm,9952,143.618
qk_norm,9968,143.901
qk_norm,9984,144.05
qk_norm,10000,144.893
qk_norm,10016,144.594
qk_norm,10032,145.352
qk_norm,10048,145.016
qk_norm,10064,145.32
qk_norm,10080,145.539
qk_norm,10096,145.778
qk_norm,10112,145.89
qk_norm,10128,146.205
qk_norm,10144,146.68
qk_norm,10160,146.952
qk_norm,10176,147.059
qk_norm,10192,146.963
qk_norm,10208,147.245
qk_norm,10224,147.442
qk_norm,10240,147.746
qk_norm,10256,147.832
qk_norm,10272,148.029
qk_norm,10288,148.242
qk_norm,10304,148.515
qk_norm,10320,148.749
qk_norm,10336,148.978
qk_norm,10352,149.128
qk_norm,10368,149.405
qk_norm,10384,149.592
qk_norm,10400,149.922
qk_norm,10416,150.227
qk_norm,10432,150.296
qk_norm,10448,150.53
qk_norm,10464,150.819
qk_norm,10480,150.968
qk_norm,10496,151.235
qk_norm,10512,151.928
qk_norm,10528,151.773
qk_norm,10544,152.018
qk_norm,10560,152.333
qk_norm,10576,152.52
qk_norm,10592,152.803
qk_norm,10608,153.234
qk_norm,10624,153.213
qk_norm,10640,153.55
qk_norm,10656,153.741
qk_norm,10672,153.917
qk_norm,10688,154.227
qk_norm,10704,154.376
qk_norm,10720,154.482
qk_norm,10736,172.094
qk_norm,10752,155
qk_norm,10768,155.848
qk_norm,10784,155.752
qk_norm,10800,155.998
qk_norm,10816,155.752
qk_norm,10832,156.312
qk_norm,10848,156.237
qk_norm,10864,156.477
qk_norm,10880,156.659
qk_norm,10896,157.208
qk_norm,10912,157.016
qk_norm,10928,157.427
qk_norm,10944,157.875
qk_norm,10960,157.8
qk_norm,10976,158.094
qk_norm,10992,158.254
qk_norm,11008,158.488
qk_norm,11024,159.027
qk_norm,11040,159.085
qk_norm,11056,159.299
qk_norm,11072,159.549
qk_norm,11088,159.779
qk_norm,11104,159.987
qk_norm,11120,160.221
qk_norm,11136,160.488
qk_norm,11152,160.6
qk_norm,11168,160.856
qk_norm,11184,161.107
qk_norm,11200,161.352
qk_norm,11216,161.683
qk_norm,11232,162.035
qk_norm,11248,162.419
qk_norm,11264,162.312
qk_norm,11280,163.165
qk_norm,11296,163.139
qk_norm,11312,163.336
qk_norm,11328,163.704
qk_norm,11344,164.062
qk_norm,11360,164.253
qk_norm,11376,164.312
qk_norm,11392,164.2
qk_norm,11408,164.424
qk_norm,11424,164.92
qk_norm,11440,165.694
qk_norm,11456,164.776
qk_norm,11472,165.064
qk_norm,11488,165.598
qk_norm,11504,165.496
qk_norm,11520,165.79
qk_norm,11536,166.888
qk_norm,11552,166.254
qk_norm,11568,167.139
qk_norm,11584,167.507
qk_norm,11600,167.63
qk_norm,11616,167.486
qk_norm,11632,167.528
qk_norm,11648,167.672
qk_norm,11664,167.944
qk_norm,11680,168.365
qk_norm,11696,169.224
qk_norm,11712,169.16
qk_norm,11728,169.358
qk_norm,11744,169.331
qk_norm,11760,169.827
qk_norm,11776,170.163
qk_norm,11792,170.68
qk_norm,11808,170.574
qk_norm,11824,170.776
qk_norm,11840,170.744
qk_norm,11856,171.251
qk_norm,11872,171.267
qk_norm,11888,171.747
qk_norm,11904,171.71
qk_norm,11920,171.662
qk_norm,11936,172.216
qk_norm,11952,172.67
qk_norm,11968,191.358
qk_norm,11984,172.297
qk_norm,12000,172.467
qk_norm,12016,173.054
qk_norm,12032,173.251
qk_norm,12048,174.136
qk_norm,12064,173.763
qk_norm,12080,174.563
qk_norm,12096,174.579
qk_norm,12112,174.75
qk_norm,12128,174.755
qk_norm,12144,174.963
qk_norm,12160,174.846
qk_norm,12176,175.982
qk_norm,12192,175.667
qk_norm,12208,176.302
qk_norm,12224,176.52
qk_norm,12240,176.371
qk_norm,12256,176.328
qk_norm,12272,177.102
qk_norm,12288,177.096
qk_norm,12304,177.342
qk_norm,12320,178.03
qk_norm,12336,178.281
qk_norm,12352,178.43
qk_norm,12368,177.87
qk_norm,12384,178.355
qk_norm,12400,179.08
qk_norm,12416,179.283
qk_norm,12432,179.15
qk_norm,12448,179.913
qk_norm,12464,179.534
qk_norm,12480,180.014
qk_norm,12496,180.334
qk_norm,12512,180.067
qk_norm,12528,180.857
qk_norm,12544,181.118
qk_norm,12560,180.974
qk_norm,12576,181.502
qk_norm,12592,181.662
qk_norm,12608,182.222
qk_norm,12624,181.518
qk_norm,12640,181.731
qk_norm,12656,182.414
qk_norm,12672,182.894
qk_norm,12688,183.46
qk_norm,12704,183.694
qk_norm,12720,183.849
qk_norm,12736,183.779
qk_norm,12752,184.249
qk_norm,12768,184.387
qk_norm,12784,184.094
qk_norm,12800,184.649
qk_norm,12816,185.006
qk_norm,12832,185.534
qk_norm,12848,185.427
qk_norm,12864,185.636
qk_norm,12880,185.993
qk_norm,12896,186.425
qk_norm,12912,186.041
qk_norm,12928,186.67
qk_norm,12944,187.134
qk_norm,12960,186.937
qk_norm,12976,187.156
qk_norm,12992,187.796
qk_norm,13008,188.025
qk_norm,13024,188.121
qk_norm,13040,188.004
qk_norm,13056,188.307
qk_norm,13072,188.718
qk_norm,13088,188.937
qk_norm,13104,188.718
qk_norm,13120,189.342
qk_norm,13136,189.028
qk_norm,13152,189.513
qk_norm,13168,190.073
qk_norm,13184,189.961
qk_norm,13200,190.254
qk_norm,13216,190.468
qk_norm,13232,191.204
qk_norm,13248,191.236
qk_norm,13264,191.593
qk_norm,13280,191.524
qk_norm,13296,191.63
qk_norm,13312,192.318
qk_norm,13328,192.174
qk_norm,13344,192.447
qk_norm,13360,192.889
qk_norm,13376,192.804
qk_norm,13392,193.044
qk_norm,13408,193.684
qk_norm,13424,193.865
qk_norm,13440,194.057
qk_norm,13456,194.468
qk_norm,13472,194.441
qk_norm,13488,194.831
qk_norm,13504,195.022
qk_norm,13520,195.321
qk_norm,13536,195.524
qk_norm,13552,195.774
qk_norm,13568,195.951
qk_norm,13584,195.956
qk_norm,13600,196.126
qk_norm,13616,196.574
qk_norm,13632,196.809
qk_norm,13648,196.516
qk_norm,13664,196.767
qk_norm,13680,197.353
qk_norm,13696,197.407
qk_norm,13712,197.892
qk_norm,13728,198.207
qk_norm,13744,197.934
qk_norm,13760,198.676
qk_norm,13776,198.414
qk_norm,13792,199.071
qk_norm,13808,199.236
qk_norm,13824,199.519
qk_norm,13840,199.791
qk_norm,13856,200.073
qk_norm,13872,200.255
qk_norm,13888,200.159
qk_norm,13904,200.393
qk_norm,13920,201.028
qk_norm,13936,201.279
qk_norm,13952,201.54
qk_norm,13968,201.412
qk_norm,13984,201.881
qk_norm,14000,201.817
qk_norm,14016,202.506
qk_norm,14032,202.607
qk_norm,14048,202.863
qk_norm,14064,203.193
qk_norm,14080,203.385
qk_norm,14096,203.279
qk_norm,14112,203.551
qk_norm,14128,203.652
qk_norm,14144,204.084
qk_norm,14160,204.191
qk_norm,14176,204.367
qk_norm,14192,204.553
qk_norm,14208,204.772
qk_norm,14224,205.22
qk_norm,14240,205.401
qk_norm,14256,205.22
qk_norm,14272,205.924
qk_norm,14288,204.356
qk_norm,14304,205.892
qk_norm,14320,206.564
qk_norm,14336,206.383
qk_norm,14352,206.681
qk_norm,14368,207.364
qk_norm,14384,207.417
qk_norm,14400,207.887
qk_norm,14416,206.612
qk_norm,14432,206.804
qk_norm,14448,207.225
qk_norm,14464,208.634
qk_norm,14480,208.852
qk_norm,14496,209.092
qk_norm,14512,209.37
qk_norm,14528,209.663
qk_norm,14544,208.457
qk_norm,14560,208.314
qk_norm,14576,208.842
qk_norm,14592,208.98
qk_norm,14608,208.836
qk_norm,14624,209.439
qk_norm,14640,209.716
qk_norm,14656,209.903
qk_norm,14672,210.319
qk_norm,14688,210.362
qk_norm,14704,210.121
qk_norm,14720,210.804
qk_norm,14736,211.135
qk_norm,14752,212.063
qk_norm,14768,211.092
qk_norm,14784,212.095
qk_norm,14800,211.908
qk_norm,14816,212.117
qk_norm,14832,212.522
qk_norm,14848,212.133
qk_norm,14864,212.596
qk_norm,14880,213.172
qk_norm,14896,212.959
qk_norm,14912,213.684
qk_norm,14928,215.257
qk_norm,14944,214.276
qk_norm,14960,214.357
qk_norm,14976,214.532
qk_norm,14992,214.831
qk_norm,15008,215.796
qk_norm,15024,215.855
qk_norm,15040,215.508
qk_norm,15056,215.893
qk_norm,15072,216.154
qk_norm,15088,216.202
qk_norm,15104,216.319
qk_norm,15120,216.772
qk_norm,15136,217.338
qk_norm,15152,218.037
qk_norm,15168,217.306
qk_norm,15184,217.46
qk_norm,15200,218.527
qk_norm,15216,217.951
qk_norm,15232,218.229
qk_norm,15248,218.703
qk_norm,15264,218.724
qk_norm,15280,219.45
qk_norm,15296,218.943
qk_norm,15312,219.124
qk_norm,15328,219.311
qk_norm,15344,219.78
qk_norm,15360,219.887
qk_norm,15376,220.292
qk_norm,15392,220.426
qk_norm,15408,221.114
qk_norm,15424,220.852
qk_norm,15440,221.034
qk_norm,15456,221.263
qk_norm,15472,221.599
qk_norm,15488,222.26
qk_norm,15504,222.474
qk_norm,15520,222.677
qk_norm,15536,222.981
qk_norm,15552,223.029
qk_norm,15568,222.933
qk_norm,15584,223.199
qk_norm,15600,223.311
qk_norm,15616,223.525
qk_norm,15632,223.898
qk_norm,15648,224.543
qk_norm,15664,224.863
qk_norm,15680,225.045
qk_norm,15696,225.199
qk_norm,15712,225.071
qk_norm,15728,225.162
qk_norm,15744,225.349
qk_norm,15760,226.319
qk_norm,15776,227.637
qk_norm,15792,226.853
qk_norm,15808,226.533
qk_norm,15824,226.912
qk_norm,15840,226.698
qk_norm,15856,227.231
qk_norm,15872,227.354
qk_norm,15888,227.418
qk_norm,15904,228.122
qk_norm,15920,228.271
qk_norm,15936,228.949
qk_norm,15952,228.645
qk_norm,15968,228.97
qk_norm,15984,229.098
qk_norm,16000,229.429
qk_norm,16016,229.722
qk_norm,16032,229.957
qk_norm,16048,232.485
qk_norm,16064,230.794
qk_norm,16080,230.842
qk_norm,16096,230.421
qk_norm,16112,231.466
qk_norm,16128,231.151
qk_norm,16144,230.933
qk_norm,16160,232.485
qk_norm,16176,232.65
qk_norm,16192,232.997
qk_norm,16208,232.528
qk_norm,16224,232.527
qk_norm,16240,232.736
qk_norm,16256,233.018
qk_norm,16272,233.488
qk_norm,16288,233.525
qk_norm,16304,234.165
qk_norm,16320,233.823
qk_norm,16336,234.122
qk_norm,16352,234.682
qk_norm,16368,234.378
qk_norm,16384,234.245
qk_norm,16400,234.592
qk_norm,16416,236.149
qk_norm,16432,235.888
qk_norm,16448,236.197
qk_norm,16464,236.331
qk_norm,16480,236.571
qk_norm,16496,236.346
qk_norm,16512,237.008
qk_norm,16528,237.525
qk_norm,16544,237.093
qk_norm,16560,237.824
qk_norm,16576,238.405
qk_norm,16592,237.755
qk_norm,16608,238.026
qk_norm,16624,238.224
qk_norm,16640,238.592
qk_norm,16656,238.251
qk_norm,16672,239.418
qk_norm,16688,239.685
qk_norm,16704,240.427
qk_norm,16720,240.171
qk_norm,16736,240.256
qk_norm,16752,240.128
qk_norm,16768,240.277
qk_norm,16784,240.821
qk_norm,16800,241.674
qk_norm,16816,241.525
qk_norm,16832,242.17
qk_norm,16848,241.365
qk_norm,16864,241.6
qk_norm,16880,241.824
qk_norm,16896,242.043
qk_norm,16912,242.181
qk_norm,16928,242.933
qk_norm,16944,243.136
qk_norm,16960,244.128
qk_norm,16976,243.642
qk_norm,16992,243.856
qk_norm,17008,243.936
qk_norm,17024,244.389
qk_norm,17040,244.619
qk_norm,17056,245.984
qk_norm,17072,245.654
qk_norm,17088,245.851
qk_norm,17104,246.027
qk_norm,17120,245.926
qk_norm,17136,245.952
qk_norm,17152,246.245
qk_norm,17168,246.16
qk_norm,17184,247.2
qk_norm,17200,247.547
qk_norm,17216,247.744
qk_norm,17232,247.462
qk_norm,17248,247.643
qk_norm,17264,248.442
qk_norm,17280,247.755
qk_norm,17296,249.216
qk_norm,17312,249.11
qk_norm,17328,248.474
qk_norm,17344,249.659
qk_norm,17360,249.776
qk_norm,17376,249.894
qk_norm,17392,249.728
qk_norm,17408,249.846
qk_norm,17424,250.405
qk_norm,17440,250.651
qk_norm,17456,250.507
qk_norm,17472,251.072
qk_norm,17488,250.837
qk_norm,17504,250.678
qk_norm,17520,251.35
qk_norm,17536,251.659
qk_norm,17552,252.619
qk_norm,17568,252.645
qk_norm,17584,253.099
qk_norm,17600,252.736
qk_norm,17616,253.141
qk_norm,17632,252.63
qk_norm,17648,253.739
qk_norm,17664,253.825
qk_norm,17680,252.849
qk_norm,17696,254.593
qk_norm,17712,255.328
qk_norm,17728,254.912
qk_norm,17744,254.534
qk_norm,17760,255.232
qk_norm,17776,254.795
qk_norm,17792,255.302
qk_norm,17808,256.166
qk_norm,17824,256.384
qk_norm,17840,255.985
qk_norm,17856,256.72
qk_norm,17872,256.683
qk_norm,17888,256.203
qk_norm,17904,257.552
qk_norm,17920,257.579
qk_norm,17936,258.256
qk_norm,17952,257.952
qk_norm,17968,258.288
qk_norm,17984,258.47
qk_norm,18000,258.608
qk_norm,18016,257.776
qk_norm,18032,259.014
qk_norm,18048,258.299
qk_norm,18064,260.102
qk_norm,18080,259.931
qk_norm,18096,260.128
qk_norm,18112,261.003
qk_norm,18128,260.523
qk_norm,18144,260.822
qk_norm,18160,261.056
qk_norm,18176,261.2
qk_norm,18192,260.464
qk_norm,18208,261.867
qk_norm,18224,262.102
qk_norm,18240,262.07
qk_norm,18256,262.342
qk_norm,18272,262.63
qk_norm,18288,262.955
qk_norm,18304,263.195
qk_norm,18320,264.417
qk_norm,18336,263.686
qk_norm,18352,263.686
qk_norm,18368,264.694
qk_norm,18384,264.641
qk_norm,18400,264.689
qk_norm,18416,264.699
qk_norm,18432,265.222
qk_norm,18448,265.132
qk_norm,18464,265.505
qk_norm,18480,265.947
qk_norm,18496,266.465
qk_norm,18512,265.286
qk_norm,18528,264.966
qk_norm,18544,266.209
qk_norm,18560,266.63
qk_norm,18576,267.072
qk_norm,18592,267.302
qk_norm,18608,268.043
qk_norm,18624,267.622
qk_norm,18640,268.454
qk_norm,18656,267.953
qk_norm,18672,268.342
qk_norm,18688,268.075
qk_norm,18704,267.755
qk_norm,18720,269.548
qk_norm,18736,269.766
qk_norm,18752,270.588
qk_norm,18768,269.553
qk_norm,18784,269.884
qk_norm,18800,269.974
qk_norm,18816,270.577
qk_norm,18832,270.523
qk_norm,18848,270.796
qk_norm,18864,271.201
qk_norm,18880,271.318
qk_norm,18896,271.803
qk_norm,18912,271.724
qk_norm,18928,271.622
qk_norm,18944,272.31
qk_norm,18960,272.422
qk_norm,18976,274.214
qk_norm,18992,272.774
qk_norm,19008,273.681
qk_norm,19024,273.308
qk_norm,19040,272.358
qk_norm,19056,273.59
qk_norm,19072,273.846
qk_norm,19088,274.913
qk_norm,19104,275.126
qk_norm,19120,275.74
qk_norm,19136,274.801
qk_norm,19152,275.163
qk_norm,19168,274.742
qk_norm,19184,275.452
qk_norm,19200,275.366
qk_norm,19216,274.94
qk_norm,19232,276.908
qk_norm,19248,277.228
qk_norm,19264,277.308
qk_norm,19280,277.062
qk_norm,19296,276.823
qk_norm,19312,277.382
qk_norm,19328,277.713
qk_norm,19344,279.046
qk_norm,19360,278.257
qk_norm,19376,277.398
qk_norm,19392,279.222
qk_norm,19408,279.004
qk_norm,19424,279.126
qk_norm,19440,279.436
qk_norm,19456,279.334
qk_norm,19472,280.295
qk_norm,19488,281.009
qk_norm,19504,280.876
qk_norm,19520,281.569
qk_norm,19536,280.647
qk_norm,19552,279.969
qk_norm,19568,281.137
qk_norm,19584,281.542
qk_norm,19600,281.649
qk_norm,19616,282.321
qk_norm,19632,282.583
qk_norm,19648,282.289
qk_norm,19664,282.716
qk_norm,19680,282.722
qk_norm,19696,282.759
qk_norm,19712,283.329
qk_norm,19728,282.865
qk_norm,19744,283.767
qk_norm,19760,284.417
qk_norm,19776,285.276
qk_norm,19792,284.225
qk_norm,19808,284.422
qk_norm,19824,284.807
qk_norm,19840,284.972
qk_norm,19856,285.884
qk_norm,19872,286.7
qk_norm,19888,286.402
qk_norm,19904,286.791
qk_norm,19920,286.06
qk_norm,19936,286.348
qk_norm,19952,286.642
qk_norm,19968,286.94
qk_norm,19984,287.767
qk_norm,20000,287.943
qk_norm,20016,287.575
qk_norm,20032,288.935
qk_norm,20048,288.039
qk_norm,20064,287.318
qk_norm,20080,288.668
qk_norm,20096,288.61
qk_norm,20112,289.943
qk_norm,20128,290.055
qk_norm,20144,290.492
qk_norm,20160,290.076
qk_norm,20176,289.628
qk_norm,20192,289.777
qk_norm,20208,290.316
qk_norm,20224,290.551
qk_norm,20240,290.321
qk_norm,20256,292.108
qk_norm,20272,291.874
qk_norm,20288,291.985
qk_norm,20304,291.65
qk_norm,20320,292.167
qk_norm,20336,292.162
qk_norm,20352,292.167
qk_norm,20368,293.74
qk_norm,20384,293.452
qk_norm,20400,293.676
qk_norm,20416,293.97
qk_norm,20432,293.559
qk_norm,20448,293.815
qk_norm,20464,293.927
qk_norm,20480,294.722
qk_norm,20496,295.457
qk_norm,20512,295.895
qk_norm,20528,296.556
qk_norm,20544,295.287
qk_norm,20560,295.351
qk_norm,20576,294.498
qk_norm,20592,295.74
qk_norm,20608,296.045
qk_norm,20624,296.578
qk_norm,20640,296.876
qk_norm,20656,297.687
qk_norm,20672,298.396
qk_norm,20688,297.031
qk_norm,20704,297.244
qk_norm,20720,297.234
qk_norm,20736,297.724
qk_norm,20752,298.45
qk_norm,20768,299.954
qk_norm,20784,299.607
qk_norm,20800,299.346
qk_norm,20816,298.759
qk_norm,20832,299.095
qk_norm,20848,299.916
qk_norm,20864,299.623
qk_norm,20880,300.663
qk_norm,20896,301.922
qk_norm,20912,299.65
qk_norm,20928,301.266
qk_norm,20944,300.871
qk_norm,20960,301.058
qk_norm,20976,301.276
qk_norm,20992,301.858
qk_norm,21008,302.765
qk_norm,21024,303.111
qk_norm,21040,303.346
qk_norm,21056,303.655
qk_norm,21072,302.999
qk_norm,21088,301.975
qk_norm,21104,303.036
qk_norm,21120,303.239
qk_norm,21136,304.605
qk_norm,21152,304.807
qk_norm,21168,305.112
qk_norm,21184,304.77
qk_norm,21200,304.204
qk_norm,21216,305.197
qk_norm,21232,305.495
qk_norm,21248,305.01
qk_norm,21264,306.344
qk_norm,21280,306.749
qk_norm,21296,306.872
qk_norm,21312,307.079
qk_norm,21328,306.717
qk_norm,21344,307.09
qk_norm,21360,306.621
qk_norm,21376,306.834
qk_norm,21392,308.877
qk_norm,21408,308.466
qk_norm,21424,307.613
qk_norm,21440,309.463
qk_norm,21456,308.226
qk_norm,21472,309.522
qk_norm,21488,309.234
qk_norm,21504,309.474
qk_norm,21520,310.141
qk_norm,21536,310.946
qk_norm,21552,310.653
qk_norm,21568,310.882
qk_norm,21584,310.04
qk_norm,21600,310.647
qk_norm,21616,310.925
qk_norm,21632,310.6
qk_norm,21648,312.023
qk_norm,21664,312.135
qk_norm,21680,311.73
qk_norm,21696,312.856
qk_norm,21712,312.152
qk_norm,21728,312.642
qk_norm,21744,312.898
qk_norm,21760,312.525
qk_norm,21776,312.386
qk_norm,21792,313.325
qk_norm,21808,314.189
qk_norm,21824,314.541
qk_norm,21840,313.411
qk_norm,21856,313.602
qk_norm,21872,313.826
qk_norm,21888,314.301
qk_norm,21904,315.554
qk_norm,21920,315.656
qk_norm,21936,314.12
qk_norm,21952,314.423
qk_norm,21968,315.218
qk_norm,21984,315.528
qk_norm,22000,315.112
qk_norm,22016,316.541
qk_norm,22032,317.469
qk_norm,22048,316.962
qk_norm,22064,317.805
qk_norm,22080,318.627
qk_norm,22096,317.058
qk_norm,22112,316.743
qk_norm,22128,318.29
qk_norm,22144,318.077
qk_norm,22160,319.368
qk_norm,22176,318.349
qk_norm,22192,320.397
qk_norm,22208,319.394
qk_norm,22224,318.93
qk_norm,22240,319.981
qk_norm,22256,320.13
qk_norm,22272,320.077
qk_norm,22288,319.048
qk_norm,22304,321.277
qk_norm,22320,320.867
qk_norm,22336,322.306
qk_norm,22352,321.976
qk_norm,22368,320.877
qk_norm,22384,321.288
qk_norm,22400,322.131
qk_norm,22416,322.851
qk_norm,22432,322.435
qk_norm,22448,322.621
qk_norm,22464,324.162
qk_norm,22480,322.344
qk_norm,22496,323.613
qk_norm,22512,323.224
qk_norm,22528,323.112
qk_norm,22544,325.154
qk_norm,22560,325.763
qk_norm,22576,326.003
qk_norm,22592,326.093
qk_norm,22608,325.688
qk_norm,22624,326.163
qk_norm,22640,327.016
qk_norm,22656,325.149
qk_norm,22672,325.325
qk_norm,22688,328.264
qk_norm,22704,327.699
qk_norm,22720,327.485
qk_norm,22736,328.222
qk_norm,22752,326.451
qk_norm,22768,328.659
qk_norm,22784,327.101
qk_norm,22800,326.568
qk_norm,22816,329.08
qk_norm,22832,328.109
qk_norm,22848,327.171
qk_norm,22864,329.203
qk_norm,22880,328.835
qk_norm,22896,328.456
qk_norm,22912,327.848
qk_norm,22928,329.571
qk_norm,22944,331.075
qk_norm,22960,330.723
qk_norm,22976,330.269
qk_norm,22992,329.859
qk_norm,23008,332.712
qk_norm,23024,331.688
qk_norm,23040,332.355
qk_norm,23056,331.39
qk_norm,23072,333.08
qk_norm,23088,331.928
qk_norm,23104,333.129
qk_norm,23120,331.64
qk_norm,23136,333.325
qk_norm,23152,332.974
qk_norm,23168,333.139
qk_norm,23184,334.744
qk_norm,23200,333.432
qk_norm,23216,333.88
qk_norm,23232,335.07
qk_norm,23248,334.814
qk_norm,23264,335.827
qk_norm,23280,334.867
qk_norm,23296,334.888
qk_norm,23312,335.822
qk_norm,23328,336.637
qk_norm,23344,336.147
qk_norm,23360,336.941
qk_norm,23376,336.547
qk_norm,23392,336.835
qk_norm,23408,337.102
qk_norm,23424,336.59
qk_norm,23440,338.078
qk_norm,23456,336.947
qk_norm,23472,337.928
qk_norm,23488,337.534
qk_norm,23504,338.51
qk_norm,23520,339.022
qk_norm,23536,338.867
qk_norm,23552,338.488
qk_norm,23568,340.216
qk_norm,23584,340.483
qk_norm,23600,340.147
qk_norm,23616,341.07
qk_norm,23632,341.107
qk_norm,23648,339.875
qk_norm,23664,340.84
qk_norm,23680,340.329
qk_norm,23696,341.523
qk_norm,23712,342.91
qk_norm,23728,342.68
qk_norm,23744,342.035
qk_norm,23760,342.27
qk_norm,23776,342.686
qk_norm,23792,342.11
qk_norm,23808,342.318
qk_norm,23824,343.822
qk_norm,23840,344.947
qk_norm,23856,344.675
qk_norm,23872,343.55
qk_norm,23888,344.179
qk_norm,23904,345.113
qk_norm,23920,344.499
qk_norm,23936,344.798
qk_norm,23952,344.926
qk_norm,23968,345.747
qk_norm,23984,344.563
qk_norm,24000,345.364
qk_norm,24016,345.059
qk_norm,24032,345.843
qk_norm,24048,346.281
qk_norm,24064,345.72
qk_norm,24080,345.961
qk_norm,24096,347.79
qk_norm,24112,348.003
qk_norm,24128,347.56
qk_norm,24144,346.889
qk_norm,24160,347.209
qk_norm,24176,347.513
qk_norm,24192,348.435
qk_norm,24208,347.977
qk_norm,24224,348.878
qk_norm,24240,348.494
qk_norm,24256,349.998
qk_norm,24272,349.481
qk_norm,24288,350.51
qk_norm,24304,349.043
qk_norm,24320,349.529
qk_norm,24336,349.161
qk_norm,24352,350.846
qk_norm,24368,350.302
qk_norm,24384,351.075
qk_norm,24400,350.643
qk_norm,24416,350.814
qk_norm,24432,351.241
qk_norm,24448,351.348
qk_norm,24464,352.958
qk_norm,24480,352.382
qk_norm,24496,351.182
qk_norm,24512,352.451
qk_norm,24528,352.708
qk_norm,24544,353.7
qk_norm,24560,352.83
qk_norm,24576,353.705
qk_norm,24592,353.3
qk_norm,24608,354.382
qk_norm,24624,353.705
qk_norm,24640,354.751
qk_norm,24656,354.217
qk_norm,24672,354.585
qk_norm,24688,355.337
qk_norm,24704,354.249
qk_norm,24720,355.966
qk_norm,24736,356.932
qk_norm,24752,356.67
qk_norm,24768,356.617
qk_norm,24784,356.996
qk_norm,24800,357.167
qk_norm,24816,357.268
qk_norm,24832,356.692
qk_norm,24848,356.201
qk_norm,24864,357.961
qk_norm,24880,358.388
qk_norm,24896,358.244
qk_norm,24912,358.82
qk_norm,24928,357.63
qk_norm,24944,358.356
qk_norm,24960,358.793
qk_norm,24976,359.337
qk_norm,24992,359.529
qk_norm,25008,358.991
qk_norm,25024,360.1
qk_norm,25040,360.335
qk_norm,25056,360.484
qk_norm,25072,360.18
qk_norm,25088,360.857
qk_norm,25104,361.737
qk_norm,25120,362.42
qk_norm,25136,361.119
qk_norm,25152,361.273
qk_norm,25168,361.438
qk_norm,25184,362.127
qk_norm,25200,361.358
qk_norm,25216,362.607
qk_norm,25232,363.289
qk_norm,25248,363.684
qk_norm,25264,363.375
qk_norm,25280,363.311
qk_norm,25296,364.975
qk_norm,25312,364.526
qk_norm,25328,365.263
qk_norm,25344,364.111
qk_norm,25360,364.5
qk_norm,25376,365.476
qk_norm,25392,365.748
qk_norm,25408,365.919
qk_norm,25424,366.015
qk_norm,25440,366.132
qk_norm,25456,366.5
qk_norm,25472,365.839
qk_norm,25488,367.289
qk_norm,25504,367.865
qk_norm,25520,366.393
qk_norm,25536,366.74
qk_norm,25552,367.561
qk_norm,25568,367.215
qk_norm,25584,367.391
qk_norm,25600,367.78
qk_norm,25616,367.881
qk_norm,25632,369.796
qk_norm,25648,368.345
qk_norm,25664,368.431
qk_norm,25680,369.551
qk_norm,25696,369.839
qk_norm,25712,369.674
qk_norm,25728,368.788
qk_norm,25744,370.719
qk_norm,25760,371.754
qk_norm,25776,370.975
qk_norm,25792,369.689
qk_norm,25808,372.362
qk_norm,25824,371.828
qk_norm,25840,371.156
qk_norm,25856,372.276
qk_norm,25872,371.764
qk_norm,25888,374.468
qk_norm,25904,373.572
qk_norm,25920,373.204
qk_norm,25936,374.26
qk_norm,25952,373.738
qk_norm,25968,374.804
qk_norm,25984,374.127
qk_norm,26000,372.74
qk_norm,26016,375.418
qk_norm,26032,374.154
qk_norm,26048,373.674
qk_norm,26064,376.346
qk_norm,26080,377.119
qk_norm,26096,376.554
qk_norm,26112,374.415
qk_norm,26128,375.349
qk_norm,26144,377.162
qk_norm,26160,377.156
qk_norm,26176,375.855
qk_norm,26192,376.895
qk_norm,26208,377.482
qk_norm,26224,376.271
qk_norm,26240,374.319
qk_norm,26256,376.357
qk_norm,26272,378.25
qk_norm,26288,378.303
qk_norm,26304,377.119
qk_norm,26320,376.991
qk_norm,26336,377.237
qk_norm,26352,380.175
qk_norm,26368,376.378
qk_norm,26384,379.237
qk_norm,26400,378.234
qk_norm,26416,381.061
qk_norm,26432,381.247
qk_norm,26448,380.815
qk_norm,26464,381.002
qk_norm,26480,381.994
qk_norm,26496,380.058
qk_norm,26512,382.597
qk_norm,26528,382.81
qk_norm,26544,380.714
qk_norm,26560,382.133
qk_norm,26576,380.911
qk_norm,26592,382.031
qk_norm,26608,383.012
qk_norm,26624,381.599
qk_norm,26640,381.658
qk_norm,26656,384.954
qk_norm,26672,383.621
qk_norm,26688,382.949
qk_norm,26704,384.41
qk_norm,26720,383.535
qk_norm,26736,386.368
qk_norm,26752,382.303
qk_norm,26768,386.661
qk_norm,26784,386.106
qk_norm,26800,386.501
qk_norm,26816,385.722
qk_norm,26832,386.245
qk_norm,26848,384.778
qk_norm,26864,385.834
qk_norm,26880,385.807
qk_norm,26896,387.205
qk_norm,26912,386.485
qk_norm,26928,387.546
qk_norm,26944,386.879
qk_norm,26960,388.8
qk_norm,26976,388.282
qk_norm,26992,387.658
qk_norm,27008,389.024
qk_norm,27024,390.538
qk_norm,27040,389.306
qk_norm,27056,389.674
qk_norm,27072,389.466
qk_norm,27088,389.888
qk_norm,27104,390.853
qk_norm,27120,390.645
qk_norm,27136,390.346
qk_norm,27152,390.666
qk_norm,27168,391.301
qk_norm,27184,391.018
qk_norm,27200,391.045
qk_norm,27216,391.541
qk_norm,27232,391.77
qk_norm,27248,391.034
qk_norm,27264,391.936
qk_norm,27280,392.693
qk_norm,27296,393.328
qk_norm,27312,392.784
qk_norm,27328,393.093
qk_norm,27344,392.954
qk_norm,27360,394.65
qk_norm,27376,393.285
qk_norm,27392,394.117
qk_norm,27408,394.288
qk_norm,27424,394.875
qk_norm,27440,394.842
qk_norm,27456,395.051
qk_norm,27472,395.349
qk_norm,27488,395.611
qk_norm,27504,394.992
qk_norm,27520,395.296
qk_norm,27536,396.224
qk_norm,27552,397.322
qk_norm,27568,396.859
qk_norm,27584,396.176
qk_norm,27600,396.469
qk_norm,27616,398.139
qk_norm,27632,397.536
qk_norm,27648,396.405
qk_norm,27664,398.091
qk_norm,27680,399.909
qk_norm,27696,397.541
qk_norm,27712,398.528
qk_norm,27728,398.906
qk_norm,27744,400.853
qk_norm,27760,398.378
qk_norm,27776,398.741
qk_norm,27792,399.925
qk_norm,27808,400.336
qk_norm,27824,400.4
qk_norm,27840,401.334
qk_norm,27856,399.904
qk_norm,27872,400.838
qk_norm,27888,400.405
qk_norm,27904,400.8
qk_norm,27920,401.691
qk_norm,27936,402.694
qk_norm,27952,402.053
qk_norm,27968,403.328
qk_norm,27984,402.784
qk_norm,28000,403.803
qk_norm,28016,402.224
qk_norm,28032,402.469
qk_norm,28048,404.235
qk_norm,28064,404.4
qk_norm,28080,402.341
qk_norm,28096,404.219
qk_norm,28112,404.726
qk_norm,28128,407.248
qk_norm,28144,404.299
qk_norm,28160,405.382
qk_norm,28176,405.616
qk_norm,28192,405.035
qk_norm,28208,407.488
qk_norm,28224,405.926
qk_norm,28240,406.208
qk_norm,28256,405.792
qk_norm,28272,407.355
qk_norm,28288,407.942
qk_norm,28304,407.824
qk_norm,28320,406.571
qk_norm,28336,408.518
qk_norm,28352,406.901
qk_norm,28368,407.963
qk_norm,28384,408.187
qk_norm,28400,410.56
qk_norm,28416,408.907
qk_norm,28432,410.998
qk_norm,28448,409.046
qk_norm,28464,410.79
qk_norm,28480,409.627
qk_norm,28496,410.576
qk_norm,28512,410.187
qk_norm,28528,410.267
qk_norm,28544,410.731
qk_norm,28560,411.84
qk_norm,28576,410.192
qk_norm,28592,410.512
qk_norm,28608,411.601
qk_norm,28624,410.849
qk_norm,28640,411.435
qk_norm,28656,412.348
qk_norm,28672,412.497
qk_norm,28688,412.262
qk_norm,28704,413.003
qk_norm,28720,413.531
qk_norm,28736,414.39
qk_norm,28752,413.024
qk_norm,28768,414.128
qk_norm,28784,415.68
qk_norm,28800,415.302
qk_norm,28816,415.126
qk_norm,28832,414.62
qk_norm,28848,413.734
qk_norm,28864,413.312
qk_norm,28880,415.526
qk_norm,28896,415.569
qk_norm,28912,415.057
qk_norm,28928,416.913
qk_norm,28944,415.649
qk_norm,28960,416.646
qk_norm,28976,417.622
qk_norm,28992,416.918
qk_norm,29008,420.273
qk_norm,29024,416.747
qk_norm,29040,419.66
qk_norm,29056,419.67
qk_norm,29072,416.369
qk_norm,29088,420.107
qk_norm,29104,418.982
qk_norm,29120,421.569
qk_norm,29136,421.729
qk_norm,29152,417.537
qk_norm,29168,418.47
qk_norm,29184,419.675
qk_norm,29200,420.96
qk_norm,29216,421.292
qk_norm,29232,421.489
qk_norm,29248,419.841
qk_norm,29264,419.12
qk_norm,29280,421.446
qk_norm,29296,423.323
qk_norm,29312,419.676
qk_norm,29328,420.742
qk_norm,29344,420.988
qk_norm,29360,424.833
qk_norm,29376,420.556
qk_norm,29392,425.163
qk_norm,29408,422.566
qk_norm,29424,423.862
qk_norm,29440,421.569
qk_norm,29456,426.129
qk_norm,29472,421.713
qk_norm,29488,424.71
qk_norm,29504,425.148
qk_norm,29520,425.116
qk_norm,29536,422.075
qk_norm,29552,423.121
qk_norm,29568,423.302
qk_norm,29584,423.526
qk_norm,29600,425.654
qk_norm,29616,428.465
qk_norm,29632,424.081
qk_norm,29648,424.476
qk_norm,29664,424.577
qk_norm,29680,429.617
qk_norm,29696,428.199
qk_norm,29712,426.636
qk_norm,29728,428.438
qk_norm,29744,426.998
qk_norm,29760,429.201
qk_norm,29776,428.081
qk_norm,29792,427.34
qk_norm,29808,430.502
qk_norm,29824,427.068
qk_norm,29840,427.596
qk_norm,29856,429.644
qk_norm,29872,432.15
qk_norm,29888,429.815
qk_norm,29904,429.153
qk_norm,29920,432.161
qk_norm,29936,428.54
qk_norm,29952,428.908
qk_norm,29968,429.868
qk_norm,29984,430.945
qk_norm,30000,431.116
qk_norm,30016,432.454
qk_norm,30032,433.671
qk_norm,30048,430.588
qk_norm,30064,433.985
qk_norm,30080,431.676
qk_norm,30096,432.988
qk_norm,30112,431.996
qk_norm,30128,432.614
qk_norm,30144,433.75
qk_norm,30160,435.105
qk_norm,30176,435.062
qk_norm,30192,435.255
qk_norm,30208,433.095
qk_norm,30224,434.631
qk_norm,30240,436.631
qk_norm,30256,436.076
qk_norm,30272,437.137
qk_norm,30288,434.668
qk_norm,30304,436.007
qk_norm,30320,436.865
qk_norm,30336,435.447
qk_norm,30352,437.148
qk_norm,30368,435.751
qk_norm,30384,438.06
qk_norm,30400,438.615
qk_norm,30416,439.324
qk_norm,30432,436.695
qk_norm,30448,436.951
qk_norm,30464,439.265
qk_norm,30480,439.191
qk_norm,30496,437.431
qk_norm,30512,437.842
qk_norm,30528,438.647
qk_norm,30544,439.1
qk_norm,30560,437.553
qk_norm,30576,439.169
qk_norm,30592,439.697
qk_norm,30608,442.733
qk_norm,30624,441.586
qk_norm,30640,441.303
qk_norm,30656,442.087
qk_norm,30672,443.724
qk_norm,30688,442.204
qk_norm,30704,443.911
qk_norm,30720,444.892
qk_norm,30736,444.45
qk_norm,30752,443.66
qk_norm,30768,444.226
qk_norm,30784,444.642
qk_norm,30800,445.73
qk_norm,30816,443.996
qk_norm,30832,444.428
qk_norm,30848,447.623
qk_norm,30864,446.754
qk_norm,30880,446.167
qk_norm,30896,445.036
qk_norm,30912,445.655
qk_norm,30928,447.612
qk_norm,30944,448.018
qk_norm,30960,447.319
qk_norm,30976,445.618
qk_norm,30992,446.679
qk_norm,31008,447.474
qk_norm,31024,445.922
qk_norm,31040,446.418
qk_norm,31056,445.447
qk_norm,31072,443.788
qk_norm,31088,445.836
qk_norm,31104,446.162
qk_norm,31120,447.543
qk_norm,31136,448.658
qk_norm,31152,446.807
qk_norm,31168,449.245
qk_norm,31184,451.202
qk_norm,31200,447.516
qk_norm,31216,449.767
qk_norm,31232,447.426
qk_norm,31248,448.226
qk_norm,31264,448.471
qk_norm,31280,448.807
qk_norm,31296,448.733
qk_norm,31312,450.802
qk_norm,31328,449.474
qk_norm,31344,450.455
qk_norm,31360,451.847
qk_norm,31376,451.543
qk_norm,31392,452.247
qk_norm,31408,450.796
qk_norm,31424,452.866
qk_norm,31440,452.69
qk_norm,31456,451.255
qk_norm,31472,452.301
qk_norm,31488,453.794
qk_norm,31504,451.65
qk_norm,31520,453.698
qk_norm,31536,453.858
qk_norm,31552,452.338
qk_norm,31568,455.49
qk_norm,31584,451.89
qk_norm,31600,453.853
qk_norm,31616,454.141
qk_norm,31632,455.479
qk_norm,31648,456.653
qk_norm,31664,457.074
qk_norm,31680,457.954
qk_norm,31696,457.213
qk_norm,31712,458.653
qk_norm,31728,458.61
qk_norm,31744,458.338
qk_norm,31760,455.549
qk_norm,31776,457.944
qk_norm,31792,457.57
qk_norm,31808,457.944
qk_norm,31824,458.125
qk_norm,31840,457.778
qk_norm,31856,456.994
qk_norm,31872,456.989
qk_norm,31888,459.256
qk_norm,31904,459.437
qk_norm,31920,458.909
qk_norm,31936,457.101
qk_norm,31952,458.328
qk_norm,31968,458.797
qk_norm,31984,460.589
qk_norm,32000,461.741
qk_norm,32016,460.029
qk_norm,32032,461.133
qk_norm,32048,464.717
qk_norm,32064,464.866
qk_norm,32080,464.877
qk_norm,32096,462.28
qk_norm,32112,462.21
qk_norm,32128,462.717
qk_norm,32144,462.642
qk_norm,32160,463.171
qk_norm,32176,466.285
qk_norm,32192,463.256
qk_norm,32208,466.882
qk_norm,32224,464.274
qk_norm,32240,467.133
qk_norm,32256,464.642
qk_norm,32272,467.746
qk_norm,32288,464.611
qk_norm,32304,465.315
qk_norm,32320,465.954
qk_norm,32336,468.877
qk_norm,32352,466.168
qk_norm,32368,465.347
qk_norm,32384,466.648
qk_norm,32400,472.12
qk_norm,32416,469.16
qk_norm,32432,469.048
qk_norm,32448,469.357
qk_norm,32464,470.546
qk_norm,32480,467.816
qk_norm,32496,468.466
qk_norm,32512,467.629
qk_norm,32528,471.341
qk_norm,32544,472.488
qk_norm,32560,472.093
qk_norm,32576,469.416
qk_norm,32592,469.347
qk_norm,32608,470.141
qk_norm,32624,469.603
qk_norm,32640,476.376
qk_norm,32656,470.989
qk_norm,32672,469.997
qk_norm,32688,471.944
qk_norm,32704,473.539
qk_norm,32720,470.824
qk_norm,32736,471.213
qk_norm,32752,470.515
qk_norm,32768,474.243
qkv_proj,1,29.2377
qkv_proj,2,31.9897
qkv_proj,3,32.2137
qkv_proj,4,31.9787
qkv_proj,5,32.149
qkv_proj,6,32.032
qkv_proj,7,32.1493
qkv_proj,8,32.203
qkv_proj,9,32.128
qkv_proj,10,32.31
qkv_proj,11,32.0857
qkv_proj,12,32.4057
qkv_proj,13,32.2773
qkv_proj,14,32.277
qkv_proj,15,32.3527
qkv_proj,16,32.3737
qkv_proj,20,31.8083
qkv_proj,24,31.9253
qkv_proj,28,31.777
qkv_proj,32,32.043
qkv_proj,36,32.4907
qkv_proj,40,32.352
qkv_proj,44,32.3207
qkv_proj,48,32.2667
qkv_proj,52,32.491
qkv_proj,56,32.449
qkv_proj,60,32.011
qkv_proj,64,32.8853
qkv_proj,80,67.0507
qkv_proj,96,43.542
qkv_proj,112,43.6803
qkv_proj,128,43.6267
qkv_proj,144,98.0273
qkv_proj,160,98.9017
qkv_proj,176,86.8167
qkv_proj,192,86.8807
qkv_proj,208,116.875
qkv_proj,224,116.715
qkv_proj,240,116.854
qkv_proj,256,117.196
qkv_proj,272,164.929
qkv_proj,288,164.961
qkv_proj,304,164.854
qkv_proj,320,164.993
qkv_proj,336,165.228
qkv_proj,352,165.057
qkv_proj,368,165.185
qkv_proj,384,165.089
qkv_proj,400,163.222
qkv_proj,416,163.233
qkv_proj,432,163.404
qkv_proj,448,163.404
qkv_proj,464,163.628
qkv_proj,480,163.724
qkv_proj,496,163.681
qkv_proj,512,164.364
qkv_proj,528,255.468
qkv_proj,544,256.375
qkv_proj,560,256.844
qkv_proj,576,258.007
qkv_proj,592,258.327
qkv_proj,608,258.989
qkv_proj,624,260.216
qkv_proj,640,324.216
qkv_proj,656,323.894
qkv_proj,672,323.885
qkv_proj,688,324.045
qkv_proj,704,324.152
qkv_proj,720,324.323
qkv_proj,736,324.269
qkv_proj,752,324.579
qkv_proj,768,324.365
qkv_proj,784,323.747
qkv_proj,800,323.832
qkv_proj,816,324.098
qkv_proj,832,324.162
qkv_proj,848,324.216
qkv_proj,864,324.195
qkv_proj,880,324.45
qkv_proj,896,324.632
qkv_proj,912,324.568
qkv_proj,928,324.632
qkv_proj,944,324.482
qkv_proj,960,324.814
qkv_proj,976,324.6
qkv_proj,992,324.93
qkv_proj,1008,324.76
qkv_proj,1024,324.835
qkv_proj,1040,481.817
qkv_proj,1056,482.02
qkv_proj,1072,482.34
qkv_proj,1088,482.532
qkv_proj,1104,482.841
qkv_proj,1120,482.905
qkv_proj,1136,483.033
qkv_proj,1152,483.172
qkv_proj,1168,482.67
qkv_proj,1184,482.692
qkv_proj,1200,483.012
qkv_proj,1216,482.937
qkv_proj,1232,483.068
qkv_proj,1248,483.108
qkv_proj,1264,483.247
qkv_proj,1280,483.3
qkv_proj,1296,483.14
qkv_proj,1312,483.183
qkv_proj,1328,483.268
qkv_proj,1344,483.258
qkv_proj,1360,483.417
qkv_proj,1376,483.609
qkv_proj,1392,483.439
qkv_proj,1408,483.567
qkv_proj,1424,483.557
qkv_proj,1440,483.844
qkv_proj,1456,483.619
qkv_proj,1472,482.788
qkv_proj,1488,482.905
qkv_proj,1504,482.885
qkv_proj,1520,483.248
qkv_proj,1536,483.429
qkv_proj,1552,641.627
qkv_proj,1568,641.232
qkv_proj,1584,641.883
qkv_proj,1600,642.033
qkv_proj,1616,642.054
qkv_proj,1632,642.385
qkv_proj,1648,642.481
qkv_proj,1664,642.214
qkv_proj,1680,642.822
qkv_proj,1696,642.853
qkv_proj,1712,642.96
qkv_proj,1728,642.854
qkv_proj,1744,643.238
qkv_proj,1760,643.152
qkv_proj,1776,643.483
qkv_proj,1792,643.633
qkv_proj,1808,643.226
qkv_proj,1824,643.227
qkv_proj,1840,643.387
qkv_proj,1856,643.303
qkv_proj,1872,643.291
qkv_proj,1888,643.409
qkv_proj,1904,643.846
qkv_proj,1920,643.344
qkv_proj,1936,642.097
qkv_proj,1952,642.587
qkv_proj,1968,642.715
qkv_proj,1984,642.662
qkv_proj,2000,642.938
qkv_proj,2016,642.844
qkv_proj,2032,643.365
qkv_proj,2048,643.451
qkv_proj,2064,643.921
qkv_proj,2080,643.963
qkv_proj,2096,644.422
qkv_proj,2112,644.219
qkv_proj,2128,644.028
qkv_proj,2144,643.622
qkv_proj,2160,644.006
qkv_proj,2176,644.188
qkv_proj,2192,802.567
qkv_proj,2208,802.237
qkv_proj,2224,803.282
qkv_proj,2240,803.282
qkv_proj,2256,803.25
qkv_proj,2272,802.727
qkv_proj,2288,803.624
qkv_proj,2304,803.751
qkv_proj,2320,803.186
qkv_proj,2336,802.824
qkv_proj,2352,803.57
qkv_proj,2368,803.933
qkv_proj,2384,803.527
qkv_proj,2400,803.219
qkv_proj,2416,803.56
qkv_proj,2432,804.083
qkv_proj,2448,803.144
qkv_proj,2464,803.923
qkv_proj,2480,803.848
qkv_proj,2496,803.923
qkv_proj,2512,804.093
qkv_proj,2528,804.008
qkv_proj,2544,804.083
qkv_proj,2560,803.805
qkv_proj,2576,804.616
qkv_proj,2592,804.626
qkv_proj,2608,804.466
qkv_proj,2624,804.701
qkv_proj,2640,804.99
qkv_proj,2656,804.787
qkv_proj,2672,804.414
qkv_proj,2688,804.733
qkv_proj,2704,962.409
qkv_proj,2720,962.943
qkv_proj,2736,963.007
qkv_proj,2752,963.392
qkv_proj,2768,963.242
qkv_proj,2784,963.413
qkv_proj,2800,963.104
qkv_proj,2816,963.542
qkv_proj,2832,963.253
qkv_proj,2848,963.732
qkv_proj,2864,964.223
qkv_proj,2880,963.84
qkv_proj,2896,964.404
qkv_proj,2912,963.968
qkv_proj,2928,964.202
qkv_proj,2944,964.319
qkv_proj,2960,963.199
qkv_proj,2976,963.327
qkv_proj,2992,963.519
qkv_proj,3008,963.668
qkv_proj,3024,964.138
qkv_proj,3040,963.765
qkv_proj,3056,963.818
qkv_proj,3072,964.298
qkv_proj,3088,964.98
qkv_proj,3104,965.088
qkv_proj,3120,965.098
qkv_proj,3136,964.854
qkv_proj,3152,965.217
qkv_proj,3168,965.098
qkv_proj,3184,965.301
qkv_proj,3200,965.471
qkv_proj,3216,1122.33
qkv_proj,3232,1122.5
qkv_proj,3248,1122.51
qkv_proj,3264,1122.72
qkv_proj,3280,1123.11
qkv_proj,3296,1122.85
qkv_proj,3312,1122.72
qkv_proj,3328,1122.11
qkv_proj,3344,1123.61
qkv_proj,3360,1123.71
qkv_proj,3376,1124.03
qkv_proj,3392,1123.51
qkv_proj,3408,1123.47
qkv_proj,3424,1123.7
qkv_proj,3440,1124.13
qkv_proj,3456,1124.31
qkv_proj,3472,1124.33
qkv_proj,3488,1124.08
qkv_proj,3504,1124.99
qkv_proj,3520,1124.28
qkv_proj,3536,1124.32
qkv_proj,3552,1124.45
qkv_proj,3568,1124.84
qkv_proj,3584,1124.71
qkv_proj,3600,1125.51
qkv_proj,3616,1125.87
qkv_proj,3632,1125.78
qkv_proj,3648,1125.75
qkv_proj,3664,1125.43
qkv_proj,3680,1122.71
qkv_proj,3696,1122.8
qkv_proj,3712,1123.19
qkv_proj,3728,1279.6
qkv_proj,3744,1279.8
qkv_proj,3760,1280.05
qkv_proj,3776,1280.77
qkv_proj,3792,1279.89
qkv_proj,3808,1279.83
qkv_proj,3824,1280.25
qkv_proj,3840,1280.95
qkv_proj,3856,1281.93
qkv_proj,3872,1282.57
qkv_proj,3888,1282.56
qkv_proj,3904,1283.45
qkv_proj,3920,1283.2
qkv_proj,3936,1283.45
qkv_proj,3952,1284.01
qkv_proj,3968,1283.47
qkv_proj,3984,1282.71
qkv_proj,4000,1282.44
qkv_proj,4016,1282.11
qkv_proj,4032,1283.39
qkv_proj,4048,1282.6
qkv_proj,4064,1282.45
qkv_proj,4080,1283.94
qkv_proj,4096,1283.94
qkv_proj,4112,1285.25
qkv_proj,4128,1283.77
qkv_proj,4144,1286.69
qkv_proj,4160,1288.1
qkv_proj,4176,1287.02
qkv_proj,4192,1285.49
qkv_proj,4208,1286.49
qkv_proj,4224,1287.47
qkv_proj,4240,1286.93
qkv_proj,4256,1288.35
qkv_proj,4272,1286.81
qkv_proj,4288,1288.08
qkv_proj,4304,1288.15
qkv_proj,4320,1288.26
qkv_proj,4336,1376.74
qkv_proj,4352,1376.91
qkv_proj,4368,1444.38
qkv_proj,4384,1445.77
qkv_proj,4400,1446.54
qkv_proj,4416,1441.53
qkv_proj,4432,1441.24
qkv_proj,4448,1441.97
qkv_proj,4464,1326.52
qkv_proj,4480,1326.59
qkv_proj,4496,1327.48
qkv_proj,4512,1327.39
qkv_proj,4528,1327.6
qkv_proj,4544,1327.34
qkv_proj,4560,1327.66
qkv_proj,4576,1327.57
qkv_proj,4592,1327.35
qkv_proj,4608,1327.58
qkv_proj,4624,1403.7
qkv_proj,4640,1403.96
qkv_proj,4656,1403.92
qkv_proj,4672,1404.34
qkv_proj,4688,1404.15
qkv_proj,4704,1404.34
qkv_proj,4720,1404.21
qkv_proj,4736,1404.28
qkv_proj,4752,1404.93
qkv_proj,4768,1405.1
qkv_proj,4784,1404.97
qkv_proj,4800,1404.89
qkv_proj,4816,1405.1
qkv_proj,4832,1405.13
qkv_proj,4848,1405.18
qkv_proj,4864,1404.99
qkv_proj,4880,1481.78
qkv_proj,4896,1481.38
qkv_proj,4912,1481.5
qkv_proj,4928,1481.04
qkv_proj,4944,1481.77
qkv_proj,4960,1481.19
qkv_proj,4976,1481.36
qkv_proj,4992,1481.38
qkv_proj,5008,1482.53
qkv_proj,5024,1482.55
qkv_proj,5040,1602
qkv_proj,5056,1601.57
qkv_proj,5072,1601.86
qkv_proj,5088,1602.65
qkv_proj,5104,1602.56
qkv_proj,5120,1602.36
qkv_proj,5136,1603.96
qkv_proj,5152,1604.56
qkv_proj,5168,1604.34
qkv_proj,5184,1603.54
qkv_proj,5200,1604.84
qkv_proj,5216,1604.18
qkv_proj,5232,1604.2
qkv_proj,5248,1604.38
qkv_proj,5264,1603.99
qkv_proj,5280,1604.52
qkv_proj,5296,1603.74
qkv_proj,5312,1604.34
qkv_proj,5328,1604.34
qkv_proj,5344,1604.14
qkv_proj,5360,1605.14
qkv_proj,5376,1603.92
qkv_proj,5392,1759.18
qkv_proj,5408,1757.06
qkv_proj,5424,1758
qkv_proj,5440,1757.12
qkv_proj,5456,1757.72
qkv_proj,5472,1757.86
qkv_proj,5488,1759.33
qkv_proj,5504,1758.32
qkv_proj,5520,1762.91
qkv_proj,5536,1761.41
qkv_proj,5552,1762.03
qkv_proj,5568,1761.31
qkv_proj,5584,1761.29
qkv_proj,5600,1763.07
qkv_proj,5616,1761.7
qkv_proj,5632,1761.06
qkv_proj,5648,1763.6
qkv_proj,5664,1763.92
qkv_proj,5680,1763.29
qkv_proj,5696,1762.59
qkv_proj,5712,1763.99
qkv_proj,5728,1763.15
qkv_proj,5744,1763.35
qkv_proj,5760,1762.68
qkv_proj,5776,1762.55
qkv_proj,5792,1762.56
qkv_proj,5808,1764.41
qkv_proj,5824,1763.82
qkv_proj,5840,1763.34
qkv_proj,5856,1763.4
qkv_proj,5872,1764.25
qkv_proj,5888,1763.23
qkv_proj,5904,1914.81
qkv_proj,5920,1914.1
qkv_proj,5936,1914.7
qkv_proj,5952,1915.6
qkv_proj,5968,1915.32
qkv_proj,5984,1916.06
qkv_proj,6000,1914.67
qkv_proj,6016,1915.06
qkv_proj,6032,1918.85
qkv_proj,6048,1918.44
qkv_proj,6064,1917.86
qkv_proj,6080,1918.29
qkv_proj,6096,1918.41
qkv_proj,6112,1920.35
qkv_proj,6128,1917.94
qkv_proj,6144,1918.03
qkv_proj,6160,1923.4
qkv_proj,6176,1921.5
qkv_proj,6192,1922.89
qkv_proj,6208,1922.17
qkv_proj,6224,1923.33
qkv_proj,6240,1922.76
qkv_proj,6256,1922.89
qkv_proj,6272,1923.49
qkv_proj,6288,1922.36
qkv_proj,6304,1923.13
qkv_proj,6320,1922.79
qkv_proj,6336,1922.16
qkv_proj,6352,1922.85
qkv_proj,6368,1923.73
qkv_proj,6384,1922.52
qkv_proj,6400,1922.48
qkv_proj,6416,1922.04
qkv_proj,6432,1923.62
qkv_proj,6448,1923.23
qkv_proj,6464,1922.78
qkv_proj,6480,1923.02
qkv_proj,6496,1923.1
qkv_proj,6512,1923.57
qkv_proj,6528,1922.47
qkv_proj,6544,2078.13
qkv_proj,6560,2076.93
qkv_proj,6576,2076.85
qkv_proj,6592,2076.87
qkv_proj,6608,2076.98
qkv_proj,6624,2076.79
qkv_proj,6640,2077.85
qkv_proj,6656,2076.86
qkv_proj,6672,2081.21
qkv_proj,6688,2081.19
qkv_proj,6704,2079.46
qkv_proj,6720,2080.89
qkv_proj,6736,2081.53
qkv_proj,6752,2080.38
qkv_proj,6768,2079.84
qkv_proj,6784,2081.42
qkv_proj,6800,2081.95
qkv_proj,6816,2082.05
qkv_proj,6832,2081.89
qkv_proj,6848,2082.12
qkv_proj,6864,2082.62
qkv_proj,6880,2081.39
qkv_proj,6896,2081.85
qkv_proj,6912,2082.05
qkv_proj,6928,2082.42
qkv_proj,6944,2082.62
qkv_proj,6960,2083.09
qkv_proj,6976,2081.96
qkv_proj,6992,2082.42
qkv_proj,7008,2082.3
qkv_proj,7024,2082.08
qkv_proj,7040,2082.52
qkv_proj,7056,2235.06
qkv_proj,7072,2234.03
qkv_proj,7088,2236.01
qkv_proj,7104,2234.52
qkv_proj,7120,2235.24
qkv_proj,7136,2233.97
qkv_proj,7152,2235.02
qkv_proj,7168,2236.39
qkv_proj,7184,2222.31
qkv_proj,7200,2220.82
qkv_proj,7216,2221.8
qkv_proj,7232,2220.91
qkv_proj,7248,2241.44
qkv_proj,7264,2203.41
qkv_proj,7280,2203.12
qkv_proj,7296,2203.64
qkv_proj,7312,2186.1
qkv_proj,7328,2185.56
qkv_proj,7344,2185.46
qkv_proj,7360,2241.89
qkv_proj,7376,2242.08
qkv_proj,7392,2242.58
qkv_proj,7408,2241.8
qkv_proj,7424,2241.82
qkv_proj,7440,2241.52
qkv_proj,7456,2243.37
qkv_proj,7472,2242.31
qkv_proj,7488,2150.42
qkv_proj,7504,2133.62
qkv_proj,7520,2132.53
qkv_proj,7536,2131.66
qkv_proj,7552,2131.53
qkv_proj,7568,2392.9
qkv_proj,7584,2168.09
qkv_proj,7600,2167.36
qkv_proj,7616,2167.44
qkv_proj,7632,2152.65
qkv_proj,7648,2151.39
qkv_proj,7664,2153.62
qkv_proj,7680,2150.2
qkv_proj,7696,2153.9
qkv_proj,7712,2154.3
qkv_proj,7728,2155.54
qkv_proj,7744,2396.08
qkv_proj,7760,2396.58
qkv_proj,7776,2397.78
qkv_proj,7792,2138.38
qkv_proj,7808,2141.83
qkv_proj,7824,2143.23
qkv_proj,7840,2110.81
qkv_proj,7856,2110.23
qkv_proj,7872,2096.73
qkv_proj,7888,2096.44
qkv_proj,7904,2095.13
qkv_proj,7920,2096.42
qkv_proj,7936,2094.11
qkv_proj,7952,2267.54
qkv_proj,7968,2355.32
qkv_proj,7984,2400.17
qkv_proj,8000,2211.01
qkv_proj,8016,2097.51
qkv_proj,8032,2097.88
qkv_proj,8048,2097.12
qkv_proj,8064,2097.28
qkv_proj,8080,2223.4
qkv_proj,8096,2224.28
qkv_proj,8112,2222.74
qkv_proj,8128,2224.48
qkv_proj,8144,2224.36
qkv_proj,8160,2224.85
qkv_proj,8176,2223.18
qkv_proj,8192,2223.84
qkv_proj,8208,2227.62
qkv_proj,8224,2227
qkv_proj,8240,2226.24
qkv_proj,8256,2227.41
qkv_proj,8272,2227.04
qkv_proj,8288,2226.79
qkv_proj,8304,2226
qkv_proj,8320,2227.89
qkv_proj,8336,2230.8
qkv_proj,8352,2232.64
qkv_proj,8368,2229.81
qkv_proj,8384,2230.64
qkv_proj,8400,2233.43
qkv_proj,8416,2231.87
qkv_proj,8432,2232.27
qkv_proj,8448,2231.87
qkv_proj,8464,2235.49
qkv_proj,8480,2234.45
qkv_proj,8496,2236.21
qkv_proj,8512,2236.49
qkv_proj,8528,2236.24
qkv_proj,8544,2235.84
qkv_proj,8560,2234.19
qkv_proj,8576,2234.82
qkv_proj,8592,2236.33
qkv_proj,8608,2236.51
qkv_proj,8624,2237.27
qkv_proj,8640,2237.42
qkv_proj,8656,2237.54
qkv_proj,8672,2236.91
qkv_proj,8688,2236.76
qkv_proj,8704,2236.97
qkv_proj,8720,2363.6
qkv_proj,8736,2364.46
qkv_proj,8752,2364.47
qkv_proj,8768,2364.1
qkv_proj,8784,2364.75
qkv_proj,8800,2365.27
qkv_proj,8816,2367.39
qkv_proj,8832,2366.21
qkv_proj,8848,2368.19
qkv_proj,8864,2369.86
qkv_proj,8880,2368.15
qkv_proj,8896,2369.44
qkv_proj,8912,2390.11
qkv_proj,8928,2387.56
qkv_proj,8944,2389.3
qkv_proj,8960,2390.22
qkv_proj,8976,2394.43
qkv_proj,8992,2392.5
qkv_proj,9008,2393.78
qkv_proj,9024,2392.94
qkv_proj,9040,2392.44
qkv_proj,9056,2393.91
qkv_proj,9072,2392.13
qkv_proj,9088,2393.66
qkv_proj,9104,2393.48
qkv_proj,9120,2394.37
qkv_proj,9136,2394.41
qkv_proj,9152,2395.47
qkv_proj,9168,2394.41
qkv_proj,9184,2395.98
qkv_proj,9200,2395.54
qkv_proj,9216,2394.33
qkv_proj,9232,2521.96
qkv_proj,9248,2524.3
qkv_proj,9264,2523.33
qkv_proj,9280,2522.51
qkv_proj,9296,2522.89
qkv_proj,9312,2522.54
qkv_proj,9328,2523.03
qkv_proj,9344,2521.55
qkv_proj,9360,2526.16
qkv_proj,9376,2526.02
qkv_proj,9392,2526.75
qkv_proj,9408,2526.36
qkv_proj,9424,2524.98
qkv_proj,9440,2526.48
qkv_proj,9456,2525.04
qkv_proj,9472,2524.8
qkv_proj,9488,2531.19
qkv_proj,9504,2531.62
qkv_proj,9520,2532.04
qkv_proj,9536,2531.44
qkv_proj,9552,2530.65
qkv_proj,9568,2531.6
qkv_proj,9584,2532.3
qkv_proj,9600,2530.9
qkv_proj,9616,2533.89
qkv_proj,9632,2533.11
qkv_proj,9648,2539.91
qkv_proj,9664,2537.98
qkv_proj,9680,2534.1
qkv_proj,9696,2535.1
qkv_proj,9712,2533.65
qkv_proj,9728,2540.33
qkv_proj,9744,2675.35
qkv_proj,9760,2667.63
qkv_proj,9776,2668.82
qkv_proj,9792,2667.36
qkv_proj,9808,2666.89
qkv_proj,9824,2668.2
qkv_proj,9840,2668.74
qkv_proj,9856,3031.75
qkv_proj,9872,2677.34
qkv_proj,9888,2669.27
qkv_proj,9904,2668.89
qkv_proj,9920,2672.01
qkv_proj,9936,2669.58
qkv_proj,9952,2668.58
qkv_proj,9968,2667.68
qkv_proj,9984,2668.47
qkv_proj,10000,2684.96
qkv_proj,10016,2675.24
qkv_proj,10032,2685.5
qkv_proj,10048,2675.93
qkv_proj,10064,2673.92
qkv_proj,10080,2673.07
qkv_proj,10096,2672.92
qkv_proj,10112,2673.93
qkv_proj,10128,2674.86
qkv_proj,10144,2676.42
qkv_proj,10160,2680.71
qkv_proj,10176,2680.77
qkv_proj,10192,2674.49
qkv_proj,10208,2674.81
qkv_proj,10224,2673.1
qkv_proj,10240,2675.79
qkv_proj,10256,2803.29
qkv_proj,10272,2799.79
qkv_proj,10288,2800.55
qkv_proj,10304,2802.1
qkv_proj,10320,2801.05
qkv_proj,10336,2802.55
qkv_proj,10352,2801.95
qkv_proj,10368,2804.1
qkv_proj,10384,2804.95
qkv_proj,10400,2805.83
qkv_proj,10416,2806.18
qkv_proj,10432,2809.53
qkv_proj,10448,2809.96
qkv_proj,10464,2807.09
qkv_proj,10480,2806.43
qkv_proj,10496,2806.28
qkv_proj,10512,2812.09
qkv_proj,10528,2810.61
qkv_proj,10544,2811.17
qkv_proj,10560,2814.05
qkv_proj,10576,2814.77
qkv_proj,10592,2812.79
qkv_proj,10608,2818.36
qkv_proj,10624,2811.55
qkv_proj,10640,2813.53
qkv_proj,10656,2812.83
qkv_proj,10672,2814.13
qkv_proj,10688,2812.9
qkv_proj,10704,2815.41
qkv_proj,10720,2811.33
qkv_proj,10736,3195.86
qkv_proj,10752,2813.62
qkv_proj,10768,2828.92
qkv_proj,10784,2822.67
qkv_proj,10800,2821.27
qkv_proj,10816,2940.19
qkv_proj,10832,2946.48
qkv_proj,10848,2940.63
qkv_proj,10864,2940.12
qkv_proj,10880,2938.95
qkv_proj,10896,2943.92
qkv_proj,10912,2939.99
qkv_proj,10928,2939.13
qkv_proj,10944,2946.93
qkv_proj,10960,2939.5
qkv_proj,10976,2939.57
qkv_proj,10992,2942.11
qkv_proj,11008,2940.05
qkv_proj,11024,2948.92
qkv_proj,11040,2948.53
qkv_proj,11056,2948.89
qkv_proj,11072,2948.84
qkv_proj,11088,2949.44
qkv_proj,11104,2948.97
qkv_proj,11120,2949.08
qkv_proj,11136,2949.57
qkv_proj,11152,2950.16
qkv_proj,11168,2948.9
qkv_proj,11184,2949.44
qkv_proj,11200,2951.52
qkv_proj,11216,2951.74
qkv_proj,11232,2957.97
qkv_proj,11248,2959.4
qkv_proj,11264,2953.36
qkv_proj,11280,2965.58
qkv_proj,11296,2964.28
qkv_proj,11312,2958.93
qkv_proj,11328,2965.16
qkv_proj,11344,2961.39
qkv_proj,11360,2962.1
qkv_proj,11376,2959.19
qkv_proj,11392,2954.65
qkv_proj,11408,3082.07
qkv_proj,11424,3095.22
qkv_proj,11440,3097.25
qkv_proj,11456,3082.49
qkv_proj,11472,3084.43
qkv_proj,11488,3086.19
qkv_proj,11504,3087.04
qkv_proj,11520,3086.79
qkv_proj,11536,3109.79
qkv_proj,11552,3087.54
qkv_proj,11568,3100.97
qkv_proj,11584,3106.23
qkv_proj,11600,3098.01
qkv_proj,11616,3092.41
qkv_proj,11632,3087.03
qkv_proj,11648,3081.83
qkv_proj,11664,3087.26
qkv_proj,11680,3100.81
qkv_proj,11696,3111.93
qkv_proj,11712,3102.79
qkv_proj,11728,3108.01
qkv_proj,11744,3098.57
qkv_proj,11760,3103.99
qkv_proj,11776,3108.05
qkv_proj,11792,3117.59
qkv_proj,11808,3104.8
qkv_proj,11824,3108.66
qkv_proj,11840,3101.6
qkv_proj,11856,3105.81
qkv_proj,11872,3098.66
qkv_proj,11888,3106.55
qkv_proj,11904,3093.07
qkv_proj,11920,3229.22
qkv_proj,11936,3231.31
qkv_proj,11952,3244.9
qkv_proj,11968,3665.58
qkv_proj,11984,3222.05
qkv_proj,12000,3223.46
qkv_proj,12016,3229.53
qkv_proj,12032,3230.93
qkv_proj,12048,3251.75
qkv_proj,12064,3233.37
qkv_proj,12080,3248.76
qkv_proj,12096,3240.74
qkv_proj,12112,3234.51
qkv_proj,12128,3232.85
qkv_proj,12144,3229.11
qkv_proj,12160,3224.03
qkv_proj,12176,3256.86
qkv_proj,12192,3240.67
qkv_proj,12208,3245.64
qkv_proj,12224,3248.93
qkv_proj,12240,3237.72
qkv_proj,12256,3232.54
qkv_proj,12272,3247.88
qkv_proj,12288,3239.43
qkv_proj,12304,3239.48
qkv_proj,12320,3246.97
qkv_proj,12336,3251.86
qkv_proj,12352,3245.81
qkv_proj,12368,3233.13
qkv_proj,12384,3237.56
qkv_proj,12400,3247.01
qkv_proj,12416,3245.76
qkv_proj,12432,3366.72
qkv_proj,12448,3378.21
qkv_proj,12464,3366.11
qkv_proj,12480,3372.49
qkv_proj,12496,3372.55
qkv_proj,12512,3366.42
qkv_proj,12528,3369.58
qkv_proj,12544,3369.97
qkv_proj,12560,3370.31
qkv_proj,12576,3377.33
qkv_proj,12592,3378.9
qkv_proj,12608,3384.7
qkv_proj,12624,3364.72
qkv_proj,12640,3362.16
qkv_proj,12656,3372.32
qkv_proj,12672,3379.32
qkv_proj,12688,3386.56
qkv_proj,12704,3383.17
qkv_proj,12720,3381.36
qkv_proj,12736,3379.9
qkv_proj,12752,3388.28
qkv_proj,12768,3385.69
qkv_proj,12784,3372.75
qkv_proj,12800,3378.63
qkv_proj,12816,3385.94
qkv_proj,12832,3392.09
qkv_proj,12848,3383.62
qkv_proj,12864,3386.91
qkv_proj,12880,3391.21
qkv_proj,12896,3389.83
qkv_proj,12912,3380.22
qkv_proj,12928,3388.49
qkv_proj,12944,3396.49
qkv_proj,12960,3387.35
qkv_proj,12976,3386.61
qkv_proj,12992,3395.38
qkv_proj,13008,3398.69
qkv_proj,13024,3392.27
qkv_proj,13040,3390.21
qkv_proj,13056,3390.96
qkv_proj,13072,3533.18
qkv_proj,13088,3524.79
qkv_proj,13104,3514.3
qkv_proj,13120,3526.9
qkv_proj,13136,3510.54
qkv_proj,13152,3517.68
qkv_proj,13168,3527.83
qkv_proj,13184,3515.89
qkv_proj,13200,3523.19
qkv_proj,13216,3526.69
qkv_proj,13232,3533.98
qkv_proj,13248,3526.91
qkv_proj,13264,3530.81
qkv_proj,13280,3525.84
qkv_proj,13296,3523.05
qkv_proj,13312,3539.54
qkv_proj,13328,3530.35
qkv_proj,13344,3528.38
qkv_proj,13360,3533.31
qkv_proj,13376,3528.69
qkv_proj,13392,3525.35
qkv_proj,13408,3534.65
qkv_proj,13424,3536.11
qkv_proj,13440,3535.58
qkv_proj,13456,3538.75
qkv_proj,13472,3530.86
qkv_proj,13488,3537.11
qkv_proj,13504,3538.88
qkv_proj,13520,3535.02
qkv_proj,13536,3533.65
qkv_proj,13552,3534.99
qkv_proj,13568,3533.63
qkv_proj,13584,3669.31
qkv_proj,13600,3661.55
qkv_proj,13616,3662.81
qkv_proj,13632,3666.36
qkv_proj,13648,3655.42
qkv_proj,13664,3654.95
qkv_proj,13680,3659.98
qkv_proj,13696,3657.2
qkv_proj,13712,3671.89
qkv_proj,13728,3666.52
qkv_proj,13744,3663.26
qkv_proj,13760,3668.99
qkv_proj,13776,3660.46
qkv_proj,13792,3659.35
qkv_proj,13808,3669.16
qkv_proj,13824,3665.59
qkv_proj,13840,3676.25
qkv_proj,13856,3673.9
qkv_proj,13872,3674.62
qkv_proj,13888,3667.58
qkv_proj,13904,3667.47
qkv_proj,13920,3674.25
qkv_proj,13936,3673.12
qkv_proj,13952,3673.84
qkv_proj,13968,3674.05
qkv_proj,13984,3677.43
qkv_proj,14000,3669.76
qkv_proj,14016,3677.31
qkv_proj,14032,3678.3
qkv_proj,14048,3675.56
qkv_proj,14064,3674.59
qkv_proj,14080,3682.56
qkv_proj,14096,3805.04
qkv_proj,14112,3803.21
qkv_proj,14128,3802.44
qkv_proj,14144,3803.04
qkv_proj,14160,3801.76
qkv_proj,14176,3803.01
qkv_proj,14192,3797.01
qkv_proj,14208,3806.36
qkv_proj,14224,3803.29
qkv_proj,14240,3812.23
qkv_proj,14256,3794.74
qkv_proj,14272,3804.22
qkv_proj,14288,3767.35
qkv_proj,14304,3796.01
qkv_proj,14320,3809.26
qkv_proj,14336,3799.81
qkv_proj,14352,3809.8
qkv_proj,14368,3816.9
qkv_proj,14384,3815.79
qkv_proj,14400,3809.52
qkv_proj,14416,3786.53
qkv_proj,14432,3786.48
qkv_proj,14448,3787.53
qkv_proj,14464,3816.98
qkv_proj,14480,3813.74
qkv_proj,14496,3816.13
qkv_proj,14512,3818.1
qkv_proj,14528,3815.67
qkv_proj,14544,3785.94
qkv_proj,14560,3780.75
qkv_proj,14576,3786.5
qkv_proj,14592,3787.04
qkv_proj,14608,3901.98
qkv_proj,14624,3909.24
qkv_proj,14640,3908.55
qkv_proj,14656,3908.89
qkv_proj,14672,3909.88
qkv_proj,14688,3908.57
qkv_proj,14704,3900.11
qkv_proj,14720,3910.08
qkv_proj,14736,3914.42
qkv_proj,14752,3939.87
qkv_proj,14768,3913.55
qkv_proj,14784,3931.54
qkv_proj,14800,3913.48
qkv_proj,14816,3910.18
qkv_proj,14832,3914.81
qkv_proj,14848,3905.41
qkv_proj,14864,3919.8
qkv_proj,14880,3926.99
qkv_proj,14896,3915.19
qkv_proj,14912,3926.96
qkv_proj,14928,3956.52
qkv_proj,14944,3927.26
qkv_proj,14960,3922.38
qkv_proj,14976,3926.31
qkv_proj,14992,3927.63
qkv_proj,15008,3947.57
qkv_proj,15024,3937.29
qkv_proj,15040,3929.08
qkv_proj,15056,3932.01
qkv_proj,15072,3928.75
qkv_proj,15088,3925.53
qkv_proj,15104,3927.66
qkv_proj,15120,3931.31
qkv_proj,15136,3937.05
qkv_proj,15152,3944.74
qkv_proj,15168,3926.25
qkv_proj,15184,3925.7
qkv_proj,15200,3946.94
qkv_proj,15216,3925.59
qkv_proj,15232,3923.16
qkv_proj,15248,4060.22
qkv_proj,15264,4060.15
qkv_proj,15280,4071.69
qkv_proj,15296,4053.34
qkv_proj,15312,4052.03
qkv_proj,15328,4051.86
qkv_proj,15344,4055.88
qkv_proj,15360,4050.53
qkv_proj,15376,4075.28
qkv_proj,15392,4061.66
qkv_proj,15408,4075.05
qkv_proj,15424,4071.01
qkv_proj,15440,4066.66
qkv_proj,15456,4055.36
qkv_proj,15472,4059.01
qkv_proj,15488,4070.92
qkv_proj,15504,4079.63
qkv_proj,15520,4076.84
qkv_proj,15536,4076.31
qkv_proj,15552,4076.44
qkv_proj,15568,4067.7
qkv_proj,15584,4065.59
qkv_proj,15600,4062.84
qkv_proj,15616,4074.86
qkv_proj,15632,4069.03
qkv_proj,15648,4075.69
qkv_proj,15664,4079.06
qkv_proj,15680,4074.43
qkv_proj,15696,4074.27
qkv_proj,15712,4070.65
qkv_proj,15728,4063.48
qkv_proj,15744,4064.56
qkv_proj,15760,4213.01
qkv_proj,15776,4233.89
qkv_proj,15792,4213.08
qkv_proj,15808,4202.34
qkv_proj,15824,4203.5
qkv_proj,15840,4189.51
qkv_proj,15856,4200.8
qkv_proj,15872,4202.07
qkv_proj,15888,4200.08
qkv_proj,15904,4208.51
qkv_proj,15920,4213.72
qkv_proj,15936,4212.66
qkv_proj,15952,4204.07
qkv_proj,15968,4204.45
qkv_proj,15984,4201.51
qkv_proj,16000,4213.6
qkv_proj,16016,4214.12
qkv_proj,16032,4215.37
qkv_proj,16048,4268.41
qkv_proj,16064,4223.11
qkv_proj,16080,4224.25
qkv_proj,16096,4205.53
qkv_proj,16112,4227.55
qkv_proj,16128,4216.04
qkv_proj,16144,4211.65
qkv_proj,16160,4237.02
qkv_proj,16176,4235.94
qkv_proj,16192,4237.39
qkv_proj,16208,4220.1
qkv_proj,16224,4216.28
qkv_proj,16240,4214.21
qkv_proj,16256,4217.69
qkv_proj,16272,4353.61
qkv_proj,16288,4350.03
qkv_proj,16304,4352.39
qkv_proj,16320,4340.76
qkv_proj,16336,4346.2
qkv_proj,16352,4350.63
qkv_proj,16368,4337.88
qkv_proj,16384,4329.15
qkv_proj,16400,4342.09
qkv_proj,16416,4371.86
qkv_proj,16432,4357.68
qkv_proj,16448,4362.61
qkv_proj,16464,4358.63
qkv_proj,16480,4353.89
qkv_proj,16496,4350.29
qkv_proj,16512,4352.83
qkv_proj,16528,4366.27
qkv_proj,16544,4360.28
qkv_proj,16560,4368.38
qkv_proj,16576,4382.91
qkv_proj,16592,4356.87
qkv_proj,16608,4359.86
qkv_proj,16624,4356.49
qkv_proj,16640,4358.29
qkv_proj,16656,4345.44
qkv_proj,16672,4363.28
qkv_proj,16688,4363.67
qkv_proj,16704,4377.25
qkv_proj,16720,4366.25
qkv_proj,16736,4365.97
qkv_proj,16752,4352.14
qkv_proj,16768,4357.24
qkv_proj,16784,4486.11
qkv_proj,16800,4499.84
qkv_proj,16816,4490.74
qkv_proj,16832,4501.46
qkv_proj,16848,4476.68
qkv_proj,16864,4475.57
qkv_proj,16880,4474.72
qkv_proj,16896,4476.87
qkv_proj,16912,4481.82
qkv_proj,16928,4493.23
qkv_proj,16944,4486.97
qkv_proj,16960,4502.5
qkv_proj,16976,4498.87
qkv_proj,16992,4493.94
qkv_proj,17008,4488.88
qkv_proj,17024,4492.49
qkv_proj,17040,4507.14
qkv_proj,17056,4526.83
qkv_proj,17072,4509.46
qkv_proj,17088,4516.39
qkv_proj,17104,4518.3
qkv_proj,17120,4507.34
qkv_proj,17136,4504.49
qkv_proj,17152,4506.42
qkv_proj,17168,4497.12
qkv_proj,17184,4518.94
qkv_proj,17200,4515.93
qkv_proj,17216,4521.55
qkv_proj,17232,4505.46
qkv_proj,17248,4506.95
qkv_proj,17264,4519.83
qkv_proj,17280,4496.95
qkv_proj,17296,4524.55
qkv_proj,17312,4526.4
qkv_proj,17328,4499.02
qkv_proj,17344,4519.89
qkv_proj,17360,4515.03
qkv_proj,17376,4518.17
qkv_proj,17392,4504.81
qkv_proj,17408,4510.83
qkv_proj,17424,4645.7
qkv_proj,17440,4643.16
qkv_proj,17456,4632.97
qkv_proj,17472,4646.21
qkv_proj,17488,4629.46
qkv_proj,17504,4619.6
qkv_proj,17520,4633.54
qkv_proj,17536,4631.16
qkv_proj,17552,4654.25
qkv_proj,17568,4658.65
qkv_proj,17584,4653.14
qkv_proj,17600,4634.67
qkv_proj,17616,4659.57
qkv_proj,17632,4620.49
qkv_proj,17648,4651.11
qkv_proj,17664,4652.18
qkv_proj,17680,4626.42
qkv_proj,17696,4660.58
qkv_proj,17712,4674.85
qkv_proj,17728,4661.08
qkv_proj,17744,4650.92
qkv_proj,17760,4657.82
qkv_proj,17776,4635.16
qkv_proj,17792,4649.72
qkv_proj,17808,4658.53
qkv_proj,17824,4658.9
qkv_proj,17840,4647.91
qkv_proj,17856,4663.85
qkv_proj,17872,4647.99
qkv_proj,17888,4634.63
qkv_proj,17904,4660.42
qkv_proj,17920,4661.2
qkv_proj,17936,4798.58
qkv_proj,17952,4784.27
qkv_proj,17968,4783.7
qkv_proj,17984,4787.76
qkv_proj,18000,4782.51
qkv_proj,18016,4750.56
qkv_proj,18032,4788.13
qkv_proj,18048,4761.55
qkv_proj,18064,4803.93
qkv_proj,18080,4792.8
qkv_proj,18096,4794.65
qkv_proj,18112,4806.4
qkv_proj,18128,4790.23
qkv_proj,18144,4792.37
qkv_proj,18160,4788.99
qkv_proj,18176,4794.66
qkv_proj,18192,4779.56
qkv_proj,18208,4804.25
qkv_proj,18224,4799.27
qkv_proj,18240,4797.59
qkv_proj,18256,4797.96
qkv_proj,18272,4797.24
qkv_proj,18288,4801.72
qkv_proj,18304,4797.78
qkv_proj,18320,4827.98
qkv_proj,18336,4805.3
qkv_proj,18352,4789.95
qkv_proj,18368,4814.1
qkv_proj,18384,4802.26
qkv_proj,18400,4809.13
qkv_proj,18416,4804.12
qkv_proj,18432,4799.87
qkv_proj,18448,4928.74
qkv_proj,18464,4929.47
qkv_proj,18480,4935.62
qkv_proj,18496,4936.37
qkv_proj,18512,4907.93
qkv_proj,18528,4898.71
qkv_proj,18544,4922.34
qkv_proj,18560,4924.35
qkv_proj,18576,4930.99
qkv_proj,18592,4922.41
qkv_proj,18608,4943
qkv_proj,18624,4935.78
qkv_proj,18640,4938.65
qkv_proj,18656,4935.44
qkv_proj,18672,4927.84
qkv_proj,18688,4909.88
qkv_proj,18704,4922.95
qkv_proj,18720,4953.45
qkv_proj,18736,4954.86
qkv_proj,18752,4970.25
qkv_proj,18768,4944.61
qkv_proj,18784,4940.46
qkv_proj,18800,4939.32
qkv_proj,18816,4938.64
qkv_proj,18832,4942.26
qkv_proj,18848,4944.87
qkv_proj,18864,4945.18
qkv_proj,18880,4937.63
qkv_proj,18896,4943.03
qkv_proj,18912,4940.89
qkv_proj,18928,4921.83
qkv_proj,18944,4944.01
qkv_proj,18960,5061.89
qkv_proj,18976,5100.29
qkv_proj,18992,5059.13
qkv_proj,19008,5073.05
qkv_proj,19024,5059.05
qkv_proj,19040,5035.21
qkv_proj,19056,5058.77
qkv_proj,19072,5060.94
qkv_proj,19088,5077.57
qkv_proj,19104,5075.5
qkv_proj,19120,5088.05
qkv_proj,19136,5062.58
qkv_proj,19152,5063.89
qkv_proj,19168,5054.23
qkv_proj,19184,5065.22
qkv_proj,19200,5057.11
qkv_proj,19216,5055.56
qkv_proj,19232,5087.33
qkv_proj,19248,5101.14
qkv_proj,19264,5085.04
qkv_proj,19280,5076.3
qkv_proj,19296,5151.58
qkv_proj,19312,5082.01
qkv_proj,19328,5083.07
qkv_proj,19344,5106.18
qkv_proj,19360,5086.37
qkv_proj,19376,5062.38
qkv_proj,19392,5107.1
qkv_proj,19408,5079.9
qkv_proj,19424,5083.19
qkv_proj,19440,5083.35
qkv_proj,19456,5077.75
qkv_proj,19472,5090.66
qkv_proj,19488,5106.65
qkv_proj,19504,5091.5
qkv_proj,19520,5107.18
qkv_proj,19536,5081.45
qkv_proj,19552,5060.2
qkv_proj,19568,5080.11
qkv_proj,19584,5081.51
qkv_proj,19600,5213.1
qkv_proj,19616,5216.09
qkv_proj,19632,5224.07
qkv_proj,19648,5203.13
qkv_proj,19664,5206.61
qkv_proj,19680,5211.62
qkv_proj,19696,5203.21
qkv_proj,19712,5212.73
qkv_proj,19728,5200.67
qkv_proj,19744,5220.79
qkv_proj,19760,5224.16
qkv_proj,19776,5247.76
qkv_proj,19792,5215.39
qkv_proj,19808,5214.97
qkv_proj,19824,5215.27
qkv_proj,19840,5209.43
qkv_proj,19856,5235.79
qkv_proj,19872,5252.91
qkv_proj,19888,5227.88
qkv_proj,19904,5236.13
qkv_proj,19920,5223.47
qkv_proj,19936,5222.96
qkv_proj,19952,5225.05
qkv_proj,19968,5224.09
qkv_proj,19984,5233.35
qkv_proj,20000,5237.14
qkv_proj,20016,5221.25
qkv_proj,20032,5249.33
qkv_proj,20048,5223.18
qkv_proj,20064,5201.66
qkv_proj,20080,5225.65
qkv_proj,20096,5222.32
qkv_proj,20112,5369.11
qkv_proj,20128,5375.7
qkv_proj,20144,5373.29
qkv_proj,20160,5364.32
qkv_proj,20176,5343.62
qkv_proj,20192,5345.23
qkv_proj,20208,5345.02
qkv_proj,20224,5347.4
qkv_proj,20240,5338.6
qkv_proj,20256,5373.22
qkv_proj,20272,5366.84
qkv_proj,20288,5363.97
qkv_proj,20304,5345.18
qkv_proj,20320,5348.87
qkv_proj,20336,5346.64
qkv_proj,20352,5351.95
qkv_proj,20368,5383.78
qkv_proj,20384,5394.23
qkv_proj,20400,5361.71
qkv_proj,20416,5379.81
qkv_proj,20432,5355.82
qkv_proj,20448,5363.16
qkv_proj,20464,5363.26
qkv_proj,20480,5377.35
qkv_proj,20496,5404.16
qkv_proj,20512,5391.86
qkv_proj,20528,5401.92
qkv_proj,20544,5380.71
qkv_proj,20560,5361.77
qkv_proj,20576,5336.93
qkv_proj,20592,5369.45
qkv_proj,20608,5362.99
qkv_proj,20624,5509.73
qkv_proj,20640,5498.41
qkv_proj,20656,5512.53
qkv_proj,20672,5523.57
qkv_proj,20688,5481.89
qkv_proj,20704,5483.02
qkv_proj,20720,5482.94
qkv_proj,20736,5481.9
qkv_proj,20752,5499.33
qkv_proj,20768,5524.09
qkv_proj,20784,5514.28
qkv_proj,20800,5506.3
qkv_proj,20816,5484.53
qkv_proj,20832,5488.23
qkv_proj,20848,5500.33
qkv_proj,20864,5483.89
qkv_proj,20880,5527.34
qkv_proj,20896,5546.37
qkv_proj,20912,5483.98
qkv_proj,20928,5525.93
qkv_proj,20944,5497.49
qkv_proj,20960,5508.27
qkv_proj,20976,5502.96
qkv_proj,20992,5520.97
qkv_proj,21008,5518.71
qkv_proj,21024,5529.94
qkv_proj,21040,5543.39
qkv_proj,21056,5529.84
qkv_proj,21072,5505.02
qkv_proj,21088,5492.61
qkv_proj,21104,5499.43
qkv_proj,21120,5504.63
qkv_proj,21136,5662.08
qkv_proj,21152,5655.2
qkv_proj,21168,5657.17
qkv_proj,21184,5648.78
qkv_proj,21200,5621.33
qkv_proj,21216,5637.27
qkv_proj,21232,5636.9
qkv_proj,21248,5621.36
qkv_proj,21264,5652.29
qkv_proj,21280,5658.27
qkv_proj,21296,5666.1
qkv_proj,21312,5659.28
qkv_proj,21328,5637.34
qkv_proj,21344,5638.32
qkv_proj,21360,5624.03
qkv_proj,21376,5624.8
qkv_proj,21392,5690.79
qkv_proj,21408,5670.79
qkv_proj,21424,5634.57
qkv_proj,21440,5682.95
qkv_proj,21456,5641.66
qkv_proj,21472,5674.38
qkv_proj,21488,5652.83
qkv_proj,21504,5653.58
qkv_proj,21520,5684.9
qkv_proj,21536,5685.95
qkv_proj,21552,5681.35
qkv_proj,21568,5667.54
qkv_proj,21584,5647
qkv_proj,21600,5655.45
qkv_proj,21616,5655.87
qkv_proj,21632,5642.71
qkv_proj,21648,5686.07
qkv_proj,21664,5671.32
qkv_proj,21680,5658.93
qkv_proj,21696,5674.97
qkv_proj,21712,5657.13
qkv_proj,21728,5656.07
qkv_proj,21744,5659.24
qkv_proj,21760,5647.77
qkv_proj,21776,5772.5
qkv_proj,21792,5786.52
qkv_proj,21808,5790.28
qkv_proj,21824,5797.08
qkv_proj,21840,5763.77
qkv_proj,21856,5760.62
qkv_proj,21872,5762.67
qkv_proj,21888,5765.65
qkv_proj,21904,5809.06
qkv_proj,21920,5804.31
qkv_proj,21936,5752.41
qkv_proj,21952,5773
qkv_proj,21968,5775.83
qkv_proj,21984,5778.68
qkv_proj,22000,5774.79
qkv_proj,22016,5792.88
qkv_proj,22032,5808.15
qkv_proj,22048,5805.17
qkv_proj,22064,5814.3
qkv_proj,22080,5831.64
qkv_proj,22096,5785.32
qkv_proj,22112,5769.05
qkv_proj,22128,5802.96
qkv_proj,22144,5788.08
qkv_proj,22160,5812.08
qkv_proj,22176,5797.14
qkv_proj,22192,5828.7
qkv_proj,22208,5797.74
qkv_proj,22224,5784.93
qkv_proj,22240,5803.01
qkv_proj,22256,5802.5
qkv_proj,22272,5798.32
qkv_proj,22288,5904.79
qkv_proj,22304,5938.72
qkv_proj,22320,5930.77
qkv_proj,22336,5949.56
qkv_proj,22352,5934
qkv_proj,22368,5905.06
qkv_proj,22384,5907.08
qkv_proj,22400,5920.72
qkv_proj,22416,5948.51
qkv_proj,22432,5936.35
qkv_proj,22448,5917.15
qkv_proj,22464,5951.96
qkv_proj,22480,5927.67
qkv_proj,22496,5930.16
qkv_proj,22512,5908.21
qkv_proj,22528,5921.53
qkv_proj,22544,5953.68
qkv_proj,22560,5970
qkv_proj,22576,5972.4
qkv_proj,22592,5965.37
qkv_proj,22608,5955.58
qkv_proj,22624,5948.73
qkv_proj,22640,5972.76
qkv_proj,22656,5925.88
qkv_proj,22672,5959.25
qkv_proj,22688,5990.25
qkv_proj,22704,5968.88
qkv_proj,22720,5955.3
qkv_proj,22736,5970.45
qkv_proj,22752,5969.33
qkv_proj,22768,5967.27
qkv_proj,22784,5926.54
qkv_proj,22800,6046.28
qkv_proj,22816,6092.79
qkv_proj,22832,6060.93
qkv_proj,22848,6052.69
qkv_proj,22864,6071.46
qkv_proj,22880,6076.64
qkv_proj,22896,6068.21
qkv_proj,22912,6042.16
qkv_proj,22928,6068.19
qkv_proj,22944,6089.42
qkv_proj,22960,6075.96
qkv_proj,22976,6066.9
qkv_proj,22992,6044.18
qkv_proj,23008,6108.63
qkv_proj,23024,6079.92
qkv_proj,23040,6096.04
qkv_proj,23056,6093.72
qkv_proj,23072,6108.2
qkv_proj,23088,6097.02
qkv_proj,23104,6090.6
qkv_proj,23120,6077.07
qkv_proj,23136,6092.7
qkv_proj,23152,6078.49
qkv_proj,23168,6079.31
qkv_proj,23184,6112.26
qkv_proj,23200,6100.12
qkv_proj,23216,6101.53
qkv_proj,23232,6109.96
qkv_proj,23248,6107.5
qkv_proj,23264,6111.54
qkv_proj,23280,6093.6
qkv_proj,23296,6086.16
qkv_proj,23312,6212.23
qkv_proj,23328,6245.28
qkv_proj,23344,6217.02
qkv_proj,23360,6231.32
qkv_proj,23376,6214.98
qkv_proj,23392,6215.43
qkv_proj,23408,6216.39
qkv_proj,23424,6199
qkv_proj,23440,6242.39
qkv_proj,23456,6220.98
qkv_proj,23472,6211.44
qkv_proj,23488,6213.91
qkv_proj,23504,6218.06
qkv_proj,23520,6233.39
qkv_proj,23536,6226.98
qkv_proj,23552,6204.66
qkv_proj,23568,6252.15
qkv_proj,23584,6253.8
qkv_proj,23600,6241.14
qkv_proj,23616,6255.85
qkv_proj,23632,6241.62
qkv_proj,23648,6218.03
qkv_proj,23664,6234.12
qkv_proj,23680,6231.11
qkv_proj,23696,6251.17
qkv_proj,23712,6267.76
qkv_proj,23728,6266.96
qkv_proj,23744,6239.31
qkv_proj,23760,6240.3
qkv_proj,23776,6238.74
qkv_proj,23792,6219.3
qkv_proj,23808,6241.84
qkv_proj,23824,6261.87
qkv_proj,23840,6275.45
qkv_proj,23856,6253.73
qkv_proj,23872,6238.5
qkv_proj,23888,6240.3
qkv_proj,23904,6253.84
qkv_proj,23920,6237.29
qkv_proj,23936,6238.59
qkv_proj,23952,6364.76
qkv_proj,23968,6373.17
qkv_proj,23984,6324.34
qkv_proj,24000,6360.78
qkv_proj,24016,6353.24
qkv_proj,24032,6373.29
qkv_proj,24048,6373.26
qkv_proj,24064,6342.65
qkv_proj,24080,6353.77
qkv_proj,24096,6381.95
qkv_proj,24112,6393.3
qkv_proj,24128,6381.64
qkv_proj,24144,6378.5
qkv_proj,24160,6369.19
qkv_proj,24176,6354.34
qkv_proj,24192,6375.22
qkv_proj,24208,6373.45
qkv_proj,24224,6389.48
qkv_proj,24240,6369.65
qkv_proj,24256,6393.78
qkv_proj,24272,6380.42
qkv_proj,24288,6395.13
qkv_proj,24304,6363.86
qkv_proj,24320,6362.3
qkv_proj,24336,6352.57
qkv_proj,24352,6388.58
qkv_proj,24368,6369.05
qkv_proj,24384,6378.66
qkv_proj,24400,6373.74
qkv_proj,24416,6368.84
qkv_proj,24432,6366.02
qkv_proj,24448,6366.54
qkv_proj,24464,6513.45
qkv_proj,24480,6502.28
qkv_proj,24496,6479.83
qkv_proj,24512,6496.24
qkv_proj,24528,6496.73
qkv_proj,24544,6514.24
qkv_proj,24560,6479.66
qkv_proj,24576,6497.12
qkv_proj,24592,6481.27
qkv_proj,24608,6513.47
qkv_proj,24624,6495.16
qkv_proj,24640,6509.55
qkv_proj,24656,6483.25
qkv_proj,24672,6484.5
qkv_proj,24688,6505.11
qkv_proj,24704,6483.64
qkv_proj,24720,6522.5
qkv_proj,24736,6542.06
qkv_proj,24752,6517.5
qkv_proj,24768,6522.51
qkv_proj,24784,6526.89
qkv_proj,24800,6534.34
qkv_proj,24816,6520.16
qkv_proj,24832,6504.74
qkv_proj,24848,6506.01
qkv_proj,24864,6528.28
qkv_proj,24880,6529.37
qkv_proj,24896,6523.37
qkv_proj,24912,6531.51
qkv_proj,24928,6495.78
qkv_proj,24944,6520.97
qkv_proj,24960,6507.29
qkv_proj,24976,6644.22
qkv_proj,24992,6655.03
qkv_proj,25008,6619.54
qkv_proj,25024,6637.56
qkv_proj,25040,6637.47
qkv_proj,25056,6636.99
qkv_proj,25072,6631.39
qkv_proj,25088,6638.05
qkv_proj,25104,6647.06
qkv_proj,25120,6662.24
qkv_proj,25136,6633.04
qkv_proj,25152,6627.24
qkv_proj,25168,6641.4
qkv_proj,25184,6638.37
qkv_proj,25200,6620.74
qkv_proj,25216,6631.2
qkv_proj,25232,6665.03
qkv_proj,25248,6668.41
qkv_proj,25264,6656.29
qkv_proj,25280,6663.5
qkv_proj,25296,6673.85
qkv_proj,25312,6674.72
qkv_proj,25328,6671.78
qkv_proj,25344,6653.92
qkv_proj,25360,6654.29
qkv_proj,25376,6667.18
qkv_proj,25392,6666.17
qkv_proj,25408,6662.08
qkv_proj,25424,6662.76
qkv_proj,25440,6664.5
qkv_proj,25456,6656.57
qkv_proj,25472,6645.57
qkv_proj,25488,6795.02
qkv_proj,25504,6809.46
qkv_proj,25520,6768.37
qkv_proj,25536,6776.65
qkv_proj,25552,6779.94
qkv_proj,25568,6789.04
qkv_proj,25584,6772.2
qkv_proj,25600,6780.22
qkv_proj,25616,6762.36
qkv_proj,25632,6797.63
qkv_proj,25648,6781.83
qkv_proj,25664,6778.81
qkv_proj,25680,6780.32
qkv_proj,25696,6782.43
qkv_proj,25712,6785.28
qkv_proj,25728,6744.74
qkv_proj,25744,6801.89
qkv_proj,25760,6815.57
qkv_proj,25776,6798.46
qkv_proj,25792,6796.34
qkv_proj,25808,6818.47
qkv_proj,25824,6816.42
qkv_proj,25840,6786.3
qkv_proj,25856,6803.81
qkv_proj,25872,6785.38
qkv_proj,25888,6842.76
qkv_proj,25904,6817.24
qkv_proj,25920,6824.26
qkv_proj,25936,6818.89
qkv_proj,25952,6805.1
qkv_proj,25968,6820.82
qkv_proj,25984,6807.2
qkv_proj,26000,6811.05
qkv_proj,26016,6841.19
qkv_proj,26032,6804.3
qkv_proj,26048,6800.81
qkv_proj,26064,6822.94
qkv_proj,26080,6838.18
qkv_proj,26096,6819.89
qkv_proj,26112,6779.54
qkv_proj,26128,6900.83
qkv_proj,26144,6942.23
qkv_proj,26160,6938.7
qkv_proj,26176,6908.34
qkv_proj,26192,6925.36
qkv_proj,26208,6926.04
qkv_proj,26224,6906.76
qkv_proj,26240,6895.52
qkv_proj,26256,6922.09
qkv_proj,26272,6949.68
qkv_proj,26288,6941.75
qkv_proj,26304,6924.22
qkv_proj,26320,6903.83
qkv_proj,26336,6949.07
qkv_proj,26352,6950.95
qkv_proj,26368,6908.53
qkv_proj,26384,6942.35
qkv_proj,26400,6956.66
qkv_proj,26416,6963.4
qkv_proj,26432,6962.18
qkv_proj,26448,6944.72
qkv_proj,26464,6946.1
qkv_proj,26480,6962.56
qkv_proj,26496,6908.67
qkv_proj,26512,6960.68
qkv_proj,26528,6972.56
qkv_proj,26544,6927.36
qkv_proj,26560,6962.61
qkv_proj,26576,6915.12
qkv_proj,26592,6956.23
qkv_proj,26608,6944.77
qkv_proj,26624,6909.67
qkv_proj,26640,7051.3
qkv_proj,26656,7097.73
qkv_proj,26672,7071.54
qkv_proj,26688,7070.19
qkv_proj,26704,7059.22
qkv_proj,26720,7060.3
qkv_proj,26736,7095.12
qkv_proj,26752,7027.05
qkv_proj,26768,7114.24
qkv_proj,26784,7087.64
qkv_proj,26800,7087.15
qkv_proj,26816,7068.69
qkv_proj,26832,7074.99
qkv_proj,26848,7067.2
qkv_proj,26864,7046.53
qkv_proj,26880,7059.64
qkv_proj,26896,7086.77
qkv_proj,26912,7103.27
qkv_proj,26928,7091.6
qkv_proj,26944,7086.26
qkv_proj,26960,7104.46
qkv_proj,26976,7102.48
qkv_proj,26992,7065.47
qkv_proj,27008,7087.9
qkv_proj,27024,7122.36
qkv_proj,27040,7128.78
qkv_proj,27056,7083
qkv_proj,27072,7107.45
qkv_proj,27088,7086.98
qkv_proj,27104,7103.53
qkv_proj,27120,7101.32
qkv_proj,27136,7100.46
qkv_proj,27152,7211.33
qkv_proj,27168,7237.55
qkv_proj,27184,7206.24
qkv_proj,27200,7217.51
qkv_proj,27216,7202.44
qkv_proj,27232,7205.23
qkv_proj,27248,7182.49
qkv_proj,27264,7215.19
qkv_proj,27280,7217.81
qkv_proj,27296,7234.73
qkv_proj,27312,7219.53
qkv_proj,27328,7213.94
qkv_proj,27344,7205.38
qkv_proj,27360,7222.72
qkv_proj,27376,7197.32
qkv_proj,27392,7216.58
qkv_proj,27408,7242.37
qkv_proj,27424,7244.05
qkv_proj,27440,7234.62
qkv_proj,27456,7236.02
qkv_proj,27472,7217.6
qkv_proj,27488,7234.37
qkv_proj,27504,7218.7
qkv_proj,27520,7229.07
qkv_proj,27536,7236.85
qkv_proj,27552,7258.51
qkv_proj,27568,7248.34
qkv_proj,27584,7229.89
qkv_proj,27600,7220.28
qkv_proj,27616,7257.74
qkv_proj,27632,7226.65
qkv_proj,27648,7203.86
qkv_proj,27664,7342.22
qkv_proj,27680,7385.19
qkv_proj,27696,7355.29
qkv_proj,27712,7359.63
qkv_proj,27728,7352.89
qkv_proj,27744,7377.66
qkv_proj,27760,7339.13
qkv_proj,27776,7323.64
qkv_proj,27792,7352.04
qkv_proj,27808,7379.71
qkv_proj,27824,7355.9
qkv_proj,27840,7363.23
qkv_proj,27856,7326.71
qkv_proj,27872,7369.45
qkv_proj,27888,7354.83
qkv_proj,27904,7336.23
qkv_proj,27920,7371.23
qkv_proj,27936,7379.32
qkv_proj,27952,7367.96
qkv_proj,27968,7398.77
qkv_proj,27984,7378.2
qkv_proj,28000,7388.55
qkv_proj,28016,7345.67
qkv_proj,28032,7357.41
qkv_proj,28048,7384.68
qkv_proj,28064,7400.61
qkv_proj,28080,7329.48
qkv_proj,28096,7391.67
qkv_proj,28112,7375.06
qkv_proj,28128,7426.32
qkv_proj,28144,7363.13
qkv_proj,28160,7382.3
qkv_proj,28176,7378.97
qkv_proj,28192,7375.79
qkv_proj,28208,7407.13
qkv_proj,28224,7383.46
qkv_proj,28240,7407.56
qkv_proj,28256,7366.41
qkv_proj,28272,7409.57
qkv_proj,28288,7387.97
qkv_proj,28304,7511.43
qkv_proj,28320,7490.61
qkv_proj,28336,7511.82
qkv_proj,28352,7477.74
qkv_proj,28368,7519.27
qkv_proj,28384,7496.93
qkv_proj,28400,7546.84
qkv_proj,28416,7494.88
qkv_proj,28432,7536.21
qkv_proj,28448,7521.25
qkv_proj,28464,7551.54
qkv_proj,28480,7508.58
qkv_proj,28496,7534.87
qkv_proj,28512,7515.22
qkv_proj,28528,7526.14
qkv_proj,28544,7495.49
qkv_proj,28560,7538.57
qkv_proj,28576,7511.91
qkv_proj,28592,7507.89
qkv_proj,28608,7518.94
qkv_proj,28624,7533.38
qkv_proj,28640,7500.6
qkv_proj,28656,7525.7
qkv_proj,28672,7519.15
qkv_proj,28688,7517.1
qkv_proj,28704,7522.25
qkv_proj,28720,7539.93
qkv_proj,28736,7544.19
qkv_proj,28752,7528.42
qkv_proj,28768,7503.13
qkv_proj,28784,7564.51
qkv_proj,28800,7547
qkv_proj,28816,7649.57
qkv_proj,28832,7652.82
qkv_proj,28848,7637.5
qkv_proj,28864,7610.77
qkv_proj,28880,7628.62
qkv_proj,28896,7639.11
qkv_proj,28912,7637.92
qkv_proj,28928,7658.2
qkv_proj,28944,7648.47
qkv_proj,28960,7653.44
qkv_proj,28976,7651.57
qkv_proj,28992,7651.55
qkv_proj,29008,7715.43
qkv_proj,29024,7617
qkv_proj,29040,7673.47
qkv_proj,29056,7663.36
qkv_proj,29072,7669.8
qkv_proj,29088,7687.47
qkv_proj,29104,7655.45
qkv_proj,29120,7712.13
qkv_proj,29136,7709.95
qkv_proj,29152,7637.38
qkv_proj,29168,7648.67
qkv_proj,29184,7673.71
qkv_proj,29200,7671.07
qkv_proj,29216,7674.08
qkv_proj,29232,7671.87
qkv_proj,29248,7660.12
qkv_proj,29264,7630.74
qkv_proj,29280,7647.06
qkv_proj,29296,7687.63
qkv_proj,29312,7649.47
qkv_proj,29328,7743.37
qkv_proj,29344,7768.87
qkv_proj,29360,7824.18
qkv_proj,29376,7758.27
qkv_proj,29392,7825.33
qkv_proj,29408,7763.02
qkv_proj,29424,7788.16
qkv_proj,29440,7739.71
qkv_proj,29456,7833.18
qkv_proj,29472,7779.57
qkv_proj,29488,7799.47
qkv_proj,29504,7785.13
qkv_proj,29520,7783.44
qkv_proj,29536,7714.2
qkv_proj,29552,7786.29
qkv_proj,29568,7782.52
qkv_proj,29584,7838.77
qkv_proj,29600,7850.13
qkv_proj,29616,7854.53
qkv_proj,29632,7793.37
qkv_proj,29648,7773.69
qkv_proj,29664,7752.19
qkv_proj,29680,7853.72
qkv_proj,29696,7823.6
qkv_proj,29712,7839.23
qkv_proj,29728,7805.53
qkv_proj,29744,7786.47
qkv_proj,29760,7809.67
qkv_proj,29776,7838.21
qkv_proj,29792,7807.79
qkv_proj,29808,7831.67
qkv_proj,29824,7760.24
qkv_proj,29840,7936.53
qkv_proj,29856,7905.14
qkv_proj,29872,7969.53
qkv_proj,29888,7913.34
qkv_proj,29904,7896.16
qkv_proj,29920,7945.64
qkv_proj,29936,7916.33
qkv_proj,29952,7909.9
qkv_proj,29968,7886.01
qkv_proj,29984,7912.71
qkv_proj,30000,7954.72
qkv_proj,30016,7937.96
qkv_proj,30032,7947.06
qkv_proj,30048,7905.37
qkv_proj,30064,7945.7
qkv_proj,30080,7887.1
qkv_proj,30096,7961.78
qkv_proj,30112,7928.86
qkv_proj,30128,7950.05
qkv_proj,30144,7919.45
qkv_proj,30160,7990.18
qkv_proj,30176,7967.45
qkv_proj,30192,7947.05
qkv_proj,30208,7922.26
qkv_proj,30224,7930.66
qkv_proj,30240,7968.01
qkv_proj,30256,7965.05
qkv_proj,30272,7972.73
qkv_proj,30288,7949.98
qkv_proj,30304,7922.16
qkv_proj,30320,7983.67
qkv_proj,30336,7912.19
qkv_proj,30352,7972.4
qkv_proj,30368,7930.44
qkv_proj,30384,7982.56
qkv_proj,30400,8001.52
qkv_proj,30416,7986.1
qkv_proj,30432,7917.98
qkv_proj,30448,7939.88
qkv_proj,30464,7963.35
qkv_proj,30480,8067.76
qkv_proj,30496,8047.51
qkv_proj,30512,8066.07
qkv_proj,30528,8057.57
qkv_proj,30544,8056.41
qkv_proj,30560,8026.07
qkv_proj,30576,8073.55
qkv_proj,30592,8053.08
qkv_proj,30608,8134.73
qkv_proj,30624,8107.42
qkv_proj,30640,8111.19
qkv_proj,30656,8124.16
qkv_proj,30672,8180.12
qkv_proj,30688,8099.31
qkv_proj,30704,8131.23
qkv_proj,30720,8130.9
qkv_proj,30736,8153.2
qkv_proj,30752,8152.85
qkv_proj,30768,8129.71
qkv_proj,30784,8122.52
qkv_proj,30800,8142.16
qkv_proj,30816,8114.14
qkv_proj,30832,8112.47
qkv_proj,30848,8160.53
qkv_proj,30864,8145.14
qkv_proj,30880,8128.14
qkv_proj,30896,8111.63
qkv_proj,30912,8133.87
qkv_proj,30928,8155.62
qkv_proj,30944,8144.44
qkv_proj,30960,8119.34
qkv_proj,30976,8095.48
qkv_proj,30992,8211.41
qkv_proj,31008,8229.01
qkv_proj,31024,8197.36
qkv_proj,31040,8204.22
qkv_proj,31056,8171.25
qkv_proj,31072,8177.02
qkv_proj,31088,8208.5
qkv_proj,31104,8215.05
qkv_proj,31120,8229.26
qkv_proj,31136,8231.79
qkv_proj,31152,8167.98
qkv_proj,31168,8231.6
qkv_proj,31184,8260.1
qkv_proj,31200,8201.55
qkv_proj,31216,8251.19
qkv_proj,31232,8210.47
qkv_proj,31248,8196.28
qkv_proj,31264,8225.76
qkv_proj,31280,8227.86
qkv_proj,31296,8235.23
qkv_proj,31312,8234.75
qkv_proj,31328,8209.52
qkv_proj,31344,8253.29
qkv_proj,31360,8241.6
qkv_proj,31376,8256.29
qkv_proj,31392,8236.09
qkv_proj,31408,8231.55
qkv_proj,31424,8246.94
qkv_proj,31440,8261.72
qkv_proj,31456,8234.57
qkv_proj,31472,8241.8
qkv_proj,31488,8239.2
qkv_proj,31504,8331.91
qkv_proj,31520,8362.47
qkv_proj,31536,8380.37
qkv_proj,31552,8326.85
qkv_proj,31568,8382.17
qkv_proj,31584,8320.96
qkv_proj,31600,8364.36
qkv_proj,31616,8349.19
qkv_proj,31632,8370.03
qkv_proj,31648,8406.22
qkv_proj,31664,8386.66
qkv_proj,31680,8399.92
qkv_proj,31696,8410.83
qkv_proj,31712,8426.31
qkv_proj,31728,8403.09
qkv_proj,31744,8385.03
qkv_proj,31760,8380.07
qkv_proj,31776,8379.06
qkv_proj,31792,8416.19
qkv_proj,31808,8402.08
qkv_proj,31824,8406.72
qkv_proj,31840,8374.25
qkv_proj,31856,8377.43
qkv_proj,31872,8356.87
qkv_proj,31888,8413.29
qkv_proj,31904,8373.29
qkv_proj,31920,8375.63
qkv_proj,31936,8342.82
qkv_proj,31952,8383.34
qkv_proj,31968,8367.01
qkv_proj,31984,8395.01
qkv_proj,32000,8408.51
qkv_proj,32016,8498.75
qkv_proj,32032,8522.99
qkv_proj,32048,8560.14
qkv_proj,32064,8580.51
qkv_proj,32080,8557.54
qkv_proj,32096,8503.92
qkv_proj,32112,8501.58
qkv_proj,32128,8495.94
qkv_proj,32144,8547.25
qkv_proj,32160,8493.44
qkv_proj,32176,8561.63
qkv_proj,32192,8519.9
qkv_proj,32208,8601.51
qkv_proj,32224,8534.62
qkv_proj,32240,8557.04
qkv_proj,32256,8524.67
qkv_proj,32272,8578.61
qkv_proj,32288,8535.78
qkv_proj,32304,8516.25
qkv_proj,32320,8538.49
qkv_proj,32336,8582.12
qkv_proj,32352,8517.06
qkv_proj,32368,8577.65
qkv_proj,32384,8510.47
qkv_proj,32400,8627.24
qkv_proj,32416,8564.49
qkv_proj,32432,8604.41
qkv_proj,32448,8567.96
qkv_proj,32464,8589.48
qkv_proj,32480,8533.72
qkv_proj,32496,8519.63
qkv_proj,32512,8535.72
qkv_proj,32528,8631.62
qkv_proj,32544,8605.78
qkv_proj,32560,8588.53
qkv_proj,32576,8534.78
qkv_proj,32592,8566.18
qkv_proj,32608,8631.67
qkv_proj,32624,8572.64
qkv_proj,32640,8654.4
qkv_proj,32656,8681.95
qkv_proj,32672,8664.43
qkv_proj,32688,8702.77
qkv_proj,32704,8738.2
qkv_proj,32720,8659.93
qkv_proj,32736,8699.98
qkv_proj,32752,8668.15
qkv_proj,32768,8761.24
rotary_emb,1,2.731
rotary_emb,2,2.70867
rotary_emb,3,2.70933
rotary_emb,4,2.74133
rotary_emb,5,2.77333
rotary_emb,6,2.76267
rotary_emb,7,2.752
rotary_emb,8,2.74133
rotary_emb,9,2.784
rotary_emb,10,2.79467
rotary_emb,11,2.76267
rotary_emb,12,2.74133
rotary_emb,13,2.79433
rotary_emb,14,2.76267
rotary_emb,15,2.73067
rotary_emb,16,2.74133
rotary_emb,20,2.76233
rotary_emb,24,2.79467
rotary_emb,28,2.77333
rotary_emb,32,2.82667
rotary_emb,36,2.784
rotary_emb,40,2.81633
rotary_emb,44,2.80533
rotary_emb,48,2.82733
rotary_emb,52,2.83733
rotary_emb,56,2.82667
rotary_emb,60,2.86967
rotary_emb,64,2.85867
rotary_emb,80,3.63733
rotary_emb,96,3.52
rotary_emb,112,3.552
rotary_emb,128,3.54167
rotary_emb,144,4.30933
rotary_emb,160,4.34133
rotary_emb,176,4.39533
rotary_emb,192,4.384
rotary_emb,208,5.42933
rotary_emb,224,5.525
rotary_emb,240,5.57867
rotary_emb,256,5.664
rotary_emb,272,5.70667
rotary_emb,288,6.283
rotary_emb,304,6.368
rotary_emb,320,6.41067
rotary_emb,336,6.48533
rotary_emb,352,7.28567
rotary_emb,368,7.43433
rotary_emb,384,7.49867
rotary_emb,400,7.65867
rotary_emb,416,8.587
rotary_emb,432,8.74667
rotary_emb,448,8.78933
rotary_emb,464,8.98133
rotary_emb,480,9.53567
rotary_emb,496,10.0587
rotary_emb,512,10.357
rotary_emb,528,10.4217
rotary_emb,544,11.2007
rotary_emb,560,11.8083
rotary_emb,576,11.7973
rotary_emb,592,12.267
rotary_emb,608,12.4693
rotary_emb,624,13.419
rotary_emb,640,13.4613
rotary_emb,656,13.888
rotary_emb,672,14.549
rotary_emb,688,14.7307
rotary_emb,704,15.0613
rotary_emb,720,15.6267
rotary_emb,736,16.0853
rotary_emb,752,16.064
rotary_emb,768,16.9707
rotary_emb,784,16.8853
rotary_emb,800,17.0027
rotary_emb,816,17.3333
rotary_emb,832,17.952
rotary_emb,848,18.4533
rotary_emb,864,18.9017
rotary_emb,880,19.1253
rotary_emb,896,19.6163
rotary_emb,912,20.235
rotary_emb,928,20.331
rotary_emb,944,20.9493
rotary_emb,960,21.536
rotary_emb,976,21.9413
rotary_emb,992,22.304
rotary_emb,1008,22.6027
rotary_emb,1024,23.2213
rotary_emb,1040,23.467
rotary_emb,1056,23.9577
rotary_emb,1072,24.7253
rotary_emb,1088,24.6083
rotary_emb,1104,25.152
rotary_emb,1120,25.9523
rotary_emb,1136,26.1227
rotary_emb,1152,26.347
rotary_emb,1168,26.923
rotary_emb,1184,27.1893
rotary_emb,1200,27.5947
rotary_emb,1216,27.8507
rotary_emb,1232,28.3417
rotary_emb,1248,28.7257
rotary_emb,1264,29.28
rotary_emb,1280,29.579
rotary_emb,1296,29.9097
rotary_emb,1312,30.2827
rotary_emb,1328,30.795
rotary_emb,1344,31.04
rotary_emb,1360,31.371
rotary_emb,1376,31.787
rotary_emb,1392,32.214
rotary_emb,1408,32.5017
rotary_emb,1424,33.0453
rotary_emb,1440,33.0133
rotary_emb,1456,33.547
rotary_emb,1472,33.8457
rotary_emb,1488,34.1767
rotary_emb,1504,34.5073
rotary_emb,1520,34.7203
rotary_emb,1536,35.1577
rotary_emb,1552,35.4773
rotary_emb,1568,36.0537
rotary_emb,1584,36.2453
rotary_emb,1600,36.6297
rotary_emb,1616,36.939
rotary_emb,1632,37.8143
rotary_emb,1648,37.4933
rotary_emb,1664,38.1337
rotary_emb,1680,38.5603
rotary_emb,1696,38.8053
rotary_emb,1712,39.3067
rotary_emb,1728,39.403
rotary_emb,1744,39.7337
rotary_emb,1760,40.064
rotary_emb,1776,40.4487
rotary_emb,1792,40.5977
rotary_emb,1808,41.0453
rotary_emb,1824,41.355
rotary_emb,1840,41.8563
rotary_emb,1856,42.1123
rotary_emb,1872,42.5283
rotary_emb,1888,42.955
rotary_emb,1904,42.976
rotary_emb,1920,43.286
rotary_emb,1936,43.6693
rotary_emb,1952,44.2667
rotary_emb,1968,44.7797
rotary_emb,1984,44.8753
rotary_emb,2000,44.822
rotary_emb,2016,45.4723
rotary_emb,2032,46.155
rotary_emb,2048,46.1657
rotary_emb,2064,46.6457
rotary_emb,2080,46.8587
rotary_emb,2096,47.0943
rotary_emb,2112,47.5947
rotary_emb,2128,48.2247
rotary_emb,2144,48.203
rotary_emb,2160,48.6723
rotary_emb,2176,48.534
rotary_emb,2192,49.3867
rotary_emb,2208,49.5367
rotary_emb,2224,50.2403
rotary_emb,2240,50.3043
rotary_emb,2256,50.5177
rotary_emb,2272,51.126
rotary_emb,2288,51.1687
rotary_emb,2304,51.6057
rotary_emb,2320,51.905
rotary_emb,2336,52.4483
rotary_emb,2352,52.6407
rotary_emb,2368,53.1317
rotary_emb,2384,53.3767
rotary_emb,2400,53.761
rotary_emb,2416,54.1333
rotary_emb,2432,54.219
rotary_emb,2448,54.102
rotary_emb,2464,54.742
rotary_emb,2480,55.3823
rotary_emb,2496,55.723
rotary_emb,2512,56.075
rotary_emb,2528,56.523
rotary_emb,2544,57.0243
rotary_emb,2560,57.0987
rotary_emb,2576,57.5043
rotary_emb,2592,57.473
rotary_emb,2608,57.9417
rotary_emb,2624,58.1447
rotary_emb,2640,58.753
rotary_emb,2656,58.9877
rotary_emb,2672,59.2537
rotary_emb,2688,59.563
rotary_emb,2704,59.99
rotary_emb,2720,60.513
rotary_emb,2736,60.9073
rotary_emb,2752,61.3233
rotary_emb,2768,61.4187
rotary_emb,2784,61.718
rotary_emb,2800,61.9847
rotary_emb,2816,62.038
rotary_emb,2832,62.646
rotary_emb,2848,62.9973
rotary_emb,2864,63.414
rotary_emb,2880,63.7447
rotary_emb,2896,63.7663
rotary_emb,2912,64.3847
rotary_emb,2928,65.0247
rotary_emb,2944,65.025
rotary_emb,2960,65.4943
rotary_emb,2976,65.8567
rotary_emb,2992,66.0063
rotary_emb,3008,66.411
rotary_emb,3024,66.678
rotary_emb,3040,66.8383
rotary_emb,3056,67.5633
rotary_emb,3072,67.8517
rotary_emb,3088,67.9043
rotary_emb,3104,68.555
rotary_emb,3120,68.7793
rotary_emb,3136,68.9397
rotary_emb,3152,69.4197
rotary_emb,3168,69.9633
rotary_emb,3184,70.0913
rotary_emb,3200,70.5077
rotary_emb,3216,71.03
rotary_emb,3232,70.9557
rotary_emb,3248,71.4033
rotary_emb,3264,71.6593
rotary_emb,3280,71.8407
rotary_emb,3296,72.513
rotary_emb,3312,72.726
rotary_emb,3328,73.1527
rotary_emb,3344,73.622
rotary_emb,3360,73.8143
rotary_emb,3376,74.1343
rotary_emb,3392,74.614
rotary_emb,3408,74.7207
rotary_emb,3424,75.2113
rotary_emb,3440,75.425
rotary_emb,3456,75.7233
rotary_emb,3472,75.8193
rotary_emb,3488,76.662
rotary_emb,3504,76.7153
rotary_emb,3520,77.238
rotary_emb,3536,77.9637
rotary_emb,3552,77.7397
rotary_emb,3568,78.0703
rotary_emb,3584,78.6463
rotary_emb,3600,78.7313
rotary_emb,3616,79.457
rotary_emb,3632,79.6063
rotary_emb,3648,79.5637
rotary_emb,3664,80.2357
rotary_emb,3680,80.513
rotary_emb,3696,81.0463
rotary_emb,3712,81.4727
rotary_emb,3728,81.3233
rotary_emb,3744,81.462
rotary_emb,3760,82.2303
rotary_emb,3776,82.7847
rotary_emb,3792,83.1793
rotary_emb,3808,83.5
rotary_emb,3824,83.457
rotary_emb,3840,83.8943
rotary_emb,3856,84.481
rotary_emb,3872,84.4707
rotary_emb,3888,85.0993
rotary_emb,3904,85.2597
rotary_emb,3920,85.473
rotary_emb,3936,85.921
rotary_emb,3952,86.433
rotary_emb,3968,86.8063
rotary_emb,3984,86.8597
rotary_emb,4000,87.0837
rotary_emb,4016,88.0433
rotary_emb,4032,88.4063
rotary_emb,4048,88.4813
rotary_emb,4064,88.3957
rotary_emb,4080,89.249
rotary_emb,4096,89.3343
rotary_emb,4112,89.8997
rotary_emb,4128,90.326
rotary_emb,4144,90.209
rotary_emb,4160,90.806
rotary_emb,4176,91.3717
rotary_emb,4192,91.4037
rotary_emb,4208,92.3
rotary_emb,4224,92.2997
rotary_emb,4240,92.481
rotary_emb,4256,92.9827
rotary_emb,4272,93.1103
rotary_emb,4288,93.644
rotary_emb,4304,93.6543
rotary_emb,4320,94.3267
rotary_emb,4336,94.433
rotary_emb,4352,94.8173
rotary_emb,4368,95.4037
rotary_emb,4384,95.468
rotary_emb,4400,96.162
rotary_emb,4416,96.2143
rotary_emb,4432,96.6837
rotary_emb,4448,96.663
rotary_emb,4464,97.3983
rotary_emb,4480,97.8677
rotary_emb,4496,97.7503
rotary_emb,4512,98.145
rotary_emb,4528,98.5823
rotary_emb,4544,98.796
rotary_emb,4560,99.3503
rotary_emb,4576,99.521
rotary_emb,4592,99.7237
rotary_emb,4608,100.598
rotary_emb,4624,100.396
rotary_emb,4640,100.993
rotary_emb,4656,101.324
rotary_emb,4672,101.654
rotary_emb,4688,101.857
rotary_emb,4704,102.241
rotary_emb,4720,102.476
rotary_emb,4736,102.806
rotary_emb,4752,103.425
rotary_emb,4768,103.66
rotary_emb,4784,104.14
rotary_emb,4800,104.588
rotary_emb,4816,104.706
rotary_emb,4832,104.855
rotary_emb,4848,105.239
rotary_emb,4864,105.239
rotary_emb,4880,105.878
rotary_emb,4896,106.284
rotary_emb,4912,106.636
rotary_emb,4928,107.052
rotary_emb,4944,107.329
rotary_emb,4960,107.382
rotary_emb,4976,107.542
rotary_emb,4992,108.396
rotary_emb,5008,108.705
rotary_emb,5024,109.068
rotary_emb,5040,108.929
rotary_emb,5056,109.58
rotary_emb,5072,110.124
rotary_emb,5088,110.166
rotary_emb,5104,110.54
rotary_emb,5120,110.999
rotary_emb,5136,111.478
rotary_emb,5152,111.51
rotary_emb,5168,112.012
rotary_emb,5184,112.321
rotary_emb,5200,112.695
rotary_emb,5216,113.153
rotary_emb,5232,113.196
rotary_emb,5248,113.569
rotary_emb,5264,114.221
rotary_emb,5280,114.498
rotary_emb,5296,114.732
rotary_emb,5312,114.924
rotary_emb,5328,115.17
rotary_emb,5344,115.852
rotary_emb,5360,116.311
rotary_emb,5376,116.311
rotary_emb,5392,116.386
rotary_emb,5408,116.961
rotary_emb,5424,117.527
rotary_emb,5440,117.815
rotary_emb,5456,118.199
rotary_emb,5472,118.647
rotary_emb,5488,118.85
rotary_emb,5504,119.574
rotary_emb,5520,119.521
rotary_emb,5536,119.884
rotary_emb,5552,120.758
rotary_emb,5568,120.983
rotary_emb,5584,120.908
rotary_emb,5600,121.143
rotary_emb,5616,121.41
rotary_emb,5632,121.964
rotary_emb,5648,122.177
rotary_emb,5664,122.989
rotary_emb,5680,122.989
rotary_emb,5696,123.223
rotary_emb,5712,123.223
rotary_emb,5728,123.756
rotary_emb,5744,124.332
rotary_emb,5760,124.866
rotary_emb,5776,125.068
rotary_emb,5792,124.802
rotary_emb,5808,125.25
rotary_emb,5824,125.719
rotary_emb,5840,126.209
rotary_emb,5856,126.551
rotary_emb,5872,127.223
rotary_emb,5888,127.18
rotary_emb,5904,127.745
rotary_emb,5920,127.341
rotary_emb,5936,128.333
rotary_emb,5952,128.439
rotary_emb,5968,129.357
rotary_emb,5984,129.42
rotary_emb,6000,129.772
rotary_emb,6016,130.028
rotary_emb,6032,130.22
rotary_emb,6048,130.54
rotary_emb,6064,130.679
rotary_emb,6080,131.522
rotary_emb,6096,131.628
rotary_emb,6112,132.033
rotary_emb,6128,132.097
rotary_emb,6144,132.642
rotary_emb,6160,133.154
rotary_emb,6176,133.186
rotary_emb,6192,133.549
rotary_emb,6208,134.124
rotary_emb,6224,134.466
rotary_emb,6240,135.084
rotary_emb,6256,134.754
rotary_emb,6272,135.245
rotary_emb,6288,135.372
rotary_emb,6304,135.917
rotary_emb,6320,136.183
rotary_emb,6336,136.93
rotary_emb,6352,137.218
rotary_emb,6368,137.047
rotary_emb,6384,137.441
rotary_emb,6400,138.082
rotary_emb,6416,138.743
rotary_emb,6432,138.871
rotary_emb,6448,138.956
rotary_emb,6464,139.383
rotary_emb,6480,139.329
rotary_emb,6496,140.226
rotary_emb,6512,140.173
rotary_emb,6528,140.674
rotary_emb,6544,140.962
rotary_emb,6560,141.495
rotary_emb,6576,141.677
rotary_emb,6592,142.125
rotary_emb,6608,142.37
rotary_emb,6624,142.967
rotary_emb,6640,142.978
rotary_emb,6656,143.245
rotary_emb,6672,143.895
rotary_emb,6688,143.948
rotary_emb,6704,144.365
rotary_emb,6720,144.802
rotary_emb,6736,145.292
rotary_emb,6752,145.645
rotary_emb,6768,145.644
rotary_emb,6784,145.783
rotary_emb,6800,146.242
rotary_emb,6816,147.298
rotary_emb,6832,147.245
rotary_emb,6848,147.81
rotary_emb,6864,147.81
rotary_emb,6880,148.13
rotary_emb,6896,148.962
rotary_emb,6912,148.568
rotary_emb,6928,149.058
rotary_emb,6944,149.527
rotary_emb,6960,149.432
rotary_emb,6976,150.178
rotary_emb,6992,150.658
rotary_emb,7008,150.467
rotary_emb,7024,151.063
rotary_emb,7040,151.032
rotary_emb,7056,151.874
rotary_emb,7072,152.088
rotary_emb,7088,152.365
rotary_emb,7104,152.845
rotary_emb,7120,153.431
rotary_emb,7136,153.634
rotary_emb,7152,153.794
rotary_emb,7168,153.975
rotary_emb,7184,156.759
rotary_emb,7200,155.042
rotary_emb,7216,154.829
rotary_emb,7232,155.106
rotary_emb,7248,155.661
rotary_emb,7264,155.266
rotary_emb,7280,155.608
rotary_emb,7296,156.066
rotary_emb,7312,156.503
rotary_emb,7328,156.909
rotary_emb,7344,157.271
rotary_emb,7360,158.541
rotary_emb,7376,158.168
rotary_emb,7392,158.69
rotary_emb,7408,159.159
rotary_emb,7424,159.895
rotary_emb,7440,160.045
rotary_emb,7456,160.173
rotary_emb,7472,160.151
rotary_emb,7488,159.33
rotary_emb,7504,159.181
rotary_emb,7520,160.087
rotary_emb,7536,160.152
rotary_emb,7552,160.493
rotary_emb,7568,162.658
rotary_emb,7584,160.141
rotary_emb,7600,160.407
rotary_emb,7616,160.663
rotary_emb,7632,160.962
rotary_emb,7648,160.621
rotary_emb,7664,161.069
rotary_emb,7680,161.848
rotary_emb,7696,161.922
rotary_emb,7712,162.232
rotary_emb,7728,162.445
rotary_emb,7744,166.146
rotary_emb,7760,166.723
rotary_emb,7776,166.904
rotary_emb,7792,163.373
rotary_emb,7808,163.831
rotary_emb,7824,164.355
rotary_emb,7840,164.131
rotary_emb,7856,164.653
rotary_emb,7872,165.005
rotary_emb,7888,165.143
rotary_emb,7904,165.165
rotary_emb,7920,165.229
rotary_emb,7936,165.815
rotary_emb,7952,168.717
rotary_emb,7968,170.19
rotary_emb,7984,171.245
rotary_emb,8000,168.6
rotary_emb,8016,167.533
rotary_emb,8032,171.373
rotary_emb,8048,168.418
rotary_emb,8064,168.578
rotary_emb,8080,169.347
rotary_emb,8096,169.143
rotary_emb,8112,169.464
rotary_emb,8128,169.645
rotary_emb,8144,170.295
rotary_emb,8160,170.158
rotary_emb,8176,170.765
rotary_emb,8192,171.287
rotary_emb,8208,171.694
rotary_emb,8224,171.747
rotary_emb,8240,172.269
rotary_emb,8256,172.483
rotary_emb,8272,172.632
rotary_emb,8288,173.368
rotary_emb,8304,173.454
rotary_emb,8320,173.826
rotary_emb,8336,174.051
rotary_emb,8352,174.061
rotary_emb,8368,174.808
rotary_emb,8384,175.107
rotary_emb,8400,175.448
rotary_emb,8416,175.352
rotary_emb,8432,175.982
rotary_emb,8448,176.493
rotary_emb,8464,176.728
rotary_emb,8480,176.856
rotary_emb,8496,177.378
rotary_emb,8512,177.527
rotary_emb,8528,177.742
rotary_emb,8544,178.296
rotary_emb,8560,178.275
rotary_emb,8576,178.947
rotary_emb,8592,179.022
rotary_emb,8608,179.491
rotary_emb,8624,179.767
rotary_emb,8640,180.824
rotary_emb,8656,180.632
rotary_emb,8672,181.038
rotary_emb,8688,181.112
rotary_emb,8704,181.368
rotary_emb,8720,182.062
rotary_emb,8736,181.816
rotary_emb,8752,182.285
rotary_emb,8768,183.032
rotary_emb,8784,183.448
rotary_emb,8800,186.904
rotary_emb,8816,184.034
rotary_emb,8832,184.055
rotary_emb,8848,184.6
rotary_emb,8864,184.824
rotary_emb,8880,184.91
rotary_emb,8896,185.624
rotary_emb,8912,186.446
rotary_emb,8928,186.222
rotary_emb,8944,186.638
rotary_emb,8960,187.011
rotary_emb,8976,187.693
rotary_emb,8992,187.736
rotary_emb,9008,188.462
rotary_emb,9024,188.782
rotary_emb,9040,188.92
rotary_emb,9056,189.315
rotary_emb,9072,189.443
rotary_emb,9088,189.507
rotary_emb,9104,190.019
rotary_emb,9120,190.147
rotary_emb,9136,190.648
rotary_emb,9152,190.894
rotary_emb,9168,191.288
rotary_emb,9184,192.088
rotary_emb,9200,191.811
rotary_emb,9216,192.174
rotary_emb,9232,193.048
rotary_emb,9248,193.421
rotary_emb,9264,193.645
rotary_emb,9280,193.742
rotary_emb,9296,194.382
rotary_emb,9312,194.297
rotary_emb,9328,194.744
rotary_emb,9344,194.723
rotary_emb,9360,195.48
rotary_emb,9376,195.438
rotary_emb,9392,196.238
rotary_emb,9408,196.377
rotary_emb,9424,196.505
rotary_emb,9440,197.166
rotary_emb,9456,197.443
rotary_emb,9472,197.678
rotary_emb,9488,197.987
rotary_emb,9504,198.489
rotary_emb,9520,199.011
rotary_emb,9536,199.032
rotary_emb,9552,199.246
rotary_emb,9568,199.683
rotary_emb,9584,200.302
rotary_emb,9600,200.302
rotary_emb,9616,200.313
rotary_emb,9632,201.048
rotary_emb,9648,201.358
rotary_emb,9664,201.177
rotary_emb,9680,202.051
rotary_emb,9696,202.009
rotary_emb,9712,202.777
rotary_emb,9728,203.449
rotary_emb,9744,203.512
rotary_emb,9760,203.95
rotary_emb,9776,204.249
rotary_emb,9792,204.526
rotary_emb,9808,204.899
rotary_emb,9824,205.166
rotary_emb,9840,205.294
rotary_emb,9856,210.616
rotary_emb,9872,206.255
rotary_emb,9888,206.019
rotary_emb,9904,206.265
rotary_emb,9920,206.766
rotary_emb,9936,207.342
rotary_emb,9952,207.875
rotary_emb,9968,208.494
rotary_emb,9984,208.099
rotary_emb,10000,208.91
rotary_emb,10016,208.835
rotary_emb,10032,209.614
rotary_emb,10048,209.817
rotary_emb,10064,210.083
rotary_emb,10080,210.19
rotary_emb,10096,210.339
rotary_emb,10112,210.831
rotary_emb,10128,211.492
rotary_emb,10144,211.491
rotary_emb,10160,211.854
rotary_emb,10176,212.26
rotary_emb,10192,212.259
rotary_emb,10208,212.804
rotary_emb,10224,213.443
rotary_emb,10240,213.423
rotary_emb,10256,213.849
rotary_emb,10272,214.063
rotary_emb,10288,214.862
rotary_emb,10304,215.161
rotary_emb,10320,215.14
rotary_emb,10336,215.716
rotary_emb,10352,215.619
rotary_emb,10368,216.26
rotary_emb,10384,216.291
rotary_emb,10400,216.686
rotary_emb,10416,216.91
rotary_emb,10432,217.625
rotary_emb,10448,217.753
rotary_emb,10464,217.966
rotary_emb,10480,218.553
rotary_emb,10496,218.99
rotary_emb,10512,219.342
rotary_emb,10528,219.235
rotary_emb,10544,220.207
rotary_emb,10560,219.833
rotary_emb,10576,220.985
rotary_emb,10592,220.675
rotary_emb,10608,221.145
rotary_emb,10624,221.507
rotary_emb,10640,221.55
rotary_emb,10656,222.105
rotary_emb,10672,222.724
rotary_emb,10688,222.617
rotary_emb,10704,223.385
rotary_emb,10720,223.203
rotary_emb,10736,229.177
rotary_emb,10752,224.014
rotary_emb,10768,225.082
rotary_emb,10784,224.399
rotary_emb,10800,225.081
rotary_emb,10816,225.839
rotary_emb,10832,226.073
rotary_emb,10848,226.532
rotary_emb,10864,226.564
rotary_emb,10880,226.735
rotary_emb,10896,227.044
rotary_emb,10912,226.766
rotary_emb,10928,227.78
rotary_emb,10944,227.684
rotary_emb,10960,228.239
rotary_emb,10976,228.537
rotary_emb,10992,229.071
rotary_emb,11008,229.295
rotary_emb,11024,229.817
rotary_emb,11040,230.18
rotary_emb,11056,230.81
rotary_emb,11072,230.895
rotary_emb,11088,231.226
rotary_emb,11104,231.257
rotary_emb,11120,231.481
rotary_emb,11136,231.652
rotary_emb,11152,231.663
rotary_emb,11168,232.452
rotary_emb,11184,233.199
rotary_emb,11200,232.985
rotary_emb,11216,233.946
rotary_emb,11232,233.679
rotary_emb,11248,234.223
rotary_emb,11264,234.362
rotary_emb,11280,234.841
rotary_emb,11296,235.396
rotary_emb,11312,235.706
rotary_emb,11328,235.748
rotary_emb,11344,236.324
rotary_emb,11360,236.389
rotary_emb,11376,237.039
rotary_emb,11392,237.199
rotary_emb,11408,237.732
rotary_emb,11424,237.818
rotary_emb,11440,242.927
rotary_emb,11456,238.404
rotary_emb,11472,238.81
rotary_emb,11488,239.706
rotary_emb,11504,239.46
rotary_emb,11520,239.727
rotary_emb,11536,240.709
rotary_emb,11552,240.623
rotary_emb,11568,241.167
rotary_emb,11584,240.879
rotary_emb,11600,241.903
rotary_emb,11616,241.924
rotary_emb,11632,242.148
rotary_emb,11648,242.48
rotary_emb,11664,243.215
rotary_emb,11680,243.183
rotary_emb,11696,243.993
rotary_emb,11712,243.951
rotary_emb,11728,244.143
rotary_emb,11744,244.1
rotary_emb,11760,245.22
rotary_emb,11776,245.337
rotary_emb,11792,245.722
rotary_emb,11808,246.202
rotary_emb,11824,246.191
rotary_emb,11840,246.266
rotary_emb,11856,246.703
rotary_emb,11872,246.885
rotary_emb,11888,248.037
rotary_emb,11904,247.61
rotary_emb,11920,247.877
rotary_emb,11936,248.41
rotary_emb,11952,248.9
rotary_emb,11968,255.055
rotary_emb,11984,249.189
rotary_emb,12000,250.319
rotary_emb,12016,250.362
rotary_emb,12032,250.32
rotary_emb,12048,251.343
rotary_emb,12064,251.258
rotary_emb,12080,252.218
rotary_emb,12096,251.887
rotary_emb,12112,252.442
rotary_emb,12128,252.24
rotary_emb,12144,252.9
rotary_emb,12160,252.943
rotary_emb,12176,253.754
rotary_emb,12192,253.572
rotary_emb,12208,254.33
rotary_emb,12224,254.853
rotary_emb,12240,254.938
rotary_emb,12256,254.991
rotary_emb,12272,255.706
rotary_emb,12288,255.781
rotary_emb,12304,256.293
rotary_emb,12320,256.453
rotary_emb,12336,256.954
rotary_emb,12352,256.431
rotary_emb,12368,257.167
rotary_emb,12384,257.722
rotary_emb,12400,258.479
rotary_emb,12416,258.906
rotary_emb,12432,259.13
rotary_emb,12448,259.002
rotary_emb,12464,259.439
rotary_emb,12480,260.112
rotary_emb,12496,260.047
rotary_emb,12512,260.57
rotary_emb,12528,260.794
rotary_emb,12544,261.071
rotary_emb,12560,261.242
rotary_emb,12576,261.434
rotary_emb,12592,262.053
rotary_emb,12608,262.224
rotary_emb,12624,262.81
rotary_emb,12640,262.778
rotary_emb,12656,263.44
rotary_emb,12672,264.101
rotary_emb,12688,264.368
rotary_emb,12704,264.304
rotary_emb,12720,264.656
rotary_emb,12736,265.562
rotary_emb,12752,265.37
rotary_emb,12768,265.946
rotary_emb,12784,265.808
rotary_emb,12800,266.458
rotary_emb,12816,266.757
rotary_emb,12832,267.002
rotary_emb,12848,267.802
rotary_emb,12864,268.005
rotary_emb,12880,268.4
rotary_emb,12896,268.016
rotary_emb,12912,268.4
rotary_emb,12928,268.677
rotary_emb,12944,269.36
rotary_emb,12960,269.466
rotary_emb,12976,269.925
rotary_emb,12992,270.565
rotary_emb,13008,270.608
rotary_emb,13024,271.035
rotary_emb,13040,271.162
rotary_emb,13056,271.632
rotary_emb,13072,272.144
rotary_emb,13088,272.368
rotary_emb,13104,272.73
rotary_emb,13120,273.328
rotary_emb,13136,272.709
rotary_emb,13152,273.573
rotary_emb,13168,274.373
rotary_emb,13184,274.512
rotary_emb,13200,274.992
rotary_emb,13216,275.365
rotary_emb,13232,275.045
rotary_emb,13248,275.962
rotary_emb,13264,275.877
rotary_emb,13280,275.76
rotary_emb,13296,276.837
rotary_emb,13312,276.998
rotary_emb,13328,277.146
rotary_emb,13344,277.306
rotary_emb,13360,277.882
rotary_emb,13376,278.32
rotary_emb,13392,279.056
rotary_emb,13408,278.896
rotary_emb,13424,279.174
rotary_emb,13440,279.312
rotary_emb,13456,279.995
rotary_emb,13472,280.486
rotary_emb,13488,280.869
rotary_emb,13504,281.296
rotary_emb,13520,280.891
rotary_emb,13536,281.2
rotary_emb,13552,281.861
rotary_emb,13568,282.469
rotary_emb,13584,282.502
rotary_emb,13600,283.109
rotary_emb,13616,283.259
rotary_emb,13632,283.653
rotary_emb,13648,284.102
rotary_emb,13664,283.813
rotary_emb,13680,284.827
rotary_emb,13696,284.721
rotary_emb,13712,285.318
rotary_emb,13728,285.584
rotary_emb,13744,285.968
rotary_emb,13760,286.385
rotary_emb,13776,286.8
rotary_emb,13792,286.566
rotary_emb,13808,287.355
rotary_emb,13824,287.409
rotary_emb,13840,288.518
rotary_emb,13856,288.261
rotary_emb,13872,288.795
rotary_emb,13888,288.763
rotary_emb,13904,289.425
rotary_emb,13920,289.596
rotary_emb,13936,290.192
rotary_emb,13952,289.787
rotary_emb,13968,290.352
rotary_emb,13984,290.864
rotary_emb,14000,290.939
rotary_emb,14016,291.536
rotary_emb,14032,291.685
rotary_emb,14048,292.133
rotary_emb,14064,292.582
rotary_emb,14080,292.432
rotary_emb,14096,293.297
rotary_emb,14112,293.734
rotary_emb,14128,293.542
rotary_emb,14144,294.182
rotary_emb,14160,294.758
rotary_emb,14176,294.427
rotary_emb,14192,295.003
rotary_emb,14208,294.981
rotary_emb,14224,295.718
rotary_emb,14240,296.08
rotary_emb,14256,296.251
rotary_emb,14272,297.04
rotary_emb,14288,296.55
rotary_emb,14304,297.819
rotary_emb,14320,297.702
rotary_emb,14336,297.318
rotary_emb,14352,298.491
rotary_emb,14368,298.758
rotary_emb,14384,298.555
rotary_emb,14400,299.313
rotary_emb,14416,299.441
rotary_emb,14432,300.017
rotary_emb,14448,300.283
rotary_emb,14464,300.892
rotary_emb,14480,301.211
rotary_emb,14496,301.542
rotary_emb,14512,301.819
rotary_emb,14528,301.98
rotary_emb,14544,301.958
rotary_emb,14560,301.937
rotary_emb,14576,302.673
rotary_emb,14592,303.164
rotary_emb,14608,303.355
rotary_emb,14624,303.366
rotary_emb,14640,303.857
rotary_emb,14656,304.635
rotary_emb,14672,304.518
rotary_emb,14688,304.859
rotary_emb,14704,305.286
rotary_emb,14720,305.297
rotary_emb,14736,305.947
rotary_emb,14752,306.513
rotary_emb,14768,306.396
rotary_emb,14784,307.078
rotary_emb,14800,307.185
rotary_emb,14816,307.291
rotary_emb,14832,308.251
rotary_emb,14848,307.878
rotary_emb,14864,308.369
rotary_emb,14880,308.593
rotary_emb,14896,309.777
rotary_emb,14912,309.756
rotary_emb,14928,310.279
rotary_emb,14944,310.214
rotary_emb,14960,311.067
rotary_emb,14976,310.577
rotary_emb,14992,311.825
rotary_emb,15008,311.836
rotary_emb,15024,312.123
rotary_emb,15040,312.134
rotary_emb,15056,312.486
rotary_emb,15072,312.38
rotary_emb,15088,313.862
rotary_emb,15104,313.83
rotary_emb,15120,313.628
rotary_emb,15136,314.129
rotary_emb,15152,315.26
rotary_emb,15168,314.673
rotary_emb,15184,314.865
rotary_emb,15200,315.814
rotary_emb,15216,315.825
rotary_emb,15232,316.22
rotary_emb,15248,316.924
rotary_emb,15264,316.978
rotary_emb,15280,317.308
rotary_emb,15296,317.468
rotary_emb,15312,318.46
rotary_emb,15328,318.631
rotary_emb,15344,318.374
rotary_emb,15360,319.623
rotary_emb,15376,319.378
rotary_emb,15392,318.705
rotary_emb,15408,319.697
rotary_emb,15424,320.252
rotary_emb,15440,320.626
rotary_emb,15456,320.838
rotary_emb,15472,321.233
rotary_emb,15488,320.903
rotary_emb,15504,322.108
rotary_emb,15520,321.991
rotary_emb,15536,322.844
rotary_emb,15552,323.26
rotary_emb,15568,323.186
rotary_emb,15584,323.633
rotary_emb,15600,323.676
rotary_emb,15616,323.953
rotary_emb,15632,324.572
rotary_emb,15648,325.618
rotary_emb,15664,324.978
rotary_emb,15680,325.713
rotary_emb,15696,326.087
rotary_emb,15712,326.151
rotary_emb,15728,326.439
rotary_emb,15744,326.674
rotary_emb,15760,327.292
rotary_emb,15776,327.804
rotary_emb,15792,328.359
rotary_emb,15808,328.06
rotary_emb,15824,328.028
rotary_emb,15840,328.636
rotary_emb,15856,329.266
rotary_emb,15872,329.266
rotary_emb,15888,329.938
rotary_emb,15904,330.3
rotary_emb,15920,329.938
rotary_emb,15936,331.228
rotary_emb,15952,331.612
rotary_emb,15968,331.591
rotary_emb,15984,331.602
rotary_emb,16000,331.868
rotary_emb,16016,332.85
rotary_emb,16032,332.711
rotary_emb,16048,334.14
rotary_emb,16064,333.756
rotary_emb,16080,334.417
rotary_emb,16096,333.597
rotary_emb,16112,334.791
rotary_emb,16128,334.802
rotary_emb,16144,335.111
rotary_emb,16160,335.762
rotary_emb,16176,336.434
rotary_emb,16192,335.932
rotary_emb,16208,335.996
rotary_emb,16224,336.776
rotary_emb,16240,337.34
rotary_emb,16256,337.372
rotary_emb,16272,338.173
rotary_emb,16288,338.14
rotary_emb,16304,338.493
rotary_emb,16320,338.408
rotary_emb,16336,338.749
rotary_emb,16352,339.495
rotary_emb,16368,339.804
rotary_emb,16384,339.879
rotary_emb,16400,340.594
rotary_emb,16416,341.031
rotary_emb,16432,340.967
rotary_emb,16448,341.149
rotary_emb,16464,341.789
rotary_emb,16480,341.693
rotary_emb,16496,342.748
rotary_emb,16512,343.058
rotary_emb,16528,343.154
rotary_emb,16544,343.026
rotary_emb,16560,343.975
rotary_emb,16576,343.933
rotary_emb,16592,343.954
rotary_emb,16608,344.147
rotary_emb,16624,345.479
rotary_emb,16640,345.693
rotary_emb,16656,345.842
rotary_emb,16672,346.301
rotary_emb,16688,345.949
rotary_emb,16704,346.492
rotary_emb,16720,347.314
rotary_emb,16736,347.293
rotary_emb,16752,347.4
rotary_emb,16768,348.039
rotary_emb,16784,348.402
rotary_emb,16800,349.437
rotary_emb,16816,349.629
rotary_emb,16832,349.245
rotary_emb,16848,349.427
rotary_emb,16864,349.576
rotary_emb,16880,350.77
rotary_emb,16896,350.707
rotary_emb,16912,350.984
rotary_emb,16928,351.048
rotary_emb,16944,352.029
rotary_emb,16960,351.997
rotary_emb,16976,352.85
rotary_emb,16992,352.669
rotary_emb,17008,353.181
rotary_emb,17024,353.501
rotary_emb,17040,353.395
rotary_emb,17056,354.013
rotary_emb,17072,354.44
rotary_emb,17088,354.354
rotary_emb,17104,355.037
rotary_emb,17120,355.56
rotary_emb,17136,355.154
rotary_emb,17152,356.306
rotary_emb,17168,356.157
rotary_emb,17184,356.519
rotary_emb,17200,357.181
rotary_emb,17216,357.544
rotary_emb,17232,357.907
rotary_emb,17248,357.629
rotary_emb,17264,358.483
rotary_emb,17280,358.141
rotary_emb,17296,359.229
rotary_emb,17312,359.261
rotary_emb,17328,359.923
rotary_emb,17344,359.869
rotary_emb,17360,360.178
rotary_emb,17376,360.243
rotary_emb,17392,361.459
rotary_emb,17408,361.533
rotary_emb,17424,362.461
rotary_emb,17440,361.768
rotary_emb,17456,362.141
rotary_emb,17472,362.461
rotary_emb,17488,362.931
rotary_emb,17504,362.738
rotary_emb,17520,363.485
rotary_emb,17536,363.795
rotary_emb,17552,364.211
rotary_emb,17568,364.317
rotary_emb,17584,365.331
rotary_emb,17600,365.032
rotary_emb,17616,365.747
rotary_emb,17632,365.725
rotary_emb,17648,366.344
rotary_emb,17664,366.6
rotary_emb,17680,367.101
rotary_emb,17696,366.707
rotary_emb,17712,367.912
rotary_emb,17728,367.976
rotary_emb,17744,368.158
rotary_emb,17760,368.713
rotary_emb,17776,368.744
rotary_emb,17792,368.947
rotary_emb,17808,369.864
rotary_emb,17824,370.014
rotary_emb,17840,370.184
rotary_emb,17856,370.408
rotary_emb,17872,371.049
rotary_emb,17888,371.091
rotary_emb,17904,371.294
rotary_emb,17920,371.848
rotary_emb,17936,372.456
rotary_emb,17952,372.67
rotary_emb,17968,373.117
rotary_emb,17984,372.595
rotary_emb,18000,373.406
rotary_emb,18016,374.173
rotary_emb,18032,374.28
rotary_emb,18048,373.982
rotary_emb,18064,374.974
rotary_emb,18080,375.07
rotary_emb,18096,375.55
rotary_emb,18112,376.499
rotary_emb,18128,376.115
rotary_emb,18144,376.777
rotary_emb,18160,377.171
rotary_emb,18176,377.321
rotary_emb,18192,377.47
rotary_emb,18208,378.291
rotary_emb,18224,378.216
rotary_emb,18240,378.43
rotary_emb,18256,378.846
rotary_emb,18272,379.508
rotary_emb,18288,379.39
rotary_emb,18304,379.742
rotary_emb,18320,380.563
rotary_emb,18336,380.244
rotary_emb,18352,380.787
rotary_emb,18368,381.14
rotary_emb,18384,381.341
rotary_emb,18400,381.683
rotary_emb,18416,381.993
rotary_emb,18432,382.569
rotary_emb,18448,382.952
rotary_emb,18464,383.177
rotary_emb,18480,383.507
rotary_emb,18496,383.326
rotary_emb,18512,383.753
rotary_emb,18528,383.838
rotary_emb,18544,384.969
rotary_emb,18560,384.937
rotary_emb,18576,386.014
rotary_emb,18592,385.865
rotary_emb,18608,386.772
rotary_emb,18624,386.302
rotary_emb,18640,386.889
rotary_emb,18656,386.984
rotary_emb,18672,387.582
rotary_emb,18688,387.7
rotary_emb,18704,388.275
rotary_emb,18720,388.873
rotary_emb,18736,388.702
rotary_emb,18752,389.737
rotary_emb,18768,389.587
rotary_emb,18784,389.609
rotary_emb,18800,389.908
rotary_emb,18816,389.982
rotary_emb,18832,390.27
rotary_emb,18848,390.857
rotary_emb,18864,391.753
rotary_emb,18880,391.582
rotary_emb,18896,392.105
rotary_emb,18912,392.19
rotary_emb,18928,392.542
rotary_emb,18944,393.428
rotary_emb,18960,393.523
rotary_emb,18976,393.385
rotary_emb,18992,393.726
rotary_emb,19008,394.569
rotary_emb,19024,394.452
rotary_emb,19040,394.27
rotary_emb,19056,395.326
rotary_emb,19072,395.977
rotary_emb,19088,396.052
rotary_emb,19104,395.668
rotary_emb,19120,396.681
rotary_emb,19136,396.564
rotary_emb,19152,396.82
rotary_emb,19168,397.14
rotary_emb,19184,397.726
rotary_emb,19200,397.588
rotary_emb,19216,398.207
rotary_emb,19232,398.623
rotary_emb,19248,399.22
rotary_emb,19264,399.412
rotary_emb,19280,400.169
rotary_emb,19296,399.753
rotary_emb,19312,400.607
rotary_emb,19328,401.225
rotary_emb,19344,401.673
rotary_emb,19360,401.93
rotary_emb,19376,401.439
rotary_emb,19392,402.281
rotary_emb,19408,402.516
rotary_emb,19424,402.847
rotary_emb,19440,403.166
rotary_emb,19456,403.807
rotary_emb,19472,403.924
rotary_emb,19488,404.809
rotary_emb,19504,404.745
rotary_emb,19520,405.044
rotary_emb,19536,405.087
rotary_emb,19552,405.129
rotary_emb,19568,405.545
rotary_emb,19584,405.758
rotary_emb,19600,406.847
rotary_emb,19616,407.231
rotary_emb,19632,407.017
rotary_emb,19648,407.092
rotary_emb,19664,408.276
rotary_emb,19680,408.18
rotary_emb,19696,408.649
rotary_emb,19712,408.628
rotary_emb,19728,408.949
rotary_emb,19744,409.183
rotary_emb,19760,409.781
rotary_emb,19776,409.93
rotary_emb,19792,410.793
rotary_emb,19808,411.135
rotary_emb,19824,410.516
rotary_emb,19840,411.134
rotary_emb,19856,411.541
rotary_emb,19872,412.735
rotary_emb,19888,412.586
rotary_emb,19904,412.661
rotary_emb,19920,412.671
rotary_emb,19936,413.279
rotary_emb,19952,413.748
rotary_emb,19968,414.527
rotary_emb,19984,414.41
rotary_emb,20000,414.868
rotary_emb,20016,415.135
rotary_emb,20032,415.861
rotary_emb,20048,416.073
rotary_emb,20064,415.957
rotary_emb,20080,416.138
rotary_emb,20096,416.298
rotary_emb,20112,417.109
rotary_emb,20128,417.813
rotary_emb,20144,418.356
rotary_emb,20160,418.122
rotary_emb,20176,418.175
rotary_emb,20192,418.271
rotary_emb,20208,418.933
rotary_emb,20224,419.05
rotary_emb,20240,419.231
rotary_emb,20256,420.714
rotary_emb,20272,420.351
rotary_emb,20288,421.642
rotary_emb,20304,420.65
rotary_emb,20320,421.002
rotary_emb,20336,421.109
rotary_emb,20352,422.549
rotary_emb,20368,422.751
rotary_emb,20384,422.73
rotary_emb,20400,423.22
rotary_emb,20416,423.071
rotary_emb,20432,423.839
rotary_emb,20448,423.925
rotary_emb,20464,424.736
rotary_emb,20480,424.949
rotary_emb,20496,424.448
rotary_emb,20512,425.877
rotary_emb,20528,426.527
rotary_emb,20544,426.015
rotary_emb,20560,426.517
rotary_emb,20576,426.282
rotary_emb,20592,426.517
rotary_emb,20608,426.805
rotary_emb,20624,428.16
rotary_emb,20640,427.967
rotary_emb,20656,428.469
rotary_emb,20672,429.045
rotary_emb,20688,428.597
rotary_emb,20704,428.853
rotary_emb,20720,429.451
rotary_emb,20736,430.229
rotary_emb,20752,430.069
rotary_emb,20768,430.987
rotary_emb,20784,430.826
rotary_emb,20800,431.008
rotary_emb,20816,431.552
rotary_emb,20832,431.84
rotary_emb,20848,431.925
rotary_emb,20864,432.651
rotary_emb,20880,433.856
rotary_emb,20896,433.557
rotary_emb,20912,432.938
rotary_emb,20928,434.186
rotary_emb,20944,434.41
rotary_emb,20960,434.133
rotary_emb,20976,434.518
rotary_emb,20992,435.296
rotary_emb,21008,436.256
rotary_emb,21024,436.395
rotary_emb,21040,435.829
rotary_emb,21056,436.618
rotary_emb,21072,436.96
rotary_emb,21088,436.352
rotary_emb,21104,437.195
rotary_emb,21120,438.432
rotary_emb,21136,438.538
rotary_emb,21152,438.774
rotary_emb,21168,438.816
rotary_emb,21184,438.709
rotary_emb,21200,439.723
rotary_emb,21216,439.69
rotary_emb,21232,440.032
rotary_emb,21248,440.544
rotary_emb,21264,441.088
rotary_emb,21280,441.056
rotary_emb,21296,441.248
rotary_emb,21312,442.464
rotary_emb,21328,442.506
rotary_emb,21344,442.507
rotary_emb,21360,442.315
rotary_emb,21376,442.613
rotary_emb,21392,443.754
rotary_emb,21408,443.381
rotary_emb,21424,444.139
rotary_emb,21440,445.354
rotary_emb,21456,444.235
rotary_emb,21472,444.566
rotary_emb,21488,445.686
rotary_emb,21504,445.802
rotary_emb,21520,446.304
rotary_emb,21536,446.369
rotary_emb,21552,447.36
rotary_emb,21568,447.211
rotary_emb,21584,447.414
rotary_emb,21600,447.861
rotary_emb,21616,447.733
rotary_emb,21632,448.672
rotary_emb,21648,448.886
rotary_emb,21664,449.259
rotary_emb,21680,449.024
rotary_emb,21696,450.017
rotary_emb,21712,450.048
rotary_emb,21728,450.336
rotary_emb,21744,451.179
rotary_emb,21760,451.264
rotary_emb,21776,451.232
rotary_emb,21792,451.84
rotary_emb,21808,452.267
rotary_emb,21824,452.928
rotary_emb,21840,452.555
rotary_emb,21856,452.939
rotary_emb,21872,453.035
rotary_emb,21888,453.782
rotary_emb,21904,454.198
rotary_emb,21920,453.985
rotary_emb,21936,454.283
rotary_emb,21952,455.073
rotary_emb,21968,455.254
rotary_emb,21984,455.211
rotary_emb,22000,455.841
rotary_emb,22016,456.353
rotary_emb,22032,457.589
rotary_emb,22048,456.673
rotary_emb,22064,457.163
rotary_emb,22080,458.528
rotary_emb,22096,457.782
rotary_emb,22112,457.921
rotary_emb,22128,458.742
rotary_emb,22144,458.987
rotary_emb,22160,459.52
rotary_emb,22176,459.648
rotary_emb,22192,460.47
rotary_emb,22208,460.235
rotary_emb,22224,460.502
rotary_emb,22240,461.536
rotary_emb,22256,461.526
rotary_emb,22272,461.376
rotary_emb,22288,461.131
rotary_emb,22304,462.465
rotary_emb,22320,463.051
rotary_emb,22336,463.574
rotary_emb,22352,463.467
rotary_emb,22368,463.126
rotary_emb,22384,463.446
rotary_emb,22400,464.011
rotary_emb,22416,464.705
rotary_emb,22432,464.801
rotary_emb,22448,465.142
rotary_emb,22464,465.846
rotary_emb,22480,465.633
rotary_emb,22496,465.942
rotary_emb,22512,466.39
rotary_emb,22528,466.507
rotary_emb,22544,467.031
rotary_emb,22560,467.585
rotary_emb,22576,468.471
rotary_emb,22592,468.065
rotary_emb,22608,468.203
rotary_emb,22624,469.1
rotary_emb,22640,469.036
rotary_emb,22656,468.908
rotary_emb,22672,469.377
rotary_emb,22688,470.689
rotary_emb,22704,470.465
rotary_emb,22720,470.721
rotary_emb,22736,470.764
rotary_emb,22752,471.425
rotary_emb,22768,471.98
rotary_emb,22784,471.617
rotary_emb,22800,472.737
rotary_emb,22816,473.248
rotary_emb,22832,473.1
rotary_emb,22848,472.929
rotary_emb,22864,473.793
rotary_emb,22880,473.857
rotary_emb,22896,473.985
rotary_emb,22912,474.988
rotary_emb,22928,474.71
rotary_emb,22944,475.329
rotary_emb,22960,476.502
rotary_emb,22976,476.097
rotary_emb,22992,475.937
rotary_emb,23008,477.868
rotary_emb,23024,477.313
rotary_emb,23040,478.102
rotary_emb,23056,478.038
rotary_emb,23072,478.646
rotary_emb,23088,477.889
rotary_emb,23104,479.435
rotary_emb,23120,478.454
rotary_emb,23136,479.223
rotary_emb,23152,479.628
rotary_emb,23168,479.895
rotary_emb,23184,480.887
rotary_emb,23200,480.374
rotary_emb,23216,481.26
rotary_emb,23232,481.932
rotary_emb,23248,481.836
rotary_emb,23264,481.911
rotary_emb,23280,482.497
rotary_emb,23296,482.391
rotary_emb,23312,483.394
rotary_emb,23328,483.362
rotary_emb,23344,484.108
rotary_emb,23360,484.097
rotary_emb,23376,484.78
rotary_emb,23392,485.004
rotary_emb,23408,485.09
rotary_emb,23424,485.431
rotary_emb,23440,486.209
rotary_emb,23456,486.135
rotary_emb,23472,486.7
rotary_emb,23488,486.924
rotary_emb,23504,487.149
rotary_emb,23520,487.756
rotary_emb,23536,488.418
rotary_emb,23552,487.725
rotary_emb,23568,488.855
rotary_emb,23584,488.93
rotary_emb,23600,489.644
rotary_emb,23616,490.124
rotary_emb,23632,489.804
rotary_emb,23648,490.273
rotary_emb,23664,490.348
rotary_emb,23680,491.298
rotary_emb,23696,491.117
rotary_emb,23712,491.937
rotary_emb,23728,492.002
rotary_emb,23744,492.012
rotary_emb,23760,492.333
rotary_emb,23776,493.335
rotary_emb,23792,492.812
rotary_emb,23808,493.836
rotary_emb,23824,493.964
rotary_emb,23840,494.754
rotary_emb,23856,494.754
rotary_emb,23872,495.106
rotary_emb,23888,495.49
rotary_emb,23904,495.511
rotary_emb,23920,495.319
rotary_emb,23936,496.642
rotary_emb,23952,496.738
rotary_emb,23968,497.389
rotary_emb,23984,496.652
rotary_emb,24000,497.815
rotary_emb,24016,497.74
rotary_emb,24032,498.573
rotary_emb,24048,498.146
rotary_emb,24064,499.064
rotary_emb,24080,498.722
rotary_emb,24096,499.426
rotary_emb,24112,499.96
rotary_emb,24128,499.885
rotary_emb,24144,500.194
rotary_emb,24160,500.428
rotary_emb,24176,500.887
rotary_emb,24192,501.655
rotary_emb,24208,501.602
rotary_emb,24224,502.082
rotary_emb,24240,502.552
rotary_emb,24256,503.394
rotary_emb,24272,503.042
rotary_emb,24288,503.906
rotary_emb,24304,503.415
rotary_emb,24320,503.842
rotary_emb,24336,503.671
rotary_emb,24352,505.026
rotary_emb,24368,505.666
rotary_emb,24384,505.357
rotary_emb,24400,505.239
rotary_emb,24416,505.762
rotary_emb,24432,506.669
rotary_emb,24448,506.167
rotary_emb,24464,507.16
rotary_emb,24480,507.319
rotary_emb,24496,507.234
rotary_emb,24512,507.736
rotary_emb,24528,508.375
rotary_emb,24544,508.013
rotary_emb,24560,508.088
rotary_emb,24576,509.058
rotary_emb,24592,509.506
rotary_emb,24608,509.603
rotary_emb,24624,509.922
rotary_emb,24640,511.202
rotary_emb,24656,510.552
rotary_emb,24672,511.384
rotary_emb,24688,511.853
rotary_emb,24704,511.618
rotary_emb,24720,512.312
rotary_emb,24736,512.461
rotary_emb,24752,512.984
rotary_emb,24768,513.506
rotary_emb,24784,513.922
rotary_emb,24800,513.762
rotary_emb,24816,514.424
rotary_emb,24832,514.37
rotary_emb,24848,515.021
rotary_emb,24864,514.904
rotary_emb,24880,515.821
rotary_emb,24896,515.896
rotary_emb,24912,516.301
rotary_emb,24928,516.419
rotary_emb,24944,516.045
rotary_emb,24960,516.631
rotary_emb,24976,517.709
rotary_emb,24992,517.827
rotary_emb,25008,518.2
rotary_emb,25024,518.541
rotary_emb,25040,518.605
rotary_emb,25056,518.744
rotary_emb,25072,519.298
rotary_emb,25088,519.491
rotary_emb,25104,520.558
rotary_emb,25120,520.482
rotary_emb,25136,520.59
rotary_emb,25152,520.888
rotary_emb,25168,520.835
rotary_emb,25184,521.667
rotary_emb,25200,521.56
rotary_emb,25216,522.211
rotary_emb,25232,522.808
rotary_emb,25248,523.021
rotary_emb,25264,522.914
rotary_emb,25280,524.184
rotary_emb,25296,524.099
rotary_emb,25312,524.6
rotary_emb,25328,524.622
rotary_emb,25344,524.664
rotary_emb,25360,525.037
rotary_emb,25376,525.154
rotary_emb,25392,526.179
rotary_emb,25408,525.795
rotary_emb,25424,526.446
rotary_emb,25440,526.904
rotary_emb,25456,527.245
rotary_emb,25472,527.555
rotary_emb,25488,528.504
rotary_emb,25504,528.653
rotary_emb,25520,528.227
rotary_emb,25536,528.505
rotary_emb,25552,529.369
rotary_emb,25568,529.038
rotary_emb,25584,529.848
rotary_emb,25600,530.318
rotary_emb,25616,530.702
rotary_emb,25632,531.235
rotary_emb,25648,531.203
rotary_emb,25664,532.227
rotary_emb,25680,532.003
rotary_emb,25696,532.024
rotary_emb,25712,532.526
rotary_emb,25728,532.462
rotary_emb,25744,532.963
rotary_emb,25760,534.222
rotary_emb,25776,534.062
rotary_emb,25792,534.062
rotary_emb,25808,534.595
rotary_emb,25824,534.414
rotary_emb,25840,534.691
rotary_emb,25856,535.577
rotary_emb,25872,535.566
rotary_emb,25888,536.889
rotary_emb,25904,536.963
rotary_emb,25920,536.888
rotary_emb,25936,537.507
rotary_emb,25952,537.785
rotary_emb,25968,538.126
rotary_emb,25984,538.339
rotary_emb,26000,537.987
rotary_emb,26016,538.819
rotary_emb,26032,538.691
rotary_emb,26048,539.63
rotary_emb,26064,539.843
rotary_emb,26080,540.921
rotary_emb,26096,540.547
rotary_emb,26112,540.377
rotary_emb,26128,541.262
rotary_emb,26144,541.956
rotary_emb,26160,542.19
rotary_emb,26176,541.7
rotary_emb,26192,542.361
rotary_emb,26208,543.683
rotary_emb,26224,542.947
rotary_emb,26240,542.467
rotary_emb,26256,543.662
rotary_emb,26272,544.356
rotary_emb,26288,544.462
rotary_emb,26304,544.622
rotary_emb,26320,544.334
rotary_emb,26336,545.219
rotary_emb,26352,546.211
rotary_emb,26368,545.273
rotary_emb,26384,546.169
rotary_emb,26400,546.414
rotary_emb,26416,547.854
rotary_emb,26432,547.641
rotary_emb,26448,548.356
rotary_emb,26464,548.441
rotary_emb,26480,549.07
rotary_emb,26496,548.217
rotary_emb,26512,549.647
rotary_emb,26528,550.094
rotary_emb,26544,549.263
rotary_emb,26560,550.628
rotary_emb,26576,550.01
rotary_emb,26592,550.766
rotary_emb,26608,551.204
rotary_emb,26624,550.777
rotary_emb,26640,551.577
rotary_emb,26656,553.103
rotary_emb,26672,552.697
rotary_emb,26688,552.505
rotary_emb,26704,552.74
rotary_emb,26720,553.294
rotary_emb,26736,554.628
rotary_emb,26752,552.975
rotary_emb,26768,554.703
rotary_emb,26784,555.044
rotary_emb,26800,555.087
rotary_emb,26816,555.268
rotary_emb,26832,555.769
rotary_emb,26848,556.026
rotary_emb,26864,556.559
rotary_emb,26880,556.185
rotary_emb,26896,557.21
rotary_emb,26912,557.38
rotary_emb,26928,557.529
rotary_emb,26944,558.639
rotary_emb,26960,558.543
rotary_emb,26976,558.532
rotary_emb,26992,558.916
rotary_emb,27008,559.246
rotary_emb,27024,559.908
rotary_emb,27040,559.983
rotary_emb,27056,561.178
rotary_emb,27072,561.391
rotary_emb,27088,561.198
rotary_emb,27104,561.636
rotary_emb,27120,561.7
rotary_emb,27136,562.223
rotary_emb,27152,562.084
rotary_emb,27168,562.436
rotary_emb,27184,562.628
rotary_emb,27200,562.906
rotary_emb,27216,563.439
rotary_emb,27232,563.898
rotary_emb,27248,564.25
rotary_emb,27264,564.729
rotary_emb,27280,565.306
rotary_emb,27296,565.657
rotary_emb,27312,565.551
rotary_emb,27328,565.807
rotary_emb,27344,566.447
rotary_emb,27360,566.671
rotary_emb,27376,566.586
rotary_emb,27392,567.226
rotary_emb,27408,567.066
rotary_emb,27424,568.047
rotary_emb,27440,568.41
rotary_emb,27456,568.292
rotary_emb,27472,569.498
rotary_emb,27488,569.508
rotary_emb,27504,569.53
rotary_emb,27520,570.031
rotary_emb,27536,569.957
rotary_emb,27552,570.66
rotary_emb,27568,571.407
rotary_emb,27584,571.14
rotary_emb,27600,570.948
rotary_emb,27616,571.845
rotary_emb,27632,571.717
rotary_emb,27648,571.866
rotary_emb,27664,572.762
rotary_emb,27680,574.01
rotary_emb,27696,573.861
rotary_emb,27712,573.818
rotary_emb,27728,574.212
rotary_emb,27744,575.492
rotary_emb,27760,575.12
rotary_emb,27776,575.215
rotary_emb,27792,575.343
rotary_emb,27808,576.069
rotary_emb,27824,576.442
rotary_emb,27840,576.869
rotary_emb,27856,576.623
rotary_emb,27872,576.975
rotary_emb,27888,577.648
rotary_emb,27904,577.818
rotary_emb,27920,577.743
rotary_emb,27936,579.268
rotary_emb,27952,579.354
rotary_emb,27968,579.258
rotary_emb,27984,579.344
rotary_emb,28000,580.026
rotary_emb,28016,580.463
rotary_emb,28032,580.186
rotary_emb,28048,580.89
rotary_emb,28064,581.05
rotary_emb,28080,581.189
rotary_emb,28096,581.776
rotary_emb,28112,581.658
rotary_emb,28128,582.981
rotary_emb,28144,582.618
rotary_emb,28160,583.461
rotary_emb,28176,583.482
rotary_emb,28192,583.685
rotary_emb,28208,585.051
rotary_emb,28224,584.795
rotary_emb,28240,585.36
rotary_emb,28256,585.168
rotary_emb,28272,585.925
rotary_emb,28288,586.512
rotary_emb,28304,586.416
rotary_emb,28320,585.978
rotary_emb,28336,586.896
rotary_emb,28352,586.64
rotary_emb,28368,587.152
rotary_emb,28384,587.429
rotary_emb,28400,588.229
rotary_emb,28416,588.784
rotary_emb,28432,589.167
rotary_emb,28448,589.371
rotary_emb,28464,590.437
rotary_emb,28480,589.519
rotary_emb,28496,590.352
rotary_emb,28512,590.181
rotary_emb,28528,591.045
rotary_emb,28544,591.056
rotary_emb,28560,591.515
rotary_emb,28576,591.579
rotary_emb,28592,591.493
rotary_emb,28608,592.763
rotary_emb,28624,592.485
rotary_emb,28640,593.136
rotary_emb,28656,593.413
rotary_emb,28672,593.658
rotary_emb,28688,593.392
rotary_emb,28704,593.979
rotary_emb,28720,594.448
rotary_emb,28736,595.301
rotary_emb,28752,595.504
rotary_emb,28768,596.155
rotary_emb,28784,596.848
rotary_emb,28800,596.442
rotary_emb,28816,597.094
rotary_emb,28832,597.125
rotary_emb,28848,597.094
rotary_emb,28864,596.656
rotary_emb,28880,597.563
rotary_emb,28896,598.555
rotary_emb,28912,598.096
rotary_emb,28928,599.003
rotary_emb,28944,599.472
rotary_emb,28960,599.483
rotary_emb,28976,600.304
rotary_emb,28992,600.624
rotary_emb,29008,600.678
rotary_emb,29024,600.731
rotary_emb,29040,602.395
rotary_emb,29056,602.449
rotary_emb,29072,601.211
rotary_emb,29088,603.025
rotary_emb,29104,603.057
rotary_emb,29120,603.376
rotary_emb,29136,604.091
rotary_emb,29152,603.376
rotary_emb,29168,603.397
rotary_emb,29184,603.707
rotary_emb,29200,604.934
rotary_emb,29216,605.403
rotary_emb,29232,605.51
rotary_emb,29248,605.168
rotary_emb,29264,605.862
rotary_emb,29280,606.086
rotary_emb,29296,607.045
rotary_emb,29312,606.267
rotary_emb,29328,606.79
rotary_emb,29344,607.526
rotary_emb,29360,608.283
rotary_emb,29376,607.803
rotary_emb,29392,609.467
rotary_emb,29408,608.977
rotary_emb,29424,610.374
rotary_emb,29440,610.011
rotary_emb,29456,610.885
rotary_emb,29472,610.012
rotary_emb,29488,610.256
rotary_emb,29504,610.875
rotary_emb,29520,611.142
rotary_emb,29536,610.993
rotary_emb,29552,611.868
rotary_emb,29568,612.049
rotary_emb,29584,612.198
rotary_emb,29600,612.187
rotary_emb,29616,614.225
rotary_emb,29632,612.433
rotary_emb,29648,613.574
rotary_emb,29664,613.233
rotary_emb,29680,615.74
rotary_emb,29696,615.196
rotary_emb,29712,615.025
rotary_emb,29728,615.675
rotary_emb,29744,615.313
rotary_emb,29760,616.422
rotary_emb,29776,615.857
rotary_emb,29792,615.76
rotary_emb,29808,617.233
rotary_emb,29824,616.956
rotary_emb,29840,617.008
rotary_emb,29856,618.396
rotary_emb,29872,619.313
rotary_emb,29888,618.63
rotary_emb,29904,618.588
rotary_emb,29920,620.401
rotary_emb,29936,619.26
rotary_emb,29952,619.548
rotary_emb,29968,620.444
rotary_emb,29984,621.329
rotary_emb,30000,621.702
rotary_emb,30016,621.436
rotary_emb,30032,622.012
rotary_emb,30048,621.286
rotary_emb,30064,622.993
rotary_emb,30080,622.342
rotary_emb,30096,622.438
rotary_emb,30112,622.972
rotary_emb,30128,622.844
rotary_emb,30144,623.729
rotary_emb,30160,624.7
rotary_emb,30176,626.022
rotary_emb,30192,625.916
rotary_emb,30208,624.668
rotary_emb,30224,626.012
rotary_emb,30240,625.724
rotary_emb,30256,626.545
rotary_emb,30272,627.612
rotary_emb,30288,627.43
rotary_emb,30304,626.983
rotary_emb,30320,627.793
rotary_emb,30336,627.676
rotary_emb,30352,628.241
rotary_emb,30368,628.455
rotary_emb,30384,629.724
rotary_emb,30400,630.301
rotary_emb,30416,630.812
rotary_emb,30432,630.396
rotary_emb,30448,629.564
rotary_emb,30464,631.1
rotary_emb,30480,631.665
rotary_emb,30496,631.74
rotary_emb,30512,631.804
rotary_emb,30528,631.666
rotary_emb,30544,631.858
rotary_emb,30560,632.124
rotary_emb,30576,632.274
rotary_emb,30592,633.287
rotary_emb,30608,634.214
rotary_emb,30624,634.706
rotary_emb,30640,634.535
rotary_emb,30656,635.676
rotary_emb,30672,635.484
rotary_emb,30688,635.378
rotary_emb,30704,635.847
rotary_emb,30720,637.393
rotary_emb,30736,637.287
rotary_emb,30752,637.287
rotary_emb,30768,637.394
rotary_emb,30784,638.087
rotary_emb,30800,638.866
rotary_emb,30816,637.938
rotary_emb,30832,638.642
rotary_emb,30848,640.146
rotary_emb,30864,639.527
rotary_emb,30880,639.698
rotary_emb,30896,639.815
rotary_emb,30912,640.54
rotary_emb,30928,641.479
rotary_emb,30944,641.97
rotary_emb,30960,641.532
rotary_emb,30976,641.468
rotary_emb,30992,641.874
rotary_emb,31008,641.831
rotary_emb,31024,641.991
rotary_emb,31040,641.97
rotary_emb,31056,642.364
rotary_emb,31072,642.161
rotary_emb,31088,643.261
rotary_emb,31104,643.943
rotary_emb,31120,643.933
rotary_emb,31136,644.669
rotary_emb,31152,644.754
rotary_emb,31168,645.575
rotary_emb,31184,646.77
rotary_emb,31200,645.607
rotary_emb,31216,646.162
rotary_emb,31232,645.436
rotary_emb,31248,646.674
rotary_emb,31264,646.738
rotary_emb,31280,647.453
rotary_emb,31296,647.826
rotary_emb,31312,647.698
rotary_emb,31328,648.039
rotary_emb,31344,648.754
rotary_emb,31360,649.319
rotary_emb,31376,649.437
rotary_emb,31392,650.45
rotary_emb,31408,649.842
rotary_emb,31424,650.941
rotary_emb,31440,650.951
rotary_emb,31456,650.941
rotary_emb,31472,651.581
rotary_emb,31488,651.613
rotary_emb,31504,651.634
rotary_emb,31520,652.594
rotary_emb,31536,652.253
rotary_emb,31552,652.861
rotary_emb,31568,653.469
rotary_emb,31584,653.192
rotary_emb,31600,654.333
rotary_emb,31616,654.632
rotary_emb,31632,655.133
rotary_emb,31648,655.485
rotary_emb,31664,655.731
rotary_emb,31680,656.307
rotary_emb,31696,656.818
rotary_emb,31712,657.074
rotary_emb,31728,656.456
rotary_emb,31744,658.259
rotary_emb,31760,657.021
rotary_emb,31776,657.81
rotary_emb,31792,658.013
rotary_emb,31808,659.016
rotary_emb,31824,658.194
rotary_emb,31840,658.61
rotary_emb,31856,659.784
rotary_emb,31872,659.741
rotary_emb,31888,659.229
rotary_emb,31904,660.349
rotary_emb,31920,660.765
rotary_emb,31936,660.445
rotary_emb,31952,661.277
rotary_emb,31968,661.555
rotary_emb,31984,661.864
rotary_emb,32000,662.355
rotary_emb,32016,662.301
rotary_emb,32032,663.229
rotary_emb,32048,664.616
rotary_emb,32064,664.989
rotary_emb,32080,664.947
rotary_emb,32096,664.371
rotary_emb,32112,665.032
rotary_emb,32128,665.235
rotary_emb,32144,665.075
rotary_emb,32160,666.397
rotary_emb,32176,667.368
rotary_emb,32192,666.067
rotary_emb,32208,667.742
rotary_emb,32224,667.293
rotary_emb,32240,668.851
rotary_emb,32256,667.165
rotary_emb,32272,669.246
rotary_emb,32288,669.032
rotary_emb,32304,668.861
rotary_emb,32320,669.064
rotary_emb,32336,670.782
rotary_emb,32352,669.64
rotary_emb,32368,669.416
rotary_emb,32384,670.483
rotary_emb,32400,672.51
rotary_emb,32416,672.254
rotary_emb,32432,671.795
rotary_emb,32448,672.638
rotary_emb,32464,673.214
rotary_emb,32480,672.542
rotary_emb,32496,672.563
rotary_emb,32512,672.36
rotary_emb,32528,673.79
rotary_emb,32544,673.8
rotary_emb,32560,675.763
rotary_emb,32576,674.686
rotary_emb,32592,674.931
rotary_emb,32608,675.572
rotary_emb,32624,675.326
rotary_emb,32640,677.332
rotary_emb,32656,676.222
rotary_emb,32672,675.912
rotary_emb,32688,676.595
rotary_emb,32704,677.107
rotary_emb,32720,677.395
rotary_emb,32736,677.331
rotary_emb,32752,677.257
rotary_emb,32768,678.323
