prefill_chunk,kv_prefill,n_decode,kv_decode,time_us
0,0,1,16,15.136
0,0,1,32,15.2327
0,0,1,64,20.843
0,0,1,128,26.8173
0,0,1,256,38.4753
0,0,1,512,61.8463
0,0,1,1024,108.749
0,0,1,2048,202.629
0,0,1,4096,397.673
0,0,1,8192,396.244
0,0,2,16,15.36
0,0,2,32,15.5097
0,0,2,64,21.0037
0,0,2,128,26.9977
0,0,2,256,38.721
0,0,2,512,62.1567
0,0,2,1024,108.962
0,0,2,2048,202.778
0,0,2,4096,398.121
0,0,2,8192,397.759
0,0,4,16,15.4777
0,0,4,32,15.5423
0,0,4,64,21.2277
0,0,4,128,27.222
0,0,4,256,38.966
0,0,4,512,62.401
0,0,4,1024,109.411
0,0,4,2048,203.408
0,0,4,4096,398.366
0,0,4,8192,398.463
0,0,8,16,23.979
0,0,8,32,24.267
0,0,8,64,35.8193
0,0,8,128,47.9903
0,0,8,256,71.564
0,0,8,512,118.723
0,0,8,1024,213.21
0,0,8,2048,400.649
0,0,8,4096,791.805
0,0,8,8192,791.699
0,0,16,16,32.5653
0,0,16,32,32.9823
0,0,16,64,50.1343
0,0,16,128,68.6837
0,0,16,256,103.938
0,0,16,512,174.361
0,0,16,1024,316.061
0,0,16,2048,597.656
0,0,16,4096,1184.12
0,0,16,8192,1183.09
0,0,32,16,57.74
0,0,32,32,58.4653
0,0,32,64,92.5143
0,0,32,128,129.977
0,0,32,256,201.488
0,0,32,512,342.259
0,0,32,1024,623.726
0,0,32,2048,1187.22
0,0,32,4096,2359.65
0,0,32,8192,2360.82
0,0,64,16,107.075
0,0,64,32,108.055
0,0,64,64,180.484
0,0,64,128,255.739
0,0,64,256,404.148
0,0,64,512,700.123
0,0,64,1024,1278.67
0,0,64,2048,2449.59
0,0,64,4096,4900.57
0,0,64,8192,4894.75
0,0,128,16,201.316
0,0,128,32,208.57
0,0,128,64,348.093
0,0,128,128,496.64
0,0,128,256,784.69
0,0,128,512,1358.51
0,0,128,1024,2484.2
0,0,128,2048,4747.97
0,0,128,4096,9502.57
0,0,128,8192,9494.54
0,0,256,16,406.889
0,0,256,32,414.964
0,0,256,64,692.922
0,0,256,128,988.033
0,0,256,256,1553.46
0,0,256,512,2682.51
0,0,256,1024,4915.53
0,0,256,2048,9442.18
0,0,256,4096,18884.4
0,0,256,8192,18863.9
16,0,0,0,15.4243
16,0,1,16,15.3393
16,0,1,32,15.3823
16,0,1,64,19.9153
16,0,1,128,25.8883
16,0,1,256,37.654
16,0,1,512,61.079
16,0,1,1024,107.843
16,0,1,2048,201.85
16,0,1,4096,397.246
16,0,1,8192,396.702
16,0,2,16,15.3173
16,0,2,32,15.382
16,0,2,64,19.9687
16,0,2,128,25.985
16,0,2,256,37.7077
16,0,2,512,61.175
16,0,2,1024,108.152
16,0,2,2048,202.084
16,0,2,4096,398.569
16,0,2,8192,398.046
16,0,4,16,15.5203
16,0,4,32,15.6277
16,0,4,64,19.904
16,0,4,128,25.9737
16,0,4,256,37.601
16,0,4,512,61.196
16,0,4,1024,108.173
16,0,4,2048,202.266
16,0,4,4096,398.473
16,0,4,8192,397.897
16,0,8,16,24.0967
16,0,8,32,24.2033
16,0,8,64,34.23
16,0,8,128,46.529
16,0,8,256,70.081
16,0,8,512,117.165
16,0,8,1024,211.556
16,0,8,2048,399.379
16,0,8,4096,790.226
16,0,8,8192,789.543
16,0,16,16,32.7157
16,0,16,32,33.4837
16,0,16,64,49.036
16,0,16,128,67.4473
16,0,16,256,103.447
16,0,16,512,174.329
16,0,16,1024,315.122
16,0,16,2048,596.504
16,0,16,4096,1184.11
16,0,16,8192,1183.08
16,0,32,16,57.623
16,0,32,32,58.3587
16,0,32,64,91.1487
16,0,32,128,128.312
16,0,32,256,200.036
16,0,32,512,341.416
16,0,32,1024,623.044
16,0,32,2048,1187.12
16,0,32,4096,2361.96
16,0,32,8192,2360.92
16,0,64,16,107.021
16,0,64,32,108.045
16,0,64,64,178.895
16,0,64,128,255.163
16,0,64,256,405.491
16,0,64,512,703.738
16,0,64,1024,1290.28
16,0,64,2048,2468.59
16,0,64,4096,4919.31
16,0,64,8192,4926.28
16,0,128,16,202.042
16,0,128,32,209.317
16,0,128,64,349.224
16,0,128,128,498.464
16,0,128,256,785.959
16,0,128,512,1357.01
16,0,128,1024,2484.93
16,0,128,2048,4747.79
16,0,128,4096,9480.26
16,0,128,8192,9486.66
16,16,0,0,15.5953
16,16,1,16,15.5737
16,16,1,32,15.5527
16,16,1,64,19.8933
16,16,1,128,25.9737
16,16,1,256,37.6223
16,16,1,512,61.154
16,16,1,1024,108.002
16,16,1,2048,201.764
16,16,1,4096,396.563
16,16,1,8192,396.83
16,16,2,16,15.5093
16,16,2,32,15.659
16,16,2,64,20.0213
16,16,2,128,26.07
16,16,2,256,37.7503
16,16,2,512,61.292
16,16,2,1024,108.173
16,16,2,2048,202.149
16,16,2,4096,397.844
16,16,2,8192,398.281
16,16,4,16,15.83
16,16,4,32,15.9253
16,16,4,64,19.979
16,16,4,128,26.006
16,16,4,256,37.6757
16,16,4,512,61.1747
16,16,4,1024,108.269
16,16,4,2048,202.789
16,16,4,4096,398.633
16,16,4,8192,397.79
16,16,8,16,24.4273
16,16,8,32,24.6623
16,16,8,64,34.294
16,16,8,128,46.4437
16,16,8,256,69.954
16,16,8,512,117.102
16,16,8,1024,211.738
16,16,8,2048,399.593
16,16,8,4096,790.609
16,16,8,8192,789.884
16,16,16,16,32.9503
16,16,16,32,33.5043
16,16,16,64,48.9393
16,16,16,128,67.6493
16,16,16,256,103.458
16,16,16,512,174.468
16,16,16,1024,315.036
16,16,16,2048,596.739
16,16,16,4096,1183.88
16,16,16,8192,1182.83
16,16,32,16,57.8787
16,16,32,32,58.6257
16,16,32,64,91.2237
16,16,32,128,128.589
16,16,32,256,199.973
16,16,32,512,341.351
16,16,32,1024,622.808
16,16,32,2048,1187.07
16,16,32,4096,2363.19
16,16,32,8192,2361.76
16,16,64,16,107.288
16,16,64,32,108.504
16,16,64,64,179.247
16,16,64,128,255.408
16,16,64,256,405.396
16,16,64,512,704.613
16,16,64,1024,1291.47
16,16,64,2048,2462.37
16,16,64,4096,4917.39
16,16,64,8192,4912.14
16,16,128,16,202.416
16,16,128,32,209.54
16,16,128,64,350.151
16,16,128,128,498.752
16,16,128,256,785.393
16,16,128,512,1353.83
16,16,128,1024,2482.17
16,16,128,2048,4742.33
16,16,128,4096,9478.52
16,16,128,8192,9472.07
16,32,0,0,15.755
16,32,1,16,15.5737
16,32,1,32,15.5947
16,32,1,64,20.022
16,32,1,128,25.9417
16,32,1,256,37.5793
16,32,1,512,61.0787
16,32,1,1024,107.949
16,32,1,2048,201.871
16,32,1,4096,395.988
16,32,1,8192,397.438
16,32,2,16,15.5737
16,32,2,32,15.7333
16,32,2,64,19.9793
16,32,2,128,26.0273
16,32,2,256,37.7503
16,32,2,512,61.2063
16,32,2,1024,108.162
16,32,2,2048,202.191
16,32,2,4096,397.779
16,32,2,8192,397.79
16,32,4,16,15.9477
16,32,4,32,16.0323
16,32,4,64,20.0543
16,32,4,128,25.9843
16,32,4,256,37.6433
16,32,4,512,61.1963
16,32,4,1024,108.226
16,32,4,2048,202.064
16,32,4,4096,398.355
16,32,4,8192,397.79
16,32,8,16,24.3953
16,32,8,32,24.8217
16,32,8,64,34.305
16,32,8,128,46.5397
16,32,8,256,69.9427
16,32,8,512,117.155
16,32,8,1024,211.397
16,32,8,2048,399.379
16,32,8,4096,790.086
16,32,8,8192,789.5
16,32,16,16,33.0247
16,32,16,32,33.3663
16,32,16,64,48.9293
16,32,16,128,67.895
16,32,16,256,102.84
16,32,16,512,174.436
16,32,16,1024,314.866
16,32,16,2048,596.045
16,32,16,4096,1183.72
16,32,16,8192,1182.95
16,32,32,16,57.9427
16,32,32,32,58.8917
16,32,32,64,91.4367
16,32,32,128,128.589
16,32,32,256,199.844
16,32,32,512,341.426
16,32,32,1024,623.043
16,32,32,2048,1186.98
16,32,32,4096,2362.67
16,32,32,8192,2362.44
16,32,64,16,107.32
16,32,64,32,108.599
16,32,64,64,179.012
16,32,64,128,255.014
16,32,64,256,405.289
16,32,64,512,703.354
16,32,64,1024,1288.94
16,32,64,2048,2461.74
16,32,64,4096,4914.92
16,32,64,8192,4914.09
16,32,128,16,202.223
16,32,128,32,209.317
16,32,128,64,349.586
16,32,128,128,498.507
16,32,128,256,786.994
16,32,128,512,1357.98
16,32,128,1024,2481.35
16,32,128,2048,4742.73
16,32,128,4096,9481.12
16,32,128,8192,9477.93
16,64,0,0,21.27
16,64,1,16,20.0857
16,64,1,32,20.0537
16,64,1,64,21.131
16,64,1,128,25.9947
16,64,1,256,37.654
16,64,1,512,61.1213
16,64,1,1024,108.003
16,64,1,2048,201.721
16,64,1,4096,397.235
16,64,1,8192,396.606
16,64,2,16,20.1283
16,64,2,32,20.1067
16,64,2,64,21.2053
16,64,2,128,26.1023
16,64,2,256,37.7397
16,64,2,512,61.2493
16,64,2,1024,108.323
16,64,2,2048,202.255
16,64,2,4096,398.013
16,64,2,8192,397.747
16,64,4,16,20.0427
16,64,4,32,20.075
16,64,4,64,21.3877
16,64,4,128,26.0377
16,64,4,256,37.6643
16,64,4,512,61.1533
16,64,4,1024,108.29
16,64,4,2048,202.33
16,64,4,4096,398.835
16,64,4,8192,398.067
16,64,8,16,30.1337
16,64,8,32,30.422
16,64,8,64,36.7687
16,64,8,128,46.625
16,64,8,256,70.0813
16,64,8,512,116.952
16,64,8,1024,211.162
16,64,8,2048,399.529
16,64,8,4096,790.748
16,64,8,8192,790.109
16,64,16,16,38.721
16,64,16,32,38.934
16,64,16,64,51.521
16,64,16,128,67.6387
16,64,16,256,103.01
16,64,16,512,174.542
16,64,16,1024,315.217
16,64,16,2048,596.419
16,64,16,4096,1184.33
16,64,16,8192,1183.25
16,64,32,16,63.2977
16,64,32,32,63.852
16,64,32,64,93.314
16,64,32,128,128.654
16,64,32,256,199.877
16,64,32,512,341.65
16,64,32,1024,623.299
16,64,32,2048,1186.78
16,64,32,4096,2363.66
16,64,32,8192,2362.16
16,64,64,16,107.33
16,64,64,32,108.471
16,64,64,64,181.092
16,64,64,128,255.589
16,64,64,256,405.353
16,64,64,512,704.079
16,64,64,1024,1291.58
16,64,64,2048,2463.28
16,64,64,4096,4914.72
16,64,64,8192,4915.64
16,64,128,16,202.436
16,64,128,32,210.213
16,64,128,64,352.723
16,64,128,128,501.451
16,64,128,256,789.244
16,64,128,512,1357.35
16,64,128,1024,2482.34
16,64,128,2048,4742.91
16,64,128,4096,9478.77
16,64,128,8192,9484.77
16,128,0,0,27.2113
16,128,1,16,26.0387
16,128,1,32,26.0377
16,128,1,64,26.113
16,128,1,128,27.0513
16,128,1,256,37.6437
16,128,1,512,61.0683
16,128,1,1024,108.173
16,128,1,2048,201.679
16,128,1,4096,396.371
16,128,1,8192,396.222
16,128,2,16,26.1017
16,128,2,32,26.091
16,128,2,64,26.198
16,128,2,128,27.1467
16,128,2,256,37.6967
16,128,2,512,61.2497
16,128,2,1024,108.142
16,128,2,2048,201.957
16,128,2,4096,397.629
16,128,2,8192,397.235
16,128,4,16,25.9317
16,128,4,32,25.9957
16,128,4,64,26.454
16,128,4,128,27.4033
16,128,4,256,37.6433
16,128,4,512,61.1537
16,128,4,1024,108.237
16,128,4,2048,202.244
16,128,4,4096,398.451
16,128,4,8192,398.398
16,128,8,16,36.15
16,128,8,32,36.1187
16,128,8,64,42.0913
16,128,8,128,48.7157
16,128,8,256,69.9853
16,128,8,512,117.101
16,128,8,1024,211.429
16,128,8,2048,399.325
16,128,8,4096,790.342
16,128,8,8192,790.94
16,128,16,16,44.673
16,128,16,32,45.121
16,128,16,64,58.145
16,128,16,128,70.0497
16,128,16,256,103.031
16,128,16,512,174.382
16,128,16,1024,315.09
16,128,16,2048,596.503
16,128,16,4096,1183.66
16,128,16,8192,1182.75
16,128,32,16,69.3777
16,128,32,32,69.8897
16,128,32,64,98.445
16,128,32,128,131.021
16,128,32,256,199.535
16,128,32,512,341.65
16,128,32,1024,623.427
16,128,32,2048,1187.01
16,128,32,4096,2362.51
16,128,32,8192,2363.07
16,128,64,16,111.298
16,128,64,32,112.216
16,128,64,64,181.561
16,128,64,128,257.435
16,128,64,256,406.345
16,128,64,512,704.613
16,128,64,1024,1291.76
16,128,64,2048,2464.54
16,128,64,4096,4917.38
16,128,64,8192,4921.44
16,128,128,16,204.997
16,128,128,32,211.578
16,128,128,64,353.895
16,128,128,128,503.435
16,128,128,256,789.254
16,128,128,512,1360.67
16,128,128,1024,2483.15
16,128,128,2048,4744.25
16,128,128,4096,9485.52
16,128,128,8192,9489.04
16,256,0,0,38.913
16,256,1,16,37.7503
16,256,1,32,37.7397
16,256,1,64,37.8037
16,256,1,128,37.7933
16,256,1,256,38.7847
16,256,1,512,61.1213
16,256,1,1024,108.034
16,256,1,2048,201.754
16,256,1,4096,397.022
16,256,1,8192,397.086
16,256,2,16,37.8243
16,256,2,32,37.8147
16,256,2,64,37.889
16,256,2,128,37.942
16,256,2,256,38.9343
16,256,2,512,61.2497
16,256,2,1024,108.28
16,256,2,2048,202.149
16,256,2,4096,398.302
16,256,2,8192,397.203
16,256,4,16,37.5157
16,256,4,32,37.6753
16,256,4,64,37.9533
16,256,4,128,37.6967
16,256,4,256,39.0943
16,256,4,512,61.1323
16,256,4,1024,108.259
16,256,4,2048,202.404
16,256,4,4096,398.547
16,256,4,8192,398.185
16,256,8,16,47.724
16,256,8,32,47.8523
16,256,8,64,54.0167
16,256,8,128,59.6917
16,256,8,256,72.215
16,256,8,512,117.123
16,256,8,1024,211.259
16,256,8,2048,399.443
16,256,8,4096,790.268
16,256,8,8192,789.062
16,256,16,16,55.9477
16,256,16,32,56.4707
16,256,16,64,68.3213
16,256,16,128,81.2813
16,256,16,256,105.655
16,256,16,512,173.529
16,256,16,1024,315.036
16,256,16,2048,596.439
16,256,16,4096,1184.41
16,256,16,8192,1183.19
16,256,32,16,80.7487
16,256,32,32,81.6123
16,256,32,64,109.901
16,256,32,128,141.198
16,256,32,256,201.785
16,256,32,512,341.458
16,256,32,1024,623.704
16,256,32,2048,1187.06
16,256,32,4096,2362.53
16,256,32,8192,2362.38
16,256,64,16,123.266
16,256,64,32,124.355
16,256,64,64,185.209
16,256,64,128,258.459
16,256,64,256,408.062
16,256,64,512,707.748
16,256,64,1024,1291.24
16,256,64,2048,2465.48
16,256,64,4096,4919.07
16,256,64,8192,4920.54
16,256,128,16,215.717
16,256,128,32,222.053
16,256,128,64,356.894
16,256,128,128,504.896
16,256,128,256,793.467
16,256,128,512,1363.98
16,256,128,1024,2483.1
16,256,128,2048,4744.91
16,256,128,4096,9481.97
16,256,128,8192,9482.22
16,512,0,0,62.4763
16,512,1,16,61.249
16,512,1,32,61.303
16,512,1,64,61.2383
16,512,1,128,61.143
16,512,1,256,61.196
16,512,1,512,62.2947
16,512,1,1024,108.141
16,512,1,2048,201.765
16,512,1,4096,397.001
16,512,1,8192,396.339
16,512,2,16,61.196
16,512,2,32,61.2917
16,512,2,64,61.4947
16,512,2,128,61.3347
16,512,2,256,61.3777
16,512,2,512,62.465
16,512,2,1024,108.279
16,512,2,2048,202.202
16,512,2,4096,398.067
16,512,2,8192,397.918
16,512,4,16,60.94
16,512,4,32,60.9397
16,512,4,64,61.207
16,512,4,128,61.0893
16,512,4,256,61.1853
16,512,4,512,62.625
16,512,4,1024,108.226
16,512,4,2048,202.256
16,512,4,4096,398.441
16,512,4,8192,398.078
16,512,8,16,70.8707
16,512,8,32,71.0413
16,512,8,64,77.1
16,512,8,128,82.914
16,512,8,256,94.861
16,512,8,512,119.373
16,512,8,1024,211.13
16,512,8,2048,399.273
16,512,8,4096,790.94
16,512,8,8192,790.331
16,512,16,16,79.3197
16,512,16,32,79.6927
16,512,16,64,91.5007
16,512,16,128,103.854
16,512,16,256,129.379
16,512,16,512,175.257
16,512,16,1024,315.089
16,512,16,2048,596.492
16,512,16,4096,1184.31
16,512,16,8192,1183.26
16,512,32,16,104.152
16,512,32,32,105.314
16,512,32,64,133.592
16,512,32,128,164.409
16,512,32,256,223.717
16,512,32,512,343.154
16,512,32,1024,623.362
16,512,32,2048,1187.5
16,512,32,4096,2363.55
16,512,32,8192,2362.67
16,512,64,16,153.294
16,512,64,32,154.916
16,512,64,64,209.231
16,512,64,128,273.745
16,512,64,256,410.132
16,512,64,512,707.194
16,512,64,1024,1291.09
16,512,64,2048,2467.27
16,512,64,4096,4917.5
16,512,64,8192,4915.55
16,512,128,16,239.952
16,512,128,32,246.48
16,512,128,64,371.891
16,512,128,128,507.392
16,512,128,256,799.217
16,512,128,512,1369.02
16,512,128,1024,2486.27
16,512,128,2048,4747.5
16,512,128,4096,9477.82
16,512,128,8192,9478.04
16,1024,0,0,109.378
16,1024,1,16,108.109
16,1024,1,32,108.013
16,1024,1,64,108.109
16,1024,1,128,108.13
16,1024,1,256,108.13
16,1024,1,512,108.258
16,1024,1,1024,109.25
16,1024,1,2048,201.946
16,1024,1,4096,397.043
16,1024,1,8192,395.976
16,1024,2,16,108.216
16,1024,2,32,108.184
16,1024,2,64,108.322
16,1024,2,128,108.173
16,1024,2,256,108.194
16,1024,2,512,108.376
16,1024,2,1024,109.4
16,1024,2,2048,202.426
16,1024,2,4096,398.323
16,1024,2,8192,397.907
16,1024,4,16,107.874
16,1024,4,32,107.906
16,1024,4,64,108.034
16,1024,4,128,108.002
16,1024,4,256,108.077
16,1024,4,512,108.087
16,1024,4,1024,109.741
16,1024,4,2048,202.66
16,1024,4,4096,398.771
16,1024,4,8192,398.291
16,1024,8,16,117.41
16,1024,8,32,117.56
16,1024,8,64,123.651
16,1024,8,128,129.496
16,1024,8,256,140.984
16,1024,8,512,165.113
16,1024,8,1024,213.583
16,1024,8,2048,399.603
16,1024,8,4096,791.046
16,1024,8,8192,790.523
16,1024,16,16,125.923
16,1024,16,32,126.2
16,1024,16,64,138.029
16,1024,16,128,150.211
16,1024,16,256,174.34
16,1024,16,512,223.514
16,1024,16,1024,316.443
16,1024,16,2048,596.578
16,1024,16,4096,1184.04
16,1024,16,8192,1183.62
16,1024,32,16,150.83
16,1024,32,32,151.513
16,1024,32,64,180.292
16,1024,32,128,211.375
16,1024,32,256,270.299
16,1024,32,512,388.702
16,1024,32,1024,624.024
16,1024,32,2048,1188.23
16,1024,32,4096,2364.78
16,1024,32,8192,2362.83
16,1024,64,16,200.442
16,1024,64,32,202.02
16,1024,64,64,269.243
16,1024,64,128,335.463
16,1024,64,256,452.532
16,1024,64,512,710.298
16,1024,64,1024,1290.02
16,1024,64,2048,2465.74
16,1024,64,4096,4914.85
16,1024,64,8192,4916.93
16,1024,128,16,294.288
16,1024,128,32,299.889
16,1024,128,64,424.414
16,1024,128,128,553.868
16,1024,128,256,811.153
16,1024,128,512,1393.66
16,1024,128,1024,2498.61
16,1024,128,2048,4750.17
16,1024,128,4096,9479.04
16,1024,128,8192,9466.29
16,2048,0,0,203.162
16,2048,1,16,201.892
16,2048,1,32,201.817
16,2048,1,64,201.956
16,2048,1,128,201.721
16,2048,1,256,201.978
16,2048,1,512,201.946
16,2048,1,1024,201.999
16,2048,1,2048,203.097
16,2048,1,4096,397.352
16,2048,1,8192,397.203
16,2048,2,16,201.807
16,2048,2,32,201.807
16,2048,2,64,201.946
16,2048,2,128,202.02
16,2048,2,256,201.999
16,2048,2,512,202.148
16,2048,2,1024,202.309
16,2048,2,2048,202.969
16,2048,2,4096,397.257
16,2048,2,8192,397.395
16,2048,4,16,201.764
16,2048,4,32,201.817
16,2048,4,64,201.775
16,2048,4,128,201.85
16,2048,4,256,201.977
16,2048,4,512,202.042
16,2048,4,1024,202.148
16,2048,4,2048,203.684
16,2048,4,4096,398.398
16,2048,4,8192,398.057
16,2048,8,16,210.436
16,2048,8,32,210.735
16,2048,8,64,216.933
16,2048,8,128,222.874
16,2048,8,256,234.65
16,2048,8,512,257.691
16,2048,8,1024,306.022
16,2048,8,2048,400.894
16,2048,8,4096,790.876
16,2048,8,8192,790.321
16,2048,16,16,218.608
16,2048,16,32,219.514
16,2048,16,64,231.002
16,2048,16,128,243.13
16,2048,16,256,266.949
16,2048,16,512,313.66
16,2048,16,1024,414.003
16,2048,16,2048,597.463
16,2048,16,4096,1184.07
16,2048,16,8192,1183.13
16,2048,32,16,243.504
16,2048,32,32,244.368
16,2048,32,64,272.869
16,2048,32,128,304.582
16,2048,32,256,363.602
16,2048,32,512,480.992
16,2048,32,1024,717.786
16,2048,32,2048,1188.15
16,2048,32,4096,2365.22
16,2048,32,8192,2362.15
16,2048,64,16,293.116
16,2048,64,32,294.95
16,2048,64,64,362.195
16,2048,64,128,431.785
16,2048,64,256,568.833
16,2048,64,512,803.313
16,2048,64,1024,1294.92
16,2048,64,2048,2462.93
16,2048,64,4096,4912.91
16,2048,64,8192,4917.17
16,2048,128,16,390.355
16,2048,128,32,399.049
16,2048,128,64,526.998
16,2048,128,128,661.177
16,2048,128,256,915.614
16,2048,128,512,1432.61
16,2048,128,1024,2533.04
16,2048,128,2048,4765.11
16,2048,128,4096,9482.9
16,2048,128,8192,9478.8
16,4096,0,0,398.675
16,4096,1,16,397.533
16,4096,1,32,397.437
16,4096,1,64,397.726
16,4096,1,128,397.277
16,4096,1,256,397.352
16,4096,1,512,397.342
16,4096,1,1024,397.342
16,4096,1,2048,396.989
16,4096,1,4096,398.291
16,4096,1,8192,398.323
16,4096,2,16,397.182
16,4096,2,32,397.331
16,4096,2,64,397.192
16,4096,2,128,396.894
16,4096,2,256,396.467
16,4096,2,512,396.894
16,4096,2,1024,396.243
16,4096,2,2048,396.894
16,4096,2,4096,398.067
16,4096,2,8192,398.249
16,4096,4,16,396.776
16,4096,4,32,396.925
16,4096,4,64,397.342
16,4096,4,128,397.47
16,4096,4,256,397.086
16,4096,4,512,397.161
16,4096,4,1024,397.384
16,4096,4,2048,398.92
16,4096,4,4096,399.006
16,4096,4,8192,398.451
16,4096,8,16,405.054
16,4096,8,32,405.192
16,4096,8,64,412.329
16,4096,8,128,416.009
16,4096,8,256,430.9
16,4096,8,512,453.375
16,4096,8,1024,502.528
16,4096,8,2048,599.191
16,4096,8,4096,792.07
16,4096,8,8192,790.662
16,4096,16,16,414.238
16,4096,16,32,413.683
16,4096,16,64,425.63
16,4096,16,128,437.439
16,4096,16,256,462.186
16,4096,16,512,511.147
16,4096,16,1024,606.978
16,4096,16,2048,803.537
16,4096,16,4096,1184.28
16,4096,16,8192,1183.2
16,4096,32,16,437.684
16,4096,32,32,437.95
16,4096,32,64,467.252
16,4096,32,128,498.453
16,4096,32,256,558.86
16,4096,32,512,680.622
16,4096,32,1024,918.846
16,4096,32,2048,1399.07
16,4096,32,4096,2361.83
16,4096,32,8192,2361.6
16,4096,64,16,486.528
16,4096,64,32,488.928
16,4096,64,64,554.678
16,4096,64,128,626.466
16,4096,64,256,768.101
16,4096,64,512,1044.66
16,4096,64,1024,1505.43
16,4096,64,2048,2523.89
16,4096,64,4096,4929.04
16,4096,64,8192,4911.84
16,4096,128,16,582.701
16,4096,128,32,593.121
16,4096,128,64,725.274
16,4096,128,128,864.509
16,4096,128,256,1137.73
16,4096,128,512,1651.62
16,4096,128,1024,2701.5
16,4096,128,2048,4878.67
16,4096,128,4096,9510.57
16,4096,128,8192,9503.71
16,8192,0,0,398.184
16,8192,1,16,396.765
16,8192,1,32,396.894
16,8192,1,64,396.83
16,8192,1,128,396.19
16,8192,1,256,396.723
16,8192,1,512,396.947
16,8192,1,1024,397.011
16,8192,1,2048,397.224
16,8192,1,4096,398.024
16,8192,1,8192,397.769
16,8192,2,16,395.347
16,8192,2,32,395.134
16,8192,2,64,397.46
16,8192,2,128,396.766
16,8192,2,256,396.798
16,8192,2,512,396.861
16,8192,2,1024,397.011
16,8192,2,2048,397.491
16,8192,2,4096,397.972
16,8192,2,8192,398.6
16,8192,4,16,396.702
16,8192,4,32,396.979
16,8192,4,64,396.798
16,8192,4,128,396.862
16,8192,4,256,396.318
16,8192,4,512,396.766
16,8192,4,1024,396.724
16,8192,4,2048,395.848
16,8192,4,4096,398.739
16,8192,4,8192,398.664
16,8192,8,16,405.289
16,8192,8,32,405.385
16,8192,8,64,411.156
16,8192,8,128,417.406
16,8192,8,256,428.958
16,8192,8,512,453.247
16,8192,8,1024,501.717
16,8192,8,2048,599.148
16,8192,8,4096,791.718
16,8192,8,8192,791.771
16,8192,16,16,413.577
16,8192,16,32,414.451
16,8192,16,64,425.62
16,8192,16,128,438.292
16,8192,16,256,462.282
16,8192,16,512,510.069
16,8192,16,1024,606.466
16,8192,16,2048,803.761
16,8192,16,4096,1183.92
16,8192,16,8192,1184.1
16,8192,32,16,437.086
16,8192,32,32,438.985
16,8192,32,64,467.999
16,8192,32,128,498.517
16,8192,32,256,558.956
16,8192,32,512,680.495
16,8192,32,1024,919.166
16,8192,32,2048,1399.86
16,8192,32,4096,2363.11
16,8192,32,8192,2362.2
16,8192,64,16,485.941
16,8192,64,32,488.202
16,8192,64,64,555.883
16,8192,64,128,626.018
16,8192,64,256,767.387
16,8192,64,512,1046.08
16,8192,64,1024,1508.83
16,8192,64,2048,2523.51
16,8192,64,4096,4922.26
16,8192,64,8192,4915.24
16,8192,128,16,582.721
16,8192,128,32,593.25
16,8192,128,64,725.316
16,8192,128,128,863.527
16,8192,128,256,1138.87
16,8192,128,512,1649.85
16,8192,128,1024,2702.81
16,8192,128,2048,4880.12
16,8192,128,4096,9517.7
16,8192,128,8192,9501.56
32,0,0,0,15.8297
32,0,1,16,15.7017
32,0,1,32,15.6913
32,0,1,64,19.926
32,0,1,128,25.953
32,0,1,256,37.611
32,0,1,512,61.1427
32,0,1,1024,108.066
32,0,1,2048,201.849
32,0,1,4096,397.385
32,0,1,8192,397.149
32,0,2,16,15.7227
32,0,2,32,15.883
32,0,2,64,20.0537
32,0,2,128,26.123
32,0,2,256,37.7497
32,0,2,512,61.185
32,0,2,1024,108.119
32,0,2,2048,202.02
32,0,2,4096,398.045
32,0,2,8192,397.534
32,0,4,16,15.9787
32,0,4,32,16.0433
32,0,4,64,20.043
32,0,4,128,26.1127
32,0,4,256,37.6967
32,0,4,512,61.2387
32,0,4,1024,108.301
32,0,4,2048,202.404
32,0,4,4096,398.312
32,0,4,8192,398.856
32,0,8,16,24.7897
32,0,8,32,24.8003
32,0,8,64,34.4223
32,0,8,128,46.604
32,0,8,256,70.05
32,0,8,512,116.877
32,0,8,1024,211.588
32,0,8,2048,399.198
32,0,8,4096,790.14
32,0,8,8192,790.224
32,0,16,16,33.4513
32,0,16,32,33.9737
32,0,16,64,49.0463
32,0,16,128,67.5957
32,0,16,256,103.181
32,0,16,512,174.425
32,0,16,1024,315.239
32,0,16,2048,596.333
32,0,16,4096,1183.32
32,0,16,8192,1182.51
32,0,32,16,57.9213
32,0,32,32,58.8277
32,0,32,64,90.914
32,0,32,128,128.365
32,0,32,256,200.068
32,0,32,512,341.276
32,0,32,1024,623.213
32,0,32,2048,1186.53
32,0,32,4096,2363.77
32,0,32,8192,2361.3
32,0,64,16,107.32
32,0,64,32,108.514
32,0,64,64,179.257
32,0,64,128,255.014
32,0,64,256,405.278
32,0,64,512,704.601
32,0,64,1024,1290.73
32,0,64,2048,2459.66
32,0,64,4096,4919.33
32,0,64,8192,4921.03
32,0,128,16,202.159
32,0,128,32,209.722
32,0,128,64,349.533
32,0,128,128,499.658
32,0,128,256,786.065
32,0,128,512,1357.59
32,0,128,1024,2480.14
32,0,128,2048,4748.56
32,0,128,4096,9476.69
32,0,128,8192,9483.99
32,16,0,0,15.9363
32,16,1,16,15.6803
32,16,1,32,15.6373
32,16,1,64,20.0003
32,16,1,128,26.027
32,16,1,256,37.6643
32,16,1,512,61.079
32,16,1,1024,108.056
32,16,1,2048,201.903
32,16,1,4096,396.734
32,16,1,8192,396.627
32,16,2,16,15.6697
32,16,2,32,15.8407
32,16,2,64,20.075
32,16,2,128,26.0707
32,16,2,256,37.7713
32,16,2,512,61.175
32,16,2,1024,108.194
32,16,2,2048,202.052
32,16,2,4096,398.205
32,16,2,8192,398.067
32,16,4,16,16.0427
32,16,4,32,16.1283
32,16,4,64,20.064
32,16,4,128,26.0163
32,16,4,256,37.718
32,16,4,512,61.1853
32,16,4,1024,108.205
32,16,4,2048,202.287
32,16,4,4096,398.675
32,16,4,8192,398.121
32,16,8,16,24.875
32,16,8,32,25.0883
32,16,8,64,34.2833
32,16,8,128,46.497
32,16,8,256,70.049
32,16,8,512,117.027
32,16,8,1024,211.386
32,16,8,2048,399.54
32,16,8,4096,790.993
32,16,8,8192,790.491
32,16,16,16,33.526
32,16,16,32,34.1027
32,16,16,64,48.9817
32,16,16,128,67.6487
32,16,16,256,102.85
32,16,16,512,174.585
32,16,16,1024,315.26
32,16,16,2048,596.29
32,16,16,4096,1183.79
32,16,16,8192,1183.58
32,16,32,16,58.2197
32,16,32,32,58.977
32,16,32,64,91.127
32,16,32,128,128.6
32,16,32,256,199.695
32,16,32,512,341.458
32,16,32,1024,622.68
32,16,32,2048,1186.8
32,16,32,4096,2362.55
32,16,32,8192,2361.38
32,16,64,16,107.458
32,16,64,32,108.535
32,16,64,64,178.969
32,16,64,128,256.251
32,16,64,256,405.556
32,16,64,512,704.409
32,16,64,1024,1291.62
32,16,64,2048,2462.71
32,16,64,4096,4916.9
32,16,64,8192,4918.39
32,16,128,16,202.319
32,16,128,32,209.263
32,16,128,64,349.927
32,16,128,128,499.328
32,16,128,256,785.489
32,16,128,512,1354.97
32,16,128,1024,2479.73
32,16,128,2048,4745.48
32,16,128,4096,9477.22
32,16,128,8192,9475.95
32,32,0,0,15.9787
32,32,1,16,15.712
32,32,1,32,15.6907
32,32,1,64,19.9687
32,32,1,128,25.9953
32,32,1,256,37.718
32,32,1,512,61.1317
32,32,1,1024,108.024
32,32,1,2048,201.935
32,32,1,4096,396.595
32,32,1,8192,397.118
32,32,2,16,15.9047
32,32,2,32,16.022
32,32,2,64,20.1283
32,32,2,128,26.102
32,32,2,256,37.7717
32,32,2,512,61.2597
32,32,2,1024,108.109
32,32,2,2048,202.137
32,32,2,4096,397.566
32,32,2,8192,396.499
32,32,4,16,16.107
32,32,4,32,16.075
32,32,4,64,20.0753
32,32,4,128,26.1127
32,32,4,256,37.761
32,32,4,512,61.2177
32,32,4,1024,108.269
32,32,4,2048,202.361
32,32,4,4096,398.323
32,32,4,8192,398.173
32,32,8,16,25.1097
32,32,8,32,25.2913
32,32,8,64,34.315
32,32,8,128,46.678
32,32,8,256,70.06
32,32,8,512,117.079
32,32,8,1024,211.226
32,32,8,2048,399.166
32,32,8,4096,790.556
32,32,8,8192,790.576
32,32,16,16,33.7077
32,32,16,32,34.156
32,32,16,64,49.0897
32,32,16,128,67.5533
32,32,16,256,103.085
32,32,16,512,174.467
32,32,16,1024,315.046
32,32,16,2048,596.844
32,32,16,4096,1183.95
32,32,16,8192,1182.81
32,32,32,16,58.3583
32,32,32,32,59.1373
32,32,32,64,91.3833
32,32,32,128,128.568
32,32,32,256,200.026
32,32,32,512,341.682
32,32,32,1024,623.288
32,32,32,2048,1186.73
32,32,32,4096,2362.16
32,32,32,8192,2362.31
32,32,64,16,107.256
32,32,64,32,108.514
32,32,64,64,179.62
32,32,64,128,255.344
32,32,64,256,405.598
32,32,64,512,704.164
32,32,64,1024,1290.99
32,32,64,2048,2467.34
32,32,64,4096,4915.46
32,32,64,8192,4912.23
32,32,128,16,202.394
32,32,128,32,209.785
32,32,128,64,349.618
32,32,128,128,498.837
32,32,128,256,786.395
32,32,128,512,1357.28
32,32,128,1024,2483
32,32,128,2048,4744.56
32,32,128,4096,9482.88
32,32,128,8192,9482.64
32,64,0,0,21.6757
32,64,1,16,20.5653
32,64,1,32,20.577
32,64,1,64,21.12
32,64,1,128,26.0167
32,64,1,256,37.6543
32,64,1,512,61.1957
32,64,1,1024,107.992
32,64,1,2048,201.882
32,64,1,4096,397.47
32,64,1,8192,397.662
32,64,2,16,20.694
32,64,2,32,20.662
32,64,2,64,21.163
32,64,2,128,26.0587
32,64,2,256,37.708
32,64,2,512,61.3023
32,64,2,1024,108.216
32,64,2,2048,201.925
32,64,2,4096,398.003
32,64,2,8192,397.758
32,64,4,16,20.4587
32,64,4,32,20.5333
32,64,4,64,21.4723
32,64,4,128,26.1337
32,64,4,256,37.7393
32,64,4,512,61.217
32,64,4,1024,108.215
32,64,4,2048,202.415
32,64,4,4096,398.771
32,64,4,8192,398.227
32,64,8,16,30.699
32,64,8,32,30.8703
32,64,8,64,36.5447
32,64,8,128,46.486
32,64,8,256,70.1133
32,64,8,512,116.931
32,64,8,1024,211.46
32,64,8,2048,399.571
32,64,8,4096,790.31
32,64,8,8192,790.214
32,64,16,16,39.3073
32,64,16,32,39.6697
32,64,16,64,51.8837
32,64,16,128,67.7343
32,64,16,256,102.935
32,64,16,512,174.499
32,64,16,1024,315.089
32,64,16,2048,596.738
32,64,16,4096,1184.08
32,64,16,8192,1184.46
32,64,32,16,64.119
32,64,32,32,64.3
32,64,32,64,92.8553
32,64,32,128,128.814
32,64,32,256,199.834
32,64,32,512,341.607
32,64,32,1024,623.522
32,64,32,2048,1187.3
32,64,32,4096,2363.7
32,64,32,8192,2362.65
32,64,64,16,107.351
32,64,64,32,108.461
32,64,64,64,181.412
32,64,64,128,256.026
32,64,64,256,405.662
32,64,64,512,705.124
32,64,64,1024,1288.88
32,64,64,2048,2462.58
32,64,64,4096,4915.27
32,64,64,8192,4919.91
32,64,128,16,202.746
32,64,128,32,209.903
32,64,128,64,352.071
32,64,128,128,501.429
32,64,128,256,787.163
32,64,128,512,1358.2
32,64,128,1024,2480.62
32,64,128,2048,4744.16
32,64,128,4096,9478.52
32,64,128,8192,9488.82
32,128,0,0,27.6487
32,128,1,16,26.6563
32,128,1,32,26.6563
32,128,1,64,26.6243
32,128,1,128,27.1153
32,128,1,256,37.633
32,128,1,512,61.1103
32,128,1,1024,108.12
32,128,1,2048,201.668
32,128,1,4096,396.446
32,128,1,8192,396.413
32,128,2,16,26.6563
32,128,2,32,26.667
32,128,2,64,26.8273
32,128,2,128,27.3073
32,128,2,256,37.793
32,128,2,512,61.2707
32,128,2,1024,108.365
32,128,2,2048,202.255
32,128,2,4096,398.174
32,128,2,8192,397.203
32,128,4,16,26.518
32,128,4,32,26.507
32,128,4,64,26.966
32,128,4,128,27.468
32,128,4,256,37.8143
32,128,4,512,61.1853
32,128,4,1024,108.525
32,128,4,2048,202.949
32,128,4,4096,398.558
32,128,4,8192,398.195
32,128,8,16,36.684
32,128,8,32,36.8757
32,128,8,64,42.7523
32,128,8,128,48.7583
32,128,8,256,69.9957
32,128,8,512,117.101
32,128,8,1024,211.557
32,128,8,2048,399.187
32,128,8,4096,791.248
32,128,8,8192,790.502
32,128,16,16,45.2177
32,128,16,32,45.526
32,128,16,64,58.625
32,128,16,128,70.1663
32,128,16,256,103.053
32,128,16,512,174.51
32,128,16,1024,315.111
32,128,16,2048,596.375
32,128,16,4096,1184.41
32,128,16,8192,1184.08
32,128,32,16,69.868
32,128,32,32,70.455
32,128,32,64,99.213
32,128,32,128,130.978
32,128,32,256,199.738
32,128,32,512,341.938
32,128,32,1024,623.48
32,128,32,2048,1187.5
32,128,32,4096,2363.9
32,128,32,8192,2362.44
32,128,64,16,112.109
32,128,64,32,112.834
32,128,64,64,181.273
32,128,64,128,257.658
32,128,64,256,405.95
32,128,64,512,705.273
32,128,64,1024,1291.11
32,128,64,2048,2463.58
32,128,64,4096,4913.93
32,128,64,8192,4917.68
32,128,128,16,206.329
32,128,128,32,212.324
32,128,128,64,353.33
32,128,128,128,502.891
32,128,128,256,790.95
32,128,128,512,1360.34
32,128,128,1024,2484.46
32,128,128,2048,4743.43
32,128,128,4096,9473.67
32,128,128,8192,9481.56
32,256,0,0,39.361
32,256,1,16,38.241
32,256,1,32,38.2833
32,256,1,64,38.3587
32,256,1,128,38.305
32,256,1,256,38.913
32,256,1,512,61.1107
32,256,1,1024,108.034
32,256,1,2048,201.881
32,256,1,4096,396.382
32,256,1,8192,397.075
32,256,2,16,38.2517
32,256,2,32,38.316
32,256,2,64,38.4437
32,256,2,128,38.465
32,256,2,256,38.817
32,256,2,512,61.239
32,256,2,1024,108.247
32,256,2,2048,202.49
32,256,2,4096,397.918
32,256,2,8192,398.078
32,256,4,16,38.134
32,256,4,32,38.1133
32,256,4,64,38.401
32,256,4,128,38.7847
32,256,4,256,39.233
32,256,4,512,61.196
32,256,4,1024,108.386
32,256,4,2048,202.543
32,256,4,4096,398.675
32,256,4,8192,398.387
32,256,8,16,48.4277
32,256,8,32,48.2993
32,256,8,64,54.2303
32,256,8,128,60.3747
32,256,8,256,72.129
32,256,8,512,117.101
32,256,8,1024,210.873
32,256,8,2048,399.368
32,256,8,4096,790.683
32,256,8,8192,789.489
32,256,16,16,56.8013
32,256,16,32,57.1423
32,256,16,64,68.7373
32,256,16,128,82.3483
32,256,16,256,105.474
32,256,16,512,173.551
32,256,16,1024,315.281
32,256,16,2048,596.504
32,256,16,4096,1184.29
32,256,16,8192,1183.18
32,256,32,16,81.602
32,256,32,32,82.1777
32,256,32,64,110.637
32,256,32,128,141.603
32,256,32,256,201.615
32,256,32,512,341.191
32,256,32,1024,623.853
32,256,32,2048,1187.21
32,256,32,4096,2365.18
32,256,32,8192,2362.2
32,256,64,16,123.714
32,256,64,32,124.781
32,256,64,64,185.071
32,256,64,128,258.331
32,256,64,256,408.798
32,256,64,512,707.578
32,256,64,1024,1291.77
32,256,64,2048,2461.34
32,256,64,4096,4910.06
32,256,64,8192,4911.73
32,256,128,16,216.335
32,256,128,32,221.722
32,256,128,64,356.456
32,256,128,128,505.078
32,256,128,256,793.51
32,256,128,512,1364
32,256,128,1024,2485.28
32,256,128,2048,4746.18
32,256,128,4096,9487.47
32,256,128,8192,9477.09
32,512,0,0,62.7533
32,512,1,16,61.644
32,512,1,32,61.7507
32,512,1,64,61.772
32,512,1,128,61.9527
32,512,1,256,61.9423
32,512,1,512,62.2947
32,512,1,1024,108.131
32,512,1,2048,201.913
32,512,1,4096,396.702
32,512,1,8192,396.851
32,512,2,16,61.7507
32,512,2,32,61.761
32,512,2,64,61.825
32,512,2,128,61.953
32,512,2,256,62.3163
32,512,2,512,62.3903
32,512,2,1024,108.29
32,512,2,2048,202.265
32,512,2,4096,398.099
32,512,2,8192,397.364
32,512,4,16,61.4947
32,512,4,32,61.5057
32,512,4,64,61.8997
32,512,4,128,62.0493
32,512,4,256,62.0917
32,512,4,512,62.786
32,512,4,1024,108.29
32,512,4,2048,202.693
32,512,4,4096,398.803
32,512,4,8192,398.173
32,512,8,16,71.4687
32,512,8,32,71.575
32,512,8,64,77.495
32,512,8,128,83.7457
32,512,8,256,95.3083
32,512,8,512,119.214
32,512,8,1024,210.916
32,512,8,2048,399.518
32,512,8,4096,790.886
32,512,8,8192,790.545
32,512,16,16,79.7777
32,512,16,32,80.3007
32,512,16,64,91.799
32,512,16,128,103.863
32,512,16,256,129.763
32,512,16,512,176.089
32,512,16,1024,314.951
32,512,16,2048,596.588
32,512,16,4096,1183.4
32,512,16,8192,1183.9
32,512,32,16,104.951
32,512,32,32,105.72
32,512,32,64,134.051
32,512,32,128,165.551
32,512,32,256,223.973
32,512,32,512,342.525
32,512,32,1024,623.32
32,512,32,2048,1187.06
32,512,32,4096,2363.74
32,512,32,8192,2363.39
32,512,64,16,153.987
32,512,64,32,155.033
32,512,64,64,210.65
32,512,64,128,274.491
32,512,64,256,410.014
32,512,64,512,707.95
32,512,64,1024,1290.38
32,512,64,2048,2464.44
32,512,64,4096,4913.22
32,512,64,8192,4915.97
32,512,128,16,240.325
32,512,128,32,247.397
32,512,128,64,371.378
32,512,128,128,507.423
32,512,128,256,800.049
32,512,128,512,1372.04
32,512,128,1024,2488.84
32,512,128,2048,4744.01
32,512,128,4096,9480.35
32,512,128,8192,9476.38
32,1024,0,0,109.549
32,1024,1,16,108.599
32,1024,1,32,108.632
32,1024,1,64,108.61
32,1024,1,128,108.845
32,1024,1,256,108.834
32,1024,1,512,108.877
32,1024,1,1024,109.197
32,1024,1,2048,201.828
32,1024,1,4096,396.958
32,1024,1,8192,397.064
32,1024,2,16,108.642
32,1024,2,32,108.695
32,1024,2,64,108.738
32,1024,2,128,108.781
32,1024,2,256,108.909
32,1024,2,512,108.973
32,1024,2,1024,109.25
32,1024,2,2048,201.988
32,1024,2,4096,397.971
32,1024,2,8192,397.384
32,1024,4,16,108.354
32,1024,4,32,108.258
32,1024,4,64,108.899
32,1024,4,128,109.027
32,1024,4,256,108.951
32,1024,4,512,109.378
32,1024,4,1024,109.73
32,1024,4,2048,202.639
32,1024,4,4096,398.537
32,1024,4,8192,397.928
32,1024,8,16,117.923
32,1024,8,32,117.901
32,1024,8,64,124.344
32,1024,8,128,130.296
32,1024,8,256,141.763
32,1024,8,512,165.55
32,1024,8,1024,213.359
32,1024,8,2048,399.891
32,1024,8,4096,791.014
32,1024,8,8192,790.501
32,1024,16,16,126.051
32,1024,16,32,126.798
32,1024,16,64,138.541
32,1024,16,128,150.318
32,1024,16,256,174.2
32,1024,16,512,224.741
32,1024,16,1024,317.009
32,1024,16,2048,596.898
32,1024,16,4096,1183.48
32,1024,16,8192,1183.79
32,1024,32,16,151.395
32,1024,32,32,152.28
32,1024,32,64,180.729
32,1024,32,128,212.207
32,1024,32,256,270.854
32,1024,32,512,389.256
32,1024,32,1024,624.728
32,1024,32,2048,1186.88
32,1024,32,4096,2363.45
32,1024,32,8192,2361.36
32,1024,64,16,201.039
32,1024,64,32,202.714
32,1024,64,64,269.232
32,1024,64,128,335.399
32,1024,64,256,453.674
32,1024,64,512,710.873
32,1024,64,1024,1288.91
32,1024,64,2048,2467.37
32,1024,64,4096,4915.6
32,1024,64,8192,4912.5
32,1024,128,16,294.94
32,1024,128,32,299.931
32,1024,128,64,424.201
32,1024,128,128,554.016
32,1024,128,256,810.62
32,1024,128,512,1394.91
32,1024,128,1024,2499.9
32,1024,128,2048,4754.75
32,1024,128,4096,9475.83
32,1024,128,8192,9473.79
32,2048,0,0,203.471
32,2048,1,16,202.457
32,2048,1,32,202.244
32,2048,1,64,202.532
32,2048,1,128,202.799
32,2048,1,256,202.639
32,2048,1,512,202.767
32,2048,1,1024,202.735
32,2048,1,2048,203.055
32,2048,1,4096,396.947
32,2048,1,8192,397.203
32,2048,2,16,202.522
32,2048,2,32,202.426
32,2048,2,64,202.522
32,2048,2,128,202.426
32,2048,2,256,202.66
32,2048,2,512,203.086
32,2048,2,1024,202.927
32,2048,2,2048,203.29
32,2048,2,4096,397.565
32,2048,2,8192,397.673
32,2048,4,16,202.073
32,2048,4,32,202.234
32,2048,4,64,202.756
32,2048,4,128,202.543
32,2048,4,256,202.639
32,2048,4,512,203.14
32,2048,4,1024,203.151
32,2048,4,2048,203.578
32,2048,4,4096,398.761
32,2048,4,8192,397.864
32,2048,8,16,211.205
32,2048,8,32,211.514
32,2048,8,64,217.861
32,2048,8,128,223.471
32,2048,8,256,235.066
32,2048,8,512,258.81
32,2048,8,1024,307.046
32,2048,8,2048,400.787
32,2048,8,4096,791.025
32,2048,8,8192,791.27
32,2048,16,16,219.696
32,2048,16,32,219.535
32,2048,16,64,231.365
32,2048,16,128,243.152
32,2048,16,256,267.76
32,2048,16,512,314.652
32,2048,16,1024,413.811
32,2048,16,2048,597.741
32,2048,16,4096,1185.19
32,2048,16,8192,1183.59
32,2048,32,16,244.207
32,2048,32,32,244.806
32,2048,32,64,274.363
32,2048,32,128,304.838
32,2048,32,256,364.104
32,2048,32,512,481.152
32,2048,32,1024,717.476
32,2048,32,2048,1188.06
32,2048,32,4096,2365.28
32,2048,32,8192,2363.32
32,2048,64,16,294.16
32,2048,64,32,295.153
32,2048,64,64,363.079
32,2048,64,128,432.756
32,2048,64,256,569.495
32,2048,64,512,806.502
32,2048,64,1024,1294.26
32,2048,64,2048,2464.37
32,2048,64,4096,4914.2
32,2048,64,8192,4910.94
32,2048,128,16,391.134
32,2048,128,32,400.104
32,2048,128,64,528.704
32,2048,128,128,659.981
32,2048,128,256,915.23
32,2048,128,512,1436.86
32,2048,128,1024,2534.25
32,2048,128,2048,4769.1
32,2048,128,4096,9479.2
32,2048,128,8192,9486.16
32,4096,0,0,399.272
32,4096,1,16,397.94
32,4096,1,32,397.598
32,4096,1,64,398.056
32,4096,1,128,397.352
32,4096,1,256,398.163
32,4096,1,512,397.342
32,4096,1,1024,398.131
32,4096,1,2048,397.693
32,4096,1,4096,398.195
32,4096,1,8192,398.664
32,4096,2,16,397.619
32,4096,2,32,397.598
32,4096,2,64,397.203
32,4096,2,128,397.097
32,4096,2,256,397.939
32,4096,2,512,398.088
32,4096,2,1024,398.632
32,4096,2,2048,398.206
32,4096,2,4096,398.803
32,4096,2,8192,398.814
32,4096,4,16,397.981
32,4096,4,32,397.769
32,4096,4,64,397.769
32,4096,4,128,397.843
32,4096,4,256,397.821
32,4096,4,512,398.002
32,4096,4,1024,397.673
32,4096,4,2048,398.141
32,4096,4,4096,399.027
32,4096,4,8192,398.814
32,4096,8,16,404.947
32,4096,8,32,406.045
32,4096,8,64,411.059
32,4096,8,128,417.267
32,4096,8,256,429.407
32,4096,8,512,454.303
32,4096,8,1024,503.285
32,4096,8,2048,599.757
32,4096,8,4096,791.888
32,4096,8,8192,791.43
32,4096,16,16,414.175
32,4096,16,32,415.101
32,4096,16,64,425.972
32,4096,16,128,438.473
32,4096,16,256,463.018
32,4096,16,512,510.442
32,4096,16,1024,607.863
32,4096,16,2048,803.74
32,4096,16,4096,1185.48
32,4096,16,8192,1184.08
32,4096,32,16,438.622
32,4096,32,32,438.708
32,4096,32,64,467.701
32,4096,32,128,499.947
32,4096,32,256,559.04
32,4096,32,512,681.465
32,4096,32,1024,919.219
32,4096,32,2048,1402.22
32,4096,32,4096,2364.72
32,4096,32,8192,2364.59
32,4096,64,16,487.093
32,4096,64,32,489.503
32,4096,64,64,554.774
32,4096,64,128,626.392
32,4096,64,256,768.335
32,4096,64,512,1047.86
32,4096,64,1024,1506.31
32,4096,64,2048,2525.9
32,4096,64,4096,4919.95
32,4096,64,8192,4919.27
32,4096,128,16,582.849
32,4096,128,32,593.089
32,4096,128,64,725.007
32,4096,128,128,865.756
32,4096,128,256,1139.99
32,4096,128,512,1654.19
32,4096,128,1024,2705.44
32,4096,128,2048,4871.15
32,4096,128,4096,9511.05
32,4096,128,8192,9517.54
32,8192,0,0,398.729
32,8192,1,16,397.449
32,8192,1,32,396.915
32,8192,1,64,396.52
32,8192,1,128,397.235
32,8192,1,256,397.043
32,8192,1,512,397.448
32,8192,1,1024,397.363
32,8192,1,2048,397.918
32,8192,1,4096,397.694
32,8192,1,8192,397.779
32,8192,2,16,397.043
32,8192,2,32,396.595
32,8192,2,64,396.99
32,8192,2,128,396.628
32,8192,2,256,397.502
32,8192,2,512,397.768
32,8192,2,1024,397.608
32,8192,2,2048,397.939
32,8192,2,4096,398.643
32,8192,2,8192,398.301
32,8192,4,16,396.392
32,8192,4,32,396.531
32,8192,4,64,397.086
32,8192,4,128,397.523
32,8192,4,256,397.267
32,8192,4,512,397.736
32,8192,4,1024,398.131
32,8192,4,2048,398.397
32,8192,4,4096,399.347
32,8192,4,8192,398.739
32,8192,8,16,405.726
32,8192,8,32,406.099
32,8192,8,64,411.976
32,8192,8,128,417.416
32,8192,8,256,430.345
32,8192,8,512,453.716
32,8192,8,1024,502.699
32,8192,8,2048,599.532
32,8192,8,4096,792.006
32,8192,8,8192,791.12
32,8192,16,16,413.95
32,8192,16,32,414.248
32,8192,16,64,425.491
32,8192,16,128,438.195
32,8192,16,256,462.762
32,8192,16,512,510.912
32,8192,16,1024,607.095
32,8192,16,2048,804.348
32,8192,16,4096,1184.6
32,8192,16,8192,1184.12
32,8192,32,16,437.652
32,8192,32,32,439.337
32,8192,32,64,467.263
32,8192,32,128,499.925
32,8192,32,256,560.065
32,8192,32,512,681.658
32,8192,32,1024,919.752
32,8192,32,2048,1400.96
32,8192,32,4096,2363.82
32,8192,32,8192,2361.53
32,8192,64,16,487.349
32,8192,64,32,488.959
32,8192,64,64,555.457
32,8192,64,128,626.359
32,8192,64,256,768.838
32,8192,64,512,1047.65
32,8192,64,1024,1508.22
32,8192,64,2048,2523.71
32,8192,64,4096,4919.13
32,8192,64,8192,4923.23
32,8192,128,16,583.073
32,8192,128,32,592.833
32,8192,128,64,725.903
32,8192,128,128,864.584
32,8192,128,256,1139.93
32,8192,128,512,1650.19
32,8192,128,1024,2702.08
32,8192,128,2048,4880.19
32,8192,128,4096,9516.85
32,8192,128,8192,9512.9
64,0,0,0,16.5333
64,0,1,16,15.8723
64,0,1,32,15.9583
64,0,1,64,20.032
64,0,1,128,26.0067
64,0,1,256,37.7077
64,0,1,512,61.132
64,0,1,1024,108.056
64,0,1,2048,201.903
64,0,1,4096,396.819
64,0,1,8192,396.84
64,0,2,16,16.043
64,0,2,32,16.4483
64,0,2,64,20.1707
64,0,2,128,26.1447
64,0,2,256,37.8353
64,0,2,512,61.3663
64,0,2,1024,108.215
64,0,2,2048,202.522
64,0,2,4096,398.12
64,0,2,8192,398.163
64,0,4,16,16.5123
64,0,4,32,16.641
64,0,4,64,20.352
64,0,4,128,26.2723
64,0,4,256,37.8887
64,0,4,512,61.409
64,0,4,1024,108.365
64,0,4,2048,202.543
64,0,4,4096,398.963
64,0,4,8192,398.12
64,0,8,16,25.9207
64,0,8,32,26.4437
64,0,8,64,34.9023
64,0,8,128,46.8487
64,0,8,256,70.3803
64,0,8,512,117.293
64,0,8,1024,211.578
64,0,8,2048,399.443
64,0,8,4096,790.501
64,0,8,8192,789.979
64,0,16,16,34.6457
64,0,16,32,35.041
64,0,16,64,49.462
64,0,16,128,68.0873
64,0,16,256,103.405
64,0,16,512,174.616
64,0,16,1024,315.175
64,0,16,2048,596.45
64,0,16,4096,1183.73
64,0,16,8192,1184.46
64,0,32,16,58.9557
64,0,32,32,59.841
64,0,32,64,91.5327
64,0,32,128,128.909
64,0,32,256,200.676
64,0,32,512,341.906
64,0,32,1024,623.149
64,0,32,2048,1187.25
64,0,32,4096,2362.41
64,0,32,8192,2362.67
64,0,64,16,107.266
64,0,64,32,108.557
64,0,64,64,179.599
64,0,64,128,255.632
64,0,64,256,406.067
64,0,64,512,704.857
64,0,64,1024,1289.87
64,0,64,2048,2461.06
64,0,64,4096,4914.12
64,0,64,8192,4915.27
64,0,128,16,203.14
64,0,128,32,210.148
64,0,128,64,350.034
64,0,128,128,499.167
64,0,128,256,786.032
64,0,128,512,1360.75
64,0,128,1024,2482.11
64,0,128,2048,4743.7
64,0,128,4096,9472.68
64,0,128,8192,9473.14
64,16,0,0,22.0693
64,16,1,16,21.0567
64,16,1,32,21.0567
64,16,1,64,21.462
64,16,1,128,26.059
64,16,1,256,37.7717
64,16,1,512,61.207
64,16,1,1024,108.056
64,16,1,2048,201.722
64,16,1,4096,396.595
64,16,1,8192,396.744
64,16,2,16,21.163
64,16,2,32,21.259
64,16,2,64,21.611
64,16,2,128,26.315
64,16,2,256,37.9097
64,16,2,512,61.452
64,16,2,1024,108.237
64,16,2,2048,202.265
64,16,2,4096,398.152
64,16,2,8192,397.993
64,16,4,16,20.864
64,16,4,32,21.088
64,16,4,64,21.8137
64,16,4,128,26.23
64,16,4,256,37.9097
64,16,4,512,61.26
64,16,4,1024,108.387
64,16,4,2048,202.522
64,16,4,4096,398.418
64,16,4,8192,398.504
64,16,8,16,30.9877
64,16,8,32,31.446
64,16,8,64,36.9077
64,16,8,128,46.71
64,16,8,256,70.2623
64,16,8,512,117.208
64,16,8,1024,211.492
64,16,8,2048,399.283
64,16,8,4096,789.937
64,16,8,8192,790.192
64,16,16,16,39.6273
64,16,16,32,39.9263
64,16,16,64,52.513
64,16,16,128,67.937
64,16,16,256,103.277
64,16,16,512,174.627
64,16,16,1024,315.302
64,16,16,2048,596.46
64,16,16,4096,1183.7
64,16,16,8192,1183.14
64,16,32,16,64.3963
64,16,32,32,64.8977
64,16,32,64,93.3883
64,16,32,128,128.856
64,16,32,256,199.961
64,16,32,512,341.841
64,16,32,1024,623.757
64,16,32,2048,1187.55
64,16,32,4096,2362.67
64,16,32,8192,2363.14
64,16,64,16,107.448
64,16,64,32,108.717
64,16,64,64,181.358
64,16,64,128,255.632
64,16,64,256,406.302
64,16,64,512,705.988
64,16,64,1024,1292.71
64,16,64,2048,2462.87
64,16,64,4096,4918.87
64,16,64,8192,4914.5
64,16,128,16,202.863
64,16,128,32,210.287
64,16,128,64,352.082
64,16,128,128,501.728
64,16,128,256,787.045
64,16,128,512,1360.41
64,16,128,1024,2484.79
64,16,128,2048,4744.4
64,16,128,4096,9485.37
64,16,128,8192,9485.93
64,32,0,0,22.3787
64,32,1,16,21.2163
64,32,1,32,21.1947
64,32,1,64,21.4513
64,32,1,128,26.1877
64,32,1,256,37.718
64,32,1,512,61.1853
64,32,1,1024,108.141
64,32,1,2048,201.828
64,32,1,4096,396.926
64,32,1,8192,396.499
64,32,2,16,21.4507
64,32,2,32,21.3657
64,32,2,64,21.5573
64,32,2,128,26.198
64,32,2,256,37.8887
64,32,2,512,61.3027
64,32,2,1024,108.333
64,32,2,2048,202.169
64,32,2,4096,398.313
64,32,2,8192,398.056
64,32,4,16,21.0987
64,32,4,32,21.195
64,32,4,64,21.8137
64,32,4,128,26.4647
64,32,4,256,37.9743
64,32,4,512,61.249
64,32,4,1024,108.322
64,32,4,2048,202.799
64,32,4,4096,398.323
64,32,4,8192,398.333
64,32,8,16,31.3287
64,32,8,32,31.7127
64,32,8,64,37.1737
64,32,8,128,46.6677
64,32,8,256,70.231
64,32,8,512,117.25
64,32,8,1024,211.545
64,32,8,2048,399.912
64,32,8,4096,790.384
64,32,8,8192,790.502
64,32,16,16,40.0007
64,32,16,32,40.1717
64,32,16,64,52.3207
64,32,16,128,67.873
64,32,16,256,103.277
64,32,16,512,174.713
64,32,16,1024,315.078
64,32,16,2048,596.364
64,32,16,4096,1183.95
64,32,16,8192,1182.81
64,32,32,16,64.609
64,32,32,32,65.1743
64,32,32,64,93.4207
64,32,32,128,129.091
64,32,32,256,200.154
64,32,32,512,342.044
64,32,32,1024,623.543
64,32,32,2048,1187.6
64,32,32,4096,2362.69
64,32,32,8192,2361.88
64,32,64,16,107.319
64,32,64,32,108.973
64,32,64,64,181.166
64,32,64,128,256.155
64,32,64,256,406.664
64,32,64,512,705.891
64,32,64,1024,1290.5
64,32,64,2048,2460.21
64,32,64,4096,4915.33
64,32,64,8192,4919.16
64,32,128,16,203.204
64,32,128,32,210.778
64,32,128,64,351.9
64,32,128,128,501.002
64,32,128,256,787.756
64,32,128,512,1359.05
64,32,128,1024,2481.29
64,32,128,2048,4748.71
64,32,128,4096,9481.18
64,32,128,8192,9480.54
64,64,0,0,22.539
64,64,1,16,21.483
64,64,1,32,21.4727
64,64,1,64,21.5257
64,64,1,128,26.0163
64,64,1,256,37.7073
64,64,1,512,61.1853
64,64,1,1024,108.205
64,64,1,2048,201.881
64,64,1,4096,397.105
64,64,1,8192,397.041
64,64,2,16,21.6433
64,64,2,32,21.59
64,64,2,64,21.7497
64,64,2,128,26.2293
64,64,2,256,37.8777
64,64,2,512,61.3563
64,64,2,1024,108.535
64,64,2,2048,202.179
64,64,2,4096,398.375
64,64,2,8192,397.649
64,64,4,16,21.3443
64,64,4,32,21.3977
64,64,4,64,21.7927
64,64,4,128,26.2827
64,64,4,256,38.0913
64,64,4,512,61.601
64,64,4,1024,108.343
64,64,4,2048,202.595
64,64,4,4096,398.854
64,64,4,8192,398.236
64,64,8,16,32.2243
64,64,8,32,32.0223
64,64,8,64,37.5573
64,64,8,128,46.7533
64,64,8,256,70.38
64,64,8,512,117.271
64,64,8,1024,211.502
64,64,8,2048,399.74
64,64,8,4096,790.754
64,64,8,8192,790.264
64,64,16,16,40.4053
64,64,16,32,40.7907
64,64,16,64,52.4277
64,64,16,128,67.969
64,64,16,256,103.063
64,64,16,512,174.979
64,64,16,1024,315.376
64,64,16,2048,596.479
64,64,16,4096,1184.85
64,64,16,8192,1183.37
64,64,32,16,64.7053
64,64,32,32,65.847
64,64,32,64,93.964
64,64,32,128,129.005
64,64,32,256,200.248
64,64,32,512,341.777
64,64,32,1024,623.733
64,64,32,2048,1187.88
64,64,32,4096,2363.56
64,64,32,8192,2362.51
64,64,64,16,107.383
64,64,64,32,108.918
64,64,64,64,181.037
64,64,64,128,256.676
64,64,64,256,406.641
64,64,64,512,704.961
64,64,64,1024,1291.71
64,64,64,2048,2464.89
64,64,64,4096,4917.53
64,64,64,8192,4918.85
64,64,128,16,203.47
64,64,128,32,210.809
64,64,128,64,351.611
64,64,128,128,500.896
64,64,128,256,788.685
64,64,128,512,1358.63
64,64,128,1024,2482.77
64,64,128,2048,4742.59
64,64,128,4096,9492.93
64,64,128,8192,9479.53
64,128,0,0,28.4803
64,128,1,16,27.488
64,128,1,32,27.435
64,128,1,64,27.531
64,128,1,128,27.52
64,128,1,256,37.75
64,128,1,512,61.132
64,128,1,1024,108.098
64,128,1,2048,201.753
64,128,1,4096,396.678
64,128,1,8192,396.508
64,128,2,16,27.5313
64,128,2,32,27.5843
64,128,2,64,27.5417
64,128,2,128,27.6163
64,128,2,256,37.9097
64,128,2,512,61.3773
64,128,2,1024,108.546
64,128,2,2048,202.243
64,128,2,4096,398.055
64,128,2,8192,397.693
64,128,4,16,27.275
64,128,4,32,27.3603
64,128,4,64,27.3707
64,128,4,128,27.7447
64,128,4,256,37.9953
64,128,4,512,61.4407
64,128,4,1024,108.385
64,128,4,2048,202.478
64,128,4,4096,398.737
64,128,4,8192,398.471
64,128,8,16,37.6213
64,128,8,32,38.1453
64,128,8,64,43.403
64,128,8,128,49.6223
64,128,8,256,70.476
64,128,8,512,117.388
64,128,8,1024,211.695
64,128,8,2048,399.697
64,128,8,4096,791
64,128,8,8192,790.135
64,128,16,16,46.4433
64,128,16,32,46.902
64,128,16,64,59.841
64,128,16,128,71.116
64,128,16,256,103.373
64,128,16,512,174.808
64,128,16,1024,315.323
64,128,16,2048,596.746
64,128,16,4096,1184.32
64,128,16,8192,1184.15
64,128,32,16,70.903
64,128,32,32,71.841
64,128,32,64,99.927
64,128,32,128,131.597
64,128,32,256,199.833
64,128,32,512,341.702
64,128,32,1024,624.117
64,128,32,2048,1187.23
64,128,32,4096,2363.63
64,128,32,8192,2362.88
64,128,64,16,112.471
64,128,64,32,114.05
64,128,64,64,181.881
64,128,64,128,257.295
64,128,64,256,406.854
64,128,64,512,706.391
64,128,64,1024,1291.55
64,128,64,2048,2464.39
64,128,64,4096,4918.53
64,128,64,8192,4907.8
64,128,128,16,207.225
64,128,128,32,212.484
64,128,128,64,354.172
64,128,128,128,502.686
64,128,128,256,790.755
64,128,128,512,1360.83
64,128,128,1024,2483.08
64,128,128,2048,4742.36
64,128,128,4096,9484.59
64,128,128,8192,9476.08
64,256,0,0,40.235
64,256,1,16,39.19
64,256,1,32,39.0947
64,256,1,64,39.179
64,256,1,128,39.126
64,256,1,256,39.147
64,256,1,512,61.174
64,256,1,1024,108.076
64,256,1,2048,201.752
64,256,1,4096,396.871
64,256,1,8192,396.882
64,256,2,16,39.2327
64,256,2,32,39.222
64,256,2,64,39.3397
64,256,2,128,39.2757
64,256,2,256,39.318
64,256,2,512,61.388
64,256,2,1024,108.343
64,256,2,2048,202.318
64,256,2,4096,398.471
64,256,2,8192,397.724
64,256,4,16,38.9873
64,256,4,32,38.987
64,256,4,64,38.9983
64,256,4,128,39.0303
64,256,4,256,39.553
64,256,4,512,61.526
64,256,4,1024,108.439
64,256,4,2048,202.414
64,256,4,4096,398.642
64,256,4,8192,398.588
64,256,8,16,49.3237
64,256,8,32,49.4837
64,256,8,64,55.0837
64,256,8,128,61.025
64,256,8,256,72.961
64,256,8,512,117.378
64,256,8,1024,211.182
64,256,8,2048,399.804
64,256,8,4096,790.627
64,256,8,8192,790.104
64,256,16,16,57.8463
64,256,16,32,58.3797
64,256,16,64,69.4943
64,256,16,128,82.9883
64,256,16,256,106.743
64,256,16,512,173.464
64,256,16,1024,315.579
64,256,16,2048,597.354
64,256,16,4096,1184.61
64,256,16,8192,1183.58
64,256,32,16,83.0733
64,256,32,32,83.6923
64,256,32,64,111.618
64,256,32,128,143.181
64,256,32,256,202.233
64,256,32,512,341.788
64,256,32,1024,624.117
64,256,32,2048,1187.4
64,256,32,4096,2364.25
64,256,32,8192,2363.24
64,256,64,16,124.983
64,256,64,32,126.231
64,256,64,64,186.488
64,256,64,128,258.095
64,256,64,256,408.434
64,256,64,512,709.964
64,256,64,1024,1292.54
64,256,64,2048,2466.37
64,256,64,4096,4917.25
64,256,64,8192,4909.81
64,256,128,16,217.657
64,256,128,32,223.641
64,256,128,64,356.39
64,256,128,128,504.926
64,256,128,256,794.734
64,256,128,512,1363.4
64,256,128,1024,2483.66
64,256,128,2048,4745.8
64,256,128,4096,9472.62
64,256,128,8192,9475.73
64,512,0,0,63.596
64,512,1,16,62.593
64,512,1,32,62.593
64,512,1,64,62.5613
64,512,1,128,62.5613
64,512,1,256,62.5713
64,512,1,512,62.6037
64,512,1,1024,108.151
64,512,1,2048,202.072
64,512,1,4096,396.444
64,512,1,8192,397.202
64,512,2,16,62.5823
64,512,2,32,62.6787
64,512,2,64,62.7213
64,512,2,128,62.6787
64,512,2,256,62.7103
64,512,2,512,62.753
64,512,2,1024,108.343
64,512,2,2048,202.211
64,512,2,4096,398.002
64,512,2,8192,398.3
64,512,4,16,62.3693
64,512,4,32,62.369
64,512,4,64,62.4863
64,512,4,128,62.892
64,512,4,256,62.8813
64,512,4,512,62.9877
64,512,4,1024,108.493
64,512,4,2048,202.714
64,512,4,4096,399.058
64,512,4,8192,398.727
64,512,8,16,72.5563
64,512,8,32,72.7053
64,512,8,64,78.391
64,512,8,128,84.3427
64,512,8,256,96.2577
64,512,8,512,120.066
64,512,8,1024,211.321
64,512,8,2048,400.21
64,512,8,4096,791.235
64,512,8,8192,790.563
64,512,16,16,81.2817
64,512,16,32,81.6653
64,512,16,64,92.898
64,512,16,128,105.356
64,512,16,256,130.669
64,512,16,512,176.707
64,512,16,1024,315.302
64,512,16,2048,596.512
64,512,16,4096,1184.33
64,512,16,8192,1183.51
64,512,32,16,106.199
64,512,32,32,107.383
64,512,32,64,135.171
64,512,32,128,166.542
64,512,32,256,224.793
64,512,32,512,343.42
64,512,32,1024,623.712
64,512,32,2048,1188.5
64,512,32,4096,2364.65
64,512,32,8192,2363.49
64,512,64,16,155.032
64,512,64,32,156.578
64,512,64,64,211.353
64,512,64,128,276.378
64,512,64,256,410.375
64,512,64,512,708.343
64,512,64,1024,1292.14
64,512,64,2048,2469.25
64,512,64,4096,4912.87
64,512,64,8192,4909.5
64,512,128,16,241.626
64,512,128,32,248.932
64,512,128,64,373.138
64,512,128,128,507.699
64,512,128,256,801.518
64,512,128,512,1372.56
64,512,128,1024,2485.72
64,512,128,2048,4746.17
64,512,128,4096,9478.26
64,512,128,8192,9475.41
64,1024,0,0,110.444
64,1024,1,16,109.357
64,1024,1,32,109.645
64,1024,1,64,109.474
64,1024,1,128,109.538
64,1024,1,256,109.411
64,1024,1,512,109.42
64,1024,1,1024,109.612
64,1024,1,2048,201.913
64,1024,1,4096,397.17
64,1024,1,8192,397.458
64,1024,2,16,109.388
64,1024,2,32,109.517
64,1024,2,64,109.58
64,1024,2,128,109.485
64,1024,2,256,109.623
64,1024,2,512,109.645
64,1024,2,1024,109.644
64,1024,2,2048,202.564
64,1024,2,4096,398.46
64,1024,2,8192,397.756
64,1024,4,16,109.271
64,1024,4,32,109.346
64,1024,4,64,109.538
64,1024,4,128,109.485
64,1024,4,256,109.517
64,1024,4,512,109.687
64,1024,4,1024,109.997
64,1024,4,2048,202.756
64,1024,4,4096,398.61
64,1024,4,8192,397.831
64,1024,8,16,118.828
64,1024,8,32,119.095
64,1024,8,64,124.845
64,1024,8,128,131.043
64,1024,8,256,142.488
64,1024,8,512,166.445
64,1024,8,1024,214.052
64,1024,8,2048,399.997
64,1024,8,4096,791.385
64,1024,8,8192,789.934
64,1024,16,16,127.629
64,1024,16,32,127.928
64,1024,16,64,139.512
64,1024,16,128,151.811
64,1024,16,256,175.779
64,1024,16,512,225.497
64,1024,16,1024,316.88
64,1024,16,2048,596.704
64,1024,16,4096,1184.16
64,1024,16,8192,1183.26
64,1024,32,16,152.696
64,1024,32,32,153.528
64,1024,32,64,181.966
64,1024,32,128,213.252
64,1024,32,256,272.581
64,1024,32,512,390.332
64,1024,32,1024,625.078
64,1024,32,2048,1188.85
64,1024,32,4096,2364.37
64,1024,32,8192,2363.57
64,1024,64,16,202.276
64,1024,64,32,203.193
64,1024,64,64,269.957
64,1024,64,128,336.773
64,1024,64,256,456.104
64,1024,64,512,710.584
64,1024,64,1024,1295.04
64,1024,64,2048,2465.49
64,1024,64,4096,4915.5
64,1024,64,8192,4913.83
64,1024,128,16,296.144
64,1024,128,32,301.658
64,1024,128,64,424.818
64,1024,128,128,555.743
64,1024,128,256,813.337
64,1024,128,512,1398.05
64,1024,128,1024,2501.99
64,1024,128,2048,4752.69
64,1024,128,4096,9473.05
64,1024,128,8192,9475.2
64,2048,0,0,204.27
64,2048,1,16,203.247
64,2048,1,32,203.386
64,2048,1,64,203.417
64,2048,1,128,203.172
64,2048,1,256,203.182
64,2048,1,512,203.215
64,2048,1,1024,203.225
64,2048,1,2048,203.406
64,2048,1,4096,396.508
64,2048,1,8192,397.394
64,2048,2,16,203.47
64,2048,2,32,203.321
64,2048,2,64,203.406
64,2048,2,128,203.396
64,2048,2,256,203.481
64,2048,2,512,203.13
64,2048,2,1024,203.427
64,2048,2,2048,203.47
64,2048,2,4096,397.586
64,2048,2,8192,397.5
64,2048,4,16,203.055
64,2048,4,32,203.139
64,2048,4,64,203.044
64,2048,4,128,203.342
64,2048,4,256,203.416
64,2048,4,512,203.705
64,2048,4,1024,203.662
64,2048,4,2048,203.951
64,2048,4,4096,398.706
64,2048,4,8192,398.343
64,2048,8,16,212.206
64,2048,8,32,212.281
64,2048,8,64,218.414
64,2048,8,128,223.983
64,2048,8,256,235.951
64,2048,8,512,259.791
64,2048,8,1024,307.632
64,2048,8,2048,401.778
64,2048,8,4096,790.606
64,2048,8,8192,790.104
64,2048,16,16,220.751
64,2048,16,32,220.985
64,2048,16,64,232.196
64,2048,16,128,244.484
64,2048,16,256,268.848
64,2048,16,512,315.312
64,2048,16,1024,413.671
64,2048,16,2048,598.229
64,2048,16,4096,1184.29
64,2048,16,8192,1184.33
64,2048,32,16,245.327
64,2048,32,32,246.245
64,2048,32,64,274.874
64,2048,32,128,306.267
64,2048,32,256,365.297
64,2048,32,512,482.942
64,2048,32,1024,718.552
64,2048,32,2048,1188.03
64,2048,32,4096,2364.27
64,2048,32,8192,2362.65
64,2048,64,16,295.387
64,2048,64,32,296.176
64,2048,64,64,363.622
64,2048,64,128,433.245
64,2048,64,256,571.957
64,2048,64,512,805.753
64,2048,64,1024,1296.54
64,2048,64,2048,2542.96
64,2048,64,4096,4914.65
64,2048,64,8192,4911.45
64,2048,128,16,392.754
64,2048,128,32,400.903
64,2048,128,64,527.86
64,2048,128,128,662.209
64,2048,128,256,917.286
64,2048,128,512,1436.54
64,2048,128,1024,2522.2
64,2048,128,2048,4765.38
64,2048,128,4096,9478.16
64,2048,128,8192,9473.02
64,4096,0,0,400.061
64,4096,1,16,398.652
64,4096,1,32,398.524
64,4096,1,64,398.653
64,4096,1,128,398.311
64,4096,1,256,397.884
64,4096,1,512,398.77
64,4096,1,1024,398.237
64,4096,1,2048,398.194
64,4096,1,4096,398.738
64,4096,1,8192,398.204
64,4096,2,16,398.45
64,4096,2,32,397.98
64,4096,2,64,398.621
64,4096,2,128,397.799
64,4096,2,256,397.543
64,4096,2,512,398.333
64,4096,2,1024,398.375
64,4096,2,2048,398.525
64,4096,2,4096,398.94
64,4096,2,8192,398.599
64,4096,4,16,398.183
64,4096,4,32,397.65
64,4096,4,64,398.226
64,4096,4,128,398.151
64,4096,4,256,398.3
64,4096,4,512,398.386
64,4096,4,1024,398.77
64,4096,4,2048,398.899
64,4096,4,4096,399.773
64,4096,4,8192,399.538
64,4096,8,16,407.197
64,4096,8,32,407.314
64,4096,8,64,411.783
64,4096,8,128,419.634
64,4096,8,256,429.949
64,4096,8,512,454.622
64,4096,8,1024,503.902
64,4096,8,2048,600.757
64,4096,8,4096,792.078
64,4096,8,8192,791.46
64,4096,16,16,416.232
64,4096,16,32,415.848
64,4096,16,64,426.973
64,4096,16,128,439.518
64,4096,16,256,463.293
64,4096,16,512,511.753
64,4096,16,1024,608.054
64,4096,16,2048,804.089
64,4096,16,4096,1185.64
64,4096,16,8192,1185.13
64,4096,32,16,439.09
64,4096,32,32,440.179
64,4096,32,64,468.723
64,4096,32,128,500.66
64,4096,32,256,560.896
64,4096,32,512,681.847
64,4096,32,1024,921.862
64,4096,32,2048,1403.11
64,4096,32,4096,2364.78
64,4096,32,8192,2364.29
64,4096,64,16,487.646
64,4096,64,32,489.833
64,4096,64,64,556.532
64,4096,64,128,627.564
64,4096,64,256,769.614
64,4096,64,512,1050.13
64,4096,64,1024,1507.63
64,4096,64,2048,2525.89
64,4096,64,4096,4922.35
64,4096,64,8192,4913.61
64,4096,128,16,584.906
64,4096,128,32,594.507
64,4096,128,64,725.037
64,4096,128,128,867.194
64,4096,128,256,1139.07
64,4096,128,512,1655.45
64,4096,128,1024,2702.61
64,4096,128,2048,4878.01
64,4096,128,4096,9514.79
64,4096,128,8192,9508.93
64,8192,0,0,399.634
64,8192,1,16,398.269
64,8192,1,32,397.245
64,8192,1,64,397.789
64,8192,1,128,397.959
64,8192,1,256,397.799
64,8192,1,512,397.863
64,8192,1,1024,398.055
64,8192,1,2048,398.215
64,8192,1,4096,399.271
64,8192,1,8192,398.418
64,8192,2,16,397.597
64,8192,2,32,397.362
64,8192,2,64,397.799
64,8192,2,128,397.917
64,8192,2,256,398.258
64,8192,2,512,398.076
64,8192,2,1024,398.034
64,8192,2,2048,398.461
64,8192,2,4096,399.207
64,8192,2,8192,398.556
64,8192,4,16,398.162
64,8192,4,32,397.565
64,8192,4,64,397.767
64,8192,4,128,398.184
64,8192,4,256,398.077
64,8192,4,512,398.332
64,8192,4,1024,398.215
64,8192,4,2048,398.408
64,8192,4,4096,399.314
64,8192,4,8192,399.399
64,8192,8,16,407.101
64,8192,8,32,407.175
64,8192,8,64,412.69
64,8192,8,128,418.717
64,8192,8,256,430.333
64,8192,8,512,454.728
64,8192,8,1024,503.903
64,8192,8,2048,600.683
64,8192,8,4096,792.74
64,8192,8,8192,791.855
64,8192,16,16,415.453
64,8192,16,32,414.642
64,8192,16,64,426.632
64,8192,16,128,439.187
64,8192,16,256,464.18
64,8192,16,512,511.871
64,8192,16,1024,608.416
64,8192,16,2048,804.281
64,8192,16,4096,1184.86
64,8192,16,8192,1184.11
64,8192,32,16,438.685
64,8192,32,32,440.339
64,8192,32,64,468.584
64,8192,32,128,500.777
64,8192,32,256,560.992
64,8192,32,512,682.007
64,8192,32,1024,920.347
64,8192,32,2048,1401.48
64,8192,32,4096,2361.81
64,8192,32,8192,2363.4
64,8192,64,16,487.87
64,8192,64,32,490.057
64,8192,64,64,557.162
64,8192,64,128,627.404
64,8192,64,256,769.529
64,8192,64,512,1048.09
64,8192,64,1024,1512.48
64,8192,64,2048,2524.09
64,8192,64,4096,4922.96
64,8192,64,8192,4910.71
64,8192,128,16,584.736
64,8192,128,32,594.688
64,8192,128,64,727.417
64,8192,128,128,867.962
64,8192,128,256,1138.59
64,8192,128,512,1653.17
64,8192,128,1024,2702.13
64,8192,128,2048,4878.01
64,8192,128,4096,9508.19
64,8192,128,8192,9504.29
128,0,0,0,21.7287
128,0,1,16,21.8247
128,0,1,32,21.8033
128,0,1,64,21.8453
128,0,1,128,26.5817
128,0,1,256,38.23
128,0,1,512,61.217
128,0,1,1024,108.162
128,0,1,2048,202.191
128,0,1,4096,396.967
128,0,1,8192,397.49
128,0,2,16,21.8773
128,0,2,32,21.9413
128,0,2,64,22.016
128,0,2,128,26.9337
128,0,2,256,38.7843
128,0,2,512,61.9847
128,0,2,1024,108.706
128,0,2,2048,202.628
128,0,2,4096,397.917
128,0,2,8192,397.383
128,0,4,16,24.4693
128,0,4,32,24.9067
128,0,4,64,32.4057
128,0,4,128,38.5397
128,0,4,256,50.6677
128,0,4,512,74.3267
128,0,4,1024,120.93
128,0,4,2048,215.097
128,0,4,4096,408.541
128,0,4,8192,409.971
128,0,8,16,32.726
128,0,8,32,32.9393
128,0,8,64,37.3017
128,0,8,128,48.449
128,0,8,256,71.586
128,0,8,512,118.573
128,0,8,1024,212.27
128,0,8,2048,399.922
128,0,8,4096,790.873
128,0,8,8192,790.564
128,0,16,16,47.9477
128,0,16,32,48.0757
128,0,16,64,62.977
128,0,16,128,82.4123
128,0,16,256,118.509
128,0,16,512,188.516
128,0,16,1024,328.262
128,0,16,2048,608.747
128,0,16,4096,1192.8
128,0,16,8192,1192.9
128,0,32,16,68.4603
128,0,32,32,68.993
128,0,32,64,98.3697
128,0,32,128,133.07
128,0,32,256,203.886
128,0,32,512,345.095
128,0,32,1024,626.347
128,0,32,2048,1191.94
128,0,32,4096,2367.51
128,0,32,8192,2368
128,0,64,16,115.031
128,0,64,32,116.557
128,0,64,64,186.788
128,0,64,128,263.408
128,0,64,256,410.642
128,0,64,512,701.816
128,0,64,1024,1290.62
128,0,64,2048,2464.31
128,0,64,4096,4923.47
128,0,64,8192,4923.02
128,0,128,16,218.575
128,0,128,32,224.932
128,0,128,64,366.706
128,0,128,128,514.826
128,0,128,256,797.018
128,0,128,512,1362.45
128,0,128,1024,2486.85
128,0,128,2048,4748.2
128,0,128,4096,9480.1
128,0,128,8192,9472.39
128,16,0,0,27.1473
128,16,1,16,27.296
128,16,1,32,27.3287
128,16,1,64,27.3613
128,16,1,128,27.35
128,16,1,256,37.9313
128,16,1,512,61.441
128,16,1,1024,107.874
128,16,1,2048,201.71
128,16,1,4096,397.042
128,16,1,8192,397.436
128,16,2,16,27.4357
128,16,2,32,27.3927
128,16,2,64,27.638
128,16,2,128,27.5737
128,16,2,256,39.0513
128,16,2,512,62.0917
128,16,2,1024,108.717
128,16,2,2048,202.468
128,16,2,4096,398.759
128,16,2,8192,398.055
128,16,4,16,29.3337
128,16,4,32,29.6547
128,16,4,64,35.8303
128,16,4,128,44.7587
128,16,4,256,56.7693
128,16,4,512,80.0343
128,16,4,1024,126.84
128,16,4,2048,221.06
128,16,4,4096,414.931
128,16,4,8192,416.232
128,16,8,16,38.2407
128,16,8,32,38.3257
128,16,8,64,44.3213
128,16,8,128,48.6837
128,16,8,256,71.2123
128,16,8,512,118.637
128,16,8,1024,211.843
128,16,8,2048,399.452
128,16,8,4096,790.553
128,16,8,8192,790.841
128,16,16,16,54.0063
128,16,16,32,54.7103
128,16,16,64,65.4843
128,16,16,128,87.1803
128,16,16,256,124.803
128,16,16,512,195.78
128,16,16,1024,334.748
128,16,16,2048,615.745
128,16,16,4096,1200.17
128,16,16,8192,1200.92
128,16,32,16,75.4897
128,16,32,32,76.0547
128,16,32,64,105.25
128,16,32,128,134.883
128,16,32,256,203.268
128,16,32,512,344.465
128,16,32,1024,626.561
128,16,32,2048,1191.68
128,16,32,4096,2369.42
128,16,32,8192,2368.94
128,16,64,16,122.413
128,16,64,32,123.384
128,16,64,64,189.006
128,16,64,128,264.635
128,16,64,256,411.73
128,16,64,512,703.885
128,16,64,1024,1292.06
128,16,64,2048,2470.6
128,16,64,4096,4924.81
128,16,64,8192,4931
128,16,128,16,220.218
128,16,128,32,226.671
128,16,128,64,369.5
128,16,128,128,516.127
128,16,128,256,800.441
128,16,128,512,1366.44
128,16,128,1024,2489.55
128,16,128,2048,4748.87
128,16,128,4096,9482.42
128,16,128,8192,9477.67
128,32,0,0,27.3177
128,32,1,16,27.5523
128,32,1,32,27.4997
128,32,1,64,27.5523
128,32,1,128,27.6803
128,32,1,256,38.0057
128,32,1,512,61.4733
128,32,1,1024,108.194
128,32,1,2048,201.955
128,32,1,4096,397.395
128,32,1,8192,397.671
128,32,2,16,27.5633
128,32,2,32,27.638
128,32,2,64,27.7657
128,32,2,128,27.745
128,32,2,256,38.87
128,32,2,512,62.423
128,32,2,1024,108.728
128,32,2,2048,202.617
128,32,2,4096,398.567
128,32,2,8192,398.248
128,32,4,16,29.515
128,32,4,32,29.6863
128,32,4,64,35.862
128,32,4,128,44.5343
128,32,4,256,56.7907
128,32,4,512,80.2253
128,32,4,1024,126.829
128,32,4,2048,221.017
128,32,4,4096,415.272
128,32,4,8192,415.911
128,32,8,16,38.3897
128,32,8,32,38.6353
128,32,8,64,44.1077
128,32,8,128,49.4517
128,32,8,256,71.382
128,32,8,512,118.498
128,32,8,1024,211.951
128,32,8,2048,399.912
128,32,8,4096,790.649
128,32,8,8192,790.746
128,32,16,16,54.252
128,32,16,32,54.454
128,32,16,64,65.7503
128,32,16,128,87.479
128,32,16,256,125.197
128,32,16,512,195.374
128,32,16,1024,336.166
128,32,16,2048,616.374
128,32,16,4096,1198.84
128,32,16,8192,1199.82
128,32,32,16,75.468
128,32,32,32,75.8417
128,32,32,64,104.876
128,32,32,128,135.181
128,32,32,256,203.129
128,32,32,512,344.614
128,32,32,1024,626.764
128,32,32,2048,1191.07
128,32,32,4096,2371.34
128,32,32,8192,2367.63
128,32,64,16,122.594
128,32,64,32,123.341
128,32,64,64,189.433
128,32,64,128,264.688
128,32,64,256,412.712
128,32,64,512,703.416
128,32,64,1024,1291.6
128,32,64,2048,2467.92
128,32,64,4096,4930.74
128,32,64,8192,4928.24
128,32,128,16,220.409
128,32,128,32,226.991
128,32,128,64,368.764
128,32,128,128,516.255
128,32,128,256,800.293
128,32,128,512,1366.37
128,32,128,1024,2490.85
128,32,128,2048,4748.49
128,32,128,4096,9482.22
128,32,128,8192,9477.9
128,64,0,0,27.499
128,64,1,16,27.6377
128,64,1,32,27.6377
128,64,1,64,27.6803
128,64,1,128,27.755
128,64,1,256,37.9957
128,64,1,512,61.324
128,64,1,1024,108.216
128,64,1,2048,202.148
128,64,1,4096,396.968
128,64,1,8192,397.746
128,64,2,16,27.8617
128,64,2,32,27.7973
128,64,2,64,27.936
128,64,2,128,27.8727
128,64,2,256,38.924
128,64,2,512,62.209
128,64,2,1024,108.812
128,64,2,2048,202.606
128,64,2,4096,398.397
128,64,2,8192,398.76
128,64,4,16,30.112
128,64,4,32,30.486
128,64,4,64,35.8407
128,64,4,128,44.4377
128,64,4,256,56.6947
128,64,4,512,80.2567
128,64,4,1024,126.669
128,64,4,2048,220.644
128,64,4,4096,415.816
128,64,4,8192,415.549
128,64,8,16,38.9233
128,64,8,32,39.1793
128,64,8,64,44.374
128,64,8,128,49.4837
128,64,8,256,71.5637
128,64,8,512,118.659
128,64,8,1024,212.153
128,64,8,2048,399.687
128,64,8,4096,790.67
128,64,8,8192,790.404
128,64,16,16,54.6887
128,64,16,32,54.561
128,64,16,64,66.625
128,64,16,128,87.2333
128,64,16,256,125.027
128,64,16,512,195.386
128,64,16,1024,335.462
128,64,16,2048,615.723
128,64,16,4096,1199.38
128,64,16,8192,1199.66
128,64,32,16,75.7243
128,64,32,32,76.471
128,64,32,64,105.709
128,64,32,128,135.341
128,64,32,256,203.322
128,64,32,512,345.052
128,64,32,1024,626.7
128,64,32,2048,1191.34
128,64,32,4096,2371.57
128,64,32,8192,2370.71
128,64,64,16,123.085
128,64,64,32,123.789
128,64,64,64,189.241
128,64,64,128,264.816
128,64,64,256,411.453
128,64,64,512,703.874
128,64,64,1024,1292.91
128,64,64,2048,2467.27
128,64,64,4096,4926.12
128,64,64,8192,4918.32
128,64,128,16,220.59
128,64,128,32,226.799
128,64,128,64,369.106
128,64,128,128,517.033
128,64,128,256,801.701
128,64,128,512,1365.91
128,64,128,1024,2490.83
128,64,128,2048,4748.03
128,64,128,4096,9479.39
128,64,128,8192,9478.3
128,128,0,0,33.2167
128,128,1,16,33.4087
128,128,1,32,33.5263
128,128,1,64,33.4727
128,128,1,128,33.4727
128,128,1,256,37.9847
128,128,1,512,61.3023
128,128,1,1024,108.237
128,128,1,2048,201.871
128,128,1,4096,396.988
128,128,1,8192,397.074
128,128,2,16,33.483
128,128,2,32,33.5257
128,128,2,64,33.7077
128,128,2,128,33.7287
128,128,2,256,38.8917
128,128,2,512,62.1557
128,128,2,1024,108.813
128,128,2,2048,202.287
128,128,2,4096,398.119
128,128,2,8192,398.204
128,128,4,16,35.8623
128,128,4,32,35.9477
128,128,4,64,36.012
128,128,4,128,48.0757
128,128,4,256,62.817
128,128,4,512,86.2633
128,128,4,1024,133.165
128,128,4,2048,227.076
128,128,4,4096,421.544
128,128,4,8192,421.747
128,128,8,16,44.5983
128,128,8,32,44.8223
128,128,8,64,50.369
128,128,8,128,56.3317
128,128,8,256,71.7987
128,128,8,512,118.551
128,128,8,1024,212.132
128,128,8,2048,399.954
128,128,8,4096,791.45
128,128,8,8192,790.725
128,128,16,16,61.0783
128,128,16,32,61.4947
128,128,16,64,77.292
128,128,16,128,89.0257
128,128,16,256,130.52
128,128,16,512,202.115
128,128,16,1024,341.681
128,128,16,2048,623.468
128,128,16,4096,1206.42
128,128,16,8192,1208.29
128,128,32,16,83.468
128,128,32,32,83.9373
128,128,32,64,109.335
128,128,32,128,142.946
128,128,32,256,204.1
128,128,32,512,345.265
128,128,32,1024,627.522
128,128,32,2048,1192.56
128,128,32,4096,2372.01
128,128,32,8192,2367.64
128,128,64,16,130.755
128,128,64,32,132.013
128,128,64,64,190.436
128,128,64,128,267.376
128,128,64,256,413.352
128,128,64,512,705.827
128,128,64,1024,1292.07
128,128,64,2048,2466.25
128,128,64,4096,4930.47
128,128,64,8192,4928.11
128,128,128,16,224.399
128,128,128,32,230.638
128,128,128,64,371.207
128,128,128,128,520.511
128,128,128,256,802.416
128,128,128,512,1372.94
128,128,128,1024,2491.38
128,128,128,2048,4751.18
128,128,128,4096,9479.82
128,128,128,8192,9476.21
128,256,0,0,44.8433
128,256,1,16,45.0037
128,256,1,32,44.982
128,256,1,64,45.0353
128,256,1,128,45.014
128,256,1,256,45.046
128,256,1,512,61.2917
128,256,1,1024,108.13
128,256,1,2048,201.881
128,256,1,4096,397.096
128,256,1,8192,397.256
128,256,2,16,45.0993
128,256,2,32,45.078
128,256,2,64,45.1637
128,256,2,128,45.2697
128,256,2,256,45.292
128,256,2,512,62.177
128,256,2,1024,108.781
128,256,2,2048,202.521
128,256,2,4096,398.194
128,256,2,8192,397.362
128,256,4,16,48.1183
128,256,4,32,47.3503
128,256,4,64,47.4357
128,256,4,128,48.3103
128,256,4,256,71.4893
128,256,4,512,98.0183
128,256,4,1024,144.397
128,256,4,2048,238.117
128,256,4,4096,434.205
128,256,4,8192,433.277
128,256,8,16,56.2357
128,256,8,32,56.5557
128,256,8,64,62.0597
128,256,8,128,68.086
128,256,8,256,79.3827
128,256,8,512,118.253
128,256,8,1024,212.1
128,256,8,2048,400.327
128,256,8,4096,791.482
128,256,8,8192,791.205
128,256,16,16,72.8223
128,256,16,32,73.1643
128,256,16,64,89.5377
128,256,16,128,106.626
128,256,16,256,136.216
128,256,16,512,213.561
128,256,16,1024,354.588
128,256,16,2048,635.82
128,256,16,4096,1219.14
128,256,16,8192,1219.69
128,256,32,16,98.1033
128,256,32,32,99.042
128,256,32,64,125.399
128,256,32,128,152.387
128,256,32,256,213.828
128,256,32,512,344.443
128,256,32,1024,627.329
128,256,32,2048,1191.39
128,256,32,4096,2371.18
128,256,32,8192,2368.79
128,256,64,16,144.334
128,256,64,32,146.072
128,256,64,64,208.783
128,256,64,128,269.882
128,256,64,256,414.248
128,256,64,512,711.171
128,256,64,1024,1293.1
128,256,64,2048,2467.12
128,256,64,4096,4924.28
128,256,64,8192,4923.12
128,256,128,16,239.386
128,256,128,32,245.626
128,256,128,64,374.524
128,256,128,128,522.015
128,256,128,256,807.61
128,256,128,512,1378.84
128,256,128,1024,2494.85
128,256,128,2048,4754.94
128,256,128,4096,9476.82
128,256,128,8192,9476.54
128,512,0,0,68.0123
128,512,1,16,68.14
128,512,1,32,68.2463
128,512,1,64,68.2257
128,512,1,128,68.322
128,512,1,256,68.3853
128,512,1,512,68.3743
128,512,1,1024,108.098
128,512,1,2048,201.956
128,512,1,4096,397.149
128,512,1,8192,396.786
128,512,2,16,68.3637
128,512,2,32,68.4063
128,512,2,64,68.4177
128,512,2,128,68.577
128,512,2,256,68.6953
128,512,2,512,68.7267
128,512,2,1024,109.421
128,512,2,2048,202.778
128,512,2,4096,398.749
128,512,2,8192,398.525
128,512,4,16,71.3613
128,512,4,32,71.628
128,512,4,64,70.721
128,512,4,128,71.0197
128,512,4,256,71.394
128,512,4,512,118.285
128,512,4,1024,168.196
128,512,4,2048,261.691
128,512,4,4096,457.406
128,512,4,8192,456.542
128,512,8,16,79.415
128,512,8,32,79.5323
128,512,8,64,85.0153
128,512,8,128,91.117
128,512,8,256,102.871
128,512,8,512,126.712
128,512,8,1024,212.665
128,512,8,2048,399.976
128,512,8,4096,791.589
128,512,8,8192,791.172
128,512,16,16,95.8203
128,512,16,32,96.4927
128,512,16,64,113.4
128,512,16,128,131.107
128,512,16,256,165.539
128,512,16,512,229.636
128,512,16,1024,379.527
128,512,16,2048,660.801
128,512,16,4096,1249.34
128,512,16,8192,1247.78
128,512,32,16,122.947
128,512,32,32,123.992
128,512,32,64,156.526
128,512,32,128,191.246
128,512,32,256,234.682
128,512,32,512,354.257
128,512,32,1024,626.327
128,512,32,2048,1191.94
128,512,32,4096,2374.51
128,512,32,8192,2368.71
128,512,64,16,173.571
128,512,64,32,175.715
128,512,64,64,236.687
128,512,64,128,302.886
128,512,64,256,426.59
128,512,64,512,710.744
128,512,64,1024,1290.01
128,512,64,2048,2465.05
128,512,64,4096,4919.28
128,512,64,8192,4923.85
128,512,128,16,270.363
128,512,128,32,276.294
128,512,128,64,398.6
128,512,128,128,529.418
128,512,128,256,814.437
128,512,128,512,1397.39
128,512,128,1024,2503.56
128,512,128,2048,4761.31
128,512,128,4096,9479.54
128,512,128,8192,9473.47
128,1024,0,0,114.423
128,1024,1,16,114.616
128,1024,1,32,114.551
128,1024,1,64,114.936
128,1024,1,128,114.904
128,1024,1,256,114.615
128,1024,1,512,114.755
128,1024,1,1024,115.213
128,1024,1,2048,201.839
128,1024,1,4096,397.192
128,1024,1,8192,397.565
128,1024,2,16,115.224
128,1024,2,32,115.255
128,1024,2,64,115.245
128,1024,2,128,115.213
128,1024,2,256,114.701
128,1024,2,512,114.787
128,1024,2,1024,115.149
128,1024,2,2048,202.596
128,1024,2,4096,397.682
128,1024,2,8192,397.448
128,1024,4,16,117.25
128,1024,4,32,117.08
128,1024,4,64,117.048
128,1024,4,128,117.442
128,1024,4,256,117.218
128,1024,4,512,118.231
128,1024,4,1024,211.876
128,1024,4,2048,309.958
128,1024,4,4096,509.12
128,1024,4,8192,508.394
128,1024,8,16,126.126
128,1024,8,32,126.072
128,1024,8,64,131.619
128,1024,8,128,137.613
128,1024,8,256,149.262
128,1024,8,512,173.518
128,1024,8,1024,219.983
128,1024,8,2048,400.317
128,1024,8,4096,791.439
128,1024,8,8192,791.301
128,1024,16,16,142.264
128,1024,16,32,142.616
128,1024,16,64,159.715
128,1024,16,128,177.849
128,1024,16,256,213.604
128,1024,16,512,281.83
128,1024,16,1024,418.28
128,1024,16,2048,707.491
128,1024,16,4096,1297.49
128,1024,16,8192,1296.15
128,1024,32,16,169.358
128,1024,32,32,170.872
128,1024,32,64,204.345
128,1024,32,128,241.359
128,1024,32,256,310.203
128,1024,32,512,399.325
128,1024,32,1024,635.031
128,1024,32,2048,1192.53
128,1024,32,4096,2373.09
128,1024,32,8192,2370.21
128,1024,64,16,224.836
128,1024,64,32,227.076
128,1024,64,64,295.312
128,1024,64,128,356.828
128,1024,64,256,486.965
128,1024,64,512,723.832
128,1024,64,1024,1296.53
128,1024,64,2048,2456.5
128,1024,64,4096,4919.21
128,1024,64,8192,4910.75
128,1024,128,16,327.932
128,1024,128,32,334.513
128,1024,128,64,459.273
128,1024,128,128,588.267
128,1024,128,256,841.701
128,1024,128,512,1403.12
128,1024,128,1024,2527.9
128,1024,128,2048,4763.19
128,1024,128,4096,9473.14
128,1024,128,8192,9465.33
128,2048,0,0,207.065
128,2048,1,16,207.631
128,2048,1,32,207.695
128,2048,1,64,207.727
128,2048,1,128,208.132
128,2048,1,256,208.314
128,2048,1,512,208.036
128,2048,1,1024,208.207
128,2048,1,2048,207.951
128,2048,1,4096,396.125
128,2048,1,8192,396.723
128,2048,2,16,208.26
128,2048,2,32,208.143
128,2048,2,64,208.463
128,2048,2,128,208.452
128,2048,2,256,208.281
128,2048,2,512,208.335
128,2048,2,1024,208.559
128,2048,2,2048,208.548
128,2048,2,4096,397.587
128,2048,2,8192,398.066
128,2048,4,16,209.956
128,2048,4,32,209.689
128,2048,4,64,209.796
128,2048,4,128,210.265
128,2048,4,256,210.436
128,2048,4,512,209.86
128,2048,4,1024,211.929
128,2048,4,2048,400.648
128,2048,4,4096,605.516
128,2048,4,8192,605.057
128,2048,8,16,218.98
128,2048,8,32,219.354
128,2048,8,64,224.388
128,2048,8,128,230.843
128,2048,8,256,242.139
128,2048,8,512,266.437
128,2048,8,1024,313.52
128,2048,8,2048,407.315
128,2048,8,4096,790.81
128,2048,8,8192,790.394
128,2048,16,16,235.247
128,2048,16,32,235.237
128,2048,16,64,252.773
128,2048,16,128,270.587
128,2048,16,256,306.086
128,2048,16,512,375.731
128,2048,16,1024,514.367
128,2048,16,2048,791.919
128,2048,16,4096,1391.88
128,2048,16,8192,1392.57
128,2048,32,16,262.32
128,2048,32,32,263.365
128,2048,32,64,297.382
128,2048,32,128,334.524
128,2048,32,256,405.458
128,2048,32,512,543.989
128,2048,32,1024,727.587
128,2048,32,2048,1196.49
128,2048,32,4096,2372.85
128,2048,32,8192,2371.7
128,2048,64,16,319.153
128,2048,64,32,320.177
128,2048,64,64,395.869
128,2048,64,128,467.732
128,2048,64,256,607.18
128,2048,64,512,846.896
128,2048,64,1024,1309.42
128,2048,64,2048,2457.68
128,2048,64,4096,4903.12
128,2048,64,8192,4905.9
128,2048,128,16,435.87
128,2048,128,32,442.75
128,2048,128,64,573.409
128,2048,128,128,705.059
128,2048,128,256,956.232
128,2048,128,512,1459.88
128,2048,128,1024,2572.89
128,2048,128,2048,4783.44
128,2048,128,4096,9469.71
128,2048,128,8192,9465.27
128,4096,0,0,399.005
128,4096,1,16,398.823
128,4096,1,32,398.632
128,4096,1,64,398.824
128,4096,1,128,398.674
128,4096,1,256,399.208
128,4096,1,512,398.834
128,4096,1,1024,398.568
128,4096,1,2048,398.28
128,4096,1,4096,398.749
128,4096,1,8192,399.261
128,4096,2,16,398.632
128,4096,2,32,399.069
128,4096,2,64,398.397
128,4096,2,128,398.525
128,4096,2,256,398.237
128,4096,2,512,398.802
128,4096,2,1024,398.653
128,4096,2,2048,399.208
128,4096,2,4096,399.144
128,4096,2,8192,398.824
128,4096,4,16,398.92
128,4096,4,32,399.123
128,4096,4,64,399.08
128,4096,4,128,399.411
128,4096,4,256,399.346
128,4096,4,512,399.88
128,4096,4,1024,399.623
128,4096,4,2048,408.36
128,4096,4,4096,790.266
128,4096,4,8192,790.052
128,4096,8,16,407.774
128,4096,8,32,408.211
128,4096,8,64,413.907
128,4096,8,128,419.56
128,4096,8,256,432.414
128,4096,8,512,456.948
128,4096,8,1024,504.704
128,4096,8,2048,601.366
128,4096,8,4096,791.887
128,4096,8,8192,791.418
128,4096,16,16,423.219
128,4096,16,32,424.403
128,4096,16,64,441.801
128,4096,16,128,460.201
128,4096,16,256,496.372
128,4096,16,512,568.065
128,4096,16,1024,712.419
128,4096,16,2048,996.041
128,4096,16,4096,1572.61
128,4096,16,8192,1573.3
128,4096,32,16,450.206
128,4096,32,32,451.871
128,4096,32,64,485.866
128,4096,32,128,524.085
128,4096,32,256,596.342
128,4096,32,512,741.946
128,4096,32,1024,1026.72
128,4096,32,2048,1409.41
128,4096,32,4096,2367.22
128,4096,32,8192,2365.16
128,4096,64,16,506.516
128,4096,64,32,509.183
128,4096,64,64,583.435
128,4096,64,128,660.023
128,4096,64,256,807.728
128,4096,64,512,1093.85
128,4096,64,1024,1582.29
128,4096,64,2048,2520.07
128,4096,64,4096,4890.8
128,4096,64,8192,4897.56
128,4096,128,16,623.884
128,4096,128,32,633.282
128,4096,128,64,782.202
128,4096,128,128,929.639
128,4096,128,256,1191.3
128,4096,128,512,1699.56
128,4096,128,1024,2707.24
128,4096,128,2048,4997.36
128,4096,128,4096,9495.97
128,4096,128,8192,9483.55
128,8192,0,0,398.589
128,8192,1,16,398.12
128,8192,1,32,398.397
128,8192,1,64,398.386
128,8192,1,128,398.419
128,8192,1,256,397.949
128,8192,1,512,398.354
128,8192,1,1024,397.96
128,8192,1,2048,397.949
128,8192,1,4096,398.653
128,8192,1,8192,398.482
128,8192,2,16,398.301
128,8192,2,32,397.949
128,8192,2,64,398.163
128,8192,2,128,397.459
128,8192,2,256,398.354
128,8192,2,512,398.408
128,8192,2,1024,398.248
128,8192,2,2048,399.101
128,8192,2,4096,399.442
128,8192,2,8192,399.442
128,8192,4,16,399.058
128,8192,4,32,398.578
128,8192,4,64,398.898
128,8192,4,128,399.197
128,8192,4,256,399.122
128,8192,4,512,399.421
128,8192,4,1024,399.208
128,8192,4,2048,407.901
128,8192,4,4096,790.459
128,8192,4,8192,790.074
128,8192,8,16,408.168
128,8192,8,32,408.414
128,8192,8,64,413.299
128,8192,8,128,419.56
128,8192,8,256,431.987
128,8192,8,512,456.617
128,8192,8,1024,504.223
128,8192,8,2048,600.514
128,8192,8,4096,792.549
128,8192,8,8192,792.464
128,8192,16,16,422.963
128,8192,16,32,424.093
128,8192,16,64,440.905
128,8192,16,128,459.38
128,8192,16,256,497.215
128,8192,16,512,568.022
128,8192,16,1024,711.097
128,8192,16,2048,996.211
128,8192,16,4096,1572.81
128,8192,16,8192,1573.74
128,8192,32,16,450.419
128,8192,32,32,452.222
128,8192,32,64,485.514
128,8192,32,128,524.075
128,8192,32,256,597.238
128,8192,32,512,740.217
128,8192,32,1024,1026.2
128,8192,32,2048,1409.37
128,8192,32,4096,2366.97
128,8192,32,8192,2366.81
128,8192,64,16,506.111
128,8192,64,32,508.586
128,8192,64,64,583.371
128,8192,64,128,661.016
128,8192,64,256,807.419
128,8192,64,512,1094.31
128,8192,64,1024,1581.52
128,8192,64,2048,2526.6
128,8192,64,4096,4897.15
128,8192,64,8192,4889.36
128,8192,128,16,624.588
128,8192,128,32,633.026
128,8192,128,64,781.914
128,8192,128,128,928.989
128,8192,128,256,1191.28
128,8192,128,512,1698.76
128,8192,128,1024,2697.67
128,8192,128,2048,4995.88
128,8192,128,4096,9494.12
128,8192,128,8192,9488.62
256,0,0,0,33.835
256,0,1,16,35.5317
256,0,1,32,35.4143
256,0,1,64,35.4673
256,0,1,128,35.1797
256,0,1,256,40.6297
256,0,1,512,63.5103
256,0,1,1024,109.677
256,0,1,2048,202.65
256,0,1,4096,397.266
256,0,1,8192,398.515
256,0,2,16,43.564
256,0,2,32,43.6487
256,0,2,64,45.0037
256,0,2,128,45.6227
256,0,2,256,50.4547
256,0,2,512,73.4737
256,0,2,1024,120.461
256,0,2,2048,212.985
256,0,2,4096,407.72
256,0,2,8192,406.92
256,0,4,16,44.961
256,0,4,32,45.259
256,0,4,64,49.025
256,0,4,128,54.017
256,0,4,256,65.356
256,0,4,512,88.727
256,0,4,1024,134.947
256,0,4,2048,228.069
256,0,4,4096,422.547
256,0,4,8192,422.845
256,0,8,16,53.5053
256,0,8,32,53.7077
256,0,8,64,61.3133
256,0,8,128,63.4783
256,0,8,256,83.3613
256,0,8,512,122.776
256,0,8,1024,214.329
256,0,8,2048,400.798
256,0,8,4096,792.4
256,0,8,8192,792.015
256,0,16,16,66.2947
256,0,16,32,67.0627
256,0,16,64,79.8947
256,0,16,128,96.7487
256,0,16,256,135.32
256,0,16,512,207.417
256,0,16,1024,346.428
256,0,16,2048,628.162
256,0,16,4096,1214.56
256,0,16,8192,1214.34
256,0,32,16,94.935
256,0,32,32,95.586
256,0,32,64,124.408
256,0,32,128,157.795
256,0,32,256,230.98
256,0,32,512,367.495
256,0,32,1024,650.082
256,0,32,2048,1217.29
256,0,32,4096,2393.92
256,0,32,8192,2404.08
256,0,64,16,147.502
256,0,64,32,149.485
256,0,64,64,211.321
256,0,64,128,286.501
256,0,64,256,429.566
256,0,64,512,719.182
256,0,64,1024,1300.42
256,0,64,2048,2475.58
256,0,64,4096,4929.69
256,0,64,8192,4926.69
256,0,128,16,254.8
256,0,128,32,261.542
256,0,128,64,401.683
256,0,128,128,548.01
256,0,128,256,828.901
256,0,128,512,1388.94
256,0,128,1024,2513.03
256,0,128,2048,4773.65
256,0,128,4096,9495.42
256,0,128,8192,9493.09
256,16,0,0,39.51
256,16,1,16,40.6513
256,16,1,32,40.7683
256,16,1,64,40.6297
256,16,1,128,40.5343
256,16,1,256,40.7153
256,16,1,512,63.0943
256,16,1,1024,109.74
256,16,1,2048,202.425
256,16,1,4096,397.213
256,16,1,8192,397.586
256,16,2,16,48.865
256,16,2,32,49.2917
256,16,2,64,54.5717
256,16,2,128,56.801
256,16,2,256,57.0893
256,16,2,512,80.1397
256,16,2,1024,126.52
256,16,2,2048,220.516
256,16,2,4096,414.515
256,16,2,8192,413.725
256,16,4,16,50.6033
256,16,4,32,50.401
256,16,4,64,55.9903
256,16,4,128,60.4707
256,16,4,256,69.612
256,16,4,512,94.9033
256,16,4,1024,141.229
256,16,4,2048,233.849
256,16,4,4096,428.147
256,16,4,8192,428.819
256,16,8,16,59.841
256,16,8,32,60.0863
256,16,8,64,69.665
256,16,8,128,75.287
256,16,8,256,90.8383
256,16,8,512,130.766
256,16,8,1024,214.756
256,16,8,2048,401.053
256,16,8,4096,791.877
256,16,8,8192,791.525
256,16,16,16,75.1803
256,16,16,32,75.3937
256,16,16,64,87.8847
256,16,16,128,103.49
256,16,16,256,137.198
256,16,16,512,215.674
256,16,16,1024,354.706
256,16,16,2048,635.511
256,16,16,4096,1222.86
256,16,16,8192,1222.17
256,16,32,16,103.117
256,16,32,32,103.789
256,16,32,64,133.143
256,16,32,128,163.406
256,16,32,256,237.647
256,16,32,512,374.012
256,16,32,1024,657.357
256,16,32,2048,1222.78
256,16,32,4096,2404.45
256,16,32,8192,2402.93
256,16,64,16,156.078
256,16,64,32,157.603
256,16,64,64,218.682
256,16,64,128,291.11
256,16,64,256,433.459
256,16,64,512,720.803
256,16,64,1024,1300.11
256,16,64,2048,2474.48
256,16,64,4096,4928.52
256,16,64,8192,4930.33
256,16,128,16,263.898
256,16,128,32,269.51
256,16,128,64,407.091
256,16,128,128,551.979
256,16,128,256,832.955
256,16,128,512,1394.56
256,16,128,1024,2517.23
256,16,128,2048,4774.19
256,16,128,4096,9494.07
256,16,128,8192,9493.31
256,32,0,0,39.51
256,32,1,16,41.1633
256,32,1,32,41.046
256,32,1,64,40.9713
256,32,1,128,41.0677
256,32,1,256,40.8437
256,32,1,512,63.5747
256,32,1,1024,109.613
256,32,1,2048,202.745
256,32,1,4096,397.64
256,32,1,8192,396.819
256,32,2,16,49.3023
256,32,2,32,49.2597
256,32,2,64,54.764
256,32,2,128,57.5273
256,32,2,256,57.3983
256,32,2,512,79.3933
256,32,2,1024,126.659
256,32,2,2048,220.516
256,32,2,4096,415.848
256,32,2,8192,413.832
256,32,4,16,50.561
256,32,4,32,50.817
256,32,4,64,56.3317
256,32,4,128,61.228
256,32,4,256,69.8043
256,32,4,512,94.9887
256,32,4,1024,141.805
256,32,4,2048,235.023
256,32,4,4096,429.929
256,32,4,8192,428.5
256,32,8,16,60.1503
256,32,8,32,60.3107
256,32,8,64,69.8143
256,32,8,128,75.3827
256,32,8,256,90.7433
256,32,8,512,131.619
256,32,8,1024,214.586
256,32,8,2048,401.277
256,32,8,4096,792.187
256,32,8,8192,792.656
256,32,16,16,75.9917
256,32,16,32,75.831
256,32,16,64,88.4387
256,32,16,128,103.65
256,32,16,256,137.144
256,32,16,512,215.492
256,32,16,1024,355.463
256,32,16,2048,634.999
256,32,16,4096,1220.8
256,32,16,8192,1222
256,32,32,16,103.501
256,32,32,32,104.034
256,32,32,64,133.198
256,32,32,128,163.534
256,32,32,256,236.655
256,32,32,512,374.087
256,32,32,1024,657.666
256,32,32,2048,1226.78
256,32,32,4096,2404.19
256,32,32,8192,2403.57
256,32,64,16,156.856
256,32,64,32,158.168
256,32,64,64,218.756
256,32,64,128,291.376
256,32,64,256,432.179
256,32,64,512,720.324
256,32,64,1024,1300.47
256,32,64,2048,2474.24
256,32,64,4096,4929.45
256,32,64,8192,4925.8
256,32,128,16,263.771
256,32,128,32,269.413
256,32,128,64,406.962
256,32,128,128,552.672
256,32,128,256,832.389
256,32,128,512,1393.56
256,32,128,1024,2514.56
256,32,128,2048,4773.49
256,32,128,4096,9494.76
256,32,128,8192,9495.69
256,64,0,0,40.129
256,64,1,16,41.3873
256,64,1,32,41.4943
256,64,1,64,41.3657
256,64,1,128,41.4093
256,64,1,256,41.27
256,64,1,512,63.745
256,64,1,1024,109.869
256,64,1,2048,202.852
256,64,1,4096,398.066
256,64,1,8192,398.291
256,64,2,16,49.5053
256,64,2,32,49.4943
256,64,2,64,55.1583
256,64,2,128,57.569
256,64,2,256,57.505
256,64,2,512,79.874
256,64,2,1024,126.541
256,64,2,2048,220.228
256,64,2,4096,413.299
256,64,2,8192,414.398
256,64,4,16,51.0093
256,64,4,32,51.3397
256,64,4,64,57.1743
256,64,4,128,61.153
256,64,4,256,69.5373
256,64,4,512,95.341
256,64,4,1024,141.379
256,64,4,2048,235.034
256,64,4,4096,430.782
256,64,4,8192,429.918
256,64,8,16,60.417
256,64,8,32,60.6627
256,64,8,64,70.0173
256,64,8,128,75.383
256,64,8,256,90.828
256,64,8,512,131.213
256,64,8,1024,214.799
256,64,8,2048,400.84
256,64,8,4096,792.613
256,64,8,8192,791.77
256,64,16,16,75.4467
256,64,16,32,75.6603
256,64,16,64,88.8127
256,64,16,128,103.906
256,64,16,256,137.219
256,64,16,512,215.524
256,64,16,1024,355.922
256,64,16,2048,637.901
256,64,16,4096,1223.31
256,64,16,8192,1222.81
256,64,32,16,103.597
256,64,32,32,104.727
256,64,32,64,133.464
256,64,32,128,163.332
256,64,32,256,237.615
256,64,32,512,373.415
256,64,32,1024,659.117
256,64,32,2048,1223.04
256,64,32,4096,2409.95
256,64,32,8192,2405.42
256,64,64,16,156.867
256,64,64,32,158.552
256,64,64,64,219.503
256,64,64,128,291.269
256,64,64,256,433.256
256,64,64,512,722.414
256,64,64,1024,1300
256,64,64,2048,2476.76
256,64,64,4096,4927.04
256,64,64,8192,4924.54
256,64,128,16,264.208
256,64,128,32,270.32
256,64,128,64,407.155
256,64,128,128,552.501
256,64,128,256,832.71
256,64,128,512,1395.46
256,64,128,1024,2516.47
256,64,128,2048,4772.41
256,64,128,4096,9497.59
256,64,128,8192,9488.61
256,128,0,0,45.633
256,128,1,16,46.977
256,128,1,32,47.0627
256,128,1,64,47.0733
256,128,1,128,47.0623
256,128,1,256,47.2117
256,128,1,512,63.8203
256,128,1,1024,110.349
256,128,1,2048,202.958
256,128,1,4096,398.142
256,128,1,8192,397.779
256,128,2,16,55.1477
256,128,2,32,55.3073
256,128,2,64,61.0783
256,128,2,128,66.9023
256,128,2,256,69.217
256,128,2,512,85.7617
256,128,2,1024,132.707
256,128,2,2048,226.202
256,128,2,4096,419.56
256,128,2,8192,419.667
256,128,4,16,57.089
256,128,4,32,57.2387
256,128,4,64,62.4973
256,128,4,128,68.289
256,128,4,256,77.5267
256,128,4,512,101.239
256,128,4,1024,147.203
256,128,4,2048,240.581
256,128,4,4096,435.092
256,128,4,8192,435.336
256,128,8,16,67.777
256,128,8,32,67.5427
256,128,8,64,76.8117
256,128,8,128,86.967
256,128,8,256,97.794
256,128,8,512,141.134
256,128,8,1024,215.749
256,128,8,2048,400.957
256,128,8,4096,792.667
256,128,8,8192,792.602
256,128,16,16,84.333
256,128,16,32,84.247
256,128,16,64,96.631
256,128,16,128,111.693
256,128,16,256,143.384
256,128,16,512,222.266
256,128,16,1024,361.309
256,128,16,2048,642.04
256,128,16,4096,1229.88
256,128,16,8192,1230.6
256,128,32,16,112.61
256,128,32,32,113.57
256,128,32,64,141.379
256,128,32,128,175.086
256,128,32,256,240.997
256,128,32,512,382.194
256,128,32,1024,662.541
256,128,32,2048,1229.56
256,128,32,4096,2412.49
256,128,32,8192,2405.16
256,128,64,16,166.051
256,128,64,32,167.299
256,128,64,64,229.285
256,128,64,128,296.699
256,128,64,256,437.747
256,128,64,512,724.75
256,128,64,1024,1300.58
256,128,64,2048,2474.94
256,128,64,4096,4928.09
256,128,64,8192,4927.18
256,128,128,16,274.011
256,128,128,32,279.717
256,128,128,64,410.643
256,128,128,128,556.224
256,128,128,256,836.528
256,128,128,512,1402.33
256,128,128,1024,2520.36
256,128,128,2048,4777.4
256,128,128,4096,9491.09
256,128,128,8192,9494.27
256,256,0,0,57.356
256,256,1,16,58.7213
256,256,1,32,58.6257
256,256,1,64,58.8383
256,256,1,128,58.817
256,256,1,256,58.8703
256,256,1,512,63.3187
256,256,1,1024,110.606
256,256,1,2048,203.129
256,256,1,4096,397.426
256,256,1,8192,398.12
256,256,2,16,66.8173
256,256,2,32,66.86
256,256,2,64,72.685
256,256,2,128,78.8063
256,256,2,256,90.508
256,256,2,512,98.2313
256,256,2,1024,144.312
256,256,2,2048,238.042
256,256,2,4096,431.358
256,256,2,8192,431.869
256,256,4,16,68.4063
256,256,4,32,69.121
256,256,4,64,74.5507
256,256,4,128,80.492
256,256,4,256,91.7887
256,256,4,512,112.514
256,256,4,1024,159.193
256,256,4,2048,252.474
256,256,4,4096,447.518
256,256,4,8192,447.902
256,256,8,16,79.0413
256,256,8,32,79.703
256,256,8,64,90.626
256,256,8,128,100.535
256,256,8,256,111.287
256,256,8,512,154.702
256,256,8,1024,218.479
256,256,8,2048,401.181
256,256,8,4096,792.09
256,256,8,8192,791.855
256,256,16,16,98.935
256,256,16,32,98.9567
256,256,16,64,115.255
256,256,16,128,126.701
256,256,16,256,158.691
256,256,16,512,229.156
256,256,16,1024,373.17
256,256,16,2048,655.213
256,256,16,4096,1243.43
256,256,16,8192,1243.58
256,256,32,16,129.176
256,256,32,32,130.307
256,256,32,64,159.321
256,256,32,128,190.147
256,256,32,256,248.4
256,256,32,512,396.03
256,256,32,1024,673.614
256,256,32,2048,1240.79
256,256,32,4096,2422.94
256,256,32,8192,2418
256,256,64,16,183.843
256,256,64,32,184.9
256,256,64,64,247.493
256,256,64,128,311.206
256,256,64,256,448.596
256,256,64,512,731.748
256,256,64,1024,1300.18
256,256,64,2048,2475.22
256,256,64,4096,4926.92
256,256,64,8192,4928.69
256,256,128,16,292.326
256,256,128,32,298.725
256,256,128,64,421.8
256,256,128,128,564.395
256,256,128,256,843.761
256,256,128,512,1412.13
256,256,128,1024,2528.26
256,256,128,2048,4784.09
256,256,128,4096,9500.06
256,256,128,8192,9493.22
256,512,0,0,81.2287
256,512,1,16,81.965
256,512,1,32,81.783
256,512,1,64,82.1353
256,512,1,128,82.071
256,512,1,256,81.943
256,512,1,512,81.9743
256,512,1,1024,109.965
256,512,1,2048,202.66
256,512,1,4096,396.904
256,512,1,8192,398.131
256,512,2,16,90.0177
256,512,2,32,90.2203
256,512,2,64,95.927
256,512,2,128,101.997
256,512,2,256,113.773
256,512,2,512,137.133
256,512,2,1024,166.958
256,512,2,2048,260.719
256,512,2,4096,456.468
256,512,2,8192,454.942
256,512,4,16,91.714
256,512,4,32,92.2363
256,512,4,64,97.9647
256,512,4,128,103.479
256,512,4,256,115.309
256,512,4,512,138.787
256,512,4,1024,182.574
256,512,4,2048,275.952
256,512,4,4096,470.719
256,512,4,8192,470.783
256,512,8,16,102.071
256,512,8,32,102.349
256,512,8,64,113.89
256,512,8,128,125.72
256,512,8,256,147.438
256,512,8,512,175.129
256,512,8,1024,260.037
256,512,8,2048,403.677
256,512,8,4096,793.285
256,512,8,8192,792.475
256,512,16,16,124.579
256,512,16,32,125.187
256,512,16,64,145.432
256,512,16,128,164.942
256,512,16,256,186.105
256,512,16,512,251.941
256,512,16,1024,398.941
256,512,16,2048,679.064
256,512,16,4096,1266.21
256,512,16,8192,1267.41
256,512,32,16,161.273
256,512,32,32,162.275
256,512,32,64,192.751
256,512,32,128,224.858
256,512,32,256,284.305
256,512,32,512,410.685
256,512,32,1024,700.451
256,512,32,2048,1265.14
256,512,32,4096,2450.27
256,512,32,8192,2442.94
256,512,64,16,217.69
256,512,64,32,219.098
256,512,64,64,282.971
256,512,64,128,348.54
256,512,64,256,468.137
256,512,64,512,751.289
256,512,64,1024,1303.88
256,512,64,2048,2470.69
256,512,64,4096,4925.65
256,512,64,8192,4920.4
256,512,128,16,328.529
256,512,128,32,334.887
256,512,128,64,459.55
256,512,128,128,588.652
256,512,128,256,858.129
256,512,128,512,1421.03
256,512,128,1024,2548.7
256,512,128,2048,4803.09
256,512,128,4096,9511.13
256,512,128,8192,9502.45
256,1024,0,0,127.277
256,1024,1,16,128.439
256,1024,1,32,128.344
256,1024,1,64,128.163
256,1024,1,128,128.472
256,1024,1,256,128.248
256,1024,1,512,128.515
256,1024,1,1024,128.205
256,1024,1,2048,203.097
256,1024,1,4096,397.863
256,1024,1,8192,398.312
256,1024,2,16,136.621
256,1024,2,32,136.706
256,1024,2,64,142.531
256,1024,2,128,148.696
256,1024,2,256,160.248
256,1024,2,512,183.812
256,1024,2,1024,230.329
256,1024,2,2048,308.753
256,1024,2,4096,504.384
256,1024,2,8192,505.087
256,1024,4,16,138.243
256,1024,4,32,138.424
256,1024,4,64,144.035
256,1024,4,128,150.062
256,1024,4,256,161.976
256,1024,4,512,185.316
256,1024,4,1024,231.759
256,1024,4,2048,321.532
256,1024,4,4096,519.04
256,1024,4,8192,518.911
256,1024,8,16,148.931
256,1024,8,32,148.888
256,1024,8,64,160.323
256,1024,8,128,171.993
256,1024,8,256,195.918
256,1024,8,512,240.559
256,1024,8,1024,316.54
256,1024,8,2048,445.694
256,1024,8,4096,791.632
256,1024,8,8192,791.365
256,1024,16,16,171.225
256,1024,16,32,171.694
256,1024,16,64,194.926
256,1024,16,128,219.193
256,1024,16,256,259.973
256,1024,16,512,302.044
256,1024,16,1024,438.697
256,1024,16,2048,726.532
256,1024,16,4096,1315.78
256,1024,16,8192,1315.98
256,1024,32,16,215.78
256,1024,32,32,216.079
256,1024,32,64,257.157
256,1024,32,128,290.694
256,1024,32,256,355.207
256,1024,32,512,472.436
256,1024,32,1024,740.324
256,1024,32,2048,1315.31
256,1024,32,4096,2501.11
256,1024,32,8192,2493.4
256,1024,64,16,283.739
256,1024,64,32,285.584
256,1024,64,64,351.548
256,1024,64,128,418.355
256,1024,64,256,542.784
256,1024,64,512,778.991
256,1024,64,1024,1321.98
256,1024,64,2048,2466.8
256,1024,64,4096,4910.52
256,1024,64,8192,4911.53
256,1024,128,16,398.184
256,1024,128,32,404.84
256,1024,128,64,532.971
256,1024,128,128,662.701
256,1024,128,256,908.616
256,1024,128,512,1457.91
256,1024,128,1024,2584.74
256,1024,128,2048,4841.33
256,1024,128,4096,9540.58
256,1024,128,8192,9543.28
256,2048,0,0,220.281
256,2048,1,16,220.943
256,2048,1,32,221.572
256,2048,1,64,221.348
256,2048,1,128,221.924
256,2048,1,256,221.839
256,2048,1,512,221.487
256,2048,1,1024,221.743
256,2048,1,2048,221.53
256,2048,1,4096,397.587
256,2048,1,8192,398.216
256,2048,2,16,229.477
256,2048,2,32,230.084
256,2048,2,64,236.666
256,2048,2,128,242.693
256,2048,2,256,253.167
256,2048,2,512,277.072
256,2048,2,1024,323.931
256,2048,2,2048,416.743
256,2048,2,4096,603.926
256,2048,2,8192,603.244
256,2048,4,16,231.268
256,2048,4,32,231.386
256,2048,4,64,237.381
256,2048,4,128,243.088
256,2048,4,256,255.002
256,2048,4,512,278.373
256,2048,4,1024,325.478
256,2048,4,2048,418.355
256,2048,4,4096,613.548
256,2048,4,8192,613.57
256,2048,8,16,241.861
256,2048,8,32,242.244
256,2048,8,64,253.861
256,2048,8,128,264.998
256,2048,8,256,288.496
256,2048,8,512,335.569
256,2048,8,1024,426.91
256,2048,8,2048,597.889
256,2048,8,4096,834.833
256,2048,8,8192,835.217
256,2048,16,16,263.909
256,2048,16,32,264.997
256,2048,16,64,288.272
256,2048,16,128,312.476
256,2048,16,256,358.93
256,2048,16,512,446.462
256,2048,16,1024,535.03
256,2048,16,2048,813.136
256,2048,16,4096,1410.33
256,2048,16,8192,1410.63
256,2048,32,16,308.262
256,2048,32,32,309.062
256,2048,32,64,361.841
256,2048,32,128,417.384
256,2048,32,256,489.247
256,2048,32,512,612.417
256,2048,32,1024,846.779
256,2048,32,2048,1399.93
256,2048,32,4096,2601.4
256,2048,32,8192,2595.13
256,2048,64,16,396.381
256,2048,64,32,398.451
256,2048,64,64,482.421
256,2048,64,128,551.445
256,2048,64,256,677.976
256,2048,64,512,925.255
256,2048,64,1024,1395.53
256,2048,64,2048,2485.48
256,2048,64,4096,4896.31
256,2048,64,8192,4891.2
256,2048,128,16,531.701
256,2048,128,32,537.259
256,2048,128,64,669.528
256,2048,128,128,803.141
256,2048,128,256,1054.45
256,2048,128,512,1551.41
256,2048,128,1024,2633.02
256,2048,128,2048,5004.37
256,2048,128,4096,9623.84
256,2048,128,8192,9620.64
256,4096,0,0,399.229
256,4096,1,16,399.379
256,4096,1,32,399.219
256,4096,1,64,399.101
256,4096,1,128,399.474
256,4096,1,256,399.571
256,4096,1,512,399.912
256,4096,1,1024,400.051
256,4096,1,2048,399.997
256,4096,1,4096,399.613
256,4096,1,8192,400.243
256,4096,2,16,406.803
256,4096,2,32,408.68
256,4096,2,64,413.949
256,4096,2,128,419.901
256,4096,2,256,430.771
256,4096,2,512,454.612
256,4096,2,1024,503.519
256,4096,2,2048,600.876
256,4096,2,4096,790.715
256,4096,2,8192,790.704
256,4096,4,16,409.341
256,4096,4,32,408.605
256,4096,4,64,415.304
256,4096,4,128,421.171
256,4096,4,256,433.417
256,4096,4,512,457.449
256,4096,4,1024,505.066
256,4096,4,2048,601.025
256,4096,4,4096,790.565
256,4096,4,8192,791.066
256,4096,8,16,419.539
256,4096,8,32,419.465
256,4096,8,64,430.6
256,4096,8,128,442.889
256,4096,8,256,466.196
256,4096,8,512,514.805
256,4096,8,1024,610.188
256,4096,8,2048,793.904
256,4096,8,4096,1182.86
256,4096,8,8192,1182.1
256,4096,16,16,441.737
256,4096,16,32,441.737
256,4096,16,64,466.569
256,4096,16,128,490.687
256,4096,16,256,538.219
256,4096,16,512,633.933
256,4096,16,1024,820.251
256,4096,16,2048,1002.57
256,4096,16,4096,1578.95
256,4096,16,8192,1578.09
256,4096,32,16,485.535
256,4096,32,32,486.207
256,4096,32,64,538.272
256,4096,32,128,595.83
256,4096,32,256,704.771
256,4096,32,512,862.716
256,4096,32,1024,1117.9
256,4096,32,2048,1611.87
256,4096,32,4096,2762
256,4096,32,8192,2760.73
256,4096,64,16,571.851
256,4096,64,32,576.236
256,4096,64,64,683.363
256,4096,64,128,793.391
256,4096,64,256,935.378
256,4096,64,512,1211.32
256,4096,64,1024,1696.85
256,4096,64,2048,2673.24
256,4096,64,4096,4934.29
256,4096,64,8192,4927.59
256,4096,128,16,755.684
256,4096,128,32,764.495
256,4096,128,64,919.197
256,4096,128,128,1057.27
256,4096,128,256,1323.72
256,4096,128,512,1833.98
256,4096,128,1024,2860.54
256,4096,128,2048,5055.84
256,4096,128,4096,9787.77
256,4096,128,8192,9779.99
256,8192,0,0,398.952
256,8192,1,16,399.528
256,8192,1,32,399.154
256,8192,1,64,399.272
256,8192,1,128,399.72
256,8192,1,256,398.834
256,8192,1,512,399.261
256,8192,1,1024,399.155
256,8192,1,2048,399.506
256,8192,1,4096,399.635
256,8192,1,8192,399.901
256,8192,2,16,407.698
256,8192,2,32,408.413
256,8192,2,64,412.915
256,8192,2,128,417.96
256,8192,2,256,431.187
256,8192,2,512,455.284
256,8192,2,1024,501.984
256,8192,2,2048,601.42
256,8192,2,4096,789.764
256,8192,2,8192,790.949
256,8192,4,16,408.755
256,8192,4,32,409.117
256,8192,4,64,414.249
256,8192,4,128,421.065
256,8192,4,256,432.681
256,8192,4,512,457.182
256,8192,4,1024,504.704
256,8192,4,2048,601.196
256,8192,4,4096,790.982
256,8192,4,8192,790.853
256,8192,8,16,418.28
256,8192,8,32,419.485
256,8192,8,64,430.505
256,8192,8,128,443.262
256,8192,8,256,466.985
256,8192,8,512,515.135
256,8192,8,1024,610.466
256,8192,8,2048,792.72
256,8192,8,4096,1183.48
256,8192,8,8192,1181.73
256,8192,16,16,441.257
256,8192,16,32,442.248
256,8192,16,64,465.79
256,8192,16,128,490.431
256,8192,16,256,537.802
256,8192,16,512,634.178
256,8192,16,1024,819.728
256,8192,16,2048,1001.79
256,8192,16,4096,1578.77
256,8192,16,8192,1578.03
256,8192,32,16,485.588
256,8192,32,32,486.677
256,8192,32,64,538.805
256,8192,32,128,595.83
256,8192,32,256,704.089
256,8192,32,512,862.556
256,8192,32,1024,1120.25
256,8192,32,2048,1611.86
256,8192,32,4096,2761.84
256,8192,32,8192,2760.33
256,8192,64,16,572.193
256,8192,64,32,576.321
256,8192,64,64,684.6
256,8192,64,128,793.574
256,8192,64,256,935.528
256,8192,64,512,1209.22
256,8192,64,1024,1698.68
256,8192,64,2048,2677.6
256,8192,64,4096,4926.89
256,8192,64,8192,4929.92
256,8192,128,16,757.274
256,8192,128,32,764.303
256,8192,128,64,919.581
256,8192,128,128,1057.43
256,8192,128,256,1324.25
256,8192,128,512,1834.52
256,8192,128,1024,2856.23
256,8192,128,2048,5048.61
256,8192,128,4096,9785.12
256,8192,128,8192,9772.5
512,0,0,0,82.9347
512,0,1,16,87.5537
512,0,1,32,87.1487
512,0,1,64,87.4043
512,0,1,128,89.3027
512,0,1,256,91.031
512,0,1,512,99.287
512,0,1,1024,144.856
512,0,1,2048,237.765
512,0,1,4096,432.67
512,0,1,8192,432.318
512,0,2,16,89.964
512,0,2,32,89.0473
512,0,2,64,92.343
512,0,2,128,93.9753
512,0,2,256,96.055
512,0,2,512,109.997
512,0,2,1024,155.875
512,0,2,2048,249.018
512,0,2,4096,443.945
512,0,2,8192,443.155
512,0,4,16,94.3057
512,0,4,32,94.306
512,0,4,64,98.2947
512,0,4,128,102.38
512,0,4,256,107.426
512,0,4,512,123.426
512,0,4,1024,191.716
512,0,4,2048,285.232
512,0,4,4096,480.084
512,0,4,8192,479.551
512,0,8,16,103.725
512,0,8,32,103.693
512,0,8,64,111.661
512,0,8,128,118.733
512,0,8,256,130.723
512,0,8,512,170.969
512,0,8,1024,258.085
512,0,8,2048,439.486
512,0,8,4096,829.605
512,0,8,8192,830.193
512,0,16,16,121.037
512,0,16,32,121.815
512,0,16,64,136.696
512,0,16,128,151.533
512,0,16,256,177.369
512,0,16,512,246.437
512,0,16,1024,414.429
512,0,16,2048,695.043
512,0,16,4096,1283.23
512,0,16,8192,1281.56
512,0,32,16,155.31
512,0,32,32,155.833
512,0,32,64,186.094
512,0,32,128,217.956
512,0,32,256,276.88
512,0,32,512,423.464
512,0,32,1024,710.755
512,0,32,2048,1281.27
512,0,32,4096,2493.46
512,0,32,8192,2486.43
512,0,64,16,222.436
512,0,64,32,223.183
512,0,64,64,285.243
512,0,64,128,350.278
512,0,64,256,488.383
512,0,64,512,768.367
512,0,64,1024,1336.02
512,0,64,2048,2494.15
512,0,64,4096,4940.38
512,0,64,8192,4943.05
512,0,128,16,352.54
512,0,128,32,359.528
512,0,128,64,486.015
512,0,128,128,631.884
512,0,128,256,906.088
512,0,128,512,1466.33
512,0,128,1024,2577.95
512,0,128,2048,4829.57
512,0,128,4096,9542.71
512,0,128,8192,9536.74
512,16,0,0,98.7863
512,16,1,16,98.509
512,16,1,32,99.0743
512,16,1,64,98.935
512,16,1,128,100.439
512,16,1,256,100.044
512,16,1,512,105.815
512,16,1,1024,151.416
512,16,1,2048,244.986
512,16,1,4096,438.878
512,16,1,8192,438.43
512,16,2,16,101.57
512,16,2,32,101.41
512,16,2,64,103.949
512,16,2,128,106.37
512,16,2,256,109.143
512,16,2,512,117.303
512,16,2,1024,163.982
512,16,2,2048,257.136
512,16,2,4096,451.636
512,16,2,8192,451.145
512,16,4,16,106.285
512,16,4,32,105.923
512,16,4,64,110.712
512,16,4,128,112.695
512,16,4,256,119.63
512,16,4,512,129.656
512,16,4,1024,205.594
512,16,4,2048,298.481
512,16,4,4096,494.036
512,16,4,8192,493.439
512,16,8,16,115.533
512,16,8,32,115.896
512,16,8,64,122.573
512,16,8,128,130.253
512,16,8,256,142.85
512,16,8,512,176.398
512,16,8,1024,267.183
512,16,8,2048,446.739
512,16,8,4096,836.732
512,16,8,8192,836.454
512,16,16,16,131.95
512,16,16,32,132.867
512,16,16,64,147.96
512,16,16,128,162.638
512,16,16,256,192.046
512,16,16,512,255.504
512,16,16,1024,423.454
512,16,16,2048,708.088
512,16,16,4096,1297.58
512,16,16,8192,1296.77
512,16,32,16,166.788
512,16,32,32,167.386
512,16,32,64,197.711
512,16,32,128,229.829
512,16,32,256,286.971
512,16,32,512,430.377
512,16,32,1024,725.582
512,16,32,2048,1290.56
512,16,32,4096,2502.93
512,16,32,8192,2495.24
512,16,64,16,234.298
512,16,64,32,235.652
512,16,64,64,298.075
512,16,64,128,362.343
512,16,64,256,496.01
512,16,64,512,776.421
512,16,64,1024,1341.32
512,16,64,2048,2491.19
512,16,64,4096,4938.11
512,16,64,8192,4938.27
512,16,128,16,365.191
512,16,128,32,372.274
512,16,128,64,496.65
512,16,128,128,640.183
512,16,128,256,914.034
512,16,128,512,1472.85
512,16,128,1024,2587.07
512,16,128,2048,4838.96
512,16,128,4096,9544.32
512,16,128,8192,9539.58
512,32,0,0,98.775
512,32,1,16,99.5753
512,32,1,32,99.0423
512,32,1,64,100.162
512,32,1,128,101.154
512,32,1,256,100.844
512,32,1,512,106.242
512,32,1,1024,151.022
512,32,1,2048,244.624
512,32,1,4096,438.249
512,32,1,8192,437.811
512,32,2,16,101.911
512,32,2,32,102.381
512,32,2,64,104.45
512,32,2,128,105.868
512,32,2,256,109.272
512,32,2,512,117.549
512,32,2,1024,164.046
512,32,2,2048,257.221
512,32,2,4096,453.043
512,32,2,8192,451.657
512,32,4,16,106.551
512,32,4,32,106.722
512,32,4,64,110.711
512,32,4,128,112.909
512,32,4,256,119.906
512,32,4,512,129.56
512,32,4,1024,206.009
512,32,4,2048,298.086
512,32,4,4096,494.015
512,32,4,8192,493.023
512,32,8,16,116.376
512,32,8,32,115.342
512,32,8,64,122.723
512,32,8,128,131.086
512,32,8,256,143.181
512,32,8,512,176.985
512,32,8,1024,266.448
512,32,8,2048,446.921
512,32,8,4096,835.792
512,32,8,8192,836.379
512,32,16,16,133.07
512,32,16,32,132.835
512,32,16,64,148.238
512,32,16,128,163.481
512,32,16,256,192.217
512,32,16,512,255.215
512,32,16,1024,424.201
512,32,16,2048,707.545
512,32,16,4096,1297.07
512,32,16,8192,1297.73
512,32,32,16,166.884
512,32,32,32,167.342
512,32,32,64,197.731
512,32,32,128,230.415
512,32,32,256,287.355
512,32,32,512,429.289
512,32,32,1024,726.799
512,32,32,2048,1288.76
512,32,32,4096,2501.66
512,32,32,8192,2496.54
512,32,64,16,234.286
512,32,64,32,235.343
512,32,64,64,298.844
512,32,64,128,363.089
512,32,64,256,496.522
512,32,64,512,775.045
512,32,64,1024,1340.62
512,32,64,2048,2490.44
512,32,64,4096,4941.64
512,32,64,8192,4940.45
512,32,128,16,365.586
512,32,128,32,372.402
512,32,128,64,497.365
512,32,128,128,640.888
512,32,128,256,914.45
512,32,128,512,1473.28
512,32,128,1024,2586
512,32,128,2048,4837.64
512,32,128,4096,9543.89
512,32,128,8192,9535.72
512,64,0,0,99.5543
512,64,1,16,99.5217
512,64,1,32,99.4477
512,64,1,64,99.7783
512,64,1,128,101.335
512,64,1,256,101.389
512,64,1,512,106.189
512,64,1,1024,151.939
512,64,1,2048,244.378
512,64,1,4096,439.07
512,64,1,8192,438.388
512,64,2,16,102.232
512,64,2,32,102.167
512,64,2,64,104.301
512,64,2,128,105.858
512,64,2,256,109.208
512,64,2,512,117.613
512,64,2,1024,164.334
512,64,2,2048,257.221
512,64,2,4096,452.255
512,64,2,8192,451.678
512,64,4,16,106.669
512,64,4,32,106.487
512,64,4,64,110.733
512,64,4,128,112.877
512,64,4,256,120.077
512,64,4,512,129.635
512,64,4,1024,206.062
512,64,4,2048,298.907
512,64,4,4096,494.421
512,64,4,8192,493.482
512,64,8,16,115.618
512,64,8,32,116.034
512,64,8,64,123.042
512,64,8,128,130.786
512,64,8,256,143.949
512,64,8,512,176.771
512,64,8,1024,266.981
512,64,8,2048,447.721
512,64,8,4096,837.03
512,64,8,8192,836.198
512,64,16,16,132.856
512,64,16,32,133.027
512,64,16,64,148.014
512,64,16,128,163.417
512,64,16,256,193.135
512,64,16,512,255.109
512,64,16,1024,424.541
512,64,16,2048,705.699
512,64,16,4096,1298.05
512,64,16,8192,1298.32
512,64,32,16,167.032
512,64,32,32,168.003
512,64,32,64,198.372
512,64,32,128,230.031
512,64,32,256,287.569
512,64,32,512,429.491
512,64,32,1024,724.73
512,64,32,2048,1290.67
512,64,32,4096,2501.27
512,64,32,8192,2497.5
512,64,64,16,234.767
512,64,64,32,235.535
512,64,64,64,298.971
512,64,64,128,362.663
512,64,64,256,495.861
512,64,64,512,775.236
512,64,64,1024,1341.53
512,64,64,2048,2492.63
512,64,64,4096,4937.56
512,64,64,8192,4940.72
512,64,128,16,365.554
512,64,128,32,372.551
512,64,128,64,497.908
512,64,128,128,640.183
512,64,128,256,914.087
512,64,128,512,1473.93
512,64,128,1024,2587.35
512,64,128,2048,4838.61
512,64,128,4096,9543.63
512,64,128,8192,9539.03
512,128,0,0,110.807
512,128,1,16,110.872
512,128,1,32,110.541
512,128,1,64,111.095
512,128,1,128,112.824
512,128,1,256,113.922
512,128,1,512,118.306
512,128,1,1024,158.137
512,128,1,2048,251.098
512,128,1,4096,444.521
512,128,1,8192,445.065
512,128,2,16,113.762
512,128,2,32,113.859
512,128,2,64,116.216
512,128,2,128,117.901
512,128,2,256,121.741
512,128,2,512,127.107
512,128,2,1024,172.494
512,128,2,2048,265.371
512,128,2,4096,459.369
512,128,2,8192,460.478
512,128,4,16,118.008
512,128,4,32,118.168
512,128,4,64,121.976
512,128,4,128,125.742
512,128,4,256,133.368
512,128,4,512,141.059
512,128,4,1024,213.391
512,128,4,2048,312.348
512,128,4,4096,506.068
512,128,4,8192,507.349
512,128,8,16,127.373
512,128,8,32,127.576
512,128,8,64,134.797
512,128,8,128,141.4
512,128,8,256,156.761
512,128,8,512,183.15
512,128,8,1024,275.249
512,128,8,2048,456.158
512,128,8,4096,842.844
512,128,8,8192,842.683
512,128,16,16,144.302
512,128,16,32,145.069
512,128,16,64,160.761
512,128,16,128,175.94
512,128,16,256,205.316
512,128,16,512,264.826
512,128,16,1024,427.22
512,128,16,2048,718.98
512,128,16,4096,1311.12
512,128,16,8192,1310.98
512,128,32,16,178.788
512,128,32,32,179.705
512,128,32,64,210.212
512,128,32,128,242.309
512,128,32,256,300.87
512,128,32,512,438.089
512,128,32,1024,736.206
512,128,32,2048,1296.1
512,128,32,4096,2507.25
512,128,32,8192,2501.21
512,128,64,16,247.472
512,128,64,32,248.506
512,128,64,64,312.166
512,128,64,128,376.488
512,128,64,256,504.191
512,128,64,512,782.128
512,128,64,1024,1348.6
512,128,64,2048,2490.08
512,128,64,4096,4940.6
512,128,64,8192,4937.18
512,128,128,16,379.495
512,128,128,32,384.711
512,128,128,64,510.507
512,128,128,128,648.909
512,128,128,256,921.788
512,128,128,512,1480.57
512,128,128,1024,2594.61
512,128,128,2048,4842.5
512,128,128,4096,9546.5
512,128,128,8192,9539.24
512,256,0,0,133.763
512,256,1,16,134.307
512,256,1,32,134.307
512,256,1,64,135.225
512,256,1,128,135.107
512,256,1,256,137.741
512,256,1,512,140.131
512,256,1,1024,170.627
512,256,1,2048,263.248
512,256,1,4096,457.438
512,256,1,8192,458.195
512,256,2,16,137.112
512,256,2,32,136.962
512,256,2,64,139.768
512,256,2,128,141.048
512,256,2,256,145.059
512,256,2,512,145.315
512,256,2,1024,185.646
512,256,2,2048,279.664
512,256,2,4096,473.748
512,256,2,8192,474.217
512,256,4,16,140.856
512,256,4,32,140.91
512,256,4,64,145.166
512,256,4,128,148.75
512,256,4,256,153.741
512,256,4,512,168.409
512,256,4,1024,216.217
512,256,4,2048,339.986
512,256,4,4096,536.053
512,256,4,8192,535.034
512,256,8,16,149.901
512,256,8,32,149.955
512,256,8,64,156.888
512,256,8,128,166.51
512,256,8,256,182.66
512,256,8,512,200.58
512,256,8,1024,294.427
512,256,8,2048,469.642
512,256,8,4096,855.74
512,256,8,8192,856.465
512,256,16,16,166.563
512,256,16,32,167.107
512,256,16,64,183.833
512,256,16,128,199.79
512,256,16,256,227.856
512,256,16,512,284.422
512,256,16,1024,434.515
512,256,16,2048,751.909
512,256,16,4096,1338.46
512,256,16,8192,1339.12
512,256,32,16,201.999
512,256,32,32,202.5
512,256,32,64,234.042
512,256,32,128,267.248
512,256,32,256,327.42
512,256,32,512,460.393
512,256,32,1024,754.511
512,256,32,2048,1312.38
512,256,32,4096,2518.7
512,256,32,8192,2512.76
512,256,64,16,271.525
512,256,64,32,272.582
512,256,64,64,336.241
512,256,64,128,401.661
512,256,64,256,521.333
512,256,64,512,801.051
512,256,64,1024,1363.92
512,256,64,2048,2489.02
512,256,64,4096,4930.43
512,256,64,8192,4926.56
512,256,128,16,404.564
512,256,128,32,410.728
512,256,128,64,536.544
512,256,128,128,664.781
512,256,128,256,939.347
512,256,128,512,1496.65
512,256,128,1024,2608.75
512,256,128,2048,4853.25
512,256,128,4096,9553.3
512,256,128,8192,9553.73
512,512,0,0,180.655
512,512,1,16,180.826
512,512,1,32,180.111
512,512,1,64,181.252
512,512,1,128,182.137
512,512,1,256,181.443
512,512,1,512,183.769
512,512,1,1024,193.476
512,512,1,2048,286.875
512,512,1,4096,482.036
512,512,1,8192,481.108
512,512,2,16,184.079
512,512,2,32,183.95
512,512,2,64,185.827
512,512,2,128,186.83
512,512,2,256,188.75
512,512,2,512,191.641
512,512,2,1024,209.742
512,512,2,2048,302.641
512,512,2,4096,496.885
512,512,2,8192,499.125
512,512,4,16,187.918
512,512,4,32,187.737
512,512,4,64,191.577
512,512,4,128,193.497
512,512,4,256,201.998
512,512,4,512,218.287
512,512,4,1024,257.914
512,512,4,2048,389.203
512,512,4,4096,587.979
512,512,4,8192,586.924
512,512,8,16,195.513
512,512,8,32,196.036
512,512,8,64,202.436
512,512,8,128,209.167
512,512,8,256,226.576
512,512,8,512,254.256
512,512,8,1024,318.29
512,512,8,2048,498.73
512,512,8,4096,881.767
512,512,8,8192,879.335
512,512,16,16,211.375
512,512,16,32,212.111
512,512,16,64,227.78
512,512,16,128,244.623
512,512,16,256,276.582
512,512,16,512,336.508
512,512,16,1024,477.887
512,512,16,2048,801.232
512,512,16,4096,1395.8
512,512,16,8192,1390.29
512,512,32,16,246.554
512,512,32,32,247.546
512,512,32,64,281.403
512,512,32,128,314.619
512,512,32,256,376.584
512,512,32,512,493.194
512,512,32,1024,785.626
512,512,32,2048,1375.56
512,512,32,4096,2534.03
512,512,32,8192,2529.2
512,512,64,16,319.442
512,512,64,32,319.986
512,512,64,64,386.44
512,512,64,128,451.55
512,512,64,256,573.707
512,512,64,512,838.96
512,512,64,1024,1395.85
512,512,64,2048,2504.79
512,512,64,4096,4923
512,512,64,8192,4915.77
512,512,128,16,455.369
512,512,128,32,460.692
512,512,128,64,587.638
512,512,128,128,716.921
512,512,128,256,972.638
512,512,128,512,1529.61
512,512,128,1024,2642.53
512,512,128,2048,4878.59
512,512,128,4096,9567.37
512,512,128,8192,9563.6
512,1024,0,0,272.549
512,1024,1,16,273.979
512,1024,1,32,274.245
512,1024,1,64,274.651
512,1024,1,128,275.141
512,1024,1,256,275.76
512,1024,1,512,275.046
512,1024,1,1024,276.561
512,1024,1,2048,333.479
512,1024,1,4096,529.12
512,1024,1,8192,528.747
512,1024,2,16,275.814
512,1024,2,32,276.539
512,1024,2,64,278.608
512,1024,2,128,279.814
512,1024,2,256,281.68
512,1024,2,512,281.146
512,1024,2,1024,284.55
512,1024,2,2048,349.191
512,1024,2,4096,545.078
512,1024,2,8192,545.089
512,1024,4,16,280.305
512,1024,4,32,280.848
512,1024,4,64,284.177
512,1024,4,128,286.352
512,1024,4,256,291.548
512,1024,4,512,296.593
512,1024,4,1024,358.567
512,1024,4,2048,444.5
512,1024,4,4096,682.67
512,1024,4,8192,683.053
512,1024,8,16,288.432
512,1024,8,32,288.827
512,1024,8,64,295.206
512,1024,8,128,299.75
512,1024,8,256,314.054
512,1024,8,512,343.1
512,1024,8,1024,394.547
512,1024,8,2048,585.43
512,1024,8,4096,934.397
512,1024,8,8192,932.52
512,1024,16,16,302.854
512,1024,16,32,303.931
512,1024,16,64,317.382
512,1024,16,128,334.194
512,1024,16,256,366.908
512,1024,16,512,438.089
512,1024,16,1024,549.473
512,1024,16,2048,848.956
512,1024,16,4096,1558.77
512,1024,16,8192,1558.44
512,1024,32,16,335.42
512,1024,32,32,335.548
512,1024,32,64,370.236
512,1024,32,128,408.797
512,1024,32,256,469.951
512,1024,32,512,589.91
512,1024,32,1024,855.484
512,1024,32,2048,1437.55
512,1024,32,4096,2596.12
512,1024,32,8192,2598.09
512,1024,64,16,409.821
512,1024,64,32,411.133
512,1024,64,64,481.801
512,1024,64,128,547.968
512,1024,64,256,673.069
512,1024,64,512,920.893
512,1024,64,1024,1463.93
512,1024,64,2048,2571.82
512,1024,64,4096,4917.89
512,1024,64,8192,4918.9
512,1024,128,16,552.64
512,1024,128,32,557.579
512,1024,128,64,686.008
512,1024,128,128,818.021
512,1024,128,256,1063.17
512,1024,128,512,1590.88
512,1024,128,1024,2706.9
512,1024,128,2048,4927.43
512,1024,128,4096,9598.94
512,1024,128,8192,9597.58
512,2048,0,0,457.748
512,2048,1,16,458.217
512,2048,1,32,460.041
512,2048,1,64,458.687
512,2048,1,128,460.66
512,2048,1,256,460.446
512,2048,1,512,460.276
512,2048,1,1024,460.713
512,2048,1,2048,462.633
512,2048,1,4096,625.559
512,2048,1,8192,625.837
512,2048,2,16,462.111
512,2048,2,32,460.82
512,2048,2,64,463.508
512,2048,2,128,466.378
512,2048,2,256,466.985
512,2048,2,512,465.769
512,2048,2,1024,466.494
512,2048,2,2048,468.403
512,2048,2,4096,641.892
512,2048,2,8192,641.924
512,2048,4,16,466.169
512,2048,4,32,466.339
512,2048,4,64,468.653
512,2048,4,128,471.47
512,2048,4,256,476.291
512,2048,4,512,477.635
512,2048,4,1024,481.23
512,2048,4,2048,639.695
512,2048,4,4096,832.987
512,2048,4,8192,833.317
512,2048,8,16,474.275
512,2048,8,32,473.924
512,2048,8,64,480.857
512,2048,8,128,486.126
512,2048,8,256,498.233
512,2048,8,512,523.001
512,2048,8,1024,574.66
512,2048,8,2048,673.071
512,2048,8,4096,1074.5
512,2048,8,8192,1070.28
512,2048,16,16,488.366
512,2048,16,32,489.049
512,2048,16,64,500.825
512,2048,16,128,513.092
512,2048,16,256,547.94
512,2048,16,512,610.276
512,2048,16,1024,765.082
512,2048,16,2048,1010.68
512,2048,16,4096,1632.05
512,2048,16,8192,1634.51
512,2048,32,16,518.041
512,2048,32,32,519.471
512,2048,32,64,550.031
512,2048,32,128,583.865
512,2048,32,256,654.873
512,2048,32,512,778.522
512,2048,32,1024,1011.34
512,2048,32,2048,1609.24
512,2048,32,4096,2829.38
512,2048,32,8192,2824.16
512,2048,64,16,586.319
512,2048,64,32,588.228
512,2048,64,64,661.775
512,2048,64,128,735.696
512,2048,64,256,864.337
512,2048,64,512,1118.58
512,2048,64,1024,1624.75
512,2048,64,2048,2700.64
512,2048,64,4096,5048.65
512,2048,64,8192,5013.27
512,2048,128,16,738.693
512,2048,128,32,743.312
512,2048,128,64,877.275
512,2048,128,128,1012.22
512,2048,128,256,1263.32
512,2048,128,512,1757.26
512,2048,128,1024,2828.12
512,2048,128,2048,5023.2
512,2048,128,4096,9693.24
512,2048,128,8192,9686.98
512,4096,0,0,792.305
512,4096,1,16,792.882
512,4096,1,32,792.134
512,4096,1,64,791.44
512,4096,1,128,792.912
512,4096,1,256,792.23
512,4096,1,512,792.082
512,4096,1,1024,791.708
512,4096,1,2048,792.688
512,4096,1,4096,792.528
512,4096,1,8192,792.657
512,4096,2,16,792.732
512,4096,2,32,792.304
512,4096,2,64,792.518
512,4096,2,128,792.667
512,4096,2,256,792.305
512,4096,2,512,791.952
512,4096,2,1024,793.19
512,4096,2,2048,793.851
512,4096,2,4096,793.989
512,4096,2,8192,793.98
512,4096,4,16,794.214
512,4096,4,32,795.378
512,4096,4,64,794.673
512,4096,4,128,794.854
512,4096,4,256,794.438
512,4096,4,512,793.958
512,4096,4,1024,795.132
512,4096,4,2048,799.292
512,4096,4,4096,1186.42
512,4096,4,8192,1185.33
512,4096,8,16,802.971
512,4096,8,32,802.267
512,4096,8,64,809.446
512,4096,8,128,815.057
512,4096,8,256,826.95
512,4096,8,512,850.598
512,4096,8,1024,900.401
512,4096,8,2048,1001.13
512,4096,8,4096,1189.66
512,4096,8,8192,1189.88
512,4096,16,16,815.313
512,4096,16,32,816.743
512,4096,16,64,828.615
512,4096,16,128,841.522
512,4096,16,256,866.717
512,4096,16,512,916.508
512,4096,16,1024,1051.14
512,4096,16,2048,1385.95
512,4096,16,4096,1974.35
512,4096,16,8192,1976.82
512,4096,32,16,846.46
512,4096,32,32,846.097
512,4096,32,64,874.738
512,4096,32,128,903.825
512,4096,32,256,968.744
512,4096,32,512,1103.51
512,4096,32,1024,1368.67
512,4096,32,2048,1827.26
512,4096,32,4096,3168.43
512,4096,32,8192,3164.97
512,4096,64,16,906.407
512,4096,64,32,907.666
512,4096,64,64,972.286
512,4096,64,128,1042.19
512,4096,64,256,1191.58
512,4096,64,512,1463.45
512,4096,64,1024,1982.89
512,4096,64,2048,3066.62
512,4096,64,4096,5231.81
512,4096,64,8192,5231.38
512,4096,128,16,1046.73
512,4096,128,32,1050.86
512,4096,128,64,1197.64
512,4096,128,128,1340.7
512,4096,128,256,1605.46
512,4096,128,512,2121.19
512,4096,128,1024,3127.6
512,4096,128,2048,5373.38
512,4096,128,4096,9866.55
512,4096,128,8192,9877
512,8192,0,0,792.455
512,8192,1,16,793.255
512,8192,1,32,791.697
512,8192,1,64,791.452
512,8192,1,128,791.495
512,8192,1,256,792.242
512,8192,1,512,791.558
512,8192,1,1024,792.177
512,8192,1,2048,792.231
512,8192,1,4096,792.093
512,8192,1,8192,792.69
512,8192,2,16,792.572
512,8192,2,32,792.754
512,8192,2,64,792.562
512,8192,2,128,792.999
512,8192,2,256,793.202
512,8192,2,512,793.565
512,8192,2,1024,792.53
512,8192,2,2048,794.588
512,8192,2,4096,793.255
512,8192,2,8192,793.756
512,8192,4,16,794.599
512,8192,4,32,794.29
512,8192,4,64,794.439
512,8192,4,128,795.143
512,8192,4,256,794.535
512,8192,4,512,794.557
512,8192,4,1024,795.239
512,8192,4,2048,800.071
512,8192,4,4096,1185.62
512,8192,4,8192,1184.64
512,8192,8,16,803.943
512,8192,8,32,802.961
512,8192,8,64,808.657
512,8192,8,128,815.144
512,8192,8,256,827.591
512,8192,8,512,851.048
512,8192,8,1024,900.574
512,8192,8,2048,999.966
512,8192,8,4096,1189.75
512,8192,8,8192,1189.94
512,8192,16,16,816.583
512,8192,16,32,816.775
512,8192,16,64,827.74
512,8192,16,128,841.224
512,8192,16,256,865.576
512,8192,16,512,915.592
512,8192,16,1024,1050.96
512,8192,16,2048,1386.32
512,8192,16,4096,1975.03
512,8192,16,8192,1975.72
512,8192,32,16,846.056
512,8192,32,32,846.717
512,8192,32,64,873.427
512,8192,32,128,904.147
512,8192,32,256,969
512,8192,32,512,1103.9
512,8192,32,1024,1369.54
512,8192,32,2048,1825.72
512,8192,32,4096,3166.54
512,8192,32,8192,3166.56
512,8192,64,16,906.227
512,8192,64,32,908.051
512,8192,64,64,973.246
512,8192,64,128,1042.14
512,8192,64,256,1191.4
512,8192,64,512,1462.36
512,8192,64,1024,1981.92
512,8192,64,2048,3067.39
512,8192,64,4096,5233.94
512,8192,64,8192,5223.99
512,8192,128,16,1045.57
512,8192,128,32,1051.29
512,8192,128,64,1194.41
512,8192,128,128,1341.76
512,8192,128,256,1606.92
512,8192,128,512,2122.08
512,8192,128,1024,3126.51
512,8192,128,2048,5372.75
512,8192,128,4096,9884.81
512,8192,128,8192,9871.29
1024,0,0,0,229.026
1024,0,1,16,232.301
1024,0,1,32,232.002
1024,0,1,64,232.748
1024,0,1,128,233.464
1024,0,1,256,236.738
1024,0,1,512,239.811
1024,0,1,1024,251.779
1024,0,1,2048,348.995
1024,0,1,4096,544.506
1024,0,1,8192,544.133
1024,0,2,16,233.666
1024,0,2,32,234.061
1024,0,2,64,237.337
1024,0,2,128,238.904
1024,0,2,256,242.701
1024,0,2,512,250.701
1024,0,2,1024,272.13
1024,0,2,2048,379.95
1024,0,2,4096,575.109
1024,0,2,8192,576.646
1024,0,4,16,239.907
1024,0,4,32,240.546
1024,0,4,64,245.325
1024,0,4,128,247.277
1024,0,4,256,257.922
1024,0,4,512,271.064
1024,0,4,1024,309.507
1024,0,4,2048,440.079
1024,0,4,4096,678.833
1024,0,4,8192,677.308
1024,0,8,16,252.237
1024,0,8,32,252.024
1024,0,8,64,261.517
1024,0,8,128,269.005
1024,0,8,256,285.123
1024,0,8,512,314.072
1024,0,8,1024,385.7
1024,0,8,2048,576.379
1024,0,8,4096,947.092
1024,0,8,8192,947.614
1024,0,16,16,276.579
1024,0,16,32,276.269
1024,0,16,64,293.39
1024,0,16,128,307.843
1024,0,16,256,339.93
1024,0,16,512,397.731
1024,0,16,1024,540.314
1024,0,16,2048,862.537
1024,0,16,4096,1491.64
1024,0,16,8192,1492.61
1024,0,32,16,321.795
1024,0,32,32,322.35
1024,0,32,64,354.425
1024,0,32,128,388.355
1024,0,32,256,448.463
1024,0,32,512,566.672
1024,0,32,1024,860.638
1024,0,32,2048,1452.79
1024,0,32,4096,2648.91
1024,0,32,8192,2649.47
1024,0,64,16,411.93
1024,0,64,32,412.963
1024,0,64,64,478.032
1024,0,64,128,544.517
1024,0,64,256,664.774
1024,0,64,512,934.281
1024,0,64,1024,1496.64
1024,0,64,2048,2623.08
1024,0,64,4096,4979.08
1024,0,64,8192,4976.4
1024,0,128,16,593.19
1024,0,128,32,598.193
1024,0,128,64,723.869
1024,0,128,128,853.971
1024,0,128,256,1121.21
1024,0,128,512,1671.68
1024,0,128,1024,2774.92
1024,0,128,2048,5015.13
1024,0,128,4096,9685.93
1024,0,128,8192,9682.65
1024,16,0,0,249.635
1024,16,1,16,249.954
1024,16,1,32,250.306
1024,16,1,64,253.624
1024,16,1,128,254.658
1024,16,1,256,255.576
1024,16,1,512,258.765
1024,16,1,1024,266.787
1024,16,1,2048,366.521
1024,16,1,4096,562.011
1024,16,1,8192,563.089
1024,16,2,16,253.197
1024,16,2,32,254.019
1024,16,2,64,255.758
1024,16,2,128,258.712
1024,16,2,256,261.966
1024,16,2,512,269.613
1024,16,2,1024,286.243
1024,16,2,2048,397.486
1024,16,2,4096,594.534
1024,16,2,8192,595.899
1024,16,4,16,260.077
1024,16,4,32,259.341
1024,16,4,64,263.661
1024,16,4,128,268.557
1024,16,4,256,276.493
1024,16,4,512,291.982
1024,16,4,1024,323.651
1024,16,4,2048,460.986
1024,16,4,4096,705.949
1024,16,4,8192,704.359
1024,16,8,16,271.437
1024,16,8,32,271.352
1024,16,8,64,280.792
1024,16,8,128,288.825
1024,16,8,256,305.113
1024,16,8,512,332.719
1024,16,8,1024,401.679
1024,16,8,2048,597.596
1024,16,8,4096,967.615
1024,16,8,8192,967.242
1024,16,16,16,295.513
1024,16,16,32,294.936
1024,16,16,64,312.238
1024,16,16,128,327.619
1024,16,16,256,359.481
1024,16,16,512,420.623
1024,16,16,1024,557.489
1024,16,16,2048,876.308
1024,16,16,4096,1518.41
1024,16,16,8192,1520.81
1024,16,32,16,340.91
1024,16,32,32,340.505
1024,16,32,64,374.553
1024,16,32,128,408.889
1024,16,32,256,468.325
1024,16,32,512,586.843
1024,16,32,1024,876.01
1024,16,32,2048,1471.32
1024,16,32,4096,2664.71
1024,16,32,8192,2666.28
1024,16,64,16,430.788
1024,16,64,32,433.199
1024,16,64,64,498.651
1024,16,64,128,564.454
1024,16,64,256,685.395
1024,16,64,512,950.954
1024,16,64,1024,1514.02
1024,16,64,2048,2639.16
1024,16,64,4096,4984.84
1024,16,64,8192,4982.03
1024,16,128,16,611.942
1024,16,128,32,618.289
1024,16,128,64,744.211
1024,16,128,128,874.666
1024,16,128,256,1136.62
1024,16,128,512,1687.8
1024,16,128,1024,2789.84
1024,16,128,2048,5031.86
1024,16,128,4096,9692.92
1024,16,128,8192,9695.09
1024,32,0,0,249.742
1024,32,1,16,250.04
1024,32,1,32,251.246
1024,32,1,64,253.262
1024,32,1,128,254.541
1024,32,1,256,255.779
1024,32,1,512,259.522
1024,32,1,1024,266.083
1024,32,1,2048,367.396
1024,32,1,4096,561.957
1024,32,1,8192,561.628
1024,32,2,16,253.944
1024,32,2,32,253.602
1024,32,2,64,257.037
1024,32,2,128,258.83
1024,32,2,256,262.446
1024,32,2,512,270.19
1024,32,2,1024,286.34
1024,32,2,2048,399.205
1024,32,2,4096,595.581
1024,32,2,8192,595.805
1024,32,4,16,259.353
1024,32,4,32,258.829
1024,32,4,64,264.227
1024,32,4,128,267.907
1024,32,4,256,276.973
1024,32,4,512,292.953
1024,32,4,1024,323.31
1024,32,4,2048,459.546
1024,32,4,4096,706.472
1024,32,4,8192,704.862
1024,32,8,16,271.469
1024,32,8,32,272.43
1024,32,8,64,280.835
1024,32,8,128,288.175
1024,32,8,256,304.942
1024,32,8,512,332.911
1024,32,8,1024,400.581
1024,32,8,2048,598.194
1024,32,8,4096,967.35
1024,32,8,8192,967.51
1024,32,16,16,295.598
1024,32,16,32,295.192
1024,32,16,64,312.964
1024,32,16,128,328.324
1024,32,16,256,360.377
1024,32,16,512,420.666
1024,32,16,1024,556.827
1024,32,16,2048,875.658
1024,32,16,4096,1521.02
1024,32,16,8192,1516.36
1024,32,32,16,341.774
1024,32,32,32,341.529
1024,32,32,64,374.543
1024,32,32,128,408.655
1024,32,32,256,467.301
1024,32,32,512,587.132
1024,32,32,1024,876.342
1024,32,32,2048,1472.77
1024,32,32,4096,2662.96
1024,32,32,8192,2668
1024,32,64,16,431.813
1024,32,64,32,432.804
1024,32,64,64,499.248
1024,32,64,128,564.988
1024,32,64,256,685.661
1024,32,64,512,950.442
1024,32,64,1024,1512.87
1024,32,64,2048,2638.5
1024,32,64,4096,4983.49
1024,32,64,8192,4984.16
1024,32,128,16,612.817
1024,32,128,32,618.706
1024,32,128,64,745.193
1024,32,128,128,874.559
1024,32,128,256,1137.3
1024,32,128,512,1687.9
1024,32,128,1024,2789.17
1024,32,128,2048,5028.71
1024,32,128,4096,9692.51
1024,32,128,8192,9689.87
1024,64,0,0,250.041
1024,64,1,16,249.816
1024,64,1,32,250.659
1024,64,1,64,254.232
1024,64,1,128,255.246
1024,64,1,256,256.718
1024,64,1,512,259.651
1024,64,1,1024,267.054
1024,64,1,2048,365.509
1024,64,1,4096,563.356
1024,64,1,8192,561.746
1024,64,2,16,254.841
1024,64,2,32,253.539
1024,64,2,64,256.494
1024,64,2,128,259.193
1024,64,2,256,262.851
1024,64,2,512,270.03
1024,64,2,1024,286.5
1024,64,2,2048,398.554
1024,64,2,4096,594.257
1024,64,2,8192,594.77
1024,64,4,16,260.462
1024,64,4,32,258.83
1024,64,4,64,264.547
1024,64,4,128,268.419
1024,64,4,256,277.251
1024,64,4,512,293.476
1024,64,4,1024,323.972
1024,64,4,2048,460.4
1024,64,4,4096,705.427
1024,64,4,8192,705.012
1024,64,8,16,271.097
1024,64,8,32,272.601
1024,64,8,64,281.635
1024,64,8,128,289.08
1024,64,8,256,304.591
1024,64,8,512,334.138
1024,64,8,1024,401.36
1024,64,8,2048,597.373
1024,64,8,4096,968.448
1024,64,8,8192,965.27
1024,64,16,16,295.854
1024,64,16,32,295.588
1024,64,16,64,312.942
1024,64,16,128,327.887
1024,64,16,256,360.452
1024,64,16,512,420.826
1024,64,16,1024,555.58
1024,64,16,2048,876.128
1024,64,16,4096,1519.21
1024,64,16,8192,1517.88
1024,64,32,16,341.636
1024,64,32,32,342.318
1024,64,32,64,374.405
1024,64,32,128,408.73
1024,64,32,256,468.102
1024,64,32,512,587.356
1024,64,32,1024,877.227
1024,64,32,2048,1471.97
1024,64,32,4096,2660.19
1024,64,32,8192,2668
1024,64,64,16,432.304
1024,64,64,32,433.018
1024,64,64,64,498.609
1024,64,64,128,565.041
1024,64,64,256,686.302
1024,64,64,512,950.155
1024,64,64,1024,1515.28
1024,64,64,2048,2638.01
1024,64,64,4096,4985.03
1024,64,64,8192,4985.71
1024,64,128,16,613.213
1024,64,128,32,618.173
1024,64,128,64,744.489
1024,64,128,128,874.934
1024,64,128,256,1137.25
1024,64,128,512,1688.24
1024,64,128,1024,2787.3
1024,64,128,2048,5032.32
1024,64,128,4096,9695.67
1024,64,128,8192,9693.92
1024,128,0,0,271.545
1024,128,1,16,272.526
1024,128,1,32,272.099
1024,128,1,64,272.09
1024,128,1,128,274.104
1024,128,1,256,276.462
1024,128,1,512,279.95
1024,128,1,1024,287.801
1024,128,1,2048,382.01
1024,128,1,4096,578.151
1024,128,1,8192,577.415
1024,128,2,16,272.729
1024,128,2,32,273.443
1024,128,2,64,277.379
1024,128,2,128,278.948
1024,128,2,256,282.83
1024,128,2,512,291.758
1024,128,2,1024,302.756
1024,128,2,2048,407.525
1024,128,2,4096,614.258
1024,128,2,8192,613.896
1024,128,4,16,278.766
1024,128,4,32,279.214
1024,128,4,64,285.358
1024,128,4,128,289.796
1024,128,4,256,296.856
1024,128,4,512,311.908
1024,128,4,1024,337.775
1024,128,4,2048,475.451
1024,128,4,4096,733.268
1024,128,4,8192,734.548
1024,128,8,16,290.916
1024,128,8,32,291.524
1024,128,8,64,301.55
1024,128,8,128,309.561
1024,128,8,256,323.631
1024,128,8,512,353.018
1024,128,8,1024,416.848
1024,128,8,2048,611.218
1024,128,8,4096,983.575
1024,128,8,8192,983.746
1024,128,16,16,314.948
1024,128,16,32,315.279
1024,128,16,64,332.218
1024,128,16,128,347.386
1024,128,16,256,379.888
1024,128,16,512,440.805
1024,128,16,1024,573.234
1024,128,16,2048,890.657
1024,128,16,4096,1544.69
1024,128,16,8192,1544.09
1024,128,32,16,360.24
1024,128,32,32,361.423
1024,128,32,64,394.352
1024,128,32,128,428.911
1024,128,32,256,489.723
1024,128,32,512,608.702
1024,128,32,1024,891.296
1024,128,32,2048,1491.5
1024,128,32,4096,2688.17
1024,128,32,8192,2691.39
1024,128,64,16,451.462
1024,128,64,32,452.955
1024,128,64,64,519.505
1024,128,64,128,585.426
1024,128,64,256,705.534
1024,128,64,512,966.391
1024,128,64,1024,1533.09
1024,128,64,2048,2654.36
1024,128,64,4096,4998.9
1024,128,64,8192,4992.47
1024,128,128,16,633.437
1024,128,128,32,637.629
1024,128,128,64,764.523
1024,128,128,128,894.934
1024,128,128,256,1154.22
1024,128,128,512,1704.46
1024,128,128,1024,2804.65
1024,128,128,2048,5042.93
1024,128,128,4096,9705.99
1024,128,128,8192,9704.57
1024,256,0,0,309.082
1024,256,1,16,311.193
1024,256,1,32,312.783
1024,256,1,64,310.319
1024,256,1,128,314.927
1024,256,1,256,315.406
1024,256,1,512,318.073
1024,256,1,1024,327.14
1024,256,1,2048,407.931
1024,256,1,4096,609.735
1024,256,1,8192,608.691
1024,256,2,16,314.51
1024,256,2,32,314.467
1024,256,2,64,316.857
1024,256,2,128,319.225
1024,256,2,256,321.305
1024,256,2,512,329.391
1024,256,2,1024,341.7
1024,256,2,2048,443.003
1024,256,2,4096,652.915
1024,256,2,8192,653.385
1024,256,4,16,318.106
1024,256,4,32,318.703
1024,256,4,64,323.076
1024,256,4,128,329.413
1024,256,4,256,334.672
1024,256,4,512,351.46
1024,256,4,1024,378.351
1024,256,4,2048,507.569
1024,256,4,4096,788.287
1024,256,4,8192,787.563
1024,256,8,16,330.308
1024,256,8,32,330.511
1024,256,8,64,338.938
1024,256,8,128,348.121
1024,256,8,256,362.831
1024,256,8,512,394.671
1024,256,8,1024,448.123
1024,256,8,2048,643.667
1024,256,8,4096,1021.68
1024,256,8,8192,1020.19
1024,256,16,16,352.293
1024,256,16,32,353.872
1024,256,16,64,370.501
1024,256,16,128,387.408
1024,256,16,256,417.851
1024,256,16,512,480.988
1024,256,16,1024,607.368
1024,256,16,2048,917.303
1024,256,16,4096,1594.81
1024,256,16,8192,1593.14
1024,256,32,16,399.515
1024,256,32,32,399.515
1024,256,32,64,432.891
1024,256,32,128,468.081
1024,256,32,256,530.833
1024,256,32,512,646.803
1024,256,32,1024,921.825
1024,256,32,2048,1524.22
1024,256,32,4096,2735.22
1024,256,32,8192,2729.57
1024,256,64,16,491.74
1024,256,64,32,492.294
1024,256,64,64,558.429
1024,256,64,128,625.566
1024,256,64,256,746.292
1024,256,64,512,998.658
1024,256,64,1024,1567.82
1024,256,64,2048,2685.56
1024,256,64,4096,5016.34
1024,256,64,8192,5014.11
1024,256,128,16,673.79
1024,256,128,32,678.099
1024,256,128,64,804.672
1024,256,128,128,934.935
1024,256,128,256,1186.85
1024,256,128,512,1736.91
1024,256,128,1024,2840.37
1024,256,128,2048,5075.56
1024,256,128,4096,9733.7
1024,256,128,8192,9725.9
1024,512,0,0,386.245
1024,512,1,16,387.525
1024,512,1,32,386.938
1024,512,1,64,387.204
1024,512,1,128,389.157
1024,512,1,256,393.253
1024,512,1,512,396.24
1024,512,1,1024,401.606
1024,512,1,2048,470.055
1024,512,1,4096,674.312
1024,512,1,8192,674.387
1024,512,2,16,389.36
1024,512,2,32,389.402
1024,512,2,64,390.363
1024,512,2,128,394.309
1024,512,2,256,399.6
1024,512,2,512,407.888
1024,512,2,1024,420.369
1024,512,2,2048,504.348
1024,512,2,4096,726.602
1024,512,2,8192,728.788
1024,512,4,16,393.008
1024,512,4,32,393.573
1024,512,4,64,399.536
1024,512,4,128,404.538
1024,512,4,256,413.402
1024,512,4,512,430.161
1024,512,4,1024,457.754
1024,512,4,2048,571.773
1024,512,4,4096,853.164
1024,512,4,8192,854.411
1024,512,8,16,405.563
1024,512,8,32,405.445
1024,512,8,64,415.312
1024,512,8,128,424.326
1024,512,8,256,439.718
1024,512,8,512,473.777
1024,512,8,1024,530.056
1024,512,8,2048,711.402
1024,512,8,4096,1106.91
1024,512,8,8192,1106.76
1024,512,16,16,428.529
1024,512,16,32,428.251
1024,512,16,64,446.31
1024,512,16,128,464.135
1024,512,16,256,498.119
1024,512,16,512,559.623
1024,512,16,1024,672.82
1024,512,16,2048,990.488
1024,512,16,4096,1663.27
1024,512,16,8192,1661.75
1024,512,32,16,475.739
1024,512,32,32,474.982
1024,512,32,64,509.842
1024,512,32,128,544.797
1024,512,32,256,610.248
1024,512,32,512,728.885
1024,512,32,1024,989.464
1024,512,32,2048,1584.05
1024,512,32,4096,2810.7
1024,512,32,8192,2804.42
1024,512,64,16,567.933
1024,512,64,32,569.511
1024,512,64,64,636.937
1024,512,64,128,702.612
1024,512,64,256,827.03
1024,512,64,512,1069.54
1024,512,64,1024,1634.04
1024,512,64,2048,2748.79
1024,512,64,4096,5171.75
1024,512,64,8192,5080.15
1024,512,128,16,752.203
1024,512,128,32,757.461
1024,512,128,64,886.06
1024,512,128,128,1016.66
1024,512,128,256,1262.33
1024,512,128,512,1801.89
1024,512,128,1024,2908.68
1024,512,128,2048,5132.66
1024,512,128,4096,9789.12
1024,512,128,8192,9784.24
1024,1024,0,0,533.799
1024,1024,1,16,532.104
1024,1024,1,32,532.508
1024,1024,1,64,533.789
1024,1024,1,128,533.778
1024,1024,1,256,535.155
1024,1024,1,512,542.428
1024,1024,1,1024,557.352
1024,1024,1,2048,576.029
1024,1024,1,4096,797.963
1024,1024,1,8192,798.901
1024,1024,2,16,533.266
1024,1024,2,32,531.538
1024,1024,2,64,535.218
1024,1024,2,128,537.522
1024,1024,2,256,548.679
1024,1024,2,512,556.829
1024,1024,2,1024,579.88
1024,1024,2,2048,625.439
1024,1024,2,4096,860.14
1024,1024,2,8192,861.761
1024,1024,4,16,538.717
1024,1024,4,32,537.191
1024,1024,4,64,541.32
1024,1024,4,128,549.906
1024,1024,4,256,564.072
1024,1024,4,512,581.342
1024,1024,4,1024,615.315
1024,1024,4,2048,693.78
1024,1024,4,4096,985.197
1024,1024,4,8192,985.411
1024,1024,8,16,546.76
1024,1024,8,32,546.6
1024,1024,8,64,558.397
1024,1024,8,128,571.432
1024,1024,8,256,596.285
1024,1024,8,512,625.32
1024,1024,8,1024,689.898
1024,1024,8,2048,837.239
1024,1024,8,4096,1238.47
1024,1024,8,8192,1236.72
1024,1024,16,16,573.096
1024,1024,16,32,572.904
1024,1024,16,64,593.822
1024,1024,16,128,613.886
1024,1024,16,256,652.873
1024,1024,16,512,713.088
1024,1024,16,1024,835.158
1024,1024,16,2048,1121.39
1024,1024,16,4096,1782.52
1024,1024,16,8192,1782
1024,1024,32,16,623.315
1024,1024,32,32,623.731
1024,1024,32,64,661.716
1024,1024,32,128,699.509
1024,1024,32,256,763.691
1024,1024,32,512,895.97
1024,1024,32,1024,1127.21
1024,1024,32,2048,1715.05
1024,1024,32,4096,2957.68
1024,1024,32,8192,2952.15
1024,1024,64,16,719.882
1024,1024,64,32,722.421
1024,1024,64,64,791.253
1024,1024,64,128,858.444
1024,1024,64,256,983.875
1024,1024,64,512,1231.15
1024,1024,64,1024,1757.84
1024,1024,64,2048,2899.43
1024,1024,64,4096,5212.77
1024,1024,64,8192,5215.25
1024,1024,128,16,909.378
1024,1024,128,32,912.45
1024,1024,128,64,1043.03
1024,1024,128,128,1176.11
1024,1024,128,256,1422.47
1024,1024,128,512,1929.74
1024,1024,128,1024,3037.54
1024,1024,128,2048,5273.55
1024,1024,128,4096,9904.01
1024,1024,128,8192,9905.77
1024,2048,0,0,809.932
1024,2048,1,16,809.163
1024,2048,1,32,808.96
1024,2048,1,64,812.193
1024,2048,1,128,813.067
1024,2048,1,256,815.243
1024,2048,1,512,820.652
1024,2048,1,1024,835.894
1024,2048,1,2048,857.143
1024,2048,1,4096,1059.51
1024,2048,1,8192,1057.46
1024,2048,2,16,811.532
1024,2048,2,32,810.817
1024,2048,2,64,813.856
1024,2048,2,128,817.014
1024,2048,2,256,825.953
1024,2048,2,512,836.321
1024,2048,2,1024,877.421
1024,2048,2,2048,952.408
1024,2048,2,4096,1112.79
1024,2048,2,8192,1110.33
1024,2048,4,16,816.823
1024,2048,4,32,816.491
1024,2048,4,64,819.82
1024,2048,4,128,828.78
1024,2048,4,256,843.287
1024,2048,4,512,871.597
1024,2048,4,1024,926.722
1024,2048,4,2048,986.83
1024,2048,4,4096,1242.95
1024,2048,4,8192,1240.64
1024,2048,8,16,825.666
1024,2048,8,32,824.076
1024,2048,8,64,836.769
1024,2048,8,128,850.647
1024,2048,8,256,877.602
1024,2048,8,512,934.211
1024,2048,8,1024,995.673
1024,2048,8,2048,1130.19
1024,2048,8,4096,1509.78
1024,2048,8,8192,1508.82
1024,2048,16,16,852.204
1024,2048,16,32,852.193
1024,2048,16,64,877.836
1024,2048,16,128,900.962
1024,2048,16,256,944.846
1024,2048,16,512,1024.36
1024,2048,16,1024,1145.8
1024,2048,16,2048,1392.94
1024,2048,16,4096,2091.75
1024,2048,16,8192,2090.66
1024,2048,32,16,906.21
1024,2048,32,32,905.901
1024,2048,32,64,948.536
1024,2048,32,128,993.071
1024,2048,32,256,1072.43
1024,2048,32,512,1201.39
1024,2048,32,1024,1471.12
1024,2048,32,2048,1958.68
1024,2048,32,4096,3218.38
1024,2048,32,8192,3216.81
1024,2048,64,16,1012.87
1024,2048,64,32,1013.54
1024,2048,64,64,1093.94
1024,2048,64,128,1165.71
1024,2048,64,256,1293.6
1024,2048,64,512,1547.97
1024,2048,64,1024,2045.8
1024,2048,64,2048,3151.89
1024,2048,64,4096,5495.97
1024,2048,64,8192,5490.95
1024,2048,128,16,1215.87
1024,2048,128,32,1218.52
1024,2048,128,64,1351.01
1024,2048,128,128,1487.35
1024,2048,128,256,1739.3
1024,2048,128,512,2234.91
1024,2048,128,1024,3290.85
1024,2048,128,2048,5527.94
1024,2048,128,4096,10139.5
1024,2048,128,8192,10131.3
1024,4096,0,0,1192.91
1024,4096,1,16,1193.56
1024,4096,1,32,1192.77
1024,4096,1,64,1192.92
1024,4096,1,128,1192.55
1024,4096,1,256,1193.35
1024,4096,1,512,1195.1
1024,4096,1,1024,1193.11
1024,4096,1,2048,1192.86
1024,4096,1,4096,1193.8
1024,4096,1,8192,1194.04
1024,4096,2,16,1197.06
1024,4096,2,32,1194.9
1024,4096,2,64,1200.92
1024,4096,2,128,1207.24
1024,4096,2,256,1220.55
1024,4096,2,512,1243.12
1024,4096,2,1024,1290.81
1024,4096,2,2048,1388.67
1024,4096,2,4096,1580.64
1024,4096,2,8192,1579.67
1024,4096,4,16,1201.81
1024,4096,4,32,1201.9
1024,4096,4,64,1207.26
1024,4096,4,128,1213.76
1024,4096,4,256,1227.19
1024,4096,4,512,1250.94
1024,4096,4,1024,1298.53
1024,4096,4,2048,1398.12
1024,4096,4,4096,1584.99
1024,4096,4,8192,1585.15
1024,4096,8,16,1216.51
1024,4096,8,32,1216.44
1024,4096,8,64,1230.65
1024,4096,8,128,1243.35
1024,4096,8,256,1268.16
1024,4096,8,512,1317.01
1024,4096,8,1024,1416.13
1024,4096,8,2048,1589.44
1024,4096,8,4096,1981.87
1024,4096,8,8192,1981.74
1024,4096,16,16,1242.31
1024,4096,16,32,1241.89
1024,4096,16,64,1265.17
1024,4096,16,128,1287.88
1024,4096,16,256,1336.22
1024,4096,16,512,1431.87
1024,4096,16,1024,1627.95
1024,4096,16,2048,1820.24
1024,4096,16,4096,2387.16
1024,4096,16,8192,2388.73
1024,4096,32,16,1296.58
1024,4096,32,32,1298.08
1024,4096,32,64,1338.83
1024,4096,32,128,1383.69
1024,4096,32,256,1474.19
1024,4096,32,512,1673.5
1024,4096,32,1024,1923.78
1024,4096,32,2048,2430.55
1024,4096,32,4096,3607.3
1024,4096,32,8192,3604.2
1024,4096,64,16,1404.04
1024,4096,64,32,1406.28
1024,4096,64,64,1489.6
1024,4096,64,128,1583.93
1024,4096,64,256,1750.44
1024,4096,64,512,2013.88
1024,4096,64,1024,2527.19
1024,4096,64,2048,3576.02
1024,4096,64,4096,6038.72
1024,4096,64,8192,6028.26
1024,4096,128,16,1639.09
1024,4096,128,32,1644.25
1024,4096,128,64,1802.79
1024,4096,128,128,1937.35
1024,4096,128,256,2200.8
1024,4096,128,512,2719.87
1024,4096,128,1024,3741.47
1024,4096,128,2048,6042.62
1024,4096,128,4096,10651.3
1024,4096,128,8192,10649.7
1024,8192,0,0,1193.83
1024,8192,1,16,1193.94
1024,8192,1,32,1192.53
1024,8192,1,64,1192.26
1024,8192,1,128,1192.11
1024,8192,1,256,1192.92
1024,8192,1,512,1193.4
1024,8192,1,1024,1192.24
1024,8192,1,2048,1192.84
1024,8192,1,4096,1194.6
1024,8192,1,8192,1194.05
1024,8192,2,16,1195.82
1024,8192,2,32,1195.78
1024,8192,2,64,1202.1
1024,8192,2,128,1209.35
1024,8192,2,256,1220.6
1024,8192,2,512,1244.33
1024,8192,2,1024,1292.1
1024,8192,2,2048,1388.7
1024,8192,2,4096,1582.12
1024,8192,2,8192,1580.33
1024,8192,4,16,1202.56
1024,8192,4,32,1202.03
1024,8192,4,64,1207.64
1024,8192,4,128,1214.7
1024,8192,4,256,1226.55
1024,8192,4,512,1249.81
1024,8192,4,1024,1298.32
1024,8192,4,2048,1395.41
1024,8192,4,4096,1584.64
1024,8192,4,8192,1584.4
1024,8192,8,16,1217.56
1024,8192,8,32,1217.72
1024,8192,8,64,1231.51
1024,8192,8,128,1244.66
1024,8192,8,256,1267.61
1024,8192,8,512,1316.34
1024,8192,8,1024,1413.98
1024,8192,8,2048,1589.34
1024,8192,8,4096,1982.19
1024,8192,8,8192,1981.78
1024,8192,16,16,1242.93
1024,8192,16,32,1243.88
1024,8192,16,64,1265.36
1024,8192,16,128,1290.13
1024,8192,16,256,1337.59
1024,8192,16,512,1433.57
1024,8192,16,1024,1627.94
1024,8192,16,2048,1818.41
1024,8192,16,4096,2387.15
1024,8192,16,8192,2389.27
1024,8192,32,16,1297.64
1024,8192,32,32,1297.67
1024,8192,32,64,1339.05
1024,8192,32,128,1384.58
1024,8192,32,256,1477.69
1024,8192,32,512,1671.72
1024,8192,32,1024,1923.83
1024,8192,32,2048,2430.34
1024,8192,32,4096,3606.34
1024,8192,32,8192,3604.26
1024,8192,64,16,1404.06
1024,8192,64,32,1406.88
1024,8192,64,64,1490.98
1024,8192,64,128,1584.18
1024,8192,64,256,1748.61
1024,8192,64,512,2011.09
1024,8192,64,1024,2523.57
1024,8192,64,2048,3570.11
1024,8192,64,4096,6030.9
1024,8192,64,8192,6030.13
1024,8192,128,16,1640.07
1024,8192,128,32,1644.11
1024,8192,128,64,1801.27
1024,8192,128,128,1938.38
1024,8192,128,256,2202.07
1024,8192,128,512,2721.5
1024,8192,128,1024,3742.56
1024,8192,128,2048,6046.54
1024,8192,128,4096,10650.3
1024,8192,128,8192,10649.1
2048,0,0,0,712.32
2048,0,1,16,714.486
2048,0,1,32,715.498
2048,0,1,64,715.947
2048,0,1,128,718.294
2048,0,1,256,717.75
2048,0,1,512,723.253
2048,0,1,1024,730.283
2048,0,1,2048,751.222
2048,0,1,4096,975.45
2048,0,1,8192,975.62
2048,0,2,16,717.398
2048,0,2,32,717.163
2048,0,2,64,720.587
2048,0,2,128,722.112
2048,0,2,256,725.333
2048,0,2,512,734.283
2048,0,2,1024,750.7
2048,0,2,2048,792.13
2048,0,2,4096,1038.78
2048,0,2,8192,1040.54
2048,0,4,16,726.304
2048,0,4,32,726.859
2048,0,4,64,729.653
2048,0,4,128,734.518
2048,0,4,256,742.156
2048,0,4,512,760.023
2048,0,4,1024,790.199
2048,0,4,2048,866.637
2048,0,4,4096,1170.05
2048,0,4,8192,1169.6
2048,0,8,16,742.891
2048,0,8,32,744.961
2048,0,8,64,751.713
2048,0,8,128,758.113
2048,0,8,256,775.883
2048,0,8,512,811.713
2048,0,8,1024,866.659
2048,0,8,2048,1014.62
2048,0,8,4096,1434.54
2048,0,8,8192,1434.67
2048,0,16,16,778.145
2048,0,16,32,776.844
2048,0,16,64,792.866
2048,0,16,128,809.708
2048,0,16,256,841.795
2048,0,16,512,909.422
2048,0,16,1024,1023.81
2048,0,16,2048,1311.11
2048,0,16,4096,1989.72
2048,0,16,8192,1989.17
2048,0,32,16,840.524
2048,0,32,32,841.197
2048,0,32,64,876.153
2048,0,32,128,910.425
2048,0,32,256,976.015
2048,0,32,512,1099.57
2048,0,32,1024,1347.05
2048,0,32,2048,1919.2
2048,0,32,4096,3174.35
2048,0,32,8192,3170.36
2048,0,64,16,976.559
2048,0,64,32,978.959
2048,0,64,64,1044.99
2048,0,64,128,1111.55
2048,0,64,256,1235.61
2048,0,64,512,1483.64
2048,0,64,1024,2018.12
2048,0,64,2048,3153.69
2048,0,64,4096,5504.29
2048,0,64,8192,5502.44
2048,0,128,16,1246.65
2048,0,128,32,1249.64
2048,0,128,64,1379.04
2048,0,128,128,1511.1
2048,0,128,256,1754.02
2048,0,128,512,2281.51
2048,0,128,1024,3383.59
2048,0,128,2048,5598.1
2048,0,128,4096,10263.9
2048,0,128,8192,10268
2048,16,0,0,748.47
2048,16,1,16,750.273
2048,16,1,32,751.927
2048,16,1,64,752.737
2048,16,1,128,752.641
2048,16,1,256,754.988
2048,16,1,512,758.081
2048,16,1,1024,766.38
2048,16,1,2048,783.074
2048,16,1,4096,1007.7
2048,16,1,8192,1008.55
2048,16,2,16,754.273
2048,16,2,32,755.67
2048,16,2,64,755.585
2048,16,2,128,757.9
2048,16,2,256,761.142
2048,16,2,512,771.543
2048,16,2,1024,785.751
2048,16,2,2048,824.216
2048,16,2,4096,1073.47
2048,16,2,8192,1070.81
2048,16,4,16,763.49
2048,16,4,32,762.326
2048,16,4,64,765.335
2048,16,4,128,770.476
2048,16,4,256,777.537
2048,16,4,512,796.855
2048,16,4,1024,824.867
2048,16,4,2048,898.649
2048,16,4,4096,1206.06
2048,16,4,8192,1203.76
2048,16,8,16,780.375
2048,16,8,32,780.247
2048,16,8,64,789.281
2048,16,8,128,797.004
2048,16,8,256,810.178
2048,16,8,512,846.062
2048,16,8,1024,903.182
2048,16,8,2048,1048.34
2048,16,8,4096,1464.48
2048,16,8,8192,1462.83
2048,16,16,16,812.94
2048,16,16,32,813.005
2048,16,16,64,828.45
2048,16,16,128,844.473
2048,16,16,256,877.454
2048,16,16,512,944.644
2048,16,16,1024,1060.3
2048,16,16,2048,1338.44
2048,16,16,4096,2025.9
2048,16,16,8192,2025.19
2048,16,32,16,876.494
2048,16,32,32,875.341
2048,16,32,64,910.606
2048,16,32,128,944.729
2048,16,32,256,1012.52
2048,16,32,512,1134.23
2048,16,32,1024,1381.12
2048,16,32,2048,1951.55
2048,16,32,4096,3206.31
2048,16,32,8192,3202.01
2048,16,64,16,1011.66
2048,16,64,32,1012.91
2048,16,64,64,1079.96
2048,16,64,128,1145.84
2048,16,64,256,1272.42
2048,16,64,512,1520.79
2048,16,64,1024,2049.09
2048,16,64,2048,3184.89
2048,16,64,4096,5537.3
2048,16,64,8192,5533.91
2048,16,128,16,1281.79
2048,16,128,32,1284.74
2048,16,128,64,1413.61
2048,16,128,128,1545.09
2048,16,128,256,1790.3
2048,16,128,512,2314.51
2048,16,128,1024,3417.03
2048,16,128,2048,5628.08
2048,16,128,4096,10292.8
2048,16,128,8192,10291.9
2048,32,0,0,748.993
2048,32,1,16,750.337
2048,32,1,32,752.097
2048,32,1,64,752.289
2048,32,1,128,753.164
2048,32,1,256,755.148
2048,32,1,512,758.593
2048,32,1,1024,767.564
2048,32,1,2048,782.392
2048,32,1,4096,1005.97
2048,32,1,8192,1007.48
2048,32,2,16,754.38
2048,32,2,32,754.572
2048,32,2,64,755.863
2048,32,2,128,757.292
2048,32,2,256,761.377
2048,32,2,512,772.214
2048,32,2,1024,786.946
2048,32,2,2048,823.309
2048,32,2,4096,1073.73
2048,32,2,8192,1071.43
2048,32,4,16,763.766
2048,32,4,32,762.316
2048,32,4,64,767.223
2048,32,4,128,770.519
2048,32,4,256,777.41
2048,32,4,512,797.559
2048,32,4,1024,824.621
2048,32,4,2048,899.171
2048,32,4,4096,1205.47
2048,32,4,8192,1205.1
2048,32,8,16,781.484
2048,32,8,32,781.89
2048,32,8,64,788.728
2048,32,8,128,797.101
2048,32,8,256,811.297
2048,32,8,512,846.925
2048,32,8,1024,902.585
2048,32,8,2048,1048.49
2048,32,8,4096,1466.46
2048,32,8,8192,1464.42
2048,32,16,16,813.784
2048,32,16,32,812.995
2048,32,16,64,828.28
2048,32,16,128,844.622
2048,32,16,256,877.517
2048,32,16,512,943.247
2048,32,16,1024,1059.16
2048,32,16,2048,1338.67
2048,32,16,4096,2023.22
2048,32,16,8192,2023.97
2048,32,32,16,876.472
2048,32,32,32,877.176
2048,32,32,64,912.345
2048,32,32,128,946.276
2048,32,32,256,1011.19
2048,32,32,512,1134.3
2048,32,32,1024,1384.06
2048,32,32,2048,1950.19
2048,32,32,4096,3206.27
2048,32,32,8192,3203.03
2048,32,64,16,1012.02
2048,32,64,32,1013.51
2048,32,64,64,1080.37
2048,32,64,128,1147.86
2048,32,64,256,1272.5
2048,32,64,512,1520.79
2048,32,64,1024,2047.85
2048,32,64,2048,3184.98
2048,32,64,4096,5536.21
2048,32,64,8192,5533.55
2048,32,128,16,1283.61
2048,32,128,32,1285.41
2048,32,128,64,1411.97
2048,32,128,128,1546.05
2048,32,128,256,1790.66
2048,32,128,512,2313.93
2048,32,128,1024,3416.32
2048,32,128,2048,5627.2
2048,32,128,4096,10294.4
2048,32,128,8192,10287.7
2048,64,0,0,747.82
2048,64,1,16,752.354
2048,64,1,32,752.385
2048,64,1,64,752.439
2048,64,1,128,752.759
2048,64,1,256,755.469
2048,64,1,512,759.148
2048,64,1,1024,767.351
2048,64,1,2048,783.799
2048,64,1,4096,1006.68
2048,64,1,8192,1009.83
2048,64,2,16,755.382
2048,64,2,32,755.255
2048,64,2,64,756.332
2048,64,2,128,759.457
2048,64,2,256,762.114
2048,64,2,512,773.73
2048,64,2,1024,787.575
2048,64,2,2048,823.298
2048,64,2,4096,1072.9
2048,64,2,8192,1072.8
2048,64,4,16,762.007
2048,64,4,32,763.693
2048,64,4,64,766.903
2048,64,4,128,770.956
2048,64,4,256,778.38
2048,64,4,512,797.709
2048,64,4,1024,825.336
2048,64,4,2048,899.459
2048,64,4,4096,1204.77
2048,64,4,8192,1203.9
2048,64,8,16,780.866
2048,64,8,32,782.487
2048,64,8,64,790.893
2048,64,8,128,797.272
2048,64,8,256,810.317
2048,64,8,512,847.949
2048,64,8,1024,902.222
2048,64,8,2048,1047.38
2048,64,8,4096,1463.12
2048,64,8,8192,1463.47
2048,64,16,16,814.68
2048,64,16,32,814.168
2048,64,16,64,827.48
2048,64,16,128,845.347
2048,64,16,256,877.155
2048,64,16,512,944.058
2048,64,16,1024,1061.65
2048,64,16,2048,1338.59
2048,64,16,4096,2022.87
2048,64,16,8192,2024.89
2048,64,32,16,877.134
2048,64,32,32,876.152
2048,64,32,64,911.609
2048,64,32,128,946.778
2048,64,32,256,1012.34
2048,64,32,512,1135.31
2048,64,32,1024,1383.63
2048,64,32,2048,1950.67
2048,64,32,4096,3206.2
2048,64,32,8192,3204.82
2048,64,64,16,1012.7
2048,64,64,32,1014.22
2048,64,64,64,1080.39
2048,64,64,128,1145.76
2048,64,64,256,1269.91
2048,64,64,512,1518.24
2048,64,64,1024,2047.97
2048,64,64,2048,3185.76
2048,64,64,4096,5537.81
2048,64,64,8192,5532.88
2048,64,128,16,1282.64
2048,64,128,32,1285.9
2048,64,128,64,1413.41
2048,64,128,128,1546.68
2048,64,128,256,1790.31
2048,64,128,512,2313.79
2048,64,128,1024,3415.76
2048,64,128,2048,5628.12
2048,64,128,4096,10294.2
2048,64,128,8192,10293.1
2048,128,0,0,785.378
2048,128,1,16,788.002
2048,128,1,32,787.864
2048,128,1,64,788.407
2048,128,1,128,790.189
2048,128,1,256,791.096
2048,128,1,512,796.333
2048,128,1,1024,801.997
2048,128,1,2048,817.976
2048,128,1,4096,1040.77
2048,128,1,8192,1038.77
2048,128,2,16,792.365
2048,128,2,32,791.864
2048,128,2,64,793.485
2048,128,2,128,796.344
2048,128,2,256,798.808
2048,128,2,512,809.112
2048,128,2,1024,821.518
2048,128,2,2048,855.075
2048,128,2,4096,1107.01
2048,128,2,8192,1101.83
2048,128,4,16,798.957
2048,128,4,32,799.32
2048,128,4,64,801.773
2048,128,4,128,807.789
2048,128,4,256,813.88
2048,128,4,512,833.401
2048,128,4,1024,861.626
2048,128,4,2048,929.604
2048,128,4,4096,1237.64
2048,128,4,8192,1235.82
2048,128,8,16,817.549
2048,128,8,32,817.005
2048,128,8,64,826.232
2048,128,8,128,831.171
2048,128,8,256,846.916
2048,128,8,512,882.959
2048,128,8,1024,939.13
2048,128,8,2048,1081
2048,128,8,4096,1497.79
2048,128,8,8192,1498.2
2048,128,16,16,850.073
2048,128,16,32,849.572
2048,128,16,64,864.803
2048,128,16,128,880.184
2048,128,16,256,912.836
2048,128,16,512,979.952
2048,128,16,1024,1098.96
2048,128,16,2048,1366.62
2048,128,16,4096,2059.43
2048,128,16,8192,2059.15
2048,128,32,16,911.226
2048,128,32,32,911.215
2048,128,32,64,946.896
2048,128,32,128,981.733
2048,128,32,256,1048.28
2048,128,32,512,1171.43
2048,128,32,1024,1422.53
2048,128,32,2048,1983.93
2048,128,32,4096,3237.52
2048,128,32,8192,3234.9
2048,128,64,16,1048.83
2048,128,64,32,1048.66
2048,128,64,64,1114
2048,128,64,128,1183.21
2048,128,64,256,1307.38
2048,128,64,512,1557.84
2048,128,64,1024,2083.38
2048,128,64,2048,3218.8
2048,128,64,4096,5568.14
2048,128,64,8192,5563.81
2048,128,128,16,1317.47
2048,128,128,32,1318.75
2048,128,128,64,1448.28
2048,128,128,128,1581.72
2048,128,128,256,1825.94
2048,128,128,512,2346.16
2048,128,128,1024,3448.99
2048,128,128,2048,5663.39
2048,128,128,4096,10325.8
2048,128,128,8192,10321.8
2048,256,0,0,858.19
2048,256,1,16,860.706
2048,256,1,32,861.689
2048,256,1,64,863.118
2048,256,1,128,862.852
2048,256,1,256,863.182
2048,256,1,512,868.26
2048,256,1,1024,876.441
2048,256,1,2048,890.937
2048,256,1,4096,1102.32
2048,256,1,8192,1101.68
2048,256,2,16,865.87
2048,256,2,32,865.017
2048,256,2,64,867.609
2048,256,2,128,867.971
2048,256,2,256,871.844
2048,256,2,512,881.412
2048,256,2,1024,893.22
2048,256,2,2048,924.409
2048,256,2,4096,1169.61
2048,256,2,8192,1168.98
2048,256,4,16,872.697
2048,256,4,32,873.753
2048,256,4,64,875.47
2048,256,4,128,880.794
2048,256,4,256,886.831
2048,256,4,512,904.613
2048,256,4,1024,935.173
2048,256,4,2048,989.936
2048,256,4,4096,1302.9
2048,256,4,8192,1300.72
2048,256,8,16,890.339
2048,256,8,32,889.401
2048,256,8,64,898.405
2048,256,8,128,905.178
2048,256,8,256,919.589
2048,256,8,512,954.853
2048,256,8,1024,1014.14
2048,256,8,2048,1146.63
2048,256,8,4096,1572.86
2048,256,8,8192,1572.95
2048,256,16,16,923.481
2048,256,16,32,923.961
2048,256,16,64,938.234
2048,256,16,128,950.523
2048,256,16,256,983.312
2048,256,16,512,1051.27
2048,256,16,1024,1176.45
2048,256,16,2048,1432.8
2048,256,16,4096,2133.72
2048,256,16,8192,2132.4
2048,256,32,16,982.011
2048,256,32,32,982.394
2048,256,32,64,1016.8
2048,256,32,128,1050.43
2048,256,32,256,1117.76
2048,256,32,512,1242.36
2048,256,32,1024,1496.32
2048,256,32,2048,2047.81
2048,256,32,4096,3304.85
2048,256,32,8192,3302.7
2048,256,64,16,1116.4
2048,256,64,32,1119.23
2048,256,64,64,1184.66
2048,256,64,128,1251.91
2048,256,64,256,1377.09
2048,256,64,512,1630.74
2048,256,64,1024,2144.97
2048,256,64,2048,3287
2048,256,64,4096,5623.24
2048,256,64,8192,5626.05
2048,256,128,16,1385.28
2048,256,128,32,1388.39
2048,256,128,64,1518.32
2048,256,128,128,1650.28
2048,256,128,256,1896.27
2048,256,128,512,2410.32
2048,256,128,1024,3513.93
2048,256,128,2048,5729.68
2048,256,128,4096,10391
2048,256,128,8192,10388.4
2048,512,0,0,1001.85
2048,512,1,16,1005.56
2048,512,1,32,1006.51
2048,512,1,64,1007.2
2048,512,1,128,1008.11
2048,512,1,256,1009.23
2048,512,1,512,1013.45
2048,512,1,1024,1021.13
2048,512,1,2048,1036.41
2048,512,1,4096,1232.53
2048,512,1,8192,1232.99
2048,512,2,16,1010.29
2048,512,2,32,1011.06
2048,512,2,64,1014.79
2048,512,2,128,1015.69
2048,512,2,256,1019.42
2048,512,2,512,1024.24
2048,512,2,1024,1040.77
2048,512,2,2048,1068.24
2048,512,2,4096,1299.06
2048,512,2,8192,1297.06
2048,512,4,16,1017.25
2048,512,4,32,1017.75
2048,512,4,64,1020.3
2048,512,4,128,1025.04
2048,512,4,256,1034.25
2048,512,4,512,1047.63
2048,512,4,1024,1082.23
2048,512,4,2048,1137.75
2048,512,4,4096,1437.78
2048,512,4,8192,1436.37
2048,512,8,16,1033.59
2048,512,8,32,1033.6
2048,512,8,64,1041.94
2048,512,8,128,1046.95
2048,512,8,256,1060.53
2048,512,8,512,1095.08
2048,512,8,1024,1160.24
2048,512,8,2048,1283.42
2048,512,8,4096,1712.79
2048,512,8,8192,1707.59
2048,512,16,16,1063.84
2048,512,16,32,1064.11
2048,512,16,64,1078.9
2048,512,16,128,1091.63
2048,512,16,256,1123.92
2048,512,16,512,1193.37
2048,512,16,1024,1328.55
2048,512,16,2048,1567.56
2048,512,16,4096,2269.93
2048,512,16,8192,2267.78
2048,512,32,16,1123.33
2048,512,32,32,1123.53
2048,512,32,64,1156.73
2048,512,32,128,1192.15
2048,512,32,256,1255.23
2048,512,32,512,1383.72
2048,512,32,1024,1638.28
2048,512,32,2048,2175.01
2048,512,32,4096,3433.96
2048,512,32,8192,3431.59
2048,512,64,16,1256.02
2048,512,64,32,1257.24
2048,512,64,64,1323.89
2048,512,64,128,1390.69
2048,512,64,256,1517.49
2048,512,64,512,1768.14
2048,512,64,1024,2274.19
2048,512,64,2048,3420.45
2048,512,64,4096,5760.64
2048,512,64,8192,5753.48
2048,512,128,16,1524.59
2048,512,128,32,1527.77
2048,512,128,64,1658.35
2048,512,128,128,1789.85
2048,512,128,256,2037.91
2048,512,128,512,2539.05
2048,512,128,1024,3643.05
2048,512,128,2048,5865.92
2048,512,128,4096,10515.7
2048,512,128,8192,10520.8
2048,1024,0,0,1288.42
2048,1024,1,16,1292.64
2048,1024,1,32,1290.29
2048,1024,1,64,1292.91
2048,1024,1,128,1291.22
2048,1024,1,256,1293.67
2048,1024,1,512,1297.65
2048,1024,1,1024,1307.63
2048,1024,1,2048,1321.76
2048,1024,1,4096,1475.39
2048,1024,1,8192,1478.4
2048,1024,2,16,1294.45
2048,1024,2,32,1294.86
2048,1024,2,64,1295.28
2048,1024,2,128,1296.82
2048,1024,2,256,1299.49
2048,1024,2,512,1307.1
2048,1024,2,1024,1327.23
2048,1024,2,2048,1359.94
2048,1024,2,4096,1557.51
2048,1024,2,8192,1555.45
2048,1024,4,16,1298.41
2048,1024,4,32,1298.77
2048,1024,4,64,1306.5
2048,1024,4,128,1311.46
2048,1024,4,256,1315.13
2048,1024,4,512,1327.01
2048,1024,4,1024,1364.69
2048,1024,4,2048,1429.8
2048,1024,4,4096,1700.72
2048,1024,4,8192,1701.21
2048,1024,8,16,1316.09
2048,1024,8,32,1314.8
2048,1024,8,64,1323.72
2048,1024,8,128,1329.22
2048,1024,8,256,1345.93
2048,1024,8,512,1374.65
2048,1024,8,1024,1451.48
2048,1024,8,2048,1566.43
2048,1024,8,4096,1962.32
2048,1024,8,8192,1961.48
2048,1024,16,16,1345.1
2048,1024,16,32,1344.82
2048,1024,16,64,1360.55
2048,1024,16,128,1378.27
2048,1024,16,256,1406.69
2048,1024,16,512,1473.49
2048,1024,16,1024,1612.03
2048,1024,16,2048,1832.18
2048,1024,16,4096,2533.45
2048,1024,16,8192,2531.96
2048,1024,32,16,1411.14
2048,1024,32,32,1410.62
2048,1024,32,64,1440.78
2048,1024,32,128,1472.87
2048,1024,32,256,1536.45
2048,1024,32,512,1670.56
2048,1024,32,1024,1916.02
2048,1024,32,2048,2429.93
2048,1024,32,4096,3697.92
2048,1024,32,8192,3695.76
2048,1024,64,16,1537.59
2048,1024,64,32,1538.28
2048,1024,64,64,1604.33
2048,1024,64,128,1671.53
2048,1024,64,256,1798.55
2048,1024,64,512,2050.09
2048,1024,64,1024,2546.01
2048,1024,64,2048,3676.36
2048,1024,64,4096,6026.91
2048,1024,64,8192,6024.72
2048,1024,128,16,1804.89
2048,1024,128,32,1806.75
2048,1024,128,64,1937.1
2048,1024,128,128,2070.29
2048,1024,128,256,2319.21
2048,1024,128,512,2815.62
2048,1024,128,1024,3901.62
2048,1024,128,2048,6128.12
2048,1024,128,4096,10770.7
2048,1024,128,8192,10765.1
2048,2048,0,0,1893.75
2048,2048,1,16,1894.32
2048,2048,1,32,1896.86
2048,2048,1,64,1896.73
2048,2048,1,128,1893.83
2048,2048,1,256,1898.83
2048,2048,1,512,1902.47
2048,2048,1,1024,1910.13
2048,2048,1,2048,1930.65
2048,2048,1,4096,1971
2048,2048,1,8192,1971.06
2048,2048,2,16,1895.35
2048,2048,2,32,1900.53
2048,2048,2,64,1899.73
2048,2048,2,128,1903.15
2048,2048,2,256,1907.03
2048,2048,2,512,1912.92
2048,2048,2,1024,1930.87
2048,2048,2,2048,1965.99
2048,2048,2,4096,2050.97
2048,2048,2,8192,2052.65
2048,2048,4,16,1898.22
2048,2048,4,32,1903.54
2048,2048,4,64,1907.75
2048,2048,4,128,1908.11
2048,2048,4,256,1919.45
2048,2048,4,512,1935.05
2048,2048,4,1024,1964.22
2048,2048,4,2048,2039.8
2048,2048,4,4096,2202.78
2048,2048,4,8192,2203.2
2048,2048,8,16,1919.51
2048,2048,8,32,1917.92
2048,2048,8,64,1928.02
2048,2048,8,128,1932.9
2048,2048,8,256,1949.77
2048,2048,8,512,1981.87
2048,2048,8,1024,2046.81
2048,2048,8,2048,2184.71
2048,2048,8,4096,2490.37
2048,2048,8,8192,2489.66
2048,2048,16,16,1953.86
2048,2048,16,32,1953.29
2048,2048,16,64,1968.26
2048,2048,16,128,1984.47
2048,2048,16,256,2016.69
2048,2048,16,512,2073.54
2048,2048,16,1024,2204.13
2048,2048,16,2048,2474.22
2048,2048,16,4096,3057.71
2048,2048,16,8192,3057.04
2048,2048,32,16,2018.09
2048,2048,32,32,2018.96
2048,2048,32,64,2052.02
2048,2048,32,128,2084.16
2048,2048,32,256,2142.41
2048,2048,32,512,2264.57
2048,2048,32,1024,2524.02
2048,2048,32,2048,3059.44
2048,2048,32,4096,4230.41
2048,2048,32,8192,4228.11
2048,2048,64,16,2145.74
2048,2048,64,32,2148.73
2048,2048,64,64,2209.63
2048,2048,64,128,2264.2
2048,2048,64,256,2390.57
2048,2048,64,512,2653.78
2048,2048,64,1024,3171.56
2048,2048,64,2048,4258.3
2048,2048,64,4096,6606.29
2048,2048,64,8192,6598.88
2048,2048,128,16,2386.83
2048,2048,128,32,2387.22
2048,2048,128,64,2522.24
2048,2048,128,128,2659.54
2048,2048,128,256,2917.67
2048,2048,128,512,3428.59
2048,2048,128,1024,4476.58
2048,2048,128,2048,6748.99
2048,2048,128,4096,11340
2048,2048,128,8192,11330.1
2048,4096,0,0,2376.63
2048,4096,1,16,2376.19
2048,4096,1,32,2376.3
2048,4096,1,64,2378.58
2048,4096,1,128,2376.08
2048,4096,1,256,2377.8
2048,4096,1,512,2376.98
2048,4096,1,1024,2377.78
2048,4096,1,2048,2378
2048,4096,1,4096,2378.73
2048,4096,1,8192,2381
2048,4096,2,16,2377.79
2048,4096,2,32,2378.93
2048,4096,2,64,2378.33
2048,4096,2,128,2379.11
2048,4096,2,256,2380.36
2048,4096,2,512,2378.39
2048,4096,2,1024,2378.87
2048,4096,2,2048,2379.26
2048,4096,2,4096,2424.45
2048,4096,2,8192,2432.73
2048,4096,4,16,2383.73
2048,4096,4,32,2382.1
2048,4096,4,64,2383.69
2048,4096,4,128,2384.48
2048,4096,4,256,2385.21
2048,4096,4,512,2386.59
2048,4096,4,1024,2384.79
2048,4096,4,2048,2427.58
2048,4096,4,4096,2781.08
2048,4096,4,8192,2779.63
2048,4096,8,16,2395.12
2048,4096,8,32,2394.49
2048,4096,8,64,2400.12
2048,4096,8,128,2409.41
2048,4096,8,256,2424.29
2048,4096,8,512,2448.61
2048,4096,8,1024,2496.08
2048,4096,8,2048,2779.46
2048,4096,8,4096,3160.48
2048,4096,8,8192,3161.66
2048,4096,16,16,2420.81
2048,4096,16,32,2421.81
2048,4096,16,64,2435.6
2048,4096,16,128,2450.69
2048,4096,16,256,2479.23
2048,4096,16,512,2536.63
2048,4096,16,1024,2712.82
2048,4096,16,2048,3009.75
2048,4096,16,4096,3604.87
2048,4096,16,8192,3605.09
2048,4096,32,16,2473.36
2048,4096,32,32,2472.87
2048,4096,32,64,2499.96
2048,4096,32,128,2525.72
2048,4096,32,256,2597.58
2048,4096,32,512,2739.85
2048,4096,32,1024,3039.86
2048,4096,32,2048,3579.52
2048,4096,32,4096,4837.7
2048,4096,32,8192,4836.9
2048,4096,64,16,2587.47
2048,4096,64,32,2590.65
2048,4096,64,64,2657.22
2048,4096,64,128,2727.14
2048,4096,64,256,2863.03
2048,4096,64,512,3137.07
2048,4096,64,1024,3693.99
2048,4096,64,2048,4843.66
2048,4096,64,4096,7020.01
2048,4096,64,8192,7020.33
2048,4096,128,16,2864.26
2048,4096,128,32,2866.94
2048,4096,128,64,2998.9
2048,4096,128,128,3138.02
2048,4096,128,256,3408.7
2048,4096,128,512,3950.08
2048,4096,128,1024,5057.44
2048,4096,128,2048,7341.14
2048,4096,128,4096,11938.3
2048,4096,128,8192,11933.1
2048,8192,0,0,2376.82
2048,8192,1,16,2377.37
2048,8192,1,32,2377.78
2048,8192,1,64,2376.79
2048,8192,1,128,2376.52
2048,8192,1,256,2378
2048,8192,1,512,2376.7
2048,8192,1,1024,2375.86
2048,8192,1,2048,2378.36
2048,8192,1,4096,2379.06
2048,8192,1,8192,2379.57
2048,8192,2,16,2378
2048,8192,2,32,2378.98
2048,8192,2,64,2379.5
2048,8192,2,128,2380.58
2048,8192,2,256,2379.51
2048,8192,2,512,2378.97
2048,8192,2,1024,2379.37
2048,8192,2,2048,2380.04
2048,8192,2,4096,2423.49
2048,8192,2,8192,2427.44
2048,8192,4,16,2383.24
2048,8192,4,32,2383.06
2048,8192,4,64,2384.4
2048,8192,4,128,2382.92
2048,8192,4,256,2386.62
2048,8192,4,512,2386.17
2048,8192,4,1024,2385.28
2048,8192,4,2048,2424
2048,8192,4,4096,2780.52
2048,8192,4,8192,2780.84
2048,8192,8,16,2395.9
2048,8192,8,32,2395.36
2048,8192,8,64,2400.73
2048,8192,8,128,2408.95
2048,8192,8,256,2424.35
2048,8192,8,512,2449.45
2048,8192,8,1024,2497.47
2048,8192,8,2048,2779.09
2048,8192,8,4096,3162.45
2048,8192,8,8192,3160.62
2048,8192,16,16,2422.86
2048,8192,16,32,2420.97
2048,8192,16,64,2434.86
2048,8192,16,128,2448.61
2048,8192,16,256,2477.48
2048,8192,16,512,2535.89
2048,8192,16,1024,2711.88
2048,8192,16,2048,3009.19
2048,8192,16,4096,3605.35
2048,8192,16,8192,3610.32
2048,8192,32,16,2473.17
2048,8192,32,32,2473.47
2048,8192,32,64,2497.68
2048,8192,32,128,2524.98
2048,8192,32,256,2598.13
2048,8192,32,512,2742.42
2048,8192,32,1024,3038.72
2048,8192,32,2048,3583.89
2048,8192,32,4096,4838.17
2048,8192,32,8192,4836.58
2048,8192,64,16,2591.6
2048,8192,64,32,2592.75
2048,8192,64,64,2661.17
2048,8192,64,128,2731.84
2048,8192,64,256,2868.42
2048,8192,64,512,3134.12
2048,8192,64,1024,3691.22
2048,8192,64,2048,4842.43
2048,8192,64,4096,7027.54
2048,8192,64,8192,7020.51
2048,8192,128,16,2864.6
2048,8192,128,32,2864.59
2048,8192,128,64,2998.11
2048,8192,128,128,3136.45
2048,8192,128,256,3405.1
2048,8192,128,512,3942.26
2048,8192,128,1024,5043.44
2048,8192,128,2048,7314.88
2048,8192,128,4096,11939.7
2048,8192,128,8192,11936
4096,0,0,0,2504.33
4096,0,1,16,2505.8
4096,0,1,32,2506.35
4096,0,1,64,2504.94
4096,0,1,128,2506.58
4096,0,1,256,2510.07
4096,0,1,512,2514.99
4096,0,1,1024,2521.6
4096,0,1,2048,2537.09
4096,0,1,4096,2576.07
4096,0,1,8192,2579.72
4096,0,2,16,2512.91
4096,0,2,32,2511.25
4096,0,2,64,2514.77
4096,0,2,128,2514.69
4096,0,2,256,2518.29
4096,0,2,512,2525.26
4096,0,2,1024,2540.81
4096,0,2,2048,2575.53
4096,0,2,4096,2663.44
4096,0,2,8192,2668.41
4096,0,4,16,2525.3
4096,0,4,32,2523.93
4096,0,4,64,2528.99
4096,0,4,128,2533.63
4096,0,4,256,2538.26
4096,0,4,512,2554.87
4096,0,4,1024,2588.26
4096,0,4,2048,2656.42
4096,0,4,4096,2817.66
4096,0,4,8192,2817.07
4096,0,8,16,2549.44
4096,0,8,32,2551.2
4096,0,8,64,2559.8
4096,0,8,128,2566.09
4096,0,8,256,2582.69
4096,0,8,512,2617.69
4096,0,8,1024,2679.3
4096,0,8,2048,2817.55
4096,0,8,4096,3117.84
4096,0,8,8192,3117.42
4096,0,16,16,2602.38
4096,0,16,32,2605.4
4096,0,16,64,2620.93
4096,0,16,128,2638.69
4096,0,16,256,2674.17
4096,0,16,512,2731.29
4096,0,16,1024,2856.41
4096,0,16,2048,3117.19
4096,0,16,4096,3719.01
4096,0,16,8192,3720.23
4096,0,32,16,2716.42
4096,0,32,32,2717.56
4096,0,32,64,2747.6
4096,0,32,128,2782.53
4096,0,32,256,2842.44
4096,0,32,512,2965.5
4096,0,32,1024,3209.82
4096,0,32,2048,3722.55
4096,0,32,4096,4899.51
4096,0,32,8192,4897.21
4096,0,64,16,2936.65
4096,0,64,32,2937.46
4096,0,64,64,3001.37
4096,0,64,128,3066.25
4096,0,64,256,3189.46
4096,0,64,512,3428.61
4096,0,64,1024,3935.86
4096,0,64,2048,5055.11
4096,0,64,4096,7395.98
4096,0,64,8192,7382.84
4096,0,128,16,3369.16
4096,0,128,32,3373.58
4096,0,128,64,3495.24
4096,0,128,128,3622.96
4096,0,128,256,3860.86
4096,0,128,512,4363.29
4096,0,128,1024,5462.62
4096,0,128,2048,7716.6
4096,0,128,4096,12277.9
4096,0,128,8192,12261.4
4096,16,0,0,2566.67
4096,16,1,16,2572.29
4096,16,1,32,2573.54
4096,16,1,64,2573.73
4096,16,1,128,2576.33
4096,16,1,256,2577.14
4096,16,1,512,2579.2
4096,16,1,1024,2589.17
4096,16,1,2048,2603.98
4096,16,1,4096,2637.58
4096,16,1,8192,2638.95
4096,16,2,16,2580.34
4096,16,2,32,2580.31
4096,16,2,64,2583.59
4096,16,2,128,2584.87
4096,16,2,256,2590.17
4096,16,2,512,2599.42
4096,16,2,1024,2610.57
4096,16,2,2048,2644.96
4096,16,2,4096,2726.57
4096,16,2,8192,2725.74
4096,16,4,16,2596.08
4096,16,4,32,2590.94
4096,16,4,64,2597.1
4096,16,4,128,2599.39
4096,16,4,256,2608.99
4096,16,4,512,2624.91
4096,16,4,1024,2654.33
4096,16,4,2048,2726.29
4096,16,4,4096,2883
4096,16,4,8192,2883.07
4096,16,8,16,2620.26
4096,16,8,32,2619.62
4096,16,8,64,2626.39
4096,16,8,128,2637.05
4096,16,8,256,2650.86
4096,16,8,512,2687.79
4096,16,8,1024,2750.6
4096,16,8,2048,2883.38
4096,16,8,4096,3182.57
4096,16,8,8192,3181.61
4096,16,16,16,2672.41
4096,16,16,32,2672.1
4096,16,16,64,2692.04
4096,16,16,128,2708.12
4096,16,16,256,2741.32
4096,16,16,512,2803.78
4096,16,16,1024,2927.44
4096,16,16,2048,3186.1
4096,16,16,4096,3786.05
4096,16,16,8192,3784.98
4096,16,32,16,2782.83
4096,16,32,32,2786.43
4096,16,32,64,2817.76
4096,16,32,128,2855.08
4096,16,32,256,2915.75
4096,16,32,512,3120.96
4096,16,32,1024,3280.64
4096,16,32,2048,3792.02
4096,16,32,4096,4958.88
4096,16,32,8192,4959.5
4096,16,64,16,3009.13
4096,16,64,32,3008.99
4096,16,64,64,3074.62
4096,16,64,128,3137.29
4096,16,64,256,3257.75
4096,16,64,512,3500.54
4096,16,64,1024,3999.97
4096,16,64,2048,5118.4
4096,16,64,4096,7455.22
4096,16,64,8192,7448.41
4096,16,128,16,3440.66
4096,16,128,32,3442.64
4096,16,128,64,3559.13
4096,16,128,128,3688.85
4096,16,128,256,3933.24
4096,16,128,512,4430.16
4096,16,128,1024,5618.58
4096,16,128,2048,7780.36
4096,16,128,4096,12340
4096,16,128,8192,12325.6
4096,32,0,0,2569.86
4096,32,1,16,2573.5
4096,32,1,32,2574.83
4096,32,1,64,2572.59
4096,32,1,128,2575.24
4096,32,1,256,2577.42
4096,32,1,512,2579.53
4096,32,1,1024,2590.47
4096,32,1,2048,2607.78
4096,32,1,4096,2639.6
4096,32,1,8192,2640.78
4096,32,2,16,2579.06
4096,32,2,32,2580.95
4096,32,2,64,2583.17
4096,32,2,128,2583.32
4096,32,2,256,2588.14
4096,32,2,512,2598.42
4096,32,2,1024,2610.69
4096,32,2,2048,2644.73
4096,32,2,4096,2728.2
4096,32,2,8192,2728.77
4096,32,4,16,2591.63
4096,32,4,32,2597
4096,32,4,64,2597.9
4096,32,4,128,2601.22
4096,32,4,256,2610.15
4096,32,4,512,2624.07
4096,32,4,1024,2653.18
4096,32,4,2048,2724.03
4096,32,4,4096,2883.66
4096,32,4,8192,2882.68
4096,32,8,16,2621.53
4096,32,8,32,2621.58
4096,32,8,64,2624.13
4096,32,8,128,2637.35
4096,32,8,256,2737.47
4096,32,8,512,2684.97
4096,32,8,1024,2750.5
4096,32,8,2048,2885.69
4096,32,8,4096,3184.11
4096,32,8,8192,3182.73
4096,32,16,16,2672.58
4096,32,16,32,2672.63
4096,32,16,64,2690.3
4096,32,16,128,2708.79
4096,32,16,256,2741.72
4096,32,16,512,2804.11
4096,32,16,1024,2926.9
4096,32,16,2048,3187.09
4096,32,16,4096,3784.92
4096,32,16,8192,3786.06
4096,32,32,16,2788.6
4096,32,32,32,2786.82
4096,32,32,64,2817.94
4096,32,32,128,2853.51
4096,32,32,256,2913.75
4096,32,32,512,3038.71
4096,32,32,1024,3281.71
4096,32,32,2048,3790.77
4096,32,32,4096,4959.8
4096,32,32,8192,4959.9
4096,32,64,16,3008.69
4096,32,64,32,3012.04
4096,32,64,64,3075.26
4096,32,64,128,3138.75
4096,32,64,256,3261.09
4096,32,64,512,3505.21
4096,32,64,1024,4001.34
4096,32,64,2048,5116.71
4096,32,64,4096,7452.32
4096,32,64,8192,7441.69
4096,32,128,16,3442.06
4096,32,128,32,3442.86
4096,32,128,64,3563.46
4096,32,128,128,3687.52
4096,32,128,256,3929.03
4096,32,128,512,4428.32
4096,32,128,1024,5534.78
4096,32,128,2048,7789.37
4096,32,128,4096,12347.1
4096,32,128,8192,12318.2
4096,64,0,0,2568.65
4096,64,1,16,2575.12
4096,64,1,32,2573.41
4096,64,1,64,2575.54
4096,64,1,128,2576.81
4096,64,1,256,2578.91
4096,64,1,512,2581.74
4096,64,1,1024,2591.19
4096,64,1,2048,2609.3
4096,64,1,4096,2636.16
4096,64,1,8192,2639.28
4096,64,2,16,2581.32
4096,64,2,32,2582.49
4096,64,2,64,2582.3
4096,64,2,128,2585.05
4096,64,2,256,2590.45
4096,64,2,512,2598.58
4096,64,2,1024,2612.1
4096,64,2,2048,2645.49
4096,64,2,4096,2725.05
4096,64,2,8192,2730.7
4096,64,4,16,2596.05
4096,64,4,32,2596.25
4096,64,4,64,2596.32
4096,64,4,128,2602.22
4096,64,4,256,2608.61
4096,64,4,512,2628.52
4096,64,4,1024,2654.36
4096,64,4,2048,2726.18
4096,64,4,4096,2882.12
4096,64,4,8192,2879.37
4096,64,8,16,2621.21
4096,64,8,32,2620.73
4096,64,8,64,2628.21
4096,64,8,128,2635.81
4096,64,8,256,2654.62
4096,64,8,512,2686.13
4096,64,8,1024,2750.77
4096,64,8,2048,2885.09
4096,64,8,4096,3183.61
4096,64,8,8192,3182.19
4096,64,16,16,2673.97
4096,64,16,32,2673.33
4096,64,16,64,2692.57
4096,64,16,128,2710.61
4096,64,16,256,2741.06
4096,64,16,512,2803.72
4096,64,16,1024,2927.94
4096,64,16,2048,3186.68
4096,64,16,4096,3784.62
4096,64,16,8192,3785.28
4096,64,32,16,2788.25
4096,64,32,32,2790.41
4096,64,32,64,2818.95
4096,64,32,128,2854.49
4096,64,32,256,2915.34
4096,64,32,512,3036.47
4096,64,32,1024,3281.65
4096,64,32,2048,3792.14
4096,64,32,4096,4959.39
4096,64,32,8192,4957.38
4096,64,64,16,3007.91
4096,64,64,32,3009.92
4096,64,64,64,3075.67
4096,64,64,128,3136.74
4096,64,64,256,3259.81
4096,64,64,512,3502.34
4096,64,64,1024,4000.21
4096,64,64,2048,5118.64
4096,64,64,4096,7461.63
4096,64,64,8192,7450.17
4096,64,128,16,3441.7
4096,64,128,32,3443.07
4096,64,128,64,3559.82
4096,64,128,128,3689.85
4096,64,128,256,3931.54
4096,64,128,512,4432.48
4096,64,128,1024,5537.24
4096,64,128,2048,7778.15
4096,64,128,4096,12336.4
4096,64,128,8192,12327.1
4096,128,0,0,2631.79
4096,128,1,16,2632.55
4096,128,1,32,2635.32
4096,128,1,64,2635.36
4096,128,1,128,2632.91
4096,128,1,256,2637.25
4096,128,1,512,2641.67
4096,128,1,1024,2651.49
4096,128,1,2048,2666.18
4096,128,1,4096,2705.79
4096,128,1,8192,2707.11
4096,128,2,16,2639.97
4096,128,2,32,2639.57
4096,128,2,64,2644.92
4096,128,2,128,2647.05
4096,128,2,256,2651.05
4096,128,2,512,2661.01
4096,128,2,1024,2674.27
4096,128,2,2048,2707.25
4096,128,2,4096,2794.15
4096,128,2,8192,2793.58
4096,128,4,16,2657.14
4096,128,4,32,2657.34
4096,128,4,64,2662.1
4096,128,4,128,2664.21
4096,128,4,256,2674.08
4096,128,4,512,2691.19
4096,128,4,1024,2722.19
4096,128,4,2048,2791.95
4096,128,4,4096,2948.49
4096,128,4,8192,2947.09
4096,128,8,16,2684.23
4096,128,8,32,2685.84
4096,128,8,64,2693.38
4096,128,8,128,2701.2
4096,128,8,256,2718.82
4096,128,8,512,2747.84
4096,128,8,1024,2813.69
4096,128,8,2048,2943.95
4096,128,8,4096,3246.92
4096,128,8,8192,3246.3
4096,128,16,16,2737.4
4096,128,16,32,2738.86
4096,128,16,64,2755.04
4096,128,16,128,2771.07
4096,128,16,256,2807.38
4096,128,16,512,2870.26
4096,128,16,1024,2991.25
4096,128,16,2048,3250.57
4096,128,16,4096,3849.68
4096,128,16,8192,3850.62
4096,128,32,16,2848.65
4096,128,32,32,2851.94
4096,128,32,64,2883.33
4096,128,32,128,2918.02
4096,128,32,256,2978.96
4096,128,32,512,3099.19
4096,128,32,1024,3345.57
4096,128,32,2048,3853.06
4096,128,32,4096,5016.33
4096,128,32,8192,5015.65
4096,128,64,16,3073.18
4096,128,64,32,3077.22
4096,128,64,64,3140.97
4096,128,64,128,3203.5
4096,128,64,256,3323.11
4096,128,64,512,3565.61
4096,128,64,1024,4064.87
4096,128,64,2048,5181.8
4096,128,64,4096,7517.86
4096,128,64,8192,7510.84
4096,128,128,16,3507.45
4096,128,128,32,3509.47
4096,128,128,64,3630.24
4096,128,128,128,3757.76
4096,128,128,256,3995.74
4096,128,128,512,4491.46
4096,128,128,1024,5605.34
4096,128,128,2048,7858.52
4096,128,128,4096,12417.9
4096,128,128,8192,12383.3
4096,256,0,0,2756.97
4096,256,1,16,2759.7
4096,256,1,32,2759.98
4096,256,1,64,2763.58
4096,256,1,128,2763.8
4096,256,1,256,2763.9
4096,256,1,512,2770.27
4096,256,1,1024,2776.48
4096,256,1,2048,2796.09
4096,256,1,4096,2832.23
4096,256,1,8192,2832
4096,256,2,16,2765.33
4096,256,2,32,2766.86
4096,256,2,64,2772.65
4096,256,2,128,2770.51
4096,256,2,256,2774.75
4096,256,2,512,2787.08
4096,256,2,1024,2804.37
4096,256,2,2048,2835.46
4096,256,2,4096,2920.7
4096,256,2,8192,2921.33
4096,256,4,16,2783.24
4096,256,4,32,2782.8
4096,256,4,64,2788.09
4096,256,4,128,2794.52
4096,256,4,256,2799.91
4096,256,4,512,2816.28
4096,256,4,1024,2846.75
4096,256,4,2048,2911.89
4096,256,4,4096,3076.22
4096,256,4,8192,3077.12
4096,256,8,16,2812.24
4096,256,8,32,2813.95
4096,256,8,64,2821.82
4096,256,8,128,2827.25
4096,256,8,256,2842.41
4096,256,8,512,2876.42
4096,256,8,1024,2937.14
4096,256,8,2048,3067
4096,256,8,4096,3378.24
4096,256,8,8192,3378
4096,256,16,16,2863.46
4096,256,16,32,2864.08
4096,256,16,64,2883.61
4096,256,16,128,2897.36
4096,256,16,256,2931.86
4096,256,16,512,2993.88
4096,256,16,1024,3118.66
4096,256,16,2048,3370.68
4096,256,16,4096,3977.16
4096,256,16,8192,3977.13
4096,256,32,16,2972.21
4096,256,32,32,2972.6
4096,256,32,64,3007.97
4096,256,32,128,3040.02
4096,256,32,256,3104.74
4096,256,32,512,3225.59
4096,256,32,1024,3466.26
4096,256,32,2048,3977.67
4096,256,32,4096,5135.2
4096,256,32,8192,5131.91
4096,256,64,16,3201.39
4096,256,64,32,3202.94
4096,256,64,64,3263.77
4096,256,64,128,3328.14
4096,256,64,256,3448.64
4096,256,64,512,3689.2
4096,256,64,1024,4184.29
4096,256,64,2048,5307.89
4096,256,64,4096,7643.91
4096,256,64,8192,7639.14
4096,256,128,16,3632.68
4096,256,128,32,3635.11
4096,256,128,64,3754.51
4096,256,128,128,3882.38
4096,256,128,256,4119.98
4096,256,128,512,4615.78
4096,256,128,1024,5727.6
4096,256,128,2048,7972.85
4096,256,128,4096,12531
4096,256,128,8192,12529.4
4096,512,0,0,2995.39
4096,512,1,16,3005.2
4096,512,1,32,3002.25
4096,512,1,64,3004.59
4096,512,1,128,3007.91
4096,512,1,256,3008.66
4096,512,1,512,3012.3
4096,512,1,1024,3025.15
4096,512,1,2048,3037.01
4096,512,1,4096,3076.63
4096,512,1,8192,3077.47
4096,512,2,16,3012.33
4096,512,2,32,3012.48
4096,512,2,64,3010.7
4096,512,2,128,3016.83
4096,512,2,256,3017.92
4096,512,2,512,3026.61
4096,512,2,1024,3042.36
4096,512,2,2048,3073.95
4096,512,2,4096,3164.6
4096,512,2,8192,3165.59
4096,512,4,16,3022.54
4096,512,4,32,3024.45
4096,512,4,64,3028.49
4096,512,4,128,3028.55
4096,512,4,256,3040.12
4096,512,4,512,3056.49
4096,512,4,1024,3088.42
4096,512,4,2048,3147.55
4096,512,4,4096,3321.39
4096,512,4,8192,3318.95
4096,512,8,16,3049.56
4096,512,8,32,3050.47
4096,512,8,64,3058.31
4096,512,8,128,3065.33
4096,512,8,256,3080.77
4096,512,8,512,3115
4096,512,8,1024,3177.39
4096,512,8,2048,3300.26
4096,512,8,4096,3625.47
4096,512,8,8192,3624.34
4096,512,16,16,3103.35
4096,512,16,32,3100.62
4096,512,16,64,3121.3
4096,512,16,128,3134.58
4096,512,16,256,3172.68
4096,512,16,512,3232.62
4096,512,16,1024,3353.42
4096,512,16,2048,3600.92
4096,512,16,4096,4216.79
4096,512,16,8192,4214.38
4096,512,32,16,3212.69
4096,512,32,32,3217.01
4096,512,32,64,3252.04
4096,512,32,128,3282.52
4096,512,32,256,3342.27
4096,512,32,512,3462.13
4096,512,32,1024,3709.6
4096,512,32,2048,4214.63
4096,512,32,4096,5368.01
4096,512,32,8192,5368.39
4096,512,64,16,3443.64
4096,512,64,32,3445.13
4096,512,64,64,3502.78
4096,512,64,128,3567.82
4096,512,64,256,3690.24
4096,512,64,512,3929.57
4096,512,64,1024,4420.73
4096,512,64,2048,5545.62
4096,512,64,4096,7890.63
4096,512,64,8192,7883.99
4096,512,128,16,3874.29
4096,512,128,32,3878.23
4096,512,128,64,3997.14
4096,512,128,128,4124.87
4096,512,128,256,4361.93
4096,512,128,512,4847.85
4096,512,128,1024,5973.46
4096,512,128,2048,8221.43
4096,512,128,4096,12786.7
4096,512,128,8192,12758.1
4096,1024,0,0,3433.64
4096,1024,1,16,3440.52
4096,1024,1,32,3441.03
4096,1024,1,64,3443.46
4096,1024,1,128,3441.3
4096,1024,1,256,3445.47
4096,1024,1,512,3447.56
4096,1024,1,1024,3455.45
4096,1024,1,2048,3468.66
4096,1024,1,4096,3514.63
4096,1024,1,8192,3514.47
4096,1024,2,16,3447.11
4096,1024,2,32,3446.9
4096,1024,2,64,3448.58
4096,1024,2,128,3451.67
4096,1024,2,256,3458.54
4096,1024,2,512,3463.5
4096,1024,2,1024,3478.43
4096,1024,2,2048,3509.46
4096,1024,2,4096,3604.6
4096,1024,2,8192,3599.88
4096,1024,4,16,3460.62
4096,1024,4,32,3458.29
4096,1024,4,64,3548.69
4096,1024,4,128,3468.17
4096,1024,4,256,3474.27
4096,1024,4,512,3491.59
4096,1024,4,1024,3525.44
4096,1024,4,2048,3582.01
4096,1024,4,4096,3755.63
4096,1024,4,8192,3755.08
4096,1024,8,16,3485.7
4096,1024,8,32,3486.27
4096,1024,8,64,3496.7
4096,1024,8,128,3505.7
4096,1024,8,256,3521.32
4096,1024,8,512,3555.24
4096,1024,8,1024,3611.06
4096,1024,8,2048,3724.39
4096,1024,8,4096,4047.98
4096,1024,8,8192,4047.36
4096,1024,16,16,3546.52
4096,1024,16,32,3545.32
4096,1024,16,64,3561.56
4096,1024,16,128,3578.33
4096,1024,16,256,3613.73
4096,1024,16,512,3669.5
4096,1024,16,1024,3788.79
4096,1024,16,2048,4030.08
4096,1024,16,4096,4639.64
4096,1024,16,8192,4638.8
4096,1024,32,16,3661.97
4096,1024,32,32,3661.07
4096,1024,32,64,3694.9
4096,1024,32,128,3727.08
4096,1024,32,256,3782.81
4096,1024,32,512,3906.37
4096,1024,32,1024,4146.49
4096,1024,32,2048,4646.41
4096,1024,32,4096,5837.02
4096,1024,32,8192,5831.7
4096,1024,64,16,3885.63
4096,1024,64,32,3891.01
4096,1024,64,64,3948.23
4096,1024,64,128,4015.05
4096,1024,64,256,4132.81
4096,1024,64,512,4368.5
4096,1024,64,1024,4834.78
4096,1024,64,2048,5997.24
4096,1024,64,4096,8327.92
4096,1024,64,8192,8320.56
4096,1024,128,16,4308.62
4096,1024,128,32,4313.35
4096,1024,128,64,4428.75
4096,1024,128,128,4547.61
4096,1024,128,256,4729.99
4096,1024,128,512,5310.99
4096,1024,128,1024,6410.9
4096,1024,128,2048,8668.88
4096,1024,128,4096,13226.2
4096,1024,128,8192,13202.7
4096,2048,0,0,4106.32
4096,2048,1,16,4110.91
4096,2048,1,32,4112.33
4096,2048,1,64,4114.96
4096,2048,1,128,4118.55
4096,2048,1,256,4114.56
4096,2048,1,512,4121.24
4096,2048,1,1024,4129.3
4096,2048,1,2048,4140.83
4096,2048,1,4096,4184.77
4096,2048,1,8192,4181.54
4096,2048,2,16,4117.96
4096,2048,2,32,4119.25
4096,2048,2,64,4124.14
4096,2048,2,128,4122.45
4096,2048,2,256,4124.97
4096,2048,2,512,4133.15
4096,2048,2,1024,4143.63
4096,2048,2,2048,4179.38
4096,2048,2,4096,4263.88
4096,2048,2,8192,4262.68
4096,2048,4,16,4133.73
4096,2048,4,32,4131.1
4096,2048,4,64,4137.41
4096,2048,4,128,4142.77
4096,2048,4,256,4149.94
4096,2048,4,512,4164.43
4096,2048,4,1024,4185.98
4096,2048,4,2048,4234.64
4096,2048,4,4096,4389.56
4096,2048,4,8192,4391.79
4096,2048,8,16,4165.28
4096,2048,8,32,4164.53
4096,2048,8,64,4171.27
4096,2048,8,128,4182.02
4096,2048,8,256,4194.12
4096,2048,8,512,4220.67
4096,2048,8,1024,4272.82
4096,2048,8,2048,4374.3
4096,2048,8,4096,4666.89
4096,2048,8,8192,4666.26
4096,2048,16,16,4222.38
4096,2048,16,32,4222.09
4096,2048,16,64,4237.9
4096,2048,16,128,4253.91
4096,2048,16,256,4278.81
4096,2048,16,512,4334.38
4096,2048,16,1024,4451.63
4096,2048,16,2048,4667.01
4096,2048,16,4096,5297.81
4096,2048,16,8192,5295.45
4096,2048,32,16,4330.31
4096,2048,32,32,4331.67
4096,2048,32,64,4359.35
4096,2048,32,128,4393.77
4096,2048,32,256,4449.99
4096,2048,32,512,4570.74
4096,2048,32,1024,4736.79
4096,2048,32,2048,5356.41
4096,2048,32,4096,6550.86
4096,2048,32,8192,6546.74
4096,2048,64,16,4545.45
4096,2048,64,32,4544.41
4096,2048,64,64,4601.23
4096,2048,64,128,4636.95
4096,2048,64,256,4699.76
4096,2048,64,512,4961.01
4096,2048,64,1024,5532.08
4096,2048,64,2048,6690.45
4096,2048,64,4096,9010.76
4096,2048,64,8192,9005.08
4096,2048,128,16,4897.44
4096,2048,128,32,4897.64
4096,2048,128,64,5028.94
4096,2048,128,128,5165.99
4096,2048,128,256,5434.68
4096,2048,128,512,5990.04
4096,2048,128,1024,7103.96
4096,2048,128,2048,9347.27
4096,2048,128,4096,13897.3
4096,2048,128,8192,13899.3
4096,4096,0,0,4740.74
4096,4096,1,16,4736.03
4096,4096,1,32,4736.49
4096,4096,1,64,4735.59
4096,4096,1,128,4735.43
4096,4096,1,256,4734.71
4096,4096,1,512,4734.88
4096,4096,1,1024,4733.16
4096,4096,1,2048,4734.19
4096,4096,1,4096,4746.85
4096,4096,1,8192,4745.66
4096,4096,2,16,4733.45
4096,4096,2,32,4737.68
4096,4096,2,64,4737.14
4096,4096,2,128,4736.27
4096,4096,2,256,4736.84
4096,4096,2,512,4734.8
4096,4096,2,1024,4740.04
4096,4096,2,2048,4736.99
4096,4096,2,4096,4771.55
4096,4096,2,8192,4770.46
4096,4096,4,16,4734.73
4096,4096,4,32,4733.9
4096,4096,4,64,4736.49
4096,4096,4,128,4736.99
4096,4096,4,256,4735.38
4096,4096,4,512,4734.69
4096,4096,4,1024,4737.46
4096,4096,4,2048,4735.93
4096,4096,4,4096,5090.84
4096,4096,4,8192,5086.75
4096,4096,8,16,4736.5
4096,4096,8,32,4737.66
4096,4096,8,64,4735.55
4096,4096,8,128,4737.18
4096,4096,8,256,4738.02
4096,4096,8,512,4734.85
4096,4096,8,1024,4738.73
4096,4096,8,2048,5015.82
4096,4096,8,4096,5255.73
4096,4096,8,8192,5254.1
4096,4096,16,16,4736.87
4096,4096,16,32,4736.52
4096,4096,16,64,4737.01
4096,4096,16,128,4735.68
4096,4096,16,256,4734.92
4096,4096,16,512,4740.77
4096,4096,16,1024,4942.02
4096,4096,16,2048,5244.17
4096,4096,16,4096,5975.31
4096,4096,16,8192,6062.98
4096,4096,32,16,4735.51
4096,4096,32,32,4737.15
4096,4096,32,64,4740.41
4096,4096,32,128,4847.51
4096,4096,32,256,4898.58
4096,4096,32,512,5020.65
4096,4096,32,1024,5307.78
4096,4096,32,2048,5902
4096,4096,32,4096,7042.37
4096,4096,32,8192,7046.49
4096,4096,64,16,5076.3
4096,4096,64,32,4995.75
4096,4096,64,64,5062.39
4096,4096,64,128,5127.26
4096,4096,64,256,5249.75
4096,4096,64,512,5525.88
4096,4096,64,1024,6092.26
4096,4096,64,2048,7236.46
4096,4096,64,4096,9529.94
4096,4096,64,8192,9523.22
4096,4096,128,16,5470.34
4096,4096,128,32,5474.08
4096,4096,128,64,5593.91
4096,4096,128,128,5731.97
4096,4096,128,256,5999.93
4096,4096,128,512,6537.49
4096,4096,128,1024,7650.59
4096,4096,128,2048,9903.91
4096,4096,128,4096,14477.4
4096,4096,128,8192,14466.1
4096,8192,0,0,4737.11
4096,8192,1,16,4736.97
4096,8192,1,32,4733.99
4096,8192,1,64,4735.97
4096,8192,1,128,4735.81
4096,8192,1,256,4732.33
4096,8192,1,512,4732.45
4096,8192,1,1024,4737.41
4096,8192,1,2048,4735.72
4096,8192,1,4096,4746.23
4096,8192,1,8192,4744.68
4096,8192,2,16,4734.9
4096,8192,2,32,4737.45
4096,8192,2,64,4734.38
4096,8192,2,128,4735.93
4096,8192,2,256,4737.27
4096,8192,2,512,4737.77
4096,8192,2,1024,4735.72
4096,8192,2,2048,4738.16
4096,8192,2,4096,4771.26
4096,8192,2,8192,4772.05
4096,8192,4,16,4736.72
4096,8192,4,32,4736.76
4096,8192,4,64,4737.03
4096,8192,4,128,4738.24
4096,8192,4,256,4737.2
4096,8192,4,512,4735.8
4096,8192,4,1024,4738.71
4096,8192,4,2048,4739.39
4096,8192,4,4096,5093.24
4096,8192,4,8192,5091.43
4096,8192,8,16,4734.22
4096,8192,8,32,4735.25
4096,8192,8,64,4736.56
4096,8192,8,128,4736.01
4096,8192,8,256,4737.14
4096,8192,8,512,4739.12
4096,8192,8,1024,4739.3
4096,8192,8,2048,5016.87
4096,8192,8,4096,5250.85
4096,8192,8,8192,5252.36
4096,8192,16,16,4739.68
4096,8192,16,32,4735.32
4096,8192,16,64,4738.19
4096,8192,16,128,4735.44
4096,8192,16,256,4739.94
4096,8192,16,512,4741.3
4096,8192,16,1024,4942.54
4096,8192,16,2048,5242.3
4096,8192,16,4096,5972.86
4096,8192,16,8192,5974.07
4096,8192,32,16,4736.04
4096,8192,32,32,4736.71
4096,8192,32,64,4740.9
4096,8192,32,128,4845.66
4096,8192,32,256,4896.91
4096,8192,32,512,5019.64
4096,8192,32,1024,5304.9
4096,8192,32,2048,5901.64
4096,8192,32,4096,7042.96
4096,8192,32,8192,7043.17
4096,8192,64,16,4991.23
4096,8192,64,32,4993.81
4096,8192,64,64,5060.8
4096,8192,64,128,5124.91
4096,8192,64,256,5248
4096,8192,64,512,5523.03
4096,8192,64,1024,6085.84
4096,8192,64,2048,7231.78
4096,8192,64,4096,9527.36
4096,8192,64,8192,9528.92
4096,8192,128,16,5469.41
4096,8192,128,32,5471.02
4096,8192,128,64,5587.53
4096,8192,128,128,5727.3
4096,8192,128,256,5997.04
4096,8192,128,512,6545.24
4096,8192,128,1024,7659.87
4096,8192,128,2048,9893.04
4096,8192,128,4096,14157.9
4096,8192,128,8192,14472
8192,0,0,0,6965.22
8192,0,1,16,6089.68
8192,0,1,32,6091.69
8192,0,1,64,6091.16
8192,0,1,128,6085.79
8192,0,1,256,6095.56
8192,0,1,512,6099.55
8192,0,1,1024,6105.27
8192,0,1,2048,6118.98
8192,0,1,4096,6152.61
8192,0,1,8192,6158.09
8192,0,2,16,6103.49
8192,0,2,32,6102.13
8192,0,2,64,6990.65
8192,0,2,128,6101.73
8192,0,2,256,6107.89
8192,0,2,512,6114.22
8192,0,2,1024,6130.73
8192,0,2,2048,6158.57
8192,0,2,4096,6253.37
8192,0,2,8192,6250.44
8192,0,4,16,6117.45
8192,0,4,32,6114.9
8192,0,4,64,6122.2
8192,0,4,128,6129.8
8192,0,4,256,7025.18
8192,0,4,512,6147.83
8192,0,4,1024,6178.99
8192,0,4,2048,6236.55
8192,0,4,4096,6411.76
8192,0,4,8192,6409.93
8192,0,8,16,6158.56
8192,0,8,32,6160.78
8192,0,8,64,6168.22
8192,0,8,128,6176.05
8192,0,8,256,6194.88
8192,0,8,512,6221.95
8192,0,8,1024,6280.1
8192,0,8,2048,6417.61
8192,0,8,4096,6697.31
8192,0,8,8192,6692.95
8192,0,16,16,6250.2
8192,0,16,32,6257.48
8192,0,16,64,6266.64
8192,0,16,128,6283.32
8192,0,16,256,6311.17
8192,0,16,512,7302.07
8192,0,16,1024,6497.34
8192,0,16,2048,6726.5
8192,0,16,4096,7362.68
8192,0,16,8192,7336.7
8192,0,32,16,7357.15
8192,0,32,32,6477.57
8192,0,32,64,6515.4
8192,0,32,128,6550.76
8192,0,32,256,6594.8
8192,0,32,512,6702.24
8192,0,32,1024,6976.64
8192,0,32,2048,7403.95
8192,0,32,4096,8500.95
8192,0,32,8192,8509.21
8192,0,64,16,6845.25
8192,0,64,32,7762.27
8192,0,64,64,6832.16
8192,0,64,128,6895.95
8192,0,64,256,6997.5
8192,0,64,512,7214.99
8192,0,64,1024,8755.45
8192,0,64,2048,8670.9
8192,0,64,4096,12238.4
8192,0,64,8192,10906.9
8192,0,128,16,8524.09
8192,0,128,32,7461.48
8192,0,128,64,8653.83
8192,0,128,128,7687.33
8192,0,128,256,7898.35
8192,0,128,512,9586.16
8192,0,128,1024,10688.8
8192,0,128,2048,12919.1
8192,0,128,4096,17420.4
8192,0,128,8192,15531.8
8192,16,0,0,7099.64
8192,16,1,16,7108.66
8192,16,1,32,7109.76
8192,16,1,64,6209.83
8192,16,1,128,6209.38
8192,16,1,256,6211.09
8192,16,1,512,6233.03
8192,16,1,1024,6283.7
8192,16,1,2048,6298.43
8192,16,1,4096,6342.66
8192,16,1,8192,6341.28
8192,16,2,16,6278.17
8192,16,2,32,6276.94
8192,16,2,64,6286.03
8192,16,2,128,6288.17
8192,16,2,256,6302.71
8192,16,2,512,6273.83
8192,16,2,1024,6293.07
8192,16,2,2048,6326.72
8192,16,2,4096,6412.91
8192,16,2,8192,6414.86
8192,16,4,16,6285.62
8192,16,4,32,6289.49
8192,16,4,64,6301.32
8192,16,4,128,6300.29
8192,16,4,256,6315.91
8192,16,4,512,7175.18
8192,16,4,1024,6351.18
8192,16,4,2048,6395.36
8192,16,4,4096,6568.89
8192,16,4,8192,6577.36
8192,16,8,16,6419.17
8192,16,8,32,6339.39
8192,16,8,64,6338.29
8192,16,8,128,6358.62
8192,16,8,256,6375.06
8192,16,8,512,6403.23
8192,16,8,1024,6445.32
8192,16,8,2048,6573.47
8192,16,8,4096,6873
8192,16,8,8192,6865.95
8192,16,16,16,6429.94
8192,16,16,32,6420.93
8192,16,16,64,6451.38
8192,16,16,128,6452.64
8192,16,16,256,6474.83
8192,16,16,512,6553.86
8192,16,16,1024,6655.5
8192,16,16,2048,6906.94
8192,16,16,4096,7500.48
8192,16,16,8192,7452.54
8192,16,32,16,6628.29
8192,16,32,32,6620.35
8192,16,32,64,6646.11
8192,16,32,128,6683.47
8192,16,32,256,7625.98
8192,16,32,512,6837.58
8192,16,32,1024,7053.82
8192,16,32,2048,8510.37
8192,16,32,4096,8645.02
8192,16,32,8192,8636.66
8192,16,64,16,6955.57
8192,16,64,32,6959.81
8192,16,64,64,6995.5
8192,16,64,128,7074.67
8192,16,64,256,7162.11
8192,16,64,512,8387.08
8192,16,64,1024,7835.43
8192,16,64,2048,8838.85
8192,16,64,4096,11017
8192,16,64,8192,12345
8192,16,128,16,7616.02
8192,16,128,32,7619.66
8192,16,128,64,7723.35
8192,16,128,128,8920.17
8192,16,128,256,9172.76
8192,16,128,512,9724.16
8192,16,128,1024,10700.6
8192,16,128,2048,11427.8
8192,16,128,4096,15648.7
8192,16,128,8192,17561.3
8192,32,0,0,7102.64
8192,32,1,16,6215.12
8192,32,1,32,6224.36
8192,32,1,64,6264.05
8192,32,1,128,6270.41
8192,32,1,256,6254.5
8192,32,1,512,6266.99
8192,32,1,1024,6288.58
8192,32,1,2048,6297.26
8192,32,1,4096,6331.92
8192,32,1,8192,6333.24
8192,32,2,16,6259.91
8192,32,2,32,6268.56
8192,32,2,64,6284.95
8192,32,2,128,6283.19
8192,32,2,256,6284.51
8192,32,2,512,6296.55
8192,32,2,1024,7157.51
8192,32,2,2048,7186.76
8192,32,2,4096,7288.24
8192,32,2,8192,6439.98
8192,32,4,16,6293.27
8192,32,4,32,6302.04
8192,32,4,64,6302.2
8192,32,4,128,6309.19
8192,32,4,256,6328.95
8192,32,4,512,6333.93
8192,32,4,1024,6362
8192,32,4,2048,6420.42
8192,32,4,4096,6604.13
8192,32,4,8192,6587.6
8192,32,8,16,6337.77
8192,32,8,32,6341.81
8192,32,8,64,6354.36
8192,32,8,128,6331.74
8192,32,8,256,6363.48
8192,32,8,512,6403.84
8192,32,8,1024,6460.24
8192,32,8,2048,6594.76
8192,32,8,4096,6873.1
8192,32,8,8192,6875.63
8192,32,16,16,6430
8192,32,16,32,6414.13
8192,32,16,64,6447.61
8192,32,16,128,6465.69
8192,32,16,256,6488.55
8192,32,16,512,6555.59
8192,32,16,1024,6643.29
8192,32,16,2048,6908.35
8192,32,16,4096,7449.36
8192,32,16,8192,7499.93
8192,32,32,16,6607.31
8192,32,32,32,6595.13
8192,32,32,64,6632.29
8192,32,32,128,6652.73
8192,32,32,256,6731.02
8192,32,32,512,6818.61
8192,32,32,1024,7057.83
8192,32,32,2048,7518.01
8192,32,32,4096,8640.84
8192,32,32,8192,8604.86
8192,32,64,16,6973.76
8192,32,64,32,6945.82
8192,32,64,64,7024.22
8192,32,64,128,7073.65
8192,32,64,256,7175.54
8192,32,64,512,7394.13
8192,32,64,1024,7842.08
8192,32,64,2048,8865.35
8192,32,64,4096,12344.8
8192,32,64,8192,11018.9
8192,32,128,16,8659.37
8192,32,128,32,7616.67
8192,32,128,64,8789.34
8192,32,128,128,7835.19
8192,32,128,256,9166.45
8192,32,128,512,9246.67
8192,32,128,1024,9464.45
8192,32,128,2048,12514.5
8192,32,128,4096,17559.7
8192,32,128,8192,16287.9
8192,64,0,0,7029.06
8192,64,1,16,7046.37
8192,64,1,32,6147.49
8192,64,1,64,6198.58
8192,64,1,128,6220.34
8192,64,1,256,6202.04
8192,64,1,512,6226.39
8192,64,1,1024,6241.96
8192,64,1,2048,6245.81
8192,64,1,4096,6271.55
8192,64,1,8192,6314.41
8192,64,2,16,6241.92
8192,64,2,32,6211.47
8192,64,2,64,6220.49
8192,64,2,128,6213.09
8192,64,2,256,6210.3
8192,64,2,512,6219.58
8192,64,2,1024,6287.41
8192,64,2,2048,6259.24
8192,64,2,4096,6391.18
8192,64,2,8192,6404.55
8192,64,4,16,6219.44
8192,64,4,32,6243.5
8192,64,4,64,6248.31
8192,64,4,128,6258.52
8192,64,4,256,6253.13
8192,64,4,512,6281.59
8192,64,4,1024,6288.37
8192,64,4,2048,6351.94
8192,64,4,4096,6508.96
8192,64,4,8192,6524.08
8192,64,8,16,6288.29
8192,64,8,32,6280.61
8192,64,8,64,6321.15
8192,64,8,128,6326.2
8192,64,8,256,6345.77
8192,64,8,512,6350.29
8192,64,8,1024,6426.38
8192,64,8,2048,6539.53
8192,64,8,4096,6816.53
8192,64,8,8192,6822.2
8192,64,16,16,6371.73
8192,64,16,32,6375.47
8192,64,16,64,6390.72
8192,64,16,128,6432.44
8192,64,16,256,6434.07
8192,64,16,512,7358.21
8192,64,16,1024,6619.96
8192,64,16,2048,6866.01
8192,64,16,4096,7439.49
8192,64,16,8192,7387.17
8192,64,32,16,6556.55
8192,64,32,32,7436.18
8192,64,32,64,6576.01
8192,64,32,128,6619.72
8192,64,32,256,6673.35
8192,64,32,512,6784.48
8192,64,32,1024,7007.99
8192,64,32,2048,7455.94
8192,64,32,4096,8572.74
8192,64,32,8192,8589.05
8192,64,64,16,6907.15
8192,64,64,32,6911.78
8192,64,64,64,6967.36
8192,64,64,128,7006.06
8192,64,64,256,7109.37
8192,64,64,512,7335.5
8192,64,64,1024,7792.11
8192,64,64,2048,9882.38
8192,64,64,4096,11050.1
8192,64,64,8192,10961.1
8192,64,128,16,7550.76
8192,64,128,32,7561.35
8192,64,128,64,7664.73
8192,64,128,128,8853.36
8192,64,128,256,7998.36
8192,64,128,512,8482.73
8192,64,128,1024,9467.29
8192,64,128,2048,12987.2
8192,64,128,4096,15598.4
8192,64,128,8192,17480.6
8192,128,0,0,7102.5
8192,128,1,16,6207.97
8192,128,1,32,6270.62
8192,128,1,64,6288.2
8192,128,1,128,6276.27
8192,128,1,256,6277.2
8192,128,1,512,6311.84
8192,128,1,1024,6278.18
8192,128,1,2048,6291.8
8192,128,1,4096,6362.73
8192,128,1,8192,6342.6
8192,128,2,16,6299.97
8192,128,2,32,6265.43
8192,128,2,64,6318.68
8192,128,2,128,6261.11
8192,128,2,256,6286.6
8192,128,2,512,6295.68
8192,128,2,1024,6332.43
8192,128,2,2048,6320.93
8192,128,2,4096,6452.2
8192,128,2,8192,6434.3
8192,128,4,16,6300.29
8192,128,4,32,6302.8
8192,128,4,64,6304.27
8192,128,4,128,6905.03
8192,128,4,256,7164.05
8192,128,4,512,7182.85
8192,128,4,1024,7215.95
8192,128,4,2048,7284.05
8192,128,4,4096,7469.1
8192,128,4,8192,6589.5
8192,128,8,16,6345.49
8192,128,8,32,6330.27
8192,128,8,64,6363.45
8192,128,8,128,6361.96
8192,128,8,256,6381.09
8192,128,8,512,6436.82
8192,128,8,1024,6453.24
8192,128,8,2048,6588.93
8192,128,8,4096,6913.41
8192,128,8,8192,6914.81
8192,128,16,16,6420.4
8192,128,16,32,6436.83
8192,128,16,64,6528.61
8192,128,16,128,6466.59
8192,128,16,256,6507.54
8192,128,16,512,6561.59
8192,128,16,1024,6644.98
8192,128,16,2048,6915.47
8192,128,16,4096,7483.52
8192,128,16,8192,7460.53
8192,128,32,16,6625.37
8192,128,32,32,6606.82
8192,128,32,64,6636.29
8192,128,32,128,6680.23
8192,128,32,256,6751.9
8192,128,32,512,6847.39
8192,128,32,1024,7039.75
8192,128,32,2048,7532.73
8192,128,32,4096,8633.78
8192,128,32,8192,8600.74
8192,128,64,16,6950.56
8192,128,64,32,6958.85
8192,128,64,64,7012.83
8192,128,64,128,7096.91
8192,128,64,256,7209.07
8192,128,64,512,7378.51
8192,128,64,1024,7886.29
8192,128,64,2048,8872.37
8192,128,64,4096,11071.2
8192,128,64,8192,11015.1
8192,128,128,16,8663.78
8192,128,128,32,8661.25
8192,128,128,64,7699.09
8192,128,128,128,7809.51
8192,128,128,256,8079.13
8192,128,128,512,8558.32
8192,128,128,1024,9533.44
8192,128,128,2048,13055.1
8192,128,128,4096,16922.5
8192,128,128,8192,17558.6
8192,256,0,0,7241.08
8192,256,1,16,6331.77
8192,256,1,32,6330.86
8192,256,1,64,6365.75
8192,256,1,128,6365.16
8192,256,1,256,6327.68
8192,256,1,512,6360.43
8192,256,1,1024,6396.61
8192,256,1,2048,6410.51
8192,256,1,4096,6444.12
8192,256,1,8192,6442.12
8192,256,2,16,6389.75
8192,256,2,32,6387.41
8192,256,2,64,6388.93
8192,256,2,128,6408.96
8192,256,2,256,6416.37
8192,256,2,512,6405.13
8192,256,2,1024,6419.93
8192,256,2,2048,7341.19
8192,256,2,4096,6550.4
8192,256,2,8192,6532.83
8192,256,4,16,6410.12
8192,256,4,32,6407.12
8192,256,4,64,6428.12
8192,256,4,128,6414.23
8192,256,4,256,6422.15
8192,256,4,512,6444.05
8192,256,4,1024,6470.75
8192,256,4,2048,6570.5
8192,256,4,4096,6686.36
8192,256,4,8192,6682.21
8192,256,8,16,6449.1
8192,256,8,32,6450.62
8192,256,8,64,6456.31
8192,256,8,128,6460.44
8192,256,8,256,6480.64
8192,256,8,512,6511.63
8192,256,8,1024,6573.47
8192,256,8,2048,6711.96
8192,256,8,4096,6978.73
8192,256,8,8192,6994.37
8192,256,16,16,6578.07
8192,256,16,32,6542.81
8192,256,16,64,7465.84
8192,256,16,128,6573.76
8192,256,16,256,6606.26
8192,256,16,512,6661.8
8192,256,16,1024,6783.98
8192,256,16,2048,7007.85
8192,256,16,4096,7599.43
8192,256,16,8192,7565.62
8192,256,32,16,6727.83
8192,256,32,32,6730.58
8192,256,32,64,6756.35
8192,256,32,128,7701.68
8192,256,32,256,6842.57
8192,256,32,512,6940.92
8192,256,32,1024,7169.43
8192,256,32,2048,7626.99
8192,256,32,4096,8733.22
8192,256,32,8192,9858.28
8192,256,64,16,7072.83
8192,256,64,32,7080.49
8192,256,64,64,7130.88
8192,256,64,128,7190.81
8192,256,64,256,7291.39
8192,256,64,512,8524.71
8192,256,64,1024,7891.23
8192,256,64,2048,9775.32
8192,256,64,4096,12089.9
8192,256,64,8192,11147.2
8192,256,128,16,7703.8
8192,256,128,32,8794.98
8192,256,128,64,7806.97
8192,256,128,128,9052.07
8192,256,128,256,8138.21
8192,256,128,512,9855.75
8192,256,128,1024,9579.31
8192,256,128,2048,11542.9
8192,256,128,4096,15737.8
8192,256,128,8192,15743.1
8192,512,0,0,6532.82
8192,512,1,16,7490.8
8192,512,1,32,7490.31
8192,512,1,64,6565.46
8192,512,1,128,6551.35
8192,512,1,256,6581.14
8192,512,1,512,6564.75
8192,512,1,1024,6608.32
8192,512,1,2048,6623.4
8192,512,1,4096,6659.28
8192,512,1,8192,6660.84
8192,512,2,16,6599.61
8192,512,2,32,6600.36
8192,512,2,64,6635.46
8192,512,2,128,6638.05
8192,512,2,256,6628.07
8192,512,2,512,6615.97
8192,512,2,1024,6631.07
8192,512,2,2048,6677.36
8192,512,2,4096,6777.21
8192,512,2,8192,6765.13
8192,512,4,16,6653.85
8192,512,4,32,6621.44
8192,512,4,64,6654.99
8192,512,4,128,6633.17
8192,512,4,256,6639.13
8192,512,4,512,6686.31
8192,512,4,1024,6683.6
8192,512,4,2048,6760.05
8192,512,4,4096,6914.66
8192,512,4,8192,6895.26
8192,512,8,16,6672.62
8192,512,8,32,7570.58
8192,512,8,64,6621.48
8192,512,8,128,6679.37
8192,512,8,256,6696.79
8192,512,8,512,6728.06
8192,512,8,1024,6783.02
8192,512,8,2048,6917.82
8192,512,8,4096,7189.16
8192,512,8,8192,7225.45
8192,512,16,16,6789.02
8192,512,16,32,6773.06
8192,512,16,64,6771.47
8192,512,16,128,6788.73
8192,512,16,256,6849.15
8192,512,16,512,6870.12
8192,512,16,1024,6981.98
8192,512,16,2048,7208.45
8192,512,16,4096,7806.58
8192,512,16,8192,7790.06
8192,512,32,16,6946.75
8192,512,32,32,6946.44
8192,512,32,64,6976.77
8192,512,32,128,7002.95
8192,512,32,256,7088.01
8192,512,32,512,7156.86
8192,512,32,1024,8367.97
8192,512,32,2048,7833.36
8192,512,32,4096,8935.14
8192,512,32,8192,10084.5
8192,512,64,16,7633.77
8192,512,64,32,7238.29
8192,512,64,64,7345.87
8192,512,64,128,7397.67
8192,512,64,256,7505.89
8192,512,64,512,7722.46
8192,512,64,1024,8156.14
8192,512,64,2048,10413.7
8192,512,64,4096,12723.9
8192,512,64,8192,11269.7
8192,512,128,16,7907.05
8192,512,128,32,7907.38
8192,512,128,64,9153.5
8192,512,128,128,9277.91
8192,512,128,256,8342.52
8192,512,128,512,10104.1
8192,512,128,1024,11199.6
8192,512,128,2048,11746.8
8192,512,128,4096,15930.3
8192,512,128,8192,15921.3
8192,1024,0,0,6930.67
8192,1024,1,16,7929.98
8192,1024,1,32,7928.84
8192,1024,1,64,6954.05
8192,1024,1,128,6957.3
8192,1024,1,256,6943.64
8192,1024,1,512,6964.31
8192,1024,1,1024,6968.89
8192,1024,1,2048,6987.21
8192,1024,1,4096,7003.08
8192,1024,1,8192,6999.12
8192,1024,2,16,6976.56
8192,1024,2,32,6961.92
8192,1024,2,64,6985.2
8192,1024,2,128,6978.93
8192,1024,2,256,7948.36
8192,1024,2,512,7955.09
8192,1024,2,1024,7956.48
8192,1024,2,2048,7874.95
8192,1024,2,4096,7108.18
8192,1024,2,8192,7110.55
8192,1024,4,16,6958.62
8192,1024,4,32,7006.27
8192,1024,4,64,7010.36
8192,1024,4,128,7049.29
8192,1024,4,256,7040.58
8192,1024,4,512,7038.08
8192,1024,4,1024,7107.04
8192,1024,4,2048,7149.33
8192,1024,4,4096,7299.54
8192,1024,4,8192,7301.31
8192,1024,8,16,7050.2
8192,1024,8,32,7048.88
8192,1024,8,64,7075.85
8192,1024,8,128,7064.74
8192,1024,8,256,7079.94
8192,1024,8,512,7109.5
8192,1024,8,1024,7163.43
8192,1024,8,2048,7257.34
8192,1024,8,4096,7607.79
8192,1024,8,8192,7570.77
8192,1024,16,16,7142.53
8192,1024,16,32,7147.27
8192,1024,16,64,7162.51
8192,1024,16,128,7177.74
8192,1024,16,256,7222.97
8192,1024,16,512,7276.29
8192,1024,16,1024,7377.4
8192,1024,16,2048,7585.69
8192,1024,16,4096,8182.21
8192,1024,16,8192,8141.01
8192,1024,32,16,7325.92
8192,1024,32,32,7324.17
8192,1024,32,64,7354.5
8192,1024,32,128,8387.89
8192,1024,32,256,7396.84
8192,1024,32,512,7518.88
8192,1024,32,1024,7752.95
8192,1024,32,2048,8225.09
8192,1024,32,4096,9331.61
8192,1024,32,8192,9303
8192,1024,64,16,8719.11
8192,1024,64,32,8722.07
8192,1024,64,64,7846.95
8192,1024,64,128,8848.61
8192,1024,64,256,7856.54
8192,1024,64,512,8042.45
8192,1024,64,1024,9711.41
8192,1024,64,2048,9491.12
8192,1024,64,4096,11644.7
8192,1024,64,8192,11629.9
8192,1024,128,16,9415.54
8192,1024,128,32,9413.2
8192,1024,128,64,8362
8192,1024,128,128,8483.33
8192,1024,128,256,8723.32
8192,1024,128,512,9209.49
8192,1024,128,1024,11647.5
8192,1024,128,2048,12134.5
8192,1024,128,4096,16265.1
8192,1024,128,8192,18388.4
8192,2048,0,0,8605.81
8192,2048,1,16,7537.22
8192,2048,1,32,7576.68
8192,2048,1,64,7555.79
8192,2048,1,128,7539.44
8192,2048,1,256,7567.09
8192,2048,1,512,7564.52
8192,2048,1,1024,7550.93
8192,2048,1,2048,7562.6
8192,2048,1,4096,7620.76
8192,2048,1,8192,7617.27
8192,2048,2,16,7542.15
8192,2048,2,32,7567.45
8192,2048,2,64,7549.12
8192,2048,2,128,7586.52
8192,2048,2,256,7565.91
8192,2048,2,512,7570.24
8192,2048,2,1024,7613.65
8192,2048,2,2048,7619.7
8192,2048,2,4096,7674.3
8192,2048,2,8192,7673.19
8192,2048,4,16,7600.54
8192,2048,4,32,7583.26
8192,2048,4,64,7593.43
8192,2048,4,128,7656.85
8192,2048,4,256,7662.71
8192,2048,4,512,7676.24
8192,2048,4,1024,7678.72
8192,2048,4,2048,7748.77
8192,2048,4,4096,7891.77
8192,2048,4,8192,7859.1
8192,2048,8,16,7657.34
8192,2048,8,32,7657.79
8192,2048,8,64,7683.38
8192,2048,8,128,7671.61
8192,2048,8,256,7682.44
8192,2048,8,512,7711.15
8192,2048,8,1024,7771.72
8192,2048,8,2048,7858.24
8192,2048,8,4096,8126.66
8192,2048,8,8192,8107.67
8192,2048,16,16,7748.2
8192,2048,16,32,7788.76
8192,2048,16,64,7766.27
8192,2048,16,128,7815.72
8192,2048,16,256,7796.78
8192,2048,16,512,8940.32
8192,2048,16,1024,7965.52
8192,2048,16,2048,8154.26
8192,2048,16,4096,8762.44
8192,2048,16,8192,8757.42
8192,2048,32,16,7993.02
8192,2048,32,32,7920.16
8192,2048,32,64,7947.56
8192,2048,32,128,7965.97
8192,2048,32,256,8009.47
8192,2048,32,512,8089.14
8192,2048,32,1024,8261.31
8192,2048,32,2048,8886.45
8192,2048,32,4096,9946.92
8192,2048,32,8192,9906.46
8192,2048,64,16,8159.26
8192,2048,64,32,8154.5
8192,2048,64,64,8199.25
8192,2048,64,128,8243.49
8192,2048,64,256,8376.21
8192,2048,64,512,8644.18
8192,2048,64,1024,10394.6
8192,2048,64,2048,10152.8
8192,2048,64,4096,12218.6
8192,2048,64,8192,12193
8192,2048,128,16,8831.94
8192,2048,128,32,10110.4
8192,2048,128,64,8955.14
8192,2048,128,128,9066.69
8192,2048,128,256,10650
8192,2048,128,512,9778.26
8192,2048,128,1024,10755.4
8192,2048,128,2048,12743.7
8192,2048,128,4096,19071.2
8192,2048,128,8192,19064.3
8192,4096,0,0,9098.58
8192,4096,1,16,7933.57
8192,4096,1,32,7927.78
8192,4096,1,64,7932.73
8192,4096,1,128,7932.09
8192,4096,1,256,7932.28
8192,4096,1,512,7932.92
8192,4096,1,1024,7937.2
8192,4096,1,2048,7936.18
8192,4096,1,4096,7940.32
8192,4096,1,8192,7944.69
8192,4096,2,16,7942.14
8192,4096,2,32,9106.25
8192,4096,2,64,7943.52
8192,4096,2,128,7945.52
8192,4096,2,256,7947.9
8192,4096,2,512,7949.43
8192,4096,2,1024,7951.45
8192,4096,2,2048,7951.95
8192,4096,2,4096,7983.46
8192,4096,2,8192,7991.02
8192,4096,4,16,8017.42
8192,4096,4,32,8019.07
8192,4096,4,64,8021.18
8192,4096,4,128,8026.71
8192,4096,4,256,8026.05
8192,4096,4,512,8036.06
8192,4096,4,1024,8074.71
8192,4096,4,2048,9189.13
8192,4096,4,4096,8836.58
8192,4096,4,8192,8835.41
8192,4096,8,16,8498.78
8192,4096,8,32,7987.74
8192,4096,8,64,7992.63
8192,4096,8,128,7999.94
8192,4096,8,256,8008.29
8192,4096,8,512,8028.88
8192,4096,8,1024,8070.07
8192,4096,8,2048,8196.5
8192,4096,8,4096,8746.28
8192,4096,8,8192,8751.02
8192,4096,16,16,8050.88
8192,4096,16,32,8053.25
8192,4096,16,64,8065.22
8192,4096,16,128,8071.51
8192,4096,16,256,8095.17
8192,4096,16,512,8136.23
8192,4096,16,1024,8237.39
8192,4096,16,2048,8664.22
8192,4096,16,4096,9147.77
8192,4096,16,8192,9169.95
8192,4096,32,16,8179.68
8192,4096,32,32,8177.98
8192,4096,32,64,8201.35
8192,4096,32,128,8222.96
8192,4096,32,256,8322.27
8192,4096,32,512,8533.65
8192,4096,32,1024,8725.78
8192,4096,32,2048,10573.8
8192,4096,32,4096,11768.5
8192,4096,32,8192,10314.1
8192,4096,64,16,8623.86
8192,4096,64,32,8628.57
8192,4096,64,64,8687.54
8192,4096,64,128,10000.7
8192,4096,64,256,10116
8192,4096,64,512,9060.12
8192,4096,64,1024,9535.7
8192,4096,64,2048,10553.7
8192,4096,64,4096,12725.8
8192,4096,64,8192,14410.4
8192,4096,128,16,9361.1
8192,4096,128,32,9365.82
8192,4096,128,64,9469.87
8192,4096,128,128,10969.5
8192,4096,128,256,9814.29
8192,4096,128,512,10280.6
8192,4096,128,1024,12860
8192,4096,128,2048,13198.3
8192,4096,128,4096,17370.8
8192,4096,128,8192,17975.7
