layer,tokens,time_us
act_fn,1,1.86667
act_fn,2,2.016
act_fn,3,2.016
act_fn,4,2.00533
act_fn,5,1.995
act_fn,6,2.03733
act_fn,7,2.027
act_fn,8,2.03733
act_fn,9,2.016
act_fn,10,2.10133
act_fn,11,2.06933
act_fn,12,2.02667
act_fn,13,2.13333
act_fn,14,2.18667
act_fn,15,2.21867
act_fn,16,2.18667
act_fn,20,2.28267
act_fn,24,2.336
act_fn,28,2.45367
act_fn,32,2.51733
act_fn,36,2.58133
act_fn,40,2.69933
act_fn,44,2.752
act_fn,48,2.82667
act_fn,52,2.571
act_fn,56,2.656
act_fn,60,2.667
act_fn,64,2.70933
act_fn,80,3.18933
act_fn,96,3.49867
act_fn,112,3.59467
act_fn,128,3.72267
act_fn,144,4.35233
act_fn,160,4.69333
act_fn,176,4.88567
act_fn,192,4.75767
act_fn,208,5.03467
act_fn,224,5.30133
act_fn,240,5.92
act_fn,256,6.65633
act_fn,272,7.72267
act_fn,288,8.14933
act_fn,304,8.587
act_fn,320,9.099
act_fn,336,9.57867
act_fn,352,9.91
act_fn,368,10.5707
act_fn,384,11.5733
act_fn,400,13.323
act_fn,416,13.92
act_fn,432,14.56
act_fn,448,15.4347
act_fn,464,15.99
act_fn,480,16.747
act_fn,496,17.2693
act_fn,512,17.9527
act_fn,528,18.9873
act_fn,544,19.7553
act_fn,560,20.2673
act_fn,576,21.067
act_fn,592,21.547
act_fn,608,22.155
act_fn,624,22.7523
act_fn,640,23.489
act_fn,656,21.5897
act_fn,672,22.326
act_fn,688,22.966
act_fn,704,23.8623
act_fn,720,24.086
act_fn,736,25.0567
act_fn,752,25.654
act_fn,768,26.39
act_fn,784,28.6837
act_fn,800,29.2593
act_fn,816,29.6757
act_fn,832,30.593
act_fn,848,31.126
act_fn,864,31.958
act_fn,880,32.449
act_fn,896,33.3663
act_fn,912,34.1557
act_fn,928,34.657
act_fn,944,35.3923
act_fn,960,35.809
act_fn,976,36.4383
act_fn,992,37.0037
act_fn,1008,37.8463
act_fn,1024,38.209
act_fn,1040,35.681
act_fn,1056,36.3317
act_fn,1072,37.1957
act_fn,1088,37.7183
act_fn,1104,38.2837
act_fn,1120,38.902
act_fn,1136,39.7877
act_fn,1152,40.5343
act_fn,1168,42.8383
act_fn,1184,43.3287
act_fn,1200,44.2677
act_fn,1216,44.7373
act_fn,1232,45.377
act_fn,1248,45.9107
act_fn,1264,46.5817
act_fn,1280,47.1583
act_fn,1296,48.2783
act_fn,1312,48.8867
act_fn,1328,49.3133
act_fn,1344,49.9317
act_fn,1360,50.369
act_fn,1376,51.1693
act_fn,1392,51.884
act_fn,1408,52.343
act_fn,1424,50.049
act_fn,1440,50.5833
act_fn,1456,51.425
act_fn,1472,51.9477
act_fn,1488,52.652
act_fn,1504,53.3237
act_fn,1520,53.9747
act_fn,1536,54.8603
act_fn,1552,56.7267
act_fn,1568,57.249
act_fn,1584,57.943
act_fn,1600,58.7647
act_fn,1616,59.201
act_fn,1632,59.8307
act_fn,1648,60.727
act_fn,1664,60.9933
act_fn,1680,62.082
act_fn,1696,62.5613
act_fn,1712,63.2447
act_fn,1728,64.098
act_fn,1744,64.6733
act_fn,1760,65.132
act_fn,1776,65.879
act_fn,1792,66.1033
act_fn,1808,63.8093
act_fn,1824,64.791
act_fn,1840,65.111
act_fn,1856,66.295
act_fn,1872,66.9353
act_fn,1888,67.4897
act_fn,1904,68.3327
act_fn,1920,68.951
act_fn,1936,70.7007
act_fn,1952,71.639
act_fn,1968,72.0763
act_fn,1984,72.6633
act_fn,2000,73.207
act_fn,2016,73.73
act_fn,2032,74.306
act_fn,2048,75.1803
act_fn,2064,75.682
act_fn,2080,76.2683
act_fn,2096,77.0047
act_fn,2112,77.506
act_fn,2128,77.9113
act_fn,2144,79.1273
act_fn,2160,79.65
act_fn,2176,79.7243
act_fn,2192,77.922
act_fn,2208,78.8603
act_fn,2224,79.7887
act_fn,2240,80.7593
act_fn,2256,81.3243
act_fn,2272,81.6233
act_fn,2288,82.4237
act_fn,2304,83.1593
act_fn,2320,84.567
act_fn,2336,85.5273
act_fn,2352,85.9753
act_fn,2368,86.6043
act_fn,2384,87.106
act_fn,2400,87.7997
act_fn,2416,88.2047
act_fn,2432,88.877
act_fn,2448,85.815
act_fn,2464,86.157
act_fn,2480,86.786
act_fn,2496,87.4477
act_fn,2512,88.1193
act_fn,2528,88.8237
act_fn,2544,89.5703
act_fn,2560,90.0393
act_fn,2576,92.6213
act_fn,2592,93.1757
act_fn,2608,93.7727
act_fn,2624,94.4447
act_fn,2640,95.1597
act_fn,2656,95.6397
act_fn,2672,96.386
act_fn,2688,97.0263
act_fn,2704,98.7753
act_fn,2720,98.9783
act_fn,2736,99.8853
act_fn,2752,100.631
act_fn,2768,100.76
act_fn,2784,101.485
act_fn,2800,102.04
act_fn,2816,103.011
act_fn,2832,99.661
act_fn,2848,100.344
act_fn,2864,100.898
act_fn,2880,101.613
act_fn,2896,102.051
act_fn,2912,103.149
act_fn,2928,103.597
act_fn,2944,104.291
act_fn,2960,106.808
act_fn,2976,107.202
act_fn,2992,107.736
act_fn,3008,108.269
act_fn,3024,109.24
act_fn,3040,109.464
act_fn,3056,110.328
act_fn,3072,111.191
act_fn,3088,112.216
act_fn,3104,113.155
act_fn,3120,113.443
act_fn,3136,114.19
act_fn,3152,115.139
act_fn,3168,115.544
act_fn,3184,115.982
act_fn,3200,116.728
act_fn,3216,113.486
act_fn,3232,114.243
act_fn,3248,114.926
act_fn,3264,115.661
act_fn,3280,116.238
act_fn,3296,117.23
act_fn,3312,117.645
act_fn,3328,118.424
act_fn,3344,120.696
act_fn,3360,122.094
act_fn,3376,122.285
act_fn,3392,122.755
act_fn,3408,123.384
act_fn,3424,124.024
act_fn,3440,124.153
act_fn,3456,125.144
act_fn,3472,126.062
act_fn,3488,126.808
act_fn,3504,127.694
act_fn,3520,127.576
act_fn,3536,128.345
act_fn,3552,129.219
act_fn,3568,129.39
act_fn,3584,130.35
act_fn,3600,127.705
act_fn,3616,128.473
act_fn,3632,129.123
act_fn,3648,129.816
act_fn,3664,130.382
act_fn,3680,131.075
act_fn,3696,132.11
act_fn,3712,132.472
act_fn,3728,134.883
act_fn,3744,135.278
act_fn,3760,135.833
act_fn,3776,136.878
act_fn,3792,137.155
act_fn,3808,137.891
act_fn,3824,138.51
act_fn,3840,138.798
act_fn,3856,140.196
act_fn,3872,140.654
act_fn,3888,141.177
act_fn,3904,141.604
act_fn,3920,142.094
act_fn,3936,142.564
act_fn,3952,143.438
act_fn,3968,143.961
act_fn,3984,140.836
act_fn,4000,141.742
act_fn,4016,142.307
act_fn,4032,143.673
act_fn,4048,144.014
act_fn,4064,145.006
act_fn,4080,145.657
act_fn,4096,146.329
act_fn,4112,147.353
act_fn,4128,148.398
act_fn,4144,149.348
act_fn,4160,149.956
act_fn,4176,150.852
act_fn,4192,151.833
act_fn,4208,152.718
act_fn,4224,153.348
act_fn,4240,153.711
act_fn,4256,154.212
act_fn,4272,155.065
act_fn,4288,155.396
act_fn,4304,156.516
act_fn,4320,156.42
act_fn,4336,157.327
act_fn,4352,157.465
act_fn,4368,154.66
act_fn,4384,155.311
act_fn,4400,156.558
act_fn,4416,157.476
act_fn,4432,157.721
act_fn,4448,159.15
act_fn,4464,159.513
act_fn,4480,161.177
act_fn,4496,161.753
act_fn,4512,163.129
act_fn,4528,163.14
act_fn,4544,163.993
act_fn,4560,164.847
act_fn,4576,165.647
act_fn,4592,166.447
act_fn,4608,167.023
act_fn,4624,163.823
act_fn,4640,164.217
act_fn,4656,164.9
act_fn,4672,165.636
act_fn,4688,166.169
act_fn,4704,167.364
act_fn,4720,167.492
act_fn,4736,168.121
act_fn,4752,169.615
act_fn,4768,170.265
act_fn,4784,171.012
act_fn,4800,171.706
act_fn,4816,172.665
act_fn,4832,173.892
act_fn,4848,173.988
act_fn,4864,175.279
act_fn,4880,175.663
act_fn,4896,176.975
act_fn,4912,177.38
act_fn,4928,178.468
act_fn,4944,179.546
act_fn,4960,179.919
act_fn,4976,180.804
act_fn,4992,181.412
act_fn,5008,178.084
act_fn,5024,178.18
act_fn,5040,178.97
act_fn,5056,179.748
act_fn,5072,180.729
act_fn,5088,181.604
act_fn,5104,181.882
act_fn,5120,181.999
act_fn,5136,183.61
act_fn,5152,183.866
act_fn,5168,184.825
act_fn,5184,186.116
act_fn,5200,186.927
act_fn,5216,188.132
act_fn,5232,188.911
act_fn,5248,189.295
act_fn,5264,190.202
act_fn,5280,191.29
act_fn,5296,191.77
act_fn,5312,192.57
act_fn,5328,193.253
act_fn,5344,193.935
act_fn,5360,194.212
act_fn,5376,194.981
act_fn,5392,191.162
act_fn,5408,192.325
act_fn,5424,192.73
act_fn,5440,193.829
act_fn,5456,194.341
act_fn,5472,195.034
act_fn,5488,196.538
act_fn,5504,196.41
act_fn,5520,197.445
act_fn,5536,198.757
act_fn,5552,199.076
act_fn,5568,200.293
act_fn,5584,201.381
act_fn,5600,202.149
act_fn,5616,202.746
act_fn,5632,203.707
act_fn,5648,203.994
act_fn,5664,204.794
act_fn,5680,205.733
act_fn,5696,205.669
act_fn,5712,206.992
act_fn,5728,206.96
act_fn,5744,207.856
act_fn,5760,209.018
act_fn,5776,205.146
act_fn,5792,206.351
act_fn,5808,206.266
act_fn,5824,207.269
act_fn,5840,208.24
act_fn,5856,209.125
act_fn,5872,209.883
act_fn,5888,210.896
act_fn,5904,211.376
act_fn,5920,211.984
act_fn,5936,212.858
act_fn,5952,213.797
act_fn,5968,214.523
act_fn,5984,216.037
act_fn,6000,216.944
act_fn,6016,217.467
act_fn,6032,218.267
act_fn,6048,218.618
act_fn,6064,220.326
act_fn,6080,219.814
act_fn,6096,221.008
act_fn,6112,220.816
act_fn,6128,222.01
act_fn,6144,222.587
act_fn,6160,218.704
act_fn,6176,219.504
act_fn,6192,220.773
act_fn,6208,221.755
act_fn,6224,222.523
act_fn,6240,222.886
act_fn,6256,224.497
act_fn,6272,224.688
act_fn,6288,225.627
act_fn,6304,226.821
act_fn,6320,227.44
act_fn,6336,228.997
act_fn,6352,229.19
act_fn,6368,229.957
act_fn,6384,230.95
act_fn,6400,231.665
act_fn,6416,232.614
act_fn,6432,232.774
act_fn,6448,233.648
act_fn,6464,233.829
act_fn,6480,234.224
act_fn,6496,234.523
act_fn,6512,235.11
act_fn,6528,236.336
act_fn,6544,232.528
act_fn,6560,233.883
act_fn,6576,234
act_fn,6592,235.227
act_fn,6608,235.803
act_fn,6624,236.442
act_fn,6640,237.766
act_fn,6656,238.971
act_fn,6672,239.813
act_fn,6688,240.763
act_fn,6704,241.296
act_fn,6720,242.278
act_fn,6736,242.822
act_fn,6752,244.102
act_fn,6768,244.465
act_fn,6784,244.88
act_fn,6800,241.873
act_fn,6816,243.824
act_fn,6832,244.219
act_fn,6848,245.072
act_fn,6864,245.19
act_fn,6880,246.321
act_fn,6896,246.342
act_fn,6912,246.097
act_fn,6928,248.059
act_fn,6944,248.54
act_fn,6960,249.19
act_fn,6976,250.118
act_fn,6992,250.993
act_fn,7008,252.774
act_fn,7024,252.507
act_fn,7040,253.99
act_fn,7056,255.622
act_fn,7072,255.345
act_fn,7088,255.932
act_fn,7104,256.806
act_fn,7120,257.595
act_fn,7136,258.321
act_fn,7152,258.993
act_fn,7168,259.099
act_fn,7184,255.59
act_fn,7200,255.857
act_fn,7216,256.742
act_fn,7232,257.201
act_fn,7248,258.161
act_fn,7264,259.047
act_fn,7280,259.42
act_fn,7296,259.825
act_fn,7312,261.628
act_fn,7328,261.777
act_fn,7344,263.558
act_fn,7360,265.361
act_fn,7376,265.713
act_fn,7392,267.078
act_fn,7408,267.431
act_fn,7424,266.779
act_fn,7440,269.767
act_fn,7456,269.394
act_fn,7472,269.606
act_fn,7488,271.143
act_fn,7504,271.462
act_fn,7520,271.174
act_fn,7536,271.889
act_fn,7552,272.785
act_fn,7568,270.684
act_fn,7584,270.087
act_fn,7600,270.844
act_fn,7616,272.583
act_fn,7632,272.508
act_fn,7648,272.785
act_fn,7664,273.372
act_fn,7680,274.886
act_fn,7696,275.196
act_fn,7712,275.9
act_fn,7728,276.988
act_fn,7744,277.692
act_fn,7760,278.908
act_fn,7776,279.335
act_fn,7792,280.626
act_fn,7808,281.351
act_fn,7824,281.34
act_fn,7840,281.895
act_fn,7856,283.047
act_fn,7872,283.602
act_fn,7888,284.817
act_fn,7904,284.658
act_fn,7920,285.351
act_fn,7936,286.247
act_fn,7952,283.975
act_fn,7968,284.242
act_fn,7984,284.444
act_fn,8000,285.852
act_fn,8016,285.926
act_fn,8032,287.089
act_fn,8048,287.921
act_fn,8064,288.487
act_fn,8080,290.951
act_fn,8096,291.249
act_fn,8112,291.43
act_fn,8128,292.124
act_fn,8144,292.935
act_fn,8160,293.351
act_fn,8176,294.13
act_fn,8192,294.994
act_fn,8208,295.282
act_fn,8224,296.295
act_fn,8240,296.52
act_fn,8256,297.479
act_fn,8272,298.557
act_fn,8288,298.674
act_fn,8304,299.484
act_fn,8320,300.124
act_fn,8336,297.436
act_fn,8352,298.62
act_fn,8368,299.346
act_fn,8384,300.679
act_fn,8400,300.562
act_fn,8416,301.064
act_fn,8432,302.514
act_fn,8448,302.162
act_fn,8464,303.581
act_fn,8480,304.615
act_fn,8496,306.12
act_fn,8512,306.354
act_fn,8528,307.133
act_fn,8544,307.698
act_fn,8560,308.413
act_fn,8576,309.458
act_fn,8592,309.405
act_fn,8608,310.194
act_fn,8624,311.005
act_fn,8640,311.357
act_fn,8656,312.072
act_fn,8672,312.915
act_fn,8688,313.426
act_fn,8704,314.119
act_fn,8720,310.727
act_fn,8736,311.357
act_fn,8752,312.306
act_fn,8768,313.149
act_fn,8784,314.216
act_fn,8800,315.282
act_fn,8816,316.264
act_fn,8832,316.882
act_fn,8848,317.864
act_fn,8864,318.152
act_fn,8880,319.047
act_fn,8896,320.189
act_fn,8912,321.096
act_fn,8928,321.97
act_fn,8944,322.877
act_fn,8960,322.781
act_fn,8976,320.456
act_fn,8992,320.467
act_fn,9008,321.768
act_fn,9024,322.675
act_fn,9040,322.504
act_fn,9056,323.699
act_fn,9072,324.562
act_fn,9088,324.562
act_fn,9104,327.165
act_fn,9120,327.155
act_fn,9136,328.253
act_fn,9152,328.904
act_fn,9168,328.605
act_fn,9184,329.298
act_fn,9200,330.781
act_fn,9216,331.368
act_fn,9232,331.581
act_fn,9248,333.256
act_fn,9264,333.075
act_fn,9280,334.206
act_fn,9296,334.365
act_fn,9312,335.539
act_fn,9328,336.339
act_fn,9344,336.189
act_fn,9360,333.341
act_fn,9376,334.622
act_fn,9392,334.557
act_fn,9408,335.624
act_fn,9424,335.955
act_fn,9440,336.414
act_fn,9456,336.819
act_fn,9472,337.875
act_fn,9488,340.19
act_fn,9504,340.936
act_fn,9520,341.214
act_fn,9536,342.632
act_fn,9552,343.742
act_fn,9568,342.856
act_fn,9584,344.126
act_fn,9600,344.723
act_fn,9616,346.056
act_fn,9632,346.409
act_fn,9648,346.824
act_fn,9664,348.382
act_fn,9680,348.115
act_fn,9696,349.299
act_fn,9712,349.449
act_fn,9728,350.365
act_fn,9744,347.677
act_fn,9760,348.243
act_fn,9776,348.915
act_fn,9792,349.747
act_fn,9808,350.003
act_fn,9824,351.102
act_fn,9840,351.678
act_fn,9856,352.478
act_fn,9872,354.228
act_fn,9888,355.55
act_fn,9904,355.39
act_fn,9920,355.891
act_fn,9936,356.809
act_fn,9952,357.897
act_fn,9968,358.035
act_fn,9984,358.174
act_fn,10000,359.912
act_fn,10016,360.734
act_fn,10032,360.99
act_fn,10048,361.982
act_fn,10064,362.014
act_fn,10080,362.921
act_fn,10096,362.857
act_fn,10112,364.308
act_fn,10128,361
act_fn,10144,362.964
act_fn,10160,362.643
act_fn,10176,363.614
act_fn,10192,364.137
act_fn,10208,365.321
act_fn,10224,366.558
act_fn,10240,366.473
act_fn,10256,368.308
act_fn,10272,369.086
act_fn,10288,370.462
act_fn,10304,370.59
act_fn,10320,371.113
act_fn,10336,371.305
act_fn,10352,371.913
act_fn,10368,373.63
act_fn,10384,373.652
act_fn,10400,374.462
act_fn,10416,374.58
act_fn,10432,375.188
act_fn,10448,376.66
act_fn,10464,377.14
act_fn,10480,377.161
act_fn,10496,377.866
act_fn,10512,375.572
act_fn,10528,375.998
act_fn,10544,376.66
act_fn,10560,377.908
act_fn,10576,377.876
act_fn,10592,379.38
act_fn,10608,379.519
act_fn,10624,380.404
act_fn,10640,383.167
act_fn,10656,382.527
act_fn,10672,383.241
act_fn,10688,383.754
act_fn,10704,383.796
act_fn,10720,385.097
act_fn,10736,386.015
act_fn,10752,385.962
act_fn,10768,387.988
act_fn,10784,388.649
act_fn,10800,388.884
act_fn,10816,389.866
act_fn,10832,390.378
act_fn,10848,391.284
act_fn,10864,391.487
act_fn,10880,391.85
act_fn,10896,390.431
act_fn,10912,391.017
act_fn,10928,391.252
act_fn,10944,392.681
act_fn,10960,391.764
act_fn,10976,392.5
act_fn,10992,394.175
act_fn,11008,394.111
act_fn,11024,396.799
act_fn,11040,396.852
act_fn,11056,397.343
act_fn,11072,398.068
act_fn,11088,398.847
act_fn,11104,398.73
act_fn,11120,399.796
act_fn,11136,400.053
act_fn,11152,398.335
act_fn,11168,398.964
act_fn,11184,398.868
act_fn,11200,399.753
act_fn,11216,400.596
act_fn,11232,401.588
act_fn,11248,401.354
act_fn,11264,402.153
act_fn,11280,405.492
act_fn,11296,404.831
act_fn,11312,406.421
act_fn,11328,406.069
act_fn,11344,407.252
act_fn,11360,408.532
act_fn,11376,408.127
act_fn,11392,409.236
act_fn,11408,410.133
act_fn,11424,411.327
act_fn,11440,411.626
act_fn,11456,413.109
act_fn,11472,413.088
act_fn,11488,415.007
act_fn,11504,414.901
act_fn,11520,415.359
act_fn,11536,411.712
act_fn,11552,412.618
act_fn,11568,412.693
act_fn,11584,413.813
act_fn,11600,414.826
act_fn,11616,414.997
act_fn,11632,415.423
act_fn,11648,416.383
act_fn,11664,418.389
act_fn,11680,418.592
act_fn,11696,419.647
act_fn,11712,420.48
act_fn,11728,420.853
act_fn,11744,421.525
act_fn,11760,422.175
act_fn,11776,422.805
act_fn,11792,424.128
act_fn,11808,425.45
act_fn,11824,426.41
act_fn,11840,426.55
act_fn,11856,427.103
act_fn,11872,427.851
act_fn,11888,428.501
act_fn,11904,428.266
act_fn,11920,425.408
act_fn,11936,426.623
act_fn,11952,427.029
act_fn,11968,427.083
act_fn,11984,427.711
act_fn,12000,428.235
act_fn,12016,429.247
act_fn,12032,429.771
act_fn,12048,431.626
act_fn,12064,432.874
act_fn,12080,433.226
act_fn,12096,434.613
act_fn,12112,435.179
act_fn,12128,435.179
act_fn,12144,436.192
act_fn,12160,435.989
act_fn,12176,437.237
act_fn,12192,437.899
act_fn,12208,438.283
act_fn,12224,439.616
act_fn,12240,440.32
act_fn,12256,440.181
act_fn,12272,440.736
act_fn,12288,441.685
act_fn,12304,440.192
act_fn,12320,440.118
act_fn,12336,441.013
act_fn,12352,442.08
act_fn,12368,442.016
act_fn,12384,443.179
act_fn,12400,444.085
act_fn,12416,444.224
act_fn,12432,445.622
act_fn,12448,446.773
act_fn,12464,446.805
act_fn,12480,448.021
act_fn,12496,448.427
act_fn,12512,449.835
act_fn,12528,449.835
act_fn,12544,450.954
act_fn,12560,452.096
act_fn,12576,452.694
act_fn,12592,452.651
act_fn,12608,453.59
act_fn,12624,454.133
act_fn,12640,455.659
act_fn,12656,456
act_fn,12672,456.064
act_fn,12688,453.824
act_fn,12704,455.467
act_fn,12720,455.766
act_fn,12736,456.502
act_fn,12752,456.971
act_fn,12768,457.568
act_fn,12784,458.592
act_fn,12800,458.827
act_fn,12816,461.227
act_fn,12832,461.366
act_fn,12848,461.11
act_fn,12864,462.688
act_fn,12880,462.945
act_fn,12896,463.692
act_fn,12912,463.702
act_fn,12928,465.302
act_fn,12944,466.336
act_fn,12960,466.742
act_fn,12976,466.966
act_fn,12992,468.225
act_fn,13008,467.436
act_fn,13024,468.811
act_fn,13040,469.696
act_fn,13056,469.515
act_fn,13072,468.417
act_fn,13088,469.259
act_fn,13104,469.686
act_fn,13120,469.995
act_fn,13136,471.361
act_fn,13152,470.753
act_fn,13168,472.086
act_fn,13184,472.395
act_fn,13200,475.553
act_fn,13216,475.244
act_fn,13232,475.606
act_fn,13248,476.321
act_fn,13264,478.144
act_fn,13280,477.537
act_fn,13296,478.763
act_fn,13312,478.828
act_fn,13328,475.329
act_fn,13344,476.417
act_fn,13360,476.79
act_fn,13376,476.94
act_fn,13392,477.655
act_fn,13408,477.857
act_fn,13424,479.126
act_fn,13440,479.767
act_fn,13456,482.625
act_fn,13472,483.659
act_fn,13488,482.977
act_fn,13504,484.812
act_fn,13520,484.651
act_fn,13536,486.22
act_fn,13552,486.401
act_fn,13568,487.777
act_fn,13584,488.385
act_fn,13600,489.431
act_fn,13616,489.175
act_fn,13632,490.422
act_fn,13648,490.796
act_fn,13664,491.638
act_fn,13680,491.905
act_fn,13696,492.769
act_fn,13712,489.036
act_fn,13728,490.379
act_fn,13744,490.668
act_fn,13760,491.286
act_fn,13776,493.761
act_fn,13792,492.886
act_fn,13808,493.58
act_fn,13824,494.657
act_fn,13840,496.641
act_fn,13856,497.591
act_fn,13872,497.505
act_fn,13888,498.764
act_fn,13904,499.191
act_fn,13920,499.596
act_fn,13936,500.801
act_fn,13952,501.388
act_fn,13968,501.484
act_fn,13984,502.775
act_fn,14000,503.426
act_fn,14016,504.236
act_fn,14032,504.962
act_fn,14048,505.292
act_fn,14064,506.338
act_fn,14080,505.538
act_fn,14096,503.255
act_fn,14112,504.354
act_fn,14128,504.62
act_fn,14144,506.7
act_fn,14160,506.604
act_fn,14176,506.658
act_fn,14192,508.279
act_fn,14208,509.388
act_fn,14224,511.159
act_fn,14240,511.938
act_fn,14256,511.969
act_fn,14272,512.471
act_fn,14288,512.481
act_fn,14304,513.997
act_fn,14320,513.826
act_fn,14336,515.234
act_fn,14352,516.482
act_fn,14368,517.164
act_fn,14384,517.965
act_fn,14400,518.561
act_fn,14416,518.465
act_fn,14432,519.308
act_fn,14448,519.543
act_fn,14464,520.002
act_fn,14480,517.997
act_fn,14496,519.159
act_fn,14512,518.497
act_fn,14528,520.258
act_fn,14544,520.354
act_fn,14560,521.069
act_fn,14576,521.484
act_fn,14592,522.305
act_fn,14608,524.535
act_fn,14624,524.055
act_fn,14640,525.453
act_fn,14656,526.775
act_fn,14672,527.383
act_fn,14688,527.778
act_fn,14704,528.28
act_fn,14720,529.517
act_fn,14736,529.463
act_fn,14752,530.2
act_fn,14768,532.397
act_fn,14784,531.65
act_fn,14800,532.866
act_fn,14816,533.09
act_fn,14832,533.09
act_fn,14848,534.072
act_fn,14864,532.269
act_fn,14880,532.514
act_fn,14896,533.197
act_fn,14912,533.57
act_fn,14928,534.967
act_fn,14944,534.402
act_fn,14960,536.258
act_fn,14976,536.248
act_fn,14992,538.338
act_fn,15008,539.064
act_fn,15024,539
act_fn,15040,540.845
act_fn,15056,541.443
act_fn,15072,541.026
act_fn,15088,542.103
act_fn,15104,542.35
act_fn,15120,544.184
act_fn,15136,543.789
act_fn,15152,545.037
act_fn,15168,544.962
act_fn,15184,545.858
act_fn,15200,548.387
act_fn,15216,549.677
act_fn,15232,549.709
act_fn,15248,546.765
act_fn,15264,548.013
act_fn,15280,547.864
act_fn,15296,547.8
act_fn,15312,549.122
act_fn,15328,548.856
act_fn,15344,550.744
act_fn,15360,551.128
act_fn,15376,552.909
act_fn,15392,553.314
act_fn,15408,553.688
act_fn,15424,554.808
act_fn,15440,553.869
act_fn,15456,555.523
act_fn,15472,556.034
act_fn,15488,556.813
act_fn,15504,553.592
act_fn,15520,554.861
act_fn,15536,555.405
act_fn,15552,555.555
act_fn,15568,556.205
act_fn,15584,556.984
act_fn,15600,557.731
act_fn,15616,557.368
act_fn,15632,560.483
act_fn,15648,560.419
act_fn,15664,561.39
act_fn,15680,561.667
act_fn,15696,563.853
act_fn,15712,562.872
act_fn,15728,564.12
act_fn,15744,565.283
act_fn,15760,568.035
act_fn,15776,566.637
act_fn,15792,566.872
act_fn,15808,567.406
act_fn,15824,569.251
act_fn,15840,570.009
act_fn,15856,570.478
act_fn,15872,571.107
act_fn,15888,567.246
act_fn,15904,568.526
act_fn,15920,569.198
act_fn,15936,570.83
act_fn,15952,569.08
act_fn,15968,570.328
act_fn,15984,571.448
act_fn,16000,572.728
act_fn,16016,574.531
act_fn,16032,573.945
act_fn,16048,574.456
act_fn,16064,575.373
act_fn,16080,575.95
act_fn,16096,577.422
act_fn,16112,577.432
act_fn,16128,578.521
act_fn,16144,579.683
act_fn,16160,581.326
act_fn,16176,581.486
act_fn,16192,581.944
act_fn,16208,583.587
act_fn,16224,584.11
act_fn,16240,585.113
act_fn,16256,584.985
act_fn,16272,581.998
act_fn,16288,583.182
act_fn,16304,582.958
act_fn,16320,583.683
act_fn,16336,584.75
act_fn,16352,585.753
act_fn,16368,584.793
down_proj,1,62.1563
down_proj,2,64.9937
down_proj,3,64.8553
down_proj,4,64.77
down_proj,5,64.7163
down_proj,6,64.8543
down_proj,7,64.9297
down_proj,8,64.6417
down_proj,9,64.7587
down_proj,10,64.8227
down_proj,11,64.887
down_proj,12,64.8127
down_proj,13,64.7057
down_proj,14,65.0253
down_proj,15,64.8443
down_proj,16,65.036
down_proj,20,64.4817
down_proj,24,64.6307
down_proj,28,64.567
down_proj,32,64.4707
down_proj,36,64.6207
down_proj,40,64.9087
down_proj,44,64.769
down_proj,48,64.951
down_proj,52,65.4627
down_proj,56,65.3457
down_proj,60,65.8147
down_proj,64,65.7083
down_proj,80,127.182
down_proj,96,127.416
down_proj,112,122.019
down_proj,128,122.019
down_proj,144,240.401
down_proj,160,240.784
down_proj,176,240.646
down_proj,192,240.945
down_proj,208,241.425
down_proj,224,241.521
down_proj,240,241.617
down_proj,256,242.097
down_proj,272,242.097
down_proj,288,241.98
down_proj,304,242.481
down_proj,320,242.47
down_proj,336,476.897
down_proj,352,477.025
down_proj,368,477.154
down_proj,384,477.303
down_proj,400,477.228
down_proj,416,477.015
down_proj,432,477.538
down_proj,448,477.25
down_proj,464,469.516
down_proj,480,469.644
down_proj,496,469.591
down_proj,512,469.803
down_proj,528,473.036
down_proj,544,473.207
down_proj,560,473.878
down_proj,576,473.153
down_proj,592,469.676
down_proj,608,469.527
down_proj,624,469.495
down_proj,640,469.611
down_proj,656,647.365
down_proj,672,648.837
down_proj,688,650.192
down_proj,704,651.536
down_proj,720,652.358
down_proj,736,653.094
down_proj,752,654.086
down_proj,768,654.64
down_proj,784,723.271
down_proj,800,723.303
down_proj,816,723.378
down_proj,832,723.293
down_proj,848,632.346
down_proj,864,941.645
down_proj,880,941.431
down_proj,896,941.709
down_proj,912,721.234
down_proj,928,721.532
down_proj,944,721.65
down_proj,960,935.671
down_proj,976,935.767
down_proj,992,935.842
down_proj,1008,935.991
down_proj,1024,935.884
down_proj,1040,936.183
down_proj,1056,936.374
down_proj,1072,936.375
down_proj,1088,936.556
down_proj,1104,936.492
down_proj,1120,936.599
down_proj,1136,936.599
down_proj,1152,941.815
down_proj,1168,931.991
down_proj,1184,932.066
down_proj,1200,931.745
down_proj,1216,932.162
down_proj,1232,931.66
down_proj,1248,931.639
down_proj,1264,931.638
down_proj,1280,931.671
down_proj,1296,932.086
down_proj,1312,931.863
down_proj,1328,932.13
down_proj,1344,931.917
down_proj,1360,931.981
down_proj,1376,932.226
down_proj,1392,931.896
down_proj,1408,932.087
down_proj,1424,1138.67
down_proj,1440,1139.21
down_proj,1456,1139.83
down_proj,1472,1140.87
down_proj,1488,1141.61
down_proj,1504,1143.8
down_proj,1520,1143.74
down_proj,1536,1144.58
down_proj,1552,1169.94
down_proj,1568,1170.45
down_proj,1584,1170.63
down_proj,1600,1170.82
down_proj,1616,1170.78
down_proj,1632,1170.91
down_proj,1648,1170.7
down_proj,1664,1172.88
down_proj,1680,1171.76
down_proj,1696,1183.37
down_proj,1712,1183.52
down_proj,1728,1184.12
down_proj,1744,1183.94
down_proj,1760,1184.06
down_proj,1776,1183.95
down_proj,1792,1295.29
down_proj,1808,1390.97
down_proj,1824,1391.08
down_proj,1840,1391.19
down_proj,1856,1391.82
down_proj,1872,1391.92
down_proj,1888,1392.06
down_proj,1904,1392.22
down_proj,1920,1392.27
down_proj,1936,1393.84
down_proj,1952,1393.78
down_proj,1968,1393.81
down_proj,1984,1393.7
down_proj,2000,1393.79
down_proj,2016,1393.82
down_proj,2032,1394.03
down_proj,2048,1394.1
down_proj,2064,1394.47
down_proj,2080,1395.07
down_proj,2096,1395.17
down_proj,2112,1405.17
down_proj,2128,1405.17
down_proj,2144,1405.35
down_proj,2160,1405.15
down_proj,2176,1405.47
down_proj,2192,1869.73
down_proj,2208,1870.03
down_proj,2224,1870.37
down_proj,2240,1870.63
down_proj,2256,1870.08
down_proj,2272,1870.8
down_proj,2288,1870.49
down_proj,2304,1870.36
down_proj,2320,1870.29
down_proj,2336,1870.37
down_proj,2352,1635.51
down_proj,2368,1635.12
down_proj,2384,1635.18
down_proj,2400,1635.15
down_proj,2416,1635.09
down_proj,2432,1635.53
down_proj,2448,1855.29
down_proj,2464,1855.2
down_proj,2480,1855.32
down_proj,2496,1855.46
down_proj,2512,1855.64
down_proj,2528,1855.39
down_proj,2544,1855.66
down_proj,2560,1855.85
down_proj,2576,1872.4
down_proj,2592,1872.45
down_proj,2608,1872.71
down_proj,2624,1872.59
down_proj,2640,1873.01
down_proj,2656,1872.83
down_proj,2672,1873.05
down_proj,2688,1873.03
down_proj,2704,1873.1
down_proj,2720,1873.4
down_proj,2736,1873.37
down_proj,2752,1873.7
down_proj,2768,1873.81
down_proj,2784,1874.05
down_proj,2800,1874.26
down_proj,2816,1874.32
down_proj,2832,2149.62
down_proj,2848,2150.28
down_proj,2864,2151.82
down_proj,2880,2153.31
down_proj,2896,2337.05
down_proj,2912,2336.92
down_proj,2928,2337.04
down_proj,2944,2337.28
down_proj,2960,2337.25
down_proj,2976,2336.9
down_proj,2992,2337.09
down_proj,3008,2337.19
down_proj,3024,2337.64
down_proj,3040,2337.17
down_proj,3056,2115.07
down_proj,3072,2115.11
down_proj,3088,2116.37
down_proj,3104,2116.57
down_proj,3120,2116.55
down_proj,3136,2116.65
down_proj,3152,2339.37
down_proj,3168,2339.91
down_proj,3184,2100.6
down_proj,3200,2101.09
down_proj,3216,2318.84
down_proj,3232,2318.26
down_proj,3248,2319.03
down_proj,3264,2318.25
down_proj,3280,2318.2
down_proj,3296,2318.52
down_proj,3312,2318.49
down_proj,3328,2318.08
down_proj,3344,2318.67
down_proj,3360,2318.25
down_proj,3376,2318.72
down_proj,3392,2318.4
down_proj,3408,2318.62
down_proj,3424,2438.21
down_proj,3440,2437.25
down_proj,3456,2437.27
down_proj,3472,2437.34
down_proj,3488,2338.99
down_proj,3504,2339.38
down_proj,3520,2339.28
down_proj,3536,2339.52
down_proj,3552,2339.38
down_proj,3568,2339.61
down_proj,3584,2339.61
down_proj,3600,2803.77
down_proj,3616,2803.81
down_proj,3632,2803.15
down_proj,3648,2803.99
down_proj,3664,2803.82
down_proj,3680,2803.93
down_proj,3696,2804.26
down_proj,3712,2822.27
down_proj,3728,2822.63
down_proj,3744,2822.82
down_proj,3760,2822.87
down_proj,3776,2822.97
down_proj,3792,2822.76
down_proj,3808,2822.68
down_proj,3824,2822.95
down_proj,3840,2822.9
down_proj,3856,2822.96
down_proj,3872,2822.84
down_proj,3888,2822.85
down_proj,3904,2823.03
down_proj,3920,2822.79
down_proj,3936,2822.74
down_proj,3952,2823
down_proj,3968,2823.35
down_proj,3984,2808.1
down_proj,4000,2808.29
down_proj,4016,2823.38
down_proj,4032,2823.21
down_proj,4048,2823.28
down_proj,4064,2823.22
down_proj,4080,2822.99
down_proj,4096,2823.12
down_proj,4112,2808.85
down_proj,4128,2808.69
down_proj,4144,2808.5
down_proj,4160,2808.96
down_proj,4176,2808.62
down_proj,4192,2823.52
down_proj,4208,2823.4
down_proj,4224,2823.52
down_proj,4240,2809.54
down_proj,4256,2809.51
down_proj,4272,2809.5
down_proj,4288,2809.91
down_proj,4304,2809.52
down_proj,4320,2809.69
down_proj,4336,2809.7
down_proj,4352,2810.25
down_proj,4368,3292.14
down_proj,4384,3292.86
down_proj,4400,3292.68
down_proj,4416,3292.67
down_proj,4432,3292.96
down_proj,4448,3292.67
down_proj,4464,3292.92
down_proj,4480,3292.55
down_proj,4496,3292.88
down_proj,4512,3292.83
down_proj,4528,3292.55
down_proj,4544,3293.15
down_proj,4560,3293.17
down_proj,4576,3292.63
down_proj,4592,3292.9
down_proj,4608,3292.99
down_proj,4624,3292.94
down_proj,4640,3293.26
down_proj,4656,3293.2
down_proj,4672,3293.3
down_proj,4688,3293.29
down_proj,4704,3245.88
down_proj,4720,3245.32
down_proj,4736,3245.12
down_proj,4752,3245.71
down_proj,4768,3245.91
down_proj,4784,3246.47
down_proj,4800,3244.82
down_proj,4816,3245.5
down_proj,4832,3246.44
down_proj,4848,3246.37
down_proj,4864,3245.21
down_proj,4880,3246.45
down_proj,4896,3246.08
down_proj,4912,3246.37
down_proj,4928,3246.55
down_proj,4944,3246.08
down_proj,4960,3246.87
down_proj,4976,3246.47
down_proj,4992,3246.18
down_proj,5008,3477.28
down_proj,5024,3477.35
down_proj,5040,3477.21
down_proj,5056,3475.71
down_proj,5072,3476.53
down_proj,5088,3476.12
down_proj,5104,3477.19
down_proj,5120,3475.81
down_proj,5136,3477.6
down_proj,5152,3477.18
down_proj,5168,3476.67
down_proj,5184,3477.44
down_proj,5200,3476.53
down_proj,5216,3476.99
down_proj,5232,3476.89
down_proj,5248,3477.9
down_proj,5264,3477.46
down_proj,5280,3477.7
down_proj,5296,3478.22
down_proj,5312,3477.92
down_proj,5328,3477.74
down_proj,5344,3477.67
down_proj,5360,3477.68
down_proj,5376,3477.02
down_proj,5392,3707.79
down_proj,5408,3707.54
down_proj,5424,3708.11
down_proj,5440,3708
down_proj,5456,3707.78
down_proj,5472,3707.66
down_proj,5488,3707.82
down_proj,5504,3707.67
down_proj,5520,3707.33
down_proj,5536,3707.3
down_proj,5552,3708.23
down_proj,5568,3707.66
down_proj,5584,3708.1
down_proj,5600,3708.34
down_proj,5616,3707.63
down_proj,5632,3707.49
down_proj,5648,3708.23
down_proj,5664,3708.76
down_proj,5680,3708.51
down_proj,5696,3708.55
down_proj,5712,3708.88
down_proj,5728,3708.78
down_proj,5744,3708.86
down_proj,5760,3708.93
down_proj,5776,3938.36
down_proj,5792,3938.9
down_proj,5808,3938.83
down_proj,5824,3938.52
down_proj,5840,3938.88
down_proj,5856,3938.62
down_proj,5872,3939.33
down_proj,5888,3939.39
down_proj,5904,3939.75
down_proj,5920,3939.27
down_proj,5936,3939.19
down_proj,5952,3939.19
down_proj,5968,3939.05
down_proj,5984,3938.67
down_proj,6000,3939.72
down_proj,6016,3939.75
down_proj,6032,3939.74
down_proj,6048,3940.37
down_proj,6064,3940.47
down_proj,6080,3939.75
down_proj,6096,3939.99
down_proj,6112,3940.14
down_proj,6128,3939.6
down_proj,6144,3940.33
down_proj,6160,4169.87
down_proj,6176,4169.91
down_proj,6192,4170.36
down_proj,6208,4170.78
down_proj,6224,4170.67
down_proj,6240,4170.17
down_proj,6256,4170.47
down_proj,6272,4171
down_proj,6288,4170.3
down_proj,6304,4170.67
down_proj,6320,4170.02
down_proj,6336,4170.51
down_proj,6352,4171.27
down_proj,6368,4170.52
down_proj,6384,4170.97
down_proj,6400,4171.22
down_proj,6416,4171.66
down_proj,6432,4171.59
down_proj,6448,4171.5
down_proj,6464,4171.29
down_proj,6480,4171.84
down_proj,6496,4172.38
down_proj,6512,4172.28
down_proj,6528,4171.83
down_proj,6544,4401.78
down_proj,6560,4288.94
down_proj,6576,4252.4
down_proj,6592,4253.03
down_proj,6608,4251.82
down_proj,6624,4251.76
down_proj,6640,4251.86
down_proj,6656,4401.58
down_proj,6672,4253.56
down_proj,6688,3832.13
down_proj,6704,3832.39
down_proj,6720,3834.11
down_proj,6736,3832.15
down_proj,6752,4401.92
down_proj,6768,4182.32
down_proj,6784,4182.78
down_proj,6800,4400.48
down_proj,6816,4224.22
down_proj,6832,4224.87
down_proj,6848,4224.84
down_proj,6864,4225.15
down_proj,6880,4223.46
down_proj,6896,4191.32
down_proj,6912,4192.35
down_proj,6928,4192.28
down_proj,6944,4192.12
down_proj,6960,4192.44
down_proj,6976,4476.35
down_proj,6992,4584.66
down_proj,7008,4632.81
down_proj,7024,4192.31
down_proj,7040,4159.7
down_proj,7056,4159.8
down_proj,7072,4159.08
down_proj,7088,4159.83
down_proj,7104,4159.59
down_proj,7120,4553.43
down_proj,7136,4159.67
down_proj,7152,4131.22
down_proj,7168,4129.23
down_proj,7184,4332.35
down_proj,7200,4233.49
down_proj,7216,4232.87
down_proj,7232,4233.3
down_proj,7248,4247.49
down_proj,7264,4267.98
down_proj,7280,4258.09
down_proj,7296,4249.39
down_proj,7312,4273.46
down_proj,7328,4277.12
down_proj,7344,4269.25
down_proj,7360,4284.53
down_proj,7376,4278.49
down_proj,7392,4276.45
down_proj,7408,4276.37
down_proj,7424,4275.91
down_proj,7440,4280.67
down_proj,7456,4279.61
down_proj,7472,4281.98
down_proj,7488,4280.56
down_proj,7504,4282.14
down_proj,7520,4281.45
down_proj,7536,4268.27
down_proj,7552,4280.54
down_proj,7568,4481.36
down_proj,7584,4472.02
down_proj,7600,4449.57
down_proj,7616,4472.86
down_proj,7632,4463.04
down_proj,7648,4467.31
down_proj,7664,4475.21
down_proj,7680,4472.74
down_proj,7696,4480.85
down_proj,7712,4481.27
down_proj,7728,4471.98
down_proj,7744,4497.76
down_proj,7760,4491.54
down_proj,7776,4481.75
down_proj,7792,4478.96
down_proj,7808,4494.22
down_proj,7824,4480.95
down_proj,7840,4493.4
down_proj,7856,4488.31
down_proj,7872,4497.2
down_proj,7888,4468.99
down_proj,7904,4475.73
down_proj,7920,4487.91
down_proj,7936,4495.44
down_proj,7952,4691.87
down_proj,7968,4690.59
down_proj,7984,4672.22
down_proj,8000,4670.82
down_proj,8016,4666.81
down_proj,8032,4692.99
down_proj,8048,4674.14
down_proj,8064,4680.05
down_proj,8080,4688.99
down_proj,8096,4678.82
down_proj,8112,4692.57
down_proj,8128,4688.4
down_proj,8144,4693
down_proj,8160,4672.85
down_proj,8176,4678.49
down_proj,8192,4688.51
down_proj,8208,4679.42
down_proj,8224,4717.48
down_proj,8240,4694.61
down_proj,8256,4681.73
down_proj,8272,4702.23
down_proj,8288,4702.83
down_proj,8304,4691.69
down_proj,8320,4701.63
down_proj,8336,4879.15
down_proj,8352,4886.69
down_proj,8368,4909.54
down_proj,8384,4911.83
down_proj,8400,4883.96
down_proj,8416,4883.91
down_proj,8432,4887.64
down_proj,8448,4910.77
down_proj,8464,4882.1
down_proj,8480,4900.15
down_proj,8496,4930.72
down_proj,8512,4894.7
down_proj,8528,4896.75
down_proj,8544,4887.84
down_proj,8560,4920.51
down_proj,8576,4895.21
down_proj,8592,4923.14
down_proj,8608,4945.4
down_proj,8624,4905.89
down_proj,8640,4945.51
down_proj,8656,4892.03
down_proj,8672,4913.68
down_proj,8688,4921.41
down_proj,8704,4934.39
down_proj,8720,5105.46
down_proj,8736,5097.2
down_proj,8752,5117.86
down_proj,8768,5098.03
down_proj,8784,5114.65
down_proj,8800,5114.05
down_proj,8816,5113.32
down_proj,8832,5096.65
down_proj,8848,5133.35
down_proj,8864,5128.24
down_proj,8880,5117.23
down_proj,8896,5125.97
down_proj,8912,5122.32
down_proj,8928,5131.84
down_proj,8944,5120.85
down_proj,8960,5124.36
down_proj,8976,5311.04
down_proj,8992,5293.38
down_proj,9008,5309.68
down_proj,9024,5308.36
down_proj,9040,5310.36
down_proj,9056,5322.11
down_proj,9072,5305.21
down_proj,9088,5296.69
down_proj,9104,5306.21
down_proj,9120,5308.86
down_proj,9136,5319.65
down_proj,9152,5310.07
down_proj,9168,5327.86
down_proj,9184,5334.05
down_proj,9200,5346.69
down_proj,9216,5323.73
down_proj,9232,5313.77
down_proj,9248,5303.34
down_proj,9264,5314.27
down_proj,9280,5339.59
down_proj,9296,5325.57
down_proj,9312,5324.2
down_proj,9328,5517.84
down_proj,9344,5535.93
down_proj,9360,5701.45
down_proj,9376,5714.37
down_proj,9392,5739.63
down_proj,9408,5691.88
down_proj,9424,5693.16
down_proj,9440,5693.12
down_proj,9456,5692.99
down_proj,9472,5700.42
down_proj,9488,5754.57
down_proj,9504,5713.59
down_proj,9520,5711.87
down_proj,9536,5739.71
down_proj,9552,5729.79
down_proj,9568,5754.43
down_proj,9584,5744.97
down_proj,9600,5734.73
down_proj,9616,5759.42
down_proj,9632,6407.98
down_proj,9648,6442.93
down_proj,9664,6232.31
down_proj,9680,5751.52
down_proj,9696,5737.54
down_proj,9712,5782.82
down_proj,9728,5803.47
down_proj,9744,5825.18
down_proj,9760,5810.2
down_proj,9776,5826.4
down_proj,9792,5826.19
down_proj,9808,5808.16
down_proj,9824,5805.79
down_proj,9840,5826.41
down_proj,9856,5822.32
down_proj,9872,5812.72
down_proj,9888,5791.51
down_proj,9904,5779.77
down_proj,9920,5847.57
down_proj,9936,5800.46
down_proj,9952,5810.95
down_proj,9968,5812.09
down_proj,9984,5812.51
down_proj,10000,6204.51
down_proj,10016,6228.4
down_proj,10032,6204.57
down_proj,10048,6218.51
down_proj,10064,6235.71
down_proj,10080,5982.12
down_proj,10096,5973.31
down_proj,10112,6229.84
down_proj,10128,6139.83
down_proj,10144,6139
down_proj,10160,6171.82
down_proj,10176,6151.87
down_proj,10192,6131.49
down_proj,10208,6157.94
down_proj,10224,6217.87
down_proj,10240,6208
down_proj,10256,6237.16
down_proj,10272,6203.93
down_proj,10288,6187.87
down_proj,10304,6227.78
down_proj,10320,6202.47
down_proj,10336,6224.59
down_proj,10352,6229.58
down_proj,10368,6203.69
down_proj,10384,6206.59
down_proj,10400,6247.03
down_proj,10416,6248.53
down_proj,10432,6259.93
down_proj,10448,6289.96
down_proj,10464,6255.21
down_proj,10480,6230.45
down_proj,10496,6262.93
down_proj,10512,6231.63
down_proj,10528,6228.45
down_proj,10544,6207.78
down_proj,10560,6237.24
down_proj,10576,6264.97
down_proj,10592,6290.79
down_proj,10608,6234.21
down_proj,10624,6269.29
down_proj,10640,6265.9
down_proj,10656,6254.74
down_proj,10672,6262.58
down_proj,10688,6268
down_proj,10704,6263.14
down_proj,10720,6234.24
down_proj,10736,6296.54
down_proj,10752,6289.24
down_proj,10768,6259.83
down_proj,10784,6275.6
down_proj,10800,6258.51
down_proj,10816,6275.85
down_proj,10832,6257.87
down_proj,10848,6297.27
down_proj,10864,6248.69
down_proj,10880,6270.85
down_proj,10896,6670.5
down_proj,10912,6640.1
down_proj,10928,6669.84
down_proj,10944,6651.76
down_proj,10960,6636.35
down_proj,10976,6655.67
down_proj,10992,6672.02
down_proj,11008,6661.16
down_proj,11024,6710.18
down_proj,11040,6676.79
down_proj,11056,6690.12
down_proj,11072,6688.43
down_proj,11088,6715.8
down_proj,11104,6685.95
down_proj,11120,6713.86
down_proj,11136,6669.41
down_proj,11152,6676.2
down_proj,11168,6660.89
down_proj,11184,6671.53
down_proj,11200,6694.6
down_proj,11216,6668.78
down_proj,11232,6694.33
down_proj,11248,6692.56
down_proj,11264,6696.81
down_proj,11280,6718.59
down_proj,11296,6676.72
down_proj,11312,6674.92
down_proj,11328,6677.63
down_proj,11344,6687.53
down_proj,11360,6691.84
down_proj,11376,6716.63
down_proj,11392,6682.92
down_proj,11408,6701.62
down_proj,11424,6679.93
down_proj,11440,6683.99
down_proj,11456,6687.12
down_proj,11472,6682.76
down_proj,11488,6707.82
down_proj,11504,6693.02
down_proj,11520,6716.74
down_proj,11536,7095.49
down_proj,11552,7059.02
down_proj,11568,7104.17
down_proj,11584,7093.88
down_proj,11600,7118.39
down_proj,11616,7101.15
down_proj,11632,7121.28
down_proj,11648,7104.42
down_proj,11664,7116.6
down_proj,11680,7123.98
down_proj,11696,7108.31
down_proj,11712,7094.02
down_proj,11728,7112.42
down_proj,11744,7090.09
down_proj,11760,7125.53
down_proj,11776,7119.62
down_proj,11792,7091.15
down_proj,11808,7124.89
down_proj,11824,7127.71
down_proj,11840,7115.16
down_proj,11856,7100.38
down_proj,11872,7115.73
down_proj,11888,7086.66
down_proj,11904,7112.09
down_proj,11920,7106.18
down_proj,11936,7106.21
down_proj,11952,7110.35
down_proj,11968,7121.3
down_proj,11984,7112.77
down_proj,12000,7112.84
down_proj,12016,7104.14
down_proj,12032,7102.13
down_proj,12048,7107.6
down_proj,12064,7141.78
down_proj,12080,7124.38
down_proj,12096,7123.71
down_proj,12112,7101.28
down_proj,12128,7120.28
down_proj,12144,7109.8
down_proj,12160,7104.25
down_proj,12176,7133.25
down_proj,12192,7133.79
down_proj,12208,7102.33
down_proj,12224,7125.79
down_proj,12240,7150.48
down_proj,12256,7122.01
down_proj,12272,7157.64
down_proj,12288,7133.95
down_proj,12304,7486.21
down_proj,12320,7521.2
down_proj,12336,7504.96
down_proj,12352,7516.49
down_proj,12368,7565.82
down_proj,12384,7505.87
down_proj,12400,7527.24
down_proj,12416,7526.86
down_proj,12432,7505.92
down_proj,12448,7517.92
down_proj,12464,7512.18
down_proj,12480,7527.98
down_proj,12496,7542.87
down_proj,12512,7529.74
down_proj,12528,7510.39
down_proj,12544,7479.35
down_proj,12560,7536.91
down_proj,12576,7531.07
down_proj,12592,7539.78
down_proj,12608,7541.57
down_proj,12624,7516.04
down_proj,12640,7570.07
down_proj,12656,7543.73
down_proj,12672,7554.59
down_proj,12688,7524.34
down_proj,12704,7517.41
down_proj,12720,7577.19
down_proj,12736,7556.03
down_proj,12752,7542.97
down_proj,12768,7568.51
down_proj,12784,7536.11
down_proj,12800,7562.15
down_proj,12816,7556.3
down_proj,12832,7599.85
down_proj,12848,7566.76
down_proj,12864,7558.32
down_proj,12880,7584.49
down_proj,12896,7568.41
down_proj,12912,7554.12
down_proj,12928,7541.74
down_proj,12944,7547.53
down_proj,12960,7549.9
down_proj,12976,7548.99
down_proj,12992,7551.7
down_proj,13008,7535.29
down_proj,13024,7567.5
down_proj,13040,7539.49
down_proj,13056,7571.64
down_proj,13072,7943.88
down_proj,13088,7964.6
down_proj,13104,7961.09
down_proj,13120,7916.06
down_proj,13136,7957.12
down_proj,13152,7910.73
down_proj,13168,7937
down_proj,13184,7947.69
down_proj,13200,7946.16
down_proj,13216,8014.23
down_proj,13232,8002.15
down_proj,13248,7981.08
down_proj,13264,7942.68
down_proj,13280,7943.73
down_proj,13296,7980.08
down_proj,13312,8013.21
down_proj,13328,7993.8
down_proj,13344,7939.72
down_proj,13360,7993.44
down_proj,13376,7940.08
down_proj,13392,7972.16
down_proj,13408,8045.22
down_proj,13424,7963.61
down_proj,13440,8043.97
down_proj,13456,8018.99
down_proj,13472,7992.91
down_proj,13488,7959.47
down_proj,13504,7961.96
down_proj,13520,8013.93
down_proj,13536,7995.47
down_proj,13552,7937.09
down_proj,13568,7965.03
down_proj,13584,7998.62
down_proj,13600,8017.59
down_proj,13616,8003.35
down_proj,13632,7973.31
down_proj,13648,8038.74
down_proj,13664,7952.6
down_proj,13680,8039.37
down_proj,13696,7967.24
down_proj,13712,8368.38
down_proj,13728,8423.65
down_proj,13744,8438.21
down_proj,13760,8380.1
down_proj,13776,8422.71
down_proj,13792,8372.04
down_proj,13808,8325.2
down_proj,13824,8379.8
down_proj,13840,8431.98
down_proj,13856,8387
down_proj,13872,8405.75
down_proj,13888,8338.31
down_proj,13904,8341.35
down_proj,13920,8377.49
down_proj,13936,8410.45
down_proj,13952,8416.93
down_proj,13968,8421.1
down_proj,13984,8436.25
down_proj,14000,8345.25
down_proj,14016,8421.88
down_proj,14032,8419.94
down_proj,14048,8377.04
down_proj,14064,8422.6
down_proj,14080,8420.98
down_proj,14096,8369.91
down_proj,14112,8339.83
down_proj,14128,8423.64
down_proj,14144,8435.4
down_proj,14160,8434.78
down_proj,14176,8447.26
down_proj,14192,8366.43
down_proj,14208,8412.48
down_proj,14224,8407
down_proj,14240,8428.12
down_proj,14256,8427.3
down_proj,14272,8413.67
down_proj,14288,8434.91
down_proj,14304,8410.46
down_proj,14320,8483.05
down_proj,14336,8392.29
down_proj,14352,8415.11
down_proj,14368,8414.87
down_proj,14384,8410.75
down_proj,14400,8456.07
down_proj,14416,8413.18
down_proj,14432,8436.23
down_proj,14448,8414.37
down_proj,14464,8413.94
down_proj,14480,8824.42
down_proj,14496,8781.17
down_proj,14512,8770.98
down_proj,14528,8753.65
down_proj,14544,8835
down_proj,14560,8788.67
down_proj,14576,8845.28
down_proj,14592,8811.27
down_proj,14608,8840.34
down_proj,14624,8803.92
down_proj,14640,8825.23
down_proj,14656,8825.19
down_proj,14672,8824.49
down_proj,14688,8777.13
down_proj,14704,8791.19
down_proj,14720,8814.4
down_proj,14736,8835.71
down_proj,14752,8818.56
down_proj,14768,8829.58
down_proj,14784,8808.3
down_proj,14800,8841.77
down_proj,14816,8843.38
down_proj,14832,8784.2
down_proj,14848,8834.68
down_proj,14864,8790.02
down_proj,14880,8821.84
down_proj,14896,8809.73
down_proj,14912,8826.44
down_proj,14928,8834.15
down_proj,14944,8852.53
down_proj,14960,8787.78
down_proj,14976,8820.18
down_proj,14992,8834.2
down_proj,15008,8793.95
down_proj,15024,8843.29
down_proj,15040,8806.28
down_proj,15056,8872.46
down_proj,15072,8818.45
down_proj,15088,8833.29
down_proj,15104,8812.41
down_proj,15120,8811.89
down_proj,15136,8766.88
down_proj,15152,8830.27
down_proj,15168,8882.83
down_proj,15184,8817.21
down_proj,15200,8777
down_proj,15216,8848.75
down_proj,15232,8859.47
down_proj,15248,9227.23
down_proj,15264,9241.44
down_proj,15280,9280.27
down_proj,15296,9275.55
down_proj,15312,9248.72
down_proj,15328,9264.65
down_proj,15344,9226.87
down_proj,15360,9275.65
down_proj,15376,9262.77
down_proj,15392,9207.92
down_proj,15408,9308.87
down_proj,15424,9287.42
down_proj,15440,9280.21
down_proj,15456,9289.44
down_proj,15472,9236.58
down_proj,15488,9213.81
down_proj,15504,9279.04
down_proj,15520,9219.33
down_proj,15536,9285.94
down_proj,15552,9267.39
down_proj,15568,9291.23
down_proj,15584,9265.73
down_proj,15600,9214.54
down_proj,15616,9279.56
down_proj,15632,9253.84
down_proj,15648,9289.03
down_proj,15664,9259.73
down_proj,15680,9251.42
down_proj,15696,9335.06
down_proj,15712,9244.86
down_proj,15728,9252.66
down_proj,15744,9286.77
down_proj,15760,9278.62
down_proj,15776,9278.93
down_proj,15792,9295.06
down_proj,15808,9279.23
down_proj,15824,9291.02
down_proj,15840,9271.08
down_proj,15856,9252.94
down_proj,15872,9298.56
down_proj,15888,9672.46
down_proj,15904,9659.35
down_proj,15920,9695.07
down_proj,15936,9698.99
down_proj,15952,9699.06
down_proj,15968,9663.45
down_proj,15984,9685.9
down_proj,16000,9678.15
down_proj,16016,9702.74
down_proj,16032,9711.69
down_proj,16048,9719.38
down_proj,16064,9703.24
down_proj,16080,9714.51
down_proj,16096,9694.21
down_proj,16112,9702.76
down_proj,16128,9687.68
down_proj,16144,9694
down_proj,16160,9663.78
down_proj,16176,9710.63
down_proj,16192,9693.32
down_proj,16208,9665.25
down_proj,16224,9622.74
down_proj,16240,9694.35
down_proj,16256,9711.53
down_proj,16272,9632.34
down_proj,16288,9650.51
down_proj,16304,9656.12
down_proj,16320,9603.63
down_proj,16336,9667.88
down_proj,16352,9674.9
down_proj,16368,9635.32
embedding,1,4.21333
embedding,2,4.43733
embedding,3,4.66133
embedding,4,4.91733
embedding,5,5.312
embedding,6,5.54667
embedding,7,5.77067
embedding,8,5.93067
embedding,9,6.432
embedding,10,6.66667
embedding,11,6.944
embedding,12,7.19
embedding,13,7.57367
embedding,14,7.787
embedding,15,8.043
embedding,16,8.18133
embedding,20,3.59467
embedding,24,3.54133
embedding,28,3.712
embedding,32,3.60533
embedding,36,3.84
embedding,40,3.75467
embedding,44,3.88267
embedding,48,3.776
embedding,52,3.95733
embedding,56,3.872
embedding,60,4.02133
embedding,64,3.94667
embedding,80,4.032
embedding,96,4.05367
embedding,112,4.16
embedding,128,4.14933
embedding,144,4.62933
embedding,160,4.619
embedding,176,4.60833
embedding,192,4.67233
embedding,208,4.66167
embedding,224,4.76833
embedding,240,4.864
embedding,256,4.992
embedding,272,5.26933
embedding,288,5.344
embedding,304,5.49333
embedding,320,5.515
embedding,336,5.65367
embedding,352,5.65333
embedding,368,5.81367
embedding,384,5.88833
embedding,400,6.368
embedding,416,6.54933
embedding,432,6.561
embedding,448,6.624
embedding,464,6.60333
embedding,480,6.66667
embedding,496,6.699
embedding,512,6.752
embedding,528,6.784
embedding,544,6.82667
embedding,560,6.91233
embedding,576,6.98767
embedding,592,6.99733
embedding,608,7.072
embedding,624,7.28567
embedding,640,7.24267
embedding,656,7.30667
embedding,672,7.41333
embedding,688,7.57333
embedding,704,7.75533
embedding,720,7.84033
embedding,736,7.883
embedding,752,8.096
embedding,768,8.27733
embedding,784,8.416
embedding,800,8.55467
embedding,816,8.80033
embedding,832,8.90733
embedding,848,9.19467
embedding,864,9.23733
embedding,880,9.47233
embedding,896,9.38667
embedding,912,9.59033
embedding,928,9.56833
embedding,944,9.86733
embedding,960,10.2187
embedding,976,10.304
embedding,992,10.411
embedding,1008,10.6133
embedding,1024,10.944
embedding,1040,11.0937
embedding,1056,11.2963
embedding,1072,11.5093
embedding,1088,11.499
embedding,1104,11.8193
embedding,1120,11.7333
embedding,1136,11.9467
embedding,1152,12.0967
embedding,1168,12.1927
embedding,1184,12.4267
embedding,1200,12.555
embedding,1216,13.1527
embedding,1232,12.79
embedding,1248,13.056
embedding,1264,13.0667
embedding,1280,13.078
embedding,1296,13.408
embedding,1312,13.5257
embedding,1328,13.643
embedding,1344,13.643
embedding,1360,13.8993
embedding,1376,14.0807
embedding,1392,14.1767
embedding,1408,14.3367
embedding,1424,14.5283
embedding,1440,14.5607
embedding,1456,14.7313
embedding,1472,14.8273
embedding,1488,15.008
embedding,1504,15.168
embedding,1520,15.3817
embedding,1536,15.3813
embedding,1552,15.7867
embedding,1568,15.8517
embedding,1584,16.0213
embedding,1600,16.1713
embedding,1616,16.1927
embedding,1632,16.4487
embedding,1648,16.5017
embedding,1664,16.8323
embedding,1680,16.9607
embedding,1696,16.9497
embedding,1712,16.9713
embedding,1728,17.4293
embedding,1744,17.3127
embedding,1760,17.323
embedding,1776,17.568
embedding,1792,17.6857
embedding,1808,17.8143
embedding,1824,17.9853
embedding,1840,18.1657
embedding,1856,18.1657
embedding,1872,18.3257
embedding,1888,18.4537
embedding,1904,18.6777
embedding,1920,18.8703
embedding,1936,18.9867
embedding,1952,19.083
embedding,1968,19.35
embedding,1984,19.2857
embedding,2000,19.563
embedding,2016,19.7127
embedding,2032,19.8307
embedding,2048,19.969
embedding,2064,20.022
embedding,2080,20.182
embedding,2096,20.2133
embedding,2112,20.438
embedding,2128,20.555
embedding,2144,20.8963
embedding,2160,20.9393
embedding,2176,21.2487
embedding,2192,21.1843
embedding,2208,21.3447
embedding,2224,21.5473
embedding,2240,22.059
embedding,2256,21.8677
embedding,2272,21.9097
embedding,2288,21.9843
embedding,2304,22.2293
embedding,2320,22.614
embedding,2336,22.56
embedding,2352,22.9343
embedding,2368,22.8487
embedding,2384,23.041
embedding,2400,23.2003
embedding,2416,23.2113
embedding,2432,23.553
embedding,2448,23.6377
embedding,2464,23.6807
embedding,2480,23.5523
embedding,2496,24.0327
embedding,2512,24.0543
embedding,2528,24.2357
embedding,2544,24.395
embedding,2560,24.3957
embedding,2576,24.555
embedding,2592,24.737
embedding,2608,25.0247
embedding,2624,25.046
embedding,2640,25.0353
embedding,2656,25.4727
embedding,2672,25.4297
embedding,2688,25.7503
embedding,2704,25.6117
embedding,2720,25.8143
embedding,2736,26.038
embedding,2752,26.2193
embedding,2768,26.3153
embedding,2784,26.4007
embedding,2800,26.699
embedding,2816,26.795
embedding,2832,26.6137
embedding,2848,26.8167
embedding,2864,27.0947
embedding,2880,27.361
embedding,2896,27.3287
embedding,2912,27.5633
embedding,2928,27.744
embedding,2944,27.7447
embedding,2960,27.873
embedding,2976,27.9577
embedding,2992,28.2883
embedding,3008,28.3207
embedding,3024,28.5983
embedding,3040,28.6407
embedding,3056,28.715
embedding,3072,28.8003
embedding,3088,29.238
embedding,3104,29.174
embedding,3120,29.1313
embedding,3136,29.5043
embedding,3152,29.6753
embedding,3168,29.782
embedding,3184,29.7717
embedding,3200,30.0593
embedding,3216,29.9637
embedding,3232,30.166
embedding,3248,30.39
embedding,3264,30.7953
embedding,3280,30.6357
embedding,3296,31.0303
embedding,3312,30.7417
embedding,3328,31.0197
embedding,3344,31.2647
embedding,3360,31.574
embedding,3376,31.862
embedding,3392,31.5527
embedding,3408,31.9587
embedding,3424,31.883
embedding,3440,32.033
embedding,3456,32.0967
embedding,3472,32.481
embedding,3488,32.566
embedding,3504,32.545
embedding,3520,33.0243
embedding,3536,32.8433
embedding,3552,33.0143
embedding,3568,33.345
embedding,3584,33.2807
embedding,3600,33.7503
embedding,3616,33.8457
embedding,3632,33.6753
embedding,3648,33.963
embedding,3664,34.113
embedding,3680,34.39
embedding,3696,34.5287
embedding,3712,34.593
embedding,3728,34.7637
embedding,3744,34.657
embedding,3760,35.1263
embedding,3776,35.041
embedding,3792,35.084
embedding,3808,35.2227
embedding,3824,35.6917
embedding,3840,35.4353
embedding,3856,35.7553
embedding,3872,35.7343
embedding,3888,35.7983
embedding,3904,36.1507
embedding,3920,36.1603
embedding,3936,36.6197
embedding,3952,36.7153
embedding,3968,36.7263
embedding,3984,36.769
embedding,4000,36.812
embedding,4016,37.1103
embedding,4032,37.569
embedding,4048,37.366
embedding,4064,37.7073
embedding,4080,37.633
embedding,4096,37.793
embedding,4112,37.8457
embedding,4128,38.273
embedding,4144,38.3477
embedding,4160,38.4753
embedding,4176,38.636
embedding,4192,38.721
embedding,4208,38.6247
embedding,4224,39.0513
embedding,4240,39.063
embedding,4256,39.1043
embedding,4272,39.4147
embedding,4288,39.2543
embedding,4304,39.6273
embedding,4320,39.6063
embedding,4336,39.8627
embedding,4352,40.0867
embedding,4368,40.0977
embedding,4384,40.4173
embedding,4400,40.6093
embedding,4416,40.4707
embedding,4432,40.801
embedding,4448,41.0033
embedding,4464,41.089
embedding,4480,41.0677
embedding,4496,41.3343
embedding,4512,41.3657
embedding,4528,41.7077
embedding,4544,41.8143
embedding,4560,41.8463
embedding,4576,42.1877
embedding,4592,42.1237
embedding,4608,42.3373
embedding,4624,42.5287
embedding,4640,42.3797
embedding,4656,42.6147
embedding,4672,42.8597
embedding,4688,43.0837
embedding,4704,42.8913
embedding,4720,43.414
embedding,4736,43.393
embedding,4752,43.4677
embedding,4768,43.639
embedding,4784,43.8093
embedding,4800,43.8623
embedding,4816,43.9797
embedding,4832,44.2677
embedding,4848,44.5453
embedding,4864,44.3957
embedding,4880,44.6837
embedding,4896,44.6837
embedding,4912,44.993
embedding,4928,45.132
embedding,4944,45.1637
embedding,4960,45.3027
embedding,4976,45.633
embedding,4992,45.7507
embedding,5008,45.7083
embedding,5024,45.7617
embedding,5040,46.1987
embedding,5056,46.4013
embedding,5072,46.188
embedding,5088,46.465
embedding,5104,46.6573
embedding,5120,46.593
embedding,5136,46.8597
embedding,5152,46.924
embedding,5168,47.0943
embedding,5184,47.2543
embedding,5200,47.3397
embedding,5216,47.5743
embedding,5232,47.82
embedding,5248,47.7557
embedding,5264,47.7777
embedding,5280,47.9477
embedding,5296,48.2463
embedding,5312,48.2037
embedding,5328,48.321
embedding,5344,48.5347
embedding,5360,48.748
embedding,5376,49.0357
embedding,5392,49.2383
embedding,5408,49.2173
embedding,5424,49.484
embedding,5440,49.2493
embedding,5456,49.6653
embedding,5472,50.0063
embedding,5488,49.761
embedding,5504,49.8253
embedding,5520,50.188
embedding,5536,50.412
embedding,5552,50.4653
embedding,5568,50.6677
embedding,5584,50.6567
embedding,5600,51.0843
embedding,5616,50.8923
embedding,5632,51.3187
embedding,5648,51.159
embedding,5664,51.4363
embedding,5680,51.4893
embedding,5696,51.7773
embedding,5712,51.9373
embedding,5728,51.777
embedding,5744,52.225
embedding,5760,52.1183
embedding,5776,52.5457
embedding,5792,52.5983
embedding,5808,52.631
embedding,5824,52.8013
embedding,5840,53.0043
embedding,5856,53.132
embedding,5872,53.121
embedding,5888,53.345
embedding,5904,53.441
embedding,5920,53.7083
embedding,5936,53.687
embedding,5952,54.0707
embedding,5968,53.964
embedding,5984,54.273
embedding,6000,54.3263
embedding,6016,54.4227
embedding,6032,54.8063
embedding,6048,54.764
embedding,6064,54.8603
embedding,6080,54.9137
embedding,6096,55.1057
embedding,6112,55.393
embedding,6128,55.372
embedding,6144,55.6817
embedding,6160,56.076
embedding,6176,55.9907
embedding,6192,56.0547
embedding,6208,56.321
embedding,6224,56.6093
embedding,6240,56.4597
embedding,6256,56.588
embedding,6272,56.6097
embedding,6288,57.0893
embedding,6304,57.2493
embedding,6320,57.4843
embedding,6336,57.378
embedding,6352,57.8463
embedding,6368,57.719
embedding,6384,57.8467
embedding,6400,57.804
embedding,6416,58.199
embedding,6432,58.1347
embedding,6448,58.508
embedding,6464,58.327
embedding,6480,58.5827
embedding,6496,58.839
embedding,6512,58.956
embedding,6528,59.0307
embedding,6544,59.393
embedding,6560,59.0947
embedding,6576,59.2767
embedding,6592,59.4683
embedding,6608,59.4577
embedding,6624,59.7453
embedding,6640,59.7773
embedding,6656,60.2687
embedding,6672,60.1613
embedding,6688,59.7453
embedding,6704,59.735
embedding,6720,59.7887
embedding,6736,60.364
embedding,6752,60.8443
embedding,6768,60.7053
embedding,6784,60.8973
embedding,6800,61.2713
embedding,6816,61.0467
embedding,6832,61.1747
embedding,6848,61.2923
embedding,6864,61.5913
embedding,6880,61.793
embedding,6896,61.911
embedding,6912,62.018
embedding,6928,62.0497
embedding,6944,62.231
embedding,6960,62.4123
embedding,6976,62.8493
embedding,6992,63.0737
embedding,7008,63.436
embedding,7024,62.914
embedding,7040,62.882
embedding,7056,63.2653
embedding,7072,63.415
embedding,7088,63.2333
embedding,7104,63.5537
embedding,7120,64.236
embedding,7136,63.8843
embedding,7152,64.0117
embedding,7168,64.087
embedding,7184,64.3323
embedding,7200,64.3647
embedding,7216,64.663
embedding,7232,64.738
embedding,7248,65.047
embedding,7264,64.8547
embedding,7280,65.1217
embedding,7296,65.399
embedding,7312,65.3027
embedding,7328,65.5907
embedding,7344,66.146
embedding,7360,65.7297
embedding,7376,66.1453
embedding,7392,66.231
embedding,7408,66.0813
embedding,7424,66.6997
embedding,7440,66.8283
embedding,7456,66.647
embedding,7472,66.5507
embedding,7488,66.8387
embedding,7504,66.839
embedding,7520,67.095
embedding,7536,67.3297
embedding,7552,67.6603
embedding,7568,67.6917
embedding,7584,67.9583
embedding,7600,67.8947
embedding,7616,68.183
embedding,7632,68.2577
embedding,7648,68.4813
embedding,7664,68.4177
embedding,7680,68.4497
embedding,7696,68.9827
embedding,7712,68.7163
embedding,7728,68.9727
embedding,7744,69.2603
embedding,7760,69.1427
embedding,7776,69.154
embedding,7792,69.4737
embedding,7808,69.719
embedding,7824,69.4843
embedding,7840,69.783
embedding,7856,69.9433
embedding,7872,70.1243
embedding,7888,70.4123
embedding,7904,70.3697
embedding,7920,70.6573
embedding,7936,70.7007
embedding,7952,71.0417
embedding,7968,70.85
embedding,7984,70.903
embedding,8000,71.106
embedding,8016,71.372
embedding,8032,71.5537
embedding,8048,72.0653
embedding,8064,71.8307
embedding,8080,71.9273
embedding,8096,72.2363
embedding,8112,72.513
embedding,8128,72.4393
embedding,8144,72.5887
embedding,8160,72.578
embedding,8176,72.5027
embedding,8192,73.0257
embedding,8208,73.3563
embedding,8224,73.047
embedding,8240,73.2923
embedding,8256,73.7933
embedding,8272,73.5913
embedding,8288,73.751
embedding,8304,73.9967
embedding,8320,74.2633
embedding,8336,74.103
embedding,8352,74.359
embedding,8368,74.53
embedding,8384,74.647
embedding,8400,74.818
embedding,8416,74.754
embedding,8432,75.3187
embedding,8448,74.9673
embedding,8464,75.2873
embedding,8480,75.2553
embedding,8496,75.522
embedding,8512,75.6927
embedding,8528,75.5537
embedding,8544,76.258
embedding,8560,75.97
embedding,8576,75.874
embedding,8592,76.5243
embedding,8608,76.5567
embedding,8624,76.8873
embedding,8640,76.8657
embedding,8656,76.8553
embedding,8672,77.0577
embedding,8688,77.6763
embedding,8704,77.1323
embedding,8720,77.538
embedding,8736,77.7403
embedding,8752,77.6553
embedding,8768,78.103
embedding,8784,78.1773
embedding,8800,78.21
embedding,8816,78.466
embedding,8832,78.3167
embedding,8848,78.6367
embedding,8864,79.0633
embedding,8880,78.7223
embedding,8896,78.9353
embedding,8912,79.2023
embedding,8928,79.1917
embedding,8944,79.234
embedding,8960,79.735
embedding,8976,80.0233
embedding,8992,79.842
embedding,9008,80.034
embedding,9024,80.098
embedding,9040,80.4073
embedding,9056,80.258
embedding,9072,80.5457
embedding,9088,80.6097
embedding,9104,80.8547
embedding,9120,80.93
embedding,9136,81.0897
embedding,9152,81.0683
embedding,9168,81.282
embedding,9184,81.5167
embedding,9200,81.506
embedding,9216,81.7513
embedding,9232,82.2633
embedding,9248,82.0603
embedding,9264,82.093
embedding,9280,82.37
embedding,9296,82.7327
embedding,9312,82.594
embedding,9328,82.7113
embedding,9344,82.7753
embedding,9360,83.202
embedding,9376,83.0847
embedding,9392,83.49
embedding,9408,83.458
embedding,9424,83.5433
embedding,9440,83.8527
embedding,9456,84.066
embedding,9472,83.9167
embedding,9488,84.2683
embedding,9504,84.29
embedding,9520,84.5247
embedding,9536,84.9407
embedding,9552,84.557
embedding,9568,84.9407
embedding,9584,85.1327
embedding,9600,85.3247
embedding,9616,85.1647
embedding,9632,86.018
embedding,9648,86.5727
embedding,9664,86.4127
embedding,9680,85.6873
embedding,9696,86.146
embedding,9712,85.9963
embedding,9728,86.2207
embedding,9744,86.146
embedding,9760,86.69
embedding,9776,86.498
embedding,9792,86.7647
embedding,9808,86.861
embedding,9824,86.9673
embedding,9840,87.298
embedding,9856,87.3087
embedding,9872,87.3407
embedding,9888,87.554
embedding,9904,88.0553
embedding,9920,88.013
embedding,9936,87.906
embedding,9952,87.97
embedding,9968,88.3113
embedding,9984,88.1513
embedding,10000,88.685
embedding,10016,88.8237
embedding,10032,88.706
embedding,10048,88.866
embedding,10064,89.3357
embedding,10080,89.25
embedding,10096,89.741
embedding,10112,89.8687
embedding,10128,89.8157
embedding,10144,89.6553
embedding,10160,89.9437
embedding,10176,90.0927
embedding,10192,90.1143
embedding,10208,90.338
embedding,10224,90.498
embedding,10240,90.4347
embedding,10256,90.6373
embedding,10272,90.9353
embedding,10288,90.893
embedding,10304,91.3727
embedding,10320,91.3303
embedding,10336,91.469
embedding,10352,91.7247
embedding,10368,92.0983
embedding,10384,91.7993
embedding,10400,91.949
embedding,10416,92.2687
embedding,10432,92.5037
embedding,10448,92.5143
embedding,10464,92.6633
embedding,10480,92.7703
embedding,10496,92.7707
embedding,10512,92.7273
embedding,10528,93.016
embedding,10544,93.1543
embedding,10560,93.5277
embedding,10576,93.538
embedding,10592,93.848
embedding,10608,93.528
embedding,10624,93.9967
embedding,10640,94.232
embedding,10656,94.306
embedding,10672,94.552
embedding,10688,94.4127
embedding,10704,94.594
embedding,10720,94.7223
embedding,10736,95.0313
embedding,10752,95.085
embedding,10768,95.4793
embedding,10784,95.352
embedding,10800,95.5757
embedding,10816,95.565
embedding,10832,95.4263
embedding,10848,95.7897
embedding,10864,95.8217
embedding,10880,96.0873
embedding,10896,96.28
embedding,10912,96.397
embedding,10928,96.5673
embedding,10944,96.717
embedding,10960,96.7813
embedding,10976,96.813
embedding,10992,97.1113
embedding,11008,97.41
embedding,11024,97.4
embedding,11040,97.3573
embedding,11056,97.602
embedding,11072,97.73
embedding,11088,97.9433
embedding,11104,98.242
embedding,11120,98.114
embedding,11136,98.4347
embedding,11152,98.349
embedding,11168,98.658
embedding,11184,98.7117
embedding,11200,99.17
embedding,11216,99.2667
embedding,11232,99.1917
embedding,11248,99.33
embedding,11264,99.245
embedding,11280,99.9487
embedding,11296,99.853
embedding,11312,100.024
embedding,11328,100.515
embedding,11344,100.365
embedding,11360,100.611
embedding,11376,100.493
embedding,11392,100.728
embedding,11408,101.058
embedding,11424,100.984
embedding,11440,101.518
embedding,11456,101.646
embedding,11472,101.421
embedding,11488,101.549
embedding,11504,102.125
embedding,11520,101.933
embedding,11536,102.061
embedding,11552,102.136
embedding,11568,102.445
embedding,11584,102.531
embedding,11600,102.445
embedding,11616,102.722
embedding,11632,102.786
embedding,11648,103.533
embedding,11664,103.021
embedding,11680,103.458
embedding,11696,103.309
embedding,11712,103.597
embedding,11728,103.779
embedding,11744,103.8
embedding,11760,103.982
embedding,11776,104.333
embedding,11792,104.675
embedding,11808,104.173
embedding,11824,104.162
embedding,11840,104.525
embedding,11856,104.877
embedding,11872,104.983
embedding,11888,105.037
embedding,11904,104.962
embedding,11920,105.389
embedding,11936,105.303
embedding,11952,105.528
embedding,11968,105.987
embedding,11984,106.04
embedding,12000,105.869
embedding,12016,105.838
embedding,12032,106.413
embedding,12048,106.189
embedding,12064,106.467
embedding,12080,106.744
embedding,12096,106.755
embedding,12112,106.904
embedding,12128,107.234
embedding,12144,107.096
embedding,12160,107.17
embedding,12176,107.598
embedding,12192,107.725
embedding,12208,107.875
embedding,12224,107.768
embedding,12240,108.099
embedding,12256,108.184
embedding,12272,108.398
embedding,12288,108.642
embedding,12304,108.653
embedding,12320,108.76
embedding,12336,108.835
embedding,12352,109.048
embedding,12368,109.187
embedding,12384,109.346
embedding,12400,109.603
embedding,12416,109.464
embedding,12432,109.784
embedding,12448,110.061
embedding,12464,110.275
embedding,12480,110.029
embedding,12496,110.157
embedding,12512,110.872
embedding,12528,110.243
embedding,12544,111.022
embedding,12560,111
embedding,12576,111.277
embedding,12592,111.17
embedding,12608,111.107
embedding,12624,111.288
embedding,12640,111.512
embedding,12656,111.64
embedding,12672,111.736
embedding,12688,112.131
embedding,12704,112.376
embedding,12720,112.301
embedding,12736,112.739
embedding,12752,112.717
embedding,12768,112.675
embedding,12784,112.749
embedding,12800,112.899
embedding,12816,113.773
embedding,12832,113.379
embedding,12848,113.645
embedding,12864,113.528
embedding,12880,113.496
embedding,12896,114.254
embedding,12912,113.795
embedding,12928,114.061
embedding,12944,114.435
embedding,12960,114.616
embedding,12976,114.371
embedding,12992,114.733
embedding,13008,114.84
embedding,13024,115.139
embedding,13040,115.139
embedding,13056,115.054
embedding,13072,115.459
embedding,13088,115.576
embedding,13104,115.694
embedding,13120,115.886
embedding,13136,115.789
embedding,13152,116.28
embedding,13168,116.525
embedding,13184,116.536
embedding,13200,116.483
embedding,13216,116.418
embedding,13232,116.835
embedding,13248,116.866
embedding,13264,117.197
embedding,13280,117.155
embedding,13296,117.283
embedding,13312,117.528
embedding,13328,117.624
embedding,13344,117.667
embedding,13360,117.742
embedding,13376,117.859
embedding,13392,118.414
embedding,13408,118.499
embedding,13424,118.35
embedding,13440,118.595
embedding,13456,118.648
embedding,13472,118.626
embedding,13488,119.096
embedding,13504,118.989
embedding,13520,119.31
embedding,13536,119.384
embedding,13552,119.374
embedding,13568,119.502
embedding,13584,119.747
embedding,13600,119.906
embedding,13616,120.302
embedding,13632,120.248
embedding,13648,120.334
embedding,13664,120.419
embedding,13680,120.771
embedding,13696,121.005
embedding,13712,121.187
embedding,13728,121.006
embedding,13744,121.08
embedding,13760,121.283
embedding,13776,121.368
embedding,13792,121.613
embedding,13808,121.528
embedding,13824,121.731
embedding,13840,122.061
embedding,13856,122.253
embedding,13872,122.296
embedding,13888,122.435
embedding,13904,122.328
embedding,13920,122.904
embedding,13936,122.744
embedding,13952,122.83
embedding,13968,123.321
embedding,13984,123.32
embedding,14000,123.662
embedding,14016,123.555
embedding,14032,123.779
embedding,14048,123.736
embedding,14064,123.757
embedding,14080,124.12
embedding,14096,124.462
embedding,14112,124.088
embedding,14128,124.323
embedding,14144,124.76
embedding,14160,124.782
embedding,14176,125.102
embedding,14192,124.888
embedding,14208,125.102
embedding,14224,125.262
embedding,14240,125.528
embedding,14256,125.752
embedding,14272,125.753
embedding,14288,126.019
embedding,14304,125.902
embedding,14320,126.136
embedding,14336,126.158
embedding,14352,126.382
embedding,14368,126.766
embedding,14384,126.872
embedding,14400,126.797
embedding,14416,127.342
embedding,14432,127.459
embedding,14448,127.224
embedding,14464,127.523
embedding,14480,127.363
embedding,14496,127.374
embedding,14512,128.483
embedding,14528,127.864
embedding,14544,127.864
embedding,14560,128.249
embedding,14576,128.526
embedding,14592,128.44
embedding,14608,128.632
embedding,14624,128.814
embedding,14640,129.561
embedding,14656,129.027
embedding,14672,129.166
embedding,14688,129.304
embedding,14704,129.433
embedding,14720,129.336
embedding,14736,129.678
embedding,14752,130.008
embedding,14768,130.286
embedding,14784,130.072
embedding,14800,130.285
embedding,14816,130.414
embedding,14832,130.339
embedding,14848,131.128
embedding,14864,131.118
embedding,14880,130.702
embedding,14896,131.331
embedding,14912,131.246
embedding,14928,131.523
embedding,14944,131.748
embedding,14960,131.8
embedding,14976,131.886
embedding,14992,131.833
embedding,15008,132.152
embedding,15024,132.494
embedding,15040,132.292
embedding,15056,132.707
embedding,15072,132.728
embedding,15088,133.006
embedding,15104,133.166
embedding,15120,133.081
embedding,15136,133.315
embedding,15152,133.337
embedding,15168,133.507
embedding,15184,133.699
embedding,15200,134.201
embedding,15216,133.891
embedding,15232,134.051
embedding,15248,134.233
embedding,15264,134.254
embedding,15280,134.766
embedding,15296,134.766
embedding,15312,134.702
embedding,15328,135.107
embedding,15344,134.82
embedding,15360,135.416
embedding,15376,135.438
embedding,15392,135.406
embedding,15408,135.907
embedding,15424,135.747
embedding,15440,135.918
embedding,15456,136.206
embedding,15472,136.099
embedding,15488,136.323
embedding,15504,136.739
embedding,15520,136.857
embedding,15536,136.846
embedding,15552,137.443
embedding,15568,136.995
embedding,15584,137.251
embedding,15600,137.401
embedding,15616,137.635
embedding,15632,138.254
embedding,15648,137.955
embedding,15664,137.998
embedding,15680,137.923
embedding,15696,138.595
embedding,15712,138.499
embedding,15728,139.129
embedding,15744,138.766
embedding,15760,139.267
embedding,15776,139.097
embedding,15792,139.033
embedding,15808,139.171
embedding,15824,139.246
embedding,15840,139.502
embedding,15856,139.544
embedding,15872,139.907
embedding,15888,140.43
embedding,15904,140.228
embedding,15920,140.152
embedding,15936,140.216
embedding,15952,140.804
embedding,15968,141.006
embedding,15984,140.633
embedding,16000,140.814
embedding,16016,141.134
embedding,16032,141.006
embedding,16048,141.391
embedding,16064,141.369
embedding,16080,141.368
embedding,16096,141.646
embedding,16112,141.881
embedding,16128,141.987
embedding,16144,142.712
embedding,16160,142.414
embedding,16176,142.254
embedding,16192,142.446
embedding,16208,142.628
embedding,16224,143.055
embedding,16240,143.161
embedding,16256,143.299
embedding,16272,143.118
embedding,16288,143.566
embedding,16304,143.695
embedding,16320,143.726
embedding,16336,144.014
embedding,16352,144.089
embedding,16368,143.95
gate_up_proj,1,63.052
gate_up_proj,2,75.6067
gate_up_proj,3,75.7887
gate_up_proj,4,75.618
gate_up_proj,5,75.7667
gate_up_proj,6,75.9167
gate_up_proj,7,76.1087
gate_up_proj,8,76.0127
gate_up_proj,9,76.3327
gate_up_proj,10,76.194
gate_up_proj,11,76.2687
gate_up_proj,12,76.2257
gate_up_proj,13,76.13
gate_up_proj,14,76.2477
gate_up_proj,15,76.4713
gate_up_proj,16,76.162
gate_up_proj,20,75.682
gate_up_proj,24,75.97
gate_up_proj,28,76.162
gate_up_proj,32,76.3003
gate_up_proj,36,76.2687
gate_up_proj,40,76.631
gate_up_proj,44,77.2603
gate_up_proj,48,77.0047
gate_up_proj,52,80.2153
gate_up_proj,56,80.493
gate_up_proj,60,80.674
gate_up_proj,64,80.738
gate_up_proj,80,124.238
gate_up_proj,96,124.323
gate_up_proj,112,124.345
gate_up_proj,128,124.355
gate_up_proj,144,248.304
gate_up_proj,160,248.497
gate_up_proj,176,249.18
gate_up_proj,192,240.102
gate_up_proj,208,240.262
gate_up_proj,224,240.358
gate_up_proj,240,240.294
gate_up_proj,256,240.603
gate_up_proj,272,476.461
gate_up_proj,288,476.823
gate_up_proj,304,476.982
gate_up_proj,320,477.58
gate_up_proj,336,477.772
gate_up_proj,352,477.782
gate_up_proj,368,478.039
gate_up_proj,384,478.284
gate_up_proj,400,477.75
gate_up_proj,416,477.484
gate_up_proj,432,478.028
gate_up_proj,448,477.857
gate_up_proj,464,478.06
gate_up_proj,480,478.188
gate_up_proj,496,478.412
gate_up_proj,512,478.572
gate_up_proj,528,478.519
gate_up_proj,544,478.657
gate_up_proj,560,478.955
gate_up_proj,576,479.009
gate_up_proj,592,475.852
gate_up_proj,608,475.917
gate_up_proj,624,475.948
gate_up_proj,640,476.321
gate_up_proj,656,711.239
gate_up_proj,672,711.133
gate_up_proj,688,711.346
gate_up_proj,704,711.857
gate_up_proj,720,712.189
gate_up_proj,736,712.029
gate_up_proj,752,712.402
gate_up_proj,768,712.679
gate_up_proj,784,715.261
gate_up_proj,800,715.293
gate_up_proj,816,715.271
gate_up_proj,832,715.836
gate_up_proj,848,715.698
gate_up_proj,864,716.327
gate_up_proj,880,716.284
gate_up_proj,896,716.306
gate_up_proj,912,712.423
gate_up_proj,928,712.477
gate_up_proj,944,712.765
gate_up_proj,960,713.084
gate_up_proj,976,713.106
gate_up_proj,992,713.149
gate_up_proj,1008,713.415
gate_up_proj,1024,713.468
gate_up_proj,1040,949.154
gate_up_proj,1056,952.919
gate_up_proj,1072,952.952
gate_up_proj,1088,953.452
gate_up_proj,1104,953.388
gate_up_proj,1120,953.506
gate_up_proj,1136,954.019
gate_up_proj,1152,954.53
gate_up_proj,1168,952.579
gate_up_proj,1184,952.621
gate_up_proj,1200,952.855
gate_up_proj,1216,953.549
gate_up_proj,1232,953.751
gate_up_proj,1248,953.623
gate_up_proj,1264,953.623
gate_up_proj,1280,954.296
gate_up_proj,1296,953.207
gate_up_proj,1312,953.474
gate_up_proj,1328,953.474
gate_up_proj,1344,953.752
gate_up_proj,1360,953.816
gate_up_proj,1376,953.901
gate_up_proj,1392,954.392
gate_up_proj,1408,954.509
gate_up_proj,1424,1188.54
gate_up_proj,1440,1188.87
gate_up_proj,1456,1189.68
gate_up_proj,1472,1190.16
gate_up_proj,1488,1189.79
gate_up_proj,1504,1190.26
gate_up_proj,1520,1191.17
gate_up_proj,1536,1190.92
gate_up_proj,1552,1190.06
gate_up_proj,1568,1190.7
gate_up_proj,1584,1190.33
gate_up_proj,1600,1190.09
gate_up_proj,1616,1191.22
gate_up_proj,1632,1191.6
gate_up_proj,1648,1191.81
gate_up_proj,1664,1191.71
gate_up_proj,1680,1190.71
gate_up_proj,1696,1191.34
gate_up_proj,1712,1191.23
gate_up_proj,1728,1191.51
gate_up_proj,1744,1192
gate_up_proj,1760,1191.82
gate_up_proj,1776,1192.04
gate_up_proj,1792,1192.18
gate_up_proj,1808,1426.19
gate_up_proj,1824,1426.87
gate_up_proj,1840,1426.8
gate_up_proj,1856,1426.81
gate_up_proj,1872,1427.74
gate_up_proj,1888,1427.94
gate_up_proj,1904,1428.16
gate_up_proj,1920,1428.08
gate_up_proj,1936,1426.33
gate_up_proj,1952,1427.02
gate_up_proj,1968,1426.65
gate_up_proj,1984,1426.81
gate_up_proj,2000,1427.49
gate_up_proj,2016,1427.42
gate_up_proj,2032,1428.12
gate_up_proj,2048,1428.19
gate_up_proj,2064,1427.7
gate_up_proj,2080,1427.37
gate_up_proj,2096,1427.94
gate_up_proj,2112,1424.62
gate_up_proj,2128,1424.85
gate_up_proj,2144,1424.9
gate_up_proj,2160,1425.61
gate_up_proj,2176,1425.69
gate_up_proj,2192,1660.44
gate_up_proj,2208,1660.52
gate_up_proj,2224,1660.4
gate_up_proj,2240,1661.35
gate_up_proj,2256,1661.71
gate_up_proj,2272,1661.44
gate_up_proj,2288,1662.18
gate_up_proj,2304,1662.64
gate_up_proj,2320,1660.74
gate_up_proj,2336,1660.86
gate_up_proj,2352,1664.31
gate_up_proj,2368,1664.85
gate_up_proj,2384,1664.49
gate_up_proj,2400,1665.93
gate_up_proj,2416,1665.58
gate_up_proj,2432,1666.08
gate_up_proj,2448,1899.09
gate_up_proj,2464,1899.46
gate_up_proj,2480,1898
gate_up_proj,2496,1899.15
gate_up_proj,2512,1898.72
gate_up_proj,2528,1899.45
gate_up_proj,2544,1898.7
gate_up_proj,2560,1899.4
gate_up_proj,2576,1900.96
gate_up_proj,2592,1901.33
gate_up_proj,2608,1901.46
gate_up_proj,2624,1901.95
gate_up_proj,2640,1901.72
gate_up_proj,2656,1902.19
gate_up_proj,2672,1902.54
gate_up_proj,2688,1902.71
gate_up_proj,2704,1901.92
gate_up_proj,2720,1901.9
gate_up_proj,2736,1902.24
gate_up_proj,2752,1902.69
gate_up_proj,2768,1902.54
gate_up_proj,2784,1903.12
gate_up_proj,2800,1903.58
gate_up_proj,2816,1903.77
gate_up_proj,2832,2137.42
gate_up_proj,2848,2138.05
gate_up_proj,2864,2137.23
gate_up_proj,2880,2137.23
gate_up_proj,2896,2134.15
gate_up_proj,2912,2134.27
gate_up_proj,2928,2134.38
gate_up_proj,2944,2134.66
gate_up_proj,2960,2133.79
gate_up_proj,2976,2134.5
gate_up_proj,2992,2134.31
gate_up_proj,3008,2134.94
gate_up_proj,3024,2134.74
gate_up_proj,3040,2134.77
gate_up_proj,3056,2138.68
gate_up_proj,3072,2138.69
gate_up_proj,3088,2138.38
gate_up_proj,3104,2138.73
gate_up_proj,3120,2138.84
gate_up_proj,3136,2139.51
gate_up_proj,3152,2139.32
gate_up_proj,3168,2139.3
gate_up_proj,3184,2139.73
gate_up_proj,3200,2139.97
gate_up_proj,3216,2374.71
gate_up_proj,3232,2374.69
gate_up_proj,3248,2374.94
gate_up_proj,3264,2375.79
gate_up_proj,3280,2375.88
gate_up_proj,3296,2376.19
gate_up_proj,3312,2376.1
gate_up_proj,3328,2376.56
gate_up_proj,3344,2373.11
gate_up_proj,3360,2374.07
gate_up_proj,3376,2374.02
gate_up_proj,3392,2373.55
gate_up_proj,3408,2373.92
gate_up_proj,3424,2375.82
gate_up_proj,3440,2376.22
gate_up_proj,3456,2376.1
gate_up_proj,3472,2375.56
gate_up_proj,3488,2372.14
gate_up_proj,3504,2372.34
gate_up_proj,3520,2371.9
gate_up_proj,3536,2372.85
gate_up_proj,3552,2372.5
gate_up_proj,3568,2373.04
gate_up_proj,3584,2373.34
gate_up_proj,3600,2607.91
gate_up_proj,3616,2607.64
gate_up_proj,3632,2608.34
gate_up_proj,3648,2607.59
gate_up_proj,3664,2608.84
gate_up_proj,3680,2608.66
gate_up_proj,3696,2608.99
gate_up_proj,3712,2612.91
gate_up_proj,3728,2612.44
gate_up_proj,3744,2612.21
gate_up_proj,3760,2612.39
gate_up_proj,3776,2612.35
gate_up_proj,3792,2612.5
gate_up_proj,3808,2612.75
gate_up_proj,3824,2612.68
gate_up_proj,3840,2613.93
gate_up_proj,3856,2611.87
gate_up_proj,3872,2611.98
gate_up_proj,3888,2612.88
gate_up_proj,3904,2612.21
gate_up_proj,3920,2613.19
gate_up_proj,3936,2633.16
gate_up_proj,3952,2633.19
gate_up_proj,3968,2632.7
gate_up_proj,3984,2865.72
gate_up_proj,4000,2862.14
gate_up_proj,4016,2861.68
gate_up_proj,4032,2863.12
gate_up_proj,4048,2864.01
gate_up_proj,4064,2865.69
gate_up_proj,4080,2864.2
gate_up_proj,4096,2863.77
gate_up_proj,4112,2868.89
gate_up_proj,4128,2869.82
gate_up_proj,4144,2869.82
gate_up_proj,4160,2869.92
gate_up_proj,4176,2868.27
gate_up_proj,4192,2868.88
gate_up_proj,4208,2869.25
gate_up_proj,4224,2868.29
gate_up_proj,4240,2872.1
gate_up_proj,4256,2872.53
gate_up_proj,4272,2872.21
gate_up_proj,4288,2872.77
gate_up_proj,4304,2872.4
gate_up_proj,4320,2872.35
gate_up_proj,4336,2872.87
gate_up_proj,4352,2872.38
gate_up_proj,4368,3101.96
gate_up_proj,4384,3103.2
gate_up_proj,4400,3103.66
gate_up_proj,4416,3102.01
gate_up_proj,4432,3103.85
gate_up_proj,4448,3104.5
gate_up_proj,4464,3101.57
gate_up_proj,4480,3100.18
gate_up_proj,4496,3108.53
gate_up_proj,4512,3109.43
gate_up_proj,4528,3107.51
gate_up_proj,4544,3108.41
gate_up_proj,4560,3108.04
gate_up_proj,4576,3106.22
gate_up_proj,4592,3109.76
gate_up_proj,4608,3109.15
gate_up_proj,4624,3330.43
gate_up_proj,4640,3330.7
gate_up_proj,4656,3329.81
gate_up_proj,4672,3331.03
gate_up_proj,4688,3329.89
gate_up_proj,4704,3329.85
gate_up_proj,4720,3328.94
gate_up_proj,4736,3330.21
gate_up_proj,4752,3340.4
gate_up_proj,4768,3340.41
gate_up_proj,4784,3342.68
gate_up_proj,4800,3344.92
gate_up_proj,4816,3340.81
gate_up_proj,4832,3341.57
gate_up_proj,4848,3341.87
gate_up_proj,4864,3342.11
gate_up_proj,4880,3348.14
gate_up_proj,4896,3349.07
gate_up_proj,4912,3347.41
gate_up_proj,4928,3347.3
gate_up_proj,4944,3346.2
gate_up_proj,4960,3347.71
gate_up_proj,4976,3346.47
gate_up_proj,4992,3347.77
gate_up_proj,5008,3569.7
gate_up_proj,5024,3568.61
gate_up_proj,5040,3570.11
gate_up_proj,5056,3569.64
gate_up_proj,5072,3570.14
gate_up_proj,5088,3570.25
gate_up_proj,5104,3569.87
gate_up_proj,5120,3570.14
gate_up_proj,5136,3580.52
gate_up_proj,5152,3580.75
gate_up_proj,5168,3578.85
gate_up_proj,5184,3578.88
gate_up_proj,5200,3577.03
gate_up_proj,5216,3579.56
gate_up_proj,5232,3578.68
gate_up_proj,5248,3577.58
gate_up_proj,5264,3585.25
gate_up_proj,5280,3583.83
gate_up_proj,5296,3584.41
gate_up_proj,5312,3583.63
gate_up_proj,5328,3584.52
gate_up_proj,5344,3583.03
gate_up_proj,5360,3582.7
gate_up_proj,5376,3583.68
gate_up_proj,5392,3807.62
gate_up_proj,5408,3805.66
gate_up_proj,5424,3807.46
gate_up_proj,5440,3807.15
gate_up_proj,5456,3806.31
gate_up_proj,5472,3809.27
gate_up_proj,5488,3809.05
gate_up_proj,5504,3807.55
gate_up_proj,5520,3820.32
gate_up_proj,5536,3817.8
gate_up_proj,5552,3818.81
gate_up_proj,5568,3820.9
gate_up_proj,5584,3819.58
gate_up_proj,5600,3818.14
gate_up_proj,5616,3819.74
gate_up_proj,5632,3818.7
gate_up_proj,5648,3825.51
gate_up_proj,5664,3824.89
gate_up_proj,5680,3826.1
gate_up_proj,5696,3826.76
gate_up_proj,5712,3824.37
gate_up_proj,5728,3824.8
gate_up_proj,5744,3825.81
gate_up_proj,5760,3825.25
gate_up_proj,5776,4049.15
gate_up_proj,5792,4048.53
gate_up_proj,5808,4049.08
gate_up_proj,5824,4049.35
gate_up_proj,5840,4047.81
gate_up_proj,5856,4048.87
gate_up_proj,5872,4048.6
gate_up_proj,5888,4047.59
gate_up_proj,5904,4058.26
gate_up_proj,5920,4057.46
gate_up_proj,5936,4054.26
gate_up_proj,5952,4057.23
gate_up_proj,5968,4056.84
gate_up_proj,5984,4058.05
gate_up_proj,6000,4058.55
gate_up_proj,6016,4057.29
gate_up_proj,6032,4063.21
gate_up_proj,6048,4064.43
gate_up_proj,6064,4064.91
gate_up_proj,6080,4061.77
gate_up_proj,6096,4064.58
gate_up_proj,6112,4065.9
gate_up_proj,6128,4064.44
gate_up_proj,6144,4065.29
gate_up_proj,6160,4287.94
gate_up_proj,6176,4290.17
gate_up_proj,6192,4289.3
gate_up_proj,6208,4289.8
gate_up_proj,6224,4289.41
gate_up_proj,6240,4287.78
gate_up_proj,6256,4289.07
gate_up_proj,6272,4289.01
gate_up_proj,6288,4295.78
gate_up_proj,6304,4296.26
gate_up_proj,6320,4298.66
gate_up_proj,6336,4297.04
gate_up_proj,6352,4298.29
gate_up_proj,6368,4295.59
gate_up_proj,6384,4295.42
gate_up_proj,6400,4297.32
gate_up_proj,6416,4304.48
gate_up_proj,6432,4304.48
gate_up_proj,6448,4305.51
gate_up_proj,6464,4302.58
gate_up_proj,6480,4303.99
gate_up_proj,6496,4302.8
gate_up_proj,6512,4301.03
gate_up_proj,6528,4301.53
gate_up_proj,6544,4528.48
gate_up_proj,6560,4408.58
gate_up_proj,6576,4374.7
gate_up_proj,6592,4373.28
gate_up_proj,6608,4375.02
gate_up_proj,6624,4376.14
gate_up_proj,6640,4372.24
gate_up_proj,6656,4526.17
gate_up_proj,6672,4382.53
gate_up_proj,6688,3955.5
gate_up_proj,6704,3953.2
gate_up_proj,6720,3954.06
gate_up_proj,6736,3956.02
gate_up_proj,6752,4534.89
gate_up_proj,6768,4311.43
gate_up_proj,6784,4308.34
gate_up_proj,6800,4517.71
gate_up_proj,6816,4336.75
gate_up_proj,6832,4336.29
gate_up_proj,6848,4335.66
gate_up_proj,6864,4337.49
gate_up_proj,6880,4335.43
gate_up_proj,6896,4301.94
gate_up_proj,6912,4301.97
gate_up_proj,6928,4310.58
gate_up_proj,6944,4310.44
gate_up_proj,6960,4311.47
gate_up_proj,6976,4602.03
gate_up_proj,6992,4708.4
gate_up_proj,7008,4763.55
gate_up_proj,7024,4311.26
gate_up_proj,7040,4277.28
gate_up_proj,7056,4278.13
gate_up_proj,7072,4277.51
gate_up_proj,7088,4278.72
gate_up_proj,7104,4279.32
gate_up_proj,7120,4681.06
gate_up_proj,7136,4279.37
gate_up_proj,7152,4245.67
gate_up_proj,7168,4245.37
gate_up_proj,7184,4448.34
gate_up_proj,7200,4346.31
gate_up_proj,7216,4346.39
gate_up_proj,7232,4345.09
gate_up_proj,7248,4359.44
gate_up_proj,7264,4381.68
gate_up_proj,7280,4362.57
gate_up_proj,7296,4359.28
gate_up_proj,7312,4388.8
gate_up_proj,7328,4390.75
gate_up_proj,7344,4389.62
gate_up_proj,7360,4390.73
gate_up_proj,7376,4390.62
gate_up_proj,7392,4384.62
gate_up_proj,7408,4390.94
gate_up_proj,7424,4386.76
gate_up_proj,7440,4397.63
gate_up_proj,7456,4397.12
gate_up_proj,7472,4397.5
gate_up_proj,7488,4397.54
gate_up_proj,7504,4397.85
gate_up_proj,7520,4397.89
gate_up_proj,7536,4395.69
gate_up_proj,7552,4398.52
gate_up_proj,7568,4590.22
gate_up_proj,7584,4590.49
gate_up_proj,7600,4566.44
gate_up_proj,7616,4582.33
gate_up_proj,7632,4578.66
gate_up_proj,7648,4580.47
gate_up_proj,7664,4591.53
gate_up_proj,7680,4587.88
gate_up_proj,7696,4598.85
gate_up_proj,7712,4601.1
gate_up_proj,7728,4590.49
gate_up_proj,7744,4622
gate_up_proj,7760,4613.08
gate_up_proj,7776,4595.47
gate_up_proj,7792,4600.45
gate_up_proj,7808,4612.79
gate_up_proj,7824,4605.02
gate_up_proj,7840,4608.41
gate_up_proj,7856,4608.7
gate_up_proj,7872,4621.06
gate_up_proj,7888,4595.15
gate_up_proj,7904,4594.35
gate_up_proj,7920,4617.1
gate_up_proj,7936,4609.23
gate_up_proj,7952,4807.33
gate_up_proj,7968,4804.43
gate_up_proj,7984,4799.42
gate_up_proj,8000,4800.52
gate_up_proj,8016,4797
gate_up_proj,8032,4803.66
gate_up_proj,8048,4796.93
gate_up_proj,8064,4795.52
gate_up_proj,8080,4811.96
gate_up_proj,8096,4812.09
gate_up_proj,8112,4810.21
gate_up_proj,8128,4811.38
gate_up_proj,8144,4811.92
gate_up_proj,8160,4812.26
gate_up_proj,8176,4814.12
gate_up_proj,8192,4811.6
gate_up_proj,8208,4813.46
gate_up_proj,8224,4843.88
gate_up_proj,8240,4823.72
gate_up_proj,8256,4821.97
gate_up_proj,8272,4823.75
gate_up_proj,8288,4828.56
gate_up_proj,8304,4810.27
gate_up_proj,8320,4827.61
gate_up_proj,8336,5011.15
gate_up_proj,8352,5018.52
gate_up_proj,8368,5026.07
gate_up_proj,8384,5027.56
gate_up_proj,8400,5013.52
gate_up_proj,8416,5012.63
gate_up_proj,8432,5010.44
gate_up_proj,8448,5025.71
gate_up_proj,8464,5023.43
gate_up_proj,8480,5037.55
gate_up_proj,8496,5064.63
gate_up_proj,8512,5027.46
gate_up_proj,8528,5040.43
gate_up_proj,8544,5017.23
gate_up_proj,8560,5050.84
gate_up_proj,8576,5039.3
gate_up_proj,8592,5055.75
gate_up_proj,8608,5056.19
gate_up_proj,8624,5036.93
gate_up_proj,8640,5065.07
gate_up_proj,8656,5029.31
gate_up_proj,8672,5045.89
gate_up_proj,8688,5055
gate_up_proj,8704,5065.07
gate_up_proj,8720,5218.47
gate_up_proj,8736,5222.21
gate_up_proj,8752,5238.24
gate_up_proj,8768,5222.76
gate_up_proj,8784,5250.83
gate_up_proj,8800,5236.83
gate_up_proj,8816,5244.09
gate_up_proj,8832,5223.33
gate_up_proj,8848,5275.12
gate_up_proj,8864,5259.25
gate_up_proj,8880,5256.8
gate_up_proj,8896,5259.9
gate_up_proj,8912,5267.19
gate_up_proj,8928,5275.37
gate_up_proj,8944,5256.47
gate_up_proj,8960,5265.66
gate_up_proj,8976,5452.12
gate_up_proj,8992,5419.14
gate_up_proj,9008,5423.47
gate_up_proj,9024,5438.83
gate_up_proj,9040,5427.28
gate_up_proj,9056,5452.39
gate_up_proj,9072,5437.22
gate_up_proj,9088,5442.02
gate_up_proj,9104,5460.26
gate_up_proj,9120,5452.41
gate_up_proj,9136,5440.55
gate_up_proj,9152,5532.7
gate_up_proj,9168,5462.41
gate_up_proj,9184,5468.26
gate_up_proj,9200,5493.18
gate_up_proj,9216,5468.59
gate_up_proj,9232,5461.58
gate_up_proj,9248,5454.77
gate_up_proj,9264,5455.65
gate_up_proj,9280,5470.03
gate_up_proj,9296,5468.72
gate_up_proj,9312,5470.78
gate_up_proj,9328,5472.73
gate_up_proj,9344,5498.13
gate_up_proj,9360,5668.9
gate_up_proj,9376,5680.21
gate_up_proj,9392,5714.37
gate_up_proj,9408,5664.53
gate_up_proj,9424,5673.13
gate_up_proj,9440,5661.89
gate_up_proj,9456,5667.18
gate_up_proj,9472,5676.29
gate_up_proj,9488,5719.34
gate_up_proj,9504,5684.98
gate_up_proj,9520,5681.52
gate_up_proj,9536,5684.83
gate_up_proj,9552,5682.1
gate_up_proj,9568,5711.38
gate_up_proj,9584,5675.76
gate_up_proj,9600,5692.85
gate_up_proj,9616,5710.12
gate_up_proj,9632,6366.19
gate_up_proj,9648,6398.6
gate_up_proj,9664,6199.01
gate_up_proj,9680,5718.63
gate_up_proj,9696,5684.5
gate_up_proj,9712,5669.52
gate_up_proj,9728,5688.03
gate_up_proj,9744,5892.57
gate_up_proj,9760,5892.43
gate_up_proj,9776,5898.53
gate_up_proj,9792,5895.94
gate_up_proj,9808,5896.24
gate_up_proj,9824,5889.46
gate_up_proj,9840,5899.66
gate_up_proj,9856,5909.97
gate_up_proj,9872,5906.54
gate_up_proj,9888,5875.5
gate_up_proj,9904,5854.47
gate_up_proj,9920,5926.16
gate_up_proj,9936,5887.75
gate_up_proj,9952,5891.29
gate_up_proj,9968,5889.88
gate_up_proj,9984,5895.56
gate_up_proj,10000,5886.23
gate_up_proj,10016,5911.8
gate_up_proj,10032,5884.86
gate_up_proj,10048,5898.39
gate_up_proj,10064,5916.73
gate_up_proj,10080,5931.21
gate_up_proj,10096,5922.16
gate_up_proj,10112,6174.88
gate_up_proj,10128,6101.32
gate_up_proj,10144,6109.12
gate_up_proj,10160,6134.49
gate_up_proj,10176,6102.24
gate_up_proj,10192,6092.02
gate_up_proj,10208,6119.97
gate_up_proj,10224,6063.43
gate_up_proj,10240,6038.47
gate_up_proj,10256,6088.17
gate_up_proj,10272,6058.44
gate_up_proj,10288,6043.94
gate_up_proj,10304,6083.13
gate_up_proj,10320,6053.03
gate_up_proj,10336,6068.81
gate_up_proj,10352,6065.51
gate_up_proj,10368,6051.86
gate_up_proj,10384,6061.15
gate_up_proj,10400,6103.39
gate_up_proj,10416,6088.21
gate_up_proj,10432,6101.14
gate_up_proj,10448,6132.66
gate_up_proj,10464,6099.73
gate_up_proj,10480,6078.57
gate_up_proj,10496,6113.63
gate_up_proj,10512,6283.44
gate_up_proj,10528,6261.14
gate_up_proj,10544,6247.72
gate_up_proj,10560,6279.15
gate_up_proj,10576,6299.95
gate_up_proj,10592,6328.49
gate_up_proj,10608,6270.83
gate_up_proj,10624,6289.02
gate_up_proj,10640,6300.61
gate_up_proj,10656,6301.16
gate_up_proj,10672,6301.67
gate_up_proj,10688,6304.51
gate_up_proj,10704,6307.49
gate_up_proj,10720,6285.99
gate_up_proj,10736,6338.16
gate_up_proj,10752,6323.03
gate_up_proj,10768,6311.45
gate_up_proj,10784,6331.58
gate_up_proj,10800,6304.26
gate_up_proj,10816,6308.16
gate_up_proj,10832,6305.18
gate_up_proj,10848,6323.01
gate_up_proj,10864,6317.27
gate_up_proj,10880,6323.25
gate_up_proj,10896,6507.42
gate_up_proj,10912,6489.94
gate_up_proj,10928,6507.73
gate_up_proj,10944,6502.71
gate_up_proj,10960,6492.37
gate_up_proj,10976,6505.76
gate_up_proj,10992,6511.69
gate_up_proj,11008,6508.66
gate_up_proj,11024,6552.14
gate_up_proj,11040,6510.55
gate_up_proj,11056,6514.57
gate_up_proj,11072,6508.17
gate_up_proj,11088,6533.1
gate_up_proj,11104,6522.98
gate_up_proj,11120,6539.84
gate_up_proj,11136,6524.06
gate_up_proj,11152,6714.52
gate_up_proj,11168,6701.02
gate_up_proj,11184,6703.31
gate_up_proj,11200,6722.15
gate_up_proj,11216,6697.69
gate_up_proj,11232,6700.97
gate_up_proj,11248,6714.5
gate_up_proj,11264,6712.64
gate_up_proj,11280,6732.15
gate_up_proj,11296,6727.77
gate_up_proj,11312,6718.37
gate_up_proj,11328,6718.8
gate_up_proj,11344,6727.43
gate_up_proj,11360,6723.37
gate_up_proj,11376,6733.61
gate_up_proj,11392,6718.27
gate_up_proj,11408,6734.48
gate_up_proj,11424,6723.58
gate_up_proj,11440,6706.25
gate_up_proj,11456,6723.75
gate_up_proj,11472,6748.3
gate_up_proj,11488,6748.55
gate_up_proj,11504,6740.82
gate_up_proj,11520,6767.38
gate_up_proj,11536,6930.14
gate_up_proj,11552,6898.62
gate_up_proj,11568,6926.67
gate_up_proj,11584,6928.65
gate_up_proj,11600,6935.29
gate_up_proj,11616,6943.68
gate_up_proj,11632,6930.38
gate_up_proj,11648,6926.83
gate_up_proj,11664,6949.79
gate_up_proj,11680,6954.87
gate_up_proj,11696,6939.12
gate_up_proj,11712,6937.25
gate_up_proj,11728,6933.92
gate_up_proj,11744,6919.43
gate_up_proj,11760,6964.24
gate_up_proj,11776,6944.59
gate_up_proj,11792,6929.45
gate_up_proj,11808,6952.11
gate_up_proj,11824,6943.41
gate_up_proj,11840,6936.81
gate_up_proj,11856,6948.34
gate_up_proj,11872,6942.03
gate_up_proj,11888,6929.44
gate_up_proj,11904,6948.08
gate_up_proj,11920,7137.38
gate_up_proj,11936,7134.45
gate_up_proj,11952,7125.64
gate_up_proj,11968,7150.81
gate_up_proj,11984,7134.88
gate_up_proj,12000,7136.97
gate_up_proj,12016,7142.59
gate_up_proj,12032,7135.35
gate_up_proj,12048,7137.57
gate_up_proj,12064,7177.25
gate_up_proj,12080,7142.91
gate_up_proj,12096,7136.47
gate_up_proj,12112,7168.03
gate_up_proj,12128,7158.26
gate_up_proj,12144,7149.57
gate_up_proj,12160,7168.87
gate_up_proj,12176,7138.49
gate_up_proj,12192,7150.57
gate_up_proj,12208,7167.65
gate_up_proj,12224,7153.74
gate_up_proj,12240,7159.86
gate_up_proj,12256,7140.74
gate_up_proj,12272,7169.44
gate_up_proj,12288,7178.29
gate_up_proj,12304,7332.8
gate_up_proj,12320,7370.28
gate_up_proj,12336,7335.61
gate_up_proj,12352,7337.15
gate_up_proj,12368,7363.33
gate_up_proj,12384,7318.56
gate_up_proj,12400,7329.05
gate_up_proj,12416,7370.95
gate_up_proj,12432,7354.57
gate_up_proj,12448,7372.03
gate_up_proj,12464,7344.63
gate_up_proj,12480,7343.91
gate_up_proj,12496,7335
gate_up_proj,12512,7366.16
gate_up_proj,12528,7359.94
gate_up_proj,12544,7345.02
gate_up_proj,12560,7326.56
gate_up_proj,12576,7335.55
gate_up_proj,12592,7360.23
gate_up_proj,12608,7334.83
gate_up_proj,12624,7373.83
gate_up_proj,12640,7385.59
gate_up_proj,12656,7367.95
gate_up_proj,12672,7397.63
gate_up_proj,12688,7571.59
gate_up_proj,12704,7560.65
gate_up_proj,12720,7617.21
gate_up_proj,12736,7602.79
gate_up_proj,12752,7590.8
gate_up_proj,12768,7539.12
gate_up_proj,12784,7564.97
gate_up_proj,12800,7563.27
gate_up_proj,12816,7559.63
gate_up_proj,12832,7597.47
gate_up_proj,12848,7610.16
gate_up_proj,12864,7576.76
gate_up_proj,12880,7593.81
gate_up_proj,12896,7619.83
gate_up_proj,12912,7613.21
gate_up_proj,12928,7595.71
gate_up_proj,12944,7595.38
gate_up_proj,12960,7620.7
gate_up_proj,12976,7623.83
gate_up_proj,12992,7591.94
gate_up_proj,13008,7609.95
gate_up_proj,13024,7576.6
gate_up_proj,13040,7592.12
gate_up_proj,13056,7590.51
gate_up_proj,13072,7778.34
gate_up_proj,13088,7812
gate_up_proj,13104,7770.77
gate_up_proj,13120,7760.08
gate_up_proj,13136,7778.84
gate_up_proj,13152,7779.41
gate_up_proj,13168,7797.01
gate_up_proj,13184,7755.31
gate_up_proj,13200,7781.49
gate_up_proj,13216,7799.95
gate_up_proj,13232,7795.41
gate_up_proj,13248,7783.27
gate_up_proj,13264,7763.03
gate_up_proj,13280,7767.23
gate_up_proj,13296,7789.13
gate_up_proj,13312,7861.93
gate_up_proj,13328,8040.16
gate_up_proj,13344,7983.86
gate_up_proj,13360,7990.15
gate_up_proj,13376,7982.69
gate_up_proj,13392,7975.46
gate_up_proj,13408,8036.62
gate_up_proj,13424,8006.98
gate_up_proj,13440,8050.91
gate_up_proj,13456,8050.7
gate_up_proj,13472,8047.5
gate_up_proj,13488,7994.62
gate_up_proj,13504,8015.2
gate_up_proj,13520,8033.42
gate_up_proj,13536,8061.29
gate_up_proj,13552,8002.51
gate_up_proj,13568,8040.67
gate_up_proj,13584,8010.81
gate_up_proj,13600,8078.73
gate_up_proj,13616,8012.44
gate_up_proj,13632,8017.87
gate_up_proj,13648,8068.18
gate_up_proj,13664,8031.26
gate_up_proj,13680,8057.81
gate_up_proj,13696,8035.49
gate_up_proj,13712,8237.48
gate_up_proj,13728,8268.09
gate_up_proj,13744,8283.07
gate_up_proj,13760,8241.94
gate_up_proj,13776,8218.04
gate_up_proj,13792,8161.03
gate_up_proj,13808,8162.99
gate_up_proj,13824,8180.03
gate_up_proj,13840,8180.14
gate_up_proj,13856,8178.06
gate_up_proj,13872,8233.69
gate_up_proj,13888,8185.31
gate_up_proj,13904,8198.57
gate_up_proj,13920,8171.28
gate_up_proj,13936,8271.47
gate_up_proj,13952,8213.47
gate_up_proj,13968,8254.55
gate_up_proj,13984,8235.62
gate_up_proj,14000,8209.68
gate_up_proj,14016,8221.95
gate_up_proj,14032,8254.61
gate_up_proj,14048,8253.87
gate_up_proj,14064,8236.72
gate_up_proj,14080,8283.75
gate_up_proj,14096,8440.3
gate_up_proj,14112,8374.3
gate_up_proj,14128,8423.61
gate_up_proj,14144,8476.49
gate_up_proj,14160,8491.14
gate_up_proj,14176,8527.82
gate_up_proj,14192,8374.97
gate_up_proj,14208,8443.67
gate_up_proj,14224,8442.76
gate_up_proj,14240,8448.22
gate_up_proj,14256,8466.64
gate_up_proj,14272,8430.03
gate_up_proj,14288,8496.37
gate_up_proj,14304,8407.15
gate_up_proj,14320,8517.07
gate_up_proj,14336,8476.42
gate_up_proj,14352,8407.64
gate_up_proj,14368,8474.84
gate_up_proj,14384,8481.7
gate_up_proj,14400,8485.73
gate_up_proj,14416,8475.8
gate_up_proj,14432,8489.11
gate_up_proj,14448,8483.33
gate_up_proj,14464,8476.95
gate_up_proj,14480,8653.14
gate_up_proj,14496,8618.61
gate_up_proj,14512,8564.69
gate_up_proj,14528,8609.95
gate_up_proj,14544,8622.54
gate_up_proj,14560,8575.39
gate_up_proj,14576,8630.64
gate_up_proj,14592,8608.2
gate_up_proj,14608,8643.12
gate_up_proj,14624,8661.09
gate_up_proj,14640,8702.31
gate_up_proj,14656,8636.96
gate_up_proj,14672,8686.3
gate_up_proj,14688,8588.22
gate_up_proj,14704,8611.29
gate_up_proj,14720,8605.5
gate_up_proj,14736,8624.26
gate_up_proj,14752,8683.13
gate_up_proj,14768,8685.93
gate_up_proj,14784,8684.86
gate_up_proj,14800,8646.53
gate_up_proj,14816,8696.9
gate_up_proj,14832,8612.39
gate_up_proj,14848,8693.07
gate_up_proj,14864,8794.02
gate_up_proj,14880,8833.83
gate_up_proj,14896,8878.42
gate_up_proj,14912,8832.83
gate_up_proj,14928,8898.06
gate_up_proj,14944,8854.17
gate_up_proj,14960,8781.3
gate_up_proj,14976,8833.04
gate_up_proj,14992,8891.52
gate_up_proj,15008,8810.98
gate_up_proj,15024,8888.71
gate_up_proj,15040,8841.81
gate_up_proj,15056,8891.31
gate_up_proj,15072,8839.04
gate_up_proj,15088,8916.38
gate_up_proj,15104,8850.12
gate_up_proj,15120,8897.12
gate_up_proj,15136,8855.31
gate_up_proj,15152,8882.41
gate_up_proj,15168,9000.34
gate_up_proj,15184,8852.93
gate_up_proj,15200,8842.31
gate_up_proj,15216,8870.11
gate_up_proj,15232,8941.7
gate_up_proj,15248,9077.4
gate_up_proj,15264,9113.78
gate_up_proj,15280,9113.93
gate_up_proj,15296,9108.92
gate_up_proj,15312,9116.59
gate_up_proj,15328,9096.16
gate_up_proj,15344,9050.13
gate_up_proj,15360,9094.79
gate_up_proj,15376,9101.02
gate_up_proj,15392,9036.82
gate_up_proj,15408,9152.06
gate_up_proj,15424,9104.06
gate_up_proj,15440,9089.9
gate_up_proj,15456,9112.97
gate_up_proj,15472,9102.98
gate_up_proj,15488,9089.88
gate_up_proj,15504,9336.3
gate_up_proj,15520,9273.5
gate_up_proj,15536,9260.35
gate_up_proj,15552,9253.23
gate_up_proj,15568,9317.2
gate_up_proj,15584,9262.41
gate_up_proj,15600,9244.39
gate_up_proj,15616,9270.26
gate_up_proj,15632,9293.4
gate_up_proj,15648,9302.53
gate_up_proj,15664,9314.62
gate_up_proj,15680,9264.46
gate_up_proj,15696,9268.75
gate_up_proj,15712,9291.27
gate_up_proj,15728,9296.09
gate_up_proj,15744,9322.15
gate_up_proj,15760,9321.56
gate_up_proj,15776,9321.66
gate_up_proj,15792,9346.14
gate_up_proj,15808,9305.48
gate_up_proj,15824,9316.04
gate_up_proj,15840,9340.56
gate_up_proj,15856,9301.8
gate_up_proj,15872,9315.96
gate_up_proj,15888,9478.49
gate_up_proj,15904,9510.97
gate_up_proj,15920,9523.98
gate_up_proj,15936,9524.1
gate_up_proj,15952,9505.49
gate_up_proj,15968,9481.83
gate_up_proj,15984,9525.99
gate_up_proj,16000,9487.13
gate_up_proj,16016,9548.05
gate_up_proj,16032,9561.16
gate_up_proj,16048,9496.32
gate_up_proj,16064,9519.46
gate_up_proj,16080,9561.84
gate_up_proj,16096,9509.14
gate_up_proj,16112,9550.59
gate_up_proj,16128,9520.13
gate_up_proj,16144,9536.75
gate_up_proj,16160,9521.44
gate_up_proj,16176,9544.21
gate_up_proj,16192,9533.84
gate_up_proj,16208,9499.01
gate_up_proj,16224,9485.84
gate_up_proj,16240,9542.89
gate_up_proj,16256,9558.47
gate_up_proj,16272,9733.25
gate_up_proj,16288,9740.18
gate_up_proj,16304,9752
gate_up_proj,16320,9719.21
gate_up_proj,16336,9768.68
gate_up_proj,16352,9767.17
gate_up_proj,16368,9755.23
layernorm,1,6.528
layernorm,2,6.44833
layernorm,3,6.46933
layernorm,4,6.49117
layernorm,5,6.53867
layernorm,6,6.54967
layernorm,7,6.45917
layernorm,8,6.48083
layernorm,9,6.50683
layernorm,10,6.52317
layernorm,11,6.54433
layernorm,12,6.5605
layernorm,13,6.49133
layernorm,14,6.46967
layernorm,15,6.50167
layernorm,16,6.50183
layernorm,20,6.53383
layernorm,24,6.56
layernorm,28,6.6775
layernorm,32,6.66133
layernorm,36,6.72033
layernorm,40,6.76283
layernorm,44,6.8915
layernorm,48,6.96583
layernorm,52,7.06183
layernorm,56,7.09383
layernorm,60,7.24817
layernorm,64,7.34433
layernorm,80,7.53133
layernorm,96,7.54717
layernorm,112,7.5415
layernorm,128,7.50967
layernorm,144,7.73917
layernorm,160,7.659
layernorm,176,7.76567
layernorm,192,7.68583
layernorm,208,7.88833
layernorm,224,8.011
layernorm,240,8.12283
layernorm,256,8.21367
layernorm,272,8.37383
layernorm,288,8.5445
layernorm,304,8.58717
layernorm,320,8.57117
layernorm,336,8.71517
layernorm,352,9.00283
layernorm,368,9.04017
layernorm,384,9.0935
layernorm,400,9.33367
layernorm,416,9.32283
layernorm,432,9.4405
layernorm,448,9.58967
layernorm,464,9.686
layernorm,480,9.787
layernorm,496,9.94183
layernorm,512,9.95783
layernorm,528,10.2405
layernorm,544,10.2085
layernorm,560,10.7577
layernorm,576,10.8273
layernorm,592,11.387
layernorm,608,12.1283
layernorm,624,12.6778
layernorm,640,12.758
layernorm,656,13.2538
layernorm,672,13.7287
layernorm,688,14.1822
layernorm,704,14.5607
layernorm,720,15.1155
layernorm,736,15.5208
layernorm,752,16.1022
layernorm,768,16.5395
layernorm,784,16.6677
layernorm,800,17.1848
layernorm,816,17.4302
layernorm,832,20.2407
layernorm,848,20.6888
layernorm,864,21.0252
layernorm,880,21.3293
layernorm,896,21.5423
layernorm,912,21.4675
layernorm,928,21.553
layernorm,944,22.129
layernorm,960,22.6408
layernorm,976,23.1693
layernorm,992,23.233
layernorm,1008,23.4358
layernorm,1024,23.9318
layernorm,1040,24.4757
layernorm,1056,24.8333
layernorm,1072,25.4943
layernorm,1088,25.9905
layernorm,1104,26.3797
layernorm,1120,26.5935
layernorm,1136,27.0785
layernorm,1152,27.409
layernorm,1168,27.8997
layernorm,1184,28.6042
layernorm,1200,28.9827
layernorm,1216,29.4145
layernorm,1232,29.7882
layernorm,1248,30.2787
layernorm,1264,30.54
layernorm,1280,31.4682
layernorm,1296,31.9908
layernorm,1312,32.423
layernorm,1328,32.8012
layernorm,1344,33.3617
layernorm,1360,33.964
layernorm,1376,34.1297
layernorm,1392,34.3485
layernorm,1408,35.319
layernorm,1424,35.831
layernorm,1440,35.9752
layernorm,1456,36.7322
layernorm,1472,37.138
layernorm,1488,37.8527
layernorm,1504,38.0925
layernorm,1520,38.7857
layernorm,1536,38.8017
layernorm,1552,39.5753
layernorm,1568,40.3268
layernorm,1584,40.2898
layernorm,1600,40.8233
layernorm,1616,41.362
layernorm,1632,41.7405
layernorm,1648,42.3323
layernorm,1664,43.058
layernorm,1680,43.394
layernorm,1696,43.7513
layernorm,1712,44.1405
layernorm,1728,44.8822
layernorm,1744,45.1965
layernorm,1760,45.6767
layernorm,1776,45.49
layernorm,1792,46.2743
layernorm,1808,46.5197
layernorm,1824,46.6743
layernorm,1840,47.0798
layernorm,1856,47.6663
layernorm,1872,47.7785
layernorm,1888,47.9593
layernorm,1904,48.7868
layernorm,1920,49.1223
layernorm,1936,49.4635
layernorm,1952,49.3408
layernorm,1968,49.8583
layernorm,1984,50.7327
layernorm,2000,50.637
layernorm,2016,51.629
layernorm,2032,52.1198
layernorm,2048,51.8903
layernorm,2064,52.6903
layernorm,2080,52.9728
layernorm,2096,53.2397
layernorm,2112,54.0132
layernorm,2128,53.9653
layernorm,2144,54.3278
layernorm,2160,54.8717
layernorm,2176,55.1488
layernorm,2192,55.5972
layernorm,2208,56.6002
layernorm,2224,57.1547
layernorm,2240,57.624
layernorm,2256,58.2853
layernorm,2272,58.7173
layernorm,2288,58.8297
layernorm,2304,59.5442
layernorm,2320,59.8962
layernorm,2336,60.504
layernorm,2352,60.3545
layernorm,2368,61.1173
layernorm,2384,61.432
layernorm,2400,61.8963
layernorm,2416,61.9653
layernorm,2432,63.2508
layernorm,2448,63.2507
layernorm,2464,63.7363
layernorm,2480,64.0083
layernorm,2496,64.9255
layernorm,2512,64.7497
layernorm,2528,65.0373
layernorm,2544,65.8963
layernorm,2560,66.7285
layernorm,2576,66.9632
layernorm,2592,67.3738
layernorm,2608,67.4805
layernorm,2624,67.4057
layernorm,2640,67.9018
layernorm,2656,68.5472
layernorm,2672,68.9363
layernorm,2688,70.2112
layernorm,2704,69.7047
layernorm,2720,70.03
layernorm,2736,70.8352
layernorm,2752,71.0488
layernorm,2768,71.5497
layernorm,2784,71.9658
layernorm,2800,72.0192
layernorm,2816,73.1713
layernorm,2832,73.0593
layernorm,2848,73.774
layernorm,2864,73.7102
layernorm,2880,74.9368
layernorm,2896,74.5048
layernorm,2912,74.8887
layernorm,2928,75.1875
layernorm,2944,75.4703
layernorm,2960,76.2058
layernorm,2976,76.4035
layernorm,2992,77.006
layernorm,3008,77.6622
layernorm,3024,78.0568
layernorm,3040,78.329
layernorm,3056,78.3875
layernorm,3072,79.4277
layernorm,3088,79.8755
layernorm,3104,80.3665
layernorm,3120,80.9155
layernorm,3136,81.2465
layernorm,3152,81.7372
layernorm,3168,82.4303
layernorm,3184,82.0623
layernorm,3200,82.7075
layernorm,3216,82.8195
layernorm,3232,83.5235
layernorm,3248,83.9292
layernorm,3264,83.9293
layernorm,3280,84.553
layernorm,3296,85.1505
layernorm,3312,85.6893
layernorm,3328,86.468
layernorm,3344,86.5693
layernorm,3360,86.8307
layernorm,3376,87.924
layernorm,3392,87.8545
layernorm,3408,87.9187
layernorm,3424,88.9318
layernorm,3440,89.3907
layernorm,3456,89.3052
layernorm,3472,89.8227
layernorm,3488,89.9772
layernorm,3504,90.2387
layernorm,3520,91.1723
layernorm,3536,91.5827
layernorm,3552,91.7107
layernorm,3568,92.3988
layernorm,3584,92.9375
layernorm,3600,92.671
layernorm,3616,94.0682
layernorm,3632,93.5882
layernorm,3648,94.3723
layernorm,3664,95.071
layernorm,3680,95.4282
layernorm,3696,95.972
layernorm,3712,95.8173
layernorm,3728,96.8522
layernorm,3744,97.663
layernorm,3760,97.2577
layernorm,3776,97.6577
layernorm,3792,98.5912
layernorm,3808,99.1403
layernorm,3824,99.012
layernorm,3840,99.7217
layernorm,3856,99.5297
layernorm,3872,99.759
layernorm,3888,101.087
layernorm,3904,100.959
layernorm,3920,101.786
layernorm,3936,101.263
layernorm,3952,102.388
layernorm,3968,103.167
layernorm,3984,103.573
layernorm,4000,103.663
layernorm,4016,104.836
layernorm,4032,104.458
layernorm,4048,104.767
layernorm,4064,105.269
layernorm,4080,105.748
layernorm,4096,106.405
layernorm,4112,108.538
layernorm,4128,106.223
layernorm,4144,107.029
layernorm,4160,107.274
layernorm,4176,107.887
layernorm,4192,108.282
layernorm,4208,109.509
layernorm,4224,109.637
layernorm,4240,110.661
layernorm,4256,110.256
layernorm,4272,111.722
layernorm,4288,111.578
layernorm,4304,111.903
layernorm,4320,112.517
layernorm,4336,112.362
layernorm,4352,113.786
layernorm,4368,113.152
layernorm,4384,113.552
layernorm,4400,114.309
layernorm,4416,114.768
layernorm,4432,115.066
layernorm,4448,115.733
layernorm,4464,117.093
layernorm,4480,117.077
layernorm,4496,117.365
layernorm,4512,117.658
layernorm,4528,117.392
layernorm,4544,118.384
layernorm,4560,118.65
layernorm,4576,118.655
layernorm,4592,119.845
layernorm,4608,120.187
layernorm,4624,121.046
layernorm,4640,121.446
layernorm,4656,120.971
layernorm,4672,121.675
layernorm,4688,121.221
layernorm,4704,123.291
layernorm,4720,121.28
layernorm,4736,122.368
layernorm,4752,123.008
layernorm,4768,124.16
layernorm,4784,124.091
layernorm,4800,124.581
layernorm,4816,125.291
layernorm,4832,125.323
layernorm,4848,124.758
layernorm,4864,125.478
layernorm,4880,126.714
layernorm,4896,127.355
layernorm,4912,127.712
layernorm,4928,127.398
layernorm,4944,127.36
layernorm,4960,129.259
layernorm,4976,129.409
layernorm,4992,129.307
layernorm,5008,129.398
layernorm,5024,129.958
layernorm,5040,130.598
layernorm,5056,130.438
layernorm,5072,131.083
layernorm,5088,131.936
layernorm,5104,132.363
layernorm,5120,132.416
layernorm,5136,133.035
layernorm,5152,133.563
layernorm,5168,133.883
layernorm,5184,133.814
layernorm,5200,134.593
layernorm,5216,134.667
layernorm,5232,135.601
layernorm,5248,135.659
layernorm,5264,136.251
layernorm,5280,136.801
layernorm,5296,136.982
layernorm,5312,138.086
layernorm,5328,137.878
layernorm,5344,138.998
layernorm,5360,138.449
layernorm,5376,139.222
layernorm,5392,139.569
layernorm,5408,139.542
layernorm,5424,140.337
layernorm,5440,141.11
layernorm,5456,142.193
layernorm,5472,142.988
layernorm,5488,142.635
layernorm,5504,142.07
layernorm,5520,143.281
layernorm,5536,143.297
layernorm,5552,143.996
layernorm,5568,144.326
layernorm,5584,144.939
layernorm,5600,145.068
layernorm,5616,145.916
layernorm,5632,145.851
layernorm,5648,145.873
layernorm,5664,146.465
layernorm,5680,146.641
layernorm,5696,147.532
layernorm,5712,148.027
layernorm,5728,147.612
layernorm,5744,148.934
layernorm,5760,149.879
layernorm,5776,149.121
layernorm,5792,150.284
layernorm,5808,151.036
layernorm,5824,150.892
layernorm,5840,151.255
layernorm,5856,151.793
layernorm,5872,151.91
layernorm,5888,152.705
layernorm,5904,153.703
layernorm,5920,152.966
layernorm,5936,153.505
layernorm,5952,154.257
layernorm,5968,154.508
layernorm,5984,155.847
layernorm,6000,155.313
layernorm,6016,155.718
layernorm,6032,156.167
layernorm,6048,156.753
layernorm,6064,157.361
layernorm,6080,157.617
layernorm,6096,157.718
layernorm,6112,158.145
layernorm,6128,159.164
layernorm,6144,159.633
layernorm,6160,159.292
layernorm,6176,160.311
layernorm,6192,160.231
layernorm,6208,160.929
layernorm,6224,161.729
layernorm,6240,162.14
layernorm,6256,162.487
layernorm,6272,162.903
layernorm,6288,163.239
layernorm,6304,162.823
layernorm,6320,164.23
layernorm,6336,164.082
layernorm,6352,165.218
layernorm,6368,165.521
layernorm,6384,165.612
layernorm,6400,165.697
layernorm,6416,166.434
layernorm,6432,167.074
layernorm,6448,167.895
layernorm,6464,167.516
layernorm,6480,168.135
layernorm,6496,168.812
layernorm,6512,168.882
layernorm,6528,169.239
layernorm,6544,170.199
layernorm,6560,169.874
layernorm,6576,170.706
layernorm,6592,171.575
layernorm,6608,171.602
layernorm,6624,171.554
layernorm,6640,172.642
layernorm,6656,173.687
layernorm,6672,172.61
layernorm,6688,173.612
layernorm,6704,173.804
layernorm,6720,174.524
layernorm,6736,175.453
layernorm,6752,174.445
layernorm,6768,175.431
layernorm,6784,176.279
layernorm,6800,177.064
layernorm,6816,176.978
layernorm,6832,177.682
layernorm,6848,177.965
layernorm,6864,179.17
layernorm,6880,178.855
layernorm,6896,179.213
layernorm,6912,179.447
layernorm,6928,181.058
layernorm,6944,180.562
layernorm,6960,180.701
layernorm,6976,181.506
layernorm,6992,183.341
layernorm,7008,182.386
layernorm,7024,183.106
layernorm,7040,183.837
layernorm,7056,183.277
layernorm,7072,184.023
layernorm,7088,183.666
layernorm,7104,184.712
layernorm,7120,185.032
layernorm,7136,185.667
layernorm,7152,186.002
layernorm,7168,186.423
layernorm,7184,187.117
layernorm,7200,187.805
layernorm,7216,187.784
layernorm,7232,188.205
layernorm,7248,188.328
layernorm,7264,188.029
layernorm,7280,189.891
layernorm,7296,188.754
layernorm,7312,189.885
layernorm,7328,190.888
layernorm,7344,190.754
layernorm,7360,191.325
layernorm,7376,191.779
layernorm,7392,192.12
layernorm,7408,192.957
layernorm,7424,193.042
layernorm,7440,193.624
layernorm,7456,194.685
layernorm,7472,194.563
layernorm,7488,194.237
layernorm,7504,196.03
layernorm,7520,195.47
layernorm,7536,195.614
layernorm,7552,197.075
layernorm,7568,196.28
layernorm,7584,196.968
layernorm,7600,197.992
layernorm,7616,199.56
layernorm,7632,198.568
layernorm,7648,198.92
layernorm,7664,199.272
layernorm,7680,199.405
layernorm,7696,200.728
layernorm,7712,201.118
layernorm,7728,201.406
layernorm,7744,201.39
layernorm,7760,202.377
layernorm,7776,202.403
layernorm,7792,203.117
layernorm,7808,203.603
layernorm,7824,203.534
layernorm,7840,203.358
layernorm,7856,204.776
layernorm,7872,204.947
layernorm,7888,205.294
layernorm,7904,205.838
layernorm,7920,206.126
layernorm,7936,207.214
layernorm,7952,207.219
layernorm,7968,208.302
layernorm,7984,207.774
layernorm,8000,208.328
layernorm,8016,208.595
layernorm,8032,208.958
layernorm,8048,209.8
layernorm,8064,210.339
layernorm,8080,211.123
layernorm,8096,210.974
layernorm,8112,212.094
layernorm,8128,212.222
layernorm,8144,212.291
layernorm,8160,213.412
layernorm,8176,213.134
layernorm,8192,213.475
layernorm,8208,211.929
layernorm,8224,211.795
layernorm,8240,211.726
layernorm,8256,214.099
layernorm,8272,213.001
layernorm,8288,214.355
layernorm,8304,213.363
layernorm,8320,215.102
layernorm,8336,215.556
layernorm,8352,215.417
layernorm,8368,216.084
layernorm,8384,215.977
layernorm,8400,216.516
layernorm,8416,216.931
layernorm,8432,218.494
layernorm,8448,219.268
layernorm,8464,219.033
layernorm,8480,218.83
layernorm,8496,220.131
layernorm,8512,219.614
layernorm,8528,221.145
layernorm,8544,221.54
layernorm,8560,221.241
layernorm,8576,221.62
layernorm,8592,222.121
layernorm,8608,222.713
layernorm,8624,224.142
layernorm,8640,223.417
layernorm,8656,223.449
layernorm,8672,224.249
layernorm,8688,224.249
layernorm,8704,224.82
layernorm,8720,224.665
layernorm,8736,225.124
layernorm,8752,226.638
layernorm,8768,227.167
layernorm,8784,227.604
layernorm,8800,228.025
layernorm,8816,226.606
layernorm,8832,228.196
layernorm,8848,228.553
layernorm,8864,228.047
layernorm,8880,230.398
layernorm,8896,229.524
layernorm,8912,231.657
layernorm,8928,230.868
layernorm,8944,230.868
layernorm,8960,230.852
layernorm,8976,232.756
layernorm,8992,233.102
layernorm,9008,232.74
layernorm,9024,234.308
layernorm,9040,233.567
layernorm,9056,234.116
layernorm,9072,234.724
layernorm,9088,234.847
layernorm,9104,235.652
layernorm,9120,236.905
layernorm,9136,235.546
layernorm,9152,237.369
layernorm,9168,236.126
layernorm,9184,238.559
layernorm,9200,238.25
layernorm,9216,237.951
layernorm,9232,238.607
layernorm,9248,239.113
layernorm,9264,239.881
layernorm,9280,239.967
layernorm,9296,240.255
layernorm,9312,241.349
layernorm,9328,241.066
layernorm,9344,242.218
layernorm,9360,242.218
layernorm,9376,242.634
layernorm,9392,243.994
layernorm,9408,243.833
layernorm,9424,243.594
layernorm,9440,243.749
layernorm,9456,244.532
layernorm,9472,245.615
layernorm,9488,246.479
layernorm,9504,245.93
layernorm,9520,246.047
layernorm,9536,246.085
layernorm,9552,247.764
layernorm,9568,248.698
layernorm,9584,247.3
layernorm,9600,249.391
layernorm,9616,249.087
layernorm,9632,249.418
layernorm,9648,250.49
layernorm,9664,250.346
layernorm,9680,251.423
layernorm,9696,250.442
layernorm,9712,252.133
layernorm,9728,252.917
layernorm,9744,252.319
layernorm,9760,251.759
layernorm,9776,253.37
layernorm,9792,254.047
layernorm,9808,254.698
layernorm,9824,253.962
layernorm,9840,255.407
layernorm,9856,255.034
layernorm,9872,256.394
layernorm,9888,256.202
layernorm,9904,257.935
layernorm,9920,258.538
layernorm,9936,257.509
layernorm,9952,258.666
layernorm,9968,259.386
layernorm,9984,259.594
layernorm,10000,259.632
layernorm,10016,261.232
layernorm,10032,261.685
layernorm,10048,262.021
layernorm,10064,262.581
layernorm,10080,262.202
layernorm,10096,263.738
layernorm,10112,262.976
layernorm,10128,263.541
layernorm,10144,264.789
layernorm,10160,266.746
layernorm,10176,265.973
layernorm,10192,266.026
layernorm,10208,266.779
layernorm,10224,267.509
layernorm,10240,266.048
layernorm,10256,269.019
layernorm,10272,267.178
layernorm,10288,268.981
layernorm,10304,269.557
layernorm,10320,270.736
layernorm,10336,269.51
layernorm,10352,272.053
layernorm,10368,270.528
layernorm,10384,272.277
layernorm,10400,271.686
layernorm,10416,273.227
layernorm,10432,273.36
layernorm,10448,274.251
layernorm,10464,274.197
layernorm,10480,273.771
layernorm,10496,274.016
layernorm,10512,273.557
layernorm,10528,276.022
layernorm,10544,275.402
layernorm,10560,276.229
layernorm,10576,275.472
layernorm,10592,275.91
layernorm,10608,277.173
layernorm,10624,276.416
layernorm,10640,277.845
layernorm,10656,277.573
layernorm,10672,278.544
layernorm,10688,278.491
layernorm,10704,279.307
layernorm,10720,279.787
layernorm,10736,280.379
layernorm,10752,281.019
layernorm,10768,281.946
layernorm,10784,282.048
layernorm,10800,283.291
layernorm,10816,282.24
layernorm,10832,283.222
layernorm,10848,283.424
layernorm,10864,283.638
layernorm,10880,283.643
layernorm,10896,285.323
layernorm,10912,284.465
layernorm,10928,286.475
layernorm,10944,286.363
layernorm,10960,286.102
layernorm,10976,287.601
layernorm,10992,286.651
layernorm,11008,288.79
layernorm,11024,289.11
layernorm,11040,286.96
layernorm,11056,289.643
layernorm,11072,287.995
layernorm,11088,290.16
layernorm,11104,290.641
layernorm,11120,291.078
layernorm,11136,291.979
layernorm,11152,292.417
layernorm,11168,292.166
layernorm,11184,292.214
layernorm,11200,291.995
layernorm,11216,292.668
layernorm,11232,292.326
layernorm,11248,294.336
layernorm,11264,292.598
layernorm,11280,294.23
layernorm,11296,295.835
layernorm,11312,294.758
layernorm,11328,296.203
layernorm,11344,296.523
layernorm,11360,297.361
layernorm,11376,296.998
layernorm,11392,297.579
layernorm,11408,299.153
layernorm,11424,299.467
layernorm,11440,296.779
layernorm,11456,298.827
layernorm,11472,298.832
layernorm,11488,299.051
layernorm,11504,300.651
layernorm,11520,300.95
layernorm,11536,300.955
layernorm,11552,302.087
layernorm,11568,303.275
layernorm,11584,302.203
layernorm,11600,302.177
layernorm,11616,302.332
layernorm,11632,302.796
layernorm,11648,303.595
layernorm,11664,304.475
layernorm,11680,304.7
layernorm,11696,305.996
layernorm,11712,306.689
layernorm,11728,307.777
layernorm,11744,307.415
layernorm,11760,308.945
layernorm,11776,308.428
layernorm,11792,308.844
layernorm,11808,309.905
layernorm,11824,309.371
layernorm,11840,310.187
layernorm,11856,312.524
layernorm,11872,311.809
layernorm,11888,310.3
layernorm,11904,310.956
layernorm,11920,312.726
layernorm,11936,311.388
layernorm,11952,313.03
layernorm,11968,314.673
layernorm,11984,315.137
layernorm,12000,314.001
layernorm,12016,314.45
layernorm,12032,313.692
layernorm,12048,315.132
layernorm,12064,314.481
layernorm,12080,315.537
layernorm,12096,314.806
layernorm,12112,315.66
layernorm,12128,318.663
layernorm,12144,318.758
layernorm,12160,317.735
layernorm,12176,317.894
layernorm,12192,319.847
layernorm,12208,320.034
layernorm,12224,320.727
layernorm,12240,320.961
layernorm,12256,320.268
layernorm,12272,320.561
layernorm,12288,321.905
layernorm,12304,320.871
layernorm,12320,323.335
layernorm,12336,321.847
layernorm,12352,323.985
layernorm,12368,322.471
layernorm,12384,324.556
layernorm,12400,324.135
layernorm,12416,324.327
layernorm,12432,325.346
layernorm,12448,326.071
layernorm,12464,326.113
layernorm,12480,325.948
layernorm,12496,326.631
layernorm,12512,326.913
layernorm,12528,328.503
layernorm,12544,326.977
layernorm,12560,327.143
layernorm,12576,328.268
layernorm,12592,329.036
layernorm,12608,328.46
layernorm,12624,330.668
layernorm,12640,330.962
layernorm,12656,331.18
layernorm,12672,331.821
layernorm,12688,331.692
layernorm,12704,332.781
layernorm,12720,333.981
layernorm,12736,333.858
layernorm,12752,332.887
layernorm,12768,333.543
layernorm,12784,335.063
layernorm,12800,334.492
layernorm,12816,334.183
layernorm,12832,336.85
layernorm,12848,335.036
layernorm,12864,336.786
layernorm,12880,337.836
layernorm,12896,336.209
layernorm,12912,337.416
layernorm,12928,336.908
layernorm,12944,338.652
layernorm,12960,339.474
layernorm,12976,339.49
layernorm,12992,339.516
layernorm,13008,340.317
layernorm,13024,340.572
layernorm,13040,341.767
layernorm,13056,340.903
layernorm,13072,343.169
layernorm,13088,341.346
layernorm,13104,343.495
layernorm,13120,342.53
layernorm,13136,344.092
layernorm,13152,345.554
layernorm,13168,344.38
layernorm,13184,345.538
layernorm,13200,345.613
layernorm,13216,345.069
layernorm,13232,346.685
layernorm,13248,347.554
layernorm,13264,348.183
layernorm,13280,347.351
layernorm,13296,349.544
layernorm,13312,348.36
layernorm,13328,349.602
layernorm,13344,348.52
layernorm,13360,349.256
layernorm,13376,351.101
layernorm,13392,349.495
layernorm,13408,349.906
layernorm,13424,350.04
layernorm,13440,352.727
layernorm,13456,350.759
layernorm,13472,353.928
layernorm,13488,352.85
layernorm,13504,352.248
layernorm,13520,354.242
layernorm,13536,353.341
layernorm,13552,356.258
layernorm,13568,354.77
layernorm,13584,356.583
layernorm,13600,357.389
layernorm,13616,356.568
layernorm,13632,356.013
layernorm,13648,357.804
layernorm,13664,357.272
layernorm,13680,357.939
layernorm,13696,357.48
layernorm,13712,360.05
layernorm,13728,359.816
layernorm,13744,360.568
layernorm,13760,358.536
layernorm,13776,361.848
layernorm,13792,360.813
layernorm,13808,361.613
layernorm,13824,361.885
layernorm,13840,360.952
layernorm,13856,362.989
layernorm,13872,363.981
layernorm,13888,362.92
layernorm,13904,364.114
layernorm,13920,363.266
layernorm,13936,365.08
layernorm,13952,364.045
layernorm,13968,365.171
layernorm,13984,365.773
layernorm,14000,367.592
layernorm,14016,366.819
layernorm,14032,369.027
layernorm,14048,368.856
layernorm,14064,368.925
layernorm,14080,369.443
layernorm,14096,369.592
layernorm,14112,368.92
layernorm,14128,369.192
layernorm,14144,370.648
layernorm,14160,370.131
layernorm,14176,370.76
layernorm,14192,370.499
layernorm,14208,372.014
layernorm,14224,372.499
layernorm,14240,372.893
layernorm,14256,373.283
layernorm,14272,373.747
layernorm,14288,375.059
layernorm,14304,373.784
layernorm,14320,374.755
layernorm,14336,374.365
layernorm,14352,376.051
layernorm,14368,374.36
layernorm,14384,376.36
layernorm,14400,376.653
layernorm,14416,377.24
layernorm,14432,376.68
layernorm,14448,379.208
layernorm,14464,380.323
layernorm,14480,379.4
layernorm,14496,379.752
layernorm,14512,380.989
layernorm,14528,380.547
layernorm,14544,381.55
layernorm,14560,381.288
layernorm,14576,381.944
layernorm,14592,380.381
layernorm,14608,382.883
layernorm,14624,382.355
layernorm,14640,382.877
layernorm,14656,383.336
layernorm,14672,383.144
layernorm,14688,383.891
layernorm,14704,385.325
layernorm,14720,384.446
layernorm,14736,385.843
layernorm,14752,386.451
layernorm,14768,388.137
layernorm,14784,386.782
layernorm,14800,386.92
layernorm,14816,388.392
layernorm,14832,387.469
layernorm,14848,389.054
layernorm,14864,389.208
layernorm,14880,388.766
layernorm,14896,390.233
layernorm,14912,390.099
layernorm,14928,389.694
layernorm,14944,389.704
layernorm,14960,391.993
layernorm,14976,391.865
layernorm,14992,392.11
layernorm,15008,393.539
layernorm,15024,394.265
layernorm,15040,395.283
layernorm,15056,394.638
layernorm,15072,393.822
layernorm,15088,395.022
layernorm,15104,395.715
layernorm,15120,395.593
layernorm,15136,397.545
layernorm,15152,395.678
layernorm,15168,396.974
layernorm,15184,399.038
layernorm,15200,398.211
layernorm,15216,397.881
layernorm,15232,399.326
layernorm,15248,399.593
layernorm,15264,400.083
layernorm,15280,398.777
layernorm,15296,400.355
layernorm,15312,401.87
layernorm,15328,401.769
layernorm,15344,401.337
layernorm,15360,400.851
layernorm,15376,402.046
layernorm,15392,403.481
layernorm,15408,403.15
layernorm,15424,404.468
layernorm,15440,404.468
layernorm,15456,403.758
layernorm,15472,407.033
layernorm,15488,406.825
layernorm,15504,406.601
layernorm,15520,406.206
layernorm,15536,406.985
layernorm,15552,407.428
layernorm,15568,407.689
layernorm,15584,409.657
layernorm,15600,410.734
layernorm,15616,410.435
layernorm,15632,410.334
layernorm,15648,410.281
layernorm,15664,410.883
layernorm,15680,409.875
layernorm,15696,409.582
layernorm,15712,411.886
layernorm,15728,412.286
layernorm,15744,411.182
layernorm,15760,412.409
layernorm,15776,413.753
layernorm,15792,414.084
layernorm,15808,414.19
layernorm,15824,413.508
layernorm,15840,414.804
layernorm,15856,416.387
layernorm,15872,415.875
layernorm,15888,415.61
layernorm,15904,417.806
layernorm,15920,416.596
layernorm,15936,418.356
layernorm,15952,418.836
layernorm,15968,419.375
layernorm,15984,419.209
layernorm,16000,420.009
layernorm,16016,420.244
layernorm,16032,420.244
layernorm,16048,420.756
layernorm,16064,420.692
layernorm,16080,422.062
layernorm,16096,422.9
layernorm,16112,423.993
layernorm,16128,422.26
layernorm,16144,423.049
layernorm,16160,422.436
layernorm,16176,423.065
layernorm,16192,425.919
layernorm,16208,424.783
layernorm,16224,425.705
layernorm,16240,426.052
layernorm,16256,425.097
layernorm,16272,425.983
layernorm,16288,425.769
layernorm,16304,428.457
layernorm,16320,427.518
layernorm,16336,428.121
layernorm,16352,429.785
layernorm,16368,429.945
o_proj,1,35.9687
o_proj,2,35.4883
o_proj,3,35.4783
o_proj,4,35.4143
o_proj,5,35.4997
o_proj,6,35.489
o_proj,7,35.457
o_proj,8,35.5957
o_proj,9,35.66
o_proj,10,35.5317
o_proj,11,35.7343
o_proj,12,35.3927
o_proj,13,35.4783
o_proj,14,35.6273
o_proj,15,35.5957
o_proj,16,35.393
o_proj,20,35.1263
o_proj,24,35.2113
o_proj,28,35.297
o_proj,32,35.3607
o_proj,36,35.5317
o_proj,40,35.3823
o_proj,44,35.3183
o_proj,48,35.628
o_proj,52,35.6273
o_proj,56,35.6597
o_proj,60,35.638
o_proj,64,35.6703
o_proj,80,68.866
o_proj,96,68.9833
o_proj,112,63.607
o_proj,128,63.7027
o_proj,144,124.302
o_proj,160,124.398
o_proj,176,124.611
o_proj,192,124.963
o_proj,208,125.241
o_proj,224,125.07
o_proj,240,125.294
o_proj,256,125.625
o_proj,272,125.465
o_proj,288,125.603
o_proj,304,125.688
o_proj,320,125.667
o_proj,336,244.23
o_proj,352,244.508
o_proj,368,244.561
o_proj,384,244.752
o_proj,400,244.401
o_proj,416,244.443
o_proj,432,244.497
o_proj,448,244.721
o_proj,464,239.889
o_proj,480,239.985
o_proj,496,240.038
o_proj,512,240.038
o_proj,528,239.025
o_proj,544,239.323
o_proj,560,239.323
o_proj,576,239.537
o_proj,592,240.539
o_proj,608,240.774
o_proj,624,240.923
o_proj,640,240.934
o_proj,656,476.108
o_proj,672,476.279
o_proj,688,476.235
o_proj,704,476.791
o_proj,720,476.93
o_proj,736,476.887
o_proj,752,476.748
o_proj,768,477.175
o_proj,784,371.754
o_proj,800,371.924
o_proj,816,372.127
o_proj,832,372.169
o_proj,848,325.203
o_proj,864,478.22
o_proj,880,478.241
o_proj,896,478.38
o_proj,912,477.164
o_proj,928,477.505
o_proj,944,477.622
o_proj,960,477.74
o_proj,976,477.612
o_proj,992,478.06
o_proj,1008,477.804
o_proj,1024,478.273
o_proj,1040,478.028
o_proj,1056,478.625
o_proj,1072,478.519
o_proj,1088,478.411
o_proj,1104,478.582
o_proj,1120,478.635
o_proj,1136,478.508
o_proj,1152,478.625
o_proj,1168,471.073
o_proj,1184,471.19
o_proj,1200,471.126
o_proj,1216,471.18
o_proj,1232,471.104
o_proj,1248,471.201
o_proj,1264,471.211
o_proj,1280,471.595
o_proj,1296,471.34
o_proj,1312,470.903
o_proj,1328,471.148
o_proj,1344,471.392
o_proj,1360,471.286
o_proj,1376,471.479
o_proj,1392,471.244
o_proj,1408,471.404
o_proj,1424,601.966
o_proj,1440,602.361
o_proj,1456,602.692
o_proj,1472,602.991
o_proj,1488,602.937
o_proj,1504,602.906
o_proj,1520,603.258
o_proj,1536,603.183
o_proj,1552,594.478
o_proj,1568,594.671
o_proj,1584,594.895
o_proj,1600,595.182
o_proj,1616,595.417
o_proj,1632,595.396
o_proj,1648,595.577
o_proj,1664,595.94
o_proj,1680,595.588
o_proj,1696,609.967
o_proj,1712,611.173
o_proj,1728,610.671
o_proj,1744,610.617
o_proj,1760,611.13
o_proj,1776,611.226
o_proj,1792,596.047
o_proj,1808,703.506
o_proj,1824,703.485
o_proj,1840,703.111
o_proj,1856,703.665
o_proj,1872,703.334
o_proj,1888,703.281
o_proj,1904,703.27
o_proj,1920,703.762
o_proj,1936,703.142
o_proj,1952,703.132
o_proj,1968,703.741
o_proj,1984,703.121
o_proj,2000,703.143
o_proj,2016,703.548
o_proj,2032,703.121
o_proj,2048,703.26
o_proj,2064,703.772
o_proj,2080,703.921
o_proj,2096,703.932
o_proj,2112,717.159
o_proj,2128,717.041
o_proj,2144,717.34
o_proj,2160,717.372
o_proj,2176,717.511
o_proj,2192,952.588
o_proj,2208,952.909
o_proj,2224,952.685
o_proj,2240,952.631
o_proj,2256,953.069
o_proj,2272,953.261
o_proj,2288,952.716
o_proj,2304,953.239
o_proj,2320,952.76
o_proj,2336,952.632
o_proj,2352,830.036
o_proj,2368,829.759
o_proj,2384,831.284
o_proj,2400,831.338
o_proj,2416,831.359
o_proj,2432,831.785
o_proj,2448,935.255
o_proj,2464,935.18
o_proj,2480,934.53
o_proj,2496,934.935
o_proj,2512,934.978
o_proj,2528,935.084
o_proj,2544,934.732
o_proj,2560,934.753
o_proj,2576,952.418
o_proj,2592,952.728
o_proj,2608,952.535
o_proj,2624,952.887
o_proj,2640,951.96
o_proj,2656,952.525
o_proj,2672,952.951
o_proj,2688,953.133
o_proj,2704,953.079
o_proj,2720,953.122
o_proj,2736,953.271
o_proj,2752,953.185
o_proj,2768,953.548
o_proj,2784,953.389
o_proj,2800,953.698
o_proj,2816,953.709
o_proj,2832,1079.23
o_proj,2848,1079.33
o_proj,2864,1079.5
o_proj,2880,1079.3
o_proj,2896,1189.33
o_proj,2912,1189.47
o_proj,2928,1189.52
o_proj,2944,1189.75
o_proj,2960,1189.69
o_proj,2976,1189.15
o_proj,2992,1189.39
o_proj,3008,1189.66
o_proj,3024,1189.73
o_proj,3040,1189.95
o_proj,3056,1080.7
o_proj,3072,1080.59
o_proj,3088,1081.21
o_proj,3104,1081.34
o_proj,3120,1081.62
o_proj,3136,1081.25
o_proj,3152,1189.1
o_proj,3168,1188.68
o_proj,3184,1066.85
o_proj,3200,1066.64
o_proj,3216,1167.54
o_proj,3232,1167.47
o_proj,3248,1167.48
o_proj,3264,1167.44
o_proj,3280,1167.47
o_proj,3296,1167.84
o_proj,3312,1167.81
o_proj,3328,1167.9
o_proj,3344,1167.54
o_proj,3360,1167.57
o_proj,3376,1167.78
o_proj,3392,1167.79
o_proj,3408,1167.84
o_proj,3424,1169.6
o_proj,3440,1169.52
o_proj,3456,1169.21
o_proj,3472,1169.85
o_proj,3488,1191.63
o_proj,3504,1191.8
o_proj,3520,1191.76
o_proj,3536,1191.59
o_proj,3552,1191.7
o_proj,3568,1191.87
o_proj,3584,1192.38
o_proj,3600,1426.03
o_proj,3616,1426.27
o_proj,3632,1426.69
o_proj,3648,1426.47
o_proj,3664,1426.9
o_proj,3680,1426.58
o_proj,3696,1426.95
o_proj,3712,1432.78
o_proj,3728,1433.62
o_proj,3744,1433.34
o_proj,3760,1433.35
o_proj,3776,1433.38
o_proj,3792,1433.36
o_proj,3808,1433.44
o_proj,3824,1433.54
o_proj,3840,1433.68
o_proj,3856,1433.51
o_proj,3872,1433.74
o_proj,3888,1433.77
o_proj,3904,1433.74
o_proj,3920,1433.56
o_proj,3936,1433.58
o_proj,3952,1433.88
o_proj,3968,1434.08
o_proj,3984,1434
o_proj,4000,1434.21
o_proj,4016,1434.08
o_proj,4032,1434.01
o_proj,4048,1433.95
o_proj,4064,1434.13
o_proj,4080,1434.19
o_proj,4096,1433.95
o_proj,4112,1434.08
o_proj,4128,1434.01
o_proj,4144,1434.35
o_proj,4160,1434.08
o_proj,4176,1434.11
o_proj,4192,1434.13
o_proj,4208,1433.83
o_proj,4224,1433.97
o_proj,4240,1434.32
o_proj,4256,1434.09
o_proj,4272,1434.21
o_proj,4288,1434.41
o_proj,4304,1434.3
o_proj,4320,1434.44
o_proj,4336,1434.45
o_proj,4352,1434.3
o_proj,4368,1672.03
o_proj,4384,1672.02
o_proj,4400,1672.13
o_proj,4416,1672.13
o_proj,4432,1671.49
o_proj,4448,1672.25
o_proj,4464,1672.12
o_proj,4480,1672.13
o_proj,4496,1672.23
o_proj,4512,1672.32
o_proj,4528,1672.5
o_proj,4544,1672.52
o_proj,4560,1672.6
o_proj,4576,1672.55
o_proj,4592,1672.48
o_proj,4608,1672.41
o_proj,4624,1672.54
o_proj,4640,1672.64
o_proj,4656,1672.63
o_proj,4672,1672.46
o_proj,4688,1672.33
o_proj,4704,1633.32
o_proj,4720,1633.59
o_proj,4736,1633.4
o_proj,4752,1634.01
o_proj,4768,1634.63
o_proj,4784,1634.35
o_proj,4800,1634.64
o_proj,4816,1634.84
o_proj,4832,1635.08
o_proj,4848,1634.5
o_proj,4864,1635.12
o_proj,4880,1635.01
o_proj,4896,1634.71
o_proj,4912,1634.33
o_proj,4928,1634.93
o_proj,4944,1634.39
o_proj,4960,1634.35
o_proj,4976,1634.98
o_proj,4992,1634.5
o_proj,5008,1749.18
o_proj,5024,1749.47
o_proj,5040,1748.81
o_proj,5056,1749.88
o_proj,5072,1749.14
o_proj,5088,1749.12
o_proj,5104,1749.71
o_proj,5120,1749.67
o_proj,5136,1750.05
o_proj,5152,1750.37
o_proj,5168,1751.09
o_proj,5184,1751.23
o_proj,5200,1750.91
o_proj,5216,1750.57
o_proj,5232,1751.1
o_proj,5248,1750.77
o_proj,5264,1750.78
o_proj,5280,1750.6
o_proj,5296,1751.14
o_proj,5312,1750.71
o_proj,5328,1750.87
o_proj,5344,1751.54
o_proj,5360,1750.97
o_proj,5376,1751.05
o_proj,5392,1866.08
o_proj,5408,1866.61
o_proj,5424,1866
o_proj,5440,1866.34
o_proj,5456,1866.18
o_proj,5472,1866.54
o_proj,5488,1865.76
o_proj,5504,1865.61
o_proj,5520,1866.08
o_proj,5536,1866.13
o_proj,5552,1865.71
o_proj,5568,1866.37
o_proj,5584,1865.73
o_proj,5600,1866.15
o_proj,5616,1866.5
o_proj,5632,1865.85
o_proj,5648,1866.74
o_proj,5664,1866.59
o_proj,5680,1866.75
o_proj,5696,1867.21
o_proj,5712,1866.99
o_proj,5728,1866.69
o_proj,5744,1866.86
o_proj,5760,1866.75
o_proj,5776,1981.81
o_proj,5792,1981.9
o_proj,5808,1982.2
o_proj,5824,1982.04
o_proj,5840,1982.02
o_proj,5856,1982.14
o_proj,5872,1982.01
o_proj,5888,1982.52
o_proj,5904,1982.5
o_proj,5920,1982.97
o_proj,5936,1983.28
o_proj,5952,1982.65
o_proj,5968,1982.91
o_proj,5984,1983.1
o_proj,6000,1983.05
o_proj,6016,1983.07
o_proj,6032,1982.76
o_proj,6048,1982.95
o_proj,6064,1983.06
o_proj,6080,1983.11
o_proj,6096,1983.13
o_proj,6112,1983.06
o_proj,6128,1983.22
o_proj,6144,1982.91
o_proj,6160,2098.67
o_proj,6176,2098.12
o_proj,6192,2097.99
o_proj,6208,2098.25
o_proj,6224,2098.99
o_proj,6240,2098.34
o_proj,6256,2099.13
o_proj,6272,2099.3
o_proj,6288,2098.37
o_proj,6304,2098.62
o_proj,6320,2098.67
o_proj,6336,2098.77
o_proj,6352,2099.05
o_proj,6368,2098.6
o_proj,6384,2098.66
o_proj,6400,2098.76
o_proj,6416,2099.43
o_proj,6432,2099.98
o_proj,6448,2099.4
o_proj,6464,2099.3
o_proj,6480,2099.6
o_proj,6496,2099.59
o_proj,6512,2099.85
o_proj,6528,2100.03
o_proj,6544,2214.41
o_proj,6560,2157.8
o_proj,6576,2140.2
o_proj,6592,2140.14
o_proj,6608,2139.92
o_proj,6624,2139.95
o_proj,6640,2139.99
o_proj,6656,2214.94
o_proj,6672,2140.74
o_proj,6688,1928.9
o_proj,6704,1928.6
o_proj,6720,1928.59
o_proj,6736,1929.09
o_proj,6752,2214.99
o_proj,6768,2104.39
o_proj,6784,2104.66
o_proj,6800,2212.91
o_proj,6816,2124.7
o_proj,6832,2124.87
o_proj,6848,2124.98
o_proj,6864,2123.81
o_proj,6880,2124.03
o_proj,6896,2107.92
o_proj,6912,2108.31
o_proj,6928,2110.43
o_proj,6944,2110.29
o_proj,6960,2110.29
o_proj,6976,2252.09
o_proj,6992,2304.45
o_proj,7008,2331.09
o_proj,7024,2110.63
o_proj,7040,2093.01
o_proj,7056,2093.65
o_proj,7072,2093.29
o_proj,7088,2093.5
o_proj,7104,2093.64
o_proj,7120,2291.21
o_proj,7136,2093.53
o_proj,7152,2077.56
o_proj,7168,2077.72
o_proj,7184,2178.39
o_proj,7200,2128.93
o_proj,7216,2128.72
o_proj,7232,2129.11
o_proj,7248,2137.42
o_proj,7264,2146.81
o_proj,7280,2136.17
o_proj,7296,2136.04
o_proj,7312,2144.33
o_proj,7328,2146.66
o_proj,7344,2150.32
o_proj,7360,2150.27
o_proj,7376,2150.76
o_proj,7392,2143.81
o_proj,7408,2149.9
o_proj,7424,2144.74
o_proj,7440,2152.38
o_proj,7456,2152.39
o_proj,7472,2152.11
o_proj,7488,2152.56
o_proj,7504,2146.06
o_proj,7520,2149.12
o_proj,7536,2150.73
o_proj,7552,2147.63
o_proj,7568,2249.46
o_proj,7584,2250.03
o_proj,7600,2237.35
o_proj,7616,2242.68
o_proj,7632,2240.55
o_proj,7648,2243.85
o_proj,7664,2247.93
o_proj,7680,2247.35
o_proj,7696,2246.44
o_proj,7712,2252.75
o_proj,7728,2245.72
o_proj,7744,2260.51
o_proj,7760,2258.11
o_proj,7776,2248.43
o_proj,7792,2250.32
o_proj,7808,2255.19
o_proj,7824,2247.14
o_proj,7840,2255.13
o_proj,7856,2255.17
o_proj,7872,2261.32
o_proj,7888,2247.32
o_proj,7904,2247.66
o_proj,7920,2261.56
o_proj,7936,2255.39
o_proj,7952,2352.51
o_proj,7968,2352.6
o_proj,7984,2352.33
o_proj,8000,2352
o_proj,8016,2348.68
o_proj,8032,2352.75
o_proj,8048,2348.2
o_proj,8064,2349.07
o_proj,8080,2354.13
o_proj,8096,2356.42
o_proj,8112,2353.49
o_proj,8128,2354.14
o_proj,8144,2353.85
o_proj,8160,2353.61
o_proj,8176,2356.4
o_proj,8192,2354.08
o_proj,8208,2356.12
o_proj,8224,2369.62
o_proj,8240,2362.05
o_proj,8256,2358.91
o_proj,8272,2357.78
o_proj,8288,2357.84
o_proj,8304,2353.27
o_proj,8320,2360.99
o_proj,8336,2454.93
o_proj,8352,2457.22
o_proj,8368,2468.01
o_proj,8384,2461.71
o_proj,8400,2454.19
o_proj,8416,2454.73
o_proj,8432,2451.29
o_proj,8448,2461.23
o_proj,8464,2450.35
o_proj,8480,2464.49
o_proj,8496,2476.83
o_proj,8512,2461.14
o_proj,8528,2459.23
o_proj,8544,2449.67
o_proj,8560,2470.49
o_proj,8576,2459.32
o_proj,8592,2473.19
o_proj,8608,2473.13
o_proj,8624,2459.93
o_proj,8640,2473.36
o_proj,8656,2461.82
o_proj,8672,2468.03
o_proj,8688,2472.99
o_proj,8704,2473.57
o_proj,8720,2559.76
o_proj,8736,2557.16
o_proj,8752,2565.18
o_proj,8768,2556.98
o_proj,8784,2572.54
o_proj,8800,2563.84
o_proj,8816,2567.02
o_proj,8832,2557.39
o_proj,8848,2580.2
o_proj,8864,2572.89
o_proj,8880,2571.35
o_proj,8896,2575.45
o_proj,8912,2576.29
o_proj,8928,2580.15
o_proj,8944,2566.11
o_proj,8960,2576.01
o_proj,8976,2671.06
o_proj,8992,2653.81
o_proj,9008,2654.84
o_proj,9024,2663.86
o_proj,9040,2657.9
o_proj,9056,2670.46
o_proj,9072,2655.93
o_proj,9088,2658.42
o_proj,9104,2672.73
o_proj,9120,2666.28
o_proj,9136,2663.1
o_proj,9152,2665.92
o_proj,9168,2673.7
o_proj,9184,2676.75
o_proj,9200,2687.74
o_proj,9216,2676.61
o_proj,9232,2671
o_proj,9248,2671.33
o_proj,9264,2667.18
o_proj,9280,2676.62
o_proj,9296,2669.22
o_proj,9312,2673.85
o_proj,9328,2853.16
o_proj,9344,2878.13
o_proj,9360,2930.85
o_proj,9376,2952.86
o_proj,9392,2971.54
o_proj,9408,2954.74
o_proj,9424,2947.06
o_proj,9440,2946.41
o_proj,9456,2945.54
o_proj,9472,2933.95
o_proj,9488,2985.66
o_proj,9504,2970.2
o_proj,9520,2966.1
o_proj,9536,2965.21
o_proj,9552,2959.86
o_proj,9568,2988.93
o_proj,9584,2956.31
o_proj,9600,2983.06
o_proj,9616,2989.55
o_proj,9632,3319.95
o_proj,9648,3339.64
o_proj,9664,3234.84
o_proj,9680,2985.38
o_proj,9696,2969.69
o_proj,9712,2935.72
o_proj,9728,2946.36
o_proj,9744,2957.67
o_proj,9760,2941.4
o_proj,9776,2957.78
o_proj,9792,2959.14
o_proj,9808,2950.05
o_proj,9824,2952.18
o_proj,9840,2957.16
o_proj,9856,2957.39
o_proj,9872,2951.83
o_proj,9888,2942.15
o_proj,9904,2933.83
o_proj,9920,2974.01
o_proj,9936,2948.64
o_proj,9952,2949.8
o_proj,9968,2950.56
o_proj,9984,2944.19
o_proj,10000,3151.02
o_proj,10016,3163.71
o_proj,10032,3130.82
o_proj,10048,3153.88
o_proj,10064,3164.8
o_proj,10080,3107.63
o_proj,10096,3097.51
o_proj,10112,3296.99
o_proj,10128,3165.47
o_proj,10144,3181.2
o_proj,10160,3186.8
o_proj,10176,3177.99
o_proj,10192,3152.47
o_proj,10208,3180.08
o_proj,10224,3153.63
o_proj,10240,3133.06
o_proj,10256,3161.02
o_proj,10272,3140.36
o_proj,10288,3138.08
o_proj,10304,3157.76
o_proj,10320,3143.93
o_proj,10336,3149.82
o_proj,10352,3145.61
o_proj,10368,3144.4
o_proj,10384,3148.78
o_proj,10400,3170.85
o_proj,10416,3163.2
o_proj,10432,3171.89
o_proj,10448,3189.24
o_proj,10464,3171.57
o_proj,10480,3161.99
o_proj,10496,3177.77
o_proj,10512,3167.22
o_proj,10528,3158.39
o_proj,10544,3149.42
o_proj,10560,3164.75
o_proj,10576,3175.06
o_proj,10592,3191.33
o_proj,10608,3156.85
o_proj,10624,3170.21
o_proj,10640,3166.95
o_proj,10656,3171.72
o_proj,10672,3175.67
o_proj,10688,3171.25
o_proj,10704,3175.71
o_proj,10720,3162.96
o_proj,10736,3193.54
o_proj,10752,3180.76
o_proj,10768,3177.62
o_proj,10784,3184.39
o_proj,10800,3172.97
o_proj,10816,3176.63
o_proj,10832,3172.99
o_proj,10848,3181.38
o_proj,10864,3170.86
o_proj,10880,3181.09
o_proj,10896,3375.21
o_proj,10912,3365.52
o_proj,10928,3373.09
o_proj,10944,3377.56
o_proj,10960,3363.32
o_proj,10976,3374.13
o_proj,10992,3372.8
o_proj,11008,3375.09
o_proj,11024,3398.9
o_proj,11040,3378.91
o_proj,11056,3382.12
o_proj,11072,3376.93
o_proj,11088,3389
o_proj,11104,3382.42
o_proj,11120,3389.87
o_proj,11136,3383.61
o_proj,11152,3386.31
o_proj,11168,3383.91
o_proj,11184,3383.39
o_proj,11200,3389.31
o_proj,11216,3374.88
o_proj,11232,3372.79
o_proj,11248,3382.98
o_proj,11264,3383.03
o_proj,11280,3395.02
o_proj,11296,3379.53
o_proj,11312,3380.99
o_proj,11328,3381.53
o_proj,11344,3387.66
o_proj,11360,3380.51
o_proj,11376,3395.27
o_proj,11392,3381.25
o_proj,11408,3385.52
o_proj,11424,3382.74
o_proj,11440,3379.47
o_proj,11456,3384.82
o_proj,11472,3388.89
o_proj,11488,3398.72
o_proj,11504,3388.5
o_proj,11520,3405.72
o_proj,11536,3585.71
o_proj,11552,3574.35
o_proj,11568,3578.05
o_proj,11584,3585.06
o_proj,11600,3582.53
o_proj,11616,3590.34
o_proj,11632,3583.45
o_proj,11648,3575.23
o_proj,11664,3597.86
o_proj,11680,3592.38
o_proj,11696,3584.07
o_proj,11712,3593.12
o_proj,11728,3585.4
o_proj,11744,3574.42
o_proj,11760,3606.8
o_proj,11776,3596.72
o_proj,11792,3584.49
o_proj,11808,3597.77
o_proj,11824,3589.56
o_proj,11840,3588.22
o_proj,11856,3590.19
o_proj,11872,3587.51
o_proj,11888,3587.86
o_proj,11904,3589.8
o_proj,11920,3585.36
o_proj,11936,3586.45
o_proj,11952,3585.16
o_proj,11968,3599.9
o_proj,11984,3585.43
o_proj,12000,3585.91
o_proj,12016,3587.89
o_proj,12032,3576.91
o_proj,12048,3587.32
o_proj,12064,3613.11
o_proj,12080,3591.84
o_proj,12096,3597.54
o_proj,12112,3605.46
o_proj,12128,3602.43
o_proj,12144,3586.83
o_proj,12160,3600.45
o_proj,12176,3593.67
o_proj,12192,3592.71
o_proj,12208,3600.75
o_proj,12224,3600.33
o_proj,12240,3593.11
o_proj,12256,3593.88
o_proj,12272,3604.15
o_proj,12288,3612.82
o_proj,12304,3783.96
o_proj,12320,3801.48
o_proj,12336,3797.53
o_proj,12352,3784.86
o_proj,12368,3806.66
o_proj,12384,3779.1
o_proj,12400,3784.45
o_proj,12416,3810.99
o_proj,12432,3796.72
o_proj,12448,3801.26
o_proj,12464,3789.44
o_proj,12480,3783.97
o_proj,12496,3787.72
o_proj,12512,3789.54
o_proj,12528,3796.59
o_proj,12544,3788.73
o_proj,12560,3785.62
o_proj,12576,3788.68
o_proj,12592,3805.54
o_proj,12608,3786.56
o_proj,12624,3813.6
o_proj,12640,3798.86
o_proj,12656,3807.97
o_proj,12672,3820.95
o_proj,12688,3805.37
o_proj,12704,3805.35
o_proj,12720,3823.95
o_proj,12736,3833.77
o_proj,12752,3822.16
o_proj,12768,3794.67
o_proj,12784,3809.94
o_proj,12800,3801.44
o_proj,12816,3799.73
o_proj,12832,3804.32
o_proj,12848,3808.2
o_proj,12864,3808.41
o_proj,12880,3797.88
o_proj,12896,3818.83
o_proj,12912,3812.22
o_proj,12928,3812.86
o_proj,12944,3817.34
o_proj,12960,3836.07
o_proj,12976,3835.66
o_proj,12992,3816.16
o_proj,13008,3822.93
o_proj,13024,3808.92
o_proj,13040,3818.68
o_proj,13056,3813.85
o_proj,13072,4009.06
o_proj,13088,3993.69
o_proj,13104,3993.9
o_proj,13120,4003.06
o_proj,13136,4011.32
o_proj,13152,3998.24
o_proj,13168,4019.84
o_proj,13184,3995.22
o_proj,13200,4015.28
o_proj,13216,4017.69
o_proj,13232,4013.42
o_proj,13248,4011.39
o_proj,13264,4006.22
o_proj,13280,4010.53
o_proj,13296,4013.09
o_proj,13312,4022.75
o_proj,13328,4015.34
o_proj,13344,4015.6
o_proj,13360,4022.27
o_proj,13376,4017.85
o_proj,13392,4022.33
o_proj,13408,4027.77
o_proj,13424,4039.02
o_proj,13440,4026.91
o_proj,13456,4017.07
o_proj,13472,4012.56
o_proj,13488,4024.6
o_proj,13504,4033.33
o_proj,13520,4023.72
o_proj,13536,4017.79
o_proj,13552,4023.05
o_proj,13568,4039.34
o_proj,13584,4028.98
o_proj,13600,4019.18
o_proj,13616,4025.71
o_proj,13632,4030.81
o_proj,13648,4027.25
o_proj,13664,4033.45
o_proj,13680,4036.18
o_proj,13696,4046.85
o_proj,13712,4212.88
o_proj,13728,4223.34
o_proj,13744,4232.51
o_proj,13760,4215.86
o_proj,13776,4220.51
o_proj,13792,4209.94
o_proj,13808,4205.31
o_proj,13824,4212.89
o_proj,13840,4216.82
o_proj,13856,4213.61
o_proj,13872,4228.02
o_proj,13888,4220.05
o_proj,13904,4231.29
o_proj,13920,4294.11
o_proj,13936,4221.71
o_proj,13952,4235.5
o_proj,13968,4239.54
o_proj,13984,4242.98
o_proj,14000,4228.3
o_proj,14016,4240.27
o_proj,14032,4238.63
o_proj,14048,4243.53
o_proj,14064,4238.64
o_proj,14080,4236.57
o_proj,14096,4230.28
o_proj,14112,4220.44
o_proj,14128,4241.89
o_proj,14144,4244.93
o_proj,14160,4245.98
o_proj,14176,4227.74
o_proj,14192,4219.35
o_proj,14208,4234.73
o_proj,14224,4242.11
o_proj,14240,4241.14
o_proj,14256,4233.72
o_proj,14272,4240.37
o_proj,14288,4244.78
o_proj,14304,4232.91
o_proj,14320,4263.28
o_proj,14336,4233.94
o_proj,14352,4233.57
o_proj,14368,4234.36
o_proj,14384,4248.7
o_proj,14400,4254.05
o_proj,14416,4245.71
o_proj,14432,4246.44
o_proj,14448,4245.52
o_proj,14464,4245.74
o_proj,14480,4435.53
o_proj,14496,4429.74
o_proj,14512,4414.23
o_proj,14528,4420.56
o_proj,14544,4430.24
o_proj,14560,4421.24
o_proj,14576,4436.55
o_proj,14592,4431.95
o_proj,14608,4430.97
o_proj,14624,4439.36
o_proj,14640,4449.9
o_proj,14656,4430.05
o_proj,14672,4448.56
o_proj,14688,4421.61
o_proj,14704,4432.86
o_proj,14720,4424.21
o_proj,14736,4439.65
o_proj,14752,4461.21
o_proj,14768,4454.69
o_proj,14784,4456.2
o_proj,14800,4437.2
o_proj,14816,4462.67
o_proj,14832,4435.55
o_proj,14848,4461.71
o_proj,14864,4415
o_proj,14880,4443.4
o_proj,14896,4457.54
o_proj,14912,4434.02
o_proj,14928,4445.08
o_proj,14944,4442.92
o_proj,14960,4423.31
o_proj,14976,4450.78
o_proj,14992,4445.64
o_proj,15008,4428.96
o_proj,15024,4455.34
o_proj,15040,4438.88
o_proj,15056,4452.3
o_proj,15072,4441.12
o_proj,15088,4456.21
o_proj,15104,4446.71
o_proj,15120,4457.4
o_proj,15136,4437.51
o_proj,15152,4459.15
o_proj,15168,4461.82
o_proj,15184,4448.92
o_proj,15200,4436.38
o_proj,15216,4441.71
o_proj,15232,4474.21
o_proj,15248,4653.65
o_proj,15264,4661.78
o_proj,15280,4650.76
o_proj,15296,4651.48
o_proj,15312,4665.78
o_proj,15328,4635.01
o_proj,15344,4641.4
o_proj,15360,4650.78
o_proj,15376,4644.38
o_proj,15392,4642.66
o_proj,15408,4675.64
o_proj,15424,4664.13
o_proj,15440,4645.37
o_proj,15456,4663.53
o_proj,15472,4668.98
o_proj,15488,4671.68
o_proj,15504,4689.73
o_proj,15520,4667.93
o_proj,15536,4647.74
o_proj,15552,4648.71
o_proj,15568,4664.46
o_proj,15584,4661.37
o_proj,15600,4661.02
o_proj,15616,4648.19
o_proj,15632,4656.71
o_proj,15648,4650.4
o_proj,15664,4676.73
o_proj,15680,4650.22
o_proj,15696,4662.83
o_proj,15712,4646.64
o_proj,15728,4657.34
o_proj,15744,4662.32
o_proj,15760,4657.26
o_proj,15776,4658.98
o_proj,15792,4675.85
o_proj,15808,4657.15
o_proj,15824,4652.03
o_proj,15840,4680.88
o_proj,15856,4658.38
o_proj,15872,4664.92
o_proj,15888,4843.36
o_proj,15904,4861.84
o_proj,15920,4860
o_proj,15936,4864.39
o_proj,15952,4865.45
o_proj,15968,4850.25
o_proj,15984,4856.45
o_proj,16000,4848.33
o_proj,16016,4871.34
o_proj,16032,4860.36
o_proj,16048,4857.87
o_proj,16064,4872.38
o_proj,16080,4859.39
o_proj,16096,4854.77
o_proj,16112,4873.09
o_proj,16128,4865.18
o_proj,16144,4865.04
o_proj,16160,4865.3
o_proj,16176,4877.74
o_proj,16192,4865.78
o_proj,16208,4857.08
o_proj,16224,4844.78
o_proj,16240,4863.95
o_proj,16256,4873.91
o_proj,16272,4885.65
o_proj,16288,4890.52
o_proj,16304,4893.97
o_proj,16320,4900.12
o_proj,16336,4893.41
o_proj,16352,4906.92
o_proj,16368,4893.17
qkv_proj,1,41.164
qkv_proj,2,38.4863
qkv_proj,3,38.4333
qkv_proj,4,38.443
qkv_proj,5,38.3263
qkv_proj,6,38.604
qkv_proj,7,38.625
qkv_proj,8,38.8383
qkv_proj,9,38.4223
qkv_proj,10,38.6037
qkv_proj,11,38.497
qkv_proj,12,38.7533
qkv_proj,13,38.7953
qkv_proj,14,38.657
qkv_proj,15,38.7737
qkv_proj,16,39.1477
qkv_proj,20,38.454
qkv_proj,24,38.9343
qkv_proj,28,39.0303
qkv_proj,32,38.7957
qkv_proj,36,39.2327
qkv_proj,40,39.2227
qkv_proj,44,39.5107
qkv_proj,48,39.329
qkv_proj,52,39.6383
qkv_proj,56,40.4177
qkv_proj,60,39.8947
qkv_proj,64,40.2993
qkv_proj,80,69.2283
qkv_proj,96,69.3673
qkv_proj,112,63.895
qkv_proj,128,64.0337
qkv_proj,144,125.059
qkv_proj,160,125.123
qkv_proj,176,125.347
qkv_proj,192,125.571
qkv_proj,208,126.083
qkv_proj,224,126.041
qkv_proj,240,126.169
qkv_proj,256,126.051
qkv_proj,272,244.177
qkv_proj,288,244.273
qkv_proj,304,244.433
qkv_proj,320,244.518
qkv_proj,336,244.475
qkv_proj,352,244.806
qkv_proj,368,244.935
qkv_proj,384,244.966
qkv_proj,400,244.561
qkv_proj,416,244.54
qkv_proj,432,244.539
qkv_proj,448,244.699
qkv_proj,464,239.782
qkv_proj,480,239.878
qkv_proj,496,239.963
qkv_proj,512,240.166
qkv_proj,528,250.844
qkv_proj,544,250.887
qkv_proj,560,251.131
qkv_proj,576,251.281
qkv_proj,592,475.692
qkv_proj,608,475.703
qkv_proj,624,475.905
qkv_proj,640,475.884
qkv_proj,656,477.174
qkv_proj,672,477.345
qkv_proj,688,477.207
qkv_proj,704,477.409
qkv_proj,720,477.495
qkv_proj,736,477.601
qkv_proj,752,477.505
qkv_proj,768,477.751
qkv_proj,784,371.209
qkv_proj,800,371.22
qkv_proj,816,371.231
qkv_proj,832,371.284
qkv_proj,848,361.364
qkv_proj,864,478.412
qkv_proj,880,478.412
qkv_proj,896,478.647
qkv_proj,912,478.487
qkv_proj,928,478.231
qkv_proj,944,478.262
qkv_proj,960,476.812
qkv_proj,976,477.207
qkv_proj,992,477.174
qkv_proj,1008,477.153
qkv_proj,1024,477.153
qkv_proj,1040,477.313
qkv_proj,1056,478.774
qkv_proj,1072,478.753
qkv_proj,1088,479.041
qkv_proj,1104,478.913
qkv_proj,1120,478.881
qkv_proj,1136,478.977
qkv_proj,1152,479.276
qkv_proj,1168,519.373
qkv_proj,1184,519.554
qkv_proj,1200,520.301
qkv_proj,1216,519.874
qkv_proj,1232,520.311
qkv_proj,1248,520.599
qkv_proj,1264,538.167
qkv_proj,1280,537.656
qkv_proj,1296,595.449
qkv_proj,1312,595.172
qkv_proj,1328,596.239
qkv_proj,1344,595.887
qkv_proj,1360,595.876
qkv_proj,1376,596.324
qkv_proj,1392,596.389
qkv_proj,1408,596.697
qkv_proj,1424,679.611
qkv_proj,1440,679.782
qkv_proj,1456,604.911
qkv_proj,1472,605.145
qkv_proj,1488,604.975
qkv_proj,1504,605.199
qkv_proj,1520,605.05
qkv_proj,1536,605.124
qkv_proj,1552,703.697
qkv_proj,1568,703.516
qkv_proj,1584,703.708
qkv_proj,1600,703.548
qkv_proj,1616,703.623
qkv_proj,1632,703.804
qkv_proj,1648,703.783
qkv_proj,1664,703.57
qkv_proj,1680,703.335
qkv_proj,1696,703.238
qkv_proj,1712,703.388
qkv_proj,1728,703.506
qkv_proj,1744,703.665
qkv_proj,1760,703.729
qkv_proj,1776,703.356
qkv_proj,1792,703.751
qkv_proj,1808,870.006
qkv_proj,1824,869.611
qkv_proj,1840,870.517
qkv_proj,1856,871.232
qkv_proj,1872,870.208
qkv_proj,1888,871.894
qkv_proj,1904,871.008
qkv_proj,1920,872.363
qkv_proj,1936,800.041
qkv_proj,1952,799.881
qkv_proj,1968,800.297
qkv_proj,1984,799.817
qkv_proj,2000,800.777
qkv_proj,2016,800.542
qkv_proj,2032,800.372
qkv_proj,2048,832.234
qkv_proj,2064,831.743
qkv_proj,2080,831.818
qkv_proj,2096,831.679
qkv_proj,2112,951
qkv_proj,2128,951.224
qkv_proj,2144,951.426
qkv_proj,2160,951.308
qkv_proj,2176,951.533
qkv_proj,2192,951.788
qkv_proj,2208,952.045
qkv_proj,2224,951.896
qkv_proj,2240,952.492
qkv_proj,2256,952.333
qkv_proj,2272,952.355
qkv_proj,2288,952.674
qkv_proj,2304,952.589
qkv_proj,2320,952.396
qkv_proj,2336,952.312
qkv_proj,2352,935.66
qkv_proj,2368,935.788
qkv_proj,2384,935.682
qkv_proj,2400,935.553
qkv_proj,2416,935.681
qkv_proj,2432,935.426
qkv_proj,2448,1007.75
qkv_proj,2464,1007.89
qkv_proj,2480,1008.3
qkv_proj,2496,1008.42
qkv_proj,2512,1008.41
qkv_proj,2528,1008.73
qkv_proj,2544,1008.68
qkv_proj,2560,1008.67
qkv_proj,2576,1186.31
qkv_proj,2592,1186.72
qkv_proj,2608,1186.66
qkv_proj,2624,1186.71
qkv_proj,2640,1186.57
qkv_proj,2656,1186.71
qkv_proj,2672,1187.16
qkv_proj,2688,1187.36
qkv_proj,2704,1187.11
qkv_proj,2720,1187.44
qkv_proj,2736,1187.63
qkv_proj,2752,1187.85
qkv_proj,2768,1187.78
qkv_proj,2784,1188.41
qkv_proj,2800,1188.49
qkv_proj,2816,1189.28
qkv_proj,2832,1199.77
qkv_proj,2848,1199.76
qkv_proj,2864,1199.86
qkv_proj,2880,1200.02
qkv_proj,2896,1188.73
qkv_proj,2912,1188.49
qkv_proj,2928,1189.05
qkv_proj,2944,1188.95
qkv_proj,2960,1188.89
qkv_proj,2976,1189.45
qkv_proj,2992,1188.81
qkv_proj,3008,1189.15
qkv_proj,3024,1189.3
qkv_proj,3040,1189.43
qkv_proj,3056,1199.32
qkv_proj,3072,1199.12
qkv_proj,3088,1315.41
qkv_proj,3104,1315.41
qkv_proj,3120,1315.54
qkv_proj,3136,1315.59
qkv_proj,3152,1318.69
qkv_proj,3168,1318.81
qkv_proj,3184,1318.71
qkv_proj,3200,1318.78
qkv_proj,3216,1320.29
qkv_proj,3232,1320.42
qkv_proj,3248,1320.51
qkv_proj,3264,1320.63
qkv_proj,3280,1320.61
qkv_proj,3296,1320.78
qkv_proj,3312,1320.85
qkv_proj,3328,1321.07
qkv_proj,3344,1425.4
qkv_proj,3360,1425.77
qkv_proj,3376,1399.28
qkv_proj,3392,1399.72
qkv_proj,3408,1399.16
qkv_proj,3424,1399.32
qkv_proj,3440,1399.94
qkv_proj,3456,1399.59
qkv_proj,3472,1399.3
qkv_proj,3488,1399.72
qkv_proj,3504,1399.85
qkv_proj,3520,1399.8
qkv_proj,3536,1399.88
qkv_proj,3552,1399.64
qkv_proj,3568,1400.1
qkv_proj,3584,1400.18
qkv_proj,3600,1426.41
qkv_proj,3616,1426.67
qkv_proj,3632,1427.08
qkv_proj,3648,1426.54
qkv_proj,3664,1427
qkv_proj,3680,1426.53
qkv_proj,3696,1427.05
qkv_proj,3712,1435.13
qkv_proj,3728,1672.65
qkv_proj,3744,1672.42
qkv_proj,3760,1672.44
qkv_proj,3776,1672.61
qkv_proj,3792,1672.67
qkv_proj,3808,1672.71
qkv_proj,3824,1672.91
qkv_proj,3840,1672.66
qkv_proj,3856,1673.12
qkv_proj,3872,1672.39
qkv_proj,3888,1672.81
qkv_proj,3904,1672.66
qkv_proj,3920,1672.53
qkv_proj,3936,1672.45
qkv_proj,3952,1673.27
qkv_proj,3968,1672.77
qkv_proj,3984,1672.46
qkv_proj,4000,1672.85
qkv_proj,4016,1672.99
qkv_proj,4032,1673.36
qkv_proj,4048,1673.06
qkv_proj,4064,1673.09
qkv_proj,4080,1672.99
qkv_proj,4096,1673.01
qkv_proj,4112,1673.36
qkv_proj,4128,1673.22
qkv_proj,4144,1673
qkv_proj,4160,1673.03
qkv_proj,4176,1673.35
qkv_proj,4192,1672.95
qkv_proj,4208,1673.04
qkv_proj,4224,1673.02
qkv_proj,4240,1673.32
qkv_proj,4256,1673.69
qkv_proj,4272,1673.63
qkv_proj,4288,1673.85
qkv_proj,4304,1673.67
qkv_proj,4320,1673.57
qkv_proj,4336,1673.52
qkv_proj,4352,1673.67
qkv_proj,4368,1911.28
qkv_proj,4384,1910.68
qkv_proj,4400,1911.5
qkv_proj,4416,1911.17
qkv_proj,4432,1910.99
qkv_proj,4448,1911.27
qkv_proj,4464,1910.85
qkv_proj,4480,1911.67
qkv_proj,4496,1911.41
qkv_proj,4512,1911.2
qkv_proj,4528,1911.32
qkv_proj,4544,1911.58
qkv_proj,4560,1911.3
qkv_proj,4576,1911.9
qkv_proj,4592,1911.8
qkv_proj,4608,1911.17
qkv_proj,4624,1911.69
qkv_proj,4640,1911.32
qkv_proj,4656,1912.02
qkv_proj,4672,1911.41
qkv_proj,4688,1911.84
qkv_proj,4704,1901.78
qkv_proj,4720,1901.4
qkv_proj,4736,1901.78
qkv_proj,4752,1901.74
qkv_proj,4768,1902.01
qkv_proj,4784,1902.29
qkv_proj,4800,1901.7
qkv_proj,4816,1902.05
qkv_proj,4832,1902.19
qkv_proj,4848,1902.23
qkv_proj,4864,1901.92
qkv_proj,4880,2133.43
qkv_proj,4896,2133
qkv_proj,4912,2133.46
qkv_proj,4928,2132.46
qkv_proj,4944,2133.27
qkv_proj,4960,2133.47
qkv_proj,4976,2133.86
qkv_proj,4992,2133.21
qkv_proj,5008,2136.92
qkv_proj,5024,2136.98
qkv_proj,5040,2137.05
qkv_proj,5056,2136.99
qkv_proj,5072,2137.36
qkv_proj,5088,2137.34
qkv_proj,5104,2137.64
qkv_proj,5120,2137.57
qkv_proj,5136,2137.64
qkv_proj,5152,2137.16
qkv_proj,5168,2137.98
qkv_proj,5184,2137.52
qkv_proj,5200,2137.51
qkv_proj,5216,2137.82
qkv_proj,5232,2137.65
qkv_proj,5248,2137.8
qkv_proj,5264,2137.33
qkv_proj,5280,2137.82
qkv_proj,5296,2138.21
qkv_proj,5312,2138.08
qkv_proj,5328,2138.16
qkv_proj,5344,2138.4
qkv_proj,5360,2138.93
qkv_proj,5376,2138.24
qkv_proj,5392,2138.08
qkv_proj,5408,2138.59
qkv_proj,5424,2138.37
qkv_proj,5440,2138.57
qkv_proj,5456,2138.68
qkv_proj,5472,2139.6
qkv_proj,5488,2139.78
qkv_proj,5504,2138.74
qkv_proj,5520,2369.39
qkv_proj,5536,2369.33
qkv_proj,5552,2370.17
qkv_proj,5568,2371.82
qkv_proj,5584,2369.08
qkv_proj,5600,2371.03
qkv_proj,5616,2370.35
qkv_proj,5632,2371.73
qkv_proj,5648,2372.68
qkv_proj,5664,2374.25
qkv_proj,5680,2373.92
qkv_proj,5696,2374
qkv_proj,5712,2373.3
qkv_proj,5728,2373.66
qkv_proj,5744,2374.12
qkv_proj,5760,2374.46
qkv_proj,5776,2374.04
qkv_proj,5792,2374.53
qkv_proj,5808,2374.84
qkv_proj,5824,2374.32
qkv_proj,5840,2374.75
qkv_proj,5856,2374.17
qkv_proj,5872,2373.84
qkv_proj,5888,2374.52
qkv_proj,5904,2374.13
qkv_proj,5920,2374.7
qkv_proj,5936,2374.47
qkv_proj,5952,2374.38
qkv_proj,5968,2373.97
qkv_proj,5984,2373.7
qkv_proj,6000,2374.58
qkv_proj,6016,2374.17
qkv_proj,6032,2374.79
qkv_proj,6048,2374.24
qkv_proj,6064,2375.29
qkv_proj,6080,2375.17
qkv_proj,6096,2374.79
qkv_proj,6112,2375.32
qkv_proj,6128,2375.66
qkv_proj,6144,2376.23
qkv_proj,6160,2609.04
qkv_proj,6176,2609.62
qkv_proj,6192,2609.17
qkv_proj,6208,2609.12
qkv_proj,6224,2609.47
qkv_proj,6240,2606.87
qkv_proj,6256,2608.27
qkv_proj,6272,2609.64
qkv_proj,6288,2610.06
qkv_proj,6304,2610.19
qkv_proj,6320,2609.61
qkv_proj,6336,2610.04
qkv_proj,6352,2610.06
qkv_proj,6368,2609.31
qkv_proj,6384,2610.37
qkv_proj,6400,2609.42
qkv_proj,6416,2609.94
qkv_proj,6432,2610.7
qkv_proj,6448,2609.78
qkv_proj,6464,2610.57
qkv_proj,6480,2611.35
qkv_proj,6496,2611.43
qkv_proj,6512,2610.9
qkv_proj,6528,2611.29
qkv_proj,6544,2611.16
qkv_proj,6560,2546
qkv_proj,6576,2525.27
qkv_proj,6592,2524.69
qkv_proj,6608,2524.74
qkv_proj,6624,2524.92
qkv_proj,6640,2525.82
qkv_proj,6656,2611.4
qkv_proj,6672,2524.27
qkv_proj,6688,2280.18
qkv_proj,6704,2279.56
qkv_proj,6720,2279.94
qkv_proj,6736,2279.8
qkv_proj,6752,2611.49
qkv_proj,6768,2483.62
qkv_proj,6784,2484.29
qkv_proj,6800,2702.99
qkv_proj,6816,2596.6
qkv_proj,6832,2599
qkv_proj,6848,2597.91
qkv_proj,6864,2596.35
qkv_proj,6880,2597.54
qkv_proj,6896,2577.62
qkv_proj,6912,2576.51
qkv_proj,6928,2579.92
qkv_proj,6944,2579.2
qkv_proj,6960,2580.99
qkv_proj,6976,2693.75
qkv_proj,6992,2815.5
qkv_proj,7008,2847.29
qkv_proj,7024,2579.72
qkv_proj,7040,2559.99
qkv_proj,7056,2562.15
qkv_proj,7072,2560.72
qkv_proj,7088,2559.83
qkv_proj,7104,2560.7
qkv_proj,7120,2800.5
qkv_proj,7136,2561.65
qkv_proj,7152,2541.41
qkv_proj,7168,2543.37
qkv_proj,7184,2542.06
qkv_proj,7200,2485.19
qkv_proj,7216,2484.69
qkv_proj,7232,2485.77
qkv_proj,7248,2492.64
qkv_proj,7264,2499.38
qkv_proj,7280,2492.93
qkv_proj,7296,2492.8
qkv_proj,7312,2500.71
qkv_proj,7328,2500.55
qkv_proj,7344,2501.18
qkv_proj,7360,2506.55
qkv_proj,7376,2507.25
qkv_proj,7392,2500.54
qkv_proj,7408,2506.87
qkv_proj,7424,2500.25
qkv_proj,7440,2699.5
qkv_proj,7456,2701.03
qkv_proj,7472,2700.58
qkv_proj,7488,2706.51
qkv_proj,7504,2702.13
qkv_proj,7520,2706.1
qkv_proj,7536,2705.33
qkv_proj,7552,2704.36
qkv_proj,7568,2712.35
qkv_proj,7584,2705.46
qkv_proj,7600,2698.62
qkv_proj,7616,2705.14
qkv_proj,7632,2697.93
qkv_proj,7648,2709.06
qkv_proj,7664,2705.25
qkv_proj,7680,2713.67
qkv_proj,7696,2706.65
qkv_proj,7712,2707.56
qkv_proj,7728,2710.85
qkv_proj,7744,2714.16
qkv_proj,7760,2713.7
qkv_proj,7776,2712.77
qkv_proj,7792,2706.83
qkv_proj,7808,2713.99
qkv_proj,7824,2708.82
qkv_proj,7840,2714.23
qkv_proj,7856,2714.38
qkv_proj,7872,2714.05
qkv_proj,7888,2712.05
qkv_proj,7904,2711.26
qkv_proj,7920,2714.81
qkv_proj,7936,2714.65
qkv_proj,7952,2715.18
qkv_proj,7968,2714.18
qkv_proj,7984,2708.01
qkv_proj,8000,2708.18
qkv_proj,8016,2704.22
qkv_proj,8032,2714.62
qkv_proj,8048,2714.96
qkv_proj,8064,2715.71
qkv_proj,8080,2916.19
qkv_proj,8096,2914.42
qkv_proj,8112,2914.61
qkv_proj,8128,2914.28
qkv_proj,8144,2915.68
qkv_proj,8160,2908.5
qkv_proj,8176,2912.32
qkv_proj,8192,2915.53
qkv_proj,8208,2912.06
qkv_proj,8224,2928.07
qkv_proj,8240,2918.58
qkv_proj,8256,2913.86
qkv_proj,8272,2917.87
qkv_proj,8288,2919.13
qkv_proj,8304,2916.3
qkv_proj,8320,2932.38
qkv_proj,8336,2913.99
qkv_proj,8352,2921.36
qkv_proj,8368,2935.69
qkv_proj,8384,2928.9
qkv_proj,8400,2913.65
qkv_proj,8416,2913.68
qkv_proj,8432,2916.67
qkv_proj,8448,2921.1
qkv_proj,8464,2915.44
qkv_proj,8480,2914.2
qkv_proj,8496,2938.89
qkv_proj,8512,2922.48
qkv_proj,8528,2918.04
qkv_proj,8544,2913.94
qkv_proj,8560,2936.77
qkv_proj,8576,2918.56
qkv_proj,8592,2938.23
qkv_proj,8608,2938.05
qkv_proj,8624,2923.05
qkv_proj,8640,2938.35
qkv_proj,8656,2919.01
qkv_proj,8672,2931.01
qkv_proj,8688,2930.5
qkv_proj,8704,2938.82
qkv_proj,8720,3130.51
qkv_proj,8736,3117.72
qkv_proj,8752,3140.79
qkv_proj,8768,3116.11
qkv_proj,8784,3146.02
qkv_proj,8800,3123.99
qkv_proj,8816,3132.49
qkv_proj,8832,3114.67
qkv_proj,8848,3145.45
qkv_proj,8864,3150.28
qkv_proj,8880,3141.45
qkv_proj,8896,3148.17
qkv_proj,8912,3133.84
qkv_proj,8928,3136.78
qkv_proj,8944,3127.52
qkv_proj,8960,3136.25
qkv_proj,8976,3137.04
qkv_proj,8992,3121.12
qkv_proj,9008,3141.26
qkv_proj,9024,3149.18
qkv_proj,9040,3137.73
qkv_proj,9056,3136.63
qkv_proj,9072,3128.74
qkv_proj,9088,3128.21
qkv_proj,9104,3132.83
qkv_proj,9120,3130.93
qkv_proj,9136,3139.34
qkv_proj,9152,3134.52
qkv_proj,9168,3150.82
qkv_proj,9184,3149.31
qkv_proj,9200,3147.32
qkv_proj,9216,3140.21
qkv_proj,9232,3337.88
qkv_proj,9248,3322.14
qkv_proj,9264,3327.29
qkv_proj,9280,3334.5
qkv_proj,9296,3329.7
qkv_proj,9312,3334.79
qkv_proj,9328,3346.46
qkv_proj,9344,3361.39
qkv_proj,9360,3350.12
qkv_proj,9376,3350.8
qkv_proj,9392,3365.07
qkv_proj,9408,3360.78
qkv_proj,9424,3340.93
qkv_proj,9440,3344.67
qkv_proj,9456,3364.25
qkv_proj,9472,3347.47
qkv_proj,9488,3383.73
qkv_proj,9504,3361.92
qkv_proj,9520,3345.04
qkv_proj,9536,3367.29
qkv_proj,9552,3364.02
qkv_proj,9568,3385.92
qkv_proj,9584,3363.26
qkv_proj,9600,3380.92
qkv_proj,9616,3363.23
qkv_proj,9632,3751.84
qkv_proj,9648,3792.82
qkv_proj,9664,3792.85
qkv_proj,9680,3376.65
qkv_proj,9696,3368.97
qkv_proj,9712,3362.07
qkv_proj,9728,3366.94
qkv_proj,9744,3354.92
qkv_proj,9760,3359.69
qkv_proj,9776,3368.57
qkv_proj,9792,3376.41
qkv_proj,9808,3367.38
qkv_proj,9824,3352.84
qkv_proj,9840,3373.44
qkv_proj,9856,3368.35
qkv_proj,9872,3582.49
qkv_proj,9888,3562.4
qkv_proj,9904,3531.28
qkv_proj,9920,3580.57
qkv_proj,9936,3546.95
qkv_proj,9952,3554.61
qkv_proj,9968,3566.01
qkv_proj,9984,3557.17
qkv_proj,10000,3556.61
qkv_proj,10016,3596.16
qkv_proj,10032,3556.45
qkv_proj,10048,3590.76
qkv_proj,10064,3582.85
qkv_proj,10080,3576.32
qkv_proj,10096,3566.42
qkv_proj,10112,3826.18
qkv_proj,10128,3572.67
qkv_proj,10144,3598.99
qkv_proj,10160,3576.28
qkv_proj,10176,3570.28
qkv_proj,10192,3566.22
qkv_proj,10208,3605.75
qkv_proj,10224,3565.23
qkv_proj,10240,3552.54
qkv_proj,10256,3577.94
qkv_proj,10272,3546.12
qkv_proj,10288,3556.81
qkv_proj,10304,3579.69
qkv_proj,10320,3554.69
qkv_proj,10336,3553.68
qkv_proj,10352,3552.26
qkv_proj,10368,3562.05
qkv_proj,10384,3554.6
qkv_proj,10400,3590.82
qkv_proj,10416,3572.97
qkv_proj,10432,3590.97
qkv_proj,10448,3609.68
qkv_proj,10464,3591.71
qkv_proj,10480,3568.62
qkv_proj,10496,3592.02
qkv_proj,10512,3775.5
qkv_proj,10528,3762.13
qkv_proj,10544,3756.69
qkv_proj,10560,3759.47
qkv_proj,10576,3786.35
qkv_proj,10592,3810.8
qkv_proj,10608,3763.1
qkv_proj,10624,3787.64
qkv_proj,10640,3791.79
qkv_proj,10656,3790.83
qkv_proj,10672,3792.22
qkv_proj,10688,3790.44
qkv_proj,10704,3792.73
qkv_proj,10720,3767.95
qkv_proj,10736,3813.49
qkv_proj,10752,3793.99
qkv_proj,10768,3799.73
qkv_proj,10784,3818.99
qkv_proj,10800,3796.4
qkv_proj,10816,3799.25
qkv_proj,10832,3795.26
qkv_proj,10848,3799.75
qkv_proj,10864,3790.81
qkv_proj,10880,3789.15
qkv_proj,10896,3800.93
qkv_proj,10912,3778.54
qkv_proj,10928,3799.76
qkv_proj,10944,3798.19
qkv_proj,10960,3774.26
qkv_proj,10976,3789.93
qkv_proj,10992,3799.67
qkv_proj,11008,3800.11
qkv_proj,11024,3821.63
qkv_proj,11040,3810.58
qkv_proj,11056,3795.8
qkv_proj,11072,3803.06
qkv_proj,11088,3803.04
qkv_proj,11104,3817.65
qkv_proj,11120,3802.48
qkv_proj,11136,3786.84
qkv_proj,11152,3992.2
qkv_proj,11168,3994.32
qkv_proj,11184,3997.27
qkv_proj,11200,4019.38
qkv_proj,11216,3980.92
qkv_proj,11232,3989
qkv_proj,11248,3996.86
qkv_proj,11264,4003.53
qkv_proj,11280,4002.04
qkv_proj,11296,4012.13
qkv_proj,11312,3998.88
qkv_proj,11328,3996.17
qkv_proj,11344,4019.93
qkv_proj,11360,4008.09
qkv_proj,11376,4000.41
qkv_proj,11392,3996.6
qkv_proj,11408,4001.71
qkv_proj,11424,4001.74
qkv_proj,11440,3984.07
qkv_proj,11456,4004.51
qkv_proj,11472,4017.28
qkv_proj,11488,4025.31
qkv_proj,11504,4023.57
qkv_proj,11520,4025.95
qkv_proj,11536,4019.21
qkv_proj,11552,3993.1
qkv_proj,11568,4017.35
qkv_proj,11584,4024.68
qkv_proj,11600,4009.37
qkv_proj,11616,4019.07
qkv_proj,11632,4008.99
qkv_proj,11648,3997.99
qkv_proj,11664,4010.7
qkv_proj,11680,4017.61
qkv_proj,11696,4004.75
qkv_proj,11712,4006.4
qkv_proj,11728,4019.55
qkv_proj,11744,4012.16
qkv_proj,11760,4031.49
qkv_proj,11776,4032.72
qkv_proj,11792,4184.77
qkv_proj,11808,4225
qkv_proj,11824,4209
qkv_proj,11840,4207.54
qkv_proj,11856,4212.92
qkv_proj,11872,4204.46
qkv_proj,11888,4208.98
qkv_proj,11904,4215.3
qkv_proj,11920,4208.06
qkv_proj,11936,4215.47
qkv_proj,11952,4214.53
qkv_proj,11968,4213.74
qkv_proj,11984,4213.07
qkv_proj,12000,4213.56
qkv_proj,12016,4210.86
qkv_proj,12032,4210.28
qkv_proj,12048,4216.23
qkv_proj,12064,4243.58
qkv_proj,12080,4223.53
qkv_proj,12096,4218.67
qkv_proj,12112,4230.49
qkv_proj,12128,4224.56
qkv_proj,12144,4219.73
qkv_proj,12160,4215.11
qkv_proj,12176,4220.01
qkv_proj,12192,4223.73
qkv_proj,12208,4227.02
qkv_proj,12224,4218.26
qkv_proj,12240,4225.71
qkv_proj,12256,4216.32
qkv_proj,12272,4232.11
qkv_proj,12288,4233.5
qkv_proj,12304,4209.6
qkv_proj,12320,4235.99
qkv_proj,12336,4221.4
qkv_proj,12352,4216.36
qkv_proj,12368,4233.91
qkv_proj,12384,4210.17
qkv_proj,12400,4221.56
qkv_proj,12416,4244.77
qkv_proj,12432,4417.39
qkv_proj,12448,4420.35
qkv_proj,12464,4408.97
qkv_proj,12480,4412.03
qkv_proj,12496,4418.81
qkv_proj,12512,4417.49
qkv_proj,12528,4424.64
qkv_proj,12544,4417.28
qkv_proj,12560,4411.2
qkv_proj,12576,4415.62
qkv_proj,12592,4435.52
qkv_proj,12608,4419.02
qkv_proj,12624,4435.71
qkv_proj,12640,4421.32
qkv_proj,12656,4432.51
qkv_proj,12672,4442.97
qkv_proj,12688,4442.05
qkv_proj,12704,4442.38
qkv_proj,12720,4448.35
qkv_proj,12736,4453.45
qkv_proj,12752,4450.01
qkv_proj,12768,4429.64
qkv_proj,12784,4451.69
qkv_proj,12800,4433.62
qkv_proj,12816,4422.72
qkv_proj,12832,4437.66
qkv_proj,12848,4433.91
qkv_proj,12864,4442.32
qkv_proj,12880,4437.14
qkv_proj,12896,4447.48
qkv_proj,12912,4438.31
qkv_proj,12928,4448.8
qkv_proj,12944,4452.49
qkv_proj,12960,4449.33
qkv_proj,12976,4449.25
qkv_proj,12992,4454.73
qkv_proj,13008,4452.39
qkv_proj,13024,4442.83
qkv_proj,13040,4454.28
qkv_proj,13056,4453.09
qkv_proj,13072,4653.42
qkv_proj,13088,4617.18
qkv_proj,13104,4614.61
qkv_proj,13120,4651.42
qkv_proj,13136,4659.62
qkv_proj,13152,4597.56
qkv_proj,13168,4650.19
qkv_proj,13184,4642.23
qkv_proj,13200,4655.1
qkv_proj,13216,4651.53
qkv_proj,13232,4655.12
qkv_proj,13248,4661.63
qkv_proj,13264,4657.25
qkv_proj,13280,4650.91
qkv_proj,13296,4662.29
qkv_proj,13312,4647.82
qkv_proj,13328,4638.45
qkv_proj,13344,4632.74
qkv_proj,13360,4674.1
qkv_proj,13376,4629.86
qkv_proj,13392,4673.64
qkv_proj,13408,4661.41
qkv_proj,13424,4657.62
qkv_proj,13440,4663.1
qkv_proj,13456,4652.46
qkv_proj,13472,4635.58
qkv_proj,13488,4659.72
qkv_proj,13504,4664.5
qkv_proj,13520,4657.87
qkv_proj,13536,4639.63
qkv_proj,13552,4649.84
qkv_proj,13568,4659.02
qkv_proj,13584,4873.47
qkv_proj,13600,4841.8
qkv_proj,13616,4871.15
qkv_proj,13632,4877.56
qkv_proj,13648,4850.55
qkv_proj,13664,4834.92
qkv_proj,13680,4880.09
qkv_proj,13696,4856.52
qkv_proj,13712,4820.72
qkv_proj,13728,4852.7
qkv_proj,13744,4864.31
qkv_proj,13760,4824.47
qkv_proj,13776,4873.5
qkv_proj,13792,4857.65
qkv_proj,13808,4859.22
qkv_proj,13824,4856.84
qkv_proj,13840,4856.82
qkv_proj,13856,4861.16
qkv_proj,13872,4880.53
qkv_proj,13888,4849.4
qkv_proj,13904,4845.8
qkv_proj,13920,4860.67
qkv_proj,13936,4835.49
qkv_proj,13952,4890.04
qkv_proj,13968,4895.34
qkv_proj,13984,4891.9
qkv_proj,14000,4841.92
qkv_proj,14016,4893.19
qkv_proj,14032,4885.42
qkv_proj,14048,4853.92
qkv_proj,14064,4895.95
qkv_proj,14080,4862.01
qkv_proj,14096,4838.69
qkv_proj,14112,4869.12
qkv_proj,14128,4894.72
qkv_proj,14144,4902.26
qkv_proj,14160,4880.78
qkv_proj,14176,4882.4
qkv_proj,14192,4870.63
qkv_proj,14208,4884.05
qkv_proj,14224,5092.88
qkv_proj,14240,5086.6
qkv_proj,14256,5042.17
qkv_proj,14272,5075.88
qkv_proj,14288,5093.71
qkv_proj,14304,5077.26
qkv_proj,14320,5094.46
qkv_proj,14336,5046.06
qkv_proj,14352,5073.49
qkv_proj,14368,5067.79
qkv_proj,14384,5056.28
qkv_proj,14400,5108.07
qkv_proj,14416,5081.94
qkv_proj,14432,5089.52
qkv_proj,14448,5079.67
qkv_proj,14464,5089.57
qkv_proj,14480,5089.85
qkv_proj,14496,5046.22
qkv_proj,14512,5053.99
qkv_proj,14528,5040.94
qkv_proj,14544,5086.02
qkv_proj,14560,5060.12
qkv_proj,14576,5093.73
qkv_proj,14592,5089.8
qkv_proj,14608,5083.81
qkv_proj,14624,5098.4
qkv_proj,14640,5086.7
qkv_proj,14656,5085.18
qkv_proj,14672,5098.46
qkv_proj,14688,5050.21
qkv_proj,14704,5083.76
qkv_proj,14720,5066.28
qkv_proj,14736,5095.25
qkv_proj,14752,5102.03
qkv_proj,14768,5097.3
qkv_proj,14784,5091.9
qkv_proj,14800,5094.68
qkv_proj,14816,5106.64
qkv_proj,14832,5061.19
qkv_proj,14848,5107.71
qkv_proj,14864,5248.86
qkv_proj,14880,5252.61
qkv_proj,14896,5289.8
qkv_proj,14912,5285.88
qkv_proj,14928,5279.52
qkv_proj,14944,5291.07
qkv_proj,14960,5254.85
qkv_proj,14976,5262.7
qkv_proj,14992,5286.09
qkv_proj,15008,5254.52
qkv_proj,15024,5265.69
qkv_proj,15040,5258.4
qkv_proj,15056,5302.31
qkv_proj,15072,5264.4
qkv_proj,15088,5298.67
qkv_proj,15104,5277.61
qkv_proj,15120,5300.87
qkv_proj,15136,5262.38
qkv_proj,15152,5303.7
qkv_proj,15168,5309.62
qkv_proj,15184,5279.43
qkv_proj,15200,5249.37
qkv_proj,15216,5296.79
qkv_proj,15232,5310.45
qkv_proj,15248,5305.01
qkv_proj,15264,5298.09
qkv_proj,15280,5309.42
qkv_proj,15296,5301.31
qkv_proj,15312,5307.77
qkv_proj,15328,5296.53
qkv_proj,15344,5294.03
qkv_proj,15360,5308.92
qkv_proj,15376,5290.5
qkv_proj,15392,5284.19
qkv_proj,15408,5321.41
qkv_proj,15424,5316.49
qkv_proj,15440,5287.5
qkv_proj,15456,5316.07
qkv_proj,15472,5314.2
qkv_proj,15488,5301.21
qkv_proj,15504,5517.41
qkv_proj,15520,5499.1
qkv_proj,15536,5498.29
qkv_proj,15552,5483.96
qkv_proj,15568,5504.74
qkv_proj,15584,5506.47
qkv_proj,15600,5502.86
qkv_proj,15616,5482.73
qkv_proj,15632,5493.71
qkv_proj,15648,5487.06
qkv_proj,15664,5506.81
qkv_proj,15680,5494.4
qkv_proj,15696,5485.23
qkv_proj,15712,5482.04
qkv_proj,15728,5487.81
qkv_proj,15744,5500.04
qkv_proj,15760,5496.89
qkv_proj,15776,5505.25
qkv_proj,15792,5510.88
qkv_proj,15808,5506.46
qkv_proj,15824,5484.17
qkv_proj,15840,5518.12
qkv_proj,15856,5499.73
qkv_proj,15872,5518.17
qkv_proj,15888,5486.71
qkv_proj,15904,5503.27
qkv_proj,15920,5509.7
qkv_proj,15936,5515.15
qkv_proj,15952,5502.8
qkv_proj,15968,5493.03
qkv_proj,15984,5498.21
qkv_proj,16000,5496.01
qkv_proj,16016,5517.75
qkv_proj,16032,5510.94
qkv_proj,16048,5513.8
qkv_proj,16064,5525.84
qkv_proj,16080,5522.6
qkv_proj,16096,5501.49
qkv_proj,16112,5516.61
qkv_proj,16128,5511.64
qkv_proj,16144,5710.04
qkv_proj,16160,5704.22
qkv_proj,16176,5715.02
qkv_proj,16192,5705.95
qkv_proj,16208,5700.39
qkv_proj,16224,5654.35
qkv_proj,16240,5706.22
qkv_proj,16256,5710.07
qkv_proj,16272,5705.66
qkv_proj,16288,5715.06
qkv_proj,16304,5715.83
qkv_proj,16320,5729.97
qkv_proj,16336,5736.59
qkv_proj,16352,5730.95
qkv_proj,16368,5718.65
rotary_emb,1,3.22133
rotary_emb,2,3.27467
rotary_emb,3,3.29633
rotary_emb,4,3.30667
rotary_emb,5,3.307
rotary_emb,6,3.328
rotary_emb,7,3.27467
rotary_emb,8,3.28533
rotary_emb,9,3.30667
rotary_emb,10,3.264
rotary_emb,11,3.275
rotary_emb,12,3.28533
rotary_emb,13,3.232
rotary_emb,14,3.264
rotary_emb,15,3.24267
rotary_emb,16,3.23233
rotary_emb,20,3.296
rotary_emb,24,3.33867
rotary_emb,28,3.28533
rotary_emb,32,3.30667
rotary_emb,36,3.30667
rotary_emb,40,3.296
rotary_emb,44,3.30667
rotary_emb,48,3.30667
rotary_emb,52,3.33867
rotary_emb,56,3.34933
rotary_emb,60,3.371
rotary_emb,64,3.42433
rotary_emb,80,4.10667
rotary_emb,96,4.16
rotary_emb,112,4.02133
rotary_emb,128,4.08533
rotary_emb,144,5.14133
rotary_emb,160,5.17367
rotary_emb,176,5.216
rotary_emb,192,5.312
rotary_emb,208,6.36833
rotary_emb,224,6.51733
rotary_emb,240,6.923
rotary_emb,256,7.01867
rotary_emb,272,7.60567
rotary_emb,288,7.78667
rotary_emb,304,8.02133
rotary_emb,320,8.096
rotary_emb,336,8.26667
rotary_emb,352,9.17367
rotary_emb,368,9.44
rotary_emb,384,9.579
rotary_emb,400,9.79233
rotary_emb,416,10.5173
rotary_emb,432,10.955
rotary_emb,448,11.3823
rotary_emb,464,9.515
rotary_emb,480,10.1017
rotary_emb,496,10.3257
rotary_emb,512,10.4213
rotary_emb,528,12.011
rotary_emb,544,12.299
rotary_emb,560,12.5767
rotary_emb,576,12.8747
rotary_emb,592,14.8593
rotary_emb,608,15.201
rotary_emb,624,16.0967
rotary_emb,640,16.5767
rotary_emb,656,16.1173
rotary_emb,672,16.331
rotary_emb,688,16.9923
rotary_emb,704,17.1527
rotary_emb,720,17.43
rotary_emb,736,17.9527
rotary_emb,752,18.4757
rotary_emb,768,18.7523
rotary_emb,784,19.1577
rotary_emb,800,19.4673
rotary_emb,816,19.8827
rotary_emb,832,20.5653
rotary_emb,848,22.3367
rotary_emb,864,22.55
rotary_emb,880,22.966
rotary_emb,896,23.446
rotary_emb,912,22.1873
rotary_emb,928,22.4537
rotary_emb,944,22.9877
rotary_emb,960,23.35
rotary_emb,976,23.8303
rotary_emb,992,24.193
rotary_emb,1008,24.63
rotary_emb,1024,24.7893
rotary_emb,1040,24.9607
rotary_emb,1056,27.1683
rotary_emb,1072,27.4037
rotary_emb,1088,27.9257
rotary_emb,1104,28.545
rotary_emb,1120,28.9077
rotary_emb,1136,28.9823
rotary_emb,1152,30.4753
rotary_emb,1168,29.8143
rotary_emb,1184,30.2727
rotary_emb,1200,30.699
rotary_emb,1216,30.8807
rotary_emb,1232,31.254
rotary_emb,1248,31.937
rotary_emb,1264,31.2223
rotary_emb,1280,31.5527
rotary_emb,1296,32.5663
rotary_emb,1312,33.0783
rotary_emb,1328,33.2917
rotary_emb,1344,33.921
rotary_emb,1360,34.0807
rotary_emb,1376,34.8597
rotary_emb,1392,35.0197
rotary_emb,1408,35.606
rotary_emb,1424,35.4893
rotary_emb,1440,36.2783
rotary_emb,1456,35.8837
rotary_emb,1472,36.3207
rotary_emb,1488,36.662
rotary_emb,1504,37.0357
rotary_emb,1520,37.5263
rotary_emb,1536,37.8893
rotary_emb,1552,37.1527
rotary_emb,1568,37.654
rotary_emb,1584,37.9103
rotary_emb,1600,38.6037
rotary_emb,1616,39.0943
rotary_emb,1632,39.2437
rotary_emb,1648,39.8837
rotary_emb,1664,40.4703
rotary_emb,1680,40.9823
rotary_emb,1696,41.26
rotary_emb,1712,41.964
rotary_emb,1728,42.1237
rotary_emb,1744,42.6357
rotary_emb,1760,43.1583
rotary_emb,1776,43.585
rotary_emb,1792,44.0333
rotary_emb,1808,45.2273
rotary_emb,1824,45.6117
rotary_emb,1840,46.092
rotary_emb,1856,46.1773
rotary_emb,1872,46.9987
rotary_emb,1888,47.105
rotary_emb,1904,47.681
rotary_emb,1920,48.0547
rotary_emb,1936,48.0973
rotary_emb,1952,48.364
rotary_emb,1968,49.0357
rotary_emb,1984,49.249
rotary_emb,2000,49.5693
rotary_emb,2016,50.06
rotary_emb,2032,50.2197
rotary_emb,2048,49.249
rotary_emb,2064,50.1243
rotary_emb,2080,50.5187
rotary_emb,2096,50.9877
rotary_emb,2112,51.7453
rotary_emb,2128,52.268
rotary_emb,2144,52.407
rotary_emb,2160,52.972
rotary_emb,2176,53.3877
rotary_emb,2192,54.0923
rotary_emb,2208,54.4227
rotary_emb,2224,54.9453
rotary_emb,2240,55.4367
rotary_emb,2256,55.8947
rotary_emb,2272,55.8943
rotary_emb,2288,56.5027
rotary_emb,2304,56.705
rotary_emb,2320,57.2603
rotary_emb,2336,57.3773
rotary_emb,2352,56.6737
rotary_emb,2368,56.9613
rotary_emb,2384,57.6333
rotary_emb,2400,57.889
rotary_emb,2416,58.2307
rotary_emb,2432,59.159
rotary_emb,2448,57.7723
rotary_emb,2464,58.529
rotary_emb,2480,59.0847
rotary_emb,2496,59.404
rotary_emb,2512,60.0337
rotary_emb,2528,60.1613
rotary_emb,2544,60.9933
rotary_emb,2560,61.4203
rotary_emb,2576,62.4547
rotary_emb,2592,62.828
rotary_emb,2608,63.3503
rotary_emb,2624,63.575
rotary_emb,2640,64.0547
rotary_emb,2656,64.268
rotary_emb,2672,65.1007
rotary_emb,2688,65.068
rotary_emb,2704,65.793
rotary_emb,2720,65.975
rotary_emb,2736,66.2843
rotary_emb,2752,66.5403
rotary_emb,2768,67.084
rotary_emb,2784,67.7457
rotary_emb,2800,67.7563
rotary_emb,2816,68.151
rotary_emb,2832,67.1693
rotary_emb,2848,67.7033
rotary_emb,2864,68.343
rotary_emb,2880,68.183
rotary_emb,2896,70.3377
rotary_emb,2912,71.106
rotary_emb,2928,71.3833
rotary_emb,2944,71.66
rotary_emb,2960,71.9377
rotary_emb,2976,72.4923
rotary_emb,2992,72.6203
rotary_emb,3008,73.1537
rotary_emb,3024,73.8043
rotary_emb,3040,73.9327
rotary_emb,3056,73.6873
rotary_emb,3072,74.1667
rotary_emb,3088,72.8233
rotary_emb,3104,73.2393
rotary_emb,3120,73.6013
rotary_emb,3136,73.7293
rotary_emb,3152,74.5297
rotary_emb,3168,74.85
rotary_emb,3184,75.0523
rotary_emb,3200,75.5327
rotary_emb,3216,76.8343
rotary_emb,3232,76.994
rotary_emb,3248,77.687
rotary_emb,3264,77.9427
rotary_emb,3280,78.274
rotary_emb,3296,78.7007
rotary_emb,3312,79.052
rotary_emb,3328,79.4687
rotary_emb,3344,80.5137
rotary_emb,3360,81.005
rotary_emb,3376,79.6923
rotary_emb,3392,80.1623
rotary_emb,3408,80.9303
rotary_emb,3424,80.887
rotary_emb,3440,81.2503
rotary_emb,3456,81.7617
rotary_emb,3472,82.263
rotary_emb,3488,82.413
rotary_emb,3504,83.0203
rotary_emb,3520,83.3513
rotary_emb,3536,83.6073
rotary_emb,3552,84.034
rotary_emb,3568,84.6207
rotary_emb,3584,85.133
rotary_emb,3600,86.914
rotary_emb,3616,87.138
rotary_emb,3632,87.49
rotary_emb,3648,88.066
rotary_emb,3664,88.7593
rotary_emb,3680,88.877
rotary_emb,3696,89.2393
rotary_emb,3712,89.7943
rotary_emb,3728,87.3833
rotary_emb,3744,87.7673
rotary_emb,3760,88.3753
rotary_emb,3776,88.5887
rotary_emb,3792,89.1333
rotary_emb,3808,89.57
rotary_emb,3824,90.2633
rotary_emb,3840,90.605
rotary_emb,3856,90.829
rotary_emb,3872,91.5113
rotary_emb,3888,91.9913
rotary_emb,3904,92.323
rotary_emb,3920,92.9193
rotary_emb,3936,93.7193
rotary_emb,3952,93.677
rotary_emb,3968,94.296
rotary_emb,3984,94.658
rotary_emb,4000,95.1917
rotary_emb,4016,95.8747
rotary_emb,4032,96.3117
rotary_emb,4048,96.5143
rotary_emb,4064,97.2073
rotary_emb,4080,97.784
rotary_emb,4096,98.4233
rotary_emb,4112,98.5087
rotary_emb,4128,98.6263
rotary_emb,4144,99.1173
rotary_emb,4160,99.65
rotary_emb,4176,100.024
rotary_emb,4192,100.482
rotary_emb,4208,100.717
rotary_emb,4224,100.952
rotary_emb,4240,101.773
rotary_emb,4256,101.922
rotary_emb,4272,102.498
rotary_emb,4288,102.52
rotary_emb,4304,103.011
rotary_emb,4320,103.811
rotary_emb,4336,103.811
rotary_emb,4352,104.215
rotary_emb,4368,102.36
rotary_emb,4384,102.84
rotary_emb,4400,103.298
rotary_emb,4416,103.416
rotary_emb,4432,104.067
rotary_emb,4448,104.269
rotary_emb,4464,105.059
rotary_emb,4480,105.208
rotary_emb,4496,105.837
rotary_emb,4512,106.423
rotary_emb,4528,106.786
rotary_emb,4544,107.416
rotary_emb,4560,107.704
rotary_emb,4576,108.301
rotary_emb,4592,108.835
rotary_emb,4608,109.102
rotary_emb,4624,109.859
rotary_emb,4640,110.296
rotary_emb,4656,110.563
rotary_emb,4672,111.117
rotary_emb,4688,111.736
rotary_emb,4704,112.099
rotary_emb,4720,112.109
rotary_emb,4736,112.664
rotary_emb,4752,113.133
rotary_emb,4768,113.827
rotary_emb,4784,114.008
rotary_emb,4800,114.424
rotary_emb,4816,115.181
rotary_emb,4832,115.341
rotary_emb,4848,115.512
rotary_emb,4864,116.142
rotary_emb,4880,115.32
rotary_emb,4896,115.842
rotary_emb,4912,115.811
rotary_emb,4928,116.504
rotary_emb,4944,116.418
rotary_emb,4960,116.984
rotary_emb,4976,117.55
rotary_emb,4992,117.827
rotary_emb,5008,117.197
rotary_emb,5024,117.859
rotary_emb,5040,118.232
rotary_emb,5056,118.542
rotary_emb,5072,119.075
rotary_emb,5088,119.523
rotary_emb,5104,119.576
rotary_emb,5120,120.494
rotary_emb,5136,120.92
rotary_emb,5152,121.71
rotary_emb,5168,121.848
rotary_emb,5184,122.627
rotary_emb,5200,122.563
rotary_emb,5216,123.118
rotary_emb,5232,123.565
rotary_emb,5248,123.789
rotary_emb,5264,124.675
rotary_emb,5280,125.358
rotary_emb,5296,125.358
rotary_emb,5312,126.019
rotary_emb,5328,126.478
rotary_emb,5344,126.776
rotary_emb,5360,127.118
rotary_emb,5376,127.598
rotary_emb,5392,128.099
rotary_emb,5408,128.569
rotary_emb,5424,128.515
rotary_emb,5440,129.283
rotary_emb,5456,129.443
rotary_emb,5472,129.87
rotary_emb,5488,130.041
rotary_emb,5504,130.67
rotary_emb,5520,128.387
rotary_emb,5536,129.07
rotary_emb,5552,129.198
rotary_emb,5568,129.838
rotary_emb,5584,130.232
rotary_emb,5600,130.414
rotary_emb,5616,130.958
rotary_emb,5632,131.48
rotary_emb,5648,132.132
rotary_emb,5664,132.633
rotary_emb,5680,133.4
rotary_emb,5696,133.56
rotary_emb,5712,133.753
rotary_emb,5728,134.211
rotary_emb,5744,134.872
rotary_emb,5760,134.756
rotary_emb,5776,136.175
rotary_emb,5792,136.345
rotary_emb,5808,136.931
rotary_emb,5824,137.571
rotary_emb,5840,137.849
rotary_emb,5856,138.233
rotary_emb,5872,138.265
rotary_emb,5888,138.862
rotary_emb,5904,139.716
rotary_emb,5920,139.875
rotary_emb,5936,140.494
rotary_emb,5952,140.771
rotary_emb,5968,141.038
rotary_emb,5984,141.497
rotary_emb,6000,142.169
rotary_emb,6016,142.638
rotary_emb,6032,142.531
rotary_emb,6048,143.278
rotary_emb,6064,143.694
rotary_emb,6080,144.334
rotary_emb,6096,144.675
rotary_emb,6112,144.868
rotary_emb,6128,145.124
rotary_emb,6144,145.476
rotary_emb,6160,143.47
rotary_emb,6176,143.619
rotary_emb,6192,144.323
rotary_emb,6208,144.558
rotary_emb,6224,145.315
rotary_emb,6240,145.22
rotary_emb,6256,145.849
rotary_emb,6272,146.595
rotary_emb,6288,147.129
rotary_emb,6304,147.652
rotary_emb,6320,148.281
rotary_emb,6336,148.601
rotary_emb,6352,148.804
rotary_emb,6368,148.974
rotary_emb,6384,149.604
rotary_emb,6400,149.998
rotary_emb,6416,150.5
rotary_emb,6432,151.63
rotary_emb,6448,151.833
rotary_emb,6464,152.249
rotary_emb,6480,152.611
rotary_emb,6496,153.273
rotary_emb,6512,153.422
rotary_emb,6528,153.817
rotary_emb,6544,154.66
rotary_emb,6560,154.404
rotary_emb,6576,154.116
rotary_emb,6592,154.489
rotary_emb,6608,155.31
rotary_emb,6624,155.407
rotary_emb,6640,155.897
rotary_emb,6656,157.049
rotary_emb,6672,156.74
rotary_emb,6688,153.849
rotary_emb,6704,154.212
rotary_emb,6720,154.873
rotary_emb,6736,155.001
rotary_emb,6752,159.577
rotary_emb,6768,158.169
rotary_emb,6784,158.403
rotary_emb,6800,156.228
rotary_emb,6816,155.599
rotary_emb,6832,156.26
rotary_emb,6848,156.921
rotary_emb,6864,156.91
rotary_emb,6880,157.337
rotary_emb,6896,157.679
rotary_emb,6912,157.732
rotary_emb,6928,158.937
rotary_emb,6944,159.385
rotary_emb,6960,159.918
rotary_emb,6976,161.433
rotary_emb,6992,163.246
rotary_emb,7008,163.855
rotary_emb,7024,161.22
rotary_emb,7040,161.593
rotary_emb,7056,162.51
rotary_emb,7072,162.681
rotary_emb,7088,163.385
rotary_emb,7104,163.14
rotary_emb,7120,166.958
rotary_emb,7136,164.26
rotary_emb,7152,164.718
rotary_emb,7168,165.241
rotary_emb,7184,165.721
rotary_emb,7200,165.305
rotary_emb,7216,166.03
rotary_emb,7232,165.86
rotary_emb,7248,166.841
rotary_emb,7264,166.969
rotary_emb,7280,167.161
rotary_emb,7296,167.737
rotary_emb,7312,168.281
rotary_emb,7328,168.826
rotary_emb,7344,169.22
rotary_emb,7360,169.604
rotary_emb,7376,169.594
rotary_emb,7392,169.796
rotary_emb,7408,170.362
rotary_emb,7424,170.788
rotary_emb,7440,168.623
rotary_emb,7456,168.9
rotary_emb,7472,169.497
rotary_emb,7488,169.572
rotary_emb,7504,170.276
rotary_emb,7520,170.841
rotary_emb,7536,170.81
rotary_emb,7552,171.652
rotary_emb,7568,172.644
rotary_emb,7584,172.815
rotary_emb,7600,173.231
rotary_emb,7616,173.828
rotary_emb,7632,174.415
rotary_emb,7648,174.692
rotary_emb,7664,175.087
rotary_emb,7680,175.46
rotary_emb,7696,176.164
rotary_emb,7712,176.645
rotary_emb,7728,177.114
rotary_emb,7744,177.572
rotary_emb,7760,177.988
rotary_emb,7776,178.276
rotary_emb,7792,178.489
rotary_emb,7808,179.151
rotary_emb,7824,179.588
rotary_emb,7840,180.185
rotary_emb,7856,180.452
rotary_emb,7872,181.199
rotary_emb,7888,181.295
rotary_emb,7904,181.178
rotary_emb,7920,181.807
rotary_emb,7936,182.266
rotary_emb,7952,182.522
rotary_emb,7968,183.599
rotary_emb,7984,183.183
rotary_emb,8000,183.642
rotary_emb,8016,184.377
rotary_emb,8032,184.709
rotary_emb,8048,185.348
rotary_emb,8064,185.21
rotary_emb,8080,183.268
rotary_emb,8096,183.876
rotary_emb,8112,184.069
rotary_emb,8128,184.58
rotary_emb,8144,184.975
rotary_emb,8160,185.53
rotary_emb,8176,185.807
rotary_emb,8192,186.266
rotary_emb,8208,186.97
rotary_emb,8224,187.578
rotary_emb,8240,187.845
rotary_emb,8256,188.357
rotary_emb,8272,188.495
rotary_emb,8288,189.178
rotary_emb,8304,189.615
rotary_emb,8320,189.871
rotary_emb,8336,190.501
rotary_emb,8352,191.247
rotary_emb,8368,191.844
rotary_emb,8384,192.336
rotary_emb,8400,192.463
rotary_emb,8416,192.527
rotary_emb,8432,193.231
rotary_emb,8448,193.423
rotary_emb,8464,194.042
rotary_emb,8480,194.597
rotary_emb,8496,195.386
rotary_emb,8512,195.504
rotary_emb,8528,195.951
rotary_emb,8544,196.175
rotary_emb,8560,196.805
rotary_emb,8576,196.805
rotary_emb,8592,197.626
rotary_emb,8608,197.669
rotary_emb,8624,198.021
rotary_emb,8640,198.725
rotary_emb,8656,198.725
rotary_emb,8672,199.695
rotary_emb,8688,199.354
rotary_emb,8704,200.112
rotary_emb,8720,197.775
rotary_emb,8736,198.351
rotary_emb,8752,198.992
rotary_emb,8768,199.119
rotary_emb,8784,199.866
rotary_emb,8800,200.143
rotary_emb,8816,200.453
rotary_emb,8832,201.018
rotary_emb,8848,202.16
rotary_emb,8864,202.255
rotary_emb,8880,202.682
rotary_emb,8896,203.344
rotary_emb,8912,203.557
rotary_emb,8928,203.984
rotary_emb,8944,204.421
rotary_emb,8960,204.506
rotary_emb,8976,205.808
rotary_emb,8992,205.466
rotary_emb,9008,206.341
rotary_emb,9024,207.291
rotary_emb,9040,207.312
rotary_emb,9056,207.354
rotary_emb,9072,207.472
rotary_emb,9088,208.175
rotary_emb,9104,208.901
rotary_emb,9120,209.179
rotary_emb,9136,209.52
rotary_emb,9152,210
rotary_emb,9168,210.224
rotary_emb,9184,210.533
rotary_emb,9200,211.13
rotary_emb,9216,211.675
rotary_emb,9232,211.162
rotary_emb,9248,210.682
rotary_emb,9264,211.674
rotary_emb,9280,212.048
rotary_emb,9296,212.442
rotary_emb,9312,211.909
rotary_emb,9328,212.731
rotary_emb,9344,213.477
rotary_emb,9360,212.474
rotary_emb,9376,213.126
rotary_emb,9392,213.754
rotary_emb,9408,213.957
rotary_emb,9424,213.926
rotary_emb,9440,214.48
rotary_emb,9456,215.301
rotary_emb,9472,216.005
rotary_emb,9488,216.559
rotary_emb,9504,216.784
rotary_emb,9520,217.2
rotary_emb,9536,217.829
rotary_emb,9552,218.192
rotary_emb,9568,218.853
rotary_emb,9584,218.938
rotary_emb,9600,219.856
rotary_emb,9616,220.614
rotary_emb,9632,225.061
rotary_emb,9648,225.702
rotary_emb,9664,226.693
rotary_emb,9680,221.691
rotary_emb,9696,221.904
rotary_emb,9712,222.075
rotary_emb,9728,223.003
rotary_emb,9744,223.216
rotary_emb,9760,223.706
rotary_emb,9776,224.123
rotary_emb,9792,224.869
rotary_emb,9808,225.157
rotary_emb,9824,225.093
rotary_emb,9840,225.424
rotary_emb,9856,226.181
rotary_emb,9872,223.856
rotary_emb,9888,224.261
rotary_emb,9904,224.283
rotary_emb,9920,225.392
rotary_emb,9936,225.114
rotary_emb,9952,225.296
rotary_emb,9968,226.096
rotary_emb,9984,226.342
rotary_emb,10000,227.387
rotary_emb,10016,227.622
rotary_emb,10032,228.048
rotary_emb,10048,228.923
rotary_emb,10064,229.222
rotary_emb,10080,230.085
rotary_emb,10096,229.989
rotary_emb,10112,233.297
rotary_emb,10128,231.195
rotary_emb,10144,232.016
rotary_emb,10160,232.144
rotary_emb,10176,231.856
rotary_emb,10192,232.187
rotary_emb,10208,233.648
rotary_emb,10224,233.446
rotary_emb,10240,233.542
rotary_emb,10256,235.131
rotary_emb,10272,234.609
rotary_emb,10288,235.28
rotary_emb,10304,235.953
rotary_emb,10320,235.728
rotary_emb,10336,236.411
rotary_emb,10352,237.019
rotary_emb,10368,237.339
rotary_emb,10384,237.584
rotary_emb,10400,238.193
rotary_emb,10416,238.587
rotary_emb,10432,239.014
rotary_emb,10448,240.134
rotary_emb,10464,240.401
rotary_emb,10480,240.197
rotary_emb,10496,240.806
rotary_emb,10512,238.011
rotary_emb,10528,238.533
rotary_emb,10544,239.003
rotary_emb,10560,239.537
rotary_emb,10576,240.166
rotary_emb,10592,240.806
rotary_emb,10608,240.422
rotary_emb,10624,240.582
rotary_emb,10640,242.246
rotary_emb,10656,242.214
rotary_emb,10672,242.779
rotary_emb,10688,243.334
rotary_emb,10704,243.611
rotary_emb,10720,243.579
rotary_emb,10736,244.422
rotary_emb,10752,244.923
rotary_emb,10768,245.84
rotary_emb,10784,246.822
rotary_emb,10800,246.566
rotary_emb,10816,246.683
rotary_emb,10832,247.729
rotary_emb,10848,248.081
rotary_emb,10864,248.497
rotary_emb,10880,248.614
rotary_emb,10896,249.009
rotary_emb,10912,249.788
rotary_emb,10928,249.723
rotary_emb,10944,250.747
rotary_emb,10960,250.63
rotary_emb,10976,251.217
rotary_emb,10992,251.495
rotary_emb,11008,252.059
rotary_emb,11024,252.475
rotary_emb,11040,252.998
rotary_emb,11056,253.297
rotary_emb,11072,253.745
rotary_emb,11088,253.628
rotary_emb,11104,254.513
rotary_emb,11120,254.769
rotary_emb,11136,254.907
rotary_emb,11152,252.625
rotary_emb,11168,253.691
rotary_emb,11184,254.107
rotary_emb,11200,254.374
rotary_emb,11216,254.363
rotary_emb,11232,254.907
rotary_emb,11248,255.505
rotary_emb,11264,255.697
rotary_emb,11280,256.892
rotary_emb,11296,256.987
rotary_emb,11312,256.955
rotary_emb,11328,257.713
rotary_emb,11344,258.395
rotary_emb,11360,258.502
rotary_emb,11376,258.395
rotary_emb,11392,259.559
rotary_emb,11408,260.518
rotary_emb,11424,260.806
rotary_emb,11440,261.03
rotary_emb,11456,261.222
rotary_emb,11472,262.044
rotary_emb,11488,262.3
rotary_emb,11504,262.993
rotary_emb,11520,263.366
rotary_emb,11536,264.359
rotary_emb,11552,264.444
rotary_emb,11568,264.86
rotary_emb,11584,265.116
rotary_emb,11600,264.966
rotary_emb,11616,265.916
rotary_emb,11632,266.012
rotary_emb,11648,266.566
rotary_emb,11664,267.068
rotary_emb,11680,267.868
rotary_emb,11696,268.07
rotary_emb,11712,268.114
rotary_emb,11728,268.465
rotary_emb,11744,269.105
rotary_emb,11760,269.137
rotary_emb,11776,269.596
rotary_emb,11792,267.602
rotary_emb,11808,267.985
rotary_emb,11824,268.284
rotary_emb,11840,268.54
rotary_emb,11856,269.201
rotary_emb,11872,269.617
rotary_emb,11888,269.884
rotary_emb,11904,270.535
rotary_emb,11920,271.548
rotary_emb,11936,271.73
rotary_emb,11952,272.21
rotary_emb,11968,272.391
rotary_emb,11984,272.561
rotary_emb,12000,273.564
rotary_emb,12016,273.788
rotary_emb,12032,274.321
rotary_emb,12048,275.207
rotary_emb,12064,275.921
rotary_emb,12080,275.975
rotary_emb,12096,275.985
rotary_emb,12112,276.626
rotary_emb,12128,277.457
rotary_emb,12144,277.105
rotary_emb,12160,277.778
rotary_emb,12176,278.439
rotary_emb,12192,279.377
rotary_emb,12208,279.303
rotary_emb,12224,279.761
rotary_emb,12240,279.964
rotary_emb,12256,280.626
rotary_emb,12272,280.871
rotary_emb,12288,281.351
rotary_emb,12304,281.479
rotary_emb,12320,281.916
rotary_emb,12336,282.151
rotary_emb,12352,282.322
rotary_emb,12368,283.559
rotary_emb,12384,283.207
rotary_emb,12400,283.783
rotary_emb,12416,284.156
rotary_emb,12432,282.161
rotary_emb,12448,282.663
rotary_emb,12464,282.791
rotary_emb,12480,283.602
rotary_emb,12496,283.367
rotary_emb,12512,284.263
rotary_emb,12528,284.658
rotary_emb,12544,284.796
rotary_emb,12560,285.884
rotary_emb,12576,286.524
rotary_emb,12592,286.983
rotary_emb,12608,286.748
rotary_emb,12624,287.463
rotary_emb,12640,288.039
rotary_emb,12656,288.274
rotary_emb,12672,288.904
rotary_emb,12688,290.001
rotary_emb,12704,290.375
rotary_emb,12720,290.471
rotary_emb,12736,290.834
rotary_emb,12752,291.089
rotary_emb,12768,291.537
rotary_emb,12784,292.508
rotary_emb,12800,292.359
rotary_emb,12816,293.244
rotary_emb,12832,293.448
rotary_emb,12848,293.756
rotary_emb,12864,294.312
rotary_emb,12880,294.567
rotary_emb,12896,294.759
rotary_emb,12912,295.132
rotary_emb,12928,295.644
rotary_emb,12944,296.732
rotary_emb,12960,296.604
rotary_emb,12976,297.116
rotary_emb,12992,297.468
rotary_emb,13008,297.98
rotary_emb,13024,298.258
rotary_emb,13040,298.855
rotary_emb,13056,298.855
rotary_emb,13072,296.755
rotary_emb,13088,296.967
rotary_emb,13104,297.33
rotary_emb,13120,298.109
rotary_emb,13136,298.386
rotary_emb,13152,298.524
rotary_emb,13168,298.94
rotary_emb,13184,299.549
rotary_emb,13200,301.01
rotary_emb,13216,301.085
rotary_emb,13232,301.522
rotary_emb,13248,302.29
rotary_emb,13264,302.29
rotary_emb,13280,302.428
rotary_emb,13296,303.058
rotary_emb,13312,303.453
rotary_emb,13328,303.836
rotary_emb,13344,304.295
rotary_emb,13360,305.159
rotary_emb,13376,305.202
rotary_emb,13392,306.162
rotary_emb,13408,306.237
rotary_emb,13424,306.183
rotary_emb,13440,306.419
rotary_emb,13456,307.357
rotary_emb,13472,307.325
rotary_emb,13488,308.562
rotary_emb,13504,309
rotary_emb,13520,309.117
rotary_emb,13536,309.468
rotary_emb,13552,310.002
rotary_emb,13568,309.65
rotary_emb,13584,310.055
rotary_emb,13600,309.949
rotary_emb,13616,310.717
rotary_emb,13632,310.792
rotary_emb,13648,310.706
rotary_emb,13664,310.76
rotary_emb,13680,311.922
rotary_emb,13696,311.944
rotary_emb,13712,310.919
rotary_emb,13728,311.261
rotary_emb,13744,311.88
rotary_emb,13760,312.007
rotary_emb,13776,313.191
rotary_emb,13792,313.501
rotary_emb,13808,313.522
rotary_emb,13824,314.163
rotary_emb,13840,314.962
rotary_emb,13856,315.315
rotary_emb,13872,316.125
rotary_emb,13888,316.21
rotary_emb,13904,316.807
rotary_emb,13920,317.266
rotary_emb,13936,317.522
rotary_emb,13952,318.013
rotary_emb,13968,319.943
rotary_emb,13984,319.933
rotary_emb,14000,319.261
rotary_emb,14016,320.179
rotary_emb,14032,320.861
rotary_emb,14048,320.882
rotary_emb,14064,321.16
rotary_emb,14080,321.181
rotary_emb,14096,321.768
rotary_emb,14112,322.472
rotary_emb,14128,322.877
rotary_emb,14144,323.89
rotary_emb,14160,323.037
rotary_emb,14176,324.008
rotary_emb,14192,323.965
rotary_emb,14208,325.011
rotary_emb,14224,322.749
rotary_emb,14240,322.803
rotary_emb,14256,322.514
rotary_emb,14272,323.325
rotary_emb,14288,324.434
rotary_emb,14304,323.944
rotary_emb,14320,324.808
rotary_emb,14336,325.17
rotary_emb,14352,326.248
rotary_emb,14368,326.162
rotary_emb,14384,326.194
rotary_emb,14400,327.571
rotary_emb,14416,327.56
rotary_emb,14432,327.496
rotary_emb,14448,327.805
rotary_emb,14464,328.531
rotary_emb,14480,329.608
rotary_emb,14496,329.64
rotary_emb,14512,330.472
rotary_emb,14528,330.013
rotary_emb,14544,331.304
rotary_emb,14560,331.741
rotary_emb,14576,331.955
rotary_emb,14592,333.149
rotary_emb,14608,333.651
rotary_emb,14624,334.056
rotary_emb,14640,333.885
rotary_emb,14656,334.312
rotary_emb,14672,335.112
rotary_emb,14688,335.005
rotary_emb,14704,335.059
rotary_emb,14720,335.677
rotary_emb,14736,336.605
rotary_emb,14752,336.531
rotary_emb,14768,337.298
rotary_emb,14784,337.416
rotary_emb,14800,337.982
rotary_emb,14816,338.152
rotary_emb,14832,338.227
rotary_emb,14848,339.389
rotary_emb,14864,336.307
rotary_emb,14880,336.84
rotary_emb,14896,337.544
rotary_emb,14912,337.875
rotary_emb,14928,338.302
rotary_emb,14944,339.187
rotary_emb,14960,338.632
rotary_emb,14976,339.198
rotary_emb,14992,340.403
rotary_emb,15008,341.416
rotary_emb,15024,341.481
rotary_emb,15040,341.171
rotary_emb,15056,342.312
rotary_emb,15072,342.387
rotary_emb,15088,343.187
rotary_emb,15104,343.453
rotary_emb,15120,344.915
rotary_emb,15136,344.35
rotary_emb,15152,345
rotary_emb,15168,345.598
rotary_emb,15184,345.779
rotary_emb,15200,345.96
rotary_emb,15216,346.323
rotary_emb,15232,347.07
rotary_emb,15248,347.582
rotary_emb,15264,348.264
rotary_emb,15280,348.883
rotary_emb,15296,349.299
rotary_emb,15312,349.512
rotary_emb,15328,349.246
rotary_emb,15344,350.035
rotary_emb,15360,350.782
rotary_emb,15376,350.451
rotary_emb,15392,351.486
rotary_emb,15408,352.008
rotary_emb,15424,352.232
rotary_emb,15440,352.873
rotary_emb,15456,353.245
rotary_emb,15472,353.63
rotary_emb,15488,353.075
rotary_emb,15504,351.582
rotary_emb,15520,351.987
rotary_emb,15536,352.286
rotary_emb,15552,352.851
rotary_emb,15568,352.745
rotary_emb,15584,353.332
rotary_emb,15600,354.216
rotary_emb,15616,354.067
rotary_emb,15632,355.028
rotary_emb,15648,355.23
rotary_emb,15664,355.827
rotary_emb,15680,356.616
rotary_emb,15696,356.958
rotary_emb,15712,357.097
rotary_emb,15728,357.576
rotary_emb,15744,358.067
rotary_emb,15760,359.273
rotary_emb,15776,359.337
rotary_emb,15792,359.593
rotary_emb,15808,360.126
rotary_emb,15824,360.488
rotary_emb,15840,361.438
rotary_emb,15856,360.82
rotary_emb,15872,361.95
rotary_emb,15888,362.334
rotary_emb,15904,362.889
rotary_emb,15920,363.699
rotary_emb,15936,363.635
rotary_emb,15952,363.625
rotary_emb,15968,364.083
rotary_emb,15984,364.809
rotary_emb,16000,364.969
rotary_emb,16016,365.556
rotary_emb,16032,366.515
rotary_emb,16048,366.249
rotary_emb,16064,366.707
rotary_emb,16080,367.219
rotary_emb,16096,367.187
rotary_emb,16112,367.56
rotary_emb,16128,368.521
rotary_emb,16144,365.716
rotary_emb,16160,366.184
rotary_emb,16176,366.697
rotary_emb,16192,367.433
rotary_emb,16208,367.443
rotary_emb,16224,367.347
rotary_emb,16240,368.809
rotary_emb,16256,369.023
rotary_emb,16272,369.843
rotary_emb,16288,369.982
rotary_emb,16304,370.91
rotary_emb,16320,370.878
rotary_emb,16336,371.934
rotary_emb,16352,371.774
rotary_emb,16368,372.062
