regime,n,nb,ratio,skew,pc,kp,kvs,kv_big,kv_mean,t_mean_us,t_max_us,t_skew_us,alpha
pure,2,1,0.5,4.0,0,0,128,512,320,133.06,186.053,182.726,0.9372
pure,2,1,0.5,4.0,0,0,512,2048,1280,397.517,608.562,604.946,0.9829
pure,2,1,0.5,4.0,0,0,2048,8192,5120,1192.963,1194.018,1189.09,-3.6711
mixed,2,1,0.5,4.0,16,0,128,512,320,130.179,183.686,183.334,0.9934
mixed,2,1,0.5,4.0,16,0,512,2048,1280,394.86,606.353,605.489,0.9959
mixed,2,1,0.5,4.0,16,0,2048,8192,5120,1192.002,1192.58,1188.226,-6.5329
mixed,2,1,0.5,4.0,16,512,128,512,320,184.966,187.044,183.973,-0.4779
mixed,2,1,0.5,4.0,16,512,512,2048,1280,395.148,607.089,605.651,0.9932
mixed,2,1,0.5,4.0,16,512,2048,8192,5120,1194.083,1193.474,1192.644,
mixed,2,1,0.5,4.0,16,2048,128,512,320,606.77,606.291,605.553,
mixed,2,1,0.5,4.0,16,2048,512,2048,1280,606.194,609.296,606.032,-0.0522
mixed,2,1,0.5,4.0,16,2048,2048,8192,5120,1194.113,1193.761,1191.938,
mixed,2,1,0.5,4.0,16,8192,128,512,320,1190.275,1186.659,1190.401,
mixed,2,1,0.5,4.0,16,8192,512,2048,1280,1190.882,1190.786,1191.17,
mixed,2,1,0.5,4.0,16,8192,2048,8192,5120,1193.794,1192.419,1190.498,
mixed,2,1,0.5,4.0,64,0,128,512,320,130.691,184.134,183.718,0.9922
mixed,2,1,0.5,4.0,64,0,512,2048,1280,395.275,607.41,605.489,0.9909
mixed,2,1,0.5,4.0,64,0,2048,8192,5120,1194.562,1193.987,1191.971,
mixed,2,1,0.5,4.0,64,512,128,512,320,188.101,188.422,188.037,-0.1994
mixed,2,1,0.5,4.0,64,512,512,2048,1280,395.243,606.575,606.226,0.9983
mixed,2,1,0.5,4.0,64,512,2048,8192,5120,1193.696,1193.538,1190.563,
mixed,2,1,0.5,4.0,64,2048,128,512,320,609.938,610.514,610.129,0.3316
mixed,2,1,0.5,4.0,64,2048,512,2048,1280,610.098,610.992,609.809,-0.3233
mixed,2,1,0.5,4.0,64,2048,2048,8192,5120,1192.291,1192.93,1189.633,-4.1596
mixed,2,1,0.5,4.0,64,8192,128,512,320,1192.673,1192.45,1192.994,
mixed,2,1,0.5,4.0,64,8192,512,2048,1280,1193.57,1195.394,1191.907,-0.9117
mixed,2,1,0.5,4.0,64,8192,2048,8192,5120,1195.233,1194.563,1195.395,
mixed,2,1,0.5,4.0,256,0,128,512,320,167.814,219.75,217.767,0.9618
mixed,2,1,0.5,4.0,256,0,512,2048,1280,430.059,641.426,637.426,0.9811
mixed,2,1,0.5,4.0,256,0,2048,8192,5120,1222.756,1221.667,1222.306,
mixed,2,1,0.5,4.0,256,512,128,512,320,357.963,410.955,307.913,-0.9445
mixed,2,1,0.5,4.0,256,512,512,2048,1280,572.434,781.91,774.934,0.9667
mixed,2,1,0.5,4.0,256,512,2048,8192,5120,1369.702,1363.654,1368.679,
mixed,2,1,0.5,4.0,256,2048,128,512,320,777.144,830.231,726.228,-0.9591
mixed,2,1,0.5,4.0,256,2048,512,2048,1280,1042.269,1251.331,832.088,-1.0054
mixed,2,1,0.5,4.0,256,2048,2048,8192,5120,1811.635,1809.139,1796.851,
mixed,2,1,0.5,4.0,256,8192,128,512,320,1309.924,1360.775,1255.62,-1.0679
mixed,2,1,0.5,4.0,256,8192,512,2048,1280,1579.501,1802.225,1364.198,-0.9667
mixed,2,1,0.5,4.0,256,8192,2048,8192,5120,2373.027,2368.066,1805.588,
mixed,2,1,0.5,4.0,1024,0,128,512,320,734.101,752.98,738.165,0.2153
mixed,2,1,0.5,4.0,1024,0,512,2048,1280,897.787,1139.648,1080.926,0.7572
mixed,2,1,0.5,4.0,1024,0,2048,8192,5120,1727.826,1728.177,1716.498,-32.2735
mixed,2,1,0.5,4.0,1024,512,128,512,320,1202.017,1220.804,1203.489,0.0784
mixed,2,1,0.5,4.0,1024,512,512,2048,1280,1283.716,1510.602,1438.633,0.6828
mixed,2,1,0.5,4.0,1024,512,2048,8192,5120,2180.892,2183.579,2127.196,-19.9836
mixed,2,1,0.5,4.0,1024,2048,128,512,320,2497.284,2505.382,2475.75,-2.6592
mixed,2,1,0.5,4.0,1024,2048,512,2048,1280,2711.979,2858.224,2701.036,-0.0748
mixed,2,1,0.5,4.0,1024,2048,2048,8192,5120,3336.542,3334.11,3270.749,
mixed,2,1,0.5,4.0,1024,8192,128,512,320,3682.216,3728.552,3633.896,-1.0428
mixed,2,1,0.5,4.0,1024,8192,512,2048,1280,3946.958,4165.238,3739.786,-0.9491
mixed,2,1,0.5,4.0,1024,8192,2048,8192,5120,4741.35,4737.892,4188.916,
mixed,2,1,0.5,4.0,4096,0,128,512,320,7571.571,7582.931,7565.042,-0.5747
mixed,2,1,0.5,4.0,4096,0,512,2048,1280,7651.381,7732.12,7652.025,0.008
mixed,2,1,0.5,4.0,4096,0,2048,8192,5120,7996.319,7995.008,7852.445,
mixed,2,1,0.5,4.0,4096,512,128,512,320,9066.56,9081.919,9063.163,-0.2212
mixed,2,1,0.5,4.0,4096,512,512,2048,1280,9155.327,9215.168,9149.728,-0.0936
mixed,2,1,0.5,4.0,4096,512,2048,8192,5120,9498.696,9493.447,9335.681,
mixed,2,1,0.5,4.0,4096,2048,128,512,320,12382.103,12401.632,12392.435,0.5291
mixed,2,1,0.5,4.0,4096,2048,512,2048,1280,12465.908,12537.882,12471.002,0.0708
mixed,2,1,0.5,4.0,4096,2048,2048,8192,5120,12794.339,12782.885,12663.105,
mixed,2,1,0.5,4.0,4096,8192,128,512,320,14218.892,14209.803,14201.354,
mixed,2,1,0.5,4.0,4096,8192,512,2048,1280,14208.198,14212.68,14211.975,0.8427
mixed,2,1,0.5,4.0,4096,8192,2048,8192,5120,14330.828,14315.407,14246.22,
pure,8,1,0.125,4.0,0,0,128,512,176,148.773,356.139,247.526,0.4762
pure,8,1,0.125,4.0,0,0,512,2048,704,460.748,1202.464,772.053,0.4197
pure,8,1,0.125,4.0,0,0,2048,8192,2816,1624.717,2372.64,1794.129,0.2265
mixed,8,1,0.125,4.0,16,0,128,512,176,143.939,351.594,242.727,0.4757
mixed,8,1,0.125,4.0,16,0,512,2048,704,456.171,1198.211,766.325,0.418
mixed,8,1,0.125,4.0,16,0,2048,8192,2816,1620.013,2368.707,1791.346,0.2288
mixed,8,1,0.125,4.0,16,512,128,512,176,250.759,357.544,249.67,-0.0102
mixed,8,1,0.125,4.0,16,512,512,2048,704,455.982,1198.113,773.878,0.4284
mixed,8,1,0.125,4.0,16,512,2048,8192,2816,1621.005,2370.591,1791.633,0.2276
mixed,8,1,0.125,4.0,16,2048,128,512,176,669.331,773.173,667.634,-0.0163
mixed,8,1,0.125,4.0,16,2048,512,2048,704,827.607,1202.432,775.413,-0.1392
mixed,8,1,0.125,4.0,16,2048,2048,8192,2816,1618.605,2370.114,1797.68,0.2383
mixed,8,1,0.125,4.0,16,8192,128,512,176,1253.348,1359.909,1251.746,-0.015
mixed,8,1,0.125,4.0,16,8192,512,2048,704,1415.08,1796.243,1362.405,-0.1382
mixed,8,1,0.125,4.0,16,8192,2048,8192,2816,2012.472,2373.184,1799.793,-0.5896
mixed,8,1,0.125,4.0,64,0,128,512,176,146.724,350.986,244.229,0.4774
mixed,8,1,0.125,4.0,64,0,512,2048,704,456.396,1197.794,768.693,0.4212
mixed,8,1,0.125,4.0,64,0,2048,8192,2816,1621.358,2370.914,1793.168,0.2292
mixed,8,1,0.125,4.0,64,512,128,512,176,257.734,360.202,253.894,-0.0375
mixed,8,1,0.125,4.0,64,512,512,2048,704,456.622,1198.401,773.749,0.4275
mixed,8,1,0.125,4.0,64,512,2048,8192,2816,1620.779,2372.513,1789.457,0.2244
mixed,8,1,0.125,4.0,64,2048,128,512,176,674.098,778.645,671.731,-0.0226
mixed,8,1,0.125,4.0,64,2048,512,2048,704,831.157,1203.872,779.635,-0.1382
mixed,8,1,0.125,4.0,64,2048,2048,8192,2816,1620.65,2369.955,1792.592,0.2295
mixed,8,1,0.125,4.0,64,8192,128,512,176,1260.066,1363.333,1256.515,-0.0344
mixed,8,1,0.125,4.0,64,8192,512,2048,704,1419.017,1800.436,1365.125,-0.1413
mixed,8,1,0.125,4.0,64,8192,2048,8192,2816,2012.95,2372.577,1800.434,-0.5909
mixed,8,1,0.125,4.0,256,0,128,512,176,191.494,368.073,286.602,0.5386
mixed,8,1,0.125,4.0,256,0,512,2048,704,469.645,1202.914,779.797,0.423
mixed,8,1,0.125,4.0,256,0,2048,8192,2816,1624.331,2375.295,1796.56,0.2293
mixed,8,1,0.125,4.0,256,512,128,512,176,381.481,525.04,412.715,0.2176
mixed,8,1,0.125,4.0,256,512,512,2048,704,643.889,1209.537,942.009,0.527
mixed,8,1,0.125,4.0,256,512,2048,8192,2816,1624.619,2375.456,1795.826,0.228
mixed,8,1,0.125,4.0,256,2048,128,512,176,799.734,1007.676,844.568,0.2156
mixed,8,1,0.125,4.0,256,2048,512,2048,704,1112.605,1794.352,1169.6,0.0836
mixed,8,1,0.125,4.0,256,2048,2048,8192,2816,2118.426,2507.746,2389.952,0.6974
mixed,8,1,0.125,4.0,256,8192,128,512,176,1333.861,1544.265,1373.764,0.1896
mixed,8,1,0.125,4.0,256,8192,512,2048,704,1649.261,2381.535,1708.365,0.0807
mixed,8,1,0.125,4.0,256,8192,2048,8192,2816,2478.726,3548.063,2381.696,-0.0907
mixed,8,1,0.125,4.0,1024,0,128,512,176,807.862,942.97,821.911,0.104
mixed,8,1,0.125,4.0,1024,0,512,2048,704,1002.075,1729.805,1280.483,0.3826
mixed,8,1,0.125,4.0,1024,0,2048,8192,2816,2120.537,2844.043,2341.183,0.305
mixed,8,1,0.125,4.0,1024,512,128,512,176,1277.537,1421.224,1294.404,0.1174
mixed,8,1,0.125,4.0,1024,512,512,2048,704,1484.937,2135.545,1628.237,0.2203
mixed,8,1,0.125,4.0,1024,512,2048,8192,2816,2534.95,3323.066,2738.408,0.2582
mixed,8,1,0.125,4.0,1024,2048,128,512,176,2558.34,2799.433,2587.013,0.1189
mixed,8,1,0.125,4.0,1024,2048,512,2048,704,2900.012,3393.05,2885.326,-0.0298
mixed,8,1,0.125,4.0,1024,2048,2048,8192,2816,3769.638,4524.407,3878.504,0.1442
mixed,8,1,0.125,4.0,1024,8192,128,512,176,3736.548,3946.665,3770.212,0.1602
mixed,8,1,0.125,4.0,1024,8192,512,2048,704,4052.779,4766.976,4096.461,0.0612
mixed,8,1,0.125,4.0,1024,8192,2048,8192,2816,4895.971,5947.934,4779.1,-0.1111
mixed,8,1,0.125,4.0,4096,0,128,512,176,7705.772,7844.917,7716.267,0.0754
mixed,8,1,0.125,4.0,4096,0,512,2048,704,7920.019,8446.208,7922.258,0.0043
mixed,8,1,0.125,4.0,4096,0,2048,8192,2816,8721.894,9348.09,8576.324,-0.2325
mixed,8,1,0.125,4.0,4096,512,128,512,176,9191.253,9345.656,9206.516,0.0989
mixed,8,1,0.125,4.0,4096,512,512,2048,704,9407.928,9902.983,9417.209,0.0187
mixed,8,1,0.125,4.0,4096,512,2048,8192,2816,10243.251,10873.537,10026.697,-0.3436
mixed,8,1,0.125,4.0,4096,2048,128,512,176,12548.555,12661.613,12555.115,0.058
mixed,8,1,0.125,4.0,4096,2048,512,2048,704,12729.393,13133.117,12721.107,-0.0205
mixed,8,1,0.125,4.0,4096,2048,2048,8192,2816,13391.265,13994.357,13235.042,-0.259
mixed,8,1,0.125,4.0,4096,8192,128,512,176,14211.673,14207.476,14208.412,
mixed,8,1,0.125,4.0,4096,8192,512,2048,704,14213.241,15048.714,14215.001,0.0021
mixed,8,1,0.125,4.0,4096,8192,2048,8192,2816,15262.995,15760.035,15055.985,-0.4165
pure,8,2,0.25,4.0,0,0,128,512,224,181.285,356.009,247.687,0.38
pure,8,2,0.25,4.0,0,0,512,2048,896,567.311,1202.144,773.939,0.3255
pure,8,2,0.25,4.0,0,0,2048,8192,3584,2046.231,2372.8,1798.928,-0.7573
mixed,8,2,0.25,4.0,16,0,128,512,224,177.254,351.209,242.694,0.3762
mixed,8,2,0.25,4.0,16,0,512,2048,896,562.255,1198.079,767.604,0.323
mixed,8,2,0.25,4.0,16,0,2048,8192,3584,2042.517,2369.022,1795.856,-0.7555
mixed,8,2,0.25,4.0,16,512,128,512,224,266.824,357.386,249.319,-0.1933
mixed,8,2,0.25,4.0,16,512,512,2048,896,561.839,1198.689,776.661,0.3373
mixed,8,2,0.25,4.0,16,512,2048,8192,3584,2043.413,2368.895,1793.936,-0.7665
mixed,8,2,0.25,4.0,16,2048,128,512,224,685.714,773.653,669.072,-0.1892
mixed,8,2,0.25,4.0,16,2048,512,2048,896,882.296,1202.304,776.276,-0.3313
mixed,8,2,0.25,4.0,16,2048,2048,8192,3584,2044.117,2369.565,1797.968,-0.7563
mixed,8,2,0.25,4.0,16,8192,128,512,224,1272.45,1359.652,1253.089,-0.222
mixed,8,2,0.25,4.0,16,8192,512,2048,896,1469.287,1795.279,1360.132,-0.3348
mixed,8,2,0.25,4.0,16,8192,2048,8192,3584,2228.22,2373.79,1799.247,-2.9469
mixed,8,2,0.25,4.0,64,0,128,512,224,179.974,351.241,245.159,0.3806
mixed,8,2,0.25,4.0,64,0,512,2048,896,563.309,1198.208,769.941,0.3255
mixed,8,2,0.25,4.0,64,0,2048,8192,3584,2042.742,2370.558,1791.888,-0.7652
mixed,8,2,0.25,4.0,64,512,128,512,224,274.279,359.976,253.351,-0.2442
mixed,8,2,0.25,4.0,64,512,512,2048,896,563.085,1198.559,775.285,0.3339
mixed,8,2,0.25,4.0,64,512,2048,8192,3584,2044.821,2371.038,1790.895,-0.7784
mixed,8,2,0.25,4.0,64,2048,128,512,224,691.348,779.03,671.73,-0.2237
mixed,8,2,0.25,4.0,64,2048,512,2048,896,886.263,1204.446,779.158,-0.3366
mixed,8,2,0.25,4.0,64,2048,2048,8192,3584,2043.38,2371.007,1798.254,-0.7482
mixed,8,2,0.25,4.0,64,8192,128,512,224,1276.002,1364.58,1253.858,-0.25
mixed,8,2,0.25,4.0,64,8192,512,2048,896,1475.527,1797.582,1366.404,-0.3388
mixed,8,2,0.25,4.0,64,8192,2048,8192,3584,2230.01,2373.759,1800.976,-2.9846
mixed,8,2,0.25,4.0,256,0,128,512,224,219.207,369.385,303.335,0.5602
mixed,8,2,0.25,4.0,256,0,512,2048,896,573.103,1202.75,813.173,0.3813
mixed,8,2,0.25,4.0,256,0,2048,8192,3584,2048.695,2375.581,1822.16,-0.693
mixed,8,2,0.25,4.0,256,512,128,512,224,414.25,524.624,429.708,0.1401
mixed,8,2,0.25,4.0,256,512,512,2048,896,738.866,1209.023,948.12,0.4451
mixed,8,2,0.25,4.0,256,512,2048,8192,3584,2048.246,2377.566,1973.363,-0.2274
mixed,8,2,0.25,4.0,256,2048,128,512,224,832.792,1005.787,863.062,0.175
mixed,8,2,0.25,4.0,256,2048,512,2048,896,1216.991,1792.399,1253.92,0.0642
mixed,8,2,0.25,4.0,256,2048,2048,8192,3584,2328.318,2500.225,2388.606,0.3507
mixed,8,2,0.25,4.0,256,8192,128,512,224,1365.988,1545.992,1394.533,0.1586
mixed,8,2,0.25,4.0,256,8192,512,2048,896,1758.059,2382.238,1797.967,0.0639
mixed,8,2,0.25,4.0,256,8192,2048,8192,3584,3123.474,3549.276,2387.358,-1.7288
mixed,8,2,0.25,4.0,1024,0,128,512,224,833.045,942.648,839.382,0.0578
mixed,8,2,0.25,4.0,1024,0,512,2048,896,1081.18,1730.894,1343.331,0.4035
mixed,8,2,0.25,4.0,1024,0,2048,8192,3584,2518.019,2840.425,2398.27,-0.3714
mixed,8,2,0.25,4.0,1024,512,128,512,224,1300.48,1420.901,1308.418,0.0659
mixed,8,2,0.25,4.0,1024,512,512,2048,896,1543.911,2134.008,1703.18,0.2699
mixed,8,2,0.25,4.0,1024,512,2048,8192,3584,3005.166,3324.533,2818.697,-0.5839
mixed,8,2,0.25,4.0,1024,2048,128,512,224,2598.947,2803.879,2610.275,0.0553
mixed,8,2,0.25,4.0,1024,2048,512,2048,896,2943.628,3393.53,2975.952,0.0718
mixed,8,2,0.25,4.0,1024,2048,2048,8192,3584,4168.396,4528.659,3963.174,-0.5696
mixed,8,2,0.25,4.0,1024,8192,128,512,224,3766.369,3947.557,3792.288,0.1431
mixed,8,2,0.25,4.0,1024,8192,512,2048,896,4159.244,4765.755,4176.941,0.0292
mixed,8,2,0.25,4.0,1024,8192,2048,8192,3584,5543.117,5944.378,4785.373,-1.8884
mixed,8,2,0.25,4.0,4096,0,128,512,224,7722.31,7848.169,7733.159,0.0862
mixed,8,2,0.25,4.0,4096,0,512,2048,896,7986.319,8449.529,7998.8,0.0269
mixed,8,2,0.25,4.0,4096,0,2048,8192,3584,9043.048,9351.055,8699.329,-1.1159
mixed,8,2,0.25,4.0,4096,512,128,512,224,9220.557,9347.343,9227.728,0.0566
mixed,8,2,0.25,4.0,4096,512,512,2048,896,9481.2,9914.305,9487.415,0.0143
mixed,8,2,0.25,4.0,4096,512,2048,8192,3584,10553.551,10873.37,10164.162,-1.2175
mixed,8,2,0.25,4.0,4096,2048,128,512,224,12561.731,12652.902,12576.965,0.1671
mixed,8,2,0.25,4.0,4096,2048,512,2048,896,12779.941,13125.938,12780.971,0.003
mixed,8,2,0.25,4.0,4096,2048,2048,8192,3584,13692.509,14005.158,13360.505,-1.0619
mixed,8,2,0.25,4.0,4096,8192,128,512,224,14220.236,14211.017,14213.809,
mixed,8,2,0.25,4.0,4096,8192,512,2048,896,14221.1,15057.405,14210.063,-0.0132
mixed,8,2,0.25,4.0,4096,8192,2048,8192,3584,15502.349,15754.066,15064.259,-1.7404
pure,8,3,0.375,4.0,0,0,128,512,272,216.582,355.753,248.422,0.2288
pure,8,3,0.375,4.0,0,0,512,2048,1088,673.428,1202.975,774.869,0.1916
pure,8,3,0.375,4.0,0,0,2048,8192,4352,2375.869,2374.779,1798.509,
mixed,8,3,0.375,4.0,16,0,128,512,272,211.397,350.827,244.869,0.2401
mixed,8,3,0.375,4.0,16,0,512,2048,1088,667.825,1198.464,772.019,0.1964
mixed,8,3,0.375,4.0,16,0,2048,8192,4352,2371.806,2369.628,1797.326,
mixed,8,3,0.375,4.0,16,512,128,512,272,284.295,358.185,250.182,-0.4617
mixed,8,3,0.375,4.0,16,512,512,2048,1088,666.48,1199.742,776.786,0.2069
mixed,8,3,0.375,4.0,16,512,2048,8192,4352,2371.997,2372.7,1797.198,-817.6373
mixed,8,3,0.375,4.0,16,2048,128,512,272,702.163,774.387,667.282,-0.483
mixed,8,3,0.375,4.0,16,2048,512,2048,1088,937.528,1202.848,776.179,-0.6081
mixed,8,3,0.375,4.0,16,2048,2048,8192,4352,2371.516,2370.972,1800.878,
mixed,8,3,0.375,4.0,16,8192,128,512,272,1288.127,1359.427,1252.449,-0.5004
mixed,8,3,0.375,4.0,16,8192,512,2048,1088,1525.448,1794.928,1360.483,-0.6122
mixed,8,3,0.375,4.0,16,8192,2048,8192,4352,2374.299,2373.308,1801.743,
mixed,8,3,0.375,4.0,64,0,128,512,272,214.054,351.272,245.254,0.2274
mixed,8,3,0.375,4.0,64,0,512,2048,1088,669.169,1198.816,774.834,0.1995
mixed,8,3,0.375,4.0,64,0,2048,8192,4352,2373.278,2370.203,1797.454,
mixed,8,3,0.375,4.0,64,512,128,512,272,291.174,359.945,254.086,-0.5393
mixed,8,3,0.375,4.0,64,512,512,2048,1088,668.049,1198.846,776.083,0.2035
mixed,8,3,0.375,4.0,64,512,2048,8192,4352,2371.1,2372.091,1796.943,-579.3713
mixed,8,3,0.375,4.0,64,2048,128,512,272,708.754,779.092,672.369,-0.5173
mixed,8,3,0.375,4.0,64,2048,512,2048,1088,939.83,1204.575,780.916,-0.6003
mixed,8,3,0.375,4.0,64,2048,2048,8192,4352,2374.012,2372.029,1800.173,
mixed,8,3,0.375,4.0,64,8192,128,512,272,1293.376,1364.513,1257.089,-0.5101
mixed,8,3,0.375,4.0,64,8192,512,2048,1088,1528.456,1801.134,1364.866,-0.5999
mixed,8,3,0.375,4.0,64,8192,2048,8192,4352,2375.037,2374.747,1802.989,
mixed,8,3,0.375,4.0,256,0,128,512,272,250.247,369.674,315.561,0.5469
mixed,8,3,0.375,4.0,256,0,512,2048,1088,677.906,1202.59,841.685,0.3121
mixed,8,3,0.375,4.0,256,0,2048,8192,4352,2375.546,2376.316,1856.049,-674.6714
mixed,8,3,0.375,4.0,256,512,128,512,272,444.459,526.125,433.899,-0.1293
mixed,8,3,0.375,4.0,256,512,512,2048,1088,798.035,1209.566,974.777,0.4295
mixed,8,3,0.375,4.0,256,512,2048,8192,4352,2376.605,2376.603,2006.579,
mixed,8,3,0.375,4.0,256,2048,128,512,272,869.493,1006.041,896.534,0.198
mixed,8,3,0.375,4.0,256,2048,512,2048,1088,1306.849,1794.605,1265.439,-0.0849
mixed,8,3,0.375,4.0,256,2048,2048,8192,4352,2504.8,2507.07,2394.139,-48.7493
mixed,8,3,0.375,4.0,256,8192,128,512,272,1403.074,1544.037,1431.3,0.2002
mixed,8,3,0.375,4.0,256,8192,512,2048,1088,1866.672,2378.044,1966.162,0.1946
mixed,8,3,0.375,4.0,256,8192,2048,8192,4352,3545.273,3546.778,2389.084,-768.2319
mixed,8,3,0.375,4.0,1024,0,128,512,272,855.352,941.27,858.965,0.0421
mixed,8,3,0.375,4.0,1024,0,512,2048,1088,1195.197,1732.332,1408.58,0.3973
mixed,8,3,0.375,4.0,1024,0,2048,8192,4352,2840.265,2840.553,2479.421,-1252.9306
mixed,8,3,0.375,4.0,1024,512,128,512,272,1320.513,1419.079,1331.169,0.1081
mixed,8,3,0.375,4.0,1024,512,512,2048,1088,1610.119,2135.765,1779.054,0.3214
mixed,8,3,0.375,4.0,1024,512,2048,8192,4352,3328.693,3321.62,2885.319,
mixed,8,3,0.375,4.0,1024,2048,128,512,272,2633.312,2798.79,2636.484,0.0192
mixed,8,3,0.375,4.0,1024,2048,512,2048,1088,3016.78,3394.581,3053.805,0.098
mixed,8,3,0.375,4.0,1024,2048,2048,8192,4352,4527.537,4526.068,4020.997,
mixed,8,3,0.375,4.0,1024,8192,128,512,272,3806.525,3947.907,3817.825,0.0799
mixed,8,3,0.375,4.0,1024,8192,512,2048,1088,4282.666,4768.119,4351.437,0.1417
mixed,8,3,0.375,4.0,1024,8192,2048,8192,4352,5949.077,5946.039,4812.728,
mixed,8,3,0.375,4.0,4096,0,128,512,272,7742.944,7848.966,7754.754,0.1114
mixed,8,3,0.375,4.0,4096,0,512,2048,1088,8061.034,8441.973,8067.72,0.0176
mixed,8,3,0.375,4.0,4096,0,2048,8192,4352,9348.365,9349.801,8815.225,-371.2674
mixed,8,3,0.375,4.0,4096,512,128,512,272,9240.937,9347.275,9241.063,0.0012
mixed,8,3,0.375,4.0,4096,512,512,2048,1088,9555.664,9913.531,9545.55,-0.0283
mixed,8,3,0.375,4.0,4096,512,2048,8192,4352,10878.705,10875.95,10293.47,
mixed,8,3,0.375,4.0,4096,2048,128,512,272,12581.396,12655.678,12587.704,0.0849
mixed,8,3,0.375,4.0,4096,2048,512,2048,1088,12844.321,13121.354,12843.902,-0.0015
mixed,8,3,0.375,4.0,4096,2048,2048,8192,4352,14005.307,13995.774,13472.209,
mixed,8,3,0.375,4.0,4096,8192,128,512,272,14208.994,14209.287,14208.387,-2.0717
mixed,8,3,0.375,4.0,4096,8192,512,2048,1088,14222.564,15048.663,14221.151,-0.0017
mixed,8,3,0.375,4.0,4096,8192,2048,8192,4352,15751.174,15753.64,15180.245,-231.5203
pure,8,4,0.5,4.0,0,0,128,512,320,248.326,355.753,248.55,0.0021
pure,8,4,0.5,4.0,0,0,512,2048,1280,780.372,1202.334,776.084,-0.0102
pure,8,4,0.5,4.0,0,0,2048,8192,5120,2372.763,2373.467,1802.539,-809.9773
mixed,8,4,0.5,4.0,16,0,128,512,320,244.773,351.081,245.894,0.0105
mixed,8,4,0.5,4.0,16,0,512,2048,1280,774.963,1197.758,774.035,-0.0022
mixed,8,4,0.5,4.0,16,0,2048,8192,5120,2371.133,2369.37,1795.882,
mixed,8,4,0.5,4.0,16,512,128,512,320,302.152,357.673,309.447,0.1314
mixed,8,4,0.5,4.0,16,512,512,2048,1280,774.483,1197.565,777.298,0.0067
mixed,8,4,0.5,4.0,16,512,2048,8192,5120,2370.236,2370.076,1799.405,
mixed,8,4,0.5,4.0,16,2048,128,512,320,721.362,772.915,728.946,0.1471
mixed,8,4,0.5,4.0,16,2048,512,2048,1280,990.392,1203.102,942.23,-0.2264
mixed,8,4,0.5,4.0,16,2048,2048,8192,5120,2369.402,2371.964,1802.667,-221.208
mixed,8,4,0.5,4.0,16,8192,128,512,320,1303.329,1359.233,1309.535,0.111
mixed,8,4,0.5,4.0,16,8192,512,2048,1280,1577.927,1795.021,1526.887,-0.2351
mixed,8,4,0.5,4.0,16,8192,2048,8192,5120,2374.013,2373.499,2371.322,
mixed,8,4,0.5,4.0,64,0,128,512,320,245.828,351.625,246.757,0.0088
mixed,8,4,0.5,4.0,64,0,512,2048,1280,775.987,1198.142,775.604,-0.0009
mixed,8,4,0.5,4.0,64,0,2048,8192,5120,2372.569,2369.274,1800.749,
mixed,8,4,0.5,4.0,64,512,128,512,320,305.894,360.137,314.153,0.1523
mixed,8,4,0.5,4.0,64,512,512,2048,1280,774.452,1198.782,779.763,0.0125
mixed,8,4,0.5,4.0,64,512,2048,8192,5120,2372.281,2371.737,1799.756,
mixed,8,4,0.5,4.0,64,2048,128,512,320,724.689,777.395,731.922,0.1372
mixed,8,4,0.5,4.0,64,2048,512,2048,1280,995.16,1205.182,943.446,-0.2462
mixed,8,4,0.5,4.0,64,2048,2048,8192,5120,2371.642,2369.242,1799.853,
mixed,8,4,0.5,4.0,64,8192,128,512,320,1307.103,1363.394,1314.273,0.1274
mixed,8,4,0.5,4.0,64,8192,512,2048,1280,1581.511,1800.748,1529.638,-0.2366
mixed,8,4,0.5,4.0,64,8192,2048,8192,5120,2376.314,2374.748,2370.745,
mixed,8,4,0.5,4.0,256,0,128,512,320,281.446,368.681,333.928,0.6016
mixed,8,4,0.5,4.0,256,0,512,2048,1280,783.315,1203.293,874.742,0.2177
mixed,8,4,0.5,4.0,256,0,2048,8192,5120,2379.642,2374.491,1884.142,
mixed,8,4,0.5,4.0,256,512,128,512,320,470.956,527.277,442.892,-0.4983
mixed,8,4,0.5,4.0,256,512,512,2048,1280,846.357,1207.838,1014.938,0.4664
mixed,8,4,0.5,4.0,256,512,2048,8192,5120,2377.274,2374.97,2112.788,
mixed,8,4,0.5,4.0,256,2048,128,512,320,901.175,1007.896,912.405,0.1052
mixed,8,4,0.5,4.0,256,2048,512,2048,1280,1310.241,1793.165,1273.665,-0.0757
mixed,8,4,0.5,4.0,256,2048,2048,8192,5120,2514.076,2498.878,2392.345,
mixed,8,4,0.5,4.0,256,8192,128,512,320,1434.851,1544.359,1445.057,0.0932
mixed,8,4,0.5,4.0,256,8192,512,2048,1280,1978.64,2381.917,1975.247,-0.0084
mixed,8,4,0.5,4.0,256,8192,2048,8192,5120,3547.864,3547.897,2395.355,-34924.5152
mixed,8,4,0.5,4.0,1024,0,128,512,320,875.895,942.743,873.27,-0.0393
mixed,8,4,0.5,4.0,1024,0,512,2048,1280,1305.247,1730.252,1464.805,0.3754
mixed,8,4,0.5,4.0,1024,0,2048,8192,5120,2841.092,2832.968,2556.703,
mixed,8,4,0.5,4.0,1024,512,128,512,320,1340.96,1421.795,1346.273,0.0657
mixed,8,4,0.5,4.0,1024,512,512,2048,1280,1674.026,2134.741,1834.572,0.3485
mixed,8,4,0.5,4.0,1024,512,2048,8192,5120,3324.435,3321.937,2977.673,
mixed,8,4,0.5,4.0,1024,2048,128,512,320,2674.562,2800.997,2690.082,0.1228
mixed,8,4,0.5,4.0,1024,2048,512,2048,1280,3102.316,3396.723,3089.707,-0.0428
mixed,8,4,0.5,4.0,1024,2048,2048,8192,5120,4527.855,4526.445,4120.133,
mixed,8,4,0.5,4.0,1024,8192,128,512,320,3839.87,3951.103,3828.126,-0.1056
mixed,8,4,0.5,4.0,1024,8192,512,2048,1280,4387.818,4767.19,4381.867,-0.0157
mixed,8,4,0.5,4.0,1024,8192,2048,8192,5120,5942.512,5944.369,4852.214,-587.1287
mixed,8,4,0.5,4.0,4096,0,128,512,320,7769.597,7841.661,7767.711,-0.0262
mixed,8,4,0.5,4.0,4096,0,512,2048,1280,8117.766,8447.692,8147.587,0.0904
mixed,8,4,0.5,4.0,4096,0,2048,8192,5120,9349.511,9347.909,8919.609,
mixed,8,4,0.5,4.0,4096,512,128,512,320,9267.97,9343.587,9261.6,-0.0842
mixed,8,4,0.5,4.0,4096,512,512,2048,1280,9621.45,9908.685,9618.538,-0.0101
mixed,8,4,0.5,4.0,4096,512,2048,8192,5120,10879.692,10873.031,10404.412,
mixed,8,4,0.5,4.0,4096,2048,128,512,320,12599.797,12661.969,12594.897,-0.0788
mixed,8,4,0.5,4.0,4096,2048,512,2048,1280,12901.274,13122.591,12883.381,-0.0808
mixed,8,4,0.5,4.0,4096,2048,2048,8192,5120,13998.998,14004.142,13590.67,-79.3795
mixed,8,4,0.5,4.0,4096,8192,128,512,320,14213.402,14213.115,14214.676,
mixed,8,4,0.5,4.0,4096,8192,512,2048,1280,14216.982,15058.634,14211.0,-0.0071
mixed,8,4,0.5,4.0,4096,8192,2048,8192,5120,15756.93,15750.656,15623.864,
pure,8,6,0.75,4.0,0,0,128,512,416,287.686,355.754,347.625,0.8806
pure,8,6,0.75,4.0,0,0,512,2048,1664,990.456,1202.141,1194.366,0.9633
pure,8,6,0.75,4.0,0,0,2048,8192,6656,2373.529,2373.946,2369.658,-9.283
mixed,8,6,0.75,4.0,16,0,128,512,416,283.368,350.598,347.624,0.9558
mixed,8,6,0.75,4.0,16,0,512,2048,1664,985.752,1197.949,1195.26,0.9873
mixed,8,6,0.75,4.0,16,0,2048,8192,6656,2368.377,2369.401,2369.242,0.8447
mixed,8,6,0.75,4.0,16,512,128,512,416,320.36,357.577,348.297,0.7507
mixed,8,6,0.75,4.0,16,512,512,2048,1664,986.552,1198.108,1196.445,0.9921
mixed,8,6,0.75,4.0,16,512,2048,8192,6656,2372.345,2371.289,2369.881,
mixed,8,6,0.75,4.0,16,2048,128,512,416,739.538,773.524,765.554,0.7655
mixed,8,6,0.75,4.0,16,2048,512,2048,1664,1096.73,1203.645,1196.286,0.9312
mixed,8,6,0.75,4.0,16,2048,2048,8192,6656,2373.657,2370.329,2370.425,
mixed,8,6,0.75,4.0,16,8192,128,512,416,1322.721,1359.361,1348.608,0.7065
mixed,8,6,0.75,4.0,16,8192,512,2048,1664,1688.457,1794.955,1789.357,0.9474
mixed,8,6,0.75,4.0,16,8192,2048,8192,6656,2373.082,2373.401,2370.713,-7.4263
mixed,8,6,0.75,4.0,64,0,128,512,416,285.672,351.241,347.688,0.9458
mixed,8,6,0.75,4.0,64,0,512,2048,1664,987.863,1199.165,1194.943,0.98
mixed,8,6,0.75,4.0,64,0,2048,8192,6656,2371.291,2369.145,2370.745,
mixed,8,6,0.75,4.0,64,512,128,512,416,328.167,360.008,352.584,0.7668
mixed,8,6,0.75,4.0,64,512,512,2048,1664,987.032,1198.811,1196.606,0.9896
mixed,8,6,0.75,4.0,64,512,2048,8192,6656,2371.801,2370.137,2371.962,
mixed,8,6,0.75,4.0,64,2048,128,512,416,747.442,779.379,769.812,0.7004
mixed,8,6,0.75,4.0,64,2048,512,2048,1664,1100.281,1205.244,1200.284,0.9527
mixed,8,6,0.75,4.0,64,2048,2048,8192,6656,2370.937,2370.073,2373.593,
mixed,8,6,0.75,4.0,64,8192,128,512,416,1329.952,1363.137,1354.116,0.7282
mixed,8,6,0.75,4.0,64,8192,512,2048,1664,1690.6,1797.45,1794.029,0.968
mixed,8,6,0.75,4.0,64,8192,2048,8192,6656,2375.096,2374.841,2370.745,
mixed,8,6,0.75,4.0,256,0,128,512,416,316.295,369.227,357.161,0.772
mixed,8,6,0.75,4.0,256,0,512,2048,1664,994.297,1204.155,1200.796,0.984
mixed,8,6,0.75,4.0,256,0,2048,8192,6656,2376.665,2376.058,2379.769,
mixed,8,6,0.75,4.0,256,512,128,512,416,472.106,525.294,467.949,-0.0782
mixed,8,6,0.75,4.0,256,512,512,2048,1664,1002.968,1209.148,1200.157,0.9564
mixed,8,6,0.75,4.0,256,512,2048,8192,6656,2377.977,2377.626,2376.536,
mixed,8,6,0.75,4.0,256,2048,128,512,416,938.488,1006.808,997.976,0.8707
mixed,8,6,0.75,4.0,256,2048,512,2048,1664,1477.125,1792.009,1365.346,-0.355
mixed,8,6,0.75,4.0,256,2048,2048,8192,6656,2506.94,2512.635,2417.531,-15.6996
mixed,8,6,0.75,4.0,256,8192,128,512,416,1476.227,1546.757,1535.524,0.8407
mixed,8,6,0.75,4.0,256,8192,512,2048,1664,2188.949,2382.841,2373.209,0.9503
mixed,8,6,0.75,4.0,256,8192,2048,8192,6656,3551.957,3540.822,2983.401,
mixed,8,6,0.75,4.0,1024,0,128,512,416,897.237,940.981,909.559,0.2817
mixed,8,6,0.75,4.0,1024,0,512,2048,1664,1516.485,1729.641,1580.902,0.3022
mixed,8,6,0.75,4.0,1024,0,2048,8192,6656,2843.846,2841.382,2700.864,
mixed,8,6,0.75,4.0,1024,512,128,512,416,1370.05,1418.562,1386.625,0.3417
mixed,8,6,0.75,4.0,1024,512,512,2048,1664,1893.165,2133.524,1985.329,0.3834
mixed,8,6,0.75,4.0,1024,512,2048,8192,6656,3323.792,3319.505,3133.323,
mixed,8,6,0.75,4.0,1024,2048,128,512,416,2723.523,2800.74,2750.658,0.3514
mixed,8,6,0.75,4.0,1024,2048,512,2048,1664,3253.037,3393.135,3151.564,-0.7243
mixed,8,6,0.75,4.0,1024,2048,2048,8192,6656,4531.595,4526.733,4354.886,
mixed,8,6,0.75,4.0,1024,8192,128,512,416,3877.952,3947.837,3927.006,0.7019
mixed,8,6,0.75,4.0,1024,8192,512,2048,1664,4638.095,4768.369,4748.531,0.8477
mixed,8,6,0.75,4.0,1024,8192,2048,8192,6656,5947.854,5942.863,5418.304,
mixed,8,6,0.75,4.0,4096,0,128,512,416,7803.737,7848.573,7802.969,-0.0171
mixed,8,6,0.75,4.0,4096,0,512,2048,1664,8265.862,8444.362,8304.26,0.2151
mixed,8,6,0.75,4.0,4096,0,2048,8192,6656,9348.67,9343.52,9135.577,
mixed,8,6,0.75,4.0,4096,512,128,512,416,9295.229,9342.393,9306.879,0.247
mixed,8,6,0.75,4.0,4096,512,512,2048,1664,9757.542,9907.948,9767.046,0.0632
mixed,8,6,0.75,4.0,4096,512,2048,8192,6656,10875.041,10874.309,10637.469,
mixed,8,6,0.75,4.0,4096,2048,128,512,416,12624.781,12666.796,12627.022,0.0533
mixed,8,6,0.75,4.0,4096,2048,512,2048,1664,13004.692,13127.894,12990.933,-0.1117
mixed,8,6,0.75,4.0,4096,2048,2048,8192,6656,14007.439,13994.826,13806.794,
mixed,8,6,0.75,4.0,4096,8192,128,512,416,14209.491,14207.566,14219.475,
mixed,8,6,0.75,4.0,4096,8192,512,2048,1664,14499.705,15062.53,14540.093,0.0718
mixed,8,6,0.75,4.0,4096,8192,2048,8192,6656,15755.251,15749.684,15704.081,
pure,8,7,0.875,4.0,0,0,128,512,464,321.479,355.88,349.383,0.8111
pure,8,7,0.875,4.0,0,0,512,2048,1856,1095.771,1202.365,1198.332,0.9622
pure,8,7,0.875,4.0,0,0,2048,8192,7424,2375.545,2373.529,2376.599,
mixed,8,7,0.875,4.0,16,0,128,512,464,316.808,350.952,348.969,0.9419
mixed,8,7,0.875,4.0,16,0,512,2048,1856,1090.971,1197.596,1196.477,0.9895
mixed,8,7,0.875,4.0,16,0,2048,8192,7424,2369.945,2368.12,2367.096,
mixed,8,7,0.875,4.0,16,512,128,512,464,338.248,357.576,351.112,0.6656
mixed,8,7,0.875,4.0,16,512,512,2048,1856,1091.545,1198.846,1197.117,0.9839
mixed,8,7,0.875,4.0,16,512,2048,8192,7424,2371.129,2369.401,2369.273,
mixed,8,7,0.875,4.0,16,2048,128,512,464,755.73,773.267,765.938,0.5821
mixed,8,7,0.875,4.0,16,2048,512,2048,1856,1149.339,1203.197,1199.292,0.9275
mixed,8,7,0.875,4.0,16,2048,2048,8192,7424,2370.905,2372.695,2369.302,-0.8955
mixed,8,7,0.875,4.0,16,8192,128,512,464,1344.703,1359.169,1353.248,0.5907
mixed,8,7,0.875,4.0,16,8192,512,2048,1856,1740.393,1793.578,1792.522,0.9801
mixed,8,7,0.875,4.0,16,8192,2048,8192,7424,2372.407,2374.007,2369.976,-1.5194
mixed,8,7,0.875,4.0,64,0,128,512,464,320.07,351.367,349.162,0.9295
mixed,8,7,0.875,4.0,64,0,512,2048,1856,1092.633,1197.596,1197.116,0.9954
mixed,8,7,0.875,4.0,64,0,2048,8192,7424,2369.08,2371.769,2369.879,0.2971
mixed,8,7,0.875,4.0,64,512,128,512,464,344.137,360.008,353.897,0.615
mixed,8,7,0.875,4.0,64,512,512,2048,1856,1092.283,1199.067,1197.629,0.9865
mixed,8,7,0.875,4.0,64,512,2048,8192,7424,2372.887,2370.296,2369.625,
mixed,8,7,0.875,4.0,64,2048,128,512,464,763.059,779.088,771.667,0.537
mixed,8,7,0.875,4.0,64,2048,512,2048,1856,1151.291,1204.028,1201.212,0.9466
mixed,8,7,0.875,4.0,64,2048,2048,8192,7424,2371.767,2370.807,2368.759,
mixed,8,7,0.875,4.0,64,8192,128,512,464,1348.543,1363.967,1356.961,0.5458
mixed,8,7,0.875,4.0,64,8192,512,2048,1856,1744.618,1800.299,1795.274,0.9098
mixed,8,7,0.875,4.0,64,8192,2048,8192,7424,2374.039,2375.64,2370.198,-2.3991
mixed,8,7,0.875,4.0,256,0,128,512,464,337.031,369.736,360.936,0.7309
mixed,8,7,0.875,4.0,256,0,512,2048,1856,1096.826,1206.812,1204.763,0.9814
mixed,8,7,0.875,4.0,256,0,2048,8192,7424,2376.918,2374.167,2378.199,
mixed,8,7,0.875,4.0,256,512,128,512,464,474.475,525.453,468.043,-0.1262
mixed,8,7,0.875,4.0,256,512,512,2048,1856,1105.979,1207.26,1201.051,0.9387
mixed,8,7,0.875,4.0,256,512,2048,8192,7424,2376.219,2379.416,2376.536,0.0992
mixed,8,7,0.875,4.0,256,2048,128,512,464,975.382,1005.239,1001.143,0.8628
mixed,8,7,0.875,4.0,256,2048,512,2048,1856,1633.221,1793.897,1379.713,-1.5778
mixed,8,7,0.875,4.0,256,2048,2048,8192,7424,2498.971,2502.684,2446.043,-14.2548
mixed,8,7,0.875,4.0,256,8192,128,512,464,1509.795,1542.693,1540.196,0.9241
mixed,8,7,0.875,4.0,256,8192,512,2048,1856,2297.558,2382.457,2375.895,0.9227
mixed,8,7,0.875,4.0,256,8192,2048,8192,7424,3548.563,3545.812,2988.997,
mixed,8,7,0.875,4.0,1024,0,128,512,464,921.143,942.581,922.998,0.0865
mixed,8,7,0.875,4.0,1024,0,512,2048,1856,1634.63,1731.049,1654.631,0.2074
mixed,8,7,0.875,4.0,1024,0,2048,8192,7424,2842.212,2842.404,2789.28,-275.6875
mixed,8,7,0.875,4.0,1024,512,128,512,464,1391.681,1418.977,1404.288,0.4619
mixed,8,7,0.875,4.0,1024,512,512,2048,1856,2009.647,2133.264,2063.185,0.4331
mixed,8,7,0.875,4.0,1024,512,2048,8192,7424,3325.038,3326.191,3208.331,-101.2203
mixed,8,7,0.875,4.0,1024,2048,128,512,464,2767.904,2797.826,2777.28,0.3133
mixed,8,7,0.875,4.0,1024,2048,512,2048,1856,3319.212,3396.431,3280.716,-0.4985
mixed,8,7,0.875,4.0,1024,2048,2048,8192,7424,4527.243,4525.001,4433.446,
mixed,8,7,0.875,4.0,1024,8192,128,512,464,3912.505,3952.155,3937.884,0.6401
mixed,8,7,0.875,4.0,1024,8192,512,2048,1856,4726.83,4769.743,4757.104,0.7055
mixed,8,7,0.875,4.0,1024,8192,2048,8192,7424,5947.307,5945.351,5935.821,
mixed,8,7,0.875,4.0,4096,0,128,512,464,7822.359,7842.008,7829.62,0.3695
mixed,8,7,0.875,4.0,4096,0,512,2048,1856,8357.058,8451.748,8365.285,0.0869
mixed,8,7,0.875,4.0,4096,0,2048,8192,7424,9343.225,9345.976,9239.954,-37.5394
mixed,8,7,0.875,4.0,4096,512,128,512,464,9316.085,9343.611,9326.969,0.3954
mixed,8,7,0.875,4.0,4096,512,512,2048,1856,9819.525,9908.773,9836.165,0.1864
mixed,8,7,0.875,4.0,4096,512,2048,8192,7424,10871.329,10871.004,10758.969,
mixed,8,7,0.875,4.0,4096,2048,128,512,464,12640.517,12661.699,12644.354,0.1811
mixed,8,7,0.875,4.0,4096,2048,512,2048,1856,13064.235,13129.744,13060.944,-0.0502
mixed,8,7,0.875,4.0,4096,2048,2048,8192,7424,13994.086,14008.579,13902.593,-6.3129
mixed,8,7,0.875,4.0,4096,8192,128,512,464,14208.333,14212.335,14212.714,1.0947
mixed,8,7,0.875,4.0,4096,8192,512,2048,1856,15190.751,15059.327,14971.802,
mixed,8,7,0.875,4.0,4096,8192,2048,8192,7424,15750.639,15746.257,15729.579,
pure,32,1,0.0312,4.0,0,0,128,512,140,393.737,1026.392,492.844,0.1567
pure,32,1,0.0312,4.0,0,0,512,2048,560,1037.144,3559.411,1444.673,0.1616
pure,32,1,0.0312,4.0,0,0,2048,8192,2240,3874.748,7082.978,4196.353,0.1002
mixed,32,1,0.0312,4.0,16,0,128,512,140,388.842,1024.504,488.939,0.1575
mixed,32,1,0.0312,4.0,16,0,512,2048,560,1035.864,3559.058,1441.057,0.1606
mixed,32,1,0.0312,4.0,16,0,2048,8192,2240,3873.304,7083.908,4189.825,0.0986
mixed,32,1,0.0312,4.0,16,512,128,512,140,496.397,1028.537,498.029,0.0031
mixed,32,1,0.0312,4.0,16,512,512,2048,560,1037.336,3561.651,1441.89,0.1603
mixed,32,1,0.0312,4.0,16,512,2048,8192,2240,3877.307,7087.813,4197.281,0.0997
mixed,32,1,0.0312,4.0,16,2048,128,512,140,917.432,1441.698,956.982,0.0754
mixed,32,1,0.0312,4.0,16,2048,512,2048,560,1452.769,3563.73,1531.619,0.0374
mixed,32,1,0.0312,4.0,16,2048,2048,8192,2240,3870.907,7089.188,4209.121,0.1051
mixed,32,1,0.0312,4.0,16,8192,128,512,140,1501.346,2037.998,1542.947,0.0775
mixed,32,1,0.0312,4.0,16,8192,512,2048,560,2050.382,4199.104,2203.444,0.0712
mixed,32,1,0.0312,4.0,16,8192,2048,8192,2240,4475.015,7082.594,4199.841,-0.1055
mixed,32,1,0.0312,4.0,64,0,128,512,140,390.697,1025.849,489.293,0.1552
mixed,32,1,0.0312,4.0,64,0,512,2048,560,1037.272,3560.627,1444.737,0.1615
mixed,32,1,0.0312,4.0,64,0,2048,8192,2240,3877.817,7087.939,4201.024,0.1007
mixed,32,1,0.0312,4.0,64,512,128,512,140,503.147,1029.72,501.132,-0.0038
mixed,32,1,0.0312,4.0,64,512,512,2048,560,1041.24,3564.336,1444.415,0.1598
mixed,32,1,0.0312,4.0,64,512,2048,8192,2240,3876.568,7088.9,4200.576,0.1009
mixed,32,1,0.0312,4.0,64,2048,128,512,140,922.356,1448.225,960.917,0.0733
mixed,32,1,0.0312,4.0,64,2048,512,2048,560,1456.866,3565.329,1539.94,0.0394
mixed,32,1,0.0312,4.0,64,2048,2048,8192,2240,3870.746,7089.12,4205.248,0.1039
mixed,32,1,0.0312,4.0,64,8192,128,512,140,1505.795,2044.914,1543.394,0.0697
mixed,32,1,0.0312,4.0,64,8192,512,2048,560,2056.654,4206.689,2205.171,0.0691
mixed,32,1,0.0312,4.0,64,8192,2048,8192,2240,4478.312,7091.521,4206.785,-0.1039
mixed,32,1,0.0312,4.0,256,0,128,512,140,477.898,1103.706,561.037,0.1329
mixed,32,1,0.0312,4.0,256,0,512,2048,560,1111.416,3639.155,1522.85,0.1628
mixed,32,1,0.0312,4.0,256,0,2048,8192,2240,3951.452,7179.876,4250.851,0.0927
mixed,32,1,0.0312,4.0,256,512,128,512,140,677.07,1232.956,694.96,0.0322
mixed,32,1,0.0312,4.0,256,512,512,2048,560,1245.692,3796.918,1642.884,0.1557
mixed,32,1,0.0312,4.0,256,512,2048,8192,2240,4106.655,7344.616,4255.136,0.0459
mixed,32,1,0.0312,4.0,256,2048,128,512,140,1257.886,1832.297,1265.085,0.0125
mixed,32,1,0.0312,4.0,256,2048,512,2048,560,1841.929,4198.622,1874.345,0.0138
mixed,32,1,0.0312,4.0,256,2048,2048,8192,2240,4530.184,7760.975,4795.918,0.0823
mixed,32,1,0.0312,4.0,256,8192,128,512,140,1792.551,2586.875,1806.312,0.0173
mixed,32,1,0.0312,4.0,256,8192,512,2048,560,2597.979,4831.886,2612.763,0.0066
mixed,32,1,0.0312,4.0,256,8192,2048,8192,2240,5077.171,8285.756,4839.79,-0.074
mixed,32,1,0.0312,4.0,1024,0,128,512,140,1169.241,1700.167,1185.689,0.031
mixed,32,1,0.0312,4.0,1024,0,512,2048,560,1707.943,4356.931,2057.038,0.1318
mixed,32,1,0.0312,4.0,1024,0,2048,8192,2240,4680.459,7940.532,4840.88,0.0492
mixed,32,1,0.0312,4.0,1024,512,128,512,140,1641.446,2186.323,1652.196,0.0197
mixed,32,1,0.0312,4.0,1024,512,512,2048,560,2192.945,4756.076,2416.856,0.0874
mixed,32,1,0.0312,4.0,1024,512,2048,8192,2240,5084.147,8409.984,5206.616,0.0368
mixed,32,1,0.0312,4.0,1024,2048,128,512,140,2988.484,3597.844,3005.988,0.0287
mixed,32,1,0.0312,4.0,1024,2048,512,2048,560,3612.24,5871.526,3672.211,0.0265
mixed,32,1,0.0312,4.0,1024,2048,2048,8192,2240,6208.268,9648.986,6323.118,0.0334
mixed,32,1,0.0312,4.0,1024,8192,128,512,140,4160.381,5016.915,4173.055,0.0148
mixed,32,1,0.0312,4.0,1024,8192,512,2048,560,5017.808,7285.796,5094.837,0.034
mixed,32,1,0.0312,4.0,1024,8192,2048,8192,2240,7551.69,10815.51,7321.958,-0.0704
mixed,32,1,0.0312,4.0,4096,0,128,512,140,8353.948,8894.055,8368.637,0.0272
mixed,32,1,0.0312,4.0,4096,0,512,2048,560,8912.012,11164.733,8972.589,0.0269
mixed,32,1,0.0312,4.0,4096,0,2048,8192,2240,11440.067,14694.283,11295.265,-0.0445
mixed,32,1,0.0312,4.0,4096,512,128,512,140,9851.167,10386.027,9876.033,0.0465
mixed,32,1,0.0312,4.0,4096,512,512,2048,560,10388.843,12641.791,10455.245,0.0295
mixed,32,1,0.0312,4.0,4096,512,2048,8192,2240,12924.737,16111.435,12756.832,-0.0527
mixed,32,1,0.0312,4.0,4096,2048,128,512,140,13181.164,13709.844,13196.553,0.0291
mixed,32,1,0.0312,4.0,4096,2048,512,2048,560,13705.651,16068.903,13777.943,0.0306
mixed,32,1,0.0312,4.0,4096,2048,2048,8192,2240,16431.481,19639.037,16177.582,-0.0792
mixed,32,1,0.0312,4.0,4096,8192,128,512,140,14548.841,15066.195,14558.533,0.0187
mixed,32,1,0.0312,4.0,4096,8192,512,2048,560,15061.429,17698.444,15141.91,0.0305
mixed,32,1,0.0312,4.0,4096,8192,2048,8192,2240,18033.751,21119.291,17793.81,-0.0778
pure,32,2,0.0625,4.0,0,0,128,512,152,395.626,1025.752,492.874,0.1543
pure,32,2,0.0625,4.0,0,0,512,2048,608,1136.505,3561.007,1444.097,0.1269
pure,32,2,0.0625,4.0,0,0,2048,8192,2432,4194.4,7075.681,4201.375,0.0024
mixed,32,2,0.0625,4.0,16,0,128,512,152,391.72,1024.408,489.835,0.1551
mixed,32,2,0.0625,4.0,16,0,512,2048,608,1133.85,3560.719,1467.105,0.1373
mixed,32,2,0.0625,4.0,16,0,2048,8192,2432,4193.921,7080.511,4200.895,0.0024
mixed,32,2,0.0625,4.0,16,512,128,512,152,498.573,1027.862,538.22,0.0749
mixed,32,2,0.0625,4.0,16,512,512,2048,608,1131.866,3561.872,1531.619,0.1645
mixed,32,2,0.0625,4.0,16,512,2048,8192,2432,4195.742,7088.194,4200.0,0.0015
mixed,32,2,0.0625,4.0,16,2048,128,512,152,919.382,1441.023,973.013,0.1028
mixed,32,2,0.0625,4.0,16,2048,512,2048,608,1533.891,3563.76,1615.684,0.0403
mixed,32,2,0.0625,4.0,16,2048,2048,8192,2432,4196.319,7093.503,4207.39,0.0038
mixed,32,2,0.0625,4.0,16,8192,128,512,152,1502.881,2040.942,1561.122,0.1082
mixed,32,2,0.0625,4.0,16,8192,512,2048,608,2133.55,4200.991,2213.426,0.0386
mixed,32,2,0.0625,4.0,16,8192,2048,8192,2432,4741.547,7086.175,4210.718,-0.2264
mixed,32,2,0.0625,4.0,64,0,128,512,152,394.184,1025.782,493.61,0.1574
mixed,32,2,0.0625,4.0,64,0,512,2048,608,1136.571,3561.072,1477.473,0.1406
mixed,32,2,0.0625,4.0,64,0,2048,8192,2432,4197.884,7084.321,4207.967,0.0035
mixed,32,2,0.0625,4.0,64,512,128,512,152,505.579,1029.911,543.149,0.0717
mixed,32,2,0.0625,4.0,64,512,512,2048,608,1134.874,3561.871,1531.653,0.1635
mixed,32,2,0.0625,4.0,64,512,2048,8192,2432,4199.933,7087.262,4202.753,0.001
mixed,32,2,0.0625,4.0,64,2048,128,512,152,923.541,1447.232,978.422,0.1048
mixed,32,2,0.0625,4.0,64,2048,512,2048,608,1541.123,3566.896,1618.787,0.0383
mixed,32,2,0.0625,4.0,64,2048,2048,8192,2432,4198.203,7090.941,4203.453,0.0018
mixed,32,2,0.0625,4.0,64,8192,128,512,152,1507.425,2045.838,1561.378,0.1002
mixed,32,2,0.0625,4.0,64,8192,512,2048,608,2139.152,4208.862,2216.882,0.0376
mixed,32,2,0.0625,4.0,64,8192,2048,8192,2432,4747.657,7086.335,4214.526,-0.228
mixed,32,2,0.0625,4.0,256,0,128,512,152,480.649,1098.682,577.613,0.1569
mixed,32,2,0.0625,4.0,256,0,512,2048,608,1217.051,3645.714,1573.379,0.1467
mixed,32,2,0.0625,4.0,256,0,2048,8192,2432,4283.647,7192.8,4296.896,0.0046
mixed,32,2,0.0625,4.0,256,512,128,512,152,676.528,1231.963,706.609,0.0542
mixed,32,2,0.0625,4.0,256,512,512,2048,608,1351.87,3795.54,1671.782,0.1309
mixed,32,2,0.0625,4.0,256,512,2048,8192,2432,4430.948,7331.907,4439.427,0.0029
mixed,32,2,0.0625,4.0,256,2048,128,512,152,1261.275,1832.331,1291.518,0.053
mixed,32,2,0.0625,4.0,256,2048,512,2048,608,1891.85,4196.732,1954.668,0.0273
mixed,32,2,0.0625,4.0,256,2048,2048,8192,2432,4859.532,7784.942,4841.772,-0.0061
mixed,32,2,0.0625,4.0,256,8192,128,512,152,1794.214,2587.674,1836.01,0.0527
mixed,32,2,0.0625,4.0,256,8192,512,2048,608,2735.262,4833.291,2721.756,-0.0064
mixed,32,2,0.0625,4.0,256,8192,2048,8192,2432,5303.512,8281.08,4858.316,-0.1495
mixed,32,2,0.0625,4.0,1024,0,128,512,152,1169.403,1698.566,1201.498,0.0607
mixed,32,2,0.0625,4.0,1024,0,512,2048,608,1803.977,4356.516,2124.942,0.1257
mixed,32,2,0.0625,4.0,1024,0,2048,8192,2432,5007.566,7925.936,4946.191,-0.021
mixed,32,2,0.0625,4.0,1024,512,128,512,152,1638.404,2188.753,1668.677,0.055
mixed,32,2,0.0625,4.0,1024,512,512,2048,608,2276.467,4750.601,2510.166,0.0945
mixed,32,2,0.0625,4.0,1024,512,2048,8192,2432,5430.01,8403.129,5305.848,-0.0418
mixed,32,2,0.0625,4.0,1024,2048,128,512,152,2985.376,3604.112,3024.101,0.0626
mixed,32,2,0.0625,4.0,1024,2048,512,2048,608,3701.492,5873.921,3739.441,0.0175
mixed,32,2,0.0625,4.0,1024,2048,2048,8192,2432,6549.105,9643.125,6429.326,-0.0387
mixed,32,2,0.0625,4.0,1024,8192,128,512,152,4158.906,5014.48,4191.677,0.0383
mixed,32,2,0.0625,4.0,1024,8192,512,2048,608,5123.955,7287.333,5128.179,0.002
mixed,32,2,0.0625,4.0,1024,8192,2048,8192,2432,7886.765,10816.913,7350.019,-0.1832
mixed,32,2,0.0625,4.0,4096,0,128,512,152,8355.449,8898.024,8386.455,0.0571
mixed,32,2,0.0625,4.0,4096,0,512,2048,608,8998.953,11169.784,9041.992,0.0198
mixed,32,2,0.0625,4.0,4096,0,2048,8192,2432,11721.218,14692.518,11422.369,-0.1006
mixed,32,2,0.0625,4.0,4096,512,128,512,152,9847.418,10391.493,9889.756,0.0778
mixed,32,2,0.0625,4.0,4096,512,512,2048,608,10475.527,12645.557,10522.503,0.0216
mixed,32,2,0.0625,4.0,4096,512,2048,8192,2432,13248.898,16106.722,12902.876,-0.1211
mixed,32,2,0.0625,4.0,4096,2048,128,512,152,13182.501,13708.975,13203.396,0.0397
mixed,32,2,0.0625,4.0,4096,2048,512,2048,608,13796.592,16071.845,13834.992,0.0169
mixed,32,2,0.0625,4.0,4096,2048,2048,8192,2432,16766.13,19640.82,16273.16,-0.1715
mixed,32,2,0.0625,4.0,4096,8192,128,512,152,14537.76,15059.884,14572.002,0.0656
mixed,32,2,0.0625,4.0,4096,8192,512,2048,608,15157.418,17704.871,15223.286,0.0259
mixed,32,2,0.0625,4.0,4096,8192,2048,8192,2432,18371.704,21117.909,17887.851,-0.1762
pure,32,3,0.0938,4.0,0,0,128,512,164,399.593,1025.527,533.804,0.2144
pure,32,3,0.0938,4.0,0,0,512,2048,656,1241.468,3561.038,1607.139,0.1576
pure,32,3,0.0938,4.0,0,0,2048,8192,2624,4509.252,7083.227,4203.196,-0.1189
mixed,32,3,0.0938,4.0,16,0,128,512,164,394.856,1024.758,529.996,0.2145
mixed,32,3,0.0938,4.0,16,0,512,2048,656,1240.153,3560.911,1607.363,0.1582
mixed,32,3,0.0938,4.0,16,0,2048,8192,2624,4510.883,7084.094,4195.006,-0.1228
mixed,32,3,0.0938,4.0,16,512,128,512,164,502.154,1028.118,553.901,0.0984
mixed,32,3,0.0938,4.0,16,512,512,2048,656,1237.243,3559.982,1616.196,0.1631
mixed,32,3,0.0938,4.0,16,512,2048,8192,2624,4512.677,7089.979,4214.556,-0.1157
mixed,32,3,0.0938,4.0,16,2048,128,512,164,921.844,1441.759,976.022,0.1042
mixed,32,3,0.0938,4.0,16,2048,512,2048,656,1620.738,3564.175,1631.427,0.0055
mixed,32,3,0.0938,4.0,16,2048,2048,8192,2624,4513.763,7092.795,4206.235,-0.1192
mixed,32,3,0.0938,4.0,16,8192,128,512,164,1506.786,2038.733,1559.075,0.0983
mixed,32,3,0.0938,4.0,16,8192,512,2048,656,2223.218,4202.716,2304.178,0.0409
mixed,32,3,0.0938,4.0,16,8192,2048,8192,2624,5011.981,7084.924,4218.077,-0.383
mixed,32,3,0.0938,4.0,64,0,128,512,164,396.106,1025.973,531.18,0.2144
mixed,32,3,0.0938,4.0,64,0,512,2048,656,1241.245,3564.493,1607.043,0.1575
mixed,32,3,0.0938,4.0,64,0,2048,8192,2624,4512.961,7086.428,4201.628,-0.121
mixed,32,3,0.0938,4.0,64,512,128,512,164,507.723,1029.942,556.716,0.0938
mixed,32,3,0.0938,4.0,64,512,512,2048,656,1238.843,3562.318,1616.42,0.1625
mixed,32,3,0.0938,4.0,64,512,2048,8192,2624,4513.287,7086.939,4207.1,-0.119
mixed,32,3,0.0938,4.0,64,2048,128,512,164,926.677,1447.487,979.413,0.1013
mixed,32,3,0.0938,4.0,64,2048,512,2048,656,1626.243,3567.184,1628.355,0.0011
mixed,32,3,0.0938,4.0,64,2048,2048,8192,2624,4513.922,7088.956,4214.781,-0.1162
mixed,32,3,0.0938,4.0,64,8192,128,512,164,1514.465,2045.836,1564.036,0.0933
mixed,32,3,0.0938,4.0,64,8192,512,2048,656,2230.033,4207.738,2311.858,0.0414
mixed,32,3,0.0938,4.0,64,8192,2048,8192,2624,5019.726,7087.836,4219.771,-0.3868
mixed,32,3,0.0938,4.0,256,0,128,512,164,482.315,1097.785,591.246,0.177
mixed,32,3,0.0938,4.0,256,0,512,2048,656,1321.022,3644.782,1649.636,0.1414
mixed,32,3,0.0938,4.0,256,0,2048,8192,2624,4589.478,7180.864,4360.607,-0.0883
mixed,32,3,0.0938,4.0,256,512,128,512,164,679.664,1231.195,723.215,0.079
mixed,32,3,0.0938,4.0,256,512,512,2048,656,1469.6,3793.171,1727.526,0.111
mixed,32,3,0.0938,4.0,256,512,2048,8192,2624,4737.094,7332.479,4494.722,-0.0934
mixed,32,3,0.0938,4.0,256,2048,128,512,164,1262.299,1832.105,1311.868,0.087
mixed,32,3,0.0938,4.0,256,2048,512,2048,656,1941.802,4196.251,2007.149,0.029
mixed,32,3,0.0938,4.0,256,2048,2048,8192,2624,5172.432,7801.898,4864.137,-0.1172
mixed,32,3,0.0938,4.0,256,8192,128,512,164,1801.256,2584.441,1880.297,0.1009
mixed,32,3,0.0938,4.0,256,8192,512,2048,656,2805.245,4833.318,2753.499,-0.0255
mixed,32,3,0.0938,4.0,256,8192,2048,8192,2624,5511.032,8285.237,4869.865,-0.2311
mixed,32,3,0.0938,4.0,1024,0,128,512,164,1172.505,1700.934,1219.355,0.0887
mixed,32,3,0.0938,4.0,1024,0,512,2048,656,1915.242,4352.545,2189.873,0.1127
mixed,32,3,0.0938,4.0,1024,0,2048,8192,2624,5337.429,7926.06,5036.974,-0.1161
mixed,32,3,0.0938,4.0,1024,512,128,512,164,1638.979,2186.318,1688.229,0.09
mixed,32,3,0.0938,4.0,1024,512,512,2048,656,2368.882,4749.446,2586.841,0.0916
mixed,32,3,0.0938,4.0,1024,512,2048,8192,2624,5766.94,8414.52,5401.655,-0.138
mixed,32,3,0.0938,4.0,1024,2048,128,512,164,2990.433,3596.943,3046.307,0.0921
mixed,32,3,0.0938,4.0,1024,2048,512,2048,656,3797.905,5874.015,3804.786,0.0033
mixed,32,3,0.0938,4.0,1024,2048,2048,8192,2624,6890.71,9650.162,6512.685,-0.137
mixed,32,3,0.0938,4.0,1024,8192,128,512,164,4160.026,5016.013,4213.243,0.0622
mixed,32,3,0.0938,4.0,1024,8192,512,2048,656,5177.106,7289.408,5153.359,-0.0112
mixed,32,3,0.0938,4.0,1024,8192,2048,8192,2624,8253.749,10810.574,7387.81,-0.3387
mixed,32,3,0.0938,4.0,4096,0,128,512,164,8359.605,8902.306,8401.24,0.0767
mixed,32,3,0.0938,4.0,4096,0,512,2048,656,9086.918,11167.251,9106.853,0.0096
mixed,32,3,0.0938,4.0,4096,0,2048,8192,2624,12029.701,14694.752,11537.083,-0.1848
mixed,32,3,0.0938,4.0,4096,512,128,512,164,9864.408,10387.329,9906.264,0.08
mixed,32,3,0.0938,4.0,4096,512,512,2048,656,10568.644,12648.528,10595.876,0.0131
mixed,32,3,0.0938,4.0,4096,512,2048,8192,2624,13587.369,16095.617,13015.004,-0.2282
mixed,32,3,0.0938,4.0,4096,2048,128,512,164,13179.582,13710.382,13231.873,0.0985
mixed,32,3,0.0938,4.0,4096,2048,512,2048,656,13883.02,16076.957,13890.028,0.0032
mixed,32,3,0.0938,4.0,4096,2048,2048,8192,2624,17104.723,19651.019,16381.832,-0.2839
mixed,32,3,0.0938,4.0,4096,8192,128,512,164,14546.397,15061.831,14587.387,0.0795
mixed,32,3,0.0938,4.0,4096,8192,512,2048,656,15271.853,17711.809,15289.104,0.0071
mixed,32,3,0.0938,4.0,4096,8192,2048,8192,2624,18699.831,21121.066,18007.592,-0.2859
pure,32,4,0.125,4.0,0,0,128,512,176,403.017,1026.647,538.123,0.2166
pure,32,4,0.125,4.0,0,0,512,2048,704,1339.291,3562.797,1625.38,0.1287
pure,32,4,0.125,4.0,0,0,2048,8192,2816,4826.822,7078.363,4212.988,-0.2726
mixed,32,4,0.125,4.0,16,0,128,512,176,397.544,1024.95,537.323,0.2228
mixed,32,4,0.125,4.0,16,0,512,2048,704,1339.006,3557.997,1619.459,0.1264
mixed,32,4,0.125,4.0,16,0,2048,8192,2816,4828.361,7085.529,4207.003,-0.2753
mixed,32,4,0.125,4.0,16,512,128,512,176,504.044,1028.726,557.451,0.1018
mixed,32,4,0.125,4.0,16,512,512,2048,704,1336.318,3562.797,1628.899,0.1314
mixed,32,4,0.125,4.0,16,512,2048,8192,2816,4832.488,7088.538,4217.275,-0.2727
mixed,32,4,0.125,4.0,16,2048,128,512,176,925.684,1441.759,1000.407,0.1448
mixed,32,4,0.125,4.0,16,2048,512,2048,704,1701.541,3562.382,1720.965,0.0104
mixed,32,4,0.125,4.0,16,2048,2048,8192,2816,4831.818,7086.875,4222.65,-0.2701
mixed,32,4,0.125,4.0,16,8192,128,512,176,1509.569,2042.061,1590.21,0.1514
mixed,32,4,0.125,4.0,16,8192,512,2048,704,2307.41,4201.756,2371.603,0.0339
mixed,32,4,0.125,4.0,16,8192,2048,8192,2816,5280.915,7087.769,4777.704,-0.2785
mixed,32,4,0.125,4.0,64,0,128,512,176,399.816,1026.293,537.387,0.2196
mixed,32,4,0.125,4.0,64,0,512,2048,704,1339.42,3563.149,1620.291,0.1263
mixed,32,4,0.125,4.0,64,0,2048,8192,2816,4832.585,7088.282,4206.715,-0.2775
mixed,32,4,0.125,4.0,64,512,128,512,176,510.124,1029.237,561.388,0.0988
mixed,32,4,0.125,4.0,64,512,512,2048,704,1335.455,3561.805,1634.404,0.1343
mixed,32,4,0.125,4.0,64,512,2048,8192,2816,4832.904,7089.081,4213.309,-0.2746
mixed,32,4,0.125,4.0,64,2048,128,512,176,931.797,1447.55,1005.526,0.143
mixed,32,4,0.125,4.0,64,2048,512,2048,704,1707.302,3565.676,1724.261,0.0091
mixed,32,4,0.125,4.0,64,2048,2048,8192,2816,4832.617,7088.408,4220.54,-0.2713
mixed,32,4,0.125,4.0,64,8192,128,512,176,1511.84,2045.997,1590.595,0.1474
mixed,32,4,0.125,4.0,64,8192,512,2048,704,2313.297,4205.085,2383.571,0.0371
mixed,32,4,0.125,4.0,64,8192,2048,8192,2816,5291.443,7087.289,4781.736,-0.2838
mixed,32,4,0.125,4.0,256,0,128,512,176,485.321,1103.67,609.584,0.201
mixed,32,4,0.125,4.0,256,0,512,2048,704,1421.022,3649.263,1724.038,0.136
mixed,32,4,0.125,4.0,256,0,2048,8192,2816,4921.673,7199.836,4409.217,-0.2249
mixed,32,4,0.125,4.0,256,512,128,512,176,680.559,1233.818,741.104,0.1094
mixed,32,4,0.125,4.0,256,512,512,2048,704,1574.753,3794.353,1815.879,0.1086
mixed,32,4,0.125,4.0,256,512,2048,8192,2816,5065.581,7333.63,4671.333,-0.1738
mixed,32,4,0.125,4.0,256,2048,128,512,176,1265.722,1835.144,1333.693,0.1194
mixed,32,4,0.125,4.0,256,2048,512,2048,704,2029.037,4197.241,2066.509,0.0173
mixed,32,4,0.125,4.0,256,2048,2048,8192,2816,5493.336,7791.529,4886.343,-0.2641
mixed,32,4,0.125,4.0,256,8192,128,512,176,1803.688,2584.086,1907.499,0.133
mixed,32,4,0.125,4.0,256,8192,512,2048,704,2838.013,4828.711,2785.308,-0.0265
mixed,32,4,0.125,4.0,256,8192,2048,8192,2816,5812.924,8285.78,5395.894,-0.1686
mixed,32,4,0.125,4.0,1024,0,128,512,176,1174.456,1698.915,1235.866,0.1171
mixed,32,4,0.125,4.0,1024,0,512,2048,704,2016.81,4362.816,2258.993,0.1032
mixed,32,4,0.125,4.0,1024,0,2048,8192,2816,5662.842,7950.667,5136.08,-0.2302
mixed,32,4,0.125,4.0,1024,512,128,512,176,1643.076,2186.287,1707.941,0.1194
mixed,32,4,0.125,4.0,1024,512,512,2048,704,2445.174,4751.975,2657.626,0.0921
mixed,32,4,0.125,4.0,1024,512,2048,8192,2816,6114.786,8409.334,5492.983,-0.271
mixed,32,4,0.125,4.0,1024,2048,128,512,176,2989.056,3595.853,3069.41,0.1324
mixed,32,4,0.125,4.0,1024,2048,512,2048,704,3882.899,5874.879,3874.388,-0.0043
mixed,32,4,0.125,4.0,1024,2048,2048,8192,2816,7233.339,9653.134,6601.006,-0.2613
mixed,32,4,0.125,4.0,1024,8192,128,512,176,4161.05,5011.789,4233.98,0.0857
mixed,32,4,0.125,4.0,1024,8192,512,2048,704,5257.265,7289.373,5206.191,-0.0251
mixed,32,4,0.125,4.0,1024,8192,2048,8192,2816,8520.117,10815.24,7468.162,-0.4583
mixed,32,4,0.125,4.0,4096,0,128,512,176,8355.187,8901.277,8418.484,0.1159
mixed,32,4,0.125,4.0,4096,0,512,2048,704,9176.069,11165.712,9172.387,-0.0019
mixed,32,4,0.125,4.0,4096,0,2048,8192,2816,12351.527,14693.689,11636.347,-0.3054
mixed,32,4,0.125,4.0,4096,512,128,512,176,9853.014,10381.694,9926.901,0.1398
mixed,32,4,0.125,4.0,4096,512,512,2048,704,10660.135,12638.255,10662.244,0.0011
mixed,32,4,0.125,4.0,4096,512,2048,8192,2816,13929.062,16101.753,13119.291,-0.3727
mixed,32,4,0.125,4.0,4096,2048,128,512,176,13185.913,13702.309,13246.937,0.1182
mixed,32,4,0.125,4.0,4096,2048,512,2048,704,13954.189,16065.177,13957.801,0.0017
mixed,32,4,0.125,4.0,4096,2048,2048,8192,2816,17429.236,19644.228,16489.058,-0.4245
mixed,32,4,0.125,4.0,4096,8192,128,512,176,14551.197,15061.024,14599.449,0.0946
mixed,32,4,0.125,4.0,4096,8192,512,2048,704,15373.932,17709.79,15354.568,-0.0083
mixed,32,4,0.125,4.0,4096,8192,2048,8192,2816,19043.028,21120.45,18124.328,-0.4422
pure,32,8,0.25,4.0,0,0,128,512,224,501.227,1026.55,603.149,0.194
pure,32,8,0.25,4.0,0,0,512,2048,896,1659.011,3560.843,1902.376,0.128
pure,32,8,0.25,4.0,0,0,2048,8192,3584,6098.467,7080.407,4792.742,-1.3297
mixed,32,8,0.25,4.0,16,0,128,512,224,498.763,1023.67,601.709,0.1961
mixed,32,8,0.25,4.0,16,0,512,2048,896,1657.028,3561.036,1897.416,0.1263
mixed,32,8,0.25,4.0,16,0,2048,8192,3584,6098.753,7084.697,4801.255,-1.316
mixed,32,8,0.25,4.0,16,512,128,512,224,588.972,1027.094,621.901,0.0752
mixed,32,8,0.25,4.0,16,512,512,2048,896,1658.626,3563.95,1913.352,0.1337
mixed,32,8,0.25,4.0,16,512,2048,8192,3584,6100.771,7090.199,4830.118,-1.2842
mixed,32,8,0.25,4.0,16,2048,128,512,224,1006.677,1443.422,1079.99,0.1679
mixed,32,8,0.25,4.0,16,2048,512,2048,896,1976.425,3564.299,1987.978,0.0073
mixed,32,8,0.25,4.0,16,2048,2048,8192,3584,6102.786,7087.607,4808.23,-1.3145
mixed,32,8,0.25,4.0,16,8192,128,512,224,1591.363,2039.69,1664.901,0.164
mixed,32,8,0.25,4.0,16,8192,512,2048,896,2580.824,4203.163,2659.481,0.0485
mixed,32,8,0.25,4.0,16,8192,2048,8192,3584,6359.754,7083.799,4817.928,-2.1295
mixed,32,8,0.25,4.0,64,0,128,512,224,499.849,1025.846,601.644,0.1935
mixed,32,8,0.25,4.0,64,0,512,2048,896,1657.987,3561.421,1898.345,0.1263
mixed,32,8,0.25,4.0,64,0,2048,8192,3584,6102.849,7087.703,4811.911,-1.3108
mixed,32,8,0.25,4.0,64,512,128,512,224,592.686,1029.397,623.886,0.0714
mixed,32,8,0.25,4.0,64,512,512,2048,896,1659.363,3564.204,1910.408,0.1318
mixed,32,8,0.25,4.0,64,512,2048,8192,3584,6106.114,7090.102,4826.76,-1.3002
mixed,32,8,0.25,4.0,64,2048,128,512,224,1013.237,1449.023,1083.063,0.1602
mixed,32,8,0.25,4.0,64,2048,512,2048,896,1980.107,3565.676,1990.859,0.0068
mixed,32,8,0.25,4.0,64,2048,2048,8192,3584,6101.473,7089.558,4813.895,-1.3031
mixed,32,8,0.25,4.0,64,8192,128,512,224,1596.771,2046.602,1669.315,0.1613
mixed,32,8,0.25,4.0,64,8192,512,2048,896,2585.398,4205.242,2669.304,0.0518
mixed,32,8,0.25,4.0,64,8192,2048,8192,3584,6375.111,7088.757,4824.615,-2.1726
mixed,32,8,0.25,4.0,256,0,128,512,224,592.812,1100.215,679.28,0.1704
mixed,32,8,0.25,4.0,256,0,512,2048,896,1739.11,3648.782,1965.93,0.1188
mixed,32,8,0.25,4.0,256,0,2048,8192,3584,6180.166,7181.659,4938.377,-1.2399
mixed,32,8,0.25,4.0,256,512,128,512,224,761.807,1233.082,807.536,0.097
mixed,32,8,0.25,4.0,256,512,512,2048,896,1887.464,3799.28,2079.372,0.1004
mixed,32,8,0.25,4.0,256,512,2048,8192,3584,6349.162,7333.374,4947.242,-1.4244
mixed,32,8,0.25,4.0,256,2048,128,512,224,1357.341,1834.438,1413.117,0.1169
mixed,32,8,0.25,4.0,256,2048,512,2048,896,2342.321,4194.33,2354.9,0.0068
mixed,32,8,0.25,4.0,256,2048,2048,8192,3584,6777.457,7782.053,5435.988,-1.3353
mixed,32,8,0.25,4.0,256,8192,128,512,224,1953.898,2587.769,2021.355,0.1064
mixed,32,8,0.25,4.0,256,8192,512,2048,896,3182.946,4835.206,3182.693,-0.0002
mixed,32,8,0.25,4.0,256,8192,2048,8192,3584,7349.114,8283.92,5458.163,-2.0228
mixed,32,8,0.25,4.0,1024,0,128,512,224,1260.538,1701.379,1303.036,0.0964
mixed,32,8,0.25,4.0,1024,0,512,2048,896,2355.763,4358.461,2566.231,0.1051
mixed,32,8,0.25,4.0,1024,0,2048,8192,3584,6958.354,7944.776,5500.917,-1.4775
mixed,32,8,0.25,4.0,1024,512,128,512,224,1738.917,2189.456,1774.342,0.0786
mixed,32,8,0.25,4.0,1024,512,512,2048,896,2740.57,4749.379,2909.502,0.0841
mixed,32,8,0.25,4.0,1024,512,2048,8192,3584,7399.004,8413.747,5881.308,-1.4956
mixed,32,8,0.25,4.0,1024,2048,128,512,224,3104.642,3602.959,3147.809,0.0866
mixed,32,8,0.25,4.0,1024,2048,512,2048,896,4192.984,5876.03,4148.502,-0.0264
mixed,32,8,0.25,4.0,1024,2048,2048,8192,3584,8608.151,9649.197,7098.583,-1.45
mixed,32,8,0.25,4.0,1024,8192,128,512,224,4289.592,5020.554,4318.685,0.0398
mixed,32,8,0.25,4.0,1024,8192,512,2048,896,5621.944,7290.523,5571.254,-0.0304
mixed,32,8,0.25,4.0,1024,8192,2048,8192,3584,9911.283,10812.037,8228.718,-1.868
mixed,32,8,0.25,4.0,4096,0,128,512,224,8440.052,8901.66,8493.62,0.116
mixed,32,8,0.25,4.0,4096,0,512,2048,896,9446.984,11165.453,9457.16,0.0059
mixed,32,8,0.25,4.0,4096,0,2048,8192,3584,13682.882,14695.161,12058.435,-1.6047
mixed,32,8,0.25,4.0,4096,512,128,512,224,9945.808,10388.317,10000.63,0.1239
mixed,32,8,0.25,4.0,4096,512,512,2048,896,10934.282,12641.324,10943.273,0.0053
mixed,32,8,0.25,4.0,4096,512,2048,8192,3584,15243.266,16090.646,13535.199,-2.0157
mixed,32,8,0.25,4.0,4096,2048,128,512,224,13264.791,13703.492,13320.222,0.1264
mixed,32,8,0.25,4.0,4096,2048,512,2048,896,14129.902,16072.565,14106.155,-0.0122
mixed,32,8,0.25,4.0,4096,2048,2048,8192,3584,18794.224,19643.331,16861.482,-2.2762
mixed,32,8,0.25,4.0,4096,8192,128,512,224,14622.905,15060.32,14657.304,0.0786
mixed,32,8,0.25,4.0,4096,8192,512,2048,896,15698.414,17704.605,15974.387,0.1376
mixed,32,8,0.25,4.0,4096,8192,2048,8192,3584,20333.169,21125.725,18801.712,-1.9323
pure,32,16,0.5,4.0,0,0,128,512,320,704.528,1026.135,752.239,0.1484
pure,32,16,0.5,4.0,0,0,512,2048,1280,2292.465,3561.643,2510.74,0.172
pure,32,16,0.5,4.0,0,0,2048,8192,5120,7081.974,7087.414,5505.397,-289.8119
mixed,32,16,0.5,4.0,16,0,128,512,320,703.918,1023.573,754.479,0.1582
mixed,32,16,0.5,4.0,16,0,512,2048,1280,2291.184,3560.363,2518.613,0.1792
mixed,32,16,0.5,4.0,16,0,2048,8192,5120,7082.932,7079.636,5513.524,
mixed,32,16,0.5,4.0,16,512,128,512,320,759.151,1027.701,766.384,0.0269
mixed,32,16,0.5,4.0,16,512,512,2048,1280,2292.752,3561.005,2529.208,0.1864
mixed,32,16,0.5,4.0,16,512,2048,8192,5120,7089.431,7087.508,5533.271,
mixed,32,16,0.5,4.0,16,2048,128,512,320,1178.105,1441.184,1196.764,0.0709
mixed,32,16,0.5,4.0,16,2048,512,2048,1280,2505.333,3563.948,2606.168,0.0953
mixed,32,16,0.5,4.0,16,2048,2048,8192,5120,7084.278,7084.95,5521.042,-2326.244
mixed,32,16,0.5,4.0,16,8192,128,512,320,1765.605,2039.052,1787.59,0.0804
mixed,32,16,0.5,4.0,16,8192,512,2048,1280,3115.266,4201.976,3198.82,0.0769
mixed,32,16,0.5,4.0,16,8192,2048,8192,5120,7085.143,7082.744,6025.344,
mixed,32,16,0.5,4.0,64,0,128,512,320,704.337,1026.453,755.247,0.158
mixed,32,16,0.5,4.0,64,0,512,2048,1280,2293.392,3561.963,2520.119,0.1787
mixed,32,16,0.5,4.0,64,0,2048,8192,5120,7084.726,7085.077,5550.006,-4372.4217
mixed,32,16,0.5,4.0,64,512,128,512,320,763.026,1029.973,773.808,0.0404
mixed,32,16,0.5,4.0,64,512,512,2048,1280,2295.248,3564.908,2530.869,0.1856
mixed,32,16,0.5,4.0,64,512,2048,8192,5120,7094.711,7086.199,5550.934,
mixed,32,16,0.5,4.0,64,2048,128,512,320,1180.889,1449.854,1202.618,0.0808
mixed,32,16,0.5,4.0,64,2048,512,2048,1280,2509.27,3568.78,2609.975,0.095
mixed,32,16,0.5,4.0,64,2048,2048,8192,5120,7094.648,7091.285,5534.547,
mixed,32,16,0.5,4.0,64,8192,128,512,320,1769.86,2045.388,1786.309,0.0597
mixed,32,16,0.5,4.0,64,8192,512,2048,1280,3124.352,4205.177,3218.821,0.0874
mixed,32,16,0.5,4.0,64,8192,2048,8192,5120,7087.509,7081.622,6039.393,
mixed,32,16,0.5,4.0,256,0,128,512,320,791.92,1101.687,826.035,0.1101
mixed,32,16,0.5,4.0,256,0,512,2048,1280,2372.851,3647.82,2564.566,0.1504
mixed,32,16,0.5,4.0,256,0,2048,8192,5120,7172.089,7184.665,5638.551,-121.9416
mixed,32,16,0.5,4.0,256,512,128,512,320,948.277,1229.466,928.98,-0.0686
mixed,32,16,0.5,4.0,256,512,512,2048,1280,2521.268,3787.695,2639.674,0.0935
mixed,32,16,0.5,4.0,256,512,2048,8192,5120,7353.658,7339.068,5770.873,
mixed,32,16,0.5,4.0,256,2048,128,512,320,1530.337,1833.702,1554.528,0.0797
mixed,32,16,0.5,4.0,256,2048,512,2048,1280,2888.957,4193.113,2926.751,0.029
mixed,32,16,0.5,4.0,256,2048,2048,8192,5120,7799.398,7793.827,6088.26,
mixed,32,16,0.5,4.0,256,8192,128,512,320,2271.569,2584.888,2281.585,0.032
mixed,32,16,0.5,4.0,256,8192,512,2048,1280,3564.107,4835.526,3697.487,0.1049
mixed,32,16,0.5,4.0,256,8192,2048,8192,5120,8285.07,8288.079,6584.972,-565.0043
mixed,32,16,0.5,4.0,1024,0,128,512,320,1432.062,1700.676,1437.823,0.0214
mixed,32,16,0.5,4.0,1024,0,512,2048,1280,3030.399,4354.877,3109.952,0.0601
mixed,32,16,0.5,4.0,1024,0,2048,8192,5120,7941.702,7940.84,6364.454,
mixed,32,16,0.5,4.0,1024,512,128,512,320,1924.936,2186.032,1921.064,-0.0148
mixed,32,16,0.5,4.0,1024,512,512,2048,1280,3403.623,4750.212,3497.547,0.0697
mixed,32,16,0.5,4.0,1024,512,2048,8192,5120,8416.464,8407.665,6740.751,
mixed,32,16,0.5,4.0,1024,2048,128,512,320,3313.766,3601.484,3306.053,-0.0268
mixed,32,16,0.5,4.0,1024,2048,512,2048,1280,4719.812,5872.703,4672.131,-0.0414
mixed,32,16,0.5,4.0,1024,2048,2048,8192,5120,9648.522,9646.829,7890.181,
mixed,32,16,0.5,4.0,1024,8192,128,512,320,4573.856,5014.793,4540.926,-0.0747
mixed,32,16,0.5,4.0,1024,8192,512,2048,1280,6118.559,7289.4,6165.059,0.0397
mixed,32,16,0.5,4.0,1024,8192,2048,8192,5120,10815.971,10813.638,9062.815,
mixed,32,16,0.5,4.0,4096,0,128,512,320,8623.67,8906.62,8636.919,0.0468
mixed,32,16,0.5,4.0,4096,0,512,2048,1280,10029.33,11161.386,10037.2,0.007
mixed,32,16,0.5,4.0,4096,0,2048,8192,5120,14695.224,14696.631,12941.299,-1246.5707
mixed,32,16,0.5,4.0,4096,512,128,512,320,10121.753,10382.747,10144.339,0.0865
mixed,32,16,0.5,4.0,4096,512,512,2048,1280,11498.803,12645.864,11484.784,-0.0122
mixed,32,16,0.5,4.0,4096,512,2048,8192,5120,16111.634,16110.229,14403.153,
mixed,32,16,0.5,4.0,4096,2048,128,512,320,13430.492,13706.591,13462.078,0.1144
mixed,32,16,0.5,4.0,4096,2048,512,2048,1280,14657.747,16064.917,14668.823,0.0079
mixed,32,16,0.5,4.0,4096,2048,2048,8192,5120,19656.059,19646.398,17760.884,
mixed,32,16,0.5,4.0,4096,8192,128,512,320,14777.941,15060.541,14806.84,0.1023
mixed,32,16,0.5,4.0,4096,8192,512,2048,1280,16371.26,17716.438,16476.03,0.0779
mixed,32,16,0.5,4.0,4096,8192,2048,8192,5120,21122.33,21123.227,19527.834,-1777.5875
pure,32,24,0.75,4.0,0,0,128,512,416,820.371,1026.997,916.372,0.4646
pure,32,24,0.75,4.0,0,0,512,2048,1664,2927.743,3561.387,3106.178,0.2816
pure,32,24,0.75,4.0,0,0,2048,8192,6656,7083.828,7083.605,6599.885,
mixed,32,24,0.75,4.0,16,0,128,512,416,818.512,1024.405,918.675,0.4865
mixed,32,24,0.75,4.0,16,0,512,2048,1664,2924.637,3561.1,3120.163,0.3072
mixed,32,24,0.75,4.0,16,0,2048,8192,6656,7080.631,7082.934,6647.402,-188.1151
mixed,32,24,0.75,4.0,16,512,128,512,416,854.481,1028.213,927.861,0.4224
mixed,32,24,0.75,4.0,16,512,512,2048,1664,2926.654,3562.059,3161.986,0.3704
mixed,32,24,0.75,4.0,16,512,2048,8192,6656,7089.172,7087.316,6658.892,
mixed,32,24,0.75,4.0,16,2048,128,512,416,1271.163,1442.622,1345.083,0.4311
mixed,32,24,0.75,4.0,16,2048,512,2048,1664,3032.672,3565.131,3196.163,0.307
mixed,32,24,0.75,4.0,16,2048,2048,8192,6656,7086.614,7089.492,6604.01,-167.6873
mixed,32,24,0.75,4.0,16,8192,128,512,416,1863.751,2041.131,1937.481,0.4157
mixed,32,24,0.75,4.0,16,8192,512,2048,1664,3660.108,4196.663,3799.793,0.2603
mixed,32,24,0.75,4.0,16,8192,2048,8192,6656,7085.237,7084.307,6635.885,
mixed,32,24,0.75,4.0,64,0,128,512,416,820.658,1025.205,919.316,0.4823
mixed,32,24,0.75,4.0,64,0,512,2048,1664,2926.142,3561.899,3122.687,0.3092
mixed,32,24,0.75,4.0,64,0,2048,8192,6656,7081.299,7086.164,6649.261,-88.8053
mixed,32,24,0.75,4.0,64,512,128,512,416,858.994,1030.679,930.164,0.4145
mixed,32,24,0.75,4.0,64,512,512,2048,1664,2927.58,3565.995,3157.985,0.3609
mixed,32,24,0.75,4.0,64,512,2048,8192,6656,7093.492,7090.262,6655.978,
mixed,32,24,0.75,4.0,64,2048,128,512,416,1278.042,1447.743,1349.597,0.4217
mixed,32,24,0.75,4.0,64,2048,512,2048,1664,3036.864,3564.875,3199.715,0.3084
mixed,32,24,0.75,4.0,64,2048,2048,8192,6656,7094.997,7093.461,6632.906,
mixed,32,24,0.75,4.0,64,8192,128,512,416,1869.191,2043.498,1941.865,0.4169
mixed,32,24,0.75,4.0,64,8192,512,2048,1664,3662.572,4204.184,3807.055,0.2668
mixed,32,24,0.75,4.0,64,8192,2048,8192,6656,7091.605,7089.077,6661.036,
mixed,32,24,0.75,4.0,256,0,128,512,416,899.027,1098.2,976.628,0.3896
mixed,32,24,0.75,4.0,256,0,512,2048,1664,3003.423,3641.195,3201.123,0.31
mixed,32,24,0.75,4.0,256,0,2048,8192,6656,7173.11,7180.406,6687.434,-66.5674
mixed,32,24,0.75,4.0,256,512,128,512,416,1038.71,1233.497,1062.582,0.1226
mixed,32,24,0.75,4.0,256,512,512,2048,1664,3152.864,3792.56,3234.789,0.1281
mixed,32,24,0.75,4.0,256,512,2048,8192,6656,7340.186,7336.282,6670.928,
mixed,32,24,0.75,4.0,256,2048,128,512,416,1639.49,1834.918,1692.965,0.2736
mixed,32,24,0.75,4.0,256,2048,512,2048,1664,3469.29,4198.552,3557.098,0.1204
mixed,32,24,0.75,4.0,256,2048,2048,8192,6656,7792.515,7800.803,6842.351,-114.6433
mixed,32,24,0.75,4.0,256,8192,128,512,416,2431.155,2585.687,2447.285,0.1044
mixed,32,24,0.75,4.0,256,8192,512,2048,1664,4209.013,4830.503,4254.009,0.0724
mixed,32,24,0.75,4.0,256,8192,2048,8192,6656,8286.699,8284.974,7182.166,
mixed,32,24,0.75,4.0,1024,0,128,512,416,1530.111,1701.218,1571.265,0.2405
mixed,32,24,0.75,4.0,1024,0,512,2048,1664,3702.989,4358.331,3704.784,0.0027
mixed,32,24,0.75,4.0,1024,0,2048,8192,6656,7946.629,7944.645,7182.453,
mixed,32,24,0.75,4.0,1024,512,128,512,416,2019.818,2183.66,2065.1,0.2764
mixed,32,24,0.75,4.0,1024,512,512,2048,1664,4081.395,4750.659,4054.102,-0.0408
mixed,32,24,0.75,4.0,1024,512,2048,8192,6656,8418.866,8395.664,7536.253,
mixed,32,24,0.75,4.0,1024,2048,128,512,416,3417.865,3603.755,3455.208,0.2009
mixed,32,24,0.75,4.0,1024,2048,512,2048,1664,5224.301,5874.841,5257.292,0.0507
mixed,32,24,0.75,4.0,1024,2048,2048,8192,6656,9644.36,9641.132,8814.776,
mixed,32,24,0.75,4.0,1024,8192,128,512,416,4738.692,5019.915,4744.194,0.0196
mixed,32,24,0.75,4.0,1024,8192,512,2048,1664,6817.135,7290.006,6733.452,-0.177
mixed,32,24,0.75,4.0,1024,8192,2048,8192,6656,10823.62,10814.369,9711.659,
mixed,32,24,0.75,4.0,4096,0,128,512,416,8723.349,8906.457,8766.329,0.2347
mixed,32,24,0.75,4.0,4096,0,512,2048,1664,10601.791,11161.098,10599.325,-0.0044
mixed,32,24,0.75,4.0,4096,0,2048,8192,6656,14697.396,14697.651,13837.888,-3370.6196
mixed,32,24,0.75,4.0,4096,512,128,512,416,10221.367,10389.593,10266.967,0.2711
mixed,32,24,0.75,4.0,4096,512,512,2048,1664,12070.202,12642.149,12051.422,-0.0328
mixed,32,24,0.75,4.0,4096,512,2048,8192,6656,16106.16,16107.89,15252.158,-493.6428
mixed,32,24,0.75,4.0,4096,2048,128,512,416,13530.648,13702.849,13596.001,0.3795
mixed,32,24,0.75,4.0,4096,2048,512,2048,1664,15362.334,16067.504,15372.257,0.0141
mixed,32,24,0.75,4.0,4096,2048,2048,8192,6656,19653.081,19647.868,18724.388,
mixed,32,24,0.75,4.0,4096,8192,128,512,416,14873.27,15060.891,14963.577,0.4813
mixed,32,24,0.75,4.0,4096,8192,512,2048,1664,17041.734,17708.468,17068.487,0.0401
mixed,32,24,0.75,4.0,4096,8192,2048,8192,6656,21126.906,21130.939,20450.416,-167.7387
pure,32,29,0.9062,4.0,0,0,128,512,476,922.708,1026.07,1020.632,0.9474
pure,32,29,0.9062,4.0,0,0,512,2048,1904,3251.844,3562.377,3554.795,0.9756
pure,32,29,0.9062,4.0,0,0,2048,8192,7616,7082.9,7081.908,7096.115,
mixed,32,29,0.9062,4.0,16,0,128,512,476,922.037,1023.766,1022.935,0.9918
mixed,32,29,0.9062,4.0,16,0,512,2048,1904,3251.683,3562.475,3567.819,1.0172
mixed,32,29,0.9062,4.0,16,0,2048,8192,7616,7082.675,7079.315,7099.475,
mixed,32,29,0.9062,4.0,16,512,128,512,476,940.437,1027.125,1025.557,0.9819
mixed,32,29,0.9062,4.0,16,512,512,2048,1904,3254.116,3564.843,3572.075,1.0233
mixed,32,29,0.9062,4.0,16,512,2048,8192,7616,7085.907,7084.885,7151.766,
mixed,32,29,0.9062,4.0,16,2048,128,512,476,1357.949,1442.782,1442.622,0.9981
mixed,32,29,0.9062,4.0,16,2048,512,2048,1904,3306.566,3565.515,3568.554,1.0117
mixed,32,29,0.9062,4.0,16,2048,2048,8192,7616,7090.195,7088.438,7152.629,
mixed,32,29,0.9062,4.0,16,8192,128,512,476,1955.336,2038.315,2036.586,0.9792
mixed,32,29,0.9062,4.0,16,8192,512,2048,1904,3945.842,4200.759,4181.973,0.9263
mixed,32,29,0.9062,4.0,16,8192,2048,8192,7616,7086.739,7085.588,7113.877,
mixed,32,29,0.9062,4.0,64,0,128,512,476,924.148,1024.885,1024.533,0.9965
mixed,32,29,0.9062,4.0,64,0,512,2048,1904,3256.036,3561.739,3563.245,1.0049
mixed,32,29,0.9062,4.0,64,0,2048,8192,7616,7085.909,7087.252,7122.643,27.3522
mixed,32,29,0.9062,4.0,64,512,128,512,476,945.396,1029.622,1026.613,0.9643
mixed,32,29,0.9062,4.0,64,512,512,2048,1904,3254.596,3561.899,3573.707,1.0384
mixed,32,29,0.9062,4.0,64,512,2048,8192,7616,7090.549,7091.733,7145.172,46.1343
mixed,32,29,0.9062,4.0,64,2048,128,512,476,1362.333,1447.262,1447.967,1.0083
mixed,32,29,0.9062,4.0,64,2048,512,2048,1904,3309.765,3566.218,3566.442,1.0009
mixed,32,29,0.9062,4.0,64,2048,2048,8192,7616,7090.035,7085.843,7154.102,
mixed,32,29,0.9062,4.0,64,8192,128,512,476,1959.753,2044.427,2039.785,0.9452
mixed,32,29,0.9062,4.0,64,8192,512,2048,1904,3947.601,4206.871,4192.055,0.9429
mixed,32,29,0.9062,4.0,64,8192,2048,8192,7616,7086.899,7087.251,7113.205,74.733
mixed,32,29,0.9062,4.0,256,0,128,512,476,1001.492,1096.567,1060.534,0.621
mixed,32,29,0.9062,4.0,256,0,512,2048,1904,3346.021,3643.275,3621.258,0.9259
mixed,32,29,0.9062,4.0,256,0,2048,8192,7616,7184.599,7173.558,7225.685,
mixed,32,29,0.9062,4.0,256,512,128,512,476,1115.48,1233.401,1148.76,0.2822
mixed,32,29,0.9062,4.0,256,512,512,2048,1904,3489.608,3793.038,3622.06,0.4365
mixed,32,29,0.9062,4.0,256,512,2048,8192,7616,7337.529,7339.352,7210.068,-69.9183
mixed,32,29,0.9062,4.0,256,2048,128,512,476,1745.636,1831.269,1777.925,0.3771
mixed,32,29,0.9062,4.0,256,2048,512,2048,1904,3852.785,4197.014,3794.736,-0.1686
mixed,32,29,0.9062,4.0,256,2048,2048,8192,7616,7799.073,7785.218,7242.967,
mixed,32,29,0.9062,4.0,256,8192,128,512,476,2523.574,2586.614,2540.406,0.267
mixed,32,29,0.9062,4.0,256,8192,512,2048,1904,4554.047,4832.932,4764.228,0.7536
mixed,32,29,0.9062,4.0,256,8192,2048,8192,7616,8279.5,8281.227,7749.376,-306.9624
mixed,32,29,0.9062,4.0,1024,0,128,512,476,1614.561,1700.451,1652.642,0.4434
mixed,32,29,0.9062,4.0,1024,0,512,2048,1904,4045.271,4358.074,4064.468,0.0614
mixed,32,29,0.9062,4.0,1024,0,2048,8192,7616,7934.148,7945.156,7636.477,-27.0413
mixed,32,29,0.9062,4.0,1024,512,128,512,476,2104.589,2185.645,2144.781,0.4959
mixed,32,29,0.9062,4.0,1024,512,512,2048,1904,4424.765,4752.194,4515.421,0.2769
mixed,32,29,0.9062,4.0,1024,512,2048,8192,7616,8422.382,8400.783,8057.352,
mixed,32,29,0.9062,4.0,1024,2048,128,512,476,3508.489,3602.858,3554.346,0.4859
mixed,32,29,0.9062,4.0,1024,2048,512,2048,1904,5544.564,5875.034,5640.149,0.2892
mixed,32,29,0.9062,4.0,1024,2048,2048,8192,7616,9648.708,9642.569,9328.545,
mixed,32,29,0.9062,4.0,1024,8192,128,512,476,4887.78,5019.335,4924.515,0.2792
mixed,32,29,0.9062,4.0,1024,8192,512,2048,1904,7050.0,7284.792,7177.942,0.5449
mixed,32,29,0.9062,4.0,1024,8192,2048,8192,7616,10811.424,10813.503,10434.04,-181.5219
mixed,32,29,0.9062,4.0,4096,0,128,512,476,8811.127,8896.921,8855.162,0.5133
mixed,32,29,0.9062,4.0,4096,0,512,2048,1904,10886.852,11163.528,10947.653,0.2198
mixed,32,29,0.9062,4.0,4096,0,2048,8192,7616,14694.287,14696.72,14378.668,-129.7242
mixed,32,29,0.9062,4.0,4096,512,128,512,476,10295.989,10384.632,10340.248,0.4993
mixed,32,29,0.9062,4.0,4096,512,512,2048,1904,12368.481,12649.51,12420.646,0.1856
mixed,32,29,0.9062,4.0,4096,512,2048,8192,7616,16099.534,16104.59,15773.703,-64.4444
mixed,32,29,0.9062,4.0,4096,2048,128,512,476,13618.62,13706.747,13654.335,0.4053
mixed,32,29,0.9062,4.0,4096,2048,512,2048,1904,15716.682,16072.176,15810.731,0.2646
mixed,32,29,0.9062,4.0,4096,2048,2048,8192,7616,19651.318,19653.145,19289.776,-197.8883
mixed,32,29,0.9062,4.0,4096,8192,128,512,476,14969.594,15063.099,15015.838,0.4946
mixed,32,29,0.9062,4.0,4096,8192,512,2048,1904,17379.626,17709.844,17466.38,0.2627
mixed,32,29,0.9062,4.0,4096,8192,2048,8192,7616,21137.975,21119.092,20875.155,
pure,128,1,0.0078,4.0,0,0,128,512,131,1499.648,4069.238,1514.689,0.0059
pure,128,1,0.0078,4.0,0,0,512,2048,524,4081.889,14226.453,4294.92,0.021
pure,128,1,0.0078,4.0,0,0,2048,8192,2096,14342.262,28458.916,14566.074,0.0159
mixed,128,1,0.0078,4.0,16,0,128,512,131,1503.109,4070.688,1513.924,0.0042
mixed,128,1,0.0078,4.0,16,0,512,2048,524,4090.434,14232.275,4265.701,0.0173
mixed,128,1,0.0078,4.0,16,0,2048,8192,2096,14329.559,28448.228,14531.703,0.0143
mixed,128,1,0.0078,4.0,16,512,128,512,131,1534.5,4118.274,1533.445,-0.0004
mixed,128,1,0.0078,4.0,16,512,512,2048,524,4126.722,14221.268,4295.014,0.0167
mixed,128,1,0.0078,4.0,16,512,2048,8192,2096,14349.716,28437.473,14541.337,0.0136
mixed,128,1,0.0078,4.0,16,2048,128,512,131,1990.382,4296.486,1996.974,0.0029
mixed,128,1,0.0078,4.0,16,2048,512,2048,524,4309.734,14285.587,4337.926,0.0028
mixed,128,1,0.0078,4.0,16,2048,2048,8192,2096,14377.492,28459.071,14622.81,0.0174
mixed,128,1,0.0078,4.0,16,8192,128,512,131,2598.684,4957.973,2630.878,0.0136
mixed,128,1,0.0078,4.0,16,8192,512,2048,524,4967.253,14646.617,5108.504,0.0146
mixed,128,1,0.0078,4.0,16,8192,2048,8192,2096,14717.082,28507.517,15087.427,0.0269
mixed,128,1,0.0078,4.0,64,0,128,512,131,1505.827,4072.608,1513.699,0.0031
mixed,128,1,0.0078,4.0,64,0,512,2048,524,4087.936,14231.726,4269.828,0.0179
mixed,128,1,0.0078,4.0,64,0,2048,8192,2096,14340.945,28425.688,14532.981,0.0136
mixed,128,1,0.0078,4.0,64,512,128,512,131,1531.589,4111.711,1535.332,0.0015
mixed,128,1,0.0078,4.0,64,512,512,2048,524,4134.05,14233.261,4296.355,0.0161
mixed,128,1,0.0078,4.0,64,512,2048,8192,2096,14354.671,28410.681,14539.827,0.0132
mixed,128,1,0.0078,4.0,64,2048,128,512,131,1995.279,4308.87,1998.702,0.0015
mixed,128,1,0.0078,4.0,64,2048,512,2048,524,4323.205,14289.581,4335.555,0.0012
mixed,128,1,0.0078,4.0,64,2048,2048,8192,2096,14402.864,28408.855,14633.751,0.0165
mixed,128,1,0.0078,4.0,64,8192,128,512,131,2609.054,4962.771,2636.861,0.0118
mixed,128,1,0.0078,4.0,64,8192,512,2048,524,4972.659,14630.803,5100.246,0.0132
mixed,128,1,0.0078,4.0,64,8192,2048,8192,2096,14723.734,28518.999,15096.638,0.027
mixed,128,1,0.0078,4.0,256,0,128,512,131,1653.959,4168.962,1663.079,0.0036
mixed,128,1,0.0078,4.0,256,0,512,2048,524,4188.257,14312.202,4348.42,0.0158
mixed,128,1,0.0078,4.0,256,0,2048,8192,2096,14421.933,28483.926,14621.779,0.0142
mixed,128,1,0.0078,4.0,256,512,128,512,131,1771.943,4263.84,1783.179,0.0045
mixed,128,1,0.0078,4.0,256,512,512,2048,524,4280.355,14404.398,4491.368,0.0208
mixed,128,1,0.0078,4.0,256,512,2048,8192,2096,14520.367,28515.985,14709.619,0.0135
mixed,128,1,0.0078,4.0,256,2048,128,512,131,2421.912,4654.828,2426.552,0.0021
mixed,128,1,0.0078,4.0,256,2048,512,2048,524,4672.428,14746.771,4713.678,0.0041
mixed,128,1,0.0078,4.0,256,2048,2048,8192,2096,14836.724,28870.33,15063.578,0.0162
mixed,128,1,0.0078,4.0,256,8192,128,512,131,3181.0,5498.974,3190.537,0.0041
mixed,128,1,0.0078,4.0,256,8192,512,2048,524,5512.99,15168.734,5599.744,0.009
mixed,128,1,0.0078,4.0,256,8192,2048,8192,2096,15222.62,29329.379,15442.467,0.0156
mixed,128,1,0.0078,4.0,1024,0,128,512,131,2569.373,5014.709,2581.628,0.005
mixed,128,1,0.0078,4.0,1024,0,512,2048,524,5028.083,15041.816,5133.301,0.0105
mixed,128,1,0.0078,4.0,1024,0,2048,8192,2096,15108.796,29038.935,15376.575,0.0192
mixed,128,1,0.0078,4.0,1024,512,128,512,131,3058.245,5406.298,3064.743,0.0028
mixed,128,1,0.0078,4.0,1024,512,512,2048,524,5418.364,15408.928,5486.206,0.0068
mixed,128,1,0.0078,4.0,1024,512,2048,8192,2096,15433.792,29369.439,15749.799,0.0227
mixed,128,1,0.0078,4.0,1024,2048,128,512,131,4469.128,6703.867,4477.574,0.0038
mixed,128,1,0.0078,4.0,1024,2048,512,2048,524,6718.36,16584.283,6777.466,0.006
mixed,128,1,0.0078,4.0,1024,2048,2048,8192,2096,16655.645,30396.339,16977.795,0.0234
mixed,128,1,0.0078,4.0,1024,8192,128,512,131,5820.485,8165.339,5831.301,0.0046
mixed,128,1,0.0078,4.0,1024,8192,512,2048,524,8173.977,18142.748,8236.315,0.0063
mixed,128,1,0.0078,4.0,1024,8192,2048,8192,2096,18179.552,31948.119,18184.189,0.0003
mixed,128,1,0.0078,4.0,4096,0,128,512,131,10870.004,13085.736,10874.744,0.0021
mixed,128,1,0.0078,4.0,4096,0,512,2048,524,13093.961,23168.72,13162.06,0.0068
mixed,128,1,0.0078,4.0,4096,0,2048,8192,2096,23188.206,36767.33,23259.537,0.0053
mixed,128,1,0.0078,4.0,4096,512,128,512,131,12383.482,14540.012,12386.746,0.0015
mixed,128,1,0.0078,4.0,4096,512,512,2048,524,14567.082,24666.703,14620.971,0.0053
mixed,128,1,0.0078,4.0,4096,512,2048,8192,2096,24679.054,38308.58,24761.458,0.006
mixed,128,1,0.0078,4.0,4096,2048,128,512,131,15499.585,17958.678,15526.657,0.011
mixed,128,1,0.0078,4.0,4096,2048,512,2048,524,17977.813,28042.299,18027.125,0.0049
mixed,128,1,0.0078,4.0,4096,2048,2048,8192,2096,28105.977,41704.591,28142.394,0.0027
mixed,128,1,0.0078,4.0,4096,8192,128,512,131,17192.133,19640.058,17216.454,0.0099
mixed,128,1,0.0078,4.0,4096,8192,512,2048,524,19643.259,29713.021,19389.91,-0.0252
mixed,128,1,0.0078,4.0,4096,8192,2048,8192,2096,29760.162,43366.45,29797.442,0.0027
pure,128,2,0.0156,4.0,0,0,128,512,134,1501.25,4070.811,1525.378,0.0094
pure,128,2,0.0156,4.0,0,0,512,2048,536,4099.388,14226.431,4302.305,0.02
pure,128,2,0.0156,4.0,0,0,2048,8192,2144,14724.233,28447.295,14625.609,-0.0072
mixed,128,2,0.0156,4.0,16,0,128,512,134,1508.066,4066.522,1525.41,0.0068
mixed,128,2,0.0156,4.0,16,0,512,2048,536,4099.452,14222.784,4292.102,0.019
mixed,128,2,0.0156,4.0,16,0,2048,8192,2144,14716.941,28443.677,14649.736,-0.0049
mixed,128,2,0.0156,4.0,16,512,128,512,134,1535.619,4107.261,1550.788,0.0059
mixed,128,2,0.0156,4.0,16,512,512,2048,536,4141.981,14230.943,4339.008,0.0195
mixed,128,2,0.0156,4.0,16,512,2048,8192,2144,14724.714,28439.965,14746.923,0.0016
mixed,128,2,0.0156,4.0,16,2048,128,512,134,1992.493,4306.849,2019.276,0.0116
mixed,128,2,0.0156,4.0,16,2048,512,2048,536,4313.824,14299.425,4455.651,0.0142
mixed,128,2,0.0156,4.0,16,2048,2048,8192,2144,14748.554,28428.858,15075.313,0.0239
mixed,128,2,0.0156,4.0,16,8192,128,512,134,2605.946,4950.479,2642.843,0.0157
mixed,128,2,0.0156,4.0,16,8192,512,2048,536,4982.959,14622.823,5093.681,0.0115
mixed,128,2,0.0156,4.0,16,8192,2048,8192,2144,15088.4,28484.027,15098.353,0.0007
mixed,128,2,0.0156,4.0,64,0,128,512,134,1508.13,4074.203,1524.737,0.0065
mixed,128,2,0.0156,4.0,64,0,512,2048,536,4101.788,14229.116,4303.616,0.0199
mixed,128,2,0.0156,4.0,64,0,2048,8192,2144,14712.49,28428.665,14656.676,-0.0041
mixed,128,2,0.0156,4.0,64,512,128,512,134,1533.921,4121.178,1553.475,0.0076
mixed,128,2,0.0156,4.0,64,512,512,2048,536,4146.716,14238.91,4339.488,0.0191
mixed,128,2,0.0156,4.0,64,512,2048,8192,2144,14730.344,28436.121,14752.295,0.0016
mixed,128,2,0.0156,4.0,64,2048,128,512,134,1996.107,4318.014,2024.139,0.0121
mixed,128,2,0.0156,4.0,64,2048,512,2048,536,4325.569,14303.549,4468.707,0.0143
mixed,128,2,0.0156,4.0,64,2048,2048,8192,2144,14754.086,28410.293,15054.925,0.022
mixed,128,2,0.0156,4.0,64,8192,128,512,134,2610.425,4949.966,2646.171,0.0153
mixed,128,2,0.0156,4.0,64,8192,512,2048,536,4990.768,14639.716,5103.824,0.0117
mixed,128,2,0.0156,4.0,64,8192,2048,8192,2144,15100.653,28508.022,15111.662,0.0008
mixed,128,2,0.0156,4.0,256,0,128,512,134,1657.893,4173.115,1680.453,0.009
mixed,128,2,0.0156,4.0,256,0,512,2048,536,4201.18,14310.203,4492.003,0.0288
mixed,128,2,0.0156,4.0,256,0,2048,8192,2144,14781.574,28471.636,14731.173,-0.0037
mixed,128,2,0.0156,4.0,256,512,128,512,134,1772.775,4263.262,1803.08,0.0122
mixed,128,2,0.0156,4.0,256,512,512,2048,536,4294.911,14408.285,4550.244,0.0252
mixed,128,2,0.0156,4.0,256,512,2048,8192,2144,14868.263,28531.027,14808.04,-0.0044
mixed,128,2,0.0156,4.0,256,2048,128,512,134,2421.012,4654.95,2446.996,0.0116
mixed,128,2,0.0156,4.0,256,2048,512,2048,536,4677.511,14745.477,4783.785,0.0106
mixed,128,2,0.0156,4.0,256,2048,2048,8192,2144,15209.901,28869.31,15096.14,-0.0083
mixed,128,2,0.0156,4.0,256,8192,128,512,134,3184.391,5498.265,3212.167,0.012
mixed,128,2,0.0156,4.0,256,8192,512,2048,536,5521.498,15182.092,5650.46,0.0133
mixed,128,2,0.0156,4.0,256,8192,2048,8192,2144,15555.769,29311.015,15473.429,-0.006
mixed,128,2,0.0156,4.0,1024,0,128,512,134,2572.057,5015.887,2598.714,0.0109
mixed,128,2,0.0156,4.0,1024,0,512,2048,536,5036.014,15045.131,5206.482,0.017
mixed,128,2,0.0156,4.0,1024,0,2048,8192,2144,15493.045,29041.661,15503.19,0.0007
mixed,128,2,0.0156,4.0,1024,512,128,512,134,3058.372,5406.969,3081.477,0.0098
mixed,128,2,0.0156,4.0,1024,512,512,2048,536,5423.031,15407.252,5565.593,0.0143
mixed,128,2,0.0156,4.0,1024,512,2048,8192,2144,15833.435,29356.867,15860.957,0.002
mixed,128,2,0.0156,4.0,1024,2048,128,512,134,4473.379,6709.33,4495.203,0.0098
mixed,128,2,0.0156,4.0,1024,2048,512,2048,536,6722.26,16593.579,6858.422,0.0138
mixed,128,2,0.0156,4.0,1024,2048,2048,8192,2144,17035.479,30396.921,17088.437,0.004
mixed,128,2,0.0156,4.0,1024,8192,128,512,134,5818.622,8160.819,5844.609,0.0111
mixed,128,2,0.0156,4.0,1024,8192,512,2048,536,8184.02,18129.997,8306.772,0.0123
mixed,128,2,0.0156,4.0,1024,8192,2048,8192,2144,18588.89,31957.37,18249.903,-0.0254
mixed,128,2,0.0156,4.0,4096,0,128,512,134,10875.694,13094.207,10903.921,0.0127
mixed,128,2,0.0156,4.0,4096,0,512,2048,536,13102.816,23138.425,13216.45,0.0113
mixed,128,2,0.0156,4.0,4096,0,2048,8192,2144,23593.349,36786.627,23374.689,-0.0166
mixed,128,2,0.0156,4.0,4096,512,128,512,134,12389.71,14556.477,12410.673,0.0097
mixed,128,2,0.0156,4.0,4096,512,512,2048,536,14570.111,24628.664,14708.481,0.0138
mixed,128,2,0.0156,4.0,4096,512,2048,8192,2144,25098.595,38319.651,24837.472,-0.0198
mixed,128,2,0.0156,4.0,4096,2048,128,512,134,15516.884,17970.47,15549.525,0.0133
mixed,128,2,0.0156,4.0,4096,2048,512,2048,536,17962.601,28044.417,18113.226,0.0149
mixed,128,2,0.0156,4.0,4096,2048,2048,8192,2144,28512.045,41663.306,28242.027,-0.0205
mixed,128,2,0.0156,4.0,4096,8192,128,512,134,17200.921,19644.681,17235.16,0.014
mixed,128,2,0.0156,4.0,4096,8192,512,2048,536,19637.741,29694.855,19465.607,-0.0171
mixed,128,2,0.0156,4.0,4096,8192,2048,8192,2144,30152.273,43380.496,29892.521,-0.0196
pure,128,3,0.0234,4.0,0,0,128,512,137,1504.578,4066.648,1536.13,0.0123
pure,128,3,0.0234,4.0,0,0,512,2048,548,4121.786,14236.725,4452.065,0.0327
pure,128,3,0.0234,4.0,0,0,2048,8192,2192,15127.209,28474.603,15068.267,-0.0044
mixed,128,3,0.0234,4.0,16,0,128,512,137,1506.464,4074.873,1540.801,0.0134
mixed,128,3,0.0234,4.0,16,0,512,2048,548,4116.475,14219.539,4460.897,0.0341
mixed,128,3,0.0234,4.0,16,0,2048,8192,2192,15107.625,28464.012,15039.013,-0.0051
mixed,128,3,0.0234,4.0,16,512,128,512,137,1539.044,4114.394,1571.937,0.0128
mixed,128,3,0.0234,4.0,16,512,512,2048,548,4163.514,14244.821,4454.624,0.0289
mixed,128,3,0.0234,4.0,16,512,2048,8192,2192,15132.488,28445.897,15009.477,-0.0092
mixed,128,3,0.0234,4.0,16,2048,128,512,137,1994.956,4301.182,2042.445,0.0206
mixed,128,3,0.0234,4.0,16,2048,512,2048,548,4328.861,14277.717,4487.008,0.0159
mixed,128,3,0.0234,4.0,16,2048,2048,8192,2192,15191.019,28430.76,15102.597,-0.0067
mixed,128,3,0.0234,4.0,16,8192,128,512,137,2605.69,4956.201,2656.025,0.0214
mixed,128,3,0.0234,4.0,16,8192,512,2048,548,5001.455,14636.316,5178.959,0.0184
mixed,128,3,0.0234,4.0,16,8192,2048,8192,2192,15533.744,28510.763,15121.131,-0.0318
mixed,128,3,0.0234,4.0,64,0,128,512,137,1512.001,4077.979,1541.378,0.0114
mixed,128,3,0.0234,4.0,64,0,512,2048,548,4118.136,14225.907,4482.336,0.036
mixed,128,3,0.0234,4.0,64,0,2048,8192,2192,15124.006,28430.277,15047.015,-0.0058
mixed,128,3,0.0234,4.0,64,512,128,512,137,1536.609,4115.704,1572.545,0.0139
mixed,128,3,0.0234,4.0,64,512,512,2048,548,4162.33,14243.252,4456.8,0.0292
mixed,128,3,0.0234,4.0,64,512,2048,8192,2192,15140.807,28405.768,15034.693,-0.008
mixed,128,3,0.0234,4.0,64,2048,128,512,137,2000.684,4308.349,2048.46,0.0207
mixed,128,3,0.0234,4.0,64,2048,512,2048,548,4331.07,14290.741,4489.567,0.0159
mixed,128,3,0.0234,4.0,64,2048,2048,8192,2192,15186.119,28423.812,15098.759,-0.0066
mixed,128,3,0.0234,4.0,64,8192,128,512,137,2613.048,4963.339,2660.793,0.0203
mixed,128,3,0.0234,4.0,64,8192,512,2048,548,5007.724,14652.574,5196.4,0.0196
mixed,128,3,0.0234,4.0,64,8192,2048,8192,2192,15509.966,28496.167,15125.256,-0.0296
mixed,128,3,0.0234,4.0,256,0,128,512,137,1659.619,4167.163,1702.373,0.0171
mixed,128,3,0.0234,4.0,256,0,512,2048,548,4219.548,14309.076,4562.081,0.0339
mixed,128,3,0.0234,4.0,256,0,2048,8192,2192,15190.821,28464.103,15070.501,-0.0091
mixed,128,3,0.0234,4.0,256,512,128,512,137,1775.398,4264.475,1821.769,0.0186
mixed,128,3,0.0234,4.0,256,512,512,2048,548,4310.269,14411.861,4591.429,0.0278
mixed,128,3,0.0234,4.0,256,512,2048,8192,2192,15282.025,28519.109,15029.221,-0.0191
mixed,128,3,0.0234,4.0,256,2048,128,512,137,2423.125,4657.699,2465.271,0.0189
mixed,128,3,0.0234,4.0,256,2048,512,2048,548,4689.189,14747.324,4857.83,0.0168
mixed,128,3,0.0234,4.0,256,2048,2048,8192,2192,15630.928,28871.181,15194.087,-0.033
mixed,128,3,0.0234,4.0,256,8192,128,512,137,3187.141,5497.911,3231.462,0.0192
mixed,128,3,0.0234,4.0,256,8192,512,2048,548,5539.734,15152.805,5732.251,0.02
mixed,128,3,0.0234,4.0,256,8192,2048,8192,2192,15934.198,29315.896,15492.301,-0.033
mixed,128,3,0.0234,4.0,1024,0,128,512,137,2574.199,5015.372,2613.24,0.016
mixed,128,3,0.0234,4.0,1024,0,512,2048,548,5046.221,15043.297,5279.121,0.0233
mixed,128,3,0.0234,4.0,1024,0,2048,8192,2192,15904.435,29039.248,15610.03,-0.0224
mixed,128,3,0.0234,4.0,1024,512,128,512,137,3062.626,5407.189,3101.026,0.0164
mixed,128,3,0.0234,4.0,1024,512,512,2048,548,5437.267,15394.186,5637.112,0.0201
mixed,128,3,0.0234,4.0,1024,512,2048,8192,2192,16232.221,29347.768,15989.782,-0.0185
mixed,128,3,0.0234,4.0,1024,2048,128,512,137,4472.191,6704.463,4515.809,0.0195
mixed,128,3,0.0234,4.0,1024,2048,512,2048,548,6731.406,16585.703,6933.684,0.0205
mixed,128,3,0.0234,4.0,1024,2048,2048,8192,2192,17460.982,30421.999,17204.784,-0.0198
mixed,128,3,0.0234,4.0,1024,8192,128,512,137,5822.62,8165.872,5867.998,0.0194
mixed,128,3,0.0234,4.0,1024,8192,512,2048,548,8197.359,18147.012,8382.545,0.0186
mixed,128,3,0.0234,4.0,1024,8192,2048,8192,2192,19023.255,31960.332,18308.071,-0.0553
mixed,128,3,0.0234,4.0,4096,0,128,512,137,10873.993,13088.438,10902.89,0.013
mixed,128,3,0.0234,4.0,4096,0,512,2048,548,13106.936,23170.479,13297.5,0.0189
mixed,128,3,0.0234,4.0,4096,0,2048,8192,2192,24063.682,36786.931,23472.63,-0.0465
mixed,128,3,0.0234,4.0,4096,512,128,512,137,12386.984,14543.161,12422.793,0.0166
mixed,128,3,0.0234,4.0,4096,512,512,2048,548,14584.312,24669.426,14782.843,0.0197
mixed,128,3,0.0234,4.0,4096,512,2048,8192,2192,25554.658,38341.074,24934.933,-0.0485
mixed,128,3,0.0234,4.0,4096,2048,128,512,137,15509.354,17964.383,15559.662,0.0205
mixed,128,3,0.0234,4.0,4096,2048,512,2048,548,17992.063,28082.072,18198.63,0.0205
mixed,128,3,0.0234,4.0,4096,2048,2048,8192,2192,28956.235,41670.587,28363.07,-0.0467
mixed,128,3,0.0234,4.0,4096,8192,128,512,137,17206.001,19650.596,17230.16,0.0099
mixed,128,3,0.0234,4.0,4096,8192,512,2048,548,19666.402,29722.431,19877.799,0.021
mixed,128,3,0.0234,4.0,4096,8192,2048,8192,2192,30608.495,43425.661,30032.323,-0.045
pure,128,4,0.0312,4.0,0,0,128,512,140,1504.608,4072.149,1555.936,0.02
pure,128,4,0.0312,4.0,0,0,512,2048,560,4147.991,14240.21,4462.175,0.0311
pure,128,4,0.0312,4.0,0,0,2048,8192,2240,15513.516,28463.966,15096.896,-0.0322
mixed,128,4,0.0312,4.0,16,0,128,512,140,1513.536,4069.271,1557.921,0.0174
mixed,128,4,0.0312,4.0,16,0,512,2048,560,4148.247,14231.697,4475.168,0.0324
mixed,128,4,0.0312,4.0,16,0,2048,8192,2240,15489.226,28436.347,15070.017,-0.0324
mixed,128,4,0.0312,4.0,16,512,128,512,140,1537.858,4109.081,1589.921,0.0202
mixed,128,4,0.0312,4.0,16,512,512,2048,560,4187.002,14241.551,4509.759,0.0321
mixed,128,4,0.0312,4.0,16,512,2048,8192,2240,15508.17,28438.782,15067.522,-0.0341
mixed,128,4,0.0312,4.0,16,2048,128,512,140,1992.682,4299.902,2055.434,0.0272
mixed,128,4,0.0312,4.0,16,2048,512,2048,560,4346.717,14293.583,4556.288,0.0211
mixed,128,4,0.0312,4.0,16,2048,2048,8192,2240,15545.931,28425.79,15108.033,-0.034
mixed,128,4,0.0312,4.0,16,8192,128,512,140,2609.975,4947.304,2689.176,0.0339
mixed,128,4,0.0312,4.0,16,8192,512,2048,560,5020.01,14620.47,5250.992,0.0241
mixed,128,4,0.0312,4.0,16,8192,2048,8192,2240,15897.267,28514.719,15155.683,-0.0588
mixed,128,4,0.0312,4.0,64,0,128,512,140,1512.192,4081.558,1560.609,0.0188
mixed,128,4,0.0312,4.0,64,0,512,2048,560,4153.946,14238.831,4480.032,0.0323
mixed,128,4,0.0312,4.0,64,0,2048,8192,2240,15491.435,28444.83,15052.032,-0.0339
mixed,128,4,0.0312,4.0,64,512,128,512,140,1536.768,4117.144,1590.306,0.0207
mixed,128,4,0.0312,4.0,64,512,512,2048,560,4186.84,14245.966,4501.28,0.0313
mixed,128,4,0.0312,4.0,64,512,2048,8192,2240,15490.153,28397.854,15048.607,-0.0342
mixed,128,4,0.0312,4.0,64,2048,128,512,140,2000.172,4308.091,2060.364,0.0261
mixed,128,4,0.0312,4.0,64,2048,512,2048,560,4364.572,14295.119,4562.465,0.0199
mixed,128,4,0.0312,4.0,64,2048,2048,8192,2240,15546.218,28418.651,15116.449,-0.0334
mixed,128,4,0.0312,4.0,64,8192,128,512,140,2614.839,4963.498,2692.345,0.033
mixed,128,4,0.0312,4.0,64,8192,512,2048,560,5028.074,14622.104,5251.25,0.0233
mixed,128,4,0.0312,4.0,64,8192,2048,8192,2240,15925.682,28515.966,15139.905,-0.0624
mixed,128,4,0.0312,4.0,256,0,128,512,140,1660.387,4168.823,1719.621,0.0236
mixed,128,4,0.0312,4.0,256,0,512,2048,560,4239.194,14321.999,4616.513,0.0374
mixed,128,4,0.0312,4.0,256,0,2048,8192,2240,15563.816,28459.162,15107.265,-0.0354
mixed,128,4,0.0312,4.0,256,512,128,512,140,1777.925,4263.259,1839.624,0.0248
mixed,128,4,0.0312,4.0,256,512,512,2048,560,4331.164,14410.133,4651.683,0.0318
mixed,128,4,0.0312,4.0,256,512,2048,8192,2240,15648.331,28506.748,15064.383,-0.0454
mixed,128,4,0.0312,4.0,256,2048,128,512,140,2422.068,4650.372,2483.221,0.0274
mixed,128,4,0.0312,4.0,256,2048,512,2048,560,4700.643,14739.866,4918.665,0.0217
mixed,128,4,0.0312,4.0,256,2048,2048,8192,2240,16006.675,28879.779,15220.258,-0.0611
mixed,128,4,0.0312,4.0,256,8192,128,512,140,3187.299,5503.412,3246.851,0.0257
mixed,128,4,0.0312,4.0,256,8192,512,2048,560,5545.109,15131.295,5798.747,0.0265
mixed,128,4,0.0312,4.0,256,8192,2048,8192,2240,16316.345,29328.94,15525.93,-0.0607
mixed,128,4,0.0312,4.0,1024,0,128,512,140,2574.038,5015.339,2633.785,0.0245
mixed,128,4,0.0312,4.0,1024,0,512,2048,560,5055.402,15045.406,5351.41,0.0296
mixed,128,4,0.0312,4.0,1024,0,2048,8192,2240,16273.977,29033.864,15723.855,-0.0431
mixed,128,4,0.0312,4.0,1024,512,128,512,140,3059.619,5405.972,3119.456,0.0255
mixed,128,4,0.0312,4.0,1024,512,512,2048,560,5443.316,15397.093,5714.778,0.0273
mixed,128,4,0.0312,4.0,1024,512,2048,8192,2240,16621.439,29344.558,16105.075,-0.0406
mixed,128,4,0.0312,4.0,1024,2048,128,512,140,4472.224,6703.854,4531.648,0.0266
mixed,128,4,0.0312,4.0,1024,2048,512,2048,560,6740.589,16592.258,7001.972,0.0265
mixed,128,4,0.0312,4.0,1024,2048,2048,8192,2240,17844.218,30406.469,17293.776,-0.0438
mixed,128,4,0.0312,4.0,1024,8192,128,512,140,5821.596,8167.5,5887.292,0.028
mixed,128,4,0.0312,4.0,1024,8192,512,2048,560,8202.284,18132.607,8441.746,0.0241
mixed,128,4,0.0312,4.0,1024,8192,2048,8192,2240,19381.177,31938.469,18397.094,-0.0784
mixed,128,4,0.0312,4.0,4096,0,128,512,140,10869.829,13086.134,10939.913,0.0316
mixed,128,4,0.0312,4.0,4096,0,512,2048,560,13104.533,23156.559,13366.202,0.026
mixed,128,4,0.0312,4.0,4096,0,2048,8192,2240,24437.603,36804.425,23547.633,-0.072
mixed,128,4,0.0312,4.0,4096,512,128,512,140,12383.204,14556.435,12439.592,0.0259
mixed,128,4,0.0312,4.0,4096,512,512,2048,560,14581.174,24655.306,14877.179,0.0294
mixed,128,4,0.0312,4.0,4096,512,2048,8192,2240,25906.148,38279.239,25058.099,-0.0685
mixed,128,4,0.0312,4.0,4096,2048,128,512,140,15514.955,17968.827,15567.399,0.0214
mixed,128,4,0.0312,4.0,4096,2048,512,2048,560,17985.022,28064.274,18276.291,0.0289
mixed,128,4,0.0312,4.0,4096,2048,2048,8192,2240,29304.525,41672.467,28481.786,-0.0665
mixed,128,4,0.0312,4.0,4096,8192,128,512,140,17203.754,19612.764,17253.005,0.0204
mixed,128,4,0.0312,4.0,4096,8192,512,2048,560,19673.474,29722.005,19954.633,0.028
mixed,128,4,0.0312,4.0,4096,8192,2048,8192,2240,30929.323,42152.25,30127.327,-0.0715
pure,128,8,0.0625,4.0,0,0,128,512,152,1527.841,4074.454,1642.627,0.0451
pure,128,8,0.0625,4.0,0,0,512,2048,608,4531.36,14238.958,4733.347,0.0208
pure,128,8,0.0625,4.0,0,0,2048,8192,2432,16792.034,28459.256,15233.185,-0.1336
mixed,128,8,0.0625,4.0,16,0,128,512,152,1528.032,4067.319,1651.363,0.0486
mixed,128,8,0.0625,4.0,16,0,512,2048,608,4524.8,14241.163,4727.333,0.0208
mixed,128,8,0.0625,4.0,16,0,2048,8192,2432,16780.77,28457.435,15228.835,-0.1329
mixed,128,8,0.0625,4.0,16,512,128,512,152,1553.889,4111.67,1688.899,0.0528
mixed,128,8,0.0625,4.0,16,512,512,2048,608,4561.409,14231.5,4765.668,0.0211
mixed,128,8,0.0625,4.0,16,512,2048,8192,2432,16776.896,28423.159,15281.22,-0.1284
mixed,128,8,0.0625,4.0,16,2048,128,512,152,2005.641,4295.835,2135.247,0.0566
mixed,128,8,0.0625,4.0,16,2048,512,2048,608,4704.9,14295.727,4816.038,0.0116
mixed,128,8,0.0625,4.0,16,2048,2048,8192,2432,16813.025,28444.603,15518.503,-0.1113
mixed,128,8,0.0625,4.0,16,8192,128,512,152,2631.607,4954.153,2758.203,0.0545
mixed,128,8,0.0625,4.0,16,8192,512,2048,608,5365.682,14627.797,5510.389,0.0156
mixed,128,8,0.0625,4.0,16,8192,2048,8192,2432,17189.291,28518.33,15614.409,-0.139
mixed,128,8,0.0625,4.0,64,0,128,512,152,1532.193,4076.407,1647.715,0.0454
mixed,128,8,0.0625,4.0,64,0,512,2048,608,4528.29,14233.902,4738.437,0.0217
mixed,128,8,0.0625,4.0,64,0,2048,8192,2432,16781.729,28442.905,15251.077,-0.1313
mixed,128,8,0.0625,4.0,64,512,128,512,152,1557.218,4118.006,1688.676,0.0513
mixed,128,8,0.0625,4.0,64,512,512,2048,608,4560.447,14242.956,4771.524,0.0218
mixed,128,8,0.0625,4.0,64,512,2048,8192,2432,16785.794,28424.441,15275.78,-0.1297
mixed,128,8,0.0625,4.0,64,2048,128,512,152,2013.547,4307.418,2139.341,0.0548
mixed,128,8,0.0625,4.0,64,2048,512,2048,608,4703.106,14295.789,4815.525,0.0117
mixed,128,8,0.0625,4.0,64,2048,2048,8192,2432,16830.116,28443.224,15552.519,-0.11
mixed,128,8,0.0625,4.0,64,8192,128,512,152,2639.544,4956.647,2763.45,0.0535
mixed,128,8,0.0625,4.0,64,8192,512,2048,608,5371.731,14636.801,5518.485,0.0158
mixed,128,8,0.0625,4.0,64,8192,2048,8192,2432,17224.458,28510.139,15637.16,-0.1406
mixed,128,8,0.0625,4.0,256,0,128,512,152,1667.076,4170.84,1808.069,0.0563
mixed,128,8,0.0625,4.0,256,0,512,2048,608,4621.025,14317.165,4833.51,0.0219
mixed,128,8,0.0625,4.0,256,0,2048,8192,2432,16846.498,28481.37,15341.826,-0.1293
mixed,128,8,0.0625,4.0,256,512,128,512,152,1782.981,4262.586,1911.977,0.052
mixed,128,8,0.0625,4.0,256,512,512,2048,608,4721.99,14399.503,4920.295,0.0205
mixed,128,8,0.0625,4.0,256,512,2048,8192,2432,16937.412,28504.311,15418.789,-0.1313
mixed,128,8,0.0625,4.0,256,2048,128,512,152,2432.147,4657.634,2555.958,0.0556
mixed,128,8,0.0625,4.0,256,2048,512,2048,608,5028.618,14739.542,5193.357,0.017
mixed,128,8,0.0625,4.0,256,2048,2048,8192,2432,17291.566,28870.719,15692.26,-0.1381
mixed,128,8,0.0625,4.0,256,8192,128,512,152,3198.468,5498.549,3324.262,0.0547
mixed,128,8,0.0625,4.0,256,8192,512,2048,608,5935.71,15125.439,6076.896,0.0154
mixed,128,8,0.0625,4.0,256,8192,2048,8192,2432,17646.866,29331.497,16121.17,-0.1306
mixed,128,8,0.0625,4.0,1024,0,128,512,152,2579.797,5019.337,2700.888,0.0496
mixed,128,8,0.0625,4.0,1024,0,512,2048,608,5443.218,15046.91,5643.19,0.0208
mixed,128,8,0.0625,4.0,1024,0,2048,8192,2432,17542.865,29046.883,16166.546,-0.1196
mixed,128,8,0.0625,4.0,1024,512,128,512,152,3066.399,5404.433,3191.555,0.0535
mixed,128,8,0.0625,4.0,1024,512,512,2048,608,5830.172,15405.73,6006.495,0.0184
mixed,128,8,0.0625,4.0,1024,512,2048,8192,2432,17892.249,29361.45,16561.916,-0.116
mixed,128,8,0.0625,4.0,1024,2048,128,512,152,4476.191,6703.823,4606.112,0.0583
mixed,128,8,0.0625,4.0,1024,2048,512,2048,608,7095.158,16594.109,7293.594,0.0209
mixed,128,8,0.0625,4.0,1024,2048,2048,8192,2432,19143.412,30411.584,17693.171,-0.1287
mixed,128,8,0.0625,4.0,1024,8192,128,512,152,5824.507,8163.883,5959.421,0.0577
mixed,128,8,0.0625,4.0,1024,8192,512,2048,608,8559.444,18153.726,8729.975,0.0178
mixed,128,8,0.0625,4.0,1024,8192,2048,8192,2432,20700.21,31933.378,18853.003,-0.1644
mixed,128,8,0.0625,4.0,4096,0,128,512,152,10876.71,13086.707,11000.998,0.0562
mixed,128,8,0.0625,4.0,4096,0,512,2048,608,13485.69,23167.305,13655.615,0.0176
mixed,128,8,0.0625,4.0,4096,0,2048,8192,2432,25722.236,36752.179,23951.576,-0.1605
mixed,128,8,0.0625,4.0,4096,512,128,512,152,12374.821,14548.946,12511.304,0.0628
mixed,128,8,0.0625,4.0,4096,512,512,2048,608,14995.515,24671.785,15174.046,0.0185
mixed,128,8,0.0625,4.0,4096,512,2048,8192,2432,27218.684,38311.815,25486.262,-0.1562
mixed,128,8,0.0625,4.0,4096,2048,128,512,152,15500.742,17959.836,15659.818,0.0647
mixed,128,8,0.0625,4.0,4096,2048,512,2048,608,18389.954,28327.764,18568.421,0.018
mixed,128,8,0.0625,4.0,4096,2048,2048,8192,2432,30611.587,41703.149,28850.432,-0.1588
mixed,128,8,0.0625,4.0,4096,8192,128,512,152,17192.491,19630.239,17341.706,0.0612
mixed,128,8,0.0625,4.0,4096,8192,512,2048,608,20067.078,29678.032,19906.21,-0.0167
mixed,128,8,0.0625,4.0,4096,8192,2048,8192,2432,32239.172,43376.016,30511.589,-0.1551
pure,128,16,0.125,4.0,0,0,128,512,176,1558.946,4072.694,1809.669,0.0997
pure,128,16,0.125,4.0,0,0,512,2048,704,5326.095,14248.94,5307.09,-0.0021
pure,128,16,0.125,4.0,0,0,2048,8192,2816,19308.918,28481.27,16287.382,-0.3294
mixed,128,16,0.125,4.0,16,0,128,512,176,1560.609,4067.766,1811.879,0.1002
mixed,128,16,0.125,4.0,16,0,512,2048,704,5319.087,14226.605,5301.934,-0.0019
mixed,128,16,0.125,4.0,16,0,2048,8192,2816,19306.169,28455.159,16278.935,-0.3309
mixed,128,16,0.125,4.0,16,512,128,512,176,1582.592,4110.614,1841.607,0.1025
mixed,128,16,0.125,4.0,16,512,512,2048,704,5349.97,14232.618,5333.039,-0.0019
mixed,128,16,0.125,4.0,16,512,2048,8192,2816,19315.478,28441.268,16266.647,-0.3341
mixed,128,16,0.125,4.0,16,2048,128,512,176,2033.612,4296.122,2271.822,0.1053
mixed,128,16,0.125,4.0,16,2048,512,2048,704,5515.348,14285.965,5413.746,-0.0116
mixed,128,16,0.125,4.0,16,2048,2048,8192,2816,19341.688,28456.66,16320.537,-0.3314
mixed,128,16,0.125,4.0,16,8192,128,512,176,2657.721,4954.246,2917.916,0.1133
mixed,128,16,0.125,4.0,16,8192,512,2048,704,6109.954,14626.292,6079.135,-0.0036
mixed,128,16,0.125,4.0,16,8192,2048,8192,2816,19771.587,28503.768,16351.834,-0.3916
mixed,128,16,0.125,4.0,64,0,128,512,176,1560.801,4075.636,1809.799,0.099
mixed,128,16,0.125,4.0,64,0,512,2048,704,5321.811,14231.788,5305.233,-0.0019
mixed,128,16,0.125,4.0,64,0,2048,8192,2816,19302.326,28439.638,16277.782,-0.331
mixed,128,16,0.125,4.0,64,512,128,512,176,1590.977,4119.478,1844.231,0.1002
mixed,128,16,0.125,4.0,64,512,512,2048,704,5357.392,14250.283,5329.103,-0.0032
mixed,128,16,0.125,4.0,64,512,2048,8192,2816,19340.407,28411.383,16268.822,-0.3386
mixed,128,16,0.125,4.0,64,2048,128,512,176,2037.995,4320.378,2277.808,0.1051
mixed,128,16,0.125,4.0,64,2048,512,2048,704,5510.612,14313.581,5409.3,-0.0115
mixed,128,16,0.125,4.0,64,2048,2048,8192,2816,19350.455,28418.677,16319.129,-0.3343
mixed,128,16,0.125,4.0,64,8192,128,512,176,2669.496,4957.257,2916.989,0.1082
mixed,128,16,0.125,4.0,64,8192,512,2048,704,6112.447,14628.37,6086.4,-0.0031
mixed,128,16,0.125,4.0,64,8192,2048,8192,2816,19796.638,28510.871,16363.543,-0.394
mixed,128,16,0.125,4.0,256,0,128,512,176,1696.1,4172.313,1962.088,0.1074
mixed,128,16,0.125,4.0,256,0,512,2048,704,5403.282,14310.254,5419.472,0.0018
mixed,128,16,0.125,4.0,256,0,2048,8192,2816,19371.99,28476.5,16340.984,-0.3329
mixed,128,16,0.125,4.0,256,512,128,512,176,1804.645,4262.138,2062.378,0.1049
mixed,128,16,0.125,4.0,256,512,512,2048,704,5546.901,14416.876,5527.604,-0.0022
mixed,128,16,0.125,4.0,256,512,2048,8192,2816,19470.169,28527.703,16345.366,-0.345
mixed,128,16,0.125,4.0,256,2048,128,512,176,2450.325,4655.105,2700.024,0.1133
mixed,128,16,0.125,4.0,256,2048,512,2048,704,5754.809,14752.181,5765.913,0.0012
mixed,128,16,0.125,4.0,256,2048,2048,8192,2816,19798.974,28883.326,16811.936,-0.3288
mixed,128,16,0.125,4.0,256,8192,128,512,176,3217.126,5503.442,3489.352,0.1191
mixed,128,16,0.125,4.0,256,8192,512,2048,704,6607.34,15137.181,6674.347,0.0079
mixed,128,16,0.125,4.0,256,8192,2048,8192,2816,20310.888,29331.88,16789.794,-0.3903
mixed,128,16,0.125,4.0,1024,0,128,512,176,2594.326,5013.449,2842.394,0.1025
mixed,128,16,0.125,4.0,1024,0,512,2048,704,6232.674,15040.988,6233.827,0.0001
mixed,128,16,0.125,4.0,1024,0,2048,8192,2816,20046.116,29045.185,17018.917,-0.3364
mixed,128,16,0.125,4.0,1024,512,128,512,176,3081.952,5405.871,3327.813,0.1058
mixed,128,16,0.125,4.0,1024,512,512,2048,704,6630.667,15403.074,6614.188,-0.0019
mixed,128,16,0.125,4.0,1024,512,2048,8192,2816,20392.585,29359.176,17398.445,-0.3339
mixed,128,16,0.125,4.0,1024,2048,128,512,176,4494.526,6704.589,4751.299,0.1162
mixed,128,16,0.125,4.0,1024,2048,512,2048,704,7799.779,16585.533,7829.159,0.0033
mixed,128,16,0.125,4.0,1024,2048,2048,8192,2816,21657.801,30426.621,18521.987,-0.3576
mixed,128,16,0.125,4.0,1024,8192,128,512,176,5843.353,8162.989,6107.458,0.1139
mixed,128,16,0.125,4.0,1024,8192,512,2048,704,9328.004,18137.341,9315.874,-0.0014
mixed,128,16,0.125,4.0,1024,8192,2048,8192,2816,23265.671,31948.607,19807.586,-0.3983
mixed,128,16,0.125,4.0,4096,0,128,512,176,10890.596,13076.466,11139.018,0.1136
mixed,128,16,0.125,4.0,4096,0,512,2048,704,14278.477,23142.823,14263.821,-0.0017
mixed,128,16,0.125,4.0,4096,0,2048,8192,2816,28271.186,36788.356,24757.096,-0.4126
mixed,128,16,0.125,4.0,4096,512,128,512,176,12408.453,14553.585,12653.419,0.1142
mixed,128,16,0.125,4.0,4096,512,512,2048,704,15797.709,24641.636,15823.182,0.0029
mixed,128,16,0.125,4.0,4096,512,2048,8192,2816,29826.383,38331.427,26284.521,-0.4164
mixed,128,16,0.125,4.0,4096,2048,128,512,176,15518.28,17968.473,15803.627,0.1165
mixed,128,16,0.125,4.0,4096,2048,512,2048,704,19185.428,28068.718,19198.226,0.0014
mixed,128,16,0.125,4.0,4096,2048,2048,8192,2816,33163.384,41665.355,29678.126,-0.4099
mixed,128,16,0.125,4.0,4096,8192,128,512,176,17228.266,19634.365,17508.719,0.1166
mixed,128,16,0.125,4.0,4096,8192,512,2048,704,20871.64,29683.344,20846.421,-0.0029
mixed,128,16,0.125,4.0,4096,8192,2048,8192,2816,34812.858,43428.431,31363.572,-0.4004
pure,128,32,0.25,4.0,0,0,128,512,224,1936.938,4069.239,2120.749,0.0862
pure,128,32,0.25,4.0,0,0,512,2048,896,6615.755,14243.435,6564.426,-0.0067
pure,128,32,0.25,4.0,0,0,2048,8192,3584,24467.776,28448.661,18067.771,-1.6077
mixed,128,32,0.25,4.0,16,0,128,512,224,1945.001,4072.276,2123.916,0.0841
mixed,128,32,0.25,4.0,16,0,512,2048,896,6592.33,14234.891,6557.003,-0.0046
mixed,128,32,0.25,4.0,16,0,2048,8192,3584,24435.167,28454.743,18079.227,-1.5812
mixed,128,32,0.25,4.0,16,512,128,512,224,1974.857,4115.99,2151.789,0.0826
mixed,128,32,0.25,4.0,16,512,512,2048,896,6627.083,14230.059,6584.011,-0.0057
mixed,128,32,0.25,4.0,16,512,2048,8192,3584,24471.713,28417.812,18044.121,-1.6288
mixed,128,32,0.25,4.0,16,2048,128,512,224,2384.914,4291.322,2565.846,0.0949
mixed,128,32,0.25,4.0,16,2048,512,2048,896,6751.789,14290.665,6664.652,-0.0116
mixed,128,32,0.25,4.0,16,2048,2048,8192,3584,24468.287,28430.579,18123.93,-1.6012
mixed,128,32,0.25,4.0,16,8192,128,512,224,3027.424,4956.649,3199.59,0.0892
mixed,128,32,0.25,4.0,16,8192,512,2048,896,7289.562,14637.812,7250.519,-0.0053
mixed,128,32,0.25,4.0,16,8192,2048,8192,3584,25040.109,28509.302,18154.818,-1.9847
mixed,128,32,0.25,4.0,64,0,128,512,224,1945.002,4068.662,2125.645,0.0851
mixed,128,32,0.25,4.0,64,0,512,2048,896,6607.083,14238.287,6555.193,-0.0068
mixed,128,32,0.25,4.0,64,0,2048,8192,3584,24439.099,28428.858,18076.839,-1.5946
mixed,128,32,0.25,4.0,64,512,128,512,224,1977.104,4109.375,2153.075,0.0825
mixed,128,32,0.25,4.0,64,512,512,2048,896,6633.019,14235.882,6587.321,-0.006
mixed,128,32,0.25,4.0,64,512,2048,8192,3584,24461.563,28414.52,18045.605,-1.6231
mixed,128,32,0.25,4.0,64,2048,128,512,224,2388.825,4310.308,2565.852,0.0921
mixed,128,32,0.25,4.0,64,2048,512,2048,896,6782.974,14292.268,6667.834,-0.0153
mixed,128,32,0.25,4.0,64,2048,2048,8192,3584,24463.453,28438.294,18114.183,-1.5974
mixed,128,32,0.25,4.0,64,8192,128,512,224,3027.944,4947.09,3204.843,0.0922
mixed,128,32,0.25,4.0,64,8192,512,2048,896,7306.985,14624.241,7256.744,-0.0069
mixed,128,32,0.25,4.0,64,8192,2048,8192,3584,25039.173,28513.268,18141.671,-1.9854
mixed,128,32,0.25,4.0,256,0,128,512,224,2083.984,4170.719,2271.38,0.0898
mixed,128,32,0.25,4.0,256,0,512,2048,896,6689.084,14306.668,6688.123,-0.0001
mixed,128,32,0.25,4.0,256,0,2048,8192,3584,24478.647,28472.882,18143.555,-1.5861
mixed,128,32,0.25,4.0,256,512,128,512,224,2177.042,4268.546,2367.929,0.0913
mixed,128,32,0.25,4.0,256,512,512,2048,896,6819.836,14405.935,6780.636,-0.0052
mixed,128,32,0.25,4.0,256,512,2048,8192,3584,24566.134,28521.747,18087.971,-1.6377
mixed,128,32,0.25,4.0,256,2048,128,512,224,2807.808,4656.587,2981.252,0.0938
mixed,128,32,0.25,4.0,256,2048,512,2048,896,7016.068,14746.421,6998.722,-0.0022
mixed,128,32,0.25,4.0,256,2048,2048,8192,3584,24906.271,28843.321,18225.988,-1.6968
mixed,128,32,0.25,4.0,256,8192,128,512,224,3599.41,5498.687,3793.559,0.1022
mixed,128,32,0.25,4.0,256,8192,512,2048,896,7822.964,15139.323,7846.644,0.0032
mixed,128,32,0.25,4.0,256,8192,2048,8192,3584,25727.951,29330.912,18562.125,-1.9889
mixed,128,32,0.25,4.0,1024,0,128,512,224,2960.771,5013.396,3139.207,0.0869
mixed,128,32,0.25,4.0,1024,0,512,2048,896,7480.235,15048.825,7441.259,-0.0051
mixed,128,32,0.25,4.0,1024,0,2048,8192,3584,25123.998,29040.827,18695.021,-1.6414
mixed,128,32,0.25,4.0,1024,512,128,512,224,3426.831,5406.3,3610.13,0.0926
mixed,128,32,0.25,4.0,1024,512,512,2048,896,7894.837,15415.617,7846.13,-0.0065
mixed,128,32,0.25,4.0,1024,512,2048,8192,3584,25454.852,29353.216,19076.15,-1.6363
mixed,128,32,0.25,4.0,1024,2048,128,512,224,4851.631,6706.747,5035.987,0.0994
mixed,128,32,0.25,4.0,1024,2048,512,2048,896,9031.568,16585.627,8986.382,-0.006
mixed,128,32,0.25,4.0,1024,2048,2048,8192,3584,26580.738,30387.539,20186.541,-1.6797
mixed,128,32,0.25,4.0,1024,8192,128,512,224,6226.383,8167.321,6417.876,0.0987
mixed,128,32,0.25,4.0,1024,8192,512,2048,896,10467.758,18140.509,10475.886,0.0011
mixed,128,32,0.25,4.0,1024,8192,2048,8192,3584,28463.723,31934.779,21323.751,-2.057
mixed,128,32,0.25,4.0,4096,0,128,512,224,11231.713,13087.115,11406.946,0.0944
mixed,128,32,0.25,4.0,4096,0,512,2048,896,15544.034,23150.157,15530.081,-0.0018
mixed,128,32,0.25,4.0,4096,0,2048,8192,3584,33354.553,34760.501,26436.056,-4.9209
mixed,128,32,0.25,4.0,4096,512,128,512,224,12742.594,14557.354,12918.598,0.097
mixed,128,32,0.25,4.0,4096,512,512,2048,896,17094.916,24654.353,17057.379,-0.005
mixed,128,32,0.25,4.0,4096,512,2048,8192,3584,34880.984,38280.164,27951.963,-2.0384
mixed,128,32,0.25,4.0,4096,2048,128,512,224,15908.715,17942.839,16111.311,0.0996
mixed,128,32,0.25,4.0,4096,2048,512,2048,896,20463.055,28069.529,20414.96,-0.0063
mixed,128,32,0.25,4.0,4096,2048,2048,8192,3584,38282.427,41685.749,31305.765,-2.05
mixed,128,32,0.25,4.0,4096,8192,128,512,224,17604.335,19639.519,17807.538,0.0998
mixed,128,32,0.25,4.0,4096,8192,512,2048,896,22132.752,29682.558,22086.613,-0.0061
mixed,128,32,0.25,4.0,4096,8192,2048,8192,3584,39960.359,40695.067,33002.858,-9.4697
pure,128,64,0.5,4.0,0,0,128,512,320,2770.526,4071.357,2759.454,-0.0085
pure,128,64,0.5,4.0,0,0,512,2048,1280,9175.376,14236.771,9055.052,-0.0238
pure,128,64,0.5,4.0,0,0,2048,8192,5120,28510.694,28464.769,21235.005,
mixed,128,64,0.5,4.0,16,0,128,512,320,2778.143,4066.653,2770.015,-0.0063
mixed,128,64,0.5,4.0,16,0,512,2048,1280,9149.997,14227.266,9061.964,-0.0173
mixed,128,64,0.5,4.0,16,0,2048,8192,5120,28466.819,28463.105,21245.055,
mixed,128,64,0.5,4.0,16,512,128,512,320,2816.768,4106.846,2799.902,-0.0131
mixed,128,64,0.5,4.0,16,512,512,2048,1280,9169.548,14232.513,9103.34,-0.0131
mixed,128,64,0.5,4.0,16,512,2048,8192,5120,28475.967,28455.167,21300.094,
mixed,128,64,0.5,4.0,16,2048,128,512,320,3110.597,4303.713,3165.287,0.0458
mixed,128,64,0.5,4.0,16,2048,512,2048,1280,9279.89,14286.944,9157.87,-0.0244
mixed,128,64,0.5,4.0,16,2048,2048,8192,5120,28446.976,28438.206,21668.774,
mixed,128,64,0.5,4.0,16,8192,128,512,320,3825.303,4953.999,3814.069,-0.01
mixed,128,64,0.5,4.0,16,8192,512,2048,1280,9689.338,14644.554,9675.609,-0.0028
mixed,128,64,0.5,4.0,16,8192,2048,8192,5120,28524.894,28523.616,21708.518,
mixed,128,64,0.5,4.0,64,0,128,512,320,2781.311,4066.138,2770.301,-0.0086
mixed,128,64,0.5,4.0,64,0,512,2048,1280,9151.628,14223.808,9061.099,-0.0178
mixed,128,64,0.5,4.0,64,0,2048,8192,5120,28448.89,28424.988,21237.434,
mixed,128,64,0.5,4.0,64,512,128,512,320,2827.616,4114.236,2797.151,-0.0237
mixed,128,64,0.5,4.0,64,512,512,2048,1280,9177.453,14242.783,9097.804,-0.0157
mixed,128,64,0.5,4.0,64,512,2048,8192,5120,28453.786,28407.737,21287.42,
mixed,128,64,0.5,4.0,64,2048,128,512,320,3123.493,4309.088,3169.896,0.0391
mixed,128,64,0.5,4.0,64,2048,512,2048,1280,9260.781,14314.91,9165.549,-0.0188
mixed,128,64,0.5,4.0,64,2048,2048,8192,5120,28455.676,28430.137,21658.785,
mixed,128,64,0.5,4.0,64,8192,128,512,320,3837.301,4955.79,3824.693,-0.0113
mixed,128,64,0.5,4.0,64,8192,512,2048,1280,9698.007,14631.332,9690.457,-0.0015
mixed,128,64,0.5,4.0,64,8192,2048,8192,5120,28556.475,28520.029,21708.355,
mixed,128,64,0.5,4.0,256,0,128,512,320,2898.912,4171.196,2926.626,0.0218
mixed,128,64,0.5,4.0,256,0,512,2048,1280,9232.748,14314.142,9174.634,-0.0114
mixed,128,64,0.5,4.0,256,0,2048,8192,5120,28495.801,28475.96,21344.442,
mixed,128,64,0.5,4.0,256,512,128,512,320,2987.33,4266.399,2997.697,0.0081
mixed,128,64,0.5,4.0,256,512,512,2048,1280,9325.201,14406.11,9282.576,-0.0084
mixed,128,64,0.5,4.0,256,512,2048,8192,5120,28543.45,28510.716,21497.213,
mixed,128,64,0.5,4.0,256,2048,128,512,320,3526.959,4655.398,3559.599,0.0289
mixed,128,64,0.5,4.0,256,2048,512,2048,1280,9527.061,14749.927,9470.481,-0.0108
mixed,128,64,0.5,4.0,256,2048,2048,8192,5120,28882.114,28875.903,21736.096,
mixed,128,64,0.5,4.0,256,8192,128,512,320,4354.816,5498.233,4382.368,0.0241
mixed,128,64,0.5,4.0,256,8192,512,2048,1280,10006.045,15201.584,10170.818,0.0317
mixed,128,64,0.5,4.0,256,8192,2048,8192,5120,29368.78,29326.761,22107.368,
mixed,128,64,0.5,4.0,1024,0,128,512,320,3765.299,5016.238,3748.308,-0.0136
mixed,128,64,0.5,4.0,1024,0,512,2048,1280,10010.559,15041.038,9970.364,-0.008
mixed,128,64,0.5,4.0,1024,0,2048,8192,5120,29050.017,29050.433,22088.937,-16733.3654
mixed,128,64,0.5,4.0,1024,512,128,512,320,4154.813,5406.326,4169.116,0.0114
mixed,128,64,0.5,4.0,1024,512,512,2048,1280,10369.061,15402.452,10337.35,-0.0063
mixed,128,64,0.5,4.0,1024,512,2048,8192,5120,29365.958,29350.888,22469.904,
mixed,128,64,0.5,4.0,1024,2048,128,512,320,5577.85,6706.998,5599.516,0.0192
mixed,128,64,0.5,4.0,1024,2048,512,2048,1280,11541.31,16583.692,11539.872,-0.0003
mixed,128,64,0.5,4.0,1024,2048,2048,8192,5120,30397.246,30410.621,23680.714,-502.1706
mixed,128,64,0.5,4.0,1024,8192,128,512,320,6999.771,8166.038,7007.964,0.007
mixed,128,64,0.5,4.0,1024,8192,512,2048,1280,12928.83,18128.556,12886.588,-0.0081
mixed,128,64,0.5,4.0,1024,8192,2048,8192,5120,31963.646,31939.84,24764.546,
mixed,128,64,0.5,4.0,4096,0,128,512,320,11941.861,13080.768,11952.391,0.0092
mixed,128,64,0.5,4.0,4096,0,512,2048,1280,18062.317,23177.565,17983.052,-0.0155
mixed,128,64,0.5,4.0,4096,0,2048,8192,5120,36752.073,36744.392,29797.454,
mixed,128,64,0.5,4.0,4096,512,128,512,320,13444.904,14542.369,13446.343,0.0013
mixed,128,64,0.5,4.0,4096,512,512,2048,1280,19576.142,24648.35,19471.439,-0.0206
mixed,128,64,0.5,4.0,4096,512,2048,8192,5120,38270.345,38296.522,31290.804,-266.6288
mixed,128,64,0.5,4.0,4096,2048,128,512,320,16699.441,17953.835,16735.02,0.0284
mixed,128,64,0.5,4.0,4096,2048,512,2048,1280,22985.208,28035.433,22872.533,-0.0223
mixed,128,64,0.5,4.0,4096,2048,2048,8192,5120,41725.619,41723.38,34671.098,
mixed,128,64,0.5,4.0,4096,8192,128,512,320,18387.86,19635.95,18428.279,0.0324
mixed,128,64,0.5,4.0,4096,8192,512,2048,1280,24612.797,29693.102,24608.474,-0.0009
mixed,128,64,0.5,4.0,4096,8192,2048,8192,5120,43431.799,43437.239,36436.412,-1285.9167
pure,128,96,0.75,4.0,0,0,128,512,416,3257.512,4068.218,3395.403,0.1701
pure,128,96,0.75,4.0,0,0,512,2048,1664,11679.297,14244.826,11710.721,0.0122
pure,128,96,0.75,4.0,0,0,2048,8192,6656,28503.824,28448.784,24794.463,
mixed,128,96,0.75,4.0,16,0,128,512,416,3255.24,4076.25,3398.635,0.1747
mixed,128,96,0.75,4.0,16,0,512,2048,1664,11668.447,14223.929,11700.576,0.0126
mixed,128,96,0.75,4.0,16,0,2048,8192,6656,28460.941,28472.272,24815.97,-321.6813
mixed,128,96,0.75,4.0,16,512,128,512,416,3300.967,4112.506,3427.947,0.1565
mixed,128,96,0.75,4.0,16,512,512,2048,1664,11690.56,14248.537,11727.202,0.0143
mixed,128,96,0.75,4.0,16,512,2048,8192,6656,28469.326,28450.16,24785.246,
mixed,128,96,0.75,4.0,16,2048,128,512,416,3560.078,4297.727,3704.53,0.1958
mixed,128,96,0.75,4.0,16,2048,512,2048,1664,11751.713,14282.937,11800.864,0.0194
mixed,128,96,0.75,4.0,16,2048,2048,8192,6656,28436.653,28434.86,24835.006,
mixed,128,96,0.75,4.0,16,8192,128,512,416,4258.237,4955.692,4380.447,0.1752
mixed,128,96,0.75,4.0,16,8192,512,2048,1664,12162.698,14626.975,12055.176,-0.0436
mixed,128,96,0.75,4.0,16,8192,2048,8192,6656,28560.877,28507.629,24953.087,
mixed,128,96,0.75,4.0,64,0,128,512,416,3258.248,4080.153,3398.891,0.1711
mixed,128,96,0.75,4.0,64,0,512,2048,1664,11689.279,14228.279,11705.632,0.0064
mixed,128,96,0.75,4.0,64,0,2048,8192,6656,28455.884,28410.218,24781.565,
mixed,128,96,0.75,4.0,64,512,128,512,416,3308.073,4116.764,3430.794,0.1518
mixed,128,96,0.75,4.0,64,512,512,2048,1664,11692.382,14232.053,11735.487,0.017
mixed,128,96,0.75,4.0,64,512,2048,8192,6656,28445.804,28430.508,24794.749,
mixed,128,96,0.75,4.0,64,2048,128,512,416,3563.982,4305.309,3706.833,0.1927
mixed,128,96,0.75,4.0,64,2048,512,2048,1664,11755.139,14288.054,11797.152,0.0166
mixed,128,96,0.75,4.0,64,2048,2048,8192,6656,28446.439,28423.052,24848.22,
mixed,128,96,0.75,4.0,64,8192,128,512,416,4282.941,4953.869,4385.31,0.1526
mixed,128,96,0.75,4.0,64,8192,512,2048,1664,12196.232,14610.879,12069.288,-0.0526
mixed,128,96,0.75,4.0,64,8192,2048,8192,6656,28540.332,28532.142,25238.756,
mixed,128,96,0.75,4.0,256,0,128,512,416,3370.953,4169.434,3543.596,0.2162
mixed,128,96,0.75,4.0,256,0,512,2048,1664,11773.378,14317.914,11794.784,0.0084
mixed,128,96,0.75,4.0,256,0,2048,8192,6656,28495.049,28463.307,24890.396,
mixed,128,96,0.75,4.0,256,512,128,512,416,3462.73,4270.238,3628.271,0.205
mixed,128,96,0.75,4.0,256,512,512,2048,1664,11860.354,14404.314,11867.298,0.0027
mixed,128,96,0.75,4.0,256,512,2048,8192,6656,28520.523,28496.331,24915.26,
mixed,128,96,0.75,4.0,256,2048,128,512,416,3928.725,4657.637,4110.81,0.2498
mixed,128,96,0.75,4.0,256,2048,512,2048,1664,12115.209,14746.271,12077.989,-0.0141
mixed,128,96,0.75,4.0,256,2048,2048,8192,6656,28855.758,28868.627,25285.666,-277.418
mixed,128,96,0.75,4.0,256,8192,128,512,416,4771.881,5502.102,4981.869,0.2876
mixed,128,96,0.75,4.0,256,8192,512,2048,1664,12465.262,15158.247,12638.321,0.0643
mixed,128,96,0.75,4.0,256,8192,2048,8192,6656,29367.422,29330.621,25494.375,
mixed,128,96,0.75,4.0,1024,0,128,512,416,4212.603,5014.668,4367.104,0.1926
mixed,128,96,0.75,4.0,1024,0,512,2048,1664,12524.91,15045.381,12553.809,0.0115
mixed,128,96,0.75,4.0,1024,0,2048,8192,6656,29052.947,29053.141,25588.556,-17857.6856
mixed,128,96,0.75,4.0,1024,512,128,512,416,4601.154,5406.261,4738.374,0.1704
mixed,128,96,0.75,4.0,1024,512,512,2048,1664,12872.886,15412.623,12925.88,0.0209
mixed,128,96,0.75,4.0,1024,512,2048,8192,6656,29369.564,29360.733,25965.393,
mixed,128,96,0.75,4.0,1024,2048,128,512,416,5985.248,6703.728,6163.174,0.2476
mixed,128,96,0.75,4.0,1024,2048,512,2048,1664,14074.319,16593.447,13979.918,-0.0375
mixed,128,96,0.75,4.0,1024,2048,2048,8192,6656,30405.458,30412.465,27089.29,-473.265
mixed,128,96,0.75,4.0,1024,8192,128,512,416,7421.184,8172.785,7602.211,0.2409
mixed,128,96,0.75,4.0,1024,8192,512,2048,1664,15446.35,18131.688,15277.643,-0.0628
mixed,128,96,0.75,4.0,1024,8192,2048,8192,6656,31965.649,31944.082,28258.082,
mixed,128,96,0.75,4.0,4096,0,128,512,416,12336.651,13084.634,12496.462,0.2137
mixed,128,96,0.75,4.0,4096,0,512,2048,1664,20580.575,23164.277,20523.674,-0.022
mixed,128,96,0.75,4.0,4096,0,2048,8192,6656,36807.866,36751.098,33076.522,
mixed,128,96,0.75,4.0,4096,512,128,512,416,13807.754,14540.25,13948.749,0.1925
mixed,128,96,0.75,4.0,4096,512,512,2048,1664,22096.349,24652.022,22020.541,-0.0297
mixed,128,96,0.75,4.0,4096,512,2048,8192,6656,38312.092,38309.084,34604.909,
mixed,128,96,0.75,4.0,4096,2048,128,512,416,17151.026,17959.974,17318.868,0.2075
mixed,128,96,0.75,4.0,4096,2048,512,2048,1664,25504.455,28028.795,25440.55,-0.0253
mixed,128,96,0.75,4.0,4096,2048,2048,8192,6656,41705.379,41720.707,38048.63,-238.5666
mixed,128,96,0.75,4.0,4096,8192,128,512,416,18830.71,19636.328,18997.948,0.2076
mixed,128,96,0.75,4.0,4096,8192,512,2048,1664,27148.649,29698.946,27156.107,0.0029
mixed,128,96,0.75,4.0,4096,8192,2048,8192,6656,43442.185,43374.376,39794.171,
pure,128,115,0.8984,4.0,0,0,128,512,473,3666.67,4073.207,3778.577,0.2753
pure,128,115,0.8984,4.0,0,0,512,2048,1892,13019.192,14246.77,13197.372,0.1451
pure,128,115,0.8984,4.0,0,0,2048,8192,7568,28512.198,28479.079,27105.226,
mixed,128,115,0.8984,4.0,16,0,128,512,473,3664.496,4069.591,3778.546,0.2815
mixed,128,115,0.8984,4.0,16,0,512,2048,1892,13008.855,14228.626,13225.373,0.1775
mixed,128,115,0.8984,4.0,16,0,2048,8192,7568,28457.38,28455.718,27105.033,
mixed,128,115,0.8984,4.0,16,512,128,512,473,3704.625,4105.561,3805.394,0.2513
mixed,128,115,0.8984,4.0,16,512,512,2048,1892,13023.544,14224.276,13530.019,0.4218
mixed,128,115,0.8984,4.0,16,512,2048,8192,7568,28483.174,28453.669,27066.822,
mixed,128,115,0.8984,4.0,16,2048,128,512,473,3916.692,4306.782,4027.831,0.2849
mixed,128,115,0.8984,4.0,16,2048,512,2048,1892,13067.416,14291.602,13339.071,0.2219
mixed,128,115,0.8984,4.0,16,2048,2048,8192,7568,28487.973,28468.485,27138.662,
mixed,128,115,0.8984,4.0,16,8192,128,512,473,4587.139,4956.65,4694.565,0.2907
mixed,128,115,0.8984,4.0,16,8192,512,2048,1892,13430.209,14623.738,13635.109,0.1717
mixed,128,115,0.8984,4.0,16,8192,2048,8192,7568,28578.181,28507.78,27179.432,
mixed,128,115,0.8984,4.0,64,0,128,512,473,3673.712,4069.88,3785.329,0.2817
mixed,128,115,0.8984,4.0,64,0,512,2048,1892,13020.44,14235.059,13222.877,0.1667
mixed,128,115,0.8984,4.0,64,0,2048,8192,7568,28474.627,28445.669,27082.216,
mixed,128,115,0.8984,4.0,64,512,128,512,473,3705.007,4110.105,3814.77,0.271
mixed,128,115,0.8984,4.0,64,512,512,2048,1892,13033.017,14245.586,13282.174,0.2055
mixed,128,115,0.8984,4.0,64,512,2048,8192,7568,28470.565,28421.858,27071.588,
mixed,128,115,0.8984,4.0,64,2048,128,512,473,3937.556,4316.413,4034.358,0.2555
mixed,128,115,0.8984,4.0,64,2048,512,2048,1892,13084.249,14297.267,13342.046,0.2125
mixed,128,115,0.8984,4.0,64,2048,2048,8192,7568,28461.444,28439.492,27113.479,
mixed,128,115,0.8984,4.0,64,8192,128,512,473,4588.131,4958.507,4703.718,0.3121
mixed,128,115,0.8984,4.0,64,8192,512,2048,1892,13440.609,14636.411,13626.563,0.1555
mixed,128,115,0.8984,4.0,64,8192,2048,8192,7568,28571.013,28527.268,27169.449,
mixed,128,115,0.8984,4.0,256,0,128,512,473,3771.057,4173.209,3914.259,0.3561
mixed,128,115,0.8984,4.0,256,0,512,2048,1892,13101.048,14303.666,13327.325,0.1882
mixed,128,115,0.8984,4.0,256,0,2048,8192,7568,28526.146,28482.499,27114.214,
mixed,128,115,0.8984,4.0,256,512,128,512,473,3863.858,4262.906,4008.951,0.3636
mixed,128,115,0.8984,4.0,256,512,512,2048,1892,13216.825,14416.565,13395.392,0.1488
mixed,128,115,0.8984,4.0,256,512,2048,8192,7568,28559.042,28519.011,27049.219,
mixed,128,115,0.8984,4.0,256,2048,128,512,473,4299.612,4653.284,4456.065,0.4424
mixed,128,115,0.8984,4.0,256,2048,512,2048,1892,13494.688,14749.436,13576.578,0.0653
mixed,128,115,0.8984,4.0,256,2048,2048,8192,7568,28922.476,28868.202,27201.318,
mixed,128,115,0.8984,4.0,256,8192,128,512,473,5151.694,5496.565,5307.282,0.4511
mixed,128,115,0.8984,4.0,256,8192,512,2048,1892,13770.982,15147.94,14125.42,0.2574
mixed,128,115,0.8984,4.0,256,8192,2048,8192,7568,29370.262,29323.156,27590.927,
mixed,128,115,0.8984,4.0,1024,0,128,512,473,4607.458,5011.915,4733.191,0.3109
mixed,128,115,0.8984,4.0,1024,0,512,2048,1892,13826.023,15050.052,14016.364,0.1555
mixed,128,115,0.8984,4.0,1024,0,2048,8192,7568,29083.055,29040.784,27603.949,
mixed,128,115,0.8984,4.0,1024,512,128,512,473,4995.948,5402.131,5150.223,0.3798
mixed,128,115,0.8984,4.0,1024,512,512,2048,1892,14205.04,15403.434,14398.547,0.1615
mixed,128,115,0.8984,4.0,1024,512,2048,8192,7568,29388.406,29357.203,28006.424,
mixed,128,115,0.8984,4.0,1024,2048,128,512,473,6338.216,6706.959,6496.492,0.4292
mixed,128,115,0.8984,4.0,1024,2048,512,2048,1892,15368.49,16590.689,15393.575,0.0205
mixed,128,115,0.8984,4.0,1024,2048,2048,8192,7568,30439.69,30406.121,29084.462,
mixed,128,115,0.8984,4.0,1024,8192,128,512,473,7769.605,8163.632,7934.25,0.4179
mixed,128,115,0.8984,4.0,1024,8192,512,2048,1892,16865.545,18126.084,16957.389,0.0729
mixed,128,115,0.8984,4.0,1024,8192,2048,8192,7568,31990.091,31959.533,30129.542,
mixed,128,115,0.8984,4.0,4096,0,128,512,473,12698.256,13077.561,12839.475,0.3723
mixed,128,115,0.8984,4.0,4096,0,512,2048,1892,21889.623,23171.44,22112.665,0.174
mixed,128,115,0.8984,4.0,4096,0,2048,8192,7568,36842.004,36737.363,35193.553,
mixed,128,115,0.8984,4.0,4096,512,128,512,473,14148.846,14557.048,14257.394,0.2659
mixed,128,115,0.8984,4.0,4096,512,512,2048,1892,23394.839,24661.487,23576.888,0.1437
mixed,128,115,0.8984,4.0,4096,512,2048,8192,7568,38366.323,38320.691,36786.195,
mixed,128,115,0.8984,4.0,4096,2048,128,512,473,17536.373,17953.569,17681.342,0.3475
mixed,128,115,0.8984,4.0,4096,2048,512,2048,1892,26819.231,28085.495,26985.89,0.1316
mixed,128,115,0.8984,4.0,4096,2048,2048,8192,7568,41735.005,41707.323,40240.8,
mixed,128,115,0.8984,4.0,4096,8192,128,512,473,19218.107,19623.555,19350.238,0.3259
mixed,128,115,0.8984,4.0,4096,8192,512,2048,1892,28478.622,29682.138,28621.991,0.1191
mixed,128,115,0.8984,4.0,4096,8192,2048,8192,7568,43444.29,43417.313,41812.287,
pure,256,1,0.0039,4.0,0,0,128,512,129,2967.39,8056.044,2982.207,0.0029
pure,256,1,0.0039,4.0,0,0,512,2048,518,8067.661,28325.471,8131.438,0.0031
pure,256,1,0.0039,4.0,0,0,2048,8192,2072,28490.624,56634.138,28942.089,0.016
pure,256,2,0.0078,4.0,0,0,128,512,131,2978.593,8048.14,3001.312,0.0045
pure,256,2,0.0078,4.0,0,0,512,2048,524,8074.252,28313.565,8169.358,0.0047
pure,256,2,0.0078,4.0,0,0,2048,8192,2096,28551.295,56590.779,28967.05,0.0148
pure,256,3,0.0117,4.0,0,0,128,512,132,2982.016,8046.157,3018.272,0.0072
pure,256,3,0.0117,4.0,0,0,512,2048,530,8087.18,28312.511,8233.615,0.0072
pure,256,3,0.0117,4.0,0,0,2048,8192,2120,29179.342,56624.796,29010.411,-0.0062
pure,256,4,0.0156,4.0,0,0,128,512,134,2987.104,8048.461,3038.048,0.0101
pure,256,4,0.0156,4.0,0,0,512,2048,536,8096.366,28320.284,8318.897,0.011
pure,256,4,0.0156,4.0,0,0,2048,8192,2144,29276.463,56593.781,29102.029,-0.0064
pure,256,16,0.0625,4.0,0,0,128,512,152,3017.087,8056.364,3277.349,0.0516
pure,256,16,0.0625,4.0,0,0,512,2048,608,8942.496,28303.579,9248.229,0.0158
pure,256,16,0.0625,4.0,0,0,2048,8192,2432,33369.542,56629.24,30295.496,-0.1322
pure,256,32,0.125,4.0,0,0,128,512,176,3077.538,8054.989,3587.115,0.1024
pure,256,32,0.125,4.0,0,0,512,2048,704,10546.785,28302.459,10524.385,-0.0013
pure,256,32,0.125,4.0,0,0,2048,8192,2816,38485.619,56617.847,32088.588,-0.3528
pure,256,64,0.25,4.0,0,0,128,512,224,3840.531,8035.467,4229.467,0.0927
pure,256,64,0.25,4.0,0,0,512,2048,896,13076.022,28310.266,13014.743,-0.004
pure,256,64,0.25,4.0,0,0,2048,8192,3584,48718.637,56637.659,35534.645,-1.6649
pure,256,128,0.5,4.0,0,0,128,512,320,5478.421,8045.9,5501.557,0.009
pure,256,128,0.5,4.0,0,0,512,2048,1280,18175.236,28320.572,18048.449,-0.0125
pure,256,128,0.5,4.0,0,0,2048,8192,5120,56750.489,56650.361,42322.181,
pure,256,192,0.75,4.0,0,0,128,512,416,6423.849,8052.362,6764.817,0.2094
pure,256,192,0.75,4.0,0,0,512,2048,1664,23204.271,28304.443,23057.419,-0.0288
pure,256,192,0.75,4.0,0,0,2048,8192,6656,56715.863,56669.399,49333.372,
pure,256,230,0.8984,4.0,0,0,128,512,473,7222.713,8045.259,7483.264,0.3168
pure,256,230,0.8984,4.0,0,0,512,2048,1892,25910.152,28314.81,26145.998,0.0981
pure,256,230,0.8984,4.0,0,0,2048,8192,7568,56763.608,56648.18,53491.604,
mixed,8,1,0.125,1.5,16,0,128,192,136,141.188,173.956,155.332,0.4316
mixed,8,1,0.125,2.0,16,0,128,256,144,141.252,209.444,172.483,0.458
mixed,8,1,0.125,8.0,16,0,128,1024,240,178.435,633.71,381.225,0.4454
mixed,8,1,0.125,16.0,16,0,128,2048,368,248.517,1198.168,660.462,0.4338
mixed,32,4,0.125,1.5,16,0,128,192,136,389.257,490.573,401.545,0.1213
mixed,32,4,0.125,2.0,16,0,128,256,144,390.024,600.62,421.609,0.15
mixed,32,4,0.125,8.0,16,0,128,1024,240,504.076,1870.12,750.64,0.1805
mixed,32,4,0.125,16.0,16,0,128,2048,368,715.278,3560.268,1100.024,0.1352
mixed,8,4,0.5,1.5,16,0,128,192,160,142.819,173.379,157.284,0.4733
mixed,8,4,0.5,2.0,16,0,128,256,192,173.476,209.766,175.524,0.0564
pure,8,1,0.125,2.0,0,0,128,256,144,145.636,214.309,178.02,0.4716
pure,8,1,0.125,8.0,0,0,128,1024,240,182.66,639.535,387.431,0.4482
pure,8,1,0.125,16.0,0,0,128,2048,368,252.901,1203.353,666.733,0.4354
