prefill_chunk,kv_prefill,n_decode,kv_decode,time_us
0,0,1,16,14.3577
0,0,1,32,14.4217
0,0,1,64,14.507
0,0,1,128,19.681
0,0,1,256,19.9893
0,0,1,512,20.4703
0,0,1,1024,22.0487
0,0,1,2048,25.0257
0,0,1,4096,37.6123
0,0,1,8192,55.4583
0,0,1,16384,81.9123
0,0,1,32768,141.382
0,0,2,16,20.0863
0,0,2,32,20.1817
0,0,2,64,20.299
0,0,2,128,23.841
0,0,2,256,24.2463
0,0,2,512,25.377
0,0,2,1024,32.7153
0,0,2,2048,39.852
0,0,2,4096,55.5433
0,0,2,8192,80.9643
0,0,2,16384,140.848
0,0,2,32768,252.767
0,0,4,16,20.076
0,0,4,32,20.1503
0,0,4,64,20.2887
0,0,4,128,24.0117
0,0,4,256,24.9707
0,0,4,512,32.1827
0,0,4,1024,38.882
0,0,4,2048,60.984
0,0,4,4096,87.0007
0,0,4,8192,138.319
0,0,4,16384,238.814
0,0,4,32768,438.939
0,0,8,16,20.023
0,0,8,32,20.171
0,0,8,64,20.7047
0,0,8,128,24.6307
0,0,8,256,33.2803
0,0,8,512,45.699
0,0,8,1024,59.1487
0,0,8,2048,85.9347
0,0,8,4096,136.71
0,0,8,8192,237.022
0,0,8,16384,438.47
0,0,8,32768,838.305
0,0,16,16,20.4697
0,0,16,32,20.9387
0,0,16,64,21.7077
0,0,16,128,34.0917
0,0,16,256,46.306
0,0,16,512,59.3407
0,0,16,1024,85.3467
0,0,16,2048,134.928
0,0,16,4096,236.617
0,0,16,8192,439.419
0,0,16,16384,842.165
0,0,16,32768,1643.28
0,0,32,16,28.7907
0,0,32,32,29.378
0,0,32,64,30.6363
0,0,32,128,41.4733
0,0,32,256,56.077
0,0,32,512,81.4427
0,0,32,1024,131.248
0,0,32,2048,232.809
0,0,32,4096,436.794
0,0,32,8192,840.373
0,0,32,16384,1649.58
0,0,32,32768,3282.03
0,0,64,16,44.567
0,0,64,32,45.2503
0,0,64,64,48.2787
0,0,64,128,69.9753
0,0,64,256,96.345
0,0,64,512,147.856
0,0,64,1024,249.012
0,0,64,2048,452.828
0,0,64,4096,861.856
0,0,64,8192,1675.49
0,0,64,16384,3288.38
0,0,64,32768,6584.08
0,0,128,16,76.782
0,0,128,32,78.7863
0,0,128,64,81.5177
0,0,128,128,127.578
0,0,128,256,178.598
0,0,128,512,280.49
0,0,128,1024,483.122
0,0,128,2048,892.982
0,0,128,4096,1702.85
0,0,128,8192,3330.59
0,0,128,16384,6570.75
0,0,256,16,142.491
0,0,256,32,144.293
0,0,256,64,148.336
0,0,256,128,238.633
0,0,256,256,338.935
0,0,256,512,542.696
0,0,256,1024,944.184
0,0,256,2048,1765.18
0,0,256,4096,3387.09
0,0,256,8192,6639.44
16,0,0,0,14.7523
16,0,1,16,14.5077
16,0,1,32,14.5927
16,0,1,64,14.5707
16,0,1,128,19.5207
16,0,1,256,25.387
16,0,1,512,37.1533
16,0,1,1024,61.0153
16,0,1,2048,108.964
16,0,1,4096,205.266
16,0,1,8192,396.505
16,0,1,16384,779.036
16,0,1,32768,1544.08
16,0,2,16,14.6137
16,0,2,32,14.6137
16,0,2,64,14.5817
16,0,2,128,19.6273
16,0,2,256,25.58
16,0,2,512,37.484
16,0,2,1024,61.5173
16,0,2,2048,109.732
16,0,2,4096,205.778
16,0,2,8192,397.347
16,0,2,16384,780.828
16,0,2,32768,1547.78
16,0,4,16,14.667
16,0,4,32,14.614
16,0,4,64,14.6563
16,0,4,128,19.6487
16,0,4,256,25.6437
16,0,4,512,37.3773
16,0,4,1024,61.528
16,0,4,2048,110.052
16,0,4,4096,206.322
16,0,4,8192,397.924
16,0,4,16384,781.532
16,0,4,32768,1547.06
16,0,8,16,22.5283
16,0,8,32,22.614
16,0,8,64,22.7527
16,0,8,128,29.6973
16,0,8,256,35.5423
16,0,8,512,47.415
16,0,8,1024,71.0313
16,0,8,2048,117.999
16,0,8,4096,213.917
16,0,8,8192,403.939
16,0,8,16384,786.449
16,0,8,32768,1552.73
16,0,16,16,23.0197
16,0,16,32,23.147
16,0,16,64,23.713
16,0,16,128,34.2303
16,0,16,256,46.4863
16,0,16,512,71.4373
16,0,16,1024,120.537
16,0,16,2048,217.469
16,0,16,4096,411.865
16,0,16,8192,800.093
16,0,16,16384,1576.39
16,0,16,32768,3125.92
16,0,32,16,38.5397
16,0,32,32,38.9027
16,0,32,64,39.5857
16,0,32,128,61.7413
16,0,32,256,86.0937
16,0,32,512,134.49
16,0,32,1024,231.997
16,0,32,2048,424.42
16,0,32,4096,809.852
16,0,32,8192,1581.03
16,0,32,16384,3128.47
16,0,32,32768,6236.58
16,0,64,16,70.0293
16,0,64,32,70.776
16,0,64,64,72.5353
16,0,64,128,117.221
16,0,64,256,168.081
16,0,64,512,269.705
16,0,64,1024,471.035
16,0,64,2048,875.391
16,0,64,4096,1685.32
16,0,64,8192,3298.29
16,0,64,16384,6529.23
16,0,64,32768,13009.8
16,0,128,16,133.797
16,0,128,32,135.525
16,0,128,64,139.002
16,0,128,128,231.944
16,0,128,256,331.51
16,0,128,512,530.803
16,0,128,1024,932.981
16,0,128,2048,1738.73
16,0,128,4096,3349.59
16,0,128,8192,6566.75
16,0,128,16384,13083.5
16,16,0,0,14.955
16,16,1,16,14.6453
16,16,1,32,14.6777
16,16,1,64,14.7103
16,16,1,128,19.4667
16,16,1,256,25.398
16,16,1,512,37.2817
16,16,1,1024,61.133
16,16,1,2048,108.942
16,16,1,4096,205.106
16,16,1,8192,396.291
16,16,1,16384,779.792
16,16,1,32768,1546.81
16,16,2,16,14.742
16,16,2,32,14.7523
16,16,2,64,14.8377
16,16,2,128,19.6597
16,16,2,256,25.5793
16,16,2,512,37.377
16,16,2,1024,61.5167
16,16,2,2048,109.743
16,16,2,4096,205.991
16,16,2,8192,397.88
16,16,2,16384,780.325
16,16,2,32768,1546.73
16,16,4,16,14.7953
16,16,4,32,14.8373
16,16,4,64,14.9123
16,16,4,128,19.6387
16,16,4,256,25.558
16,16,4,512,37.3773
16,16,4,1024,61.538
16,16,4,2048,109.838
16,16,4,4096,205.831
16,16,4,8192,397.645
16,16,4,16384,780.689
16,16,4,32768,1546.46
16,16,8,16,22.551
16,16,8,32,22.9127
16,16,8,64,23.4357
16,16,8,128,29.729
16,16,8,256,35.7237
16,16,8,512,47.6603
16,16,8,1024,71.3303
16,16,8,2048,119.108
16,16,8,4096,214.418
16,16,8,8192,404.633
16,16,8,16384,785.168
16,16,8,32768,1552.1
16,16,16,16,23.0403
16,16,16,32,23.18
16,16,16,64,23.8303
16,16,16,128,34.2413
16,16,16,256,46.466
16,16,16,512,71.5123
16,16,16,1024,120.825
16,16,16,2048,218.13
16,16,16,4096,411.577
16,16,16,8192,799.739
16,16,16,16384,1576.88
16,16,16,32768,3130.71
16,16,32,16,38.7107
16,16,32,32,39.148
16,16,32,64,39.8733
16,16,32,128,61.762
16,16,32,256,86.0403
16,16,32,512,134.437
16,16,32,1024,231.559
16,16,32,2048,424.206
16,16,32,4096,809.447
16,16,32,8192,1581.4
16,16,32,16384,3129.95
16,16,32,32768,6220.27
16,16,64,16,70.296
16,16,64,32,71.0313
16,16,64,64,72.856
16,16,64,128,117.007
16,16,64,256,167.92
16,16,64,512,270.014
16,16,64,1024,473.008
16,16,64,2048,875.848
16,16,64,4096,1682.3
16,16,64,8192,3301.41
16,16,64,16384,6536.47
16,16,64,32768,13003.3
16,16,128,16,133.85
16,16,128,32,135.386
16,16,128,64,139.066
16,16,128,128,231.901
16,16,128,256,331.776
16,16,128,512,530.78
16,16,128,1024,930.42
16,16,128,2048,1736.06
16,16,128,4096,3351.6
16,16,128,8192,6575.41
16,16,128,16384,13083.6
16,32,0,0,14.9443
16,32,1,16,14.6997
16,32,1,32,14.6883
16,32,1,64,14.7953
16,32,1,128,19.4563
16,32,1,256,25.4303
16,32,1,512,37.1853
16,32,1,1024,61.143
16,32,1,2048,108.783
16,32,1,4096,204.817
16,32,1,8192,395.33
16,32,1,16384,779.129
16,32,1,32768,1545.5
16,32,2,16,14.731
16,32,2,32,14.848
16,32,2,64,14.9127
16,32,2,128,19.627
16,32,2,256,25.5583
16,32,2,512,37.4733
16,32,2,1024,61.666
16,32,2,2048,109.796
16,32,2,4096,206.044
16,32,2,8192,398.04
16,32,2,16384,782.191
16,32,2,32768,1549.41
16,32,4,16,14.8483
16,32,4,32,14.9017
16,32,4,64,15.083
16,32,4,128,19.702
16,32,4,256,25.5163
16,32,4,512,37.4307
16,32,4,1024,61.4093
16,32,4,2048,109.913
16,32,4,4096,206.172
16,32,4,8192,397.965
16,32,4,16384,781.925
16,32,4,32768,1547.31
16,32,8,16,22.7
16,32,8,32,22.881
16,32,8,64,23.3717
16,32,8,128,29.9313
16,32,8,256,35.7557
16,32,8,512,47.5757
16,32,8,1024,71.394
16,32,8,2048,118.628
16,32,8,4096,214.897
16,32,8,8192,404.354
16,32,8,16384,784.569
16,32,8,32768,1550.67
16,32,16,16,22.9347
16,32,16,32,23.2113
16,32,16,64,23.8193
16,32,16,128,34.284
16,32,16,256,46.625
16,32,16,512,71.3517
16,32,16,1024,120.633
16,32,16,2048,217.841
16,32,16,4096,411.694
16,32,16,8192,800.367
16,32,16,16384,1575.76
16,32,16,32768,3131.42
16,32,32,16,38.796
16,32,32,32,39.1267
16,32,32,64,40.0013
16,32,32,128,61.7513
16,32,32,256,86.275
16,32,32,512,134.564
16,32,32,1024,232.04
16,32,32,2048,424.099
16,32,32,4096,809.69
16,32,32,8192,1583.03
16,32,32,16384,3125.7
16,32,32,32768,6221.95
16,32,64,16,70.2107
16,32,64,32,70.9997
16,32,64,64,72.92
16,32,64,128,117.241
16,32,64,256,167.909
16,32,64,512,269.929
16,32,64,1024,471.237
16,32,64,2048,876.072
16,32,64,4096,1681.71
16,32,64,8192,3301.91
16,32,64,16384,6531.86
16,32,64,32768,13011.6
16,32,128,16,133.796
16,32,128,32,135.343
16,32,128,64,138.97
16,32,128,128,231.634
16,32,128,256,331.712
16,32,128,512,530.289
16,32,128,1024,930.27
16,32,128,2048,1738.99
16,32,128,4096,3350.44
16,32,128,8192,6587.5
16,32,128,16384,13058.9
16,64,0,0,15.009
16,64,1,16,14.7103
16,64,1,32,14.6673
16,64,1,64,14.8597
16,64,1,128,19.4673
16,64,1,256,25.4087
16,64,1,512,37.2277
16,64,1,1024,60.973
16,64,1,2048,108.59
16,64,1,4096,204.465
16,64,1,8192,396.045
16,64,1,16384,779.406
16,64,1,32768,1544.98
16,64,2,16,14.7417
16,64,2,32,14.7527
16,64,2,64,14.9337
16,64,2,128,19.6803
16,64,2,256,25.5583
16,64,2,512,37.5903
16,64,2,1024,61.581
16,64,2,2048,109.827
16,64,2,4096,206.151
16,64,2,8192,397.795
16,64,2,16384,780.879
16,64,2,32768,1548.48
16,64,4,16,14.8273
16,64,4,32,14.87
16,64,4,64,15.104
16,64,4,128,19.6593
16,64,4,256,25.59
16,64,4,512,37.409
16,64,4,1024,61.591
16,64,4,2048,109.956
16,64,4,4096,206.034
16,64,4,8192,398.135
16,64,4,16384,781.902
16,64,4,32768,1548.11
16,64,8,16,22.6353
16,64,8,32,22.9767
16,64,8,64,23.393
16,64,8,128,29.9207
16,64,8,256,35.7877
16,64,8,512,47.468
16,64,8,1024,71.2983
16,64,8,2048,119.471
16,64,8,4096,213.926
16,64,8,8192,405.293
16,64,8,16384,786.563
16,64,8,32768,1550.99
16,64,16,16,23.094
16,64,16,32,23.2117
16,64,16,64,23.6917
16,64,16,128,34.1877
16,64,16,256,46.433
16,64,16,512,71.4907
16,64,16,1024,120.9
16,64,16,2048,217.703
16,64,16,4096,412.013
16,64,16,8192,800.015
16,64,16,16384,1574.5
16,64,16,32768,3129.17
16,64,32,16,38.7957
16,64,32,32,39.063
16,64,32,64,39.9907
16,64,32,128,61.7087
16,64,32,256,86.1257
16,64,32,512,134.341
16,64,32,1024,232.125
16,64,32,2048,423.992
16,64,32,4096,810.287
16,64,32,8192,1580.35
16,64,32,16384,3134.44
16,64,32,32768,6216.92
16,64,64,16,70.2103
16,64,64,32,71.1487
16,64,64,64,73.122
16,64,64,128,117.188
16,64,64,256,168.272
16,64,64,512,269.801
16,64,64,1024,471.364
16,64,64,2048,876.219
16,64,64,4096,1680.99
16,64,64,8192,3302.95
16,64,64,16384,6519.51
16,64,64,32768,13009.2
16,64,128,16,133.892
16,64,128,32,135.396
16,64,128,64,139.289
16,64,128,128,231.997
16,64,128,256,331.498
16,64,128,512,531.056
16,64,128,1024,930.824
16,64,128,2048,1735.48
16,64,128,4096,3349.5
16,64,128,8192,6577.34
16,64,128,16384,13067.6
16,128,0,0,20.6627
16,128,1,16,19.7557
16,128,1,32,19.6487
16,128,1,64,19.7023
16,128,1,128,20.3733
16,128,1,256,25.43
16,128,1,512,37.2277
16,128,1,1024,61.1113
16,128,1,2048,108.804
16,128,1,4096,204.935
16,128,1,8192,395.852
16,128,1,16384,778.776
16,128,1,32768,1544.58
16,128,2,16,19.7763
16,128,2,32,19.702
16,128,2,64,19.766
16,128,2,128,20.4277
16,128,2,256,25.5897
16,128,2,512,37.4413
16,128,2,1024,61.655
16,128,2,2048,109.806
16,128,2,4096,205.98
16,128,2,8192,397.73
16,128,2,16384,781.176
16,128,2,32768,1548.51
16,128,4,16,19.6063
16,128,4,32,19.6807
16,128,4,64,19.67
16,128,4,128,20.5017
16,128,4,256,25.5903
16,128,4,512,37.3773
16,128,4,1024,61.3457
16,128,4,2048,109.988
16,128,4,4096,206.043
16,128,4,8192,397.847
16,128,4,16384,781.283
16,128,4,32768,1547
16,128,8,16,22.6247
16,128,8,32,22.923
16,128,8,64,23.5093
16,128,8,128,34.3373
16,128,8,256,42.049
16,128,8,512,54.9023
16,128,8,1024,78.178
16,128,8,2048,125.401
16,128,8,4096,220.359
16,128,8,8192,411.692
16,128,8,16384,793.368
16,128,8,32768,1553.99
16,128,16,16,28.6513
16,128,16,32,28.8113
16,128,16,64,28.9717
16,128,16,128,35.009
16,128,16,256,46.4763
16,128,16,512,71.3193
16,128,16,1024,120.814
16,128,16,2048,217.595
16,128,16,4096,411.703
16,128,16,8192,799.812
16,128,16,16384,1576.82
16,128,16,32768,3132.26
16,128,32,16,44.343
16,128,32,32,44.812
16,128,32,64,45.4623
16,128,32,128,62.295
16,128,32,256,85.9547
16,128,32,512,134.575
16,128,32,1024,231.858
16,128,32,2048,424.13
16,128,32,4096,810.052
16,128,32,8192,1582.21
16,128,32,16384,3131.58
16,128,32,32768,6230.09
16,128,64,16,70.3167
16,128,64,32,71.202
16,128,64,64,73.026
16,128,64,128,118.223
16,128,64,256,168.453
16,128,64,512,269.598
16,128,64,1024,470.884
16,128,64,2048,876.326
16,128,64,4096,1683.78
16,128,64,8192,3305.42
16,128,64,16384,6535.23
16,128,64,32768,13036.3
16,128,128,16,134.063
16,128,128,32,135.493
16,128,128,64,139.066
16,128,128,128,233.735
16,128,128,256,332.586
16,128,128,512,530.331
16,128,128,1024,929.02
16,128,128,2048,1739.55
16,128,128,4096,3340.49
16,128,128,8192,6580.62
16,128,128,16384,13080.5
16,256,0,0,26.5933
16,256,1,16,25.5793
16,256,1,32,25.601
16,256,1,64,25.6117
16,256,1,128,25.6647
16,256,1,256,26.2513
16,256,1,512,37.26
16,256,1,1024,61.1427
16,256,1,2048,108.846
16,256,1,4096,204.966
16,256,1,8192,395.596
16,256,1,16384,779.458
16,256,1,32768,1545.6
16,256,2,16,25.6863
16,256,2,32,25.6433
16,256,2,64,25.6863
16,256,2,128,25.6863
16,256,2,256,26.3373
16,256,2,512,37.5157
16,256,2,1024,61.6873
16,256,2,2048,109.891
16,256,2,4096,205.99
16,256,2,8192,397.73
16,256,2,16384,781.528
16,256,2,32768,1548.59
16,256,4,16,25.462
16,256,4,32,25.4943
16,256,4,64,25.494
16,256,4,128,25.515
16,256,4,256,26.5497
16,256,4,512,37.5157
16,256,4,1024,61.7517
16,256,4,2048,110.073
16,256,4,4096,205.969
16,256,4,8192,397.815
16,256,4,16384,781.474
16,256,4,32768,1548.87
16,256,8,16,25.6433
16,256,8,32,25.6433
16,256,8,64,25.633
16,256,8,128,34.4757
16,256,8,256,46.7113
16,256,8,512,60.8653
16,256,8,1024,84.451
16,256,8,2048,131.695
16,256,8,4096,227.132
16,256,8,8192,416.769
16,256,8,16384,797.698
16,256,8,32768,1560.39
16,256,16,16,34.5503
16,256,16,32,34.5823
16,256,16,64,34.8813
16,256,16,128,41.036
16,256,16,256,47.5213
16,256,16,512,71.074
16,256,16,1024,120.184
16,256,16,2048,217.81
16,256,16,4096,411.778
16,256,16,8192,800.813
16,256,16,16384,1575.59
16,256,16,32768,3129.95
16,256,32,16,50.2313
16,256,32,32,50.4013
16,256,32,64,51.1267
16,256,32,128,67.799
16,256,32,256,86.9677
16,256,32,512,134.095
16,256,32,1024,231.773
16,256,32,2048,424.205
16,256,32,4096,809.624
16,256,32,8192,1580.67
16,256,32,16384,3124.69
16,256,32,32768,6215.13
16,256,64,16,74.242
16,256,64,32,75.17
16,256,64,64,77.5487
16,256,64,128,118.479
16,256,64,256,169.584
16,256,64,512,269.821
16,256,64,1024,470.627
16,256,64,2048,876.229
16,256,64,4096,1687.38
16,256,64,8192,3301.39
16,256,64,16384,6536.91
16,256,64,32768,13042
16,256,128,16,134.041
16,256,128,32,135.898
16,256,128,64,139.62
16,256,128,128,233.265
16,256,128,256,334.346
16,256,128,512,531.728
16,256,128,1024,929.809
16,256,128,2048,1737.32
16,256,128,4096,3348.95
16,256,128,8192,6580.51
16,256,128,16384,13074.5
16,512,0,0,38.2623
16,512,1,16,37.473
16,512,1,32,37.42
16,512,1,64,37.4837
16,512,1,128,37.409
16,512,1,256,37.4517
16,512,1,512,37.9
16,512,1,1024,60.9937
16,512,1,2048,108.664
16,512,1,4096,204.742
16,512,1,8192,394.646
16,512,1,16384,778.7
16,512,1,32768,1541.15
16,512,2,16,37.4623
16,512,2,32,37.463
16,512,2,64,37.537
16,512,2,128,37.506
16,512,2,256,37.548
16,512,2,512,38.0497
16,512,2,1024,61.73
16,512,2,2048,109.688
16,512,2,4096,206.022
16,512,2,8192,397.782
16,512,2,16384,781.154
16,512,2,32768,1548.09
16,512,4,16,37.3133
16,512,4,32,37.3343
16,512,4,64,37.3347
16,512,4,128,37.3343
16,512,4,256,37.4303
16,512,4,512,38.1987
16,512,4,1024,61.73
16,512,4,2048,109.934
16,512,4,4096,206.097
16,512,4,8192,398.359
16,512,4,16384,781.516
16,512,4,32768,1547.83
16,512,8,16,37.409
16,512,8,32,37.4943
16,512,8,64,37.4307
16,512,8,128,37.6013
16,512,8,256,46.8063
16,512,8,512,70.477
16,512,8,1024,97.1437
16,512,8,2048,146.361
16,512,8,4096,241.511
16,512,8,8192,435.906
16,512,8,16384,820.365
16,512,8,32768,1588.63
16,512,16,16,46.145
16,512,16,32,46.3477
16,512,16,64,46.5503
16,512,16,128,52.2573
16,512,16,256,59.9483
16,512,16,512,72.0873
16,512,16,1024,120.686
16,512,16,2048,217.639
16,512,16,4096,411.842
16,512,16,8192,800.397
16,512,16,16384,1576.34
16,512,16,32768,3132.35
16,512,32,16,61.9427
16,512,32,32,62.3487
16,512,32,64,63.1483
16,512,32,128,79.437
16,512,32,256,97.72
16,512,32,512,135.14
16,512,32,1024,231.825
16,512,32,2048,424.663
16,512,32,4096,810.093
16,512,32,8192,1582.15
16,512,32,16384,3131.86
16,512,32,32768,6222.67
16,512,64,16,86.2747
16,512,64,32,87.1813
16,512,64,64,89.784
16,512,64,128,122.82
16,512,64,256,169.253
16,512,64,512,271.356
16,512,64,1024,471.449
16,512,64,2048,875.61
16,512,64,4096,1688.01
16,512,64,8192,3310.22
16,512,64,16384,6537.87
16,512,64,32768,13034.5
16,512,128,16,142.575
16,512,128,32,143.897
16,512,128,64,147.46
16,512,128,128,234.034
16,512,128,256,333.684
16,512,128,512,533.936
16,512,128,1024,931.921
16,512,128,2048,1735.43
16,512,128,4096,3352.41
16,512,128,8192,6581.77
16,512,128,16384,13046.3
16,1024,0,0,62.1777
16,1024,1,16,61.41
16,1024,1,32,61.3137
16,1024,1,64,61.4417
16,1024,1,128,61.431
16,1024,1,256,61.5167
16,1024,1,512,61.495
16,1024,1,1024,61.7833
16,1024,1,2048,108.985
16,1024,1,4096,205.009
16,1024,1,8192,395.105
16,1024,1,16384,777.249
16,1024,1,32768,1543.52
16,1024,2,16,61.41
16,1024,2,32,61.431
16,1024,2,64,61.4093
16,1024,2,128,61.4313
16,1024,2,256,61.4307
16,1024,2,512,61.442
16,1024,2,1024,62.0283
16,1024,2,2048,109.699
16,1024,2,4096,205.734
16,1024,2,8192,397.623
16,1024,2,16384,780.651
16,1024,2,32768,1548.78
16,1024,4,16,61.3353
16,1024,4,32,61.3137
16,1024,4,64,61.335
16,1024,4,128,61.3887
16,1024,4,256,61.4203
16,1024,4,512,61.431
16,1024,4,1024,61.9967
16,1024,4,2048,109.944
16,1024,4,4096,206.033
16,1024,4,8192,397.878
16,1024,4,16384,780.961
16,1024,4,32768,1547.75
16,1024,8,16,61.431
16,1024,8,32,61.4093
16,1024,8,64,61.4527
16,1024,8,128,61.6333
16,1024,8,256,61.719
16,1024,8,512,70.5407
16,1024,8,1024,118.51
16,1024,8,2048,170.053
16,1024,8,4096,267.186
16,1024,8,8192,459.874
16,1024,8,16384,844.579
16,1024,8,32768,1616.33
16,1024,16,16,69.6023
16,1024,16,32,69.8047
16,1024,16,64,70.0713
16,1024,16,128,75.778
16,1024,16,256,82.733
16,1024,16,512,97.635
16,1024,16,1024,121.54
16,1024,16,2048,217.851
16,1024,16,4096,411.648
16,1024,16,8192,800.78
16,1024,16,16384,1577.18
16,1024,16,32768,3131.25
16,1024,32,16,85.41
16,1024,32,32,85.6237
16,1024,32,64,86.5727
16,1024,32,128,102.563
16,1024,32,256,120.91
16,1024,32,512,157.252
16,1024,32,1024,232.593
16,1024,32,2048,424.898
16,1024,32,4096,810.615
16,1024,32,8192,1584.18
16,1024,32,16384,3128.91
16,1024,32,32768,6231.91
16,1024,64,16,116.163
16,1024,64,32,116.718
16,1024,64,64,118.019
16,1024,64,128,146.437
16,1024,64,256,185.723
16,1024,64,512,271.357
16,1024,64,1024,472.472
16,1024,64,2048,876.271
16,1024,64,4096,1685.99
16,1024,64,8192,3308.47
16,1024,64,16384,6539.15
16,1024,64,32768,13061
16,1024,128,16,166.767
16,1024,128,32,167.984
16,1024,128,64,172.005
16,1024,128,128,247.89
16,1024,128,256,334.89
16,1024,128,512,534.5
16,1024,128,1024,934.725
16,1024,128,2048,1739.54
16,1024,128,4096,3351.88
16,1024,128,8192,6570.61
16,1024,128,16384,13068.3
16,2048,0,0,110.371
16,2048,1,16,109.528
16,2048,1,32,109.486
16,2048,1,64,109.486
16,2048,1,128,109.475
16,2048,1,256,109.56
16,2048,1,512,109.55
16,2048,1,1024,109.688
16,2048,1,2048,109.71
16,2048,1,4096,204.294
16,2048,1,8192,395.456
16,2048,1,16384,778.112
16,2048,1,32768,1543.56
16,2048,2,16,109.518
16,2048,2,32,109.497
16,2048,2,64,109.507
16,2048,2,128,109.528
16,2048,2,256,109.657
16,2048,2,512,109.742
16,2048,2,1024,109.774
16,2048,2,2048,109.89
16,2048,2,4096,206.001
16,2048,2,8192,397.846
16,2048,2,16384,781.356
16,2048,2,32768,1548.91
16,2048,4,16,109.294
16,2048,4,32,109.219
16,2048,4,64,109.4
16,2048,4,128,109.336
16,2048,4,256,109.39
16,2048,4,512,109.528
16,2048,4,1024,109.657
16,2048,4,2048,110.211
16,2048,4,4096,206.32
16,2048,4,8192,397.953
16,2048,4,16384,780.801
16,2048,4,32768,1547.15
16,2048,8,16,109.517
16,2048,8,32,109.55
16,2048,8,64,109.593
16,2048,8,128,109.656
16,2048,8,256,109.752
16,2048,8,512,110.414
16,2048,8,1024,118.542
16,2048,8,2048,214.449
16,2048,8,4096,315.038
16,2048,8,8192,508.91
16,2048,8,16384,894.276
16,2048,8,32768,1664.26
16,2048,16,16,116.728
16,2048,16,32,116.74
16,2048,16,64,116.75
16,2048,16,128,122.552
16,2048,16,256,129.007
16,2048,16,512,141.53
16,2048,16,1024,170.277
16,2048,16,2048,218.406
16,2048,16,4096,412.237
16,2048,16,8192,800.833
16,2048,16,16384,1577.13
16,2048,16,32768,3132.47
16,2048,32,16,132.207
16,2048,32,32,132.623
16,2048,32,64,133.529
16,2048,32,128,149.604
16,2048,32,256,168.101
16,2048,32,512,203.91
16,2048,32,1024,279.677
16,2048,32,2048,425.036
16,2048,32,4096,811.383
16,2048,32,8192,1584.99
16,2048,32,16384,3136.67
16,2048,32,32768,6218.91
16,2048,64,16,162.81
16,2048,64,32,163.642
16,2048,64,64,164.623
16,2048,64,128,205.009
16,2048,64,256,247.911
16,2048,64,512,313.513
16,2048,64,1024,473.571
16,2048,64,2048,875.897
16,2048,64,4096,1685.08
16,2048,64,8192,3309.18
16,2048,64,16384,6544.6
16,2048,64,32768,13057.8
16,2048,128,16,218.641
16,2048,128,32,219.387
16,2048,128,64,223.345
16,2048,128,128,297.64
16,2048,128,256,379.904
16,2048,128,512,543.769
16,2048,128,1024,936.186
16,2048,128,2048,1747.48
16,2048,128,4096,3347.67
16,2048,128,8192,6587.02
16,2048,128,16384,13075.3
16,4096,0,0,206.353
16,4096,1,16,206.107
16,4096,1,32,206.267
16,4096,1,64,206.171
16,4096,1,128,206.171
16,4096,1,256,206.192
16,4096,1,512,206.203
16,4096,1,1024,206.266
16,4096,1,2048,205.638
16,4096,1,4096,205.542
16,4096,1,8192,396.149
16,4096,1,16384,777.813
16,4096,1,32768,1545.51
16,4096,2,16,205.968
16,4096,2,32,206.022
16,4096,2,64,205.979
16,4096,2,128,206.085
16,4096,2,256,206.257
16,4096,2,512,206.352
16,4096,2,1024,206.385
16,4096,2,2048,205.776
16,4096,2,4096,206.171
16,4096,2,8192,397.813
16,4096,2,16384,781.665
16,4096,2,32768,1548.85
16,4096,4,16,205.168
16,4096,4,32,205.179
16,4096,4,64,205.264
16,4096,4,128,205.232
16,4096,4,256,205.233
16,4096,4,512,205.435
16,4096,4,1024,205.893
16,4096,4,2048,205.936
16,4096,4,4096,206.609
16,4096,4,8192,397.931
16,4096,4,16384,781.814
16,4096,4,32768,1548.02
16,4096,8,16,205.445
16,4096,8,32,205.392
16,4096,8,64,205.478
16,4096,8,128,205.563
16,4096,8,256,205.894
16,4096,8,512,206.043
16,4096,8,1024,206.939
16,4096,8,2048,215.025
16,4096,8,4096,406.678
16,4096,8,8192,603.932
16,4096,8,16384,989.114
16,4096,8,32768,1759.26
16,4096,16,16,210.64
16,4096,16,32,210.896
16,4096,16,64,210.502
16,4096,16,128,216.379
16,4096,16,256,223.515
16,4096,16,512,235.558
16,4096,16,1024,262.77
16,4096,16,2048,316.787
16,4096,16,4096,412.065
16,4096,16,8192,800.448
16,4096,16,16384,1577.29
16,4096,16,32768,3133.35
16,4096,32,16,226.001
16,4096,32,32,226.833
16,4096,32,64,227.377
16,4096,32,128,243.634
16,4096,32,256,262.418
16,4096,32,512,298.088
16,4096,32,1024,371.658
16,4096,32,2048,519.065
16,4096,32,4096,810.336
16,4096,32,8192,1581.58
16,4096,32,16384,3134.33
16,4096,32,32768,6224.37
16,4096,64,16,256.679
16,4096,64,32,256.924
16,4096,64,64,258.13
16,4096,64,128,298.067
16,4096,64,256,341.79
16,4096,64,512,431.095
16,4096,64,1024,562.362
16,4096,64,2048,876.227
16,4096,64,4096,1687.81
16,4096,64,8192,3306.33
16,4096,64,16384,6533.19
16,4096,64,32768,13052.4
16,4096,128,16,312.148
16,4096,128,32,313.427
16,4096,128,64,317.63
16,4096,128,128,400.043
16,4096,128,256,476.674
16,4096,128,512,641.948
16,4096,128,1024,969.712
16,4096,128,2048,1748.25
16,4096,128,4096,3372.51
16,4096,128,8192,6580.55
16,4096,128,16384,13044.9
16,8192,0,0,398.582
16,8192,1,16,398.283
16,8192,1,32,398.197
16,8192,1,64,398.261
16,8192,1,128,398.24
16,8192,1,256,398.304
16,8192,1,512,398.208
16,8192,1,1024,398.347
16,8192,1,2048,398.358
16,8192,1,4096,398.539
16,8192,1,8192,397.601
16,8192,1,16384,778.4
16,8192,1,32768,1543.71
16,8192,2,16,398.016
16,8192,2,32,398.016
16,8192,2,64,398.07
16,8192,2,128,397.953
16,8192,2,256,398.379
16,8192,2,512,398.272
16,8192,2,1024,398.134
16,8192,2,2048,398.528
16,8192,2,4096,398.591
16,8192,2,8192,398.357
16,8192,2,16384,781.397
16,8192,2,32768,1547.4
16,8192,4,16,397.067
16,8192,4,32,397.077
16,8192,4,64,397.163
16,8192,4,128,397.227
16,8192,4,256,397.078
16,8192,4,512,397.141
16,8192,4,1024,397.76
16,8192,4,2048,397.76
16,8192,4,4096,397.857
16,8192,4,8192,398.25
16,8192,4,16384,780.778
16,8192,4,32768,1546.95
16,8192,8,16,397.825
16,8192,8,32,397.952
16,8192,8,64,397.76
16,8192,8,128,398.005
16,8192,8,256,398.197
16,8192,8,512,398.485
16,8192,8,1024,399.414
16,8192,8,2048,399.36
16,8192,8,4096,407.361
16,8192,8,8192,790.913
16,8192,8,16384,1180.19
16,8192,8,32768,1949.85
16,8192,16,16,401.76
16,8192,16,32,400.501
16,8192,16,64,401.685
16,8192,16,128,405.142
16,8192,16,256,410.891
16,8192,16,512,422.892
16,8192,16,1024,450.316
16,8192,16,2048,502.392
16,8192,16,4096,608.997
16,8192,16,8192,800.694
16,8192,16,16384,1577.23
16,8192,16,32768,3133.77
16,8192,32,16,413.569
16,8192,32,32,414.262
16,8192,32,64,414.923
16,8192,32,128,430.699
16,8192,32,256,448.599
16,8192,32,512,485.688
16,8192,32,1024,559.429
16,8192,32,2048,705.193
16,8192,32,4096,1000.75
16,8192,32,8192,1580.9
16,8192,32,16384,3134.14
16,8192,32,32768,6227.07
16,8192,64,16,443.735
16,8192,64,32,444.791
16,8192,64,64,445.249
16,8192,64,128,485.634
16,8192,64,256,529.828
16,8192,64,512,618.843
16,8192,64,1024,797.131
16,8192,64,2048,1064.86
16,8192,64,4096,1687.16
16,8192,64,8192,3311.06
16,8192,64,16384,6535.88
16,8192,64,32768,13049.2
16,8192,128,16,498.808
16,8192,128,32,500.77
16,8192,128,64,504.773
16,8192,128,128,587.952
16,8192,128,256,676.509
16,8192,128,512,855.884
16,8192,128,1024,1163.06
16,8192,128,2048,1827.86
16,8192,128,4096,3371.51
16,8192,128,8192,6613.35
16,8192,128,16384,13083.1
16,16384,0,0,779.424
16,16384,1,16,779.765
16,16384,1,32,779.754
16,16384,1,64,780.021
16,16384,1,128,779.861
16,16384,1,256,779.733
16,16384,1,512,779.968
16,16384,1,1024,779.946
16,16384,1,2048,779.445
16,16384,1,4096,779.925
16,16384,1,8192,780.02
16,16384,1,16384,779.925
16,16384,1,32768,1544.64
16,16384,2,16,779.626
16,16384,2,32,779.424
16,16384,2,64,780.747
16,16384,2,128,780.543
16,16384,2,256,780.768
16,16384,2,512,780.778
16,16384,2,1024,780.639
16,16384,2,2048,780.895
16,16384,2,4096,781.002
16,16384,2,8192,780.927
16,16384,2,16384,782.016
16,16384,2,32768,1548.39
16,16384,4,16,779.424
16,16384,4,32,779.498
16,16384,4,64,779.424
16,16384,4,128,779.541
16,16384,4,256,779.509
16,16384,4,512,779.391
16,16384,4,1024,779.221
16,16384,4,2048,780.106
16,16384,4,4096,780.266
16,16384,4,8192,779.85
16,16384,4,16384,782.261
16,16384,4,32768,1548.34
16,16384,8,16,779.647
16,16384,8,32,779.444
16,16384,8,64,778.891
16,16384,8,128,778.697
16,16384,8,256,778.805
16,16384,8,512,778.304
16,16384,8,1024,777.536
16,16384,8,2048,781.675
16,16384,8,4096,782.112
16,16384,8,8192,790.016
16,16384,8,16384,1558.47
16,16384,8,32768,2331.02
16,16384,16,16,782.976
16,16384,16,32,783.797
16,16384,16,64,782.304
16,16384,16,128,785.973
16,16384,16,256,791.744
16,16384,16,512,799.862
16,16384,16,1024,826.081
16,16384,16,2048,876.961
16,16384,16,4096,981.914
16,16384,16,8192,1185.24
16,16384,16,16384,1577.48
16,16384,16,32768,3134.97
16,16384,32,16,788.331
16,16384,32,32,788.928
16,16384,32,64,788.458
16,16384,32,128,806.186
16,16384,32,256,824.576
16,16384,32,512,859.479
16,16384,32,1024,933.529
16,16384,32,2048,1082.11
16,16384,32,4096,1372.51
16,16384,32,8192,1962.3
16,16384,32,16384,3126.43
16,16384,32,32768,6240.71
16,16384,64,16,818.465
16,16384,64,32,818.603
16,16384,64,64,819.489
16,16384,64,128,859.17
16,16384,64,256,903.619
16,16384,64,512,994.917
16,16384,64,1024,1170.6
16,16384,64,2048,1528.21
16,16384,64,4096,2064.31
16,16384,64,8192,3317.12
16,16384,64,16384,6535.28
16,16384,64,32768,13036.2
16,16384,128,16,873.591
16,16384,128,32,873.676
16,16384,128,64,878.54
16,16384,128,128,960.868
16,16384,128,256,1050.35
16,16384,128,512,1232.68
16,16384,128,1024,1589.75
16,16384,128,2048,2211.63
16,16384,128,4096,3558.17
16,16384,128,8192,6619.63
16,16384,128,16384,13122.5
16,32768,0,0,1538.51
16,32768,1,16,1545.64
16,32768,1,32,1545.91
16,32768,1,64,1546.43
16,32768,1,128,1546.87
16,32768,1,256,1547.7
16,32768,1,512,1547.94
16,32768,1,1024,1547.9
16,32768,1,2048,1547.88
16,32768,1,4096,1548.04
16,32768,1,8192,1547.89
16,32768,1,16384,1548.24
16,32768,1,32768,1547.82
16,32768,2,16,1547.8
16,32768,2,32,1547.92
16,32768,2,64,1547.72
16,32768,2,128,1547.21
16,32768,2,256,1547.6
16,32768,2,512,1547.5
16,32768,2,1024,1547.71
16,32768,2,2048,1547.76
16,32768,2,4096,1547.8
16,32768,2,8192,1549.36
16,32768,2,16384,1548.63
16,32768,2,32768,1549.84
16,32768,4,16,1545.87
16,32768,4,32,1545.94
16,32768,4,64,1545.92
16,32768,4,128,1545.91
16,32768,4,256,1546.02
16,32768,4,512,1545.95
16,32768,4,1024,1546.58
16,32768,4,2048,1546.62
16,32768,4,4096,1546.63
16,32768,4,8192,1546.97
16,32768,4,16384,1547.71
16,32768,4,32768,1548.85
16,32768,8,16,1548.14
16,32768,8,32,1548.17
16,32768,8,64,1548.06
16,32768,8,128,1548.14
16,32768,8,256,1548.21
16,32768,8,512,1548.77
16,32768,8,1024,1549.57
16,32768,8,2048,1549.96
16,32768,8,4096,1549.04
16,32768,8,8192,1550.08
16,32768,8,16384,1559.3
16,32768,8,32768,3094.31
16,32768,16,16,1550.68
16,32768,16,32,1550.67
16,32768,16,64,1552.61
16,32768,16,128,1555.27
16,32768,16,256,1558.96
16,32768,16,512,1566.54
16,32768,16,1024,1579
16,32768,16,2048,1628.42
16,32768,16,4096,1746.34
16,32768,16,8192,1948.73
16,32768,16,16384,2349.3
16,32768,16,32768,3132.59
16,32768,32,16,1545.57
16,32768,32,32,1547.2
16,32768,32,64,1546.21
16,32768,32,128,1554.97
16,32768,32,256,1574.33
16,32768,32,512,1612.56
16,32768,32,1024,1686.55
16,32768,32,2048,1843.08
16,32768,32,4096,2136.86
16,32768,32,8192,2714.32
16,32768,32,16384,3894.55
16,32768,32,32768,6230.12
16,32768,64,16,1564.45
16,32768,64,32,1566.49
16,32768,64,64,1567.81
16,32768,64,128,1610.82
16,32768,64,256,1652.86
16,32768,64,512,1741.14
16,32768,64,1024,1922
16,32768,64,2048,2298.6
16,32768,64,4096,3005.3
16,32768,64,8192,4081
16,32768,64,16384,6550.45
16,32768,64,32768,13051
16,32768,128,16,1621.24
16,32768,128,32,1622.16
16,32768,128,64,1627.47
16,32768,128,128,1707.68
16,32768,128,256,1797.52
16,32768,128,512,1997.45
16,32768,128,1024,2356.56
16,32768,128,2048,3079.57
16,32768,128,4096,4332.82
16,32768,128,8192,7006.8
16,32768,128,16384,13139
32,0,0,0,14.859
32,0,1,16,14.6667
32,0,1,32,14.72
32,0,1,64,14.6773
32,0,1,128,19.4777
32,0,1,256,25.3877
32,0,1,512,37.153
32,0,1,1024,60.8123
32,0,1,2048,108.173
32,0,1,4096,203.59
32,0,1,8192,396.33
32,0,1,16384,779.861
32,0,1,32768,1546.93
32,0,2,16,14.731
32,0,2,32,14.7417
32,0,2,64,14.8057
32,0,2,128,19.585
32,0,2,256,25.5477
32,0,2,512,37.462
32,0,2,1024,61.5273
32,0,2,2048,109.688
32,0,2,4096,205.563
32,0,2,8192,396.725
32,0,2,16384,779.871
32,0,2,32768,1546.26
32,0,4,16,14.795
32,0,4,32,14.7843
32,0,4,64,14.827
32,0,4,128,19.7443
32,0,4,256,25.6117
32,0,4,512,37.4943
32,0,4,1024,61.719
32,0,4,2048,109.998
32,0,4,4096,206.053
32,0,4,8192,397.813
32,0,4,16384,781.354
32,0,4,32768,1546.05
32,0,8,16,22.6137
32,0,8,32,22.795
32,0,8,64,22.891
32,0,8,128,29.7827
32,0,8,256,35.6063
32,0,8,512,47.4143
32,0,8,1024,71.1903
32,0,8,2048,118.862
32,0,8,4096,213.808
32,0,8,8192,403.68
32,0,8,16384,784.383
32,0,8,32768,1550.25
32,0,16,16,23.0833
32,0,16,32,23.2013
32,0,16,64,23.8297
32,0,16,128,34.145
32,0,16,256,46.4973
32,0,16,512,71.4793
32,0,16,1024,120.824
32,0,16,2048,217.851
32,0,16,4096,412.075
32,0,16,8192,799.967
32,0,16,16384,1575.93
32,0,16,32768,3130.63
32,0,32,16,38.86
32,0,32,32,39.1903
32,0,32,64,39.873
32,0,32,128,61.6547
32,0,32,256,86.082
32,0,32,512,134.543
32,0,32,1024,232.059
32,0,32,2048,424.32
32,0,32,4096,809.61
32,0,32,8192,1580.2
32,0,32,16384,3125.63
32,0,32,32768,6214.16
32,0,64,16,70.199
32,0,64,32,71.074
32,0,64,64,72.642
32,0,64,128,117.102
32,0,64,256,168.505
32,0,64,512,270.204
32,0,64,1024,472.62
32,0,64,2048,875.266
32,0,64,4096,1681
32,0,64,8192,3296.91
32,0,64,16384,6521.56
32,0,64,32768,13040.5
32,0,128,16,133.881
32,0,128,32,135.396
32,0,128,64,139.246
32,0,128,128,232.038
32,0,128,256,332.403
32,0,128,512,531.107
32,0,128,1024,931.992
32,0,128,2048,1740.02
32,0,128,4096,3349.16
32,0,128,8192,6567.96
32,0,128,16384,13092.2
32,16,0,0,15.0303
32,16,1,16,14.667
32,16,1,32,14.6667
32,16,1,64,14.859
32,16,1,128,19.4777
32,16,1,256,25.4087
32,16,1,512,37.1637
32,16,1,1024,61.068
32,16,1,2048,108.568
32,16,1,4096,204.624
32,16,1,8192,395.349
32,16,1,16384,775.647
32,16,1,32768,1543.69
32,16,2,16,14.7313
32,16,2,32,14.6997
32,16,2,64,14.9447
32,16,2,128,19.6803
32,16,2,256,25.59
32,16,2,512,37.4943
32,16,2,1024,61.7187
32,16,2,2048,109.816
32,16,2,4096,205.969
32,16,2,8192,397.856
32,16,2,16384,781.471
32,16,2,32768,1548.67
32,16,4,16,14.8057
32,16,4,32,14.891
32,16,4,64,15.1043
32,16,4,128,19.6807
32,16,4,256,25.611
32,16,4,512,37.409
32,16,4,1024,61.4207
32,16,4,2048,109.955
32,16,4,4096,206.128
32,16,4,8192,398.453
32,16,4,16384,782.111
32,16,4,32768,1548.27
32,16,8,16,22.5923
32,16,8,32,22.816
32,16,8,64,23.3817
32,16,8,128,29.9103
32,16,8,256,35.8517
32,16,8,512,47.7027
32,16,8,1024,71.3833
32,16,8,2048,118.595
32,16,8,4096,214.704
32,16,8,8192,404.245
32,16,8,16384,785.823
32,16,8,32768,1550.28
32,16,16,16,23.1367
32,16,16,32,23.201
32,16,16,64,23.8727
32,16,16,128,34.1453
32,16,16,256,46.5823
32,16,16,512,71.3723
32,16,16,1024,120.792
32,16,16,2048,217.787
32,16,16,4096,411.595
32,16,16,8192,799.295
32,16,16,16384,1575.89
32,16,16,32768,3126.7
32,16,32,16,38.8703
32,16,32,32,39.169
32,16,32,64,40.001
32,16,32,128,61.8257
32,16,32,256,86.1887
32,16,32,512,134.521
32,16,32,1024,232.112
32,16,32,2048,424.896
32,16,32,4096,810.218
32,16,32,8192,1582.48
32,16,32,16384,3130.36
32,16,32,32768,6218.54
32,16,64,16,70.2637
32,16,64,32,71.1593
32,16,64,64,73.0367
32,16,64,128,117.176
32,16,64,256,168.378
32,16,64,512,269.927
32,16,64,1024,471.788
32,16,64,2048,875.98
32,16,64,4096,1682.85
32,16,64,8192,3302.44
32,16,64,16384,6531.15
32,16,64,32768,13037
32,16,128,16,133.859
32,16,128,32,135.374
32,16,128,64,139.054
32,16,128,128,231.462
32,16,128,256,331.667
32,16,128,512,530.574
32,16,128,1024,930.403
32,16,128,2048,1739.78
32,16,128,4096,3357.59
32,16,128,8192,6583.37
32,16,128,16384,13094.2
32,32,0,0,15.0087
32,32,1,16,14.6887
32,32,1,32,14.731
32,32,1,64,14.8373
32,32,1,128,19.52
32,32,1,256,25.345
32,32,1,512,37.249
32,32,1,1024,61.1003
32,32,1,2048,108.888
32,32,1,4096,205.168
32,32,1,8192,396.277
32,32,1,16384,779.625
32,32,1,32768,1546.64
32,32,2,16,14.678
32,32,2,32,14.7413
32,32,2,64,14.8373
32,32,2,128,19.6917
32,32,2,256,25.5363
32,32,2,512,37.5587
32,32,2,1024,61.5377
32,32,2,2048,109.773
32,32,2,4096,205.936
32,32,2,8192,397.546
32,32,2,16384,780.734
32,32,2,32768,1546.83
32,32,4,16,14.838
32,32,4,32,14.8373
32,32,4,64,15.062
32,32,4,128,19.7333
32,32,4,256,25.5373
32,32,4,512,37.3877
32,32,4,1024,61.6547
32,32,4,2048,109.88
32,32,4,4096,206.117
32,32,4,8192,397.631
32,32,4,16384,780.873
32,32,4,32768,1546.5
32,32,8,16,22.6247
32,32,8,32,22.9447
32,32,8,64,23.393
32,32,8,128,29.953
32,32,8,256,35.734
32,32,8,512,47.5107
32,32,8,1024,71.1593
32,32,8,2048,118.499
32,32,8,4096,214.939
32,32,8,8192,403.786
32,32,8,16384,784.532
32,32,8,32768,1550.53
32,32,16,16,23.0083
32,32,16,32,23.2013
32,32,16,64,23.9153
32,32,16,128,34.1553
32,32,16,256,46.5933
32,32,16,512,71.618
32,32,16,1024,120.654
32,32,16,2048,218.385
32,32,16,4096,412.031
32,32,16,8192,799.924
32,32,16,16384,1574.14
32,32,16,32768,3130.84
32,32,32,16,38.8277
32,32,32,32,39.1797
32,32,32,64,40.1717
32,32,32,128,61.783
32,32,32,256,86.189
32,32,32,512,134.542
32,32,32,1024,232.144
32,32,32,2048,424.576
32,32,32,4096,810.015
32,32,32,8192,1582.62
32,32,32,16384,3126.95
32,32,32,32768,6232.5
32,32,64,16,70.231
32,32,64,32,71.3403
32,32,64,64,73.0043
32,32,64,128,117.219
32,32,64,256,168.624
32,32,64,512,270.151
32,32,64,1024,472.823
32,32,64,2048,875.819
32,32,64,4096,1684.02
32,32,64,8192,3305.02
32,32,64,16384,6529.89
32,32,64,32768,13007.3
32,32,128,16,133.859
32,32,128,32,135.47
32,32,128,64,139.086
32,32,128,128,232.038
32,32,128,256,332.766
32,32,128,512,530.158
32,32,128,1024,931.33
32,32,128,2048,1739.23
32,32,128,4096,3351.31
32,32,128,8192,6576.77
32,32,128,16384,13043.1
32,64,0,0,15.1687
32,64,1,16,14.6673
32,64,1,32,14.7207
32,64,1,64,14.88
32,64,1,128,19.4563
32,64,1,256,25.3763
32,64,1,512,37.2063
32,64,1,1024,61.0147
32,64,1,2048,108.877
32,64,1,4096,205.094
32,64,1,8192,396.33
32,64,1,16384,779.849
32,64,1,32768,1547.16
32,64,2,16,14.785
32,64,2,32,14.7417
32,64,2,64,14.987
32,64,2,128,19.6163
32,64,2,256,25.59
32,64,2,512,37.4837
32,64,2,1024,61.548
32,64,2,2048,109.741
32,64,2,4096,205.616
32,64,2,8192,397.247
32,64,2,16384,780.819
32,64,2,32768,1548.07
32,64,4,16,14.8163
32,64,4,32,14.88
32,64,4,64,15.1577
32,64,4,128,19.659
32,64,4,256,25.6003
32,64,4,512,37.484
32,64,4,1024,61.484
32,64,4,2048,109.944
32,64,4,4096,206
32,64,4,8192,397.909
32,64,4,16384,781.119
32,64,4,32768,1547.94
32,64,8,16,22.603
32,64,8,32,22.8803
32,64,8,64,23.4137
32,64,8,128,29.8037
32,64,8,256,35.8193
32,64,8,512,47.5207
32,64,8,1024,71.5003
32,64,8,2048,118.371
32,64,8,4096,214.395
32,64,8,8192,404.085
32,64,8,16384,786.345
32,64,8,32768,1550.72
32,64,16,16,23.2107
32,64,16,32,23.2643
32,64,16,64,23.8617
32,64,16,128,34.113
32,64,16,256,46.7
32,64,16,512,71.522
32,64,16,1024,120.579
32,64,16,2048,218.224
32,64,16,4096,412.213
32,64,16,8192,799.444
32,64,16,16384,1575.84
32,64,16,32768,3129.57
32,64,32,16,38.9343
32,64,32,32,39.233
32,64,32,64,40.1613
32,64,32,128,61.9543
32,64,32,256,86.221
32,64,32,512,134.788
32,64,32,1024,231.899
32,64,32,2048,424.256
32,64,32,4096,810.143
32,64,32,8192,1584.55
32,64,32,16384,3130.54
32,64,32,32768,6238.19
32,64,64,16,70.1997
32,64,64,32,71.148
32,64,64,64,73.079
32,64,64,128,117.571
32,64,64,256,168.345
32,64,64,512,269.703
32,64,64,1024,473.377
32,64,64,2048,876.214
32,64,64,4096,1684.14
32,64,64,8192,3298.61
32,64,64,16384,6527.08
32,64,64,32768,13002.8
32,64,128,16,133.902
32,64,128,32,135.406
32,64,128,64,139.193
32,64,128,128,231.803
32,64,128,256,332.104
32,64,128,512,531.213
32,64,128,1024,929.378
32,64,128,2048,1737.28
32,64,128,4096,3346.14
32,64,128,8192,6569.88
32,64,128,16384,13055
32,128,0,0,20.854
32,128,1,16,19.851
32,128,1,32,19.851
32,128,1,64,19.862
32,128,1,128,20.3743
32,128,1,256,25.3763
32,128,1,512,37.185
32,128,1,1024,61.1217
32,128,1,2048,108.931
32,128,1,4096,205.178
32,128,1,8192,396.447
32,128,1,16384,779.795
32,128,1,32768,1547.24
32,128,2,16,19.9683
32,128,2,32,19.9477
32,128,2,64,19.9577
32,128,2,128,20.491
32,128,2,256,25.5907
32,128,2,512,37.4733
32,128,2,1024,61.6447
32,128,2,2048,109.784
32,128,2,4096,205.765
32,128,2,8192,397.514
32,128,2,16384,781.288
32,128,2,32768,1547.14
32,128,4,16,19.776
32,128,4,32,19.8297
32,128,4,64,19.905
32,128,4,128,20.5443
32,128,4,256,25.654
32,128,4,512,37.4307
32,128,4,1024,61.4633
32,128,4,2048,109.923
32,128,4,4096,206.021
32,128,4,8192,397.61
32,128,4,16384,780.852
32,128,4,32768,1546.94
32,128,8,16,22.795
32,128,8,32,22.8807
32,128,8,64,23.361
32,128,8,128,34.284
32,128,8,256,42.4013
32,128,8,512,55.7457
32,128,8,1024,79.021
32,128,8,2048,125.827
32,128,8,4096,221.382
32,128,8,8192,410.794
32,128,8,16384,793.119
32,128,8,32768,1551.47
32,128,16,16,29.0453
32,128,16,32,28.9713
32,128,16,64,29.3233
32,128,16,128,34.9663
32,128,16,256,46.4437
32,128,16,512,71.234
32,128,16,1024,120.707
32,128,16,2048,217.894
32,128,16,4096,411.936
32,128,16,8192,799.924
32,128,16,16384,1576.26
32,128,16,32768,3129.59
32,128,32,16,44.6837
32,128,32,32,44.8017
32,128,32,64,45.5583
32,128,32,128,62.423
32,128,32,256,86.0073
32,128,32,512,134.52
32,128,32,1024,232.081
32,128,32,2048,424.181
32,128,32,4096,810.047
32,128,32,8192,1582.14
32,128,32,16384,3127.66
32,128,32,32768,6231.47
32,128,64,16,70.4117
32,128,64,32,71.1697
32,128,64,64,73.1647
32,128,64,128,118.67
32,128,64,256,168.729
32,128,64,512,269.468
32,128,64,1024,471.158
32,128,64,2048,877.227
32,128,64,4096,1685.86
32,128,64,8192,3299.26
32,128,64,16384,6529.75
32,128,64,32768,13021.2
32,128,128,16,133.88
32,128,128,32,135.427
32,128,128,64,139.427
32,128,128,128,233.553
32,128,128,256,332.808
32,128,128,512,530.594
32,128,128,1024,929.292
32,128,128,2048,1738.83
32,128,128,4096,3353.46
32,128,128,8192,6589.91
32,128,128,16384,13065.7
32,256,0,0,26.731
32,256,1,16,25.7607
32,256,1,32,25.771
32,256,1,64,25.7707
32,256,1,128,25.835
32,256,1,256,26.2083
32,256,1,512,37.1957
32,256,1,1024,61.1647
32,256,1,2048,108.962
32,256,1,4096,205.168
32,256,1,8192,396.34
32,256,1,16384,779.87
32,256,1,32768,1547.28
32,256,2,16,25.8347
32,256,2,32,25.8357
32,256,2,64,25.8353
32,256,2,128,25.931
32,256,2,256,26.3583
32,256,2,512,37.4723
32,256,2,1024,61.559
32,256,2,2048,109.88
32,256,2,4096,205.808
32,256,2,8192,397.418
32,256,2,16384,780.712
32,256,2,32768,1545.05
32,256,4,16,25.7387
32,256,4,32,25.707
32,256,4,64,25.75
32,256,4,128,25.9527
32,256,4,256,26.5183
32,256,4,512,37.494
32,256,4,1024,61.6017
32,256,4,2048,109.902
32,256,4,4096,205.904
32,256,4,8192,397.749
32,256,4,16384,780.99
32,256,4,32768,1547.44
32,256,8,16,25.696
32,256,8,32,25.7397
32,256,8,64,25.782
32,256,8,128,34.3047
32,256,8,256,46.6353
32,256,8,512,61.6657
32,256,8,1024,85.5383
32,256,8,2048,132.825
32,256,8,4096,227.846
32,256,8,8192,417.525
32,256,8,16384,797.896
32,256,8,32768,1556.63
32,256,16,16,34.7533
32,256,16,32,34.956
32,256,16,64,35.19
32,256,16,128,41.4617
32,256,16,256,47.905
32,256,16,512,71.1273
32,256,16,1024,120.824
32,256,16,2048,217.979
32,256,16,4096,411.68
32,256,16,8192,800.137
32,256,16,16384,1576.26
32,256,16,32768,3126.43
32,256,32,16,50.657
32,256,32,32,50.785
32,256,32,64,51.809
32,256,32,128,68.044
32,256,32,256,87.1593
32,256,32,512,134.158
32,256,32,1024,232.049
32,256,32,2048,424.362
32,256,32,4096,810.186
32,256,32,8192,1582
32,256,32,16384,3126.64
32,256,32,32768,6218.3
32,256,64,16,74.4553
32,256,64,32,75.2873
32,256,64,64,77.688
32,256,64,128,118.585
32,256,64,256,169.903
32,256,64,512,269.607
32,256,64,1024,470.977
32,256,64,2048,876.854
32,256,64,4096,1685.6
32,256,64,8192,3302.94
32,256,64,16384,6537.49
32,256,64,32768,13025.4
32,256,128,16,134.212
32,256,128,32,135.726
32,256,128,64,139.854
32,256,128,128,233.712
32,256,128,256,334.237
32,256,128,512,532.354
32,256,128,1024,929.975
32,256,128,2048,1737.74
32,256,128,4096,3347.48
32,256,128,8192,6575.3
32,256,128,16384,13055.7
32,512,0,0,38.433
32,512,1,16,37.6117
32,512,1,32,37.601
32,512,1,64,37.622
32,512,1,128,37.6647
32,512,1,256,37.729
32,512,1,512,37.9527
32,512,1,1024,61.1113
32,512,1,2048,108.749
32,512,1,4096,204.773
32,512,1,8192,395.572
32,512,1,16384,778.291
32,512,1,32768,1547.02
32,512,2,16,37.7823
32,512,2,32,37.718
32,512,2,64,37.7287
32,512,2,128,37.825
32,512,2,256,38.0277
32,512,2,512,38.1023
32,512,2,1024,61.6117
32,512,2,2048,109.795
32,512,2,4096,205.701
32,512,2,8192,397.503
32,512,2,16384,780.873
32,512,2,32768,1546.36
32,512,4,16,37.5903
32,512,4,32,37.59
32,512,4,64,37.5793
32,512,4,128,37.8037
32,512,4,256,38.3477
32,512,4,512,38.4333
32,512,4,1024,61.431
32,512,4,2048,109.987
32,512,4,4096,205.584
32,512,4,8192,397.226
32,512,4,16384,780.562
32,512,4,32768,1546.4
32,512,8,16,37.633
32,512,8,32,37.6543
32,512,8,64,37.622
32,512,8,128,38.1127
32,512,8,256,46.6997
32,512,8,512,70.3693
32,512,8,1024,97.8353
32,512,8,2048,147.097
32,512,8,4096,243.238
32,512,8,8192,436.32
32,512,8,16384,821.898
32,512,8,32768,1591.4
32,512,16,16,46.6253
32,512,16,32,46.6897
32,512,16,64,46.8067
32,512,16,128,52.5667
32,512,16,256,60.4497
32,512,16,512,72.236
32,512,16,1024,120.675
32,512,16,2048,217.893
32,512,16,4096,411.936
32,512,16,8192,801.406
32,512,16,16384,1576.35
32,512,16,32768,3132.79
32,512,32,16,62.252
32,512,32,32,62.519
32,512,32,64,63.628
32,512,32,128,79.5967
32,512,32,256,98.1677
32,512,32,512,134.884
32,512,32,1024,231.707
32,512,32,2048,424.725
32,512,32,4096,810.697
32,512,32,8192,1581.55
32,512,32,16384,3125.42
32,512,32,32768,6224.85
32,512,64,16,86.5523
32,512,64,32,87.138
32,512,64,64,90.0823
32,512,64,128,122.936
32,512,64,256,169.593
32,512,64,512,271.43
32,512,64,1024,471.777
32,512,64,2048,876.204
32,512,64,4096,1687.1
32,512,64,8192,3306.99
32,512,64,16384,6544.21
32,512,64,32768,13038
32,512,128,16,142.969
32,512,128,32,144.473
32,512,128,64,148.035
32,512,128,128,234.48
32,512,128,256,334.184
32,512,128,512,534.434
32,512,128,1024,930.956
32,512,128,2048,1737.79
32,512,128,4096,3355.21
32,512,128,8192,6583.64
32,512,128,16384,13088.8
32,1024,0,0,62.4873
32,1024,1,16,61.6443
32,1024,1,32,61.5803
32,1024,1,64,61.6337
32,1024,1,128,61.74
32,1024,1,256,61.73
32,1024,1,512,61.74
32,1024,1,1024,61.7933
32,1024,1,2048,108.835
32,1024,1,4096,204.859
32,1024,1,8192,395.743
32,1024,1,16384,778.59
32,1024,1,32768,1544.49
32,1024,2,16,61.6977
32,1024,2,32,61.6977
32,1024,2,64,61.751
32,1024,2,128,61.7613
32,1024,2,256,61.7293
32,1024,2,512,61.9647
32,1024,2,1024,62.295
32,1024,2,2048,109.795
32,1024,2,4096,205.797
32,1024,2,8192,397.514
32,1024,2,16384,780.606
32,1024,2,32768,1547.4
32,1024,4,16,61.4943
32,1024,4,32,61.517
32,1024,4,64,61.559
32,1024,4,128,61.761
32,1024,4,256,62.0603
32,1024,4,512,62.4337
32,1024,4,1024,62.3907
32,1024,4,2048,109.837
32,1024,4,4096,205.947
32,1024,4,8192,397.46
32,1024,4,16384,780.67
32,1024,4,32768,1547.52
32,1024,8,16,61.527
32,1024,8,32,61.548
32,1024,8,64,61.5907
32,1024,8,128,61.9323
32,1024,8,256,62.5403
32,1024,8,512,70.5397
32,1024,8,1024,118.392
32,1024,8,2048,170.138
32,1024,8,4096,267.207
32,1024,8,8192,460.075
32,1024,8,16384,845.097
32,1024,8,32768,1615.55
32,1024,16,16,69.8897
32,1024,16,32,69.9747
32,1024,16,64,70.2203
32,1024,16,128,75.8633
32,1024,16,256,82.594
32,1024,16,512,97.6983
32,1024,16,1024,121.261
32,1024,16,2048,217.968
32,1024,16,4096,411.37
32,1024,16,8192,800.799
32,1024,16,16384,1578.56
32,1024,16,32768,3131.92
32,1024,32,16,85.57
32,1024,32,32,85.8903
32,1024,32,64,86.6047
32,1024,32,128,102.914
32,1024,32,256,121.486
32,1024,32,512,157.668
32,1024,32,1024,232.614
32,1024,32,2048,424.671
32,1024,32,4096,810.558
32,1024,32,8192,1582.68
32,1024,32,16384,3140.68
32,1024,32,32768,6219.99
32,1024,64,16,116.419
32,1024,64,32,116.899
32,1024,64,64,118.19
32,1024,64,128,146.094
32,1024,64,256,185.658
32,1024,64,512,271.622
32,1024,64,1024,472.076
32,1024,64,2048,876.299
32,1024,64,4096,1685.01
32,1024,64,8192,3307.32
32,1024,64,16384,6543.51
32,1024,64,32768,13050
32,1024,128,16,166.703
32,1024,128,32,167.94
32,1024,128,64,172.058
32,1024,128,128,247.696
32,1024,128,256,335.187
32,1024,128,512,534.648
32,1024,128,1024,935.661
32,1024,128,2048,1735.45
32,1024,128,4096,3350.14
32,1024,128,8192,6605.19
32,1024,128,16384,13072.3
32,2048,0,0,110.371
32,2048,1,16,109.378
32,2048,1,32,109.549
32,2048,1,64,109.634
32,2048,1,128,109.688
32,2048,1,256,109.784
32,2048,1,512,109.827
32,2048,1,1024,109.848
32,2048,1,2048,109.816
32,2048,1,4096,204.442
32,2048,1,8192,396.297
32,2048,1,16384,779.838
32,2048,1,32768,1547.01
32,2048,2,16,109.709
32,2048,2,32,109.677
32,2048,2,64,109.645
32,2048,2,128,109.763
32,2048,2,256,109.816
32,2048,2,512,110.125
32,2048,2,1024,110.2
32,2048,2,2048,110.382
32,2048,2,4096,205.808
32,2048,2,8192,397.631
32,2048,2,16384,780.979
32,2048,2,32768,1546.62
32,2048,4,16,109.517
32,2048,4,32,109.571
32,2048,4,64,109.507
32,2048,4,128,109.646
32,2048,4,256,110.136
32,2048,4,512,110.296
32,2048,4,1024,110.381
32,2048,4,2048,110.552
32,2048,4,4096,205.68
32,2048,4,8192,397.481
32,2048,4,16384,780.264
32,2048,4,32768,1546.44
32,2048,8,16,109.486
32,2048,8,32,109.475
32,2048,8,64,109.539
32,2048,8,128,110.029
32,2048,8,256,110.958
32,2048,8,512,111.118
32,2048,8,1024,118.381
32,2048,8,2048,214.138
32,2048,8,4096,315.687
32,2048,8,8192,508.439
32,2048,8,16384,894.07
32,2048,8,32768,1663.22
32,2048,16,16,116.899
32,2048,16,32,116.941
32,2048,16,64,117.24
32,2048,16,128,122.915
32,2048,16,256,129.785
32,2048,16,512,142.169
32,2048,16,1024,170.543
32,2048,16,2048,218.341
32,2048,16,4096,412.01
32,2048,16,8192,800.158
32,2048,16,16384,1577.9
32,2048,16,32768,3131.92
32,2048,32,16,132.377
32,2048,32,32,132.697
32,2048,32,64,133.699
32,2048,32,128,150.094
32,2048,32,256,168.313
32,2048,32,512,204.218
32,2048,32,1024,279.388
32,2048,32,2048,424.821
32,2048,32,4096,810.696
32,2048,32,8192,1583.15
32,2048,32,16384,3131.37
32,2048,32,32768,6221.27
32,2048,64,16,163.012
32,2048,64,32,163.567
32,2048,64,64,164.879
32,2048,64,128,205.146
32,2048,64,256,248.294
32,2048,64,512,314.002
32,2048,64,1024,472.896
32,2048,64,2048,876.906
32,2048,64,4096,1688.15
32,2048,64,8192,3306.93
32,2048,64,16384,6533.51
32,2048,64,32768,13058.8
32,2048,128,16,218.565
32,2048,128,32,219.888
32,2048,128,64,223.398
32,2048,128,128,296.732
32,2048,128,256,381.193
32,2048,128,512,543.832
32,2048,128,1024,936.44
32,2048,128,2048,1749.01
32,2048,128,4096,3353.06
32,2048,128,8192,6588.97
32,2048,128,16384,13068
32,4096,0,0,206.362
32,4096,1,16,205.84
32,4096,1,32,205.754
32,4096,1,64,205.861
32,4096,1,128,205.957
32,4096,1,256,205.978
32,4096,1,512,206.597
32,4096,1,1024,206.522
32,4096,1,2048,205.776
32,4096,1,4096,205.797
32,4096,1,8192,396.297
32,4096,1,16384,779.816
32,4096,1,32768,1546.96
32,4096,2,16,206.351
32,4096,2,32,206.341
32,4096,2,64,206.448
32,4096,2,128,206.661
32,4096,2,256,206.704
32,4096,2,512,206.736
32,4096,2,1024,206.874
32,4096,2,2048,206.448
32,4096,2,4096,206.447
32,4096,2,8192,396.575
32,4096,2,16384,780.478
32,4096,2,32768,1546.64
32,4096,4,16,205.445
32,4096,4,32,205.402
32,4096,4,64,205.424
32,4096,4,128,205.712
32,4096,4,256,206.234
32,4096,4,512,206.202
32,4096,4,1024,206.309
32,4096,4,2048,206.405
32,4096,4,4096,206.554
32,4096,4,8192,397.61
32,4096,4,16384,780.819
32,4096,4,32768,1546.61
32,4096,8,16,205.36
32,4096,8,32,205.477
32,4096,8,64,205.445
32,4096,8,128,205.893
32,4096,8,256,206.896
32,4096,8,512,207.13
32,4096,8,1024,207.226
32,4096,8,2048,215.024
32,4096,8,4096,407.061
32,4096,8,8192,604.1
32,4096,8,16384,988.451
32,4096,8,32768,1760.93
32,4096,16,16,210.832
32,4096,16,32,210.832
32,4096,16,64,210.874
32,4096,16,128,216.677
32,4096,16,256,223.525
32,4096,16,512,235.483
32,4096,16,1024,262.844
32,4096,16,2048,317.437
32,4096,16,4096,412.458
32,4096,16,8192,800.051
32,4096,16,16384,1578.26
32,4096,16,32768,3132.98
32,4096,32,16,226.246
32,4096,32,32,226.608
32,4096,32,64,227.579
32,4096,32,128,244.166
32,4096,32,256,262.075
32,4096,32,512,298.813
32,4096,32,1024,371.529
32,4096,32,2048,519.928
32,4096,32,4096,809.791
32,4096,32,8192,1584.4
32,4096,32,16384,3130.56
32,4096,32,32768,6220.59
32,4096,64,16,256.454
32,4096,64,32,257.286
32,4096,64,64,259.014
32,4096,64,128,298.791
32,4096,64,256,342.771
32,4096,64,512,431.616
32,4096,64,1024,561.859
32,4096,64,2048,878.027
32,4096,64,4096,1689.6
32,4096,64,8192,3307.76
32,4096,64,16384,6543.49
32,4096,64,32768,13059.8
32,4096,128,16,312.189
32,4096,128,32,312.402
32,4096,128,64,317.97
32,4096,128,128,398.868
32,4096,128,256,472.833
32,4096,128,512,640.848
32,4096,128,1024,969.837
32,4096,128,2048,1749.08
32,4096,128,4096,3372.48
32,4096,128,8192,6569.85
32,4096,128,16384,13050.6
32,8192,0,0,398.196
32,8192,1,16,398.453
32,8192,1,32,398.346
32,8192,1,64,398.346
32,8192,1,128,398.431
32,8192,1,256,398.559
32,8192,1,512,398.516
32,8192,1,1024,398.58
32,8192,1,2048,398.463
32,8192,1,4096,398.495
32,8192,1,8192,397.887
32,8192,1,16384,780.147
32,8192,1,32768,1547.43
32,8192,2,16,398.335
32,8192,2,32,398.378
32,8192,2,64,398.41
32,8192,2,128,398.462
32,8192,2,256,398.58
32,8192,2,512,398.686
32,8192,2,1024,398.857
32,8192,2,2048,398.687
32,8192,2,4096,399.178
32,8192,2,8192,398.132
32,8192,2,16384,780.104
32,8192,2,32768,1547.22
32,8192,4,16,397.354
32,8192,4,32,397.3
32,8192,4,64,397.365
32,8192,4,128,397.322
32,8192,4,256,397.609
32,8192,4,512,398.292
32,8192,4,1024,398.26
32,8192,4,2048,398.271
32,8192,4,4096,398.409
32,8192,4,8192,398.59
32,8192,4,16384,781.342
32,8192,4,32768,1547.56
32,8192,8,16,397.546
32,8192,8,32,397.577
32,8192,8,64,397.566
32,8192,8,128,397.738
32,8192,8,256,398.805
32,8192,8,512,399.113
32,8192,8,1024,399.242
32,8192,8,2048,399.54
32,8192,8,4096,406.858
32,8192,8,8192,790.686
32,8192,8,16384,1181.52
32,8192,8,32768,1952.41
32,8192,16,16,402.804
32,8192,16,32,402.815
32,8192,16,64,403.146
32,8192,16,128,406.153
32,8192,16,256,411.402
32,8192,16,512,423.722
32,8192,16,1024,450.368
32,8192,16,2048,501.782
32,8192,16,4096,607.13
32,8192,16,8192,800.606
32,8192,16,16384,1578.12
32,8192,16,32768,3133.23
32,8192,32,16,413.61
32,8192,32,32,414.015
32,8192,32,64,415.679
32,8192,32,128,431.947
32,8192,32,256,449.707
32,8192,32,512,486.551
32,8192,32,1024,559.576
32,8192,32,2048,705.436
32,8192,32,4096,1001.06
32,8192,32,8192,1583.12
32,8192,32,16384,3130.75
32,8192,32,32768,6219.02
32,8192,64,16,443.968
32,8192,64,32,444.255
32,8192,64,64,445.568
32,8192,64,128,485.537
32,8192,64,256,530.252
32,8192,64,512,619.844
32,8192,64,1024,797.214
32,8192,64,2048,1064.21
32,8192,64,4096,1687.49
32,8192,64,8192,3313.65
32,8192,64,16384,6545.49
32,8192,64,32768,13039.4
32,8192,128,16,499.254
32,8192,128,32,500.119
32,8192,128,64,504.151
32,8192,128,128,586.404
32,8192,128,256,676.785
32,8192,128,512,855.839
32,8192,128,1024,1163.57
32,8192,128,2048,1834.28
32,8192,128,4096,3375.4
32,8192,128,8192,6617
32,8192,128,16384,13052.2
32,16384,0,0,776.722
32,16384,1,16,778.291
32,16384,1,32,778.6
32,16384,1,64,778.525
32,16384,1,128,778.557
32,16384,1,256,780.915
32,16384,1,512,781.001
32,16384,1,1024,781.245
32,16384,1,2048,781.256
32,16384,1,4096,781.213
32,16384,1,8192,781.032
32,16384,1,16384,781.469
32,16384,1,32768,1547.15
32,16384,2,16,780.861
32,16384,2,32,780.893
32,16384,2,64,780.787
32,16384,2,128,780.947
32,16384,2,256,781.064
32,16384,2,512,781.096
32,16384,2,1024,781.289
32,16384,2,2048,781.694
32,16384,2,4096,782.174
32,16384,2,8192,781.693
32,16384,2,16384,782.078
32,16384,2,32768,1546.55
32,16384,4,16,779.528
32,16384,4,32,779.624
32,16384,4,64,779.507
32,16384,4,128,779.774
32,16384,4,256,778.024
32,16384,4,512,780.435
32,16384,4,1024,780.424
32,16384,4,2048,779.752
32,16384,4,4096,781.033
32,16384,4,8192,780.99
32,16384,4,16384,781.374
32,16384,4,32768,1546.65
32,16384,8,16,780.466
32,16384,8,32,780.616
32,16384,8,64,780.478
32,16384,8,128,781.075
32,16384,8,256,781.992
32,16384,8,512,782.142
32,16384,8,1024,782.343
32,16384,8,2048,782.974
32,16384,8,4096,783.336
32,16384,8,8192,791.155
32,16384,8,16384,1557.22
32,16384,8,32768,2334.66
32,16384,16,16,783.87
32,16384,16,32,784.285
32,16384,16,64,784.371
32,16384,16,128,787.197
32,16384,16,256,791.39
32,16384,16,512,798.793
32,16384,16,1024,824.351
32,16384,16,2048,875.957
32,16384,16,4096,981.816
32,16384,16,8192,1182.15
32,16384,16,16384,1577.84
32,16384,16,32768,3134.6
32,16384,32,16,789.289
32,16384,32,32,790.611
32,16384,32,64,790.462
32,16384,32,128,808.009
32,16384,32,256,826.185
32,16384,32,512,860.543
32,16384,32,1024,934.7
32,16384,32,2048,1082.13
32,16384,32,4096,1373.61
32,16384,32,8192,1965.12
32,16384,32,16384,3129.23
32,16384,32,32768,6229.79
32,16384,64,16,819.273
32,16384,64,32,819.529
32,16384,64,64,821.033
32,16384,64,128,860.437
32,16384,64,256,903.755
32,16384,64,512,993.432
32,16384,64,1024,1170.84
32,16384,64,2048,1529.33
32,16384,64,4096,2068.29
32,16384,64,8192,3311.24
32,16384,64,16384,6542.13
32,16384,64,32768,13061.4
32,16384,128,16,872.906
32,16384,128,32,875.498
32,16384,128,64,878.592
32,16384,128,128,964.759
32,16384,128,256,1053.5
32,16384,128,512,1233.8
32,16384,128,1024,1591.89
32,16384,128,2048,2215.95
32,16384,128,4096,3559.09
32,16384,128,8192,6612.12
32,16384,128,16384,13095.8
32,32768,0,0,1542.86
32,32768,1,16,1543.3
32,32768,1,32,1546.6
32,32768,1,64,1546.21
32,32768,1,128,1546.63
32,32768,1,256,1546.59
32,32768,1,512,1547.95
32,32768,1,1024,1548.08
32,32768,1,2048,1548.11
32,32768,1,4096,1548.2
32,32768,1,8192,1547.99
32,32768,1,16384,1548.37
32,32768,1,32768,1548.86
32,32768,2,16,1547.75
32,32768,2,32,1547.79
32,32768,2,64,1547.8
32,32768,2,128,1547.96
32,32768,2,256,1548.02
32,32768,2,512,1548.27
32,32768,2,1024,1548.5
32,32768,2,2048,1548.5
32,32768,2,4096,1548.73
32,32768,2,8192,1549.05
32,32768,2,16384,1549.14
32,32768,2,32768,1549.75
32,32768,4,16,1546.2
32,32768,4,32,1546.13
32,32768,4,64,1546.06
32,32768,4,128,1546.42
32,32768,4,256,1546.62
32,32768,4,512,1546.95
32,32768,4,1024,1546.85
32,32768,4,2048,1547.14
32,32768,4,4096,1545.95
32,32768,4,8192,1546.47
32,32768,4,16384,1547.46
32,32768,4,32768,1548.97
32,32768,8,16,1547.94
32,32768,8,32,1548.1
32,32768,8,64,1548.17
32,32768,8,128,1548.42
32,32768,8,256,1549.45
32,32768,8,512,1549.3
32,32768,8,1024,1549.71
32,32768,8,2048,1549.82
32,32768,8,4096,1550.34
32,32768,8,8192,1551.56
32,32768,8,16384,1559.67
32,32768,8,32768,3093.99
32,32768,16,16,1552.25
32,32768,16,32,1551.33
32,32768,16,64,1551.59
32,32768,16,128,1553.67
32,32768,16,256,1558.3
32,32768,16,512,1560.43
32,32768,16,1024,1577.88
32,32768,16,2048,1628.1
32,32768,16,4096,1747.8
32,32768,16,8192,1944.89
32,32768,16,16384,2348.22
32,32768,16,32768,3132.17
32,32768,32,16,1546.15
32,32768,32,32,1548.71
32,32768,32,64,1548.91
32,32768,32,128,1559.53
32,32768,32,256,1576.15
32,32768,32,512,1613.88
32,32768,32,1024,1685.46
32,32768,32,2048,1842.54
32,32768,32,4096,2138.06
32,32768,32,8192,2713.73
32,32768,32,16384,3897.23
32,32768,32,32768,6230.03
32,32768,64,16,1571.28
32,32768,64,32,1571.75
32,32768,64,64,1572.02
32,32768,64,128,1608.86
32,32768,64,256,1652.75
32,32768,64,512,1743.5
32,32768,64,1024,1920.13
32,32768,64,2048,2294.56
32,32768,64,4096,2999.16
32,32768,64,8192,4074.61
32,32768,64,16384,6543.61
32,32768,64,32768,13096.2
32,32768,128,16,1619.8
32,32768,128,32,1620.91
32,32768,128,64,1628.25
32,32768,128,128,1709.12
32,32768,128,256,1801.7
32,32768,128,512,1989.93
32,32768,128,1024,2355.04
32,32768,128,2048,3072.51
32,32768,128,4096,4324.52
32,32768,128,8192,7010.49
32,32768,128,16384,13134.9
64,0,0,0,15.4353
64,0,1,16,14.9127
64,0,1,32,14.9337
64,0,1,64,15.083
64,0,1,128,19.4667
64,0,1,256,25.4833
64,0,1,512,37.2597
64,0,1,1024,61.1957
64,0,1,2048,109.027
64,0,1,4096,205.178
64,0,1,8192,396.383
64,0,1,16384,779.795
64,0,1,32768,1547.02
64,0,2,16,15.04
64,0,2,32,15.051
64,0,2,64,15.147
64,0,2,128,19.6803
64,0,2,256,25.59
64,0,2,512,37.4517
64,0,2,1024,61.4627
64,0,2,2048,109.731
64,0,2,4096,205.647
64,0,2,8192,396.553
64,0,2,16384,779.677
64,0,2,32768,1544.89
64,0,4,16,15.2107
64,0,4,32,15.264
64,0,4,64,15.4453
64,0,4,128,19.7233
64,0,4,256,25.633
64,0,4,512,37.4837
64,0,4,1024,61.9643
64,0,4,2048,110.008
64,0,4,4096,206.021
64,0,4,8192,398.09
64,0,4,16384,780.766
64,0,4,32768,1546.02
64,0,8,16,23.0943
64,0,8,32,23.2647
64,0,8,64,23.5733
64,0,8,128,30.5077
64,0,8,256,36.9613
64,0,8,512,48.2037
64,0,8,1024,72.0873
64,0,8,2048,120.003
64,0,8,4096,214.694
64,0,8,8192,405.962
64,0,8,16384,784.574
64,0,8,32768,1550.2
64,0,16,16,23.734
64,0,16,32,23.8407
64,0,16,64,24.4377
64,0,16,128,34.4757
64,0,16,256,46.8917
64,0,16,512,72.2793
64,0,16,1024,120.686
64,0,16,2048,217.893
64,0,16,4096,412.244
64,0,16,8192,800.723
64,0,16,16384,1575.32
64,0,16,32768,3129.53
64,0,32,16,39.393
64,0,32,32,39.777
64,0,32,64,40.7477
64,0,32,128,62.0393
64,0,32,256,86.946
64,0,32,512,134.809
64,0,32,1024,232.165
64,0,32,2048,424.896
64,0,32,4096,809.961
64,0,32,8192,1581.56
64,0,32,16384,3126.2
64,0,32,32768,6218.79
64,0,64,16,70.2733
64,0,64,32,71.2333
64,0,64,64,73.122
64,0,64,128,117.315
64,0,64,256,168.888
64,0,64,512,270.13
64,0,64,1024,472.214
64,0,64,2048,875.423
64,0,64,4096,1684.32
64,0,64,8192,3298.15
64,0,64,16384,6522.9
64,0,64,32768,12990.4
64,0,128,16,134.318
64,0,128,32,135.651
64,0,128,64,139.726
64,0,128,128,231.953
64,0,128,256,332.339
64,0,128,512,530.903
64,0,128,1024,929.366
64,0,128,2048,1737.34
64,0,128,4096,3353.97
64,0,128,8192,6579.19
64,0,128,16384,13068
64,16,0,0,15.4773
64,16,1,16,14.848
64,16,1,32,14.9333
64,16,1,64,15.051
64,16,1,128,19.4777
64,16,1,256,25.3867
64,16,1,512,37.1637
64,16,1,1024,61.0357
64,16,1,2048,108.867
64,16,1,4096,205.061
64,16,1,8192,395.668
64,16,1,16384,778.227
64,16,1,32768,1544.08
64,16,2,16,15.019
64,16,2,32,15.104
64,16,2,64,15.2223
64,16,2,128,19.723
64,16,2,256,25.5573
64,16,2,512,37.4837
64,16,2,1024,61.74
64,16,2,2048,109.88
64,16,2,4096,205.872
64,16,2,8192,397.226
64,16,2,16384,780.626
64,16,2,32768,1541.68
64,16,4,16,15.168
64,16,4,32,15.2213
64,16,4,64,15.4137
64,16,4,128,19.7337
64,16,4,256,25.6647
64,16,4,512,37.398
64,16,4,1024,61.9537
64,16,4,2048,109.997
64,16,4,4096,205.967
64,16,4,8192,397.599
64,16,4,16384,781.053
64,16,4,32768,1545.52
64,16,8,16,22.987
64,16,8,32,23.2967
64,16,8,64,23.638
64,16,8,128,30.614
64,16,8,256,37.1853
64,16,8,512,48.3317
64,16,8,1024,71.863
64,16,8,2048,121.027
64,16,8,4096,215.632
64,16,8,8192,406.325
64,16,8,16384,786.579
64,16,8,32768,1551.97
64,16,16,16,23.8297
64,16,16,32,23.8827
64,16,16,64,24.31
64,16,16,128,34.497
64,16,16,256,46.7317
64,16,16,512,71.9373
64,16,16,1024,121.081
64,16,16,2048,218.032
64,16,16,4096,412.074
64,16,16,8192,799.912
64,16,16,16384,1574.47
64,16,16,32768,3129.64
64,16,32,16,39.4673
64,16,32,32,39.798
64,16,32,64,40.6943
64,16,32,128,62.1783
64,16,32,256,86.7437
64,16,32,512,134.937
64,16,32,1024,232.421
64,16,32,2048,424.565
64,16,32,4096,810.114
64,16,32,8192,1582.26
64,16,32,16384,3126.45
64,16,32,32768,6225.95
64,16,64,16,70.2613
64,16,64,32,71.382
64,16,64,64,73.3867
64,16,64,128,117.536
64,16,64,256,168.384
64,16,64,512,269.6
64,16,64,1024,471.927
64,16,64,2048,875.767
64,16,64,4096,1683.2
64,16,64,8192,3299.71
64,16,64,16384,6523.32
64,16,64,32768,13025.6
64,16,128,16,134.198
64,16,128,32,135.531
64,16,128,64,139.627
64,16,128,128,231.958
64,16,128,256,332.673
64,16,128,512,530.529
64,16,128,1024,929.795
64,16,128,2048,1736.38
64,16,128,4096,3347.83
64,16,128,8192,6583.15
64,16,128,16384,13061.7
64,32,0,0,15.6053
64,32,1,16,14.8913
64,32,1,32,14.9757
64,32,1,64,15.0613
64,32,1,128,19.4777
64,32,1,256,25.3657
64,32,1,512,37.1847
64,32,1,1024,61.056
64,32,1,2048,108.853
64,32,1,4096,205.174
64,32,1,8192,396.331
64,32,1,16384,779.928
64,32,1,32768,1547.05
64,32,2,16,15.072
64,32,2,32,15.0937
64,32,2,64,15.19
64,32,2,128,19.6693
64,32,2,256,25.6107
64,32,2,512,37.5253
64,32,2,1024,61.5683
64,32,2,2048,109.75
64,32,2,4096,205.9
64,32,2,8192,396.961
64,32,2,16384,780.824
64,32,2,32768,1545.78
64,32,4,16,15.2213
64,32,4,32,15.2643
64,32,4,64,15.4457
64,32,4,128,19.7973
64,32,4,256,25.632
64,32,4,512,37.5573
64,32,4,1024,61.6853
64,32,4,2048,109.92
64,32,4,4096,205.835
64,32,4,8192,397.729
64,32,4,16384,780.525
64,32,4,32768,1545.52
64,32,8,16,23.0937
64,32,8,32,23.2427
64,32,8,64,23.6587
64,32,8,128,30.5603
64,32,8,256,36.5977
64,32,8,512,49.664
64,32,8,1024,73.1103
64,32,8,2048,120.288
64,32,8,4096,215.468
64,32,8,8192,405.1
64,32,8,16384,784.558
64,32,8,32768,1550.49
64,32,16,16,23.872
64,32,16,32,23.958
64,32,16,64,24.341
64,32,16,128,34.4743
64,32,16,256,46.9867
64,32,16,512,72.054
64,32,16,1024,120.928
64,32,16,2048,217.761
64,32,16,4096,412.77
64,32,16,8192,800.76
64,32,16,16384,1576.91
64,32,16,32768,3129.97
64,32,32,16,39.7337
64,32,32,32,39.936
64,32,32,64,40.6827
64,32,32,128,61.8883
64,32,32,256,86.753
64,32,32,512,134.774
64,32,32,1024,232.502
64,32,32,2048,424.749
64,32,32,4096,810.787
64,32,32,8192,1582.84
64,32,32,16384,3127.84
64,32,32,32768,6225.02
64,32,64,16,70.3577
64,32,64,32,71.403
64,32,64,64,73.3653
64,32,64,128,117.451
64,32,64,256,167.991
64,32,64,512,270.008
64,32,64,1024,472.482
64,32,64,2048,875.683
64,32,64,4096,1682.94
64,32,64,8192,3295.39
64,32,64,16384,6525.54
64,32,64,32768,13008.8
64,32,128,16,133.974
64,32,128,32,135.723
64,32,128,64,139.67
64,32,128,128,232.204
64,32,128,256,332.557
64,32,128,512,531.586
64,32,128,1024,931.321
64,32,128,2048,1743
64,32,128,4096,3357.09
64,32,128,8192,6583.63
64,32,128,16384,13051.6
64,64,0,0,15.6803
64,64,1,16,14.901
64,64,1,32,14.912
64,64,1,64,15.093
64,64,1,128,19.5413
64,64,1,256,25.3973
64,64,1,512,37.2803
64,64,1,1024,61.1633
64,64,1,2048,109.014
64,64,1,4096,205.185
64,64,1,8192,396.417
64,64,1,16384,779.748
64,64,1,32768,1547.06
64,64,2,16,15.0827
64,64,2,32,15.168
64,64,2,64,15.3173
64,64,2,128,19.7013
64,64,2,256,25.5893
64,64,2,512,37.4613
64,64,2,1024,61.6857
64,64,2,2048,109.686
64,64,2,4096,205.857
64,64,2,8192,397.591
64,64,2,16384,779.481
64,64,2,32768,1544.91
64,64,4,16,15.2427
64,64,4,32,15.2647
64,64,4,64,15.488
64,64,4,128,19.787
64,64,4,256,25.6107
64,64,4,512,37.547
64,64,4,1024,61.5793
64,64,4,2048,109.942
64,64,4,4096,206.038
64,64,4,8192,397.762
64,64,4,16384,780.816
64,64,4,32768,1545.65
64,64,8,16,23.1363
64,64,8,32,23.2323
64,64,8,64,23.6593
64,64,8,128,30.7733
64,64,8,256,38.2507
64,64,8,512,49.0773
64,64,8,1024,72.63
64,64,8,2048,120.235
64,64,8,4096,215.799
64,64,8,8192,406.541
64,64,8,16384,785.583
64,64,8,32768,1550.37
64,64,16,16,23.947
64,64,16,32,24.0743
64,64,16,64,24.4697
64,64,16,128,34.507
64,64,16,256,47.2967
64,64,16,512,72.289
64,64,16,1024,121.185
64,64,16,2048,218.519
64,64,16,4096,412.109
64,64,16,8192,800.026
64,64,16,16384,1575
64,64,16,32768,3123.94
64,64,32,16,39.552
64,64,32,32,39.968
64,64,32,64,40.7253
64,64,32,128,61.9637
64,64,32,256,86.5283
64,64,32,512,135.094
64,64,32,1024,232.417
64,64,32,2048,424.44
64,64,32,4096,809.786
64,64,32,8192,1583.67
64,64,32,16384,3128.01
64,64,32,32768,6224.29
64,64,64,16,70.4853
64,64,64,32,71.2967
64,64,64,64,73.2807
64,64,64,128,117.409
64,64,64,256,168.567
64,64,64,512,270.06
64,64,64,1024,472.824
64,64,64,2048,877.424
64,64,64,4096,1683.21
64,64,64,8192,3299.58
64,64,64,16384,6525.53
64,64,64,32768,13022
64,64,128,16,133.899
64,64,128,32,135.659
64,64,128,64,139.553
64,64,128,128,231.906
64,64,128,256,332.312
64,64,128,512,531.204
64,64,128,1024,931.281
64,64,128,2048,1739.9
64,64,128,4096,3351.22
64,64,128,8192,6576.29
64,64,128,16384,13080.7
64,128,0,0,21.355
64,128,1,16,20.2993
64,128,1,32,20.3093
64,128,1,64,20.3307
64,128,1,128,20.5867
64,128,1,256,25.376
64,128,1,512,37.184
64,128,1,1024,61.0243
64,128,1,2048,108.886
64,128,1,4096,204.908
64,128,1,8192,396.419
64,128,1,16384,780.006
64,128,1,32768,1547.06
64,128,2,16,20.3633
64,128,2,32,20.427
64,128,2,64,20.4273
64,128,2,128,20.672
64,128,2,256,25.6217
64,128,2,512,37.5257
64,128,2,1024,61.6533
64,128,2,2048,109.783
64,128,2,4096,205.868
64,128,2,8192,397.016
64,128,2,16384,780.165
64,128,2,32768,1545.1
64,128,4,16,20.3307
64,128,4,32,20.3093
64,128,4,64,20.384
64,128,4,128,20.8433
64,128,4,256,25.728
64,128,4,512,37.536
64,128,4,1024,61.8887
64,128,4,2048,110.081
64,128,4,4096,206.242
64,128,4,8192,397.389
64,128,4,16384,780.496
64,128,4,32768,1545.25
64,128,8,16,23.2213
64,128,8,32,23.4667
64,128,8,64,23.808
64,128,8,128,34.6563
64,128,8,256,43.8613
64,128,8,512,57.643
64,128,8,1024,80.4263
64,128,8,2048,128.929
64,128,8,4096,224.322
64,128,8,8192,413.902
64,128,8,16384,796.613
64,128,8,32768,1556.27
64,128,16,16,29.8027
64,128,16,32,29.824
64,128,16,64,30.0803
64,128,16,128,36.3843
64,128,16,256,46.912
64,128,16,512,71.713
64,128,16,1024,121.249
64,128,16,2048,218.391
64,128,16,4096,412.366
64,128,16,8192,799.611
64,128,16,16384,1576.2
64,128,16,32768,3128.15
64,128,32,16,45.3443
64,128,32,32,45.7707
64,128,32,64,46.5603
64,128,32,128,62.955
64,128,32,256,86.4653
64,128,32,512,134.668
64,128,32,1024,232.3
64,128,32,2048,424.43
64,128,32,4096,810.246
64,128,32,8192,1581.53
64,128,32,16384,3129.28
64,128,32,32768,6237.97
64,128,64,16,70.423
64,128,64,32,71.3173
64,128,64,64,73.4947
64,128,64,128,118.582
64,128,64,256,168.631
64,128,64,512,269.453
64,128,64,1024,472.291
64,128,64,2048,875.367
64,128,64,4096,1686.5
64,128,64,8192,3307.42
64,128,64,16384,6522.33
64,128,64,32768,13018.9
64,128,128,16,134.06
64,128,128,32,135.574
64,128,128,64,139.863
64,128,128,128,233.186
64,128,128,256,333.155
64,128,128,512,531.002
64,128,128,1024,930.29
64,128,128,2048,1741.05
64,128,128,4096,3359.08
64,128,128,8192,6576.72
64,128,128,16384,13092.6
64,256,0,0,27.1897
64,256,1,16,26.176
64,256,1,32,26.208
64,256,1,64,26.1983
64,256,1,128,26.1867
64,256,1,256,26.347
64,256,1,512,37.2697
64,256,1,1024,61.195
64,256,1,2048,108.908
64,256,1,4096,205.218
64,256,1,8192,396.27
64,256,1,16384,779.761
64,256,1,32768,1547.1
64,256,2,16,26.3157
64,256,2,32,26.3147
64,256,2,64,26.2937
64,256,2,128,26.3797
64,256,2,256,26.5393
64,256,2,512,37.547
64,256,2,1024,61.6437
64,256,2,2048,109.803
64,256,2,4096,205.719
64,256,2,8192,396.899
64,256,2,16384,778.941
64,256,2,32768,1545.05
64,256,4,16,26.1757
64,256,4,32,26.1763
64,256,4,64,26.1867
64,256,4,128,26.731
64,256,4,256,26.7093
64,256,4,512,37.4827
64,256,4,1024,61.5687
64,256,4,2048,109.942
64,256,4,4096,205.986
64,256,4,8192,397.444
64,256,4,16384,780.273
64,256,4,32768,1546.02
64,256,8,16,26.5173
64,256,8,32,26.539
64,256,8,64,26.593
64,256,8,128,34.636
64,256,8,256,47.19
64,256,8,512,63.7443
64,256,8,1024,86.561
64,256,8,2048,133.708
64,256,8,4096,229.912
64,256,8,8192,418.158
64,256,8,16384,797.639
64,256,8,32768,1560.58
64,256,16,16,35.5093
64,256,16,32,35.6377
64,256,16,64,36.1183
64,256,16,128,42.6667
64,256,16,256,48.459
64,256,16,512,71.606
64,256,16,1024,120.865
64,256,16,2048,218.573
64,256,16,4096,412.249
64,256,16,8192,800.978
64,256,16,16384,1578.24
64,256,16,32768,3129.97
64,256,32,16,51.2533
64,256,32,32,51.35
64,256,32,64,52.288
64,256,32,128,68.694
64,256,32,256,87.5317
64,256,32,512,134.401
64,256,32,1024,232.023
64,256,32,2048,424.335
64,256,32,4096,810.055
64,256,32,8192,1582.56
64,256,32,16384,3126.82
64,256,32,32768,6217.71
64,256,64,16,75.2003
64,256,64,32,75.5847
64,256,64,64,78.625
64,256,64,128,118.368
64,256,64,256,170.124
64,256,64,512,269.795
64,256,64,1024,471.705
64,256,64,2048,876.221
64,256,64,4096,1688.03
64,256,64,8192,3309.96
64,256,64,16384,6542.93
64,256,64,32768,13009.2
64,256,128,16,134.337
64,256,128,32,135.841
64,256,128,64,140.108
64,256,128,128,233.303
64,256,128,256,334.244
64,256,128,512,531.344
64,256,128,1024,931.241
64,256,128,2048,1740.21
64,256,128,4096,3342.98
64,256,128,8192,6582.4
64,256,128,16384,13091.6
64,512,0,0,39.04
64,512,1,16,38.1767
64,512,1,32,38.124
64,512,1,64,38.1117
64,512,1,128,38.1553
64,512,1,256,38.1127
64,512,1,512,38.24
64,512,1,1024,61.1637
64,512,1,2048,108.886
64,512,1,4096,205.132
64,512,1,8192,396.26
64,512,1,16384,779.751
64,512,1,32768,1546.94
64,512,2,16,38.1557
64,512,2,32,38.1227
64,512,2,64,38.165
64,512,2,128,38.2407
64,512,2,256,38.24
64,512,2,512,38.3893
64,512,2,1024,61.569
64,512,2,2048,109.718
64,512,2,4096,205.698
64,512,2,8192,396.804
64,512,2,16384,780.403
64,512,2,32768,1546.06
64,512,4,16,38.1017
64,512,4,32,38.0267
64,512,4,64,38.0057
64,512,4,128,38.412
64,512,4,256,38.4963
64,512,4,512,38.635
64,512,4,1024,61.7927
64,512,4,2048,109.857
64,512,4,4096,205.805
64,512,4,8192,397.711
64,512,4,16384,780.595
64,512,4,32768,1548.1
64,512,8,16,38.4213
64,512,8,32,38.4113
64,512,8,64,38.4217
64,512,8,128,39.435
64,512,8,256,47.297
64,512,8,512,70.7633
64,512,8,1024,98.9663
64,512,8,2048,147.725
64,512,8,4096,243.874
64,512,8,8192,436.495
64,512,8,16384,820.915
64,512,8,32768,1591.45
64,512,16,16,47.6167
64,512,16,32,47.5943
64,512,16,64,47.627
64,512,16,128,53.28
64,512,16,256,61.1737
64,512,16,512,72.9077
64,512,16,1024,121.26
64,512,16,2048,218.327
64,512,16,4096,412.676
64,512,16,8192,800.809
64,512,16,16384,1577.49
64,512,16,32768,3132.31
64,512,32,16,63.0727
64,512,32,32,63.2437
64,512,32,64,64.0223
64,512,32,128,80.2247
64,512,32,256,99.18
64,512,32,512,135.436
64,512,32,1024,232.44
64,512,32,2048,424.996
64,512,32,4096,811.209
64,512,32,8192,1583.22
64,512,32,16384,3132.47
64,512,32,32768,6230.62
64,512,64,16,86.8493
64,512,64,32,88.064
64,512,64,64,90.401
64,512,64,128,123.766
64,512,64,256,169.954
64,512,64,512,271.448
64,512,64,1024,471.93
64,512,64,2048,875.636
64,512,64,4096,1686.33
64,512,64,8192,3307.96
64,512,64,16384,6536.73
64,512,64,32768,13033.4
64,512,128,16,143.404
64,512,128,32,144.994
64,512,128,64,148.674
64,512,128,128,234.499
64,512,128,256,334.159
64,512,128,512,534.705
64,512,128,1024,933.034
64,512,128,2048,1740.86
64,512,128,4096,3349.72
64,512,128,8192,6584.49
64,512,128,16384,13045.3
64,1024,0,0,63.083
64,1024,1,16,62.166
64,1024,1,32,62.1447
64,1024,1,64,62.1343
64,1024,1,128,62.0913
64,1024,1,256,62.176
64,1024,1,512,62.1773
64,1024,1,1024,62.0917
64,1024,1,2048,108.929
64,1024,1,4096,205.186
64,1024,1,8192,396.292
64,1024,1,16384,779.795
64,1024,1,32768,1547.15
64,1024,2,16,62.1447
64,1024,2,32,62.145
64,1024,2,64,62.123
64,1024,2,128,62.3467
64,1024,2,256,62.4113
64,1024,2,512,62.464
64,1024,2,1024,62.5927
64,1024,2,2048,109.622
64,1024,2,4096,205.741
64,1024,2,8192,396.601
64,1024,2,16384,780.5
64,1024,2,32768,1545.67
64,1024,4,16,61.9633
64,1024,4,32,62.017
64,1024,4,64,61.9633
64,1024,4,128,62.219
64,1024,4,256,62.401
64,1024,4,512,62.774
64,1024,4,1024,62.6147
64,1024,4,2048,110.039
64,1024,4,4096,205.699
64,1024,4,8192,397.327
64,1024,4,16384,780.436
64,1024,4,32768,1546.08
64,1024,8,16,62.4113
64,1024,8,32,62.358
64,1024,8,64,62.3577
64,1024,8,128,63.4677
64,1024,8,256,63.7763
64,1024,8,512,70.8383
64,1024,8,1024,118.732
64,1024,8,2048,170.786
64,1024,8,4096,267.918
64,1024,8,8192,460.197
64,1024,8,16384,845.834
64,1024,8,32768,1616.73
64,1024,16,16,70.5823
64,1024,16,32,70.817
64,1024,16,64,71.009
64,1024,16,128,76.6083
64,1024,16,256,83.5217
64,1024,16,512,98.6573
64,1024,16,1024,122.188
64,1024,16,2048,218.285
64,1024,16,4096,412.239
64,1024,16,8192,801.108
64,1024,16,16384,1577.51
64,1024,16,32768,3131.97
64,1024,32,16,86.497
64,1024,32,32,86.7637
64,1024,32,64,87.521
64,1024,32,128,103.98
64,1024,32,256,122.754
64,1024,32,512,158.508
64,1024,32,1024,233.401
64,1024,32,2048,424.848
64,1024,32,4096,811.103
64,1024,32,8192,1583.16
64,1024,32,16384,3130.98
64,1024,32,32768,6236.14
64,1024,64,16,116.919
64,1024,64,32,117.346
64,1024,64,64,118.743
64,1024,64,128,147.65
64,1024,64,256,186.68
64,1024,64,512,271.448
64,1024,64,1024,473.19
64,1024,64,2048,875.679
64,1024,64,4096,1690.11
64,1024,64,8192,3303.9
64,1024,64,16384,6540.71
64,1024,64,32768,13081.1
64,1024,128,16,167.031
64,1024,128,32,168.599
64,1024,128,64,172.685
64,1024,128,128,248.227
64,1024,128,256,334.916
64,1024,128,512,535.708
64,1024,128,1024,934.881
64,1024,128,2048,1742.71
64,1024,128,4096,3349.93
64,1024,128,8192,6591.2
64,1024,128,16384,13059.5
64,2048,0,0,110.817
64,2048,1,16,110.113
64,2048,1,32,110.071
64,2048,1,64,110.146
64,2048,1,128,110.124
64,2048,1,256,110.103
64,2048,1,512,110.145
64,2048,1,1024,110.135
64,2048,1,2048,110.199
64,2048,1,4096,204.546
64,2048,1,8192,396.282
64,2048,1,16384,779.828
64,2048,1,32768,1547.12
64,2048,2,16,110.199
64,2048,2,32,109.932
64,2048,2,64,110.081
64,2048,2,128,110.22
64,2048,2,256,110.274
64,2048,2,512,110.38
64,2048,2,1024,110.423
64,2048,2,2048,110.593
64,2048,2,4096,205.762
64,2048,2,8192,396.954
64,2048,2,16384,779.721
64,2048,2,32768,1544.56
64,2048,4,16,109.954
64,2048,4,32,110.071
64,2048,4,64,109.964
64,2048,4,128,110.561
64,2048,4,256,110.477
64,2048,4,512,110.615
64,2048,4,1024,110.764
64,2048,4,2048,110.882
64,2048,4,4096,205.912
64,2048,4,8192,397.53
64,2048,4,16384,780.746
64,2048,4,32768,1547.37
64,2048,8,16,110.348
64,2048,8,32,110.306
64,2048,8,64,110.412
64,2048,8,128,111.596
64,2048,8,256,111.767
64,2048,8,512,112.439
64,2048,8,1024,118.743
64,2048,8,2048,214.754
64,2048,8,4096,316.516
64,2048,8,8192,508.977
64,2048,8,16384,894.805
64,2048,8,32768,1665.28
64,2048,16,16,117.708
64,2048,16,32,117.57
64,2048,16,64,117.814
64,2048,16,128,123.628
64,2048,16,256,130.295
64,2048,16,512,143.021
64,2048,16,1024,171.65
64,2048,16,2048,218.85
64,2048,16,4096,412.101
64,2048,16,8192,800.917
64,2048,16,16384,1579.64
64,2048,16,32768,3131.29
64,2048,32,16,133.27
64,2048,32,32,133.613
64,2048,32,64,134.551
64,2048,32,128,150.519
64,2048,32,256,169.122
64,2048,32,512,205.272
64,2048,32,1024,280.206
64,2048,32,2048,425.201
64,2048,32,4096,810.272
64,2048,32,8192,1584.93
64,2048,32,16384,3129.43
64,2048,32,32768,6219.06
64,2048,64,16,163.671
64,2048,64,32,164.258
64,2048,64,64,165.858
64,2048,64,128,205.901
64,2048,64,256,248.963
64,2048,64,512,314.073
64,2048,64,1024,473.499
64,2048,64,2048,876.95
64,2048,64,4096,1687
64,2048,64,8192,3305.57
64,2048,64,16384,6551.9
64,2048,64,32768,13035.6
64,2048,128,16,219.363
64,2048,128,32,220.515
64,2048,128,64,223.81
64,2048,128,128,296.825
64,2048,128,256,381.391
64,2048,128,512,545.341
64,2048,128,1024,938.316
64,2048,128,2048,1750.54
64,2048,128,4096,3360.57
64,2048,128,8192,6579.76
64,2048,128,16384,13064.5
64,4096,0,0,206.702
64,4096,1,16,206.659
64,4096,1,32,206.873
64,4096,1,64,206.84
64,4096,1,128,206.808
64,4096,1,256,206.839
64,4096,1,512,207.053
64,4096,1,1024,206.819
64,4096,1,2048,206.222
64,4096,1,4096,206.104
64,4096,1,8192,396.432
64,4096,1,16384,779.851
64,4096,1,32768,1547.18
64,4096,2,16,206.862
64,4096,2,32,206.819
64,4096,2,64,206.765
64,4096,2,128,206.818
64,4096,2,256,206.861
64,4096,2,512,207.075
64,4096,2,1024,207.021
64,4096,2,2048,206.253
64,4096,2,4096,206.275
64,4096,2,8192,395.952
64,4096,2,16384,781.184
64,4096,2,32768,1546.3
64,4096,4,16,205.635
64,4096,4,32,205.613
64,4096,4,64,205.645
64,4096,4,128,206.115
64,4096,4,256,206.211
64,4096,4,512,206.36
64,4096,4,1024,206.531
64,4096,4,2048,206.627
64,4096,4,4096,206.723
64,4096,4,8192,397.574
64,4096,4,16384,780.63
64,4096,4,32768,1545.96
64,4096,8,16,206.179
64,4096,8,32,206.232
64,4096,8,64,206.392
64,4096,8,128,207.438
64,4096,8,256,207.747
64,4096,8,512,208.163
64,4096,8,1024,207.885
64,4096,8,2048,215.48
64,4096,8,4096,406.864
64,4096,8,8192,605.479
64,4096,8,16384,990.018
64,4096,8,32768,1759.86
64,4096,16,16,211.373
64,4096,16,32,211.491
64,4096,16,64,211.747
64,4096,16,128,217.155
64,4096,16,256,224.824
64,4096,16,512,236.398
64,4096,16,1024,263.193
64,4096,16,2048,318.767
64,4096,16,4096,413.274
64,4096,16,8192,800.8
64,4096,16,16384,1578.03
64,4096,16,32768,3133.28
64,4096,32,16,227.022
64,4096,32,32,227.16
64,4096,32,64,227.971
64,4096,32,128,244.536
64,4096,32,256,262.66
64,4096,32,512,299.087
64,4096,32,1024,372.72
64,4096,32,2048,520.178
64,4096,32,4096,810.933
64,4096,32,8192,1585
64,4096,32,16384,3130.85
64,4096,32,32768,6230.47
64,4096,64,16,257.038
64,4096,64,32,257.614
64,4096,64,64,259.172
64,4096,64,128,299.172
64,4096,64,256,343.354
64,4096,64,512,431.995
64,4096,64,1024,563.517
64,4096,64,2048,877.185
64,4096,64,4096,1687.53
64,4096,64,8192,3305.26
64,4096,64,16384,6541.2
64,4096,64,32768,13048.2
64,4096,128,16,313.381
64,4096,128,32,314.425
64,4096,128,64,318.053
64,4096,128,128,399.504
64,4096,128,256,473.425
64,4096,128,512,642.249
64,4096,128,1024,971.161
64,4096,128,2048,1753.44
64,4096,128,4096,3371.75
64,4096,128,8192,6578.75
64,4096,128,16384,13079.4
64,8192,0,0,398.95
64,8192,1,16,398.48
64,8192,1,32,398.608
64,8192,1,64,398.576
64,8192,1,128,398.641
64,8192,1,256,398.843
64,8192,1,512,398.822
64,8192,1,1024,398.971
64,8192,1,2048,398.875
64,8192,1,4096,398.853
64,8192,1,8192,398.139
64,8192,1,16384,779.904
64,8192,1,32768,1547.09
64,8192,2,16,398.874
64,8192,2,32,398.725
64,8192,2,64,398.875
64,8192,2,128,399.163
64,8192,2,256,399.046
64,8192,2,512,398.65
64,8192,2,1024,398.906
64,8192,2,2048,398.801
64,8192,2,4096,399.366
64,8192,2,8192,398.246
64,8192,2,16384,781.067
64,8192,2,32768,1546.58
64,8192,4,16,397.509
64,8192,4,32,396.88
64,8192,4,64,397.051
64,8192,4,128,397.627
64,8192,4,256,397.531
64,8192,4,512,397.787
64,8192,4,1024,397.936
64,8192,4,2048,397.989
64,8192,4,4096,398
64,8192,4,8192,398.043
64,8192,4,16384,779.297
64,8192,4,32768,1545.75
64,8192,8,16,397.136
64,8192,8,32,398.001
64,8192,8,64,397.979
64,8192,8,128,399.088
64,8192,8,256,399.344
64,8192,8,512,399.643
64,8192,8,1024,399.653
64,8192,8,2048,400.251
64,8192,8,4096,407.121
64,8192,8,8192,790.976
64,8192,8,16384,1181.49
64,8192,8,32768,1951.44
64,8192,16,16,403.195
64,8192,16,32,402.832
64,8192,16,64,402.075
64,8192,16,128,405.542
64,8192,16,256,411.76
64,8192,16,512,423.707
64,8192,16,1024,451.323
64,8192,16,2048,503.74
64,8192,16,4096,607.133
64,8192,16,8192,801.739
64,8192,16,16384,1577.79
64,8192,16,32768,3132.77
64,8192,32,16,415.366
64,8192,32,32,415.259
64,8192,32,64,415.793
64,8192,32,128,432.07
64,8192,32,256,450.46
64,8192,32,512,487.175
64,8192,32,1024,560.072
64,8192,32,2048,706.41
64,8192,32,4096,1001.16
64,8192,32,8192,1585.25
64,8192,32,16384,3128.79
64,8192,32,32768,6225.02
64,8192,64,16,444.615
64,8192,64,32,445.266
64,8192,64,64,446.683
64,8192,64,128,487.068
64,8192,64,256,531.069
64,8192,64,512,619.049
64,8192,64,1024,799.147
64,8192,64,2048,1064.99
64,8192,64,4096,1690.15
64,8192,64,8192,3306.11
64,8192,64,16384,6542.39
64,8192,64,32768,13026
64,8192,128,16,500.434
64,8192,128,32,501.287
64,8192,128,64,504.392
64,8192,128,128,586.729
64,8192,128,256,678.239
64,8192,128,512,856.525
64,8192,128,1024,1159.92
64,8192,128,2048,1831.77
64,8192,128,4096,3372.1
64,8192,128,8192,6612.44
64,8192,128,16384,13064.7
64,16384,0,0,776.843
64,16384,1,16,776.832
64,16384,1,32,776.769
64,16384,1,64,776.822
64,16384,1,128,776.726
64,16384,1,256,776.833
64,16384,1,512,776.725
64,16384,1,1024,781.388
64,16384,1,2048,781.388
64,16384,1,4096,781.377
64,16384,1,8192,781.27
64,16384,1,16384,781.665
64,16384,1,32768,1547.22
64,16384,2,16,781.324
64,16384,2,32,781.259
64,16384,2,64,781.003
64,16384,2,128,780.609
64,16384,2,256,780.62
64,16384,2,512,780.705
64,16384,2,1024,780.802
64,16384,2,2048,780.961
64,16384,2,4096,781.196
64,16384,2,8192,781.058
64,16384,2,16384,780.695
64,16384,2,32768,1545.46
64,16384,4,16,779.318
64,16384,4,32,779.489
64,16384,4,64,779.959
64,16384,4,128,779.35
64,16384,4,256,779.318
64,16384,4,512,779.777
64,16384,4,1024,779.883
64,16384,4,2048,779.99
64,16384,4,4096,780.513
64,16384,4,8192,781.612
64,16384,4,16384,781.1
64,16384,4,32768,1546.91
64,16384,8,16,779.799
64,16384,8,32,779.894
64,16384,8,64,779.842
64,16384,8,128,781.089
64,16384,8,256,781.184
64,16384,8,512,781.334
64,16384,8,1024,781.377
64,16384,8,2048,781.719
64,16384,8,4096,782.519
64,16384,8,8192,792.215
64,16384,8,16384,1559.19
64,16384,8,32768,2335.69
64,16384,16,16,785.068
64,16384,16,32,784.055
64,16384,16,64,786.007
64,16384,16,128,787.873
64,16384,16,256,792.353
64,16384,16,512,799.65
64,16384,16,1024,826.381
64,16384,16,2048,877.25
64,16384,16,4096,983.001
64,16384,16,8192,1184.95
64,16384,16,16384,1578.56
64,16384,16,32768,3134.51
64,16384,32,16,788.865
64,16384,32,32,789.484
64,16384,32,64,791.148
64,16384,32,128,807.756
64,16384,32,256,826.114
64,16384,32,512,862.445
64,16384,32,1024,935.566
64,16384,32,2048,1083.77
64,16384,32,4096,1373.45
64,16384,32,8192,1964.31
64,16384,32,16384,3128.21
64,16384,32,32768,6219.38
64,16384,64,16,818.444
64,16384,64,32,820.002
64,16384,64,64,820.94
64,16384,64,128,861.208
64,16384,64,256,905.645
64,16384,64,512,993.488
64,16384,64,1024,1172.37
64,16384,64,2048,1528.01
64,16384,64,4096,2066.95
64,16384,64,8192,3307.46
64,16384,64,16384,6543.41
64,16384,64,32768,13053.7
64,16384,128,16,873.582
64,16384,128,32,874.861
64,16384,128,64,878.488
64,16384,128,128,962.309
64,16384,128,256,1051.22
64,16384,128,512,1232.43
64,16384,128,1024,1591.73
64,16384,128,2048,2216.59
64,16384,128,4096,3554.84
64,16384,128,8192,6619.4
64,16384,128,16384,13102
64,32768,0,0,1546.15
64,32768,1,16,1545.06
64,32768,1,32,1544.83
64,32768,1,64,1548.32
64,32768,1,128,1548.39
64,32768,1,256,1548.35
64,32768,1,512,1548.39
64,32768,1,1024,1548.45
64,32768,1,2048,1548.53
64,32768,1,4096,1548.29
64,32768,1,8192,1548.32
64,32768,1,16384,1548.74
64,32768,1,32768,1549.19
64,32768,2,16,1548.38
64,32768,2,32,1547.53
64,32768,2,64,1547.6
64,32768,2,128,1547.33
64,32768,2,256,1546.42
64,32768,2,512,1546.63
64,32768,2,1024,1546.9
64,32768,2,2048,1546.85
64,32768,2,4096,1549.15
64,32768,2,8192,1549.38
64,32768,2,16384,1548.01
64,32768,2,32768,1547.49
64,32768,4,16,1544.32
64,32768,4,32,1544.24
64,32768,4,64,1544.09
64,32768,4,128,1544.88
64,32768,4,256,1544.83
64,32768,4,512,1545.04
64,32768,4,1024,1544.97
64,32768,4,2048,1545.25
64,32768,4,4096,1545.44
64,32768,4,8192,1545.36
64,32768,4,16384,1545.41
64,32768,4,32768,1549.85
64,32768,8,16,1546.79
64,32768,8,32,1546.73
64,32768,8,64,1546.1
64,32768,8,128,1547.2
64,32768,8,256,1547.59
64,32768,8,512,1547.68
64,32768,8,1024,1547.69
64,32768,8,2048,1548.47
64,32768,8,4096,1549.11
64,32768,8,8192,1549.51
64,32768,8,16384,1558.3
64,32768,8,32768,3093.58
64,32768,16,16,1549.72
64,32768,16,32,1549.94
64,32768,16,64,1550.27
64,32768,16,128,1556.56
64,32768,16,256,1559.43
64,32768,16,512,1565.1
64,32768,16,1024,1580.64
64,32768,16,2048,1629.4
64,32768,16,4096,1747.18
64,32768,16,8192,1949.04
64,32768,16,16384,2349.08
64,32768,16,32768,3134.15
64,32768,32,16,1546.3
64,32768,32,32,1545.59
64,32768,32,64,1546.95
64,32768,32,128,1558.58
64,32768,32,256,1577.34
64,32768,32,512,1611.88
64,32768,32,1024,1684.45
64,32768,32,2048,1839.92
64,32768,32,4096,2137.98
64,32768,32,8192,2711.8
64,32768,32,16384,3893.56
64,32768,32,32768,6221.29
64,32768,64,16,1566.23
64,32768,64,32,1571.92
64,32768,64,64,1571.16
64,32768,64,128,1612.84
64,32768,64,256,1655.79
64,32768,64,512,1744.27
64,32768,64,1024,1921.66
64,32768,64,2048,2294.7
64,32768,64,4096,3000.32
64,32768,64,8192,4074.49
64,32768,64,16384,6539.22
64,32768,64,32768,13044.9
64,32768,128,16,1621.99
64,32768,128,32,1624.59
64,32768,128,64,1625.9
64,32768,128,128,1709.24
64,32768,128,256,1798.97
64,32768,128,512,1997.03
64,32768,128,1024,2355.02
64,32768,128,2048,3080.68
64,32768,128,4096,4325.23
64,32768,128,8192,7017.47
64,32768,128,16384,13102.7
128,0,0,0,15.7653
128,0,1,16,15.4783
128,0,1,32,15.435
128,0,1,64,15.542
128,0,1,128,19.8727
128,0,1,256,25.5577
128,0,1,512,37.3767
128,0,1,1024,61.2383
128,0,1,2048,108.972
128,0,1,4096,204.483
128,0,1,8192,395.345
128,0,1,16384,778.199
128,0,1,32768,1545.42
128,0,2,16,15.456
128,0,2,32,15.425
128,0,2,64,15.5203
128,0,2,128,19.9363
128,0,2,256,25.867
128,0,2,512,37.5903
128,0,2,1024,61.857
128,0,2,2048,110.21
128,0,2,4096,205.667
128,0,2,8192,396.753
128,0,2,16384,779.298
128,0,2,32768,1543.22
128,0,4,16,15.7233
128,0,4,32,15.776
128,0,4,64,15.99
128,0,4,128,20.9923
128,0,4,256,26.7737
128,0,4,512,38.5073
128,0,4,1024,61.878
128,0,4,2048,110.36
128,0,4,4096,206.158
128,0,4,8192,397.702
128,0,4,16384,780.749
128,0,4,32768,1545.96
128,0,8,16,23.5523
128,0,8,32,23.6487
128,0,8,64,23.8937
128,0,8,128,31.5737
128,0,8,256,38.0063
128,0,8,512,49.3873
128,0,8,1024,72.919
128,0,8,2048,120.311
128,0,8,4096,215.385
128,0,8,8192,406.182
128,0,8,16384,784.397
128,0,8,32768,1551.13
128,0,16,16,32.566
128,0,16,32,32.8217
128,0,16,64,33.334
128,0,16,128,46.081
128,0,16,256,58.4867
128,0,16,512,82.337
128,0,16,1024,129.474
128,0,16,2048,224.409
128,0,16,4096,415.175
128,0,16,8192,796.632
128,0,16,16384,1564.87
128,0,16,32768,3103.04
128,0,32,16,45.7393
128,0,32,32,46.0067
128,0,32,64,46.6247
128,0,32,128,66.977
128,0,32,256,90.8067
128,0,32,512,138.702
128,0,32,1024,235.204
128,0,32,2048,427.645
128,0,32,4096,813.56
128,0,32,8192,1585.25
128,0,32,16384,3130.01
128,0,32,32768,6234.18
128,0,64,16,76.6943
128,0,64,32,77.3983
128,0,64,64,79.041
128,0,64,128,122.722
128,0,64,256,172.835
128,0,64,512,274.895
128,0,64,1024,476.445
128,0,64,2048,880.623
128,0,64,4096,1687.63
128,0,64,8192,3301.28
128,0,64,16384,6529.6
128,0,64,32768,12994.2
128,0,128,16,141.154
128,0,128,32,142.552
128,0,128,64,146.253
128,0,128,128,238.649
128,0,128,256,337.286
128,0,128,512,534.664
128,0,128,1024,934.138
128,0,128,2048,1740.67
128,0,128,4096,3342.65
128,0,128,8192,6565.85
128,0,128,16384,13043.4
128,16,0,0,20.3527
128,16,1,16,20.3737
128,16,1,32,20.3523
128,16,1,64,20.3627
128,16,1,128,20.3743
128,16,1,256,25.6113
128,16,1,512,37.3557
128,16,1,1024,61.1423
128,16,1,2048,108.834
128,16,1,4096,204.292
128,16,1,8192,395.121
128,16,1,16384,775.223
128,16,1,32768,1543.31
128,16,2,16,20.4593
128,16,2,32,20.5013
128,16,2,64,20.4483
128,16,2,128,20.4487
128,16,2,256,25.9733
128,16,2,512,37.6537
128,16,2,1024,61.7603
128,16,2,2048,110.028
128,16,2,4096,206.084
128,16,2,8192,397.681
128,16,2,16384,779.544
128,16,2,32768,1544.4
128,16,4,16,20.822
128,16,4,32,20.779
128,16,4,64,20.6837
128,16,4,128,20.9073
128,16,4,256,26.6887
128,16,4,512,38.0913
128,16,4,1024,62.1237
128,16,4,2048,110.572
128,16,4,4096,206.297
128,16,4,8192,397.756
128,16,4,16384,780.525
128,16,4,32768,1545.73
128,16,8,16,29.2057
128,16,8,32,29.163
128,16,8,64,29.3123
128,16,8,128,33.515
128,16,8,256,41.1413
128,16,8,512,52.8433
128,16,8,1024,76.5023
128,16,8,2048,123.693
128,16,8,4096,218.734
128,16,8,8192,409.021
128,16,8,16384,787.491
128,16,8,32768,1551.71
128,16,16,16,32.63
128,16,16,32,32.8003
128,16,16,64,33.3127
128,16,16,128,47.8083
128,16,16,256,59.628
128,16,16,512,83.4893
128,16,16,1024,130.338
128,16,16,2048,226.329
128,16,16,4096,415.601
128,16,16,8192,796.505
128,16,16,16384,1565.94
128,16,16,32768,3107.72
128,16,32,16,48.2357
128,16,32,32,48.6303
128,16,32,64,49.3987
128,16,32,128,67.4997
128,16,32,256,90.828
128,16,32,512,138.562
128,16,32,1024,235.183
128,16,32,2048,427.559
128,16,32,4096,813.603
128,16,32,8192,1585.42
128,16,32,16384,3134.41
128,16,32,32768,6219.45
128,16,64,16,76.833
128,16,64,32,77.7077
128,16,64,64,79.2437
128,16,64,128,123.405
128,16,64,256,173.006
128,16,64,512,274.725
128,16,64,1024,476.115
128,16,64,2048,879.642
128,16,64,4096,1688.57
128,16,64,8192,3303.16
128,16,64,16384,6531.36
128,16,64,32768,13004.6
128,16,128,16,141.357
128,16,128,32,143.032
128,16,128,64,146.53
128,16,128,128,239.513
128,16,128,256,337.851
128,16,128,512,534.771
128,16,128,1024,932.677
128,16,128,2048,1736.85
128,16,128,4096,3351.91
128,16,128,8192,6568.85
128,16,128,16384,13043.2
128,32,0,0,20.4057
128,32,1,16,20.491
128,32,1,32,20.491
128,32,1,64,20.501
128,32,1,128,20.491
128,32,1,256,25.5897
128,32,1,512,37.42
128,32,1,1024,61.217
128,32,1,2048,108.898
128,32,1,4096,204.153
128,32,1,8192,394.407
128,32,1,16384,778.222
128,32,1,32768,1544.28
128,32,2,16,20.502
128,32,2,32,20.5223
128,32,2,64,20.5333
128,32,2,128,20.576
128,32,2,256,25.75
128,32,2,512,37.6433
128,32,2,1024,61.7503
128,32,2,2048,109.996
128,32,2,4096,205.763
128,32,2,8192,397.052
128,32,2,16384,779.938
128,32,2,32768,1545.18
128,32,4,16,20.8007
128,32,4,32,20.704
128,32,4,64,20.8427
128,32,4,128,21.1737
128,32,4,256,26.539
128,32,4,512,38.155
128,32,4,1024,62.2733
128,32,4,2048,110.38
128,32,4,4096,206.169
128,32,4,8192,397.682
128,32,4,16384,781.037
128,32,4,32768,1546.52
128,32,8,16,29.1847
128,32,8,32,29.3127
128,32,8,64,29.494
128,32,8,128,33.4943
128,32,8,256,41.2057
128,32,8,512,53.0033
128,32,8,1024,76.684
128,32,8,2048,123.799
128,32,8,4096,219.267
128,32,8,8192,408.903
128,32,8,16384,788.782
128,32,8,32768,1552.14
128,32,16,16,32.8
128,32,16,32,32.8113
128,32,16,64,33.345
128,32,16,128,47.926
128,32,16,256,59.991
128,32,16,512,83.9377
128,32,16,1024,131.075
128,32,16,2048,226.18
128,32,16,4096,415.538
128,32,16,8192,797.55
128,32,16,16384,1571.11
128,32,16,32768,3103.63
128,32,32,16,48.374
128,32,32,32,48.641
128,32,32,64,49.451
128,32,32,128,67.681
128,32,32,256,90.7857
128,32,32,512,138.52
128,32,32,1024,235.044
128,32,32,2048,427.314
128,32,32,4096,812.473
128,32,32,8192,1586.3
128,32,32,16384,3126.16
128,32,32,32768,6231.97
128,32,64,16,77.0253
128,32,64,32,77.8143
128,32,64,64,79.2543
128,32,64,128,123.799
128,32,64,256,173.229
128,32,64,512,274.97
128,32,64,1024,475.112
128,32,64,2048,880.185
128,32,64,4096,1688.71
128,32,64,8192,3304.13
128,32,64,16384,6525.52
128,32,64,32768,13010.4
128,32,128,16,141.454
128,32,128,32,142.872
128,32,128,64,146.722
128,32,128,128,239.738
128,32,128,256,337.627
128,32,128,512,535.017
128,32,128,1024,932.774
128,32,128,2048,1739.56
128,32,128,4096,3347.08
128,32,128,8192,6569.31
128,32,128,16384,13033.8
128,64,0,0,20.587
128,64,1,16,20.6507
128,64,1,32,20.598
128,64,1,64,20.6297
128,64,1,128,20.6723
128,64,1,256,25.6543
128,64,1,512,37.334
128,64,1,1024,61.1957
128,64,1,2048,108.834
128,64,1,4096,204.441
128,64,1,8192,395.282
128,64,1,16384,777.902
128,64,1,32768,1543.63
128,64,2,16,21.024
128,64,2,32,20.715
128,64,2,64,20.7363
128,64,2,128,20.7253
128,64,2,256,25.8243
128,64,2,512,37.654
128,64,2,1024,61.7927
128,64,2,2048,109.943
128,64,2,4096,206.03
128,64,2,8192,397.255
128,64,2,16384,779.385
128,64,2,32768,1544.97
128,64,4,16,20.8963
128,64,4,32,20.9177
128,64,4,64,20.864
128,64,4,128,21.1847
128,64,4,256,26.432
128,64,4,512,38.134
128,64,4,1024,61.9637
128,64,4,2048,110.477
128,64,4,4096,206.308
128,64,4,8192,397.522
128,64,4,16384,780.611
128,64,4,32768,1545.13
128,64,8,16,29.3123
128,64,8,32,29.4083
128,64,8,64,29.5787
128,64,8,128,33.5687
128,64,8,256,41.3767
128,64,8,512,53.345
128,64,8,1024,76.961
128,64,8,2048,124.215
128,64,8,4096,218.863
128,64,8,8192,409.042
128,64,8,16384,788.878
128,64,8,32768,1552.57
128,64,16,16,32.8327
128,64,16,32,32.9927
128,64,16,64,33.366
128,64,16,128,48.097
128,64,16,256,60.556
128,64,16,512,84.0553
128,64,16,1024,131.159
128,64,16,2048,225.454
128,64,16,4096,415.421
128,64,16,8192,795.48
128,64,16,16384,1564.17
128,64,16,32768,3105.97
128,64,32,16,48.3203
128,64,32,32,48.609
128,64,32,64,49.4197
128,64,32,128,67.6603
128,64,32,256,90.6683
128,64,32,512,138.286
128,64,32,1024,235.001
128,64,32,2048,427.602
128,64,32,4096,812.815
128,64,32,8192,1584.83
128,64,32,16384,3128.49
128,64,32,32768,6214.19
128,64,64,16,76.8117
128,64,64,32,77.548
128,64,64,64,79.5003
128,64,64,128,123.767
128,64,64,256,172.899
128,64,64,512,274.117
128,64,64,1024,475.71
128,64,64,2048,880.218
128,64,64,4096,1687.35
128,64,64,8192,3304.7
128,64,64,16384,6531
128,64,64,32768,13009.6
128,64,128,16,141.496
128,64,128,32,142.776
128,64,128,64,146.594
128,64,128,128,239.823
128,64,128,256,337.691
128,64,128,512,534.676
128,64,128,1024,934.15
128,64,128,2048,1738.6
128,64,128,4096,3345.01
128,64,128,8192,6563.95
128,64,128,16384,13060.3
128,128,0,0,21.792
128,128,1,16,20.9393
128,128,1,32,20.9287
128,128,1,64,20.897
128,128,1,128,20.9493
128,128,1,256,25.6113
128,128,1,512,37.334
128,128,1,1024,61.0357
128,128,1,2048,109.047
128,128,1,4096,204.483
128,128,1,8192,395.431
128,128,1,16384,778.639
128,128,1,32768,1544.98
128,128,2,16,20.9397
128,128,2,32,20.961
128,128,2,64,20.9387
128,128,2,128,21.0027
128,128,2,256,25.803
128,128,2,512,37.6757
128,128,2,1024,61.7717
128,128,2,2048,110.05
128,128,2,4096,205.881
128,128,2,8192,397.031
128,128,2,16384,779.246
128,128,2,32768,1545.52
128,128,4,16,21.3443
128,128,4,32,21.462
128,128,4,64,21.5147
128,128,4,128,21.5583
128,128,4,256,26.7627
128,128,4,512,38.422
128,128,4,1024,62.2733
128,128,4,2048,110.498
128,128,4,4096,206.137
128,128,4,8192,398.247
128,128,4,16384,779.705
128,128,4,32768,1545.66
128,128,8,16,29.707
128,128,8,32,29.888
128,128,8,64,30.155
128,128,8,128,35.478
128,128,8,256,44.2037
128,128,8,512,55.9587
128,128,8,1024,80.204
128,128,8,2048,127.298
128,128,8,4096,221.828
128,128,8,8192,412.627
128,128,8,16384,794.585
128,128,8,32768,1553.06
128,128,16,16,34.2623
128,128,16,32,34.699
128,128,16,64,34.657
128,128,16,128,50.1137
128,128,16,256,64.694
128,128,16,512,89.7187
128,128,16,1024,137.027
128,128,16,2048,232.527
128,128,16,4096,422.759
128,128,16,8192,801.475
128,128,16,16384,1564.62
128,128,16,32768,3104.77
128,128,32,16,48.9293
128,128,32,32,49.345
128,128,32,64,50.0277
128,128,32,128,69.121
128,128,32,256,91.7677
128,128,32,512,138.786
128,128,32,1024,235.343
128,128,32,2048,427.336
128,128,32,4096,813.593
128,128,32,8192,1586.61
128,128,32,16384,3136.77
128,128,32,32768,6223.91
128,128,64,16,77.6017
128,128,64,32,78.189
128,128,64,64,79.7983
128,128,64,128,124.92
128,128,64,256,173.39
128,128,64,512,273.999
128,128,64,1024,475.646
128,128,64,2048,880.88
128,128,64,4096,1689.96
128,128,64,8192,3309.61
128,128,64,16384,6540.86
128,128,64,32768,13017.5
128,128,128,16,141.879
128,128,128,32,143.373
128,128,128,64,147.214
128,128,128,128,241.199
128,128,128,256,338.886
128,128,128,512,534.922
128,128,128,1024,933.67
128,128,128,2048,1734.28
128,128,128,4096,3337.3
128,128,128,8192,6573.05
128,128,128,16384,13050.4
128,256,0,0,27.595
128,256,1,16,26.848
128,256,1,32,26.8697
128,256,1,64,26.8483
128,256,1,128,26.8383
128,256,1,256,26.87
128,256,1,512,37.3443
128,256,1,1024,61.1847
128,256,1,2048,108.855
128,256,1,4096,204.185
128,256,1,8192,394.995
128,256,1,16384,777.582
128,256,1,32768,1543.03
128,256,2,16,26.8593
128,256,2,32,26.8697
128,256,2,64,26.859
128,256,2,128,26.8697
128,256,2,256,26.9767
128,256,2,512,37.622
128,256,2,1024,61.7183
128,256,2,2048,109.975
128,256,2,4096,205.625
128,256,2,8192,397.522
128,256,2,16384,779.513
128,256,2,32768,1544.23
128,256,4,16,27.3287
128,256,4,32,27.318
128,256,4,64,27.3503
128,256,4,128,27.552
128,256,4,256,27.5313
128,256,4,512,38.4543
128,256,4,1024,62.2837
128,256,4,2048,110.274
128,256,4,4096,206.286
128,256,4,8192,398.088
128,256,4,16384,781.433
128,256,4,32768,1546.04
128,256,8,16,35.52
128,256,8,32,35.7763
128,256,8,64,35.9577
128,256,8,128,41.4293
128,256,8,256,47.7767
128,256,8,512,62.081
128,256,8,1024,86.103
128,256,8,2048,132.867
128,256,8,4096,229.146
128,256,8,8192,418.653
128,256,8,16384,800.111
128,256,8,32768,1561.37
128,256,16,16,40.0647
128,256,16,32,40.268
128,256,16,64,40.523
128,256,16,128,50.305
128,256,16,256,68.5883
128,256,16,512,95.8743
128,256,16,1024,142.978
128,256,16,2048,238.585
128,256,16,4096,428.68
128,256,16,8192,808.356
128,256,16,16384,1569.83
128,256,16,32768,3108.61
128,256,32,16,55.4573
128,256,32,32,55.681
128,256,32,64,56.3207
128,256,32,128,73.7187
128,256,32,256,93.4637
128,256,32,512,138.615
128,256,32,1024,235.396
128,256,32,2048,427.976
128,256,32,4096,813.455
128,256,32,8192,1586.08
128,256,32,16384,3133.41
128,256,32,32768,6219.12
128,256,64,16,84.8337
128,256,64,32,85.5587
128,256,64,64,87.0097
128,256,64,128,125.527
128,256,64,256,176.035
128,256,64,512,275.045
128,256,64,1024,476.073
128,256,64,2048,881.403
128,256,64,4096,1689.57
128,256,64,8192,3313.1
128,256,64,16384,6545.78
128,256,64,32768,13029.3
128,256,128,16,143.086
128,256,128,32,144.643
128,256,128,64,148.28
128,256,128,128,241.509
128,256,128,256,340.934
128,256,128,512,536.564
128,256,128,1024,933.725
128,256,128,2048,1736.69
128,256,128,4096,3344.69
128,256,128,8192,6576.82
128,256,128,16384,13054.7
128,512,0,0,39.4887
128,512,1,16,38.7523
128,512,1,32,38.6783
128,512,1,64,38.7957
128,512,1,128,38.7633
128,512,1,256,38.753
128,512,1,512,38.731
128,512,1,1024,61.2383
128,512,1,2048,108.941
128,512,1,4096,204.441
128,512,1,8192,395.26
128,512,1,16384,778.275
128,512,1,32768,1544.32
128,512,2,16,38.7953
128,512,2,32,38.7413
128,512,2,64,38.7203
128,512,2,128,38.7207
128,512,2,256,38.8173
128,512,2,512,38.753
128,512,2,1024,62.007
128,512,2,2048,109.986
128,512,2,4096,205.85
128,512,2,8192,397.234
128,512,2,16384,779.748
128,512,2,32768,1544.53
128,512,4,16,39.297
128,512,4,32,39.2433
128,512,4,64,39.2647
128,512,4,128,39.5637
128,512,4,256,39.1903
128,512,4,512,39.499
128,512,4,1024,62.145
128,512,4,2048,110.188
128,512,4,4096,206.468
128,512,4,8192,398.066
128,512,4,16384,780.601
128,512,4,32768,1546.17
128,512,8,16,47.0833
128,512,8,32,47.2547
128,512,8,64,47.553
128,512,8,128,53.004
128,512,8,256,59.6067
128,512,8,512,71.2973
128,512,8,1024,97.7727
128,512,8,2048,147.043
128,512,8,4096,243.194
128,512,8,8192,435.56
128,512,8,16384,820.975
128,512,8,32768,1592.9
128,512,16,16,51.9797
128,512,16,32,52.1397
128,512,16,64,52.2677
128,512,16,128,58.049
128,512,16,256,68.8753
128,512,16,512,104.514
128,512,16,1024,156.195
128,512,16,2048,252.101
128,512,16,4096,444.051
128,512,16,8192,831.322
128,512,16,16384,1600.49
128,512,16,32768,3152.6
128,512,32,16,67.4677
128,512,32,32,67.7567
128,512,32,64,68.5027
128,512,32,128,84.9397
128,512,32,256,104.119
128,512,32,512,140.92
128,512,32,1024,234.746
128,512,32,2048,428.167
128,512,32,4096,813.072
128,512,32,8192,1587.74
128,512,32,16384,3135.53
128,512,32,32768,6230.09
128,512,64,16,98.2093
128,512,64,32,98.9463
128,512,64,64,100.375
128,512,64,128,138.392
128,512,64,256,175.971
128,512,64,512,276.891
128,512,64,1024,475.241
128,512,64,2048,879.953
128,512,64,4096,1691.65
128,512,64,8192,3310.42
128,512,64,16384,6544.02
128,512,64,32768,13056.9
128,512,128,16,154.105
128,512,128,32,155
128,512,128,64,158.371
128,512,128,128,243.855
128,512,128,256,341.041
128,512,128,512,540.554
128,512,128,1024,933.97
128,512,128,2048,1740.02
128,512,128,4096,3341.67
128,512,128,8192,6559.35
128,512,128,16384,13046.7
128,1024,0,0,63.265
128,1024,1,16,62.4863
128,1024,1,32,62.6033
128,1024,1,64,62.5827
128,1024,1,128,62.55
128,1024,1,256,62.6143
128,1024,1,512,62.5933
128,1024,1,1024,62.6143
128,1024,1,2048,108.791
128,1024,1,4096,203.747
128,1024,1,8192,395.026
128,1024,1,16384,777.081
128,1024,1,32768,1541.89
128,1024,2,16,62.7103
128,1024,2,32,62.7
128,1024,2,64,62.7
128,1024,2,128,62.69
128,1024,2,256,62.7423
128,1024,2,512,62.8277
128,1024,2,1024,63.0197
128,1024,2,2048,110.029
128,1024,2,4096,205.796
128,1024,2,8192,397.405
128,1024,2,16384,780.815
128,1024,2,32768,1545.9
128,1024,4,16,63.02
128,1024,4,32,63.105
128,1024,4,64,63.137
128,1024,4,128,63.4143
128,1024,4,256,63.1587
128,1024,4,512,63.3503
128,1024,4,1024,63.5637
128,1024,4,2048,110.456
128,1024,4,4096,206.49
128,1024,4,8192,398.28
128,1024,4,16384,781.007
128,1024,4,32768,1546.46
128,1024,8,16,70.5827
128,1024,8,32,70.6783
128,1024,8,64,71.02
128,1024,8,128,76.5343
128,1024,8,256,82.914
128,1024,8,512,94.9887
128,1024,8,1024,119.277
128,1024,8,2048,170.777
128,1024,8,4096,268.219
128,1024,8,8192,461
128,1024,8,16384,846.011
128,1024,8,32768,1616.73
128,1024,16,16,75.1697
128,1024,16,32,75.3827
128,1024,16,64,75.628
128,1024,16,128,81.4633
128,1024,16,256,88.3743
128,1024,16,512,104.685
128,1024,16,1024,176.58
128,1024,16,2048,275.686
128,1024,16,4096,469.855
128,1024,16,8192,854.533
128,1024,16,16384,1628.62
128,1024,16,32768,3172.65
128,1024,32,16,90.9887
128,1024,32,32,91.2653
128,1024,32,64,92.0763
128,1024,32,128,108.728
128,1024,32,256,126.669
128,1024,32,512,164.462
128,1024,32,1024,237.008
128,1024,32,2048,427.88
128,1024,32,4096,813.583
128,1024,32,8192,1587.26
128,1024,32,16384,3137.25
128,1024,32,32768,6237.89
128,1024,64,16,123.267
128,1024,64,32,123.735
128,1024,64,64,125.432
128,1024,64,128,163.95
128,1024,64,256,206.33
128,1024,64,512,279.035
128,1024,64,1024,477.567
128,1024,64,2048,878.716
128,1024,64,4096,1688.25
128,1024,64,8192,3308.77
128,1024,64,16384,6553.31
128,1024,64,32768,13045.9
128,1024,128,16,181.838
128,1024,128,32,182.777
128,1024,128,64,186.383
128,1024,128,128,260.848
128,1024,128,256,343.75
128,1024,128,512,540.043
128,1024,128,1024,939.08
128,1024,128,2048,1737.83
128,1024,128,4096,3343.99
128,1024,128,8192,6563.58
128,1024,128,16384,13038.2
128,2048,0,0,110.786
128,2048,1,16,110.061
128,2048,1,32,110.338
128,2048,1,64,110.53
128,2048,1,128,110.477
128,2048,1,256,110.53
128,2048,1,512,110.594
128,2048,1,1024,110.626
128,2048,1,2048,110.626
128,2048,1,4096,204.046
128,2048,1,8192,393.918
128,2048,1,16384,777.796
128,2048,1,32768,1543.09
128,2048,2,16,110.53
128,2048,2,32,110.583
128,2048,2,64,110.551
128,2048,2,128,110.53
128,2048,2,256,110.594
128,2048,2,512,110.563
128,2048,2,1024,110.818
128,2048,2,2048,110.808
128,2048,2,4096,205.636
128,2048,2,8192,397.117
128,2048,2,16384,779.193
128,2048,2,32768,1544.83
128,2048,4,16,110.818
128,2048,4,32,110.871
128,2048,4,64,110.765
128,2048,4,128,111.064
128,2048,4,256,110.999
128,2048,4,512,111.17
128,2048,4,1024,111.437
128,2048,4,2048,111.746
128,2048,4,4096,206.553
128,2048,4,8192,397.842
128,2048,4,16384,780.112
128,2048,4,32768,1545.5
128,2048,8,16,117.602
128,2048,8,32,117.56
128,2048,8,64,118.231
128,2048,8,128,123.341
128,2048,8,256,129.837
128,2048,8,512,142.189
128,2048,8,1024,166.734
128,2048,8,2048,215.599
128,2048,8,4096,315.695
128,2048,8,8192,508.212
128,2048,8,16384,894.278
128,2048,8,32768,1663.82
128,2048,16,16,122.274
128,2048,16,32,122.381
128,2048,16,64,122.754
128,2048,16,128,128.547
128,2048,16,256,135.587
128,2048,16,512,147.161
128,2048,16,1024,177.625
128,2048,16,2048,321.361
128,2048,16,4096,516.937
128,2048,16,8192,902.545
128,2048,16,16384,1674.53
128,2048,16,32768,3219.16
128,2048,32,16,137.955
128,2048,32,32,138.21
128,2048,32,64,138.84
128,2048,32,128,155.587
128,2048,32,256,173.87
128,2048,32,512,210.191
128,2048,32,1024,285.499
128,2048,32,2048,428.808
128,2048,32,4096,813.029
128,2048,32,8192,1588.04
128,2048,32,16384,3135.01
128,2048,32,32768,6234.96
128,2048,64,16,170.446
128,2048,64,32,171.161
128,2048,64,64,172.771
128,2048,64,128,212.559
128,2048,64,256,256.058
128,2048,64,512,344.167
128,2048,64,1024,480.073
128,2048,64,2048,880.966
128,2048,64,4096,1686.32
128,2048,64,8192,3309.02
128,2048,64,16384,6545.6
128,2048,64,32768,13054
128,2048,128,16,233.849
128,2048,128,32,234.821
128,2048,128,64,239.098
128,2048,128,128,316.902
128,2048,128,256,402.642
128,2048,128,512,552.32
128,2048,128,1024,940.242
128,2048,128,2048,1747.91
128,2048,128,4096,3338.08
128,2048,128,8192,6546.53
128,2048,128,16384,13031.7
128,4096,0,0,206.969
128,4096,1,16,206.938
128,4096,1,32,206.873
128,4096,1,64,206.831
128,4096,1,128,206.905
128,4096,1,256,206.959
128,4096,1,512,206.585
128,4096,1,1024,206.436
128,4096,1,2048,205.252
128,4096,1,4096,205.849
128,4096,1,8192,394.514
128,4096,1,16384,776.719
128,4096,1,32768,1545.91
128,4096,2,16,207.289
128,4096,2,32,207.172
128,4096,2,64,207.108
128,4096,2,128,207.15
128,4096,2,256,207.247
128,4096,2,512,207.193
128,4096,2,1024,207.332
128,4096,2,2048,206.852
128,4096,2,4096,206.809
128,4096,2,8192,397.138
128,4096,2,16384,779.546
128,4096,2,32768,1545.21
128,4096,4,16,207.492
128,4096,4,32,207.204
128,4096,4,64,207.396
128,4096,4,128,207.46
128,4096,4,256,207.652
128,4096,4,512,207.695
128,4096,4,1024,207.939
128,4096,4,2048,207.268
128,4096,4,4096,207.588
128,4096,4,8192,397.576
128,4096,4,16384,780.154
128,4096,4,32768,1545.33
128,4096,8,16,211.481
128,4096,8,32,212.495
128,4096,8,64,211.823
128,4096,8,128,218.073
128,4096,8,256,225.05
128,4096,8,512,236.933
128,4096,8,1024,260.805
128,4096,8,2048,310.171
128,4096,8,4096,407.667
128,4096,8,8192,604.471
128,4096,8,16384,990.697
128,4096,8,32768,1760.09
128,4096,16,16,215.951
128,4096,16,32,217.284
128,4096,16,64,217.348
128,4096,16,128,222.522
128,4096,16,256,230.745
128,4096,16,512,241.829
128,4096,16,1024,266.235
128,4096,16,2048,321.329
128,4096,16,4096,608.695
128,4096,16,8192,997.482
128,4096,16,16384,1771.43
128,4096,16,32768,3316.92
128,4096,32,16,231.652
128,4096,32,32,231.813
128,4096,32,64,232.314
128,4096,32,128,249.807
128,4096,32,256,268.037
128,4096,32,512,304.016
128,4096,32,1024,378.28
128,4096,32,2048,525.482
128,4096,32,4096,813.189
128,4096,32,8192,1586.07
128,4096,32,16384,3136.65
128,4096,32,32768,6225.22
128,4096,64,16,264.133
128,4096,64,32,265.946
128,4096,64,64,266.234
128,4096,64,128,306.534
128,4096,64,256,351.25
128,4096,64,512,440.595
128,4096,64,1024,613.377
128,4096,64,2048,883.196
128,4096,64,4096,1687.84
128,4096,64,8192,3306.18
128,4096,64,16384,6539.38
128,4096,64,32768,13052.2
128,4096,128,16,328.444
128,4096,128,32,330.118
128,4096,128,64,334.737
128,4096,128,128,421.598
128,4096,128,256,503.647
128,4096,128,512,674.488
128,4096,128,1024,976.69
128,4096,128,2048,1745.53
128,4096,128,4096,3356.43
128,4096,128,8192,6550.72
128,4096,128,16384,13038.1
128,8192,0,0,398.952
128,8192,1,16,398.472
128,8192,1,32,398.461
128,8192,1,64,398.568
128,8192,1,128,398.77
128,8192,1,256,398.813
128,8192,1,512,398.792
128,8192,1,1024,398.696
128,8192,1,2048,399.261
128,8192,1,4096,399.389
128,8192,1,8192,398.674
128,8192,1,16384,778.618
128,8192,1,32768,1542.71
128,8192,2,16,398.781
128,8192,2,32,398.781
128,8192,2,64,398.781
128,8192,2,128,398.739
128,8192,2,256,399.144
128,8192,2,512,399.24
128,8192,2,1024,399.389
128,8192,2,2048,399.016
128,8192,2,4096,399.059
128,8192,2,8192,398.429
128,8192,2,16384,780.218
128,8192,2,32768,1545.59
128,8192,4,16,399.379
128,8192,4,32,399.176
128,8192,4,64,398.333
128,8192,4,128,399.944
128,8192,4,256,399.848
128,8192,4,512,399.613
128,8192,4,1024,399.571
128,8192,4,2048,399.688
128,8192,4,4096,399.57
128,8192,4,8192,399.496
128,8192,4,16384,780.292
128,8192,4,32768,1546.71
128,8192,8,16,401.235
128,8192,8,32,400.605
128,8192,8,64,399.357
128,8192,8,128,406.494
128,8192,8,256,412.189
128,8192,8,512,426.931
128,8192,8,1024,449.534
128,8192,8,2048,498.741
128,8192,8,4096,599.169
128,8192,8,8192,791.215
128,8192,8,16384,1181.54
128,8192,8,32768,1955.69
128,8192,16,16,406.557
128,8192,16,32,405.907
128,8192,16,64,406.067
128,8192,16,128,411.614
128,8192,16,256,420.563
128,8192,16,512,431.432
128,8192,16,1024,454.984
128,8192,16,2048,504.021
128,8192,16,4096,609.462
128,8192,16,8192,1181.26
128,8192,16,16384,1962.88
128,8192,16,32768,3510.02
128,8192,32,16,419.315
128,8192,32,32,420.147
128,8192,32,64,419.976
128,8192,32,128,437.598
128,8192,32,256,456.18
128,8192,32,512,491.295
128,8192,32,1024,565.227
128,8192,32,2048,712.206
128,8192,32,4096,1006
128,8192,32,8192,1588.27
128,8192,32,16384,3142.37
128,8192,32,32768,6235.93
128,8192,64,16,452.009
128,8192,64,32,453.267
128,8192,64,64,453.523
128,8192,64,128,494.442
128,8192,64,256,538.048
128,8192,64,512,628.012
128,8192,64,1024,804.805
128,8192,64,2048,1154.71
128,8192,64,4096,1690.95
128,8192,64,8192,3300.99
128,8192,64,16384,6533.17
128,8192,64,32768,13024.5
128,8192,128,16,516.17
128,8192,128,32,517.183
128,8192,128,64,521.056
128,8192,128,128,610.423
128,8192,128,256,705.817
128,8192,128,512,867.004
128,8192,128,1024,1216.92
128,8192,128,2048,1830.98
128,8192,128,4096,3363.07
128,8192,128,8192,6592.88
128,8192,128,16384,13029.8
128,16384,0,0,777.562
128,16384,1,16,780.175
128,16384,1,32,778.575
128,16384,1,64,780.037
128,16384,1,128,780.1
128,16384,1,256,780.176
128,16384,1,512,780.047
128,16384,1,1024,775.13
128,16384,1,2048,775.3
128,16384,1,4096,781.637
128,16384,1,8192,781.668
128,16384,1,16384,781.327
128,16384,1,32768,1544.99
128,16384,2,16,780.698
128,16384,2,32,780.634
128,16384,2,64,780.965
128,16384,2,128,780.656
128,16384,2,256,778.117
128,16384,2,512,781.082
128,16384,2,1024,778.639
128,16384,2,2048,781.733
128,16384,2,4096,781.029
128,16384,2,8192,781.839
128,16384,2,16384,781.221
128,16384,2,32768,1545.66
128,16384,4,16,780.272
128,16384,4,32,779.877
128,16384,4,64,781.786
128,16384,4,128,780.933
128,16384,4,256,780.932
128,16384,4,512,781.818
128,16384,4,1024,778.459
128,16384,4,2048,782.021
128,16384,4,4096,781.382
128,16384,4,8192,779.578
128,16384,4,16384,781.999
128,16384,4,32768,1546.25
128,16384,8,16,781.594
128,16384,8,32,779.94
128,16384,8,64,778.33
128,16384,8,128,790.33
128,16384,8,256,794.341
128,16384,8,512,808.784
128,16384,8,1024,822.523
128,16384,8,2048,874.31
128,16384,8,4096,979.774
128,16384,8,8192,1173.59
128,16384,8,16384,1561.47
128,16384,8,32768,2336.49
128,16384,16,16,786.501
128,16384,16,32,784.677
128,16384,16,64,784.805
128,16384,16,128,791.418
128,16384,16,256,794.203
128,16384,16,512,810.672
128,16384,16,1024,837.915
128,16384,16,2048,883.772
128,16384,16,4096,983.764
128,16384,16,8192,1187.47
128,16384,16,16384,2341.39
128,16384,16,32768,3887.64
128,16384,32,16,797.402
128,16384,32,32,796.826
128,16384,32,64,799.621
128,16384,32,128,813.499
128,16384,32,256,832.88
128,16384,32,512,867.814
128,16384,32,1024,941.917
128,16384,32,2048,1086.99
128,16384,32,4096,1382.14
128,16384,32,8192,1964
128,16384,32,16384,3129.76
128,16384,32,32768,6226.54
128,16384,64,16,826.929
128,16384,64,32,830.629
128,16384,64,64,827.995
128,16384,64,128,869.649
128,16384,64,256,915.709
128,16384,64,512,1002.91
128,16384,64,1024,1180.1
128,16384,64,2048,1536.32
128,16384,64,4096,2239.03
128,16384,64,8192,3299.47
128,16384,64,16384,6521.56
128,16384,64,32768,13020.6
128,16384,128,16,891.366
128,16384,128,32,892.818
128,16384,128,64,897.095
128,16384,128,128,983.113
128,16384,128,256,1080.53
128,16384,128,512,1269.8
128,16384,128,1024,1645.28
128,16384,128,2048,2303.57
128,16384,128,4096,3546.39
128,16384,128,8192,6593.88
128,16384,128,16384,13085.7
128,32768,0,0,1542.74
128,32768,1,16,1543.08
128,32768,1,32,1544.88
128,32768,1,64,1538.48
128,32768,1,128,1548.48
128,32768,1,256,1548.83
128,32768,1,512,1547.39
128,32768,1,1024,1547.11
128,32768,1,2048,1546.72
128,32768,1,4096,1547.05
128,32768,1,8192,1546.88
128,32768,1,16384,1544.3
128,32768,1,32768,1545.17
128,32768,2,16,1544.94
128,32768,2,32,1545.21
128,32768,2,64,1544.74
128,32768,2,128,1544.2
128,32768,2,256,1544.44
128,32768,2,512,1547.85
128,32768,2,1024,1547.68
128,32768,2,2048,1547.6
128,32768,2,4096,1547.87
128,32768,2,8192,1546.92
128,32768,2,16384,1546.17
128,32768,2,32768,1547.06
128,32768,4,16,1545.4
128,32768,4,32,1542.49
128,32768,4,64,1542.64
128,32768,4,128,1544.38
128,32768,4,256,1544.39
128,32768,4,512,1545.14
128,32768,4,1024,1540.31
128,32768,4,2048,1541.73
128,32768,4,4096,1549.28
128,32768,4,8192,1547.32
128,32768,4,16384,1548.38
128,32768,4,32768,1547.82
128,32768,8,16,1549.18
128,32768,8,32,1547.03
128,32768,8,64,1539.79
128,32768,8,128,1546.61
128,32768,8,256,1553.44
128,32768,8,512,1556.36
128,32768,8,1024,1583.02
128,32768,8,2048,1630.76
128,32768,8,4096,1746.5
128,32768,8,8192,1938.38
128,32768,8,16384,2325.67
128,32768,8,32768,3097.79
128,32768,16,16,1550.48
128,32768,16,32,1551
128,32768,16,64,1547.85
128,32768,16,128,1555.29
128,32768,16,256,1552.33
128,32768,16,512,1574.36
128,32768,16,1024,1600.12
128,32768,16,2048,1634.41
128,32768,16,4096,1748.93
128,32768,16,8192,1944.56
128,32768,16,16384,2342.78
128,32768,16,32768,4653.31
128,32768,32,16,1555.64
128,32768,32,32,1560.65
128,32768,32,64,1559.71
128,32768,32,128,1567.18
128,32768,32,256,1585.02
128,32768,32,512,1619.68
128,32768,32,1024,1693.31
128,32768,32,2048,1839.79
128,32768,32,4096,2145.93
128,32768,32,8192,2728.64
128,32768,32,16384,3886.19
128,32768,32,32768,6227.97
128,32768,64,16,1579.4
128,32768,64,32,1581.26
128,32768,64,64,1586.9
128,32768,64,128,1622.42
128,32768,64,256,1662.96
128,32768,64,512,1753.53
128,32768,64,1024,1929.38
128,32768,64,2048,2303.33
128,32768,64,4096,3026.72
128,32768,64,8192,4409.63
128,32768,64,16384,6525.27
128,32768,64,32768,12995.4
128,32768,128,16,1639.82
128,32768,128,32,1643.3
128,32768,128,64,1647.24
128,32768,128,128,1735.38
128,32768,128,256,1830.5
128,32768,128,512,2037.8
128,32768,128,1024,2416.04
128,32768,128,2048,3168.75
128,32768,128,4096,4488.13
128,32768,128,8192,6963.47
128,32768,128,16384,13055.3
256,0,0,0,22.7633
256,0,1,16,23.0837
256,0,1,32,22.9653
256,0,1,64,23.0083
256,0,1,128,22.9983
256,0,1,256,27.7983
256,0,1,512,39.3923
256,0,1,1024,63.1477
256,0,1,2048,110.925
256,0,1,4096,206.17
256,0,1,8192,397.405
256,0,1,16384,778.949
256,0,1,32768,1541.87
256,0,2,16,23.8197
256,0,2,32,23.7337
256,0,2,64,23.7867
256,0,2,128,23.521
256,0,2,256,28.619
256,0,2,512,40.5343
256,0,2,1024,64.0337
256,0,2,2048,111.981
256,0,2,4096,207.62
256,0,2,8192,398.802
256,0,2,16384,782
256,0,2,32768,1545.49
256,0,4,16,24.5017
256,0,4,32,24.544
256,0,4,64,24.641
256,0,4,128,24.907
256,0,4,256,30.1767
256,0,4,512,41.686
256,0,4,1024,65.2707
256,0,4,2048,112.344
256,0,4,4096,207.951
256,0,4,8192,399.507
256,0,4,16384,782.212
256,0,4,32768,1547.57
256,0,8,16,32.3847
256,0,8,32,32.4487
256,0,8,64,32.8543
256,0,8,128,36.63
256,0,8,256,47.6383
256,0,8,512,65.868
256,0,8,1024,89.4423
256,0,8,2048,136.738
256,0,8,4096,232.111
256,0,8,8192,420.36
256,0,8,16384,798.651
256,0,8,32768,1561.81
256,0,16,16,40.6513
256,0,16,32,40.897
256,0,16,64,41.0567
256,0,16,128,51.3397
256,0,16,256,67.585
256,0,16,512,91.457
256,0,16,1024,138.509
256,0,16,2048,233.754
256,0,16,4096,423.134
256,0,16,8192,803.205
256,0,16,16384,1565.78
256,0,16,32768,3103.61
256,0,32,16,56.641
256,0,32,32,57.1427
256,0,32,64,57.655
256,0,32,128,80.972
256,0,32,256,105.4
256,0,32,512,151.086
256,0,32,1024,245.637
256,0,32,2048,437.758
256,0,32,4096,819.557
256,0,32,8192,1590.34
256,0,32,16384,3135.11
256,0,32,32768,6231.94
256,0,64,16,90.2633
256,0,64,32,91.0207
256,0,64,64,92.4393
256,0,64,128,137.688
256,0,64,256,185.434
256,0,64,512,283.814
256,0,64,1024,483.401
256,0,64,2048,885.063
256,0,64,4096,1692.99
256,0,64,8192,3306.83
256,0,64,16384,6541.6
256,0,64,32768,13011.9
256,0,128,16,161.518
256,0,128,32,162.947
256,0,128,64,166.275
256,0,128,128,259.099
256,0,128,256,354.621
256,0,128,512,547.168
256,0,128,1024,944.009
256,0,128,2048,1747.73
256,0,128,4096,3354.48
256,0,128,8192,6583.22
256,0,128,16384,13044.9
256,16,0,0,28.438
256,16,1,16,28.5663
256,16,1,32,28.5337
256,16,1,64,28.5443
256,16,1,128,28.609
256,16,1,256,28.566
256,16,1,512,39.5213
256,16,1,1024,63.308
256,16,1,2048,110.754
256,16,1,4096,206.596
256,16,1,8192,397.139
256,16,1,16384,779.973
256,16,1,32768,1543.99
256,16,2,16,28.8323
256,16,2,32,29.0567
256,16,2,64,29.2703
256,16,2,128,28.822
256,16,2,256,28.9607
256,16,2,512,40.63
256,16,2,1024,64.257
256,16,2,2048,111.927
256,16,2,4096,207.726
256,16,2,8192,398.44
256,16,2,16384,780.965
256,16,2,32768,1545.36
256,16,4,16,29.8887
256,16,4,32,30.091
256,16,4,64,29.9847
256,16,4,128,30.017
256,16,4,256,30.091
256,16,4,512,41.44
256,16,4,1024,64.9723
256,16,4,2048,112.536
256,16,4,4096,207.983
256,16,4,8192,399.666
256,16,4,16384,781.818
256,16,4,32768,1548.37
256,16,8,16,37.8137
256,16,8,32,38.0163
256,16,8,64,38.1017
256,16,8,128,42.5397
256,16,8,256,48.193
256,16,8,512,70.5827
256,16,8,1024,94.6473
256,16,8,2048,142.744
256,16,8,4096,236.677
256,16,8,8192,424.211
256,16,8,16384,806.193
256,16,8,32768,1567.95
256,16,16,16,46.4327
256,16,16,32,46.4653
256,16,16,64,46.838
256,16,16,128,55.98
256,16,16,256,68.428
256,16,16,512,95.426
256,16,16,1024,143.16
256,16,16,2048,238.053
256,16,16,4096,427.443
256,16,16,8192,807.835
256,16,16,16384,1571.68
256,16,16,32768,3103.1
256,16,32,16,63.2017
256,16,32,32,63.372
256,16,32,64,63.9583
256,16,32,128,82.1243
256,16,32,256,109.25
256,16,32,512,154.126
256,16,32,1024,247.674
256,16,32,2048,437.672
256,16,32,4096,818.384
256,16,32,8192,1591.27
256,16,32,16384,3136.32
256,16,32,32768,6226.61
256,16,64,16,94.3807
256,16,64,32,95.1597
256,16,64,64,96.5353
256,16,64,128,139.224
256,16,64,256,186.617
256,16,64,512,284.411
256,16,64,1024,484.212
256,16,64,2048,884.679
256,16,64,4096,1690.2
256,16,64,8192,3311.31
256,16,64,16384,6543.77
256,16,64,32768,13015.4
256,16,128,16,162.894
256,16,128,32,164.27
256,16,128,64,167.704
256,16,128,128,260.603
256,16,128,256,356.124
256,16,128,512,547.691
256,16,128,1024,943.635
256,16,128,2048,1748.3
256,16,128,4096,3347.18
256,16,128,8192,6563.56
256,16,128,16384,13052.2
256,32,0,0,28.4487
256,32,1,16,28.6623
256,32,1,32,28.5877
256,32,1,64,28.6197
256,32,1,128,28.7367
256,32,1,256,28.844
256,32,1,512,39.4997
256,32,1,1024,63.2653
256,32,1,2048,110.861
256,32,1,4096,206.309
256,32,1,8192,396.648
256,32,1,16384,779.503
256,32,1,32768,1546.26
256,32,2,16,28.8757
256,32,2,32,29.0993
256,32,2,64,28.9823
256,32,2,128,29.014
256,32,2,256,29.227
256,32,2,512,40.6193
256,32,2,1024,64.1193
256,32,2,2048,111.992
256,32,2,4096,207.865
256,32,2,8192,398.813
256,32,2,16384,781.349
256,32,2,32768,1545.41
256,32,4,16,29.9523
256,32,4,32,30.0487
256,32,4,64,30.0803
256,32,4,128,30.1557
256,32,4,256,30.262
256,32,4,512,41.7287
256,32,4,1024,64.8767
256,32,4,2048,112.578
256,32,4,4096,208.047
256,32,4,8192,399.688
256,32,4,16384,782.063
256,32,4,32768,1548.04
256,32,8,16,37.856
256,32,8,32,37.9207
256,32,8,64,38.0377
256,32,8,128,42.72
256,32,8,256,48.225
256,32,8,512,70.4973
256,32,8,1024,94.9353
256,32,8,2048,142.296
256,32,8,4096,236.986
256,32,8,8192,425.641
256,32,8,16384,810.928
256,32,8,32768,1567.62
256,32,16,16,46.54
256,32,16,32,46.603
256,32,16,64,47.0197
256,32,16,128,56.1613
256,32,16,256,68.5563
256,32,16,512,95.437
256,32,16,1024,142.627
256,32,16,2048,237.85
256,32,16,4096,427.827
256,32,16,8192,806.181
256,32,16,16384,1568.49
256,32,16,32768,3102.73
256,32,32,16,63.4143
256,32,32,32,63.5423
256,32,32,64,64.1613
256,32,32,128,82.2097
256,32,32,256,109.368
256,32,32,512,154.723
256,32,32,1024,247.782
256,32,32,2048,437.108
256,32,32,4096,819.718
256,32,32,8192,1592
256,32,32,16384,3135.47
256,32,32,32768,6224.28
256,32,64,16,94.6793
256,32,64,32,95.3827
256,32,64,64,96.6313
256,32,64,128,139.534
256,32,64,256,186.724
256,32,64,512,283.91
256,32,64,1024,483.658
256,32,64,2048,885.554
256,32,64,4096,1692.46
256,32,64,8192,3308.42
256,32,64,16384,6544.26
256,32,64,32768,13017.1
256,32,128,16,163.022
256,32,128,32,164.441
256,32,128,64,167.865
256,32,128,128,260.177
256,32,128,256,355.645
256,32,128,512,548.096
256,32,128,1024,943.358
256,32,128,2048,1745.9
256,32,128,4096,3353.21
256,32,128,8192,6570.43
256,32,128,16384,13024.3
256,64,0,0,28.534
256,64,1,16,28.7047
256,64,1,32,28.7153
256,64,1,64,28.662
256,64,1,128,28.768
256,64,1,256,28.6943
256,64,1,512,39.649
256,64,1,1024,63.2113
256,64,1,2048,110.755
256,64,1,4096,206.457
256,64,1,8192,396.658
256,64,1,16384,780.144
256,64,1,32768,1541.95
256,64,2,16,29.0453
256,64,2,32,29.1953
256,64,2,64,29.1847
256,64,2,128,29.1733
256,64,2,256,29.11
256,64,2,512,40.9393
256,64,2,1024,64.1933
256,64,2,2048,111.938
256,64,2,4096,207.813
256,64,2,8192,398.707
256,64,2,16384,781.648
256,64,2,32768,1545.59
256,64,4,16,30.0167
256,64,4,32,30.0907
256,64,4,64,29.9947
256,64,4,128,30.2197
256,64,4,256,30.0483
256,64,4,512,41.728
256,64,4,1024,64.9933
256,64,4,2048,112.493
256,64,4,4096,208.036
256,64,4,8192,399.389
256,64,4,16384,781.946
256,64,4,32768,1548.81
256,64,8,16,38.0273
256,64,8,32,38.219
256,64,8,64,38.4113
256,64,8,128,42.732
256,64,8,256,47.9583
256,64,8,512,70.8177
256,64,8,1024,95.0207
256,64,8,2048,142.339
256,64,8,4096,236.176
256,64,8,8192,425.758
256,64,8,16384,804.048
256,64,8,32768,1563.7
256,64,16,16,46.6357
256,64,16,32,46.763
256,64,16,64,47.1693
256,64,16,128,56.289
256,64,16,256,68.332
256,64,16,512,95.4793
256,64,16,1024,142.414
256,64,16,2048,237.658
256,64,16,4096,428.104
256,64,16,8192,809.2
256,64,16,16384,1567.97
256,64,16,32768,3104.28
256,64,32,16,63.224
256,64,32,32,63.6493
256,64,32,64,64.0333
256,64,32,128,81.9643
256,64,32,256,109.368
256,64,32,512,153.646
256,64,32,1024,247.685
256,64,32,2048,436.574
256,64,32,4096,819.024
256,64,32,8192,1591.98
256,64,32,16384,3138.51
256,64,32,32768,6232.85
256,64,64,16,94.8173
256,64,64,32,95.362
256,64,64,64,96.588
256,64,64,128,139.832
256,64,64,256,186.564
256,64,64,512,284.56
256,64,64,1024,483.583
256,64,64,2048,886.002
256,64,64,4096,1692.72
256,64,64,8192,3309.36
256,64,64,16384,6543.8
256,64,64,32768,13032.1
256,64,128,16,163.107
256,64,128,32,164.473
256,64,128,64,168.078
256,64,128,128,260.549
256,64,128,256,355.922
256,64,128,512,547.99
256,64,128,1024,944.275
256,64,128,2048,1746.51
256,64,128,4096,3363.68
256,64,128,8192,6589.53
256,64,128,16384,13074.1
256,128,0,0,28.8867
256,128,1,16,28.907
256,128,1,32,29.0677
256,128,1,64,29.047
256,128,1,128,29.0993
256,128,1,256,28.9297
256,128,1,512,39.51
256,128,1,1024,63.2013
256,128,1,2048,110.989
256,128,1,4096,205.818
256,128,1,8192,397.107
256,128,1,16384,778.373
256,128,1,32768,1542.62
256,128,2,16,29.8247
256,128,2,32,29.6217
256,128,2,64,29.8993
256,128,2,128,29.8567
256,128,2,256,29.419
256,128,2,512,40.726
256,128,2,1024,64.5027
256,128,2,2048,111.949
256,128,2,4096,207.535
256,128,2,8192,398.824
256,128,2,16384,782.063
256,128,2,32768,1544.86
256,128,4,16,30.817
256,128,4,32,30.4863
256,128,4,64,30.87
256,128,4,128,30.3373
256,128,4,256,30.5813
256,128,4,512,41.9103
256,128,4,1024,65.324
256,128,4,2048,112.738
256,128,4,4096,208.25
256,128,4,8192,399.677
256,128,4,16384,782.331
256,128,4,32768,1548.2
256,128,8,16,38.678
256,128,8,32,38.8377
256,128,8,64,38.923
256,128,8,128,44.0547
256,128,8,256,49.0247
256,128,8,512,71.5213
256,128,8,1024,102.061
256,128,8,2048,148.985
256,128,8,4096,243.493
256,128,8,8192,434.025
256,128,8,16384,807.728
256,128,8,32768,1569.38
256,128,16,16,47.286
256,128,16,32,47.6063
256,128,16,64,47.8087
256,128,16,128,57.932
256,128,16,256,69.3457
256,128,16,512,99.1167
256,128,16,1024,146.307
256,128,16,2048,239.973
256,128,16,4096,431.518
256,128,16,8192,810.405
256,128,16,16384,1575.82
256,128,16,32768,3106.88
256,128,32,16,64.6733
256,128,32,32,64.8227
256,128,32,64,65.6333
256,128,32,128,83.3183
256,128,32,256,111.405
256,128,32,512,158.329
256,128,32,1024,253.03
256,128,32,2048,442.11
256,128,32,4096,820.23
256,128,32,8192,1589.43
256,128,32,16384,3138.04
256,128,32,32768,6220.9
256,128,64,16,96.3857
256,128,64,32,97.1333
256,128,64,64,98.1787
256,128,64,128,141.721
256,128,64,256,189.209
256,128,64,512,285.734
256,128,64,1024,483.455
256,128,64,2048,885.757
256,128,64,4096,1691.48
256,128,64,8192,3310.02
256,128,64,16384,6542.58
256,128,64,32768,13026.2
256,128,128,16,164.58
256,128,128,32,166.02
256,128,128,64,169.326
256,128,128,128,262.181
256,128,128,256,356.978
256,128,128,512,548.491
256,128,128,1024,944.297
256,128,128,2048,1745.89
256,128,128,4096,3355.05
256,128,128,8192,6553.51
256,128,128,16384,13042.2
256,256,0,0,34.497
256,256,1,16,34.9127
256,256,1,32,35.0087
256,256,1,64,34.8807
256,256,1,128,34.8597
256,256,1,256,34.924
256,256,1,512,39.467
256,256,1,1024,63.2333
256,256,1,2048,110.989
256,256,1,4096,206.052
256,256,1,8192,396.425
256,256,1,16384,780.08
256,256,1,32768,1543.19
256,256,2,16,35.2753
256,256,2,32,35.5527
256,256,2,64,35.852
256,256,2,128,35.457
256,256,2,256,35.4993
256,256,2,512,40.8437
256,256,2,1024,64.3743
256,256,2,2048,111.949
256,256,2,4096,207.46
256,256,2,8192,398.697
256,256,2,16384,780.933
256,256,2,32768,1546.66
256,256,4,16,36.0967
256,256,4,32,36.5123
256,256,4,64,36.566
256,256,4,128,36.4917
256,256,4,256,36.481
256,256,4,512,41.8353
256,256,4,1024,65.249
256,256,4,2048,112.589
256,256,4,4096,208.005
256,256,4,8192,399.251
256,256,4,16384,782.917
256,256,4,32768,1547.57
256,256,8,16,44.481
256,256,8,32,44.513
256,256,8,64,44.5983
256,256,8,128,49.9957
256,256,8,256,56.2037
256,256,8,512,71.436
256,256,8,1024,113.655
256,256,8,2048,160.707
256,256,8,4096,254.725
256,256,8,8192,444.564
256,256,8,16384,823.857
256,256,8,32768,1576.25
256,256,16,16,54.0813
256,256,16,32,54.166
256,256,16,64,54.6567
256,256,16,128,64.087
256,256,16,256,76.5667
256,256,16,512,103.042
256,256,16,1024,151.651
256,256,16,2048,247.12
256,256,16,4096,439.123
256,256,16,8192,823.228
256,256,16,16384,1581.23
256,256,16,32768,3114.17
256,256,32,16,72.2367
256,256,32,32,72.3853
256,256,32,64,73.217
256,256,32,128,89.9
256,256,32,256,113.538
256,256,32,512,165.156
256,256,32,1024,259.056
256,256,32,2048,449.951
256,256,32,4096,826.022
256,256,32,8192,1594.71
256,256,32,16384,3132.29
256,256,32,32768,6235.58
256,256,64,16,104.002
256,256,64,32,104.802
256,256,64,64,106.061
256,256,64,128,143.981
256,256,64,256,195.663
256,256,64,512,287.131
256,256,64,1024,483.583
256,256,64,2048,885.533
256,256,64,4096,1691.79
256,256,64,8192,3309.16
256,256,64,16384,6544.62
256,256,64,32768,13024.9
256,256,128,16,167.427
256,256,128,32,168.761
256,256,128,64,172.164
256,256,128,128,264.165
256,256,128,256,360.626
256,256,128,512,550.902
256,256,128,1024,942.558
256,256,128,2048,1748.61
256,256,128,4096,3347.42
256,256,128,8192,6580.66
256,256,128,16384,13016.4
256,512,0,0,46.6143
256,512,1,16,46.8597
256,512,1,32,46.913
256,512,1,64,46.8913
256,512,1,128,46.7847
256,512,1,256,46.8167
256,512,1,512,46.849
256,512,1,1024,63.234
256,512,1,2048,111.021
256,512,1,4096,206.308
256,512,1,8192,397.277
256,512,1,16384,779.654
256,512,1,32768,1543.88
256,512,2,16,47.4783
256,512,2,32,47.4997
256,512,2,64,47.3717
256,512,2,128,47.351
256,512,2,256,47.393
256,512,2,512,47.212
256,512,2,1024,64.4493
256,512,2,2048,111.992
256,512,2,4096,207.62
256,512,2,8192,398.92
256,512,2,16384,781.349
256,512,2,32768,1545.47
256,512,4,16,48.1077
256,512,4,32,48.1817
256,512,4,64,48.4063
256,512,4,128,48.1073
256,512,4,256,48.2993
256,512,4,512,48.065
256,512,4,1024,65.463
256,512,4,2048,112.621
256,512,4,4096,208.015
256,512,4,8192,399.049
256,512,4,16384,782.384
256,512,4,32768,1546.91
256,512,8,16,56.2147
256,512,8,32,56.2787
256,512,8,64,56.3
256,512,8,128,61.9103
256,512,8,256,68.204
256,512,8,512,79.8093
256,512,8,1024,119.053
256,512,8,2048,185.219
256,512,8,4096,281.307
256,512,8,8192,475.028
256,512,8,16384,860.039
256,512,8,32768,1632.25
256,512,16,16,65.6657
256,512,16,32,65.922
256,512,16,64,66.1563
256,512,16,128,77.1967
256,512,16,256,88.0337
256,512,16,512,111.714
256,512,16,1024,164.932
256,512,16,2048,261.733
256,512,16,4096,456.457
256,512,16,8192,843.42
256,512,16,16384,1616.01
256,512,16,32768,3157.93
256,512,32,16,86.028
256,512,32,32,86.1883
256,512,32,64,87.3083
256,512,32,128,106.647
256,512,32,256,124.76
256,512,32,512,173.561
256,512,32,1024,273.712
256,512,32,2048,466.687
256,512,32,4096,852.583
256,512,32,8192,1625.81
256,512,32,16384,3174.57
256,512,32,32768,6274.07
256,512,64,16,119.715
256,512,64,32,120.312
256,512,64,64,121.443
256,512,64,128,157.614
256,512,64,256,200.516
256,512,64,512,295.409
256,512,64,1024,485.023
256,512,64,2048,884.936
256,512,64,4096,1691.74
256,512,64,8192,3309.31
256,512,64,16384,6538.92
256,512,64,32768,13028.3
256,512,128,16,183.747
256,512,128,32,184.718
256,512,128,64,187.769
256,512,128,128,270.821
256,512,128,256,363.762
256,512,128,512,556.524
256,512,128,1024,944.009
256,512,128,2048,1743.46
256,512,128,4096,3341.64
256,512,128,8192,6563.62
256,512,128,16384,13031.4
256,1024,0,0,69.9217
256,1024,1,16,70.6783
256,1024,1,32,70.54
256,1024,1,64,70.3057
256,1024,1,128,70.561
256,1024,1,256,70.561
256,1024,1,512,70.593
256,1024,1,1024,70.5513
256,1024,1,2048,111.031
256,1024,1,4096,206.031
256,1024,1,8192,396.467
256,1024,1,16384,777.84
256,1024,1,32768,1544.79
256,1024,2,16,70.785
256,1024,2,32,71.276
256,1024,2,64,71.3403
256,1024,2,128,71.1593
256,1024,2,256,71.18
256,1024,2,512,71.095
256,1024,2,1024,71.4467
256,1024,2,2048,112.088
256,1024,2,4096,207.845
256,1024,2,8192,398.472
256,1024,2,16384,781.371
256,1024,2,32768,1546.15
256,1024,4,16,71.4573
256,1024,4,32,71.5423
256,1024,4,64,71.8207
256,1024,4,128,71.639
256,1024,4,256,71.7243
256,1024,4,512,71.8203
256,1024,4,1024,71.8627
256,1024,4,2048,112.717
256,1024,4,4096,208.164
256,1024,4,8192,399.773
256,1024,4,16384,783.034
256,1024,4,32768,1546.22
256,1024,8,16,79.7237
256,1024,8,32,80.002
256,1024,8,64,79.885
256,1024,8,128,85.292
256,1024,8,256,91.735
256,1024,8,512,103.5
256,1024,8,1024,127.363
256,1024,8,2048,215.514
256,1024,8,4096,328.466
256,1024,8,8192,521.365
256,1024,8,16384,907.005
256,1024,8,32768,1678.14
256,1024,16,16,89.132
256,1024,16,32,89.3353
256,1024,16,64,89.6343
256,1024,16,128,100.855
256,1024,16,256,113.133
256,1024,16,512,135.362
256,1024,16,1024,183.375
256,1024,16,2048,285.169
256,1024,16,4096,478.164
256,1024,16,8192,866.674
256,1024,16,16384,1636.49
256,1024,16,32768,3181.62
256,1024,32,16,110.616
256,1024,32,32,111
256,1024,32,64,111.863
256,1024,32,128,133.464
256,1024,32,256,155.598
256,1024,32,512,196.057
256,1024,32,1024,295.291
256,1024,32,2048,489.866
256,1024,32,4096,877.405
256,1024,32,8192,1649.49
256,1024,32,16384,3199.23
256,1024,32,32768,6308.42
256,1024,64,16,149.091
256,1024,64,32,149.774
256,1024,64,64,150.958
256,1024,64,128,189.86
256,1024,64,256,227.813
256,1024,64,512,311.687
256,1024,64,1024,493.909
256,1024,64,2048,884.797
256,1024,64,4096,1689.2
256,1024,64,8192,3307.95
256,1024,64,16384,6540.81
256,1024,64,32768,13015.8
256,1024,128,16,214.661
256,1024,128,32,215.673
256,1024,128,64,219.013
256,1024,128,128,296.379
256,1024,128,256,376.541
256,1024,128,512,561.921
256,1024,128,1024,954.366
256,1024,128,2048,1743.35
256,1024,128,4096,3346.62
256,1024,128,8192,6567.39
256,1024,128,16384,13030.9
256,2048,0,0,116.95
256,2048,1,16,118.05
256,2048,1,32,118.274
256,2048,1,64,118.305
256,2048,1,128,118.498
256,2048,1,256,118.465
256,2048,1,512,118.401
256,2048,1,1024,118.401
256,2048,1,2048,118.38
256,2048,1,4096,206.36
256,2048,1,8192,397.349
256,2048,1,16384,778.806
256,2048,1,32768,1545.85
256,2048,2,16,118.583
256,2048,2,32,118.764
256,2048,2,64,118.168
256,2048,2,128,118.456
256,2048,2,256,118.594
256,2048,2,512,118.487
256,2048,2,1024,118.402
256,2048,2,2048,118.786
256,2048,2,4096,207.534
256,2048,2,8192,399.323
256,2048,2,16384,781.035
256,2048,2,32768,1546.6
256,2048,4,16,118.86
256,2048,4,32,118.914
256,2048,4,64,118.925
256,2048,4,128,118.839
256,2048,4,256,119.308
256,2048,4,512,119.522
256,2048,4,1024,119.618
256,2048,4,2048,119.564
256,2048,4,4096,208.078
256,2048,4,8192,399.483
256,2048,4,16384,781.697
256,2048,4,32768,1547.81
256,2048,8,16,126.274
256,2048,8,32,127.074
256,2048,8,64,127.191
256,2048,8,128,132.119
256,2048,8,256,138.519
256,2048,8,512,150.146
256,2048,8,1024,174.818
256,2048,8,2048,222.958
256,2048,8,4096,408.006
256,2048,8,8192,614.195
256,2048,8,16384,999.812
256,2048,8,32768,1771.5
256,2048,16,16,136.28
256,2048,16,32,136.29
256,2048,16,64,136.652
256,2048,16,128,148.098
256,2048,16,256,160.108
256,2048,16,512,183.811
256,2048,16,1024,230.927
256,2048,16,2048,325.861
256,2048,16,4096,525.886
256,2048,16,8192,914.264
256,2048,16,16384,1686.01
256,2048,16,32768,3240.4
256,2048,32,16,157.325
256,2048,32,32,158.093
256,2048,32,64,158.883
256,2048,32,128,181.133
256,2048,32,256,205.944
256,2048,32,512,251.811
256,2048,32,1024,338.704
256,2048,32,2048,534.738
256,2048,32,4096,924.739
256,2048,32,8192,1698.39
256,2048,32,16384,3250.99
256,2048,32,32768,6352.85
256,2048,64,16,199.864
256,2048,64,32,200.141
256,2048,64,64,201.87
256,2048,64,128,246.852
256,2048,64,256,291.044
256,2048,64,512,364.922
256,2048,64,1024,531.154
256,2048,64,2048,893.325
256,2048,64,4096,1688.33
256,2048,64,8192,3302.13
256,2048,64,16384,6537
256,2048,64,32768,13030.1
256,2048,128,16,273.401
256,2048,128,32,274.97
256,2048,128,64,278.788
256,2048,128,128,358.618
256,2048,128,256,441.095
256,2048,128,512,599.305
256,2048,128,1024,958.446
256,2048,128,2048,1757.49
256,2048,128,4096,3344.22
256,2048,128,8192,6571.92
256,2048,128,16384,13044.9
256,4096,0,0,211.374
256,4096,1,16,213.913
256,4096,1,32,213.71
256,4096,1,64,213.838
256,4096,1,128,214.104
256,4096,1,256,213.102
256,4096,1,512,213.774
256,4096,1,1024,213.785
256,4096,1,2048,213.091
256,4096,1,4096,213.603
256,4096,1,8192,397.158
256,4096,1,16384,778.721
256,4096,1,32768,1542.36
256,4096,2,16,214.232
256,4096,2,32,213.454
256,4096,2,64,214.009
256,4096,2,128,214.275
256,4096,2,256,214.542
256,4096,2,512,213.742
256,4096,2,1024,213.048
256,4096,2,2048,214.745
256,4096,2,4096,214.328
256,4096,2,8192,398.737
256,4096,2,16384,781.473
256,4096,2,32768,1546.69
256,4096,4,16,213.795
256,4096,4,32,214.584
256,4096,4,64,214.563
256,4096,4,128,214.361
256,4096,4,256,214.68
256,4096,4,512,214.776
256,4096,4,1024,214.937
256,4096,4,2048,214.841
256,4096,4,4096,215.033
256,4096,4,8192,399.441
256,4096,4,16384,782.764
256,4096,4,32768,1547.33
256,4096,8,16,220.995
256,4096,8,32,220.974
256,4096,8,64,221.166
256,4096,8,128,227.161
256,4096,8,256,233.742
256,4096,8,512,244.9
256,4096,8,1024,268.036
256,4096,8,2048,316.463
256,4096,8,4096,412.604
256,4096,8,8192,791.618
256,4096,8,16384,1186.5
256,4096,8,32768,1958.92
256,4096,16,16,230.051
256,4096,16,32,230.52
256,4096,16,64,231.183
256,4096,16,128,243.193
256,4096,16,256,254.584
256,4096,16,512,277.775
256,4096,16,1024,325.52
256,4096,16,2048,419.761
256,4096,16,4096,611.934
256,4096,16,8192,1009.2
256,4096,16,16384,1782.28
256,4096,16,32768,3328.48
256,4096,32,16,251.171
256,4096,32,32,251.812
256,4096,32,64,252.527
256,4096,32,128,275.257
256,4096,32,256,299.525
256,4096,32,512,347.238
256,4096,32,1024,442.321
256,4096,32,2048,623.061
256,4096,32,4096,1013.53
256,4096,32,8192,1791.93
256,4096,32,16384,3347.6
256,4096,32,32768,6449.24
256,4096,64,16,293.209
256,4096,64,32,293.711
256,4096,64,64,295.364
256,4096,64,128,346.373
256,4096,64,256,401.66
256,4096,64,512,487.037
256,4096,64,1024,647.871
256,4096,64,2048,975.513
256,4096,64,4096,1701.46
256,4096,64,8192,3297.91
256,4096,64,16384,6530.5
256,4096,64,32768,13011.3
256,4096,128,16,377.201
256,4096,128,32,378.672
256,4096,128,64,384.049
256,4096,128,128,475.719
256,4096,128,256,561.172
256,4096,128,512,724.737
256,4096,128,1024,1043.07
256,4096,128,2048,1760.27
256,4096,128,4096,3367.6
256,4096,128,8192,6547.77
256,4096,128,16384,13025.4
256,8192,0,0,401.446
256,8192,1,16,404.828
256,8192,1,32,404.806
256,8192,1,64,405.787
256,8192,1,128,404.817
256,8192,1,256,404.667
256,8192,1,512,404.668
256,8192,1,1024,404.347
256,8192,1,2048,403.089
256,8192,1,4096,403.494
256,8192,1,8192,405.254
256,8192,1,16384,779.041
256,8192,1,32768,1545.18
256,8192,2,16,403.9
256,8192,2,32,404.508
256,8192,2,64,405.51
256,8192,2,128,405.745
256,8192,2,256,403.686
256,8192,2,512,405.479
256,8192,2,1024,403.334
256,8192,2,2048,404.294
256,8192,2,4096,405.137
256,8192,2,8192,405.468
256,8192,2,16384,782.391
256,8192,2,32768,1545.68
256,8192,4,16,404.614
256,8192,4,32,405.915
256,8192,4,64,406.352
256,8192,4,128,406.172
256,8192,4,256,406.843
256,8192,4,512,406.705
256,8192,4,1024,405.649
256,8192,4,2048,405.831
256,8192,4,4096,407.015
256,8192,4,8192,405.585
256,8192,4,16384,782.391
256,8192,4,32768,1549.4
256,8192,8,16,410.96
256,8192,8,32,409.926
256,8192,8,64,410.897
256,8192,8,128,416.103
256,8192,8,256,424.018
256,8192,8,512,434.801
256,8192,8,1024,457.831
256,8192,8,2048,505.651
256,8192,8,4096,602.996
256,8192,8,8192,795.031
256,8192,8,16384,1559.33
256,8192,8,32768,2332.96
256,8192,16,16,418.737
256,8192,16,32,422.012
256,8192,16,64,423.58
256,8192,16,128,431.1
256,8192,16,256,443.707
256,8192,16,512,466.034
256,8192,16,1024,514.259
256,8192,16,2048,610.9
256,8192,16,4096,802.274
256,8192,16,8192,1188.4
256,8192,16,16384,1976.61
256,8192,16,32768,3528.19
256,8192,32,16,440.786
256,8192,32,32,441.149
256,8192,32,64,440.551
256,8192,32,128,462.812
256,8192,32,256,487.207
256,8192,32,512,535.176
256,8192,32,1024,632.256
256,8192,32,2048,823.533
256,8192,32,4096,1200.15
256,8192,32,8192,1972.11
256,8192,32,16384,3523.46
256,8192,32,32768,6641.19
256,8192,64,16,480.509
256,8192,64,32,481.651
256,8192,64,64,483.367
256,8192,64,128,533.683
256,8192,64,256,589.385
256,8192,64,512,698.613
256,8192,64,1024,873.859
256,8192,64,2048,1231.09
256,8192,64,4096,1868.54
256,8192,64,8192,3316.71
256,8192,64,16384,6520.87
256,8192,64,32768,12988.3
256,8192,128,16,564.916
256,8192,128,32,566.313
256,8192,128,64,571.188
256,8192,128,128,674.1
256,8192,128,256,780.791
256,8192,128,512,963.194
256,8192,128,1024,1285.58
256,8192,128,2048,1941.28
256,8192,128,4096,3375.3
256,8192,128,8192,6594.24
256,8192,128,16384,13025.1
256,16384,0,0,781.911
256,16384,1,16,785.623
256,16384,1,32,784.205
256,16384,1,64,785.154
256,16384,1,128,787.107
256,16384,1,256,785.858
256,16384,1,512,784.408
256,16384,1,1024,785.869
256,16384,1,2048,786.274
256,16384,1,4096,784.514
256,16384,1,8192,784.461
256,16384,1,16384,785.656
256,16384,1,32768,1545.74
256,16384,2,16,785.122
256,16384,2,32,784.44
256,16384,2,64,786.562
256,16384,2,128,785.282
256,16384,2,256,785.037
256,16384,2,512,785.249
256,16384,2,1024,784.439
256,16384,2,2048,786.028
256,16384,2,4096,786.412
256,16384,2,8192,788.258
256,16384,2,16384,789.175
256,16384,2,32768,1545.45
256,16384,4,16,785.869
256,16384,4,32,786.189
256,16384,4,64,786.84
256,16384,4,128,784.919
256,16384,4,256,786.295
256,16384,4,512,788.695
256,16384,4,1024,786.338
256,16384,4,2048,786.925
256,16384,4,4096,786.284
256,16384,4,8192,785.111
256,16384,4,16384,786.935
256,16384,4,32768,1549.44
256,16384,8,16,787.832
256,16384,8,32,791.277
256,16384,8,64,788.748
256,16384,8,128,794.146
256,16384,8,256,803.031
256,16384,8,512,811.342
256,16384,8,1024,837.325
256,16384,8,2048,883.598
256,16384,8,4096,981.424
256,16384,8,8192,1175.33
256,16384,8,16384,1560.3
256,16384,8,32768,3079.14
256,16384,16,16,800.696
256,16384,16,32,799.277
256,16384,16,64,800.322
256,16384,16,128,809.645
256,16384,16,256,822.477
256,16384,16,512,847.416
256,16384,16,1024,892.879
256,16384,16,2048,989.519
256,16384,16,4096,1179.05
256,16384,16,8192,1560.8
256,16384,16,16384,2347.36
256,16384,16,32768,3905.74
256,16384,32,16,817.645
256,16384,32,32,815.063
256,16384,32,64,820.067
256,16384,32,128,838.808
256,16384,32,256,863.139
256,16384,32,512,910.65
256,16384,32,1024,1009.54
256,16384,32,2048,1201.52
256,16384,32,4096,1589.24
256,16384,32,8192,2353.51
256,16384,32,16384,3888.92
256,16384,32,32768,7008.19
256,16384,64,16,855.246
256,16384,64,32,856.835
256,16384,64,64,859.246
256,16384,64,128,908.047
256,16384,64,256,967.001
256,16384,64,512,1074.87
256,16384,64,1024,1295.41
256,16384,64,2048,1649.27
256,16384,64,4096,2400.56
256,16384,64,8192,3652.74
256,16384,64,16384,6549.81
256,16384,64,32768,12974.3
256,16384,128,16,939.515
256,16384,128,32,941.349
256,16384,128,64,946.501
256,16384,128,128,1051.29
256,16384,128,256,1157.53
256,16384,128,512,1367.55
256,16384,128,1024,1768.24
256,16384,128,2048,2420.58
256,16384,128,4096,3735.95
256,16384,128,8192,6606.76
256,16384,128,16384,13072.1
256,32768,0,0,1549.99
256,32768,1,16,1548.78
256,32768,1,32,1549.66
256,32768,1,64,1548.96
256,32768,1,128,1548.69
256,32768,1,256,1550.52
256,32768,1,512,1549.27
256,32768,1,1024,1548.05
256,32768,1,2048,1548.22
256,32768,1,4096,1550.04
256,32768,1,8192,1547.2
256,32768,1,16384,1545.68
256,32768,1,32768,1554.15
256,32768,2,16,1550
256,32768,2,32,1549.47
256,32768,2,64,1549.31
256,32768,2,128,1550.14
256,32768,2,256,1549.49
256,32768,2,512,1547.9
256,32768,2,1024,1545.93
256,32768,2,2048,1549.25
256,32768,2,4096,1551.25
256,32768,2,8192,1550.3
256,32768,2,16384,1547.29
256,32768,2,32768,1551.37
256,32768,4,16,1549.24
256,32768,4,32,1547.78
256,32768,4,64,1549.73
256,32768,4,128,1550.43
256,32768,4,256,1549.81
256,32768,4,512,1549.67
256,32768,4,1024,1545.76
256,32768,4,2048,1549.56
256,32768,4,4096,1548.73
256,32768,4,8192,1548.63
256,32768,4,16384,1549.76
256,32768,4,32768,1553.18
256,32768,8,16,1548.29
256,32768,8,32,1551.72
256,32768,8,64,1552.12
256,32768,8,128,1550.95
256,32768,8,256,1558.38
256,32768,8,512,1572.93
256,32768,8,1024,1595.87
256,32768,8,2048,1648.53
256,32768,8,4096,1746.34
256,32768,8,8192,1939.03
256,32768,8,16384,2324.94
256,32768,8,32768,3093.88
256,32768,16,16,1555.83
256,32768,16,32,1557.67
256,32768,16,64,1557.23
256,32768,16,128,1568.84
256,32768,16,256,1581.67
256,32768,16,512,1604.12
256,32768,16,1024,1655
256,32768,16,2048,1745.87
256,32768,16,4096,1939.5
256,32768,16,8192,2322.48
256,32768,16,16384,3083.68
256,32768,16,32768,4659.67
256,32768,32,16,1581.11
256,32768,32,32,1578.31
256,32768,32,64,1577.42
256,32768,32,128,1598.34
256,32768,32,256,1619.86
256,32768,32,512,1668.65
256,32768,32,1024,1758.6
256,32768,32,2048,1963.72
256,32768,32,4096,2357.16
256,32768,32,8192,3134.2
256,32768,32,16384,4654.25
256,32768,32,32768,7729.79
256,32768,64,16,1614.9
256,32768,64,32,1613.89
256,32768,64,64,1614.89
256,32768,64,128,1659.54
256,32768,64,256,1714.12
256,32768,64,512,1825.79
256,32768,64,1024,2061.47
256,32768,64,2048,2500.33
256,32768,64,4096,3207.43
256,32768,64,8192,4730.11
256,32768,64,16384,7228.73
256,32768,64,32768,13043.3
256,32768,128,16,1697.08
256,32768,128,32,1692.41
256,32768,128,64,1700.69
256,32768,128,128,1798
256,32768,128,256,1909.62
256,32768,128,512,2134.28
256,32768,128,1024,2551.4
256,32768,128,2048,3377.83
256,32768,128,4096,4766.13
256,32768,128,8192,7345.33
256,32768,128,16384,13059.1
512,0,0,0,38.912
512,0,1,16,48.054
512,0,1,32,48.1503
512,0,1,64,48.2033
512,0,1,128,48.4803
512,0,1,256,48.6513
512,0,1,512,53.2063
512,0,1,1024,76.7587
512,0,1,2048,123.661
512,0,1,4096,217.614
512,0,1,8192,404.316
512,0,1,16384,784.121
512,0,1,32768,1548.18
512,0,2,16,48.598
512,0,2,32,48.6197
512,0,2,64,48.6837
512,0,2,128,49.5367
512,0,2,256,49.644
512,0,2,512,55.521
512,0,2,1024,78.9883
512,0,2,2048,125.677
512,0,2,4096,219.631
512,0,2,8192,407.324
512,0,2,16384,785.335
512,0,2,32768,1550.26
512,0,4,16,49.8247
512,0,4,32,50.0493
512,0,4,64,50.124
512,0,4,128,53.8993
512,0,4,256,56.2573
512,0,4,512,65.8147
512,0,4,1024,89.143
512,0,4,2048,136.226
512,0,4,4096,230.681
512,0,4,8192,417.831
512,0,4,16384,799.449
512,0,4,32768,1561.14
512,0,8,16,56.652
512,0,8,32,57.0463
512,0,8,64,56.993
512,0,8,128,59.8203
512,0,8,256,63.1583
512,0,8,512,78.7747
512,0,8,1024,123.842
512,0,8,2048,177.187
512,0,8,4096,272.026
512,0,8,8192,460.883
512,0,8,16384,845.71
512,0,8,32768,1607.16
512,0,16,16,67.2757
512,0,16,32,67.4467
512,0,16,64,67.7877
512,0,16,128,74.9987
512,0,16,256,84.4173
512,0,16,512,112.343
512,0,16,1024,172.941
512,0,16,2048,266.543
512,0,16,4096,456.51
512,0,16,8192,835.47
512,0,16,16384,1600.94
512,0,16,32768,3148
512,0,32,16,86.8703
512,0,32,32,87.4463
512,0,32,64,87.9907
512,0,32,128,105.004
512,0,32,256,127.543
512,0,32,512,179.832
512,0,32,1024,275.194
512,0,32,2048,464.957
512,0,32,4096,850.553
512,0,32,8192,1612.3
512,0,32,16384,3147.36
512,0,32,32768,6245.18
512,0,64,16,127.276
512,0,64,32,127.564
512,0,64,64,128.93
512,0,64,128,169.326
512,0,64,256,219.172
512,0,64,512,316.399
512,0,64,1024,505.353
512,0,64,2048,901.936
512,0,64,4096,1706.22
512,0,64,8192,3322.99
512,0,64,16384,6555.58
512,0,64,32768,13030.1
512,0,128,16,207.3
512,0,128,32,208.697
512,0,128,64,212.324
512,0,128,128,305.008
512,0,128,256,400.487
512,0,128,512,587.573
512,0,128,1024,969.382
512,0,128,2048,1766.57
512,0,128,4096,3376.46
512,0,128,8192,6595.01
512,0,128,16384,13079.6
512,16,0,0,44.0433
512,16,1,16,53.3347
512,16,1,32,53.4737
512,16,1,64,53.5793
512,16,1,128,54.0063
512,16,1,256,53.8037
512,16,1,512,53.9313
512,16,1,1024,76.652
512,16,1,2048,124.013
512,16,1,4096,217.369
512,16,1,8192,407.452
512,16,1,16384,785.614
512,16,1,32768,1548.42
512,16,2,16,54.1557
512,16,2,32,54.1447
512,16,2,64,54.4327
512,16,2,128,57.622
512,16,2,256,58.6147
512,16,2,512,59.1267
512,16,2,1024,82.9027
512,16,2,2048,129.581
512,16,2,4096,223.374
512,16,2,8192,414.258
512,16,2,16384,789.998
512,16,2,32768,1552.66
512,16,4,16,55.7877
512,16,4,32,55.958
512,16,4,64,56.1183
512,16,4,128,60.0013
512,16,4,256,64.5133
512,16,4,512,68.6837
512,16,4,1024,91.9487
512,16,4,2048,139.277
512,16,4,4096,233.583
512,16,4,8192,422.482
512,16,4,16384,800.804
512,16,4,32768,1561.78
512,16,8,16,63.3073
512,16,8,32,63.5317
512,16,8,64,63.553
512,16,8,128,66.7743
512,16,8,256,69.5377
512,16,8,512,79.9583
512,16,8,1024,124.354
512,16,8,2048,185.593
512,16,8,4096,281.21
512,16,8,8192,472.51
512,16,8,16384,852.11
512,16,8,32768,1629.05
512,16,16,16,74.3047
512,16,16,32,74.2083
512,16,16,64,74.4117
512,16,16,128,82.0713
512,16,16,256,90.9673
512,16,16,512,113.89
512,16,16,1024,178.926
512,16,16,2048,272.71
512,16,16,4096,462.355
512,16,16,8192,845.754
512,16,16,16384,1611.95
512,16,16,32768,3165.45
512,16,32,16,94.3057
512,16,32,32,94.508
512,16,32,64,95.3613
512,16,32,128,112.332
512,16,32,256,131.565
512,16,32,512,182.286
512,16,32,1024,280.794
512,16,32,2048,470.92
512,16,32,4096,859.727
512,16,32,8192,1623.67
512,16,32,16384,3150.52
512,16,32,32768,6243.55
512,16,64,16,134.744
512,16,64,32,135.277
512,16,64,64,136.386
512,16,64,128,172.014
512,16,64,256,222.639
512,16,64,512,319.408
512,16,64,1024,507.209
512,16,64,2048,902.768
512,16,64,4096,1707.49
512,16,64,8192,3323.5
512,16,64,16384,6576.55
512,16,64,32768,13025.3
512,16,128,16,210.98
512,16,128,32,211.961
512,16,128,64,215.428
512,16,128,128,307.91
512,16,128,256,403.142
512,16,128,512,589.61
512,16,128,1024,970.929
512,16,128,2048,1769.01
512,16,128,4096,3376.98
512,16,128,8192,6602.95
512,16,128,16384,13084.2
512,32,0,0,44.2777
512,32,1,16,53.3447
512,32,1,32,53.494
512,32,1,64,53.825
512,32,1,128,54.017
512,32,1,256,53.9317
512,32,1,512,53.932
512,32,1,1024,76.8127
512,32,1,2048,123.928
512,32,1,4096,216.964
512,32,1,8192,407.676
512,32,1,16384,785.87
512,32,1,32768,1551.51
512,32,2,16,54.134
512,32,2,32,54.2297
512,32,2,64,54.411
512,32,2,128,57.7183
512,32,2,256,58.998
512,32,2,512,59.201
512,32,2,1024,82.7857
512,32,2,2048,129.389
512,32,2,4096,223.609
512,32,2,8192,410.888
512,32,2,16384,787.801
512,32,2,32768,1550.18
512,32,4,16,56.1713
512,32,4,32,56.118
512,32,4,64,56.0867
512,32,4,128,59.8417
512,32,4,256,64.5773
512,32,4,512,68.396
512,32,4,1024,91.8207
512,32,4,2048,139.287
512,32,4,4096,233.401
512,32,4,8192,421.831
512,32,4,16384,799.257
512,32,4,32768,1562.5
512,32,8,16,63.5103
512,32,8,32,63.5423
512,32,8,64,63.7023
512,32,8,128,66.8387
512,32,8,256,69.7507
512,32,8,512,80.0977
512,32,8,1024,124.472
512,32,8,2048,186.083
512,32,8,4096,280.485
512,32,8,8192,470.643
512,32,8,16384,859.972
512,32,8,32768,1625.69
512,32,16,16,74.049
512,32,16,32,74.4333
512,32,16,64,74.391
512,32,16,128,82.593
512,32,16,256,90.8813
512,32,16,512,113.837
512,32,16,1024,178.52
512,32,16,2048,271.983
512,32,16,4096,462.963
512,32,16,8192,844.505
512,32,16,16384,1610.8
512,32,16,32768,3166.02
512,32,32,16,94.509
512,32,32,32,94.6577
512,32,32,64,95.3733
512,32,32,128,112.471
512,32,32,256,131.447
512,32,32,512,181.967
512,32,32,1024,280.518
512,32,32,2048,471.412
512,32,32,4096,856.388
512,32,32,8192,1620.34
512,32,32,16384,3158.65
512,32,32,32768,6237.83
512,32,64,16,135.031
512,32,64,32,135.523
512,32,64,64,136.301
512,32,64,128,172.238
512,32,64,256,222.319
512,32,64,512,319.675
512,32,64,1024,507.348
512,32,64,2048,902.16
512,32,64,4096,1709.65
512,32,64,8192,3322.18
512,32,64,16384,6557.39
512,32,64,32768,13027.5
512,32,128,16,211.204
512,32,128,32,212.036
512,32,128,64,215.086
512,32,128,128,307.846
512,32,128,256,402.567
512,32,128,512,589.92
512,32,128,1024,972.348
512,32,128,2048,1765.65
512,32,128,4096,3375.54
512,32,128,8192,6597.59
512,32,128,16384,13071.9
512,64,0,0,44.6303
512,64,1,16,53.7077
512,64,1,32,53.5797
512,64,1,64,53.9313
512,64,1,128,53.9427
512,64,1,256,54.0597
512,64,1,512,54.0277
512,64,1,1024,76.7157
512,64,1,2048,123.939
512,64,1,4096,217.572
512,64,1,8192,405.906
512,64,1,16384,783.768
512,64,1,32768,1548.61
512,64,2,16,54.3587
512,64,2,32,54.3377
512,64,2,64,54.3373
512,64,2,128,57.9317
512,64,2,256,58.7103
512,64,2,512,59.2117
512,64,2,1024,82.6253
512,64,2,2048,129.271
512,64,2,4096,223.321
512,64,2,8192,413.639
512,64,2,16384,788.484
512,64,2,32768,1550.95
512,64,4,16,56.2787
512,64,4,32,56.214
512,64,4,64,56.1503
512,64,4,128,59.9583
512,64,4,256,64.502
512,64,4,512,68.268
512,64,4,1024,91.948
512,64,4,2048,138.851
512,64,4,4096,233.658
512,64,4,8192,420.434
512,64,4,16384,800.793
512,64,4,32768,1565.33
512,64,8,16,63.4143
512,64,8,32,63.617
512,64,8,64,63.6917
512,64,8,128,66.9983
512,64,8,256,69.75
512,64,8,512,79.9583
512,64,8,1024,124.279
512,64,8,2048,185.411
512,64,8,4096,281.584
512,64,8,8192,469.065
512,64,8,16384,858.468
512,64,8,32768,1627.75
512,64,16,16,74.327
512,64,16,32,74.4863
512,64,16,64,74.9667
512,64,16,128,82.508
512,64,16,256,91.0423
512,64,16,512,114.135
512,64,16,1024,178.755
512,64,16,2048,271.802
512,64,16,4096,462.259
512,64,16,8192,841.081
512,64,16,16384,1613.87
512,64,16,32768,3161.44
512,64,32,16,94.4233
512,64,32,32,95.0417
512,64,32,64,95.447
512,64,32,128,112.184
512,64,32,256,131.31
512,64,32,512,182.083
512,64,32,1024,282.107
512,64,32,2048,471.369
512,64,32,4096,861.232
512,64,32,8192,1618.83
512,64,32,16384,3159.8
512,64,32,32768,6255.48
512,64,64,16,135.043
512,64,64,32,135.629
512,64,64,64,136.322
512,64,64,128,172.238
512,64,64,256,222.35
512,64,64,512,320.165
512,64,64,1024,507.86
512,64,64,2048,902.406
512,64,64,4096,1706.71
512,64,64,8192,3322.71
512,64,64,16384,6555.24
512,64,64,32768,13025.4
512,64,128,16,211.407
512,64,128,32,212.548
512,64,128,64,215.684
512,64,128,128,308.123
512,64,128,256,403.453
512,64,128,512,589.909
512,64,128,1024,969.842
512,64,128,2048,1768.08
512,64,128,4096,3370.97
512,64,128,8192,6596.29
512,64,128,16384,13075.4
512,128,0,0,44.9287
512,128,1,16,54.4543
512,128,1,32,54.3263
512,128,1,64,54.476
512,128,1,128,59.393
512,128,1,256,60.1933
512,128,1,512,60.3633
512,128,1,1024,82.818
512,128,1,2048,129.911
512,128,1,4096,223.492
512,128,1,8192,411.111
512,128,1,16384,784.398
512,128,1,32768,1548.19
512,128,2,16,55.3503
512,128,2,32,55.3827
512,128,2,64,55.4783
512,128,2,128,60.0227
512,128,2,256,61.196
512,128,2,512,61.601
512,128,2,1024,84.8977
512,128,2,2048,131.8
512,128,2,4096,226.874
512,128,2,8192,414.162
512,128,2,16384,789.838
512,128,2,32768,1551.69
512,128,4,16,59.6387
512,128,4,32,59.436
512,128,4,64,59.4577
512,128,4,128,61.441
512,128,4,256,65.6437
512,128,4,512,71.7027
512,128,4,1024,95.3513
512,128,4,2048,142.509
512,128,4,4096,236.698
512,128,4,8192,424.989
512,128,4,16384,800.078
512,128,4,32768,1559.99
512,128,8,16,65.441
512,128,8,32,65.7087
512,128,8,64,65.6867
512,128,8,128,70.4867
512,128,8,256,71.8303
512,128,8,512,80.9827
512,128,8,1024,124.621
512,128,8,2048,194.788
512,128,8,4096,291.622
512,128,8,8192,484.478
512,128,8,16384,873.125
512,128,8,32768,1634.98
512,128,16,16,76.1723
512,128,16,32,76.4063
512,128,16,64,76.9823
512,128,16,128,85.122
512,128,16,256,93.0573
512,128,16,512,115.415
512,128,16,1024,180.696
512,128,16,2048,280.496
512,128,16,4096,473.791
512,128,16,8192,856.613
512,128,16,16384,1628.95
512,128,16,32768,3179.18
512,128,32,16,96.4283
512,128,32,32,97.1003
512,128,32,64,97.5913
512,128,32,128,114.883
512,128,32,256,133.741
512,128,32,512,183.834
512,128,32,1024,286.907
512,128,32,2048,474.43
512,128,32,4096,865.456
512,128,32,8192,1632.7
512,128,32,16384,3166.11
512,128,32,32768,6258.67
512,128,64,16,137.421
512,128,64,32,138.126
512,128,64,64,139.139
512,128,64,128,175.172
512,128,64,256,225.935
512,128,64,512,322.363
512,128,64,1024,509.566
512,128,64,2048,901.349
512,128,64,4096,1706.64
512,128,64,8192,3324.17
512,128,64,16384,6561.21
512,128,64,32768,13038.2
512,128,128,16,214.031
512,128,128,32,215.129
512,128,128,64,218.158
512,128,128,128,310.897
512,128,128,256,406.034
512,128,128,512,593.013
512,128,128,1024,971.581
512,128,128,2048,1765.63
512,128,128,4096,3376.59
512,128,128,8192,6587.28
512,128,128,16384,13072.4
512,256,0,0,51.1583
512,256,1,16,59.98
512,256,1,32,60.3317
512,256,1,64,60.5773
512,256,1,128,65.3563
512,256,1,256,71.3717
512,256,1,512,72.2467
512,256,1,1024,89.122
512,256,1,2048,135.875
512,256,1,4096,229.87
512,256,1,8192,416.083
512,256,1,16384,793.401
512,256,1,32768,1554.17
512,256,2,16,61.1217
512,256,2,32,61.2703
512,256,2,64,61.281
512,256,2,128,66.668
512,256,2,256,71.916
512,256,2,512,73.4093
512,256,2,1024,91.426
512,256,2,2048,138.606
512,256,2,4096,231.759
512,256,2,8192,419.464
512,256,2,16384,796.58
512,256,2,32768,1550.75
512,256,4,16,67.9593
512,256,4,32,68.1723
512,256,4,64,68.4277
512,256,4,128,71.1907
512,256,4,256,73.324
512,256,4,512,79.9793
512,256,4,1024,101.57
512,256,4,2048,148.237
512,256,4,4096,243.695
512,256,4,8192,429.981
512,256,4,16384,811.055
512,256,4,32768,1566.12
512,256,8,16,73.505
512,256,8,32,73.3677
512,256,8,64,73.7297
512,256,8,128,79.693
512,256,8,256,82.0707
512,256,8,512,86.4123
512,256,8,1024,126.221
512,256,8,2048,211.119
512,256,8,4096,308.753
512,256,8,8192,502.943
512,256,8,16384,886.353
512,256,8,32768,1663.28
512,256,16,16,85.74
512,256,16,32,85.7823
512,256,16,64,86.4873
512,256,16,128,94.5193
512,256,16,256,102.925
512,256,16,512,120.002
512,256,16,1024,183.043
512,256,16,2048,294.022
512,256,16,4096,484.382
512,256,16,8192,871.525
512,256,16,16384,1648.85
512,256,16,32768,3196.65
512,256,32,16,106.146
512,256,32,32,106.476
512,256,32,64,107.363
512,256,32,128,125.037
512,256,32,256,143.533
512,256,32,512,188.206
512,256,32,1024,297.52
512,256,32,2048,482.59
512,256,32,4096,874.491
512,256,32,8192,1654.54
512,256,32,16384,3204.29
512,256,32,32768,6287.29
512,256,64,16,147.278
512,256,64,32,147.79
512,256,64,64,148.973
512,256,64,128,185.55
512,256,64,256,232.036
512,256,64,512,328.699
512,256,64,1024,519.594
512,256,64,2048,900.741
512,256,64,4096,1708.21
512,256,64,8192,3322.68
512,256,64,16384,6554.16
512,256,64,32768,13027.3
512,256,128,16,224.356
512,256,128,32,225.614
512,256,128,64,228.463
512,256,128,128,316.593
512,256,128,256,412.199
512,256,128,512,599.414
512,256,128,1024,975.933
512,256,128,2048,1766.57
512,256,128,4096,3371.88
512,256,128,8192,6600.52
512,256,128,16384,13065.9
512,512,0,0,63.3613
512,512,1,16,71.969
512,512,1,32,71.831
512,512,1,64,72.2143
512,512,1,128,76.9503
512,512,1,256,83.3293
512,512,1,512,95.009
512,512,1,1024,101.165
512,512,1,2048,148.12
512,512,1,4096,241.199
512,512,1,8192,429.043
512,512,1,16384,804.121
512,512,1,32768,1559.92
512,512,2,16,72.791
512,512,2,32,72.6627
512,512,2,64,72.801
512,512,2,128,78.4233
512,512,2,256,84.5033
512,512,2,512,95.5533
512,512,2,1024,102.914
512,512,2,2048,149.827
512,512,2,4096,243.845
512,512,2,8192,432.136
512,512,2,16384,809.69
512,512,2,32768,1563.37
512,512,4,16,79.7133
512,512,4,32,79.799
512,512,4,64,79.9587
512,512,4,128,91.127
512,512,4,256,94.6903
512,512,4,512,96.4593
512,512,4,1024,112.973
512,512,4,2048,159.854
512,512,4,4096,254.245
512,512,4,8192,442.601
512,512,4,16384,819.376
512,512,4,32768,1586.6
512,512,8,16,90.6363
512,512,8,32,90.8493
512,512,8,64,91.351
512,512,8,128,96.9187
512,512,8,256,103.479
512,512,8,512,105.891
512,512,8,1024,127.554
512,512,8,2048,219.108
512,512,8,4096,342.235
512,512,8,8192,535.776
512,512,8,16384,921.394
512,512,8,32768,1690.48
512,512,16,16,103.693
512,512,16,32,103.97
512,512,16,64,104.557
512,512,16,128,113.293
512,512,16,256,122.498
512,512,16,512,138.05
512,512,16,1024,185.678
512,512,16,2048,318.96
512,512,16,4096,509.695
512,512,16,8192,896.507
512,512,16,16384,1672.83
512,512,16,32768,3224.01
512,512,32,16,124.44
512,512,32,32,125.357
512,512,32,64,125.815
512,512,32,128,144.046
512,512,32,256,162.392
512,512,32,512,201.369
512,512,32,1024,302.416
512,512,32,2048,501.726
512,512,32,4096,888.091
512,512,32,8192,1673
512,512,32,16384,3242.49
512,512,32,32768,6397.77
512,512,64,16,166.499
512,512,64,32,167.384
512,512,64,64,168.43
512,512,64,128,206.051
512,512,64,256,246.159
512,512,64,512,342.14
512,512,64,1024,532.714
512,512,64,2048,905.51
512,512,64,4096,1706.06
512,512,64,8192,3321.14
512,512,64,16384,6560.87
512,512,64,32768,13020.8
512,512,128,16,244.559
512,512,128,32,245.956
512,512,128,64,248.858
512,512,128,128,327.323
512,512,128,256,423.069
512,512,128,512,612.619
512,512,128,1024,982.6
512,512,128,2048,1767.4
512,512,128,4096,3366.38
512,512,128,8192,6591.26
512,512,128,16384,13069.2
512,1024,0,0,87.447
512,1024,1,16,95.7773
512,1024,1,32,95.821
512,1024,1,64,96.471
512,1024,1,128,100.695
512,1024,1,256,106.882
512,1024,1,512,118.445
512,1024,1,1024,142.509
512,1024,1,2048,172.398
512,1024,1,4096,265.263
512,1024,1,8192,453.331
512,1024,1,16384,827.205
512,1024,1,32768,1575.48
512,1024,2,16,96.546
512,1024,2,32,96.7803
512,1024,2,64,96.4823
512,1024,2,128,102.413
512,1024,2,256,108.237
512,1024,2,512,120.29
512,1024,2,1024,142.445
512,1024,2,2048,174.03
512,1024,2,4096,267.578
512,1024,2,8192,456.616
512,1024,2,16384,831.589
512,1024,2,32768,1590.55
512,1024,4,16,103.49
512,1024,4,32,103.363
512,1024,4,64,103.532
512,1024,4,128,114.637
512,1024,4,256,126.701
512,1024,4,512,141.656
512,1024,4,1024,143.672
512,1024,4,2048,183.481
512,1024,4,4096,277.221
512,1024,4,8192,466.121
512,1024,4,16384,847.451
512,1024,4,32768,1613.53
512,1024,8,16,114.648
512,1024,8,32,114.349
512,1024,8,64,114.999
512,1024,8,128,131.8
512,1024,8,256,141.987
512,1024,8,512,150.713
512,1024,8,1024,152.152
512,1024,8,2048,222.554
512,1024,8,4096,410.588
512,1024,8,8192,606.731
512,1024,8,16384,991.613
512,1024,8,32768,1762.68
512,1024,16,16,137.88
512,1024,16,32,138.221
512,1024,16,64,139.341
512,1024,16,128,150.787
512,1024,16,256,158.286
512,1024,16,512,180.27
512,1024,16,1024,208.516
512,1024,16,2048,329.393
512,1024,16,4096,557.386
512,1024,16,8192,942.887
512,1024,16,16384,1715.95
512,1024,16,32768,3272.78
512,1024,32,16,162.872
512,1024,32,32,162.264
512,1024,32,64,162.648
512,1024,32,128,180.782
512,1024,32,256,201.487
512,1024,32,512,234.905
512,1024,32,1024,322.704
512,1024,32,2048,547.103
512,1024,32,4096,908.828
512,1024,32,8192,1697.48
512,1024,32,16384,3272.18
512,1024,32,32768,6424.44
512,1024,64,16,204.143
512,1024,64,32,205.071
512,1024,64,64,205.967
512,1024,64,128,244.901
512,1024,64,256,286.704
512,1024,64,512,365.671
512,1024,64,1024,562.293
512,1024,64,2048,945
512,1024,64,4096,1707.64
512,1024,64,8192,3315.69
512,1024,64,16384,6561.99
512,1024,64,32768,13027.7
512,1024,128,16,284.357
512,1024,128,32,285.648
512,1024,128,64,289.477
512,1024,128,128,367.622
512,1024,128,256,447.016
512,1024,128,512,634.401
512,1024,128,1024,1010.81
512,1024,128,2048,1771.32
512,1024,128,4096,3366.31
512,1024,128,8192,6593.4
512,1024,128,16384,13054.4
512,2048,0,0,134.445
512,2048,1,16,143.768
512,2048,1,32,143.427
512,2048,1,64,143.032
512,2048,1,128,147.342
512,2048,1,256,154.627
512,2048,1,512,165.87
512,2048,1,1024,189.348
512,2048,1,2048,236.602
512,2048,1,4096,315.323
512,2048,1,8192,504.692
512,2048,1,16384,879.781
512,2048,1,32768,1634.17
512,2048,2,16,144.003
512,2048,2,32,144.291
512,2048,2,64,144.088
512,2048,2,128,149.794
512,2048,2,256,155.139
512,2048,2,512,167.395
512,2048,2,1024,190.915
512,2048,2,2048,237.444
512,2048,2,4096,317.627
512,2048,2,8192,508.873
512,2048,2,16384,892.273
512,2048,2,32768,1657.95
512,2048,4,16,150.361
512,2048,4,32,150.723
512,2048,4,64,150.894
512,2048,4,128,161.496
512,2048,4,256,174.083
512,2048,4,512,197.839
512,2048,4,1024,235.172
512,2048,4,2048,238.639
512,2048,4,4096,324.229
512,2048,4,8192,513.93
512,2048,4,16384,894.961
512,2048,4,32768,1662.92
512,2048,8,16,161.753
512,2048,8,32,161.997
512,2048,8,64,161.923
512,2048,8,128,178.863
512,2048,8,256,196.068
512,2048,8,512,232.111
512,2048,8,1024,243.13
512,2048,8,2048,245.264
512,2048,8,4096,415.816
512,2048,8,8192,746.766
512,2048,8,16384,1131.63
512,2048,8,32768,1901.05
512,2048,16,16,184.248
512,2048,16,32,184.942
512,2048,16,64,185.806
512,2048,16,128,213.966
512,2048,16,256,236.186
512,2048,16,512,248.538
512,2048,16,1024,298.501
512,2048,16,2048,350.14
512,2048,16,4096,620.15
512,2048,16,8192,1036.15
512,2048,16,16384,1808.82
512,2048,16,32768,3361.32
512,2048,32,16,230.917
512,2048,32,32,231.087
512,2048,32,64,232.645
512,2048,32,128,255.781
512,2048,32,256,274.523
512,2048,32,512,314.118
512,2048,32,1024,376.444
512,2048,32,2048,561.899
512,2048,32,4096,995.251
512,2048,32,8192,1746.57
512,2048,32,16384,3326.46
512,2048,32,32768,6479
512,2048,64,16,278.992
512,2048,64,32,278.362
512,2048,64,64,279.547
512,2048,64,128,320.262
512,2048,64,256,363.772
512,2048,64,512,446.472
512,2048,64,1024,607.073
512,2048,64,2048,1003.86
512,2048,64,4096,1779.84
512,2048,64,8192,3313.41
512,2048,64,16384,6550.37
512,2048,64,32768,13018.3
512,2048,128,16,359.772
512,2048,128,32,360.273
512,2048,128,64,365.254
512,2048,128,128,444.873
512,2048,128,256,526.634
512,2048,128,512,686.487
512,2048,128,1024,1059.08
512,2048,128,2048,1812.86
512,2048,128,4096,3376.55
512,2048,128,8192,6573.43
512,2048,128,16384,13052.2
512,4096,0,0,230.18
512,4096,1,16,237.317
512,4096,1,32,238.32
512,4096,1,64,238.127
512,4096,1,128,241.625
512,4096,1,256,249.413
512,4096,1,512,259.856
512,4096,1,1024,284.358
512,4096,1,2048,330.993
512,4096,1,4096,426.174
512,4096,1,8192,602.742
512,4096,1,16384,986.312
512,4096,1,32768,1754.19
512,4096,2,16,238.649
512,4096,2,32,239.033
512,4096,2,64,237.797
512,4096,2,128,244.25
512,4096,2,256,249.477
512,4096,2,512,261.424
512,4096,2,1024,285.787
512,4096,2,2048,333.745
512,4096,2,4096,426.952
512,4096,2,8192,605.782
512,4096,2,16384,988.073
512,4096,2,32768,1766.08
512,4096,4,16,245.018
512,4096,4,32,245.69
512,4096,4,64,245.541
512,4096,4,128,256.037
512,4096,4,256,268.154
512,4096,4,512,292.614
512,4096,4,1024,339.644
512,4096,4,2048,423.187
512,4096,4,4096,428.681
512,4096,4,8192,608.299
512,4096,4,16384,990.665
512,4096,4,32768,1758.96
512,4096,8,16,255.109
512,4096,8,32,255.877
512,4096,8,64,256.837
512,4096,8,128,272.646
512,4096,8,256,291.088
512,4096,8,512,325.979
512,4096,8,1024,397.565
512,4096,8,2048,433.949
512,4096,8,4096,432.957
512,4096,8,8192,797.7
512,4096,8,16384,1413.04
512,4096,8,32768,2181.27
512,4096,16,16,278.481
512,4096,16,32,279.206
512,4096,16,64,279.696
512,4096,16,128,307.749
512,4096,16,256,336.796
512,4096,16,512,395.442
512,4096,16,1024,432.552
512,4096,16,2048,537.482
512,4096,16,4096,632.706
512,4096,16,8192,1196.77
512,4096,16,16384,1995.91
512,4096,16,32768,3551.75
512,4096,32,16,324.678
512,4096,32,32,324.561
512,4096,32,64,326.268
512,4096,32,128,377.981
512,4096,32,256,424.445
512,4096,32,512,466.845
512,4096,32,1024,541.525
512,4096,32,2048,663.437
512,4096,32,4096,1041.01
512,4096,32,8192,1846.66
512,4096,32,16384,3422.5
512,4096,32,32768,6575.83
512,4096,64,16,417.81
512,4096,64,32,418.866
512,4096,64,64,422.27
512,4096,64,128,469.256
512,4096,64,256,512.234
512,4096,64,512,592.63
512,4096,64,1024,760.377
512,4096,64,2048,1092.79
512,4096,64,4096,1886.76
512,4096,64,8192,3466.1
512,4096,64,16384,6529.81
512,4096,64,32768,12997.1
512,4096,128,16,509.375
512,4096,128,32,511.316
512,4096,128,64,514.004
512,4096,128,128,593.463
512,4096,128,256,682.499
512,4096,128,512,846.757
512,4096,128,1024,1163.95
512,4096,128,2048,1902.59
512,4096,128,4096,3416.76
512,4096,128,8192,6594.48
512,4096,128,16384,13037.9
512,8192,0,0,419.56
512,8192,1,16,427.411
512,8192,1,32,429.459
512,8192,1,64,427.313
512,8192,1,128,431.859
512,8192,1,256,437.918
512,8192,1,512,449.833
512,8192,1,1024,474.153
512,8192,1,2048,521.514
512,8192,1,4096,616.193
512,8192,1,8192,806.938
512,8192,1,16384,1177.95
512,8192,1,32768,1940.53
512,8192,2,16,429.533
512,8192,2,32,428.616
512,8192,2,64,428.243
512,8192,2,128,433.202
512,8192,2,256,439.049
512,8192,2,512,451.582
512,8192,2,1024,474.249
512,8192,2,2048,521.375
512,8192,2,4096,616.939
512,8192,2,8192,803.439
512,8192,2,16384,1181.13
512,8192,2,32768,1947.91
512,8192,4,16,434.483
512,8192,4,32,433.896
512,8192,4,64,435.102
512,8192,4,128,446.601
512,8192,4,256,457.683
512,8192,4,512,481.172
512,8192,4,1024,529.099
512,8192,4,2048,626.188
512,8192,4,4096,808.133
512,8192,4,8192,810.106
512,8192,4,16384,1182.48
512,8192,4,32768,1948.88
512,8192,8,16,444.467
512,8192,8,32,444.66
512,8192,8,64,446.579
512,8192,8,128,464.138
512,8192,8,256,479.785
512,8192,8,512,514.645
512,8192,8,1024,586.753
512,8192,8,2048,729.689
512,8192,8,4096,808.783
512,8192,8,8192,813.754
512,8192,8,16384,1569.23
512,8192,8,32768,2740.18
512,8192,16,16,466.078
512,8192,16,32,467.263
512,8192,16,64,468.467
512,8192,16,128,495.583
512,8192,16,256,525.621
512,8192,16,512,584.064
512,8192,16,1024,705.188
512,8192,16,2048,805.989
512,8192,16,4096,1011.85
512,8192,16,8192,1203.05
512,8192,16,16384,2351.19
512,8192,16,32768,3916.82
512,8192,32,16,512.202
512,8192,32,32,512.521
512,8192,32,64,515.594
512,8192,32,128,565.547
512,8192,32,256,620.577
512,8192,32,512,727.704
512,8192,32,1024,838.95
512,8192,32,2048,1013.46
512,8192,32,4096,1232.28
512,8192,32,8192,2002.78
512,8192,32,16384,3605.14
512,8192,32,32768,6755.33
512,8192,64,16,606.742
512,8192,64,32,606.838
512,8192,64,64,609.622
512,8192,64,128,711.598
512,8192,64,256,803.61
512,8192,64,512,892.496
512,8192,64,1024,1060.18
512,8192,64,2048,1383.12
512,8192,64,4096,2073.09
512,8192,64,8192,3652.94
512,8192,64,16384,6809.29
512,8192,64,32768,12979.7
512,8192,128,16,791.951
512,8192,128,32,795.109
512,8192,128,64,803.354
512,8192,128,128,891.824
512,8192,128,256,979.005
512,8192,128,512,1146.93
512,8192,128,1024,1480.41
512,8192,128,2048,2137.5
512,8192,128,4096,3596.35
512,8192,128,8192,6647.28
512,8192,128,16384,13014.1
512,16384,0,0,798.906
512,16384,1,16,807.44
512,16384,1,32,807.173
512,16384,1,64,807.109
512,16384,1,128,811.215
512,16384,1,256,820.709
512,16384,1,512,829.627
512,16384,1,1024,852.741
512,16384,1,2048,899.815
512,16384,1,4096,999.155
512,16384,1,8192,1188.75
512,16384,1,16384,1572.04
512,16384,1,32768,2330.27
512,16384,2,16,809.701
512,16384,2,32,807.077
512,16384,2,64,807.013
512,16384,2,128,814.341
512,16384,2,256,818.458
512,16384,2,512,831.536
512,16384,2,1024,854.577
512,16384,2,2048,903.025
512,16384,2,4096,994.803
512,16384,2,8192,1186.22
512,16384,2,16384,1561.06
512,16384,2,32768,2328.4
512,16384,4,16,814.875
512,16384,4,32,812.228
512,16384,4,64,815.824
512,16384,4,128,824.389
512,16384,4,256,837.222
512,16384,4,512,860.678
512,16384,4,1024,907.292
512,16384,4,2048,1002.31
512,16384,4,4096,1194.21
512,16384,4,8192,1567.53
512,16384,4,16384,1566.32
512,16384,4,32768,2333.13
512,16384,8,16,822.511
512,16384,8,32,821.936
512,16384,8,64,828.378
512,16384,8,128,842.896
512,16384,8,256,858.299
512,16384,8,512,894.299
512,16384,8,1024,964.445
512,16384,8,2048,1108.69
512,16384,8,4096,1394.49
512,16384,8,8192,1567.18
512,16384,8,16384,1574.01
512,16384,8,32768,3100.97
512,16384,16,16,844.166
512,16384,16,32,847.249
512,16384,16,64,849.061
512,16384,16,128,876.348
512,16384,16,256,902.343
512,16384,16,512,962.674
512,16384,16,1024,1082.77
512,16384,16,2048,1321.35
512,16384,16,4096,1555.81
512,16384,16,8192,1961.5
512,16384,16,16384,2351.45
512,16384,16,32768,4650.93
512,16384,32,16,889.542
512,16384,32,32,890.619
512,16384,32,64,891.9
512,16384,32,128,945.202
512,16384,32,256,995.838
512,16384,32,512,1106
512,16384,32,1024,1324.04
512,16384,32,2048,1560.96
512,16384,32,4096,1957.15
512,16384,32,8192,2381.29
512,16384,32,16384,3947.51
512,16384,32,32768,7144.14
512,16384,64,16,980.893
512,16384,64,32,985.587
512,16384,64,64,986.024
512,16384,64,128,1087.32
512,16384,64,256,1194.34
512,16384,64,512,1399.72
512,16384,64,1024,1678.16
512,16384,64,2048,1993.77
512,16384,64,4096,2633.47
512,16384,64,8192,4039.17
512,16384,64,16384,7213.38
512,16384,64,32768,13469.1
512,16384,128,16,1168.43
512,16384,128,32,1170.49
512,16384,128,64,1177.78
512,16384,128,128,1375.5
512,16384,128,256,1561.69
512,16384,128,512,1749.24
512,16384,128,1024,2081.18
512,16384,128,2048,2763.94
512,16384,128,4096,4093.91
512,16384,128,8192,7001.96
512,16384,128,16384,13114.4
512,32768,0,0,1566.45
512,32768,1,16,1566.98
512,32768,1,32,1568.07
512,32768,1,64,1567.61
512,32768,1,128,1571.72
512,32768,1,256,1580.96
512,32768,1,512,1587.6
512,32768,1,1024,1613.1
512,32768,1,2048,1665.28
512,32768,1,4096,1767.69
512,32768,1,8192,1959.12
512,32768,1,16384,2341.65
512,32768,1,32768,3091.68
512,32768,2,16,1570.32
512,32768,2,32,1567.51
512,32768,2,64,1566.54
512,32768,2,128,1575.27
512,32768,2,256,1578.86
512,32768,2,512,1590.41
512,32768,2,1024,1617.29
512,32768,2,2048,1661.15
512,32768,2,4096,1756.59
512,32768,2,8192,1947.17
512,32768,2,16384,2327.69
512,32768,2,32768,3090.78
512,32768,4,16,1574.02
512,32768,4,32,1576.32
512,32768,4,64,1576.37
512,32768,4,128,1584.46
512,32768,4,256,1598.41
512,32768,4,512,1621.14
512,32768,4,1024,1671.6
512,32768,4,2048,1762.34
512,32768,4,4096,1957.27
512,32768,4,8192,2332.96
512,32768,4,16384,3074.11
512,32768,4,32768,3093.63
512,32768,8,16,1583.45
512,32768,8,32,1583.85
512,32768,8,64,1587.71
512,32768,8,128,1597.02
512,32768,8,256,1617.9
512,32768,8,512,1653.67
512,32768,8,1024,1727.05
512,32768,8,2048,1873.58
512,32768,8,4096,2156.2
512,32768,8,8192,2728.79
512,32768,8,16384,3076.38
512,32768,8,32768,3102.81
512,32768,16,16,1604.3
512,32768,16,32,1605.11
512,32768,16,64,1607.69
512,32768,16,128,1635.53
512,32768,16,256,1662.29
512,32768,16,512,1720.02
512,32768,16,1024,1839.92
512,32768,16,2048,2085.2
512,32768,16,4096,2558.02
512,32768,16,8192,3070.96
512,32768,16,16384,3856.48
512,32768,16,32768,4657.69
512,32768,32,16,1646.19
512,32768,32,32,1643.07
512,32768,32,64,1651.3
512,32768,32,128,1700.98
512,32768,32,256,1750.3
512,32768,32,512,1859.84
512,32768,32,1024,2085.2
512,32768,32,2048,2508.25
512,32768,32,4096,3062.65
512,32768,32,8192,3852.32
512,32768,32,16384,4692.73
512,32768,32,32768,7853.01
512,32768,64,16,1737.4
512,32768,64,32,1739.94
512,32768,64,64,1743.15
512,32768,64,128,1845.28
512,32768,64,256,1949.76
512,32768,64,512,2159.37
512,32768,64,1024,2567.76
512,32768,64,2048,3181.13
512,32768,64,4096,3813.96
512,32768,64,8192,5132.7
512,32768,64,16384,7987.51
512,32768,64,32768,14363.5
512,32768,128,16,1924.92
512,32768,128,32,1929.94
512,32768,128,64,1936.27
512,32768,128,128,2133.99
512,32768,128,256,2337.05
512,32768,128,512,2743.99
512,32768,128,1024,3306.34
512,32768,128,2048,3952.57
512,32768,128,4096,5356.17
512,32768,128,8192,8007.49
512,32768,128,16384,13820.7
1024,0,0,0,108.386
1024,0,1,16,109.186
1024,0,1,32,109.442
1024,0,1,64,109.635
1024,0,1,128,109.826
1024,0,1,256,109.859
1024,0,1,512,112.055
1024,0,1,1024,119.16
1024,0,1,2048,166.115
1024,0,1,4096,259.034
1024,0,1,8192,446.771
1024,0,1,16384,820.272
1024,0,1,32768,1572.36
1024,0,2,16,109.762
1024,0,2,32,109.719
1024,0,2,64,110.157
1024,0,2,128,112.781
1024,0,2,256,113.389
1024,0,2,512,112.92
1024,0,2,1024,125.944
1024,0,2,2048,172.825
1024,0,2,4096,266.501
1024,0,2,8192,453.342
1024,0,2,16384,828.454
1024,0,2,32768,1579.19
1024,0,4,16,114.604
1024,0,4,32,114.53
1024,0,4,64,114.68
1024,0,4,128,116.045
1024,0,4,256,118.423
1024,0,4,512,121.314
1024,0,4,1024,138.146
1024,0,4,2048,193.7
1024,0,4,4096,287.782
1024,0,4,8192,475.39
1024,0,4,16384,849.841
1024,0,4,32768,1603.35
1024,0,8,16,121.037
1024,0,8,32,120.771
1024,0,8,64,121.389
1024,0,8,128,125.08
1024,0,8,256,130.69
1024,0,8,512,139.405
1024,0,8,1024,169.209
1024,0,8,2048,241.157
1024,0,8,4096,398.247
1024,0,8,8192,592.822
1024,0,8,16384,981.758
1024,0,8,32768,1757.93
1024,0,16,16,135.288
1024,0,16,32,135.533
1024,0,16,64,135.586
1024,0,16,128,144.75
1024,0,16,256,154.307
1024,0,16,512,172.302
1024,0,16,1024,227.695
1024,0,16,2048,344.071
1024,0,16,4096,557.866
1024,0,16,8192,950.045
1024,0,16,16384,1728.51
1024,0,16,32768,3282.66
1024,0,32,16,162.798
1024,0,32,32,162.915
1024,0,32,64,163.501
1024,0,32,128,181.679
1024,0,32,256,200.515
1024,0,32,512,242.97
1024,0,32,1024,349.469
1024,0,32,2048,557.547
1024,0,32,4096,945.149
1024,0,32,8192,1739.47
1024,0,32,16384,3333.78
1024,0,32,32768,6525.97
1024,0,64,16,216.303
1024,0,64,32,217.006
1024,0,64,64,217.775
1024,0,64,128,254.864
1024,0,64,256,296.913
1024,0,64,512,396.114
1024,0,64,1024,588.95
1024,0,64,2048,968.286
1024,0,64,4096,1740
1024,0,64,8192,3348.86
1024,0,64,16384,6585.23
1024,0,64,32768,13065.8
1024,0,128,16,321.404
1024,0,128,32,322.47
1024,0,128,64,325.788
1024,0,128,128,412.978
1024,0,128,256,508.404
1024,0,128,512,698.029
1024,0,128,1024,1073.09
1024,0,128,2048,1836.43
1024,0,128,4096,3411.81
1024,0,128,8192,6641.8
1024,0,128,16384,13118.3
1024,16,0,0,118.221
1024,16,1,16,118.829
1024,16,1,32,118.733
1024,16,1,64,119.075
1024,16,1,128,119.469
1024,16,1,256,119.576
1024,16,1,512,119.96
1024,16,1,1024,123.907
1024,16,1,2048,170.393
1024,16,1,4096,264.421
1024,16,1,8192,450.537
1024,16,1,16384,826.181
1024,16,1,32768,1577.43
1024,16,2,16,119.522
1024,16,2,32,119.533
1024,16,2,64,119.639
1024,16,2,128,120.429
1024,16,2,256,121.122
1024,16,2,512,124.749
1024,16,2,1024,131.032
1024,16,2,2048,178.489
1024,16,2,4096,272.197
1024,16,2,8192,459.403
1024,16,2,16384,833.669
1024,16,2,32768,1584.43
1024,16,4,16,123.33
1024,16,4,32,123.277
1024,16,4,64,123.448
1024,16,4,128,124.664
1024,16,4,256,126.541
1024,16,4,512,132.825
1024,16,4,1024,143.779
1024,16,4,2048,200.762
1024,16,4,4096,294.929
1024,16,4,8192,482.356
1024,16,4,16384,858.598
1024,16,4,32768,1614.54
1024,16,8,16,129.602
1024,16,8,32,129.335
1024,16,8,64,129.464
1024,16,8,128,134.957
1024,16,8,256,140.334
1024,16,8,512,148.237
1024,16,8,1024,174.659
1024,16,8,2048,247.194
1024,16,8,4096,412.872
1024,16,8,8192,607.265
1024,16,8,16384,997.236
1024,16,8,32768,1777.42
1024,16,16,16,143.672
1024,16,16,32,144.398
1024,16,16,64,144.526
1024,16,16,128,154.349
1024,16,16,256,163.725
1024,16,16,512,181.219
1024,16,16,1024,234.202
1024,16,16,2048,346.993
1024,16,16,4096,567.509
1024,16,16,8192,960.916
1024,16,16,16384,1743.92
1024,16,16,32768,3304.05
1024,16,32,16,172.814
1024,16,32,32,172.697
1024,16,32,64,173.304
1024,16,32,128,191.875
1024,16,32,256,210.126
1024,16,32,512,247.749
1024,16,32,1024,355.154
1024,16,32,2048,564.064
1024,16,32,4096,953.117
1024,16,32,8192,1751.39
1024,16,32,16384,3343.14
1024,16,32,32768,6532.34
1024,16,64,16,226.191
1024,16,64,32,225.945
1024,16,64,64,227.588
1024,16,64,128,265.563
1024,16,64,256,305.382
1024,16,64,512,401.661
1024,16,64,1024,594.497
1024,16,64,2048,973.661
1024,16,64,4096,1743.27
1024,16,64,8192,3350.89
1024,16,64,16384,6588.33
1024,16,64,32768,13050.9
1024,16,128,16,330.952
1024,16,128,32,332.263
1024,16,128,64,336.124
1024,16,128,128,418.355
1024,16,128,256,513.684
1024,16,128,512,703.138
1024,16,128,1024,1079.12
1024,16,128,2048,1839.3
1024,16,128,4096,3413.74
1024,16,128,8192,6634.46
1024,16,128,16384,13119.1
1024,32,0,0,118.317
1024,32,1,16,118.883
1024,32,1,32,118.935
1024,32,1,64,118.989
1024,32,1,128,118.978
1024,32,1,256,119.736
1024,32,1,512,120.376
1024,32,1,1024,123.682
1024,32,1,2048,170.276
1024,32,1,4096,264.315
1024,32,1,8192,451.625
1024,32,1,16384,829.157
1024,32,1,32768,1579.76
1024,32,2,16,120.002
1024,32,2,32,119.522
1024,32,2,64,119.565
1024,32,2,128,120.717
1024,32,2,256,121.271
1024,32,2,512,124.525
1024,32,2,1024,130.477
1024,32,2,2048,178.499
1024,32,2,4096,271.962
1024,32,2,8192,461.14
1024,32,2,16384,833.914
1024,32,2,32768,1586.38
1024,32,4,16,123.363
1024,32,4,32,123.522
1024,32,4,64,123.331
1024,32,4,128,125.506
1024,32,4,256,126.147
1024,32,4,512,132.557
1024,32,4,1024,143.522
1024,32,4,2048,200.751
1024,32,4,4096,295.152
1024,32,4,8192,482.57
1024,32,4,16384,857.787
1024,32,4,32768,1615.66
1024,32,8,16,129.325
1024,32,8,32,129.571
1024,32,8,64,129.645
1024,32,8,128,134.55
1024,32,8,256,140.375
1024,32,8,512,148.002
1024,32,8,1024,173.849
1024,32,8,2048,246.938
1024,32,8,4096,412.595
1024,32,8,8192,606.657
1024,32,8,16384,997.299
1024,32,8,32768,1778.38
1024,32,16,16,143.875
1024,32,16,32,144.76
1024,32,16,64,144.29
1024,32,16,128,154.798
1024,32,16,256,164.302
1024,32,16,512,181.017
1024,32,16,1024,233.721
1024,32,16,2048,347.687
1024,32,16,4096,567.605
1024,32,16,8192,960.829
1024,32,16,16384,1741.05
1024,32,16,32768,3301.63
1024,32,32,16,172.302
1024,32,32,32,172.196
1024,32,32,64,172.729
1024,32,32,128,191.129
1024,32,32,256,209.413
1024,32,32,512,248.016
1024,32,32,1024,355.602
1024,32,32,2048,563.819
1024,32,32,4096,952.552
1024,32,32,8192,1751.28
1024,32,32,16384,3343.49
1024,32,32,32768,6532.28
1024,32,64,16,225.647
1024,32,64,32,226.372
1024,32,64,64,227.472
1024,32,64,128,265.275
1024,32,64,256,305.307
1024,32,64,512,401.693
1024,32,64,1024,595.158
1024,32,64,2048,972.872
1024,32,64,4096,1743.24
1024,32,64,8192,3350.53
1024,32,64,16384,6586.06
1024,32,64,32768,13064.1
1024,32,128,16,331.324
1024,32,128,32,332.199
1024,32,128,64,336.401
1024,32,128,128,418.654
1024,32,128,256,514.144
1024,32,128,512,703.427
1024,32,128,1024,1079.51
1024,32,128,2048,1839.09
1024,32,128,4096,3415.97
1024,32,128,8192,6643.88
1024,32,128,16384,13113.3
1024,64,0,0,118.434
1024,64,1,16,119.064
1024,64,1,32,119.043
1024,64,1,64,118.999
1024,64,1,128,119.427
1024,64,1,256,119.447
1024,64,1,512,120.376
1024,64,1,1024,123.565
1024,64,1,2048,170.734
1024,64,1,4096,264.335
1024,64,1,8192,451.198
1024,64,1,16384,826.203
1024,64,1,32768,1574.21
1024,64,2,16,119.8
1024,64,2,32,119.757
1024,64,2,64,119.799
1024,64,2,128,120.93
1024,64,2,256,120.941
1024,64,2,512,124.654
1024,64,2,1024,130.499
1024,64,2,2048,178.36
1024,64,2,4096,272.581
1024,64,2,8192,460.511
1024,64,2,16384,834.544
1024,64,2,32768,1584.68
1024,64,4,16,123.459
1024,64,4,32,123.746
1024,64,4,64,123.512
1024,64,4,128,124.962
1024,64,4,256,126.926
1024,64,4,512,132.514
1024,64,4,1024,143.704
1024,64,4,2048,200.612
1024,64,4,4096,294.343
1024,64,4,8192,482.506
1024,64,4,16384,858.182
1024,64,4,32768,1611.18
1024,64,8,16,130.083
1024,64,8,32,130.285
1024,64,8,64,130.274
1024,64,8,128,135.512
1024,64,8,256,141.016
1024,64,8,512,148.461
1024,64,8,1024,174.873
1024,64,8,2048,247.002
1024,64,8,4096,412.83
1024,64,8,8192,608.044
1024,64,8,16384,996.521
1024,64,8,32768,1777.28
1024,64,16,16,143.875
1024,64,16,32,144.557
1024,64,16,64,144.643
1024,64,16,128,154.435
1024,64,16,256,163.918
1024,64,16,512,181.711
1024,64,16,1024,234.352
1024,64,16,2048,347.718
1024,64,16,4096,566.933
1024,64,16,8192,960.19
1024,64,16,16384,1742.46
1024,64,16,32768,3303.46
1024,64,32,16,172.451
1024,64,32,32,172.622
1024,64,32,64,173.358
1024,64,32,128,191.034
1024,64,32,256,210.596
1024,64,32,512,248.133
1024,64,32,1024,355.345
1024,64,32,2048,563.67
1024,64,32,4096,953.299
1024,64,32,8192,1746.05
1024,64,32,16384,3345.56
1024,64,32,32768,6540.43
1024,64,64,16,226.245
1024,64,64,32,226.074
1024,64,64,64,228.015
1024,64,64,128,264.975
1024,64,64,256,305.819
1024,64,64,512,401.48
1024,64,64,1024,595.159
1024,64,64,2048,973.405
1024,64,64,4096,1744.46
1024,64,64,8192,3355.37
1024,64,64,16384,6585.74
1024,64,64,32768,13070.4
1024,64,128,16,331.59
1024,64,128,32,332.486
1024,64,128,64,336.07
1024,64,128,128,418.547
1024,64,128,256,513.247
1024,64,128,512,703.235
1024,64,128,1024,1079.93
1024,64,128,2048,1840.46
1024,64,128,4096,3417.8
1024,64,128,8192,6639.88
1024,64,128,16384,13111.4
1024,128,0,0,123.192
1024,128,1,16,123.704
1024,128,1,32,123.224
1024,128,1,64,123.256
1024,128,1,128,125.197
1024,128,1,256,126.05
1024,128,1,512,125.41
1024,128,1,1024,126.615
1024,128,1,2048,173.913
1024,128,1,4096,268.165
1024,128,1,8192,455.753
1024,128,1,16384,833.158
1024,128,1,32768,1584.97
1024,128,2,16,124.386
1024,128,2,32,124.419
1024,128,2,64,124.408
1024,128,2,128,124.919
1024,128,2,256,125.965
1024,128,2,512,128.333
1024,128,2,1024,132.429
1024,128,2,2048,182.383
1024,128,2,4096,275.888
1024,128,2,8192,463.678
1024,128,2,16384,838.224
1024,128,2,32768,1594.56
1024,128,4,16,127.32
1024,128,4,32,127.406
1024,128,4,64,127.544
1024,128,4,128,130.456
1024,128,4,256,131.607
1024,128,4,512,136.451
1024,128,4,1024,150.766
1024,128,4,2048,208.068
1024,128,4,4096,301.627
1024,128,4,8192,489.716
1024,128,4,16384,866.588
1024,128,4,32768,1620.4
1024,128,8,16,134.21
1024,128,8,32,134.253
1024,128,8,64,134.103
1024,128,8,128,138.573
1024,128,8,256,145.475
1024,128,8,512,153.87
1024,128,8,1024,180.974
1024,128,8,2048,253.68
1024,128,8,4096,421.566
1024,128,8,8192,622.507
1024,128,8,16384,1011.83
1024,128,8,32768,1795.91
1024,128,16,16,148.707
1024,128,16,32,149.133
1024,128,16,64,149.485
1024,128,16,128,158.52
1024,128,16,256,168.045
1024,128,16,512,186.852
1024,128,16,1024,239.93
1024,128,16,2048,351.879
1024,128,16,4096,578.465
1024,128,16,8192,970.525
1024,128,16,16384,1757.59
1024,128,16,32768,3325.15
1024,128,32,16,177.198
1024,128,32,32,177.219
1024,128,32,64,177.582
1024,128,32,128,196.495
1024,128,32,256,215.257
1024,128,32,512,253.541
1024,128,32,1024,361.201
1024,128,32,2048,572.556
1024,128,32,4096,961.778
1024,128,32,8192,1763.53
1024,128,32,16384,3356.72
1024,128,32,32768,6564.14
1024,128,64,16,230.97
1024,128,64,32,230.863
1024,128,64,64,232.261
1024,128,64,128,270.373
1024,128,64,256,310.801
1024,128,64,512,407.347
1024,128,64,1024,601.153
1024,128,64,2048,977.821
1024,128,64,4096,1743.15
1024,128,64,8192,3348.89
1024,128,64,16384,6589.59
1024,128,64,32768,13076.5
1024,128,128,16,335.932
1024,128,128,32,337.51
1024,128,128,64,341.437
1024,128,128,128,424.169
1024,128,128,256,519.648
1024,128,128,512,708.718
1024,128,128,1024,1085.47
1024,128,128,2048,1844.03
1024,128,128,4096,3414.26
1024,128,128,8192,6648.7
1024,128,128,16384,13095.4
1024,256,0,0,137.112
1024,256,1,16,138.136
1024,256,1,32,137.826
1024,256,1,64,137.816
1024,256,1,128,137.496
1024,256,1,256,137.485
1024,256,1,512,138.371
1024,256,1,1024,139.085
1024,256,1,2048,182.926
1024,256,1,4096,276.037
1024,256,1,8192,463.198
1024,256,1,16384,844.689
1024,256,1,32768,1588.71
1024,256,2,16,138.029
1024,256,2,32,138.008
1024,256,2,64,137.848
1024,256,2,128,138.253
1024,256,2,256,139.533
1024,256,2,512,142.723
1024,256,2,1024,142.403
1024,256,2,2048,194.329
1024,256,2,4096,287.408
1024,256,2,8192,475.326
1024,256,2,16384,853.734
1024,256,2,32768,1600.75
1024,256,4,16,141.774
1024,256,4,32,141.88
1024,256,4,64,142.18
1024,256,4,128,143.042
1024,256,4,256,146.082
1024,256,4,512,150.979
1024,256,4,1024,161.283
1024,256,4,2048,221.807
1024,256,4,4096,315.708
1024,256,4,8192,503.498
1024,256,4,16384,877.521
1024,256,4,32768,1634.48
1024,256,8,16,147.918
1024,256,8,32,147.075
1024,256,8,64,147.405
1024,256,8,128,153.262
1024,256,8,256,158.744
1024,256,8,512,169.646
1024,256,8,1024,189.838
1024,256,8,2048,268.038
1024,256,8,4096,424.551
1024,256,8,8192,653.548
1024,256,8,16384,1042.73
1024,256,8,32768,1830.79
1024,256,16,16,161.934
1024,256,16,32,162.233
1024,256,16,64,162.424
1024,256,16,128,172.259
1024,256,16,256,182.575
1024,256,16,512,201.636
1024,256,16,1024,249.509
1024,256,16,2048,363.741
1024,256,16,4096,595.318
1024,256,16,8192,988.596
1024,256,16,16384,1774.07
1024,256,16,32768,3349.4
1024,256,32,16,190.947
1024,256,32,32,191.279
1024,256,32,64,191.769
1024,256,32,128,210.81
1024,256,32,256,228.954
1024,256,32,512,267.067
1024,256,32,1024,371.869
1024,256,32,2048,582.859
1024,256,32,4096,978.75
1024,256,32,8192,1770.49
1024,256,32,16384,3372.04
1024,256,32,32768,6579.34
1024,256,64,16,245.071
1024,256,64,32,245.626
1024,256,64,64,247.194
1024,256,64,128,284.998
1024,256,64,256,325.607
1024,256,64,512,417.918
1024,256,64,1024,614.455
1024,256,64,2048,991.668
1024,256,64,4096,1751.65
1024,256,64,8192,3353.21
1024,256,64,16384,6586.87
1024,256,64,32768,13049.6
1024,256,128,16,351.848
1024,256,128,32,352.465
1024,256,128,64,356.444
1024,256,128,128,435.155
1024,256,128,256,530.442
1024,256,128,512,720.142
1024,256,128,1024,1096.43
1024,256,128,2048,1855.4
1024,256,128,4096,3418.23
1024,256,128,8192,6647.06
1024,256,128,16384,13109.5
1024,512,0,0,161.262
1024,512,1,16,161.891
1024,512,1,32,162.212
1024,512,1,64,162.136
1024,512,1,128,165.528
1024,512,1,256,164.879
1024,512,1,512,165.486
1024,512,1,1024,165.604
1024,512,1,2048,197.786
1024,512,1,4096,291.184
1024,512,1,8192,480.18
1024,512,1,16384,853.681
1024,512,1,32768,1604.01
1024,512,2,16,163.257
1024,512,2,32,163.406
1024,512,2,64,163.534
1024,512,2,128,165.476
1024,512,2,256,166.073
1024,512,2,512,166.468
1024,512,2,1024,175.054
1024,512,2,2048,217.914
1024,512,2,4096,311.313
1024,512,2,8192,499.561
1024,512,2,16384,876.913
1024,512,2,32768,1621.58
1024,512,4,16,167.171
1024,512,4,32,166.99
1024,512,4,64,167.352
1024,512,4,128,168.942
1024,512,4,256,174.243
1024,512,4,512,180.857
1024,512,4,1024,191.822
1024,512,4,2048,233.828
1024,512,4,4096,339.453
1024,512,4,8192,528.362
1024,512,4,16384,903.74
1024,512,4,32768,1656.63
1024,512,8,16,173.838
1024,512,8,32,173.913
1024,512,8,64,174.553
1024,512,8,128,180.761
1024,512,8,256,186.265
1024,512,8,512,198.052
1024,512,8,1024,213.818
1024,512,8,2048,289.318
1024,512,8,4096,429.523
1024,512,8,8192,713.784
1024,512,8,16384,1104.01
1024,512,8,32768,1881.23
1024,512,16,16,188.601
1024,512,16,32,188.473
1024,512,16,64,189.027
1024,512,16,128,202.916
1024,512,16,256,209.785
1024,512,16,512,231.599
1024,512,16,1024,267.194
1024,512,16,2048,392.189
1024,512,16,4096,627.319
1024,512,16,8192,1024.16
1024,512,16,16384,1812.75
1024,512,16,32768,3390.18
1024,512,32,16,218.116
1024,512,32,32,218.436
1024,512,32,64,219.513
1024,512,32,128,239.002
1024,512,32,256,259.909
1024,512,32,512,295.996
1024,512,32,1024,391.911
1024,512,32,2048,603.095
1024,512,32,4096,1007.26
1024,512,32,8192,1793.23
1024,512,32,16384,3389.82
1024,512,32,32768,6621.92
1024,512,64,16,273.392
1024,512,64,32,274.384
1024,512,64,64,275.59
1024,512,64,128,314.438
1024,512,64,256,354.961
1024,512,64,512,439.657
1024,512,64,1024,636.386
1024,512,64,2048,1018.87
1024,512,64,4096,1778.56
1024,512,64,8192,3352.49
1024,512,64,16384,6597.92
1024,512,64,32768,13056.7
1024,512,128,16,381.469
1024,512,128,32,382.685
1024,512,128,64,386.312
1024,512,128,128,463.177
1024,512,128,256,552.277
1024,512,128,512,741.775
1024,512,128,1024,1120.08
1024,512,128,2048,1877.57
1024,512,128,4096,3429.56
1024,512,128,8192,6636.45
1024,512,128,16384,13094.1
1024,1024,0,0,207.673
1024,1024,1,16,208.889
1024,1024,1,32,208.719
1024,1024,1,64,208.878
1024,1024,1,128,211.194
1024,1024,1,256,211.226
1024,1024,1,512,212.282
1024,1024,1,1024,213.465
1024,1024,1,2048,224.282
1024,1024,1,4096,335.612
1024,1024,1,8192,523.05
1024,1024,1,16384,899.335
1024,1024,1,32768,1644.58
1024,1024,2,16,209.636
1024,1024,2,32,209.754
1024,1024,2,64,209.966
1024,1024,2,128,211.535
1024,1024,2,256,212.879
1024,1024,2,512,214.276
1024,1024,2,1024,235.215
1024,1024,2,2048,257.381
1024,1024,2,4096,359.826
1024,1024,2,8192,547.264
1024,1024,2,16384,926.621
1024,1024,2,32768,1675.94
1024,1024,4,16,213.786
1024,1024,4,32,213.295
1024,1024,4,64,213.252
1024,1024,4,128,220.975
1024,1024,4,256,227.183
1024,1024,4,512,236.719
1024,1024,4,1024,250.917
1024,1024,4,2048,280.72
1024,1024,4,4096,387.111
1024,1024,4,8192,574.518
1024,1024,4,16384,952.787
1024,1024,4,32768,1714.57
1024,1024,8,16,221.529
1024,1024,8,32,222.309
1024,1024,8,64,222.042
1024,1024,8,128,232.73
1024,1024,8,256,241.754
1024,1024,8,512,252.271
1024,1024,8,1024,270.448
1024,1024,8,2048,324.838
1024,1024,8,4096,490.411
1024,1024,8,8192,809.157
1024,1024,8,16384,1224.5
1024,1024,8,32768,2003.74
1024,1024,16,16,240.773
1024,1024,16,32,240.783
1024,1024,16,64,240.709
1024,1024,16,128,254.384
1024,1024,16,256,270.192
1024,1024,16,512,285.211
1024,1024,16,1024,325.052
1024,1024,16,2048,430.248
1024,1024,16,4096,660.984
1024,1024,16,8192,1091.62
1024,1024,16,16384,1882.92
1024,1024,16,32768,3458.22
1024,1024,32,16,271.397
1024,1024,32,32,272.069
1024,1024,32,64,273.296
1024,1024,32,128,294.651
1024,1024,32,256,316.85
1024,1024,32,512,360.935
1024,1024,32,1024,434.483
1024,1024,32,2048,647.703
1024,1024,32,4096,1065.61
1024,1024,32,8192,1849.84
1024,1024,32,16384,3447.28
1024,1024,32,32768,6670.26
1024,1024,64,16,329.5
1024,1024,64,32,330.193
1024,1024,64,64,331.11
1024,1024,64,128,371.186
1024,1024,64,256,413.031
1024,1024,64,512,492.543
1024,1024,64,1024,680.291
1024,1024,64,2048,1072.87
1024,1024,64,4096,1830.34
1024,1024,64,8192,3362.79
1024,1024,64,16384,6585.26
1024,1024,64,32768,13053.7
1024,1024,128,16,439.4
1024,1024,128,32,440.244
1024,1024,128,64,444.467
1024,1024,128,128,523.039
1024,1024,128,256,602.967
1024,1024,128,512,785.711
1024,1024,128,1024,1166.04
1024,1024,128,2048,1930.33
1024,1024,128,4096,3448.43
1024,1024,128,8192,6630.67
1024,1024,128,16384,13109.7
1024,2048,0,0,300.465
1024,2048,1,16,302.065
1024,2048,1,32,302.439
1024,2048,1,64,302.149
1024,2048,1,128,304.849
1024,2048,1,256,304.443
1024,2048,1,512,306.161
1024,2048,1,1024,307.643
1024,2048,1,2048,306.95
1024,2048,1,4096,411.379
1024,2048,1,8192,618.294
1024,2048,1,16384,996.137
1024,2048,1,32768,1746.33
1024,2048,2,16,303.131
1024,2048,2,32,302.993
1024,2048,2,64,303.398
1024,2048,2,128,304.976
1024,2048,2,256,306.193
1024,2048,2,512,308.134
1024,2048,2,1024,332.242
1024,2048,2,2048,376.499
1024,2048,2,4096,447.615
1024,2048,2,8192,647.522
1024,2048,2,16384,1031.38
1024,2048,2,32768,1800.57
1024,2048,4,16,306.428
1024,2048,4,32,306.78
1024,2048,4,64,306.726
1024,2048,4,128,313.841
1024,2048,4,256,320.582
1024,2048,4,512,335.175
1024,2048,4,1024,361.97
1024,2048,4,2048,390.845
1024,2048,4,4096,467.189
1024,2048,4,8192,668.61
1024,2048,4,16384,1043.79
1024,2048,4,32768,1807.76
1024,2048,8,16,314.79
1024,2048,8,32,315.11
1024,2048,8,64,315.174
1024,2048,8,128,327.303
1024,2048,8,256,338.193
1024,2048,8,512,360.721
1024,2048,8,1024,387.976
1024,2048,8,2048,408.713
1024,2048,8,4096,564.129
1024,2048,8,8192,884.028
1024,2048,8,16384,1460.84
1024,2048,8,32768,2239.11
1024,2048,16,16,333.094
1024,2048,16,32,333.628
1024,2048,16,64,333.756
1024,2048,16,128,350.652
1024,2048,16,256,370.162
1024,2048,16,512,404.104
1024,2048,16,1024,435.838
1024,2048,16,2048,513.995
1024,2048,16,4096,766.383
1024,2048,16,8192,1214.95
1024,2048,16,16384,2019.22
1024,2048,16,32768,3597.56
1024,2048,32,16,369.607
1024,2048,32,32,369.298
1024,2048,32,64,370.375
1024,2048,32,128,402.984
1024,2048,32,256,429.727
1024,2048,32,512,470.697
1024,2048,32,1024,550.283
1024,2048,32,2048,721.902
1024,2048,32,4096,1165.08
1024,2048,32,8192,1956.26
1024,2048,32,16384,3536.68
1024,2048,32,32768,6748.1
1024,2048,64,16,439.55
1024,2048,64,32,439.988
1024,2048,64,64,441.129
1024,2048,64,128,484.778
1024,2048,64,256,527.082
1024,2048,64,512,608.492
1024,2048,64,1024,772.677
1024,2048,64,2048,1161.87
1024,2048,64,4096,1951.64
1024,2048,64,8192,3451.16
1024,2048,64,16384,6569.89
1024,2048,64,32768,13058.6
1024,2048,128,16,552.021
1024,2048,128,32,555.851
1024,2048,128,64,558.752
1024,2048,128,128,638.189
1024,2048,128,256,720.42
1024,2048,128,512,881.244
1024,2048,128,1024,1252.65
1024,2048,128,2048,2029.98
1024,2048,128,4096,3538.91
1024,2048,128,8192,6640.83
1024,2048,128,16384,13086.8
1024,4096,0,0,487.231
1024,4096,1,16,489.311
1024,4096,1,32,488.682
1024,4096,1,64,489.471
1024,4096,1,128,490.378
1024,4096,1,256,490.964
1024,4096,1,512,492.052
1024,4096,1,1024,493.236
1024,4096,1,2048,494.74
1024,4096,1,4096,493.151
1024,4096,1,8192,786.661
1024,4096,1,16384,1190.97
1024,4096,1,32768,1958.8
1024,4096,2,16,488.98
1024,4096,2,32,489.057
1024,4096,2,64,489.109
1024,4096,2,128,490.9
1024,4096,2,256,492.33
1024,4096,2,512,494.218
1024,4096,2,1024,518.57
1024,4096,2,2048,566.816
1024,4096,2,4096,657.891
1024,4096,2,8192,825.947
1024,4096,2,16384,1217.86
1024,4096,2,32768,1986.62
1024,4096,4,16,492.799
1024,4096,4,32,492.384
1024,4096,4,64,492.981
1024,4096,4,128,500.18
1024,4096,4,256,506.526
1024,4096,4,512,522.624
1024,4096,4,1024,547.872
1024,4096,4,2048,595.692
1024,4096,4,4096,672.291
1024,4096,4,8192,841.382
1024,4096,4,16384,1231.34
1024,4096,4,32768,1999.9
1024,4096,8,16,500.149
1024,4096,8,32,501.119
1024,4096,8,64,501.193
1024,4096,8,128,513.247
1024,4096,8,256,525.034
1024,4096,8,512,544.032
1024,4096,8,1024,595.991
1024,4096,8,2048,671.534
1024,4096,8,4096,689.4
1024,4096,8,8192,1041.6
1024,4096,8,16384,1642.29
1024,4096,8,32768,2698.98
1024,4096,16,16,518.944
1024,4096,16,32,519.403
1024,4096,16,64,520.128
1024,4096,16,128,536.427
1024,4096,16,256,555.009
1024,4096,16,512,592.246
1024,4096,16,1024,669.933
1024,4096,16,2048,719.332
1024,4096,16,4096,888.626
1024,4096,16,8192,1438.16
1024,4096,16,16384,2338.3
1024,4096,16,32768,3868.67
1024,4096,32,16,555.009
1024,4096,32,32,555.221
1024,4096,32,64,556.459
1024,4096,32,128,588.961
1024,4096,32,256,625.069
1024,4096,32,512,694.5
1024,4096,32,1024,780.698
1024,4096,32,2048,924.776
1024,4096,32,4096,1296.28
1024,4096,32,8192,2134.1
1024,4096,32,16384,3745.96
1024,4096,32,32768,6928.85
1024,4096,64,16,631.266
1024,4096,64,32,631.607
1024,4096,64,64,633.922
1024,4096,64,128,699.822
1024,4096,64,256,750.905
1024,4096,64,512,840.497
1024,4096,64,1024,997.299
1024,4096,64,2048,1340.25
1024,4096,64,4096,2134.71
1024,4096,64,8192,3629.76
1024,4096,64,16384,6735.24
1024,4096,64,32768,13026.1
1024,4096,128,16,775.119
1024,4096,128,32,777.403
1024,4096,128,64,780.367
1024,4096,128,128,863.793
1024,4096,128,256,948.69
1024,4096,128,512,1113.24
1024,4096,128,1024,1439.58
1024,4096,128,2048,2183.17
1024,4096,128,4096,3725.46
1024,4096,128,8192,6784.61
1024,4096,128,16384,13051.2
1024,8192,0,0,859.74
1024,8192,1,16,863.334
1024,8192,1,32,862.652
1024,8192,1,64,863.601
1024,8192,1,128,863.995
1024,8192,1,256,864.177
1024,8192,1,512,865.585
1024,8192,1,1024,869.82
1024,8192,1,2048,866.684
1024,8192,1,4096,869.639
1024,8192,1,8192,868.497
1024,8192,1,16384,1537.72
1024,8192,1,32768,2341.43
1024,8192,2,16,863.003
1024,8192,2,32,862.684
1024,8192,2,64,863.399
1024,8192,2,128,863.249
1024,8192,2,256,865.382
1024,8192,2,512,867.505
1024,8192,2,1024,891.495
1024,8192,2,2048,940.595
1024,8192,2,4096,1039.58
1024,8192,2,8192,1218.12
1024,8192,2,16384,1585.12
1024,8192,2,32768,2360.03
1024,8192,4,16,865.606
1024,8192,4,32,864.476
1024,8192,4,64,863.9
1024,8192,4,128,871.282
1024,8192,4,256,878.589
1024,8192,4,512,895.069
1024,8192,4,1024,921.043
1024,8192,4,2048,968.414
1024,8192,4,4096,1064.63
1024,8192,4,8192,1233.31
1024,8192,4,16384,1594.94
1024,8192,4,32768,2370.07
1024,8192,8,16,876.049
1024,8192,8,32,874.802
1024,8192,8,64,874.364
1024,8192,8,128,886.673
1024,8192,8,256,897.052
1024,8192,8,512,917.842
1024,8192,8,1024,966.835
1024,8192,8,2048,1066.11
1024,8192,8,4096,1235.61
1024,8192,8,8192,1252.94
1024,8192,8,16384,1993.05
1024,8192,8,32768,3157.93
1024,8192,16,16,891.378
1024,8192,16,32,891.772
1024,8192,16,64,891.815
1024,8192,16,128,909.405
1024,8192,16,256,927.774
1024,8192,16,512,964.724
1024,8192,16,1024,1036.22
1024,8192,16,2048,1190.72
1024,8192,16,4096,1276.96
1024,8192,16,8192,1642.89
1024,8192,16,16384,2784.43
1024,8192,16,32768,4438
1024,8192,32,16,928.114
1024,8192,32,32,927.911
1024,8192,32,64,928.37
1024,8192,32,128,961.342
1024,8192,32,256,996.82
1024,8192,32,512,1071.09
1024,8192,32,1024,1216.94
1024,8192,32,2048,1396.96
1024,8192,32,4096,1682.31
1024,8192,32,8192,2443.62
1024,8192,32,16384,4072.45
1024,8192,32,32768,7308.97
1024,8192,64,16,1003.23
1024,8192,64,32,1002.95
1024,8192,64,64,1005.72
1024,8192,64,128,1069.01
1024,8192,64,256,1136.03
1024,8192,64,512,1271.74
1024,8192,64,1024,1452.65
1024,8192,64,2048,1778.25
1024,8192,64,4096,2494.82
1024,8192,64,8192,4078.29
1024,8192,64,16384,7009.52
1024,8192,64,32768,13316.4
1024,8192,128,16,1161.56
1024,8192,128,32,1165.37
1024,8192,128,64,1169.74
1024,8192,128,128,1296.14
1024,8192,128,256,1393.95
1024,8192,128,512,1568.24
1024,8192,128,1024,1900.4
1024,8192,128,2048,2555.17
1024,8192,128,4096,4041.67
1024,8192,128,8192,7093.76
1024,8192,128,16384,13431
1024,16384,0,0,1608.55
1024,16384,1,16,1611.07
1024,16384,1,32,1610.78
1024,16384,1,64,1611.17
1024,16384,1,128,1612.2
1024,16384,1,256,1613.49
1024,16384,1,512,1614.75
1024,16384,1,1024,1618.78
1024,16384,1,2048,1619.47
1024,16384,1,4096,1617.52
1024,16384,1,8192,1616.34
1024,16384,1,16384,1617.05
1024,16384,1,32768,3086.63
1024,16384,2,16,1611.45
1024,16384,2,32,1610.17
1024,16384,2,64,1610.83
1024,16384,2,128,1611.95
1024,16384,2,256,1614.15
1024,16384,2,512,1614.94
1024,16384,2,1024,1638.02
1024,16384,2,2048,1689.13
1024,16384,2,4096,1790.12
1024,16384,2,8192,1981.1
1024,16384,2,16384,2336.74
1024,16384,2,32768,3102.64
1024,16384,4,16,1613.34
1024,16384,4,32,1614.11
1024,16384,4,64,1614.36
1024,16384,4,128,1618.66
1024,16384,4,256,1626.81
1024,16384,4,512,1642.36
1024,16384,4,1024,1667.73
1024,16384,4,2048,1715.33
1024,16384,4,4096,1815.29
1024,16384,4,8192,2003.16
1024,16384,4,16384,2358.39
1024,16384,4,32768,3118.8
1024,16384,8,16,1622.29
1024,16384,8,32,1622.05
1024,16384,8,64,1620.35
1024,16384,8,128,1633.34
1024,16384,8,256,1643.92
1024,16384,8,512,1666.49
1024,16384,8,1024,1713.49
1024,16384,8,2048,1812.21
1024,16384,8,4096,2004.37
1024,16384,8,8192,2355.09
1024,16384,8,16384,2379.08
1024,16384,8,32768,3902.29
1024,16384,16,16,1639.99
1024,16384,16,32,1639.55
1024,16384,16,64,1640.51
1024,16384,16,128,1655.08
1024,16384,16,256,1674.07
1024,16384,16,512,1710.46
1024,16384,16,1024,1783.74
1024,16384,16,2048,1928.65
1024,16384,16,4096,2227.28
1024,16384,16,8192,2411.81
1024,16384,16,16384,3151.04
1024,16384,16,32768,5453.29
1024,16384,32,16,1674.38
1024,16384,32,32,1674.64
1024,16384,32,64,1677.27
1024,16384,32,128,1707.7
1024,16384,32,256,1742.41
1024,16384,32,512,1812.59
1024,16384,32,1024,1956.69
1024,16384,32,2048,2267.84
1024,16384,32,4096,2630.72
1024,16384,32,8192,3197.35
1024,16384,32,16384,4736.96
1024,16384,32,32768,7984.17
1024,16384,64,16,1749.89
1024,16384,64,32,1749.72
1024,16384,64,64,1752.04
1024,16384,64,128,1814.44
1024,16384,64,256,1878.46
1024,16384,64,512,2015.08
1024,16384,64,1024,2278.62
1024,16384,64,2048,2696.16
1024,16384,64,4096,3340.34
1024,16384,64,8192,4806.32
1024,16384,64,16384,7987.88
1024,16384,64,32768,13780.5
1024,16384,128,16,1904.56
1024,16384,128,32,1904.72
1024,16384,128,64,1911.34
1024,16384,128,128,2031.09
1024,16384,128,256,2164.39
1024,16384,128,512,2431.52
1024,16384,128,1024,2807.03
1024,16384,128,2048,3489.01
1024,16384,128,4096,4778.51
1024,16384,128,8192,7769.53
1024,16384,128,16384,13888.8
1024,32768,0,0,3110.87
1024,32768,1,16,3112.3
1024,32768,1,32,3111.83
1024,32768,1,64,3112.27
1024,32768,1,128,3113.14
1024,32768,1,256,3113.91
1024,32768,1,512,3116.32
1024,32768,1,1024,3120.61
1024,32768,1,2048,3119.5
1024,32768,1,4096,3120.8
1024,32768,1,8192,3120.97
1024,32768,1,16384,3121.46
1024,32768,1,32768,3124.01
1024,32768,2,16,3111.52
1024,32768,2,32,3112.83
1024,32768,2,64,3112.76
1024,32768,2,128,3114.16
1024,32768,2,256,3117.53
1024,32768,2,512,3120.48
1024,32768,2,1024,3145.19
1024,32768,2,2048,3194.71
1024,32768,2,4096,3293.2
1024,32768,2,8192,3487.93
1024,32768,2,16384,3870.97
1024,32768,2,32768,4603.01
1024,32768,4,16,3113.89
1024,32768,4,32,3114.57
1024,32768,4,64,3114.95
1024,32768,4,128,3120.64
1024,32768,4,256,3129.51
1024,32768,4,512,3142.36
1024,32768,4,1024,3167.66
1024,32768,4,2048,3215.93
1024,32768,4,4096,3314.55
1024,32768,4,8192,3506.84
1024,32768,4,16384,3903.4
1024,32768,4,32768,4609.68
1024,32768,8,16,3122.49
1024,32768,8,32,3122.4
1024,32768,8,64,3123.19
1024,32768,8,128,3135.22
1024,32768,8,256,3145.39
1024,32768,8,512,3165.24
1024,32768,8,1024,3216.39
1024,32768,8,2048,3313.16
1024,32768,8,4096,3505.66
1024,32768,8,8192,3896.72
1024,32768,8,16384,4604.39
1024,32768,8,32768,4649.16
1024,32768,16,16,3140.38
1024,32768,16,32,3139.72
1024,32768,16,64,3142.1
1024,32768,16,128,3155.19
1024,32768,16,256,3174.14
1024,32768,16,512,3209.81
1024,32768,16,1024,3283.51
1024,32768,16,2048,3430.21
1024,32768,16,4096,3724.06
1024,32768,16,8192,4310.71
1024,32768,16,16384,4696.67
1024,32768,16,32768,6210.06
1024,32768,32,16,3173.74
1024,32768,32,32,3174.27
1024,32768,32,64,3174.24
1024,32768,32,128,3209.87
1024,32768,32,256,3241.43
1024,32768,32,512,3313.01
1024,32768,32,1024,3461.28
1024,32768,32,2048,3764.2
1024,32768,32,4096,4347.98
1024,32768,32,8192,5113.5
1024,32768,32,16384,6242.8
1024,32768,32,32768,9379.81
1024,32768,64,16,3246.93
1024,32768,64,32,3251.52
1024,32768,64,64,3253.54
1024,32768,64,128,3312.02
1024,32768,64,256,3377.34
1024,32768,64,512,3508.87
1024,32768,64,1024,3764.52
1024,32768,64,2048,4266.52
1024,32768,64,4096,5208.76
1024,32768,64,8192,6542.07
1024,32768,64,16384,9437.37
1024,32768,64,32768,15825.5
1024,32768,128,16,3404.53
1024,32768,128,32,3408.47
1024,32768,128,64,3413.89
1024,32768,128,128,3534.48
1024,32768,128,256,3657.46
1024,32768,128,512,3912.03
1024,32768,128,1024,4434.07
1024,32768,128,2048,5287.83
1024,32768,128,4096,6669.51
1024,32768,128,8192,9231.92
1024,32768,128,16384,15256.9
2048,0,0,0,295.28
2048,0,1,16,297.094
2048,0,1,32,296.816
2048,0,1,64,296.742
2048,0,1,128,297.787
2048,0,1,256,298.512
2048,0,1,512,299.782
2048,0,1,1024,301.243
2048,0,1,2048,312.454
2048,0,1,4096,411.859
2048,0,1,8192,600.193
2048,0,1,16384,974.227
2048,0,1,32768,1723.04
2048,0,2,16,297.936
2048,0,2,32,298.288
2048,0,2,64,297.809
2048,0,2,128,299.622
2048,0,2,256,301.201
2048,0,2,512,304.027
2048,0,2,1024,309.51
2048,0,2,2048,328.22
2048,0,2,4096,433.534
2048,0,2,8192,622.465
2048,0,2,16384,997.908
2048,0,2,32768,1749.06
2048,0,4,16,303.729
2048,0,4,32,303.292
2048,0,4,64,303.27
2048,0,4,128,307.057
2048,0,4,256,309.745
2048,0,4,512,315.047
2048,0,4,1024,324.732
2048,0,4,2048,357.724
2048,0,4,4096,476.82
2048,0,4,8192,682.434
2048,0,4,16384,1066.76
2048,0,4,32768,1836.72
2048,0,8,16,314.534
2048,0,8,32,314.214
2048,0,8,64,314.161
2048,0,8,128,318.459
2048,0,8,256,327.057
2048,0,8,512,337.074
2048,0,8,1024,354.204
2048,0,8,2048,412.649
2048,0,8,4096,565.963
2048,0,8,8192,882.354
2048,0,8,16384,1386.89
2048,0,8,32768,2179.88
2048,0,16,16,335.154
2048,0,16,32,334.929
2048,0,16,64,334.887
2048,0,16,128,345.468
2048,0,16,256,356.295
2048,0,16,512,379.496
2048,0,16,1024,414.546
2048,0,16,2048,524.181
2048,0,16,4096,764.272
2048,0,16,8192,1232.03
2048,0,16,16384,2027.12
2048,0,16,32768,3644.81
2048,0,32,16,374.12
2048,0,32,32,374.141
2048,0,32,64,375.24
2048,0,32,128,396.083
2048,0,32,256,417.374
2048,0,32,512,458.484
2048,0,32,1024,537.333
2048,0,32,2048,750.809
2048,0,32,4096,1172.5
2048,0,32,8192,1969.65
2048,0,32,16384,3559.99
2048,0,32,32768,6786.96
2048,0,64,16,455.091
2048,0,64,32,455.987
2048,0,64,64,456.83
2048,0,64,128,497.196
2048,0,64,256,539.001
2048,0,64,512,617.938
2048,0,64,1024,814.34
2048,0,64,2048,1203.94
2048,0,64,4096,1969.99
2048,0,64,8192,3485.35
2048,0,64,16384,6646.01
2048,0,64,32768,13107.2
2048,0,128,16,614.331
2048,0,128,32,615.025
2048,0,128,64,619.058
2048,0,128,128,697.045
2048,0,128,256,789.443
2048,0,128,512,978.166
2048,0,128,1024,1356.94
2048,0,128,2048,2120.77
2048,0,128,4096,3641.7
2048,0,128,8192,6738.32
2048,0,128,16384,13184.3
2048,16,0,0,310.595
2048,16,1,16,312.995
2048,16,1,32,312.942
2048,16,1,64,312.078
2048,16,1,128,312.846
2048,16,1,256,313.721
2048,16,1,512,315.128
2048,16,1,1024,317.582
2048,16,1,2048,322.371
2048,16,1,4096,419.922
2048,16,1,8192,607.078
2048,16,1,16384,982.241
2048,16,1,32768,1731.51
2048,16,2,16,314.158
2048,16,2,32,314.308
2048,16,2,64,314.371
2048,16,2,128,314.382
2048,16,2,256,318.041
2048,16,2,512,320.909
2048,16,2,1024,324.75
2048,16,2,2048,339.866
2048,16,2,4096,442.419
2048,16,2,8192,633.5
2048,16,2,16384,1009.77
2048,16,2,32768,1753.46
2048,16,4,16,318.948
2048,16,4,32,318.819
2048,16,4,64,318.851
2048,16,4,128,321.422
2048,16,4,256,323.715
2048,16,4,512,328.292
2048,16,4,1024,340.388
2048,16,4,2048,368.251
2048,16,4,4096,489.984
2048,16,4,8192,694.398
2048,16,4,16384,1079.31
2048,16,4,32768,1849.51
2048,16,8,16,329.998
2048,16,8,32,330.329
2048,16,8,64,329.924
2048,16,8,128,334.116
2048,16,8,256,340.825
2048,16,8,512,352.356
2048,16,8,1024,369.253
2048,16,8,2048,425.181
2048,16,8,4096,577.347
2048,16,8,8192,891.057
2048,16,8,16384,1414.11
2048,16,8,32768,2212.81
2048,16,16,16,348.357
2048,16,16,32,348.452
2048,16,16,64,348.666
2048,16,16,128,360.325
2048,16,16,256,369.914
2048,16,16,512,394.119
2048,16,16,1024,430.952
2048,16,16,2048,534.029
2048,16,16,4096,774.913
2048,16,16,8192,1247.89
2048,16,16,16384,2041.22
2048,16,16,32768,3664.44
2048,16,32,16,388.455
2048,16,32,32,388.742
2048,16,32,64,389.286
2048,16,32,128,410.375
2048,16,32,256,432.21
2048,16,32,512,472.863
2048,16,32,1024,554.2
2048,16,32,2048,762.027
2048,16,32,4096,1185.99
2048,16,32,8192,1981.77
2048,16,32,16384,3568.14
2048,16,32,32768,6785.29
2048,16,64,16,470.015
2048,16,64,32,470.847
2048,16,64,64,471.433
2048,16,64,128,510.987
2048,16,64,256,552.908
2048,16,64,512,633.905
2048,16,64,1024,823.843
2048,16,64,2048,1216.77
2048,16,64,4096,1981.01
2048,16,64,8192,3506.61
2048,16,64,16384,6667.27
2048,16,64,32768,13119.3
2048,16,128,16,628.421
2048,16,128,32,629.915
2048,16,128,64,634.288
2048,16,128,128,712.382
2048,16,128,256,799.927
2048,16,128,512,989.364
2048,16,128,1024,1367.18
2048,16,128,2048,2132.77
2048,16,128,4096,3653.44
2048,16,128,8192,6737.71
2048,16,128,16384,13194.8
2048,32,0,0,309.858
2048,32,1,16,313.591
2048,32,1,32,312.856
2048,32,1,64,313.176
2048,32,1,128,313.986
2048,32,1,256,314.318
2048,32,1,512,315.47
2048,32,1,1024,317.922
2048,32,1,2048,322.531
2048,32,1,4096,420.529
2048,32,1,8192,608.004
2048,32,1,16384,981.748
2048,32,1,32768,1728.99
2048,32,2,16,314.637
2048,32,2,32,313.762
2048,32,2,64,313.795
2048,32,2,128,316.526
2048,32,2,256,317.208
2048,32,2,512,320.717
2048,32,2,1024,325.293
2048,32,2,2048,340.174
2048,32,2,4096,442.269
2048,32,2,8192,634.224
2048,32,2,16384,1009.36
2048,32,2,32768,1759.82
2048,32,4,16,319.043
2048,32,4,32,318.872
2048,32,4,64,319.992
2048,32,4,128,322.285
2048,32,4,256,324.461
2048,32,4,512,328.386
2048,32,4,1024,340.036
2048,32,4,2048,367.385
2048,32,4,4096,489.994
2048,32,4,8192,695.005
2048,32,4,16384,1080.01
2048,32,4,32768,1849.64
2048,32,8,16,330.136
2048,32,8,32,330.413
2048,32,8,64,329.806
2048,32,8,128,334.371
2048,32,8,256,340.312
2048,32,8,512,352.665
2048,32,8,1024,369.733
2048,32,8,2048,424.604
2048,32,8,4096,577.869
2048,32,8,8192,889.604
2048,32,8,16384,1415.11
2048,32,8,32768,2215.51
2048,32,16,16,348.718
2048,32,16,32,348.505
2048,32,16,64,348.644
2048,32,16,128,359.897
2048,32,16,256,370.628
2048,32,16,512,393.52
2048,32,16,1024,430.951
2048,32,16,2048,534.336
2048,32,16,4096,774.74
2048,32,16,8192,1245.7
2048,32,16,16384,2042.74
2048,32,16,32768,3658.84
2048,32,32,16,389.148
2048,32,32,32,390
2048,32,32,64,389.701
2048,32,32,128,410.673
2048,32,32,256,432.796
2048,32,32,512,472.008
2048,32,32,1024,553.772
2048,32,32,2048,762.602
2048,32,32,4096,1186.28
2048,32,32,8192,1980.71
2048,32,32,16384,3565.07
2048,32,32,32768,6889.48
2048,32,64,16,469.885
2048,32,64,32,470.632
2048,32,64,64,471.924
2048,32,64,128,510.325
2048,32,64,256,553.025
2048,32,64,512,634.063
2048,32,64,1024,825.452
2048,32,64,2048,1216.97
2048,32,64,4096,1983.17
2048,32,64,8192,3502
2048,32,64,16384,6651.5
2048,32,64,32768,13109.2
2048,32,128,16,629.081
2048,32,128,32,630.287
2048,32,128,64,634.948
2048,32,128,128,712.061
2048,32,128,256,800.48
2048,32,128,512,989.373
2048,32,128,1024,1367.5
2048,32,128,2048,2130.93
2048,32,128,4096,3654.39
2048,32,128,8192,6734.45
2048,32,128,16384,13188.1
2048,64,0,0,310.658
2048,64,1,16,313.581
2048,64,1,32,313.164
2048,64,1,64,312.428
2048,64,1,128,314.146
2048,64,1,256,314.434
2048,64,1,512,315.917
2048,64,1,1024,317.357
2048,64,1,2048,321.699
2048,64,1,4096,420.187
2048,64,1,8192,607.896
2048,64,1,16384,981.542
2048,64,1,32768,1727.97
2048,64,2,16,314.785
2048,64,2,32,314.818
2048,64,2,64,314.593
2048,64,2,128,314.828
2048,64,2,256,316.726
2048,64,2,512,320.738
2048,64,2,1024,325.25
2048,64,2,2048,340.024
2048,64,2,4096,443.729
2048,64,2,8192,634.243
2048,64,2,16384,1007.67
2048,64,2,32768,1760.35
2048,64,4,16,319.692
2048,64,4,32,319.106
2048,64,4,64,318.829
2048,64,4,128,321.708
2048,64,4,256,325.26
2048,64,4,512,328.898
2048,64,4,1024,341.112
2048,64,4,2048,367.641
2048,64,4,4096,490.461
2048,64,4,8192,694.502
2048,64,4,16384,1078.66
2048,64,4,32768,1849.8
2048,64,8,16,330.583
2048,64,8,32,330.636
2048,64,8,64,330.605
2048,64,8,128,334.754
2048,64,8,256,340.088
2048,64,8,512,352.291
2048,64,8,1024,370.115
2048,64,8,2048,424.358
2048,64,8,4096,577.9
2048,64,8,8192,889.336
2048,64,8,16384,1414.39
2048,64,8,32768,2210.61
2048,64,16,16,348.365
2048,64,16,32,348.781
2048,64,16,64,349.112
2048,64,16,128,360.12
2048,64,16,256,370.937
2048,64,16,512,393.242
2048,64,16,1024,430.097
2048,64,16,2048,533.524
2048,64,16,4096,774.611
2048,64,16,8192,1247.58
2048,64,16,16384,2040.53
2048,64,16,32768,3689.39
2048,64,32,16,389.412
2048,64,32,32,389.327
2048,64,32,64,390.116
2048,64,32,128,411.066
2048,64,32,256,432.774
2048,64,32,512,472.498
2048,64,32,1024,554.357
2048,64,32,2048,762.279
2048,64,32,4096,1183.56
2048,64,32,8192,1979.97
2048,64,32,16384,3573.83
2048,64,32,32768,6792.84
2048,64,64,16,469.619
2048,64,64,32,470.824
2048,64,64,64,471.965
2048,64,64,128,511.411
2048,64,64,256,553.909
2048,64,64,512,633.837
2048,64,64,1024,825.472
2048,64,64,2048,1217.6
2048,64,64,4096,1982.34
2048,64,64,8192,3502.77
2048,64,64,16384,6652.05
2048,64,64,32768,13105.2
2048,64,128,16,628.717
2048,64,128,32,629.879
2048,64,128,64,634.584
2048,64,128,128,711.579
2048,64,128,256,800.211
2048,64,128,512,989.306
2048,64,128,1024,1367.8
2048,64,128,2048,2132.03
2048,64,128,4096,3652.86
2048,64,128,8192,6738.71
2048,64,128,16384,13179.1
2048,128,0,0,320.236
2048,128,1,16,321.794
2048,128,1,32,322.614
2048,128,1,64,322.22
2048,128,1,128,322.828
2048,128,1,256,324.482
2048,128,1,512,325.334
2048,128,1,1024,326.689
2048,128,1,2048,331.65
2048,128,1,4096,432.187
2048,128,1,8192,618.754
2048,128,1,16384,994.49
2048,128,1,32768,1742.39
2048,128,2,16,324.097
2048,128,2,32,323.456
2048,128,2,64,324.342
2048,128,2,128,325.569
2048,128,2,256,326.508
2048,128,2,512,330.593
2048,128,2,1024,335.18
2048,128,2,2048,349.848
2048,128,2,4096,453.617
2048,128,2,8192,646.168
2048,128,2,16384,1021.47
2048,128,2,32768,1772.93
2048,128,4,16,329.228
2048,128,4,32,328.183
2048,128,4,64,328.951
2048,128,4,128,330.807
2048,128,4,256,334.637
2048,128,4,512,341.559
2048,128,4,1024,350.36
2048,128,4,2048,377.497
2048,128,4,4096,500.744
2048,128,4,8192,709.401
2048,128,4,16384,1093.77
2048,128,4,32768,1862.84
2048,128,8,16,340.994
2048,128,8,32,340.247
2048,128,8,64,340.845
2048,128,8,128,345.175
2048,128,8,256,351.085
2048,128,8,512,361.955
2048,128,8,1024,380.088
2048,128,8,2048,435.29
2048,128,8,4096,590.549
2048,128,8,8192,903.916
2048,128,8,16384,1439.12
2048,128,8,32768,2242.73
2048,128,16,16,359.192
2048,128,16,32,359.32
2048,128,16,64,358.765
2048,128,16,128,369.08
2048,128,16,256,380.771
2048,128,16,512,405.551
2048,128,16,1024,439.216
2048,128,16,2048,542.729
2048,128,16,4096,787.367
2048,128,16,8192,1261.25
2048,128,16,16384,2062.66
2048,128,16,32768,3674.02
2048,128,32,16,399.097
2048,128,32,32,398.735
2048,128,32,64,400.133
2048,128,32,128,420.154
2048,128,32,256,442.758
2048,128,32,512,485.073
2048,128,32,1024,564.746
2048,128,32,2048,772.721
2048,128,32,4096,1196.77
2048,128,32,8192,1992.35
2048,128,32,16384,3579.32
2048,128,32,32768,6794.46
2048,128,64,16,479.537
2048,128,64,32,480.157
2048,128,64,64,481.874
2048,128,64,128,520.638
2048,128,64,256,563.273
2048,128,64,512,642.786
2048,128,64,1024,835.753
2048,128,64,2048,1228.17
2048,128,64,4096,1993.22
2048,128,64,8192,3511.73
2048,128,64,16384,6652.47
2048,128,64,32768,13119.5
2048,128,128,16,638.433
2048,128,128,32,639.819
2048,128,128,64,644.29
2048,128,128,128,722.17
2048,128,128,256,810.588
2048,128,128,512,1000.21
2048,128,128,1024,1378.41
2048,128,128,2048,2142.12
2048,128,128,4096,3667.75
2048,128,128,8192,6740.18
2048,128,128,16384,13176.3
2048,256,0,0,347.426
2048,256,1,16,348.29
2048,256,1,32,347.383
2048,256,1,64,347.511
2048,256,1,128,347.917
2048,256,1,256,348.129
2048,256,1,512,351.532
2048,256,1,1024,354.53
2048,256,1,2048,357.399
2048,256,1,4096,451.611
2048,256,1,8192,640.61
2048,256,1,16384,1015.96
2048,256,1,32768,1763.47
2048,256,2,16,349.816
2048,256,2,32,350.22
2048,256,2,64,349.26
2048,256,2,128,351.298
2048,256,2,256,352.578
2048,256,2,512,356.322
2048,256,2,1024,358.903
2048,256,2,2048,369.89
2048,256,2,4096,476.71
2048,256,2,8192,669.314
2048,256,2,16384,1049.08
2048,256,2,32768,1797.82
2048,256,4,16,355.17
2048,256,4,32,355.287
2048,256,4,64,355.255
2048,256,4,128,357.026
2048,256,4,256,358.605
2048,256,4,512,365.506
2048,256,4,1024,374.029
2048,256,4,2048,398.147
2048,256,4,4096,520.636
2048,256,4,8192,735.632
2048,256,4,16384,1120.97
2048,256,4,32768,1888.64
2048,256,8,16,362.647
2048,256,8,32,362.989
2048,256,8,64,363.331
2048,256,8,128,368.546
2048,256,8,256,376.418
2048,256,8,512,387.534
2048,256,8,1024,405.433
2048,256,8,2048,457.318
2048,256,8,4096,614.923
2048,256,8,8192,925.814
2048,256,8,16384,1492.5
2048,256,8,32768,2300.65
2048,256,16,16,382.339
2048,256,16,32,382.978
2048,256,16,64,381.955
2048,256,16,128,393.134
2048,256,16,256,406.03
2048,256,16,512,430.17
2048,256,16,1024,465.146
2048,256,16,2048,565.225
2048,256,16,4096,811.954
2048,256,16,8192,1289.66
2048,256,16,16384,2093.44
2048,256,16,32768,3703.02
2048,256,32,16,422.308
2048,256,32,32,423.215
2048,256,32,64,423.695
2048,256,32,128,444.72
2048,256,32,256,467.419
2048,256,32,512,508.253
2048,256,32,1024,592.639
2048,256,32,2048,794.289
2048,256,32,4096,1218.42
2048,256,32,8192,2018.65
2048,256,32,16384,3605.46
2048,256,32,32768,6823.13
2048,256,64,16,503.303
2048,256,64,32,503.996
2048,256,64,64,505.436
2048,256,64,128,545.235
2048,256,64,256,586.879
2048,256,64,512,668.012
2048,256,64,1024,857.192
2048,256,64,2048,1252.91
2048,256,64,4096,2017.7
2048,256,64,8192,3543.47
2048,256,64,16384,6652.93
2048,256,64,32768,13111.3
2048,256,128,16,663.18
2048,256,128,32,665.015
2048,256,128,64,668.876
2048,256,128,128,746.127
2048,256,128,256,832.657
2048,256,128,512,1021.56
2048,256,128,1024,1399.86
2048,256,128,2048,2166.18
2048,256,128,4096,3691.65
2048,256,128,8192,6755.32
2048,256,128,16384,13168.2
2048,512,0,0,396.792
2048,512,1,16,399.213
2048,512,1,32,399.384
2048,512,1,64,398.989
2048,512,1,128,398.905
2048,512,1,256,399.374
2048,512,1,512,401.848
2048,512,1,1024,404.675
2048,512,1,2048,408.27
2048,512,1,4096,493.457
2048,512,1,8192,682.306
2048,512,1,16384,1057.61
2048,512,1,32768,1807.26
2048,512,2,16,400.877
2048,512,2,32,400.099
2048,512,2,64,400.621
2048,512,2,128,399.555
2048,512,2,256,401.186
2048,512,2,512,405.795
2048,512,2,1024,409.433
2048,512,2,2048,422.564
2048,512,2,4096,516.508
2048,512,2,8192,718.009
2048,512,2,16384,1099.67
2048,512,2,32768,1856.95
2048,512,4,16,405.049
2048,512,4,32,404.813
2048,512,4,64,405.219
2048,512,4,128,406.531
2048,512,4,256,409.091
2048,512,4,512,415.342
2048,512,4,1024,426.201
2048,512,4,2048,444.527
2048,512,4,4096,564.787
2048,512,4,8192,792.049
2048,512,4,16384,1177.74
2048,512,4,32768,1951.79
2048,512,8,16,414.606
2048,512,8,32,414.222
2048,512,8,64,415.502
2048,512,8,128,419.556
2048,512,8,256,422.979
2048,512,8,512,434.489
2048,512,8,1024,453.999
2048,512,8,2048,499.323
2048,512,8,4096,660.897
2048,512,8,8192,964.608
2048,512,8,16384,1596.31
2048,512,8,32768,2407.25
2048,512,16,16,431.577
2048,512,16,32,431.385
2048,512,16,64,431.171
2048,512,16,128,443.599
2048,512,16,256,454.896
2048,512,16,512,477.103
2048,512,16,1024,518.556
2048,512,16,2048,609.567
2048,512,16,4096,853.863
2048,512,16,8192,1324.77
2048,512,16,16384,2163.87
2048,512,16,32768,3764.38
2048,512,32,16,471.066
2048,512,32,32,471.898
2048,512,32,64,471.675
2048,512,32,128,493.275
2048,512,32,256,515.559
2048,512,32,512,557.118
2048,512,32,1024,644.501
2048,512,32,2048,836.487
2048,512,32,4096,1259.57
2048,512,32,8192,2070.58
2048,512,32,16384,3649.8
2048,512,32,32768,6882.11
2048,512,64,16,550.429
2048,512,64,32,552.2
2048,512,64,64,553.064
2048,512,64,128,594.408
2048,512,64,256,636.17
2048,512,64,512,718.626
2048,512,64,1024,901.117
2048,512,64,2048,1298.88
2048,512,64,4096,2064.87
2048,512,64,8192,3594.39
2048,512,64,16384,6640.14
2048,512,64,32768,13118.1
2048,512,128,16,712.087
2048,512,128,32,713.378
2048,512,128,64,717.506
2048,512,128,128,795.12
2048,512,128,256,876.083
2048,512,128,512,1065.26
2048,512,128,1024,1443.82
2048,512,128,2048,2213.41
2048,512,128,4096,3736.8
2048,512,128,8192,6788.43
2048,512,128,16384,13173.2
2048,1024,0,0,498.032
2048,1024,1,16,500.624
2048,1024,1,32,500.219
2048,1024,1,64,500.176
2048,1024,1,128,500.368
2048,1024,1,256,500.699
2048,1024,1,512,501.03
2048,1024,1,1024,502.971
2048,1024,1,2048,509.233
2048,1024,1,4096,569.639
2048,1024,1,8192,766.756
2048,1024,1,16384,1141.99
2048,1024,1,32768,1894.03
2048,1024,2,16,499.451
2048,1024,2,32,499.632
2048,1024,2,64,499.963
2048,1024,2,128,500.976
2048,1024,2,256,502.587
2048,1024,2,512,504.348
2048,1024,2,1024,511.227
2048,1024,2,2048,520.593
2048,1024,2,4096,599.54
2048,1024,2,8192,814.373
2048,1024,2,16384,1194.67
2048,1024,2,32768,1952.9
2048,1024,4,16,503.227
2048,1024,4,32,503.302
2048,1024,4,64,502.417
2048,1024,4,128,503.867
2048,1024,4,256,505.499
2048,1024,4,512,510.054
2048,1024,4,1024,523.634
2048,1024,4,2048,544.317
2048,1024,4,4096,651.967
2048,1024,4,8192,889.715
2048,1024,4,16384,1287.42
2048,1024,4,32768,2058.08
2048,1024,8,16,512.326
2048,1024,8,32,513.126
2048,1024,8,64,513.692
2048,1024,8,128,515.025
2048,1024,8,256,519.792
2048,1024,8,512,534.076
2048,1024,8,1024,558.418
2048,1024,8,2048,596.19
2048,1024,8,4096,744.696
2048,1024,8,8192,1053.27
2048,1024,8,16384,1690.04
2048,1024,8,32768,2613.45
2048,1024,16,16,531.687
2048,1024,16,32,531.793
2048,1024,16,64,531.238
2048,1024,16,128,538.31
2048,1024,16,256,552.125
2048,1024,16,512,574.407
2048,1024,16,1024,622.783
2048,1024,16,2048,699.159
2048,1024,16,4096,941.854
2048,1024,16,8192,1415.55
2048,1024,16,16384,2298.66
2048,1024,16,32768,3908.18
2048,1024,32,16,567.848
2048,1024,32,32,568.392
2048,1024,32,64,568.551
2048,1024,32,128,590.739
2048,1024,32,256,613.62
2048,1024,32,512,654.709
2048,1024,32,1024,739.533
2048,1024,32,2048,919.752
2048,1024,32,4096,1343.89
2048,1024,32,8192,2169.85
2048,1024,32,16384,3767.35
2048,1024,32,32768,6957.9
2048,1024,64,16,646.976
2048,1024,64,32,647.722
2048,1024,64,64,649.951
2048,1024,64,128,691.916
2048,1024,64,256,734.232
2048,1024,64,512,817.359
2048,1024,64,1024,986.645
2048,1024,64,2048,1384.57
2048,1024,64,4096,2158.98
2048,1024,64,8192,3690.46
2048,1024,64,16384,6707.37
2048,1024,64,32768,13131.6
2048,1024,128,16,809.626
2048,1024,128,32,811.599
2048,1024,128,64,815.162
2048,1024,128,128,893.682
2048,1024,128,256,974.624
2048,1024,128,512,1152.45
2048,1024,128,1024,1529.29
2048,1024,128,2048,2301.09
2048,1024,128,4096,3834.93
2048,1024,128,8192,6864
2048,1024,128,16384,13172.6
2048,2048,0,0,690.848
2048,2048,1,16,690.635
2048,2048,1,32,691.552
2048,2048,1,64,691.958
2048,2048,1,128,690.305
2048,2048,1,256,691.873
2048,2048,1,512,695.19
2048,2048,1,1024,694.966
2048,2048,1,2048,700.95
2048,2048,1,4096,723.874
2048,2048,1,8192,924.563
2048,2048,1,16384,1301.88
2048,2048,1,32768,2058.51
2048,2048,2,16,690.4
2048,2048,2,32,690.752
2048,2048,2,64,691.456
2048,2048,2,128,692.854
2048,2048,2,256,694.987
2048,2048,2,512,695.798
2048,2048,2,1024,700.876
2048,2048,2,2048,714.87
2048,2048,2,4096,753.368
2048,2048,2,8192,976.97
2048,2048,2,16384,1376.4
2048,2048,2,32768,2144.09
2048,2048,4,16,696.299
2048,2048,4,32,695.414
2048,2048,4,64,695.702
2048,2048,4,128,696.171
2048,2048,4,256,699.531
2048,2048,4,512,705.526
2048,2048,4,1024,719.585
2048,2048,4,2048,743.745
2048,2048,4,4096,810.095
2048,2048,4,8192,1064.02
2048,2048,4,16384,1510.63
2048,2048,4,32768,2280.88
2048,2048,8,16,706.572
2048,2048,8,32,705.003
2048,2048,8,64,706.304
2048,2048,8,128,710.454
2048,2048,8,256,719.021
2048,2048,8,512,727.18
2048,2048,8,1024,753.314
2048,2048,8,2048,792.537
2048,2048,8,4096,915.357
2048,2048,8,8192,1242.59
2048,2048,8,16384,1844.33
2048,2048,8,32768,3025.04
2048,2048,16,16,725.249
2048,2048,16,32,726.06
2048,2048,16,64,726.134
2048,2048,16,128,738.412
2048,2048,16,256,746.914
2048,2048,16,512,766.082
2048,2048,16,1024,810.852
2048,2048,16,2048,889.67
2048,2048,16,4096,1112.33
2048,2048,16,8192,1604.02
2048,2048,16,16384,2553.43
2048,2048,16,32768,4175.5
2048,2048,32,16,767.885
2048,2048,32,32,767.032
2048,2048,32,64,768.888
2048,2048,32,128,786.552
2048,2048,32,256,804.142
2048,2048,32,512,848.581
2048,2048,32,1024,932.967
2048,2048,32,2048,1111.81
2048,2048,32,4096,1521.68
2048,2048,32,8192,2369.1
2048,2048,32,16384,3963.58
2048,2048,32,32768,7139.99
2048,2048,64,16,833.562
2048,2048,64,32,835.237
2048,2048,64,64,836.634
2048,2048,64,128,881.82
2048,2048,64,256,928.274
2048,2048,64,512,1013.18
2048,2048,64,1024,1178.39
2048,2048,64,2048,1553.99
2048,2048,64,4096,2348.05
2048,2048,64,8192,3878.23
2048,2048,64,16384,6955.48
2048,2048,64,32768,13129.5
2048,2048,128,16,1001.57
2048,2048,128,32,1002.92
2048,2048,128,64,1006.18
2048,2048,128,128,1088.67
2048,2048,128,256,1171.45
2048,2048,128,512,1333.55
2048,2048,128,1024,1704.27
2048,2048,128,2048,2472.36
2048,2048,128,4096,4023.49
2048,2048,128,8192,7072.78
2048,2048,128,16384,13203.3
2048,4096,0,0,1065.86
2048,4096,1,16,1064.64
2048,4096,1,32,1064.76
2048,4096,1,64,1064.35
2048,4096,1,128,1066.05
2048,4096,1,256,1066.82
2048,4096,1,512,1067.79
2048,4096,1,1024,1069.54
2048,4096,1,2048,1081.36
2048,4096,1,4096,1085.48
2048,4096,1,8192,1231.71
2048,4096,1,16384,1630.3
2048,4096,1,32768,2395.87
2048,4096,2,16,1063.22
2048,4096,2,32,1062.94
2048,4096,2,64,1063.35
2048,4096,2,128,1064.31
2048,4096,2,256,1065.51
2048,4096,2,512,1067.3
2048,4096,2,1024,1080.68
2048,4096,2,2048,1091.09
2048,4096,2,4096,1125.38
2048,4096,2,8192,1306.7
2048,4096,2,16384,1736.48
2048,4096,2,32768,2516.63
2048,4096,4,16,1066.23
2048,4096,4,32,1066.08
2048,4096,4,64,1067.64
2048,4096,4,128,1069.69
2048,4096,4,256,1072.59
2048,4096,4,512,1081.56
2048,4096,4,1024,1094.82
2048,4096,4,2048,1134.18
2048,4096,4,4096,1202.95
2048,4096,4,8192,1380.52
2048,4096,4,16384,1850.99
2048,4096,4,32768,2744.52
2048,4096,8,16,1079.45
2048,4096,8,32,1078.24
2048,4096,8,64,1078.01
2048,4096,8,128,1084.13
2048,4096,8,256,1094.46
2048,4096,8,512,1110.81
2048,4096,8,1024,1146.53
2048,4096,8,2048,1187.28
2048,4096,8,4096,1261.33
2048,4096,8,8192,1577.5
2048,4096,8,16384,2170.86
2048,4096,8,32768,3430.81
2048,4096,16,16,1105.07
2048,4096,16,32,1104.78
2048,4096,16,64,1104.67
2048,4096,16,128,1125.69
2048,4096,16,256,1136.18
2048,4096,16,512,1151.51
2048,4096,16,1024,1192.09
2048,4096,16,2048,1282.67
2048,4096,16,4096,1455.09
2048,4096,16,8192,1930.49
2048,4096,16,16384,2889.83
2048,4096,16,32768,4710.26
2048,4096,32,16,1142.08
2048,4096,32,32,1141.47
2048,4096,32,64,1141.76
2048,4096,32,128,1157.99
2048,4096,32,256,1173.86
2048,4096,32,512,1214.21
2048,4096,32,1024,1318.56
2048,4096,32,2048,1492.86
2048,4096,32,4096,1867.72
2048,4096,32,8192,2713.85
2048,4096,32,16384,4355.74
2048,4096,32,32768,7546.69
2048,4096,64,16,1201.28
2048,4096,64,32,1202.16
2048,4096,64,64,1202.65
2048,4096,64,128,1244.09
2048,4096,64,256,1292.83
2048,4096,64,512,1388.55
2048,4096,64,1024,1567.48
2048,4096,64,2048,1903.47
2048,4096,64,4096,2696.65
2048,4096,64,8192,4235.38
2048,4096,64,16384,7355.29
2048,4096,64,32768,13391.3
2048,4096,128,16,1367.61
2048,4096,128,32,1369.69
2048,4096,128,64,1372.08
2048,4096,128,128,1462.08
2048,4096,128,256,1555.61
2048,4096,128,512,1726.23
2048,4096,128,1024,2053.15
2048,4096,128,2048,2808.93
2048,4096,128,4096,4376.84
2048,4096,128,8192,7458.42
2048,4096,128,16384,13567.4
2048,8192,0,0,1809.33
2048,8192,1,16,1809.3
2048,8192,1,32,1809.49
2048,8192,1,64,1809.6
2048,8192,1,128,1809.67
2048,8192,1,256,1805.79
2048,8192,1,512,1809.4
2048,8192,1,1024,1810.64
2048,8192,1,2048,1822.57
2048,8192,1,4096,1827.04
2048,8192,1,8192,1826.43
2048,8192,1,16384,2184.69
2048,8192,1,32768,3125.87
2048,8192,2,16,1805.76
2048,8192,2,32,1805.47
2048,8192,2,64,1804.87
2048,8192,2,128,1808.33
2048,8192,2,256,1806.31
2048,8192,2,512,1808.79
2048,8192,2,1024,1823.27
2048,8192,2,2048,1833.73
2048,8192,2,4096,1873.59
2048,8192,2,8192,1886.18
2048,8192,2,16384,2429.36
2048,8192,2,32768,3250.9
2048,8192,4,16,1810.61
2048,8192,4,32,1806.61
2048,8192,4,64,1808.22
2048,8192,4,128,1809.23
2048,8192,4,256,1816.53
2048,8192,4,512,1824.41
2048,8192,4,1024,1839.79
2048,8192,4,2048,1884.95
2048,8192,4,4096,1914.16
2048,8192,4,8192,2138.38
2048,8192,4,16384,2510.68
2048,8192,4,32768,3566.47
2048,8192,8,16,1821.14
2048,8192,8,32,1819.76
2048,8192,8,64,1822.49
2048,8192,8,128,1827.55
2048,8192,8,256,1832.51
2048,8192,8,512,1855.63
2048,8192,8,1024,1890.05
2048,8192,8,2048,1938.78
2048,8192,8,4096,2051.64
2048,8192,8,8192,2193.66
2048,8192,8,16384,2907.74
2048,8192,8,32768,4096.1
2048,8192,16,16,1847.14
2048,8192,16,32,1847.57
2048,8192,16,64,1846.69
2048,8192,16,128,1869.81
2048,8192,16,256,1880.1
2048,8192,16,512,1892.6
2048,8192,16,1024,1928.94
2048,8192,16,2048,2026.65
2048,8192,16,4096,2216.11
2048,8192,16,8192,2580.76
2048,8192,16,16384,3629.5
2048,8192,16,32768,5594.65
2048,8192,32,16,1882.8
2048,8192,32,32,1885.23
2048,8192,32,64,1882.94
2048,8192,32,128,1899.29
2048,8192,32,256,1916.14
2048,8192,32,512,1953.21
2048,8192,32,1024,2037.95
2048,8192,32,2048,2259.08
2048,8192,32,4096,2620.34
2048,8192,32,8192,3388.24
2048,8192,32,16384,5035.57
2048,8192,32,32768,8298.16
2048,8192,64,16,1943.45
2048,8192,64,32,1941.56
2048,8192,64,64,1944.7
2048,8192,64,128,1979.5
2048,8192,64,256,2023.57
2048,8192,64,512,2115.73
2048,8192,64,1024,2304.56
2048,8192,64,2048,2688.1
2048,8192,64,4096,3392.4
2048,8192,64,8192,5013.94
2048,8192,64,16384,7967.08
2048,8192,64,32768,14311.8
2048,8192,128,16,2097.87
2048,8192,128,32,2100.06
2048,8192,128,64,2102.43
2048,8192,128,128,2190.57
2048,8192,128,256,2280.43
2048,8192,128,512,2462.88
2048,8192,128,1024,2830.15
2048,8192,128,2048,3509.19
2048,8192,128,4096,5048
2048,8192,128,8192,8124.81
2048,8192,128,16384,14273.4
2048,16384,0,0,3299.81
2048,16384,1,16,3297.31
2048,16384,1,32,3293.68
2048,16384,1,64,3295.27
2048,16384,1,128,3295.96
2048,16384,1,256,3299.43
2048,16384,1,512,3298.44
2048,16384,1,1024,3299.73
2048,16384,1,2048,3309.09
2048,16384,1,4096,3318.76
2048,16384,1,8192,3315.57
2048,16384,1,16384,3314.8
2048,16384,1,32768,4060.72
2048,16384,2,16,3292.28
2048,16384,2,32,3289.48
2048,16384,2,64,3294
2048,16384,2,128,3291.42
2048,16384,2,256,3295.45
2048,16384,2,512,3297.99
2048,16384,2,1024,3307.41
2048,16384,2,2048,3320.78
2048,16384,2,4096,3362.01
2048,16384,2,8192,3383.73
2048,16384,2,16384,3378.11
2048,16384,2,32768,4707.54
2048,16384,4,16,3294.41
2048,16384,4,32,3293.76
2048,16384,4,64,3295.58
2048,16384,4,128,3301.77
2048,16384,4,256,3304.03
2048,16384,4,512,3308.06
2048,16384,4,1024,3330.98
2048,16384,4,2048,3366.35
2048,16384,4,4096,3400.83
2048,16384,4,8192,3401.88
2048,16384,4,16384,4007.95
2048,16384,4,32768,4776.5
2048,16384,8,16,3305.11
2048,16384,8,32,3303.49
2048,16384,8,64,3306.52
2048,16384,8,128,3315.6
2048,16384,8,256,3321.63
2048,16384,8,512,3343.87
2048,16384,8,1024,3371.73
2048,16384,8,2048,3423.72
2048,16384,8,4096,3519.31
2048,16384,8,8192,3739.83
2048,16384,8,16384,4064.16
2048,16384,8,32768,5557.29
2048,16384,16,16,3332
2048,16384,16,32,3334.83
2048,16384,16,64,3334.6
2048,16384,16,128,3357.96
2048,16384,16,256,3369.42
2048,16384,16,512,3385.24
2048,16384,16,1024,3417.63
2048,16384,16,2048,3498.15
2048,16384,16,4096,3708.9
2048,16384,16,8192,4095.12
2048,16384,16,16384,4841.52
2048,16384,16,32768,7076.82
2048,16384,32,16,3371.16
2048,16384,32,32,3373.61
2048,16384,32,64,3375.44
2048,16384,32,128,3388.48
2048,16384,32,256,3405.05
2048,16384,32,512,3436.45
2048,16384,32,1024,3517.4
2048,16384,32,2048,3705.51
2048,16384,32,4096,4132.31
2048,16384,32,8192,4875.65
2048,16384,32,16384,6422.27
2048,16384,32,32768,9654.3
2048,16384,64,16,3428.62
2048,16384,64,32,3429.42
2048,16384,64,64,3433.39
2048,16384,64,128,3469.08
2048,16384,64,256,3506.14
2048,16384,64,512,3580.27
2048,16384,64,1024,3763.44
2048,16384,64,2048,4140.85
2048,16384,64,4096,4912.85
2048,16384,64,8192,6432.23
2048,16384,64,16384,9653.12
2048,16384,64,32768,15478.5
2048,16384,128,16,3574.27
2048,16384,128,32,3575.73
2048,16384,128,64,3576.99
2048,16384,128,128,3655.54
2048,16384,128,256,3743.41
2048,16384,128,512,3927.63
2048,16384,128,1024,4288.72
2048,16384,128,2048,5019.95
2048,16384,128,4096,6432.19
2048,16384,128,8192,9517.81
2048,16384,128,16384,15620.5
2048,32768,0,0,6289.18
2048,32768,1,16,6281.05
2048,32768,1,32,6280.94
2048,32768,1,64,6283.92
2048,32768,1,128,6277.06
2048,32768,1,256,6281.4
2048,32768,1,512,6280.17
2048,32768,1,1024,6288.8
2048,32768,1,2048,6290.85
2048,32768,1,4096,6305
2048,32768,1,8192,6301.63
2048,32768,1,16384,6303.38
2048,32768,1,32768,6307.14
2048,32768,2,16,6281.21
2048,32768,2,32,6282.56
2048,32768,2,64,6281.16
2048,32768,2,128,6282.87
2048,32768,2,256,6281.52
2048,32768,2,512,6286.64
2048,32768,2,1024,6292.92
2048,32768,2,2048,6306.3
2048,32768,2,4096,6349.58
2048,32768,2,8192,6362.42
2048,32768,2,16384,6365.93
2048,32768,2,32768,6365.24
2048,32768,4,16,6282.87
2048,32768,4,32,6282.73
2048,32768,4,64,6284.11
2048,32768,4,128,6287.9
2048,32768,4,256,6291.45
2048,32768,4,512,6293.72
2048,32768,4,1024,6315.15
2048,32768,4,2048,6355.54
2048,32768,4,4096,6389.58
2048,32768,4,8192,6389.29
2048,32768,4,16384,6392.57
2048,32768,4,32768,7751.36
2048,32768,8,16,6295.6
2048,32768,8,32,6297.19
2048,32768,8,64,6294.65
2048,32768,8,128,6302.79
2048,32768,8,256,6313.16
2048,32768,8,512,6327.96
2048,32768,8,1024,6358.36
2048,32768,8,2048,6410.93
2048,32768,8,4096,6516.66
2048,32768,8,8192,6703.08
2048,32768,8,16384,7131.98
2048,32768,8,32768,7828.99
2048,32768,16,16,6322.84
2048,32768,16,32,6319.54
2048,32768,16,64,6322.24
2048,32768,16,128,6337.02
2048,32768,16,256,6357.48
2048,32768,16,512,6362.65
2048,32768,16,1024,6403.45
2048,32768,16,2048,6478.41
2048,32768,16,4096,6675.61
2048,32768,16,8192,7097.15
2048,32768,16,16384,7868.86
2048,32768,16,32768,9392.89
2048,32768,32,16,6353.32
2048,32768,32,32,6353.49
2048,32768,32,64,6356.71
2048,32768,32,128,6368.81
2048,32768,32,256,6386.41
2048,32768,32,512,6420.66
2048,32768,32,1024,6502.38
2048,32768,32,2048,6665.66
2048,32768,32,4096,7087.95
2048,32768,32,8192,7905.4
2048,32768,32,16384,9417.91
2048,32768,32,32768,12517.4
2048,32768,64,16,6418.44
2048,32768,64,32,6415.28
2048,32768,64,64,6418.33
2048,32768,64,128,6452.58
2048,32768,64,256,6488.35
2048,32768,64,512,6572.41
2048,32768,64,1024,6723.67
2048,32768,64,2048,7071.74
2048,32768,64,4096,7818.12
2048,32768,64,8192,9312.77
2048,32768,64,16384,12527
2048,32768,64,32768,18962.1
2048,32768,128,16,6564.86
2048,32768,128,32,6563.28
2048,32768,128,64,6565.53
2048,32768,128,128,6639.35
2048,32768,128,256,6713.09
2048,32768,128,512,6870.76
2048,32768,128,1024,7233.98
2048,32768,128,2048,7953.99
2048,32768,128,4096,9442.86
2048,32768,128,8192,12311.7
2048,32768,128,16384,18481.8
4096,0,0,0,925.476
4096,0,1,16,928.111
4096,0,1,32,927.897
4096,0,1,64,929.315
4096,0,1,128,930.458
4096,0,1,256,929.967
4096,0,1,512,931.044
4096,0,1,1024,932.687
4096,0,1,2048,937.647
4096,0,1,4096,960.42
4096,0,1,8192,1159.74
4096,0,1,16384,1556.56
4096,0,1,32768,2323.69
4096,0,2,16,933.498
4096,0,2,32,932.847
4096,0,2,64,931.865
4096,0,2,128,933.775
4096,0,2,256,935.098
4096,0,2,512,936.239
4096,0,2,1024,941.38
4096,0,2,2048,953.21
4096,0,2,4096,997.04
4096,0,2,8192,1217.13
4096,0,2,16384,1626.87
4096,0,2,32768,2405.61
4096,0,4,16,939.023
4096,0,4,32,939.802
4096,0,4,64,939.675
4096,0,4,128,941.561
4096,0,4,256,945.167
4096,0,4,512,948.378
4096,0,4,1024,959.162
4096,0,4,2048,984.047
4096,0,4,4096,1051.37
4096,0,4,8192,1311.07
4096,0,4,16384,1780.14
4096,0,4,32768,2574.53
4096,0,8,16,956.858
4096,0,8,32,956.571
4096,0,8,64,955.396
4096,0,8,128,963.908
4096,0,8,256,968.41
4096,0,8,512,977.392
4096,0,8,1024,997.99
4096,0,8,2048,1043.92
4096,0,8,4096,1160.06
4096,0,8,8192,1486.01
4096,0,8,16384,2101.47
4096,0,8,32768,3368.95
4096,0,16,16,992.839
4096,0,16,32,993.52
4096,0,16,64,993.435
4096,0,16,128,1000.79
4096,0,16,256,1009.87
4096,0,16,512,1029.79
4096,0,16,1024,1067.79
4096,0,16,2048,1160.13
4096,0,16,4096,1379.98
4096,0,16,8192,1863.03
4096,0,16,16384,2810.23
4096,0,16,32768,4534.49
4096,0,32,16,1059.28
4096,0,32,32,1060.17
4096,0,32,64,1059.32
4096,0,32,128,1077.9
4096,0,32,256,1098.62
4096,0,32,512,1137.47
4096,0,32,1024,1216.49
4096,0,32,2048,1380.05
4096,0,32,4096,1801.13
4096,0,32,8192,2648.27
4096,0,32,16384,4262.52
4096,0,32,32768,7443.7
4096,0,64,16,1188.71
4096,0,64,32,1188.84
4096,0,64,64,1191.66
4096,0,64,128,1229.38
4096,0,64,256,1265.69
4096,0,64,512,1344.55
4096,0,64,1024,1510.68
4096,0,64,2048,1907.66
4096,0,64,4096,2696.82
4096,0,64,8192,4234.66
4096,0,64,16384,7298.91
4096,0,64,32768,13368.6
4096,0,128,16,1441.01
4096,0,128,32,1440.68
4096,0,128,64,1444.95
4096,0,128,128,1522.84
4096,0,128,256,1608.91
4096,0,128,512,1799.09
4096,0,128,1024,2175.17
4096,0,128,2048,2933.85
4096,0,128,4096,4476.95
4096,0,128,8192,7545.55
4096,0,128,16384,13683.5
4096,16,0,0,949.998
4096,16,1,16,955.108
4096,16,1,32,954.852
4096,16,1,64,956.452
4096,16,1,128,956.836
4096,16,1,256,955.802
4096,16,1,512,959.162
4096,16,1,1024,956.687
4096,16,1,2048,966.298
4096,16,1,4096,979.962
4096,16,1,8192,1181.29
4096,16,1,16384,1583.66
4096,16,1,32768,2350.53
4096,16,2,16,957.54
4096,16,2,32,956.548
4096,16,2,64,955.183
4096,16,2,128,958.724
4096,16,2,256,959.45
4096,16,2,512,962.597
4096,16,2,1024,968.431
4096,16,2,2048,977.434
4096,16,2,4096,1015.28
4096,16,2,8192,1238.05
4096,16,2,16384,1655.84
4096,16,2,32768,2429.8
4096,16,4,16,966.149
4096,16,4,32,965.135
4096,16,4,64,966.33
4096,16,4,128,967.632
4096,16,4,256,971.386
4096,16,4,512,975.93
4096,16,4,1024,984.975
4096,16,4,2048,1010.98
4096,16,4,4096,1071.69
4096,16,4,8192,1333.92
4096,16,4,16384,1805.24
4096,16,4,32768,2602.04
4096,16,8,16,982.885
4096,16,8,32,983.535
4096,16,8,64,983.611
4096,16,8,128,987.878
4096,16,8,256,992.592
4096,16,8,512,1002.27
4096,16,8,1024,1021.42
4096,16,8,2048,1071.22
4096,16,8,4096,1184.56
4096,16,8,8192,1508.3
4096,16,8,16384,2119.79
4096,16,8,32768,3381.47
4096,16,16,16,1016.5
4096,16,16,32,1015.95
4096,16,16,64,1015.62
4096,16,16,128,1027.87
4096,16,16,256,1036.69
4096,16,16,512,1055.14
4096,16,16,1024,1094.49
4096,16,16,2048,1183.05
4096,16,16,4096,1402.48
4096,16,16,8192,1881.94
4096,16,16,16384,2837.58
4096,16,16,32768,4567.63
4096,16,32,16,1084.19
4096,16,32,32,1084.08
4096,16,32,64,1084.7
4096,16,32,128,1103.95
4096,16,32,256,1124.34
4096,16,32,512,1160.85
4096,16,32,1024,1241.96
4096,16,32,2048,1405.66
4096,16,32,4096,1820.1
4096,16,32,8192,2669.38
4096,16,32,16384,4284.24
4096,16,32,32768,7472.85
4096,16,64,16,1214.29
4096,16,64,32,1214.34
4096,16,64,64,1216.97
4096,16,64,128,1254.65
4096,16,64,256,1293.88
4096,16,64,512,1370.55
4096,16,64,1024,1532.86
4096,16,64,2048,1928.8
4096,16,64,4096,2717.37
4096,16,64,8192,4256.86
4096,16,64,16384,7330.36
4096,16,64,32768,13421.3
4096,16,128,16,1468.57
4096,16,128,32,1469.31
4096,16,128,64,1471.55
4096,16,128,128,1548.09
4096,16,128,256,1630.35
4096,16,128,512,1820.49
4096,16,128,1024,2196.28
4096,16,128,2048,2955.13
4096,16,128,4096,4500.04
4096,16,128,8192,7568.47
4096,16,128,16384,13702
4096,32,0,0,952.281
4096,32,1,16,956.121
4096,32,1,32,956.281
4096,32,1,64,956.217
4096,32,1,128,955.876
4096,32,1,256,956.473
4096,32,1,512,956.579
4096,32,1,1024,958.319
4096,32,1,2048,964.911
4096,32,1,4096,979.546
4096,32,1,8192,1180.55
4096,32,1,16384,1581.42
4096,32,1,32768,2348.16
4096,32,2,16,958.137
4096,32,2,32,955.833
4096,32,2,64,958.692
4096,32,2,128,958.436
4096,32,2,256,960.366
4096,32,2,512,963.524
4096,32,2,1024,968.836
4096,32,2,2048,977.039
4096,32,2,4096,1014.35
4096,32,2,8192,1239.06
4096,32,2,16384,1657.13
4096,32,2,32768,2431
4096,32,4,16,966.085
4096,32,4,32,965.966
4096,32,4,64,965.902
4096,32,4,128,967.855
4096,32,4,256,971.193
4096,32,4,512,974.692
4096,32,4,1024,985.135
4096,32,4,2048,1011.37
4096,32,4,4096,1070.6
4096,32,4,8192,1333.72
4096,32,4,16384,1803.35
4096,32,4,32768,2603.97
4096,32,8,16,983.685
4096,32,8,32,981.903
4096,32,8,64,982.799
4096,32,8,128,987.268
4096,32,8,256,993.253
4096,32,8,512,1002.11
4096,32,8,1024,1023.19
4096,32,8,2048,1069.67
4096,32,8,4096,1184.08
4096,32,8,8192,1507.96
4096,32,8,16384,2118.63
4096,32,8,32768,3379.57
4096,32,16,16,1017.42
4096,32,16,32,1016.49
4096,32,16,64,1017.97
4096,32,16,128,1028.9
4096,32,16,256,1038.38
4096,32,16,512,1055.77
4096,32,16,1024,1094.66
4096,32,16,2048,1183.91
4096,32,16,4096,1402.34
4096,32,16,8192,1881.52
4096,32,16,16384,2835.12
4096,32,16,32768,4569.92
4096,32,32,16,1084.8
4096,32,32,32,1085.32
4096,32,32,64,1085.28
4096,32,32,128,1103.87
4096,32,32,256,1123.48
4096,32,32,512,1161.57
4096,32,32,1024,1241.72
4096,32,32,2048,1404.7
4096,32,32,4096,1821.09
4096,32,32,8192,2671.05
4096,32,32,16384,4283
4096,32,32,32768,7462.77
4096,32,64,16,1215.53
4096,32,64,32,1215.59
4096,32,64,64,1216.49
4096,32,64,128,1255.13
4096,32,64,256,1294.34
4096,32,64,512,1370.79
4096,32,64,1024,1533.08
4096,32,64,2048,1929.23
4096,32,64,4096,2719
4096,32,64,8192,4257.31
4096,32,64,16384,7333.06
4096,32,64,32768,13407.2
4096,32,128,16,1468.05
4096,32,128,32,1469.5
4096,32,128,64,1471.1
4096,32,128,128,1547.4
4096,32,128,256,1630.68
4096,32,128,512,1820.85
4096,32,128,1024,2196.84
4096,32,128,2048,2955.76
4096,32,128,4096,4499.66
4096,32,128,8192,7570.28
4096,32,128,16384,13682.9
4096,64,0,0,952.707
4096,64,1,16,956.067
4096,64,1,32,955.577
4096,64,1,64,956.836
4096,64,1,128,957.145
4096,64,1,256,957.689
4096,64,1,512,958.499
4096,64,1,1024,957.935
4096,64,1,2048,964.889
4096,64,1,4096,980.324
4096,64,1,8192,1180.55
4096,64,1,16384,1580.29
4096,64,1,32768,2353.45
4096,64,2,16,959.759
4096,64,2,32,958.543
4096,64,2,64,957.369
4096,64,2,128,959.438
4096,64,2,256,960.719
4096,64,2,512,963.343
4096,64,2,1024,967.641
4096,64,2,2048,978.927
4096,64,2,4096,1015.67
4096,64,2,8192,1237.97
4096,64,2,16384,1657.53
4096,64,2,32768,2427.29
4096,64,4,16,966.734
4096,64,4,32,965.401
4096,64,4,64,964.622
4096,64,4,128,966.852
4096,64,4,256,971.246
4096,64,4,512,975.535
4096,64,4,1024,986.991
4096,64,4,2048,1010.35
4096,64,4,4096,1073.35
4096,64,4,8192,1333.59
4096,64,4,16384,1804.61
4096,64,4,32768,2602.59
4096,64,8,16,983.31
4096,64,8,32,982.842
4096,64,8,64,982.745
4096,64,8,128,988.272
4096,64,8,256,992.911
4096,64,8,512,1001.47
4096,64,8,1024,1020.99
4096,64,8,2048,1070.8
4096,64,8,4096,1182.62
4096,64,8,8192,1508.08
4096,64,8,16384,2117.61
4096,64,8,32768,3381.14
4096,64,16,16,1017.33
4096,64,16,32,1017.27
4096,64,16,64,1016.93
4096,64,16,128,1028.67
4096,64,16,256,1038.13
4096,64,16,512,1057.88
4096,64,16,1024,1094.8
4096,64,16,2048,1183.35
4096,64,16,4096,1402.37
4096,64,16,8192,1881.66
4096,64,16,16384,2832.67
4096,64,16,32768,4569.8
4096,64,32,16,1084.63
4096,64,32,32,1085.78
4096,64,32,64,1087.39
4096,64,32,128,1105.27
4096,64,32,256,1123.57
4096,64,32,512,1163.29
4096,64,32,1024,1242.03
4096,64,32,2048,1405.26
4096,64,32,4096,1819.33
4096,64,32,8192,2670.46
4096,64,32,16384,4279.49
4096,64,32,32768,7470.08
4096,64,64,16,1216.28
4096,64,64,32,1215.66
4096,64,64,64,1217.24
4096,64,64,128,1252.96
4096,64,64,256,1294.03
4096,64,64,512,1370.86
4096,64,64,1024,1532.77
4096,64,64,2048,1929.19
4096,64,64,4096,2718.64
4096,64,64,8192,4257.62
4096,64,64,16384,7323.74
4096,64,64,32768,13399.3
4096,64,128,16,1469.69
4096,64,128,32,1470.6
4096,64,128,64,1472.45
4096,64,128,128,1548.42
4096,64,128,256,1630.8
4096,64,128,512,1820.62
4096,64,128,1024,2196.96
4096,64,128,2048,2955.13
4096,64,128,4096,4500.49
4096,64,128,8192,7573.6
4096,64,128,16384,13682.2
4096,128,0,0,971.865
4096,128,1,16,975.384
4096,128,1,32,976.185
4096,128,1,64,974.243
4096,128,1,128,976.269
4096,128,1,256,975.683
4096,128,1,512,977.539
4096,128,1,1024,979.065
4096,128,1,2048,985.23
4096,128,1,4096,996.111
4096,128,1,8192,1203.37
4096,128,1,16384,1601.76
4096,128,1,32768,2370.79
4096,128,2,16,977.871
4096,128,2,32,977.731
4096,128,2,64,976.366
4096,128,2,128,976.217
4096,128,2,256,978.968
4096,128,2,512,981.423
4096,128,2,1024,987.428
4096,128,2,2048,1002.26
4096,128,2,4096,1038.66
4096,128,2,8192,1259.97
4096,128,2,16384,1680.41
4096,128,2,32768,2452.15
4096,128,4,16,987.406
4096,128,4,32,985.188
4096,128,4,64,985.466
4096,128,4,128,988.494
4096,128,4,256,991.769
4096,128,4,512,998.702
4096,128,4,1024,1009.59
4096,128,4,2048,1032.13
4096,128,4,4096,1095.2
4096,128,4,8192,1354.52
4096,128,4,16384,1828.23
4096,128,4,32768,2630.67
4096,128,8,16,1004.07
4096,128,8,32,1003.66
4096,128,8,64,1004.97
4096,128,8,128,1009.44
4096,128,8,256,1015.24
4096,128,8,512,1025.68
4096,128,8,1024,1044.8
4096,128,8,2048,1090.45
4096,128,8,4096,1204.96
4096,128,8,8192,1527.88
4096,128,8,16384,2140.19
4096,128,8,32768,3392.38
4096,128,16,16,1037.66
4096,128,16,32,1037.33
4096,128,16,64,1039.29
4096,128,16,128,1047.75
4096,128,16,256,1058.92
4096,128,16,512,1078.06
4096,128,16,1024,1115.07
4096,128,16,2048,1204.7
4096,128,16,4096,1423.78
4096,128,16,8192,1900.97
4096,128,16,16384,2861.18
4096,128,16,32768,4602.3
4096,128,32,16,1108.44
4096,128,32,32,1108.54
4096,128,32,64,1107.21
4096,128,32,128,1127.66
4096,128,32,256,1144.04
4096,128,32,512,1182.07
4096,128,32,1024,1261.23
4096,128,32,2048,1425.6
4096,128,32,4096,1838.52
4096,128,32,8192,2692
4096,128,32,16384,4305.19
4096,128,32,32768,7498.13
4096,128,64,16,1237.31
4096,128,64,32,1238.77
4096,128,64,64,1239.63
4096,128,64,128,1274.12
4096,128,64,256,1313.1
4096,128,64,512,1390.93
4096,128,64,1024,1554.28
4096,128,64,2048,1949.92
4096,128,64,4096,2741.4
4096,128,64,8192,4275.69
4096,128,64,16384,7353.91
4096,128,64,32768,13448.2
4096,128,128,16,1490.03
4096,128,128,32,1492.67
4096,128,128,64,1493.89
4096,128,128,128,1567.09
4096,128,128,256,1652.96
4096,128,128,512,1842.37
4096,128,128,1024,2217.77
4096,128,128,2048,2976.91
4096,128,128,4096,4522.27
4096,128,128,8192,7595.4
4096,128,128,16384,13709.8
4096,256,0,0,1016.68
4096,256,1,16,1020.99
4096,256,1,32,1021.92
4096,256,1,64,1019.91
4096,256,1,128,1022.09
4096,256,1,256,1021.88
4096,256,1,512,1024.24
4096,256,1,1024,1026.27
4096,256,1,2048,1031.77
4096,256,1,4096,1043.06
4096,256,1,8192,1247.19
4096,256,1,16384,1645.01
4096,256,1,32768,2413.23
4096,256,2,16,1027.27
4096,256,2,32,1026.54
4096,256,2,64,1025.9
4096,256,2,128,1028.3
4096,256,2,256,1029.7
4096,256,2,512,1031.82
4096,256,2,1024,1037.48
4096,256,2,2048,1047.72
4096,256,2,4096,1080.14
4096,256,2,8192,1302.98
4096,256,2,16384,1727.31
4096,256,2,32768,2502.17
4096,256,4,16,1035.28
4096,256,4,32,1034.07
4096,256,4,64,1034.35
4096,256,4,128,1035.61
4096,256,4,256,1041.63
4096,256,4,512,1046.16
4096,256,4,1024,1054.68
4096,256,4,2048,1079.84
4096,256,4,4096,1137.33
4096,256,4,8192,1397.41
4096,256,4,16384,1878.97
4096,256,4,32768,2685.12
4096,256,8,16,1049.25
4096,256,8,32,1051.61
4096,256,8,64,1050.47
4096,256,8,128,1056.94
4096,256,8,256,1061.76
4096,256,8,512,1070.03
4096,256,8,1024,1091.1
4096,256,8,2048,1138.41
4096,256,8,4096,1248.44
4096,256,8,8192,1577
4096,256,8,16384,2186.28
4096,256,8,32768,3435.09
4096,256,16,16,1083.58
4096,256,16,32,1084.99
4096,256,16,64,1084.26
4096,256,16,128,1096.07
4096,256,16,256,1105.76
4096,256,16,512,1123.99
4096,256,16,1024,1161.68
4096,256,16,2048,1250.02
4096,256,16,4096,1466.71
4096,256,16,8192,1938.81
4096,256,16,16384,2911.59
4096,256,16,32768,4671.75
4096,256,32,16,1155.45
4096,256,32,32,1155.25
4096,256,32,64,1155.29
4096,256,32,128,1173.32
4096,256,32,256,1191.65
4096,256,32,512,1228.79
4096,256,32,1024,1306.75
4096,256,32,2048,1471.01
4096,256,32,4096,1879.12
4096,256,32,8192,2735.48
4096,256,32,16384,4353.71
4096,256,32,32768,7547.04
4096,256,64,16,1286.81
4096,256,64,32,1286.87
4096,256,64,64,1288.16
4096,256,64,128,1324.19
4096,256,64,256,1362
4096,256,64,512,1436.81
4096,256,64,1024,1600.19
4096,256,64,2048,1993.02
4096,256,64,4096,2783.79
4096,256,64,8192,4324.03
4096,256,64,16384,7399.24
4096,256,64,32768,13501.6
4096,256,128,16,1535.44
4096,256,128,32,1537.07
4096,256,128,64,1540.24
4096,256,128,128,1612.26
4096,256,128,256,1695.97
4096,256,128,512,1886.36
4096,256,128,1024,2261.89
4096,256,128,2048,3020.06
4096,256,128,4096,4562.98
4096,256,128,8192,7640.14
4096,256,128,16384,13777.4
4096,512,0,0,1115.19
4096,512,1,16,1118.75
4096,512,1,32,1119.63
4096,512,1,64,1117.81
4096,512,1,128,1117.85
4096,512,1,256,1119.18
4096,512,1,512,1120.43
4096,512,1,1024,1122.78
4096,512,1,2048,1127.36
4096,512,1,4096,1137.35
4096,512,1,8192,1331.31
4096,512,1,16384,1730.08
4096,512,1,32768,2501.81
4096,512,2,16,1122.71
4096,512,2,32,1122.3
4096,512,2,64,1121
4096,512,2,128,1122.12
4096,512,2,256,1122.92
4096,512,2,512,1125.19
4096,512,2,1024,1132.2
4096,512,2,2048,1141.56
4096,512,2,4096,1164.61
4096,512,2,8192,1388.83
4096,512,2,16384,1810.17
4096,512,2,32768,2599.76
4096,512,4,16,1128.79
4096,512,4,32,1129.54
4096,512,4,64,1131.45
4096,512,4,128,1131.91
4096,512,4,256,1134.91
4096,512,4,512,1137.37
4096,512,4,1024,1146.14
4096,512,4,2048,1169.68
4096,512,4,4096,1222.04
4096,512,4,8192,1480.58
4096,512,4,16384,1964.43
4096,512,4,32768,2797.46
4096,512,8,16,1145.86
4096,512,8,32,1145.18
4096,512,8,64,1145.45
4096,512,8,128,1150.02
4096,512,8,256,1154.01
4096,512,8,512,1163.65
4096,512,8,1024,1186.36
4096,512,8,2048,1228.13
4096,512,8,4096,1335.14
4096,512,8,8192,1666.55
4096,512,8,16384,2288.55
4096,512,8,32768,3548.37
4096,512,16,16,1178.36
4096,512,16,32,1178.29
4096,512,16,64,1180.03
4096,512,16,128,1191.24
4096,512,16,256,1199.33
4096,512,16,512,1218.38
4096,512,16,1024,1254.4
4096,512,16,2048,1338.72
4096,512,16,4096,1549.02
4096,512,16,8192,2030.18
4096,512,16,16384,3003.42
4096,512,16,32768,4813.79
4096,512,32,16,1250.96
4096,512,32,32,1251.32
4096,512,32,64,1250.84
4096,512,32,128,1269.13
4096,512,32,256,1286.67
4096,512,32,512,1325.03
4096,512,32,1024,1399.61
4096,512,32,2048,1562.89
4096,512,32,4096,1961.28
4096,512,32,8192,2821.14
4096,512,32,16384,4449.76
4096,512,32,32768,7642.02
4096,512,64,16,1379.04
4096,512,64,32,1379.68
4096,512,64,64,1380.2
4096,512,64,128,1419.48
4096,512,64,256,1458.04
4096,512,64,512,1532.56
4096,512,64,1024,1691.08
4096,512,64,2048,2079.01
4096,512,64,4096,2874.25
4096,512,64,8192,4417.2
4096,512,64,16384,7490.82
4096,512,64,32768,13642.4
4096,512,128,16,1624.68
4096,512,128,32,1627.66
4096,512,128,64,1629.35
4096,512,128,128,1699.19
4096,512,128,256,1783.46
4096,512,128,512,1973.44
4096,512,128,1024,2350.14
4096,512,128,2048,3106.42
4096,512,128,4096,4654.69
4096,512,128,8192,7723.52
4096,512,128,16384,13874.7
4096,1024,0,0,1302.66
4096,1024,1,16,1304.22
4096,1024,1,32,1307.55
4096,1024,1,64,1304.29
4096,1024,1,128,1308.51
4096,1024,1,256,1305.65
4096,1024,1,512,1308.93
4096,1024,1,1024,1310.94
4096,1024,1,2048,1315.63
4096,1024,1,4096,1323.08
4096,1024,1,8192,1500.84
4096,1024,1,16384,1898.62
4096,1024,1,32768,2681.52
4096,1024,2,16,1307.66
4096,1024,2,32,1308.27
4096,1024,2,64,1307.43
4096,1024,2,128,1310.51
4096,1024,2,256,1311.64
4096,1024,2,512,1313.49
4096,1024,2,1024,1317.06
4096,1024,2,2048,1327.06
4096,1024,2,4096,1348.18
4096,1024,2,8192,1558.18
4096,1024,2,16384,1983.94
4096,1024,2,32768,2782.47
4096,1024,4,16,1316.94
4096,1024,4,32,1317.53
4096,1024,4,64,1315.58
4096,1024,4,128,1316.91
4096,1024,4,256,1320.21
4096,1024,4,512,1326.06
4096,1024,4,1024,1335.6
4096,1024,4,2048,1353.85
4096,1024,4,4096,1397.5
4096,1024,4,8192,1652.34
4096,1024,4,16384,2144.17
4096,1024,4,32768,3017.97
4096,1024,8,16,1330.7
4096,1024,8,32,1329.09
4096,1024,8,64,1330.83
4096,1024,8,128,1335.19
4096,1024,8,256,1342.62
4096,1024,8,512,1354.64
4096,1024,8,1024,1372.01
4096,1024,8,2048,1409.7
4096,1024,8,4096,1501.82
4096,1024,8,8192,1839.47
4096,1024,8,16384,2470.08
4096,1024,8,32768,3685.26
4096,1024,16,16,1367.14
4096,1024,16,32,1368.28
4096,1024,16,64,1369.01
4096,1024,16,128,1378.18
4096,1024,16,256,1388.47
4096,1024,16,512,1408.15
4096,1024,16,1024,1444.86
4096,1024,16,2048,1516.87
4096,1024,16,4096,1716.62
4096,1024,16,8192,2214.11
4096,1024,16,16384,3174.66
4096,1024,16,32768,5070.27
4096,1024,32,16,1441.27
4096,1024,32,32,1441.48
4096,1024,32,64,1442.36
4096,1024,32,128,1462.35
4096,1024,32,256,1476.19
4096,1024,32,512,1514.59
4096,1024,32,1024,1589.47
4096,1024,32,2048,1746.74
4096,1024,32,4096,2138.67
4096,1024,32,8192,2996.88
4096,1024,32,16384,4637.98
4096,1024,32,32768,7830.26
4096,1024,64,16,1568.52
4096,1024,64,32,1569.45
4096,1024,64,64,1570.14
4096,1024,64,128,1609.03
4096,1024,64,256,1645.89
4096,1024,64,512,1723.49
4096,1024,64,1024,1875.05
4096,1024,64,2048,2252.27
4096,1024,64,4096,3048.33
4096,1024,64,8192,4595
4096,1024,64,16384,7673.33
4096,1024,64,32768,13827.4
4096,1024,128,16,1802.26
4096,1024,128,32,1803.2
4096,1024,128,64,1805.05
4096,1024,128,128,1875.59
4096,1024,128,256,1960.05
4096,1024,128,512,2148.41
4096,1024,128,1024,2524.71
4096,1024,128,2048,3279.68
4096,1024,128,4096,4830.66
4096,1024,128,8192,7904.61
4096,1024,128,16384,14048.8
4096,2048,0,0,1679.32
4096,2048,1,16,1678.93
4096,2048,1,32,1677.66
4096,2048,1,64,1677.45
4096,2048,1,128,1677.45
4096,2048,1,256,1680.85
4096,2048,1,512,1680.63
4096,2048,1,1024,1682.38
4096,2048,1,2048,1686.95
4096,2048,1,4096,1704.16
4096,2048,1,8192,1831.36
4096,2048,1,16384,2237.73
4096,2048,1,32768,3026.99
4096,2048,2,16,1684.19
4096,2048,2,32,1681.26
4096,2048,2,64,1684.37
4096,2048,2,128,1684.46
4096,2048,2,256,1685.82
4096,2048,2,512,1688.98
4096,2048,2,1024,1693.08
4096,2048,2,2048,1700.1
4096,2048,2,4096,1728.38
4096,2048,2,8192,1887.14
4096,2048,2,16384,2326.44
4096,2048,2,32768,3159.51
4096,2048,4,16,1693.04
4096,2048,4,32,1693.58
4096,2048,4,64,1694.05
4096,2048,4,128,1695.87
4096,2048,4,256,1699.03
4096,2048,4,512,1702.19
4096,2048,4,1024,1715.96
4096,2048,4,2048,1728.55
4096,2048,4,4096,1774.48
4096,2048,4,8192,1976.72
4096,2048,4,16384,2490.85
4096,2048,4,32768,3442.22
4096,2048,8,16,1711.64
4096,2048,8,32,1711.81
4096,2048,8,64,1711.2
4096,2048,8,128,1718.71
4096,2048,8,256,1721.82
4096,2048,8,512,1731.72
4096,2048,8,1024,1754.13
4096,2048,8,2048,1781.76
4096,2048,8,4096,1872.17
4096,2048,8,8192,2166.19
4096,2048,8,16384,2817.6
4096,2048,8,32768,4064.01
4096,2048,16,16,1748.3
4096,2048,16,32,1751.86
4096,2048,16,64,1749.92
4096,2048,16,128,1759.15
4096,2048,16,256,1768.8
4096,2048,16,512,1791.07
4096,2048,16,1024,1824.65
4096,2048,16,2048,1893.83
4096,2048,16,4096,2057.01
4096,2048,16,8192,2572.36
4096,2048,16,16384,3538.87
4096,2048,16,32768,5402.6
4096,2048,32,16,1823.61
4096,2048,32,32,1826.19
4096,2048,32,64,1825.73
4096,2048,32,128,1839.31
4096,2048,32,256,1860.21
4096,2048,32,512,1897.94
4096,2048,32,1024,1971.71
4096,2048,32,2048,2121.6
4096,2048,32,4096,2499.06
4096,2048,32,8192,3339.33
4096,2048,32,16384,5041.2
4096,2048,32,32768,8207.88
4096,2048,64,16,1955.09
4096,2048,64,32,1956.65
4096,2048,64,64,1956.37
4096,2048,64,128,1994.03
4096,2048,64,256,2034.27
4096,2048,64,512,2095.12
4096,2048,64,1024,2231.45
4096,2048,64,2048,2601.4
4096,2048,64,4096,3401.07
4096,2048,64,8192,4955.07
4096,2048,64,16384,8034.93
4096,2048,64,32768,14190.3
4096,2048,128,16,2157.63
4096,2048,128,32,2160.4
4096,2048,128,64,2159.1
4096,2048,128,128,2230.17
4096,2048,128,256,2311.98
4096,2048,128,512,2497.67
4096,2048,128,1024,2874.39
4096,2048,128,2048,3629.49
4096,2048,128,4096,5183.53
4096,2048,128,8192,8261.58
4096,2048,128,16384,14406.9
4096,4096,0,0,2438.39
4096,4096,1,16,2445.62
4096,4096,1,32,2442.37
4096,4096,1,64,2442.96
4096,4096,1,128,2443.75
4096,4096,1,256,2443.73
4096,4096,1,512,2444.2
4096,4096,1,1024,2445.72
4096,4096,1,2048,2447.58
4096,4096,1,4096,2458.16
4096,4096,1,8192,2494.14
4096,4096,1,16384,2901.19
4096,4096,1,32768,3692.06
4096,4096,2,16,2447.17
4096,4096,2,32,2447.03
4096,4096,2,64,2445.92
4096,4096,2,128,2447.29
4096,4096,2,256,2448.8
4096,4096,2,512,2451.62
4096,4096,2,1024,2458.49
4096,4096,2,2048,2465.35
4096,4096,2,4096,2478.02
4096,4096,2,8192,2555.22
4096,4096,2,16384,2984.18
4096,4096,2,32768,3854.64
4096,4096,4,16,2453.42
4096,4096,4,32,2452.77
4096,4096,4,64,2453.93
4096,4096,4,128,2456.17
4096,4096,4,256,2462.93
4096,4096,4,512,2466.95
4096,4096,4,1024,2480.17
4096,4096,4,2048,2492.06
4096,4096,4,4096,2514.6
4096,4096,4,8192,2641.28
4096,4096,4,16384,3159.58
4096,4096,4,32768,4150.65
4096,4096,8,16,2472.16
4096,4096,8,32,2471.68
4096,4096,8,64,2472.08
4096,4096,8,128,2478.59
4096,4096,8,256,2485.11
4096,4096,8,512,2497.48
4096,4096,8,1024,2513.88
4096,4096,8,2048,2543.11
4096,4096,8,4096,2594.37
4096,4096,8,8192,2834.11
4096,4096,8,16384,3518.5
4096,4096,8,32768,4794.97
4096,4096,16,16,2516.26
4096,4096,16,32,2514.04
4096,4096,16,64,2514.69
4096,4096,16,128,2526.57
4096,4096,16,256,2537.95
4096,4096,16,512,2558.21
4096,4096,16,1024,2589.01
4096,4096,16,2048,2655.57
4096,4096,16,4096,2786.96
4096,4096,16,8192,3238.97
4096,4096,16,16384,4245.48
4096,4096,16,32768,6165.63
4096,4096,32,16,2594.09
4096,4096,32,32,2592.93
4096,4096,32,64,2596.23
4096,4096,32,128,2613.99
4096,4096,32,256,2632.3
4096,4096,32,512,2668.35
4096,4096,32,1024,2744.34
4096,4096,32,2048,2861.54
4096,4096,32,4096,3196.64
4096,4096,32,8192,4018.49
4096,4096,32,16384,5734.36
4096,4096,32,32768,9000.48
4096,4096,64,16,2735.79
4096,4096,64,32,2734.35
4096,4096,64,64,2736.96
4096,4096,64,128,2752.35
4096,4096,64,256,2773.9
4096,4096,64,512,2816.24
4096,4096,64,1024,2942.55
4096,4096,64,2048,3298.88
4096,4096,64,4096,4086.42
4096,4096,64,8192,5688.53
4096,4096,64,16384,8764.22
4096,4096,64,32768,14909.4
4096,4096,128,16,2871.88
4096,4096,128,32,2874.47
4096,4096,128,64,2874.47
4096,4096,128,128,2938.49
4096,4096,128,256,3015.64
4096,4096,128,512,3196.95
4096,4096,128,1024,3572.99
4096,4096,128,2048,4328.8
4096,4096,128,4096,5865.58
4096,4096,128,8192,9003.73
4096,4096,128,16384,15113
4096,8192,0,0,3955.17
4096,8192,1,16,3953.39
4096,8192,1,32,3952.48
4096,8192,1,64,3954.08
4096,8192,1,128,3953.45
4096,8192,1,256,3955.82
4096,8192,1,512,3959.23
4096,8192,1,1024,3960.31
4096,8192,1,2048,3967.95
4096,8192,1,4096,3969.35
4096,8192,1,8192,3984.01
4096,8192,1,16384,4229.47
4096,8192,1,32768,5048.81
4096,8192,2,16,3958.33
4096,8192,2,32,3955.76
4096,8192,2,64,3958.89
4096,8192,2,128,3958.93
4096,8192,2,256,3958.75
4096,8192,2,512,3961.31
4096,8192,2,1024,3971.91
4096,8192,2,2048,3977.86
4096,8192,2,4096,3995.42
4096,8192,2,8192,4017.09
4096,8192,2,16384,4310.77
4096,8192,2,32768,5182.77
4096,8192,4,16,3968.34
4096,8192,4,32,3965.78
4096,8192,4,64,3965.98
4096,8192,4,128,3968.81
4096,8192,4,256,3968.03
4096,8192,4,512,3974.51
4096,8192,4,1024,3987.79
4096,8192,4,2048,4006.86
4096,8192,4,4096,4024.31
4096,8192,4,8192,4083.11
4096,8192,4,16384,4464.01
4096,8192,4,32768,5481.62
4096,8192,8,16,3986.32
4096,8192,8,32,3983.09
4096,8192,8,64,3988.43
4096,8192,8,128,3993.18
4096,8192,8,256,3998.84
4096,8192,8,512,4010.92
4096,8192,8,1024,4033.98
4096,8192,8,2048,4072.74
4096,8192,8,4096,4126.5
4096,8192,8,8192,4218.64
4096,8192,8,16384,4845.54
4096,8192,8,32768,6169.52
4096,8192,16,16,4030.69
4096,8192,16,32,4031.53
4096,8192,16,64,4032.95
4096,8192,16,128,4047.16
4096,8192,16,256,4062.34
4096,8192,16,512,4089.24
4096,8192,16,1024,4128.84
4096,8192,16,2048,4203.11
4096,8192,16,4096,4313.97
4096,8192,16,8192,4586.98
4096,8192,16,16384,5633.74
4096,8192,16,32768,7563.23
4096,8192,32,16,4127.31
4096,8192,32,32,4126.89
4096,8192,32,64,4126.09
4096,8192,32,128,4148.02
4096,8192,32,256,4175.19
4096,8192,32,512,4223.42
4096,8192,32,1024,4255.64
4096,8192,32,2048,4305.74
4096,8192,32,4096,4586.08
4096,8192,32,8192,5434.97
4096,8192,32,16384,7045.87
4096,8192,32,32768,10477.4
4096,8192,64,16,4249.59
4096,8192,64,32,4244.38
4096,8192,64,64,4245.08
4096,8192,64,128,4240.91
4096,8192,64,256,4249.09
4096,8192,64,512,4274.03
4096,8192,64,1024,4365.91
4096,8192,64,2048,4694.67
4096,8192,64,4096,5486.66
4096,8192,64,8192,7092.64
4096,8192,64,16384,10238.7
4096,8192,64,32768,16362.8
4096,8192,128,16,4304
4096,8192,128,32,4303.68
4096,8192,128,64,4306.05
4096,8192,128,128,4362.04
4096,8192,128,256,4427.7
4096,8192,128,512,4591.28
4096,8192,128,1024,4971.29
4096,8192,128,2048,5726.12
4096,8192,128,4096,7269.57
4096,8192,128,8192,10413.3
4096,8192,128,16384,16576.8
4096,16384,0,0,6928.02
4096,16384,1,16,6927.13
4096,16384,1,32,6925.74
4096,16384,1,64,6931.9
4096,16384,1,128,6933.71
4096,16384,1,256,6933.64
4096,16384,1,512,6935.2
4096,16384,1,1024,6937.35
4096,16384,1,2048,6938.88
4096,16384,1,4096,6949.36
4096,16384,1,8192,6957.4
4096,16384,1,16384,6973.55
4096,16384,1,32768,7634.9
4096,16384,2,16,6936.55
4096,16384,2,32,6929.51
4096,16384,2,64,6938.59
4096,16384,2,128,6932.56
4096,16384,2,256,6934.61
4096,16384,2,512,6933.47
4096,16384,2,1024,6950.18
4096,16384,2,2048,6962.5
4096,16384,2,4096,6980.56
4096,16384,2,8192,7001.23
4096,16384,2,16384,7037.25
4096,16384,2,32768,7841.97
4096,16384,4,16,6944.12
4096,16384,4,32,6938.51
4096,16384,4,64,6939.46
4096,16384,4,128,6941.77
4096,16384,4,256,6948.23
4096,16384,4,512,6954.07
4096,16384,4,1024,6975.57
4096,16384,4,2048,6997.18
4096,16384,4,4096,7041.5
4096,16384,4,8192,7099.75
4096,16384,4,16384,7222.51
4096,16384,4,32768,8145.8
4096,16384,8,16,6965.76
4096,16384,8,32,6961.75
4096,16384,8,64,6961.36
4096,16384,8,128,6972.02
4096,16384,8,256,6977.9
4096,16384,8,512,6987.25
4096,16384,8,1024,7018.73
4096,16384,8,2048,7079.49
4096,16384,8,4096,7187.61
4096,16384,8,8192,7286.75
4096,16384,8,16384,7551.94
4096,16384,8,32768,8987.28
4096,16384,16,16,7016.32
4096,16384,16,32,7012.59
4096,16384,16,64,7015.87
4096,16384,16,128,7028.11
4096,16384,16,256,7048.8
4096,16384,16,512,7082.63
4096,16384,16,1024,7155.72
4096,16384,16,2048,7256.88
4096,16384,16,4096,7266.44
4096,16384,16,8192,7450.35
4096,16384,16,16384,8353.19
4096,16384,16,32768,10442.7
4096,16384,32,16,7130.22
4096,16384,32,32,7131.34
4096,16384,32,64,7131.5
4096,16384,32,128,7171.44
4096,16384,32,256,7210.54
4096,16384,32,512,7236.73
4096,16384,32,1024,7249.71
4096,16384,32,2048,7242.32
4096,16384,32,4096,7422.55
4096,16384,32,8192,8215.36
4096,16384,32,16384,9974.29
4096,16384,32,32768,13143.1
4096,16384,64,16,7235.44
4096,16384,64,32,7243.08
4096,16384,64,64,7245.99
4096,16384,64,128,7236.81
4096,16384,64,256,7234.64
4096,16384,64,512,7238.58
4096,16384,64,1024,7253.15
4096,16384,64,2048,7500.24
4096,16384,64,4096,8286.1
4096,16384,64,8192,9900.36
4096,16384,64,16384,13219.3
4096,16384,64,32768,19259.9
4096,16384,128,16,7222.86
4096,16384,128,32,7220.95
4096,16384,128,64,7220.44
4096,16384,128,128,7235.46
4096,16384,128,256,7285.98
4096,16384,128,512,7410.31
4096,16384,128,1024,7771.83
4096,16384,128,2048,8527.59
4096,16384,128,4096,10072.2
4096,16384,128,8192,13237.3
4096,16384,128,16384,19449.5
4096,32768,0,0,12890
4096,32768,1,16,12897.1
4096,32768,1,32,12894.8
4096,32768,1,64,12888.6
4096,32768,1,128,12895
4096,32768,1,256,12898.4
4096,32768,1,512,12898.3
4096,32768,1,1024,12898.6
4096,32768,1,2048,12902.6
4096,32768,1,4096,12910.3
4096,32768,1,8192,12928.6
4096,32768,1,16384,12922.7
4096,32768,1,32768,12942.5
4096,32768,2,16,12894
4096,32768,2,32,12896.1
4096,32768,2,64,12896.7
4096,32768,2,128,12899.6
4096,32768,2,256,12904.2
4096,32768,2,512,12899.2
4096,32768,2,1024,12905.8
4096,32768,2,2048,12922.2
4096,32768,2,4096,12947.2
4096,32768,2,8192,12973.2
4096,32768,2,16384,12999.4
4096,32768,2,32768,13014.9
4096,32768,4,16,12899.3
4096,32768,4,32,12910.7
4096,32768,4,64,12904.9
4096,32768,4,128,12908.6
4096,32768,4,256,12911.2
4096,32768,4,512,12925.9
4096,32768,4,1024,12936.3
4096,32768,4,2048,12957.5
4096,32768,4,4096,13011.9
4096,32768,4,8192,13084.7
4096,32768,4,16384,13186.2
4096,32768,4,32768,13318.1
4096,32768,8,16,12928
4096,32768,8,32,12920.2
4096,32768,8,64,12930.7
4096,32768,8,128,12932.3
4096,32768,8,256,12940.3
4096,32768,8,512,12957.3
4096,32768,8,1024,12984.8
4096,32768,8,2048,13048.3
4096,32768,8,4096,13177.9
4096,32768,8,8192,13211.9
4096,32768,8,16384,13350.7
4096,32768,8,32768,14306.1
4096,32768,16,16,12979.7
4096,32768,16,32,12976.9
4096,32768,16,64,12980.5
4096,32768,16,128,12991.4
4096,32768,16,256,13011.8
4096,32768,16,512,13041.8
4096,32768,16,1024,13120.1
4096,32768,16,2048,13241.3
4096,32768,16,4096,13232.9
4096,32768,16,8192,13283.3
4096,32768,16,16384,13810.7
4096,32768,16,32768,15881.2
4096,32768,32,16,13102
4096,32768,32,32,13098.4
4096,32768,32,64,13099.3
4096,32768,32,128,13139.9
4096,32768,32,256,13197.8
4096,32768,32,512,13209.6
4096,32768,32,1024,13216.1
4096,32768,32,2048,13222.5
4096,32768,32,4096,13257.9
4096,32768,32,8192,13848.4
4096,32768,32,16384,15369.3
4096,32768,32,32768,19075.1
4096,32768,64,16,13211.9
4096,32768,64,32,13222.3
4096,32768,64,64,13228.5
4096,32768,64,128,13217.4
4096,32768,64,256,13217.2
4096,32768,64,512,13215.8
4096,32768,64,1024,13206.7
4096,32768,64,2048,13265.3
4096,32768,64,4096,13905.8
4096,32768,64,8192,15508.5
4096,32768,64,16384,18666.9
4096,32768,64,32768,25528.1
4096,32768,128,16,13204.2
4096,32768,128,32,13220.8
4096,32768,128,64,13225.4
4096,32768,128,128,13223.4
4096,32768,128,256,13195.7
4096,32768,128,512,13213.4
4096,32768,128,1024,13403.9
4096,32768,128,2048,14149.1
4096,32768,128,4096,15685.9
4096,32768,128,8192,18842.7
4096,32768,128,16384,25240.7
8192,0,0,0,3212.44
8192,0,1,16,3223.49
8192,0,1,32,3224.16
8192,0,1,64,3223.56
8192,0,1,128,3225.71
8192,0,1,256,3224.12
8192,0,1,512,3228.09
8192,0,1,1024,3227.15
8192,0,1,2048,3234.59
8192,0,1,4096,3241.01
8192,0,1,8192,3279.2
8192,0,1,16384,3697.69
8192,0,1,32768,4525.54
8192,0,2,16,3235.21
8192,0,2,32,3234.95
8192,0,2,64,3233.82
8192,0,2,128,3234.65
8192,0,2,256,3237.77
8192,0,2,512,3238.46
8192,0,2,1024,3240.96
8192,0,2,2048,3247.85
8192,0,2,4096,3271.56
8192,0,2,8192,3356.02
8192,0,2,16384,3815.72
8192,0,2,32768,4696.79
8192,0,4,16,3245.36
8192,0,4,32,3242.42
8192,0,4,64,3245.28
8192,0,4,128,3247.44
8192,0,4,256,3251.57
8192,0,4,512,3255
8192,0,4,1024,3261.74
8192,0,4,2048,3288.86
8192,0,4,4096,3322.91
8192,0,4,8192,3476.95
8192,0,4,16384,4004.95
8192,0,4,32768,5027.33
8192,0,8,16,3272.87
8192,0,8,32,3272.76
8192,0,8,64,3272.04
8192,0,8,128,3280.32
8192,0,8,256,3284.38
8192,0,8,512,3293.1
8192,0,8,1024,3310.14
8192,0,8,2048,3346.73
8192,0,8,4096,3431.92
8192,0,8,8192,3693.39
8192,0,8,16384,4387.85
8192,0,8,32768,5673.32
8192,0,16,16,3326.89
8192,0,16,32,3325.71
8192,0,16,64,3326.93
8192,0,16,128,3336.97
8192,0,16,256,3347.87
8192,0,16,512,3370.91
8192,0,16,1024,3412.84
8192,0,16,2048,3494.25
8192,0,16,4096,3661.51
8192,0,16,8192,4113.47
8192,0,16,16384,5140.28
8192,0,16,32768,7076.96
8192,0,32,16,3444.15
8192,0,32,32,3447.19
8192,0,32,64,3445.5
8192,0,32,128,3466.88
8192,0,32,256,3487.47
8192,0,32,512,3526.81
8192,0,32,1024,3605.47
8192,0,32,2048,3774.52
8192,0,32,4096,4135.32
8192,0,32,8192,4970.18
8192,0,32,16384,6648.87
8192,0,32,32768,9963.68
8192,0,64,16,3686.19
8192,0,64,32,3686.44
8192,0,64,64,3689.24
8192,0,64,128,3724.88
8192,0,64,256,3767.6
8192,0,64,512,3844.33
8192,0,64,1024,4009.99
8192,0,64,2048,4349.19
8192,0,64,4096,5135.56
8192,0,64,8192,6707.04
8192,0,64,16384,9791.25
8192,0,64,32768,15952
8192,0,128,16,4149.51
8192,0,128,32,4150.82
8192,0,128,64,4153.19
8192,0,128,128,4231.1
8192,0,128,256,4317.09
8192,0,128,512,4477.12
8192,0,128,1024,4858.43
8192,0,128,2048,5613.05
8192,0,128,4096,7134.7
8192,0,128,8192,10236.7
8192,0,128,16384,16354.5
8192,16,0,0,3255.64
8192,16,1,16,3267.47
8192,16,1,32,3266.42
8192,16,1,64,3264.32
8192,16,1,128,3265.45
8192,16,1,256,3266.54
8192,16,1,512,3269.41
8192,16,1,1024,3273.51
8192,16,1,2048,3278.28
8192,16,1,4096,3287.21
8192,16,1,8192,3322.77
8192,16,1,16384,3738.88
8192,16,1,32768,4564.66
8192,16,2,16,3277.9
8192,16,2,32,3278.99
8192,16,2,64,3274.64
8192,16,2,128,3279.27
8192,16,2,256,3280.41
8192,16,2,512,3280.61
8192,16,2,1024,3288.5
8192,16,2,2048,3296.32
8192,16,2,4096,3311.56
8192,16,2,8192,3398.14
8192,16,2,16384,3858.31
8192,16,2,32768,4744.39
8192,16,4,16,3289.28
8192,16,4,32,3289.18
8192,16,4,64,3289.75
8192,16,4,128,3294
8192,16,4,256,3294.76
8192,16,4,512,3300.42
8192,16,4,1024,3305.82
8192,16,4,2048,3327.36
8192,16,4,4096,3370.41
8192,16,4,8192,3519.87
8192,16,4,16384,4050.95
8192,16,4,32768,5075.75
8192,16,8,16,3316.1
8192,16,8,32,3313.8
8192,16,8,64,3314.3
8192,16,8,128,3320.4
8192,16,8,256,3326.87
8192,16,8,512,3338.27
8192,16,8,1024,3358.53
8192,16,8,2048,3396.58
8192,16,8,4096,3485.61
8192,16,8,8192,3733.43
8192,16,8,16384,4430.15
8192,16,8,32768,5708.57
8192,16,16,16,3377.61
8192,16,16,32,3377.67
8192,16,16,64,3378.49
8192,16,16,128,3387.23
8192,16,16,256,3398.66
8192,16,16,512,3419.79
8192,16,16,1024,3462.51
8192,16,16,2048,3545.17
8192,16,16,4096,3707.72
8192,16,16,8192,4159.28
8192,16,16,16384,5184.62
8192,16,16,32768,7124.17
8192,16,32,16,3494.3
8192,16,32,32,3493.52
8192,16,32,64,3495.47
8192,16,32,128,3516.08
8192,16,32,256,3536.3
8192,16,32,512,3577.31
8192,16,32,1024,3658.49
8192,16,32,2048,3825.64
8192,16,32,4096,4177.67
8192,16,32,8192,5015.69
8192,16,32,16384,6690.34
8192,16,32,32768,10016.6
8192,16,64,16,3735.96
8192,16,64,32,3735.51
8192,16,64,64,3737.69
8192,16,64,128,3776.76
8192,16,64,256,3815.11
8192,16,64,512,3891.51
8192,16,64,1024,4060.75
8192,16,64,2048,4391.68
8192,16,64,4096,5179.93
8192,16,64,8192,6752.89
8192,16,64,16384,9839.16
8192,16,64,32768,15984.3
8192,16,128,16,4198.93
8192,16,128,32,4199.84
8192,16,128,64,4202.5
8192,16,128,128,4281.26
8192,16,128,256,4365.91
8192,16,128,512,4525.61
8192,16,128,1024,4900.84
8192,16,128,2048,5657.2
8192,16,128,4096,7178.07
8192,16,128,8192,10280
8192,16,128,16384,16388.2
8192,32,0,0,3257.99
8192,32,1,16,3267.12
8192,32,1,32,3265.85
8192,32,1,64,3266.88
8192,32,1,128,3266.86
8192,32,1,256,3267.39
8192,32,1,512,3268.26
8192,32,1,1024,3271.95
8192,32,1,2048,3276.98
8192,32,1,4096,3286.31
8192,32,1,8192,3322.95
8192,32,1,16384,3732.94
8192,32,1,32768,4559.37
8192,32,2,16,3274.56
8192,32,2,32,3279.99
8192,32,2,64,3277.29
8192,32,2,128,3280.17
8192,32,2,256,3280.89
8192,32,2,512,3280.79
8192,32,2,1024,3287.26
8192,32,2,2048,3292.27
8192,32,2,4096,3314.79
8192,32,2,8192,3400.8
8192,32,2,16384,3858.58
8192,32,2,32768,4743.56
8192,32,4,16,3290.48
8192,32,4,32,3289.35
8192,32,4,64,3289.85
8192,32,4,128,3292.98
8192,32,4,256,3297.26
8192,32,4,512,3299.74
8192,32,4,1024,3308.7
8192,32,4,2048,3329.3
8192,32,4,4096,3368.15
8192,32,4,8192,3517.27
8192,32,4,16384,4050.05
8192,32,4,32768,5075.58
8192,32,8,16,3316.13
8192,32,8,32,3316.26
8192,32,8,64,3315.46
8192,32,8,128,3320.76
8192,32,8,256,3326.12
8192,32,8,512,3338.09
8192,32,8,1024,3356.76
8192,32,8,2048,3396.96
8192,32,8,4096,3484.02
8192,32,8,8192,3733.82
8192,32,8,16384,4430.27
8192,32,8,32768,5722.25
8192,32,16,16,3377.59
8192,32,16,32,3379.9
8192,32,16,64,3379.91
8192,32,16,128,3389.41
8192,32,16,256,3398.67
8192,32,16,512,3423.86
8192,32,16,1024,3463.14
8192,32,16,2048,3547.58
8192,32,16,4096,3710.59
8192,32,16,8192,4160.97
8192,32,16,16384,5185.28
8192,32,16,32768,7122.47
8192,32,32,16,3494.9
8192,32,32,32,3494.66
8192,32,32,64,3494.48
8192,32,32,128,3515.54
8192,32,32,256,3536.21
8192,32,32,512,3576.68
8192,32,32,1024,3657.43
8192,32,32,2048,3824.18
8192,32,32,4096,4177.55
8192,32,32,8192,5016.18
8192,32,32,16384,6689.21
8192,32,32,32768,10013.1
8192,32,64,16,3736.68
8192,32,64,32,3738.51
8192,32,64,64,3737.15
8192,32,64,128,3774.35
8192,32,64,256,3815.34
8192,32,64,512,3894.59
8192,32,64,1024,4058.41
8192,32,64,2048,4391.77
8192,32,64,4096,5180.1
8192,32,64,8192,6754.75
8192,32,64,16384,9836.81
8192,32,64,32768,15974
8192,32,128,16,4200.85
8192,32,128,32,4199.78
8192,32,128,64,4203.72
8192,32,128,128,4280.53
8192,32,128,256,4366.4
8192,32,128,512,4526.18
8192,32,128,1024,4900.98
8192,32,128,2048,5657.65
8192,32,128,4096,7177.96
8192,32,128,8192,10276.2
8192,32,128,16384,16382.4
8192,64,0,0,3258.46
8192,64,1,16,3267.37
8192,64,1,32,3265.86
8192,64,1,64,3268.66
8192,64,1,128,3266.33
8192,64,1,256,3266.98
8192,64,1,512,3266.64
8192,64,1,1024,3271.35
8192,64,1,2048,3279.56
8192,64,1,4096,3285.91
8192,64,1,8192,3323.46
8192,64,1,16384,3740.03
8192,64,1,32768,4563.31
8192,64,2,16,3276.13
8192,64,2,32,3274.86
8192,64,2,64,3275.38
8192,64,2,128,3279.17
8192,64,2,256,3277.1
8192,64,2,512,3281.42
8192,64,2,1024,3287.92
8192,64,2,2048,3294.23
8192,64,2,4096,3313.45
8192,64,2,8192,3397.02
8192,64,2,16384,3857.91
8192,64,2,32768,4745.51
8192,64,4,16,3290.13
8192,64,4,32,3290.31
8192,64,4,64,3289.35
8192,64,4,128,3294.23
8192,64,4,256,3296.1
8192,64,4,512,3300.54
8192,64,4,1024,3308.15
8192,64,4,2048,3330.54
8192,64,4,4096,3370.95
8192,64,4,8192,3518.96
8192,64,4,16384,4050.55
8192,64,4,32768,5077.59
8192,64,8,16,3314.49
8192,64,8,32,3313.75
8192,64,8,64,3313.77
8192,64,8,128,3319.1
8192,64,8,256,3325.78
8192,64,8,512,3337.24
8192,64,8,1024,3357.35
8192,64,8,2048,3395.57
8192,64,8,4096,3481.15
8192,64,8,8192,3732.61
8192,64,8,16384,4432.57
8192,64,8,32768,5720.44
8192,64,16,16,3378.78
8192,64,16,32,3377.94
8192,64,16,64,3379.73
8192,64,16,128,3389.08
8192,64,16,256,3400.48
8192,64,16,512,3423.2
8192,64,16,1024,3463.78
8192,64,16,2048,3545.88
8192,64,16,4096,3710.12
8192,64,16,8192,4161.37
8192,64,16,16384,5184.92
8192,64,16,32768,7121.02
8192,64,32,16,3493.77
8192,64,32,32,3493.02
8192,64,32,64,3495.21
8192,64,32,128,3514.74
8192,64,32,256,3534.94
8192,64,32,512,3579.32
8192,64,32,1024,3658.19
8192,64,32,2048,3825.56
8192,64,32,4096,4176.68
8192,64,32,8192,5016.38
8192,64,32,16384,6690.35
8192,64,32,32768,10012.6
8192,64,64,16,3737.87
8192,64,64,32,3736.23
8192,64,64,64,3738.2
8192,64,64,128,3777.31
8192,64,64,256,3814.73
8192,64,64,512,3893.6
8192,64,64,1024,4058.68
8192,64,64,2048,4392.19
8192,64,64,4096,5180.76
8192,64,64,8192,6754.61
8192,64,64,16384,9839.33
8192,64,64,32768,15987.6
8192,64,128,16,4199.06
8192,64,128,32,4202.37
8192,64,128,64,4202.16
8192,64,128,128,4282.14
8192,64,128,256,4364.33
8192,64,128,512,4527.82
8192,64,128,1024,4901.83
8192,64,128,2048,5657.55
8192,64,128,4096,7179.41
8192,64,128,8192,10279.4
8192,64,128,16384,16394.5
8192,128,0,0,3301.19
8192,128,1,16,3310.22
8192,128,1,32,3310.36
8192,128,1,64,3310.09
8192,128,1,128,3311.65
8192,128,1,256,3312.71
8192,128,1,512,3313.61
8192,128,1,1024,3312.41
8192,128,1,2048,3315.37
8192,128,1,4096,3328.62
8192,128,1,8192,3365.3
8192,128,1,16384,3782.62
8192,128,1,32768,4606.49
8192,128,2,16,3317.91
8192,128,2,32,3319.47
8192,128,2,64,3318.02
8192,128,2,128,3318.17
8192,128,2,256,3320.32
8192,128,2,512,3318.74
8192,128,2,1024,3326.83
8192,128,2,2048,3343.74
8192,128,2,4096,3357.54
8192,128,2,8192,3444.85
8192,128,2,16384,3898.05
8192,128,2,32768,4789.56
8192,128,4,16,3330.96
8192,128,4,32,3332.31
8192,128,4,64,3329.68
8192,128,4,128,3332.92
8192,128,4,256,3336.58
8192,128,4,512,3344.58
8192,128,4,1024,3354.32
8192,128,4,2048,3368.15
8192,128,4,4096,3409.25
8192,128,4,8192,3560.59
8192,128,4,16384,4094.88
8192,128,4,32768,5120.1
8192,128,8,16,3359.79
8192,128,8,32,3355.11
8192,128,8,64,3359.44
8192,128,8,128,3360.32
8192,128,8,256,3364.78
8192,128,8,512,3377.29
8192,128,8,1024,3396.63
8192,128,8,2048,3440.68
8192,128,8,4096,3523.72
8192,128,8,8192,3776.87
8192,128,8,16384,4478.33
8192,128,8,32768,5765.01
8192,128,16,16,3423.11
8192,128,16,32,3420.14
8192,128,16,64,3420.94
8192,128,16,128,3431.26
8192,128,16,256,3439.54
8192,128,16,512,3461.87
8192,128,16,1024,3502.43
8192,128,16,2048,3586.35
8192,128,16,4096,3750.9
8192,128,16,8192,4204.27
8192,128,16,16384,5231.4
8192,128,16,32768,7166.62
8192,128,32,16,3536.78
8192,128,32,32,3536.4
8192,128,32,64,3537.16
8192,128,32,128,3554.47
8192,128,32,256,3577.42
8192,128,32,512,3617.14
8192,128,32,1024,3697.49
8192,128,32,2048,3861.38
8192,128,32,4096,4220.14
8192,128,32,8192,5060.3
8192,128,32,16384,6729.66
8192,128,32,32768,10059.7
8192,128,64,16,3774.36
8192,128,64,32,3777.93
8192,128,64,64,3775.19
8192,128,64,128,3815.52
8192,128,64,256,3854.59
8192,128,64,512,3933.78
8192,128,64,1024,4097.98
8192,128,64,2048,4436.39
8192,128,64,4096,5224.08
8192,128,64,8192,6797.92
8192,128,64,16384,9883.31
8192,128,64,32768,16042.9
8192,128,128,16,4242.53
8192,128,128,32,4242.84
8192,128,128,64,4245.62
8192,128,128,128,4322
8192,128,128,256,4400.95
8192,128,128,512,4566.67
8192,128,128,1024,4944.93
8192,128,128,2048,5700.63
8192,128,128,4096,7222.13
8192,128,128,8192,10322.4
8192,128,128,16384,16441
8192,256,0,0,3391.08
8192,256,1,16,3397.79
8192,256,1,32,3398.66
8192,256,1,64,3400.27
8192,256,1,128,3397.96
8192,256,1,256,3398.85
8192,256,1,512,3402.04
8192,256,1,1024,3403.95
8192,256,1,2048,3408.47
8192,256,1,4096,3415.03
8192,256,1,8192,3445.14
8192,256,1,16384,3863.5
8192,256,1,32768,4694.12
8192,256,2,16,3407.1
8192,256,2,32,3407.95
8192,256,2,64,3406.86
8192,256,2,128,3409.04
8192,256,2,256,3407.24
8192,256,2,512,3409.15
8192,256,2,1024,3411.74
8192,256,2,2048,3423.84
8192,256,2,4096,3440.9
8192,256,2,8192,3528.43
8192,256,2,16384,3983.86
8192,256,2,32768,4883.38
8192,256,4,16,3415.44
8192,256,4,32,3418.7
8192,256,4,64,3421.36
8192,256,4,128,3418.26
8192,256,4,256,3420.41
8192,256,4,512,3427.37
8192,256,4,1024,3436.54
8192,256,4,2048,3458.56
8192,256,4,4096,3502.26
8192,256,4,8192,3643.67
8192,256,4,16384,4182.96
8192,256,4,32768,5207.13
8192,256,8,16,3443.29
8192,256,8,32,3443.54
8192,256,8,64,3444.47
8192,256,8,128,3452.07
8192,256,8,256,3454.21
8192,256,8,512,3465.2
8192,256,8,1024,3490.04
8192,256,8,2048,3528.05
8192,256,8,4096,3617.05
8192,256,8,8192,3860.93
8192,256,8,16384,4566.4
8192,256,8,32768,5860.85
8192,256,16,16,3512.37
8192,256,16,32,3513.23
8192,256,16,64,3510.15
8192,256,16,128,3519.62
8192,256,16,256,3531.05
8192,256,16,512,3554.69
8192,256,16,1024,3594.14
8192,256,16,2048,3679.96
8192,256,16,4096,3842.62
8192,256,16,8192,4292.57
8192,256,16,16384,5323.69
8192,256,16,32768,7246.37
8192,256,32,16,3628.5
8192,256,32,32,3626.47
8192,256,32,64,3627.93
8192,256,32,128,3648
8192,256,32,256,3668.85
8192,256,32,512,3708.92
8192,256,32,1024,3788.96
8192,256,32,2048,3952.54
8192,256,32,4096,4305.89
8192,256,32,8192,5145.81
8192,256,32,16384,6805.72
8192,256,32,32768,10156.6
8192,256,64,16,3865.98
8192,256,64,32,3869.33
8192,256,64,64,3866.66
8192,256,64,128,3908.17
8192,256,64,256,3945.47
8192,256,64,512,4027.18
8192,256,64,1024,4190.18
8192,256,64,2048,4523.2
8192,256,64,4096,5310.88
8192,256,64,8192,6882
8192,256,64,16384,9964.17
8192,256,64,32768,16117.3
8192,256,128,16,4329.84
8192,256,128,32,4329.63
8192,256,128,64,4331.6
8192,256,128,128,4411.62
8192,256,128,256,4492.55
8192,256,128,512,4655.48
8192,256,128,1024,5031.79
8192,256,128,2048,5788.27
8192,256,128,4096,7308.67
8192,256,128,8192,10409.4
8192,256,128,16384,16523.3
8192,512,0,0,3565.17
8192,512,1,16,3577.42
8192,512,1,32,3578.56
8192,512,1,64,3578.8
8192,512,1,128,3575.59
8192,512,1,256,3578.86
8192,512,1,512,3579.13
8192,512,1,1024,3584.63
8192,512,1,2048,3585.81
8192,512,1,4096,3598.3
8192,512,1,8192,3618.62
8192,512,1,16384,4038.06
8192,512,1,32768,4874.31
8192,512,2,16,3585.15
8192,512,2,32,3583.71
8192,512,2,64,3584.07
8192,512,2,128,3586.77
8192,512,2,256,3588.24
8192,512,2,512,3587.76
8192,512,2,1024,3593.38
8192,512,2,2048,3604.66
8192,512,2,4096,3626.2
8192,512,2,8192,3696.9
8192,512,2,16384,4159.02
8192,512,2,32768,5051.43
8192,512,4,16,3602.41
8192,512,4,32,3598.41
8192,512,4,64,3598.55
8192,512,4,128,3605.94
8192,512,4,256,3607.21
8192,512,4,512,3611.3
8192,512,4,1024,3620.29
8192,512,4,2048,3644.61
8192,512,4,4096,3685.65
8192,512,4,8192,3812.1
8192,512,4,16384,4357.18
8192,512,4,32768,5394.04
8192,512,8,16,3633.3
8192,512,8,32,3631.64
8192,512,8,64,3631.94
8192,512,8,128,3637.44
8192,512,8,256,3641.49
8192,512,8,512,3652.47
8192,512,8,1024,3675.99
8192,512,8,2048,3715.09
8192,512,8,4096,3800.41
8192,512,8,8192,4031.61
8192,512,8,16384,4737.33
8192,512,8,32768,6046.93
8192,512,16,16,3690.29
8192,512,16,32,3692.33
8192,512,16,64,3690.01
8192,512,16,128,3699.91
8192,512,16,256,3713.49
8192,512,16,512,3735.26
8192,512,16,1024,3775.29
8192,512,16,2048,3856.85
8192,512,16,4096,4029.95
8192,512,16,8192,4467.55
8192,512,16,16384,5506.34
8192,512,16,32768,7401.12
8192,512,32,16,3807.56
8192,512,32,32,3808.73
8192,512,32,64,3809.36
8192,512,32,128,3829.55
8192,512,32,256,3847.57
8192,512,32,512,3890.32
8192,512,32,1024,3968.97
8192,512,32,2048,4133.97
8192,512,32,4096,4478.81
8192,512,32,8192,5323.09
8192,512,32,16384,6963.46
8192,512,32,32768,10355.3
8192,512,64,16,4047.8
8192,512,64,32,4047.94
8192,512,64,64,4051.61
8192,512,64,128,4090.79
8192,512,64,256,4128.06
8192,512,64,512,4208.94
8192,512,64,1024,4370.28
8192,512,64,2048,4697.5
8192,512,64,4096,5488.03
8192,512,64,8192,7060.1
8192,512,64,16384,10150.2
8192,512,64,32768,16298.8
8192,512,128,16,4507.87
8192,512,128,32,4508.93
8192,512,128,64,4509.07
8192,512,128,128,4586.29
8192,512,128,256,4666.16
8192,512,128,512,4834.46
8192,512,128,1024,5206.48
8192,512,128,2048,5961.3
8192,512,128,4096,7484.13
8192,512,128,8192,10583.1
8192,512,128,16384,16694.2
8192,1024,0,0,3927.68
8192,1024,1,16,3941.87
8192,1024,1,32,3940.95
8192,1024,1,64,3940.33
8192,1024,1,128,3940.93
8192,1024,1,256,3942.91
8192,1024,1,512,3942.03
8192,1024,1,1024,3948.82
8192,1024,1,2048,3954.75
8192,1024,1,4096,3962.73
8192,1024,1,8192,3980.31
8192,1024,1,16384,4380.42
8192,1024,1,32768,5218.47
8192,1024,2,16,3950
8192,1024,2,32,3949.53
8192,1024,2,64,3951.4
8192,1024,2,128,3952.78
8192,1024,2,256,3950.66
8192,1024,2,512,3954.49
8192,1024,2,1024,3960.06
8192,1024,2,2048,3970.94
8192,1024,2,4096,3989.92
8192,1024,2,8192,4037.11
8192,1024,2,16384,4503.2
8192,1024,2,32768,5402.58
8192,1024,4,16,3970.81
8192,1024,4,32,3974.21
8192,1024,4,64,3971.25
8192,1024,4,128,3976.56
8192,1024,4,256,3978.35
8192,1024,4,512,4065.65
8192,1024,4,1024,3989.32
8192,1024,4,2048,4010.88
8192,1024,4,4096,4051.82
8192,1024,4,8192,4157.69
8192,1024,4,16384,4700.1
8192,1024,4,32768,5730.54
8192,1024,8,16,3995.42
8192,1024,8,32,3994.17
8192,1024,8,64,3994.67
8192,1024,8,128,4000.66
8192,1024,8,256,4005.64
8192,1024,8,512,4018.32
8192,1024,8,1024,4037
8192,1024,8,2048,4078.93
8192,1024,8,4096,4169.14
8192,1024,8,8192,4377.81
8192,1024,8,16384,5080.1
8192,1024,8,32768,6396.56
8192,1024,16,16,4051.65
8192,1024,16,32,4053.18
8192,1024,16,64,4052.78
8192,1024,16,128,4065.17
8192,1024,16,256,4074.38
8192,1024,16,512,4097.12
8192,1024,16,1024,4143.6
8192,1024,16,2048,4214.94
8192,1024,16,4096,4385.94
8192,1024,16,8192,4811.59
8192,1024,16,16384,5854.9
8192,1024,16,32768,7768.7
8192,1024,32,16,4171.61
8192,1024,32,32,4171.34
8192,1024,32,64,4170.93
8192,1024,32,128,4188.67
8192,1024,32,256,4212.09
8192,1024,32,512,4256.78
8192,1024,32,1024,4334.16
8192,1024,32,2048,4496.83
8192,1024,32,4096,4826.43
8192,1024,32,8192,5672.01
8192,1024,32,16384,7300.13
8192,1024,32,32768,10725.7
8192,1024,64,16,4414.14
8192,1024,64,32,4412.99
8192,1024,64,64,4415.74
8192,1024,64,128,4454.26
8192,1024,64,256,4495.81
8192,1024,64,512,4575.1
8192,1024,64,1024,4731.21
8192,1024,64,2048,5055.88
8192,1024,64,4096,5837.6
8192,1024,64,8192,7406.66
8192,1024,64,16384,10503.3
8192,1024,64,32768,16670.9
8192,1024,128,16,4861.83
8192,1024,128,32,4865.47
8192,1024,128,64,4866.63
8192,1024,128,128,4937.99
8192,1024,128,256,5022.43
8192,1024,128,512,5189.74
8192,1024,128,1024,5556.71
8192,1024,128,2048,6312.47
8192,1024,128,4096,7834.82
8192,1024,128,8192,10930.4
8192,1024,128,16384,17053.7
8192,2048,0,0,4661.69
8192,2048,1,16,4675.24
8192,2048,1,32,4671.82
8192,2048,1,64,4675.84
8192,2048,1,128,4674.72
8192,2048,1,256,4676.05
8192,2048,1,512,4675.53
8192,2048,1,1024,4678.21
8192,2048,1,2048,4684.37
8192,2048,1,4096,4691.39
8192,2048,1,8192,4711.43
8192,2048,1,16384,5068.55
8192,2048,1,32768,5898.96
8192,2048,2,16,4687.49
8192,2048,2,32,4686.82
8192,2048,2,64,4686.3
8192,2048,2,128,4683.96
8192,2048,2,256,4685.94
8192,2048,2,512,4688.1
8192,2048,2,1024,4690.32
8192,2048,2,2048,4704.51
8192,2048,2,4096,4723.08
8192,2048,2,8192,4756.77
8192,2048,2,16384,5188.81
8192,2048,2,32768,6093.02
8192,2048,4,16,4692.93
8192,2048,4,32,4692.81
8192,2048,4,64,4696.58
8192,2048,4,128,4696.8
8192,2048,4,256,4699.37
8192,2048,4,512,4703.45
8192,2048,4,1024,4713.35
8192,2048,4,2048,4741.36
8192,2048,4,4096,4775.83
8192,2048,4,8192,4858.68
8192,2048,4,16384,5398.02
8192,2048,4,32768,6431.63
8192,2048,8,16,4722.55
8192,2048,8,32,4721.34
8192,2048,8,64,4719.41
8192,2048,8,128,4727.31
8192,2048,8,256,4728.33
8192,2048,8,512,4738.78
8192,2048,8,1024,4763.19
8192,2048,8,2048,4805.49
8192,2048,8,4096,4882.73
8192,2048,8,8192,5074.3
8192,2048,8,16384,5787.72
8192,2048,8,32768,7118.11
8192,2048,16,16,4776.72
8192,2048,16,32,4775.27
8192,2048,16,64,4778.26
8192,2048,16,128,4788.3
8192,2048,16,256,4795.84
8192,2048,16,512,4821.76
8192,2048,16,1024,4864.95
8192,2048,16,2048,4942.51
8192,2048,16,4096,5107.82
8192,2048,16,8192,5517
8192,2048,16,16384,6553.25
8192,2048,16,32768,8508.1
8192,2048,32,16,4898.2
8192,2048,32,32,4899.08
8192,2048,32,64,4899.09
8192,2048,32,128,4920.24
8192,2048,32,256,4940.9
8192,2048,32,512,4982.96
8192,2048,32,1024,5065.01
8192,2048,32,2048,5219.01
8192,2048,32,4096,5537.93
8192,2048,32,8192,6368.12
8192,2048,32,16384,8040.79
8192,2048,32,32768,11432.4
8192,2048,64,16,5151.89
8192,2048,64,32,5152.6
8192,2048,64,64,5149.53
8192,2048,64,128,5193.77
8192,2048,64,256,5233.72
8192,2048,64,512,5314.93
8192,2048,64,1024,5464.75
8192,2048,64,2048,5777.89
8192,2048,64,4096,6536.03
8192,2048,64,8192,8117.47
8192,2048,64,16384,11216
8192,2048,64,32768,17370.3
8192,2048,128,16,5568.64
8192,2048,128,32,5572
8192,2048,128,64,5568.58
8192,2048,128,128,5642.16
8192,2048,128,256,5725.9
8192,2048,128,512,5888.73
8192,2048,128,1024,6254.31
8192,2048,128,2048,7012.37
8192,2048,128,4096,8533.55
8192,2048,128,8192,11646.3
8192,2048,128,16384,17760.7
8192,4096,0,0,6109.46
8192,4096,1,16,6126.72
8192,4096,1,32,6117.85
8192,4096,1,64,6122.84
8192,4096,1,128,6120.09
8192,4096,1,256,6120.27
8192,4096,1,512,6125.94
8192,4096,1,1024,6123.88
8192,4096,1,2048,6122.2
8192,4096,1,4096,6136.74
8192,4096,1,8192,6165.31
8192,4096,1,16384,6422.61
8192,4096,1,32768,7270.42
8192,4096,2,16,6121.63
8192,4096,2,32,6127.52
8192,4096,2,64,6130.01
8192,4096,2,128,6126.44
8192,4096,2,256,6127.07
8192,4096,2,512,6132.47
8192,4096,2,1024,6138.62
8192,4096,2,2048,6137.11
8192,4096,2,4096,6173.26
8192,4096,2,8192,6220.05
8192,4096,2,16384,6558.49
8192,4096,2,32768,7466.72
8192,4096,4,16,6143.55
8192,4096,4,32,6144.89
8192,4096,4,64,6144.88
8192,4096,4,128,6146.42
8192,4096,4,256,6147.65
8192,4096,4,512,6154.36
8192,4096,4,1024,6159.34
8192,4096,4,2048,6185.94
8192,4096,4,4096,6226.02
8192,4096,4,8192,6316.62
8192,4096,4,16384,6757.9
8192,4096,4,32768,7811.15
8192,4096,8,16,6175.27
8192,4096,8,32,6177.82
8192,4096,8,64,6177.88
8192,4096,8,128,6177.94
8192,4096,8,256,6182.13
8192,4096,8,512,6190.21
8192,4096,8,1024,6215.17
8192,4096,8,2048,6263.27
8192,4096,8,4096,6337.11
8192,4096,8,8192,6505.44
8192,4096,8,16384,7132.24
8192,4096,8,32768,8507.21
8192,4096,16,16,6231.28
8192,4096,16,32,6230.54
8192,4096,16,64,6228.36
8192,4096,16,128,6244.6
8192,4096,16,256,6254.74
8192,4096,16,512,6278.04
8192,4096,16,1024,6324.73
8192,4096,16,2048,6404.91
8192,4096,16,4096,6548.78
8192,4096,16,8192,6889.49
8192,4096,16,16384,7901.95
8192,4096,16,32768,9937.58
8192,4096,32,16,6363.84
8192,4096,32,32,6360.04
8192,4096,32,64,6362.66
8192,4096,32,128,6384.16
8192,4096,32,256,6411.09
8192,4096,32,512,6450.67
8192,4096,32,1024,6538.46
8192,4096,32,2048,6699.27
8192,4096,32,4096,6996.67
8192,4096,32,8192,7758.3
8192,4096,32,16384,9445.63
8192,4096,32,32768,12813.2
8192,4096,64,16,6619.98
8192,4096,64,32,6619.89
8192,4096,64,64,6623.84
8192,4096,64,128,6644.73
8192,4096,64,256,6682.46
8192,4096,64,512,6749.59
8192,4096,64,1024,6889.69
8192,4096,64,2048,7190.96
8192,4096,64,4096,7934.05
8192,4096,64,8192,9520.02
8192,4096,64,16384,12661.3
8192,4096,64,32768,18822.9
8192,4096,128,16,6986.07
8192,4096,128,32,6987.75
8192,4096,128,64,6991.12
8192,4096,128,128,7060.79
8192,4096,128,256,7133.5
8192,4096,128,512,7300.95
8192,4096,128,1024,7650.67
8192,4096,128,2048,8410.6
8192,4096,128,4096,9929.98
8192,4096,128,8192,13050.4
8192,4096,128,16384,19188.8
8192,8192,0,0,9018.62
8192,8192,1,16,9035.29
8192,8192,1,32,9036.03
8192,8192,1,64,9036.91
8192,8192,1,128,9034.61
8192,8192,1,256,9036.72
8192,8192,1,512,9040.71
8192,8192,1,1024,9040.64
8192,8192,1,2048,9045.84
8192,8192,1,4096,9054.05
8192,8192,1,8192,9081.86
8192,8192,1,16384,9155.78
8192,8192,1,32768,10016.4
8192,8192,2,16,9046.86
8192,8192,2,32,9038.92
8192,8192,2,64,9045.54
8192,8192,2,128,9045.46
8192,8192,2,256,9045.16
8192,8192,2,512,9051.17
8192,8192,2,1024,9052.84
8192,8192,2,2048,9067.2
8192,8192,2,4096,9097.67
8192,8192,2,8192,9129.17
8192,8192,2,16384,9289.83
8192,8192,2,32768,10214.1
8192,8192,4,16,9058.05
8192,8192,4,32,9078.1
8192,8192,4,64,9050.41
8192,8192,4,128,9062.31
8192,8192,4,256,9052.43
8192,8192,4,512,9072.64
8192,8192,4,1024,9093.74
8192,8192,4,2048,9108.95
8192,8192,4,4096,9152.98
8192,8192,4,8192,9233.06
8192,8192,4,16384,9489.84
8192,8192,4,32768,10551.1
8192,8192,8,16,9076.11
8192,8192,8,32,9076.41
8192,8192,8,64,9080.21
8192,8192,8,128,9085.31
8192,8192,8,256,9093.25
8192,8192,8,512,9105.97
8192,8192,8,1024,9134.29
8192,8192,8,2048,9188.66
8192,8192,8,4096,9265.09
8192,8192,8,8192,9396.22
8192,8192,8,16384,9873.89
8192,8192,8,32768,11289.4
8192,8192,16,16,8938.42
8192,8192,16,32,8938.83
8192,8192,16,64,8938.76
8192,8192,16,128,8946.86
8192,8192,16,256,9195.05
8192,8192,16,512,9225.68
8192,8192,16,1024,9277.43
8192,8192,16,2048,9379.02
8192,8192,16,4096,9519.32
8192,8192,16,8192,9770.94
8192,8192,16,16384,10687.5
8192,8192,16,32768,12782.9
8192,8192,32,16,9315
8192,8192,32,32,9317.74
8192,8192,32,64,9319.59
8192,8192,32,128,9346.12
8192,8192,32,256,9364.41
8192,8192,32,512,9396.93
8192,8192,32,1024,9453.15
8192,8192,32,2048,9582.68
8192,8192,32,4096,9866.4
8192,8192,32,8192,10570.1
8192,8192,32,16384,12216.5
8192,8192,32,32768,15608.8
8192,8192,64,16,9477.65
8192,8192,64,32,9476.97
8192,8192,64,64,9467.44
8192,8192,64,128,9499.38
8192,8192,64,256,9534.3
8192,8192,64,512,9614.37
8192,8192,64,1024,9747.63
8192,8192,64,2048,10021.9
8192,8192,64,4096,10727.6
8192,8192,64,8192,12321.9
8192,8192,64,16384,14288.4
8192,8192,64,32768,21707.1
8192,8192,128,16,9825.81
8192,8192,128,32,9829.96
8192,8192,128,64,9829.77
8192,8192,128,128,9892.72
8192,8192,128,256,9965.49
8192,8192,128,512,10114.3
8192,8192,128,1024,10448.7
8192,8192,128,2048,11208.9
8192,8192,128,4096,12729.3
8192,8192,128,8192,15854.5
8192,8192,128,16384,22147.4
8192,16384,0,0,14894.9
8192,16384,1,16,12988.6
8192,16384,1,32,12990.6
8192,16384,1,64,14330.9
8192,16384,1,128,14997.2
8192,16384,1,256,14912.1
8192,16384,1,512,12988.3
8192,16384,1,1024,13004.5
8192,16384,1,2048,13012.7
8192,16384,1,4096,13046.7
8192,16384,1,8192,13042.5
8192,16384,1,16384,13083.5
8192,16384,1,32768,13533.5
8192,16384,2,16,13018
8192,16384,2,32,13010.2
8192,16384,2,64,13024.5
8192,16384,2,128,13025.3
8192,16384,2,256,13012.1
8192,16384,2,512,13029.5
8192,16384,2,1024,13038.3
8192,16384,2,2048,13054.8
8192,16384,2,4096,13076
8192,16384,2,8192,13089.3
8192,16384,2,16384,13165.8
8192,16384,2,32768,13694.8
8192,16384,4,16,13056.9
8192,16384,4,32,13057.9
8192,16384,4,64,13054.5
8192,16384,4,128,13061.5
8192,16384,4,256,13071.3
8192,16384,4,512,13073.8
8192,16384,4,1024,13082.9
8192,16384,4,2048,13120.3
8192,16384,4,4096,13150.3
8192,16384,4,8192,13170.8
8192,16384,4,16384,13310.2
8192,16384,4,32768,15599.9
8192,16384,8,16,13090.2
8192,16384,8,32,13085.1
8192,16384,8,64,13089.9
8192,16384,8,128,13091.1
8192,16384,8,256,13106.3
8192,16384,8,512,13112.5
8192,16384,8,1024,13148.8
8192,16384,8,2048,13200.7
8192,16384,8,4096,13268
8192,16384,8,8192,13347.7
8192,16384,8,16384,13638.7
8192,16384,8,32768,14717.9
8192,16384,16,16,13286.7
8192,16384,16,32,13285.4
8192,16384,16,64,13284.2
8192,16384,16,128,13299.5
8192,16384,16,256,13320.9
8192,16384,16,512,13336
8192,16384,16,1024,13395.5
8192,16384,16,2048,13415.4
8192,16384,16,4096,13429.9
8192,16384,16,8192,13701.2
8192,16384,16,16384,14245.7
8192,16384,16,32768,16107.4
8192,16384,32,16,13356.7
8192,16384,32,32,13368.8
8192,16384,32,64,13356
8192,16384,32,128,13349.7
8192,16384,32,256,13373.5
8192,16384,32,512,13373.2
8192,16384,32,1024,13362.8
8192,16384,32,2048,13443
8192,16384,32,4096,13697.5
8192,16384,32,8192,14219.8
8192,16384,32,16384,15708.5
8192,16384,32,32768,18647.1
8192,16384,64,16,15208.7
8192,16384,64,32,13362.8
8192,16384,64,64,13440.5
8192,16384,64,128,13345.1
8192,16384,64,256,15251.9
8192,16384,64,512,13452.5
8192,16384,64,1024,13579.1
8192,16384,64,2048,13796
8192,16384,64,4096,14347.9
8192,16384,64,8192,16519.9
8192,16384,64,16384,21188.9
8192,16384,64,32768,27557.3
8192,16384,128,16,15550.7
8192,16384,128,32,13556.7
8192,16384,128,64,13558.5
8192,16384,128,128,13612.3
8192,16384,128,256,15692.7
8192,16384,128,512,13765.4
8192,16384,128,1024,14023.6
8192,16384,128,2048,16809.2
8192,16384,128,4096,18337.6
8192,16384,128,8192,20478.4
8192,16384,128,16384,27836.1
16384,0,0,0,12021.2
16384,0,1,16,10504.4
16384,0,1,32,10582.9
16384,0,1,64,10591.5
16384,0,1,128,10588.6
16384,0,1,256,10583.7
16384,0,1,512,10591.7
16384,0,1,1024,10592.2
16384,0,1,2048,10591.3
16384,0,1,4096,10608.1
16384,0,1,8192,10627.7
16384,0,1,16384,10704.5
16384,0,1,32768,11452.2
16384,0,2,16,10606.4
16384,0,2,32,10606.9
16384,0,2,64,10605.6
16384,0,2,128,10611.7
16384,0,2,256,10606.6
16384,0,2,512,10613.3
16384,0,2,1024,10619
16384,0,2,2048,10631.4
16384,0,2,4096,10644
16384,0,2,8192,10679.7
16384,0,2,16384,10840.4
16384,0,2,32768,11673.6
16384,0,4,16,10633.5
16384,0,4,32,10627.2
16384,0,4,64,10626.3
16384,0,4,128,10629.9
16384,0,4,256,10630.2
16384,0,4,512,10634.8
16384,0,4,1024,10649.4
16384,0,4,2048,10669.3
16384,0,4,4096,10699.3
16384,0,4,8192,10764.4
16384,0,4,16384,11034
16384,0,4,32768,12004.2
16384,0,8,16,10683.2
16384,0,8,32,10681.1
16384,0,8,64,10685
16384,0,8,128,10686.2
16384,0,8,256,10693.4
16384,0,8,512,10691.7
16384,0,8,1024,10715.9
16384,0,8,2048,10751.6
16384,0,8,4096,10831
16384,0,8,8192,10966.3
16384,0,8,16384,11417.9
16384,0,8,32768,12647.7
16384,0,16,16,10774.2
16384,0,16,32,10771.6
16384,0,16,64,10774.1
16384,0,16,128,10786.5
16384,0,16,256,10789.6
16384,0,16,512,10810
16384,0,16,1024,10841.7
16384,0,16,2048,10923.7
16384,0,16,4096,11054.1
16384,0,16,8192,11339.1
16384,0,16,16384,12171
16384,0,16,32768,13984.3
16384,0,32,16,10974.3
16384,0,32,32,10971
16384,0,32,64,12225.2
16384,0,32,128,11335.4
16384,0,32,256,11013.4
16384,0,32,512,11053.1
16384,0,32,1024,11114
16384,0,32,2048,11263.6
16384,0,32,4096,11543.7
16384,0,32,8192,12186.7
16384,0,32,16384,13672.7
16384,0,32,32768,18885.6
16384,0,64,16,12916.5
16384,0,64,32,11342
16384,0,64,64,11345.4
16384,0,64,128,11377
16384,0,64,256,11408.8
16384,0,64,512,11482.2
16384,0,64,1024,11624.1
16384,0,64,2048,11903.7
16384,0,64,4096,13977.3
16384,0,64,8192,13916.9
16384,0,64,16384,18997.5
16384,0,64,32768,22713.9
16384,0,128,16,13768.5
16384,0,128,32,13315
16384,0,128,64,12385.1
16384,0,128,128,12167.6
16384,0,128,256,12242.5
16384,0,128,512,14105.9
16384,0,128,1024,12678.2
16384,0,128,2048,15191.6
16384,0,128,4096,14688.2
16384,0,128,8192,18944.3
16384,0,128,16384,23480.7
16384,16,0,0,12126.1
16384,16,1,16,10592.2
16384,16,1,32,10676.3
16384,16,1,64,10677.4
16384,16,1,128,10679.3
16384,16,1,256,10675.7
16384,16,1,512,10679.3
16384,16,1,1024,10678.8
16384,16,1,2048,10683.8
16384,16,1,4096,10689.8
16384,16,1,8192,10717
16384,16,1,16384,10773.2
16384,16,1,32768,11532.5
16384,16,2,16,10696.1
16384,16,2,32,10691.2
16384,16,2,64,10693.9
16384,16,2,128,10695.1
16384,16,2,256,10693.8
16384,16,2,512,10702.5
16384,16,2,1024,10734.6
16384,16,2,2048,10713.1
16384,16,2,4096,10753.6
16384,16,2,8192,10763.4
16384,16,2,16384,10917.1
16384,16,2,32768,11743.3
16384,16,4,16,10738
16384,16,4,32,10710
16384,16,4,64,10712.3
16384,16,4,128,10711.6
16384,16,4,256,10715.5
16384,16,4,512,10715.6
16384,16,4,1024,10730.2
16384,16,4,2048,10770.1
16384,16,4,4096,10784.7
16384,16,4,8192,10881.3
16384,16,4,16384,11138.8
16384,16,4,32768,12077.1
16384,16,8,16,10770.7
16384,16,8,32,10769.7
16384,16,8,64,10765.3
16384,16,8,128,10801.5
16384,16,8,256,10802.7
16384,16,8,512,10785.8
16384,16,8,1024,10800.2
16384,16,8,2048,10841.6
16384,16,8,4096,10904.7
16384,16,8,8192,11050.9
16384,16,8,16384,11493.8
16384,16,8,32768,12723.1
16384,16,16,16,10857.3
16384,16,16,32,12364.7
16384,16,16,64,10865.2
16384,16,16,128,10869.9
16384,16,16,256,10878
16384,16,16,512,10901.5
16384,16,16,1024,10934.3
16384,16,16,2048,11005.6
16384,16,16,4096,11146.7
16384,16,16,8192,11451.1
16384,16,16,16384,12251.8
16384,16,16,32768,14062.3
16384,16,32,16,11058.6
16384,16,32,32,11056.7
16384,16,32,64,11064.9
16384,16,32,128,11069.6
16384,16,32,256,11091.4
16384,16,32,512,11136
16384,16,32,1024,11197.3
16384,16,32,2048,11372.1
16384,16,32,4096,11635.5
16384,16,32,8192,12265.8
16384,16,32,16384,13751.2
16384,16,32,32768,16719
16384,16,64,16,11432
16384,16,64,32,11427.8
16384,16,64,64,11430.5
16384,16,64,128,11461.9
16384,16,64,256,11498.2
16384,16,64,512,12955.2
16384,16,64,1024,12670.5
16384,16,64,2048,11983.4
16384,16,64,4096,12630.4
16384,16,64,8192,13993
16384,16,64,16384,19087.5
16384,16,64,32768,25258
16384,16,128,16,13869
16384,16,128,32,12184.3
16384,16,128,64,12184.3
16384,16,128,128,12255.1
16384,16,128,256,12332.5
16384,16,128,512,12482.4
16384,16,128,1024,14529.6
16384,16,128,2048,13325.7
16384,16,128,4096,16740.3
16384,16,128,8192,17380
16384,16,128,16384,24029.9
16384,32,0,0,12126.4
16384,32,1,16,10619.1
16384,32,1,32,10596.7
16384,32,1,64,10674.4
16384,32,1,128,10675.7
16384,32,1,256,10672.9
16384,32,1,512,10681.2
16384,32,1,1024,10674.7
16384,32,1,2048,10681.6
16384,32,1,4096,10696.8
16384,32,1,8192,10711.3
16384,32,1,16384,10771
16384,32,1,32768,11530
16384,32,2,16,10700.6
16384,32,2,32,10693.6
16384,32,2,64,10696
16384,32,2,128,10701.9
16384,32,2,256,10701.1
16384,32,2,512,10702.2
16384,32,2,1024,10734.8
16384,32,2,2048,10709.6
16384,32,2,4096,10729.5
16384,32,2,8192,10763.9
16384,32,2,16384,10918.3
16384,32,2,32768,11748.3
16384,32,4,16,10716.3
16384,32,4,32,10715.3
16384,32,4,64,10789
16384,32,4,128,10714.7
16384,32,4,256,10739.5
16384,32,4,512,10750.4
16384,32,4,1024,10733
16384,32,4,2048,10747.4
16384,32,4,4096,10780
16384,32,4,8192,10860.8
16384,32,4,16384,11139.2
16384,32,4,32768,12079.4
16384,32,8,16,10792.8
16384,32,8,32,10772.7
16384,32,8,64,10773.8
16384,32,8,128,10801.3
16384,32,8,256,10770.7
16384,32,8,512,10784.3
16384,32,8,1024,10799.1
16384,32,8,2048,10834.4
16384,32,8,4096,10938.5
16384,32,8,8192,11048.3
16384,32,8,16384,11524.3
16384,32,8,32768,12723.5
16384,32,16,16,10857.9
16384,32,16,32,10859.2
16384,32,16,64,10862.5
16384,32,16,128,10899.8
16384,32,16,256,10881
16384,32,16,512,10890.6
16384,32,16,1024,10934.5
16384,32,16,2048,11009
16384,32,16,4096,11154.9
16384,32,16,8192,11425.6
16384,32,16,16384,12280.9
16384,32,16,32768,14059.5
16384,32,32,16,11054.7
16384,32,32,32,11055.7
16384,32,32,64,11056.7
16384,32,32,128,11076.6
16384,32,32,256,12113.3
16384,32,32,512,12668.8
16384,32,32,1024,12749.1
16384,32,32,2048,12915.7
16384,32,32,4096,11627
16384,32,32,8192,12267.6
16384,32,32,16384,13755.5
16384,32,32,32768,16730.6
16384,32,64,16,13012.9
16384,32,64,32,11430.2
16384,32,64,64,11432.7
16384,32,64,128,11464.6
16384,32,64,256,11499.5
16384,32,64,512,11568.2
16384,32,64,1024,11710.5
16384,32,64,2048,11989.2
16384,32,64,4096,12599.6
16384,32,64,8192,13995.5
16384,32,64,16384,19089.7
16384,32,64,32768,25260.2
16384,32,128,16,13867.4
16384,32,128,32,12111.3
16384,32,128,64,12187.7
16384,32,128,128,13954.2
16384,32,128,256,12262.9
16384,32,128,512,12412.2
16384,32,128,1024,12690.4
16384,32,128,2048,15281.7
16384,32,128,4096,14681
16384,32,128,8192,19848.8
16384,32,128,16384,26093.5
16384,64,0,0,10898.2
16384,64,1,16,10643.3
16384,64,1,32,10676.2
16384,64,1,64,10671.6
16384,64,1,128,10682.4
16384,64,1,256,10678.4
16384,64,1,512,10676
16384,64,1,1024,10676.4
16384,64,1,2048,10685.5
16384,64,1,4096,10692.8
16384,64,1,8192,10740.7
16384,64,1,16384,10770.6
16384,64,1,32768,11536.9
16384,64,2,16,10721.1
16384,64,2,32,10698.8
16384,64,2,64,10694.3
16384,64,2,128,10695.9
16384,64,2,256,10701.3
16384,64,2,512,10696.1
16384,64,2,1024,10724.8
16384,64,2,2048,10740.5
16384,64,2,4096,10755.1
16384,64,2,8192,10763.9
16384,64,2,16384,10917.7
16384,64,2,32768,11749.1
16384,64,4,16,10711.7
16384,64,4,32,10704.4
16384,64,4,64,10718.6
16384,64,4,128,10738.7
16384,64,4,256,10715.6
16384,64,4,512,10728.5
16384,64,4,1024,10726.2
16384,64,4,2048,10750.2
16384,64,4,4096,10785.7
16384,64,4,8192,10852.7
16384,64,4,16384,11137
16384,64,4,32768,12078.5
16384,64,8,16,10766.9
16384,64,8,32,10765.4
16384,64,8,64,10767.1
16384,64,8,128,10777.2
16384,64,8,256,10778.4
16384,64,8,512,10784.4
16384,64,8,1024,10797.1
16384,64,8,2048,10833.7
16384,64,8,4096,10907.7
16384,64,8,8192,11051.8
16384,64,8,16384,11551.7
16384,64,8,32768,12720
16384,64,16,16,10859.4
16384,64,16,32,10863.7
16384,64,16,64,10864.2
16384,64,16,128,10866.1
16384,64,16,256,10883.7
16384,64,16,512,10893.6
16384,64,16,1024,10932.7
16384,64,16,2048,11007.9
16384,64,16,4096,11175.9
16384,64,16,8192,11479.4
16384,64,16,16384,12247.2
16384,64,16,32768,14069.3
16384,64,32,16,11061.8
16384,64,32,32,11056.5
16384,64,32,64,11059.5
16384,64,32,128,11070
16384,64,32,256,11097
16384,64,32,512,11130.3
16384,64,32,1024,11203.5
16384,64,32,2048,11339.4
16384,64,32,4096,11630.2
16384,64,32,8192,12266.2
16384,64,32,16384,13764.3
16384,64,32,32768,16725.7
16384,64,64,16,11428.1
16384,64,64,32,11431.7
16384,64,64,64,11430
16384,64,64,128,11462.3
16384,64,64,256,11497.2
16384,64,64,512,11565.4
16384,64,64,1024,11712.3
16384,64,64,2048,13642.8
16384,64,64,4096,14338.8
16384,64,64,8192,13993.5
16384,64,64,16384,16881.3
16384,64,64,32768,25253.5
16384,64,128,16,12765.9
16384,64,128,32,12182.8
16384,64,128,64,12187.5
16384,64,128,128,13950.9
16384,64,128,256,12256.1
16384,64,128,512,12479.4
16384,64,128,1024,12763.5
16384,64,128,2048,13426.7
16384,64,128,4096,14765.9
16384,64,128,8192,19847.4
16384,64,128,16384,26090.1
16384,128,0,0,12203.9
16384,128,1,16,10736.5
16384,128,1,32,10689.8
16384,128,1,64,10692.3
16384,128,1,128,10694.3
16384,128,1,256,10737.5
16384,128,1,512,10692.6
16384,128,1,1024,10717.5
16384,128,1,2048,10699.9
16384,128,1,4096,10757.6
16384,128,1,8192,10783.5
16384,128,1,16384,10852.2
16384,128,1,32768,11601.9
16384,128,2,16,10778.6
16384,128,2,32,10767.6
16384,128,2,64,10771.4
16384,128,2,128,10767.2
16384,128,2,256,10773.1
16384,128,2,512,12270.3
16384,128,2,1024,12267.9
16384,128,2,2048,10756.9
16384,128,2,4096,10763.9
16384,128,2,8192,10840.3
16384,128,2,16384,10992.2
16384,128,2,32768,13460.8
16384,128,4,16,10754.9
16384,128,4,32,10748.5
16384,128,4,64,10722
16384,128,4,128,10783
16384,128,4,256,10787.5
16384,128,4,512,10789.1
16384,128,4,1024,10806.7
16384,128,4,2048,10825
16384,128,4,4096,10865.5
16384,128,4,8192,10930
16384,128,4,16384,11186.1
16384,128,4,32768,12147.7
16384,128,8,16,10835.8
16384,128,8,32,10833.5
16384,128,8,64,10836.7
16384,128,8,128,10841.7
16384,128,8,256,10839.8
16384,128,8,512,10850.8
16384,128,8,1024,10873.6
16384,128,8,2048,10914
16384,128,8,4096,10983.7
16384,128,8,8192,11143.9
16384,128,8,16384,11624
16384,128,8,32768,12788.5
16384,128,16,16,10933
16384,128,16,32,10934.4
16384,128,16,64,10932.9
16384,128,16,128,10942.9
16384,128,16,256,10950.1
16384,128,16,512,10972.6
16384,128,16,1024,11003.3
16384,128,16,2048,11080.3
16384,128,16,4096,11246.3
16384,128,16,8192,11519.9
16384,128,16,16384,12385
16384,128,16,32768,14143.5
16384,128,32,16,11131.1
16384,128,32,32,11127.3
16384,128,32,64,11131.1
16384,128,32,128,11147
16384,128,32,256,11165.7
16384,128,32,512,11203.1
16384,128,32,1024,11275.1
16384,128,32,2048,11418.5
16384,128,32,4096,11694.8
16384,128,32,8192,12342.6
16384,128,32,16384,13825.7
16384,128,32,32768,16805.4
16384,128,64,16,11496.9
16384,128,64,32,11496.2
16384,128,64,64,11497.5
16384,128,64,128,11530.4
16384,128,64,256,11566.9
16384,128,64,512,11642.5
16384,128,64,1024,11786.9
16384,128,64,2048,12059.3
16384,128,64,4096,12677.7
16384,128,64,8192,14069.7
16384,128,64,16384,16955.8
16384,128,64,32768,25337
16384,128,128,16,13947.4
16384,128,128,32,12186.9
16384,128,128,64,12258.4
16384,128,128,128,12250.3
16384,128,128,256,14112.9
16384,128,128,512,13041.7
16384,128,128,1024,12769.6
16384,128,128,2048,13423.5
16384,128,128,4096,16892.4
16384,128,128,8192,17487.1
16384,128,128,16384,26179.1
16384,256,0,0,12050.8
16384,256,1,16,11163.9
16384,256,1,32,10852.1
16384,256,1,64,10838.6
16384,256,1,128,10840.4
16384,256,1,256,10866.4
16384,256,1,512,10852.4
16384,256,1,1024,12412.8
16384,256,1,2048,10877.9
16384,256,1,4096,10860.6
16384,256,1,8192,10945.3
16384,256,1,16384,10988.6
16384,256,1,32768,11739.5
16384,256,2,16,10863.1
16384,256,2,32,10861
16384,256,2,64,10895.3
16384,256,2,128,10939
16384,256,2,256,10892
16384,256,2,512,10946.3
16384,256,2,1024,10900.2
16384,256,2,2048,10880.7
16384,256,2,4096,10955.1
16384,256,2,8192,11001.9
16384,256,2,16384,11146.4
16384,256,2,32768,11973.7
16384,256,4,16,10943.7
16384,256,4,32,10937.8
16384,256,4,64,10942.8
16384,256,4,128,10944.1
16384,256,4,256,10945.6
16384,256,4,512,10955.4
16384,256,4,1024,10957.4
16384,256,4,2048,10984.5
16384,256,4,4096,11011.5
16384,256,4,8192,11088.8
16384,256,4,16384,11392
16384,256,4,32768,12293.4
16384,256,8,16,10994.7
16384,256,8,32,10990.8
16384,256,8,64,10995.1
16384,256,8,128,11002.4
16384,256,8,256,11002.7
16384,256,8,512,11011.4
16384,256,8,1024,11055.2
16384,256,8,2048,11093.3
16384,256,8,4096,11142.6
16384,256,8,8192,11322.3
16384,256,8,16384,11725.2
16384,256,8,32768,12942.7
16384,256,16,16,11085.9
16384,256,16,32,11088.8
16384,256,16,64,11095.7
16384,256,16,128,11099
16384,256,16,256,11107.8
16384,256,16,512,11120.1
16384,256,16,1024,11166.3
16384,256,16,2048,11231
16384,256,16,4096,11427.4
16384,256,16,8192,11705
16384,256,16,16384,12528.1
16384,256,16,32768,14297.1
16384,256,32,16,11288.8
16384,256,32,32,11284.8
16384,256,32,64,11287.3
16384,256,32,128,11305.2
16384,256,32,256,11324.4
16384,256,32,512,11352.7
16384,256,32,1024,11422
16384,256,32,2048,11575.2
16384,256,32,4096,11863.4
16384,256,32,8192,12524.3
16384,256,32,16384,13982.8
16384,256,32,32768,16956.2
16384,256,64,16,11651.4
16384,256,64,32,11655.6
16384,256,64,64,11658.6
16384,256,64,128,13312.4
16384,256,64,256,11688.1
16384,256,64,512,11733.6
16384,256,64,1024,11956.9
16384,256,64,2048,12238.9
16384,256,64,4096,12855.2
16384,256,64,8192,14250.6
16384,256,64,16384,19357.6
16384,256,64,32768,25524.9
16384,256,128,16,14126.8
16384,256,128,32,13964.8
16384,256,128,64,13664
16384,256,128,128,12410.6
16384,256,128,256,12476
16384,256,128,512,12632.6
16384,256,128,1024,12917.6
16384,256,128,2048,13579.7
16384,256,128,4096,17061.3
16384,256,128,8192,18371.6
16384,256,128,16384,26354.9
16384,512,0,0,12740.8
16384,512,1,16,11187
16384,512,1,32,11162.2
16384,512,1,64,11163.4
16384,512,1,128,11234.6
16384,512,1,256,11200.7
16384,512,1,512,11153.3
16384,512,1,1024,11153.9
16384,512,1,2048,11207.4
16384,512,1,4096,11224.9
16384,512,1,8192,11249.3
16384,512,1,16384,12143.5
16384,512,1,32768,13730.7
16384,512,2,16,11174
16384,512,2,32,11228.9
16384,512,2,64,11227.5
16384,512,2,128,12795.3
16384,512,2,256,11181.9
16384,512,2,512,11178.2
16384,512,2,1024,11185
16384,512,2,2048,11194.1
16384,512,2,4096,11242.3
16384,512,2,8192,11276
16384,512,2,16384,11436.9
16384,512,2,32768,12196.8
16384,512,4,16,11247.9
16384,512,4,32,11197.8
16384,512,4,64,11197.2
16384,512,4,128,11252.5
16384,512,4,256,11209.1
16384,512,4,512,11232.9
16384,512,4,1024,11289.6
16384,512,4,2048,11261.2
16384,512,4,4096,11363.1
16384,512,4,8192,11475.9
16384,512,4,16384,11665.8
16384,512,4,32768,12645.9
16384,512,8,16,11332.4
16384,512,8,32,11334.8
16384,512,8,64,11360.4
16384,512,8,128,11342.9
16384,512,8,256,11391.3
16384,512,8,512,11352.1
16384,512,8,1024,11367.2
16384,512,8,2048,11456.8
16384,512,8,4096,11476.7
16384,512,8,8192,11641.7
16384,512,8,16384,12106.8
16384,512,8,32768,13272.7
16384,512,16,16,11459.2
16384,512,16,32,11486.2
16384,512,16,64,11433.9
16384,512,16,128,11466.4
16384,512,16,256,11455.6
16384,512,16,512,11473.6
16384,512,16,1024,11526.7
16384,512,16,2048,11562.7
16384,512,16,4096,11733.2
16384,512,16,8192,12038.7
16384,512,16,16384,12845.3
16384,512,16,32768,14635
16384,512,32,16,11651.7
16384,512,32,32,11624.6
16384,512,32,64,11654.6
16384,512,32,128,11641.5
16384,512,32,256,11681.4
16384,512,32,512,11692
16384,512,32,1024,11764.9
16384,512,32,2048,11963.5
16384,512,32,4096,13848.8
16384,512,32,8192,14575.9
16384,512,32,16384,14207.6
16384,512,32,32768,17166.9
16384,512,64,16,11902.4
16384,512,64,32,13631.3
16384,512,64,64,11902.2
16384,512,64,128,11938.6
16384,512,64,256,11972.9
16384,512,64,512,12042.8
16384,512,64,1024,12181
16384,512,64,2048,12490.1
16384,512,64,4096,13092.9
16384,512,64,8192,14453.7
16384,512,64,16384,17330.3
16384,512,64,32768,23230.5
16384,512,128,16,14480.2
16384,512,128,32,14479.2
16384,512,128,64,12649.1
16384,512,128,128,12718.3
16384,512,128,256,12792.7
16384,512,128,512,12934.7
16384,512,128,1024,13222.1
16384,512,128,2048,13885.7
16384,512,128,4096,17412.6
16384,512,128,8192,17948.3
16384,512,128,16384,23568.3
16384,1024,0,0,13470.2
16384,1024,1,16,11832.1
16384,1024,1,32,11854.3
16384,1024,1,64,11844.9
16384,1024,1,128,11840.2
16384,1024,1,256,11782.3
16384,1024,1,512,11810.8
16384,1024,1,1024,11869.3
16384,1024,1,2048,11878.7
16384,1024,1,4096,11804.6
16384,1024,1,8192,11875.1
16384,1024,1,16384,11948.5
16384,1024,1,32768,12687.3
16384,1024,2,16,11861.8
16384,1024,2,32,13517
16384,1024,2,64,11833.3
16384,1024,2,128,11811.3
16384,1024,2,256,11838.1
16384,1024,2,512,11810.5
16384,1024,2,1024,11873.9
16384,1024,2,2048,11891.9
16384,1024,2,4096,11868
16384,1024,2,8192,11898.5
16384,1024,2,16384,12062.2
16384,1024,2,32768,12835.7
16384,1024,4,16,11900.2
16384,1024,4,32,11846.3
16384,1024,4,64,11851.5
16384,1024,4,128,11882.4
16384,1024,4,256,11846.2
16384,1024,4,512,11856.8
16384,1024,4,1024,11884.8
16384,1024,4,2048,11879.3
16384,1024,4,4096,11978.4
16384,1024,4,8192,12048.5
16384,1024,4,16384,12342.4
16384,1024,4,32768,13225.4
16384,1024,8,16,11995.6
16384,1024,8,32,11988.1
16384,1024,8,64,12011
16384,1024,8,128,11967.5
16384,1024,8,256,11979.2
16384,1024,8,512,12009.4
16384,1024,8,1024,12024.2
16384,1024,8,2048,12095.3
16384,1024,8,4096,12147.5
16384,1024,8,8192,12311.5
16384,1024,8,16384,12700.9
16384,1024,8,32768,13925.1
16384,1024,16,16,12112.1
16384,1024,16,32,12054.9
16384,1024,16,64,12111.4
16384,1024,16,128,12112.4
16384,1024,16,256,12066.2
16384,1024,16,512,12158.1
16384,1024,16,1024,12128.8
16384,1024,16,2048,12259.2
16384,1024,16,4096,12341.2
16384,1024,16,8192,12615.6
16384,1024,16,16384,13516.4
16384,1024,16,32768,15285.3
16384,1024,32,16,12303.4
16384,1024,32,32,12249.9
16384,1024,32,64,12303.7
16384,1024,32,128,12268.9
16384,1024,32,256,12313.1
16384,1024,32,512,12379.3
16384,1024,32,1024,12453.8
16384,1024,32,2048,12526.9
16384,1024,32,4096,14560.6
16384,1024,32,8192,13482.6
16384,1024,32,16384,14946.8
16384,1024,32,32768,17919
16384,1024,64,16,12624.1
16384,1024,64,32,12624.8
16384,1024,64,64,14347.5
16384,1024,64,128,12739.9
16384,1024,64,256,12595.4
16384,1024,64,512,12741.3
16384,1024,64,1024,14705.8
16384,1024,64,2048,13140
16384,1024,64,4096,13741
16384,1024,64,8192,15105.4
16384,1024,64,16384,17978.3
16384,1024,64,32768,23888.7
16384,1024,128,16,15178.1
16384,1024,128,32,13290.2
16384,1024,128,64,13290
16384,1024,128,128,13356
16384,1024,128,256,15346.8
16384,1024,128,512,13589.7
16384,1024,128,1024,13907.6
16384,1024,128,2048,14536.2
16384,1024,128,4096,15871.2
16384,1024,128,8192,19904.2
16384,1024,128,16384,26457.5
16384,2048,0,0,14037.9
16384,2048,1,16,13099.7
16384,2048,1,32,13105.2
16384,2048,1,64,13095.2
16384,2048,1,128,13107.9
16384,2048,1,256,13124.8
16384,2048,1,512,13130
16384,2048,1,1024,13108.8
16384,2048,1,2048,13149.1
16384,2048,1,4096,14938.5
16384,2048,1,8192,13168.9
16384,2048,1,16384,13203.5
16384,2048,1,32768,13893.7
16384,2048,2,16,13159.6
16384,2048,2,32,13143.7
16384,2048,2,64,13153
16384,2048,2,128,13188.9
16384,2048,2,256,13147
16384,2048,2,512,13166.5
16384,2048,2,1024,13132.9
16384,2048,2,2048,13136.2
16384,2048,2,4096,13161.2
16384,2048,2,8192,13240.1
16384,2048,2,16384,13306
16384,2048,2,32768,14131.8
16384,2048,4,16,13134.7
16384,2048,4,32,13150.4
16384,2048,4,64,13169.9
16384,2048,4,128,13131.9
16384,2048,4,256,13146.2
16384,2048,4,512,13202.3
16384,2048,4,1024,13196.4
16384,2048,4,2048,13243.4
16384,2048,4,4096,13232.9
16384,2048,4,8192,13349.4
16384,2048,4,16384,13482.5
16384,2048,4,32768,14445.2
16384,2048,8,16,13229.3
16384,2048,8,32,13254.9
16384,2048,8,64,14996.6
16384,2048,8,128,13230.1
16384,2048,8,256,13225.5
16384,2048,8,512,13270.5
16384,2048,8,1024,13322.2
16384,2048,8,2048,13362.6
16384,2048,8,4096,13423.4
16384,2048,8,8192,13597.9
16384,2048,8,16384,13946.9
16384,2048,8,32768,15216.1
16384,2048,16,16,13359.7
16384,2048,16,32,13358.2
16384,2048,16,64,13370
16384,2048,16,128,13403.6
16384,2048,16,256,13386
16384,2048,16,512,15148.4
16384,2048,16,1024,13402.6
16384,2048,16,2048,13454.9
16384,2048,16,4096,14573.9
16384,2048,16,8192,15320.5
16384,2048,16,16384,14652.4
16384,2048,16,32768,16515.2
16384,2048,32,16,13497.2
16384,2048,32,32,13564.1
16384,2048,32,64,14830
16384,2048,32,128,13696.8
16384,2048,32,256,13545.7
16384,2048,32,512,13566.6
16384,2048,32,1024,13631.7
16384,2048,32,2048,13881.6
16384,2048,32,4096,14099.9
16384,2048,32,8192,14758.8
16384,2048,32,16384,16205.4
16384,2048,32,32768,19176.6
16384,2048,64,16,13878.1
16384,2048,64,32,13897.5
16384,2048,64,64,13853.5
16384,2048,64,128,13911.8
16384,2048,64,256,13938.6
16384,2048,64,512,14047.5
16384,2048,64,1024,16165.2
16384,2048,64,2048,14422.4
16384,2048,64,4096,15020.8
16384,2048,64,8192,16333.4
16384,2048,64,16384,21817.5
16384,2048,64,32768,25106.7
16384,2048,128,16,16599.3
16384,2048,128,32,14531
16384,2048,128,64,14534.8
16384,2048,128,128,16683.2
16384,2048,128,256,14678
16384,2048,128,512,16935
16384,2048,128,1024,15122.3
16384,2048,128,2048,15835
16384,2048,128,4096,17101.3
16384,2048,128,8192,21349.4
16384,2048,128,16384,28823.3
16384,4096,0,0,17726.1
16384,4096,1,16,15638.5
16384,4096,1,32,15643
16384,4096,1,64,15625.8
16384,4096,1,128,15658.4
16384,4096,1,256,15591.7
16384,4096,1,512,15603.8
16384,4096,1,1024,15658.8
16384,4096,1,2048,15647.7
16384,4096,1,4096,15727.3
16384,4096,1,8192,15739
16384,4096,1,16384,15782
16384,4096,1,32768,16429
16384,4096,2,16,15634.5
16384,4096,2,32,15674.2
16384,4096,2,64,15693
16384,4096,2,128,15675.7
16384,4096,2,256,15716
16384,4096,2,512,15712.8
16384,4096,2,1024,15711.6
16384,4096,2,2048,15757.7
16384,4096,2,4096,17847
16384,4096,2,8192,15792.8
16384,4096,2,16384,15885.5
16384,4096,2,32768,16564
16384,4096,4,16,15684.8
16384,4096,4,32,15751.5
16384,4096,4,64,15755.2
16384,4096,4,128,15812.2
16384,4096,4,256,15812.5
16384,4096,4,512,15829.8
16384,4096,4,1024,15758.5
16384,4096,4,2048,15832.1
16384,4096,4,4096,15832
16384,4096,4,8192,15925.9
16384,4096,4,16384,16095.2
16384,4096,4,32768,16978
16384,4096,8,16,15814.9
16384,4096,8,32,15856.9
16384,4096,8,64,15851.1
16384,4096,8,128,15833.5
16384,4096,8,256,15817.8
16384,4096,8,512,15858.2
16384,4096,8,1024,15888.4
16384,4096,8,2048,15858.9
16384,4096,8,4096,15901.6
16384,4096,8,8192,16144.3
16384,4096,8,16384,16500.6
16384,4096,8,32768,17712.2
16384,4096,16,16,15863.5
16384,4096,16,32,15870
16384,4096,16,64,15955.7
16384,4096,16,128,15885.8
16384,4096,16,256,15912.2
16384,4096,16,512,15985.3
16384,4096,16,1024,15947.9
16384,4096,16,2048,16088.1
16384,4096,16,4096,16199.4
16384,4096,16,8192,16508
16384,4096,16,16384,17293.9
16384,4096,16,32768,19042.2
16384,4096,32,16,16132.2
16384,4096,32,32,18216.8
16384,4096,32,64,16074.3
16384,4096,32,128,16152.4
16384,4096,32,256,16162
16384,4096,32,512,16194
16384,4096,32,1024,16257.7
16384,4096,32,2048,16477.6
16384,4096,32,4096,16750.6
16384,4096,32,8192,17315.9
16384,4096,32,16384,18712.9
16384,4096,32,32768,21673.4
16384,4096,64,16,16535.2
16384,4096,64,32,16516.4
16384,4096,64,64,16529.1
16384,4096,64,128,16516.8
16384,4096,64,256,16565.8
16384,4096,64,512,16636.8
16384,4096,64,1024,16782.5
16384,4096,64,2048,17019.2
16384,4096,64,4096,17646.4
16384,4096,64,8192,18911.8
16384,4096,64,16384,21748.9
16384,4096,64,32768,27672
16384,4096,128,16,17089.4
16384,4096,128,32,17128.4
16384,4096,128,64,19424.7
16384,4096,128,128,17126.7
16384,4096,128,256,17229.1
16384,4096,128,512,17342.4
16384,4096,128,1024,17631.5
16384,4096,128,2048,18270.9
16384,4096,128,4096,19565.5
16384,4096,128,8192,24389.2
16384,4096,128,16384,31727.7
16384,8192,0,0,23427.1
16384,8192,1,16,20793.6
16384,8192,1,32,23398.8
16384,8192,1,64,20687.3
16384,8192,1,128,20668.7
16384,8192,1,256,20698.1
16384,8192,1,512,20824.7
16384,8192,1,1024,20729
16384,8192,1,2048,20772.5
16384,8192,1,4096,20823.4
16384,8192,1,8192,20930
16384,8192,1,16384,21012.5
16384,8192,1,32768,21403.4
16384,8192,2,16,20900.4
16384,8192,2,32,20787.6
16384,8192,2,64,20880.8
16384,8192,2,128,20815.7
16384,8192,2,256,20833
16384,8192,2,512,20840.1
16384,8192,2,1024,20923.4
16384,8192,2,2048,20813.6
16384,8192,2,4096,20871.1
16384,8192,2,8192,20911.3
16384,8192,2,16384,21096.6
16384,8192,2,32768,21565.4
16384,8192,4,16,20958.5
16384,8192,4,32,20931.1
16384,8192,4,64,20878.8
16384,8192,4,128,20917.1
16384,8192,4,256,20954.9
16384,8192,4,512,20932.5
16384,8192,4,1024,20915.4
16384,8192,4,2048,21026.5
16384,8192,4,4096,21053.1
16384,8192,4,8192,21019.7
16384,8192,4,16384,21219
16384,8192,4,32768,21948.4
16384,8192,8,16,20964.5
16384,8192,8,32,20918.1
16384,8192,8,64,20976.8
16384,8192,8,128,21022.2
16384,8192,8,256,20938.2
16384,8192,8,512,21027.2
16384,8192,8,1024,20941.7
16384,8192,8,2048,21119.9
16384,8192,8,4096,21204.8
16384,8192,8,8192,21252.4
16384,8192,8,16384,21533.1
16384,8192,8,32768,22766
16384,8192,16,16,21091.1
16384,8192,16,32,21075.3
16384,8192,16,64,21056.6
16384,8192,16,128,21045.7
16384,8192,16,256,21124
16384,8192,16,512,21081.5
16384,8192,16,1024,21153.9
16384,8192,16,2048,21252.2
16384,8192,16,4096,21449.3
16384,8192,16,8192,21753.2
16384,8192,16,16384,22205
16384,8192,16,32768,24137.4
16384,8192,32,16,21293.4
16384,8192,32,32,21233.8
16384,8192,32,64,21286.4
16384,8192,32,128,21332.3
16384,8192,32,256,21390.6
16384,8192,32,512,21342.3
16384,8192,32,1024,21561
16384,8192,32,2048,21602.9
16384,8192,32,4096,21996.4
16384,8192,32,8192,22470.5
16384,8192,32,16384,23875.4
16384,8192,32,32768,26615.1
16384,8192,64,16,21516.2
16384,8192,64,32,21515.1
16384,8192,64,64,21544.9
16384,8192,64,128,21542.1
16384,8192,64,256,21667.1
16384,8192,64,512,21707.6
16384,8192,64,1024,21831.7
16384,8192,64,2048,22211.6
16384,8192,64,4096,22739.5
16384,8192,64,8192,23881.5
16384,8192,64,16384,26703.9
16384,8192,64,32768,32644.9
16384,8192,128,16,24799.2
16384,8192,128,32,22041.1
16384,8192,128,64,22197.2
16384,8192,128,128,22298.6
16384,8192,128,256,22343.8
16384,8192,128,512,22511.2
16384,8192,128,1024,22708.3
16384,8192,128,2048,23176.9
16384,8192,128,4096,24473.2
16384,8192,128,8192,29778.5
16384,8192,128,16384,37292.9
16384,16384,0,0,30871.9
16384,16384,1,16,31018
16384,16384,1,32,30880.9
16384,16384,1,64,30922.8
16384,16384,1,128,30994.7
16384,16384,1,256,31026.2
16384,16384,1,512,31003.2
16384,16384,1,1024,30982.8
16384,16384,1,2048,30984.6
16384,16384,1,4096,31033.3
16384,16384,1,8192,31079.8
16384,16384,1,16384,31165.4
16384,16384,1,32768,35257.1
16384,16384,2,16,31013
16384,16384,2,32,31002.7
16384,16384,2,64,30930.9
16384,16384,2,128,30975.2
16384,16384,2,256,31029.8
16384,16384,2,512,31052.7
16384,16384,2,1024,30993
16384,16384,2,2048,31018
16384,16384,2,4096,31105.5
16384,16384,2,8192,31012.7
16384,16384,2,16384,31111.4
16384,16384,2,32768,31278.3
16384,16384,4,16,30891
16384,16384,4,32,30906.6
16384,16384,4,64,30807.9
16384,16384,4,128,30942.8
16384,16384,4,256,30854.4
16384,16384,4,512,30937.2
16384,16384,4,1024,30952.9
16384,16384,4,2048,30879.8
16384,16384,4,4096,31183.6
16384,16384,4,8192,31075.5
16384,16384,4,16384,31248.8
16384,16384,4,32768,31811.8
16384,16384,8,16,30906.1
16384,16384,8,32,31016.8
16384,16384,8,64,30971.7
16384,16384,8,128,31082.6
16384,16384,8,256,30882.7
16384,16384,8,512,30983.2
16384,16384,8,1024,30919.4
16384,16384,8,2048,31071.5
16384,16384,8,4096,31266.6
16384,16384,8,8192,31277.3
16384,16384,8,16384,31562.3
16384,16384,8,32768,32403.3
16384,16384,16,16,31092.6
16384,16384,16,32,31088.8
16384,16384,16,64,31157.3
16384,16384,16,128,31174.7
16384,16384,16,256,31150.9
16384,16384,16,512,31172
16384,16384,16,1024,31134.6
16384,16384,16,2048,31244.4
16384,16384,16,4096,31419.2
16384,16384,16,8192,31663.8
16384,16384,16,16384,32326.2
16384,16384,16,32768,34018.9
16384,16384,32,16,31329.5
16384,16384,32,32,31314.9
16384,16384,32,64,31185.9
16384,16384,32,128,31293.6
16384,16384,32,256,31266.9
16384,16384,32,512,31354.7
16384,16384,32,1024,31360.1
16384,16384,32,2048,31613.2
16384,16384,32,4096,31859.4
16384,16384,32,8192,32445.2
16384,16384,32,16384,33541.1
16384,16384,32,32768,36214.1
16384,16384,64,16,31408.7
16384,16384,64,32,31561.8
16384,16384,64,64,31291.4
16384,16384,64,128,31492.5
16384,16384,64,256,31437.5
16384,16384,64,512,31454.9
16384,16384,64,1024,31736.7
16384,16384,64,2048,31998
16384,16384,64,4096,32485.9
16384,16384,64,8192,33627
16384,16384,64,16384,36347
16384,16384,64,32768,42789.3
16384,16384,128,16,32117.6
16384,16384,128,32,32161.3
16384,16384,128,64,32230.1
16384,16384,128,128,32209.6
16384,16384,128,256,32323.8
16384,16384,128,512,32489.9
16384,16384,128,1024,35045.5
16384,16384,128,2048,33227.5
16384,16384,128,4096,34442.7
16384,16384,128,8192,37254.4
16384,16384,128,16384,46762
32768,0,0,0,43168.3
32768,0,1,16,41204.3
32768,0,1,32,41303.9
32768,0,1,64,41303
32768,0,1,128,41214.5
32768,0,1,256,41253.5
32768,0,1,512,41317.7
32768,0,1,1024,41332.8
32768,0,1,2048,41217.1
32768,0,1,4096,41372.9
32768,0,1,8192,41392
32768,0,1,16384,41579.3
32768,0,1,32768,41808.5
32768,0,2,16,41088.3
32768,0,2,32,41079.6
32768,0,2,64,41136.5
32768,0,2,128,41071.2
32768,0,2,256,41101.4
32768,0,2,512,41048.4
32768,0,2,1024,41215
32768,0,2,2048,41154.4
32768,0,2,4096,41552.2
32768,0,2,8192,41257.7
32768,0,2,16384,41347.1
32768,0,2,32768,41734.5
32768,0,4,16,41135.1
32768,0,4,32,41296
32768,0,4,64,41301.7
32768,0,4,128,41229.5
32768,0,4,256,41296.4
32768,0,4,512,41202.4
32768,0,4,1024,41227.9
32768,0,4,2048,41247.1
32768,0,4,4096,41240.1
32768,0,4,8192,41446.4
32768,0,4,16384,41571
32768,0,4,32768,42069.8
32768,0,8,16,41441.8
32768,0,8,32,41397.8
32768,0,8,64,41295.9
32768,0,8,128,41408.4
32768,0,8,256,41383.8
32768,0,8,512,41427.1
32768,0,8,1024,41427.3
32768,0,8,2048,41506.2
32768,0,8,4096,41523.1
32768,0,8,8192,41727.9
32768,0,8,16384,42030.2
32768,0,8,32768,43027.4
32768,0,16,16,41637.1
32768,0,16,32,41640.6
32768,0,16,64,41620.7
32768,0,16,128,41667.6
32768,0,16,256,41698.6
32768,0,16,512,41704.3
32768,0,16,1024,41700.5
32768,0,16,2048,41787
32768,0,16,4096,41905.4
32768,0,16,8192,42223.4
32768,0,16,16384,42910.1
32768,0,16,32768,44604.6
32768,0,32,16,42012.2
32768,0,32,32,41897.8
32768,0,32,64,41972.2
32768,0,32,128,41977.4
32768,0,32,256,41963.5
32768,0,32,512,41995.3
32768,0,32,1024,42139.9
32768,0,32,2048,42282.1
32768,0,32,4096,42571.7
32768,0,32,8192,43113.9
32768,0,32,16384,44515.2
32768,0,32,32768,47250
32768,0,64,16,42579.6
32768,0,64,32,42468
32768,0,64,64,42505.6
32768,0,64,128,42626.4
32768,0,64,256,42580.8
32768,0,64,512,42691.3
32768,0,64,1024,42828
32768,0,64,2048,43021.5
32768,0,64,4096,43706.3
32768,0,64,8192,44881
32768,0,64,16384,47552.5
32768,0,64,32768,53276.7
32768,0,128,16,43834.8
32768,0,128,32,43861.7
32768,0,128,64,43944.6
32768,0,128,128,43983.8
32768,0,128,256,44011.8
32768,0,128,512,44405
32768,0,128,1024,44800.8
32768,0,128,2048,45543.2
32768,0,128,4096,51038.3
32768,0,128,8192,53269.5
32768,0,128,16384,54857.1
32768,16,0,0,41777.1
32768,16,1,16,41833.1
32768,16,1,32,41853.1
32768,16,1,64,41847.4
32768,16,1,128,41843.2
32768,16,1,256,41824
32768,16,1,512,41884.5
32768,16,1,1024,41897.5
32768,16,1,2048,41918.2
32768,16,1,4096,41828.6
32768,16,1,8192,41888.4
32768,16,1,16384,41917.2
32768,16,1,32768,42096.1
32768,16,2,16,41887
32768,16,2,32,41853.2
32768,16,2,64,41767.5
32768,16,2,128,41719.3
32768,16,2,256,41594.3
32768,16,2,512,41553.3
32768,16,2,1024,41515.7
32768,16,2,2048,41720.9
32768,16,2,4096,41680.7
32768,16,2,8192,41571.9
32768,16,2,16384,41763.8
32768,16,2,32768,42033
32768,16,4,16,41711.9
32768,16,4,32,41677.5
32768,16,4,64,41738.9
32768,16,4,128,41678
32768,16,4,256,41652.1
32768,16,4,512,41699
32768,16,4,1024,41682.1
32768,16,4,2048,41829.2
32768,16,4,4096,41738
32768,16,4,8192,41872.5
32768,16,4,16384,42122.4
32768,16,4,32768,42561.8
32768,16,8,16,41859.8
32768,16,8,32,41775.5
32768,16,8,64,41795.2
32768,16,8,128,41870.8
32768,16,8,256,41829.1
32768,16,8,512,41854.6
32768,16,8,1024,41830.5
32768,16,8,2048,41874.1
32768,16,8,4096,41960.2
32768,16,8,8192,42077.5
32768,16,8,16384,42495.3
32768,16,8,32768,43346.5
32768,16,16,16,41922
32768,16,16,32,42013.8
32768,16,16,64,41838.8
32768,16,16,128,41926
32768,16,16,256,41989.6
32768,16,16,512,42112.2
32768,16,16,1024,41965.8
32768,16,16,2048,42136.9
32768,16,16,4096,42363.9
32768,16,16,8192,42630.6
32768,16,16,16384,43146.9
32768,16,16,32768,44881.3
32768,16,32,16,42166.2
32768,16,32,32,42170.6
32768,16,32,64,42152.5
32768,16,32,128,42137.8
32768,16,32,256,42108.4
32768,16,32,512,42141.4
32768,16,32,1024,42380.5
32768,16,32,2048,42336
32768,16,32,4096,42660.9
32768,16,32,8192,43268.9
32768,16,32,16384,44573.1
32768,16,32,32768,47552.8
32768,16,64,16,42890.8
32768,16,64,32,42908.5
32768,16,64,64,42915.1
32768,16,64,128,42953.3
32768,16,64,256,42831.6
32768,16,64,512,43065.7
32768,16,64,1024,43169.5
32768,16,64,2048,43403.2
32768,16,64,4096,44014.3
32768,16,64,8192,45224.4
32768,16,64,16384,51651.3
32768,16,64,32768,53950.9
32768,16,128,16,44538
32768,16,128,32,44636.3
32768,16,128,64,44522.4
32768,16,128,128,44703.4
32768,16,128,256,44743.4
32768,16,128,512,44944.6
32768,16,128,1024,45159
32768,16,128,2048,45786.4
32768,16,128,4096,47029.1
32768,16,128,8192,49635.9
32768,16,128,16384,55068.5
32768,32,0,0,41788.8
32768,32,1,16,41943.9
32768,32,1,32,41833.3
32768,32,1,64,41917.4
32768,32,1,128,41840
32768,32,1,256,41851.1
32768,32,1,512,41838.6
32768,32,1,1024,41834.8
32768,32,1,2048,42017.9
32768,32,1,4096,42006.3
32768,32,1,8192,41926.4
32768,32,1,16384,42156.7
32768,32,1,32768,42112.4
32768,32,2,16,41970
32768,32,2,32,41879.2
32768,32,2,64,41913.7
32768,32,2,128,41954.3
32768,32,2,256,41778.9
32768,32,2,512,41550.2
32768,32,2,1024,41534.7
32768,32,2,2048,41692.6
32768,32,2,4096,41645.5
32768,32,2,8192,41666.9
32768,32,2,16384,41838.6
32768,32,2,32768,42185.9
32768,32,4,16,41676.9
32768,32,4,32,41746.5
32768,32,4,64,41735.4
32768,32,4,128,41614.4
32768,32,4,256,41828.6
32768,32,4,512,41603.9
32768,32,4,1024,41767.5
32768,32,4,2048,41709
32768,32,4,4096,41804.4
32768,32,4,8192,41883.9
32768,32,4,16384,42027.1
32768,32,4,32768,42558.4
32768,32,8,16,41753.2
32768,32,8,32,41969.8
32768,32,8,64,41780.2
32768,32,8,128,41750.5
32768,32,8,256,41997.9
32768,32,8,512,41862.9
32768,32,8,1024,41827.9
32768,32,8,2048,41839.7
32768,32,8,4096,41893.5
32768,32,8,8192,42163.9
32768,32,8,16384,42495.3
32768,32,8,32768,43254.2
32768,32,16,16,41992.2
32768,32,16,32,41820
32768,32,16,64,41849
32768,32,16,128,42021.5
32768,32,16,256,41940.5
32768,32,16,512,41929.1
32768,32,16,1024,42091.1
32768,32,16,2048,42091.1
32768,32,16,4096,42220.1
32768,32,16,8192,42554.8
32768,32,16,16384,43271.2
32768,32,16,32768,44810.4
32768,32,32,16,42119.4
32768,32,32,32,42150.5
32768,32,32,64,42114.4
32768,32,32,128,42130.1
32768,32,32,256,42164.8
32768,32,32,512,42221.3
32768,32,32,1024,42286
32768,32,32,2048,42407.3
32768,32,32,4096,42720.3
32768,32,32,8192,43267.7
32768,32,32,16384,44620.4
32768,32,32,32768,47632
32768,32,64,16,42833.1
32768,32,64,32,42912.4
32768,32,64,64,42865.5
32768,32,64,128,42949.6
32768,32,64,256,42951.7
32768,32,64,512,43100.3
32768,32,64,1024,43093.3
32768,32,64,2048,43452.9
32768,32,64,4096,44055.6
32768,32,64,8192,45294
32768,32,64,16384,48462.4
32768,32,64,32768,54060.5
32768,32,128,16,44607.7
32768,32,128,32,44573.6
32768,32,128,64,44644.8
32768,32,128,128,44632.8
32768,32,128,256,44812.6
32768,32,128,512,47644.8
32768,32,128,1024,45241.8
32768,32,128,2048,45773.1
32768,32,128,4096,49259.3
32768,32,128,8192,49716.5
32768,32,128,16384,55019
32768,64,0,0,41911.6
32768,64,1,16,41949.1
32768,64,1,32,41976.2
32768,64,1,64,41920.3
32768,64,1,128,41829.5
32768,64,1,256,42072
32768,64,1,512,41884.4
32768,64,1,1024,42092.9
32768,64,1,2048,42109.2
32768,64,1,4096,42079.3
32768,64,1,8192,41958.5
32768,64,1,16384,42012.8
32768,64,1,32768,42031.3
32768,64,2,16,41972.9
32768,64,2,32,41950.2
32768,64,2,64,42003.8
32768,64,2,128,41940.5
32768,64,2,256,41917.3
32768,64,2,512,42135.2
32768,64,2,1024,42017.4
32768,64,2,2048,42044.7
32768,64,2,4096,42045.5
32768,64,2,8192,42186.6
32768,64,2,16384,42047
32768,64,2,32768,42459.2
32768,64,4,16,42089.1
32768,64,4,32,41798.4
32768,64,4,64,41654.2
32768,64,4,128,41690.1
32768,64,4,256,41734.4
32768,64,4,512,41643.2
32768,64,4,1024,41686.4
32768,64,4,2048,41799.7
32768,64,4,4096,41928.7
32768,64,4,8192,41839
32768,64,4,16384,42129.9
32768,64,4,32768,42469.7
32768,64,8,16,41836.7
32768,64,8,32,41933.8
32768,64,8,64,41895.5
32768,64,8,128,41868.2
32768,64,8,256,41883.5
32768,64,8,512,41910.9
32768,64,8,1024,41903.4
32768,64,8,2048,42053.8
32768,64,8,4096,42041.8
32768,64,8,8192,42138.3
32768,64,8,16384,42490.9
32768,64,8,32768,43483.5
32768,64,16,16,42050.2
32768,64,16,32,41866.2
32768,64,16,64,41972.7
32768,64,16,128,42016.3
32768,64,16,256,41995.8
32768,64,16,512,42009.2
32768,64,16,1024,42089.3
32768,64,16,2048,42161.1
32768,64,16,4096,42287.7
32768,64,16,8192,42437.7
32768,64,16,16384,43140.6
32768,64,16,32768,44811.6
32768,64,32,16,42160
32768,64,32,32,42167
32768,64,32,64,42195
32768,64,32,128,42271.5
32768,64,32,256,42204.5
32768,64,32,512,42275.1
32768,64,32,1024,42305.7
32768,64,32,2048,42540
32768,64,32,4096,42736.9
32768,64,32,8192,43352.7
32768,64,32,16384,44563.1
32768,64,32,32768,47563.5
32768,64,64,16,42904
32768,64,64,32,42922.7
32768,64,64,64,42861.6
32768,64,64,128,43288.9
32768,64,64,256,43387.5
32768,64,64,512,43456.5
32768,64,64,1024,43479.1
32768,64,64,2048,43864.6
32768,64,64,4096,44419.2
32768,64,64,8192,45667.7
32768,64,64,16384,48506.8
32768,64,64,32768,54187.5
32768,64,128,16,44648.2
32768,64,128,32,44634.5
32768,64,128,64,44623
32768,64,128,128,44779.3
32768,64,128,256,44781.2
32768,64,128,512,44937.9
32768,64,128,1024,45221
32768,64,128,2048,45703.1
32768,64,128,4096,47128.8
32768,64,128,8192,50769.7
32768,64,128,16384,55201.5
32768,128,0,0,41743.3
32768,128,1,16,41820.6
32768,128,1,32,41717.7
32768,128,1,64,41799.5
32768,128,1,128,41850.4
32768,128,1,256,41812.7
32768,128,1,512,45377.1
32768,128,1,1024,41872
32768,128,1,2048,41757.1
32768,128,1,4096,41882
32768,128,1,8192,41914.7
32768,128,1,16384,41932.2
32768,128,1,32768,42216.1
32768,128,2,16,41837.9
32768,128,2,32,41877.6
32768,128,2,64,41920
32768,128,2,128,41923.6
32768,128,2,256,41938.1
32768,128,2,512,41855.1
32768,128,2,1024,41854
32768,128,2,2048,41943.5
32768,128,2,4096,41957.1
32768,128,2,8192,42018.1
32768,128,2,16384,42097
32768,128,2,32768,42411.4
32768,128,4,16,42033.6
32768,128,4,32,41927.6
32768,128,4,64,42012.8
32768,128,4,128,41935.7
32768,128,4,256,41663.1
32768,128,4,512,41993.3
32768,128,4,1024,41996.2
32768,128,4,2048,41977
32768,128,4,4096,41986.8
32768,128,4,8192,41836.9
32768,128,4,16384,42003.8
32768,128,4,32768,42513.6
32768,128,8,16,41792.8
32768,128,8,32,41907.3
32768,128,8,64,41854.5
32768,128,8,128,41801.6
32768,128,8,256,41836.6
32768,128,8,512,41813.1
32768,128,8,1024,41861.1
32768,128,8,2048,41826.8
32768,128,8,4096,41971.1
32768,128,8,8192,42159.6
32768,128,8,16384,42404.3
32768,128,8,32768,43384.9
32768,128,16,16,42118.9
32768,128,16,32,42064
32768,128,16,64,42103.5
32768,128,16,128,42156.8
32768,128,16,256,42055.2
32768,128,16,512,42151.9
32768,128,16,1024,42034.7
32768,128,16,2048,42215
32768,128,16,4096,42347.2
32768,128,16,8192,42720.6
32768,128,16,16384,43243.6
32768,128,16,32768,45006.1
32768,128,32,16,42499.1
32768,128,32,32,42431.3
32768,128,32,64,42470.5
32768,128,32,128,42405.6
32768,128,32,256,42437.8
32768,128,32,512,42576.1
32768,128,32,1024,42404.3
32768,128,32,2048,42637.6
32768,128,32,4096,43016.7
32768,128,32,8192,43713.9
32768,128,32,16384,45056.4
32768,128,32,32768,48049
32768,128,64,16,43212.9
32768,128,64,32,43250.4
32768,128,64,64,43261.9
32768,128,64,128,43366.8
32768,128,64,256,43291.6
32768,128,64,512,43406.3
32768,128,64,1024,43440.9
32768,128,64,2048,43854.5
32768,128,64,4096,44350.3
32768,128,64,8192,45745.7
32768,128,64,16384,48579
32768,128,64,32768,54213.6
32768,128,128,16,44598.4
32768,128,128,32,44584.5
32768,128,128,64,44598.2
32768,128,128,128,44662.7
32768,128,128,256,44791.6
32768,128,128,512,44950.3
32768,128,128,1024,45222.1
32768,128,128,2048,45764.4
32768,128,128,4096,47194.8
32768,128,128,8192,49762.5
32768,128,128,16384,55281.6
32768,256,0,0,42077.2
32768,256,1,16,42188.5
32768,256,1,32,42170.3
32768,256,1,64,42134.8
32768,256,1,128,42105
32768,256,1,256,42153.2
32768,256,1,512,42105.3
32768,256,1,1024,42077.7
32768,256,1,2048,42171.6
32768,256,1,4096,42169.4
32768,256,1,8192,42253.8
32768,256,1,16384,42299.2
32768,256,1,32768,42622.4
32768,256,2,16,42264.3
32768,256,2,32,42272.3
32768,256,2,64,42179.1
32768,256,2,128,42333.7
32768,256,2,256,42189.5
32768,256,2,512,42185.9
32768,256,2,1024,42295.1
32768,256,2,2048,42262.3
32768,256,2,4096,42286.6
32768,256,2,8192,42446.3
32768,256,2,16384,42398.1
32768,256,2,32768,42736
32768,256,4,16,42230.7
32768,256,4,32,42315.4
32768,256,4,64,42261.6
32768,256,4,128,42328.1
32768,256,4,256,41968.3
32768,256,4,512,42336.6
32768,256,4,1024,42287.8
32768,256,4,2048,42356.9
32768,256,4,4096,42083
32768,256,4,8192,42073.7
32768,256,4,16384,42287.3
32768,256,4,32768,42832
32768,256,8,16,42084.5
32768,256,8,32,42129.6
32768,256,8,64,42107.3
32768,256,8,128,42165.2
32768,256,8,256,42146.8
32768,256,8,512,42456.3
32768,256,8,1024,42171.1
32768,256,8,2048,42219
32768,256,8,4096,42335.2
32768,256,8,8192,42442.4
32768,256,8,16384,42819.4
32768,256,8,32768,43953
32768,256,16,16,42383.4
32768,256,16,32,42495.8
32768,256,16,64,42445.2
32768,256,16,128,42460.6
32768,256,16,256,42468.3
32768,256,16,512,42920.7
32768,256,16,1024,42452.9
32768,256,16,2048,42471.1
32768,256,16,4096,42595.3
32768,256,16,8192,43045.7
32768,256,16,16384,43647.2
32768,256,16,32768,45329.2
32768,256,32,16,42703.3
32768,256,32,32,42825.9
32768,256,32,64,42743.3
32768,256,32,128,42808.1
32768,256,32,256,42814.5
32768,256,32,512,43308.7
32768,256,32,1024,43327.8
32768,256,32,2048,43391.6
32768,256,32,4096,43743.1
32768,256,32,8192,44413.1
32768,256,32,16384,45798.3
32768,256,32,32768,48631.5
32768,256,64,16,43616.9
32768,256,64,32,43608.7
32768,256,64,64,43634.7
32768,256,64,128,43767.2
32768,256,64,256,43622.2
32768,256,64,512,43713.6
32768,256,64,1024,43913.7
32768,256,64,2048,44138.7
32768,256,64,4096,44747.1
32768,256,64,8192,46162.5
32768,256,64,16384,48928.9
32768,256,64,32768,54557.4
32768,256,128,16,44993.2
32768,256,128,32,45041.6
32768,256,128,64,44954.2
32768,256,128,128,45212.6
32768,256,128,256,45229
32768,256,128,512,45752.3
32768,256,128,1024,45673.4
32768,256,128,2048,46129.1
32768,256,128,4096,47595.3
32768,256,128,8192,50306.7
32768,256,128,16384,55582.8
32768,512,0,0,42700
32768,512,1,16,42846.4
32768,512,1,32,42847.6
32768,512,1,64,42791.9
32768,512,1,128,42758.9
32768,512,1,256,42958.5
32768,512,1,512,42790.9
32768,512,1,1024,42770.8
32768,512,1,2048,42818.5
32768,512,1,4096,42836.2
32768,512,1,8192,42823.6
32768,512,1,16384,42903.4
32768,512,1,32768,43288.7
32768,512,2,16,42849.3
32768,512,2,32,42920
32768,512,2,64,42876.8
32768,512,2,128,42899.5
32768,512,2,256,42823.7
32768,512,2,512,42883.3
32768,512,2,1024,42937.4
32768,512,2,2048,42807.6
32768,512,2,4096,42859.2
32768,512,2,8192,43028.1
32768,512,2,16384,43017.3
32768,512,2,32768,43394.6
32768,512,4,16,42955.7
32768,512,4,32,42890.3
32768,512,4,64,42901.8
32768,512,4,128,42967
32768,512,4,256,42884.1
32768,512,4,512,42954.8
32768,512,4,1024,43037.3
32768,512,4,2048,42986.3
32768,512,4,4096,43003.5
32768,512,4,8192,43223.7
32768,512,4,16384,43286.4
32768,512,4,32768,43798.7
32768,512,8,16,43142.6
32768,512,8,32,43131.1
32768,512,8,64,43097.9
32768,512,8,128,43121.5
32768,512,8,256,42750.5
32768,512,8,512,42761.7
32768,512,8,1024,42772.6
32768,512,8,2048,42864.1
32768,512,8,4096,42924
32768,512,8,8192,42989.9
32768,512,8,16384,43463.3
32768,512,8,32768,44337.6
32768,512,16,16,43081.5
32768,512,16,32,43055.1
32768,512,16,64,43492.1
32768,512,16,128,43382
32768,512,16,256,43080.5
32768,512,16,512,43480.1
32768,512,16,1024,43443
32768,512,16,2048,43554.5
32768,512,16,4096,43403
32768,512,16,8192,43668.7
32768,512,16,16384,44289.6
32768,512,16,32768,45905.4
32768,512,32,16,43384.2
32768,512,32,32,43455
32768,512,32,64,43457.4
32768,512,32,128,43482.8
32768,512,32,256,43865
32768,512,32,512,43855.4
32768,512,32,1024,43990
32768,512,32,2048,44058.5
32768,512,32,4096,44434.7
32768,512,32,8192,45022.5
32768,512,32,16384,46383.8
32768,512,32,32768,49466.1
32768,512,64,16,44275.8
32768,512,64,32,44285.4
32768,512,64,64,44270.4
32768,512,64,128,44260.5
32768,512,64,256,44271.6
32768,512,64,512,44354.7
32768,512,64,1024,44558.1
32768,512,64,2048,44856.7
32768,512,64,4096,45420
32768,512,64,8192,46707.6
32768,512,64,16384,49552.7
32768,512,64,32768,55183.5
32768,512,128,16,45648.4
32768,512,128,32,45718.2
32768,512,128,64,45713.7
32768,512,128,128,45745.2
32768,512,128,256,45824.5
32768,512,128,512,45934
32768,512,128,1024,46330.5
32768,512,128,2048,50935.8
32768,512,128,4096,48246.7
32768,512,128,8192,50864.9
32768,512,128,16384,56216.7
32768,1024,0,0,44067.2
32768,1024,1,16,43980.2
32768,1024,1,32,44096.2
32768,1024,1,64,44037.7
32768,1024,1,128,44145.3
32768,1024,1,256,44099.1
32768,1024,1,512,44213.8
32768,1024,1,1024,44053.9
32768,1024,1,2048,46977.6
32768,1024,1,4096,44098.2
32768,1024,1,8192,44098.7
32768,1024,1,16384,44297.3
32768,1024,1,32768,44578.4
32768,1024,2,16,44160.8
32768,1024,2,32,44183.8
32768,1024,2,64,44148.9
32768,1024,2,128,44154.1
32768,1024,2,256,44132.8
32768,1024,2,512,44222.8
32768,1024,2,1024,44206.1
32768,1024,2,2048,44215.3
32768,1024,2,4096,44233.2
32768,1024,2,8192,44242.7
32768,1024,2,16384,44325.7
32768,1024,2,32768,44701.7
32768,1024,4,16,44234.9
32768,1024,4,32,44181.7
32768,1024,4,64,44214.9
32768,1024,4,128,44227.5
32768,1024,4,256,44228.2
32768,1024,4,512,44305.2
32768,1024,4,1024,44275.8
32768,1024,4,2048,44299.4
32768,1024,4,4096,44272.1
32768,1024,4,8192,44377.2
32768,1024,4,16384,44515.6
32768,1024,4,32768,45202.1
32768,1024,8,16,44440.6
32768,1024,8,32,44377.1
32768,1024,8,64,44308.8
32768,1024,8,128,44436.3
32768,1024,8,256,44485.4
32768,1024,8,512,44445
32768,1024,8,1024,44535.9
32768,1024,8,2048,44442.2
32768,1024,8,4096,44178.3
32768,1024,8,8192,44333.9
32768,1024,8,16384,45142.6
32768,1024,8,32768,46166.5
32768,1024,16,16,44757.9
32768,1024,16,32,44800.9
32768,1024,16,64,44721.5
32768,1024,16,128,44711.9
32768,1024,16,256,44789.4
32768,1024,16,512,44804.7
32768,1024,16,1024,44833.1
32768,1024,16,2048,44914.1
32768,1024,16,4096,44996.9
32768,1024,16,8192,45362
32768,1024,16,16384,45840.9
32768,1024,16,32768,47721.9
32768,1024,32,16,45065.5
32768,1024,32,32,45130.9
32768,1024,32,64,45178.1
32768,1024,32,128,45086.8
32768,1024,32,256,45068.9
32768,1024,32,512,45166.4
32768,1024,32,1024,45145.9
32768,1024,32,2048,45415.2
32768,1024,32,4096,45700.4
32768,1024,32,8192,46322.7
32768,1024,32,16384,47448.6
32768,1024,32,32768,50728.4
32768,1024,64,16,45565.4
32768,1024,64,32,45512.3
32768,1024,64,64,45526.5
32768,1024,64,128,45537.1
32768,1024,64,256,45663.2
32768,1024,64,512,45677.2
32768,1024,64,1024,45786.5
32768,1024,64,2048,46153.8
32768,1024,64,4096,46640.9
32768,1024,64,8192,47951.7
32768,1024,64,16384,50835.7
32768,1024,64,32768,56479.7
32768,1024,128,16,46925.2
32768,1024,128,32,46967.1
32768,1024,128,64,51404.1
32768,1024,128,128,46984.3
32768,1024,128,256,47075.4
32768,1024,128,512,47206.8
32768,1024,128,1024,47549.9
32768,1024,128,2048,48186.8
32768,1024,128,4096,49454.5
32768,1024,128,8192,52066.5
32768,1024,128,16384,57577.9
32768,2048,0,0,46599.9
32768,2048,1,16,46588.6
32768,2048,1,32,46604.7
32768,2048,1,64,46645
32768,2048,1,128,46561.8
32768,2048,1,256,46583.3
32768,2048,1,512,46575.1
32768,2048,1,1024,46631.3
32768,2048,1,2048,46639.8
32768,2048,1,4096,46666.4
32768,2048,1,8192,46634.1
32768,2048,1,16384,46816.4
32768,2048,1,32768,47010.1
32768,2048,2,16,46663.1
32768,2048,2,32,46700
32768,2048,2,64,46739.6
32768,2048,2,128,46710.2
32768,2048,2,256,46667.7
32768,2048,2,512,46655.6
32768,2048,2,1024,46697.8
32768,2048,2,2048,46719.3
32768,2048,2,4096,46786.1
32768,2048,2,8192,46831.1
32768,2048,2,16384,46885.3
32768,2048,2,32768,47164.5
32768,2048,4,16,46782.6
32768,2048,4,32,46772.5
32768,2048,4,64,46824.1
32768,2048,4,128,46790.8
32768,2048,4,256,46824.5
32768,2048,4,512,46799.8
32768,2048,4,1024,46808.3
32768,2048,4,2048,46833.8
32768,2048,4,4096,46895.8
32768,2048,4,8192,47003.4
32768,2048,4,16384,47367.9
32768,2048,4,32768,47787.1
32768,2048,8,16,46997.7
32768,2048,8,32,46997.2
32768,2048,8,64,47069
32768,2048,8,128,46975.6
32768,2048,8,256,47028.3
32768,2048,8,512,47033.1
32768,2048,8,1024,46734.6
32768,2048,8,2048,46994.4
32768,2048,8,4096,47153.8
32768,2048,8,8192,46985.7
32768,2048,8,16384,47737.6
32768,2048,8,32768,48529
32768,2048,16,16,47421
32768,2048,16,32,47361.5
32768,2048,16,64,47281.5
32768,2048,16,128,47409.6
32768,2048,16,256,47263.4
32768,2048,16,512,47386.3
32768,2048,16,1024,47478.8
32768,2048,16,2048,47464.5
32768,2048,16,4096,47770.9
32768,2048,16,8192,48034.5
32768,2048,16,16384,48577.4
32768,2048,16,32768,50268.4
32768,2048,32,16,47639.9
32768,2048,32,32,47757.1
32768,2048,32,64,47608.9
32768,2048,32,128,47552.2
32768,2048,32,256,47650.7
32768,2048,32,512,47839.4
32768,2048,32,1024,47851.9
32768,2048,32,2048,47800.7
32768,2048,32,4096,48208.1
32768,2048,32,8192,48724.7
32768,2048,32,16384,50145.6
32768,2048,32,32768,52915.7
32768,2048,64,16,48076.3
32768,2048,64,32,48130.7
32768,2048,64,64,48037.7
32768,2048,64,128,48102.8
32768,2048,64,256,48052.6
32768,2048,64,512,48245.5
32768,2048,64,1024,48415.6
32768,2048,64,2048,48694.3
32768,2048,64,4096,49255.7
32768,2048,64,8192,50497.5
32768,2048,64,16384,53285.6
32768,2048,64,32768,58992.9
32768,2048,128,16,49415.9
32768,2048,128,32,49426.8
32768,2048,128,64,49424
32768,2048,128,128,49505.8
32768,2048,128,256,53379.4
32768,2048,128,512,49694.8
32768,2048,128,1024,50078.4
32768,2048,128,2048,53841.9
32768,2048,128,4096,51994.8
32768,2048,128,8192,54504.5
32768,2048,128,16384,61203.1
32768,4096,0,0,51612.1
32768,4096,1,16,53630.2
32768,4096,1,32,51645.4
32768,4096,1,64,51715
32768,4096,1,128,51740.5
32768,4096,1,256,51733.9
32768,4096,1,512,51727
32768,4096,1,1024,51695.8
32768,4096,1,2048,51710.1
32768,4096,1,4096,51924.4
32768,4096,1,8192,51746.9
32768,4096,1,16384,52022
32768,4096,1,32768,52130.6
32768,4096,2,16,51748.6
32768,4096,2,32,51802.3
32768,4096,2,64,51736.8
32768,4096,2,128,51814.8
32768,4096,2,256,51767.4
32768,4096,2,512,51817.1
32768,4096,2,1024,51839.4
32768,4096,2,2048,51811.8
32768,4096,2,4096,51995.3
32768,4096,2,8192,52002.1
32768,4096,2,16384,52098.8
32768,4096,2,32768,52212
32768,4096,4,16,51897.6
32768,4096,4,32,51895.7
32768,4096,4,64,51874.9
32768,4096,4,128,51843.6
32768,4096,4,256,51877.6
32768,4096,4,512,51910.7
32768,4096,4,1024,51846.5
32768,4096,4,2048,51911.6
32768,4096,4,4096,52081.4
32768,4096,4,8192,52069.2
32768,4096,4,16384,52197
32768,4096,4,32768,52616.7
32768,4096,8,16,52196.8
32768,4096,8,32,52040.8
32768,4096,8,64,52065.7
32768,4096,8,128,52114.1
32768,4096,8,256,52084.9
32768,4096,8,512,52144.2
32768,4096,8,1024,52163.8
32768,4096,8,2048,52143
32768,4096,8,4096,52212.7
32768,4096,8,8192,52475.4
32768,4096,8,16384,52793.9
32768,4096,8,32768,53805.8
32768,4096,16,16,52423.8
32768,4096,16,32,52527.4
32768,4096,16,64,52606.4
32768,4096,16,128,52428.5
32768,4096,16,256,52452.1
32768,4096,16,512,52458.5
32768,4096,16,1024,52593
32768,4096,16,2048,52648.6
32768,4096,16,4096,52766.4
32768,4096,16,8192,52961.8
32768,4096,16,16384,53671.5
32768,4096,16,32768,55322.6
32768,4096,32,16,52776.6
32768,4096,32,32,52714.7
32768,4096,32,64,52782.5
32768,4096,32,128,52815.6
32768,4096,32,256,52804.1
32768,4096,32,512,52835.1
32768,4096,32,1024,52927.8
32768,4096,32,2048,53080.6
32768,4096,32,4096,53345.1
32768,4096,32,8192,54000.7
32768,4096,32,16384,55228.3
32768,4096,32,32768,58106.6
32768,4096,64,16,53195.7
32768,4096,64,32,53089.5
32768,4096,64,64,53196.6
32768,4096,64,128,53142.9
32768,4096,64,256,53275.8
32768,4096,64,512,53181.7
32768,4096,64,1024,53374.3
32768,4096,64,2048,53720.8
32768,4096,64,4096,54388.9
32768,4096,64,8192,55545.2
32768,4096,64,16384,58304.5
32768,4096,64,32768,64139.7
32768,4096,128,16,54480.8
32768,4096,128,32,54558.6
32768,4096,128,64,54607.4
32768,4096,128,128,54633
32768,4096,128,256,54622.4
32768,4096,128,512,54766
32768,4096,128,1024,55057.4
32768,4096,128,2048,55762.2
32768,4096,128,4096,57062.5
32768,4096,128,8192,59831.4
32768,4096,128,16384,65069.6
