layer,tokens,time_us
act_fn,1,2.336
act_fn,2,2.31467
act_fn,3,2.304
act_fn,4,2.45333
act_fn,5,2.528
act_fn,6,2.47467
act_fn,7,2.48567
act_fn,8,2.48533
act_fn,9,2.48533
act_fn,10,2.48567
act_fn,11,2.48567
act_fn,12,2.53867
act_fn,13,2.53833
act_fn,14,2.528
act_fn,15,2.49633
act_fn,16,2.592
act_fn,20,2.38933
act_fn,24,2.443
act_fn,28,2.453
act_fn,32,2.496
act_fn,36,2.47467
act_fn,40,2.528
act_fn,44,2.528
act_fn,48,2.56033
act_fn,52,2.656
act_fn,56,2.65633
act_fn,60,2.67733
act_fn,64,2.74133
act_fn,80,3.10367
act_fn,96,3.17867
act_fn,112,3.232
act_fn,128,3.36033
act_fn,144,3.62633
act_fn,160,3.78633
act_fn,176,4.05333
act_fn,192,4.09633
act_fn,208,4.32
act_fn,224,4.56533
act_fn,240,4.68267
act_fn,256,5.02433
act_fn,272,5.85633
act_fn,288,6.34667
act_fn,304,6.72
act_fn,320,7.12533
act_fn,336,7.30667
act_fn,352,8.20267
act_fn,368,8.363
act_fn,384,8.50133
act_fn,400,9.22667
act_fn,416,10.038
act_fn,432,10.5813
act_fn,448,10.6027
act_fn,464,11.4453
act_fn,480,11.648
act_fn,496,12.704
act_fn,512,13.248
act_fn,528,13.152
act_fn,544,13.6113
act_fn,560,14.2613
act_fn,576,14.9763
act_fn,592,15.5103
act_fn,608,16.1283
act_fn,624,16.8
act_fn,640,17.4407
act_fn,656,15.9683
act_fn,672,16.427
act_fn,688,16.9393
act_fn,704,17.4403
act_fn,720,18.091
act_fn,736,18.5177
act_fn,752,18.912
act_fn,768,19.4463
act_fn,784,21.238
act_fn,800,21.8137
act_fn,816,22.2617
act_fn,832,22.7527
act_fn,848,23.3603
act_fn,864,23.6267
act_fn,880,24.342
act_fn,896,24.811
act_fn,912,25.216
act_fn,928,25.814
act_fn,944,26.2727
act_fn,960,26.7743
act_fn,976,27.169
act_fn,992,27.8087
act_fn,1008,28.097
act_fn,1024,28.6513
act_fn,1040,26.603
act_fn,1056,27.083
act_fn,1072,27.8303
act_fn,1088,28.214
act_fn,1104,28.6403
act_fn,1120,29.1423
act_fn,1136,29.6647
act_fn,1152,30.358
act_fn,1168,32.5443
act_fn,1184,32.9713
act_fn,1200,33.4617
act_fn,1216,34.0163
act_fn,1232,34.4327
act_fn,1248,34.8693
act_fn,1264,35.7017
act_fn,1280,35.798
act_fn,1296,36.843
act_fn,1312,36.9607
act_fn,1328,37.5787
act_fn,1344,38.0803
act_fn,1360,38.3363
act_fn,1376,38.7953
act_fn,1392,39.382
act_fn,1408,39.8513
act_fn,1424,37.195
act_fn,1440,37.6543
act_fn,1456,38.3157
act_fn,1472,39.0727
act_fn,1488,39.4993
act_fn,1504,39.958
act_fn,1520,40.5447
act_fn,1536,40.854
act_fn,1552,41.9417
act_fn,1568,42.497
act_fn,1584,43.2223
act_fn,1600,43.8837
act_fn,1616,44.6407
act_fn,1632,45.3557
act_fn,1648,46.081
act_fn,1664,46.881
act_fn,1680,47.1367
act_fn,1696,47.5743
act_fn,1712,48.1397
act_fn,1728,48.534
act_fn,1744,48.9397
act_fn,1760,49.345
act_fn,1776,49.7077
act_fn,1792,50.6353
act_fn,1808,47.8833
act_fn,1824,48.3953
act_fn,1840,48.7263
act_fn,1856,49.7927
act_fn,1872,50.0383
act_fn,1888,50.8167
act_fn,1904,51.3823
act_fn,1920,51.7873
act_fn,1936,52.8543
act_fn,1952,53.3877
act_fn,1968,54.1343
act_fn,1984,54.241
act_fn,2000,54.721
act_fn,2016,55.4573
act_fn,2032,55.7127
act_fn,2048,56.0967
act_fn,2064,57.1847
act_fn,2080,57.814
act_fn,2096,57.9743
act_fn,2112,58.764
act_fn,2128,59.2117
act_fn,2144,59.521
act_fn,2160,60.001
act_fn,2176,60.4917
act_fn,2192,58.1657
act_fn,2208,58.998
act_fn,2224,59.457
act_fn,2240,59.8517
act_fn,2256,60.8223
act_fn,2272,61.1427
act_fn,2288,61.8787
act_fn,2304,62.1453
act_fn,2320,63.7127
act_fn,2336,64.097
act_fn,2352,64.812
act_fn,2368,64.993
act_fn,2384,66.017
act_fn,2400,66.2943
act_fn,2416,66.6467
act_fn,2432,66.9777
act_fn,2448,67.2333
act_fn,2464,67.4143
act_fn,2480,68.0867
act_fn,2496,68.3217
act_fn,2512,68.5877
act_fn,2528,68.9503
act_fn,2544,69.708
act_fn,2560,69.7937
act_fn,2576,67.777
act_fn,2592,68.8013
act_fn,2608,69.5267
act_fn,2624,69.6543
act_fn,2640,70.209
act_fn,2656,71.479
act_fn,2672,72.3957
act_fn,2688,72.6623
act_fn,2704,73.516
act_fn,2720,74.529
act_fn,2736,74.999
act_fn,2752,76.5667
act_fn,2768,76.1933
act_fn,2784,76.4813
act_fn,2800,76.9083
act_fn,2816,77.4093
act_fn,2832,75.3187
act_fn,2848,76.1507
act_fn,2864,76.492
act_fn,2880,76.6947
act_fn,2896,76.833
act_fn,2912,77.121
act_fn,2928,77.836
act_fn,2944,78.3263
act_fn,2960,80.2257
act_fn,2976,80.7373
act_fn,2992,81.079
act_fn,3008,81.452
act_fn,3024,81.804
act_fn,3040,82.156
act_fn,3056,82.8387
act_fn,3072,83.393
act_fn,3088,84.108
act_fn,3104,84.6307
act_fn,3120,85.4417
act_fn,3136,85.634
act_fn,3152,86.0707
act_fn,3168,86.9347
act_fn,3184,87.0627
act_fn,3200,87.479
act_fn,3216,84.8227
act_fn,3232,85.1537
act_fn,3248,85.3777
act_fn,3264,86.4333
act_fn,3280,86.7103
act_fn,3296,87.415
act_fn,3312,88.0977
act_fn,3328,88.012
act_fn,3344,90.0177
act_fn,3360,90.3163
act_fn,3376,91.2337
act_fn,3392,91.6603
act_fn,3408,92.194
act_fn,3424,92.9503
act_fn,3440,93.964
act_fn,3456,94.466
act_fn,3472,94.7
act_fn,3488,95.3193
act_fn,3504,95.98
act_fn,3520,96.5987
act_fn,3536,96.503
act_fn,3552,96.7803
act_fn,3568,97.7507
act_fn,3584,98.0713
act_fn,3600,94.199
act_fn,3616,94.7963
act_fn,3632,95.4573
act_fn,3648,96.194
act_fn,3664,96.823
act_fn,3680,97.5477
act_fn,3696,98.1563
act_fn,3712,98.8073
act_fn,3728,100.738
act_fn,3744,101.783
act_fn,3760,102.007
act_fn,3776,102.551
act_fn,3792,102.775
act_fn,3808,103.255
act_fn,3824,103.821
act_fn,3840,104.279
act_fn,3856,104.652
act_fn,3872,105.954
act_fn,3888,106.103
act_fn,3904,106.316
act_fn,3920,107.447
act_fn,3936,107.405
act_fn,3952,107.362
act_fn,3968,108.29
act_fn,3984,106.135
act_fn,4000,106.765
act_fn,4016,107.202
act_fn,4032,107.65
act_fn,4048,108.237
act_fn,4064,108.717
act_fn,4080,109.207
act_fn,4096,109.431
act_fn,4112,110.135
act_fn,4128,111.052
act_fn,4144,112.13
act_fn,4160,112.045
act_fn,4176,113.144
act_fn,4192,113.634
act_fn,4208,113.901
act_fn,4224,114.797
act_fn,4240,115.373
act_fn,4256,115.725
act_fn,4272,116.429
act_fn,4288,116.791
act_fn,4304,116.866
act_fn,4320,117.484
act_fn,4336,118.093
act_fn,4352,118.616
act_fn,4368,116.162
act_fn,4384,116.94
act_fn,4400,117.666
act_fn,4416,118.082
act_fn,4432,118.562
act_fn,4448,119.352
act_fn,4464,119.779
act_fn,4480,120.322
act_fn,4496,121.303
act_fn,4512,122.125
act_fn,4528,122.317
act_fn,4544,122.967
act_fn,4560,123.714
act_fn,4576,124.311
act_fn,4592,124.845
act_fn,4608,124.93
act_fn,4624,123.458
act_fn,4640,123.672
act_fn,4656,123.981
act_fn,4672,124.279
act_fn,4688,124.749
act_fn,4704,125.143
act_fn,4720,125.293
act_fn,4736,125.805
act_fn,4752,126.221
act_fn,4768,127.415
act_fn,4784,127.799
act_fn,4800,128.344
act_fn,4816,129.506
act_fn,4832,129.762
act_fn,4848,130.872
act_fn,4864,131.288
act_fn,4880,131.938
act_fn,4896,132.578
act_fn,4912,133.442
act_fn,4928,133.517
act_fn,4944,134.381
act_fn,4960,134.68
act_fn,4976,134.797
act_fn,4992,135.512
act_fn,5008,133.25
act_fn,5024,133.368
act_fn,5040,134.114
act_fn,5056,134.861
act_fn,5072,134.402
act_fn,5088,135.202
act_fn,5104,135.597
act_fn,5120,136.152
act_fn,5136,136.301
act_fn,5152,136.653
act_fn,5168,137.752
act_fn,5184,138.381
act_fn,5200,139
act_fn,5216,140.216
act_fn,5232,140.919
act_fn,5248,141.389
act_fn,5264,141.933
act_fn,5280,142.947
act_fn,5296,144.259
act_fn,5312,143.863
act_fn,5328,144.195
act_fn,5344,145.08
act_fn,5360,145.037
act_fn,5376,145.432
act_fn,5392,143.299
act_fn,5408,143.682
act_fn,5424,143.821
act_fn,5440,144.664
act_fn,5456,144.974
act_fn,5472,145.539
act_fn,5488,145.005
act_fn,5504,146.435
act_fn,5520,148.184
act_fn,5536,149.208
act_fn,5552,149.827
act_fn,5568,150.243
act_fn,5584,150.36
act_fn,5600,150.807
act_fn,5616,151.235
act_fn,5632,151.864
act_fn,5648,152.109
act_fn,5664,153.059
act_fn,5680,153.475
act_fn,5696,153.741
act_fn,5712,154.264
act_fn,5728,155.021
act_fn,5744,155.576
act_fn,5760,156.066
act_fn,5776,153.187
act_fn,5792,153.571
act_fn,5808,153.752
act_fn,5824,154.477
act_fn,5840,155.363
act_fn,5856,155.576
act_fn,5872,156.387
act_fn,5888,157.027
act_fn,5904,158.499
act_fn,5920,158.648
act_fn,5936,159.758
act_fn,5952,160.227
act_fn,5968,161.038
act_fn,5984,160.952
act_fn,6000,161.752
act_fn,6016,161.88
act_fn,6032,163.224
act_fn,6048,163.192
act_fn,6064,164.088
act_fn,6080,163.96
act_fn,6096,164.856
act_fn,6112,165.4
act_fn,6128,165.411
act_fn,6144,166.232
act_fn,6160,162.456
act_fn,6176,163.629
act_fn,6192,164.078
act_fn,6208,164.419
act_fn,6224,165.422
act_fn,6240,165.987
act_fn,6256,166.659
act_fn,6272,167.758
act_fn,6288,168.035
act_fn,6304,168.814
act_fn,6320,170.094
act_fn,6336,170.329
act_fn,6352,171.918
act_fn,6368,171.576
act_fn,6384,172.152
act_fn,6400,172.601
act_fn,6416,173.592
act_fn,6432,173.582
act_fn,6448,174.456
act_fn,6464,174.83
act_fn,6480,174.691
act_fn,6496,175.907
act_fn,6512,175.79
act_fn,6528,176.355
act_fn,6544,175.16
act_fn,6560,175.79
act_fn,6576,176.046
act_fn,6592,176.152
act_fn,6608,176.408
act_fn,6624,176.504
act_fn,6640,177.603
act_fn,6656,178.083
act_fn,6672,178.456
act_fn,6688,179.822
act_fn,6704,179.512
act_fn,6720,180.931
act_fn,6736,181.369
act_fn,6752,181.913
act_fn,6768,181.944
act_fn,6784,183.086
act_fn,6800,182.446
act_fn,6816,183.374
act_fn,6832,184.259
act_fn,6848,184.291
act_fn,6864,185.219
act_fn,6880,184.664
act_fn,6896,185.539
act_fn,6912,186.307
act_fn,6928,184.835
act_fn,6944,185.358
act_fn,6960,186.265
act_fn,6976,186.254
act_fn,6992,186.894
act_fn,7008,187.363
act_fn,7024,188.067
act_fn,7040,188.867
act_fn,7056,189.87
act_fn,7072,190.158
act_fn,7088,190.606
act_fn,7104,192.59
act_fn,7120,191.929
act_fn,7136,192.387
act_fn,7152,193.38
act_fn,7168,193.497
act_fn,7184,190.499
act_fn,7200,191.001
act_fn,7216,190.883
act_fn,7232,191.62
act_fn,7248,191.748
act_fn,7264,192.078
act_fn,7280,192.366
act_fn,7296,192.963
act_fn,7312,195.14
act_fn,7328,195.545
act_fn,7344,195.865
act_fn,7360,197.294
act_fn,7376,197.327
act_fn,7392,197.656
act_fn,7408,199.449
act_fn,7424,199.246
act_fn,7440,200.078
act_fn,7456,200.313
act_fn,7472,201.294
act_fn,7488,201.881
act_fn,7504,202.244
act_fn,7520,202.873
act_fn,7536,203.385
act_fn,7552,203.524
act_fn,7568,201.678
act_fn,7584,201.913
act_fn,7600,202.467
act_fn,7616,202.639
act_fn,7632,202.809
act_fn,7648,203.641
act_fn,7664,203.523
act_fn,7680,204.75
act_fn,7696,204.356
act_fn,7712,205.294
act_fn,7728,206.617
act_fn,7744,207.385
act_fn,7760,207.887
act_fn,7776,208.943
act_fn,7792,208.985
act_fn,7808,209.337
act_fn,7824,210.937
act_fn,7840,211.673
act_fn,7856,212.462
act_fn,7872,211.865
act_fn,7888,212.687
act_fn,7904,213.273
act_fn,7920,213.241
act_fn,7936,213.988
act_fn,7952,210.798
act_fn,7968,212.003
act_fn,7984,212.911
act_fn,8000,212.292
act_fn,8016,213.7
act_fn,8032,213.582
act_fn,8048,214.03
act_fn,8064,214.639
act_fn,8080,216.43
act_fn,8096,217.231
act_fn,8112,217.529
act_fn,8128,217.956
act_fn,8144,219.428
act_fn,8160,219.364
act_fn,8176,219.929
act_fn,8192,220.238
act_fn,8208,220.207
act_fn,8224,221.561
act_fn,8240,221.209
act_fn,8256,222.532
act_fn,8272,222.756
act_fn,8288,222.948
act_fn,8304,223.321
act_fn,8320,224.526
act_fn,8336,221.593
act_fn,8352,222.415
act_fn,8368,222.766
act_fn,8384,223.065
act_fn,8400,223.599
act_fn,8416,224.206
act_fn,8432,224.516
act_fn,8448,225.113
act_fn,8464,226.703
act_fn,8480,227.204
act_fn,8496,227.919
act_fn,8512,228.26
act_fn,8528,228.58
act_fn,8544,229.305
act_fn,8560,229.487
act_fn,8576,230.575
act_fn,8592,230.98
act_fn,8608,231.31
act_fn,8624,232.143
act_fn,8640,232.313
act_fn,8656,233.123
act_fn,8672,233.295
act_fn,8688,233.668
act_fn,8704,233.647
act_fn,8720,230.607
act_fn,8736,232.058
act_fn,8752,231.77
act_fn,8768,232.751
act_fn,8784,233.22
act_fn,8800,234.201
act_fn,8816,235.438
act_fn,8832,235.621
act_fn,8848,236.452
act_fn,8864,237.327
act_fn,8880,238.575
act_fn,8896,239.706
act_fn,8912,239.599
act_fn,8928,239.897
act_fn,8944,240.645
act_fn,8960,240.964
act_fn,8976,240.335
act_fn,8992,240.986
act_fn,9008,241.039
act_fn,9024,241.444
act_fn,9040,242.213
act_fn,9056,242.298
act_fn,9072,242.393
act_fn,9088,242.948
act_fn,9104,243.567
act_fn,9120,243.972
act_fn,9136,245.177
act_fn,9152,244.484
act_fn,9168,245.21
act_fn,9184,245.935
act_fn,9200,246.265
act_fn,9216,246.223
act_fn,9232,247.023
act_fn,9248,247.844
act_fn,9264,248.569
act_fn,9280,249.348
act_fn,9296,250.564
act_fn,9312,249.765
act_fn,9328,251.525
act_fn,9344,251.268
act_fn,9360,249.189
act_fn,9376,249.316
act_fn,9392,250.66
act_fn,9408,249.21
act_fn,9424,251.364
act_fn,9440,250.49
act_fn,9456,251.674
act_fn,9472,251.599
act_fn,9488,253.412
act_fn,9504,254.49
act_fn,9520,254.522
act_fn,9536,254.66
act_fn,9552,255.503
act_fn,9568,256.676
act_fn,9584,256.644
act_fn,9600,257.37
act_fn,9616,257.551
act_fn,9632,258.618
act_fn,9648,259.386
act_fn,9664,259.908
act_fn,9680,258.98
act_fn,9696,260.485
act_fn,9712,261.124
act_fn,9728,261.327
act_fn,9744,258.084
act_fn,9760,259.066
act_fn,9776,258.874
act_fn,9792,260.719
act_fn,9808,259.301
act_fn,9824,261.584
act_fn,9840,261.37
act_fn,9856,262.18
act_fn,9872,264.901
act_fn,9888,265.061
act_fn,9904,265.743
act_fn,9920,265.412
act_fn,9936,266.202
act_fn,9952,267.471
act_fn,9968,267.301
act_fn,9984,268.143
act_fn,10000,268.496
act_fn,10016,269.338
act_fn,10032,269.349
act_fn,10048,270.202
act_fn,10064,270.906
act_fn,10080,270.191
act_fn,10096,271.877
act_fn,10112,271.684
act_fn,10128,269.402
act_fn,10144,269.584
act_fn,10160,269.797
act_fn,10176,270.576
act_fn,10192,270.735
act_fn,10208,271.717
act_fn,10224,271.823
act_fn,10240,272.687
act_fn,10256,274.661
act_fn,10272,275.024
act_fn,10288,276.005
act_fn,10304,275.696
act_fn,10320,277.019
act_fn,10336,276.282
act_fn,10352,277.295
act_fn,10368,277.829
act_fn,10384,279.108
act_fn,10400,278.821
act_fn,10416,279.621
act_fn,10432,280.186
act_fn,10448,280.72
act_fn,10464,281.701
act_fn,10480,281.52
act_fn,10496,282.671
act_fn,10512,279.994
act_fn,10528,279.983
act_fn,10544,281.232
act_fn,10560,281.188
act_fn,10576,281.434
act_fn,10592,283.162
act_fn,10608,282.629
act_fn,10624,283.12
act_fn,10640,284.805
act_fn,10656,285.061
act_fn,10672,286.234
act_fn,10688,286.384
act_fn,10704,286.928
act_fn,10720,286.853
act_fn,10736,287.557
act_fn,10752,288.09
act_fn,10768,289.029
act_fn,10784,289.104
act_fn,10800,290.555
act_fn,10816,288.421
act_fn,10832,288.869
act_fn,10848,288.602
act_fn,10864,289.552
act_fn,10880,290.576
act_fn,10896,289.84
act_fn,10912,291.227
act_fn,10928,292.24
act_fn,10944,292.026
act_fn,10960,291.707
act_fn,10976,293.114
act_fn,10992,293.786
act_fn,11008,294.266
act_fn,11024,295.76
act_fn,11040,295.984
act_fn,11056,296.186
act_fn,11072,297.242
act_fn,11088,297.307
act_fn,11104,297.851
act_fn,11120,297.52
act_fn,11136,298.843
act_fn,11152,298.842
act_fn,11168,299.184
act_fn,11184,299.387
act_fn,11200,298.16
act_fn,11216,298.715
act_fn,11232,298.768
act_fn,11248,299.611
act_fn,11264,300.784
act_fn,11280,301.019
act_fn,11296,301.136
act_fn,11312,301.498
act_fn,11328,302.309
act_fn,11344,302.682
act_fn,11360,303.61
act_fn,11376,303.45
act_fn,11392,304.101
act_fn,11408,306.289
act_fn,11424,306.417
act_fn,11440,306.491
act_fn,11456,307.323
act_fn,11472,307.867
act_fn,11488,307.814
act_fn,11504,308.465
act_fn,11520,309.349
act_fn,11536,305.904
act_fn,11552,305.872
act_fn,11568,306.512
act_fn,11584,306.885
act_fn,11600,307.654
act_fn,11616,307.92
act_fn,11632,309.585
act_fn,11648,310.224
act_fn,11664,310.971
act_fn,11680,311.824
act_fn,11696,313.169
act_fn,11712,313.702
act_fn,11728,313.605
act_fn,11744,314.619
act_fn,11760,314.246
act_fn,11776,315.366
act_fn,11792,315.739
act_fn,11808,316.422
act_fn,11824,316.955
act_fn,11840,317.573
act_fn,11856,318.619
act_fn,11872,317.883
act_fn,11888,318.694
act_fn,11904,318.982
act_fn,11920,315.793
act_fn,11936,316.763
act_fn,11952,317.552
act_fn,11968,316.763
act_fn,11984,318.417
act_fn,12000,319.43
act_fn,12016,319.941
act_fn,12032,320.016
act_fn,12048,321.777
act_fn,12064,322.737
act_fn,12080,322.875
act_fn,12096,323.217
act_fn,12112,323.814
act_fn,12128,324.336
act_fn,12144,324.497
act_fn,12160,325.094
act_fn,12176,325.574
act_fn,12192,327.323
act_fn,12208,326.726
act_fn,12224,327.579
act_fn,12240,328.048
act_fn,12256,329.382
act_fn,12272,328.721
act_fn,12288,329.361
act_fn,12304,326.833
act_fn,12320,327.472
act_fn,12336,328.24
act_fn,12352,328.048
act_fn,12368,329.009
act_fn,12384,329.222
act_fn,12400,330.171
act_fn,12416,331.132
act_fn,12432,332.646
act_fn,12448,333.361
act_fn,12464,333.489
act_fn,12480,334.748
act_fn,12496,333.937
act_fn,12512,334.929
act_fn,12528,334.758
act_fn,12544,336.07
act_fn,12560,333.83
act_fn,12576,335.057
act_fn,12592,334.747
act_fn,12608,334.811
act_fn,12624,336.337
act_fn,12640,336.038
act_fn,12656,336.582
act_fn,12672,336.742
act_fn,12688,337.041
act_fn,12704,338.364
act_fn,12720,338.822
act_fn,12736,339.505
act_fn,12752,339.164
act_fn,12768,340.603
act_fn,12784,340.636
act_fn,12800,341.201
act_fn,12816,343.067
act_fn,12832,344.145
act_fn,12848,344.849
act_fn,12864,344.284
act_fn,12880,345.553
act_fn,12896,344.678
act_fn,12912,345.563
act_fn,12928,346.15
act_fn,12944,346.47
act_fn,12960,347.953
act_fn,12976,347.612
act_fn,12992,347.9
act_fn,13008,349.542
act_fn,13024,349.489
act_fn,13040,351.046
act_fn,13056,350.545
act_fn,13072,347.708
act_fn,13088,348.059
act_fn,13104,348.529
act_fn,13120,349.787
act_fn,13136,349.798
act_fn,13152,349.66
act_fn,13168,350.353
act_fn,13184,351.089
act_fn,13200,352.689
act_fn,13216,353.233
act_fn,13232,354.182
act_fn,13248,354.619
act_fn,13264,354.705
act_fn,13280,354.833
act_fn,13296,356.465
act_fn,13312,356.764
act_fn,13328,355.27
act_fn,13344,355.889
act_fn,13360,356.465
act_fn,13376,356.891
act_fn,13392,358.001
act_fn,13408,357.393
act_fn,13424,358.555
act_fn,13440,358.438
act_fn,13456,357.991
act_fn,13472,358.95
act_fn,13488,359.399
act_fn,13504,359.9
act_fn,13520,361.095
act_fn,13536,360.732
act_fn,13552,361.457
act_fn,13568,362.214
act_fn,13584,363.74
act_fn,13600,363.484
act_fn,13616,364.113
act_fn,13632,364.327
act_fn,13648,366.001
act_fn,13664,366.503
act_fn,13680,366.119
act_fn,13696,367.623
act_fn,13712,364.22
act_fn,13728,363.783
act_fn,13744,364.166
act_fn,13760,366.054
act_fn,13776,365.521
act_fn,13792,366.129
act_fn,13808,366.428
act_fn,13824,366.737
act_fn,13840,368.54
act_fn,13856,369.106
act_fn,13872,370.076
act_fn,13888,369.714
act_fn,13904,371.057
act_fn,13920,371.58
act_fn,13936,372.114
act_fn,13952,372.178
act_fn,13968,372.86
act_fn,13984,373.617
act_fn,14000,374.396
act_fn,14016,375.004
act_fn,14032,375.142
act_fn,14048,376.007
act_fn,14064,376.434
act_fn,14080,377.703
act_fn,14096,373.628
act_fn,14112,375.014
act_fn,14128,374.748
act_fn,14144,376.167
act_fn,14160,376.593
act_fn,14176,377.127
act_fn,14192,377.586
act_fn,14208,377.905
act_fn,14224,379.943
act_fn,14240,379.922
act_fn,14256,380.327
act_fn,14272,380.679
act_fn,14288,381.649
act_fn,14304,380.689
act_fn,14320,381.906
act_fn,14336,382.994
act_fn,14352,384.796
act_fn,14368,384.796
act_fn,14384,385.255
act_fn,14400,384.402
act_fn,14416,385.596
act_fn,14432,386.791
act_fn,14448,386.908
act_fn,14464,387.826
act_fn,14480,384.732
act_fn,14496,384.945
act_fn,14512,385.244
act_fn,14528,386.268
act_fn,14544,386.386
act_fn,14560,387.346
act_fn,14576,387.655
act_fn,14592,388.082
act_fn,14608,390.055
act_fn,14624,390.738
act_fn,14640,390.418
act_fn,14656,391.25
act_fn,14672,391.954
act_fn,14688,392.124
act_fn,14704,392.178
act_fn,14720,393.618
act_fn,14736,394.61
act_fn,14752,395.389
act_fn,14768,396.402
act_fn,14784,395.805
act_fn,14800,397.01
act_fn,14816,396.199
act_fn,14832,396.828
act_fn,14848,396.498
act_fn,14864,395.165
act_fn,14880,396.061
act_fn,14896,395.933
act_fn,14912,397.565
act_fn,14928,396.839
act_fn,14944,397.425
act_fn,14960,398.14
act_fn,14976,398.076
act_fn,14992,399.826
act_fn,15008,400.807
act_fn,15024,401.404
act_fn,15040,401.01
act_fn,15056,403.015
act_fn,15072,402.002
act_fn,15088,402.716
act_fn,15104,404.232
act_fn,15120,404.551
act_fn,15136,404.988
act_fn,15152,405.618
act_fn,15168,406.023
act_fn,15184,406.439
act_fn,15200,408.52
act_fn,15216,407.047
act_fn,15232,407.485
act_fn,15248,406.439
act_fn,15264,407.058
act_fn,15280,406.493
act_fn,15296,407.869
act_fn,15312,408.381
act_fn,15328,408.018
act_fn,15344,408.946
act_fn,15360,410.226
act_fn,15376,411.357
act_fn,15392,410.493
act_fn,15408,411.901
act_fn,15424,412.082
act_fn,15440,413.649
act_fn,15456,413.778
act_fn,15472,413.608
act_fn,15488,414.407
act_fn,15504,413.523
act_fn,15520,412.754
act_fn,15536,414.621
act_fn,15552,414.471
act_fn,15568,416.477
act_fn,15584,415.591
act_fn,15600,416.061
act_fn,15616,415.581
act_fn,15632,415.74
act_fn,15648,416.498
act_fn,15664,417.896
act_fn,15680,417.373
act_fn,15696,418.13
act_fn,15712,418.749
act_fn,15728,420.285
act_fn,15744,420.264
act_fn,15760,421.554
act_fn,15776,422.909
act_fn,15792,422.248
act_fn,15808,422.439
act_fn,15824,423.389
act_fn,15840,424.21
act_fn,15856,424.221
act_fn,15872,424.253
act_fn,15888,421.65
act_fn,15904,422.77
act_fn,15920,421.917
act_fn,15936,422.162
act_fn,15952,422.738
act_fn,15968,424.264
act_fn,15984,424.467
act_fn,16000,425.298
act_fn,16016,427.133
act_fn,16032,426.695
act_fn,16048,428.019
act_fn,16064,428.317
act_fn,16080,428.392
act_fn,16096,429.832
act_fn,16112,429.416
act_fn,16128,430.941
act_fn,16144,431.752
act_fn,16160,431.795
act_fn,16176,433.405
act_fn,16192,433.373
act_fn,16208,433.128
act_fn,16224,434.355
act_fn,16240,433.063
act_fn,16256,434.803
act_fn,16272,431.869
act_fn,16288,431.965
act_fn,16304,432.146
act_fn,16320,433.384
act_fn,16336,433.683
act_fn,16352,434.781
act_fn,16368,435.336
act_fn,16384,435.677
act_fn,16400,436.755
act_fn,16416,438.504
act_fn,16432,438.675
act_fn,16448,438.056
act_fn,16464,439.421
act_fn,16480,440.243
act_fn,16496,439.421
act_fn,16512,442.515
act_fn,16528,442.11
act_fn,16544,441.95
act_fn,16560,443.635
act_fn,16576,443.368
act_fn,16592,444.019
act_fn,16608,443.816
act_fn,16624,444.318
act_fn,16640,444.734
act_fn,16656,441.821
act_fn,16672,443.326
act_fn,16688,444.04
act_fn,16704,443.998
act_fn,16720,444.99
act_fn,16736,445.864
act_fn,16752,445.651
act_fn,16768,445.939
act_fn,16784,447.731
act_fn,16800,448.648
act_fn,16816,449.843
act_fn,16832,450.248
act_fn,16848,449.811
act_fn,16864,448.755
act_fn,16880,450.856
act_fn,16896,450.589
act_fn,16912,452.436
act_fn,16928,452.403
act_fn,16944,452.616
act_fn,16960,455.187
act_fn,16976,454.952
act_fn,16992,453.438
act_fn,17008,455.038
act_fn,17024,454.953
act_fn,17040,452.872
act_fn,17056,454.12
act_fn,17072,453.96
act_fn,17088,455.166
act_fn,17104,455.539
act_fn,17120,455.699
act_fn,17136,456.756
act_fn,17152,456.606
act_fn,17168,458.899
act_fn,17184,458.622
act_fn,17200,459.549
act_fn,17216,460.318
act_fn,17232,460.712
act_fn,17248,460.713
act_fn,17264,460.211
act_fn,17280,461.107
act_fn,17296,463.07
act_fn,17312,462.398
act_fn,17328,463.635
act_fn,17344,464.275
act_fn,17360,464.926
act_fn,17376,465.641
act_fn,17392,465.267
act_fn,17408,465.385
act_fn,17424,462.761
act_fn,17440,464.489
act_fn,17456,463.892
act_fn,17472,466.27
act_fn,17488,465.268
act_fn,17504,466.249
act_fn,17520,466.526
act_fn,17536,466.739
act_fn,17552,468.788
act_fn,17568,468.787
act_fn,17584,470.046
act_fn,17600,470.323
act_fn,17616,470.569
act_fn,17632,471.998
act_fn,17648,471.283
act_fn,17664,472.404
act_fn,17680,470.473
act_fn,17696,471.092
act_fn,17712,472.457
act_fn,17728,472.915
act_fn,17744,472.937
act_fn,17760,473.086
act_fn,17776,474.388
act_fn,17792,474.964
act_fn,17808,474.441
act_fn,17824,474.772
act_fn,17840,475.956
act_fn,17856,476.617
act_fn,17872,477.054
act_fn,17888,477.449
act_fn,17904,477.107
act_fn,17920,478.035
act_fn,17936,479.604
act_fn,17952,479.294
act_fn,17968,480.404
act_fn,17984,480.606
act_fn,18000,481.172
act_fn,18016,481.236
act_fn,18032,482.292
act_fn,18048,482.185
act_fn,18064,479.572
act_fn,18080,479.038
act_fn,18096,481.236
act_fn,18112,480.179
act_fn,18128,481.726
act_fn,18144,481.918
act_fn,18160,482.132
act_fn,18176,482.771
act_fn,18192,485.854
act_fn,18208,484.361
act_fn,18224,485.556
act_fn,18240,486.324
act_fn,18256,486.942
act_fn,18272,486.686
act_fn,18288,488.201
act_fn,18304,489.257
act_fn,18320,489.471
act_fn,18336,490.121
act_fn,18352,490.964
act_fn,18368,490.377
act_fn,18384,491.487
act_fn,18400,491.966
act_fn,18416,492.01
act_fn,18432,492.489
act_fn,18448,490.367
act_fn,18464,489.268
act_fn,18480,490.644
act_fn,18496,490.356
act_fn,18512,491.177
act_fn,18528,491.998
act_fn,18544,492.169
act_fn,18560,493.652
act_fn,18576,495.668
act_fn,18592,495.305
act_fn,18608,497.652
act_fn,18624,496.607
act_fn,18640,497.076
act_fn,18656,498.015
act_fn,18672,499.519
act_fn,18688,498.783
act_fn,18704,499.487
act_fn,18720,500.607
act_fn,18736,500.511
act_fn,18752,502.111
act_fn,18768,501.578
act_fn,18784,502.42
act_fn,18800,501.833
act_fn,18816,502.153
act_fn,18832,500.02
act_fn,18848,500.564
act_fn,18864,500.767
act_fn,18880,501.705
act_fn,18896,503.529
act_fn,18912,503.487
act_fn,18928,504.052
act_fn,18944,503.817
act_fn,18960,505.758
act_fn,18976,505.823
act_fn,18992,506.527
act_fn,19008,508.18
act_fn,19024,507.86
act_fn,19040,509.033
act_fn,19056,509.364
act_fn,19072,509.225
act_fn,19088,509.983
act_fn,19104,510.292
act_fn,19120,510.239
act_fn,19136,511.796
act_fn,19152,511.274
act_fn,19168,511.605
act_fn,19184,513.375
act_fn,19200,513.855
act_fn,19216,510.399
act_fn,19232,511.689
act_fn,19248,512.191
act_fn,19264,511.487
act_fn,19280,512.948
act_fn,19296,513.994
act_fn,19312,514.655
act_fn,19328,514.634
act_fn,19344,516.618
act_fn,19360,517.322
act_fn,19376,516.724
act_fn,19392,517.898
act_fn,19408,517.194
act_fn,19424,517.684
act_fn,19440,519.775
act_fn,19456,520.116
act_fn,19472,521.012
act_fn,19488,521.759
act_fn,19504,521.546
act_fn,19520,522.09
act_fn,19536,523.359
act_fn,19552,523.103
act_fn,19568,523.082
act_fn,19584,523.092
act_fn,19600,521.31
act_fn,19616,521.77
act_fn,19632,521.567
act_fn,19648,522.986
act_fn,19664,523.594
act_fn,19680,523.455
act_fn,19696,525.151
act_fn,19712,524.991
act_fn,19728,526.591
act_fn,19744,528.063
act_fn,19760,527.028
act_fn,19776,527.978
act_fn,19792,528.501
act_fn,19808,529.738
act_fn,19824,529.461
act_fn,19840,530.229
act_fn,19856,529.631
act_fn,19872,528.639
act_fn,19888,529.941
act_fn,19904,529.685
act_fn,19920,531.05
act_fn,19936,531.733
act_fn,19952,532.138
act_fn,19968,531.626
act_fn,19984,531.786
act_fn,20000,533.471
act_fn,20016,532.864
act_fn,20032,533.706
act_fn,20048,533.823
act_fn,20064,533.866
act_fn,20080,535.53
act_fn,20096,535.125
act_fn,20112,536.639
act_fn,20128,537.055
act_fn,20144,538.623
act_fn,20160,539.21
act_fn,20176,539.295
act_fn,20192,539.199
act_fn,20208,538.783
act_fn,20224,539.637
act_fn,20240,538.015
act_fn,20256,538.762
act_fn,20272,536.672
act_fn,20288,539.242
act_fn,20304,538.698
act_fn,20320,539.754
act_fn,20336,541.557
act_fn,20352,540.202
act_fn,20368,542.527
act_fn,20384,542.901
act_fn,20400,543.744
act_fn,20416,543.477
act_fn,20432,544.778
act_fn,20448,545.311
act_fn,20464,545.098
act_fn,20480,545.418
act_fn,20496,547.551
act_fn,20512,547.317
act_fn,20528,547.68
act_fn,20544,548.971
act_fn,20560,550.005
act_fn,20576,549.354
act_fn,20592,548.906
act_fn,20608,550.144
act_fn,20624,546.719
act_fn,20640,548.597
act_fn,20656,548.352
act_fn,20672,548.853
act_fn,20688,548.885
act_fn,20704,549.685
act_fn,20720,550.239
act_fn,20736,551.339
act_fn,20752,552.939
act_fn,20768,553.642
act_fn,20784,553.941
act_fn,20800,553.994
act_fn,20816,555.135
act_fn,20832,555.616
act_fn,20848,556.042
act_fn,20864,556.971
act_fn,20880,557.834
act_fn,20896,557.76
act_fn,20912,558.71
act_fn,20928,559.818
act_fn,20944,559.925
act_fn,20960,560.256
act_fn,20976,559.947
act_fn,20992,560.053
act_fn,21008,556.927
act_fn,21024,558.773
act_fn,21040,559.638
act_fn,21056,559.861
act_fn,21072,559.403
act_fn,21088,560.523
act_fn,21104,562.368
act_fn,21120,562.838
act_fn,21136,563.339
act_fn,21152,564.182
act_fn,21168,564.022
act_fn,21184,565.664
act_fn,21200,565.824
act_fn,21216,566.016
act_fn,21232,566.784
act_fn,21248,566.069
act_fn,21264,567.872
act_fn,21280,568.17
act_fn,21296,568.117
act_fn,21312,569.099
act_fn,21328,569.536
act_fn,21344,570.485
act_fn,21360,570.773
act_fn,21376,570.603
act_fn,21392,568.192
act_fn,21408,569.525
act_fn,21424,569.92
act_fn,21440,571.797
act_fn,21456,570.027
act_fn,21472,572.117
act_fn,21488,571.157
act_fn,21504,572.779
act_fn,21520,573.621
act_fn,21536,573.728
act_fn,21552,575.691
act_fn,21568,575.605
act_fn,21584,577.408
act_fn,21600,576.811
act_fn,21616,577.462
act_fn,21632,576.907
act_fn,21648,577.622
act_fn,21664,578.699
act_fn,21680,579.947
act_fn,21696,578.998
act_fn,21712,580.043
act_fn,21728,579.275
act_fn,21744,580.875
act_fn,21760,580.971
act_fn,21776,579.179
act_fn,21792,581.024
act_fn,21808,580.629
act_fn,21824,581.536
act_fn,21840,582.912
act_fn,21856,582.016
act_fn,21872,584.064
act_fn,21888,582.625
act_fn,21904,583.499
act_fn,21920,584.886
act_fn,21936,586.177
act_fn,21952,585.771
act_fn,21968,585.771
act_fn,21984,586.784
act_fn,22000,668.227
act_fn,22016,588.438
act_fn,22032,586.208
act_fn,22048,587.744
act_fn,22064,588.609
act_fn,22080,588.32
act_fn,22096,588.779
act_fn,22112,588.214
act_fn,22128,590.39
act_fn,22144,589.452
act_fn,22160,589.995
act_fn,22176,591.264
act_fn,22192,590.731
act_fn,22208,591.244
act_fn,22224,591.799
act_fn,22240,592.672
act_fn,22256,594.401
act_fn,22272,593.632
act_fn,22288,595.691
act_fn,22304,594.976
act_fn,22320,595.681
act_fn,22336,596.192
act_fn,22352,599.03
act_fn,22368,596.31
act_fn,22384,596.886
act_fn,22400,598.528
act_fn,22416,595.595
act_fn,22432,595.104
act_fn,22448,596.15
act_fn,22464,595.841
act_fn,22480,597.078
act_fn,22496,597.718
act_fn,22512,597.91
act_fn,22528,598.625
act_fn,22544,601.024
act_fn,22560,600.63
act_fn,22576,601.686
act_fn,22592,602.166
act_fn,22608,601.995
act_fn,22624,603.67
act_fn,22640,603.468
act_fn,22656,603.606
act_fn,22672,605.516
act_fn,22688,605.036
act_fn,22704,606.273
act_fn,22720,606.497
act_fn,22736,607.734
act_fn,22752,607.414
act_fn,22768,607.179
act_fn,22784,607.414
act_fn,22800,606.155
act_fn,22816,606.198
act_fn,22832,606.187
act_fn,22848,606.7
act_fn,22864,608.044
act_fn,22880,607.404
act_fn,22896,608.801
act_fn,22912,608.982
act_fn,22928,611.116
act_fn,22944,612.054
act_fn,22960,613.601
act_fn,22976,612.812
act_fn,22992,611.766
act_fn,23008,614.273
act_fn,23024,612.983
act_fn,23040,613.686
act_fn,23056,616.587
act_fn,23072,616.172
act_fn,23088,615.703
act_fn,23104,616.545
act_fn,23120,617.206
act_fn,23136,617.377
act_fn,23152,618.422
act_fn,23168,619.159
act_fn,23184,615.073
act_fn,23200,615.596
act_fn,23216,616.641
act_fn,23232,617.206
act_fn,23248,618.06
act_fn,23264,618.422
act_fn,23280,618.5
act_fn,23296,619.574
act_fn,23312,621.792
act_fn,23328,621.718
act_fn,23344,622.496
act_fn,23360,623.691
act_fn,23376,624.235
act_fn,23392,624.651
act_fn,23408,625.131
act_fn,23424,624.246
act_fn,23440,627.275
act_fn,23456,628.086
act_fn,23472,626.358
act_fn,23488,626.731
act_fn,23504,627.755
act_fn,23520,627.233
act_fn,23536,628.321
act_fn,23552,628.256
act_fn,23568,626.229
act_fn,23584,626.838
act_fn,23600,629.141
act_fn,23616,627.467
act_fn,23632,628.694
act_fn,23648,629.707
act_fn,23664,629.686
act_fn,23680,630.859
act_fn,23696,631.67
act_fn,23712,631.478
act_fn,23728,633.12
act_fn,23744,633.249
act_fn,23760,635.457
act_fn,23776,633.793
act_fn,23792,634.251
act_fn,23808,635.308
act_fn,23824,637.099
act_fn,23840,636.886
act_fn,23856,637.355
act_fn,23872,637.803
act_fn,23888,638.049
act_fn,23904,638.059
act_fn,23920,638.934
act_fn,23936,639.393
act_fn,23952,637.793
act_fn,23968,637.728
act_fn,23984,637.761
act_fn,24000,639.36
act_fn,24016,639.083
act_fn,24032,639.468
act_fn,24048,640.096
act_fn,24064,640.544
act_fn,24080,641.825
act_fn,24096,641.185
act_fn,24112,642.924
act_fn,24128,643.04
act_fn,24144,644.501
act_fn,24160,645.057
act_fn,24176,645.153
act_fn,24192,645.643
act_fn,24208,644.097
act_fn,24224,646.134
act_fn,24240,645.174
act_fn,24256,646.806
act_fn,24272,647.211
act_fn,24288,648.054
act_fn,24304,648.545
act_fn,24320,648.918
act_fn,24336,649.302
act_fn,24352,648.235
act_fn,24368,648.214
act_fn,24384,649.58
act_fn,24400,649.601
act_fn,24416,649.483
act_fn,24432,651.18
act_fn,24448,652.321
act_fn,24464,652.556
act_fn,24480,653.558
act_fn,24496,653.655
act_fn,24512,654.262
act_fn,24528,655.649
act_fn,24544,654.081
act_fn,24560,655.062
act_fn,24576,656.107
act_fn,24592,654.988
act_fn,24608,653.398
act_fn,24624,655.275
act_fn,24640,653.761
act_fn,24656,654.273
act_fn,24672,655.425
act_fn,24688,655.435
act_fn,24704,656.63
act_fn,24720,658.07
act_fn,24736,659.884
act_fn,24752,658.348
act_fn,24768,659.862
act_fn,24784,660.63
act_fn,24800,660.812
act_fn,24816,661.1
act_fn,24832,664.588
act_fn,24848,662.678
act_fn,24864,664.3
act_fn,24880,663.51
act_fn,24896,665.805
act_fn,24912,666.134
act_fn,24928,664.513
act_fn,24944,665.473
act_fn,24960,665.164
act_fn,24976,663.777
act_fn,24992,663.65
act_fn,25008,663.756
act_fn,25024,665.42
act_fn,25040,666.188
act_fn,25056,664.94
act_fn,25072,665.697
act_fn,25088,666.668
act_fn,25104,668.759
act_fn,25120,669.612
act_fn,25136,669.548
act_fn,25152,671.383
act_fn,25168,669.505
act_fn,25184,671.596
act_fn,25200,671.297
act_fn,25216,672.62
act_fn,25232,674.433
act_fn,25248,674.828
act_fn,25264,673.356
act_fn,25280,672.748
act_fn,25296,674.785
act_fn,25312,674.849
act_fn,25328,675.788
act_fn,25344,675.542
act_fn,25360,673.537
act_fn,25376,675.158
act_fn,25392,674.22
act_fn,25408,676.364
act_fn,25424,676.172
act_fn,25440,677.26
act_fn,25456,677.302
act_fn,25472,677.057
act_fn,25488,680.694
act_fn,25504,679.628
act_fn,25520,679.959
act_fn,25536,679.99
act_fn,25552,680.3
act_fn,25568,682.679
act_fn,25584,681.847
act_fn,25600,682.807
act_fn,25616,683.372
act_fn,25632,683.777
act_fn,25648,684.343
act_fn,25664,683.937
act_fn,25680,685.804
act_fn,25696,686.135
act_fn,25712,686.572
act_fn,25728,686.572
act_fn,25744,684.204
act_fn,25760,685.868
act_fn,25776,686.306
act_fn,25792,686.967
act_fn,25808,687.223
act_fn,25824,686.967
act_fn,25840,687.436
act_fn,25856,688.076
act_fn,25872,690.039
act_fn,25888,690.625
act_fn,25904,689.697
act_fn,25920,691.138
act_fn,25936,691.564
act_fn,25952,692.13
act_fn,25968,693.069
act_fn,25984,694.071
act_fn,26000,695.17
act_fn,26016,695.692
act_fn,26032,695.596
act_fn,26048,695.308
act_fn,26064,696.375
act_fn,26080,695.841
act_fn,26096,696.247
act_fn,26112,696.727
act_fn,26128,694.103
act_fn,26144,696.225
act_fn,26160,696.503
act_fn,26176,696.406
act_fn,26192,696.695
act_fn,26208,697.004
act_fn,26224,700.364
act_fn,26240,699.041
act_fn,26256,701.474
act_fn,26272,700.098
act_fn,26288,701.068
act_fn,26304,701.207
act_fn,26320,701.442
act_fn,26336,702.178
act_fn,26352,701.943
act_fn,26368,703.393
act_fn,26384,703.575
act_fn,26400,703.724
act_fn,26416,704.524
act_fn,26432,703.479
act_fn,26448,705.357
act_fn,26464,705.666
act_fn,26480,706.551
act_fn,26496,705.089
act_fn,26512,706.551
act_fn,26528,706.679
act_fn,26544,707.671
act_fn,26560,707.106
act_fn,26576,707.021
act_fn,26592,707.575
act_fn,26608,709.015
act_fn,26624,709.004
act_fn,26640,710.124
act_fn,26656,712.301
act_fn,26672,712.62
act_fn,26688,711.244
act_fn,26704,712.29
act_fn,26720,713.239
act_fn,26736,713.601
act_fn,26752,713.367
act_fn,26768,711.617
act_fn,26784,712.588
act_fn,26800,712.674
act_fn,26816,712.077
act_fn,26832,712.375
act_fn,26848,713.303
act_fn,26864,714.455
act_fn,26880,715.34
act_fn,26896,715.714
act_fn,26912,716.012
act_fn,26928,716.61
act_fn,26944,717.367
act_fn,26960,718.231
act_fn,26976,718.114
act_fn,26992,718.349
act_fn,27008,719.266
act_fn,27024,720.973
act_fn,27040,721.026
act_fn,27056,721.719
act_fn,27072,722.541
act_fn,27088,722.967
act_fn,27104,723
act_fn,27120,723.202
act_fn,27136,724.418
act_fn,27152,720.471
act_fn,27168,721.89
act_fn,27184,721.868
act_fn,27200,722.167
act_fn,27216,722.338
act_fn,27232,723.863
act_fn,27248,724.087
act_fn,27264,725.325
act_fn,27280,726.413
act_fn,27296,726.626
act_fn,27312,728.461
act_fn,27328,729.527
act_fn,27344,729.41
act_fn,27360,729.282
act_fn,27376,728.631
act_fn,27392,730.925
act_fn,27408,730.765
act_fn,27424,730.381
act_fn,27440,732.589
act_fn,27456,731.853
act_fn,27472,733.079
act_fn,27488,733.602
act_fn,27504,734.765
act_fn,27520,734.807
act_fn,27536,732.802
act_fn,27552,731.81
act_fn,27568,733.41
act_fn,27584,732.834
act_fn,27600,734.679
act_fn,27616,735.266
act_fn,27632,736.557
act_fn,27648,734.935
act_fn,27664,736.215
act_fn,27680,736.866
act_fn,27696,737.271
act_fn,27712,739.159
act_fn,27728,737.453
act_fn,27744,740.578
act_fn,27760,740.162
act_fn,27776,740.994
act_fn,27792,740.493
act_fn,27808,742.541
act_fn,27824,743.501
act_fn,27840,742.456
act_fn,27856,744.834
act_fn,27872,742.967
act_fn,27888,743.778
act_fn,27904,744.013
act_fn,27920,743.512
act_fn,27936,741.752
act_fn,27952,743.596
act_fn,27968,743.383
act_fn,27984,743.469
act_fn,28000,745.293
act_fn,28016,745.453
act_fn,28032,744.353
act_fn,28048,746.413
act_fn,28064,747.896
act_fn,28080,749.037
act_fn,28096,748.909
act_fn,28112,748.898
act_fn,28128,751.544
act_fn,28144,750.402
act_fn,28160,750.648
act_fn,28176,751.746
act_fn,28192,753.55
act_fn,28208,751.896
act_fn,28224,752.525
act_fn,28240,753.57
act_fn,28256,756.472
act_fn,28272,754.594
act_fn,28288,754.359
act_fn,28304,752.994
act_fn,28320,754.04
act_fn,28336,754.914
act_fn,28352,754.125
act_fn,28368,753.794
act_fn,28384,754.2
act_fn,28400,755.821
act_fn,28416,756.173
act_fn,28432,758.072
act_fn,28448,757.943
act_fn,28464,758.498
act_fn,28480,759.106
act_fn,28496,760.429
act_fn,28512,759.138
act_fn,28528,760.632
act_fn,28544,760.76
act_fn,28560,760.664
act_fn,28576,763.064
act_fn,28592,761.847
act_fn,28608,762.242
act_fn,28624,762.019
act_fn,28640,762.51
act_fn,28656,763.586
act_fn,28672,766.381
act_fn,28688,762.125
act_fn,28704,762.979
act_fn,28720,763.821
act_fn,28736,765.614
act_fn,28752,766.061
act_fn,28768,765.816
act_fn,28784,767.117
act_fn,28800,766.157
act_fn,28816,768.216
act_fn,28832,768.695
act_fn,28848,769.741
act_fn,28864,770.274
act_fn,28880,770.381
act_fn,28896,770.851
act_fn,28912,771.982
act_fn,28928,771.927
act_fn,28944,770.989
act_fn,28960,769.133
act_fn,28976,769.655
act_fn,28992,770.733
act_fn,29008,770.445
act_fn,29024,770.711
act_fn,29040,772.589
act_fn,29056,771.383
act_fn,29072,772.685
act_fn,29088,774.466
act_fn,29104,775.01
act_fn,29120,775.064
act_fn,29136,776.109
act_fn,29152,775.341
act_fn,29168,777.443
act_fn,29184,776.589
act_fn,29200,780.6
act_fn,29216,779.341
act_fn,29232,780.237
act_fn,29248,781.431
act_fn,29264,779.565
act_fn,29280,780.578
act_fn,29296,782.349
act_fn,29312,781.219
act_fn,29328,778.701
act_fn,29344,779.511
act_fn,29360,780.44
act_fn,29376,781.304
act_fn,29392,781.698
act_fn,29408,781.719
act_fn,29424,782.808
act_fn,29440,783.341
act_fn,29456,784.077
act_fn,29472,785.165
act_fn,29488,785.197
act_fn,29504,787.587
act_fn,29520,786.136
act_fn,29536,786.978
act_fn,29552,788.472
act_fn,29568,788.909
act_fn,29584,789.719
act_fn,29600,790.509
act_fn,29616,789.816
act_fn,29632,790.125
act_fn,29648,789.592
act_fn,29664,791.725
act_fn,29680,792.194
act_fn,29696,793.048
act_fn,29712,789.186
act_fn,29728,790.285
act_fn,29744,790.936
act_fn,29760,791.736
act_fn,29776,792.248
act_fn,29792,794.563
act_fn,29808,791.992
act_fn,29824,793.837
act_fn,29840,795.235
act_fn,29856,796.717
act_fn,29872,795.074
act_fn,29888,796.973
act_fn,29904,795.949
act_fn,29920,797.837
act_fn,29936,798.584
act_fn,29952,798.616
act_fn,29968,798.467
act_fn,29984,800.013
act_fn,30000,799.171
act_fn,30016,801.08
act_fn,30032,801.827
act_fn,30048,801.111
act_fn,30064,802.285
act_fn,30080,802.851
act_fn,30096,799.234
act_fn,30112,800.814
act_fn,30128,801.656
act_fn,30144,802.306
act_fn,30160,803.8
act_fn,30176,802.755
act_fn,30192,804.237
act_fn,30208,804.632
act_fn,30224,805.72
act_fn,30240,806.456
act_fn,30256,806.542
act_fn,30272,806.808
act_fn,30288,807.288
act_fn,30304,807.907
act_fn,30320,808.077
act_fn,30336,808.632
act_fn,30352,809.816
act_fn,30368,810.242
act_fn,30384,809.859
act_fn,30400,810.947
act_fn,30416,811.555
act_fn,30432,812.067
act_fn,30448,812.184
act_fn,30464,812.728
act_fn,30480,810.232
act_fn,30496,809.88
act_fn,30512,812.877
act_fn,30528,812.066
act_fn,30544,813.229
act_fn,30560,813.72
act_fn,30576,815.171
act_fn,30592,812.888
act_fn,30608,816.28
act_fn,30624,816.227
act_fn,30640,816.461
act_fn,30656,816.557
act_fn,30672,817.976
act_fn,30688,817.966
act_fn,30704,819.075
act_fn,30720,820.76
act_fn,30736,817.997
act_fn,30752,819.075
act_fn,30768,818.818
act_fn,30784,820.76
act_fn,30800,821.656
act_fn,30816,821.858
act_fn,30832,820.237
act_fn,30848,822.382
act_fn,30864,820.6
act_fn,30880,821.048
act_fn,30896,821.529
act_fn,30912,822.722
act_fn,30928,823.64
act_fn,30944,825.091
act_fn,30960,824.44
act_fn,30976,824.728
act_fn,30992,825.901
act_fn,31008,825.774
act_fn,31024,826.467
act_fn,31040,827.171
act_fn,31056,828.856
act_fn,31072,827.736
act_fn,31088,828.579
act_fn,31104,831.331
act_fn,31120,827.181
act_fn,31136,828.27
act_fn,31152,827.534
act_fn,31168,829.688
act_fn,31184,830.136
act_fn,31200,828.536
act_fn,31216,830.648
act_fn,31232,828.803
act_fn,31248,831.576
act_fn,31264,833.742
act_fn,31280,832.291
act_fn,31296,833.198
act_fn,31312,833.486
act_fn,31328,833.912
act_fn,31344,836.109
act_fn,31360,835.427
act_fn,31376,835.992
act_fn,31392,838.339
act_fn,31408,838.766
act_fn,31424,837.166
act_fn,31440,838.926
act_fn,31456,839.31
act_fn,31472,838.883
act_fn,31488,840.354
act_fn,31504,837.677
act_fn,31520,837.678
act_fn,31536,837.134
act_fn,31552,838.584
act_fn,31568,840.195
act_fn,31584,838.499
act_fn,31600,839.064
act_fn,31616,841.667
act_fn,31632,842.328
act_fn,31648,841.848
act_fn,31664,843.95
act_fn,31680,843.779
act_fn,31696,843.587
act_fn,31712,845.507
act_fn,31728,844.28
act_fn,31744,845.326
act_fn,31760,846.958
act_fn,31776,849.059
act_fn,31792,847.768
act_fn,31808,847.981
act_fn,31824,848.28
act_fn,31840,849.411
act_fn,31856,851.043
act_fn,31872,848.952
act_fn,31888,848.099
act_fn,31904,848.675
act_fn,31920,850.179
act_fn,31936,849.592
act_fn,31952,849.709
act_fn,31968,850.029
act_fn,31984,851.822
act_fn,32000,851.022
act_fn,32016,851.789
act_fn,32032,853.262
act_fn,32048,852.846
act_fn,32064,854.446
act_fn,32080,854.488
act_fn,32096,856.195
act_fn,32112,855.651
act_fn,32128,856.259
act_fn,32144,858.221
act_fn,32160,858.542
act_fn,32176,858.692
act_fn,32192,858.648
act_fn,32208,860.206
act_fn,32224,860.398
act_fn,32240,859.31
act_fn,32256,860.857
act_fn,32272,857.038
act_fn,32288,859.907
act_fn,32304,859.181
act_fn,32320,860.131
act_fn,32336,859.576
act_fn,32352,860.739
act_fn,32368,860.739
act_fn,32384,862.136
act_fn,32400,861.944
act_fn,32416,863.811
act_fn,32432,862.883
act_fn,32448,866.329
act_fn,32464,864.461
act_fn,32480,865.571
act_fn,32496,864.995
act_fn,32512,866.275
act_fn,32528,868.323
act_fn,32544,868.152
act_fn,32560,868.387
act_fn,32576,868.408
act_fn,32592,868.366
act_fn,32608,870.115
act_fn,32624,870.553
act_fn,32640,871.182
act_fn,32656,870.606
act_fn,32672,871.043
act_fn,32688,869.699
act_fn,32704,869.986
act_fn,32720,870.531
act_fn,32736,871.982
act_fn,32752,871.736
act_fn,32768,872.91
down_proj,1,27.9687
down_proj,2,24.7897
down_proj,3,24.8753
down_proj,4,24.7903
down_proj,5,24.9707
down_proj,6,24.8217
down_proj,7,24.9173
down_proj,8,24.8533
down_proj,9,25.0887
down_proj,10,25.003
down_proj,11,25.249
down_proj,12,25.1317
down_proj,13,24.9817
down_proj,14,25.1313
down_proj,15,25.2383
down_proj,16,25.0667
down_proj,20,33.899
down_proj,24,33.9413
down_proj,28,33.942
down_proj,32,34.0057
down_proj,36,34.0273
down_proj,40,27.4563
down_proj,44,27.67
down_proj,48,27.787
down_proj,52,28.2563
down_proj,56,28.4377
down_proj,60,28.342
down_proj,64,28.4597
down_proj,80,41.7077
down_proj,96,40.214
down_proj,112,44.758
down_proj,128,49.388
down_proj,144,62.945
down_proj,160,63.0623
down_proj,176,62.892
down_proj,192,62.9453
down_proj,208,73.0683
down_proj,224,68.2143
down_proj,240,68.2147
down_proj,256,67.9157
down_proj,272,123.725
down_proj,288,123.906
down_proj,304,124.055
down_proj,320,124.098
down_proj,336,124.226
down_proj,352,100.599
down_proj,368,100.663
down_proj,384,100.45
down_proj,400,121.367
down_proj,416,121.399
down_proj,432,121.549
down_proj,448,121.613
down_proj,464,121.666
down_proj,480,121.613
down_proj,496,121.677
down_proj,512,121.698
down_proj,528,156.707
down_proj,544,156.685
down_proj,560,156.899
down_proj,576,156.952
down_proj,592,173.422
down_proj,608,173.486
down_proj,624,173.849
down_proj,640,175.726
down_proj,656,251.993
down_proj,672,252.847
down_proj,688,254.01
down_proj,704,254.5
down_proj,720,255.023
down_proj,736,255.215
down_proj,752,255.482
down_proj,768,256.025
down_proj,784,249.903
down_proj,800,249.967
down_proj,816,249.989
down_proj,832,250.148
down_proj,848,241.295
down_proj,864,241.402
down_proj,880,241.604
down_proj,896,241.647
down_proj,912,241.775
down_proj,928,242.02
down_proj,944,242.127
down_proj,960,242.223
down_proj,976,238.745
down_proj,992,238.735
down_proj,1008,238.756
down_proj,1024,238.788
down_proj,1040,473.726
down_proj,1056,473.875
down_proj,1072,474.003
down_proj,1088,474.003
down_proj,1104,474.078
down_proj,1120,474.195
down_proj,1136,474.163
down_proj,1152,474.408
down_proj,1168,474.953
down_proj,1184,474.878
down_proj,1200,475.006
down_proj,1216,474.91
down_proj,1232,474.74
down_proj,1248,474.985
down_proj,1264,474.963
down_proj,1280,474.921
down_proj,1296,474.889
down_proj,1312,474.973
down_proj,1328,475.017
down_proj,1344,475.123
down_proj,1360,475.07
down_proj,1376,474.984
down_proj,1392,475.027
down_proj,1408,475.112
down_proj,1424,475.113
down_proj,1440,475.24
down_proj,1456,475.24
down_proj,1472,475.432
down_proj,1488,475.358
down_proj,1504,475.315
down_proj,1520,475.453
down_proj,1536,475.357
down_proj,1552,475.379
down_proj,1568,475.326
down_proj,1584,475.454
down_proj,1600,475.454
down_proj,1616,475.443
down_proj,1632,475.337
down_proj,1648,475.401
down_proj,1664,475.485
down_proj,1680,475.592
down_proj,1696,475.667
down_proj,1712,475.614
down_proj,1728,475.56
down_proj,1744,475.571
down_proj,1760,475.699
down_proj,1776,475.752
down_proj,1792,475.71
down_proj,1808,475.87
down_proj,1824,475.763
down_proj,1840,475.891
down_proj,1856,475.902
down_proj,1872,475.944
down_proj,1888,475.976
down_proj,1904,475.912
down_proj,1920,475.955
down_proj,1936,476.104
down_proj,1952,476.136
down_proj,1968,476.19
down_proj,1984,476.254
down_proj,2000,476.136
down_proj,2016,476.286
down_proj,2032,476.264
down_proj,2048,476.222
down_proj,2064,476.318
down_proj,2080,476.232
down_proj,2096,476.254
down_proj,2112,476.19
down_proj,2128,476.36
down_proj,2144,476.339
down_proj,2160,476.275
down_proj,2176,476.616
down_proj,2192,711.661
down_proj,2208,711.298
down_proj,2224,712.001
down_proj,2240,711.927
down_proj,2256,711.831
down_proj,2272,711.767
down_proj,2288,711.746
down_proj,2304,711.916
down_proj,2320,712.12
down_proj,2336,711.874
down_proj,2352,712.194
down_proj,2368,712.332
down_proj,2384,712.503
down_proj,2400,712.578
down_proj,2416,712.247
down_proj,2432,712.29
down_proj,2448,712.376
down_proj,2464,712.172
down_proj,2480,712.674
down_proj,2496,712.396
down_proj,2512,712.418
down_proj,2528,712.354
down_proj,2544,712.503
down_proj,2560,712.652
down_proj,2576,712.503
down_proj,2592,712.353
down_proj,2608,712.664
down_proj,2624,712.375
down_proj,2640,712.588
down_proj,2656,712.418
down_proj,2672,712.599
down_proj,2688,712.45
down_proj,2704,712.748
down_proj,2720,712.449
down_proj,2736,712.855
down_proj,2752,712.471
down_proj,2768,712.621
down_proj,2784,712.716
down_proj,2800,712.578
down_proj,2816,712.696
down_proj,2832,712.749
down_proj,2848,712.716
down_proj,2864,712.994
down_proj,2880,712.631
down_proj,2896,712.749
down_proj,2912,712.972
down_proj,2928,713.111
down_proj,2944,712.994
down_proj,2960,713.111
down_proj,2976,713.057
down_proj,2992,713.207
down_proj,3008,712.855
down_proj,3024,713.175
down_proj,3040,713.026
down_proj,3056,713.154
down_proj,3072,713.09
down_proj,3088,713.42
down_proj,3104,713.356
down_proj,3120,713.612
down_proj,3136,713.665
down_proj,3152,713.388
down_proj,3168,713.442
down_proj,3184,713.816
down_proj,3200,713.719
down_proj,3216,948.123
down_proj,3232,948.155
down_proj,3248,948.603
down_proj,3264,948.326
down_proj,3280,948.454
down_proj,3296,948.667
down_proj,3312,948.528
down_proj,3328,948.678
down_proj,3344,949.211
down_proj,3360,949.051
down_proj,3376,949.393
down_proj,3392,949.264
down_proj,3408,949.211
down_proj,3424,949.542
down_proj,3440,949.286
down_proj,3456,949.286
down_proj,3472,949.392
down_proj,3488,949.531
down_proj,3504,949.542
down_proj,3520,949.67
down_proj,3536,949.669
down_proj,3552,949.317
down_proj,3568,949.798
down_proj,3584,949.627
down_proj,3600,949.435
down_proj,3616,949.862
down_proj,3632,949.659
down_proj,3648,949.35
down_proj,3664,949.713
down_proj,3680,949.511
down_proj,3696,949.393
down_proj,3712,949.414
down_proj,3728,949.456
down_proj,3744,949.553
down_proj,3760,949.489
down_proj,3776,949.744
down_proj,3792,949.457
down_proj,3808,949.435
down_proj,3824,949.585
down_proj,3840,949.605
down_proj,3856,949.532
down_proj,3872,952.593
down_proj,3888,952.592
down_proj,3904,952.508
down_proj,3920,952.485
down_proj,3936,952.485
down_proj,3952,952.602
down_proj,3968,952.326
down_proj,3984,952.55
down_proj,4000,952.592
down_proj,4016,952.689
down_proj,4032,952.635
down_proj,4048,952.635
down_proj,4064,952.465
down_proj,4080,952.593
down_proj,4096,952.476
down_proj,4112,952.742
down_proj,4128,952.924
down_proj,4144,952.711
down_proj,4160,952.614
down_proj,4176,952.721
down_proj,4192,952.838
down_proj,4208,952.977
down_proj,4224,952.774
down_proj,4240,952.71
down_proj,4256,952.88
down_proj,4272,953.008
down_proj,4288,952.999
down_proj,4304,953.083
down_proj,4320,952.988
down_proj,4336,953.287
down_proj,4352,953.307
down_proj,4368,1189.78
down_proj,4384,1190.01
down_proj,4400,1190.04
down_proj,4416,1189.68
down_proj,4432,1190
down_proj,4448,1190.01
down_proj,4464,1189.82
down_proj,4480,1189.95
down_proj,4496,1189.97
down_proj,4512,1189.98
down_proj,4528,1190.02
down_proj,4544,1189.81
down_proj,4560,1189.91
down_proj,4576,1189.98
down_proj,4592,1190.02
down_proj,4608,1190.13
down_proj,4624,1190.12
down_proj,4640,1190.06
down_proj,4656,1189.92
down_proj,4672,1190.11
down_proj,4688,1189.98
down_proj,4704,1190.23
down_proj,4720,1190.57
down_proj,4736,1190.29
down_proj,4752,1190.46
down_proj,4768,1190.01
down_proj,4784,1190.46
down_proj,4800,1190.28
down_proj,4816,1190.46
down_proj,4832,1190.09
down_proj,4848,1190.28
down_proj,4864,1190.14
down_proj,4880,1189.82
down_proj,4896,1190.15
down_proj,4912,1190.11
down_proj,4928,1190.12
down_proj,4944,1190.24
down_proj,4960,1190.12
down_proj,4976,1189.98
down_proj,4992,1190.22
down_proj,5008,1190.14
down_proj,5024,1190.25
down_proj,5040,1190.4
down_proj,5056,1190.7
down_proj,5072,1190.39
down_proj,5088,1190.37
down_proj,5104,1190.43
down_proj,5120,1190.35
down_proj,5136,1190.62
down_proj,5152,1190.28
down_proj,5168,1190.45
down_proj,5184,1190.45
down_proj,5200,1190.4
down_proj,5216,1190.53
down_proj,5232,1190.52
down_proj,5248,1190.47
down_proj,5264,1190.46
down_proj,5280,1190.72
down_proj,5296,1190.83
down_proj,5312,1190.69
down_proj,5328,1190.54
down_proj,5344,1190.92
down_proj,5360,1190.8
down_proj,5376,1190.73
down_proj,5392,1425.04
down_proj,5408,1425.1
down_proj,5424,1424.75
down_proj,5440,1426.09
down_proj,5456,1426.54
down_proj,5472,1425.32
down_proj,5488,1425.95
down_proj,5504,1424.7
down_proj,5520,1427.25
down_proj,5536,1427.56
down_proj,5552,1427.56
down_proj,5568,1427.27
down_proj,5584,1427.23
down_proj,5600,1427.2
down_proj,5616,1427.57
down_proj,5632,1427.44
down_proj,5648,1427.49
down_proj,5664,1427.63
down_proj,5680,1427.65
down_proj,5696,1427.64
down_proj,5712,1427.42
down_proj,5728,1427.38
down_proj,5744,1427.59
down_proj,5760,1428.01
down_proj,5776,1427.69
down_proj,5792,1427.65
down_proj,5808,1427.41
down_proj,5824,1427.7
down_proj,5840,1427.83
down_proj,5856,1427.79
down_proj,5872,1427.94
down_proj,5888,1427.65
down_proj,5904,1427.81
down_proj,5920,1427.65
down_proj,5936,1427.89
down_proj,5952,1427.84
down_proj,5968,1427.98
down_proj,5984,1427.82
down_proj,6000,1427.97
down_proj,6016,1428
down_proj,6032,1427.91
down_proj,6048,1428.02
down_proj,6064,1428
down_proj,6080,1428.03
down_proj,6096,1427.51
down_proj,6112,1428
down_proj,6128,1427.94
down_proj,6144,1427.82
down_proj,6160,1428.15
down_proj,6176,1427.73
down_proj,6192,1427.61
down_proj,6208,1428.13
down_proj,6224,1428.14
down_proj,6240,1428.28
down_proj,6256,1428.52
down_proj,6272,1428.1
down_proj,6288,1428.4
down_proj,6304,1428.22
down_proj,6320,1428.17
down_proj,6336,1428.48
down_proj,6352,1428.24
down_proj,6368,1428.14
down_proj,6384,1428.26
down_proj,6400,1428.53
down_proj,6416,1428.33
down_proj,6432,1428.1
down_proj,6448,1428.47
down_proj,6464,1428.5
down_proj,6480,1428.32
down_proj,6496,1429.23
down_proj,6512,1428.65
down_proj,6528,1428.49
down_proj,6544,1665.44
down_proj,6560,1665.13
down_proj,6576,1665.27
down_proj,6592,1665.47
down_proj,6608,1665.32
down_proj,6624,1665.44
down_proj,6640,1665.61
down_proj,6656,1665.08
down_proj,6672,1665.32
down_proj,6688,1665.46
down_proj,6704,1665.78
down_proj,6720,1665.37
down_proj,6736,1665.44
down_proj,6752,1665.72
down_proj,6768,1664.88
down_proj,6784,1665.49
down_proj,6800,1664.9
down_proj,6816,1665.49
down_proj,6832,1665.11
down_proj,6848,1665.77
down_proj,6864,1665.78
down_proj,6880,1665.74
down_proj,6896,1665.17
down_proj,6912,1665.54
down_proj,6928,1665.78
down_proj,6944,1665.42
down_proj,6960,1665.48
down_proj,6976,1665.55
down_proj,6992,1666.07
down_proj,7008,1665.85
down_proj,7024,1665.69
down_proj,7040,1665.67
down_proj,7056,1665.72
down_proj,7072,1665.61
down_proj,7088,1665.92
down_proj,7104,1665.73
down_proj,7120,1665.62
down_proj,7136,1665.64
down_proj,7152,1665.49
down_proj,7168,1665.58
down_proj,7184,1665.74
down_proj,7200,1666.03
down_proj,7216,1665.62
down_proj,7232,1665.77
down_proj,7248,1666.18
down_proj,7264,1665.91
down_proj,7280,1665.76
down_proj,7296,1666.17
down_proj,7312,1666.02
down_proj,7328,1666.53
down_proj,7344,1666.14
down_proj,7360,1666.47
down_proj,7376,1666.1
down_proj,7392,1666.2
down_proj,7408,1666.15
down_proj,7424,1665.88
down_proj,7440,1666.46
down_proj,7456,1666.32
down_proj,7472,1666.16
down_proj,7488,1666.31
down_proj,7504,1666.32
down_proj,7520,1666.66
down_proj,7536,1666.3
down_proj,7552,1666.09
down_proj,7568,1898.55
down_proj,7584,1900.49
down_proj,7600,1897.55
down_proj,7616,1901.85
down_proj,7632,1896.88
down_proj,7648,1900.58
down_proj,7664,1897.5
down_proj,7680,1900.44
down_proj,7696,1902.96
down_proj,7712,1902.91
down_proj,7728,1902.49
down_proj,7744,1902.68
down_proj,7760,1903.4
down_proj,7776,1903.24
down_proj,7792,1903.19
down_proj,7808,1902.85
down_proj,7824,1903.18
down_proj,7840,1902.84
down_proj,7856,1903.17
down_proj,7872,1902.2
down_proj,7888,1903.05
down_proj,7904,1902.3
down_proj,7920,1902.74
down_proj,7936,1902.52
down_proj,7952,1903.01
down_proj,7968,1902.91
down_proj,7984,1902.78
down_proj,8000,1903.52
down_proj,8016,1903.35
down_proj,8032,1903.2
down_proj,8048,1903.36
down_proj,8064,1903.14
down_proj,8080,1902.82
down_proj,8096,1902.87
down_proj,8112,1903.35
down_proj,8128,1903
down_proj,8144,1903.17
down_proj,8160,1903.64
down_proj,8176,1903.01
down_proj,8192,1903.35
down_proj,8208,1903.03
down_proj,8224,1902.86
down_proj,8240,1903.61
down_proj,8256,1903.09
down_proj,8272,1903.15
down_proj,8288,1903.68
down_proj,8304,1903.4
down_proj,8320,1902.92
down_proj,8336,1903.43
down_proj,8352,1903.63
down_proj,8368,1903.61
down_proj,8384,1903.92
down_proj,8400,1903.53
down_proj,8416,1903.49
down_proj,8432,1903.64
down_proj,8448,1903.71
down_proj,8464,1903.44
down_proj,8480,1903.56
down_proj,8496,1903.55
down_proj,8512,1903.28
down_proj,8528,1903.47
down_proj,8544,1903.59
down_proj,8560,1903.53
down_proj,8576,1903.36
down_proj,8592,1903.73
down_proj,8608,1903.82
down_proj,8624,1903.91
down_proj,8640,1903.82
down_proj,8656,1903.73
down_proj,8672,1903.64
down_proj,8688,1904.24
down_proj,8704,1903.85
down_proj,8720,2140.68
down_proj,8736,2140.3
down_proj,8752,2139.95
down_proj,8768,2139.26
down_proj,8784,2140.72
down_proj,8800,2139.7
down_proj,8816,2140.34
down_proj,8832,2140.68
down_proj,8848,2140.92
down_proj,8864,2140.84
down_proj,8880,2140.44
down_proj,8896,2139.73
down_proj,8912,2140.44
down_proj,8928,2140.68
down_proj,8944,2140.36
down_proj,8960,2140.6
down_proj,8976,2141.49
down_proj,8992,2140.6
down_proj,9008,2140.64
down_proj,9024,2141.43
down_proj,9040,2140.78
down_proj,9056,2141.19
down_proj,9072,2141.32
down_proj,9088,2140.24
down_proj,9104,2140.95
down_proj,9120,2139.58
down_proj,9136,2139.88
down_proj,9152,2140.52
down_proj,9168,2140.82
down_proj,9184,2140.61
down_proj,9200,2140.75
down_proj,9216,2141.08
down_proj,9232,2141.31
down_proj,9248,2141.35
down_proj,9264,2140.88
down_proj,9280,2140.58
down_proj,9296,2141.29
down_proj,9312,2141.71
down_proj,9328,2140.63
down_proj,9344,2141.07
down_proj,9360,2141.16
down_proj,9376,2140.84
down_proj,9392,2141.1
down_proj,9408,2141.72
down_proj,9424,2141.14
down_proj,9440,2141.41
down_proj,9456,2141.61
down_proj,9472,2140.99
down_proj,9488,2141.51
down_proj,9504,2141.35
down_proj,9520,2141.29
down_proj,9536,2140.64
down_proj,9552,2140.94
down_proj,9568,2141.56
down_proj,9584,2141.16
down_proj,9600,2140.69
down_proj,9616,2141.29
down_proj,9632,2141.92
down_proj,9648,2140.88
down_proj,9664,2141.69
down_proj,9680,2141.19
down_proj,9696,2141.71
down_proj,9712,2141.06
down_proj,9728,2141.29
down_proj,9744,2372.82
down_proj,9760,2376.26
down_proj,9776,2373.75
down_proj,9792,2372.65
down_proj,9808,2372.7
down_proj,9824,2374.3
down_proj,9840,2373.37
down_proj,9856,2375.91
down_proj,9872,2378.41
down_proj,9888,2376.98
down_proj,9904,2378.06
down_proj,9920,2377.5
down_proj,9936,2377.9
down_proj,9952,2377.03
down_proj,9968,2378.11
down_proj,9984,2378.63
down_proj,10000,2378.24
down_proj,10016,2378.17
down_proj,10032,2378.32
down_proj,10048,2378.77
down_proj,10064,2377.94
down_proj,10080,2378.36
down_proj,10096,2378.82
down_proj,10112,2377.89
down_proj,10128,2378.91
down_proj,10144,2378.45
down_proj,10160,2378.13
down_proj,10176,2378.57
down_proj,10192,2378.74
down_proj,10208,2378.39
down_proj,10224,2378.41
down_proj,10240,2378.8
down_proj,10256,2378.25
down_proj,10272,2377.95
down_proj,10288,2378.31
down_proj,10304,2378.02
down_proj,10320,2378.02
down_proj,10336,2377.96
down_proj,10352,2378.45
down_proj,10368,2378.63
down_proj,10384,2378.49
down_proj,10400,2378.67
down_proj,10416,2378.91
down_proj,10432,2378.37
down_proj,10448,2378.4
down_proj,10464,2378.42
down_proj,10480,2378.53
down_proj,10496,2379.28
down_proj,10512,2379.33
down_proj,10528,2379
down_proj,10544,2378.93
down_proj,10560,2379.14
down_proj,10576,2378.83
down_proj,10592,2377.87
down_proj,10608,2379.21
down_proj,10624,2378.35
down_proj,10640,2378.77
down_proj,10656,2378.46
down_proj,10672,2378.59
down_proj,10688,2378.31
down_proj,10704,2378.61
down_proj,10720,2378.39
down_proj,10736,2379.2
down_proj,10752,2378.55
down_proj,10768,2378.39
down_proj,10784,2378.81
down_proj,10800,2378.55
down_proj,10816,2379.23
down_proj,10832,2471.53
down_proj,10848,2377.72
down_proj,10864,2379.61
down_proj,10880,2379.58
down_proj,10896,2614.53
down_proj,10912,2614.54
down_proj,10928,2614.52
down_proj,10944,2613.21
down_proj,10960,2610.7
down_proj,10976,2614.77
down_proj,10992,2609.13
down_proj,11008,2610.42
down_proj,11024,2613.89
down_proj,11040,2614.23
down_proj,11056,2611.51
down_proj,11072,2613.55
down_proj,11088,2614.15
down_proj,11104,2615.21
down_proj,11120,2612.88
down_proj,11136,2613.81
down_proj,11152,2614.32
down_proj,11168,2615.5
down_proj,11184,2615.02
down_proj,11200,2615.1
down_proj,11216,2614.8
down_proj,11232,2615.41
down_proj,11248,2613.6
down_proj,11264,2616.24
down_proj,11280,2615.14
down_proj,11296,2615.31
down_proj,11312,2615.18
down_proj,11328,2614.54
down_proj,11344,2614.81
down_proj,11360,2616.15
down_proj,11376,2615.82
down_proj,11392,2615.04
down_proj,11408,2616.26
down_proj,11424,2615.47
down_proj,11440,2615.76
down_proj,11456,2615.35
down_proj,11472,2615.72
down_proj,11488,2615.99
down_proj,11504,2615.79
down_proj,11520,2614.89
down_proj,11536,2614.95
down_proj,11552,2615.84
down_proj,11568,2615.89
down_proj,11584,2615.39
down_proj,11600,2616.92
down_proj,11616,2615.78
down_proj,11632,2615.42
down_proj,11648,2616.17
down_proj,11664,2616.74
down_proj,11680,2615.65
down_proj,11696,2616.39
down_proj,11712,2616.14
down_proj,11728,2616.56
down_proj,11744,2616.31
down_proj,11760,2616
down_proj,11776,2615.34
down_proj,11792,2616.15
down_proj,11808,2615.01
down_proj,11824,2617.81
down_proj,11840,2617.58
down_proj,11856,2616.8
down_proj,11872,2617.16
down_proj,11888,2616.03
down_proj,11904,2616.44
down_proj,11920,2845.86
down_proj,11936,2844.16
down_proj,11952,2847.09
down_proj,11968,2481.61
down_proj,11984,2480.27
down_proj,12000,2479.48
down_proj,12016,2480.41
down_proj,12032,2477.81
down_proj,12048,2510.1
down_proj,12064,2846.78
down_proj,12080,2851.44
down_proj,12096,2852.25
down_proj,12112,2850.85
down_proj,12128,2828.1
down_proj,12144,2827.17
down_proj,12160,2829.21
down_proj,12176,2828.46
down_proj,12192,2836.05
down_proj,12208,2853.82
down_proj,12224,2804.82
down_proj,12240,2804.47
down_proj,12256,2803.94
down_proj,12272,2803
down_proj,12288,2805.34
down_proj,12304,2854.14
down_proj,12320,2852.34
down_proj,12336,2780.1
down_proj,12352,2779.56
down_proj,12368,2782.17
down_proj,12384,2758.13
down_proj,12400,2758.05
down_proj,12416,2757.6
down_proj,12432,2757.09
down_proj,12448,2758.17
down_proj,12464,2850.04
down_proj,12480,2759.65
down_proj,12496,2758.46
down_proj,12512,2735.8
down_proj,12528,2735.19
down_proj,12544,2734.78
down_proj,12560,2734.62
down_proj,12576,2851.71
down_proj,12592,2712.74
down_proj,12608,2712.22
down_proj,12624,2712.94
down_proj,12640,2710.93
down_proj,12656,2689.77
down_proj,12672,2690.61
down_proj,12688,2690.43
down_proj,12704,2691.14
down_proj,12720,2691.32
down_proj,12736,2837.4
down_proj,12752,2853.11
down_proj,12768,2690.57
down_proj,12784,2691.55
down_proj,12800,2689.16
down_proj,12816,2690.3
down_proj,12832,2670.09
down_proj,12848,2669.05
down_proj,12864,2668.93
down_proj,12880,2669.67
down_proj,12896,2647.73
down_proj,12912,2648.86
down_proj,12928,2647.72
down_proj,12944,2647.42
down_proj,12960,2647.9
down_proj,12976,2855.77
down_proj,12992,2647.75
down_proj,13008,2647.61
down_proj,13024,2626.98
down_proj,13040,2626.91
down_proj,13056,2625.36
down_proj,13072,2834.17
down_proj,13088,2839.64
down_proj,13104,2749.19
down_proj,13120,2752.97
down_proj,13136,2749.61
down_proj,13152,2727.76
down_proj,13168,2734.98
down_proj,13184,2729.03
down_proj,13200,2729.2
down_proj,13216,2731.55
down_proj,13232,3011.14
down_proj,13248,3086.43
down_proj,13264,2747.62
down_proj,13280,2712.73
down_proj,13296,2710.26
down_proj,13312,2714.5
down_proj,13328,2714.13
down_proj,13344,2862.9
down_proj,13360,3087.86
down_proj,13376,2712.98
down_proj,13392,2687.47
down_proj,13408,2711.96
down_proj,13424,2709.88
down_proj,13440,2713.71
down_proj,13456,2718.32
down_proj,13472,2710.18
down_proj,13488,2714.05
down_proj,13504,2715.61
down_proj,13520,2714.37
down_proj,13536,2712.62
down_proj,13552,2711.71
down_proj,13568,2707.77
down_proj,13584,2713.99
down_proj,13600,2714
down_proj,13616,2715.23
down_proj,13632,2712.63
down_proj,13648,2714.57
down_proj,13664,2717.66
down_proj,13680,2715.11
down_proj,13696,2713.41
down_proj,13712,2713.58
down_proj,13728,2714.5
down_proj,13744,2713.38
down_proj,13760,2714.6
down_proj,13776,2715.32
down_proj,13792,2715.79
down_proj,13808,2713.47
down_proj,13824,2715.21
down_proj,13840,2713.29
down_proj,13856,2715.72
down_proj,13872,2713.02
down_proj,13888,2714.24
down_proj,13904,2714.63
down_proj,13920,2715.85
down_proj,13936,2713.22
down_proj,13952,2715.86
down_proj,13968,2715.18
down_proj,13984,2716.47
down_proj,14000,2714.93
down_proj,14016,2714.8
down_proj,14032,2714.61
down_proj,14048,2717.53
down_proj,14064,2715.07
down_proj,14080,2714.54
down_proj,14096,2912.99
down_proj,14112,2916.08
down_proj,14128,2913.07
down_proj,14144,2913.32
down_proj,14160,2914.38
down_proj,14176,2912.83
down_proj,14192,2914.07
down_proj,14208,2914.08
down_proj,14224,2915.42
down_proj,14240,2923.33
down_proj,14256,2918.05
down_proj,14272,2918.4
down_proj,14288,2915.03
down_proj,14304,2920.51
down_proj,14320,2916.71
down_proj,14336,2916.98
down_proj,14352,2914.58
down_proj,14368,2913.07
down_proj,14384,2911.37
down_proj,14400,2921.03
down_proj,14416,2914.47
down_proj,14432,2914.84
down_proj,14448,2916.78
down_proj,14464,2914.14
down_proj,14480,2917.12
down_proj,14496,2916.38
down_proj,14512,2919.42
down_proj,14528,2923.05
down_proj,14544,2915.25
down_proj,14560,2916.49
down_proj,14576,2917.22
down_proj,14592,2918.41
down_proj,14608,2922.29
down_proj,14624,2916.93
down_proj,14640,2917.96
down_proj,14656,2923.14
down_proj,14672,2918.84
down_proj,14688,2922.91
down_proj,14704,2919.68
down_proj,14720,2922.56
down_proj,14736,2924.53
down_proj,14752,2921.12
down_proj,14768,2921.46
down_proj,14784,2924.84
down_proj,14800,2921.19
down_proj,14816,2921.31
down_proj,14832,2922.52
down_proj,14848,2920.86
down_proj,14864,2923.19
down_proj,14880,2923.37
down_proj,14896,2921.53
down_proj,14912,2922.51
down_proj,14928,2922.12
down_proj,14944,2920.17
down_proj,14960,2923.64
down_proj,14976,2921.61
down_proj,14992,2923.34
down_proj,15008,2922.19
down_proj,15024,2922.58
down_proj,15040,2920.57
down_proj,15056,2922.11
down_proj,15072,2921.61
down_proj,15088,2923.1
down_proj,15104,2923.99
down_proj,15120,2922.43
down_proj,15136,2920.57
down_proj,15152,2923.41
down_proj,15168,2921.17
down_proj,15184,2924.62
down_proj,15200,2922.72
down_proj,15216,2922.73
down_proj,15232,2922.76
down_proj,15248,3120.45
down_proj,15264,3120.6
down_proj,15280,3118.99
down_proj,15296,3121.67
down_proj,15312,3121.33
down_proj,15328,3120.91
down_proj,15344,3119.24
down_proj,15360,3122.34
down_proj,15376,3126.34
down_proj,15392,3124.19
down_proj,15408,3126.31
down_proj,15424,3127.48
down_proj,15440,3122.93
down_proj,15456,3124.89
down_proj,15472,3122.65
down_proj,15488,3124.22
down_proj,15504,3128.14
down_proj,15520,3127.59
down_proj,15536,3124.85
down_proj,15552,3124.36
down_proj,15568,3129.55
down_proj,15584,3125.69
down_proj,15600,3128.56
down_proj,15616,3127.67
down_proj,15632,3127.89
down_proj,15648,3129.72
down_proj,15664,3129.72
down_proj,15680,3129.51
down_proj,15696,3126.02
down_proj,15712,3127.83
down_proj,15728,3129.13
down_proj,15744,3128.92
down_proj,15760,3130.42
down_proj,15776,3129.91
down_proj,15792,3132.93
down_proj,15808,3129.36
down_proj,15824,3128.28
down_proj,15840,3134.31
down_proj,15856,3131.89
down_proj,15872,3132.6
down_proj,15888,3132.5
down_proj,15904,3130.75
down_proj,15920,3131.93
down_proj,15936,3129.63
down_proj,15952,3128.21
down_proj,15968,3130.04
down_proj,15984,3129.47
down_proj,16000,3128.42
down_proj,16016,3130.23
down_proj,16032,3130.68
down_proj,16048,3129.5
down_proj,16064,3131.19
down_proj,16080,3131.35
down_proj,16096,3128.84
down_proj,16112,3129.4
down_proj,16128,3129.38
down_proj,16144,3138.41
down_proj,16160,3130.69
down_proj,16176,3130.46
down_proj,16192,3132.21
down_proj,16208,3131.78
down_proj,16224,3130.95
down_proj,16240,3132.37
down_proj,16256,3131.94
down_proj,16272,3328.87
down_proj,16288,3328.23
down_proj,16304,3326.1
down_proj,16320,3324.33
down_proj,16336,3326.11
down_proj,16352,3328.2
down_proj,16368,3327.22
down_proj,16384,3323.55
down_proj,16400,3327.86
down_proj,16416,3325.23
down_proj,16432,3329.49
down_proj,16448,3332.8
down_proj,16464,3327.98
down_proj,16480,3326.34
down_proj,16496,3330.54
down_proj,16512,3326.44
down_proj,16528,3333.09
down_proj,16544,3328.42
down_proj,16560,3341.22
down_proj,16576,3353.67
down_proj,16592,3335.17
down_proj,16608,3327.03
down_proj,16624,3334.88
down_proj,16640,3336.5
down_proj,16656,3331.51
down_proj,16672,3332.65
down_proj,16688,3335
down_proj,16704,3336.31
down_proj,16720,3333.16
down_proj,16736,3329.82
down_proj,16752,3335.77
down_proj,16768,3335.45
down_proj,16784,3335.66
down_proj,16800,3337.05
down_proj,16816,3338.25
down_proj,16832,3338.48
down_proj,16848,3337.47
down_proj,16864,3337.09
down_proj,16880,3342.23
down_proj,16896,3336.7
down_proj,16912,3335.6
down_proj,16928,3346.71
down_proj,16944,3340.99
down_proj,16960,3338.1
down_proj,16976,3336.34
down_proj,16992,3338.53
down_proj,17008,3337.52
down_proj,17024,3335.86
down_proj,17040,3338.94
down_proj,17056,3364.67
down_proj,17072,3347.11
down_proj,17088,3345
down_proj,17104,3337.32
down_proj,17120,3337.12
down_proj,17136,3346.41
down_proj,17152,3337.69
down_proj,17168,3356.28
down_proj,17184,3335.72
down_proj,17200,3338.94
down_proj,17216,3355.53
down_proj,17232,3338.69
down_proj,17248,3341.14
down_proj,17264,3339.89
down_proj,17280,3337.77
down_proj,17296,3338.73
down_proj,17312,3357.46
down_proj,17328,3365.36
down_proj,17344,3359.17
down_proj,17360,3339.57
down_proj,17376,3314.44
down_proj,17392,3322.26
down_proj,17408,3325.2
down_proj,17424,3509.16
down_proj,17440,3522.51
down_proj,17456,3510.56
down_proj,17472,3515.16
down_proj,17488,3508.73
down_proj,17504,3504.47
down_proj,17520,3516.43
down_proj,17536,3514.26
down_proj,17552,3514.06
down_proj,17568,3518.34
down_proj,17584,3520.99
down_proj,17600,3517.43
down_proj,17616,3516.81
down_proj,17632,3509.81
down_proj,17648,3510.54
down_proj,17664,3509.42
down_proj,17680,3515.5
down_proj,17696,3521.63
down_proj,17712,3517.39
down_proj,17728,3513.89
down_proj,17744,3527.77
down_proj,17760,3512.24
down_proj,17776,3513.93
down_proj,17792,3523.14
down_proj,17808,3513.48
down_proj,17824,3519.41
down_proj,17840,3528.19
down_proj,17856,3519.47
down_proj,17872,3518.45
down_proj,17888,3520.31
down_proj,17904,3524.41
down_proj,17920,3516.43
down_proj,17936,3523.63
down_proj,17952,3524.02
down_proj,17968,3523.91
down_proj,17984,3538.82
down_proj,18000,3538.12
down_proj,18016,3523.08
down_proj,18032,3518.09
down_proj,18048,3526.37
down_proj,18064,3527.11
down_proj,18080,3530
down_proj,18096,3533.62
down_proj,18112,3549.78
down_proj,18128,3529.13
down_proj,18144,3530.42
down_proj,18160,3534.7
down_proj,18176,3529.08
down_proj,18192,3528.75
down_proj,18208,3527.36
down_proj,18224,3519.85
down_proj,18240,3537.68
down_proj,18256,3531.23
down_proj,18272,3531.59
down_proj,18288,3558.59
down_proj,18304,3543.36
down_proj,18320,3543.02
down_proj,18336,3545.83
down_proj,18352,3552
down_proj,18368,3544.18
down_proj,18384,3551.24
down_proj,18400,3531.05
down_proj,18416,3522.24
down_proj,18432,3521.07
down_proj,18448,3730.37
down_proj,18464,3717.98
down_proj,18480,3732.08
down_proj,18496,3747.94
down_proj,18512,3715.56
down_proj,18528,3724.09
down_proj,18544,3727.47
down_proj,18560,3722.98
down_proj,18576,3718.61
down_proj,18592,3754.24
down_proj,18608,3726.16
down_proj,18624,3736.82
down_proj,18640,3730.28
down_proj,18656,3735.92
down_proj,18672,3728.61
down_proj,18688,3723.71
down_proj,18704,3735.13
down_proj,18720,3748.11
down_proj,18736,3719.87
down_proj,18752,3723.75
down_proj,18768,3742.76
down_proj,18784,3715.06
down_proj,18800,3724.79
down_proj,18816,3750.4
down_proj,18832,3751.41
down_proj,18848,3747.52
down_proj,18864,3734.61
down_proj,18880,3745.22
down_proj,18896,3727.74
down_proj,18912,3728.76
down_proj,18928,3733.96
down_proj,18944,3740.61
down_proj,18960,3720.27
down_proj,18976,3740.05
down_proj,18992,3736.03
down_proj,19008,3743.72
down_proj,19024,3747.57
down_proj,19040,3738.37
down_proj,19056,3755.04
down_proj,19072,3726.91
down_proj,19088,3741.24
down_proj,19104,3744.56
down_proj,19120,3738.27
down_proj,19136,3755.25
down_proj,19152,3752.68
down_proj,19168,3759.64
down_proj,19184,3749.05
down_proj,19200,3725.56
down_proj,19216,3738.84
down_proj,19232,3755.29
down_proj,19248,3761.72
down_proj,19264,3744.88
down_proj,19280,3752.41
down_proj,19296,3747.61
down_proj,19312,3753.58
down_proj,19328,3747.54
down_proj,19344,3748.42
down_proj,19360,3750.57
down_proj,19376,3746.52
down_proj,19392,3745.45
down_proj,19408,3759.35
down_proj,19424,3757.94
down_proj,19440,3754.3
down_proj,19456,3735.72
down_proj,19472,3750.2
down_proj,19488,3763.93
down_proj,19504,3748.95
down_proj,19520,3767.17
down_proj,19536,3750.09
down_proj,19552,3741.51
down_proj,19568,3769.35
down_proj,19584,3754.95
down_proj,19600,3932.97
down_proj,19616,3946.12
down_proj,19632,3947.92
down_proj,19648,3958.34
down_proj,19664,3946.69
down_proj,19680,3940.29
down_proj,19696,3932.32
down_proj,19712,3942.55
down_proj,19728,3952.14
down_proj,19744,3952.77
down_proj,19760,3960.71
down_proj,19776,3932.41
down_proj,19792,3961.67
down_proj,19808,3960.68
down_proj,19824,3958.67
down_proj,19840,3941.45
down_proj,19856,3960.55
down_proj,19872,3957.86
down_proj,19888,3955.55
down_proj,19904,3964.01
down_proj,19920,3949.56
down_proj,19936,3961.61
down_proj,19952,3962.01
down_proj,19968,3956.15
down_proj,19984,3954.31
down_proj,20000,3957.19
down_proj,20016,3962.8
down_proj,20032,3954.56
down_proj,20048,3961.89
down_proj,20064,3946.78
down_proj,20080,3959.66
down_proj,20096,3954.25
down_proj,20112,3968.39
down_proj,20128,3962.67
down_proj,20144,3963.57
down_proj,20160,3964.36
down_proj,20176,3963.96
down_proj,20192,3956.87
down_proj,20208,3971.99
down_proj,20224,3946.79
down_proj,20240,3965.72
down_proj,20256,3966.25
down_proj,20272,3962.39
down_proj,20288,3969.78
down_proj,20304,3957.62
down_proj,20320,3962.59
down_proj,20336,3965.98
down_proj,20352,3957.39
down_proj,20368,3971.61
down_proj,20384,3961.07
down_proj,20400,3964.39
down_proj,20416,3971.71
down_proj,20432,3966.99
down_proj,20448,3959.61
down_proj,20464,3970.53
down_proj,20480,3955.94
down_proj,20496,3981.71
down_proj,20512,3983.82
down_proj,20528,3977.48
down_proj,20544,3965.26
down_proj,20560,3974.93
down_proj,20576,3965.4
down_proj,20592,3969.74
down_proj,20608,3968.06
down_proj,20624,4164.78
down_proj,20640,4153.36
down_proj,20656,4157.32
down_proj,20672,4150.46
down_proj,20688,4158.91
down_proj,20704,4159.59
down_proj,20720,4161.38
down_proj,20736,4151.14
down_proj,20752,4176.04
down_proj,20768,4175.37
down_proj,20784,4165.97
down_proj,20800,4167.45
down_proj,20816,4174.09
down_proj,20832,4156.01
down_proj,20848,4164.53
down_proj,20864,4161.7
down_proj,20880,4161.8
down_proj,20896,4164.85
down_proj,20912,4181.11
down_proj,20928,4164.75
down_proj,20944,4159.77
down_proj,20960,4158.88
down_proj,20976,4160.14
down_proj,20992,4161.95
down_proj,21008,4172.98
down_proj,21024,4160.78
down_proj,21040,4185.81
down_proj,21056,4163.79
down_proj,21072,4174.25
down_proj,21088,4162.37
down_proj,21104,4171.08
down_proj,21120,4165.1
down_proj,21136,4184.05
down_proj,21152,4163.62
down_proj,21168,4181.39
down_proj,21184,4185.91
down_proj,21200,4172.61
down_proj,21216,4179.8
down_proj,21232,4191.92
down_proj,21248,4167.77
down_proj,21264,4170.86
down_proj,21280,4178.82
down_proj,21296,4172.55
down_proj,21312,4184.51
down_proj,21328,4171.01
down_proj,21344,4180.63
down_proj,21360,4190.07
down_proj,21376,4170.6
down_proj,21392,4179.34
down_proj,21408,4166.55
down_proj,21424,4182.76
down_proj,21440,4166.56
down_proj,21456,4171.58
down_proj,21472,4169.62
down_proj,21488,4174.97
down_proj,21504,4174.57
down_proj,21520,4206.82
down_proj,21536,4177.96
down_proj,21552,4198.36
down_proj,21568,4200.03
down_proj,21584,4191.78
down_proj,21600,4174.83
down_proj,21616,4180.21
down_proj,21632,4177.65
down_proj,21648,4188.45
down_proj,21664,4177.75
down_proj,21680,4209.47
down_proj,21696,4201.78
down_proj,21712,4178.11
down_proj,21728,4205.64
down_proj,21744,4209.97
down_proj,21760,4175.11
down_proj,21776,4379.11
down_proj,21792,4402.79
down_proj,21808,4414.93
down_proj,21824,4386.78
down_proj,21840,4387.71
down_proj,21856,4359.87
down_proj,21872,4370.95
down_proj,21888,4352.53
down_proj,21904,4395.57
down_proj,21920,4404.08
down_proj,21936,4368.08
down_proj,21952,4364.55
down_proj,21968,4368.55
down_proj,21984,4397.94
down_proj,22000,4366.94
down_proj,22016,4353.76
down_proj,22032,4388.87
down_proj,22048,4368.87
down_proj,22064,4367.01
down_proj,22080,4376.61
down_proj,22096,4394.18
down_proj,22112,4386.89
down_proj,22128,4394.21
down_proj,22144,4370.12
down_proj,22160,4412.34
down_proj,22176,4409.95
down_proj,22192,4416.51
down_proj,22208,4402.11
down_proj,22224,4376.17
down_proj,22240,4393.76
down_proj,22256,4380.26
down_proj,22272,4379.13
down_proj,22288,4388
down_proj,22304,4414.4
down_proj,22320,4386.33
down_proj,22336,4403.66
down_proj,22352,4412.9
down_proj,22368,4401.75
down_proj,22384,4375.85
down_proj,22400,4382.72
down_proj,22416,4393.48
down_proj,22432,4414.4
down_proj,22448,4425.9
down_proj,22464,4414.15
down_proj,22480,4375.01
down_proj,22496,4376.92
down_proj,22512,4413.87
down_proj,22528,4387.43
down_proj,22544,4379.11
down_proj,22560,4386.31
down_proj,22576,4415.24
down_proj,22592,4430.83
down_proj,22608,4427.23
down_proj,22624,4381.94
down_proj,22640,4379.68
down_proj,22656,4376.97
down_proj,22672,4419.01
down_proj,22688,4387.07
down_proj,22704,4386.58
down_proj,22720,4404.86
down_proj,22736,4417.66
down_proj,22752,4402.27
down_proj,22768,4378.76
down_proj,22784,4399.41
down_proj,22800,4593.84
down_proj,22816,4568.59
down_proj,22832,4599.37
down_proj,22848,4603.2
down_proj,22864,4624.34
down_proj,22880,4618.71
down_proj,22896,4617.3
down_proj,22912,4579.45
down_proj,22928,4591.32
down_proj,22944,4627.1
down_proj,22960,4625.97
down_proj,22976,4579.28
down_proj,22992,4583.48
down_proj,23008,4599.07
down_proj,23024,4571.5
down_proj,23040,4573.2
down_proj,23056,4575.94
down_proj,23072,4590.71
down_proj,23088,4584.12
down_proj,23104,4603.92
down_proj,23120,4608.96
down_proj,23136,4625.9
down_proj,23152,4588.33
down_proj,23168,4584.5
down_proj,23184,4599.17
down_proj,23200,4591.34
down_proj,23216,4633.44
down_proj,23232,4628.6
down_proj,23248,4594.22
down_proj,23264,4586.59
down_proj,23280,4596.75
down_proj,23296,4572.89
down_proj,23312,4586.96
down_proj,23328,4620.48
down_proj,23344,4602.18
down_proj,23360,4631.22
down_proj,23376,4596.23
down_proj,23392,4628.36
down_proj,23408,4611.91
down_proj,23424,4586.39
down_proj,23440,4618.88
down_proj,23456,4634.07
down_proj,23472,4600.55
down_proj,23488,4597.71
down_proj,23504,4602.97
down_proj,23520,4602.37
down_proj,23536,4607.79
down_proj,23552,4598.24
down_proj,23568,4623.34
down_proj,23584,4606.83
down_proj,23600,4630.45
down_proj,23616,4642.83
down_proj,23632,4617.35
down_proj,23648,4626.31
down_proj,23664,4628.68
down_proj,23680,4597.13
down_proj,23696,4619.48
down_proj,23712,4637.54
down_proj,23728,4611.44
down_proj,23744,4607.53
down_proj,23760,4610.08
down_proj,23776,4614.81
down_proj,23792,4636.66
down_proj,23808,4599.32
down_proj,23824,4612.3
down_proj,23840,4627.15
down_proj,23856,4606.41
down_proj,23872,4606.36
down_proj,23888,4635.14
down_proj,23904,4627.85
down_proj,23920,4636.3
down_proj,23936,4598.16
down_proj,23952,4811.59
down_proj,23968,4809.69
down_proj,23984,4816.33
down_proj,24000,4830.8
down_proj,24016,4814.98
down_proj,24032,4829.38
down_proj,24048,4810.56
down_proj,24064,4797.88
down_proj,24080,4837.88
down_proj,24096,4829.29
down_proj,24112,4827.34
down_proj,24128,4908.45
down_proj,24144,4809.5
down_proj,24160,4831.47
down_proj,24176,4813.95
down_proj,24192,4790.26
down_proj,24208,4831.95
down_proj,24224,4834.98
down_proj,24240,4831.7
down_proj,24256,4816.24
down_proj,24272,4825.43
down_proj,24288,4829.76
down_proj,24304,4817.41
down_proj,24320,4802.56
down_proj,24336,4822.55
down_proj,24352,4835.07
down_proj,24368,4837.6
down_proj,24384,4831.68
down_proj,24400,4839.38
down_proj,24416,4839.04
down_proj,24432,4832.32
down_proj,24448,4802.65
down_proj,24464,4848.75
down_proj,24480,4855.69
down_proj,24496,4843.72
down_proj,24512,4856.3
down_proj,24528,4842.73
down_proj,24544,4835.28
down_proj,24560,4847.81
down_proj,24576,4819.87
down_proj,24592,4842.13
down_proj,24608,4847.81
down_proj,24624,4849.9
down_proj,24640,4846.93
down_proj,24656,4849
down_proj,24672,4842.81
down_proj,24688,4846.72
down_proj,24704,4822.14
down_proj,24720,4847.46
down_proj,24736,4846.42
down_proj,24752,4840.88
down_proj,24768,4840.66
down_proj,24784,4851.68
down_proj,24800,4841.43
down_proj,24816,4854.64
down_proj,24832,4813.61
down_proj,24848,4843.3
down_proj,24864,4843.42
down_proj,24880,4853.67
down_proj,24896,4861.01
down_proj,24912,4843.13
down_proj,24928,4847.36
down_proj,24944,4843.38
down_proj,24960,4810.1
down_proj,24976,5027.8
down_proj,24992,5040.11
down_proj,25008,5042.54
down_proj,25024,5034.05
down_proj,25040,5034.14
down_proj,25056,5046.32
down_proj,25072,5033.43
down_proj,25088,5007.92
down_proj,25104,5051.72
down_proj,25120,5052.37
down_proj,25136,5033.15
down_proj,25152,5142.66
down_proj,25168,5028.95
down_proj,25184,5040.31
down_proj,25200,5039.35
down_proj,25216,5017.22
down_proj,25232,5052.3
down_proj,25248,5045.65
down_proj,25264,5033.93
down_proj,25280,5045.37
down_proj,25296,5065.56
down_proj,25312,5042.74
down_proj,25328,5052.32
down_proj,25344,5033.4
down_proj,25360,5061.04
down_proj,25376,5041.18
down_proj,25392,5039.31
down_proj,25408,5053.64
down_proj,25424,5059.99
down_proj,25440,5039.98
down_proj,25456,5058.01
down_proj,25472,5030.75
down_proj,25488,5051.68
down_proj,25504,5060.69
down_proj,25520,5049.69
down_proj,25536,5080.41
down_proj,25552,5032.73
down_proj,25568,5041.35
down_proj,25584,5051.86
down_proj,25600,5018.59
down_proj,25616,5054.47
down_proj,25632,5079.36
down_proj,25648,5055.76
down_proj,25664,5056.11
down_proj,25680,5060.11
down_proj,25696,5036.85
down_proj,25712,5049.37
down_proj,25728,5043.77
down_proj,25744,5058.21
down_proj,25760,5097.94
down_proj,25776,5056.8
down_proj,25792,5050.16
down_proj,25808,5043.02
down_proj,25824,5058.62
down_proj,25840,5059.27
down_proj,25856,5040.98
down_proj,25872,5060.52
down_proj,25888,5091.75
down_proj,25904,5054.84
down_proj,25920,5058.89
down_proj,25936,5055.3
down_proj,25952,5051.22
down_proj,25968,5057.48
down_proj,25984,5025.82
down_proj,26000,5076.47
down_proj,26016,5075.38
down_proj,26032,5064.82
down_proj,26048,5054.74
down_proj,26064,5074.84
down_proj,26080,5051.02
down_proj,26096,5058.26
down_proj,26112,5069.18
down_proj,26128,5264.96
down_proj,26144,5265.68
down_proj,26160,5269.66
down_proj,26176,5266.21
down_proj,26192,5252.9
down_proj,26208,5280.65
down_proj,26224,5266.02
down_proj,26240,5233.53
down_proj,26256,5259.32
down_proj,26272,5271.02
down_proj,26288,5260.49
down_proj,26304,5296.1
down_proj,26320,5260.33
down_proj,26336,5268.21
down_proj,26352,5264.5
down_proj,26368,5218.32
down_proj,26384,5270.84
down_proj,26400,5266.52
down_proj,26416,5269.72
down_proj,26432,5283.57
down_proj,26448,5265.16
down_proj,26464,5260.99
down_proj,26480,5264.78
down_proj,26496,5226.17
down_proj,26512,5283.23
down_proj,26528,5269.84
down_proj,26544,5286.12
down_proj,26560,5282.17
down_proj,26576,5259.63
down_proj,26592,5270.17
down_proj,26608,5280.94
down_proj,26624,5247.32
down_proj,26640,5271.54
down_proj,26656,5285.07
down_proj,26672,5261.97
down_proj,26688,5287.08
down_proj,26704,5274.86
down_proj,26720,5285.13
down_proj,26736,5288.35
down_proj,26752,5234.38
down_proj,26768,5269.78
down_proj,26784,5291.1
down_proj,26800,5280.03
down_proj,26816,5289.11
down_proj,26832,5273.56
down_proj,26848,5279.97
down_proj,26864,5284
down_proj,26880,5232.95
down_proj,26896,5277.6
down_proj,26912,5283.59
down_proj,26928,5273.94
down_proj,26944,5297.15
down_proj,26960,5274.97
down_proj,26976,5296.78
down_proj,26992,5280.73
down_proj,27008,5248.33
down_proj,27024,5269.29
down_proj,27040,5289.55
down_proj,27056,5277.4
down_proj,27072,5287.11
down_proj,27088,5286.33
down_proj,27104,5297.22
down_proj,27120,5286.23
down_proj,27136,5257.96
down_proj,27152,5466.86
down_proj,27168,5496.83
down_proj,27184,5485.7
down_proj,27200,5494.61
down_proj,27216,5468.1
down_proj,27232,5484.36
down_proj,27248,5478.34
down_proj,27264,5456.88
down_proj,27280,5486.56
down_proj,27296,5505.74
down_proj,27312,5492.11
down_proj,27328,5470.8
down_proj,27344,5480.16
down_proj,27360,5484.34
down_proj,27376,5484.12
down_proj,27392,5453.34
down_proj,27408,5483.85
down_proj,27424,5487.11
down_proj,27440,5478.94
down_proj,27456,5511.62
down_proj,27472,5492.18
down_proj,27488,5473.45
down_proj,27504,5475.39
down_proj,27520,5454.54
down_proj,27536,5468.08
down_proj,27552,5475.61
down_proj,27568,5465.08
down_proj,27584,5474.15
down_proj,27600,5486.73
down_proj,27616,5503.15
down_proj,27632,5480.89
down_proj,27648,5468.88
down_proj,27664,5513.38
down_proj,27680,5495.7
down_proj,27696,5510.15
down_proj,27712,5486.56
down_proj,27728,5477
down_proj,27744,5504.18
down_proj,27760,5509.04
down_proj,27776,5461.5
down_proj,27792,5503.62
down_proj,27808,5506.53
down_proj,27824,5492.28
down_proj,27840,5491.02
down_proj,27856,5538.24
down_proj,27872,5546.65
down_proj,27888,5513.23
down_proj,27904,5485.21
down_proj,27920,5487.78
down_proj,27936,5514.29
down_proj,27952,5506.49
down_proj,27968,5499.41
down_proj,27984,5523.01
down_proj,28000,5485.18
down_proj,28016,5530.88
down_proj,28032,5492.61
down_proj,28048,5495.19
down_proj,28064,5542
down_proj,28080,5482.83
down_proj,28096,5528.34
down_proj,28112,5478.79
down_proj,28128,5503.32
down_proj,28144,5513.88
down_proj,28160,5453.43
down_proj,28176,5483.97
down_proj,28192,5502.06
down_proj,28208,5528.98
down_proj,28224,5497.66
down_proj,28240,5481.27
down_proj,28256,5516.13
down_proj,28272,5544.53
down_proj,28288,5457.08
down_proj,28304,5699.03
down_proj,28320,5725.07
down_proj,28336,5668.72
down_proj,28352,5747.54
down_proj,28368,5679.76
down_proj,28384,5710.57
down_proj,28400,5680.39
down_proj,28416,5655.57
down_proj,28432,5687.13
down_proj,28448,5713.56
down_proj,28464,5663.88
down_proj,28480,5685.43
down_proj,28496,5733.86
down_proj,28512,5720.02
down_proj,28528,5700.27
down_proj,28544,5700.29
down_proj,28560,5712.79
down_proj,28576,5742.82
down_proj,28592,5686.92
down_proj,28608,5685.69
down_proj,28624,5683.55
down_proj,28640,5734.03
down_proj,28656,5730.83
down_proj,28672,5640.13
down_proj,28688,5671.93
down_proj,28704,5710.49
down_proj,28720,5726.93
down_proj,28736,5730.43
down_proj,28752,5731.73
down_proj,28768,5682.3
down_proj,28784,5736.3
down_proj,28800,5648.42
down_proj,28816,5728.44
down_proj,28832,5694.26
down_proj,28848,5726.94
down_proj,28864,5733.66
down_proj,28880,5708.13
down_proj,28896,5758.05
down_proj,28912,5711.54
down_proj,28928,5668.9
down_proj,28944,5715.39
down_proj,28960,5739.59
down_proj,28976,5739.87
down_proj,28992,5711.35
down_proj,29008,5693.65
down_proj,29024,5725.05
down_proj,29040,5705.15
down_proj,29056,5682.93
down_proj,29072,5711.09
down_proj,29088,5696.3
down_proj,29104,5740.44
down_proj,29120,5720.25
down_proj,29136,5680
down_proj,29152,5710.3
down_proj,29168,5759.19
down_proj,29184,5665.55
down_proj,29200,5735.92
down_proj,29216,5721.7
down_proj,29232,5682.79
down_proj,29248,5713.99
down_proj,29264,5726.23
down_proj,29280,5753.8
down_proj,29296,5741.82
down_proj,29312,5667.93
down_proj,29328,5903.71
down_proj,29344,5903.92
down_proj,29360,5916.43
down_proj,29376,5899
down_proj,29392,5934.8
down_proj,29408,5909.74
down_proj,29424,5893.7
down_proj,29440,5885.74
down_proj,29456,5909.02
down_proj,29472,5933.45
down_proj,29488,5921.46
down_proj,29504,5940.59
down_proj,29520,5903.03
down_proj,29536,5919.3
down_proj,29552,5903
down_proj,29568,5874.09
down_proj,29584,5949.89
down_proj,29600,5909.22
down_proj,29616,5916.71
down_proj,29632,5889.23
down_proj,29648,5958.45
down_proj,29664,5953.71
down_proj,29680,5933.72
down_proj,29696,5894.26
down_proj,29712,5906.09
down_proj,29728,5951.56
down_proj,29744,5945.58
down_proj,29760,5904.12
down_proj,29776,5921.95
down_proj,29792,5944.99
down_proj,29808,5912.52
down_proj,29824,5890.09
down_proj,29840,5917.41
down_proj,29856,5933.45
down_proj,29872,5931.07
down_proj,29888,5935.59
down_proj,29904,5942.62
down_proj,29920,5921.38
down_proj,29936,5939.74
down_proj,29952,5885.07
down_proj,29968,5957.26
down_proj,29984,5939.57
down_proj,30000,5946.92
down_proj,30016,5919.4
down_proj,30032,5949.61
down_proj,30048,5913.68
down_proj,30064,5959.82
down_proj,30080,5879.25
down_proj,30096,5949.24
down_proj,30112,5924.28
down_proj,30128,5956.72
down_proj,30144,5935
down_proj,30160,5941.67
down_proj,30176,5955.88
down_proj,30192,5918.51
down_proj,30208,5903.25
down_proj,30224,5948.2
down_proj,30240,5948.53
down_proj,30256,5921.19
down_proj,30272,5942.29
down_proj,30288,5944.91
down_proj,30304,5951.08
down_proj,30320,5937.35
down_proj,30336,5914.21
down_proj,30352,5937.21
down_proj,30368,5939.91
down_proj,30384,5944.89
down_proj,30400,5953.63
down_proj,30416,5938.93
down_proj,30432,5935.26
down_proj,30448,5951.7
down_proj,30464,5891.43
down_proj,30480,6109.26
down_proj,30496,6186.89
down_proj,30512,6188.04
down_proj,30528,6149.5
down_proj,30544,6174.97
down_proj,30560,6172.85
down_proj,30576,6172.91
down_proj,30592,6115.71
down_proj,30608,6158.43
down_proj,30624,6179.4
down_proj,30640,6163.17
down_proj,30656,6185.35
down_proj,30672,6159.28
down_proj,30688,6166.33
down_proj,30704,6166
down_proj,30720,6112.7
down_proj,30736,6183.92
down_proj,30752,6180.04
down_proj,30768,6182.84
down_proj,30784,6156.98
down_proj,30800,6169.4
down_proj,30816,6186.16
down_proj,30832,6178.91
down_proj,30848,6137.26
down_proj,30864,6190.25
down_proj,30880,6170.44
down_proj,30896,6191.21
down_proj,30912,6174.16
down_proj,30928,6193.17
down_proj,30944,6185.8
down_proj,30960,6163.86
down_proj,30976,6137.73
down_proj,30992,6196.91
down_proj,31008,6203.56
down_proj,31024,6189.04
down_proj,31040,6200.49
down_proj,31056,6196.71
down_proj,31072,6204.27
down_proj,31088,6179.73
down_proj,31104,6151.94
down_proj,31120,6189.85
down_proj,31136,6194.21
down_proj,31152,6194.33
down_proj,31168,6185.86
down_proj,31184,6165.38
down_proj,31200,6196.47
down_proj,31216,6179.61
down_proj,31232,6142.54
down_proj,31248,6200.7
down_proj,31264,6189.78
down_proj,31280,6192.44
down_proj,31296,6185.85
down_proj,31312,6186.8
down_proj,31328,6201.8
down_proj,31344,6173.01
down_proj,31360,6133.05
down_proj,31376,6180.38
down_proj,31392,6198.23
down_proj,31408,6197.81
down_proj,31424,6190.81
down_proj,31440,6198.42
down_proj,31456,6205.43
down_proj,31472,6184.45
down_proj,31488,6151.48
down_proj,31504,6397.99
down_proj,31520,6405.31
down_proj,31536,6399.07
down_proj,31552,6372.93
down_proj,31568,6375.91
down_proj,31584,6391.78
down_proj,31600,6362.23
down_proj,31616,6350.71
down_proj,31632,6388.25
down_proj,31648,6385.05
down_proj,31664,6393.04
down_proj,31680,6377.8
down_proj,31696,6384.36
down_proj,31712,6380.1
down_proj,31728,6401.72
down_proj,31744,6343.48
down_proj,31760,6393.61
down_proj,31776,6387.23
down_proj,31792,6392.02
down_proj,31808,6396.86
down_proj,31824,6388.66
down_proj,31840,6391.47
down_proj,31856,6377.83
down_proj,31872,6342.12
down_proj,31888,6395.8
down_proj,31904,6395.43
down_proj,31920,6399.36
down_proj,31936,6366.45
down_proj,31952,6391.94
down_proj,31968,6391.23
down_proj,31984,6379.42
down_proj,32000,6327.57
down_proj,32016,6402.89
down_proj,32032,6401.96
down_proj,32048,6406.2
down_proj,32064,6393.07
down_proj,32080,6408.78
down_proj,32096,6422.38
down_proj,32112,6401.33
down_proj,32128,6332.47
down_proj,32144,6405.23
down_proj,32160,6411.34
down_proj,32176,6414.06
down_proj,32192,6402.53
down_proj,32208,6425.72
down_proj,32224,6425.43
down_proj,32240,6405.27
down_proj,32256,6346.74
down_proj,32272,6399.35
down_proj,32288,6425.93
down_proj,32304,6410.34
down_proj,32320,6397.5
down_proj,32336,6387.58
down_proj,32352,6404.72
down_proj,32368,6408.94
down_proj,32384,6346.36
down_proj,32400,6415.6
down_proj,32416,6402.98
down_proj,32432,6374.85
down_proj,32448,6409.4
down_proj,32464,6415.72
down_proj,32480,6410.79
down_proj,32496,6391.22
down_proj,32512,6371.41
down_proj,32528,6406.23
down_proj,32544,6420.13
down_proj,32560,6417.35
down_proj,32576,6409.29
down_proj,32592,6424.12
down_proj,32608,6426.42
down_proj,32624,6409.21
down_proj,32640,6367.62
down_proj,32656,6602.67
down_proj,32672,6608.03
down_proj,32688,6587.07
down_proj,32704,6569.05
down_proj,32720,6569.98
down_proj,32736,6600.1
down_proj,32752,6583.06
down_proj,32768,6552.97
embedding,1,4.17067
embedding,2,4.405
embedding,3,4.62933
embedding,4,4.93867
embedding,5,5.28
embedding,6,5.53633
embedding,7,5.76067
embedding,8,5.90933
embedding,9,6.40033
embedding,10,6.63467
embedding,11,6.923
embedding,12,7.12533
embedding,13,7.51967
embedding,14,7.81833
embedding,15,8.054
embedding,16,8.097
embedding,20,3.552
embedding,24,3.47733
embedding,28,3.691
embedding,32,3.531
embedding,36,3.744
embedding,40,3.64833
embedding,44,3.82933
embedding,48,3.71233
embedding,52,3.92533
embedding,56,3.808
embedding,60,4.032
embedding,64,3.85067
embedding,80,3.95733
embedding,96,3.95733
embedding,112,4.06433
embedding,128,4.022
embedding,144,4.40533
embedding,160,4.352
embedding,176,4.43733
embedding,192,4.36267
embedding,208,4.544
embedding,224,4.53333
embedding,240,4.59733
embedding,256,4.62933
embedding,272,4.90667
embedding,288,5.003
embedding,304,4.98167
embedding,320,5.056
embedding,336,5.00267
embedding,352,5.12
embedding,368,5.16267
embedding,384,5.141
embedding,400,5.419
embedding,416,5.48267
embedding,432,5.72833
embedding,448,5.82467
embedding,464,5.90933
embedding,480,5.86667
embedding,496,5.90933
embedding,512,5.99467
embedding,528,5.97333
embedding,544,5.99467
embedding,560,6.016
embedding,576,6.05933
embedding,592,6.02667
embedding,608,6.059
embedding,624,6.10133
embedding,640,6.15467
embedding,656,6.197
embedding,672,6.17667
embedding,688,6.272
embedding,704,6.272
embedding,720,6.304
embedding,736,6.32567
embedding,752,6.411
embedding,768,6.411
embedding,784,6.45367
embedding,800,6.48533
embedding,816,6.592
embedding,832,6.64533
embedding,848,6.65567
embedding,864,6.68833
embedding,880,6.69867
embedding,896,6.78433
embedding,912,7.02933
embedding,928,7.11467
embedding,944,7.05067
embedding,960,7.051
embedding,976,7.30667
embedding,992,7.23233
embedding,1008,7.37133
embedding,1024,7.50967
embedding,1040,7.76533
embedding,1056,7.542
embedding,1072,7.73333
embedding,1088,7.94667
embedding,1104,8
embedding,1120,8.05367
embedding,1136,8.17133
embedding,1152,8.52267
embedding,1168,8.406
embedding,1184,8.66133
embedding,1200,8.662
embedding,1216,8.78933
embedding,1232,8.832
embedding,1248,9.02433
embedding,1264,9.323
embedding,1280,9.23733
embedding,1296,9.52567
embedding,1312,9.78133
embedding,1328,9.91967
embedding,1344,9.88833
embedding,1360,10.0693
embedding,1376,10.1973
embedding,1392,10.4
embedding,1408,10.528
embedding,1424,10.7307
embedding,1440,10.6987
embedding,1456,10.7733
embedding,1472,10.9763
embedding,1488,10.9873
embedding,1504,11.0613
embedding,1520,11.2537
embedding,1536,11.3713
embedding,1552,11.4993
embedding,1568,11.7443
embedding,1584,11.7227
embedding,1600,11.8507
embedding,1616,11.883
embedding,1632,11.9893
embedding,1648,12.0637
embedding,1664,12.2663
embedding,1680,12.3733
embedding,1696,12.502
embedding,1712,12.4913
embedding,1728,12.6187
embedding,1744,12.672
embedding,1760,12.6397
embedding,1776,12.9387
embedding,1792,12.992
embedding,1808,13.1093
embedding,1824,13.1837
embedding,1840,13.3123
embedding,1856,13.3553
embedding,1872,13.5147
embedding,1888,13.4083
embedding,1904,13.6643
embedding,1920,13.611
embedding,1936,13.856
embedding,1952,13.7927
embedding,1968,14.048
embedding,1984,14.0053
embedding,2000,14.112
embedding,2016,14.1657
embedding,2032,14.379
embedding,2048,14.3793
embedding,2064,14.496
embedding,2080,14.4643
embedding,2096,14.72
embedding,2112,14.7307
embedding,2128,14.859
embedding,2144,15.019
embedding,2160,15.1253
embedding,2176,15.0827
embedding,2192,15.3713
embedding,2208,15.3277
embedding,2224,15.3497
embedding,2240,15.3713
embedding,2256,15.6053
embedding,2272,15.5307
embedding,2288,15.7443
embedding,2304,15.84
embedding,2320,15.904
embedding,2336,16.0537
embedding,2352,16.1493
embedding,2368,16.0967
embedding,2384,16.161
embedding,2400,16.3527
embedding,2416,16.3737
embedding,2432,16.459
embedding,2448,16.5653
embedding,2464,16.6083
embedding,2480,16.811
embedding,2496,16.9927
embedding,2512,16.8857
embedding,2528,17.0237
embedding,2544,17.1197
embedding,2560,17.1733
embedding,2576,17.259
embedding,2592,17.5253
embedding,2608,17.4617
embedding,2624,17.5043
embedding,2640,17.7817
embedding,2656,17.846
embedding,2672,17.856
embedding,2688,18.0597
embedding,2704,18.1977
embedding,2720,18.177
embedding,2736,18.326
embedding,2752,18.3897
embedding,2768,18.347
embedding,2784,18.624
embedding,2800,18.6457
embedding,2816,18.838
embedding,2832,18.9127
embedding,2848,19.041
embedding,2864,19.1043
embedding,2880,19.115
embedding,2896,19.2323
embedding,2912,19.2643
embedding,2928,19.3813
embedding,2944,19.4137
embedding,2960,19.627
embedding,2976,19.7447
embedding,2992,19.712
embedding,3008,19.8297
embedding,3024,19.8617
embedding,3040,20.1283
embedding,3056,20.0863
embedding,3072,20.224
embedding,3088,20.246
embedding,3104,20.2883
embedding,3120,20.5023
embedding,3136,20.6937
embedding,3152,20.6507
embedding,3168,20.6403
embedding,3184,20.8643
embedding,3200,21.0347
embedding,3216,20.992
embedding,3232,20.992
embedding,3248,21.206
embedding,3264,21.3767
embedding,3280,21.5043
embedding,3296,21.4087
embedding,3312,21.5683
embedding,3328,21.6757
embedding,3344,21.7497
embedding,3360,21.7603
embedding,3376,21.9953
embedding,3392,22.08
embedding,3408,22.1443
embedding,3424,22.2833
embedding,3440,22.4643
embedding,3456,22.422
embedding,3472,22.56
embedding,3488,22.539
embedding,3504,22.742
embedding,3520,22.816
embedding,3536,22.9017
embedding,3552,23.019
embedding,3568,23.0403
embedding,3584,23.1153
embedding,3600,23.4667
embedding,3616,23.4137
embedding,3632,23.3927
embedding,3648,23.691
embedding,3664,23.7017
embedding,3680,23.7443
embedding,3696,23.8083
embedding,3712,23.8937
embedding,3728,24.1073
embedding,3744,24.139
embedding,3760,24.2247
embedding,3776,24.171
embedding,3792,24.2243
embedding,3808,24.4803
embedding,3824,24.4597
embedding,3840,24.758
embedding,3856,24.79
embedding,3872,24.8003
embedding,3888,25.024
embedding,3904,25.0993
embedding,3920,25.1627
embedding,3936,25.0993
embedding,3952,25.28
embedding,3968,25.4833
embedding,3984,25.4617
embedding,4000,25.5797
embedding,4016,25.6533
embedding,4032,25.8027
embedding,4048,25.8137
embedding,4064,25.9847
embedding,4080,26.1017
embedding,4096,26.134
embedding,4112,26.1657
embedding,4128,26.5067
embedding,4144,26.4643
embedding,4160,26.56
embedding,4176,26.6777
embedding,4192,26.7203
embedding,4208,26.7313
embedding,4224,26.923
embedding,4240,26.998
embedding,4256,27.179
embedding,4272,27.1793
embedding,4288,27.2753
embedding,4304,27.6373
embedding,4320,27.5207
embedding,4336,27.563
embedding,4352,27.649
embedding,4368,27.8833
embedding,4384,27.9583
embedding,4400,27.9263
embedding,4416,27.9897
embedding,4432,28.139
embedding,4448,28.139
embedding,4464,28.2997
embedding,4480,28.5227
embedding,4496,28.6083
embedding,4512,28.609
embedding,4528,28.619
embedding,4544,28.6403
embedding,4560,29.0027
embedding,4576,28.8857
embedding,4592,29.1637
embedding,4608,29.1527
embedding,4624,29.579
embedding,4640,29.2593
embedding,4656,29.5043
embedding,4672,29.5047
embedding,4688,29.6967
embedding,4704,29.6757
embedding,4720,29.8987
embedding,4736,29.9627
embedding,4752,29.942
embedding,4768,29.9633
embedding,4784,30.219
embedding,4800,30.3157
embedding,4816,30.497
embedding,4832,30.454
embedding,4848,30.475
embedding,4864,30.4643
embedding,4880,30.5707
embedding,4896,30.7843
embedding,4912,30.8593
embedding,4928,30.8167
embedding,4944,31.126
embedding,4960,31.1363
embedding,4976,31.3497
embedding,4992,31.179
embedding,5008,31.3077
embedding,5024,31.553
embedding,5040,31.7443
embedding,5056,31.7123
embedding,5072,31.7873
embedding,5088,31.851
embedding,5104,32.054
embedding,5120,32.1713
embedding,5136,32.086
embedding,5152,32.31
embedding,5168,32.4377
embedding,5184,32.5233
embedding,5200,32.5657
embedding,5216,32.7367
embedding,5232,32.8323
embedding,5248,32.705
embedding,5264,32.854
embedding,5280,32.9603
embedding,5296,33.057
embedding,5312,33.025
embedding,5328,33.2273
embedding,5344,33.409
embedding,5360,33.451
embedding,5376,33.6537
embedding,5392,33.579
embedding,5408,33.6217
embedding,5424,33.7283
embedding,5440,33.8993
embedding,5456,33.953
embedding,5472,33.995
embedding,5488,34.187
embedding,5504,34.358
embedding,5520,34.3147
embedding,5536,34.4753
embedding,5552,34.4007
embedding,5568,34.6033
embedding,5584,34.7637
embedding,5600,34.8593
embedding,5616,34.8697
embedding,5632,34.881
embedding,5648,35.0837
embedding,5664,35.1367
embedding,5680,35.371
embedding,5696,35.3503
embedding,5712,35.4883
embedding,5728,35.5417
embedding,5744,35.67
embedding,5760,35.798
embedding,5776,35.745
embedding,5792,36.043
embedding,5808,36.0753
embedding,5824,36.225
embedding,5840,36.0863
embedding,5856,36.3957
embedding,5872,36.3743
embedding,5888,36.5337
embedding,5904,36.747
embedding,5920,36.9073
embedding,5936,36.886
embedding,5952,36.9387
embedding,5968,36.8437
embedding,5984,37.0883
embedding,6000,36.9713
embedding,6016,37.3233
embedding,6032,37.4943
embedding,6048,37.3977
embedding,6064,37.505
embedding,6080,37.6323
embedding,6096,37.6963
embedding,6112,37.835
embedding,6128,37.8463
embedding,6144,38.0167
embedding,6160,38.1977
embedding,6176,38.6243
embedding,6192,38.4013
embedding,6208,38.614
embedding,6224,38.5813
embedding,6240,38.6673
embedding,6256,38.5283
embedding,6272,38.7207
embedding,6288,38.646
embedding,6304,39.1153
embedding,6320,39.158
embedding,6336,39.083
embedding,6352,39.211
embedding,6368,39.4997
embedding,6384,39.382
embedding,6400,39.446
embedding,6416,39.841
embedding,6432,39.798
embedding,6448,40.043
embedding,6464,39.873
embedding,6480,40.033
embedding,6496,40.1287
embedding,6512,40.0963
embedding,6528,40.2677
embedding,6544,40.481
embedding,6560,40.5237
embedding,6576,40.502
embedding,6592,40.5767
embedding,6608,40.747
embedding,6624,40.7793
embedding,6640,41.067
embedding,6656,40.9923
embedding,6672,41.0993
embedding,6688,41.046
embedding,6704,41.1423
embedding,6720,41.4517
embedding,6736,41.5477
embedding,6752,41.654
embedding,6768,41.686
embedding,6784,41.5477
embedding,6800,41.739
embedding,6816,41.7603
embedding,6832,41.9423
embedding,6848,42.0167
embedding,6864,42.2513
embedding,6880,42.2083
embedding,6896,42.1343
embedding,6912,42.3583
embedding,6928,42.5713
embedding,6944,42.678
embedding,6960,42.753
embedding,6976,42.8277
embedding,6992,42.956
embedding,7008,42.9873
embedding,7024,43.254
embedding,7040,43.094
embedding,7056,43.2327
embedding,7072,43.3927
embedding,7088,43.4033
embedding,7104,43.4463
embedding,7120,43.6383
embedding,7136,43.8407
embedding,7152,43.958
embedding,7168,43.8087
embedding,7184,44.0223
embedding,7200,44.0223
embedding,7216,44.2247
embedding,7232,44.161
embedding,7248,44.3953
embedding,7264,44.5553
embedding,7280,44.5553
embedding,7296,44.6727
embedding,7312,44.6943
embedding,7328,44.875
embedding,7344,44.8647
embedding,7360,45.2383
embedding,7376,45.313
embedding,7392,45.1637
embedding,7408,45.4943
embedding,7424,45.4517
embedding,7440,45.6863
embedding,7456,45.6223
embedding,7472,45.8247
embedding,7488,45.8463
embedding,7504,45.7713
embedding,7520,46.0383
embedding,7536,46.1763
embedding,7552,46.017
embedding,7568,46.198
embedding,7584,46.273
embedding,7600,46.3473
embedding,7616,46.7097
embedding,7632,46.529
embedding,7648,46.7743
embedding,7664,46.7103
embedding,7680,46.7737
embedding,7696,47.073
embedding,7712,47.0943
embedding,7728,47.1263
embedding,7744,47.3397
embedding,7760,47.4357
embedding,7776,47.4567
embedding,7792,47.5637
embedding,7808,47.7557
embedding,7824,47.649
embedding,7840,47.809
embedding,7856,47.937
embedding,7872,47.9153
embedding,7888,48.1717
embedding,7904,48.1073
embedding,7920,48.353
embedding,7936,48.4913
embedding,7952,48.5873
embedding,7968,48.555
embedding,7984,48.5233
embedding,8000,48.811
embedding,8016,48.7897
embedding,8032,48.7583
embedding,8048,48.95
embedding,8064,49.0143
embedding,8080,49.238
embedding,8096,49.3663
embedding,8112,49.345
embedding,8128,49.526
embedding,8144,49.6863
embedding,8160,49.6757
embedding,8176,49.7823
embedding,8192,49.793
embedding,8208,49.921
embedding,8224,50.1877
embedding,8240,50.1877
embedding,8256,50.4437
embedding,8272,50.39
embedding,8288,50.6673
embedding,8304,50.7103
embedding,8320,50.5507
embedding,8336,50.6993
embedding,8352,50.8383
embedding,8368,51.009
embedding,8384,50.913
embedding,8400,50.9877
embedding,8416,51.3183
embedding,8432,51.3717
embedding,8448,51.3823
embedding,8464,51.6063
embedding,8480,51.6383
embedding,8496,51.649
embedding,8512,51.7127
embedding,8528,51.8517
embedding,8544,51.9903
embedding,8560,52.033
embedding,8576,52.033
embedding,8592,52.3103
embedding,8608,52.3843
embedding,8624,52.46
embedding,8640,52.4383
embedding,8656,52.4703
embedding,8672,52.662
embedding,8688,52.6837
embedding,8704,52.8013
embedding,8720,54.2733
embedding,8736,53.0463
embedding,8752,53.1743
embedding,8768,53.2383
embedding,8784,53.2493
embedding,8800,53.3983
embedding,8816,53.5263
embedding,8832,53.7503
embedding,8848,53.7287
embedding,8864,53.772
embedding,8880,53.8143
embedding,8896,53.9637
embedding,8912,54.0277
embedding,8928,53.9847
embedding,8944,54.1447
embedding,8960,54.305
embedding,8976,54.54
embedding,8992,54.3583
embedding,9008,54.5393
embedding,9024,54.561
embedding,9040,54.7957
embedding,9056,54.8707
embedding,9072,54.8913
embedding,9088,54.9767
embedding,9104,55.137
embedding,9120,55.0517
embedding,9136,55.2437
embedding,9152,55.3717
embedding,9168,55.393
embedding,9184,55.6597
embedding,9200,55.521
embedding,9216,55.6813
embedding,9232,55.713
embedding,9248,55.9263
embedding,9264,56.1717
embedding,9280,56.129
embedding,9296,56.1823
embedding,9312,56.3427
embedding,9328,56.4703
embedding,9344,56.5557
embedding,9360,56.8113
embedding,9376,56.6943
embedding,9392,56.7903
embedding,9408,56.8757
embedding,9424,57.1533
embedding,9440,57.0037
embedding,9456,57.0997
embedding,9472,57.1957
embedding,9488,57.2277
embedding,9504,57.4087
embedding,9520,57.8033
embedding,9536,57.505
embedding,9552,57.7927
embedding,9568,57.729
embedding,9584,58.0053
embedding,9600,58.0173
embedding,9616,58.0383
embedding,9632,58.145
embedding,9648,58.1557
embedding,9664,58.4223
embedding,9680,58.3473
embedding,9696,58.529
embedding,9712,58.8063
embedding,9728,59.0627
embedding,9744,58.721
embedding,9760,58.7853
embedding,9776,59.1477
embedding,9792,59.1477
embedding,9808,59.265
embedding,9824,59.2547
embedding,9840,59.318
embedding,9856,59.4037
embedding,9872,59.4677
embedding,9888,59.5637
embedding,9904,59.7773
embedding,9920,59.8087
embedding,9936,59.9797
embedding,9952,59.9793
embedding,9968,60.129
embedding,9984,60.3743
embedding,10000,60.2143
embedding,10016,60.3533
embedding,10032,60.3953
embedding,10048,60.4917
embedding,10064,60.5667
embedding,10080,60.833
embedding,10096,60.865
embedding,10112,60.9827
embedding,10128,61.0037
embedding,10144,61.0463
embedding,10160,61.3453
embedding,10176,61.3447
embedding,10192,61.4093
embedding,10208,61.4837
embedding,10224,61.6117
embedding,10240,61.601
embedding,10256,61.6657
embedding,10272,61.8573
embedding,10288,61.953
embedding,10304,61.931
embedding,10320,62.1343
embedding,10336,62.1987
embedding,10352,62.2197
embedding,10368,62.3583
embedding,10384,62.337
embedding,10400,62.6467
embedding,10416,64.108
embedding,10432,62.5607
embedding,10448,62.7637
embedding,10464,62.9877
embedding,10480,63.1047
embedding,10496,63.02
embedding,10512,63.2333
embedding,10528,63.4257
embedding,10544,63.276
embedding,10560,63.5743
embedding,10576,63.607
embedding,10592,63.649
embedding,10608,63.9587
embedding,10624,63.7343
embedding,10640,64.129
embedding,10656,63.9157
embedding,10672,64.2037
embedding,10688,64.2357
embedding,10704,64.2463
embedding,10720,64.353
embedding,10736,64.3957
embedding,10752,64.6943
embedding,10768,64.887
embedding,10784,64.6413
embedding,10800,64.9713
embedding,10816,65.1747
embedding,10832,65.3023
embedding,10848,65.132
embedding,10864,65.3667
embedding,10880,65.2707
embedding,10896,65.5583
embedding,10912,65.5267
embedding,10928,65.6863
embedding,10944,65.697
embedding,10960,65.804
embedding,10976,65.8997
embedding,10992,66.2197
embedding,11008,66.0813
embedding,11024,66.401
embedding,11040,66.401
embedding,11056,66.3373
embedding,11072,66.433
embedding,11088,66.6467
embedding,11104,66.6893
embedding,11120,66.614
embedding,11136,66.9237
embedding,11152,66.8173
embedding,11168,67.0623
embedding,11184,67.1583
embedding,11200,67.1903
embedding,11216,67.4467
embedding,11232,67.5317
embedding,11248,67.692
embedding,11264,67.511
embedding,11280,67.7237
embedding,11296,67.8517
embedding,11312,67.713
embedding,11328,67.9053
embedding,11344,68.0227
embedding,11360,68.0757
embedding,11376,68.3963
embedding,11392,68.193
embedding,11408,68.4813
embedding,11424,68.513
embedding,11440,68.588
embedding,11456,68.6627
embedding,11472,68.769
embedding,11488,68.812
embedding,11504,69.0467
embedding,11520,68.94
embedding,11536,69.0893
embedding,11552,69.3127
embedding,11568,69.3983
embedding,11584,69.4947
embedding,11600,69.5053
embedding,11616,69.5157
embedding,11632,69.602
embedding,11648,69.7937
embedding,11664,70.007
embedding,11680,70.0703
embedding,11696,70.124
embedding,11712,70.3263
embedding,11728,70.2837
embedding,11744,70.3157
embedding,11760,70.4757
embedding,11776,70.5403
embedding,11792,70.5077
embedding,11808,70.7957
embedding,11824,70.8703
embedding,11840,70.9457
embedding,11856,71.0947
embedding,11872,71.2657
embedding,11888,71.3823
embedding,11904,71.1903
embedding,11920,71.3717
embedding,11936,71.329
embedding,11952,73.207
embedding,11968,70.881
embedding,11984,70.988
embedding,12000,70.999
embedding,12016,71.116
embedding,12032,71.137
embedding,12048,71.1903
embedding,12064,72.2463
embedding,12080,72.2783
embedding,12096,72.2467
embedding,12112,72.492
embedding,12128,72.588
embedding,12144,72.3743
embedding,12160,72.6093
embedding,12176,72.929
embedding,12192,72.9183
embedding,12208,72.8333
embedding,12224,72.9293
embedding,12240,73.1957
embedding,12256,73.1323
embedding,12272,73.1853
embedding,12288,73.228
embedding,12304,73.473
embedding,12320,73.5587
embedding,12336,73.6227
embedding,12352,73.6547
embedding,12368,73.8787
embedding,12384,73.9
embedding,12400,74.049
embedding,12416,74.2733
embedding,12432,74.06
embedding,12448,74.0817
embedding,12464,74.3693
embedding,12480,74.4333
embedding,12496,74.668
embedding,12512,74.5507
embedding,12528,74.5507
embedding,12544,74.657
embedding,12560,74.8387
embedding,12576,75.1797
embedding,12592,75.0737
embedding,12608,75.063
embedding,12624,75.0733
embedding,12640,75.372
embedding,12656,75.6287
embedding,12672,75.3187
embedding,12688,75.4687
embedding,12704,75.4687
embedding,12720,75.6063
embedding,12736,76.0757
embedding,12752,76.0657
embedding,12768,75.7983
embedding,12784,75.8837
embedding,12800,76.0227
embedding,12816,76.1827
embedding,12832,76.428
embedding,12848,76.321
embedding,12864,76.492
embedding,12880,76.5027
embedding,12896,76.6097
embedding,12912,76.7373
embedding,12928,76.9933
embedding,12944,76.812
embedding,12960,76.8023
embedding,12976,77.527
embedding,12992,77.0463
embedding,13008,77.2067
embedding,13024,77.4413
embedding,13040,77.3777
embedding,13056,77.5267
embedding,13072,77.5483
embedding,13088,77.4943
embedding,13104,77.431
embedding,13120,77.708
embedding,13136,77.729
embedding,13152,77.7723
embedding,13168,77.7723
embedding,13184,77.9213
embedding,13200,78.0497
embedding,13216,78.7967
embedding,13232,78.7
embedding,13248,79.1807
embedding,13264,78.4013
embedding,13280,78.5507
embedding,13296,78.6997
embedding,13312,78.7637
embedding,13328,78.7537
embedding,13344,79.116
embedding,13360,79.863
embedding,13376,79.2127
embedding,13392,79.2333
embedding,13408,79.2333
embedding,13424,79.5423
embedding,13440,79.564
embedding,13456,79.66
embedding,13472,79.4467
embedding,13488,79.7453
embedding,13504,79.852
embedding,13520,80.0223
embedding,13536,80.0863
embedding,13552,80.1297
embedding,13568,80.1293
embedding,13584,80.2367
embedding,13600,80.3427
embedding,13616,80.321
embedding,13632,80.6947
embedding,13648,80.6947
embedding,13664,80.812
embedding,13680,80.9723
embedding,13696,81.0257
embedding,13712,80.9833
embedding,13728,81.1323
embedding,13744,81.2813
embedding,13760,81.2067
embedding,13776,81.5483
embedding,13792,81.3773
embedding,13808,81.6443
embedding,13824,81.612
embedding,13840,81.6657
embedding,13856,81.868
embedding,13872,81.911
embedding,13888,81.9317
embedding,13904,81.9753
embedding,13920,82.1777
embedding,13936,82.348
embedding,13952,82.305
embedding,13968,82.476
embedding,13984,82.572
embedding,14000,82.7003
embedding,14016,82.8813
embedding,14032,82.999
embedding,14048,83.073
embedding,14064,83.0203
embedding,14080,83.105
embedding,14096,83.276
embedding,14112,83.5957
embedding,14128,83.5323
embedding,14144,83.479
embedding,14160,83.4573
embedding,14176,83.5967
embedding,14192,83.8627
embedding,14208,84.0443
embedding,14224,83.9693
embedding,14240,84.172
embedding,14256,84.087
embedding,14272,84.3
embedding,14288,84.4603
embedding,14304,84.6843
embedding,14320,84.8013
embedding,14336,84.759
embedding,14352,84.876
embedding,14368,85.058
embedding,14384,85.0153
embedding,14400,84.962
embedding,14416,85.121
embedding,14432,85.218
embedding,14448,85.4093
embedding,14464,85.5057
embedding,14480,85.3237
embedding,14496,85.495
embedding,14512,85.847
embedding,14528,85.7723
embedding,14544,86.028
embedding,14560,85.9003
embedding,14576,85.868
embedding,14592,86.0497
embedding,14608,86.273
embedding,14624,86.4657
embedding,14640,86.4233
embedding,14656,86.583
embedding,14672,86.722
embedding,14688,86.6787
embedding,14704,86.743
embedding,14720,86.7427
embedding,14736,86.871
embedding,14752,87.3613
embedding,14768,87.1803
embedding,14784,87.0843
embedding,14800,87.2657
embedding,14816,87.4047
embedding,14832,87.5857
embedding,14848,87.5217
embedding,14864,87.6383
embedding,14880,87.9057
embedding,14896,87.8527
embedding,14912,88.0767
embedding,14928,88.034
embedding,14944,88.0337
embedding,14960,88.2897
embedding,14976,88.215
embedding,14992,88.2787
embedding,15008,88.5777
embedding,15024,88.5347
embedding,15040,88.674
embedding,15056,88.631
embedding,15072,88.8657
embedding,15088,88.834
embedding,15104,89.0683
embedding,15120,89.1
embedding,15136,89.143
embedding,15152,89.2923
embedding,15168,89.3027
embedding,15184,89.4097
embedding,15200,89.5167
embedding,15216,89.6977
embedding,15232,89.857
embedding,15248,89.8897
embedding,15264,90.1877
embedding,15280,90.5083
embedding,15296,90.1133
embedding,15312,90.2737
embedding,15328,90.2097
embedding,15344,90.3697
embedding,15360,90.359
embedding,15376,90.6897
embedding,15392,90.7433
embedding,15408,90.8603
embedding,15424,90.967
embedding,15440,90.999
embedding,15456,90.978
embedding,15472,91.319
embedding,15488,91.1913
embedding,15504,91.319
embedding,15520,92.3537
embedding,15536,91.383
embedding,15552,91.7133
embedding,15568,91.7883
embedding,15584,91.8737
embedding,15600,92.0657
embedding,15616,92.0013
embedding,15632,91.8627
embedding,15648,92.3113
embedding,15664,92.1617
embedding,15680,92.3643
embedding,15696,92.3963
embedding,15712,92.6097
embedding,15728,92.887
embedding,15744,92.6633
embedding,15760,92.7057
embedding,15776,92.9297
embedding,15792,93.047
embedding,15808,92.9617
embedding,15824,93.1
embedding,15840,93.2177
embedding,15856,93.399
embedding,15872,93.3353
embedding,15888,93.8043
embedding,15904,93.943
embedding,15920,93.676
embedding,15936,93.9007
embedding,15952,93.825
embedding,15968,94.2313
embedding,15984,93.9537
embedding,16000,94.3487
embedding,16016,94.4553
embedding,16032,94.2097
embedding,16048,94.7217
embedding,16064,94.4763
embedding,16080,94.679
embedding,16096,94.6893
embedding,16112,94.7753
embedding,16128,94.9347
embedding,16144,95.074
embedding,16160,95.063
embedding,16176,95.3407
embedding,16192,95.2333
embedding,16208,95.2443
embedding,16224,95.5853
embedding,16240,95.4687
embedding,16256,95.756
embedding,16272,95.9163
embedding,16288,95.7457
embedding,16304,96.1617
embedding,16320,96.1937
embedding,16336,96.0767
embedding,16352,96.3963
embedding,16368,96.3857
embedding,16384,96.5033
embedding,16400,96.5353
embedding,16416,96.7377
embedding,16432,96.6523
embedding,16448,96.6417
embedding,16464,96.93
embedding,16480,97.0793
embedding,16496,97.058
embedding,16512,97.058
embedding,16528,97.2287
embedding,16544,97.4527
embedding,16560,97.751
embedding,16576,97.5807
embedding,16592,97.7727
embedding,16608,97.7833
embedding,16624,97.6873
embedding,16640,98.018
embedding,16656,97.911
embedding,16672,97.986
embedding,16688,98.135
embedding,16704,98.1353
embedding,16720,98.3167
embedding,16736,98.69
embedding,16752,98.487
embedding,16768,98.7537
embedding,16784,98.6793
embedding,16800,98.6047
embedding,16816,98.7537
embedding,16832,98.978
embedding,16848,99.191
embedding,16864,99.0207
embedding,16880,99.1803
embedding,16896,99.4153
embedding,16912,99.426
embedding,16928,99.5647
embedding,16944,99.596
embedding,16960,99.5857
embedding,16976,99.831
embedding,16992,99.959
embedding,17008,100.097
embedding,17024,100.087
embedding,17040,100.087
embedding,17056,100.386
embedding,17072,100.365
embedding,17088,100.525
embedding,17104,100.706
embedding,17120,100.663
embedding,17136,100.972
embedding,17152,100.962
embedding,17168,101.005
embedding,17184,101.005
embedding,17200,101.346
embedding,17216,101.687
embedding,17232,101.463
embedding,17248,101.591
embedding,17264,101.474
embedding,17280,101.602
embedding,17296,101.815
embedding,17312,101.954
embedding,17328,101.9
embedding,17344,101.932
embedding,17360,102.38
embedding,17376,102.146
embedding,17392,102.327
embedding,17408,102.37
embedding,17424,102.402
embedding,17440,102.487
embedding,17456,102.839
embedding,17472,102.637
embedding,17488,102.669
embedding,17504,102.69
embedding,17520,102.924
embedding,17536,102.882
embedding,17552,103.341
embedding,17568,103.191
embedding,17584,103.661
embedding,17600,103.607
embedding,17616,103.586
embedding,17632,103.671
embedding,17648,103.682
embedding,17664,103.885
embedding,17680,103.959
embedding,17696,104.034
embedding,17712,104.205
embedding,17728,104.365
embedding,17744,104.972
embedding,17760,104.301
embedding,17776,104.471
embedding,17792,104.546
embedding,17808,104.652
embedding,17824,104.716
embedding,17840,104.909
embedding,17856,104.887
embedding,17872,105.068
embedding,17888,105.058
embedding,17904,105.111
embedding,17920,105.154
embedding,17936,105.474
embedding,17952,105.421
embedding,17968,105.581
embedding,17984,105.633
embedding,18000,105.612
embedding,18016,105.826
embedding,18032,105.89
embedding,18048,106.317
embedding,18064,105.997
embedding,18080,106.306
embedding,18096,106.188
embedding,18112,106.594
embedding,18128,106.423
embedding,18144,106.359
embedding,18160,106.605
embedding,18176,106.615
embedding,18192,106.605
embedding,18208,106.882
embedding,18224,106.967
embedding,18240,107.106
embedding,18256,107.031
embedding,18272,107.33
embedding,18288,107.672
embedding,18304,107.576
embedding,18320,107.629
embedding,18336,107.383
embedding,18352,107.735
embedding,18368,107.714
embedding,18384,107.703
embedding,18400,108.045
embedding,18416,108.173
embedding,18432,107.895
embedding,18448,108.323
embedding,18464,108.471
embedding,18480,108.407
embedding,18496,108.653
embedding,18512,108.738
embedding,18528,108.642
embedding,18544,108.748
embedding,18560,108.887
embedding,18576,109.122
embedding,18592,109.079
embedding,18608,109.229
embedding,18624,109.272
embedding,18640,109.314
embedding,18656,109.623
embedding,18672,109.655
embedding,18688,109.516
embedding,18704,109.815
embedding,18720,109.944
embedding,18736,109.783
embedding,18752,110.029
embedding,18768,110.157
embedding,18784,110.231
embedding,18800,110.573
embedding,18816,110.562
embedding,18832,110.722
embedding,18848,110.989
embedding,18864,110.818
embedding,18880,110.765
embedding,18896,110.946
embedding,18912,111.063
embedding,18928,111.117
embedding,18944,111.469
embedding,18960,111.021
embedding,18976,111.394
embedding,18992,111.405
embedding,19008,111.49
embedding,19024,111.682
embedding,19040,111.682
embedding,19056,111.671
embedding,19072,111.789
embedding,19088,111.863
embedding,19104,111.991
embedding,19120,112.173
embedding,19136,112.365
embedding,19152,112.408
embedding,19168,112.706
embedding,19184,112.493
embedding,19200,112.749
embedding,19216,112.695
embedding,19232,112.695
embedding,19248,112.877
embedding,19264,113.026
embedding,19280,112.866
embedding,19296,113.111
embedding,19312,113.218
embedding,19328,113.314
embedding,19344,113.282
embedding,19360,113.527
embedding,19376,113.421
embedding,19392,113.762
embedding,19408,114.093
embedding,19424,113.731
embedding,19440,113.815
embedding,19456,114.103
embedding,19472,114.157
embedding,19488,114.616
embedding,19504,114.381
embedding,19520,114.37
embedding,19536,114.456
embedding,19552,114.722
embedding,19568,114.946
embedding,19584,114.925
embedding,19600,114.925
embedding,19616,115.149
embedding,19632,115.362
embedding,19648,115.192
embedding,19664,115.352
embedding,19680,115.373
embedding,19696,115.415
embedding,19712,115.778
embedding,19728,115.864
embedding,19744,115.853
embedding,19760,116.119
embedding,19776,116.002
embedding,19792,116.215
embedding,19808,116.28
embedding,19824,116.247
embedding,19840,116.471
embedding,19856,116.355
embedding,19872,116.525
embedding,19888,116.61
embedding,19904,116.866
embedding,19920,116.802
embedding,19936,116.855
embedding,19952,116.952
embedding,19968,117.09
embedding,19984,117.41
embedding,20000,117.325
embedding,20016,117.442
embedding,20032,117.73
embedding,20048,117.421
embedding,20064,117.475
embedding,20080,117.794
embedding,20096,117.879
embedding,20112,118.093
embedding,20128,117.997
embedding,20144,118.338
embedding,20160,118.2
embedding,20176,118.487
embedding,20192,118.306
embedding,20208,118.498
embedding,20224,118.541
embedding,20240,118.68
embedding,20256,118.637
embedding,20272,118.818
embedding,20288,119.213
embedding,20304,119.17
embedding,20320,119.192
embedding,20336,119.149
embedding,20352,119.192
embedding,20368,119.405
embedding,20384,119.831
embedding,20400,119.586
embedding,20416,119.65
embedding,20432,119.789
embedding,20448,119.906
embedding,20464,120.055
embedding,20480,119.949
embedding,20496,119.938
embedding,20512,120.12
embedding,20528,120.151
embedding,20544,120.493
embedding,20560,120.237
embedding,20576,120.386
embedding,20592,120.61
embedding,20608,120.823
embedding,20624,120.653
embedding,20640,120.803
embedding,20656,121.069
embedding,20672,121.069
embedding,20688,121.133
embedding,20704,121.09
embedding,20720,121.485
embedding,20736,121.421
embedding,20752,121.527
embedding,20768,121.613
embedding,20784,121.922
embedding,20800,122.018
embedding,20816,122.338
embedding,20832,121.944
embedding,20848,122.2
embedding,20864,122.147
embedding,20880,122.221
embedding,20896,122.189
embedding,20912,122.615
embedding,20928,122.637
embedding,20944,122.487
embedding,20960,122.68
embedding,20976,122.872
embedding,20992,123.021
embedding,21008,122.861
embedding,21024,123.223
embedding,21040,123.171
embedding,21056,123.128
embedding,21072,123.458
embedding,21088,123.522
embedding,21104,123.661
embedding,21120,123.672
embedding,21136,123.906
embedding,21152,123.949
embedding,21168,123.885
embedding,21184,123.939
embedding,21200,124.183
embedding,21216,124.131
embedding,21232,124.535
embedding,21248,124.205
embedding,21264,124.867
embedding,21280,124.632
embedding,21296,124.771
embedding,21312,124.93
embedding,21328,125.016
embedding,21344,124.919
embedding,21360,125.165
embedding,21376,125.293
embedding,21392,125.24
embedding,21408,125.666
embedding,21424,125.986
embedding,21440,125.741
embedding,21456,125.581
embedding,21472,125.987
embedding,21488,125.656
embedding,21504,125.976
embedding,21520,126.146
embedding,21536,126.04
embedding,21552,126.21
embedding,21568,126.306
embedding,21584,126.275
embedding,21600,126.498
embedding,21616,126.456
embedding,21632,126.85
embedding,21648,126.733
embedding,21664,127.085
embedding,21680,126.978
embedding,21696,126.776
embedding,21712,127.16
embedding,21728,127.373
embedding,21744,127.416
embedding,21760,127.597
embedding,21776,127.64
embedding,21792,127.341
embedding,21808,127.651
embedding,21824,127.843
embedding,21840,127.864
embedding,21856,127.885
embedding,21872,128.024
embedding,21888,128.152
embedding,21904,128.269
embedding,21920,128.344
embedding,21936,128.483
embedding,21952,128.461
embedding,21968,129.272
embedding,21984,128.6
embedding,22000,128.93
embedding,22016,128.845
embedding,22032,129.037
embedding,22048,129.101
embedding,22064,129.111
embedding,22080,129.218
embedding,22096,129.336
embedding,22112,129.464
embedding,22128,129.528
embedding,22144,129.464
embedding,22160,129.869
embedding,22176,129.922
embedding,22192,130.167
embedding,22208,130.125
embedding,22224,129.955
embedding,22240,130.35
embedding,22256,130.35
embedding,22272,130.339
embedding,22288,130.445
embedding,22304,130.776
embedding,22320,130.701
embedding,22336,130.861
embedding,22352,130.733
embedding,22368,130.925
embedding,22384,131.171
embedding,22400,131.074
embedding,22416,131.319
embedding,22432,131.256
embedding,22448,131.32
embedding,22464,131.384
embedding,22480,131.597
embedding,22496,131.789
embedding,22512,131.842
embedding,22528,131.651
embedding,22544,131.821
embedding,22560,132.045
embedding,22576,132.162
embedding,22592,132.13
embedding,22608,132.93
embedding,22624,132.323
embedding,22640,132.59
embedding,22656,132.643
embedding,22672,132.632
embedding,22688,132.621
embedding,22704,132.952
embedding,22720,133.165
embedding,22736,133.037
embedding,22752,133.197
embedding,22768,133.047
embedding,22784,133.454
embedding,22800,133.528
embedding,22816,133.474
embedding,22832,133.688
embedding,22848,133.645
embedding,22864,133.741
embedding,22880,133.943
embedding,22896,133.827
embedding,22912,133.89
embedding,22928,134.083
embedding,22944,134.264
embedding,22960,134.339
embedding,22976,134.157
embedding,22992,134.37
embedding,23008,134.509
embedding,23024,134.765
embedding,23040,134.946
embedding,23056,134.819
embedding,23072,134.936
embedding,23088,135.309
embedding,23104,135.245
embedding,23120,135.256
embedding,23136,135.821
embedding,23152,135.512
embedding,23168,135.406
embedding,23184,135.511
embedding,23200,135.907
embedding,23216,135.693
embedding,23232,135.949
embedding,23248,136.077
embedding,23264,136.077
embedding,23280,136.099
embedding,23296,136.188
embedding,23312,136.455
embedding,23328,136.391
embedding,23344,136.487
embedding,23360,136.861
embedding,23376,136.796
embedding,23392,136.988
embedding,23408,137.266
embedding,23424,136.935
embedding,23440,137.063
embedding,23456,137.127
embedding,23472,137.244
embedding,23488,137.436
embedding,23504,137.65
embedding,23520,137.458
embedding,23536,137.543
embedding,23552,137.703
embedding,23568,138.023
embedding,23584,138.226
embedding,23600,137.959
embedding,23616,138.055
embedding,23632,138.301
embedding,23648,138.301
embedding,23664,138.471
embedding,23680,138.642
embedding,23696,138.663
embedding,23712,138.62
embedding,23728,138.898
embedding,23744,138.844
embedding,23760,139.1
embedding,23776,139.036
embedding,23792,139.132
embedding,23808,139.282
embedding,23824,139.389
embedding,23840,139.356
embedding,23856,139.73
embedding,23872,139.698
embedding,23888,139.612
embedding,23904,139.57
embedding,23920,140.349
embedding,23936,140.05
embedding,23952,139.986
embedding,23968,140.21
embedding,23984,140.317
embedding,24000,140.274
embedding,24016,140.423
embedding,24032,140.455
embedding,24048,140.818
embedding,24064,140.84
embedding,24080,141.074
embedding,24096,140.999
embedding,24112,141.127
embedding,24128,140.946
embedding,24144,140.999
embedding,24160,141.255
embedding,24176,141.554
embedding,24192,141.309
embedding,24208,141.724
embedding,24224,141.746
embedding,24240,141.639
embedding,24256,141.842
embedding,24272,142.034
embedding,24288,141.938
embedding,24304,142.332
embedding,24320,142.077
embedding,24336,142.354
embedding,24352,142.76
embedding,24368,142.556
embedding,24384,142.589
embedding,24400,142.557
embedding,24416,142.631
embedding,24432,142.887
embedding,24448,143.09
embedding,24464,143.036
embedding,24480,143.058
embedding,24496,143.25
embedding,24512,143.111
embedding,24528,143.41
embedding,24544,143.431
embedding,24560,143.645
embedding,24576,143.709
embedding,24592,143.559
embedding,24608,144.007
embedding,24624,143.954
embedding,24640,144.583
embedding,24656,144.253
embedding,24672,144.381
embedding,24688,144.455
embedding,24704,144.38
embedding,24720,144.658
embedding,24736,144.989
embedding,24752,144.796
embedding,24768,144.7
embedding,24784,144.818
embedding,24800,144.956
embedding,24816,145.149
embedding,24832,144.999
embedding,24848,145.202
embedding,24864,145.394
embedding,24880,145.501
embedding,24896,145.533
embedding,24912,145.607
embedding,24928,145.468
embedding,24944,146.151
embedding,24960,145.853
embedding,24976,145.938
embedding,24992,146.46
embedding,25008,146.247
embedding,25024,146.152
embedding,25040,146.471
embedding,25056,146.525
embedding,25072,146.621
embedding,25088,146.418
embedding,25104,146.823
embedding,25120,146.92
embedding,25136,146.908
embedding,25152,146.983
embedding,25168,147.058
embedding,25184,147.175
embedding,25200,147.464
embedding,25216,147.581
embedding,25232,147.655
embedding,25248,147.538
embedding,25264,147.708
embedding,25280,147.815
embedding,25296,147.687
embedding,25312,148.114
embedding,25328,148.317
embedding,25344,148.242
embedding,25360,148.509
embedding,25376,148.786
embedding,25392,148.348
embedding,25408,148.658
embedding,25424,148.509
embedding,25440,148.722
embedding,25456,148.85
embedding,25472,149.085
embedding,25488,149.149
embedding,25504,149.042
embedding,25520,149.149
embedding,25536,149.351
embedding,25552,149.234
embedding,25568,149.532
embedding,25584,149.757
embedding,25600,149.607
embedding,25616,149.8
embedding,25632,150.258
embedding,25648,149.981
embedding,25664,150.418
embedding,25680,150.439
embedding,25696,150.322
embedding,25712,150.151
embedding,25728,150.439
embedding,25744,150.568
embedding,25760,150.344
embedding,25776,150.855
embedding,25792,150.844
embedding,25808,150.695
embedding,25824,151.122
embedding,25840,150.973
embedding,25856,151.175
embedding,25872,151.901
embedding,25888,151.26
embedding,25904,151.41
embedding,25920,151.495
embedding,25936,151.72
embedding,25952,151.655
embedding,25968,151.634
embedding,25984,151.965
embedding,26000,151.858
embedding,26016,152.039
embedding,26032,152.21
embedding,26048,152.455
embedding,26064,152.37
embedding,26080,152.402
embedding,26096,152.466
embedding,26112,152.796
embedding,26128,153.331
embedding,26144,152.711
embedding,26160,152.914
embedding,26176,153.074
embedding,26192,153.266
embedding,26208,153.043
embedding,26224,153.319
embedding,26240,153.288
embedding,26256,153.372
embedding,26272,153.544
embedding,26288,153.821
embedding,26304,154.119
embedding,26320,154.098
embedding,26336,153.917
embedding,26352,154.312
embedding,26368,153.928
embedding,26384,154.343
embedding,26400,154.28
embedding,26416,154.514
embedding,26432,154.76
embedding,26448,154.61
embedding,26464,154.685
embedding,26480,154.706
embedding,26496,155.068
embedding,26512,155.015
embedding,26528,155.218
embedding,26544,155.175
embedding,26560,155.154
embedding,26576,155.271
embedding,26592,155.41
embedding,26608,155.293
embedding,26624,155.538
embedding,26640,155.741
embedding,26656,155.975
embedding,26672,155.783
embedding,26688,155.826
embedding,26704,156.072
embedding,26720,156.178
embedding,26736,156.253
embedding,26752,156.114
embedding,26768,156.391
embedding,26784,156.509
embedding,26800,156.786
embedding,26816,156.647
embedding,26832,156.786
embedding,26848,156.882
embedding,26864,156.883
embedding,26880,157.074
embedding,26896,157.202
embedding,26912,157.426
embedding,26928,157.213
embedding,26944,157.575
embedding,26960,157.736
embedding,26976,158.226
embedding,26992,157.565
embedding,27008,157.629
embedding,27024,159.037
embedding,27040,157.938
embedding,27056,158.024
embedding,27072,158.653
embedding,27088,158.46
embedding,27104,159.068
embedding,27120,158.514
embedding,27136,158.61
embedding,27152,158.738
embedding,27168,158.855
embedding,27184,159.101
embedding,27200,158.962
embedding,27216,159.111
embedding,27232,159.175
embedding,27248,159.325
embedding,27264,159.207
embedding,27280,159.442
embedding,27296,159.485
embedding,27312,159.357
embedding,27328,159.666
embedding,27344,160.2
embedding,27360,160.029
embedding,27376,160.146
embedding,27392,160.072
embedding,27408,160.38
embedding,27424,160.413
embedding,27440,160.253
embedding,27456,160.189
embedding,27472,160.423
embedding,27488,160.572
embedding,27504,160.957
embedding,27520,160.7
embedding,27536,160.605
embedding,27552,161.309
embedding,27568,161.116
embedding,27584,161.266
embedding,27600,161.159
embedding,27616,161.533
embedding,27632,161.501
embedding,27648,161.703
embedding,27664,161.992
embedding,27680,162.045
embedding,27696,161.81
embedding,27712,162.098
embedding,27728,161.991
embedding,27744,161.906
embedding,27760,162.279
embedding,27776,162.216
embedding,27792,162.578
embedding,27808,162.45
embedding,27824,162.642
embedding,27840,162.888
embedding,27856,162.781
embedding,27872,162.973
embedding,27888,163.132
embedding,27904,162.802
embedding,27920,163.164
embedding,27936,163.367
embedding,27952,163.207
embedding,27968,163.73
embedding,27984,163.517
embedding,28000,163.73
embedding,28016,163.922
embedding,28032,163.719
embedding,28048,163.868
embedding,28064,163.943
embedding,28080,164.125
embedding,28096,164.018
embedding,28112,164.296
embedding,28128,164.327
embedding,28144,164.626
embedding,28160,164.594
embedding,28176,164.541
embedding,28192,164.828
embedding,28208,164.744
embedding,28224,164.925
embedding,28240,165.084
embedding,28256,165.085
embedding,28272,165.288
embedding,28288,165.149
embedding,28304,165.458
embedding,28320,165.522
embedding,28336,165.415
embedding,28352,166.002
embedding,28368,165.821
embedding,28384,166.056
embedding,28400,165.895
embedding,28416,165.831
embedding,28432,166.226
embedding,28448,166.407
embedding,28464,166.141
embedding,28480,166.472
embedding,28496,166.493
embedding,28512,166.461
embedding,28528,166.589
embedding,28544,166.792
embedding,28560,166.887
embedding,28576,167.08
embedding,28592,167.09
embedding,28608,167.272
embedding,28624,167.293
embedding,28640,167.474
embedding,28656,167.837
embedding,28672,167.517
embedding,28688,167.581
embedding,28704,167.58
embedding,28720,167.88
embedding,28736,168.167
embedding,28752,168.146
embedding,28768,167.954
embedding,28784,167.933
embedding,28800,168.477
embedding,28816,168.339
embedding,28832,168.274
embedding,28848,168.392
embedding,28864,168.637
embedding,28880,168.829
embedding,28896,168.892
embedding,28912,168.818
embedding,28928,168.947
embedding,28944,169.479
embedding,28960,168.914
embedding,28976,169.362
embedding,28992,169.267
embedding,29008,169.416
embedding,29024,169.277
embedding,29040,169.554
embedding,29056,169.746
embedding,29072,169.97
embedding,29088,169.885
embedding,29104,170.13
embedding,29120,170.151
embedding,29136,169.96
embedding,29152,170.109
embedding,29168,170.451
embedding,29184,170.386
embedding,29200,170.557
embedding,29216,170.536
embedding,29232,170.728
embedding,29248,170.621
embedding,29264,171.175
embedding,29280,171.645
embedding,29296,171.111
embedding,29312,171.24
embedding,29328,171.271
embedding,29344,171.72
embedding,29360,171.538
embedding,29376,171.357
embedding,29392,171.709
embedding,29408,171.549
embedding,29424,171.88
embedding,29440,171.826
embedding,29456,172.018
embedding,29472,172.018
embedding,29488,172.52
embedding,29504,172.232
embedding,29520,172.178
embedding,29536,172.391
embedding,29552,172.573
embedding,29568,172.615
embedding,29584,173.053
embedding,29600,172.733
embedding,29616,172.84
embedding,29632,173.064
embedding,29648,173.16
embedding,29664,173.308
embedding,29680,173.192
embedding,29696,173.864
embedding,29712,173.479
embedding,29728,173.821
embedding,29744,173.714
embedding,29760,173.576
embedding,29776,174.258
embedding,29792,173.917
embedding,29808,173.874
embedding,29824,174.29
embedding,29840,174.333
embedding,29856,174.376
embedding,29872,174.514
embedding,29888,174.461
embedding,29904,174.579
embedding,29920,174.557
embedding,29936,174.845
embedding,29952,175.08
embedding,29968,174.962
embedding,29984,174.706
embedding,30000,175.378
embedding,30016,175.175
embedding,30032,175.389
embedding,30048,175.335
embedding,30064,175.506
embedding,30080,175.773
embedding,30096,175.74
embedding,30112,175.879
embedding,30128,175.837
embedding,30144,175.901
embedding,30160,176.328
embedding,30176,176.595
embedding,30192,176.083
embedding,30208,176.498
embedding,30224,176.851
embedding,30240,176.679
embedding,30256,176.839
embedding,30272,176.637
embedding,30288,177.117
embedding,30304,177.256
embedding,30320,176.978
embedding,30336,177.256
embedding,30352,177.714
embedding,30368,177.587
embedding,30384,177.351
embedding,30400,177.672
embedding,30416,177.778
embedding,30432,177.927
embedding,30448,177.746
embedding,30464,177.896
embedding,30480,178.216
embedding,30496,177.885
embedding,30512,178.034
embedding,30528,178.12
embedding,30544,178.579
embedding,30560,178.611
embedding,30576,178.61
embedding,30592,178.29
embedding,30608,178.653
embedding,30624,179.059
embedding,30640,178.93
embedding,30656,178.984
embedding,30672,178.973
embedding,30688,179.175
embedding,30704,179.378
embedding,30720,179.123
embedding,30736,179.453
embedding,30752,179.624
embedding,30768,180.178
embedding,30784,179.975
embedding,30800,179.602
embedding,30816,180.36
embedding,30832,180.146
embedding,30848,180.147
embedding,30864,180.53
embedding,30880,180.2
embedding,30896,180.285
embedding,30912,180.519
embedding,30928,180.573
embedding,30944,180.562
embedding,30960,180.786
embedding,30976,180.828
embedding,30992,180.892
embedding,31008,181.011
embedding,31024,181.095
embedding,31040,181.17
embedding,31056,181.149
embedding,31072,181.49
embedding,31088,182.066
embedding,31104,181.938
embedding,31120,181.895
embedding,31136,181.821
embedding,31152,182.099
embedding,31168,182.237
embedding,31184,182.312
embedding,31200,182.12
embedding,31216,182.492
embedding,31232,182.525
embedding,31248,182.472
embedding,31264,183.143
embedding,31280,182.472
embedding,31296,182.898
embedding,31312,182.738
embedding,31328,182.994
embedding,31344,183.293
embedding,31360,182.951
embedding,31376,183.282
embedding,31392,183.272
embedding,31408,183.357
embedding,31424,183.709
embedding,31440,183.805
embedding,31456,184.061
embedding,31472,183.847
embedding,31488,183.795
embedding,31504,183.976
embedding,31520,184.221
embedding,31536,184.306
embedding,31552,183.997
embedding,31568,184.52
embedding,31584,184.69
embedding,31600,184.381
embedding,31616,184.445
embedding,31632,184.477
embedding,31648,184.882
embedding,31664,184.744
embedding,31680,184.925
embedding,31696,185
embedding,31712,185.341
embedding,31728,185.277
embedding,31744,185.501
embedding,31760,185.49
embedding,31776,185.469
embedding,31792,185.544
embedding,31808,185.895
embedding,31824,185.949
embedding,31840,185.906
embedding,31856,186.205
embedding,31872,186.088
embedding,31888,186.322
embedding,31904,186.418
embedding,31920,186.899
embedding,31936,186.408
embedding,31952,186.429
embedding,31968,186.557
embedding,31984,186.653
embedding,32000,186.771
embedding,32016,187.176
embedding,32032,186.995
embedding,32048,187.24
embedding,32064,187.122
embedding,32080,187.314
embedding,32096,187.453
embedding,32112,187.186
embedding,32128,187.421
embedding,32144,187.72
embedding,32160,187.89
embedding,32176,187.976
embedding,32192,188.018
embedding,32208,188.242
embedding,32224,187.997
embedding,32240,188.114
embedding,32256,188.317
embedding,32272,188.477
embedding,32288,188.765
embedding,32304,188.53
embedding,32320,188.69
embedding,32336,188.936
embedding,32352,189.011
embedding,32368,189.021
embedding,32384,189.011
embedding,32400,189.032
embedding,32416,189.351
embedding,32432,189.256
embedding,32448,189.384
embedding,32464,189.394
embedding,32480,189.469
embedding,32496,189.778
embedding,32512,189.714
embedding,32528,189.896
embedding,32544,190.098
embedding,32560,190.323
embedding,32576,189.97
embedding,32592,190.515
embedding,32608,190.248
embedding,32624,190.312
embedding,32640,190.578
embedding,32656,191.026
embedding,32672,190.6
embedding,32688,190.717
embedding,32704,190.845
embedding,32720,190.919
embedding,32736,191.112
embedding,32752,191.016
embedding,32768,191.464
final_layernorm,1,2.82633
final_layernorm,2,2.816
final_layernorm,3,2.82667
final_layernorm,4,2.84833
final_layernorm,5,2.848
final_layernorm,6,2.86933
final_layernorm,7,2.848
final_layernorm,8,2.89067
final_layernorm,9,2.89067
final_layernorm,10,2.923
final_layernorm,11,2.912
final_layernorm,12,2.95467
final_layernorm,13,2.93367
final_layernorm,14,2.944
final_layernorm,15,2.96533
final_layernorm,16,2.976
final_layernorm,20,2.99733
final_layernorm,24,3.051
final_layernorm,28,3.126
final_layernorm,32,3.168
final_layernorm,36,3.17867
final_layernorm,40,3.2
final_layernorm,44,3.25333
final_layernorm,48,3.33867
final_layernorm,52,3.40267
final_layernorm,56,3.42367
final_layernorm,60,3.488
final_layernorm,64,3.57333
final_layernorm,80,4.61867
final_layernorm,96,4.88567
final_layernorm,112,4.97033
final_layernorm,128,4.91733
final_layernorm,144,5.984
final_layernorm,160,6.21867
final_layernorm,176,6.293
final_layernorm,192,6.443
final_layernorm,208,7.573
final_layernorm,224,7.56267
final_layernorm,240,7.68
final_layernorm,256,4.61867
final_layernorm,272,4.69333
final_layernorm,288,5.20533
final_layernorm,304,5.30133
final_layernorm,320,5.80233
final_layernorm,336,5.78167
final_layernorm,352,5.81333
final_layernorm,368,5.995
final_layernorm,384,5.99433
final_layernorm,400,6.25067
final_layernorm,416,7.637
final_layernorm,432,8.04233
final_layernorm,448,8.43767
final_layernorm,464,8.8
final_layernorm,480,9.07733
final_layernorm,496,8.72533
final_layernorm,512,9.24833
final_layernorm,528,11.3703
final_layernorm,544,11.851
final_layernorm,560,12.3093
final_layernorm,576,12.5543
final_layernorm,592,11.1897
final_layernorm,608,11.7123
final_layernorm,624,12.1283
final_layernorm,640,10.6133
final_layernorm,656,14.4537
final_layernorm,672,14.2293
final_layernorm,688,14.816
final_layernorm,704,15.2533
final_layernorm,720,15.8613
final_layernorm,736,16.064
final_layernorm,752,16.416
final_layernorm,768,16.8853
final_layernorm,784,17.28
final_layernorm,800,17.6643
final_layernorm,816,18.208
final_layernorm,832,18.848
final_layernorm,848,19.3177
final_layernorm,864,19.7017
final_layernorm,880,20.1393
final_layernorm,896,20.9707
final_layernorm,912,20.3417
final_layernorm,928,20.6827
final_layernorm,944,21.376
final_layernorm,960,21.5893
final_layernorm,976,22.411
final_layernorm,992,23.0507
final_layernorm,1008,23.243
final_layernorm,1024,23.9573
final_layernorm,1040,24.1817
final_layernorm,1056,24.0643
final_layernorm,1072,25.099
final_layernorm,1088,24.8
final_layernorm,1104,25.5043
final_layernorm,1120,25.3547
final_layernorm,1136,26.0803
final_layernorm,1152,26.667
final_layernorm,1168,26.8163
final_layernorm,1184,27.275
final_layernorm,1200,27.072
final_layernorm,1216,28.0223
final_layernorm,1232,28.7153
final_layernorm,1248,29.1733
final_layernorm,1264,29.4723
final_layernorm,1280,29.6747
final_layernorm,1296,30.5387
final_layernorm,1312,30.6883
final_layernorm,1328,31.2007
final_layernorm,1344,32.3413
final_layernorm,1360,32.4377
final_layernorm,1376,33.1733
final_layernorm,1392,33.2803
final_layernorm,1408,33.611
final_layernorm,1424,33.9953
final_layernorm,1440,34.4533
final_layernorm,1456,34.944
final_layernorm,1472,35.6377
final_layernorm,1488,36.1177
final_layernorm,1504,36.8003
final_layernorm,1520,36.9713
final_layernorm,1536,37.643
final_layernorm,1552,38.0267
final_layernorm,1568,38.7947
final_layernorm,1584,38.9443
final_layernorm,1600,39.2533
final_layernorm,1616,39.7127
final_layernorm,1632,40.0537
final_layernorm,1648,40.5443
final_layernorm,1664,40.9713
final_layernorm,1680,41.6863
final_layernorm,1696,41.9953
final_layernorm,1712,42.667
final_layernorm,1728,43.105
final_layernorm,1744,43.4987
final_layernorm,1760,44.2567
final_layernorm,1776,44.3413
final_layernorm,1792,44.726
final_layernorm,1808,44.896
final_layernorm,1824,45.6537
final_layernorm,1840,45.9413
final_layernorm,1856,46.9017
final_layernorm,1872,46.6243
final_layernorm,1888,47.0083
final_layernorm,1904,47.7443
final_layernorm,1920,47.638
final_layernorm,1936,49.1313
final_layernorm,1952,48.5547
final_layernorm,1968,48.769
final_layernorm,1984,49.387
final_layernorm,2000,49.7177
final_layernorm,2016,50.0697
final_layernorm,2032,50.176
final_layernorm,2048,50.8483
final_layernorm,2064,51.489
final_layernorm,2080,51.8513
final_layernorm,2096,51.8407
final_layernorm,2112,52.587
final_layernorm,2128,52.747
final_layernorm,2144,52.9283
final_layernorm,2160,53.8243
final_layernorm,2176,54.315
final_layernorm,2192,51.211
final_layernorm,2208,51.5527
final_layernorm,2224,51.9793
final_layernorm,2240,52.6083
final_layernorm,2256,53.0457
final_layernorm,2272,53.6643
final_layernorm,2288,53.974
final_layernorm,2304,54.881
final_layernorm,2320,54.8487
final_layernorm,2336,55.094
final_layernorm,2352,55.5633
final_layernorm,2368,56.011
final_layernorm,2384,56.5553
final_layernorm,2400,57.035
final_layernorm,2416,57.131
final_layernorm,2432,58.0057
final_layernorm,2448,58.2833
final_layernorm,2464,58.4323
final_layernorm,2480,58.742
final_layernorm,2496,59.4677
final_layernorm,2512,60.5447
final_layernorm,2528,60.3523
final_layernorm,2544,60.8963
final_layernorm,2560,61.3763
final_layernorm,2576,61.985
final_layernorm,2592,62.294
final_layernorm,2608,62.8917
final_layernorm,2624,63.1577
final_layernorm,2640,63.6913
final_layernorm,2656,64.438
final_layernorm,2672,64.79
final_layernorm,2688,65.6433
final_layernorm,2704,65.8993
final_layernorm,2720,66.6143
final_layernorm,2736,66.3363
final_layernorm,2752,67.3393
final_layernorm,2768,67.4783
final_layernorm,2784,68.2783
final_layernorm,2800,68.6513
final_layernorm,2816,69.0997
final_layernorm,2832,69.3127
final_layernorm,2848,69.9523
final_layernorm,2864,70.2513
final_layernorm,2880,70.8273
final_layernorm,2896,71.35
final_layernorm,2912,71.6597
final_layernorm,2928,71.606
final_layernorm,2944,71.5847
final_layernorm,2960,72.5013
final_layernorm,2976,73.1317
final_layernorm,2992,73.483
final_layernorm,3008,73.8673
final_layernorm,3024,74.3587
final_layernorm,3040,74.5077
final_layernorm,3056,74.977
final_layernorm,3072,75.094
final_layernorm,3088,75.8943
final_layernorm,3104,76.225
final_layernorm,3120,76.332
final_layernorm,3136,77.1317
final_layernorm,3152,77.1103
final_layernorm,3168,77.7393
final_layernorm,3184,77.793
final_layernorm,3200,78.2297
final_layernorm,3216,75.4247
final_layernorm,3232,76.2033
final_layernorm,3248,76.4807
final_layernorm,3264,77.1527
final_layernorm,3280,77.153
final_layernorm,3296,77.8677
final_layernorm,3312,78.038
final_layernorm,3328,78.6997
final_layernorm,3344,78.657
final_layernorm,3360,79.3823
final_layernorm,3376,79.905
final_layernorm,3392,80.2997
final_layernorm,3408,80.7157
final_layernorm,3424,81.761
final_layernorm,3440,81.1847
final_layernorm,3456,81.8463
final_layernorm,3472,82.305
final_layernorm,3488,82.7527
final_layernorm,3504,83.233
final_layernorm,3520,83.7557
final_layernorm,3536,84.1393
final_layernorm,3552,84.641
final_layernorm,3568,85.2167
final_layernorm,3584,85.8357
final_layernorm,3600,85.8887
final_layernorm,3616,86.5077
final_layernorm,3632,86.774
final_layernorm,3648,87.5743
final_layernorm,3664,87.9157
final_layernorm,3680,88.2887
final_layernorm,3696,89.1423
final_layernorm,3712,89.4303
final_layernorm,3728,89.729
final_layernorm,3744,90.1667
final_layernorm,3760,90.7103
final_layernorm,3776,91.5317
final_layernorm,3792,92.0543
final_layernorm,3808,92.396
final_layernorm,3824,93.0997
final_layernorm,3840,92.9183
final_layernorm,3856,93.74
final_layernorm,3872,94.284
final_layernorm,3888,94.241
final_layernorm,3904,94.5933
final_layernorm,3920,95.2013
final_layernorm,3936,95.9793
final_layernorm,3952,95.9583
final_layernorm,3968,96.513
final_layernorm,3984,96.9077
final_layernorm,4000,97.185
final_layernorm,4016,98.252
final_layernorm,4032,98.3047
final_layernorm,4048,98.8703
final_layernorm,4064,98.881
final_layernorm,4080,99.6703
final_layernorm,4096,99.3717
final_layernorm,4112,99.9157
final_layernorm,4128,100.587
final_layernorm,4144,100.907
final_layernorm,4160,101.068
final_layernorm,4176,101.452
final_layernorm,4192,101.718
final_layernorm,4208,102.476
final_layernorm,4224,102.54
final_layernorm,4240,103.394
final_layernorm,4256,103.841
final_layernorm,4272,103.862
final_layernorm,4288,104.14
final_layernorm,4304,104.876
final_layernorm,4320,105.249
final_layernorm,4336,105.687
final_layernorm,4352,105.719
final_layernorm,4368,103.468
final_layernorm,4384,103.724
final_layernorm,4400,104.481
final_layernorm,4416,104.609
final_layernorm,4432,105.26
final_layernorm,4448,105.847
final_layernorm,4464,106.37
final_layernorm,4480,106.444
final_layernorm,4496,106.7
final_layernorm,4512,107.51
final_layernorm,4528,107.286
final_layernorm,4544,108.151
final_layernorm,4560,108.385
final_layernorm,4576,108.524
final_layernorm,4592,109.516
final_layernorm,4608,109.644
final_layernorm,4624,110.306
final_layernorm,4640,110.807
final_layernorm,4656,111.201
final_layernorm,4672,111.735
final_layernorm,4688,112.129
final_layernorm,4704,112.204
final_layernorm,4720,113.153
final_layernorm,4736,113.314
final_layernorm,4752,114.017
final_layernorm,4768,114.519
final_layernorm,4784,114.636
final_layernorm,4800,115.574
final_layernorm,4816,115.511
final_layernorm,4832,116.129
final_layernorm,4848,116.684
final_layernorm,4864,116.983
final_layernorm,4880,117.452
final_layernorm,4896,118.263
final_layernorm,4912,118.327
final_layernorm,4928,119.34
final_layernorm,4944,119.745
final_layernorm,4960,120.215
final_layernorm,4976,120.492
final_layernorm,4992,120.897
final_layernorm,5008,121.516
final_layernorm,5024,122.103
final_layernorm,5040,121.804
final_layernorm,5056,122.305
final_layernorm,5072,123.105
final_layernorm,5088,123.223
final_layernorm,5104,123.148
final_layernorm,5120,124.097
final_layernorm,5136,124.908
final_layernorm,5152,124.717
final_layernorm,5168,125.175
final_layernorm,5184,125.858
final_layernorm,5200,126.071
final_layernorm,5216,126.199
final_layernorm,5232,126.423
final_layernorm,5248,127.351
final_layernorm,5264,127.756
final_layernorm,5280,128.397
final_layernorm,5296,128.161
final_layernorm,5312,129.249
final_layernorm,5328,129.228
final_layernorm,5344,129.261
final_layernorm,5360,129.964
final_layernorm,5376,130.775
final_layernorm,5392,127.809
final_layernorm,5408,128.129
final_layernorm,5424,128.844
final_layernorm,5440,128.844
final_layernorm,5456,129.388
final_layernorm,5472,129.526
final_layernorm,5488,130.295
final_layernorm,5504,130.434
final_layernorm,5520,130.892
final_layernorm,5536,131.426
final_layernorm,5552,132.055
final_layernorm,5568,132.353
final_layernorm,5584,132.609
final_layernorm,5600,133.218
final_layernorm,5616,133.453
final_layernorm,5632,134.274
final_layernorm,5648,134.551
final_layernorm,5664,135.169
final_layernorm,5680,135.831
final_layernorm,5696,135.201
final_layernorm,5712,136.194
final_layernorm,5728,136.3
final_layernorm,5744,136.322
final_layernorm,5760,137.346
final_layernorm,5776,138.082
final_layernorm,5792,138.231
final_layernorm,5808,138.636
final_layernorm,5824,139.212
final_layernorm,5840,140.162
final_layernorm,5856,141.058
final_layernorm,5872,141.154
final_layernorm,5888,141.111
final_layernorm,5904,142.284
final_layernorm,5920,141.677
final_layernorm,5936,142.936
final_layernorm,5952,143.533
final_layernorm,5968,143.831
final_layernorm,5984,144.461
final_layernorm,6000,144.62
final_layernorm,6016,145.303
final_layernorm,6032,145.634
final_layernorm,6048,145.687
final_layernorm,6064,146.071
final_layernorm,6080,147.148
final_layernorm,6096,147.351
final_layernorm,6112,147.82
final_layernorm,6128,147.543
final_layernorm,6144,148.375
final_layernorm,6160,149.399
final_layernorm,6176,149.218
final_layernorm,6192,149.772
final_layernorm,6208,149.506
final_layernorm,6224,150.359
final_layernorm,6240,150.519
final_layernorm,6256,151.202
final_layernorm,6272,151.682
final_layernorm,6288,151.618
final_layernorm,6304,152.183
final_layernorm,6320,152.674
final_layernorm,6336,153.229
final_layernorm,6352,153.784
final_layernorm,6368,153.997
final_layernorm,6384,154.263
final_layernorm,6400,154.498
final_layernorm,6416,154.679
final_layernorm,6432,155.501
final_layernorm,6448,155.991
final_layernorm,6464,156.663
final_layernorm,6480,156.77
final_layernorm,6496,157.613
final_layernorm,6512,157.282
final_layernorm,6528,158.018
final_layernorm,6544,155.224
final_layernorm,6560,155.618
final_layernorm,6576,156.301
final_layernorm,6592,156.365
final_layernorm,6608,157.495
final_layernorm,6624,157.325
final_layernorm,6640,157.335
final_layernorm,6656,158.125
final_layernorm,6672,158.925
final_layernorm,6688,159.213
final_layernorm,6704,159.394
final_layernorm,6720,160.045
final_layernorm,6736,160.29
final_layernorm,6752,160.792
final_layernorm,6768,161.666
final_layernorm,6784,161.527
final_layernorm,6800,162.242
final_layernorm,6816,162.936
final_layernorm,6832,162.893
final_layernorm,6848,163.405
final_layernorm,6864,163.501
final_layernorm,6880,164.419
final_layernorm,6896,165.176
final_layernorm,6912,165.122
final_layernorm,6928,165.527
final_layernorm,6944,166.157
final_layernorm,6960,167.138
final_layernorm,6976,166.776
final_layernorm,6992,167.502
final_layernorm,7008,167.736
final_layernorm,7024,168.162
final_layernorm,7040,169.154
final_layernorm,7056,169.805
final_layernorm,7072,170.306
final_layernorm,7088,170.733
final_layernorm,7104,171.213
final_layernorm,7120,171.501
final_layernorm,7136,171.651
final_layernorm,7152,172.312
final_layernorm,7168,173.069
final_layernorm,7184,172.6
final_layernorm,7200,173.709
final_layernorm,7216,174.114
final_layernorm,7232,175.085
final_layernorm,7248,174.701
final_layernorm,7264,175.267
final_layernorm,7280,175.459
final_layernorm,7296,175.746
final_layernorm,7312,176.419
final_layernorm,7328,177.496
final_layernorm,7344,177.368
final_layernorm,7360,177.058
final_layernorm,7376,178.221
final_layernorm,7392,178.605
final_layernorm,7408,178.359
final_layernorm,7424,179.182
final_layernorm,7440,179.821
final_layernorm,7456,180.173
final_layernorm,7472,180.056
final_layernorm,7488,180.589
final_layernorm,7504,180.877
final_layernorm,7520,180.845
final_layernorm,7536,181.581
final_layernorm,7552,182.264
final_layernorm,7568,179.287
final_layernorm,7584,179.469
final_layernorm,7600,180.184
final_layernorm,7616,180.483
final_layernorm,7632,180.483
final_layernorm,7648,181.175
final_layernorm,7664,181.827
final_layernorm,7680,182.104
final_layernorm,7696,182.605
final_layernorm,7712,183.138
final_layernorm,7728,183.31
final_layernorm,7744,183.875
final_layernorm,7760,184.557
final_layernorm,7776,185.613
final_layernorm,7792,184.952
final_layernorm,7808,186.083
final_layernorm,7824,186.51
final_layernorm,7840,186.573
final_layernorm,7856,186.701
final_layernorm,7872,187.298
final_layernorm,7888,187.533
final_layernorm,7904,187.928
final_layernorm,7920,188.365
final_layernorm,7936,189.101
final_layernorm,7952,190.04
final_layernorm,7968,190.584
final_layernorm,7984,190.541
final_layernorm,8000,191.182
final_layernorm,8016,191.246
final_layernorm,8032,191.95
final_layernorm,8048,192.067
final_layernorm,8064,192.803
final_layernorm,8080,193.208
final_layernorm,8096,193.795
final_layernorm,8112,194.029
final_layernorm,8128,194.968
final_layernorm,8144,195.16
final_layernorm,8160,196.237
final_layernorm,8176,196.163
final_layernorm,8192,196.43
final_layernorm,8208,196.707
final_layernorm,8224,197.582
final_layernorm,8240,198.275
final_layernorm,8256,198.403
final_layernorm,8272,198.926
final_layernorm,8288,199.469
final_layernorm,8304,199.587
final_layernorm,8320,200.163
final_layernorm,8336,200.238
final_layernorm,8352,200.59
final_layernorm,8368,201.177
final_layernorm,8384,200.942
final_layernorm,8400,202.36
final_layernorm,8416,202.168
final_layernorm,8432,202.649
final_layernorm,8448,202.819
final_layernorm,8464,203.342
final_layernorm,8480,203.747
final_layernorm,8496,204.408
final_layernorm,8512,204.632
final_layernorm,8528,205.731
final_layernorm,8544,204.941
final_layernorm,8560,205.859
final_layernorm,8576,206.019
final_layernorm,8592,207.161
final_layernorm,8608,206.979
final_layernorm,8624,207.171
final_layernorm,8640,208.259
final_layernorm,8656,208.089
final_layernorm,8672,208.452
final_layernorm,8688,208.611
final_layernorm,8704,209.059
final_layernorm,8720,206.627
final_layernorm,8736,206.702
final_layernorm,8752,207.032
final_layernorm,8768,207.811
final_layernorm,8784,208.035
final_layernorm,8800,208.11
final_layernorm,8816,209.102
final_layernorm,8832,209.358
final_layernorm,8848,209.977
final_layernorm,8864,210.286
final_layernorm,8880,210.798
final_layernorm,8896,211.288
final_layernorm,8912,211.076
final_layernorm,8928,211.918
final_layernorm,8944,212.878
final_layernorm,8960,213.145
final_layernorm,8976,214.051
final_layernorm,8992,213.987
final_layernorm,9008,214.126
final_layernorm,9024,214.404
final_layernorm,9040,215.374
final_layernorm,9056,215.512
final_layernorm,9072,216.164
final_layernorm,9088,216.644
final_layernorm,9104,217.017
final_layernorm,9120,217.55
final_layernorm,9136,217.592
final_layernorm,9152,218.851
final_layernorm,9168,219.182
final_layernorm,9184,220.068
final_layernorm,9200,221.038
final_layernorm,9216,220.302
final_layernorm,9232,221.433
final_layernorm,9248,221.08
final_layernorm,9264,222.51
final_layernorm,9280,222.553
final_layernorm,9296,223.065
final_layernorm,9312,223.929
final_layernorm,9328,223.481
final_layernorm,9344,224.622
final_layernorm,9360,224.75
final_layernorm,9376,225.134
final_layernorm,9392,225.902
final_layernorm,9408,225.475
final_layernorm,9424,226.255
final_layernorm,9440,226.894
final_layernorm,9456,227.214
final_layernorm,9472,227.31
final_layernorm,9488,227.929
final_layernorm,9504,228.536
final_layernorm,9520,228.708
final_layernorm,9536,228.622
final_layernorm,9552,229.486
final_layernorm,9568,230.041
final_layernorm,9584,229.667
final_layernorm,9600,230.99
final_layernorm,9616,229.945
final_layernorm,9632,231.758
final_layernorm,9648,231.79
final_layernorm,9664,232.345
final_layernorm,9680,232.761
final_layernorm,9696,232.783
final_layernorm,9712,233.667
final_layernorm,9728,233.316
final_layernorm,9744,230.617
final_layernorm,9760,231.417
final_layernorm,9776,231.812
final_layernorm,9792,231.993
final_layernorm,9808,232.686
final_layernorm,9824,233.54
final_layernorm,9840,233.871
final_layernorm,9856,234.446
final_layernorm,9872,234.137
final_layernorm,9888,234.457
final_layernorm,9904,235.726
final_layernorm,9920,235.087
final_layernorm,9936,235.897
final_layernorm,9952,236.398
final_layernorm,9968,237.284
final_layernorm,9984,237.326
final_layernorm,10000,238.041
final_layernorm,10016,238.383
final_layernorm,10032,238.543
final_layernorm,10048,239.15
final_layernorm,10064,239.876
final_layernorm,10080,239.833
final_layernorm,10096,239.897
final_layernorm,10112,240.452
final_layernorm,10128,240.74
final_layernorm,10144,241.667
final_layernorm,10160,242.244
final_layernorm,10176,242.692
final_layernorm,10192,242.916
final_layernorm,10208,243.727
final_layernorm,10224,244.121
final_layernorm,10240,244.74
final_layernorm,10256,244.761
final_layernorm,10272,245.625
final_layernorm,10288,246.404
final_layernorm,10304,246.34
final_layernorm,10320,247.3
final_layernorm,10336,247.738
final_layernorm,10352,247.791
final_layernorm,10368,248.26
final_layernorm,10384,249.113
final_layernorm,10400,249.86
final_layernorm,10416,249.754
final_layernorm,10432,250.223
final_layernorm,10448,250.628
final_layernorm,10464,250.895
final_layernorm,10480,251.268
final_layernorm,10496,251.727
final_layernorm,10512,252.303
final_layernorm,10528,252.367
final_layernorm,10544,252.9
final_layernorm,10560,253.348
final_layernorm,10576,253.882
final_layernorm,10592,254.106
final_layernorm,10608,254.01
final_layernorm,10624,255.066
final_layernorm,10640,255.311
final_layernorm,10656,256.004
final_layernorm,10672,256.004
final_layernorm,10688,256.772
final_layernorm,10704,256.484
final_layernorm,10720,257.241
final_layernorm,10736,257.797
final_layernorm,10752,257.817
final_layernorm,10768,258.341
final_layernorm,10784,259.066
final_layernorm,10800,259.237
final_layernorm,10816,259.354
final_layernorm,10832,259.983
final_layernorm,10848,260.836
final_layernorm,10864,260.943
final_layernorm,10880,261.519
final_layernorm,10896,257.625
final_layernorm,10912,258.618
final_layernorm,10928,259.418
final_layernorm,10944,259.685
final_layernorm,10960,260.005
final_layernorm,10976,260.122
final_layernorm,10992,261.05
final_layernorm,11008,261.807
final_layernorm,11024,262.149
final_layernorm,11040,262.415
final_layernorm,11056,262.17
final_layernorm,11072,263.151
final_layernorm,11088,263.397
final_layernorm,11104,263.674
final_layernorm,11120,264.591
final_layernorm,11136,264.495
final_layernorm,11152,265.711
final_layernorm,11168,266.266
final_layernorm,11184,266.5
final_layernorm,11200,266.937
final_layernorm,11216,266.724
final_layernorm,11232,267.951
final_layernorm,11248,268.218
final_layernorm,11264,268.719
final_layernorm,11280,269.456
final_layernorm,11296,269.68
final_layernorm,11312,270.127
final_layernorm,11328,271.056
final_layernorm,11344,270.938
final_layernorm,11360,271.749
final_layernorm,11376,272.538
final_layernorm,11392,273.54
final_layernorm,11408,273.019
final_layernorm,11424,272.954
final_layernorm,11440,274.48
final_layernorm,11456,275.088
final_layernorm,11472,274.64
final_layernorm,11488,275.152
final_layernorm,11504,276.528
final_layernorm,11520,276.282
final_layernorm,11536,277.072
final_layernorm,11552,277.285
final_layernorm,11568,277.135
final_layernorm,11584,277.701
final_layernorm,11600,277.808
final_layernorm,11616,279.429
final_layernorm,11632,278.864
final_layernorm,11648,279.248
final_layernorm,11664,279.301
final_layernorm,11680,279.867
final_layernorm,11696,280.175
final_layernorm,11712,280.794
final_layernorm,11728,281.584
final_layernorm,11744,280.976
final_layernorm,11760,282.053
final_layernorm,11776,282.384
final_layernorm,11792,282.139
final_layernorm,11808,283.184
final_layernorm,11824,283.717
final_layernorm,11840,283.984
final_layernorm,11856,284.496
final_layernorm,11872,284.731
final_layernorm,11888,285.168
final_layernorm,11904,286.245
final_layernorm,11920,282.128
final_layernorm,11936,283.066
final_layernorm,11952,283.738
final_layernorm,11968,284.314
final_layernorm,11984,284.826
final_layernorm,12000,284.73
final_layernorm,12016,285.456
final_layernorm,12032,285.893
final_layernorm,12048,285.413
final_layernorm,12064,286.341
final_layernorm,12080,287.12
final_layernorm,12096,287.312
final_layernorm,12112,287.771
final_layernorm,12128,288.752
final_layernorm,12144,289.2
final_layernorm,12160,289.243
final_layernorm,12176,289.648
final_layernorm,12192,290.086
final_layernorm,12208,290.725
final_layernorm,12224,290.896
final_layernorm,12240,290.896
final_layernorm,12256,291.13
final_layernorm,12272,292.486
final_layernorm,12288,291.931
final_layernorm,12304,293.19
final_layernorm,12320,293.296
final_layernorm,12336,294.097
final_layernorm,12352,294.288
final_layernorm,12368,295.44
final_layernorm,12384,295.568
final_layernorm,12400,295.877
final_layernorm,12416,296.507
final_layernorm,12432,296.358
final_layernorm,12448,297.819
final_layernorm,12464,297.702
final_layernorm,12480,298.33
final_layernorm,12496,298.822
final_layernorm,12512,300.678
final_layernorm,12528,300.08
final_layernorm,12544,300.486
final_layernorm,12560,300.763
final_layernorm,12576,301.073
final_layernorm,12592,301.627
final_layernorm,12608,302.513
final_layernorm,12624,302.289
final_layernorm,12640,302.811
final_layernorm,12656,302.907
final_layernorm,12672,303.899
final_layernorm,12688,304.326
final_layernorm,12704,304.721
final_layernorm,12720,304.23
final_layernorm,12736,305.499
final_layernorm,12752,305.755
final_layernorm,12768,305.713
final_layernorm,12784,306.427
final_layernorm,12800,306.395
final_layernorm,12816,306.811
final_layernorm,12832,307.547
final_layernorm,12848,308.038
final_layernorm,12864,308.518
final_layernorm,12880,308.454
final_layernorm,12896,309.553
final_layernorm,12912,309.318
final_layernorm,12928,310.033
final_layernorm,12944,310.918
final_layernorm,12960,310.886
final_layernorm,12976,311.057
final_layernorm,12992,311.035
final_layernorm,13008,311.654
final_layernorm,13024,311.611
final_layernorm,13040,312.112
final_layernorm,13056,314.171
final_layernorm,13072,310.662
final_layernorm,13088,310.299
final_layernorm,13104,311.398
final_layernorm,13120,311.782
final_layernorm,13136,311.761
final_layernorm,13152,312.049
final_layernorm,13168,312.785
final_layernorm,13184,312.966
final_layernorm,13200,313.83
final_layernorm,13216,314.342
final_layernorm,13232,314.673
final_layernorm,13248,315.259
final_layernorm,13264,315.153
final_layernorm,13280,316.518
final_layernorm,13296,316.625
final_layernorm,13312,316.283
final_layernorm,13328,317.595
final_layernorm,13344,317.745
final_layernorm,13360,317.574
final_layernorm,13376,318.353
final_layernorm,13392,319.185
final_layernorm,13408,319.718
final_layernorm,13424,320.219
final_layernorm,13440,320.262
final_layernorm,13456,321.073
final_layernorm,13472,321.233
final_layernorm,13488,322.396
final_layernorm,13504,322.694
final_layernorm,13520,322.62
final_layernorm,13536,323.729
final_layernorm,13552,323.761
final_layernorm,13568,324.412
final_layernorm,13584,324.603
final_layernorm,13600,325.339
final_layernorm,13616,325.531
final_layernorm,13632,325.841
final_layernorm,13648,327.473
final_layernorm,13664,327.292
final_layernorm,13680,327.771
final_layernorm,13696,327.931
final_layernorm,13712,328.22
final_layernorm,13728,329.948
final_layernorm,13744,329.35
final_layernorm,13760,329.692
final_layernorm,13776,330.129
final_layernorm,13792,329.98
final_layernorm,13808,331.121
final_layernorm,13824,331.196
final_layernorm,13840,332.007
final_layernorm,13856,331.644
final_layernorm,13872,332.231
final_layernorm,13888,332.626
final_layernorm,13904,333.074
final_layernorm,13920,332.903
final_layernorm,13936,334.183
final_layernorm,13952,334.459
final_layernorm,13968,335.591
final_layernorm,13984,335.836
final_layernorm,14000,335.388
final_layernorm,14016,336.412
final_layernorm,14032,335.719
final_layernorm,14048,336.774
final_layernorm,14064,337.394
final_layernorm,14080,337.681
final_layernorm,14096,334.258
final_layernorm,14112,334.492
final_layernorm,14128,335.132
final_layernorm,14144,336.423
final_layernorm,14160,335.996
final_layernorm,14176,337.382
final_layernorm,14192,337.041
final_layernorm,14208,337.596
final_layernorm,14224,338.802
final_layernorm,14240,338.801
final_layernorm,14256,338.716
final_layernorm,14272,339.239
final_layernorm,14288,338.833
final_layernorm,14304,340.39
final_layernorm,14320,340.295
final_layernorm,14336,340.956
final_layernorm,14352,341.254
final_layernorm,14368,342.055
final_layernorm,14384,341.671
final_layernorm,14400,342.546
final_layernorm,14416,342.961
final_layernorm,14432,344.498
final_layernorm,14448,344.284
final_layernorm,14464,344.732
final_layernorm,14480,345.148
final_layernorm,14496,344.999
final_layernorm,14512,345.34
final_layernorm,14528,346.407
final_layernorm,14544,347.015
final_layernorm,14560,347.165
final_layernorm,14576,348.05
final_layernorm,14592,348.252
final_layernorm,14608,349.404
final_layernorm,14624,349.298
final_layernorm,14640,349.778
final_layernorm,14656,350.748
final_layernorm,14672,351.388
final_layernorm,14688,351.154
final_layernorm,14704,351.41
final_layernorm,14720,351.644
final_layernorm,14736,352.455
final_layernorm,14752,353.874
final_layernorm,14768,354.183
final_layernorm,14784,354.119
final_layernorm,14800,354.919
final_layernorm,14816,354.599
final_layernorm,14832,355.261
final_layernorm,14848,354.791
final_layernorm,14864,355.964
final_layernorm,14880,356.53
final_layernorm,14896,357.138
final_layernorm,14912,356.68
final_layernorm,14928,357.906
final_layernorm,14944,358.62
final_layernorm,14960,358.407
final_layernorm,14976,358.439
final_layernorm,14992,359.783
final_layernorm,15008,358.632
final_layernorm,15024,360.285
final_layernorm,15040,359.826
final_layernorm,15056,361.469
final_layernorm,15072,360.893
final_layernorm,15088,361.65
final_layernorm,15104,361.757
final_layernorm,15120,361.554
final_layernorm,15136,362.301
final_layernorm,15152,363.506
final_layernorm,15168,364.125
final_layernorm,15184,362.877
final_layernorm,15200,364.221
final_layernorm,15216,364.307
final_layernorm,15232,364.658
final_layernorm,15248,362.045
final_layernorm,15264,362.578
final_layernorm,15280,362.6
final_layernorm,15296,363.25
final_layernorm,15312,363.528
final_layernorm,15328,363.623
final_layernorm,15344,364.733
final_layernorm,15360,365.97
final_layernorm,15376,365.704
final_layernorm,15392,365.928
final_layernorm,15408,366.397
final_layernorm,15424,366.696
final_layernorm,15440,366.695
final_layernorm,15456,367.591
final_layernorm,15472,368.04
final_layernorm,15488,368.125
final_layernorm,15504,368.925
final_layernorm,15520,369.789
final_layernorm,15536,369.288
final_layernorm,15552,370.045
final_layernorm,15568,371.4
final_layernorm,15584,371.751
final_layernorm,15600,372.093
final_layernorm,15616,371.72
final_layernorm,15632,373.576
final_layernorm,15648,372.829
final_layernorm,15664,373.138
final_layernorm,15680,374.429
final_layernorm,15696,373.864
final_layernorm,15712,375.037
final_layernorm,15728,375.656
final_layernorm,15744,376.189
final_layernorm,15760,376.957
final_layernorm,15776,377.768
final_layernorm,15792,377.757
final_layernorm,15808,377.661
final_layernorm,15824,378.589
final_layernorm,15840,378.781
final_layernorm,15856,379.795
final_layernorm,15872,380.125
final_layernorm,15888,379.965
final_layernorm,15904,380.306
final_layernorm,15920,380.659
final_layernorm,15936,381.789
final_layernorm,15952,382.44
final_layernorm,15968,382.451
final_layernorm,15984,382.654
final_layernorm,16000,383.112
final_layernorm,16016,383.038
final_layernorm,16032,383.976
final_layernorm,16048,383.965
final_layernorm,16064,384.499
final_layernorm,16080,384.584
final_layernorm,16096,384.84
final_layernorm,16112,385.757
final_layernorm,16128,386.227
final_layernorm,16144,386.59
final_layernorm,16160,386.856
final_layernorm,16176,387.614
final_layernorm,16192,387.261
final_layernorm,16208,388.424
final_layernorm,16224,388.68
final_layernorm,16240,388.371
final_layernorm,16256,389.128
final_layernorm,16272,386.088
final_layernorm,16288,386.27
final_layernorm,16304,387.037
final_layernorm,16320,387.059
final_layernorm,16336,388.136
final_layernorm,16352,388.712
final_layernorm,16368,388.788
final_layernorm,16384,389.235
final_layernorm,16400,390.078
final_layernorm,16416,390.654
final_layernorm,16432,390.259
final_layernorm,16448,391.081
final_layernorm,16464,392.307
final_layernorm,16480,392.03
final_layernorm,16496,392.147
final_layernorm,16512,392.243
final_layernorm,16528,393.064
final_layernorm,16544,393.63
final_layernorm,16560,394.718
final_layernorm,16576,394.739
final_layernorm,16592,395.155
final_layernorm,16608,395.582
final_layernorm,16624,395.144
final_layernorm,16640,396.147
final_layernorm,16656,396.5
final_layernorm,16672,397.267
final_layernorm,16688,398.024
final_layernorm,16704,398.11
final_layernorm,16720,398.526
final_layernorm,16736,399.326
final_layernorm,16752,400.286
final_layernorm,16768,400.883
final_layernorm,16784,400.233
final_layernorm,16800,401.203
final_layernorm,16816,401.428
final_layernorm,16832,402.334
final_layernorm,16848,402.419
final_layernorm,16864,403.134
final_layernorm,16880,403.305
final_layernorm,16896,403.465
final_layernorm,16912,404.158
final_layernorm,16928,405.012
final_layernorm,16944,405.652
final_layernorm,16960,405.929
final_layernorm,16976,407.326
final_layernorm,16992,406.665
final_layernorm,17008,407.486
final_layernorm,17024,408.03
final_layernorm,17040,408.148
final_layernorm,17056,408.606
final_layernorm,17072,408.105
final_layernorm,17088,409.172
final_layernorm,17104,409.204
final_layernorm,17120,409.683
final_layernorm,17136,410.665
final_layernorm,17152,410.815
final_layernorm,17168,411.721
final_layernorm,17184,411.113
final_layernorm,17200,412.212
final_layernorm,17216,412.105
final_layernorm,17232,413.118
final_layernorm,17248,412.447
final_layernorm,17264,412.852
final_layernorm,17280,413.865
final_layernorm,17296,414.185
final_layernorm,17312,415.326
final_layernorm,17328,414.74
final_layernorm,17344,415.743
final_layernorm,17360,416.084
final_layernorm,17376,415.7
final_layernorm,17392,416.35
final_layernorm,17408,416.564
final_layernorm,17424,413.897
final_layernorm,17440,414.74
final_layernorm,17456,414.953
final_layernorm,17472,414.868
final_layernorm,17488,416.148
final_layernorm,17504,415.508
final_layernorm,17520,415.849
final_layernorm,17536,416.254
final_layernorm,17552,416.959
final_layernorm,17568,417.812
final_layernorm,17584,418.1
final_layernorm,17600,418.462
final_layernorm,17616,419.636
final_layernorm,17632,419.636
final_layernorm,17648,419.977
final_layernorm,17664,420.34
final_layernorm,17680,420.873
final_layernorm,17696,421.588
final_layernorm,17712,422.186
final_layernorm,17728,423.167
final_layernorm,17744,423.231
final_layernorm,17760,423.604
final_layernorm,17776,422.815
final_layernorm,17792,423.337
final_layernorm,17808,424.564
final_layernorm,17824,424.777
final_layernorm,17840,425.407
final_layernorm,17856,426.697
final_layernorm,17872,425.481
final_layernorm,17888,427.242
final_layernorm,17904,426.644
final_layernorm,17920,428.105
final_layernorm,17936,429.225
final_layernorm,17952,430.111
final_layernorm,17968,429.705
final_layernorm,17984,430.602
final_layernorm,18000,430.175
final_layernorm,18016,430.921
final_layernorm,18032,431.679
final_layernorm,18048,431.519
final_layernorm,18064,431.711
final_layernorm,18080,432.095
final_layernorm,18096,433.62
final_layernorm,18112,432.777
final_layernorm,18128,433.215
final_layernorm,18144,434.484
final_layernorm,18160,434.197
final_layernorm,18176,434.602
final_layernorm,18192,435.349
final_layernorm,18208,436.436
final_layernorm,18224,435.839
final_layernorm,18240,436.01
final_layernorm,18256,435.914
final_layernorm,18272,436.671
final_layernorm,18288,437.749
final_layernorm,18304,438.132
final_layernorm,18320,438.335
final_layernorm,18336,438.773
final_layernorm,18352,439.37
final_layernorm,18368,439.733
final_layernorm,18384,439.509
final_layernorm,18400,439.69
final_layernorm,18416,439.647
final_layernorm,18432,440.618
final_layernorm,18448,438.09
final_layernorm,18464,438.229
final_layernorm,18480,438.644
final_layernorm,18496,439.797
final_layernorm,18512,439.701
final_layernorm,18528,440.437
final_layernorm,18544,440.799
final_layernorm,18560,440.597
final_layernorm,18576,441.994
final_layernorm,18592,441.813
final_layernorm,18608,442.111
final_layernorm,18624,442.506
final_layernorm,18640,442.89
final_layernorm,18656,444.629
final_layernorm,18672,444.234
final_layernorm,18688,444.49
final_layernorm,18704,445.397
final_layernorm,18720,444.927
final_layernorm,18736,446.762
final_layernorm,18752,446.005
final_layernorm,18768,446.453
final_layernorm,18784,446.922
final_layernorm,18800,447.551
final_layernorm,18816,448.853
final_layernorm,18832,448.618
final_layernorm,18848,449.237
final_layernorm,18864,449.131
final_layernorm,18880,449.759
final_layernorm,18896,451.285
final_layernorm,18912,450.922
final_layernorm,18928,451.552
final_layernorm,18944,452.384
final_layernorm,18960,452.992
final_layernorm,18976,452.661
final_layernorm,18992,452.693
final_layernorm,19008,453.963
final_layernorm,19024,453.855
final_layernorm,19040,454.432
final_layernorm,19056,454.88
final_layernorm,19072,455.306
final_layernorm,19088,457.131
final_layernorm,19104,457.515
final_layernorm,19120,457.546
final_layernorm,19136,457.792
final_layernorm,19152,457.216
final_layernorm,19168,458.4
final_layernorm,19184,459.115
final_layernorm,19200,458.592
final_layernorm,19216,458.88
final_layernorm,19232,459.68
final_layernorm,19248,460.704
final_layernorm,19264,460.149
final_layernorm,19280,461.312
final_layernorm,19296,461.632
final_layernorm,19312,462.091
final_layernorm,19328,462.357
final_layernorm,19344,462.816
final_layernorm,19360,462.763
final_layernorm,19376,462.902
final_layernorm,19392,464.171
final_layernorm,19408,463.925
final_layernorm,19424,464.33
final_layernorm,19440,464.406
final_layernorm,19456,466.133
final_layernorm,19472,465.099
final_layernorm,19488,465.227
final_layernorm,19504,466.624
final_layernorm,19520,466.869
final_layernorm,19536,468.214
final_layernorm,19552,467.606
final_layernorm,19568,467.68
final_layernorm,19584,468.043
final_layernorm,19600,464.661
final_layernorm,19616,465.611
final_layernorm,19632,466.933
final_layernorm,19648,466.635
final_layernorm,19664,467.648
final_layernorm,19680,467.883
final_layernorm,19696,467.669
final_layernorm,19712,467.947
final_layernorm,19728,469.067
final_layernorm,19744,470.283
final_layernorm,19760,469.856
final_layernorm,19776,470.144
final_layernorm,19792,470.869
final_layernorm,19808,471.253
final_layernorm,19824,471.339
final_layernorm,19840,472.086
final_layernorm,19856,472.982
final_layernorm,19872,473.121
final_layernorm,19888,473.739
final_layernorm,19904,473.75
final_layernorm,19920,473.878
final_layernorm,19936,474.56
final_layernorm,19952,475.254
final_layernorm,19968,476.032
final_layernorm,19984,476.982
final_layernorm,20000,476.075
final_layernorm,20016,478.315
final_layernorm,20032,478.144
final_layernorm,20048,477.803
final_layernorm,20064,479.211
final_layernorm,20080,480.256
final_layernorm,20096,479.723
final_layernorm,20112,480.609
final_layernorm,20128,480.491
final_layernorm,20144,481.227
final_layernorm,20160,481.366
final_layernorm,20176,482.123
final_layernorm,20192,482.241
final_layernorm,20208,482.753
final_layernorm,20224,483.372
final_layernorm,20240,483.51
final_layernorm,20256,485.121
final_layernorm,20272,484.257
final_layernorm,20288,485.281
final_layernorm,20304,485.324
final_layernorm,20320,485.622
final_layernorm,20336,485.345
final_layernorm,20352,486.433
final_layernorm,20368,486.561
final_layernorm,20384,487.67
final_layernorm,20400,487.585
final_layernorm,20416,487.542
final_layernorm,20432,488.203
final_layernorm,20448,489.067
final_layernorm,20464,489.292
final_layernorm,20480,489.483
final_layernorm,20496,489.441
final_layernorm,20512,490.305
final_layernorm,20528,490.593
final_layernorm,20544,491.681
final_layernorm,20560,491.223
final_layernorm,20576,491.403
final_layernorm,20592,492.022
final_layernorm,20608,493.217
final_layernorm,20624,489.867
final_layernorm,20640,490.124
final_layernorm,20656,489.953
final_layernorm,20672,491.404
final_layernorm,20688,491.031
final_layernorm,20704,491.947
final_layernorm,20720,492.48
final_layernorm,20736,492.342
final_layernorm,20752,493.452
final_layernorm,20768,493.889
final_layernorm,20784,493.804
final_layernorm,20800,494.956
final_layernorm,20816,494.71
final_layernorm,20832,495.799
final_layernorm,20848,496.46
final_layernorm,20864,496.076
final_layernorm,20880,496.535
final_layernorm,20896,497.516
final_layernorm,20912,497.185
final_layernorm,20928,497.569
final_layernorm,20944,497.868
final_layernorm,20960,498.764
final_layernorm,20976,499.201
final_layernorm,20992,499.585
final_layernorm,21008,499.852
final_layernorm,21024,501.399
final_layernorm,21040,501.399
final_layernorm,21056,501.068
final_layernorm,21072,502.86
final_layernorm,21088,502.177
final_layernorm,21104,503.233
final_layernorm,21120,503.682
final_layernorm,21136,504.268
final_layernorm,21152,503.777
final_layernorm,21168,504.727
final_layernorm,21184,505.505
final_layernorm,21200,506.38
final_layernorm,21216,506.316
final_layernorm,21232,507.287
final_layernorm,21248,507.159
final_layernorm,21264,507.596
final_layernorm,21280,508.855
final_layernorm,21296,508.077
final_layernorm,21312,509.197
final_layernorm,21328,510.039
final_layernorm,21344,509.858
final_layernorm,21360,510.85
final_layernorm,21376,511.234
final_layernorm,21392,511.415
final_layernorm,21408,511.789
final_layernorm,21424,511.319
final_layernorm,21440,512.673
final_layernorm,21456,512.194
final_layernorm,21472,514.04
final_layernorm,21488,513.314
final_layernorm,21504,514.53
final_layernorm,21520,514.295
final_layernorm,21536,515.372
final_layernorm,21552,515.052
final_layernorm,21568,515.149
final_layernorm,21584,515.383
final_layernorm,21600,516.727
final_layernorm,21616,516.77
final_layernorm,21632,516.322
final_layernorm,21648,518.648
final_layernorm,21664,517.794
final_layernorm,21680,517.719
final_layernorm,21696,519.522
final_layernorm,21712,518.914
final_layernorm,21728,518.946
final_layernorm,21744,519.426
final_layernorm,21760,520.354
final_layernorm,21776,517.9
final_layernorm,21792,517.261
final_layernorm,21808,518.146
final_layernorm,21824,518.423
final_layernorm,21840,519.181
final_layernorm,21856,519.192
final_layernorm,21872,520.365
final_layernorm,21888,520.013
final_layernorm,21904,520.93
final_layernorm,21920,617.594
final_layernorm,21936,521.741
final_layernorm,21952,521.953
final_layernorm,21968,522.402
final_layernorm,21984,523.725
final_layernorm,22000,523.714
final_layernorm,22016,524.44
final_layernorm,22032,523.01
final_layernorm,22048,525.239
final_layernorm,22064,525.538
final_layernorm,22080,526.05
final_layernorm,22096,526.391
final_layernorm,22112,526.882
final_layernorm,22128,527.607
final_layernorm,22144,527.106
final_layernorm,22160,527.906
final_layernorm,22176,528.343
final_layernorm,22192,529.187
final_layernorm,22208,529.602
final_layernorm,22224,530.466
final_layernorm,22240,530.05
final_layernorm,22256,530.733
final_layernorm,22272,531.746
final_layernorm,22288,532.781
final_layernorm,22304,533.624
final_layernorm,22320,532.398
final_layernorm,22336,533.261
final_layernorm,22352,534.594
final_layernorm,22368,533.997
final_layernorm,22384,534.285
final_layernorm,22400,535.629
final_layernorm,22416,535.512
final_layernorm,22432,536.504
final_layernorm,22448,536.227
final_layernorm,22464,536.6
final_layernorm,22480,536.621
final_layernorm,22496,538.093
final_layernorm,22512,538.957
final_layernorm,22528,539.384
final_layernorm,22544,538.808
final_layernorm,22560,539.587
final_layernorm,22576,539.682
final_layernorm,22592,539.266
final_layernorm,22608,540.525
final_layernorm,22624,540.291
final_layernorm,22640,541.336
final_layernorm,22656,540.803
final_layernorm,22672,542.84
final_layernorm,22688,541.453
final_layernorm,22704,543.086
final_layernorm,22720,542.989
final_layernorm,22736,542.754
final_layernorm,22752,543.512
final_layernorm,22768,544.354
final_layernorm,22784,544.461
final_layernorm,22800,541.794
final_layernorm,22816,542.328
final_layernorm,22832,542.509
final_layernorm,22848,542.68
final_layernorm,22864,543.48
final_layernorm,22880,543.736
final_layernorm,22896,544.771
final_layernorm,22912,544.014
final_layernorm,22928,544.376
final_layernorm,22944,545.198
final_layernorm,22960,545.805
final_layernorm,22976,545.913
final_layernorm,22992,547.587
final_layernorm,23008,547.288
final_layernorm,23024,547.875
final_layernorm,23040,548.568
final_layernorm,23056,548.248
final_layernorm,23072,548.931
final_layernorm,23088,549.795
final_layernorm,23104,550.168
final_layernorm,23120,550.19
final_layernorm,23136,550.776
final_layernorm,23152,551.651
final_layernorm,23168,551.875
final_layernorm,23184,553.027
final_layernorm,23200,552.568
final_layernorm,23216,552.494
final_layernorm,23232,554.168
final_layernorm,23248,554.691
final_layernorm,23264,554.158
final_layernorm,23280,554.659
final_layernorm,23296,556.377
final_layernorm,23312,555.822
final_layernorm,23328,556.771
final_layernorm,23344,556.782
final_layernorm,23360,557.241
final_layernorm,23376,557.699
final_layernorm,23392,558.585
final_layernorm,23408,559.214
final_layernorm,23424,560.75
final_layernorm,23440,559.556
final_layernorm,23456,560.345
final_layernorm,23472,561.091
final_layernorm,23488,560.526
final_layernorm,23504,561.283
final_layernorm,23520,562.009
final_layernorm,23536,562.009
final_layernorm,23552,562.595
final_layernorm,23568,563.193
final_layernorm,23584,563.151
final_layernorm,23600,564.708
final_layernorm,23616,564.174
final_layernorm,23632,564.249
final_layernorm,23648,565.774
final_layernorm,23664,565.667
final_layernorm,23680,565.731
final_layernorm,23696,566.233
final_layernorm,23712,567.065
final_layernorm,23728,567.225
final_layernorm,23744,567.726
final_layernorm,23760,567.609
final_layernorm,23776,567.886
final_layernorm,23792,569.059
final_layernorm,23808,569.305
final_layernorm,23824,569.817
final_layernorm,23840,569.988
final_layernorm,23856,569.817
final_layernorm,23872,570.606
final_layernorm,23888,571.247
final_layernorm,23904,571.012
final_layernorm,23920,571.929
final_layernorm,23936,571.609
final_layernorm,23952,569.497
final_layernorm,23968,569.742
final_layernorm,23984,569.742
final_layernorm,24000,570.372
final_layernorm,24016,570.372
final_layernorm,24032,571.193
final_layernorm,24048,571.993
final_layernorm,24064,572.58
final_layernorm,24080,572.367
final_layernorm,24096,573.263
final_layernorm,24112,572.889
final_layernorm,24128,574.446
final_layernorm,24144,574.105
final_layernorm,24160,574.735
final_layernorm,24176,575.299
final_layernorm,24192,575.609
final_layernorm,24208,575.919
final_layernorm,24224,577.497
final_layernorm,24240,577.06
final_layernorm,24256,578.095
final_layernorm,24272,578.382
final_layernorm,24288,578.649
final_layernorm,24304,578.756
final_layernorm,24320,579.811
final_layernorm,24336,580.1
final_layernorm,24352,580.324
final_layernorm,24368,581.743
final_layernorm,24384,581.561
final_layernorm,24400,581.903
final_layernorm,24416,583.108
final_layernorm,24432,582.244
final_layernorm,24448,584.026
final_layernorm,24464,585.017
final_layernorm,24480,584.644
final_layernorm,24496,585.306
final_layernorm,24512,585.348
final_layernorm,24528,585.785
final_layernorm,24544,586.009
final_layernorm,24560,587.236
final_layernorm,24576,586.554
final_layernorm,24592,588.474
final_layernorm,24608,587.62
final_layernorm,24624,588.666
final_layernorm,24640,588.601
final_layernorm,24656,589.327
final_layernorm,24672,588.954
final_layernorm,24688,589.903
final_layernorm,24704,589.882
final_layernorm,24720,590.522
final_layernorm,24736,590.533
final_layernorm,24752,592.09
final_layernorm,24768,591.972
final_layernorm,24784,592.986
final_layernorm,24800,592.73
final_layernorm,24816,593.167
final_layernorm,24832,592.73
final_layernorm,24848,592.868
final_layernorm,24864,593.722
final_layernorm,24880,594.799
final_layernorm,24896,594.116
final_layernorm,24912,595.14
final_layernorm,24928,595.727
final_layernorm,24944,594.789
final_layernorm,24960,596.207
final_layernorm,24976,592.986
final_layernorm,24992,594.404
final_layernorm,25008,594.309
final_layernorm,25024,594.98
final_layernorm,25040,595.322
final_layernorm,25056,595.727
final_layernorm,25072,595.098
final_layernorm,25088,595.983
final_layernorm,25104,596.837
final_layernorm,25120,597.232
final_layernorm,25136,596.997
final_layernorm,25152,597.231
final_layernorm,25168,598.245
final_layernorm,25184,599.29
final_layernorm,25200,599.546
final_layernorm,25216,600.495
final_layernorm,25232,600.858
final_layernorm,25248,601.115
final_layernorm,25264,600.4
final_layernorm,25280,601.221
final_layernorm,25296,602.554
final_layernorm,25312,603.066
final_layernorm,25328,602.459
final_layernorm,25344,603.216
final_layernorm,25360,604.379
final_layernorm,25376,604.506
final_layernorm,25392,605.285
final_layernorm,25408,605.936
final_layernorm,25424,605.776
final_layernorm,25440,606.576
final_layernorm,25456,607.13
final_layernorm,25472,607.504
final_layernorm,25488,607.141
final_layernorm,25504,607.376
final_layernorm,25520,608.667
final_layernorm,25536,609.285
final_layernorm,25552,609.989
final_layernorm,25568,610.586
final_layernorm,25584,610.874
final_layernorm,25600,611.003
final_layernorm,25616,611.461
final_layernorm,25632,612.507
final_layernorm,25648,611.909
final_layernorm,25664,612.73
final_layernorm,25680,614.384
final_layernorm,25696,612.837
final_layernorm,25712,615.099
final_layernorm,25728,615.269
final_layernorm,25744,615.429
final_layernorm,25760,615.653
final_layernorm,25776,616.048
final_layernorm,25792,616.923
final_layernorm,25808,616.858
final_layernorm,25824,617.125
final_layernorm,25840,617.211
final_layernorm,25856,618.331
final_layernorm,25872,618.064
final_layernorm,25888,618.459
final_layernorm,25904,618.245
final_layernorm,25920,619.013
final_layernorm,25936,619.035
final_layernorm,25952,620.454
final_layernorm,25968,621.019
final_layernorm,25984,620.677
final_layernorm,26000,622.139
final_layernorm,26016,622.363
final_layernorm,26032,621.68
final_layernorm,26048,622.235
final_layernorm,26064,621.947
final_layernorm,26080,623.003
final_layernorm,26096,624.123
final_layernorm,26112,623.397
final_layernorm,26128,621.2
final_layernorm,26144,621.552
final_layernorm,26160,715.005
final_layernorm,26176,622.981
final_layernorm,26192,622.16
final_layernorm,26208,624.006
final_layernorm,26224,623.387
final_layernorm,26240,623.856
final_layernorm,26256,624.411
final_layernorm,26272,624.709
final_layernorm,26288,625.926
final_layernorm,26304,625.947
final_layernorm,26320,627.75
final_layernorm,26336,626.512
final_layernorm,26352,626.63
final_layernorm,26368,627.494
final_layernorm,26384,628.262
final_layernorm,26400,628.4
final_layernorm,26416,629.488
final_layernorm,26432,630.353
final_layernorm,26448,630.704
final_layernorm,26464,630.246
final_layernorm,26480,631.611
final_layernorm,26496,631.92
final_layernorm,26512,633.019
final_layernorm,26528,632.838
final_layernorm,26544,632.102
final_layernorm,26560,634.001
final_layernorm,26576,633.371
final_layernorm,26592,634.694
final_layernorm,26608,634.523
final_layernorm,26624,635.515
final_layernorm,26640,636.145
final_layernorm,26656,636.507
final_layernorm,26672,636.091
final_layernorm,26688,637.286
final_layernorm,26704,637.755
final_layernorm,26720,637.468
final_layernorm,26736,638.523
final_layernorm,26752,639.26
final_layernorm,26768,639.377
final_layernorm,26784,640.017
final_layernorm,26800,640.593
final_layernorm,26816,639.836
final_layernorm,26832,640.945
final_layernorm,26848,640.806
final_layernorm,26864,641.745
final_layernorm,26880,641.457
final_layernorm,26896,642.491
final_layernorm,26912,642.918
final_layernorm,26928,643.025
final_layernorm,26944,643.9
final_layernorm,26960,643.558
final_layernorm,26976,644.454
final_layernorm,26992,644.284
final_layernorm,27008,644.998
final_layernorm,27024,646.609
final_layernorm,27040,646.065
final_layernorm,27056,646.95
final_layernorm,27072,646.854
final_layernorm,27088,647.217
final_layernorm,27104,648.636
final_layernorm,27120,648.103
final_layernorm,27136,647.771
final_layernorm,27152,645.617
final_layernorm,27168,646.108
final_layernorm,27184,646.246
final_layernorm,27200,647.494
final_layernorm,27216,646.023
final_layernorm,27232,647.036
final_layernorm,27248,647.644
final_layernorm,27264,648.401
final_layernorm,27280,648.423
final_layernorm,27296,649.564
final_layernorm,27312,649.382
final_layernorm,27328,650.545
final_layernorm,27344,651.196
final_layernorm,27360,651.441
final_layernorm,27376,652.689
final_layernorm,27392,651.921
final_layernorm,27408,652.402
final_layernorm,27424,653.308
final_layernorm,27440,653.34
final_layernorm,27456,652.604
final_layernorm,27472,653.916
final_layernorm,27488,653.905
final_layernorm,27504,654.684
final_layernorm,27520,655.836
final_layernorm,27536,656.7
final_layernorm,27552,657.02
final_layernorm,27568,656.551
final_layernorm,27584,657.223
final_layernorm,27600,657.553
final_layernorm,27616,658.631
final_layernorm,27632,659.313
final_layernorm,27648,658.513
final_layernorm,27664,659.644
final_layernorm,27680,659.954
final_layernorm,27696,660.103
final_layernorm,27712,660.06
final_layernorm,27728,660.988
final_layernorm,27744,662.289
final_layernorm,27760,662.514
final_layernorm,27776,662.758
final_layernorm,27792,662.45
final_layernorm,27808,664.028
final_layernorm,27824,664.039
final_layernorm,27840,665.138
final_layernorm,27856,664.497
final_layernorm,27872,665.405
final_layernorm,27888,666.439
final_layernorm,27904,667.207
final_layernorm,27920,668.445
final_layernorm,27936,668.466
final_layernorm,27952,666.503
final_layernorm,27968,668.615
final_layernorm,27984,669.874
final_layernorm,28000,668.295
final_layernorm,28016,668.797
final_layernorm,28032,669.981
final_layernorm,28048,670.599
final_layernorm,28064,671.175
final_layernorm,28080,671.004
final_layernorm,28096,670.823
final_layernorm,28112,671.378
final_layernorm,28128,672.242
final_layernorm,28144,672.893
final_layernorm,28160,673.501
final_layernorm,28176,672.829
final_layernorm,28192,673.405
final_layernorm,28208,675.858
final_layernorm,28224,674.386
final_layernorm,28240,675.079
final_layernorm,28256,674.706
final_layernorm,28272,676.445
final_layernorm,28288,675.869
final_layernorm,28304,672.413
final_layernorm,28320,673.309
final_layernorm,28336,673.895
final_layernorm,28352,674.397
final_layernorm,28368,674.93
final_layernorm,28384,675.687
final_layernorm,28400,676.146
final_layernorm,28416,676.413
final_layernorm,28432,676.658
final_layernorm,28448,677.202
final_layernorm,28464,678.279
final_layernorm,28480,677.821
final_layernorm,28496,677.298
final_layernorm,28512,677.992
final_layernorm,28528,678.878
final_layernorm,28544,678.151
final_layernorm,28560,679.346
final_layernorm,28576,681.352
final_layernorm,28592,681.928
final_layernorm,28608,682.141
final_layernorm,28624,682.045
final_layernorm,28640,682.728
final_layernorm,28656,683.72
final_layernorm,28672,683.367
final_layernorm,28688,684.061
final_layernorm,28704,684.477
final_layernorm,28720,686.238
final_layernorm,28736,685.128
final_layernorm,28752,685.863
final_layernorm,28768,686.216
final_layernorm,28784,687.869
final_layernorm,28800,686.291
final_layernorm,28816,687.293
final_layernorm,28832,689.192
final_layernorm,28848,688.84
final_layernorm,28864,689.246
final_layernorm,28880,689.224
final_layernorm,28896,690.419
final_layernorm,28912,690.184
final_layernorm,28928,690.227
final_layernorm,28944,691.614
final_layernorm,28960,691.89
final_layernorm,28976,692.051
final_layernorm,28992,692.104
final_layernorm,29008,692.798
final_layernorm,29024,693.576
final_layernorm,29040,693.598
final_layernorm,29056,693.683
final_layernorm,29072,694.494
final_layernorm,29088,694.729
final_layernorm,29104,696.179
final_layernorm,29120,695.955
final_layernorm,29136,695.474
final_layernorm,29152,695.539
final_layernorm,29168,696.274
final_layernorm,29184,697.555
final_layernorm,29200,697.074
final_layernorm,29216,698.035
final_layernorm,29232,697.694
final_layernorm,29248,698.323
final_layernorm,29264,700.243
final_layernorm,29280,699.881
final_layernorm,29296,699.166
final_layernorm,29312,699.977
final_layernorm,29328,697.235
final_layernorm,29344,697.235
final_layernorm,29360,697.395
final_layernorm,29376,697.875
final_layernorm,29392,699.304
final_layernorm,29408,699.592
final_layernorm,29424,700.958
final_layernorm,29440,700.424
final_layernorm,29456,701.268
final_layernorm,29472,700.254
final_layernorm,29488,701.672
final_layernorm,29504,702.164
final_layernorm,29520,702.846
final_layernorm,29536,702.099
final_layernorm,29552,702.75
final_layernorm,29568,703.07
final_layernorm,29584,704.339
final_layernorm,29600,705.011
final_layernorm,29616,704.788
final_layernorm,29632,706.046
final_layernorm,29648,705.31
final_layernorm,29664,705.993
final_layernorm,29680,707.529
final_layernorm,29696,707.102
final_layernorm,29712,708.201
final_layernorm,29728,707.518
final_layernorm,29744,707.529
final_layernorm,29760,709.758
final_layernorm,29776,710.014
final_layernorm,29792,709.875
final_layernorm,29808,710.537
final_layernorm,29824,711.518
final_layernorm,29840,713.022
final_layernorm,29856,711.796
final_layernorm,29872,712.468
final_layernorm,29888,713.534
final_layernorm,29904,713.502
final_layernorm,29920,715.347
final_layernorm,29936,715.326
final_layernorm,29952,714.985
final_layernorm,29968,714.388
final_layernorm,29984,715.977
final_layernorm,30000,716.297
final_layernorm,30016,715.817
final_layernorm,30032,716.98
final_layernorm,30048,717.513
final_layernorm,30064,718.953
final_layernorm,30080,719.017
final_layernorm,30096,719.188
final_layernorm,30112,718.676
final_layernorm,30128,719.145
final_layernorm,30144,720.084
final_layernorm,30160,719.294
final_layernorm,30176,720.916
final_layernorm,30192,721.919
final_layernorm,30208,721.95
final_layernorm,30224,722.079
final_layernorm,30240,722.132
final_layernorm,30256,723.7
final_layernorm,30272,722.452
final_layernorm,30288,725.172
final_layernorm,30304,725.503
final_layernorm,30320,725.225
final_layernorm,30336,725.844
final_layernorm,30352,723.999
final_layernorm,30368,725.769
final_layernorm,30384,725.033
final_layernorm,30400,725.247
final_layernorm,30416,726.954
final_layernorm,30432,726.505
final_layernorm,30448,727.145
final_layernorm,30464,728.063
final_layernorm,30480,725.162
final_layernorm,30496,725.492
final_layernorm,30512,725.577
final_layernorm,30528,726.164
final_layernorm,30544,726.079
final_layernorm,30560,726.644
final_layernorm,30576,727.37
final_layernorm,30592,727.231
final_layernorm,30608,728.372
final_layernorm,30624,729.897
final_layernorm,30640,729.535
final_layernorm,30656,729.609
final_layernorm,30672,730.218
final_layernorm,30688,730.826
final_layernorm,30704,732.17
final_layernorm,30720,731.956
final_layernorm,30736,731.54
final_layernorm,30752,732.159
final_layernorm,30768,731.999
final_layernorm,30784,733.407
final_layernorm,30800,733.397
final_layernorm,30816,734.613
final_layernorm,30832,734.762
final_layernorm,30848,735.508
final_layernorm,30864,735.711
final_layernorm,30880,735.199
final_layernorm,30896,737.033
final_layernorm,30912,738.292
final_layernorm,30928,736.991
final_layernorm,30944,737.354
final_layernorm,30960,738.356
final_layernorm,30976,738.325
final_layernorm,30992,740.319
final_layernorm,31008,740.885
final_layernorm,31024,740.159
final_layernorm,31040,740.362
final_layernorm,31056,742.282
final_layernorm,31072,741.45
final_layernorm,31088,742.08
final_layernorm,31104,742.335
final_layernorm,31120,743.381
final_layernorm,31136,743.455
final_layernorm,31152,744.917
final_layernorm,31168,744.895
final_layernorm,31184,745.812
final_layernorm,31200,745.205
final_layernorm,31216,745.321
final_layernorm,31232,745.599
final_layernorm,31248,746.047
final_layernorm,31264,747.285
final_layernorm,31280,747.679
final_layernorm,31296,747.669
final_layernorm,31312,748.48
final_layernorm,31328,748.789
final_layernorm,31344,748.682
final_layernorm,31360,747.178
final_layernorm,31376,748.97
final_layernorm,31392,749.728
final_layernorm,31408,750.666
final_layernorm,31424,750.858
final_layernorm,31440,750.773
final_layernorm,31456,751.893
final_layernorm,31472,752.405
final_layernorm,31488,750.88
final_layernorm,31504,751.498
final_layernorm,31520,748.512
final_layernorm,31536,749.813
final_layernorm,31552,749.471
final_layernorm,31568,751.445
final_layernorm,31584,751.211
final_layernorm,31600,751.445
final_layernorm,31616,753.354
final_layernorm,31632,753.429
final_layernorm,31648,752.715
final_layernorm,31664,753.951
final_layernorm,31680,753.525
final_layernorm,31696,753.056
final_layernorm,31712,754.933
final_layernorm,31728,754.89
final_layernorm,31744,754.837
final_layernorm,31760,756.181
final_layernorm,31776,755.765
final_layernorm,31792,756.906
final_layernorm,31808,757.899
final_layernorm,31824,758.325
final_layernorm,31840,758.635
final_layernorm,31856,758.485
final_layernorm,31872,760.789
final_layernorm,31888,760.981
final_layernorm,31904,761.184
final_layernorm,31920,761.611
final_layernorm,31936,760.544
final_layernorm,31952,761.482
final_layernorm,31968,762.474
final_layernorm,31984,761.973
final_layernorm,32000,761.878
final_layernorm,32016,763.275
final_layernorm,32032,763.595
final_layernorm,32048,764.566
final_layernorm,32064,764.971
final_layernorm,32080,765.205
final_layernorm,32096,766.102
final_layernorm,32112,767.147
final_layernorm,32128,767.008
final_layernorm,32144,767.541
final_layernorm,32160,768.502
final_layernorm,32176,768.214
final_layernorm,32192,768.629
final_layernorm,32208,769.461
final_layernorm,32224,768.747
final_layernorm,32240,770.059
final_layernorm,32256,770.667
final_layernorm,32272,771.222
final_layernorm,32288,771.339
final_layernorm,32304,772.715
final_layernorm,32320,772.022
final_layernorm,32336,771.489
final_layernorm,32352,773.131
final_layernorm,32368,772.545
final_layernorm,32384,772.043
final_layernorm,32400,772.961
final_layernorm,32416,774.443
final_layernorm,32432,775.03
final_layernorm,32448,774.379
final_layernorm,32464,774.87
final_layernorm,32480,775.958
final_layernorm,32496,776.321
final_layernorm,32512,776.993
final_layernorm,32528,776.96
final_layernorm,32544,777.814
final_layernorm,32560,778.219
final_layernorm,32576,779.894
final_layernorm,32592,778.027
final_layernorm,32608,778.422
final_layernorm,32624,778.902
final_layernorm,32640,779.627
final_layernorm,32656,776.257
final_layernorm,32672,777.153
final_layernorm,32688,776.715
final_layernorm,32704,778.689
final_layernorm,32720,777.899
final_layernorm,32736,778.838
final_layernorm,32752,778.603
final_layernorm,32768,779.99
gate_up_proj,1,38.966
gate_up_proj,2,39.1263
gate_up_proj,3,39.4357
gate_up_proj,4,51.926
gate_up_proj,5,51.9157
gate_up_proj,6,51.8943
gate_up_proj,7,51.9047
gate_up_proj,8,52.2033
gate_up_proj,9,52.1507
gate_up_proj,10,52.182
gate_up_proj,11,52.2147
gate_up_proj,12,52.545
gate_up_proj,13,52.385
gate_up_proj,14,52.3743
gate_up_proj,15,52.833
gate_up_proj,16,52.513
gate_up_proj,20,46.9127
gate_up_proj,24,46.7313
gate_up_proj,28,46.8917
gate_up_proj,32,46.5397
gate_up_proj,36,47.0407
gate_up_proj,40,47.4887
gate_up_proj,44,47.5743
gate_up_proj,48,47.7233
gate_up_proj,52,47.585
gate_up_proj,56,47.745
gate_up_proj,60,48.8117
gate_up_proj,64,47.937
gate_up_proj,80,118.136
gate_up_proj,96,100.599
gate_up_proj,112,83.863
gate_up_proj,128,106.519
gate_up_proj,144,164.942
gate_up_proj,160,165.006
gate_up_proj,176,125.858
gate_up_proj,192,126.125
gate_up_proj,208,126.125
gate_up_proj,224,126.2
gate_up_proj,240,126.285
gate_up_proj,256,126.743
gate_up_proj,272,203.204
gate_up_proj,288,203.332
gate_up_proj,304,203.46
gate_up_proj,320,203.673
gate_up_proj,336,203.684
gate_up_proj,352,203.684
gate_up_proj,368,236.473
gate_up_proj,384,237.669
gate_up_proj,400,288.325
gate_up_proj,416,288.997
gate_up_proj,432,289.232
gate_up_proj,448,289.53
gate_up_proj,464,290.406
gate_up_proj,480,290.469
gate_up_proj,496,291.109
gate_up_proj,512,291.856
gate_up_proj,528,323.899
gate_up_proj,544,324.475
gate_up_proj,560,324.283
gate_up_proj,576,324.635
gate_up_proj,592,324.614
gate_up_proj,608,325.051
gate_up_proj,624,325.137
gate_up_proj,640,325.2
gate_up_proj,656,482.761
gate_up_proj,672,483.166
gate_up_proj,688,483.603
gate_up_proj,704,483.881
gate_up_proj,720,484.051
gate_up_proj,736,484.382
gate_up_proj,752,484.692
gate_up_proj,768,484.467
gate_up_proj,784,483.518
gate_up_proj,800,483.763
gate_up_proj,816,483.774
gate_up_proj,832,484.168
gate_up_proj,848,484.574
gate_up_proj,864,484.595
gate_up_proj,880,484.659
gate_up_proj,896,484.894
gate_up_proj,912,483.689
gate_up_proj,928,483.923
gate_up_proj,944,484.051
gate_up_proj,960,484.851
gate_up_proj,976,484.744
gate_up_proj,992,484.948
gate_up_proj,1008,485.032
gate_up_proj,1024,485.736
gate_up_proj,1040,644.471
gate_up_proj,1056,644.545
gate_up_proj,1072,645.206
gate_up_proj,1088,644.694
gate_up_proj,1104,645.024
gate_up_proj,1120,645.227
gate_up_proj,1136,645.835
gate_up_proj,1152,646.304
gate_up_proj,1168,644.459
gate_up_proj,1184,644.695
gate_up_proj,1200,644.865
gate_up_proj,1216,645.462
gate_up_proj,1232,645.473
gate_up_proj,1248,642.625
gate_up_proj,1264,642.71
gate_up_proj,1280,642.86
gate_up_proj,1296,641.099
gate_up_proj,1312,641.344
gate_up_proj,1328,641.494
gate_up_proj,1344,641.644
gate_up_proj,1360,641.718
gate_up_proj,1376,642.166
gate_up_proj,1392,642.646
gate_up_proj,1408,642.902
gate_up_proj,1424,800.463
gate_up_proj,1440,800.377
gate_up_proj,1456,800.75
gate_up_proj,1472,802.979
gate_up_proj,1488,803.748
gate_up_proj,1504,803.769
gate_up_proj,1520,804.025
gate_up_proj,1536,803.651
gate_up_proj,1552,805.914
gate_up_proj,1568,805.113
gate_up_proj,1584,805.539
gate_up_proj,1600,806.051
gate_up_proj,1616,805.721
gate_up_proj,1632,805.646
gate_up_proj,1648,805.796
gate_up_proj,1664,806.542
gate_up_proj,1680,805.966
gate_up_proj,1696,806.403
gate_up_proj,1712,806.052
gate_up_proj,1728,806.019
gate_up_proj,1744,806.072
gate_up_proj,1760,805.571
gate_up_proj,1776,805.912
gate_up_proj,1792,806.297
gate_up_proj,1808,963.547
gate_up_proj,1824,963.943
gate_up_proj,1840,963.474
gate_up_proj,1856,963.804
gate_up_proj,1872,964.283
gate_up_proj,1888,963.622
gate_up_proj,1904,964.166
gate_up_proj,1920,964.091
gate_up_proj,1936,962.587
gate_up_proj,1952,962.769
gate_up_proj,1968,962.546
gate_up_proj,1984,963.9
gate_up_proj,2000,963.91
gate_up_proj,2016,964.603
gate_up_proj,2032,964.422
gate_up_proj,2048,965.105
gate_up_proj,2064,966.47
gate_up_proj,2080,966.642
gate_up_proj,2096,966.587
gate_up_proj,2112,966.417
gate_up_proj,2128,966.449
gate_up_proj,2144,966.278
gate_up_proj,2160,966.674
gate_up_proj,2176,967.11
gate_up_proj,2192,1123.93
gate_up_proj,2208,1124.23
gate_up_proj,2224,1124.55
gate_up_proj,2240,1124.57
gate_up_proj,2256,1124.92
gate_up_proj,2272,1124.7
gate_up_proj,2288,1125.15
gate_up_proj,2304,1125.89
gate_up_proj,2320,1125.09
gate_up_proj,2336,1125.21
gate_up_proj,2352,1125.5
gate_up_proj,2368,1125.34
gate_up_proj,2384,1125.96
gate_up_proj,2400,1125.68
gate_up_proj,2416,1126.12
gate_up_proj,2432,1125.91
gate_up_proj,2448,1281.27
gate_up_proj,2464,1280.75
gate_up_proj,2480,1281.51
gate_up_proj,2496,1281.92
gate_up_proj,2512,1281.36
gate_up_proj,2528,1283.2
gate_up_proj,2544,1282.42
gate_up_proj,2560,1281.7
gate_up_proj,2576,1287.79
gate_up_proj,2592,1287.73
gate_up_proj,2608,1287.61
gate_up_proj,2624,1287.74
gate_up_proj,2640,1287.34
gate_up_proj,2656,1287.55
gate_up_proj,2672,1287.29
gate_up_proj,2688,1287.78
gate_up_proj,2704,1288.06
gate_up_proj,2720,1287.13
gate_up_proj,2736,1286.76
gate_up_proj,2752,1287.64
gate_up_proj,2768,1287.41
gate_up_proj,2784,1287.53
gate_up_proj,2800,1287.42
gate_up_proj,2816,1287.01
gate_up_proj,2832,1443.94
gate_up_proj,2848,1440.64
gate_up_proj,2864,1442.13
gate_up_proj,2880,1441.57
gate_up_proj,2896,1441.87
gate_up_proj,2912,1442.1
gate_up_proj,2928,1441.9
gate_up_proj,2944,1441.89
gate_up_proj,2960,1443.88
gate_up_proj,2976,1444.55
gate_up_proj,2992,1443.96
gate_up_proj,3008,1444.91
gate_up_proj,3024,1445.23
gate_up_proj,3040,1444.9
gate_up_proj,3056,1445.08
gate_up_proj,3072,1445.81
gate_up_proj,3088,1447.41
gate_up_proj,3104,1447.83
gate_up_proj,3120,1447.23
gate_up_proj,3136,1447.95
gate_up_proj,3152,1447.29
gate_up_proj,3168,1447.09
gate_up_proj,3184,1446.87
gate_up_proj,3200,1446.37
gate_up_proj,3216,1602.32
gate_up_proj,3232,1603.96
gate_up_proj,3248,1602.66
gate_up_proj,3264,1604.12
gate_up_proj,3280,1602.22
gate_up_proj,3296,1602.36
gate_up_proj,3312,1603.27
gate_up_proj,3328,1603.81
gate_up_proj,3344,1605.54
gate_up_proj,3360,1604.86
gate_up_proj,3376,1604.52
gate_up_proj,3392,1605.15
gate_up_proj,3408,1606.41
gate_up_proj,3424,1606.78
gate_up_proj,3440,1605.49
gate_up_proj,3456,1605.31
gate_up_proj,3472,1604.69
gate_up_proj,3488,1605.63
gate_up_proj,3504,1605.22
gate_up_proj,3520,1606.49
gate_up_proj,3536,1606.61
gate_up_proj,3552,1606.04
gate_up_proj,3568,1606.23
gate_up_proj,3584,1605.45
gate_up_proj,3600,1761.01
gate_up_proj,3616,1761.92
gate_up_proj,3632,1762.94
gate_up_proj,3648,1763.71
gate_up_proj,3664,1763.66
gate_up_proj,3680,1761.79
gate_up_proj,3696,1762.49
gate_up_proj,3712,1760.88
gate_up_proj,3728,1761.02
gate_up_proj,3744,1762.6
gate_up_proj,3760,1761.34
gate_up_proj,3776,1761.99
gate_up_proj,3792,1761.95
gate_up_proj,3808,1762.07
gate_up_proj,3824,1761.91
gate_up_proj,3840,1762.5
gate_up_proj,3856,1761.75
gate_up_proj,3872,1764.66
gate_up_proj,3888,1765.56
gate_up_proj,3904,1764.45
gate_up_proj,3920,1764.22
gate_up_proj,3936,1767.61
gate_up_proj,3952,1766.87
gate_up_proj,3968,1767.55
gate_up_proj,3984,1921.53
gate_up_proj,4000,1922.39
gate_up_proj,4016,1922.04
gate_up_proj,4032,1922.07
gate_up_proj,4048,1922.12
gate_up_proj,4064,2013.76
gate_up_proj,4080,1919.93
gate_up_proj,4096,1921.36
gate_up_proj,4112,1925.06
gate_up_proj,4128,1926.8
gate_up_proj,4144,1926.2
gate_up_proj,4160,1925.7
gate_up_proj,4176,1925.22
gate_up_proj,4192,1926.48
gate_up_proj,4208,1926.18
gate_up_proj,4224,1925.85
gate_up_proj,4240,1926.55
gate_up_proj,4256,1925.15
gate_up_proj,4272,1925.39
gate_up_proj,4288,1925.57
gate_up_proj,4304,1927.1
gate_up_proj,4320,1925.84
gate_up_proj,4336,1925.83
gate_up_proj,4352,1925.59
gate_up_proj,4368,2082.58
gate_up_proj,4384,2080.48
gate_up_proj,4400,2080.67
gate_up_proj,4416,2080.57
gate_up_proj,4432,2081.67
gate_up_proj,4448,2084.07
gate_up_proj,4464,2081.69
gate_up_proj,4480,2082.29
gate_up_proj,4496,2084.03
gate_up_proj,4512,2083.88
gate_up_proj,4528,2084.7
gate_up_proj,4544,2082.65
gate_up_proj,4560,2085.1
gate_up_proj,4576,2085.13
gate_up_proj,4592,2083.77
gate_up_proj,4608,2083.28
gate_up_proj,4624,2234.38
gate_up_proj,4640,2235.98
gate_up_proj,4656,2235.41
gate_up_proj,4672,2234.96
gate_up_proj,4688,2237.64
gate_up_proj,4704,2236.59
gate_up_proj,4720,2235.76
gate_up_proj,4736,2235.39
gate_up_proj,4752,2242.06
gate_up_proj,4768,2242.64
gate_up_proj,4784,2242.1
gate_up_proj,4800,2241.4
gate_up_proj,4816,2242.11
gate_up_proj,4832,2242.87
gate_up_proj,4848,2243.43
gate_up_proj,4864,2243.14
gate_up_proj,4880,2246.41
gate_up_proj,4896,2243.75
gate_up_proj,4912,2244.5
gate_up_proj,4928,2243.59
gate_up_proj,4944,2244.45
gate_up_proj,4960,2244.67
gate_up_proj,4976,2245.13
gate_up_proj,4992,2244.2
gate_up_proj,5008,2396.54
gate_up_proj,5024,2396.56
gate_up_proj,5040,2395.64
gate_up_proj,5056,2395.44
gate_up_proj,5072,2395.62
gate_up_proj,5088,2395.36
gate_up_proj,5104,2395.37
gate_up_proj,5120,2396.29
gate_up_proj,5136,2403.48
gate_up_proj,5152,2402.32
gate_up_proj,5168,2404.33
gate_up_proj,5184,2404.97
gate_up_proj,5200,2405.21
gate_up_proj,5216,2404.07
gate_up_proj,5232,2404.25
gate_up_proj,5248,2403.61
gate_up_proj,5264,2403.47
gate_up_proj,5280,2405.12
gate_up_proj,5296,2404.69
gate_up_proj,5312,2404.16
gate_up_proj,5328,2404.97
gate_up_proj,5344,2404.32
gate_up_proj,5360,2405.66
gate_up_proj,5376,2403.03
gate_up_proj,5392,2555.36
gate_up_proj,5408,2553.91
gate_up_proj,5424,2553.37
gate_up_proj,5440,2555.16
gate_up_proj,5456,2557.64
gate_up_proj,5472,2554.39
gate_up_proj,5488,2556.53
gate_up_proj,5504,2555.55
gate_up_proj,5520,2560.8
gate_up_proj,5536,2560.57
gate_up_proj,5552,2562.5
gate_up_proj,5568,2561.57
gate_up_proj,5584,2561.69
gate_up_proj,5600,2561.57
gate_up_proj,5616,2562.25
gate_up_proj,5632,2562.84
gate_up_proj,5648,2563.29
gate_up_proj,5664,2563.12
gate_up_proj,5680,2564.12
gate_up_proj,5696,2563.65
gate_up_proj,5712,2563.82
gate_up_proj,5728,2563.65
gate_up_proj,5744,2563.11
gate_up_proj,5760,2564.59
gate_up_proj,5776,2714.83
gate_up_proj,5792,2714.35
gate_up_proj,5808,2714.72
gate_up_proj,5824,2715.22
gate_up_proj,5840,2716.43
gate_up_proj,5856,2714.02
gate_up_proj,5872,2717.03
gate_up_proj,5888,2716.28
gate_up_proj,5904,2722.57
gate_up_proj,5920,2722.03
gate_up_proj,5936,2721.67
gate_up_proj,5952,2722.87
gate_up_proj,5968,2723.25
gate_up_proj,5984,2722.37
gate_up_proj,6000,2721.67
gate_up_proj,6016,2723.18
gate_up_proj,6032,2721.81
gate_up_proj,6048,2722.47
gate_up_proj,6064,2722.58
gate_up_proj,6080,2722.02
gate_up_proj,6096,2723.17
gate_up_proj,6112,2721.14
gate_up_proj,6128,2722.02
gate_up_proj,6144,2722.95
gate_up_proj,6160,2874.1
gate_up_proj,6176,2874.37
gate_up_proj,6192,2874.42
gate_up_proj,6208,2875.34
gate_up_proj,6224,2873.97
gate_up_proj,6240,2874.43
gate_up_proj,6256,2874.16
gate_up_proj,6272,2874.34
gate_up_proj,6288,2881.52
gate_up_proj,6304,2881.69
gate_up_proj,6320,2881.63
gate_up_proj,6336,2880.99
gate_up_proj,6352,2881.36
gate_up_proj,6368,2881.41
gate_up_proj,6384,2881.8
gate_up_proj,6400,2881.36
gate_up_proj,6416,2883.34
gate_up_proj,6432,2881.92
gate_up_proj,6448,2882.47
gate_up_proj,6464,2880.75
gate_up_proj,6480,2881.68
gate_up_proj,6496,2881.77
gate_up_proj,6512,2881.74
gate_up_proj,6528,2880.69
gate_up_proj,6544,3036.21
gate_up_proj,6560,3032.99
gate_up_proj,6576,3035.41
gate_up_proj,6592,3033.64
gate_up_proj,6608,3036.77
gate_up_proj,6624,3036.81
gate_up_proj,6640,3033.95
gate_up_proj,6656,3035.36
gate_up_proj,6672,3039.5
gate_up_proj,6688,3039.74
gate_up_proj,6704,3039.83
gate_up_proj,6720,3039.52
gate_up_proj,6736,3044.12
gate_up_proj,6752,3039.38
gate_up_proj,6768,3040.06
gate_up_proj,6784,3040.15
gate_up_proj,6800,3186.45
gate_up_proj,6816,3188.78
gate_up_proj,6832,3188.3
gate_up_proj,6848,3189.02
gate_up_proj,6864,3190.47
gate_up_proj,6880,3188.36
gate_up_proj,6896,3187.73
gate_up_proj,6912,3189.21
gate_up_proj,6928,3197.75
gate_up_proj,6944,3197.74
gate_up_proj,6960,3198.85
gate_up_proj,6976,3199.13
gate_up_proj,6992,3200.01
gate_up_proj,7008,3196.68
gate_up_proj,7024,3199.7
gate_up_proj,7040,3199.83
gate_up_proj,7056,3200.32
gate_up_proj,7072,3199.93
gate_up_proj,7088,3200.52
gate_up_proj,7104,3200.1
gate_up_proj,7120,3201.06
gate_up_proj,7136,3199.78
gate_up_proj,7152,3199.9
gate_up_proj,7168,3198.71
gate_up_proj,7184,3347.89
gate_up_proj,7200,3350.34
gate_up_proj,7216,3349.75
gate_up_proj,7232,3350.19
gate_up_proj,7248,3349.4
gate_up_proj,7264,3348
gate_up_proj,7280,3350.72
gate_up_proj,7296,3347.08
gate_up_proj,7312,3356.97
gate_up_proj,7328,3356.44
gate_up_proj,7344,3357.95
gate_up_proj,7360,3358.24
gate_up_proj,7376,3359.48
gate_up_proj,7392,3360.02
gate_up_proj,7408,3358.38
gate_up_proj,7424,3359.76
gate_up_proj,7440,3360.52
gate_up_proj,7456,3359.3
gate_up_proj,7472,3361.73
gate_up_proj,7488,3360.52
gate_up_proj,7504,3359.1
gate_up_proj,7520,3359.58
gate_up_proj,7536,3360.19
gate_up_proj,7552,3359.67
gate_up_proj,7568,3508.6
gate_up_proj,7584,3507.06
gate_up_proj,7600,3509.26
gate_up_proj,7616,3509.03
gate_up_proj,7632,3506.58
gate_up_proj,7648,3508.32
gate_up_proj,7664,3507.56
gate_up_proj,7680,3507.84
gate_up_proj,7696,3518.01
gate_up_proj,7712,3517.91
gate_up_proj,7728,3518.56
gate_up_proj,7744,3517.56
gate_up_proj,7760,3517.1
gate_up_proj,7776,3517.86
gate_up_proj,7792,3516.96
gate_up_proj,7808,3517.29
gate_up_proj,7824,3521.7
gate_up_proj,7840,3519.34
gate_up_proj,7856,3517.97
gate_up_proj,7872,3519.83
gate_up_proj,7888,3519.48
gate_up_proj,7904,3517.79
gate_up_proj,7920,3517.75
gate_up_proj,7936,3516.81
gate_up_proj,7952,3666.75
gate_up_proj,7968,3666.86
gate_up_proj,7984,3667.98
gate_up_proj,8000,3666.39
gate_up_proj,8016,3665.72
gate_up_proj,8032,3666.73
gate_up_proj,8048,3667.64
gate_up_proj,8064,3666.51
gate_up_proj,8080,3677.29
gate_up_proj,8096,3675.27
gate_up_proj,8112,3675.8
gate_up_proj,8128,3677.52
gate_up_proj,8144,3676.94
gate_up_proj,8160,3676.96
gate_up_proj,8176,3674.89
gate_up_proj,8192,3677.41
gate_up_proj,8208,3677.81
gate_up_proj,8224,3677.33
gate_up_proj,8240,3677.53
gate_up_proj,8256,3677.33
gate_up_proj,8272,3680.97
gate_up_proj,8288,3676.93
gate_up_proj,8304,3678.36
gate_up_proj,8320,3678.76
gate_up_proj,8336,3826.36
gate_up_proj,8352,3827.02
gate_up_proj,8368,3827.96
gate_up_proj,8384,3825.79
gate_up_proj,8400,3828.01
gate_up_proj,8416,3826.17
gate_up_proj,8432,3827.91
gate_up_proj,8448,3828.05
gate_up_proj,8464,3836
gate_up_proj,8480,3838.01
gate_up_proj,8496,3836.83
gate_up_proj,8512,3836.08
gate_up_proj,8528,3837.71
gate_up_proj,8544,3836.39
gate_up_proj,8560,3837.18
gate_up_proj,8576,3835.61
gate_up_proj,8592,3838.7
gate_up_proj,8608,3836.99
gate_up_proj,8624,3839.44
gate_up_proj,8640,3836.66
gate_up_proj,8656,3837.06
gate_up_proj,8672,3837.36
gate_up_proj,8688,3837.39
gate_up_proj,8704,3838.36
gate_up_proj,8720,3988.19
gate_up_proj,8736,3987.25
gate_up_proj,8752,3989.3
gate_up_proj,8768,3992.43
gate_up_proj,8784,3988.24
gate_up_proj,8800,3988.34
gate_up_proj,8816,3987.25
gate_up_proj,8832,3989.29
gate_up_proj,8848,3997.47
gate_up_proj,8864,3997.22
gate_up_proj,8880,3996.5
gate_up_proj,8896,3997
gate_up_proj,8912,3995.82
gate_up_proj,8928,3997.05
gate_up_proj,8944,3997.49
gate_up_proj,8960,3995.21
gate_up_proj,8976,4141.98
gate_up_proj,8992,4141.95
gate_up_proj,9008,4141.58
gate_up_proj,9024,4142.79
gate_up_proj,9040,4142.86
gate_up_proj,9056,4141.28
gate_up_proj,9072,4143.49
gate_up_proj,9088,4141.56
gate_up_proj,9104,4146.12
gate_up_proj,9120,4147.96
gate_up_proj,9136,4146.03
gate_up_proj,9152,4145.14
gate_up_proj,9168,4149.06
gate_up_proj,9184,4145.96
gate_up_proj,9200,4147.75
gate_up_proj,9216,4149.13
gate_up_proj,9232,4157.85
gate_up_proj,9248,4158.16
gate_up_proj,9264,4157.62
gate_up_proj,9280,4157.42
gate_up_proj,9296,4158.64
gate_up_proj,9312,4157.37
gate_up_proj,9328,4157.94
gate_up_proj,9344,4156.95
gate_up_proj,9360,4303.7
gate_up_proj,9376,4303.15
gate_up_proj,9392,4302.44
gate_up_proj,9408,4301.85
gate_up_proj,9424,4300.95
gate_up_proj,9440,4301.15
gate_up_proj,9456,4302.84
gate_up_proj,9472,4299.6
gate_up_proj,9488,4313.16
gate_up_proj,9504,4308.63
gate_up_proj,9520,4312.28
gate_up_proj,9536,4311.69
gate_up_proj,9552,4311.21
gate_up_proj,9568,4310.25
gate_up_proj,9584,4308.54
gate_up_proj,9600,4312.14
gate_up_proj,9616,4313.48
gate_up_proj,9632,4313.99
gate_up_proj,9648,4319.84
gate_up_proj,9664,4320.55
gate_up_proj,9680,4320.23
gate_up_proj,9696,4321.94
gate_up_proj,9712,4320.18
gate_up_proj,9728,4322.12
gate_up_proj,9744,4479.67
gate_up_proj,9760,4469.32
gate_up_proj,9776,4469.94
gate_up_proj,9792,4474.89
gate_up_proj,9808,4463.66
gate_up_proj,9824,4477.03
gate_up_proj,9840,4476.61
gate_up_proj,9856,4472.74
gate_up_proj,9872,4476.34
gate_up_proj,9888,4477.12
gate_up_proj,9904,4472.81
gate_up_proj,9920,4474.84
gate_up_proj,9936,4475.77
gate_up_proj,9952,4473.17
gate_up_proj,9968,4472.8
gate_up_proj,9984,4479.16
gate_up_proj,10000,4470.46
gate_up_proj,10016,4470.28
gate_up_proj,10032,4474.49
gate_up_proj,10048,4472.56
gate_up_proj,10064,4478.92
gate_up_proj,10080,4477.68
gate_up_proj,10096,4479.99
gate_up_proj,10112,4479.86
gate_up_proj,10128,4638.06
gate_up_proj,10144,4639.82
gate_up_proj,10160,4634.79
gate_up_proj,10176,4632.75
gate_up_proj,10192,4642.73
gate_up_proj,10208,4627.97
gate_up_proj,10224,4641.79
gate_up_proj,10240,4637.3
gate_up_proj,10256,4641.74
gate_up_proj,10272,4632.67
gate_up_proj,10288,4639.13
gate_up_proj,10304,4639.08
gate_up_proj,10320,4638.69
gate_up_proj,10336,4637.54
gate_up_proj,10352,4632.73
gate_up_proj,10368,4632.94
gate_up_proj,10384,4633.82
gate_up_proj,10400,4634.97
gate_up_proj,10416,4635.46
gate_up_proj,10432,4636.04
gate_up_proj,10448,4636.38
gate_up_proj,10464,4634.66
gate_up_proj,10480,4635.34
gate_up_proj,10496,4634.46
gate_up_proj,10512,4779.33
gate_up_proj,10528,4781.4
gate_up_proj,10544,4781.21
gate_up_proj,10560,4779.45
gate_up_proj,10576,4780.29
gate_up_proj,10592,4780.89
gate_up_proj,10608,4801.54
gate_up_proj,10624,4794.09
gate_up_proj,10640,4800.08
gate_up_proj,10656,4796.81
gate_up_proj,10672,4801.7
gate_up_proj,10688,4802.76
gate_up_proj,10704,4798.88
gate_up_proj,10720,4799.38
gate_up_proj,10736,4796.96
gate_up_proj,10752,4803.4
gate_up_proj,10768,4801.1
gate_up_proj,10784,4802.73
gate_up_proj,10800,4802.38
gate_up_proj,10816,4946.03
gate_up_proj,10832,4943.28
gate_up_proj,10848,4946.02
gate_up_proj,10864,4945.5
gate_up_proj,10880,4934.01
gate_up_proj,10896,4940.01
gate_up_proj,10912,4940
gate_up_proj,10928,4944.96
gate_up_proj,10944,4939.77
gate_up_proj,10960,4940.04
gate_up_proj,10976,4945.51
gate_up_proj,10992,4938.6
gate_up_proj,11008,4945.94
gate_up_proj,11024,5082.82
gate_up_proj,11040,5083.12
gate_up_proj,11056,5083.43
gate_up_proj,11072,5083.82
gate_up_proj,11088,5084.07
gate_up_proj,11104,5083.7
gate_up_proj,11120,5081.4
gate_up_proj,11136,5082.95
gate_up_proj,11152,5082.17
gate_up_proj,11168,5082.4
gate_up_proj,11184,5083.09
gate_up_proj,11200,5091.86
gate_up_proj,11216,5092.6
gate_up_proj,11232,5092.44
gate_up_proj,11248,5091.27
gate_up_proj,11264,5091.74
gate_up_proj,11280,5117.52
gate_up_proj,11296,5113.31
gate_up_proj,11312,5110.66
gate_up_proj,11328,5112.76
gate_up_proj,11344,5118.06
gate_up_proj,11360,5115.18
gate_up_proj,11376,5119.25
gate_up_proj,11392,5112.93
gate_up_proj,11408,5113.14
gate_up_proj,11424,5113.68
gate_up_proj,11440,5120.13
gate_up_proj,11456,5118.9
gate_up_proj,11472,5119.32
gate_up_proj,11488,5120.78
gate_up_proj,11504,5119.05
gate_up_proj,11520,5119.04
gate_up_proj,11536,5258.65
gate_up_proj,11552,5256.31
gate_up_proj,11568,5259.56
gate_up_proj,11584,5257.74
gate_up_proj,11600,5263.72
gate_up_proj,11616,5259.28
gate_up_proj,11632,5259.29
gate_up_proj,11648,5256.81
gate_up_proj,11664,5267.83
gate_up_proj,11680,5280.35
gate_up_proj,11696,5280.61
gate_up_proj,11712,5277.16
gate_up_proj,11728,5279.59
gate_up_proj,11744,5281.04
gate_up_proj,11760,5279.28
gate_up_proj,11776,5281.62
gate_up_proj,11792,5279.55
gate_up_proj,11808,5273.78
gate_up_proj,11824,5277.74
gate_up_proj,11840,5277.05
gate_up_proj,11856,5269.39
gate_up_proj,11872,5278.74
gate_up_proj,11888,5281.15
gate_up_proj,11904,5274.16
gate_up_proj,11920,5413.11
gate_up_proj,11936,5414.62
gate_up_proj,11952,5428.61
gate_up_proj,11968,4744.61
gate_up_proj,11984,4734.23
gate_up_proj,12000,4743.05
gate_up_proj,12016,4749.04
gate_up_proj,12032,4745.97
gate_up_proj,12048,4750.62
gate_up_proj,12064,5424
gate_up_proj,12080,5434.69
gate_up_proj,12096,5436.26
gate_up_proj,12112,5439.15
gate_up_proj,12128,5388.25
gate_up_proj,12144,5385.08
gate_up_proj,12160,5385.23
gate_up_proj,12176,5381.47
gate_up_proj,12192,5384.31
gate_up_proj,12208,5429.77
gate_up_proj,12224,5342.45
gate_up_proj,12240,5334.53
gate_up_proj,12256,5343.84
gate_up_proj,12272,5333.71
gate_up_proj,12288,5340.47
gate_up_proj,12304,5591.55
gate_up_proj,12320,5585.34
gate_up_proj,12336,5442.06
gate_up_proj,12352,5432.22
gate_up_proj,12368,5451.68
gate_up_proj,12384,5395.24
gate_up_proj,12400,5392.16
gate_up_proj,12416,5390.07
gate_up_proj,12432,5412.36
gate_up_proj,12448,5408.74
gate_up_proj,12464,5584.61
gate_up_proj,12480,5414.88
gate_up_proj,12496,5409.86
gate_up_proj,12512,5363.86
gate_up_proj,12528,5346.73
gate_up_proj,12544,5349.26
gate_up_proj,12560,5482.37
gate_up_proj,12576,5725.61
gate_up_proj,12592,5438.62
gate_up_proj,12608,5436.34
gate_up_proj,12624,5436.73
gate_up_proj,12640,5435.2
gate_up_proj,12656,5392.44
gate_up_proj,12672,5388.8
gate_up_proj,12688,5391.59
gate_up_proj,12704,5391.02
gate_up_proj,12720,5390.68
gate_up_proj,12736,5687.26
gate_up_proj,12752,5721.79
gate_up_proj,12768,5391.16
gate_up_proj,12784,5391.15
gate_up_proj,12800,5391.3
gate_up_proj,12816,5407.25
gate_up_proj,12832,5364.48
gate_up_proj,12848,5364.26
gate_up_proj,12864,5366.21
gate_up_proj,12880,5386.33
gate_up_proj,12896,5343.82
gate_up_proj,12912,5337.76
gate_up_proj,12928,5337.8
gate_up_proj,12944,5342.14
gate_up_proj,12960,5340.69
gate_up_proj,12976,5755.73
gate_up_proj,12992,5351.38
gate_up_proj,13008,5350.03
gate_up_proj,13024,5304.32
gate_up_proj,13040,5300.65
gate_up_proj,13056,5300.73
gate_up_proj,13072,5452.56
gate_up_proj,13088,5441.91
gate_up_proj,13104,5290.4
gate_up_proj,13120,5288
gate_up_proj,13136,5291.11
gate_up_proj,13152,5243.91
gate_up_proj,13168,5233
gate_up_proj,13184,5236.71
gate_up_proj,13200,5237.44
gate_up_proj,13216,5234.63
gate_up_proj,13232,5762.77
gate_up_proj,13248,5902.08
gate_up_proj,13264,5276.26
gate_up_proj,13280,5196.44
gate_up_proj,13296,5199.7
gate_up_proj,13312,5198.39
gate_up_proj,13328,5305.43
gate_up_proj,13344,5500.69
gate_up_proj,13360,6044.98
gate_up_proj,13376,5307.54
gate_up_proj,13392,5270.36
gate_up_proj,13408,5310.97
gate_up_proj,13424,5309.25
gate_up_proj,13440,5307.27
gate_up_proj,13456,5336.07
gate_up_proj,13472,5340.25
gate_up_proj,13488,5324.97
gate_up_proj,13504,5343.48
gate_up_proj,13520,5322.39
gate_up_proj,13536,5339.28
gate_up_proj,13552,5315.29
gate_up_proj,13568,5334.94
gate_up_proj,13584,5346.99
gate_up_proj,13600,5343.07
gate_up_proj,13616,5345.97
gate_up_proj,13632,5343.28
gate_up_proj,13648,5345.32
gate_up_proj,13664,5331.14
gate_up_proj,13680,5332.34
gate_up_proj,13696,5342.37
gate_up_proj,13712,5454.36
gate_up_proj,13728,5452.45
gate_up_proj,13744,5452.69
gate_up_proj,13760,5450.08
gate_up_proj,13776,5453.03
gate_up_proj,13792,5454.49
gate_up_proj,13808,5453.49
gate_up_proj,13824,5455.78
gate_up_proj,13840,5480.89
gate_up_proj,13856,5478.2
gate_up_proj,13872,5466.89
gate_up_proj,13888,5477.35
gate_up_proj,13904,5475.02
gate_up_proj,13920,5470.21
gate_up_proj,13936,5478.14
gate_up_proj,13952,5480.62
gate_up_proj,13968,5487.22
gate_up_proj,13984,5480.27
gate_up_proj,14000,5487.78
gate_up_proj,14016,5489.75
gate_up_proj,14032,5488.2
gate_up_proj,14048,5487.65
gate_up_proj,14064,5489.22
gate_up_proj,14080,5486.19
gate_up_proj,14096,5598.72
gate_up_proj,14112,5596.6
gate_up_proj,14128,5598.09
gate_up_proj,14144,5606.58
gate_up_proj,14160,5603.81
gate_up_proj,14176,5620.89
gate_up_proj,14192,5612.58
gate_up_proj,14208,5594.38
gate_up_proj,14224,5614.79
gate_up_proj,14240,5612.58
gate_up_proj,14256,5621.72
gate_up_proj,14272,5623.66
gate_up_proj,14288,5624.99
gate_up_proj,14304,5623.76
gate_up_proj,14320,5625.05
gate_up_proj,14336,5628.16
gate_up_proj,14352,5616.48
gate_up_proj,14368,5615.26
gate_up_proj,14384,5616.64
gate_up_proj,14400,5622.96
gate_up_proj,14416,5619.48
gate_up_proj,14432,5621.12
gate_up_proj,14448,5617.26
gate_up_proj,14464,5621.03
gate_up_proj,14480,5735.86
gate_up_proj,14496,5746.61
gate_up_proj,14512,5737.43
gate_up_proj,14528,5749.35
gate_up_proj,14544,5738.57
gate_up_proj,14560,5736.2
gate_up_proj,14576,5740.85
gate_up_proj,14592,5741.06
gate_up_proj,14608,5762.45
gate_up_proj,14624,5767.42
gate_up_proj,14640,5761.94
gate_up_proj,14656,5761.17
gate_up_proj,14672,5756.72
gate_up_proj,14688,5764.02
gate_up_proj,14704,5759.53
gate_up_proj,14720,5755.62
gate_up_proj,14736,5764.5
gate_up_proj,14752,5755.12
gate_up_proj,14768,5758.07
gate_up_proj,14784,5751.65
gate_up_proj,14800,5751.64
gate_up_proj,14816,5766.44
gate_up_proj,14832,5756.7
gate_up_proj,14848,5759.52
gate_up_proj,14864,5902.04
gate_up_proj,14880,5882.25
gate_up_proj,14896,5888.52
gate_up_proj,14912,5893.28
gate_up_proj,14928,5906.56
gate_up_proj,14944,5879.39
gate_up_proj,14960,5887.07
gate_up_proj,14976,5876.4
gate_up_proj,14992,5904.28
gate_up_proj,15008,5910.06
gate_up_proj,15024,5900.53
gate_up_proj,15040,5905.97
gate_up_proj,15056,5903.58
gate_up_proj,15072,5907.81
gate_up_proj,15088,5902.83
gate_up_proj,15104,5905.74
gate_up_proj,15120,5902.28
gate_up_proj,15136,5897.31
gate_up_proj,15152,5897.07
gate_up_proj,15168,5897.58
gate_up_proj,15184,5907.35
gate_up_proj,15200,5908.93
gate_up_proj,15216,5912.07
gate_up_proj,15232,5899.08
gate_up_proj,15248,6035.46
gate_up_proj,15264,6045.09
gate_up_proj,15280,6043.85
gate_up_proj,15296,6036
gate_up_proj,15312,6025.87
gate_up_proj,15328,6047.76
gate_up_proj,15344,6045.34
gate_up_proj,15360,6024.71
gate_up_proj,15376,6032.38
gate_up_proj,15392,6037.31
gate_up_proj,15408,6040.09
gate_up_proj,15424,6028.29
gate_up_proj,15440,6033.97
gate_up_proj,15456,6039.15
gate_up_proj,15472,6040.32
gate_up_proj,15488,6037.67
gate_up_proj,15504,6141.25
gate_up_proj,15520,6142.59
gate_up_proj,15536,6140.97
gate_up_proj,15552,6140.81
gate_up_proj,15568,6137.69
gate_up_proj,15584,6145.06
gate_up_proj,15600,6140.8
gate_up_proj,15616,6146.46
gate_up_proj,15632,6185.02
gate_up_proj,15648,6182.22
gate_up_proj,15664,6167.88
gate_up_proj,15680,6166.99
gate_up_proj,15696,6169.89
gate_up_proj,15712,6159.62
gate_up_proj,15728,6145.25
gate_up_proj,15744,6163.4
gate_up_proj,15760,6174.85
gate_up_proj,15776,6171.71
gate_up_proj,15792,6172.71
gate_up_proj,15808,6170.79
gate_up_proj,15824,6169.22
gate_up_proj,15840,6168.66
gate_up_proj,15856,6166.55
gate_up_proj,15872,6177.08
gate_up_proj,15888,6292.89
gate_up_proj,15904,6290.9
gate_up_proj,15920,6291.62
gate_up_proj,15936,6300.7
gate_up_proj,15952,6284.84
gate_up_proj,15968,6288.89
gate_up_proj,15984,6292.97
gate_up_proj,16000,6289.08
gate_up_proj,16016,6319.04
gate_up_proj,16032,6325.75
gate_up_proj,16048,6326.89
gate_up_proj,16064,6320.95
gate_up_proj,16080,6321.18
gate_up_proj,16096,6322.87
gate_up_proj,16112,6314.85
gate_up_proj,16128,6327.73
gate_up_proj,16144,6340.89
gate_up_proj,16160,6313.37
gate_up_proj,16176,6310.85
gate_up_proj,16192,6320.64
gate_up_proj,16208,6316.67
gate_up_proj,16224,6315.49
gate_up_proj,16240,6321.56
gate_up_proj,16256,6323.04
gate_up_proj,16272,6431.29
gate_up_proj,16288,6440.27
gate_up_proj,16304,6443.76
gate_up_proj,16320,6427.22
gate_up_proj,16336,6444.01
gate_up_proj,16352,6436.59
gate_up_proj,16368,6429.8
gate_up_proj,16384,6441.54
gate_up_proj,16400,6456.18
gate_up_proj,16416,6460.38
gate_up_proj,16432,6460.91
gate_up_proj,16448,6461.87
gate_up_proj,16464,6454.16
gate_up_proj,16480,6461.39
gate_up_proj,16496,6462.54
gate_up_proj,16512,6462.27
gate_up_proj,16528,6453.49
gate_up_proj,16544,6454.36
gate_up_proj,16560,6471
gate_up_proj,16576,6485.82
gate_up_proj,16592,6452.97
gate_up_proj,16608,6455.17
gate_up_proj,16624,6457.8
gate_up_proj,16640,6450.26
gate_up_proj,16656,6561.82
gate_up_proj,16672,6566.54
gate_up_proj,16688,6571.3
gate_up_proj,16704,6577.85
gate_up_proj,16720,6569.64
gate_up_proj,16736,6586.2
gate_up_proj,16752,6572.19
gate_up_proj,16768,6578.47
gate_up_proj,16784,6595.67
gate_up_proj,16800,6596.56
gate_up_proj,16816,6595.93
gate_up_proj,16832,6600.29
gate_up_proj,16848,6593.41
gate_up_proj,16864,6599.08
gate_up_proj,16880,6616.41
gate_up_proj,16896,6620.52
gate_up_proj,16912,6584.34
gate_up_proj,16928,6617.03
gate_up_proj,16944,6612.75
gate_up_proj,16960,6601.65
gate_up_proj,16976,6602.39
gate_up_proj,16992,6597.6
gate_up_proj,17008,6607.8
gate_up_proj,17024,6597.02
gate_up_proj,17040,6725.96
gate_up_proj,17056,6766.42
gate_up_proj,17072,6744.44
gate_up_proj,17088,6740.4
gate_up_proj,17104,6718.01
gate_up_proj,17120,6727.96
gate_up_proj,17136,6757.96
gate_up_proj,17152,6732.49
gate_up_proj,17168,6778.09
gate_up_proj,17184,6732.33
gate_up_proj,17200,6733.65
gate_up_proj,17216,6764.41
gate_up_proj,17232,6728.06
gate_up_proj,17248,6741.34
gate_up_proj,17264,6737.1
gate_up_proj,17280,6743.3
gate_up_proj,17296,6735.6
gate_up_proj,17312,6770.71
gate_up_proj,17328,6796.82
gate_up_proj,17344,6778.52
gate_up_proj,17360,6735.41
gate_up_proj,17376,6698.34
gate_up_proj,17392,6700.01
gate_up_proj,17408,6698.95
gate_up_proj,17424,6824.22
gate_up_proj,17440,6841.94
gate_up_proj,17456,6822.46
gate_up_proj,17472,6824.12
gate_up_proj,17488,6825.35
gate_up_proj,17504,6814.21
gate_up_proj,17520,6848.42
gate_up_proj,17536,6826.45
gate_up_proj,17552,6833.74
gate_up_proj,17568,6841.52
gate_up_proj,17584,6848
gate_up_proj,17600,6847.22
gate_up_proj,17616,6835.2
gate_up_proj,17632,6835.85
gate_up_proj,17648,6834.75
gate_up_proj,17664,6831.38
gate_up_proj,17680,6947.2
gate_up_proj,17696,6947.31
gate_up_proj,17712,6936.96
gate_up_proj,17728,6929.38
gate_up_proj,17744,6945.98
gate_up_proj,17760,6923.16
gate_up_proj,17776,6927.36
gate_up_proj,17792,6945.28
gate_up_proj,17808,6972.78
gate_up_proj,17824,6958.73
gate_up_proj,17840,6956.07
gate_up_proj,17856,6948.07
gate_up_proj,17872,6958.88
gate_up_proj,17888,6956.74
gate_up_proj,17904,6964.77
gate_up_proj,17920,6948.44
gate_up_proj,17936,6978.95
gate_up_proj,17952,6980.26
gate_up_proj,17968,6968.88
gate_up_proj,17984,6997.4
gate_up_proj,18000,6989.47
gate_up_proj,18016,6962.26
gate_up_proj,18032,6955.68
gate_up_proj,18048,6978.58
gate_up_proj,18064,7080.71
gate_up_proj,18080,7085.73
gate_up_proj,18096,7085.33
gate_up_proj,18112,7127.93
gate_up_proj,18128,7085.34
gate_up_proj,18144,7091.1
gate_up_proj,18160,7095
gate_up_proj,18176,7085.71
gate_up_proj,18192,7105
gate_up_proj,18208,7102.6
gate_up_proj,18224,7104.32
gate_up_proj,18240,7114.06
gate_up_proj,18256,7092.67
gate_up_proj,18272,7118.3
gate_up_proj,18288,7157.44
gate_up_proj,18304,7133.65
gate_up_proj,18320,7142.07
gate_up_proj,18336,7154.26
gate_up_proj,18352,7155.66
gate_up_proj,18368,7140.94
gate_up_proj,18384,7152.1
gate_up_proj,18400,7114.77
gate_up_proj,18416,7106.37
gate_up_proj,18432,7105.23
gate_up_proj,18448,7254.49
gate_up_proj,18464,7240.33
gate_up_proj,18480,7260.63
gate_up_proj,18496,7288.31
gate_up_proj,18512,7241.79
gate_up_proj,18528,7258.57
gate_up_proj,18544,7254.56
gate_up_proj,18560,7246.39
gate_up_proj,18576,7253.69
gate_up_proj,18592,7307
gate_up_proj,18608,7256.84
gate_up_proj,18624,7274.37
gate_up_proj,18640,7259.84
gate_up_proj,18656,7266.02
gate_up_proj,18672,7248.32
gate_up_proj,18688,7256.43
gate_up_proj,18704,7269.93
gate_up_proj,18720,7298.52
gate_up_proj,18736,7243.54
gate_up_proj,18752,7250.3
gate_up_proj,18768,7277.38
gate_up_proj,18784,7244.08
gate_up_proj,18800,7254.83
gate_up_proj,18816,7312.5
gate_up_proj,18832,7423.31
gate_up_proj,18848,7424.85
gate_up_proj,18864,7385.05
gate_up_proj,18880,7398.84
gate_up_proj,18896,7373.04
gate_up_proj,18912,7381.61
gate_up_proj,18928,7382.85
gate_up_proj,18944,7395.04
gate_up_proj,18960,7387.31
gate_up_proj,18976,7398.23
gate_up_proj,18992,7404.28
gate_up_proj,19008,7415.49
gate_up_proj,19024,7422.92
gate_up_proj,19040,7404.45
gate_up_proj,19056,7433.85
gate_up_proj,19072,7382.04
gate_up_proj,19088,7417.25
gate_up_proj,19104,7417.62
gate_up_proj,19120,7403.76
gate_up_proj,19136,7424.68
gate_up_proj,19152,7433.02
gate_up_proj,19168,7448.85
gate_up_proj,19184,7422.56
gate_up_proj,19200,7382.77
gate_up_proj,19216,7518.69
gate_up_proj,19232,7525.06
gate_up_proj,19248,7566.99
gate_up_proj,19264,7537.22
gate_up_proj,19280,7526.84
gate_up_proj,19296,7548.5
gate_up_proj,19312,7533.62
gate_up_proj,19328,7524
gate_up_proj,19344,7532.66
gate_up_proj,19360,7557.12
gate_up_proj,19376,7547.95
gate_up_proj,19392,7545.68
gate_up_proj,19408,7568.22
gate_up_proj,19424,7556.26
gate_up_proj,19440,7560.31
gate_up_proj,19456,7533.74
gate_up_proj,19472,7547.72
gate_up_proj,19488,7586.37
gate_up_proj,19504,7571.32
gate_up_proj,19520,7580.45
gate_up_proj,19536,7562.99
gate_up_proj,19552,7536.68
gate_up_proj,19568,7590.46
gate_up_proj,19584,7570.09
gate_up_proj,19600,7659.74
gate_up_proj,19616,7690.62
gate_up_proj,19632,7693.99
gate_up_proj,19648,7702.85
gate_up_proj,19664,7683.87
gate_up_proj,19680,7704.19
gate_up_proj,19696,7668.36
gate_up_proj,19712,7695.48
gate_up_proj,19728,7704.58
gate_up_proj,19744,7696.27
gate_up_proj,19760,7724.09
gate_up_proj,19776,7676.07
gate_up_proj,19792,7700.76
gate_up_proj,19808,7710.25
gate_up_proj,19824,7714.68
gate_up_proj,19840,7699.46
gate_up_proj,19856,7806.8
gate_up_proj,19872,7831.82
gate_up_proj,19888,7789.52
gate_up_proj,19904,7826.55
gate_up_proj,19920,7793.39
gate_up_proj,19936,7801.83
gate_up_proj,19952,7804.65
gate_up_proj,19968,7821.46
gate_up_proj,19984,7838.76
gate_up_proj,20000,7834.6
gate_up_proj,20016,7822.41
gate_up_proj,20032,7836.23
gate_up_proj,20048,7819.71
gate_up_proj,20064,7817.78
gate_up_proj,20080,7828.22
gate_up_proj,20096,7838.77
gate_up_proj,20112,7859.81
gate_up_proj,20128,7857.73
gate_up_proj,20144,7832.09
gate_up_proj,20160,7842.76
gate_up_proj,20176,7833.95
gate_up_proj,20192,7836.27
gate_up_proj,20208,7861.08
gate_up_proj,20224,7812.25
gate_up_proj,20240,7969.5
gate_up_proj,20256,7974.92
gate_up_proj,20272,7960
gate_up_proj,20288,7953.39
gate_up_proj,20304,7925.72
gate_up_proj,20320,7956.3
gate_up_proj,20336,7970.25
gate_up_proj,20352,7925.86
gate_up_proj,20368,7977.97
gate_up_proj,20384,7962.82
gate_up_proj,20400,7995.67
gate_up_proj,20416,7966
gate_up_proj,20432,7959.93
gate_up_proj,20448,7973.89
gate_up_proj,20464,7998.6
gate_up_proj,20480,7981.13
gate_up_proj,20496,8012.42
gate_up_proj,20512,7981.3
gate_up_proj,20528,8002.68
gate_up_proj,20544,8000.47
gate_up_proj,20560,8002.61
gate_up_proj,20576,7991.84
gate_up_proj,20592,8004.23
gate_up_proj,20608,8005.01
gate_up_proj,20624,8113.11
gate_up_proj,20640,8072.79
gate_up_proj,20656,8104.54
gate_up_proj,20672,8078.68
gate_up_proj,20688,8105.16
gate_up_proj,20704,8110.29
gate_up_proj,20720,8116.15
gate_up_proj,20736,8082.96
gate_up_proj,20752,8117.08
gate_up_proj,20768,8147.21
gate_up_proj,20784,8128.39
gate_up_proj,20800,8102.22
gate_up_proj,20816,8097.85
gate_up_proj,20832,8110.12
gate_up_proj,20848,8130.66
gate_up_proj,20864,8103.41
gate_up_proj,20880,8106.39
gate_up_proj,20896,8131.45
gate_up_proj,20912,8093.77
gate_up_proj,20928,8140.3
gate_up_proj,20944,8110.38
gate_up_proj,20960,8131.52
gate_up_proj,20976,8129.68
gate_up_proj,20992,8114.71
gate_up_proj,21008,8209
gate_up_proj,21024,8251
gate_up_proj,21040,8261.53
gate_up_proj,21056,8245.28
gate_up_proj,21072,8226.02
gate_up_proj,21088,8251.31
gate_up_proj,21104,8260.19
gate_up_proj,21120,8211.65
gate_up_proj,21136,8255.05
gate_up_proj,21152,8277.33
gate_up_proj,21168,8244.02
gate_up_proj,21184,8227.48
gate_up_proj,21200,8246.76
gate_up_proj,21216,8268.97
gate_up_proj,21232,8272.84
gate_up_proj,21248,8260.03
gate_up_proj,21264,8251.77
gate_up_proj,21280,8271.62
gate_up_proj,21296,8268.28
gate_up_proj,21312,8282.18
gate_up_proj,21328,8257.54
gate_up_proj,21344,8291.16
gate_up_proj,21360,8263.29
gate_up_proj,21376,8254.23
gate_up_proj,21392,8407.3
gate_up_proj,21408,8401.24
gate_up_proj,21424,8399.3
gate_up_proj,21440,8408.27
gate_up_proj,21456,8406.76
gate_up_proj,21472,8399.33
gate_up_proj,21488,8401.01
gate_up_proj,21504,8403.59
gate_up_proj,21520,8428.61
gate_up_proj,21536,8415.56
gate_up_proj,21552,8415.2
gate_up_proj,21568,8419.9
gate_up_proj,21584,8414.08
gate_up_proj,21600,8417.83
gate_up_proj,21616,8421.07
gate_up_proj,21632,8418.61
gate_up_proj,21648,8420.14
gate_up_proj,21664,8422.5
gate_up_proj,21680,8448.12
gate_up_proj,21696,8420.79
gate_up_proj,21712,8424.92
gate_up_proj,21728,8540.56
gate_up_proj,21744,8438.04
gate_up_proj,21760,8419.23
gate_up_proj,21776,8566.21
gate_up_proj,21792,8587.88
gate_up_proj,21808,8557.12
gate_up_proj,21824,8531.09
gate_up_proj,21840,8548.79
gate_up_proj,21856,8499.74
gate_up_proj,21872,8530.22
gate_up_proj,21888,8515.21
gate_up_proj,21904,8548.3
gate_up_proj,21920,8582.04
gate_up_proj,21936,8549.76
gate_up_proj,21952,8545.79
gate_up_proj,21968,8557.06
gate_up_proj,21984,8583.66
gate_up_proj,22000,8545.27
gate_up_proj,22016,8527.79
gate_up_proj,22032,8646.69
gate_up_proj,22048,8639.59
gate_up_proj,22064,8648.72
gate_up_proj,22080,8643.54
gate_up_proj,22096,8664.18
gate_up_proj,22112,8665.05
gate_up_proj,22128,8662.8
gate_up_proj,22144,8655.93
gate_up_proj,22160,8695.75
gate_up_proj,22176,8717.47
gate_up_proj,22192,8729.81
gate_up_proj,22208,8715.56
gate_up_proj,22224,8694.05
gate_up_proj,22240,8723.7
gate_up_proj,22256,8671.47
gate_up_proj,22272,8692.76
gate_up_proj,22288,8683.93
gate_up_proj,22304,8740.73
gate_up_proj,22320,8694.15
gate_up_proj,22336,8695.89
gate_up_proj,22352,8721.75
gate_up_proj,22368,8664.47
gate_up_proj,22384,8685.28
gate_up_proj,22400,8696.21
gate_up_proj,22416,8813.46
gate_up_proj,22432,8812.52
gate_up_proj,22448,8847.32
gate_up_proj,22464,8847.54
gate_up_proj,22480,8795.58
gate_up_proj,22496,8784.01
gate_up_proj,22512,8836.05
gate_up_proj,22528,8798.7
gate_up_proj,22544,8813.17
gate_up_proj,22560,8823.29
gate_up_proj,22576,8824.86
gate_up_proj,22592,8867.58
gate_up_proj,22608,8886.03
gate_up_proj,22624,8828.44
gate_up_proj,22640,8818.83
gate_up_proj,22656,8825.6
gate_up_proj,22672,8886.21
gate_up_proj,22688,8831.08
gate_up_proj,22704,8837.83
gate_up_proj,22720,8837.75
gate_up_proj,22736,8867.73
gate_up_proj,22752,8824.31
gate_up_proj,22768,8826.28
gate_up_proj,22784,8848.48
gate_up_proj,22800,8933.89
gate_up_proj,22816,8939.03
gate_up_proj,22832,8952.06
gate_up_proj,22848,8958.24
gate_up_proj,22864,8977.24
gate_up_proj,22880,8965.84
gate_up_proj,22896,8980.32
gate_up_proj,22912,8942.59
gate_up_proj,22928,8954.94
gate_up_proj,22944,9019.61
gate_up_proj,22960,9048.12
gate_up_proj,22976,8978.44
gate_up_proj,22992,8967.33
gate_up_proj,23008,8996.48
gate_up_proj,23024,8973.49
gate_up_proj,23040,8965.14
gate_up_proj,23056,8976.78
gate_up_proj,23072,8998.24
gate_up_proj,23088,8963.22
gate_up_proj,23104,9008.82
gate_up_proj,23120,9037.9
gate_up_proj,23136,9048.14
gate_up_proj,23152,8978.26
gate_up_proj,23168,8968.49
gate_up_proj,23184,9084.93
gate_up_proj,23200,9113.35
gate_up_proj,23216,9124.15
gate_up_proj,23232,9117.42
gate_up_proj,23248,9111.3
gate_up_proj,23264,9086.65
gate_up_proj,23280,9113.15
gate_up_proj,23296,9079.98
gate_up_proj,23312,9097.76
gate_up_proj,23328,9165.63
gate_up_proj,23344,9100.63
gate_up_proj,23360,9171.11
gate_up_proj,23376,9099.94
gate_up_proj,23392,9150.32
gate_up_proj,23408,9126
gate_up_proj,23424,9107.32
gate_up_proj,23440,9156.31
gate_up_proj,23456,9152.93
gate_up_proj,23472,9099.3
gate_up_proj,23488,9121.28
gate_up_proj,23504,9142.04
gate_up_proj,23520,9113.25
gate_up_proj,23536,9114.19
gate_up_proj,23552,9133.55
gate_up_proj,23568,9282.6
gate_up_proj,23584,9231.05
gate_up_proj,23600,9278.93
gate_up_proj,23616,9290.79
gate_up_proj,23632,9252.75
gate_up_proj,23648,9286.01
gate_up_proj,23664,9291.6
gate_up_proj,23680,9229.72
gate_up_proj,23696,9277.78
gate_up_proj,23712,9324.55
gate_up_proj,23728,9267.98
gate_up_proj,23744,9270.58
gate_up_proj,23760,9282.91
gate_up_proj,23776,9282.31
gate_up_proj,23792,9306.09
gate_up_proj,23808,9272.62
gate_up_proj,23824,9271.45
gate_up_proj,23840,9263.87
gate_up_proj,23856,9262.34
gate_up_proj,23872,9285.01
gate_up_proj,23888,9304.31
gate_up_proj,23904,9312.86
gate_up_proj,23920,9342.72
gate_up_proj,23936,9276.7
gate_up_proj,23952,9416.07
gate_up_proj,23968,9417.08
gate_up_proj,23984,9422.96
gate_up_proj,24000,9433.81
gate_up_proj,24016,9415.93
gate_up_proj,24032,9471.85
gate_up_proj,24048,9416.44
gate_up_proj,24064,9406
gate_up_proj,24080,9457.42
gate_up_proj,24096,9469.78
gate_up_proj,24112,9457.7
gate_up_proj,24128,9468.41
gate_up_proj,24144,9426.75
gate_up_proj,24160,9462.05
gate_up_proj,24176,9421.64
gate_up_proj,24192,9420.15
gate_up_proj,24208,9561.37
gate_up_proj,24224,9540.37
gate_up_proj,24240,9544.02
gate_up_proj,24256,9521.13
gate_up_proj,24272,9549.04
gate_up_proj,24288,9546.29
gate_up_proj,24304,9511.78
gate_up_proj,24320,9527.54
gate_up_proj,24336,9539.3
gate_up_proj,24352,9588.66
gate_up_proj,24368,9581.56
gate_up_proj,24384,9589.32
gate_up_proj,24400,9573.7
gate_up_proj,24416,9565
gate_up_proj,24432,9584.21
gate_up_proj,24448,9556.33
gate_up_proj,24464,9619.62
gate_up_proj,24480,9613.17
gate_up_proj,24496,9595.17
gate_up_proj,24512,9609.29
gate_up_proj,24528,9592.35
gate_up_proj,24544,9586.7
gate_up_proj,24560,9597.6
gate_up_proj,24576,9579.69
gate_up_proj,24592,9690.97
gate_up_proj,24608,9691.04
gate_up_proj,24624,9693.74
gate_up_proj,24640,9779.2
gate_up_proj,24656,9695.79
gate_up_proj,24672,9711.84
gate_up_proj,24688,9695.1
gate_up_proj,24704,9681.07
gate_up_proj,24720,9751.9
gate_up_proj,24736,9733.63
gate_up_proj,24752,9705.48
gate_up_proj,24768,9725.28
gate_up_proj,24784,9726
gate_up_proj,24800,9733.98
gate_up_proj,24816,9762.46
gate_up_proj,24832,9684.8
gate_up_proj,24848,9729.85
gate_up_proj,24864,9730.41
gate_up_proj,24880,9756.83
gate_up_proj,24896,9751.45
gate_up_proj,24912,9740.9
gate_up_proj,24928,9719.48
gate_up_proj,24944,9758.53
gate_up_proj,24960,9682.07
gate_up_proj,24976,9841.22
gate_up_proj,24992,9858.05
gate_up_proj,25008,9843.84
gate_up_proj,25024,9850.57
gate_up_proj,25040,9827.68
gate_up_proj,25056,9877.35
gate_up_proj,25072,9856.08
gate_up_proj,25088,9813.15
gate_up_proj,25104,9895.97
gate_up_proj,25120,9881.26
gate_up_proj,25136,9857.85
gate_up_proj,25152,9897.39
gate_up_proj,25168,9854.3
gate_up_proj,25184,9862.56
gate_up_proj,25200,9887.23
gate_up_proj,25216,9864.83
gate_up_proj,25232,9899.38
gate_up_proj,25248,9888.51
gate_up_proj,25264,9860
gate_up_proj,25280,9889.21
gate_up_proj,25296,9916.48
gate_up_proj,25312,9897.35
gate_up_proj,25328,9905.8
gate_up_proj,25344,9881.64
gate_up_proj,25360,10012.7
gate_up_proj,25376,9991.01
gate_up_proj,25392,9975.11
gate_up_proj,25408,10006.5
gate_up_proj,25424,10017.2
gate_up_proj,25440,9998.95
gate_up_proj,25456,9996.82
gate_up_proj,25472,9985.16
gate_up_proj,25488,10015.2
gate_up_proj,25504,10016.1
gate_up_proj,25520,10024.3
gate_up_proj,25536,10068.4
gate_up_proj,25552,9982.87
gate_up_proj,25568,10004
gate_up_proj,25584,10043.2
gate_up_proj,25600,9978.05
gate_up_proj,25616,10041
gate_up_proj,25632,10049.9
gate_up_proj,25648,10026.1
gate_up_proj,25664,10049.2
gate_up_proj,25680,10018.6
gate_up_proj,25696,10004.9
gate_up_proj,25712,10032.5
gate_up_proj,25728,10020.9
gate_up_proj,25744,10160.5
gate_up_proj,25760,10229.7
gate_up_proj,25776,10168.2
gate_up_proj,25792,10152.6
gate_up_proj,25808,10127.7
gate_up_proj,25824,10147.6
gate_up_proj,25840,10146
gate_up_proj,25856,10108.6
gate_up_proj,25872,10192.5
gate_up_proj,25888,10246.6
gate_up_proj,25904,10236
gate_up_proj,25920,10202.3
gate_up_proj,25936,10195.4
gate_up_proj,25952,10135.5
gate_up_proj,25968,10171.7
gate_up_proj,25984,10110.8
gate_up_proj,26000,10197.4
gate_up_proj,26016,10177.5
gate_up_proj,26032,10196.3
gate_up_proj,26048,10184.6
gate_up_proj,26064,10214.3
gate_up_proj,26080,10196.8
gate_up_proj,26096,10185.1
gate_up_proj,26112,10211.9
gate_up_proj,26128,10320.8
gate_up_proj,26144,10330.9
gate_up_proj,26160,10317
gate_up_proj,26176,10309.2
gate_up_proj,26192,10294.7
gate_up_proj,26208,10360.2
gate_up_proj,26224,10334.9
gate_up_proj,26240,10287.1
gate_up_proj,26256,10314.7
gate_up_proj,26272,10351.9
gate_up_proj,26288,10315.7
gate_up_proj,26304,10391.2
gate_up_proj,26320,10330.2
gate_up_proj,26336,10331.7
gate_up_proj,26352,10348
gate_up_proj,26368,10274.9
gate_up_proj,26384,10442.4
gate_up_proj,26400,10443
gate_up_proj,26416,10410
gate_up_proj,26432,10450.5
gate_up_proj,26448,10430.7
gate_up_proj,26464,10417.2
gate_up_proj,26480,10439.5
gate_up_proj,26496,10376.9
gate_up_proj,26512,10500.3
gate_up_proj,26528,10441.9
gate_up_proj,26544,10505.1
gate_up_proj,26560,10484.5
gate_up_proj,26576,10466.3
gate_up_proj,26592,10472.4
gate_up_proj,26608,10498.4
gate_up_proj,26624,10395.5
gate_up_proj,26640,10480.6
gate_up_proj,26656,10491.4
gate_up_proj,26672,10455.2
gate_up_proj,26688,10517.5
gate_up_proj,26704,10476.8
gate_up_proj,26720,10516.3
gate_up_proj,26736,10506
gate_up_proj,26752,10421.8
gate_up_proj,26768,10562.9
gate_up_proj,26784,10604.2
gate_up_proj,26800,10558.5
gate_up_proj,26816,10637.6
gate_up_proj,26832,10586.5
gate_up_proj,26848,10606.7
gate_up_proj,26864,10602.6
gate_up_proj,26880,10514.4
gate_up_proj,26896,10611.7
gate_up_proj,26912,10656.8
gate_up_proj,26928,10620.9
gate_up_proj,26944,10662.1
gate_up_proj,26960,10618.5
gate_up_proj,26976,10643.5
gate_up_proj,26992,10627.2
gate_up_proj,27008,10572.9
gate_up_proj,27024,10616.3
gate_up_proj,27040,10660.5
gate_up_proj,27056,10619.5
gate_up_proj,27072,10648.1
gate_up_proj,27088,10646.8
gate_up_proj,27104,10669.8
gate_up_proj,27120,10651.9
gate_up_proj,27136,10603
gate_up_proj,27152,10725.2
gate_up_proj,27168,10789.1
gate_up_proj,27184,10770.3
gate_up_proj,27200,10783.5
gate_up_proj,27216,10725.1
gate_up_proj,27232,10750.8
gate_up_proj,27248,10763.5
gate_up_proj,27264,10688.9
gate_up_proj,27280,10792.4
gate_up_proj,27296,10848.7
gate_up_proj,27312,10814.2
gate_up_proj,27328,10771.5
gate_up_proj,27344,10768.9
gate_up_proj,27360,10783.7
gate_up_proj,27376,10787.4
gate_up_proj,27392,10724.6
gate_up_proj,27408,10792.7
gate_up_proj,27424,10803.5
gate_up_proj,27440,10810.6
gate_up_proj,27456,10849.3
gate_up_proj,27472,10815.6
gate_up_proj,27488,10749.5
gate_up_proj,27504,10755.8
gate_up_proj,27520,10729.2
gate_up_proj,27536,10899.3
gate_up_proj,27552,10879.1
gate_up_proj,27568,10842.9
gate_up_proj,27584,10848.9
gate_up_proj,27600,10929.5
gate_up_proj,27616,10959.7
gate_up_proj,27632,10881.7
gate_up_proj,27648,10871.4
gate_up_proj,27664,10984
gate_up_proj,27680,10937.4
gate_up_proj,27696,10976.7
gate_up_proj,27712,10932.2
gate_up_proj,27728,10908.5
gate_up_proj,27744,10962.6
gate_up_proj,27760,10973.2
gate_up_proj,27776,10876
gate_up_proj,27792,10950.3
gate_up_proj,27808,10984.6
gate_up_proj,27824,10909.7
gate_up_proj,27840,10946.5
gate_up_proj,27856,11024.2
gate_up_proj,27872,11041.4
gate_up_proj,27888,10975.1
gate_up_proj,27904,10935.5
gate_up_proj,27920,11032.3
gate_up_proj,27936,11043.6
gate_up_proj,27952,11088.2
gate_up_proj,27968,11087.8
gate_up_proj,27984,11088.9
gate_up_proj,28000,11028
gate_up_proj,28016,11130.2
gate_up_proj,28032,11051.4
gate_up_proj,28048,11098.4
gate_up_proj,28064,11161.8
gate_up_proj,28080,11071
gate_up_proj,28096,11132.9
gate_up_proj,28112,11027.6
gate_up_proj,28128,11129.8
gate_up_proj,28144,11103.4
gate_up_proj,28160,11010.6
gate_up_proj,28176,11030
gate_up_proj,28192,11112.4
gate_up_proj,28208,11117.9
gate_up_proj,28224,11073.2
gate_up_proj,28240,11073.5
gate_up_proj,28256,11145.3
gate_up_proj,28272,11180.8
gate_up_proj,28288,10991.1
gate_up_proj,28304,11247.1
gate_up_proj,28320,11299.7
gate_up_proj,28336,11156.9
gate_up_proj,28352,11291
gate_up_proj,28368,11187.7
gate_up_proj,28384,11288.6
gate_up_proj,28400,11172.5
gate_up_proj,28416,11175.1
gate_up_proj,28432,11175.7
gate_up_proj,28448,11293.7
gate_up_proj,28464,11185.3
gate_up_proj,28480,11217.4
gate_up_proj,28496,11307.9
gate_up_proj,28512,11311.8
gate_up_proj,28528,11261.6
gate_up_proj,28544,11240.5
gate_up_proj,28560,11317.6
gate_up_proj,28576,11383.2
gate_up_proj,28592,11268.2
gate_up_proj,28608,11260.7
gate_up_proj,28624,11266.9
gate_up_proj,28640,11424.3
gate_up_proj,28656,11391.3
gate_up_proj,28672,11173.5
gate_up_proj,28688,11267.8
gate_up_proj,28704,11341.3
gate_up_proj,28720,11426
gate_up_proj,28736,11434.2
gate_up_proj,28752,11392.6
gate_up_proj,28768,11317.4
gate_up_proj,28784,11372.5
gate_up_proj,28800,11252.9
gate_up_proj,28816,11430.3
gate_up_proj,28832,11352.1
gate_up_proj,28848,11434.7
gate_up_proj,28864,11462.3
gate_up_proj,28880,11411.6
gate_up_proj,28896,11439.5
gate_up_proj,28912,11346.9
gate_up_proj,28928,11324.2
gate_up_proj,28944,11529.7
gate_up_proj,28960,11568.8
gate_up_proj,28976,11537.8
gate_up_proj,28992,11500.4
gate_up_proj,29008,11447.8
gate_up_proj,29024,11559.8
gate_up_proj,29040,11530.6
gate_up_proj,29056,11446.9
gate_up_proj,29072,11491.9
gate_up_proj,29088,11490.4
gate_up_proj,29104,11578.2
gate_up_proj,29120,11610.8
gate_up_proj,29136,11463.1
gate_up_proj,29152,11616.4
gate_up_proj,29168,11600
gate_up_proj,29184,11437.7
gate_up_proj,29200,11586.1
gate_up_proj,29216,11609.9
gate_up_proj,29232,11464.8
gate_up_proj,29248,11523.6
gate_up_proj,29264,11557
gate_up_proj,29280,11618.7
gate_up_proj,29296,11553.3
gate_up_proj,29312,11418.6
gate_up_proj,29328,11651.9
gate_up_proj,29344,11656
gate_up_proj,29360,11677.5
gate_up_proj,29376,11606.5
gate_up_proj,29392,11681
gate_up_proj,29408,11712.7
gate_up_proj,29424,11631.3
gate_up_proj,29440,11570.8
gate_up_proj,29456,11667.7
gate_up_proj,29472,11698.1
gate_up_proj,29488,11650
gate_up_proj,29504,11758.2
gate_up_proj,29520,11749.8
gate_up_proj,29536,11673.2
gate_up_proj,29552,11666.6
gate_up_proj,29568,11672.4
gate_up_proj,29584,11745.8
gate_up_proj,29600,11741.7
gate_up_proj,29616,11723.9
gate_up_proj,29632,11603.8
gate_up_proj,29648,11735.2
gate_up_proj,29664,11715
gate_up_proj,29680,11699.6
gate_up_proj,29696,11659
gate_up_proj,29712,11766.5
gate_up_proj,29728,11834.7
gate_up_proj,29744,11843.9
gate_up_proj,29760,11787.2
gate_up_proj,29776,11767.3
gate_up_proj,29792,11847.1
gate_up_proj,29808,11784
gate_up_proj,29824,11712
gate_up_proj,29840,11771.5
gate_up_proj,29856,11885
gate_up_proj,29872,11833.3
gate_up_proj,29888,11880.7
gate_up_proj,29904,11819.3
gate_up_proj,29920,11892.9
gate_up_proj,29936,11898.5
gate_up_proj,29952,11779.1
gate_up_proj,29968,11875.5
gate_up_proj,29984,11808.2
gate_up_proj,30000,11890.3
gate_up_proj,30016,11817
gate_up_proj,30032,11878.9
gate_up_proj,30048,11857.5
gate_up_proj,30064,11884.5
gate_up_proj,30080,11781.6
gate_up_proj,30096,11959.6
gate_up_proj,30112,11971.6
gate_up_proj,30128,11953.8
gate_up_proj,30144,11979.4
gate_up_proj,30160,11973
gate_up_proj,30176,11955.2
gate_up_proj,30192,11954.5
gate_up_proj,30208,11924.3
gate_up_proj,30224,12034.6
gate_up_proj,30240,11987
gate_up_proj,30256,11989.6
gate_up_proj,30272,12030.6
gate_up_proj,30288,12032
gate_up_proj,30304,12029.8
gate_up_proj,30320,12031.6
gate_up_proj,30336,11935.3
gate_up_proj,30352,12042
gate_up_proj,30368,12035.2
gate_up_proj,30384,11995
gate_up_proj,30400,12021.1
gate_up_proj,30416,12020
gate_up_proj,30432,11972.4
gate_up_proj,30448,11980.9
gate_up_proj,30464,11951.6
gate_up_proj,30480,12022
gate_up_proj,30496,12201.4
gate_up_proj,30512,12239.5
gate_up_proj,30528,12153.4
gate_up_proj,30544,12217.1
gate_up_proj,30560,12208.4
gate_up_proj,30576,12194.2
gate_up_proj,30592,12060.5
gate_up_proj,30608,12196.5
gate_up_proj,30624,12227.9
gate_up_proj,30640,12190.7
gate_up_proj,30656,12266.4
gate_up_proj,30672,12207.1
gate_up_proj,30688,12230.1
gate_up_proj,30704,12177.8
gate_up_proj,30720,12079.9
gate_up_proj,30736,12352.2
gate_up_proj,30752,12335.2
gate_up_proj,30768,12343.9
gate_up_proj,30784,12266.2
gate_up_proj,30800,12306
gate_up_proj,30816,12330.2
gate_up_proj,30832,12337.4
gate_up_proj,30848,12203.7
gate_up_proj,30864,12385.7
gate_up_proj,30880,12332
gate_up_proj,30896,12370.5
gate_up_proj,30912,12331.1
gate_up_proj,30928,12353.3
gate_up_proj,30944,12359.6
gate_up_proj,30960,12318.5
gate_up_proj,30976,12229.2
gate_up_proj,30992,12447.3
gate_up_proj,31008,12399.5
gate_up_proj,31024,12352
gate_up_proj,31040,12373.3
gate_up_proj,31056,12357.6
gate_up_proj,31072,12386.7
gate_up_proj,31088,12341.9
gate_up_proj,31104,12290.1
gate_up_proj,31120,12488.7
gate_up_proj,31136,12484
gate_up_proj,31152,12493.6
gate_up_proj,31168,12465.6
gate_up_proj,31184,12416.3
gate_up_proj,31200,12479.8
gate_up_proj,31216,12446
gate_up_proj,31232,12356.3
gate_up_proj,31248,12536.7
gate_up_proj,31264,12509.6
gate_up_proj,31280,12514.5
gate_up_proj,31296,12486.3
gate_up_proj,31312,12523.5
gate_up_proj,31328,12544.5
gate_up_proj,31344,12493.4
gate_up_proj,31360,12352.4
gate_up_proj,31376,12476.5
gate_up_proj,31392,12546.6
gate_up_proj,31408,12554.3
gate_up_proj,31424,12522.5
gate_up_proj,31440,12554
gate_up_proj,31456,12550.9
gate_up_proj,31472,12509.3
gate_up_proj,31488,12415.1
gate_up_proj,31504,12661.5
gate_up_proj,31520,12658.7
gate_up_proj,31536,12663.9
gate_up_proj,31552,12595.6
gate_up_proj,31568,12620.6
gate_up_proj,31584,12651.2
gate_up_proj,31600,12569.9
gate_up_proj,31616,12515.5
gate_up_proj,31632,12667.3
gate_up_proj,31648,12665.1
gate_up_proj,31664,12680.4
gate_up_proj,31680,12652.8
gate_up_proj,31696,12660.1
gate_up_proj,31712,12654.9
gate_up_proj,31728,12635.2
gate_up_proj,31744,12545.4
gate_up_proj,31760,12690.7
gate_up_proj,31776,12677
gate_up_proj,31792,12692.4
gate_up_proj,31808,12680.7
gate_up_proj,31824,12669.8
gate_up_proj,31840,12650.7
gate_up_proj,31856,12635.4
gate_up_proj,31872,12565.6
gate_up_proj,31888,12800.6
gate_up_proj,31904,12818.9
gate_up_proj,31920,12792.1
gate_up_proj,31936,12740
gate_up_proj,31952,12780.4
gate_up_proj,31968,12793.2
gate_up_proj,31984,12774.9
gate_up_proj,32000,12608.7
gate_up_proj,32016,12837.2
gate_up_proj,32032,12810.5
gate_up_proj,32048,12825.5
gate_up_proj,32064,12781.6
gate_up_proj,32080,12819.7
gate_up_proj,32096,12824.2
gate_up_proj,32112,12787
gate_up_proj,32128,12674.9
gate_up_proj,32144,12826.5
gate_up_proj,32160,12831.8
gate_up_proj,32176,12822.2
gate_up_proj,32192,12799.5
gate_up_proj,32208,12851.2
gate_up_proj,32224,12840.4
gate_up_proj,32240,12803
gate_up_proj,32256,12709.7
gate_up_proj,32272,12921.5
gate_up_proj,32288,12972.2
gate_up_proj,32304,12936.9
gate_up_proj,32320,12902.4
gate_up_proj,32336,12909.5
gate_up_proj,32352,12929.1
gate_up_proj,32368,12926.2
gate_up_proj,32384,12810.6
gate_up_proj,32400,12965.7
gate_up_proj,32416,12959.5
gate_up_proj,32432,12884.5
gate_up_proj,32448,12946.6
gate_up_proj,32464,12976.7
gate_up_proj,32480,12959.3
gate_up_proj,32496,12952.1
gate_up_proj,32512,12862.4
gate_up_proj,32528,12977.9
gate_up_proj,32544,12974.4
gate_up_proj,32560,12980.2
gate_up_proj,32576,12949.6
gate_up_proj,32592,12996.5
gate_up_proj,32608,12986.3
gate_up_proj,32624,12988.9
gate_up_proj,32640,12881
gate_up_proj,32656,13074.2
gate_up_proj,32672,13086.6
gate_up_proj,32688,13074.9
gate_up_proj,32704,13027.1
gate_up_proj,32720,13019.1
gate_up_proj,32736,13111
gate_up_proj,32752,13086.6
gate_up_proj,32768,12952.3
layernorm,1,2.60267
layernorm,2,2.58667
layernorm,3,2.60783
layernorm,4,2.64533
layernorm,5,2.608
layernorm,6,2.61333
layernorm,7,2.59733
layernorm,8,2.62433
layernorm,9,2.6295
layernorm,10,2.6455
layernorm,11,2.64533
layernorm,12,2.672
layernorm,13,2.64
layernorm,14,2.65583
layernorm,15,2.66683
layernorm,16,2.68267
layernorm,20,2.71467
layernorm,24,2.7895
layernorm,28,2.832
layernorm,32,2.8745
layernorm,36,2.92283
layernorm,40,2.94933
layernorm,44,3.00267
layernorm,48,3.04533
layernorm,52,3.07733
layernorm,56,3.16783
layernorm,60,3.22117
layernorm,64,3.23733
layernorm,80,3.84567
layernorm,96,3.97317
layernorm,112,3.99467
layernorm,128,4.08517
layernorm,144,4.70933
layernorm,160,4.763
layernorm,176,4.89617
layernorm,192,4.95483
layernorm,208,5.66417
layernorm,224,5.5735
layernorm,240,5.66917
layernorm,256,4.19183
layernorm,272,4.18667
layernorm,288,4.4535
layernorm,304,4.49067
layernorm,320,4.56033
layernorm,336,4.66667
layernorm,352,5.32833
layernorm,368,4.9175
layernorm,384,5.019
layernorm,400,5.05083
layernorm,416,5.98933
layernorm,432,6.39467
layernorm,448,6.54417
layernorm,464,6.68283
layernorm,480,6.86967
layernorm,496,7.00267
layernorm,512,6.9015
layernorm,528,7.51483
layernorm,544,7.79783
layernorm,560,8.10167
layernorm,576,8.08
layernorm,592,9.29083
layernorm,608,9.55733
layernorm,624,9.61633
layernorm,640,9.61067
layernorm,656,9.39733
layernorm,672,9.7335
layernorm,688,9.73883
layernorm,704,10.1497
layernorm,720,10.448
layernorm,736,10.8428
layernorm,752,10.933
layernorm,768,11.2855
layernorm,784,12.1175
layernorm,800,12.1175
layernorm,816,12.6773
layernorm,832,13.2373
layernorm,848,13.84
layernorm,864,14.2777
layernorm,880,14.5387
layernorm,896,14.9868
layernorm,912,14.6722
layernorm,928,14.683
layernorm,944,15.2107
layernorm,960,15.7603
layernorm,976,16.0002
layernorm,992,16.016
layernorm,1008,16.2565
layernorm,1024,16.816
layernorm,1040,16.9227
layernorm,1056,17.328
layernorm,1072,17.7975
layernorm,1088,18.1548
layernorm,1104,18.4427
layernorm,1120,18.7413
layernorm,1136,19.2003
layernorm,1152,19.6802
layernorm,1168,19.9198
layernorm,1184,20.5333
layernorm,1200,20.8587
layernorm,1216,21.323
layernorm,1232,21.6483
layernorm,1248,22.1655
layernorm,1264,22.5122
layernorm,1280,22.7307
layernorm,1296,23.1308
layernorm,1312,23.643
layernorm,1328,23.7977
layernorm,1344,24.4217
layernorm,1360,24.7947
layernorm,1376,25.243
layernorm,1392,25.6855
layernorm,1408,26.2723
layernorm,1424,26.5977
layernorm,1440,26.9175
layernorm,1456,27.243
layernorm,1472,27.7815
layernorm,1488,28.1177
layernorm,1504,28.3578
layernorm,1520,28.875
layernorm,1536,29.094
layernorm,1552,29.835
layernorm,1568,30.1122
layernorm,1584,30.3733
layernorm,1600,30.6187
layernorm,1616,31.0242
layernorm,1632,31.2855
layernorm,1648,31.371
layernorm,1664,32.0215
layernorm,1680,32.3473
layernorm,1696,32.731
layernorm,1712,32.9813
layernorm,1728,33.243
layernorm,1744,33.7497
layernorm,1760,33.9365
layernorm,1776,34.1445
layernorm,1792,34.6133
layernorm,1808,34.9767
layernorm,1824,35.0402
layernorm,1840,35.4028
layernorm,1856,35.7708
layernorm,1872,35.9257
layernorm,1888,36.1975
layernorm,1904,36.4697
layernorm,1920,36.7522
layernorm,1936,36.939
layernorm,1952,37.2268
layernorm,1968,37.7282
layernorm,1984,38.1233
layernorm,2000,38.5282
layernorm,2016,38.4537
layernorm,2032,38.8323
layernorm,2048,39.3338
layernorm,2064,39.5632
layernorm,2080,39.6165
layernorm,2096,40.2138
layernorm,2112,40.3418
layernorm,2128,40.843
layernorm,2144,40.9285
layernorm,2160,41.3657
layernorm,2176,41.6643
layernorm,2192,40.2828
layernorm,2208,40.4752
layernorm,2224,40.8753
layernorm,2240,41.1363
layernorm,2256,41.4457
layernorm,2272,41.7392
layernorm,2288,42.2938
layernorm,2304,42.6462
layernorm,2320,42.8538
layernorm,2336,43.2592
layernorm,2352,43.1955
layernorm,2368,44.0057
layernorm,2384,43.9737
layernorm,2400,44.4378
layernorm,2416,44.6883
layernorm,2432,44.955
layernorm,2448,45.2912
layernorm,2464,45.5255
layernorm,2480,46.059
layernorm,2496,46.3682
layernorm,2512,46.4698
layernorm,2528,47.1417
layernorm,2544,47.2112
layernorm,2560,47.5148
layernorm,2576,48.2032
layernorm,2592,48.1872
layernorm,2608,48.6458
layernorm,2624,48.8165
layernorm,2640,49.5525
layernorm,2656,49.6967
layernorm,2672,50.3473
layernorm,2688,50.2673
layernorm,2704,50.7738
layernorm,2720,51.0033
layernorm,2736,51.483
layernorm,2752,51.9628
layernorm,2768,52.0058
layernorm,2784,52.427
layernorm,2800,52.5498
layernorm,2816,52.9232
layernorm,2832,53.2698
layernorm,2848,53.6007
layernorm,2864,54.3578
layernorm,2880,54.262
layernorm,2896,54.4912
layernorm,2912,54.4327
layernorm,2928,55.1098
layernorm,2944,55.2858
layernorm,2960,55.5898
layernorm,2976,55.8032
layernorm,2992,56.2247
layernorm,3008,56.3583
layernorm,3024,56.8538
layernorm,3040,57.0353
layernorm,3056,57.3233
layernorm,3072,58.0165
layernorm,3088,57.9045
layernorm,3104,58.4538
layernorm,3120,58.726
layernorm,3136,59.1685
layernorm,3152,59.0672
layernorm,3168,59.5632
layernorm,3184,59.953
layernorm,3200,60.1177
layernorm,3216,59.238
layernorm,3232,59.6488
layernorm,3248,59.8355
layernorm,3264,60.2142
layernorm,3280,60.3953
layernorm,3296,60.518
layernorm,3312,60.9127
layernorm,3328,61.2115
layernorm,3344,61.2807
layernorm,3360,61.5688
layernorm,3376,61.8942
layernorm,3392,62.0862
layernorm,3408,62.299
layernorm,3424,62.6887
layernorm,3440,63.0567
layernorm,3456,63.4832
layernorm,3472,63.7077
layernorm,3488,64.0277
layernorm,3504,64.374
layernorm,3520,64.7582
layernorm,3536,64.9553
layernorm,3552,65.4037
layernorm,3568,65.8195
layernorm,3584,66.3312
layernorm,3600,66.2782
layernorm,3616,66.8165
layernorm,3632,67.1797
layernorm,3648,67.3555
layernorm,3664,67.8088
layernorm,3680,68.054
layernorm,3696,68.3902
layernorm,3712,68.8437
layernorm,3728,68.9823
layernorm,3744,69.1898
layernorm,3760,69.8033
layernorm,3776,70.2513
layernorm,3792,70.5073
layernorm,3808,70.8755
layernorm,3824,71.1793
layernorm,3840,71.6275
layernorm,3856,71.9525
layernorm,3872,71.2917
layernorm,3888,71.6433
layernorm,3904,72.0278
layernorm,3920,72.0325
layernorm,3936,72.4968
layernorm,3952,72.6357
layernorm,3968,73.1955
layernorm,3984,73.3557
layernorm,4000,73.7555
layernorm,4016,73.9955
layernorm,4032,74.1075
layernorm,4048,74.3688
layernorm,4064,74.7637
layernorm,4080,75.158
layernorm,4096,75.2807
layernorm,4112,75.5475
layernorm,4128,75.6485
layernorm,4144,76.5555
layernorm,4160,76.4702
layernorm,4176,76.9823
layernorm,4192,77.5797
layernorm,4208,77.665
layernorm,4224,78.8222
layernorm,4240,78.4383
layernorm,4256,78.833
layernorm,4272,79.7877
layernorm,4288,79.4145
layernorm,4304,79.937
layernorm,4320,79.9103
layernorm,4336,80.2465
layernorm,4352,80.7587
layernorm,4368,80.4755
layernorm,4384,81.0302
layernorm,4400,81.1102
layernorm,4416,81.6862
layernorm,4432,81.633
layernorm,4448,82.278
layernorm,4464,82.7102
layernorm,4480,82.5608
layernorm,4496,83.2653
layernorm,4512,82.8493
layernorm,4528,83.505
layernorm,4544,84.3798
layernorm,4560,83.814
layernorm,4576,84.2142
layernorm,4592,85.2543
layernorm,4608,84.8862
layernorm,4624,85.2813
layernorm,4640,85.5157
layernorm,4656,85.7665
layernorm,4672,86.4863
layernorm,4688,86.0915
layernorm,4704,87.0575
layernorm,4720,87.329
layernorm,4736,87.0997
layernorm,4752,88.0173
layernorm,4768,88.1183
layernorm,4784,88.561
layernorm,4800,89.0412
layernorm,4816,89.1582
layernorm,4832,89.2812
layernorm,4848,89.7985
layernorm,4864,90.5397
layernorm,4880,89.9692
layernorm,4896,90.6783
layernorm,4912,90.7638
layernorm,4928,90.977
layernorm,4944,92.0385
layernorm,4960,91.6332
layernorm,4976,92.2467
layernorm,4992,92.9662
layernorm,5008,91.8412
layernorm,5024,92.385
layernorm,5040,93.1427
layernorm,5056,92.5825
layernorm,5072,93.7877
layernorm,5088,93.7183
layernorm,5104,93.6597
layernorm,5120,94.7957
layernorm,5136,94.0757
layernorm,5152,95.4893
layernorm,5168,96.9078
layernorm,5184,95.7503
layernorm,5200,96.6465
layernorm,5216,97.0785
layernorm,5232,97.484
layernorm,5248,98.129
layernorm,5264,97.9587
layernorm,5280,98.0065
layernorm,5296,98.5027
layernorm,5312,98.748
layernorm,5328,99.3718
layernorm,5344,99.3242
layernorm,5360,99.228
layernorm,5376,99.9053
layernorm,5392,99.6065
layernorm,5408,100.172
layernorm,5424,99.8518
layernorm,5440,100.732
layernorm,5456,100.337
layernorm,5472,101.026
layernorm,5488,101.249
layernorm,5504,101.959
layernorm,5520,101.959
layernorm,5536,102.172
layernorm,5552,102.657
layernorm,5568,102.588
layernorm,5584,103.015
layernorm,5600,103.132
layernorm,5616,103.82
layernorm,5632,103.671
layernorm,5648,105.282
layernorm,5664,105.1
layernorm,5680,105.569
layernorm,5696,105.825
layernorm,5712,105.943
layernorm,5728,106.337
layernorm,5744,106.993
layernorm,5760,106.78
layernorm,5776,107.82
layernorm,5792,107.628
layernorm,5808,108.118
layernorm,5824,108.172
layernorm,5840,108.503
layernorm,5856,108.86
layernorm,5872,108.743
layernorm,5888,109.298
layernorm,5904,109.436
layernorm,5920,109.692
layernorm,5936,110.257
layernorm,5952,109.926
layernorm,5968,110.833
layernorm,5984,111.105
layernorm,6000,111.35
layernorm,6016,110.876
layernorm,6032,111.559
layernorm,6048,111.202
layernorm,6064,111.751
layernorm,6080,111.601
layernorm,6096,112.727
layernorm,6112,112.732
layernorm,6128,112.721
layernorm,6144,113.623
layernorm,6160,113.996
layernorm,6176,113.959
layernorm,6192,114.988
layernorm,6208,114.578
layernorm,6224,115.623
layernorm,6240,115.756
layernorm,6256,115.804
layernorm,6272,116.386
layernorm,6288,116.604
layernorm,6304,117.298
layernorm,6320,117.276
layernorm,6336,117.217
layernorm,6352,118.337
layernorm,6368,118.129
layernorm,6384,117.745
layernorm,6400,119.25
layernorm,6416,119.01
layernorm,6432,119.479
layernorm,6448,119.362
layernorm,6464,119.825
layernorm,6480,120.503
layernorm,6496,120.855
layernorm,6512,121.324
layernorm,6528,121.191
layernorm,6544,121.228
layernorm,6560,120.988
layernorm,6576,121.1
layernorm,6592,121.879
layernorm,6608,121.585
layernorm,6624,122.514
layernorm,6640,122.684
layernorm,6656,122.636
layernorm,6672,123.324
layernorm,6688,124.156
layernorm,6704,124.018
layernorm,6720,124.194
layernorm,6736,124.434
layernorm,6752,124.642
layernorm,6768,125.041
layernorm,6784,125.868
layernorm,6800,126.327
layernorm,6816,126.914
layernorm,6832,126.759
layernorm,6848,127.719
layernorm,6864,127.127
layernorm,6880,127.863
layernorm,6896,127.799
layernorm,6912,128.306
layernorm,6928,128.055
layernorm,6944,129.388
layernorm,6960,128.626
layernorm,6976,129.463
layernorm,6992,129.906
layernorm,7008,129.879
layernorm,7024,129.895
layernorm,7040,131.052
layernorm,7056,129.655
layernorm,7072,131.052
layernorm,7088,130.978
layernorm,7104,131.154
layernorm,7120,131.191
layernorm,7136,131.074
layernorm,7152,131.292
layernorm,7168,131.997
layernorm,7184,134.946
layernorm,7200,132.109
layernorm,7216,132.343
layernorm,7232,132.407
layernorm,7248,133.602
layernorm,7264,133.175
layernorm,7280,133.298
layernorm,7296,134.396
layernorm,7312,134.146
layernorm,7328,134.696
layernorm,7344,135.277
layernorm,7360,135.879
layernorm,7376,135.522
layernorm,7392,135.73
layernorm,7408,136.322
layernorm,7424,136.167
layernorm,7440,136.743
layernorm,7456,137.292
layernorm,7472,137.703
layernorm,7488,137.191
layernorm,7504,138.444
layernorm,7520,139.111
layernorm,7536,138.701
layernorm,7552,139.346
layernorm,7568,139.917
layernorm,7584,139.767
layernorm,7600,140.269
layernorm,7616,140.28
layernorm,7632,140.765
layernorm,7648,141.117
layernorm,7664,141.095
layernorm,7680,141.266
layernorm,7696,141.875
layernorm,7712,141.805
layernorm,7728,142.242
layernorm,7744,143.218
layernorm,7760,142.914
layernorm,7776,143.176
layernorm,7792,143.48
layernorm,7808,143.644
layernorm,7824,144.423
layernorm,7840,144.775
layernorm,7856,144.893
layernorm,7872,145.367
layernorm,7888,145.373
layernorm,7904,145.629
layernorm,7920,146.466
layernorm,7936,146.488
layernorm,7952,146.973
layernorm,7968,146.749
layernorm,7984,147.24
layernorm,8000,147.357
layernorm,8016,147.592
layernorm,8032,151.352
layernorm,8048,147.708
layernorm,8064,148.525
layernorm,8080,149.138
layernorm,8096,149.256
layernorm,8112,150.178
layernorm,8128,150.125
layernorm,8144,150.28
layernorm,8160,150.397
layernorm,8176,150.733
layernorm,8192,151.901
layernorm,8208,152.002
layernorm,8224,151.949
layernorm,8240,152.472
layernorm,8256,151.688
layernorm,8272,154.088
layernorm,8288,152.936
layernorm,8304,153.501
layernorm,8320,153.72
layernorm,8336,154.968
layernorm,8352,154.701
layernorm,8368,155.373
layernorm,8384,154.632
layernorm,8400,154.973
layernorm,8416,155.464
layernorm,8432,156.184
layernorm,8448,156.013
layernorm,8464,156.498
layernorm,8480,156.541
layernorm,8496,157.544
layernorm,8512,157.906
layernorm,8528,156.866
layernorm,8544,157.731
layernorm,8560,158.413
layernorm,8576,158.403
layernorm,8592,159.389
layernorm,8608,159.277
layernorm,8624,159.16
layernorm,8640,159.043
layernorm,8656,160.365
layernorm,8672,160.632
layernorm,8688,160.727
layernorm,8704,160.69
layernorm,8720,159.133
layernorm,8736,160.514
layernorm,8752,160.355
layernorm,8768,161.128
layernorm,8784,160.915
layernorm,8800,163.362
layernorm,8816,161.432
layernorm,8832,161.309
layernorm,8848,162.424
layernorm,8864,163.229
layernorm,8880,163.789
layernorm,8896,163.448
layernorm,8912,163.875
layernorm,8928,163.875
layernorm,8944,164.333
layernorm,8960,163.987
layernorm,8976,164.568
layernorm,8992,165.075
layernorm,9008,165.347
layernorm,9024,166.403
layernorm,9040,166.099
layernorm,9056,166.077
layernorm,9072,166.093
layernorm,9088,167.571
layernorm,9104,167.678
layernorm,9120,168.264
layernorm,9136,168.04
layernorm,9152,168.936
layernorm,9168,168.909
layernorm,9184,168.968
layernorm,9200,168.936
layernorm,9216,169.832
layernorm,9232,169.581
layernorm,9248,169.309
layernorm,9264,170.333
layernorm,9280,170.2
layernorm,9296,170.92
layernorm,9312,171.336
layernorm,9328,171.48
layernorm,9344,171.298
layernorm,9360,171.144
layernorm,9376,172.445
layernorm,9392,174.189
layernorm,9408,173.043
layernorm,9424,173.128
layernorm,9440,173.416
layernorm,9456,173.688
layernorm,9472,174.413
layernorm,9488,174.371
layernorm,9504,173.811
layernorm,9520,173.934
layernorm,9536,174.333
layernorm,9552,174.483
layernorm,9568,175.16
layernorm,9584,175.459
layernorm,9600,175.213
layernorm,9616,175.496
layernorm,9632,176.606
layernorm,9648,177.283
layernorm,9664,177.528
layernorm,9680,177.709
layernorm,9696,177.432
layernorm,9712,177.624
layernorm,9728,178.499
layernorm,9744,178.765
layernorm,9760,178.968
layernorm,9776,179.315
layernorm,9792,179.278
layernorm,9808,180.152
layernorm,9824,180.755
layernorm,9840,179.736
layernorm,9856,181.23
layernorm,9872,181.433
layernorm,9888,180.744
layernorm,9904,181.811
layernorm,9920,181.582
layernorm,9936,182.755
layernorm,9952,182.179
layernorm,9968,182.408
layernorm,9984,182.179
layernorm,10000,185.4
layernorm,10016,185.374
layernorm,10032,185.992
layernorm,10048,186.232
layernorm,10064,186.83
layernorm,10080,187.133
layernorm,10096,187.555
layernorm,10112,187.806
layernorm,10128,187.864
layernorm,10144,188.595
layernorm,10160,188.457
layernorm,10176,189.123
layernorm,10192,188.814
layernorm,10208,189.833
layernorm,10224,189.534
layernorm,10240,189.411
layernorm,10256,190.275
layernorm,10272,190.435
layernorm,10288,190.147
layernorm,10304,190.958
layernorm,10320,191.534
layernorm,10336,191.454
layernorm,10352,191.838
layernorm,10368,192.334
layernorm,10384,192.755
layernorm,10400,192.68
layernorm,10416,193.534
layernorm,10432,193.651
layernorm,10448,194.046
layernorm,10464,194.355
layernorm,10480,194.206
layernorm,10496,194.867
layernorm,10512,194.67
layernorm,10528,193.358
layernorm,10544,193.443
layernorm,10560,193.017
layernorm,10576,194.521
layernorm,10592,194.238
layernorm,10608,194.979
layernorm,10624,195.187
layernorm,10640,195.155
layernorm,10656,194.91
layernorm,10672,195.737
layernorm,10688,197.123
layernorm,10704,196.718
layernorm,10720,195.769
layernorm,10736,197.603
layernorm,10752,197.337
layernorm,10768,197.31
layernorm,10784,198.222
layernorm,10800,198.606
layernorm,10816,198.622
layernorm,10832,199.273
layernorm,10848,198.958
layernorm,10864,199.721
layernorm,10880,199.231
layernorm,10896,198.211
layernorm,10912,198.595
layernorm,10928,197.774
layernorm,10944,199.332
layernorm,10960,199.801
layernorm,10976,200.302
layernorm,10992,199.737
layernorm,11008,200.335
layernorm,11024,202.98
layernorm,11040,203.838
layernorm,11056,203.7
layernorm,11072,204.083
layernorm,11088,204.324
layernorm,11104,204.601
layernorm,11120,204.766
layernorm,11136,205.038
layernorm,11152,205.438
layernorm,11168,205.865
layernorm,11184,206.67
layernorm,11200,206.206
layernorm,11216,207.017
layernorm,11232,207.209
layernorm,11248,207.881
layernorm,11264,207.577
layernorm,11280,208.617
layernorm,11296,208.745
layernorm,11312,209.161
layernorm,11328,209.182
layernorm,11344,209.519
layernorm,11360,210.147
layernorm,11376,210.686
layernorm,11392,210.249
layernorm,11408,210.665
layernorm,11424,211.438
layernorm,11440,213.134
layernorm,11456,212.052
layernorm,11472,212.196
layernorm,11488,212.526
layernorm,11504,212.985
layernorm,11520,213.764
layernorm,11536,213.7
layernorm,11552,213.732
layernorm,11568,214.18
layernorm,11584,214.622
layernorm,11600,215.305
layernorm,11616,215.028
layernorm,11632,215.828
layernorm,11648,215.326
layernorm,11664,216.18
layernorm,11680,216.303
layernorm,11696,216.516
layernorm,11712,217.06
layernorm,11728,217.514
layernorm,11744,217.375
layernorm,11760,217.561
layernorm,11776,218.484
layernorm,11792,218.521
layernorm,11808,218.318
layernorm,11824,219.679
layernorm,11840,219.305
layernorm,11856,219.903
layernorm,11872,219.438
layernorm,11888,219.983
layernorm,11904,219.945
layernorm,11920,219.252
layernorm,11936,219.162
layernorm,11952,219.305
layernorm,11968,220.964
layernorm,11984,220.233
layernorm,12000,220.564
layernorm,12016,221.071
layernorm,12032,221.438
layernorm,12048,220.82
layernorm,12064,221.529
layernorm,12080,222.191
layernorm,12096,222.89
layernorm,12112,221.988
layernorm,12128,223.071
layernorm,12144,222.841
layernorm,12160,222.644
layernorm,12176,223.961
layernorm,12192,223.513
layernorm,12208,224.255
layernorm,12224,224.634
layernorm,12240,224.692
layernorm,12256,225.748
layernorm,12272,225.114
layernorm,12288,226.441
layernorm,12304,224.991
layernorm,12320,226.079
layernorm,12336,225.631
layernorm,12352,225.839
layernorm,12368,226.681
layernorm,12384,227.359
layernorm,12400,227.258
layernorm,12416,227.231
layernorm,12432,227.018
layernorm,12448,228.613
layernorm,12464,228.473
layernorm,12480,229.567
layernorm,12496,229.599
layernorm,12512,229.748
layernorm,12528,229.135
layernorm,12544,230.292
layernorm,12560,231.188
layernorm,12576,231.151
layernorm,12592,231.924
layernorm,12608,231.396
layernorm,12624,232.09
layernorm,12640,234.426
layernorm,12656,234.245
layernorm,12672,234.81
layernorm,12688,235.551
layernorm,12704,235.338
layernorm,12720,235.402
layernorm,12736,235.786
layernorm,12752,236.458
layernorm,12768,237.391
layernorm,12784,237.002
layernorm,12800,238.223
layernorm,12816,237.951
layernorm,12832,238.079
layernorm,12848,238.65
layernorm,12864,238.543
layernorm,12880,238.991
layernorm,12896,239.37
layernorm,12912,239.631
layernorm,12928,239.813
layernorm,12944,239.636
layernorm,12960,240.106
layernorm,12976,238.554
layernorm,12992,239.903
layernorm,13008,239.519
layernorm,13024,239.295
layernorm,13040,240.207
layernorm,13056,240.303
layernorm,13072,238.244
layernorm,13088,239.199
layernorm,13104,239.951
layernorm,13120,240.506
layernorm,13136,239.653
layernorm,13152,241.109
layernorm,13168,240.154
layernorm,13184,241.541
layernorm,13200,241.925
layernorm,13216,241.551
layernorm,13232,242.575
layernorm,13248,242.549
layernorm,13264,241.14
layernorm,13280,242.719
layernorm,13296,243.13
layernorm,13312,243.941
layernorm,13328,246.554
layernorm,13344,245.711
layernorm,13360,245.909
layernorm,13376,246.788
layernorm,13392,246.81
layernorm,13408,247.493
layernorm,13424,248.197
layernorm,13440,247.322
layernorm,13456,248.869
layernorm,13472,248.997
layernorm,13488,249.167
layernorm,13504,250.655
layernorm,13520,250.341
layernorm,13536,249.386
layernorm,13552,250.442
layernorm,13568,250.106
layernorm,13584,250.709
layernorm,13600,251.125
layernorm,13616,252.101
layernorm,13632,252.09
layernorm,13648,252.453
layernorm,13664,253.968
layernorm,13680,254.72
layernorm,13696,255.077
layernorm,13712,255.36
layernorm,13728,254.805
layernorm,13744,255.792
layernorm,13760,256.112
layernorm,13776,256.362
layernorm,13792,256.155
layernorm,13808,256.437
layernorm,13824,257.354
layernorm,13840,257.835
layernorm,13856,257.471
layernorm,13872,258.197
layernorm,13888,258.411
layernorm,13904,258.763
layernorm,13920,258.534
layernorm,13936,259.973
layernorm,13952,259.402
layernorm,13968,259.701
layernorm,13984,259.771
layernorm,14000,257.419
layernorm,14016,258.021
layernorm,14032,258.389
layernorm,14048,260.059
layernorm,14064,259.072
layernorm,14080,259.445
layernorm,14096,258.789
layernorm,14112,258.127
layernorm,14128,259.392
layernorm,14144,259.621
layernorm,14160,260.032
layernorm,14176,260.496
layernorm,14192,260.293
layernorm,14208,260.592
layernorm,14224,260.709
layernorm,14240,260.026
layernorm,14256,260.597
layernorm,14272,261.007
layernorm,14288,262.283
layernorm,14304,262.688
layernorm,14320,262.075
layernorm,14336,262.741
layernorm,14352,262.789
layernorm,14368,263.771
layernorm,14384,262.805
layernorm,14400,262.693
layernorm,14416,264.928
layernorm,14432,265.104
layernorm,14448,266.16
layernorm,14464,266.123
layernorm,14480,266.235
layernorm,14496,265.787
layernorm,14512,265.328
layernorm,14528,266.651
layernorm,14544,268.101
layernorm,14560,267.296
layernorm,14576,268.757
layernorm,14592,268.912
layernorm,14608,269.958
layernorm,14624,270.229
layernorm,14640,270.304
layernorm,14656,271.136
layernorm,14672,270.859
layernorm,14688,271.605
layernorm,14704,271.435
layernorm,14720,272.326
layernorm,14736,273.824
layernorm,14752,273.291
layernorm,14768,273.653
layernorm,14784,273.606
layernorm,14800,274.432
layernorm,14816,273.664
layernorm,14832,273.846
layernorm,14848,275.056
layernorm,14864,276.011
layernorm,14880,276.459
layernorm,14896,276.208
layernorm,14912,276.208
layernorm,14928,276.256
layernorm,14944,277.723
layernorm,14960,277.046
layernorm,14976,278.267
layernorm,14992,278.16
layernorm,15008,277.686
layernorm,15024,279.051
layernorm,15040,278.838
layernorm,15056,279.291
layernorm,15072,280.08
layernorm,15088,279.051
layernorm,15104,279.505
layernorm,15120,277.483
layernorm,15136,277.088
layernorm,15152,279.366
layernorm,15168,277.878
layernorm,15184,279.43
layernorm,15200,279.872
layernorm,15216,280.224
layernorm,15232,280.598
layernorm,15248,278.059
layernorm,15264,279.622
layernorm,15280,279.472
layernorm,15296,279.157
layernorm,15312,280.443
layernorm,15328,279.941
layernorm,15344,281.659
layernorm,15360,280.763
layernorm,15376,283.702
layernorm,15392,284.646
layernorm,15408,284.662
layernorm,15424,284.721
layernorm,15440,285.334
layernorm,15456,285.483
layernorm,15472,285.915
layernorm,15488,286.475
layernorm,15504,286.385
layernorm,15520,286.662
layernorm,15536,287.009
layernorm,15552,287.467
layernorm,15568,287.68
layernorm,15584,287.596
layernorm,15600,288.63
layernorm,15616,289.105
layernorm,15632,286.64
layernorm,15648,287.201
layernorm,15664,287.552
layernorm,15680,287.345
layernorm,15696,289.377
layernorm,15712,287.643
layernorm,15728,289.659
layernorm,15744,288.721
layernorm,15760,289.057
layernorm,15776,288.875
layernorm,15792,290.934
layernorm,15808,290.326
layernorm,15824,290.539
layernorm,15840,291.969
layernorm,15856,291.19
layernorm,15872,291.942
layernorm,15888,294.737
layernorm,15904,295.393
layernorm,15920,294.79
layernorm,15936,295.889
layernorm,15952,296.924
layernorm,15968,296.065
layernorm,15984,296.401
layernorm,16000,296.454
layernorm,16016,297.057
layernorm,16032,297.233
layernorm,16048,297.227
layernorm,16064,298.47
layernorm,16080,298.385
layernorm,16096,298.811
layernorm,16112,298.491
layernorm,16128,299.202
layernorm,16144,295.974
layernorm,16160,297.164
layernorm,16176,297.633
layernorm,16192,296.769
layernorm,16208,297.462
layernorm,16224,298.108
layernorm,16240,298.902
layernorm,16256,298.945
layernorm,16272,297.073
layernorm,16288,298.625
layernorm,16304,300.486
layernorm,16320,298.267
layernorm,16336,299.414
layernorm,16352,299.244
layernorm,16368,300.455
layernorm,16384,299.553
layernorm,16400,303.324
layernorm,16416,302.631
layernorm,16432,303.207
layernorm,16448,303.927
layernorm,16464,305.084
layernorm,16480,303.463
layernorm,16496,304.636
layernorm,16512,304.705
layernorm,16528,304.86
layernorm,16544,306.097
layernorm,16560,305.633
layernorm,16576,306.321
layernorm,16592,306.508
layernorm,16608,307.666
layernorm,16624,306.945
layernorm,16640,307.308
layernorm,16656,305.5
layernorm,16672,305.404
layernorm,16688,307.463
layernorm,16704,306.332
layernorm,16720,307.591
layernorm,16736,307.303
layernorm,16752,308.199
layernorm,16768,308.481
layernorm,16784,308.85
layernorm,16800,307.633
layernorm,16816,308.924
layernorm,16832,308.956
layernorm,16848,308.625
layernorm,16864,310.135
layernorm,16880,310.439
layernorm,16896,310.332
layernorm,16912,312.524
layernorm,16928,313.474
layernorm,16944,314.327
layernorm,16960,313.852
layernorm,16976,314.615
layernorm,16992,314.204
layernorm,17008,315.015
layernorm,17024,315.911
layernorm,17040,315.927
layernorm,17056,316.492
layernorm,17072,316.791
layernorm,17088,316.028
layernorm,17104,317.772
layernorm,17120,317.244
layernorm,17136,317.911
layernorm,17152,317.826
layernorm,17168,317.601
layernorm,17184,316.476
layernorm,17200,316.124
layernorm,17216,317.474
layernorm,17232,317.644
layernorm,17248,317.671
layernorm,17264,318.428
layernorm,17280,318.578
layernorm,17296,318.802
layernorm,17312,320.684
layernorm,17328,322.258
layernorm,17344,321.266
layernorm,17360,322.925
layernorm,17376,321.975
layernorm,17392,323.639
layernorm,17408,322.609
layernorm,17424,321.218
layernorm,17440,322.887
layernorm,17456,322.311
layernorm,17472,322.957
layernorm,17488,323.42
layernorm,17504,320.114
layernorm,17520,322.476
layernorm,17536,320.967
layernorm,17552,321.501
layernorm,17568,322.46
layernorm,17584,323.325
layernorm,17600,323.234
layernorm,17616,323.271
layernorm,17632,324.722
layernorm,17648,324.626
layernorm,17664,324.215
layernorm,17680,326.509
layernorm,17696,327.495
layernorm,17712,326.77
layernorm,17728,328.781
layernorm,17744,327.837
layernorm,17760,328.141
layernorm,17776,329.474
layernorm,17792,329.266
layernorm,17808,330.029
layernorm,17824,329.852
layernorm,17840,330.231
layernorm,17856,329.292
layernorm,17872,330.023
layernorm,17888,329.933
layernorm,17904,331.463
layernorm,17920,330.589
layernorm,17936,332.007
layernorm,17952,330.909
layernorm,17968,331.266
layernorm,17984,332.327
layernorm,18000,332.594
layernorm,18016,331.384
layernorm,18032,332.807
layernorm,18048,333.01
layernorm,18064,333.159
layernorm,18080,332.658
layernorm,18096,334.759
layernorm,18112,333.442
layernorm,18128,334.376
layernorm,18144,333.975
layernorm,18160,334.748
layernorm,18176,335.01
layernorm,18192,335.09
layernorm,18208,334.125
layernorm,18224,334.632
layernorm,18240,335.586
layernorm,18256,336.45
layernorm,18272,336.706
layernorm,18288,337.773
layernorm,18304,336.893
layernorm,18320,336.872
layernorm,18336,338.344
layernorm,18352,337.629
layernorm,18368,338.728
layernorm,18384,337.816
layernorm,18400,339.378
layernorm,18416,339.965
layernorm,18432,339.811
layernorm,18448,339.219
layernorm,18464,340.317
layernorm,18480,339.384
layernorm,18496,339.176
layernorm,18512,340.312
layernorm,18528,340.365
layernorm,18544,340.85
layernorm,18560,340.605
layernorm,18576,340.936
layernorm,18592,341.293
layernorm,18608,341.672
layernorm,18624,342.12
layernorm,18640,341.283
layernorm,18656,341.885
layernorm,18672,342.978
layernorm,18688,343.347
layernorm,18704,344.562
layernorm,18720,345.395
layernorm,18736,345.016
layernorm,18752,345.288
layernorm,18768,346.029
layernorm,18784,346.04
layernorm,18800,346.835
layernorm,18816,346.418
layernorm,18832,347.293
layernorm,18848,347.438
layernorm,18864,348.568
layernorm,18880,348.264
layernorm,18896,347.853
layernorm,18912,349.368
layernorm,18928,349.384
layernorm,18944,350.29
layernorm,18960,350.718
layernorm,18976,351.635
layernorm,18992,351.944
layernorm,19008,350.173
layernorm,19024,350.669
layernorm,19040,350.504
layernorm,19056,353.272
layernorm,19072,352.408
layernorm,19088,353.587
layernorm,19104,352.915
layernorm,19120,353.336
layernorm,19136,353.645
layernorm,19152,354.232
layernorm,19168,354.659
layernorm,19184,354.12
layernorm,19200,355.213
layernorm,19216,356.456
layernorm,19232,355.534
layernorm,19248,355.635
layernorm,19264,356.808
layernorm,19280,357.139
layernorm,19296,356.936
layernorm,19312,356.968
layernorm,19328,357.598
layernorm,19344,357.368
layernorm,19360,356.787
layernorm,19376,358.334
layernorm,19392,356.222
layernorm,19408,359.358
layernorm,19424,358.931
layernorm,19440,358.541
layernorm,19456,360.942
layernorm,19472,359.006
layernorm,19488,359.187
layernorm,19504,360.505
layernorm,19520,359.795
layernorm,19536,360.952
layernorm,19552,362.211
layernorm,19568,360.755
layernorm,19584,363.379
layernorm,19600,360.654
layernorm,19616,360.414
layernorm,19632,361.608
layernorm,19648,360.776
layernorm,19664,362.286
layernorm,19680,362.792
layernorm,19696,363.406
layernorm,19712,363.112
layernorm,19728,363.454
layernorm,19744,363.203
layernorm,19760,364.062
layernorm,19776,365.081
layernorm,19792,365.043
layernorm,19808,366.201
layernorm,19824,366.046
layernorm,19840,365.699
layernorm,19856,365.363
layernorm,19872,365.998
layernorm,19888,365.022
layernorm,19904,367.027
layernorm,19920,366.356
layernorm,19936,367
layernorm,19952,367.246
layernorm,19968,366.435
layernorm,19984,369.369
layernorm,20000,369.827
layernorm,20016,368.196
layernorm,20032,370.003
layernorm,20048,369.406
layernorm,20064,369.177
layernorm,20080,371.801
layernorm,20096,369.475
layernorm,20112,371.139
layernorm,20128,372.499
layernorm,20144,371.091
layernorm,20160,371.859
layernorm,20176,372.281
layernorm,20192,372.638
layernorm,20208,373.15
layernorm,20224,374.115
layernorm,20240,373.731
layernorm,20256,375.539
layernorm,20272,373.875
layernorm,20288,374.953
layernorm,20304,375.225
layernorm,20320,375.673
layernorm,20336,377.518
layernorm,20352,379.017
layernorm,20368,375.187
layernorm,20384,377.38
layernorm,20400,376.344
layernorm,20416,376.164
layernorm,20432,377.305
layernorm,20448,378.51
layernorm,20464,377.374
layernorm,20480,379.065
layernorm,20496,377.241
layernorm,20512,379.092
layernorm,20528,379.785
layernorm,20544,378.927
layernorm,20560,379.823
layernorm,20576,380.42
layernorm,20592,379.417
layernorm,20608,380.814
layernorm,20624,380.462
layernorm,20640,379.241
layernorm,20656,381.46
layernorm,20672,381.822
layernorm,20688,382.121
layernorm,20704,382.174
layernorm,20720,381.62
layernorm,20736,382.99
layernorm,20752,381.828
layernorm,20768,382.937
layernorm,20784,382.415
layernorm,20800,384.319
layernorm,20816,382.302
layernorm,20832,384.425
layernorm,20848,383.924
layernorm,20864,385.433
layernorm,20880,385.001
layernorm,20896,385.332
layernorm,20912,384.777
layernorm,20928,385.876
layernorm,20944,385.833
layernorm,20960,386.9
layernorm,20976,386.148
layernorm,20992,386.553
layernorm,21008,387.871
layernorm,21024,387.406
layernorm,21040,387.236
layernorm,21056,389.183
layernorm,21072,388.894
layernorm,21088,388.388
layernorm,21104,389.886
layernorm,21120,388.511
layernorm,21136,390.345
layernorm,21152,389.791
layernorm,21168,390.505
layernorm,21184,391.028
layernorm,21200,392.084
layernorm,21216,392.207
layernorm,21232,393.06
layernorm,21248,393.407
layernorm,21264,392.548
layernorm,21280,393.839
layernorm,21296,394.313
layernorm,21312,393.785
layernorm,21328,395.615
layernorm,21344,394.191
layernorm,21360,394.351
layernorm,21376,395.45
layernorm,21392,395.978
layernorm,21408,396.703
layernorm,21424,395.695
layernorm,21440,392.367
layernorm,21456,397.343
layernorm,21472,396.02
layernorm,21488,396.927
layernorm,21504,398.655
layernorm,21520,398.335
layernorm,21536,398.351
layernorm,21552,398.666
layernorm,21568,397.519
layernorm,21584,399.146
layernorm,21600,398.132
layernorm,21616,398.98
layernorm,21632,399.642
layernorm,21648,400.255
layernorm,21664,401.22
layernorm,21680,402.266
layernorm,21696,399.556
layernorm,21712,400.938
layernorm,21728,401.753
layernorm,21744,400.138
layernorm,21760,402.804
layernorm,21776,400.767
layernorm,21792,400.868
layernorm,21808,401.738
layernorm,21824,402.218
layernorm,21840,400.959
layernorm,21856,402.612
layernorm,21872,403.295
layernorm,21888,403.866
layernorm,21904,403.348
layernorm,21920,403.37
layernorm,21936,404.341
layernorm,21952,404.442
layernorm,21968,403.781
layernorm,21984,403.503
layernorm,22000,405.386
layernorm,22016,403.941
layernorm,22032,406.447
layernorm,22048,405.861
layernorm,22064,405.248
layernorm,22080,406.533
layernorm,22096,409.044
layernorm,22112,407.279
layernorm,22128,410.063
layernorm,22144,407.989
layernorm,22160,409.461
layernorm,22176,409.328
layernorm,22192,408.576
layernorm,22208,410.41
layernorm,22224,411.493
layernorm,22240,410.02
layernorm,22256,411.647
layernorm,22272,411.445
layernorm,22288,411.951
layernorm,22304,412.186
layernorm,22320,412.544
layernorm,22336,412.938
layernorm,22352,413.05
layernorm,22368,412.805
layernorm,22384,413.802
layernorm,22400,414.458
layernorm,22416,413.488
layernorm,22432,414.56
layernorm,22448,414.698
layernorm,22464,413.797
layernorm,22480,415.621
layernorm,22496,415.765
layernorm,22512,414.741
layernorm,22528,416.069
layernorm,22544,416.795
layernorm,22560,416.896
layernorm,22576,417.253
layernorm,22592,415.605
layernorm,22608,418.031
layernorm,22624,418.746
layernorm,22640,417.013
layernorm,22656,419.915
layernorm,22672,419.919
layernorm,22688,420.688
layernorm,22704,419.322
layernorm,22720,420.731
layernorm,22736,420.789
layernorm,22752,421.803
layernorm,22768,421.071
layernorm,22784,421.488
layernorm,22800,419.866
layernorm,22816,421.066
layernorm,22832,420.88
layernorm,22848,421.05
layernorm,22864,421.867
layernorm,22880,420.944
layernorm,22896,422.357
layernorm,22912,421.883
layernorm,22928,423.194
layernorm,22944,422.043
layernorm,22960,422.64
layernorm,22976,423.851
layernorm,22992,422.373
layernorm,23008,423.685
layernorm,23024,425.504
layernorm,23040,422.811
layernorm,23056,424.858
layernorm,23072,425.483
layernorm,23088,425.104
layernorm,23104,426.554
layernorm,23120,425.472
layernorm,23136,427.819
layernorm,23152,427.488
layernorm,23168,425.898
layernorm,23184,427.728
layernorm,23200,428.027
layernorm,23216,428.176
layernorm,23232,431.366
layernorm,23248,428.645
layernorm,23264,428.859
layernorm,23280,430.501
layernorm,23296,430.651
layernorm,23312,430.757
layernorm,23328,430.821
layernorm,23344,431.248
layernorm,23360,431.222
layernorm,23376,431.099
layernorm,23392,430.982
layernorm,23408,432.438
layernorm,23424,432.475
layernorm,23440,432.4
layernorm,23456,433.307
layernorm,23472,433.979
layernorm,23488,434.198
layernorm,23504,434.203
layernorm,23520,434.517
layernorm,23536,433.397
layernorm,23552,435.798
layernorm,23568,435.189
layernorm,23584,435.654
layernorm,23600,437.317
layernorm,23616,433.717
layernorm,23632,437.686
layernorm,23648,436.901
layernorm,23664,435.968
layernorm,23680,439.248
layernorm,23696,436.971
layernorm,23712,439.509
layernorm,23728,438.805
layernorm,23744,438.56
layernorm,23760,438.774
layernorm,23776,439.446
layernorm,23792,439.942
layernorm,23808,439.035
layernorm,23824,440.699
layernorm,23840,439.616
layernorm,23856,441.184
layernorm,23872,442.545
layernorm,23888,440.032
layernorm,23904,442.625
layernorm,23920,441.723
layernorm,23936,441.488
layernorm,23952,440.614
layernorm,23968,441.569
layernorm,23984,443.072
layernorm,24000,442.235
layernorm,24016,441.99
layernorm,24032,443.553
layernorm,24048,445.243
layernorm,24064,441.813
layernorm,24080,445.238
layernorm,24096,443.723
layernorm,24112,444.502
layernorm,24128,444.187
layernorm,24144,446.224
layernorm,24160,445.851
layernorm,24176,445.11
layernorm,24192,444.576
layernorm,24208,449.393
layernorm,24224,445.558
layernorm,24240,446.171
layernorm,24256,449.19
layernorm,24272,447.974
layernorm,24288,447.739
layernorm,24304,450.934
layernorm,24320,448.56
layernorm,24336,449.825
layernorm,24352,449.724
layernorm,24368,451.318
layernorm,24384,449.974
layernorm,24400,449.947
layernorm,24416,450.262
layernorm,24432,450.705
layernorm,24448,453.702
layernorm,24464,451.654
layernorm,24480,451.926
layernorm,24496,453.788
layernorm,24512,451.185
layernorm,24528,454.625
layernorm,24544,453.996
layernorm,24560,454.582
layernorm,24576,454.673
layernorm,24592,454.091
layernorm,24608,453.515
layernorm,24624,454.412
layernorm,24640,454.641
layernorm,24656,456.785
layernorm,24672,455.836
layernorm,24688,457.078
layernorm,24704,457.873
layernorm,24720,459.014
layernorm,24736,458.065
layernorm,24752,457.905
layernorm,24768,458.604
layernorm,24784,458.508
layernorm,24800,458.385
layernorm,24816,459.788
layernorm,24832,459.676
layernorm,24848,460.631
layernorm,24864,460.614
layernorm,24880,459.121
layernorm,24896,460.422
layernorm,24912,460.758
layernorm,24928,460.801
layernorm,24944,460.497
layernorm,24960,458.78
layernorm,24976,460.924
layernorm,24992,461.777
layernorm,25008,461.244
layernorm,25024,462.812
layernorm,25040,463.26
layernorm,25056,462.422
layernorm,25072,463.463
layernorm,25088,463.009
layernorm,25104,463.777
layernorm,25120,462.839
layernorm,25136,462.71
layernorm,25152,463.596
layernorm,25168,464.449
layernorm,25184,463.762
layernorm,25200,465.543
layernorm,25216,464.257
layernorm,25232,466.081
layernorm,25248,466.252
layernorm,25264,465.713
layernorm,25280,467.655
layernorm,25296,465.905
layernorm,25312,470.391
layernorm,25328,467.505
layernorm,25344,468.748
layernorm,25360,469.09
layernorm,25376,468.85
layernorm,25392,467.185
layernorm,25408,468.711
layernorm,25424,470.636
layernorm,25440,470.268
layernorm,25456,470.167
layernorm,25472,469.911
layernorm,25488,468.983
layernorm,25504,471.532
layernorm,25520,472.055
layernorm,25536,470.86
layernorm,25552,471.874
layernorm,25568,473.473
layernorm,25584,471.964
layernorm,25600,473.255
layernorm,25616,474.615
layernorm,25632,475.004
layernorm,25648,473.842
layernorm,25664,473.703
layernorm,25680,475.153
layernorm,25696,475.095
layernorm,25712,475.212
layernorm,25728,476.337
layernorm,25744,474.834
layernorm,25760,476.62
layernorm,25776,476.482
layernorm,25792,476.375
layernorm,25808,476.103
layernorm,25824,477.207
layernorm,25840,476.018
layernorm,25856,478.081
layernorm,25872,477.506
layernorm,25888,479.015
layernorm,25904,480.05
layernorm,25920,478.913
layernorm,25936,478.892
layernorm,25952,479.308
layernorm,25968,481.815
layernorm,25984,479.692
layernorm,26000,480.38
layernorm,26016,481.175
layernorm,26032,480.183
layernorm,26048,481.143
layernorm,26064,482.877
layernorm,26080,480.236
layernorm,26096,482.855
layernorm,26112,484.493
layernorm,26128,483.596
layernorm,26144,480.871
layernorm,26160,483.506
layernorm,26176,481.586
layernorm,26192,484.429
layernorm,26208,483.522
layernorm,26224,483.821
layernorm,26240,484.125
layernorm,26256,484.3
layernorm,26272,482.834
layernorm,26288,484.45
layernorm,26304,484.984
layernorm,26320,485.725
layernorm,26336,485.367
layernorm,26352,485.645
layernorm,26368,488.428
layernorm,26384,487
layernorm,26400,486.844
layernorm,26416,488.53
layernorm,26432,486.183
layernorm,26448,488.631
layernorm,26464,488.141
layernorm,26480,487.031
layernorm,26496,489.192
layernorm,26512,488.904
layernorm,26528,488.978
layernorm,26544,490.093
layernorm,26560,490.024
layernorm,26576,492.951
layernorm,26592,492.978
layernorm,26608,494.531
layernorm,26624,489.575
layernorm,26640,492.05
layernorm,26656,493.533
layernorm,26672,493.661
layernorm,26688,492.909
layernorm,26704,493.213
layernorm,26720,493.501
layernorm,26736,495.25
layernorm,26752,494.408
layernorm,26768,494.744
layernorm,26784,495.8
layernorm,26800,495.864
layernorm,26816,496.216
layernorm,26832,496.301
layernorm,26848,495.416
layernorm,26864,497.666
layernorm,26880,497.383
layernorm,26896,496.146
layernorm,26912,497.245
layernorm,26928,498.466
layernorm,26944,498.632
layernorm,26960,499.096
layernorm,26976,499.805
layernorm,26992,499.203
layernorm,27008,497.507
layernorm,27024,500.685
layernorm,27040,501.128
layernorm,27056,500.674
layernorm,27072,500.589
layernorm,27088,501.709
layernorm,27104,500.69
layernorm,27120,502.184
layernorm,27136,500.568
layernorm,27152,501.63
layernorm,27168,500.248
layernorm,27184,500.739
layernorm,27200,500.429
layernorm,27216,502.931
layernorm,27232,502.445
layernorm,27248,503.31
layernorm,27264,503.235
layernorm,27280,502.558
layernorm,27296,505.176
layernorm,27312,503.405
layernorm,27328,505.016
layernorm,27344,506.211
layernorm,27360,505.875
layernorm,27376,505.032
layernorm,27392,505.075
layernorm,27408,506.515
layernorm,27424,505.694
layernorm,27440,507.293
layernorm,27456,506.92
layernorm,27472,507.715
layernorm,27488,508.216
layernorm,27504,507.214
layernorm,27520,507.304
layernorm,27536,508.499
layernorm,27552,508.931
layernorm,27568,509.229
layernorm,27584,508.739
layernorm,27600,509.923
layernorm,27616,507.672
layernorm,27632,509.55
layernorm,27648,511.443
layernorm,27664,511.416
layernorm,27680,509.965
layernorm,27696,511.822
layernorm,27712,509.209
layernorm,27728,512.221
layernorm,27744,512.013
layernorm,27760,511.427
layernorm,27776,513.741
layernorm,27792,513.059
layernorm,27808,514.633
layernorm,27824,512.824
layernorm,27840,514.856
layernorm,27856,513.982
layernorm,27872,515.448
layernorm,27888,514.963
layernorm,27904,516.105
layernorm,27920,517.118
layernorm,27936,517.923
layernorm,27952,518.318
layernorm,27968,517.758
layernorm,27984,517.87
layernorm,28000,517.854
layernorm,28016,519.102
layernorm,28032,518.648
layernorm,28048,518.136
layernorm,28064,519.102
layernorm,28080,520.158
layernorm,28096,519.918
layernorm,28112,517.939
layernorm,28128,522.836
layernorm,28144,520.707
layernorm,28160,520.99
layernorm,28176,520.153
layernorm,28192,520.531
layernorm,28208,520.963
layernorm,28224,521.673
layernorm,28240,522.275
layernorm,28256,522.952
layernorm,28272,522.212
layernorm,28288,523.705
layernorm,28304,521.139
layernorm,28320,522.755
layernorm,28336,521.977
layernorm,28352,524.163
layernorm,28368,524.174
layernorm,28384,523.342
layernorm,28400,523.577
layernorm,28416,522.35
layernorm,28432,524.083
layernorm,28448,523.886
layernorm,28464,524.654
layernorm,28480,526.617
layernorm,28496,524.947
layernorm,28512,527.732
layernorm,28528,526.937
layernorm,28544,525.993
layernorm,28560,525.918
layernorm,28576,527.934
layernorm,28592,527.14
layernorm,28608,528.953
layernorm,28624,526.761
layernorm,28640,528.446
layernorm,28656,529.332
layernorm,28672,527.683
layernorm,28688,531.545
layernorm,28704,529.519
layernorm,28720,529.145
layernorm,28736,530.238
layernorm,28752,529.155
layernorm,28768,531.134
layernorm,28784,530.819
layernorm,28800,532.74
layernorm,28816,532.329
layernorm,28832,534.335
layernorm,28848,532.799
layernorm,28864,533.855
layernorm,28880,535.439
layernorm,28896,535.119
layernorm,28912,533.785
layernorm,28928,535.913
layernorm,28944,534.51
layernorm,28960,535.721
layernorm,28976,537.865
layernorm,28992,537.786
layernorm,29008,536.159
layernorm,29024,536.633
layernorm,29040,536.137
layernorm,29056,537.007
layernorm,29072,535.908
layernorm,29088,538.063
layernorm,29104,537.503
layernorm,29120,537.599
layernorm,29136,538.334
layernorm,29152,538.74
layernorm,29168,538.767
layernorm,29184,537.817
layernorm,29200,540.436
layernorm,29216,541.428
layernorm,29232,539.124
layernorm,29248,539.775
layernorm,29264,541.503
layernorm,29280,539.668
layernorm,29296,543.146
layernorm,29312,542.185
layernorm,29328,543.369
layernorm,29344,541.62
layernorm,29360,542.436
layernorm,29376,543.188
layernorm,29392,543.071
layernorm,29408,543.775
layernorm,29424,543.626
layernorm,29440,543.257
layernorm,29456,543.535
layernorm,29472,543.86
layernorm,29488,543.737
layernorm,29504,545.263
layernorm,29520,543.503
layernorm,29536,544.468
layernorm,29552,544.522
layernorm,29568,547.156
layernorm,29584,546.788
layernorm,29600,545.727
layernorm,29616,548.687
layernorm,29632,547.407
layernorm,29648,548.282
layernorm,29664,548.788
layernorm,29680,549.327
layernorm,29696,548.415
layernorm,29712,549.652
layernorm,29728,548.164
layernorm,29744,551.354
layernorm,29760,549.039
layernorm,29776,551.375
layernorm,29792,548.031
layernorm,29808,551.061
layernorm,29824,552.255
layernorm,29840,551.679
layernorm,29856,551.285
layernorm,29872,551.396
layernorm,29888,554.591
layernorm,29904,551.183
layernorm,29920,554.229
layernorm,29936,553.082
layernorm,29952,553.855
layernorm,29968,553.588
layernorm,29984,553.904
layernorm,30000,555.807
layernorm,30016,555.37
layernorm,30032,557.311
layernorm,30048,555.477
layernorm,30064,557.823
layernorm,30080,556.73
layernorm,30096,557.205
layernorm,30112,555.621
layernorm,30128,556.032
layernorm,30144,559.445
layernorm,30160,557.663
layernorm,30176,558.463
layernorm,30192,559.024
layernorm,30208,558.559
layernorm,30224,559.808
layernorm,30240,559.114
layernorm,30256,559.466
layernorm,30272,558.677
layernorm,30288,560.842
layernorm,30304,559.349
layernorm,30320,561.184
layernorm,30336,562.197
layernorm,30352,561.237
layernorm,30368,561.498
layernorm,30384,561.727
layernorm,30400,563.434
layernorm,30416,562.837
layernorm,30432,562.101
layernorm,30448,562.197
layernorm,30464,564.629
layernorm,30480,561.28
layernorm,30496,562.874
layernorm,30512,563.231
layernorm,30528,565.157
layernorm,30544,563.621
layernorm,30560,565.914
layernorm,30576,565.125
layernorm,30592,564.266
layernorm,30608,568.037
layernorm,30624,564.97
layernorm,30640,565.013
layernorm,30656,566.613
layernorm,30672,564.868
layernorm,30688,566.01
layernorm,30704,568.885
layernorm,30720,565.072
layernorm,30736,569.45
layernorm,30752,568.49
layernorm,30768,567.557
layernorm,30784,568.293
layernorm,30800,569.68
layernorm,30816,571.488
layernorm,30832,571.744
layernorm,30848,569.691
layernorm,30864,569.387
layernorm,30880,569.6
layernorm,30896,570.608
layernorm,30912,573.109
layernorm,30928,571.008
layernorm,30944,571.237
layernorm,30960,570.634
layernorm,30976,573.605
layernorm,30992,573.296
layernorm,31008,573.301
layernorm,31024,573.6
layernorm,31040,574.139
layernorm,31056,574.933
layernorm,31072,574.528
layernorm,31088,574.576
layernorm,31104,574.704
layernorm,31120,574.213
layernorm,31136,575.819
layernorm,31152,576.128
layernorm,31168,575.243
layernorm,31184,576.555
layernorm,31200,575.867
layernorm,31216,576.784
layernorm,31232,579.467
layernorm,31248,578.683
layernorm,31264,579.413
layernorm,31280,579.243
layernorm,31296,577.979
layernorm,31312,578.475
layernorm,31328,581.056
layernorm,31344,579.622
layernorm,31360,580.016
layernorm,31376,579.68
layernorm,31392,581.28
layernorm,31408,580.059
layernorm,31424,583.424
layernorm,31440,583.275
layernorm,31456,580.358
layernorm,31472,582.123
layernorm,31488,581.963
layernorm,31504,582.155
layernorm,31520,582.16
layernorm,31536,583.184
layernorm,31552,583.776
layernorm,31568,581.547
layernorm,31584,585.808
layernorm,31600,583.504
layernorm,31616,582.977
layernorm,31632,583.648
layernorm,31648,583.563
layernorm,31664,583.814
layernorm,31680,585.462
layernorm,31696,582.246
layernorm,31712,586.416
layernorm,31728,584.72
layernorm,31744,584.704
layernorm,31760,585.942
layernorm,31776,587.094
layernorm,31792,587.883
layernorm,31808,587.707
layernorm,31824,587.894
layernorm,31840,587.867
layernorm,31856,589.201
layernorm,31872,588.357
layernorm,31888,590.998
layernorm,31904,590.054
layernorm,31920,590.843
layernorm,31936,590.742
layernorm,31952,589.244
layernorm,31968,591.073
layernorm,31984,589.723
layernorm,32000,590.71
layernorm,32016,591.083
layernorm,32032,592.337
layernorm,32048,591.824
layernorm,32064,591.835
layernorm,32080,592.304
layernorm,32096,593.355
layernorm,32112,595.137
layernorm,32128,593.046
layernorm,32144,593.707
layernorm,32160,595.068
layernorm,32176,594.022
layernorm,32192,593.473
layernorm,32208,595.83
layernorm,32224,594.683
layernorm,32240,597.494
layernorm,32256,597.276
layernorm,32272,596.331
layernorm,32288,595.932
layernorm,32304,596.806
layernorm,32320,596.096
layernorm,32336,600.497
layernorm,32352,598.022
layernorm,32368,597.606
layernorm,32384,600.966
layernorm,32400,597.435
layernorm,32416,598.731
layernorm,32432,600.502
layernorm,32448,600.545
layernorm,32464,599.553
layernorm,32480,599.046
layernorm,32496,603.185
layernorm,32512,601.473
layernorm,32528,602.598
layernorm,32544,601.495
layernorm,32560,601.254
layernorm,32576,601.553
layernorm,32592,602.801
layernorm,32608,602.577
layernorm,32624,603.761
layernorm,32640,603.495
layernorm,32656,605.276
layernorm,32672,601.686
layernorm,32688,600.929
layernorm,32704,603.905
layernorm,32720,602.625
layernorm,32736,604.155
layernorm,32752,606.358
layernorm,32768,604.177
o_proj,1,14.4213
o_proj,2,10.8697
o_proj,3,10.9017
o_proj,4,10.8377
o_proj,5,10.923
o_proj,6,11.0187
o_proj,7,10.88
o_proj,8,10.923
o_proj,9,10.7957
o_proj,10,11.008
o_proj,11,10.9867
o_proj,12,10.9543
o_proj,13,10.8057
o_proj,14,11.0407
o_proj,15,10.9333
o_proj,16,10.8273
o_proj,20,14.4643
o_proj,24,14.3893
o_proj,28,14.379
o_proj,32,14.4003
o_proj,36,14.443
o_proj,40,14.4533
o_proj,44,14.5177
o_proj,48,14.4643
o_proj,52,14.6033
o_proj,56,14.603
o_proj,60,14.784
o_proj,64,23.328
o_proj,80,24.139
o_proj,96,24.1817
o_proj,112,15.1893
o_proj,128,15.6697
o_proj,144,24.0753
o_proj,160,23.9787
o_proj,176,23.9367
o_proj,192,24.065
o_proj,208,24.1497
o_proj,224,24.182
o_proj,240,24.182
o_proj,256,24.2027
o_proj,272,46.8487
o_proj,288,46.8277
o_proj,304,47.009
o_proj,320,47.073
o_proj,336,46.785
o_proj,352,65.324
o_proj,368,66.625
o_proj,384,67.159
o_proj,400,46.454
o_proj,416,46.3793
o_proj,432,46.5183
o_proj,448,46.5927
o_proj,464,47.4037
o_proj,480,47.329
o_proj,496,47.499
o_proj,512,47.361
o_proj,528,60.2463
o_proj,544,60.4277
o_proj,560,60.0547
o_proj,576,60.268
o_proj,592,87.4787
o_proj,608,87.5643
o_proj,624,87.703
o_proj,640,67.756
o_proj,656,67.5743
o_proj,672,67.6917
o_proj,688,67.6277
o_proj,704,67.863
o_proj,720,89.9957
o_proj,736,90.1133
o_proj,752,90.3167
o_proj,768,90.1457
o_proj,784,83.8847
o_proj,800,83.884
o_proj,816,83.8943
o_proj,832,84.289
o_proj,848,84.2683
o_proj,864,84.3
o_proj,880,84.3107
o_proj,896,84.332
o_proj,912,84.3537
o_proj,928,84.311
o_proj,944,84.0763
o_proj,960,83.8733
o_proj,976,83.9697
o_proj,992,84.0013
o_proj,1008,83.991
o_proj,1024,84.3107
o_proj,1040,165.912
o_proj,1056,165.87
o_proj,1072,166.157
o_proj,1088,166.126
o_proj,1104,165.998
o_proj,1120,166.168
o_proj,1136,166.392
o_proj,1152,166.296
o_proj,1168,123.192
o_proj,1184,122.957
o_proj,1200,122.989
o_proj,1216,123.127
o_proj,1232,122.999
o_proj,1248,170.36
o_proj,1264,170.19
o_proj,1280,170.649
o_proj,1296,170.531
o_proj,1312,170.285
o_proj,1328,170.616
o_proj,1344,170.659
o_proj,1360,169.795
o_proj,1376,169.795
o_proj,1392,170.019
o_proj,1408,169.848
o_proj,1424,170.521
o_proj,1440,170.606
o_proj,1456,170.531
o_proj,1472,170.648
o_proj,1488,170.691
o_proj,1504,170.595
o_proj,1520,170.222
o_proj,1536,170.232
o_proj,1552,170.382
o_proj,1568,170.414
o_proj,1584,170.638
o_proj,1600,170.574
o_proj,1616,170.307
o_proj,1632,170.232
o_proj,1648,170.607
o_proj,1664,170.104
o_proj,1680,170.552
o_proj,1696,170.851
o_proj,1712,170.595
o_proj,1728,170.648
o_proj,1744,170.926
o_proj,1760,170.979
o_proj,1776,170.638
o_proj,1792,170.595
o_proj,1808,170.584
o_proj,1824,171.161
o_proj,1840,170.723
o_proj,1856,170.51
o_proj,1872,171.448
o_proj,1888,171.203
o_proj,1904,171.075
o_proj,1920,171.235
o_proj,1936,171.31
o_proj,1952,171.726
o_proj,1968,171.587
o_proj,1984,171.267
o_proj,2000,171.064
o_proj,2016,171.608
o_proj,2032,171.598
o_proj,2048,171.63
o_proj,2064,171.022
o_proj,2080,171.171
o_proj,2096,170.936
o_proj,2112,171.32
o_proj,2128,171.662
o_proj,2144,171
o_proj,2160,171.843
o_proj,2176,172.238
o_proj,2192,253.7
o_proj,2208,253.839
o_proj,2224,253.871
o_proj,2240,254.17
o_proj,2256,254.469
o_proj,2272,254.042
o_proj,2288,254.02
o_proj,2304,254.767
o_proj,2320,254.308
o_proj,2336,254.469
o_proj,2352,254.649
o_proj,2368,254.361
o_proj,2384,254.799
o_proj,2400,254.725
o_proj,2416,254.17
o_proj,2432,254.65
o_proj,2448,254.543
o_proj,2464,254.543
o_proj,2480,254.287
o_proj,2496,254.511
o_proj,2512,254.703
o_proj,2528,253.903
o_proj,2544,254.361
o_proj,2560,254.66
o_proj,2576,254.778
o_proj,2592,254.405
o_proj,2608,254.32
o_proj,2624,254.543
o_proj,2640,254.309
o_proj,2656,254.575
o_proj,2672,253.807
o_proj,2688,254.426
o_proj,2704,254.916
o_proj,2720,254.447
o_proj,2736,254.426
o_proj,2752,254.415
o_proj,2768,254.799
o_proj,2784,254.682
o_proj,2800,254.693
o_proj,2816,254.788
o_proj,2832,255.108
o_proj,2848,254.544
o_proj,2864,254.724
o_proj,2880,254.916
o_proj,2896,255.204
o_proj,2912,255.29
o_proj,2928,255.044
o_proj,2944,255.29
o_proj,2960,254.682
o_proj,2976,255.001
o_proj,2992,254.905
o_proj,3008,255.663
o_proj,3024,254.948
o_proj,3040,255.162
o_proj,3056,255.13
o_proj,3072,255.429
o_proj,3088,255.289
o_proj,3104,255.546
o_proj,3120,255.3
o_proj,3136,255.76
o_proj,3152,255.343
o_proj,3168,255.14
o_proj,3184,255.408
o_proj,3200,255.578
o_proj,3216,337.019
o_proj,3232,337.179
o_proj,3248,337.062
o_proj,3264,336.881
o_proj,3280,337.211
o_proj,3296,337.243
o_proj,3312,337.329
o_proj,3328,337.627
o_proj,3344,338.14
o_proj,3360,338.118
o_proj,3376,338.193
o_proj,3392,337.819
o_proj,3408,338.054
o_proj,3424,337.68
o_proj,3440,338.086
o_proj,3456,338.16
o_proj,3472,337.808
o_proj,3488,337.83
o_proj,3504,338.054
o_proj,3520,337.585
o_proj,3536,338.332
o_proj,3552,337.765
o_proj,3568,338.385
o_proj,3584,338.001
o_proj,3600,337.979
o_proj,3616,338.054
o_proj,3632,338.449
o_proj,3648,337.819
o_proj,3664,338.459
o_proj,3680,338.075
o_proj,3696,338.289
o_proj,3712,338.513
o_proj,3728,338.278
o_proj,3744,338.342
o_proj,3760,337.969
o_proj,3776,338.16
o_proj,3792,337.755
o_proj,3808,338.353
o_proj,3824,338.598
o_proj,3840,338.619
o_proj,3856,338.278
o_proj,3872,321.296
o_proj,3888,320.987
o_proj,3904,321.253
o_proj,3920,320.997
o_proj,3936,321.157
o_proj,3952,320.944
o_proj,3968,320.763
o_proj,3984,321.285
o_proj,4000,321.158
o_proj,4016,321.35
o_proj,4032,321.329
o_proj,4048,321.414
o_proj,4064,321.403
o_proj,4080,321.392
o_proj,4096,321.819
o_proj,4112,321.659
o_proj,4128,321.873
o_proj,4144,321.627
o_proj,4160,321.669
o_proj,4176,321.638
o_proj,4192,321.755
o_proj,4208,321.798
o_proj,4224,321.851
o_proj,4240,322.534
o_proj,4256,322.352
o_proj,4272,322.48
o_proj,4288,322.182
o_proj,4304,322.459
o_proj,4320,322.587
o_proj,4336,322.417
o_proj,4352,322.426
o_proj,4368,359.815
o_proj,4384,359.761
o_proj,4400,359.547
o_proj,4416,359.974
o_proj,4432,359.782
o_proj,4448,359.612
o_proj,4464,359.953
o_proj,4480,360.103
o_proj,4496,360.433
o_proj,4512,360.23
o_proj,4528,360.283
o_proj,4544,360.219
o_proj,4560,360.7
o_proj,4576,360.581
o_proj,4592,360.849
o_proj,4608,360.529
o_proj,4624,360.646
o_proj,4640,361.073
o_proj,4656,360.678
o_proj,4672,361.179
o_proj,4688,361.201
o_proj,4704,360.86
o_proj,4720,360.945
o_proj,4736,361.18
o_proj,4752,361.831
o_proj,4768,361.692
o_proj,4784,361.574
o_proj,4800,361.617
o_proj,4816,361.436
o_proj,4832,361.595
o_proj,4848,361.585
o_proj,4864,361.873
o_proj,4880,398.503
o_proj,4896,398.716
o_proj,4912,398.887
o_proj,4928,398.866
o_proj,4944,399.004
o_proj,4960,398.631
o_proj,4976,398.834
o_proj,4992,398.322
o_proj,5008,399.239
o_proj,5024,399.314
o_proj,5040,399.346
o_proj,5056,399.474
o_proj,5072,399.463
o_proj,5088,399.58
o_proj,5104,399.719
o_proj,5120,399.474
o_proj,5136,400.018
o_proj,5152,400.039
o_proj,5168,400.028
o_proj,5184,400.156
o_proj,5200,400.434
o_proj,5216,400.37
o_proj,5232,400.519
o_proj,5248,399.698
o_proj,5264,400.903
o_proj,5280,400.807
o_proj,5296,401.031
o_proj,5312,400.946
o_proj,5328,400.935
o_proj,5344,400.881
o_proj,5360,400.732
o_proj,5376,400.732
o_proj,5392,438.312
o_proj,5408,437.757
o_proj,5424,437.906
o_proj,5440,437.532
o_proj,5456,438.237
o_proj,5472,438.504
o_proj,5488,438.227
o_proj,5504,438.056
o_proj,5520,438.909
o_proj,5536,438.568
o_proj,5552,438.514
o_proj,5568,438.664
o_proj,5584,438.706
o_proj,5600,438.717
o_proj,5616,438.813
o_proj,5632,438.824
o_proj,5648,439.005
o_proj,5664,439.154
o_proj,5680,439.186
o_proj,5696,439.506
o_proj,5712,439.389
o_proj,5728,439.294
o_proj,5744,439.699
o_proj,5760,439.026
o_proj,5776,439.933
o_proj,5792,439.847
o_proj,5808,439.752
o_proj,5824,439.655
o_proj,5840,439.827
o_proj,5856,439.773
o_proj,5872,439.421
o_proj,5888,439.474
o_proj,5904,476.392
o_proj,5920,476.349
o_proj,5936,476.478
o_proj,5952,475.732
o_proj,5968,475.849
o_proj,5984,476.264
o_proj,6000,476.104
o_proj,6016,476.541
o_proj,6032,477.598
o_proj,6048,477.47
o_proj,6064,477.64
o_proj,6080,477.705
o_proj,6096,477.31
o_proj,6112,477.427
o_proj,6128,477.523
o_proj,6144,477.566
o_proj,6160,478.451
o_proj,6176,478.537
o_proj,6192,478.291
o_proj,6208,478.611
o_proj,6224,478.675
o_proj,6240,478.793
o_proj,6256,479.07
o_proj,6272,478.793
o_proj,6288,478.942
o_proj,6304,479.379
o_proj,6320,479.273
o_proj,6336,479.336
o_proj,6352,479.145
o_proj,6368,479.497
o_proj,6384,479.667
o_proj,6400,479.336
o_proj,6416,480.371
o_proj,6432,480.52
o_proj,6448,480.051
o_proj,6464,479.955
o_proj,6480,479.753
o_proj,6496,480.425
o_proj,6512,479.998
o_proj,6528,480.051
o_proj,6544,516.574
o_proj,6560,516.286
o_proj,6576,516.67
o_proj,6592,516.585
o_proj,6608,516.372
o_proj,6624,517.012
o_proj,6640,516.873
o_proj,6656,516.884
o_proj,6672,517.118
o_proj,6688,517.438
o_proj,6704,517.214
o_proj,6720,517.3
o_proj,6736,517.47
o_proj,6752,517.321
o_proj,6768,517.78
o_proj,6784,517.46
o_proj,6800,517.971
o_proj,6816,518.27
o_proj,6832,518.185
o_proj,6848,517.908
o_proj,6864,518.218
o_proj,6880,518.036
o_proj,6896,518.26
o_proj,6912,518.27
o_proj,6928,518.985
o_proj,6944,519.038
o_proj,6960,518.804
o_proj,6976,518.804
o_proj,6992,518.9
o_proj,7008,518.697
o_proj,7024,518.58
o_proj,7040,518.9
o_proj,7056,554.911
o_proj,7072,555.519
o_proj,7088,555.38
o_proj,7104,555.402
o_proj,7120,555.157
o_proj,7136,555.028
o_proj,7152,555.114
o_proj,7168,554.954
o_proj,7184,556.106
o_proj,7200,556.084
o_proj,7216,556.554
o_proj,7232,556.511
o_proj,7248,556.97
o_proj,7264,556.703
o_proj,7280,556.244
o_proj,7296,556.885
o_proj,7312,557.141
o_proj,7328,557.204
o_proj,7344,557.589
o_proj,7360,557.61
o_proj,7376,557.045
o_proj,7392,557.311
o_proj,7408,557.535
o_proj,7424,556.98
o_proj,7440,558.197
o_proj,7456,558.026
o_proj,7472,557.941
o_proj,7488,557.855
o_proj,7504,557.909
o_proj,7520,557.982
o_proj,7536,557.951
o_proj,7552,557.898
o_proj,7568,594.015
o_proj,7584,594.432
o_proj,7600,594.048
o_proj,7616,593.813
o_proj,7632,594.357
o_proj,7648,594.24
o_proj,7664,594.069
o_proj,7680,593.663
o_proj,7696,595.253
o_proj,7712,595.531
o_proj,7728,595.221
o_proj,7744,595.381
o_proj,7760,595.722
o_proj,7776,595.446
o_proj,7792,595.424
o_proj,7808,595.808
o_proj,7824,596.043
o_proj,7840,595.659
o_proj,7856,596.245
o_proj,7872,596.214
o_proj,7888,596
o_proj,7904,596.576
o_proj,7920,596.075
o_proj,7936,596.33
o_proj,7952,596.874
o_proj,7968,640.214
o_proj,7984,640.171
o_proj,8000,640.502
o_proj,8016,640.278
o_proj,8032,640.47
o_proj,8048,640.513
o_proj,8064,640.523
o_proj,8080,679.553
o_proj,8096,679.607
o_proj,8112,679.51
o_proj,8128,679.372
o_proj,8144,679.67
o_proj,8160,666.892
o_proj,8176,667.052
o_proj,8192,667.232
o_proj,8208,667.863
o_proj,8224,667.478
o_proj,8240,667.735
o_proj,8256,666.902
o_proj,8272,667.916
o_proj,8288,667.191
o_proj,8304,667.222
o_proj,8320,667.319
o_proj,8336,667.788
o_proj,8352,667.777
o_proj,8368,667.351
o_proj,8384,667.756
o_proj,8400,667.489
o_proj,8416,667.051
o_proj,8432,667.948
o_proj,8448,667.809
o_proj,8464,667.67
o_proj,8480,668.342
o_proj,8496,668.278
o_proj,8512,667.841
o_proj,8528,667.735
o_proj,8544,667.628
o_proj,8560,667.734
o_proj,8576,668.395
o_proj,8592,668.182
o_proj,8608,668.395
o_proj,8624,668.449
o_proj,8640,667.809
o_proj,8656,668.193
o_proj,8672,667.958
o_proj,8688,668.31
o_proj,8704,667.713
o_proj,8720,749.037
o_proj,8736,745.623
o_proj,8752,746.413
o_proj,8768,747.48
o_proj,8784,746.019
o_proj,8800,747.437
o_proj,8816,748.301
o_proj,8832,746.744
o_proj,8848,749.197
o_proj,8864,747.874
o_proj,8880,750.051
o_proj,8896,749.443
o_proj,8912,749.826
o_proj,8928,749.005
o_proj,8944,749.389
o_proj,8960,749.763
o_proj,8976,749.784
o_proj,8992,750.104
o_proj,9008,749.827
o_proj,9024,675.18
o_proj,9040,675.265
o_proj,9056,674.796
o_proj,9072,675.213
o_proj,9088,674.934
o_proj,9104,675.851
o_proj,9120,676.044
o_proj,9136,676.247
o_proj,9152,676.14
o_proj,9168,676.055
o_proj,9184,676.311
o_proj,9200,676.054
o_proj,9216,676.29
o_proj,9232,711.554
o_proj,9248,712.13
o_proj,9264,712.034
o_proj,9280,712.354
o_proj,9296,712.279
o_proj,9312,713.185
o_proj,9328,712.973
o_proj,9344,712.503
o_proj,9360,713.698
o_proj,9376,713.057
o_proj,9392,713.602
o_proj,9408,713.26
o_proj,9424,713.026
o_proj,9440,713.069
o_proj,9456,712.994
o_proj,9472,712.919
o_proj,9488,714.082
o_proj,9504,713.922
o_proj,9520,714.541
o_proj,9536,714.69
o_proj,9552,714.658
o_proj,9568,714.263
o_proj,9584,714.188
o_proj,9600,714.199
o_proj,9616,714.786
o_proj,9632,714.893
o_proj,9648,714.871
o_proj,9664,715.266
o_proj,9680,715.031
o_proj,9696,714.85
o_proj,9712,715.138
o_proj,9728,714.828
o_proj,9744,750.829
o_proj,9760,750.947
o_proj,9776,751.33
o_proj,9792,751.522
o_proj,9808,750.979
o_proj,9824,751.501
o_proj,9840,750.915
o_proj,9856,751.693
o_proj,9872,753.197
o_proj,9888,752.6
o_proj,9904,752.056
o_proj,9920,753.058
o_proj,9936,752.525
o_proj,9952,752.653
o_proj,9968,752.205
o_proj,9984,752.483
o_proj,10000,753.016
o_proj,10016,753.261
o_proj,10032,752.984
o_proj,10048,753.325
o_proj,10064,753.443
o_proj,10080,753.325
o_proj,10096,752.92
o_proj,10112,753.101
o_proj,10128,754.445
o_proj,10144,754.179
o_proj,10160,754.104
o_proj,10176,754.349
o_proj,10192,754.232
o_proj,10208,754.403
o_proj,10224,754.221
o_proj,10240,832.164
o_proj,10256,834.329
o_proj,10272,831.951
o_proj,10288,833.625
o_proj,10304,833.082
o_proj,10320,834.01
o_proj,10336,833.326
o_proj,10352,832.079
o_proj,10368,832.964
o_proj,10384,833.807
o_proj,10400,834.137
o_proj,10416,832.452
o_proj,10432,833.21
o_proj,10448,833.294
o_proj,10464,833.434
o_proj,10480,833.317
o_proj,10496,833.274
o_proj,10512,833.39
o_proj,10528,833.658
o_proj,10544,832.505
o_proj,10560,833.754
o_proj,10576,833.391
o_proj,10592,833.988
o_proj,10608,832.399
o_proj,10624,832.879
o_proj,10640,832.463
o_proj,10656,833.913
o_proj,10672,833.476
o_proj,10688,832.506
o_proj,10704,833.54
o_proj,10720,832.911
o_proj,10736,834.159
o_proj,10752,833.828
o_proj,10768,834.18
o_proj,10784,833.924
o_proj,10800,833.434
o_proj,10816,834.874
o_proj,10832,833.593
o_proj,10848,833.828
o_proj,10864,833.465
o_proj,10880,832.73
o_proj,10896,912.784
o_proj,10912,911.803
o_proj,10928,913.542
o_proj,10944,910.79
o_proj,10960,912.56
o_proj,10976,912.358
o_proj,10992,913.659
o_proj,11008,915.493
o_proj,11024,914.31
o_proj,11040,913.083
o_proj,11056,913.371
o_proj,11072,914.896
o_proj,11088,912.806
o_proj,11104,914.576
o_proj,11120,913.552
o_proj,11136,915.525
o_proj,11152,915.674
o_proj,11168,913.659
o_proj,11184,914.768
o_proj,11200,915.962
o_proj,11216,915.216
o_proj,11232,913.083
o_proj,11248,914.576
o_proj,11264,915.344
o_proj,11280,916.582
o_proj,11296,917.083
o_proj,11312,914.15
o_proj,11328,916.624
o_proj,11344,914.534
o_proj,11360,915.387
o_proj,11376,915.6
o_proj,11392,916.337
o_proj,11408,914.896
o_proj,11424,916.219
o_proj,11440,916.101
o_proj,11456,916.049
o_proj,11472,914.448
o_proj,11488,914
o_proj,11504,915.355
o_proj,11520,916.827
o_proj,11536,915.515
o_proj,11552,915.494
o_proj,11568,916.688
o_proj,11584,914.982
o_proj,11600,916.272
o_proj,11616,916.091
o_proj,11632,915.685
o_proj,11648,914.832
o_proj,11664,916.209
o_proj,11680,915.813
o_proj,11696,916.229
o_proj,11712,915.697
o_proj,11728,914.704
o_proj,11744,915.973
o_proj,11760,916.016
o_proj,11776,916.581
o_proj,11792,915.781
o_proj,11808,915.632
o_proj,11824,915.76
o_proj,11840,915.739
o_proj,11856,916.208
o_proj,11872,916.613
o_proj,11888,916.219
o_proj,11904,914.693
o_proj,11920,991.783
o_proj,11936,988.476
o_proj,11952,991.698
o_proj,11968,864.389
o_proj,11984,873.647
o_proj,12000,864.741
o_proj,12016,864.144
o_proj,12032,864.645
o_proj,12048,866.511
o_proj,12064,994.429
o_proj,12080,995.399
o_proj,12096,997.511
o_proj,12112,998.034
o_proj,12128,985.809
o_proj,12144,989.606
o_proj,12160,985.681
o_proj,12176,988.838
o_proj,12192,988.252
o_proj,12208,996.69
o_proj,12224,980.711
o_proj,12240,981.266
o_proj,12256,981.191
o_proj,12272,980.135
o_proj,12288,980.018
o_proj,12304,997.031
o_proj,12320,996.242
o_proj,12336,973.127
o_proj,12352,971.313
o_proj,12368,971.292
o_proj,12384,965.5
o_proj,12400,965.031
o_proj,12416,965.19
o_proj,12432,964.838
o_proj,12448,965.031
o_proj,12464,999.356
o_proj,12480,966.14
o_proj,12496,964.742
o_proj,12512,957.105
o_proj,12528,958.887
o_proj,12544,957.244
o_proj,12560,956.924
o_proj,12576,998.364
o_proj,12592,951.164
o_proj,12608,949.521
o_proj,12624,949.478
o_proj,12640,950.502
o_proj,12656,941.265
o_proj,12672,941.681
o_proj,12688,942.331
o_proj,12704,941.937
o_proj,12720,942.288
o_proj,12736,988.124
o_proj,12752,998.802
o_proj,12768,942.769
o_proj,12784,942.331
o_proj,12800,942.534
o_proj,12816,942.96
o_proj,12832,935.526
o_proj,12848,934.246
o_proj,12864,934.992
o_proj,12880,935.377
o_proj,12896,927.356
o_proj,12912,929.477
o_proj,12928,929.905
o_proj,12944,927.206
o_proj,12960,926
o_proj,12976,1000.04
o_proj,12992,929.915
o_proj,13008,930.097
o_proj,13024,920.262
o_proj,13040,920.528
o_proj,13056,922.022
o_proj,13072,986.226
o_proj,13088,988.327
o_proj,13104,958.747
o_proj,13120,961.532
o_proj,13136,961.927
o_proj,13152,955.132
o_proj,13168,953.084
o_proj,13184,953.905
o_proj,13200,952.508
o_proj,13216,953.991
o_proj,13232,1048.19
o_proj,13248,1076.53
o_proj,13264,963.25
o_proj,13280,945.904
o_proj,13296,944.71
o_proj,13312,946.748
o_proj,13328,947.228
o_proj,13344,982.94
o_proj,13360,1076.98
o_proj,13376,948.028
o_proj,13392,943.803
o_proj,13408,947.941
o_proj,13424,948.881
o_proj,13440,948.081
o_proj,13456,949.926
o_proj,13472,949.617
o_proj,13488,948.923
o_proj,13504,951.708
o_proj,13520,951.686
o_proj,13536,949.115
o_proj,13552,948.572
o_proj,13568,949.798
o_proj,13584,951.622
o_proj,13600,951.782
o_proj,13616,952.977
o_proj,13632,953.467
o_proj,13648,951.42
o_proj,13664,950.79
o_proj,13680,951.537
o_proj,13696,953.713
o_proj,13712,951.527
o_proj,13728,952.359
o_proj,13744,949.936
o_proj,13760,953.222
o_proj,13776,951.889
o_proj,13792,951.878
o_proj,13808,952.519
o_proj,13824,951.868
o_proj,13840,950.63
o_proj,13856,952.38
o_proj,13872,955.004
o_proj,13888,953.628
o_proj,13904,952.177
o_proj,13920,951.964
o_proj,13936,951.398
o_proj,13952,952.316
o_proj,13968,951.739
o_proj,13984,951.686
o_proj,14000,951.772
o_proj,14016,952.454
o_proj,14032,953.094
o_proj,14048,955.174
o_proj,14064,953.383
o_proj,14080,953.98
o_proj,14096,1016.04
o_proj,14112,1013.5
o_proj,14128,1016.01
o_proj,14144,1015.56
o_proj,14160,1016.73
o_proj,14176,1016
o_proj,14192,1014.03
o_proj,14208,1015.74
o_proj,14224,1020.16
o_proj,14240,1022.7
o_proj,14256,1015.21
o_proj,14272,1014.58
o_proj,14288,1019.77
o_proj,14304,1018.07
o_proj,14320,1023.89
o_proj,14336,1018.34
o_proj,14352,1018.46
o_proj,14368,1020.63
o_proj,14384,1018.3
o_proj,14400,1017.96
o_proj,14416,1023.3
o_proj,14432,1019.79
o_proj,14448,1016.85
o_proj,14464,1020.82
o_proj,14480,1021.28
o_proj,14496,1023.85
o_proj,14512,1024.1
o_proj,14528,1021.11
o_proj,14544,1024.53
o_proj,14560,1024.29
o_proj,14576,1024.79
o_proj,14592,1022.76
o_proj,14608,1021.97
o_proj,14624,1025.43
o_proj,14640,1022.25
o_proj,14656,1023.65
o_proj,14672,1025.81
o_proj,14688,1023.35
o_proj,14704,1023.35
o_proj,14720,1023.34
o_proj,14736,1024.06
o_proj,14752,1026.57
o_proj,14768,1024.29
o_proj,14784,1024.34
o_proj,14800,1024.43
o_proj,14816,1024.56
o_proj,14832,1026.67
o_proj,14848,1023.98
o_proj,14864,1024.26
o_proj,14880,1026.03
o_proj,14896,1023.87
o_proj,14912,1025.73
o_proj,14928,1026.66
o_proj,14944,1024.77
o_proj,14960,1026.03
o_proj,14976,1025.77
o_proj,14992,1025.74
o_proj,15008,1026.42
o_proj,15024,1024.29
o_proj,15040,1024.57
o_proj,15056,1026.01
o_proj,15072,1026.78
o_proj,15088,1024.92
o_proj,15104,1023.58
o_proj,15120,1025.81
o_proj,15136,1027.62
o_proj,15152,1027.93
o_proj,15168,1024.81
o_proj,15184,1024.75
o_proj,15200,1026.41
o_proj,15216,1025.71
o_proj,15232,1027.44
o_proj,15248,1088.39
o_proj,15264,1091.54
o_proj,15280,1088.61
o_proj,15296,1090.23
o_proj,15312,1089.15
o_proj,15328,1088.29
o_proj,15344,1089.84
o_proj,15360,1088.77
o_proj,15376,1092.82
o_proj,15392,1090.97
o_proj,15408,1094.94
o_proj,15424,1086.61
o_proj,15440,1090.65
o_proj,15456,1088.4
o_proj,15472,1091.03
o_proj,15488,1089.61
o_proj,15504,1089.59
o_proj,15520,1091.91
o_proj,15536,1095.56
o_proj,15552,1092.29
o_proj,15568,1093.16
o_proj,15584,1096.3
o_proj,15600,1092.44
o_proj,15616,1091.68
o_proj,15632,1093.81
o_proj,15648,1095.14
o_proj,15664,1096.31
o_proj,15680,1095.51
o_proj,15696,1095.72
o_proj,15712,1096.72
o_proj,15728,1098.13
o_proj,15744,1094.67
o_proj,15760,1094.32
o_proj,15776,1094.17
o_proj,15792,1095.36
o_proj,15808,1095.31
o_proj,15824,1098.73
o_proj,15840,1095.97
o_proj,15856,1096.2
o_proj,15872,1098.11
o_proj,15888,1094.65
o_proj,15904,1096.2
o_proj,15920,1097.96
o_proj,15936,1095.38
o_proj,15952,1096.12
o_proj,15968,1097.75
o_proj,15984,1096.08
o_proj,16000,1096.14
o_proj,16016,1095.82
o_proj,16032,1096.14
o_proj,16048,1096.08
o_proj,16064,1095.59
o_proj,16080,1098.05
o_proj,16096,1096.29
o_proj,16112,1097.07
o_proj,16128,1096.88
o_proj,16144,1099.18
o_proj,16160,1097.84
o_proj,16176,1097.91
o_proj,16192,1100.58
o_proj,16208,1096.81
o_proj,16224,1098.39
o_proj,16240,1097.24
o_proj,16256,1097.11
o_proj,16272,1160.03
o_proj,16288,1158.37
o_proj,16304,1157
o_proj,16320,1158.13
o_proj,16336,1158.57
o_proj,16352,1159.04
o_proj,16368,1157.7
o_proj,16384,1158.42
o_proj,16400,1161.18
o_proj,16416,1165.98
o_proj,16432,1165.05
o_proj,16448,1158.97
o_proj,16464,1161.73
o_proj,16480,1161.02
o_proj,16496,1162.52
o_proj,16512,1160.52
o_proj,16528,1162.7
o_proj,16544,1164.1
o_proj,16560,1168.6
o_proj,16576,1170.61
o_proj,16592,1163.5
o_proj,16608,1165.27
o_proj,16624,1165.88
o_proj,16640,1164.45
o_proj,16656,1162.51
o_proj,16672,1169.59
o_proj,16688,1166.31
o_proj,16704,1170.07
o_proj,16720,1165.36
o_proj,16736,1165.07
o_proj,16752,1167.65
o_proj,16768,1165.47
o_proj,16784,1173.65
o_proj,16800,1170.34
o_proj,16816,1169.61
o_proj,16832,1169.77
o_proj,16848,1166.74
o_proj,16864,1168.35
o_proj,16880,1169.96
o_proj,16896,1173.42
o_proj,16912,1170.53
o_proj,16928,1172.52
o_proj,16944,1173.88
o_proj,16960,1168.53
o_proj,16976,1169.72
o_proj,16992,1171.96
o_proj,17008,1169.88
o_proj,17024,1167.49
o_proj,17040,1170.29
o_proj,17056,1178.63
o_proj,17072,1172.6
o_proj,17088,1171.75
o_proj,17104,1169
o_proj,17120,1168.5
o_proj,17136,1173.85
o_proj,17152,1171.08
o_proj,17168,1176.96
o_proj,17184,1173.08
o_proj,17200,1169.33
o_proj,17216,1178.11
o_proj,17232,1170.67
o_proj,17248,1169.76
o_proj,17264,1169.45
o_proj,17280,1170.53
o_proj,17296,1170.2
o_proj,17312,1174.74
o_proj,17328,1178.09
o_proj,17344,1175.16
o_proj,17360,1170.02
o_proj,17376,1161.91
o_proj,17392,1163.39
o_proj,17408,1162.26
o_proj,17424,1226.49
o_proj,17440,1226.98
o_proj,17456,1223.12
o_proj,17472,1226.4
o_proj,17488,1222.25
o_proj,17504,1226.66
o_proj,17520,1226.76
o_proj,17536,1227.01
o_proj,17552,1225.71
o_proj,17568,1230.67
o_proj,17584,1228.9
o_proj,17600,1226.56
o_proj,17616,1226.82
o_proj,17632,1223.47
o_proj,17648,1230.04
o_proj,17664,1223.86
o_proj,17680,1228.43
o_proj,17696,1227.96
o_proj,17712,1232.25
o_proj,17728,1229.24
o_proj,17744,1232.72
o_proj,17760,1232.13
o_proj,17776,1227.66
o_proj,17792,1225.55
o_proj,17808,1232.96
o_proj,17824,1230.88
o_proj,17840,1234.13
o_proj,17856,1228.15
o_proj,17872,1228.68
o_proj,17888,1229.68
o_proj,17904,1236.4
o_proj,17920,1227.22
o_proj,17936,1233.66
o_proj,17952,1232.92
o_proj,17968,1235.56
o_proj,17984,1236.44
o_proj,18000,1243.32
o_proj,18016,1230.85
o_proj,18032,1232.17
o_proj,18048,1234.48
o_proj,18064,1236.64
o_proj,18080,1236.77
o_proj,18096,1235.79
o_proj,18112,1245.19
o_proj,18128,1235.6
o_proj,18144,1235.22
o_proj,18160,1238.66
o_proj,18176,1233.68
o_proj,18192,1236.28
o_proj,18208,1235.41
o_proj,18224,1232.96
o_proj,18240,1236.69
o_proj,18256,1235.68
o_proj,18272,1236.56
o_proj,18288,1245.17
o_proj,18304,1242.28
o_proj,18320,1239.61
o_proj,18336,1242.12
o_proj,18352,1246.25
o_proj,18368,1242.92
o_proj,18384,1243.36
o_proj,18400,1235.79
o_proj,18416,1235.09
o_proj,18432,1234.37
o_proj,18448,1297.82
o_proj,18464,1294.68
o_proj,18480,1302.55
o_proj,18496,1304.47
o_proj,18512,1296.49
o_proj,18528,1297.39
o_proj,18544,1301.24
o_proj,18560,1302.42
o_proj,18576,1293.43
o_proj,18592,1308.7
o_proj,18608,1300.97
o_proj,18624,1306.82
o_proj,18640,1298.52
o_proj,18656,1303.42
o_proj,18672,1297.84
o_proj,18688,1298.17
o_proj,18704,1306.24
o_proj,18720,1307.79
o_proj,18736,1296.13
o_proj,18752,1300.33
o_proj,18768,1303.35
o_proj,18784,1294.86
o_proj,18800,1299.23
o_proj,18816,1308.44
o_proj,18832,1312.21
o_proj,18848,1312.33
o_proj,18864,1304.7
o_proj,18880,1305.03
o_proj,18896,1302.62
o_proj,18912,1304.25
o_proj,18928,1308.43
o_proj,18944,1305.91
o_proj,18960,1306.57
o_proj,18976,1308.4
o_proj,18992,1308.16
o_proj,19008,1311.47
o_proj,19024,1305.67
o_proj,19040,1306.59
o_proj,19056,1311.89
o_proj,19072,1301.22
o_proj,19088,1307.6
o_proj,19104,1310.37
o_proj,19120,1310.23
o_proj,19136,1312.48
o_proj,19152,1313.03
o_proj,19168,1316.33
o_proj,19184,1309.25
o_proj,19200,1303.79
o_proj,19216,1309.29
o_proj,19232,1311.19
o_proj,19248,1318.34
o_proj,19264,1307.91
o_proj,19280,1309.59
o_proj,19296,1309.93
o_proj,19312,1312.26
o_proj,19328,1312.31
o_proj,19344,1311.04
o_proj,19360,1314.87
o_proj,19376,1312.28
o_proj,19392,1313.24
o_proj,19408,1314.38
o_proj,19424,1315.06
o_proj,19440,1313.74
o_proj,19456,1307.42
o_proj,19472,1309.58
o_proj,19488,1318.24
o_proj,19504,1313.27
o_proj,19520,1314.33
o_proj,19536,1311.05
o_proj,19552,1308.08
o_proj,19568,1317.02
o_proj,19584,1310.88
o_proj,19600,1364.99
o_proj,19616,1372.14
o_proj,19632,1371.25
o_proj,19648,1374.18
o_proj,19664,1370.72
o_proj,19680,1370.63
o_proj,19696,1367.65
o_proj,19712,1370.95
o_proj,19728,1377.55
o_proj,19744,1371.93
o_proj,19760,1381.54
o_proj,19776,1370.86
o_proj,19792,1376.92
o_proj,19808,1376.14
o_proj,19824,1381.54
o_proj,19840,1375.65
o_proj,19856,1379.48
o_proj,19872,1381.21
o_proj,19888,1377.73
o_proj,19904,1379.73
o_proj,19920,1377.51
o_proj,19936,1373.66
o_proj,19952,1380.12
o_proj,19968,1377.86
o_proj,19984,1382.2
o_proj,20000,1382.19
o_proj,20016,1381.95
o_proj,20032,1381.82
o_proj,20048,1379.33
o_proj,20064,1378.77
o_proj,20080,1377.7
o_proj,20096,1380.99
o_proj,20112,1386.68
o_proj,20128,1387.62
o_proj,20144,1383.77
o_proj,20160,1384.1
o_proj,20176,1386.15
o_proj,20192,1382.52
o_proj,20208,1387.28
o_proj,20224,1381.47
o_proj,20240,1388.56
o_proj,20256,1390.45
o_proj,20272,1385.62
o_proj,20288,1385.36
o_proj,20304,1380.08
o_proj,20320,1387.83
o_proj,20336,1387.76
o_proj,20352,1379.4
o_proj,20368,1385.32
o_proj,20384,1381.86
o_proj,20400,1387.41
o_proj,20416,1386.56
o_proj,20432,1384.94
o_proj,20448,1382.42
o_proj,20464,1390.86
o_proj,20480,1382.11
o_proj,20496,1384.84
o_proj,20512,1387.3
o_proj,20528,1388.9
o_proj,20544,1388.59
o_proj,20560,1388.85
o_proj,20576,1387.65
o_proj,20592,1392.73
o_proj,20608,1390.18
o_proj,20624,1447.03
o_proj,20640,1443.46
o_proj,20656,1448.03
o_proj,20672,1443.54
o_proj,20688,1446.19
o_proj,20704,1447.78
o_proj,20720,1446.67
o_proj,20736,1441.54
o_proj,20752,1448.56
o_proj,20768,1452.75
o_proj,20784,1452.33
o_proj,20800,1445.51
o_proj,20816,1441.71
o_proj,20832,1446.43
o_proj,20848,1448.97
o_proj,20864,1448.41
o_proj,20880,1444.99
o_proj,20896,1445.96
o_proj,20912,1440.98
o_proj,20928,1452.7
o_proj,20944,1441.97
o_proj,20960,1450.83
o_proj,20976,1450.11
o_proj,20992,1444.19
o_proj,21008,1443.93
o_proj,21024,1454.17
o_proj,21040,1448.47
o_proj,21056,1447.91
o_proj,21072,1449.47
o_proj,21088,1454.43
o_proj,21104,1455.81
o_proj,21120,1440.87
o_proj,21136,1451.07
o_proj,21152,1454.93
o_proj,21168,1454.06
o_proj,21184,1453.5
o_proj,21200,1450
o_proj,21216,1459.6
o_proj,21232,1455.23
o_proj,21248,1461.46
o_proj,21264,1460.56
o_proj,21280,1459.27
o_proj,21296,1459.05
o_proj,21312,1454.52
o_proj,21328,1458.72
o_proj,21344,1458.57
o_proj,21360,1455.3
o_proj,21376,1452.25
o_proj,21392,1457.81
o_proj,21408,1458.36
o_proj,21424,1460.91
o_proj,21440,1457.12
o_proj,21456,1458.19
o_proj,21472,1459
o_proj,21488,1461.37
o_proj,21504,1463.44
o_proj,21520,1463.2
o_proj,21536,1462.27
o_proj,21552,1458.89
o_proj,21568,1455.61
o_proj,21584,1461.63
o_proj,21600,1458.95
o_proj,21616,1463.23
o_proj,21632,1462.15
o_proj,21648,1462.21
o_proj,21664,1458.33
o_proj,21680,1461.35
o_proj,21696,1463.93
o_proj,21712,1460.16
o_proj,21728,1458.4
o_proj,21744,1462.29
o_proj,21760,1460.32
o_proj,21776,1520.97
o_proj,21792,1525.8
o_proj,21808,1525.76
o_proj,21824,1520.51
o_proj,21840,1515.58
o_proj,21856,1516.82
o_proj,21872,1525.46
o_proj,21888,1511.58
o_proj,21904,1519.65
o_proj,21920,1518.11
o_proj,21936,1519.5
o_proj,21952,1523.79
o_proj,21968,1520.09
o_proj,21984,1518.6
o_proj,22000,1522.11
o_proj,22016,1513.59
o_proj,22032,1526.34
o_proj,22048,1524.84
o_proj,22064,1518.58
o_proj,22080,1521.89
o_proj,22096,1526.41
o_proj,22112,1525.85
o_proj,22128,1522.46
o_proj,22144,1524.3
o_proj,22160,1525.6
o_proj,22176,1526.45
o_proj,22192,1528.52
o_proj,22208,1528.67
o_proj,22224,1522.72
o_proj,22240,1530.85
o_proj,22256,1526.67
o_proj,22272,1525.67
o_proj,22288,1535.76
o_proj,22304,1531.25
o_proj,22320,1530.77
o_proj,22336,1532.05
o_proj,22352,1533.78
o_proj,22368,1527.43
o_proj,22384,1531.35
o_proj,22400,1535.35
o_proj,22416,1535.32
o_proj,22432,1533.17
o_proj,22448,1531.58
o_proj,22464,1532.55
o_proj,22480,1528.01
o_proj,22496,1531.7
o_proj,22512,1527.16
o_proj,22528,1531.04
o_proj,22544,1533.35
o_proj,22560,1538.22
o_proj,22576,1533.09
o_proj,22592,1530.73
o_proj,22608,1533.5
o_proj,22624,1533.97
o_proj,22640,1529.43
o_proj,22656,1529.63
o_proj,22672,1532.04
o_proj,22688,1531.97
o_proj,22704,1530.8
o_proj,22720,1535.72
o_proj,22736,1533.36
o_proj,22752,1530.3
o_proj,22768,1531.68
o_proj,22784,1530.25
o_proj,22800,1590.69
o_proj,22816,1590.8
o_proj,22832,1591.8
o_proj,22848,1594.21
o_proj,22864,1590.88
o_proj,22880,1586.58
o_proj,22896,1588.19
o_proj,22912,1588.51
o_proj,22928,1590.73
o_proj,22944,1592.91
o_proj,22960,1597.51
o_proj,22976,1592.59
o_proj,22992,1595.17
o_proj,23008,1591.93
o_proj,23024,1590.2
o_proj,23040,1592.82
o_proj,23056,1599.08
o_proj,23072,1595.13
o_proj,23088,1593.64
o_proj,23104,1593.4
o_proj,23120,1599.04
o_proj,23136,1599.65
o_proj,23152,1598.04
o_proj,23168,1595.67
o_proj,23184,1598.06
o_proj,23200,1605.59
o_proj,23216,1598.2
o_proj,23232,1602.3
o_proj,23248,1598.77
o_proj,23264,1598.24
o_proj,23280,1600.09
o_proj,23296,1598.41
o_proj,23312,1603.81
o_proj,23328,1602.54
o_proj,23344,1601.72
o_proj,23360,1604.99
o_proj,23376,1604.93
o_proj,23392,1597.18
o_proj,23408,1604.44
o_proj,23424,1600.01
o_proj,23440,1604.33
o_proj,23456,1604.21
o_proj,23472,1602.74
o_proj,23488,1605.31
o_proj,23504,1607.15
o_proj,23520,1604.96
o_proj,23536,1605.35
o_proj,23552,1601.13
o_proj,23568,1608.23
o_proj,23584,1606.44
o_proj,23600,1606.42
o_proj,23616,1608.05
o_proj,23632,1604.17
o_proj,23648,1608.17
o_proj,23664,1612.05
o_proj,23680,1602.15
o_proj,23696,1607.69
o_proj,23712,1611.14
o_proj,23728,1610.17
o_proj,23744,1606.8
o_proj,23760,1607.23
o_proj,23776,1606.37
o_proj,23792,1610.13
o_proj,23808,1603.19
o_proj,23824,1607.85
o_proj,23840,1605.55
o_proj,23856,1606.63
o_proj,23872,1610.59
o_proj,23888,1608.43
o_proj,23904,1602.88
o_proj,23920,1608.91
o_proj,23936,1604.81
o_proj,23952,1665.34
o_proj,23968,1666.62
o_proj,23984,1661.73
o_proj,24000,1667.32
o_proj,24016,1663.71
o_proj,24032,1669.74
o_proj,24048,1668.58
o_proj,24064,1669.08
o_proj,24080,1668.39
o_proj,24096,1668.79
o_proj,24112,1666.21
o_proj,24128,1669.97
o_proj,24144,1663.33
o_proj,24160,1671.61
o_proj,24176,1667.33
o_proj,24192,1665.84
o_proj,24208,1668.99
o_proj,24224,1670.94
o_proj,24240,1667.98
o_proj,24256,1665.8
o_proj,24272,1672.11
o_proj,24288,1668.84
o_proj,24304,1669.1
o_proj,24320,1669.29
o_proj,24336,1665.08
o_proj,24352,1676.69
o_proj,24368,1668.3
o_proj,24384,1677.25
o_proj,24400,1674.55
o_proj,24416,1673.51
o_proj,24432,1679.94
o_proj,24448,1669.13
o_proj,24464,1680.55
o_proj,24480,1675.32
o_proj,24496,1680.36
o_proj,24512,1681.35
o_proj,24528,1678.42
o_proj,24544,1674.56
o_proj,24560,1677.57
o_proj,24576,1675.82
o_proj,24592,1673.79
o_proj,24608,1676.61
o_proj,24624,1677.97
o_proj,24640,1680
o_proj,24656,1678.08
o_proj,24672,1681.08
o_proj,24688,1683.49
o_proj,24704,1676.87
o_proj,24720,1678.95
o_proj,24736,1684.27
o_proj,24752,1682.58
o_proj,24768,1680.85
o_proj,24784,1681.89
o_proj,24800,1678.77
o_proj,24816,1678.85
o_proj,24832,1676.97
o_proj,24848,1678.71
o_proj,24864,1678.28
o_proj,24880,1682.47
o_proj,24896,1681.31
o_proj,24912,1680.44
o_proj,24928,1677.37
o_proj,24944,1686.33
o_proj,24960,1678.82
o_proj,24976,1738.73
o_proj,24992,1740.78
o_proj,25008,1739.29
o_proj,25024,1743.88
o_proj,25040,1739.31
o_proj,25056,1743.64
o_proj,25072,1737.44
o_proj,25088,1737.79
o_proj,25104,1750.29
o_proj,25120,1740.18
o_proj,25136,1739.44
o_proj,25152,1741.01
o_proj,25168,1740.38
o_proj,25184,1739.92
o_proj,25200,1744.96
o_proj,25216,1741.75
o_proj,25232,1740.03
o_proj,25248,1740.79
o_proj,25264,1741.67
o_proj,25280,1742.89
o_proj,25296,1739.13
o_proj,25312,1745.52
o_proj,25328,1740.11
o_proj,25344,1737.18
o_proj,25360,1743.36
o_proj,25376,1747.21
o_proj,25392,1743.9
o_proj,25408,1753.11
o_proj,25424,1745.05
o_proj,25440,1748.26
o_proj,25456,1741.47
o_proj,25472,1740.69
o_proj,25488,1753.12
o_proj,25504,1744.92
o_proj,25520,1748.48
o_proj,25536,1747.66
o_proj,25552,1747.18
o_proj,25568,1745.86
o_proj,25584,1757
o_proj,25600,1752.45
o_proj,25616,1761.41
o_proj,25632,1752.07
o_proj,25648,1756.44
o_proj,25664,1760.16
o_proj,25680,1754.22
o_proj,25696,1750.44
o_proj,25712,1756.55
o_proj,25728,1753.41
o_proj,25744,1758
o_proj,25760,1751.35
o_proj,25776,1757.28
o_proj,25792,1757.93
o_proj,25808,1757.85
o_proj,25824,1756.99
o_proj,25840,1754.73
o_proj,25856,1753.15
o_proj,25872,1759.51
o_proj,25888,1751.25
o_proj,25904,1750.13
o_proj,25920,1755.51
o_proj,25936,1759.85
o_proj,25952,1747.73
o_proj,25968,1755.96
o_proj,25984,1744.81
o_proj,26000,1752.99
o_proj,26016,1756.95
o_proj,26032,1757.01
o_proj,26048,1759.06
o_proj,26064,1753.77
o_proj,26080,1754.35
o_proj,26096,1757.78
o_proj,26112,1750.58
o_proj,26128,1814.39
o_proj,26144,1815.71
o_proj,26160,1812.02
o_proj,26176,1819.02
o_proj,26192,1814.44
o_proj,26208,1818.31
o_proj,26224,1815.72
o_proj,26240,1807.03
o_proj,26256,1814.58
o_proj,26272,1814.83
o_proj,26288,1807.54
o_proj,26304,1817.89
o_proj,26320,1812.21
o_proj,26336,1823.5
o_proj,26352,1817.45
o_proj,26368,1810.09
o_proj,26384,1817.32
o_proj,26400,1825.78
o_proj,26416,1820.25
o_proj,26432,1813.44
o_proj,26448,1821.89
o_proj,26464,1826.81
o_proj,26480,1824.04
o_proj,26496,1817.79
o_proj,26512,1826.71
o_proj,26528,1824.16
o_proj,26544,1832.43
o_proj,26560,1820.62
o_proj,26576,1824.33
o_proj,26592,1826.68
o_proj,26608,1822.19
o_proj,26624,1817.37
o_proj,26640,1828.48
o_proj,26656,1833.46
o_proj,26672,1818.08
o_proj,26688,1827.93
o_proj,26704,1830.34
o_proj,26720,1831.89
o_proj,26736,1821.58
o_proj,26752,1825.52
o_proj,26768,1824.41
o_proj,26784,1829.85
o_proj,26800,1828.83
o_proj,26816,1834.18
o_proj,26832,1834.8
o_proj,26848,1838.96
o_proj,26864,1831.34
o_proj,26880,1826.18
o_proj,26896,1830.16
o_proj,26912,1836.56
o_proj,26928,1835.12
o_proj,26944,1838.6
o_proj,26960,1823.19
o_proj,26976,1825.52
o_proj,26992,1828.74
o_proj,27008,1822.77
o_proj,27024,1826.92
o_proj,27040,1839.83
o_proj,27056,1825.47
o_proj,27072,1832.45
o_proj,27088,1835.69
o_proj,27104,1842.08
o_proj,27120,1833.06
o_proj,27136,1825.15
o_proj,27152,1885.67
o_proj,27168,1898.79
o_proj,27184,1887.1
o_proj,27200,1897.37
o_proj,27216,1883.64
o_proj,27232,1881.26
o_proj,27248,1894.11
o_proj,27264,1878.71
o_proj,27280,1889.3
o_proj,27296,1903.44
o_proj,27312,1895.4
o_proj,27328,1893.81
o_proj,27344,1893.12
o_proj,27360,1891.53
o_proj,27376,1892.83
o_proj,27392,1887.58
o_proj,27408,1893.51
o_proj,27424,1900.58
o_proj,27440,1894.87
o_proj,27456,1903.44
o_proj,27472,1897.06
o_proj,27488,1892.75
o_proj,27504,1894.31
o_proj,27520,1887.18
o_proj,27536,1906.57
o_proj,27552,1898.99
o_proj,27568,1892.87
o_proj,27584,1893.47
o_proj,27600,1897.87
o_proj,27616,1909.31
o_proj,27632,1892.99
o_proj,27648,1895.56
o_proj,27664,1911.98
o_proj,27680,1911.46
o_proj,27696,1909.2
o_proj,27712,1908.18
o_proj,27728,1901.99
o_proj,27744,1904.94
o_proj,27760,1914.14
o_proj,27776,1902.98
o_proj,27792,1898.66
o_proj,27808,1920.55
o_proj,27824,1902.82
o_proj,27840,1912.47
o_proj,27856,1917.91
o_proj,27872,1913.74
o_proj,27888,1906.19
o_proj,27904,1908.14
o_proj,27920,1908.41
o_proj,27936,1901.61
o_proj,27952,1906.11
o_proj,27968,1922.84
o_proj,27984,1901.64
o_proj,28000,1904.31
o_proj,28016,1915.7
o_proj,28032,1909
o_proj,28048,1919.36
o_proj,28064,1919.1
o_proj,28080,1921.34
o_proj,28096,1908.48
o_proj,28112,1909.45
o_proj,28128,1924.11
o_proj,28144,1905.42
o_proj,28160,1905.25
o_proj,28176,1905.15
o_proj,28192,1923.95
o_proj,28208,1905.77
o_proj,28224,1910.52
o_proj,28240,1916.29
o_proj,28256,1924.55
o_proj,28272,1919.14
o_proj,28288,1894.85
o_proj,28304,1975.91
o_proj,28320,1998.55
o_proj,28336,1964.09
o_proj,28352,1958.94
o_proj,28368,1969.08
o_proj,28384,1988.71
o_proj,28400,1963.32
o_proj,28416,1970.99
o_proj,28432,1960.32
o_proj,28448,1981.74
o_proj,28464,1970.63
o_proj,28480,1976.05
o_proj,28496,1984.75
o_proj,28512,1996.21
o_proj,28528,1989.35
o_proj,28544,1971.81
o_proj,28560,1961.32
o_proj,28576,1964.1
o_proj,28592,1963.91
o_proj,28608,1968.61
o_proj,28624,1962.61
o_proj,28640,1996.14
o_proj,28656,1986.24
o_proj,28672,1950.31
o_proj,28688,1962.37
o_proj,28704,1965.11
o_proj,28720,1966.75
o_proj,28736,1990.67
o_proj,28752,1959.01
o_proj,28768,1977.32
o_proj,28784,1960.16
o_proj,28800,1974.65
o_proj,28816,2001.54
o_proj,28832,1987.78
o_proj,28848,2001.22
o_proj,28864,2006.61
o_proj,28880,2000.21
o_proj,28896,1972.93
o_proj,28912,1981.88
o_proj,28928,1982.88
o_proj,28944,2003.32
o_proj,28960,2008.57
o_proj,28976,1989.77
o_proj,28992,1998.96
o_proj,29008,1987.07
o_proj,29024,2007.23
o_proj,29040,2009.87
o_proj,29056,1985.62
o_proj,29072,1979.21
o_proj,29088,1985.6
o_proj,29104,1975.59
o_proj,29120,2009.37
o_proj,29136,1981.43
o_proj,29152,2005.13
o_proj,29168,1968.02
o_proj,29184,1979.87
o_proj,29200,1998.34
o_proj,29216,2008.58
o_proj,29232,1983.42
o_proj,29248,1997.26
o_proj,29264,1984.35
o_proj,29280,1987.96
o_proj,29296,1980.79
o_proj,29312,1975.81
o_proj,29328,2058.53
o_proj,29344,2058.07
o_proj,29360,2064.95
o_proj,29376,2047.6
o_proj,29392,2030.94
o_proj,29408,2069.96
o_proj,29424,2051
o_proj,29440,2024.43
o_proj,29456,2052.58
o_proj,29472,2036.73
o_proj,29488,2037.92
o_proj,29504,2058.2
o_proj,29520,2067.23
o_proj,29536,2037
o_proj,29552,2058.41
o_proj,29568,2051.24
o_proj,29584,2037.57
o_proj,29600,2072.41
o_proj,29616,2066.71
o_proj,29632,2037.83
o_proj,29648,2039.19
o_proj,29664,2030.45
o_proj,29680,2032.68
o_proj,29696,2049.55
o_proj,29712,2049.45
o_proj,29728,2050.44
o_proj,29744,2055.26
o_proj,29760,2058.09
o_proj,29776,2045.82
o_proj,29792,2058.4
o_proj,29808,2063.34
o_proj,29824,2027.82
o_proj,29840,2055.37
o_proj,29856,2078.49
o_proj,29872,2061.43
o_proj,29888,2083.19
o_proj,29904,2055.28
o_proj,29920,2076.22
o_proj,29936,2077.88
o_proj,29952,2062.17
o_proj,29968,2063.33
o_proj,29984,2058.81
o_proj,30000,2068.79
o_proj,30016,2074.46
o_proj,30032,2067.91
o_proj,30048,2080.73
o_proj,30064,2060.5
o_proj,30080,2068.06
o_proj,30096,2059.51
o_proj,30112,2081.51
o_proj,30128,2058.01
o_proj,30144,2086.68
o_proj,30160,2059.16
o_proj,30176,2056.6
o_proj,30192,2074.52
o_proj,30208,2069.27
o_proj,30224,2065.07
o_proj,30240,2059.16
o_proj,30256,2079.35
o_proj,30272,2072.08
o_proj,30288,2072.27
o_proj,30304,2068.73
o_proj,30320,2077.38
o_proj,30336,2045.15
o_proj,30352,2083.53
o_proj,30368,2074.53
o_proj,30384,2062.65
o_proj,30400,2062.38
o_proj,30416,2080.61
o_proj,30432,2065.68
o_proj,30448,2057.14
o_proj,30464,2070.28
o_proj,30480,2109.69
o_proj,30496,2139.48
o_proj,30512,2147.92
o_proj,30528,2141.41
o_proj,30544,2154.17
o_proj,30560,2238.86
o_proj,30576,2135.49
o_proj,30592,2119.87
o_proj,30608,2142.78
o_proj,30624,2144.9
o_proj,30640,2143.56
o_proj,30656,2149.37
o_proj,30672,2151.14
o_proj,30688,2150.61
o_proj,30704,2138.6
o_proj,30720,2120.98
o_proj,30736,2143.9
o_proj,30752,2144.21
o_proj,30768,2151.6
o_proj,30784,2136.44
o_proj,30800,2143.36
o_proj,30816,2145.01
o_proj,30832,2158.76
o_proj,30848,2126.64
o_proj,30864,2152.54
o_proj,30880,2151
o_proj,30896,2151.1
o_proj,30912,2152.24
o_proj,30928,2151.54
o_proj,30944,2151.89
o_proj,30960,2145.62
o_proj,30976,2125.08
o_proj,30992,2165.02
o_proj,31008,2162.03
o_proj,31024,2160.45
o_proj,31040,2156.07
o_proj,31056,2160.38
o_proj,31072,2158.61
o_proj,31088,2154.62
o_proj,31104,2136.1
o_proj,31120,2165.09
o_proj,31136,2162.51
o_proj,31152,2158.84
o_proj,31168,2158.91
o_proj,31184,2151.81
o_proj,31200,2156.82
o_proj,31216,2156.57
o_proj,31232,2148.98
o_proj,31248,2161.03
o_proj,31264,2165.79
o_proj,31280,2165.37
o_proj,31296,2154.61
o_proj,31312,2168.41
o_proj,31328,2161.65
o_proj,31344,2161.09
o_proj,31360,2137.33
o_proj,31376,2160.3
o_proj,31392,2170.98
o_proj,31408,2161.4
o_proj,31424,2155.6
o_proj,31440,2163.13
o_proj,31456,2161.75
o_proj,31472,2165.21
o_proj,31488,2148.13
o_proj,31504,2218.32
o_proj,31520,2229.67
o_proj,31536,2217.88
o_proj,31552,2220.59
o_proj,31568,2217.71
o_proj,31584,2219.96
o_proj,31600,2218.51
o_proj,31616,2194.55
o_proj,31632,2232.89
o_proj,31648,2231.88
o_proj,31664,2232.12
o_proj,31680,2222.53
o_proj,31696,2229.13
o_proj,31712,2222.21
o_proj,31728,2215.61
o_proj,31744,2195.32
o_proj,31760,2226.01
o_proj,31776,2226.58
o_proj,31792,2231.86
o_proj,31808,2225.03
o_proj,31824,2231.49
o_proj,31840,2222.83
o_proj,31856,2222.99
o_proj,31872,2200.23
o_proj,31888,2227.32
o_proj,31904,2235.13
o_proj,31920,2227.86
o_proj,31936,2228.42
o_proj,31952,2234.78
o_proj,31968,2232.22
o_proj,31984,2237.71
o_proj,32000,2200.93
o_proj,32016,2247.9
o_proj,32032,2246.48
o_proj,32048,2235.49
o_proj,32064,2226.78
o_proj,32080,2230.52
o_proj,32096,2226.54
o_proj,32112,2228.87
o_proj,32128,2210.12
o_proj,32144,2234.67
o_proj,32160,2236.89
o_proj,32176,2239.55
o_proj,32192,2230.41
o_proj,32208,2227.95
o_proj,32224,2243.71
o_proj,32240,2236.72
o_proj,32256,2224.97
o_proj,32272,2248.77
o_proj,32288,2238.7
o_proj,32304,2240.6
o_proj,32320,2246.06
o_proj,32336,2246.01
o_proj,32352,2239.97
o_proj,32368,2231.7
o_proj,32384,2223.99
o_proj,32400,2245.1
o_proj,32416,2251.46
o_proj,32432,2231.03
o_proj,32448,2238.48
o_proj,32464,2239.03
o_proj,32480,2231.42
o_proj,32496,2246.36
o_proj,32512,2204.9
o_proj,32528,2236.72
o_proj,32544,2246.47
o_proj,32560,2248.14
o_proj,32576,2237.69
o_proj,32592,2244
o_proj,32608,2237.3
o_proj,32624,2242.39
o_proj,32640,2233.24
o_proj,32656,2299.55
o_proj,32672,2302.09
o_proj,32688,2295.76
o_proj,32704,2290.58
o_proj,32720,2283.37
o_proj,32736,2294.77
o_proj,32752,2294.58
o_proj,32768,2272.62
qk_norm,1,2.45867
qk_norm,2,2.51217
qk_norm,3,2.55467
qk_norm,4,2.61317
qk_norm,5,2.66117
qk_norm,6,2.68817
qk_norm,7,2.73067
qk_norm,8,2.75183
qk_norm,9,2.78933
qk_norm,10,2.78417
qk_norm,11,2.8105
qk_norm,12,2.816
qk_norm,13,2.816
qk_norm,14,2.82683
qk_norm,15,2.84267
qk_norm,16,2.83733
qk_norm,20,2.91767
qk_norm,24,2.90133
qk_norm,28,2.93333
qk_norm,32,2.97067
qk_norm,36,2.98667
qk_norm,40,3.03467
qk_norm,44,3.045
qk_norm,48,3.06667
qk_norm,52,3.13067
qk_norm,56,3.1575
qk_norm,60,3.16267
qk_norm,64,3.22133
qk_norm,80,3.6105
qk_norm,96,3.9095
qk_norm,112,4.03217
qk_norm,128,4.155
qk_norm,144,4.92267
qk_norm,160,5.152
qk_norm,176,5.3335
qk_norm,192,5.456
qk_norm,208,5.75983
qk_norm,224,6.0425
qk_norm,240,6.20267
qk_norm,256,6.27733
qk_norm,272,6.76267
qk_norm,288,7.3815
qk_norm,304,7.59483
qk_norm,320,7.81367
qk_norm,336,8.027
qk_norm,352,8.31467
qk_norm,368,8.53867
qk_norm,384,8.73067
qk_norm,400,8.38933
qk_norm,416,8.688
qk_norm,432,9.15733
qk_norm,448,9.31783
qk_norm,464,9.632
qk_norm,480,9.87717
qk_norm,496,10.1228
qk_norm,512,10.2828
qk_norm,528,11.1523
qk_norm,544,11.3228
qk_norm,560,11.7068
qk_norm,576,11.9947
qk_norm,592,12.2772
qk_norm,608,12.592
qk_norm,624,12.8002
qk_norm,640,12.9707
qk_norm,656,13.3707
qk_norm,672,13.515
qk_norm,688,13.7333
qk_norm,704,14.1228
qk_norm,720,14.4803
qk_norm,736,14.6882
qk_norm,752,14.8748
qk_norm,768,15.1682
qk_norm,784,15.3813
qk_norm,800,15.6908
qk_norm,816,15.8723
qk_norm,832,16.059
qk_norm,848,16.4693
qk_norm,864,16.6828
qk_norm,880,16.9548
qk_norm,896,17.2482
qk_norm,912,17.5093
qk_norm,928,17.7012
qk_norm,944,18.0272
qk_norm,960,18.1975
qk_norm,976,18.4055
qk_norm,992,18.7042
qk_norm,1008,19.0402
qk_norm,1024,19.168
qk_norm,1040,19.2908
qk_norm,1056,19.5255
qk_norm,1072,19.7442
qk_norm,1088,20.0643
qk_norm,1104,20.272
qk_norm,1120,20.539
qk_norm,1136,20.7897
qk_norm,1152,21.168
qk_norm,1168,21.4293
qk_norm,1184,21.6057
qk_norm,1200,21.9628
qk_norm,1216,22.1923
qk_norm,1232,22.3787
qk_norm,1248,22.6403
qk_norm,1264,22.8858
qk_norm,1280,23.2163
qk_norm,1296,23.5308
qk_norm,1312,23.7657
qk_norm,1328,23.9948
qk_norm,1344,24.219
qk_norm,1360,24.4748
qk_norm,1376,24.7095
qk_norm,1392,24.9282
qk_norm,1408,25.2375
qk_norm,1424,25.5362
qk_norm,1440,25.7708
qk_norm,1456,26.0108
qk_norm,1472,26.2348
qk_norm,1488,26.4642
qk_norm,1504,26.7417
qk_norm,1520,27.0293
qk_norm,1536,27.2108
qk_norm,1552,27.3338
qk_norm,1568,27.6858
qk_norm,1584,27.9255
qk_norm,1600,28.1498
qk_norm,1616,28.4215
qk_norm,1632,28.704
qk_norm,1648,28.9123
qk_norm,1664,29.1095
qk_norm,1680,29.419
qk_norm,1696,29.6112
qk_norm,1712,29.931
qk_norm,1728,30.2563
qk_norm,1744,30.4588
qk_norm,1760,30.6988
qk_norm,1776,30.9762
qk_norm,1792,31.2428
qk_norm,1808,31.4832
qk_norm,1824,31.7283
qk_norm,1840,32.0483
qk_norm,1856,32.2668
qk_norm,1872,32.4693
qk_norm,1888,32.763
qk_norm,1904,33.0242
qk_norm,1920,33.2588
qk_norm,1936,33.4992
qk_norm,1952,33.803
qk_norm,1968,34.0748
qk_norm,1984,34.2563
qk_norm,2000,34.4912
qk_norm,2016,34.8217
qk_norm,2032,35.0777
qk_norm,2048,35.3712
qk_norm,2064,35.526
qk_norm,2080,35.6857
qk_norm,2096,36.0268
qk_norm,2112,36.2883
qk_norm,2128,36.555
qk_norm,2144,36.8803
qk_norm,2160,37.1578
qk_norm,2176,37.3923
qk_norm,2192,37.4405
qk_norm,2208,37.7443
qk_norm,2224,37.9472
qk_norm,2240,38.1125
qk_norm,2256,38.5177
qk_norm,2272,38.6935
qk_norm,2288,38.955
qk_norm,2304,39.4298
qk_norm,2320,39.5948
qk_norm,2336,39.8297
qk_norm,2352,40.107
qk_norm,2368,40.4058
qk_norm,2384,40.5445
qk_norm,2400,40.8858
qk_norm,2416,41.1578
qk_norm,2432,41.3712
qk_norm,2448,41.6482
qk_norm,2464,41.9363
qk_norm,2480,42.0272
qk_norm,2496,42.4165
qk_norm,2512,42.7312
qk_norm,2528,42.8485
qk_norm,2544,43.0243
qk_norm,2560,43.3233
qk_norm,2576,43.6697
qk_norm,2592,43.8352
qk_norm,2608,44.091
qk_norm,2624,44.3792
qk_norm,2640,44.6135
qk_norm,2656,44.891
qk_norm,2672,45.2377
qk_norm,2688,45.4455
qk_norm,2704,45.483
qk_norm,2720,45.7498
qk_norm,2736,46.0058
qk_norm,2752,46.2405
qk_norm,2768,46.5925
qk_norm,2784,46.8273
qk_norm,2800,47.0353
qk_norm,2816,47.3393
qk_norm,2832,47.5628
qk_norm,2848,47.8885
qk_norm,2864,48.0912
qk_norm,2880,48.379
qk_norm,2896,48.6298
qk_norm,2912,48.8378
qk_norm,2928,49.0887
qk_norm,2944,49.3393
qk_norm,2960,49.6432
qk_norm,2976,49.931
qk_norm,2992,50.1552
qk_norm,3008,50.4007
qk_norm,3024,50.6725
qk_norm,3040,50.8963
qk_norm,3056,51.2112
qk_norm,3072,51.4247
qk_norm,3088,51.7393
qk_norm,3104,52.0165
qk_norm,3120,52.2085
qk_norm,3136,52.4485
qk_norm,3152,52.7687
qk_norm,3168,52.9072
qk_norm,3184,53.1367
qk_norm,3200,53.3873
qk_norm,3216,53.6538
qk_norm,3232,53.8192
qk_norm,3248,54.0325
qk_norm,3264,54.3368
qk_norm,3280,54.63
qk_norm,3296,54.8538
qk_norm,3312,55.0938
qk_norm,3328,55.3285
qk_norm,3344,55.6647
qk_norm,3360,55.9045
qk_norm,3376,56.1765
qk_norm,3392,56.4913
qk_norm,3408,56.6887
qk_norm,3424,56.998
qk_norm,3440,57.2272
qk_norm,3456,57.5367
qk_norm,3472,57.7075
qk_norm,3488,58.054
qk_norm,3504,58.214
qk_norm,3520,58.4115
qk_norm,3536,58.7525
qk_norm,3552,59.0462
qk_norm,3568,59.286
qk_norm,3584,59.4832
qk_norm,3600,59.814
qk_norm,3616,60.0858
qk_norm,3632,60.4167
qk_norm,3648,60.5982
qk_norm,3664,60.8008
qk_norm,3680,61.0195
qk_norm,3696,61.2805
qk_norm,3712,61.4672
qk_norm,3728,61.7073
qk_norm,3744,61.958
qk_norm,3760,62.2568
qk_norm,3776,62.438
qk_norm,3792,62.5928
qk_norm,3808,62.9713
qk_norm,3824,63.078
qk_norm,3840,63.478
qk_norm,3856,63.7873
qk_norm,3872,63.9688
qk_norm,3888,64.134
qk_norm,3904,64.5128
qk_norm,3920,64.774
qk_norm,3936,64.9608
qk_norm,3952,65.2755
qk_norm,3968,65.4727
qk_norm,3984,65.809
qk_norm,4000,66.1342
qk_norm,4016,66.3098
qk_norm,4032,66.5393
qk_norm,4048,66.7688
qk_norm,4064,67.0568
qk_norm,4080,67.2702
qk_norm,4096,67.5315
qk_norm,4112,67.7983
qk_norm,4128,68.1288
qk_norm,4144,68.2833
qk_norm,4160,68.5395
qk_norm,4176,68.9445
qk_norm,4192,69.206
qk_norm,4208,69.2645
qk_norm,4224,69.5423
qk_norm,4240,69.8353
qk_norm,4256,70.118
qk_norm,4272,70.4277
qk_norm,4288,70.5502
qk_norm,4304,70.849
qk_norm,4320,71.0247
qk_norm,4336,71.2488
qk_norm,4352,71.51
qk_norm,4368,71.8357
qk_norm,4384,72.0593
qk_norm,4400,72.4165
qk_norm,4416,72.5022
qk_norm,4432,72.7742
qk_norm,4448,73.0462
qk_norm,4464,73.1688
qk_norm,4480,73.5317
qk_norm,4496,73.7982
qk_norm,4512,74.0703
qk_norm,4528,74.3635
qk_norm,4544,74.6037
qk_norm,4560,74.8222
qk_norm,4576,75.1155
qk_norm,4592,75.3717
qk_norm,4608,75.5848
qk_norm,4624,75.7183
qk_norm,4640,75.9102
qk_norm,4656,76.1928
qk_norm,4672,76.4222
qk_norm,4688,76.7423
qk_norm,4704,77.0035
qk_norm,4720,77.2757
qk_norm,4736,77.6118
qk_norm,4752,77.7822
qk_norm,4768,78.097
qk_norm,4784,78.2515
qk_norm,4800,78.4917
qk_norm,4816,78.7635
qk_norm,4832,79.0568
qk_norm,4848,79.3343
qk_norm,4864,79.5265
qk_norm,4880,79.6545
qk_norm,4896,79.9103
qk_norm,4912,80.193
qk_norm,4928,80.4383
qk_norm,4944,80.7423
qk_norm,4960,81.0518
qk_norm,4976,81.2867
qk_norm,4992,81.5157
qk_norm,5008,81.8143
qk_norm,5024,82.0915
qk_norm,5040,82.3528
qk_norm,5056,82.5822
qk_norm,5072,82.8917
qk_norm,5088,83.121
qk_norm,5104,83.361
qk_norm,5120,83.6383
qk_norm,5136,83.9157
qk_norm,5152,84.1557
qk_norm,5168,84.385
qk_norm,5184,84.5667
qk_norm,5200,84.929
qk_norm,5216,85.1798
qk_norm,5232,85.4887
qk_norm,5248,85.6543
qk_norm,5264,85.9317
qk_norm,5280,86.1558
qk_norm,5296,86.417
qk_norm,5312,86.6517
qk_norm,5328,86.9078
qk_norm,5344,87.2385
qk_norm,5360,87.425
qk_norm,5376,87.7395
qk_norm,5392,87.8625
qk_norm,5408,88.0867
qk_norm,5424,88.2302
qk_norm,5440,88.4758
qk_norm,5456,88.7158
qk_norm,5472,89.0197
qk_norm,5488,89.3182
qk_norm,5504,89.5213
qk_norm,5520,89.841
qk_norm,5536,90.0975
qk_norm,5552,90.2947
qk_norm,5568,90.6143
qk_norm,5584,90.8703
qk_norm,5600,91.0785
qk_norm,5616,91.441
qk_norm,5632,91.6492
qk_norm,5648,91.9267
qk_norm,5664,92.1608
qk_norm,5680,92.4278
qk_norm,5696,92.7103
qk_norm,5712,92.9665
qk_norm,5728,93.228
qk_norm,5744,93.4518
qk_norm,5760,93.6972
qk_norm,5776,93.9853
qk_norm,5792,94.1718
qk_norm,5808,94.6572
qk_norm,5824,94.7423
qk_norm,5840,94.9665
qk_norm,5856,95.2653
qk_norm,5872,95.6278
qk_norm,5888,95.7827
qk_norm,5904,96.0972
qk_norm,5920,96.209
qk_norm,5936,96.545
qk_norm,5952,96.7373
qk_norm,5968,96.9342
qk_norm,5984,97.2865
qk_norm,6000,97.4893
qk_norm,6016,97.7558
qk_norm,6032,97.9907
qk_norm,6048,98.1827
qk_norm,6064,98.4495
qk_norm,6080,98.7265
qk_norm,6096,98.9507
qk_norm,6112,99.132
qk_norm,6128,99.4627
qk_norm,6144,99.6493
qk_norm,6160,99.8733
qk_norm,6176,100.135
qk_norm,6192,100.465
qk_norm,6208,100.775
qk_norm,6224,101.143
qk_norm,6240,101.233
qk_norm,6256,101.537
qk_norm,6272,101.735
qk_norm,6288,102.06
qk_norm,6304,102.375
qk_norm,6320,102.572
qk_norm,6336,102.737
qk_norm,6352,103.148
qk_norm,6368,103.185
qk_norm,6384,103.532
qk_norm,6400,103.815
qk_norm,6416,104.049
qk_norm,6432,104.3
qk_norm,6448,104.529
qk_norm,6464,104.833
qk_norm,6480,105.042
qk_norm,6496,105.356
qk_norm,6512,105.489
qk_norm,6528,105.82
qk_norm,6544,105.975
qk_norm,6560,106.215
qk_norm,6576,106.407
qk_norm,6592,106.673
qk_norm,6608,106.919
qk_norm,6624,107.159
qk_norm,6640,107.473
qk_norm,6656,107.649
qk_norm,6672,108.023
qk_norm,6688,108.231
qk_norm,6704,108.455
qk_norm,6720,108.759
qk_norm,6736,109.031
qk_norm,6752,109.329
qk_norm,6768,109.532
qk_norm,6784,109.777
qk_norm,6800,110.044
qk_norm,6816,110.311
qk_norm,6832,110.545
qk_norm,6848,110.817
qk_norm,6864,111.132
qk_norm,6880,111.436
qk_norm,6896,111.543
qk_norm,6912,111.836
qk_norm,6928,112.103
qk_norm,6944,112.417
qk_norm,6960,112.636
qk_norm,6976,112.839
qk_norm,6992,113.132
qk_norm,7008,113.495
qk_norm,7024,113.618
qk_norm,7040,113.906
qk_norm,7056,113.948
qk_norm,7072,114.247
qk_norm,7088,114.455
qk_norm,7104,114.737
qk_norm,7120,114.962
qk_norm,7136,115.164
qk_norm,7152,115.457
qk_norm,7168,115.772
qk_norm,7184,115.425
qk_norm,7200,115.367
qk_norm,7216,115.618
qk_norm,7232,115.863
qk_norm,7248,117.036
qk_norm,7264,115.644
qk_norm,7280,115.97
qk_norm,7296,116.14
qk_norm,7312,115.666
qk_norm,7328,115.847
qk_norm,7344,116.167
qk_norm,7360,118.812
qk_norm,7376,119.159
qk_norm,7392,119.335
qk_norm,7408,119.671
qk_norm,7424,119.873
qk_norm,7440,120.162
qk_norm,7456,120.402
qk_norm,7472,120.695
qk_norm,7488,116.775
qk_norm,7504,116.225
qk_norm,7520,116.322
qk_norm,7536,116.674
qk_norm,7552,116.887
qk_norm,7568,122.21
qk_norm,7584,112.898
qk_norm,7600,112.972
qk_norm,7616,113.26
qk_norm,7632,112.711
qk_norm,7648,112.973
qk_norm,7664,113.18
qk_norm,7680,113.415
qk_norm,7696,113.554
qk_norm,7712,113.836
qk_norm,7728,114.098
qk_norm,7744,124.861
qk_norm,7760,125.116
qk_norm,7776,125.394
qk_norm,7792,114.252
qk_norm,7808,114.572
qk_norm,7824,114.769
qk_norm,7840,113.586
qk_norm,7856,113.767
qk_norm,7872,113.543
qk_norm,7888,113.762
qk_norm,7904,113.969
qk_norm,7920,114.156
qk_norm,7936,114.434
qk_norm,7952,122.332
qk_norm,7968,126.402
qk_norm,7984,128.764
qk_norm,8000,120.471
qk_norm,8016,115.602
qk_norm,8032,116.359
qk_norm,8048,116.236
qk_norm,8064,116.396
qk_norm,8080,116.599
qk_norm,8096,116.919
qk_norm,8112,117.047
qk_norm,8128,117.313
qk_norm,8144,117.442
qk_norm,8160,117.745
qk_norm,8176,117.97
qk_norm,8192,118.114
qk_norm,8208,118.236
qk_norm,8224,118.444
qk_norm,8240,118.69
qk_norm,8256,118.871
qk_norm,8272,119.127
qk_norm,8288,119.356
qk_norm,8304,119.596
qk_norm,8320,119.879
qk_norm,8336,120.135
qk_norm,8352,120.3
qk_norm,8368,120.631
qk_norm,8384,120.845
qk_norm,8400,120.919
qk_norm,8416,121.197
qk_norm,8432,121.533
qk_norm,8448,121.703
qk_norm,8464,121.938
qk_norm,8480,122.183
qk_norm,8496,122.407
qk_norm,8512,122.642
qk_norm,8528,122.903
qk_norm,8544,123.148
qk_norm,8560,123.303
qk_norm,8576,123.548
qk_norm,8592,123.751
qk_norm,8608,124.013
qk_norm,8624,124.221
qk_norm,8640,124.514
qk_norm,8656,124.722
qk_norm,8672,124.989
qk_norm,8688,125.271
qk_norm,8704,125.373
qk_norm,8720,125.266
qk_norm,8736,125.533
qk_norm,8752,125.783
qk_norm,8768,126.146
qk_norm,8784,126.252
qk_norm,8800,126.914
qk_norm,8816,126.695
qk_norm,8832,126.861
qk_norm,8848,127.218
qk_norm,8864,127.356
qk_norm,8880,127.65
qk_norm,8896,128.012
qk_norm,8912,128.951
qk_norm,8928,129.191
qk_norm,8944,129.421
qk_norm,8960,129.671
qk_norm,8976,129.847
qk_norm,8992,130.141
qk_norm,9008,130.418
qk_norm,9024,130.562
qk_norm,9040,130.834
qk_norm,9056,131.117
qk_norm,9072,131.309
qk_norm,9088,131.586
qk_norm,9104,131.789
qk_norm,9120,131.928
qk_norm,9136,132.146
qk_norm,9152,132.487
qk_norm,9168,132.669
qk_norm,9184,132.893
qk_norm,9200,133.197
qk_norm,9216,133.293
qk_norm,9232,133.437
qk_norm,9248,133.464
qk_norm,9264,133.816
qk_norm,9280,133.97
qk_norm,9296,134.338
qk_norm,9312,134.477
qk_norm,9328,134.717
qk_norm,9344,135.117
qk_norm,9360,135.218
qk_norm,9376,135.442
qk_norm,9392,135.687
qk_norm,9408,135.901
qk_norm,9424,136.13
qk_norm,9440,136.391
qk_norm,9456,136.621
qk_norm,9472,136.893
qk_norm,9488,137.106
qk_norm,9504,137.511
qk_norm,9520,137.544
qk_norm,9536,137.746
qk_norm,9552,138.029
qk_norm,9568,138.253
qk_norm,9584,138.573
qk_norm,9600,138.722
qk_norm,9616,138.962
qk_norm,9632,139.224
qk_norm,9648,139.65
qk_norm,9664,139.629
qk_norm,9680,139.901
qk_norm,9696,140.157
qk_norm,9712,140.296
qk_norm,9728,140.728
qk_norm,9744,140.472
qk_norm,9760,140.738
qk_norm,9776,140.957
qk_norm,9792,141.272
qk_norm,9808,141.501
qk_norm,9824,141.629
qk_norm,9840,142.034
qk_norm,9856,158.131
qk_norm,9872,142.743
qk_norm,9888,142.669
qk_norm,9904,142.983
qk_norm,9920,143.133
qk_norm,9936,143.496
qk_norm,9952,143.618
qk_norm,9968,143.901
qk_norm,9984,144.05
qk_norm,10000,144.893
qk_norm,10016,144.594
qk_norm,10032,145.352
qk_norm,10048,145.016
qk_norm,10064,145.32
qk_norm,10080,145.539
qk_norm,10096,145.778
qk_norm,10112,145.89
qk_norm,10128,146.205
qk_norm,10144,146.68
qk_norm,10160,146.952
qk_norm,10176,147.059
qk_norm,10192,146.963
qk_norm,10208,147.245
qk_norm,10224,147.442
qk_norm,10240,147.746
qk_norm,10256,147.832
qk_norm,10272,148.029
qk_norm,10288,148.242
qk_norm,10304,148.515
qk_norm,10320,148.749
qk_norm,10336,148.978
qk_norm,10352,149.128
qk_norm,10368,149.405
qk_norm,10384,149.592
qk_norm,10400,149.922
qk_norm,10416,150.227
qk_norm,10432,150.296
qk_norm,10448,150.53
qk_norm,10464,150.819
qk_norm,10480,150.968
qk_norm,10496,151.235
qk_norm,10512,151.928
qk_norm,10528,151.773
qk_norm,10544,152.018
qk_norm,10560,152.333
qk_norm,10576,152.52
qk_norm,10592,152.803
qk_norm,10608,153.234
qk_norm,10624,153.213
qk_norm,10640,153.55
qk_norm,10656,153.741
qk_norm,10672,153.917
qk_norm,10688,154.227
qk_norm,10704,154.376
qk_norm,10720,154.482
qk_norm,10736,172.094
qk_norm,10752,155
qk_norm,10768,155.848
qk_norm,10784,155.752
qk_norm,10800,155.998
qk_norm,10816,155.752
qk_norm,10832,156.312
qk_norm,10848,156.237
qk_norm,10864,156.477
qk_norm,10880,156.659
qk_norm,10896,157.208
qk_norm,10912,157.016
qk_norm,10928,157.427
qk_norm,10944,157.875
qk_norm,10960,157.8
qk_norm,10976,158.094
qk_norm,10992,158.254
qk_norm,11008,158.488
qk_norm,11024,159.027
qk_norm,11040,159.085
qk_norm,11056,159.299
qk_norm,11072,159.549
qk_norm,11088,159.779
qk_norm,11104,159.987
qk_norm,11120,160.221
qk_norm,11136,160.488
qk_norm,11152,160.6
qk_norm,11168,160.856
qk_norm,11184,161.107
qk_norm,11200,161.352
qk_norm,11216,161.683
qk_norm,11232,162.035
qk_norm,11248,162.419
qk_norm,11264,162.312
qk_norm,11280,163.165
qk_norm,11296,163.139
qk_norm,11312,163.336
qk_norm,11328,163.704
qk_norm,11344,164.062
qk_norm,11360,164.253
qk_norm,11376,164.312
qk_norm,11392,164.2
qk_norm,11408,164.424
qk_norm,11424,164.92
qk_norm,11440,165.694
qk_norm,11456,164.776
qk_norm,11472,165.064
qk_norm,11488,165.598
qk_norm,11504,165.496
qk_norm,11520,165.79
qk_norm,11536,166.888
qk_norm,11552,166.254
qk_norm,11568,167.139
qk_norm,11584,167.507
qk_norm,11600,167.63
qk_norm,11616,167.486
qk_norm,11632,167.528
qk_norm,11648,167.672
qk_norm,11664,167.944
qk_norm,11680,168.365
qk_norm,11696,169.224
qk_norm,11712,169.16
qk_norm,11728,169.358
qk_norm,11744,169.331
qk_norm,11760,169.827
qk_norm,11776,170.163
qk_norm,11792,170.68
qk_norm,11808,170.574
qk_norm,11824,170.776
qk_norm,11840,170.744
qk_norm,11856,171.251
qk_norm,11872,171.267
qk_norm,11888,171.747
qk_norm,11904,171.71
qk_norm,11920,171.662
qk_norm,11936,172.216
qk_norm,11952,172.67
qk_norm,11968,191.358
qk_norm,11984,172.297
qk_norm,12000,172.467
qk_norm,12016,173.054
qk_norm,12032,173.251
qk_norm,12048,174.136
qk_norm,12064,173.763
qk_norm,12080,174.563
qk_norm,12096,174.579
qk_norm,12112,174.75
qk_norm,12128,174.755
qk_norm,12144,174.963
qk_norm,12160,174.846
qk_norm,12176,175.982
qk_norm,12192,175.667
qk_norm,12208,176.302
qk_norm,12224,176.52
qk_norm,12240,176.371
qk_norm,12256,176.328
qk_norm,12272,177.102
qk_norm,12288,177.096
qk_norm,12304,177.342
qk_norm,12320,178.03
qk_norm,12336,178.281
qk_norm,12352,178.43
qk_norm,12368,177.87
qk_norm,12384,178.355
qk_norm,12400,179.08
qk_norm,12416,179.283
qk_norm,12432,179.15
qk_norm,12448,179.913
qk_norm,12464,179.534
qk_norm,12480,180.014
qk_norm,12496,180.334
qk_norm,12512,180.067
qk_norm,12528,180.857
qk_norm,12544,181.118
qk_norm,12560,180.974
qk_norm,12576,181.502
qk_norm,12592,181.662
qk_norm,12608,182.222
qk_norm,12624,181.518
qk_norm,12640,181.731
qk_norm,12656,182.414
qk_norm,12672,182.894
qk_norm,12688,183.46
qk_norm,12704,183.694
qk_norm,12720,183.849
qk_norm,12736,183.779
qk_norm,12752,184.249
qk_norm,12768,184.387
qk_norm,12784,184.094
qk_norm,12800,184.649
qk_norm,12816,185.006
qk_norm,12832,185.534
qk_norm,12848,185.427
qk_norm,12864,185.636
qk_norm,12880,185.993
qk_norm,12896,186.425
qk_norm,12912,186.041
qk_norm,12928,186.67
qk_norm,12944,187.134
qk_norm,12960,186.937
qk_norm,12976,187.156
qk_norm,12992,187.796
qk_norm,13008,188.025
qk_norm,13024,188.121
qk_norm,13040,188.004
qk_norm,13056,188.307
qk_norm,13072,188.718
qk_norm,13088,188.937
qk_norm,13104,188.718
qk_norm,13120,189.342
qk_norm,13136,189.028
qk_norm,13152,189.513
qk_norm,13168,190.073
qk_norm,13184,189.961
qk_norm,13200,190.254
qk_norm,13216,190.468
qk_norm,13232,191.204
qk_norm,13248,191.236
qk_norm,13264,191.593
qk_norm,13280,191.524
qk_norm,13296,191.63
qk_norm,13312,192.318
qk_norm,13328,192.174
qk_norm,13344,192.447
qk_norm,13360,192.889
qk_norm,13376,192.804
qk_norm,13392,193.044
qk_norm,13408,193.684
qk_norm,13424,193.865
qk_norm,13440,194.057
qk_norm,13456,194.468
qk_norm,13472,194.441
qk_norm,13488,194.831
qk_norm,13504,195.022
qk_norm,13520,195.321
qk_norm,13536,195.524
qk_norm,13552,195.774
qk_norm,13568,195.951
qk_norm,13584,195.956
qk_norm,13600,196.126
qk_norm,13616,196.574
qk_norm,13632,196.809
qk_norm,13648,196.516
qk_norm,13664,196.767
qk_norm,13680,197.353
qk_norm,13696,197.407
qk_norm,13712,197.892
qk_norm,13728,198.207
qk_norm,13744,197.934
qk_norm,13760,198.676
qk_norm,13776,198.414
qk_norm,13792,199.071
qk_norm,13808,199.236
qk_norm,13824,199.519
qk_norm,13840,199.791
qk_norm,13856,200.073
qk_norm,13872,200.255
qk_norm,13888,200.159
qk_norm,13904,200.393
qk_norm,13920,201.028
qk_norm,13936,201.279
qk_norm,13952,201.54
qk_norm,13968,201.412
qk_norm,13984,201.881
qk_norm,14000,201.817
qk_norm,14016,202.506
qk_norm,14032,202.607
qk_norm,14048,202.863
qk_norm,14064,203.193
qk_norm,14080,203.385
qk_norm,14096,203.279
qk_norm,14112,203.551
qk_norm,14128,203.652
qk_norm,14144,204.084
qk_norm,14160,204.191
qk_norm,14176,204.367
qk_norm,14192,204.553
qk_norm,14208,204.772
qk_norm,14224,205.22
qk_norm,14240,205.401
qk_norm,14256,205.22
qk_norm,14272,205.924
qk_norm,14288,204.356
qk_norm,14304,205.892
qk_norm,14320,206.564
qk_norm,14336,206.383
qk_norm,14352,206.681
qk_norm,14368,207.364
qk_norm,14384,207.417
qk_norm,14400,207.887
qk_norm,14416,206.612
qk_norm,14432,206.804
qk_norm,14448,207.225
qk_norm,14464,208.634
qk_norm,14480,208.852
qk_norm,14496,209.092
qk_norm,14512,209.37
qk_norm,14528,209.663
qk_norm,14544,208.457
qk_norm,14560,208.314
qk_norm,14576,208.842
qk_norm,14592,208.98
qk_norm,14608,208.836
qk_norm,14624,209.439
qk_norm,14640,209.716
qk_norm,14656,209.903
qk_norm,14672,210.319
qk_norm,14688,210.362
qk_norm,14704,210.121
qk_norm,14720,210.804
qk_norm,14736,211.135
qk_norm,14752,212.063
qk_norm,14768,211.092
qk_norm,14784,212.095
qk_norm,14800,211.908
qk_norm,14816,212.117
qk_norm,14832,212.522
qk_norm,14848,212.133
qk_norm,14864,212.596
qk_norm,14880,213.172
qk_norm,14896,212.959
qk_norm,14912,213.684
qk_norm,14928,215.257
qk_norm,14944,214.276
qk_norm,14960,214.357
qk_norm,14976,214.532
qk_norm,14992,214.831
qk_norm,15008,215.796
qk_norm,15024,215.855
qk_norm,15040,215.508
qk_norm,15056,215.893
qk_norm,15072,216.154
qk_norm,15088,216.202
qk_norm,15104,216.319
qk_norm,15120,216.772
qk_norm,15136,217.338
qk_norm,15152,218.037
qk_norm,15168,217.306
qk_norm,15184,217.46
qk_norm,15200,218.527
qk_norm,15216,217.951
qk_norm,15232,218.229
qk_norm,15248,218.703
qk_norm,15264,218.724
qk_norm,15280,219.45
qk_norm,15296,218.943
qk_norm,15312,219.124
qk_norm,15328,219.311
qk_norm,15344,219.78
qk_norm,15360,219.887
qk_norm,15376,220.292
qk_norm,15392,220.426
qk_norm,15408,221.114
qk_norm,15424,220.852
qk_norm,15440,221.034
qk_norm,15456,221.263
qk_norm,15472,221.599
qk_norm,15488,222.26
qk_norm,15504,222.474
qk_norm,15520,222.677
qk_norm,15536,222.981
qk_norm,15552,223.029
qk_norm,15568,222.933
qk_norm,15584,223.199
qk_norm,15600,223.311
qk_norm,15616,223.525
qk_norm,15632,223.898
qk_norm,15648,224.543
qk_norm,15664,224.863
qk_norm,15680,225.045
qk_norm,15696,225.199
qk_norm,15712,225.071
qk_norm,15728,225.162
qk_norm,15744,225.349
qk_norm,15760,226.319
qk_norm,15776,227.637
qk_norm,15792,226.853
qk_norm,15808,226.533
qk_norm,15824,226.912
qk_norm,15840,226.698
qk_norm,15856,227.231
qk_norm,15872,227.354
qk_norm,15888,227.418
qk_norm,15904,228.122
qk_norm,15920,228.271
qk_norm,15936,228.949
qk_norm,15952,228.645
qk_norm,15968,228.97
qk_norm,15984,229.098
qk_norm,16000,229.429
qk_norm,16016,229.722
qk_norm,16032,229.957
qk_norm,16048,232.485
qk_norm,16064,230.794
qk_norm,16080,230.842
qk_norm,16096,230.421
qk_norm,16112,231.466
qk_norm,16128,231.151
qk_norm,16144,230.933
qk_norm,16160,232.485
qk_norm,16176,232.65
qk_norm,16192,232.997
qk_norm,16208,232.528
qk_norm,16224,232.527
qk_norm,16240,232.736
qk_norm,16256,233.018
qk_norm,16272,233.488
qk_norm,16288,233.525
qk_norm,16304,234.165
qk_norm,16320,233.823
qk_norm,16336,234.122
qk_norm,16352,234.682
qk_norm,16368,234.378
qk_norm,16384,234.245
qk_norm,16400,234.592
qk_norm,16416,236.149
qk_norm,16432,235.888
qk_norm,16448,236.197
qk_norm,16464,236.331
qk_norm,16480,236.571
qk_norm,16496,236.346
qk_norm,16512,237.008
qk_norm,16528,237.525
qk_norm,16544,237.093
qk_norm,16560,237.824
qk_norm,16576,238.405
qk_norm,16592,237.755
qk_norm,16608,238.026
qk_norm,16624,238.224
qk_norm,16640,238.592
qk_norm,16656,238.251
qk_norm,16672,239.418
qk_norm,16688,239.685
qk_norm,16704,240.427
qk_norm,16720,240.171
qk_norm,16736,240.256
qk_norm,16752,240.128
qk_norm,16768,240.277
qk_norm,16784,240.821
qk_norm,16800,241.674
qk_norm,16816,241.525
qk_norm,16832,242.17
qk_norm,16848,241.365
qk_norm,16864,241.6
qk_norm,16880,241.824
qk_norm,16896,242.043
qk_norm,16912,242.181
qk_norm,16928,242.933
qk_norm,16944,243.136
qk_norm,16960,244.128
qk_norm,16976,243.642
qk_norm,16992,243.856
qk_norm,17008,243.936
qk_norm,17024,244.389
qk_norm,17040,244.619
qk_norm,17056,245.984
qk_norm,17072,245.654
qk_norm,17088,245.851
qk_norm,17104,246.027
qk_norm,17120,245.926
qk_norm,17136,245.952
qk_norm,17152,246.245
qk_norm,17168,246.16
qk_norm,17184,247.2
qk_norm,17200,247.547
qk_norm,17216,247.744
qk_norm,17232,247.462
qk_norm,17248,247.643
qk_norm,17264,248.442
qk_norm,17280,247.755
qk_norm,17296,249.216
qk_norm,17312,249.11
qk_norm,17328,248.474
qk_norm,17344,249.659
qk_norm,17360,249.776
qk_norm,17376,249.894
qk_norm,17392,249.728
qk_norm,17408,249.846
qk_norm,17424,250.405
qk_norm,17440,250.651
qk_norm,17456,250.507
qk_norm,17472,251.072
qk_norm,17488,250.837
qk_norm,17504,250.678
qk_norm,17520,251.35
qk_norm,17536,251.659
qk_norm,17552,252.619
qk_norm,17568,252.645
qk_norm,17584,253.099
qk_norm,17600,252.736
qk_norm,17616,253.141
qk_norm,17632,252.63
qk_norm,17648,253.739
qk_norm,17664,253.825
qk_norm,17680,252.849
qk_norm,17696,254.593
qk_norm,17712,255.328
qk_norm,17728,254.912
qk_norm,17744,254.534
qk_norm,17760,255.232
qk_norm,17776,254.795
qk_norm,17792,255.302
qk_norm,17808,256.166
qk_norm,17824,256.384
qk_norm,17840,255.985
qk_norm,17856,256.72
qk_norm,17872,256.683
qk_norm,17888,256.203
qk_norm,17904,257.552
qk_norm,17920,257.579
qk_norm,17936,258.256
qk_norm,17952,257.952
qk_norm,17968,258.288
qk_norm,17984,258.47
qk_norm,18000,258.608
qk_norm,18016,257.776
qk_norm,18032,259.014
qk_norm,18048,258.299
qk_norm,18064,260.102
qk_norm,18080,259.931
qk_norm,18096,260.128
qk_norm,18112,261.003
qk_norm,18128,260.523
qk_norm,18144,260.822
qk_norm,18160,261.056
qk_norm,18176,261.2
qk_norm,18192,260.464
qk_norm,18208,261.867
qk_norm,18224,262.102
qk_norm,18240,262.07
qk_norm,18256,262.342
qk_norm,18272,262.63
qk_norm,18288,262.955
qk_norm,18304,263.195
qk_norm,18320,264.417
qk_norm,18336,263.686
qk_norm,18352,263.686
qk_norm,18368,264.694
qk_norm,18384,264.641
qk_norm,18400,264.689
qk_norm,18416,264.699
qk_norm,18432,265.222
qk_norm,18448,265.132
qk_norm,18464,265.505
qk_norm,18480,265.947
qk_norm,18496,266.465
qk_norm,18512,265.286
qk_norm,18528,264.966
qk_norm,18544,266.209
qk_norm,18560,266.63
qk_norm,18576,267.072
qk_norm,18592,267.302
qk_norm,18608,268.043
qk_norm,18624,267.622
qk_norm,18640,268.454
qk_norm,18656,267.953
qk_norm,18672,268.342
qk_norm,18688,268.075
qk_norm,18704,267.755
qk_norm,18720,269.548
qk_norm,18736,269.766
qk_norm,18752,270.588
qk_norm,18768,269.553
qk_norm,18784,269.884
qk_norm,18800,269.974
qk_norm,18816,270.577
qk_norm,18832,270.523
qk_norm,18848,270.796
qk_norm,18864,271.201
qk_norm,18880,271.318
qk_norm,18896,271.803
qk_norm,18912,271.724
qk_norm,18928,271.622
qk_norm,18944,272.31
qk_norm,18960,272.422
qk_norm,18976,274.214
qk_norm,18992,272.774
qk_norm,19008,273.681
qk_norm,19024,273.308
qk_norm,19040,272.358
qk_norm,19056,273.59
qk_norm,19072,273.846
qk_norm,19088,274.913
qk_norm,19104,275.126
qk_norm,19120,275.74
qk_norm,19136,274.801
qk_norm,19152,275.163
qk_norm,19168,274.742
qk_norm,19184,275.452
qk_norm,19200,275.366
qk_norm,19216,274.94
qk_norm,19232,276.908
qk_norm,19248,277.228
qk_norm,19264,277.308
qk_norm,19280,277.062
qk_norm,19296,276.823
qk_norm,19312,277.382
qk_norm,19328,277.713
qk_norm,19344,279.046
qk_norm,19360,278.257
qk_norm,19376,277.398
qk_norm,19392,279.222
qk_norm,19408,279.004
qk_norm,19424,279.126
qk_norm,19440,279.436
qk_norm,19456,279.334
qk_norm,19472,280.295
qk_norm,19488,281.009
qk_norm,19504,280.876
qk_norm,19520,281.569
qk_norm,19536,280.647
qk_norm,19552,279.969
qk_norm,19568,281.137
qk_norm,19584,281.542
qk_norm,19600,281.649
qk_norm,19616,282.321
qk_norm,19632,282.583
qk_norm,19648,282.289
qk_norm,19664,282.716
qk_norm,19680,282.722
qk_norm,19696,282.759
qk_norm,19712,283.329
qk_norm,19728,282.865
qk_norm,19744,283.767
qk_norm,19760,284.417
qk_norm,19776,285.276
qk_norm,19792,284.225
qk_norm,19808,284.422
qk_norm,19824,284.807
qk_norm,19840,284.972
qk_norm,19856,285.884
qk_norm,19872,286.7
qk_norm,19888,286.402
qk_norm,19904,286.791
qk_norm,19920,286.06
qk_norm,19936,286.348
qk_norm,19952,286.642
qk_norm,19968,286.94
qk_norm,19984,287.767
qk_norm,20000,287.943
qk_norm,20016,287.575
qk_norm,20032,288.935
qk_norm,20048,288.039
qk_norm,20064,287.318
qk_norm,20080,288.668
qk_norm,20096,288.61
qk_norm,20112,289.943
qk_norm,20128,290.055
qk_norm,20144,290.492
qk_norm,20160,290.076
qk_norm,20176,289.628
qk_norm,20192,289.777
qk_norm,20208,290.316
qk_norm,20224,290.551
qk_norm,20240,290.321
qk_norm,20256,292.108
qk_norm,20272,291.874
qk_norm,20288,291.985
qk_norm,20304,291.65
qk_norm,20320,292.167
qk_norm,20336,292.162
qk_norm,20352,292.167
qk_norm,20368,293.74
qk_norm,20384,293.452
qk_norm,20400,293.676
qk_norm,20416,293.97
qk_norm,20432,293.559
qk_norm,20448,293.815
qk_norm,20464,293.927
qk_norm,20480,294.722
qk_norm,20496,295.457
qk_norm,20512,295.895
qk_norm,20528,296.556
qk_norm,20544,295.287
qk_norm,20560,295.351
qk_norm,20576,294.498
qk_norm,20592,295.74
qk_norm,20608,296.045
qk_norm,20624,296.578
qk_norm,20640,296.876
qk_norm,20656,297.687
qk_norm,20672,298.396
qk_norm,20688,297.031
qk_norm,20704,297.244
qk_norm,20720,297.234
qk_norm,20736,297.724
qk_norm,20752,298.45
qk_norm,20768,299.954
qk_norm,20784,299.607
qk_norm,20800,299.346
qk_norm,20816,298.759
qk_norm,20832,299.095
qk_norm,20848,299.916
qk_norm,20864,299.623
qk_norm,20880,300.663
qk_norm,20896,301.922
qk_norm,20912,299.65
qk_norm,20928,301.266
qk_norm,20944,300.871
qk_norm,20960,301.058
qk_norm,20976,301.276
qk_norm,20992,301.858
qk_norm,21008,302.765
qk_norm,21024,303.111
qk_norm,21040,303.346
qk_norm,21056,303.655
qk_norm,21072,302.999
qk_norm,21088,301.975
qk_norm,21104,303.036
qk_norm,21120,303.239
qk_norm,21136,304.605
qk_norm,21152,304.807
qk_norm,21168,305.112
qk_norm,21184,304.77
qk_norm,21200,304.204
qk_norm,21216,305.197
qk_norm,21232,305.495
qk_norm,21248,305.01
qk_norm,21264,306.344
qk_norm,21280,306.749
qk_norm,21296,306.872
qk_norm,21312,307.079
qk_norm,21328,306.717
qk_norm,21344,307.09
qk_norm,21360,306.621
qk_norm,21376,306.834
qk_norm,21392,308.877
qk_norm,21408,308.466
qk_norm,21424,307.613
qk_norm,21440,309.463
qk_norm,21456,308.226
qk_norm,21472,309.522
qk_norm,21488,309.234
qk_norm,21504,309.474
qk_norm,21520,310.141
qk_norm,21536,310.946
qk_norm,21552,310.653
qk_norm,21568,310.882
qk_norm,21584,310.04
qk_norm,21600,310.647
qk_norm,21616,310.925
qk_norm,21632,310.6
qk_norm,21648,312.023
qk_norm,21664,312.135
qk_norm,21680,311.73
qk_norm,21696,312.856
qk_norm,21712,312.152
qk_norm,21728,312.642
qk_norm,21744,312.898
qk_norm,21760,312.525
qk_norm,21776,312.386
qk_norm,21792,313.325
qk_norm,21808,314.189
qk_norm,21824,314.541
qk_norm,21840,313.411
qk_norm,21856,313.602
qk_norm,21872,313.826
qk_norm,21888,314.301
qk_norm,21904,315.554
qk_norm,21920,315.656
qk_norm,21936,314.12
qk_norm,21952,314.423
qk_norm,21968,315.218
qk_norm,21984,315.528
qk_norm,22000,315.112
qk_norm,22016,316.541
qk_norm,22032,317.469
qk_norm,22048,316.962
qk_norm,22064,317.805
qk_norm,22080,318.627
qk_norm,22096,317.058
qk_norm,22112,316.743
qk_norm,22128,318.29
qk_norm,22144,318.077
qk_norm,22160,319.368
qk_norm,22176,318.349
qk_norm,22192,320.397
qk_norm,22208,319.394
qk_norm,22224,318.93
qk_norm,22240,319.981
qk_norm,22256,320.13
qk_norm,22272,320.077
qk_norm,22288,319.048
qk_norm,22304,321.277
qk_norm,22320,320.867
qk_norm,22336,322.306
qk_norm,22352,321.976
qk_norm,22368,320.877
qk_norm,22384,321.288
qk_norm,22400,322.131
qk_norm,22416,322.851
qk_norm,22432,322.435
qk_norm,22448,322.621
qk_norm,22464,324.162
qk_norm,22480,322.344
qk_norm,22496,323.613
qk_norm,22512,323.224
qk_norm,22528,323.112
qk_norm,22544,325.154
qk_norm,22560,325.763
qk_norm,22576,326.003
qk_norm,22592,326.093
qk_norm,22608,325.688
qk_norm,22624,326.163
qk_norm,22640,327.016
qk_norm,22656,325.149
qk_norm,22672,325.325
qk_norm,22688,328.264
qk_norm,22704,327.699
qk_norm,22720,327.485
qk_norm,22736,328.222
qk_norm,22752,326.451
qk_norm,22768,328.659
qk_norm,22784,327.101
qk_norm,22800,326.568
qk_norm,22816,329.08
qk_norm,22832,328.109
qk_norm,22848,327.171
qk_norm,22864,329.203
qk_norm,22880,328.835
qk_norm,22896,328.456
qk_norm,22912,327.848
qk_norm,22928,329.571
qk_norm,22944,331.075
qk_norm,22960,330.723
qk_norm,22976,330.269
qk_norm,22992,329.859
qk_norm,23008,332.712
qk_norm,23024,331.688
qk_norm,23040,332.355
qk_norm,23056,331.39
qk_norm,23072,333.08
qk_norm,23088,331.928
qk_norm,23104,333.129
qk_norm,23120,331.64
qk_norm,23136,333.325
qk_norm,23152,332.974
qk_norm,23168,333.139
qk_norm,23184,334.744
qk_norm,23200,333.432
qk_norm,23216,333.88
qk_norm,23232,335.07
qk_norm,23248,334.814
qk_norm,23264,335.827
qk_norm,23280,334.867
qk_norm,23296,334.888
qk_norm,23312,335.822
qk_norm,23328,336.637
qk_norm,23344,336.147
qk_norm,23360,336.941
qk_norm,23376,336.547
qk_norm,23392,336.835
qk_norm,23408,337.102
qk_norm,23424,336.59
qk_norm,23440,338.078
qk_norm,23456,336.947
qk_norm,23472,337.928
qk_norm,23488,337.534
qk_norm,23504,338.51
qk_norm,23520,339.022
qk_norm,23536,338.867
qk_norm,23552,338.488
qk_norm,23568,340.216
qk_norm,23584,340.483
qk_norm,23600,340.147
qk_norm,23616,341.07
qk_norm,23632,341.107
qk_norm,23648,339.875
qk_norm,23664,340.84
qk_norm,23680,340.329
qk_norm,23696,341.523
qk_norm,23712,342.91
qk_norm,23728,342.68
qk_norm,23744,342.035
qk_norm,23760,342.27
qk_norm,23776,342.686
qk_norm,23792,342.11
qk_norm,23808,342.318
qk_norm,23824,343.822
qk_norm,23840,344.947
qk_norm,23856,344.675
qk_norm,23872,343.55
qk_norm,23888,344.179
qk_norm,23904,345.113
qk_norm,23920,344.499
qk_norm,23936,344.798
qk_norm,23952,344.926
qk_norm,23968,345.747
qk_norm,23984,344.563
qk_norm,24000,345.364
qk_norm,24016,345.059
qk_norm,24032,345.843
qk_norm,24048,346.281
qk_norm,24064,345.72
qk_norm,24080,345.961
qk_norm,24096,347.79
qk_norm,24112,348.003
qk_norm,24128,347.56
qk_norm,24144,346.889
qk_norm,24160,347.209
qk_norm,24176,347.513
qk_norm,24192,348.435
qk_norm,24208,347.977
qk_norm,24224,348.878
qk_norm,24240,348.494
qk_norm,24256,349.998
qk_norm,24272,349.481
qk_norm,24288,350.51
qk_norm,24304,349.043
qk_norm,24320,349.529
qk_norm,24336,349.161
qk_norm,24352,350.846
qk_norm,24368,350.302
qk_norm,24384,351.075
qk_norm,24400,350.643
qk_norm,24416,350.814
qk_norm,24432,351.241
qk_norm,24448,351.348
qk_norm,24464,352.958
qk_norm,24480,352.382
qk_norm,24496,351.182
qk_norm,24512,352.451
qk_norm,24528,352.708
qk_norm,24544,353.7
qk_norm,24560,352.83
qk_norm,24576,353.705
qk_norm,24592,353.3
qk_norm,24608,354.382
qk_norm,24624,353.705
qk_norm,24640,354.751
qk_norm,24656,354.217
qk_norm,24672,354.585
qk_norm,24688,355.337
qk_norm,24704,354.249
qk_norm,24720,355.966
qk_norm,24736,356.932
qk_norm,24752,356.67
qk_norm,24768,356.617
qk_norm,24784,356.996
qk_norm,24800,357.167
qk_norm,24816,357.268
qk_norm,24832,356.692
qk_norm,24848,356.201
qk_norm,24864,357.961
qk_norm,24880,358.388
qk_norm,24896,358.244
qk_norm,24912,358.82
qk_norm,24928,357.63
qk_norm,24944,358.356
qk_norm,24960,358.793
qk_norm,24976,359.337
qk_norm,24992,359.529
qk_norm,25008,358.991
qk_norm,25024,360.1
qk_norm,25040,360.335
qk_norm,25056,360.484
qk_norm,25072,360.18
qk_norm,25088,360.857
qk_norm,25104,361.737
qk_norm,25120,362.42
qk_norm,25136,361.119
qk_norm,25152,361.273
qk_norm,25168,361.438
qk_norm,25184,362.127
qk_norm,25200,361.358
qk_norm,25216,362.607
qk_norm,25232,363.289
qk_norm,25248,363.684
qk_norm,25264,363.375
qk_norm,25280,363.311
qk_norm,25296,364.975
qk_norm,25312,364.526
qk_norm,25328,365.263
qk_norm,25344,364.111
qk_norm,25360,364.5
qk_norm,25376,365.476
qk_norm,25392,365.748
qk_norm,25408,365.919
qk_norm,25424,366.015
qk_norm,25440,366.132
qk_norm,25456,366.5
qk_norm,25472,365.839
qk_norm,25488,367.289
qk_norm,25504,367.865
qk_norm,25520,366.393
qk_norm,25536,366.74
qk_norm,25552,367.561
qk_norm,25568,367.215
qk_norm,25584,367.391
qk_norm,25600,367.78
qk_norm,25616,367.881
qk_norm,25632,369.796
qk_norm,25648,368.345
qk_norm,25664,368.431
qk_norm,25680,369.551
qk_norm,25696,369.839
qk_norm,25712,369.674
qk_norm,25728,368.788
qk_norm,25744,370.719
qk_norm,25760,371.754
qk_norm,25776,370.975
qk_norm,25792,369.689
qk_norm,25808,372.362
qk_norm,25824,371.828
qk_norm,25840,371.156
qk_norm,25856,372.276
qk_norm,25872,371.764
qk_norm,25888,374.468
qk_norm,25904,373.572
qk_norm,25920,373.204
qk_norm,25936,374.26
qk_norm,25952,373.738
qk_norm,25968,374.804
qk_norm,25984,374.127
qk_norm,26000,372.74
qk_norm,26016,375.418
qk_norm,26032,374.154
qk_norm,26048,373.674
qk_norm,26064,376.346
qk_norm,26080,377.119
qk_norm,26096,376.554
qk_norm,26112,374.415
qk_norm,26128,375.349
qk_norm,26144,377.162
qk_norm,26160,377.156
qk_norm,26176,375.855
qk_norm,26192,376.895
qk_norm,26208,377.482
qk_norm,26224,376.271
qk_norm,26240,374.319
qk_norm,26256,376.357
qk_norm,26272,378.25
qk_norm,26288,378.303
qk_norm,26304,377.119
qk_norm,26320,376.991
qk_norm,26336,377.237
qk_norm,26352,380.175
qk_norm,26368,376.378
qk_norm,26384,379.237
qk_norm,26400,378.234
qk_norm,26416,381.061
qk_norm,26432,381.247
qk_norm,26448,380.815
qk_norm,26464,381.002
qk_norm,26480,381.994
qk_norm,26496,380.058
qk_norm,26512,382.597
qk_norm,26528,382.81
qk_norm,26544,380.714
qk_norm,26560,382.133
qk_norm,26576,380.911
qk_norm,26592,382.031
qk_norm,26608,383.012
qk_norm,26624,381.599
qk_norm,26640,381.658
qk_norm,26656,384.954
qk_norm,26672,383.621
qk_norm,26688,382.949
qk_norm,26704,384.41
qk_norm,26720,383.535
qk_norm,26736,386.368
qk_norm,26752,382.303
qk_norm,26768,386.661
qk_norm,26784,386.106
qk_norm,26800,386.501
qk_norm,26816,385.722
qk_norm,26832,386.245
qk_norm,26848,384.778
qk_norm,26864,385.834
qk_norm,26880,385.807
qk_norm,26896,387.205
qk_norm,26912,386.485
qk_norm,26928,387.546
qk_norm,26944,386.879
qk_norm,26960,388.8
qk_norm,26976,388.282
qk_norm,26992,387.658
qk_norm,27008,389.024
qk_norm,27024,390.538
qk_norm,27040,389.306
qk_norm,27056,389.674
qk_norm,27072,389.466
qk_norm,27088,389.888
qk_norm,27104,390.853
qk_norm,27120,390.645
qk_norm,27136,390.346
qk_norm,27152,390.666
qk_norm,27168,391.301
qk_norm,27184,391.018
qk_norm,27200,391.045
qk_norm,27216,391.541
qk_norm,27232,391.77
qk_norm,27248,391.034
qk_norm,27264,391.936
qk_norm,27280,392.693
qk_norm,27296,393.328
qk_norm,27312,392.784
qk_norm,27328,393.093
qk_norm,27344,392.954
qk_norm,27360,394.65
qk_norm,27376,393.285
qk_norm,27392,394.117
qk_norm,27408,394.288
qk_norm,27424,394.875
qk_norm,27440,394.842
qk_norm,27456,395.051
qk_norm,27472,395.349
qk_norm,27488,395.611
qk_norm,27504,394.992
qk_norm,27520,395.296
qk_norm,27536,396.224
qk_norm,27552,397.322
qk_norm,27568,396.859
qk_norm,27584,396.176
qk_norm,27600,396.469
qk_norm,27616,398.139
qk_norm,27632,397.536
qk_norm,27648,396.405
qk_norm,27664,398.091
qk_norm,27680,399.909
qk_norm,27696,397.541
qk_norm,27712,398.528
qk_norm,27728,398.906
qk_norm,27744,400.853
qk_norm,27760,398.378
qk_norm,27776,398.741
qk_norm,27792,399.925
qk_norm,27808,400.336
qk_norm,27824,400.4
qk_norm,27840,401.334
qk_norm,27856,399.904
qk_norm,27872,400.838
qk_norm,27888,400.405
qk_norm,27904,400.8
qk_norm,27920,401.691
qk_norm,27936,402.694
qk_norm,27952,402.053
qk_norm,27968,403.328
qk_norm,27984,402.784
qk_norm,28000,403.803
qk_norm,28016,402.224
qk_norm,28032,402.469
qk_norm,28048,404.235
qk_norm,28064,404.4
qk_norm,28080,402.341
qk_norm,28096,404.219
qk_norm,28112,404.726
qk_norm,28128,407.248
qk_norm,28144,404.299
qk_norm,28160,405.382
qk_norm,28176,405.616
qk_norm,28192,405.035
qk_norm,28208,407.488
qk_norm,28224,405.926
qk_norm,28240,406.208
qk_norm,28256,405.792
qk_norm,28272,407.355
qk_norm,28288,407.942
qk_norm,28304,407.824
qk_norm,28320,406.571
qk_norm,28336,408.518
qk_norm,28352,406.901
qk_norm,28368,407.963
qk_norm,28384,408.187
qk_norm,28400,410.56
qk_norm,28416,408.907
qk_norm,28432,410.998
qk_norm,28448,409.046
qk_norm,28464,410.79
qk_norm,28480,409.627
qk_norm,28496,410.576
qk_norm,28512,410.187
qk_norm,28528,410.267
qk_norm,28544,410.731
qk_norm,28560,411.84
qk_norm,28576,410.192
qk_norm,28592,410.512
qk_norm,28608,411.601
qk_norm,28624,410.849
qk_norm,28640,411.435
qk_norm,28656,412.348
qk_norm,28672,412.497
qk_norm,28688,412.262
qk_norm,28704,413.003
qk_norm,28720,413.531
qk_norm,28736,414.39
qk_norm,28752,413.024
qk_norm,28768,414.128
qk_norm,28784,415.68
qk_norm,28800,415.302
qk_norm,28816,415.126
qk_norm,28832,414.62
qk_norm,28848,413.734
qk_norm,28864,413.312
qk_norm,28880,415.526
qk_norm,28896,415.569
qk_norm,28912,415.057
qk_norm,28928,416.913
qk_norm,28944,415.649
qk_norm,28960,416.646
qk_norm,28976,417.622
qk_norm,28992,416.918
qk_norm,29008,420.273
qk_norm,29024,416.747
qk_norm,29040,419.66
qk_norm,29056,419.67
qk_norm,29072,416.369
qk_norm,29088,420.107
qk_norm,29104,418.982
qk_norm,29120,421.569
qk_norm,29136,421.729
qk_norm,29152,417.537
qk_norm,29168,418.47
qk_norm,29184,419.675
qk_norm,29200,420.96
qk_norm,29216,421.292
qk_norm,29232,421.489
qk_norm,29248,419.841
qk_norm,29264,419.12
qk_norm,29280,421.446
qk_norm,29296,423.323
qk_norm,29312,419.676
qk_norm,29328,420.742
qk_norm,29344,420.988
qk_norm,29360,424.833
qk_norm,29376,420.556
qk_norm,29392,425.163
qk_norm,29408,422.566
qk_norm,29424,423.862
qk_norm,29440,421.569
qk_norm,29456,426.129
qk_norm,29472,421.713
qk_norm,29488,424.71
qk_norm,29504,425.148
qk_norm,29520,425.116
qk_norm,29536,422.075
qk_norm,29552,423.121
qk_norm,29568,423.302
qk_norm,29584,423.526
qk_norm,29600,425.654
qk_norm,29616,428.465
qk_norm,29632,424.081
qk_norm,29648,424.476
qk_norm,29664,424.577
qk_norm,29680,429.617
qk_norm,29696,428.199
qk_norm,29712,426.636
qk_norm,29728,428.438
qk_norm,29744,426.998
qk_norm,29760,429.201
qk_norm,29776,428.081
qk_norm,29792,427.34
qk_norm,29808,430.502
qk_norm,29824,427.068
qk_norm,29840,427.596
qk_norm,29856,429.644
qk_norm,29872,432.15
qk_norm,29888,429.815
qk_norm,29904,429.153
qk_norm,29920,432.161
qk_norm,29936,428.54
qk_norm,29952,428.908
qk_norm,29968,429.868
qk_norm,29984,430.945
qk_norm,30000,431.116
qk_norm,30016,432.454
qk_norm,30032,433.671
qk_norm,30048,430.588
qk_norm,30064,433.985
qk_norm,30080,431.676
qk_norm,30096,432.988
qk_norm,30112,431.996
qk_norm,30128,432.614
qk_norm,30144,433.75
qk_norm,30160,435.105
qk_norm,30176,435.062
qk_norm,30192,435.255
qk_norm,30208,433.095
qk_norm,30224,434.631
qk_norm,30240,436.631
qk_norm,30256,436.076
qk_norm,30272,437.137
qk_norm,30288,434.668
qk_norm,30304,436.007
qk_norm,30320,436.865
qk_norm,30336,435.447
qk_norm,30352,437.148
qk_norm,30368,435.751
qk_norm,30384,438.06
qk_norm,30400,438.615
qk_norm,30416,439.324
qk_norm,30432,436.695
qk_norm,30448,436.951
qk_norm,30464,439.265
qk_norm,30480,439.191
qk_norm,30496,437.431
qk_norm,30512,437.842
qk_norm,30528,438.647
qk_norm,30544,439.1
qk_norm,30560,437.553
qk_norm,30576,439.169
qk_norm,30592,439.697
qk_norm,30608,442.733
qk_norm,30624,441.586
qk_norm,30640,441.303
qk_norm,30656,442.087
qk_norm,30672,443.724
qk_norm,30688,442.204
qk_norm,30704,443.911
qk_norm,30720,444.892
qk_norm,30736,444.45
qk_norm,30752,443.66
qk_norm,30768,444.226
qk_norm,30784,444.642
qk_norm,30800,445.73
qk_norm,30816,443.996
qk_norm,30832,444.428
qk_norm,30848,447.623
qk_norm,30864,446.754
qk_norm,30880,446.167
qk_norm,30896,445.036
qk_norm,30912,445.655
qk_norm,30928,447.612
qk_norm,30944,448.018
qk_norm,30960,447.319
qk_norm,30976,445.618
qk_norm,30992,446.679
qk_norm,31008,447.474
qk_norm,31024,445.922
qk_norm,31040,446.418
qk_norm,31056,445.447
qk_norm,31072,443.788
qk_norm,31088,445.836
qk_norm,31104,446.162
qk_norm,31120,447.543
qk_norm,31136,448.658
qk_norm,31152,446.807
qk_norm,31168,449.245
qk_norm,31184,451.202
qk_norm,31200,447.516
qk_norm,31216,449.767
qk_norm,31232,447.426
qk_norm,31248,448.226
qk_norm,31264,448.471
qk_norm,31280,448.807
qk_norm,31296,448.733
qk_norm,31312,450.802
qk_norm,31328,449.474
qk_norm,31344,450.455
qk_norm,31360,451.847
qk_norm,31376,451.543
qk_norm,31392,452.247
qk_norm,31408,450.796
qk_norm,31424,452.866
qk_norm,31440,452.69
qk_norm,31456,451.255
qk_norm,31472,452.301
qk_norm,31488,453.794
qk_norm,31504,451.65
qk_norm,31520,453.698
qk_norm,31536,453.858
qk_norm,31552,452.338
qk_norm,31568,455.49
qk_norm,31584,451.89
qk_norm,31600,453.853
qk_norm,31616,454.141
qk_norm,31632,455.479
qk_norm,31648,456.653
qk_norm,31664,457.074
qk_norm,31680,457.954
qk_norm,31696,457.213
qk_norm,31712,458.653
qk_norm,31728,458.61
qk_norm,31744,458.338
qk_norm,31760,455.549
qk_norm,31776,457.944
qk_norm,31792,457.57
qk_norm,31808,457.944
qk_norm,31824,458.125
qk_norm,31840,457.778
qk_norm,31856,456.994
qk_norm,31872,456.989
qk_norm,31888,459.256
qk_norm,31904,459.437
qk_norm,31920,458.909
qk_norm,31936,457.101
qk_norm,31952,458.328
qk_norm,31968,458.797
qk_norm,31984,460.589
qk_norm,32000,461.741
qk_norm,32016,460.029
qk_norm,32032,461.133
qk_norm,32048,464.717
qk_norm,32064,464.866
qk_norm,32080,464.877
qk_norm,32096,462.28
qk_norm,32112,462.21
qk_norm,32128,462.717
qk_norm,32144,462.642
qk_norm,32160,463.171
qk_norm,32176,466.285
qk_norm,32192,463.256
qk_norm,32208,466.882
qk_norm,32224,464.274
qk_norm,32240,467.133
qk_norm,32256,464.642
qk_norm,32272,467.746
qk_norm,32288,464.611
qk_norm,32304,465.315
qk_norm,32320,465.954
qk_norm,32336,468.877
qk_norm,32352,466.168
qk_norm,32368,465.347
qk_norm,32384,466.648
qk_norm,32400,472.12
qk_norm,32416,469.16
qk_norm,32432,469.048
qk_norm,32448,469.357
qk_norm,32464,470.546
qk_norm,32480,467.816
qk_norm,32496,468.466
qk_norm,32512,467.629
qk_norm,32528,471.341
qk_norm,32544,472.488
qk_norm,32560,472.093
qk_norm,32576,469.416
qk_norm,32592,469.347
qk_norm,32608,470.141
qk_norm,32624,469.603
qk_norm,32640,476.376
qk_norm,32656,470.989
qk_norm,32672,469.997
qk_norm,32688,471.944
qk_norm,32704,473.539
qk_norm,32720,470.824
qk_norm,32736,471.213
qk_norm,32752,470.515
qk_norm,32768,474.243
qkv_proj,1,20.5763
qkv_proj,2,19.0293
qkv_proj,3,18.9227
qkv_proj,4,18.9443
qkv_proj,5,18.9337
qkv_proj,6,18.923
qkv_proj,7,19.0613
qkv_proj,8,19.0193
qkv_proj,9,19.1257
qkv_proj,10,19.1147
qkv_proj,11,19.35
qkv_proj,12,19.2963
qkv_proj,13,19.3713
qkv_proj,14,19.1363
qkv_proj,15,19.211
qkv_proj,16,19.0617
qkv_proj,20,24.054
qkv_proj,24,24.2137
qkv_proj,28,24.15
qkv_proj,32,24.2777
qkv_proj,36,24.0537
qkv_proj,40,23.8833
qkv_proj,44,23.883
qkv_proj,48,23.883
qkv_proj,52,23.8727
qkv_proj,56,23.8403
qkv_proj,60,20.651
qkv_proj,64,24.2777
qkv_proj,80,30.358
qkv_proj,96,29.3873
qkv_proj,112,27.1687
qkv_proj,128,36.6297
qkv_proj,144,43.521
qkv_proj,160,43.5207
qkv_proj,176,43.0943
qkv_proj,192,43.1157
qkv_proj,208,53.0463
qkv_proj,224,47.9903
qkv_proj,240,48.0223
qkv_proj,256,48.0753
qkv_proj,272,84.9187
qkv_proj,288,85.0367
qkv_proj,304,85.0893
qkv_proj,320,85.025
qkv_proj,336,85.2493
qkv_proj,352,103.607
qkv_proj,368,83.3083
qkv_proj,384,83.3297
qkv_proj,400,84.6627
qkv_proj,416,84.6517
qkv_proj,432,84.5347
qkv_proj,448,84.46
qkv_proj,464,84.588
qkv_proj,480,84.5347
qkv_proj,496,84.631
qkv_proj,512,84.652
qkv_proj,528,107.639
qkv_proj,544,107.607
qkv_proj,560,107.778
qkv_proj,576,107.586
qkv_proj,592,164.686
qkv_proj,608,164.686
qkv_proj,624,164.984
qkv_proj,640,125.069
qkv_proj,656,125.357
qkv_proj,672,125.485
qkv_proj,688,125.442
qkv_proj,704,125.687
qkv_proj,720,166.99
qkv_proj,736,167.075
qkv_proj,752,167.267
qkv_proj,768,167.032
qkv_proj,784,170.147
qkv_proj,800,170.168
qkv_proj,816,160.6
qkv_proj,832,160.653
qkv_proj,848,160.686
qkv_proj,864,160.643
qkv_proj,880,160.697
qkv_proj,896,160.846
qkv_proj,912,160.963
qkv_proj,928,160.781
qkv_proj,944,160.931
qkv_proj,960,160.899
qkv_proj,976,161.176
qkv_proj,992,161.166
qkv_proj,1008,161.24
qkv_proj,1024,161.304
qkv_proj,1040,322.001
qkv_proj,1056,322.118
qkv_proj,1072,322.406
qkv_proj,1088,322.331
qkv_proj,1104,322.608
qkv_proj,1120,322.769
qkv_proj,1136,322.79
qkv_proj,1152,323.088
qkv_proj,1168,248.015
qkv_proj,1184,248.004
qkv_proj,1200,248.26
qkv_proj,1216,248.303
qkv_proj,1232,323.142
qkv_proj,1248,323.238
qkv_proj,1264,322.928
qkv_proj,1280,323.099
qkv_proj,1296,322.95
qkv_proj,1312,322.96
qkv_proj,1328,322.929
qkv_proj,1344,322.96
qkv_proj,1360,323.025
qkv_proj,1376,323.056
qkv_proj,1392,323.131
qkv_proj,1408,323.174
qkv_proj,1424,323.27
qkv_proj,1440,323.291
qkv_proj,1456,323.281
qkv_proj,1472,323.109
qkv_proj,1488,323.249
qkv_proj,1504,323.163
qkv_proj,1520,323.227
qkv_proj,1536,323.11
qkv_proj,1552,323.515
qkv_proj,1568,323.227
qkv_proj,1584,323.323
qkv_proj,1600,323.333
qkv_proj,1616,323.579
qkv_proj,1632,323.611
qkv_proj,1648,323.441
qkv_proj,1664,323.643
qkv_proj,1680,323.931
qkv_proj,1696,323.558
qkv_proj,1712,323.771
qkv_proj,1728,323.781
qkv_proj,1744,323.771
qkv_proj,1760,323.813
qkv_proj,1776,323.792
qkv_proj,1792,323.803
qkv_proj,1808,324.037
qkv_proj,1824,323.91
qkv_proj,1840,324.241
qkv_proj,1856,323.963
qkv_proj,1872,323.921
qkv_proj,1888,324.219
qkv_proj,1904,324.24
qkv_proj,1920,324.112
qkv_proj,1936,324.282
qkv_proj,1952,324.102
qkv_proj,1968,324.187
qkv_proj,1984,324.134
qkv_proj,2000,324.208
qkv_proj,2016,324.219
qkv_proj,2032,324.081
qkv_proj,2048,324.027
qkv_proj,2064,324.027
qkv_proj,2080,324.006
qkv_proj,2096,324.251
qkv_proj,2112,324.197
qkv_proj,2128,324.198
qkv_proj,2144,324.293
qkv_proj,2160,324.337
qkv_proj,2176,324.422
qkv_proj,2192,482.771
qkv_proj,2208,482.771
qkv_proj,2224,482.878
qkv_proj,2240,482.942
qkv_proj,2256,482.921
qkv_proj,2272,482.941
qkv_proj,2288,483.347
qkv_proj,2304,482.995
qkv_proj,2320,482.963
qkv_proj,2336,482.953
qkv_proj,2352,483.166
qkv_proj,2368,483.134
qkv_proj,2384,483.293
qkv_proj,2400,483.347
qkv_proj,2416,483.209
qkv_proj,2432,483.263
qkv_proj,2448,483.411
qkv_proj,2464,483.293
qkv_proj,2480,483.219
qkv_proj,2496,483.336
qkv_proj,2512,483.336
qkv_proj,2528,483.272
qkv_proj,2544,483.294
qkv_proj,2560,483.337
qkv_proj,2576,483.582
qkv_proj,2592,483.304
qkv_proj,2608,483.273
qkv_proj,2624,483.71
qkv_proj,2640,483.315
qkv_proj,2656,483.23
qkv_proj,2672,483.763
qkv_proj,2688,483.624
qkv_proj,2704,483.293
qkv_proj,2720,483.561
qkv_proj,2736,483.433
qkv_proj,2752,483.389
qkv_proj,2768,483.304
qkv_proj,2784,483.806
qkv_proj,2800,483.486
qkv_proj,2816,483.817
qkv_proj,2832,483.998
qkv_proj,2848,483.763
qkv_proj,2864,483.689
qkv_proj,2880,483.517
qkv_proj,2896,484.019
qkv_proj,2912,483.795
qkv_proj,2928,483.678
qkv_proj,2944,483.965
qkv_proj,2960,483.966
qkv_proj,2976,483.955
qkv_proj,2992,484.104
qkv_proj,3008,484.126
qkv_proj,3024,484.221
qkv_proj,3040,484.19
qkv_proj,3056,484.382
qkv_proj,3072,484.308
qkv_proj,3088,484.456
qkv_proj,3104,484.382
qkv_proj,3120,484.563
qkv_proj,3136,484.509
qkv_proj,3152,484.563
qkv_proj,3168,484.414
qkv_proj,3184,484.766
qkv_proj,3200,484.616
qkv_proj,3216,642.347
qkv_proj,3232,642.411
qkv_proj,3248,642.369
qkv_proj,3264,642.667
qkv_proj,3280,642.592
qkv_proj,3296,642.988
qkv_proj,3312,642.87
qkv_proj,3328,642.87
qkv_proj,3344,643.287
qkv_proj,3360,643.264
qkv_proj,3376,643.478
qkv_proj,3392,643.414
qkv_proj,3408,643.318
qkv_proj,3424,643.254
qkv_proj,3440,643.318
qkv_proj,3456,643.425
qkv_proj,3472,643.595
qkv_proj,3488,643.563
qkv_proj,3504,643.574
qkv_proj,3520,643.36
qkv_proj,3536,643.68
qkv_proj,3552,643.627
qkv_proj,3568,643.702
qkv_proj,3584,643.616
qkv_proj,3600,643.712
qkv_proj,3616,643.649
qkv_proj,3632,643.424
qkv_proj,3648,643.446
qkv_proj,3664,643.563
qkv_proj,3680,643.51
qkv_proj,3696,643.734
qkv_proj,3712,643.734
qkv_proj,3728,643.755
qkv_proj,3744,643.531
qkv_proj,3760,643.734
qkv_proj,3776,643.723
qkv_proj,3792,643.638
qkv_proj,3808,643.809
qkv_proj,3824,644.032
qkv_proj,3840,643.776
qkv_proj,3856,643.755
qkv_proj,3872,627.424
qkv_proj,3888,627.307
qkv_proj,3904,627.52
qkv_proj,3920,627.307
qkv_proj,3936,627.467
qkv_proj,3952,627.2
qkv_proj,3968,627.297
qkv_proj,3984,627.413
qkv_proj,4000,627.584
qkv_proj,4016,627.617
qkv_proj,4032,627.808
qkv_proj,4048,627.446
qkv_proj,4064,627.67
qkv_proj,4080,627.499
qkv_proj,4096,627.617
qkv_proj,4112,628.267
qkv_proj,4128,627.969
qkv_proj,4144,627.915
qkv_proj,4160,628.16
qkv_proj,4176,628.065
qkv_proj,4192,628.374
qkv_proj,4208,628.225
qkv_proj,4224,628.011
qkv_proj,4240,628.683
qkv_proj,4256,628.523
qkv_proj,4272,628.533
qkv_proj,4288,628.704
qkv_proj,4304,628.469
qkv_proj,4320,628.672
qkv_proj,4336,628.62
qkv_proj,4352,628.651
qkv_proj,4368,704.78
qkv_proj,4384,705.174
qkv_proj,4400,705.218
qkv_proj,4416,705.26
qkv_proj,4432,704.972
qkv_proj,4448,705.271
qkv_proj,4464,705.24
qkv_proj,4480,704.695
qkv_proj,4496,705.559
qkv_proj,4512,705.25
qkv_proj,4528,705.421
qkv_proj,4544,705.399
qkv_proj,4560,705.442
qkv_proj,4576,705.238
qkv_proj,4592,705.441
qkv_proj,4608,705.314
qkv_proj,4624,705.644
qkv_proj,4640,705.997
qkv_proj,4656,705.751
qkv_proj,4672,706.039
qkv_proj,4688,705.762
qkv_proj,4704,705.784
qkv_proj,4720,705.932
qkv_proj,4736,705.762
qkv_proj,4752,706.38
qkv_proj,4768,706.189
qkv_proj,4784,706.007
qkv_proj,4800,706.263
qkv_proj,4816,706.392
qkv_proj,4832,706.434
qkv_proj,4848,706.049
qkv_proj,4864,706.156
qkv_proj,4880,782.616
qkv_proj,4896,782.307
qkv_proj,4912,782.488
qkv_proj,4928,782.2
qkv_proj,4944,782.318
qkv_proj,4960,782.318
qkv_proj,4976,782.329
qkv_proj,4992,782.595
qkv_proj,5008,782.574
qkv_proj,5024,783.054
qkv_proj,5040,783.064
qkv_proj,5056,782.99
qkv_proj,5072,782.851
qkv_proj,5088,782.926
qkv_proj,5104,782.947
qkv_proj,5120,782.957
qkv_proj,5136,783.15
qkv_proj,5152,854.393
qkv_proj,5168,854.137
qkv_proj,5184,854.81
qkv_proj,5200,854.778
qkv_proj,5216,854.852
qkv_proj,5232,855.428
qkv_proj,5248,856.143
qkv_proj,5264,859.61
qkv_proj,5280,859.823
qkv_proj,5296,859.237
qkv_proj,5312,859.556
qkv_proj,5328,860.068
qkv_proj,5344,860.036
qkv_proj,5360,860.367
qkv_proj,5376,859.983
qkv_proj,5392,934.064
qkv_proj,5408,932.315
qkv_proj,5424,938.971
qkv_proj,5440,936.421
qkv_proj,5456,937.148
qkv_proj,5472,936.976
qkv_proj,5488,939.067
qkv_proj,5504,937.649
qkv_proj,5520,936.496
qkv_proj,5536,936.251
qkv_proj,5552,938.737
qkv_proj,5568,938.022
qkv_proj,5584,937.914
qkv_proj,5600,938.683
qkv_proj,5616,941.723
qkv_proj,5632,941.712
qkv_proj,5648,939.206
qkv_proj,5664,939.515
qkv_proj,5680,940.624
qkv_proj,5696,940.657
qkv_proj,5712,940.805
qkv_proj,5728,941.233
qkv_proj,5744,941.489
qkv_proj,5760,941.413
qkv_proj,5776,941.371
qkv_proj,5792,941.083
qkv_proj,5808,942.075
qkv_proj,5824,941.766
qkv_proj,5840,942.267
qkv_proj,5856,942.459
qkv_proj,5872,943.217
qkv_proj,5888,942.854
qkv_proj,5904,1011.29
qkv_proj,5920,1012
qkv_proj,5936,1012.97
qkv_proj,5952,1012.57
qkv_proj,5968,1013.04
qkv_proj,5984,1012.45
qkv_proj,6000,1013.21
qkv_proj,6016,1012.73
qkv_proj,6032,1015.26
qkv_proj,6048,1015.21
qkv_proj,6064,1015.24
qkv_proj,6080,1014.55
qkv_proj,6096,1015.31
qkv_proj,6112,1015.21
qkv_proj,6128,1015.87
qkv_proj,6144,1015.32
qkv_proj,6160,1019.53
qkv_proj,6176,1020.47
qkv_proj,6192,1020.17
qkv_proj,6208,1021.06
qkv_proj,6224,1021.81
qkv_proj,6240,1020.54
qkv_proj,6256,1022.07
qkv_proj,6272,1021.51
qkv_proj,6288,1027.1
qkv_proj,6304,1027.76
qkv_proj,6320,1027.44
qkv_proj,6336,1027.77
qkv_proj,6352,1027.14
qkv_proj,6368,1027.41
qkv_proj,6384,1027.92
qkv_proj,6400,1027.98
qkv_proj,6416,1031.85
qkv_proj,6432,1032.55
qkv_proj,6448,1033.47
qkv_proj,6464,1033.6
qkv_proj,6480,1033.52
qkv_proj,6496,1033.3
qkv_proj,6512,1034.51
qkv_proj,6528,1034.26
qkv_proj,6544,1102.37
qkv_proj,6560,1104.13
qkv_proj,6576,1106.22
qkv_proj,6592,1102.84
qkv_proj,6608,1104.84
qkv_proj,6624,1103.63
qkv_proj,6640,1104.17
qkv_proj,6656,1105.17
qkv_proj,6672,1105.5
qkv_proj,6688,1106.71
qkv_proj,6704,1107.18
qkv_proj,6720,1107.01
qkv_proj,6736,1108.11
qkv_proj,6752,1108.64
qkv_proj,6768,1108.82
qkv_proj,6784,1110.07
qkv_proj,6800,1109.52
qkv_proj,6816,1110.06
qkv_proj,6832,1110.45
qkv_proj,6848,1110.22
qkv_proj,6864,1111.3
qkv_proj,6880,1111.31
qkv_proj,6896,1111.9
qkv_proj,6912,1112.02
qkv_proj,6928,1111.28
qkv_proj,6944,1111.26
qkv_proj,6960,1111.91
qkv_proj,6976,1111.28
qkv_proj,6992,1112.45
qkv_proj,7008,1112.07
qkv_proj,7024,1112.39
qkv_proj,7040,1112.74
qkv_proj,7056,1093.42
qkv_proj,7072,1093.12
qkv_proj,7088,1092.87
qkv_proj,7104,1093.04
qkv_proj,7120,1093.04
qkv_proj,7136,1092.9
qkv_proj,7152,1092.6
qkv_proj,7168,1093.05
qkv_proj,7184,1093.42
qkv_proj,7200,1093.64
qkv_proj,7216,1093.2
qkv_proj,7232,1093.61
qkv_proj,7248,1093.28
qkv_proj,7264,1093.36
qkv_proj,7280,1093.46
qkv_proj,7296,1093.64
qkv_proj,7312,1094.05
qkv_proj,7328,1094.25
qkv_proj,7344,1094.05
qkv_proj,7360,1093.78
qkv_proj,7376,1093.91
qkv_proj,7392,1094.17
qkv_proj,7408,1093.89
qkv_proj,7424,1094.23
qkv_proj,7440,1094.49
qkv_proj,7456,1094.39
qkv_proj,7472,1094.35
qkv_proj,7488,1094.44
qkv_proj,7504,1094.37
qkv_proj,7520,1094.27
qkv_proj,7536,1094.49
qkv_proj,7552,1094.4
qkv_proj,7568,1273.46
qkv_proj,7584,1271.16
qkv_proj,7600,1271.94
qkv_proj,7616,1271.45
qkv_proj,7632,1268.94
qkv_proj,7648,1271.55
qkv_proj,7664,1269.94
qkv_proj,7680,1274.16
qkv_proj,7696,1271.79
qkv_proj,7712,1270.84
qkv_proj,7728,1273.94
qkv_proj,7744,1274.32
qkv_proj,7760,1272.25
qkv_proj,7776,1273.09
qkv_proj,7792,1276.52
qkv_proj,7808,1274.88
qkv_proj,7824,1277.77
qkv_proj,7840,1278.69
qkv_proj,7856,1278.45
qkv_proj,7872,1278.73
qkv_proj,7888,1279.59
qkv_proj,7904,1278.91
qkv_proj,7920,1279.22
qkv_proj,7936,1280.5
qkv_proj,7952,1280.35
qkv_proj,7968,1214.57
qkv_proj,7984,1214.71
qkv_proj,8000,1214.98
qkv_proj,8016,1214.92
qkv_proj,8032,1214.77
qkv_proj,8048,1214.58
qkv_proj,8064,1215.07
qkv_proj,8080,1292.56
qkv_proj,8096,1292.67
qkv_proj,8112,1292.52
qkv_proj,8128,1292.42
qkv_proj,8144,1292.55
qkv_proj,8160,1284.47
qkv_proj,8176,1284.76
qkv_proj,8192,1284.14
qkv_proj,8208,1285.27
qkv_proj,8224,1284.92
qkv_proj,8240,1284.9
qkv_proj,8256,1284.64
qkv_proj,8272,1285.05
qkv_proj,8288,1284.54
qkv_proj,8304,1285.11
qkv_proj,8320,1285.08
qkv_proj,8336,1285.33
qkv_proj,8352,1284.82
qkv_proj,8368,1284.89
qkv_proj,8384,1285.17
qkv_proj,8400,1285.21
qkv_proj,8416,1285.21
qkv_proj,8432,1285.36
qkv_proj,8448,1284.94
qkv_proj,8464,1285.5
qkv_proj,8480,1285.27
qkv_proj,8496,1285.2
qkv_proj,8512,1285.24
qkv_proj,8528,1285.57
qkv_proj,8544,1285.25
qkv_proj,8560,1285.09
qkv_proj,8576,1286.03
qkv_proj,8592,1285.62
qkv_proj,8608,1285.91
qkv_proj,8624,1284.93
qkv_proj,8640,1285.73
qkv_proj,8656,1285.35
qkv_proj,8672,1285.13
qkv_proj,8688,1285.63
qkv_proj,8704,1285.69
qkv_proj,8720,1443
qkv_proj,8736,1443
qkv_proj,8752,1442.19
qkv_proj,8768,1443.45
qkv_proj,8784,1441.81
qkv_proj,8800,1444.41
qkv_proj,8816,1444.17
qkv_proj,8832,1444.7
qkv_proj,8848,1443.84
qkv_proj,8864,1443.24
qkv_proj,8880,1444.76
qkv_proj,8896,1444.57
qkv_proj,8912,1444.77
qkv_proj,8928,1444.56
qkv_proj,8944,1444.51
qkv_proj,8960,1444.04
qkv_proj,8976,1443.65
qkv_proj,8992,1443.65
qkv_proj,9008,1444.06
qkv_proj,9024,1326.99
qkv_proj,9040,1326.88
qkv_proj,9056,1327.1
qkv_proj,9072,1326.95
qkv_proj,9088,1326.85
qkv_proj,9104,1327.47
qkv_proj,9120,1327.69
qkv_proj,9136,1327.55
qkv_proj,9152,1327.42
qkv_proj,9168,1327.48
qkv_proj,9184,1327.65
qkv_proj,9200,1327.59
qkv_proj,9216,1327.65
qkv_proj,9232,1403.61
qkv_proj,9248,1403.68
qkv_proj,9264,1403.45
qkv_proj,9280,1403.72
qkv_proj,9296,1403.82
qkv_proj,9312,1403.58
qkv_proj,9328,1403.68
qkv_proj,9344,1403.7
qkv_proj,9360,1404.25
qkv_proj,9376,1404.02
qkv_proj,9392,1404.15
qkv_proj,9408,1404.53
qkv_proj,9424,1403.99
qkv_proj,9440,1404.52
qkv_proj,9456,1404.37
qkv_proj,9472,1404.43
qkv_proj,9488,1404.57
qkv_proj,9504,1404.89
qkv_proj,9520,1404.92
qkv_proj,9536,1404.47
qkv_proj,9552,1404.59
qkv_proj,9568,1404.64
qkv_proj,9584,1404.59
qkv_proj,9600,1404.45
qkv_proj,9616,1405.1
qkv_proj,9632,1405.24
qkv_proj,9648,1405.13
qkv_proj,9664,1405.41
qkv_proj,9680,1405.06
qkv_proj,9696,1405.29
qkv_proj,9712,1405.18
qkv_proj,9728,1405.08
qkv_proj,9744,1606.78
qkv_proj,9760,1602.99
qkv_proj,9776,1608.05
qkv_proj,9792,1603.62
qkv_proj,9808,1606.96
qkv_proj,9824,1610.57
qkv_proj,9840,1605.68
qkv_proj,9856,1609.98
qkv_proj,9872,1609.75
qkv_proj,9888,1609.19
qkv_proj,9904,1609.53
qkv_proj,9920,1609.89
qkv_proj,9936,1610.82
qkv_proj,9952,1608.76
qkv_proj,9968,1611.31
qkv_proj,9984,1614.24
qkv_proj,10000,1615.06
qkv_proj,10016,1616.93
qkv_proj,10032,1616.83
qkv_proj,10048,1617.7
qkv_proj,10064,1618.43
qkv_proj,10080,1618.85
qkv_proj,10096,1618.5
qkv_proj,10112,1618.88
qkv_proj,10128,1618.45
qkv_proj,10144,1618.5
qkv_proj,10160,1618.95
qkv_proj,10176,1619.19
qkv_proj,10192,1619.7
qkv_proj,10208,1620.26
qkv_proj,10224,1620.37
qkv_proj,10240,1605.29
qkv_proj,10256,1606.46
qkv_proj,10272,1604.81
qkv_proj,10288,1606.13
qkv_proj,10304,1605.48
qkv_proj,10320,1604.63
qkv_proj,10336,1605.24
qkv_proj,10352,1605.77
qkv_proj,10368,1605.77
qkv_proj,10384,1605.71
qkv_proj,10400,1605.12
qkv_proj,10416,1606.7
qkv_proj,10432,1605.85
qkv_proj,10448,1605.87
qkv_proj,10464,1605.71
qkv_proj,10480,1605.97
qkv_proj,10496,1605.97
qkv_proj,10512,1605.87
qkv_proj,10528,1606
qkv_proj,10544,1605.63
qkv_proj,10560,1606.09
qkv_proj,10576,1606.26
qkv_proj,10592,1605.85
qkv_proj,10608,1606.2
qkv_proj,10624,1605.77
qkv_proj,10640,1606.53
qkv_proj,10656,1606.34
qkv_proj,10672,1606.35
qkv_proj,10688,1606.18
qkv_proj,10704,1606.15
qkv_proj,10720,1606.1
qkv_proj,10736,1606.75
qkv_proj,10752,1606.33
qkv_proj,10768,1606.12
qkv_proj,10784,1605.76
qkv_proj,10800,1606.35
qkv_proj,10816,1606.62
qkv_proj,10832,1606.26
qkv_proj,10848,1606.31
qkv_proj,10864,1606.44
qkv_proj,10880,1606.51
qkv_proj,10896,1765.02
qkv_proj,10912,1765.76
qkv_proj,10928,1763.11
qkv_proj,10944,1765.13
qkv_proj,10960,1765.27
qkv_proj,10976,1763.72
qkv_proj,10992,1764.02
qkv_proj,11008,1764.93
qkv_proj,11024,1764.14
qkv_proj,11040,1765.62
qkv_proj,11056,1765.1
qkv_proj,11072,1764.46
qkv_proj,11088,1763.95
qkv_proj,11104,1765.12
qkv_proj,11120,1763.91
qkv_proj,11136,1765.69
qkv_proj,11152,1764.99
qkv_proj,11168,1764.36
qkv_proj,11184,1765.27
qkv_proj,11200,1764.91
qkv_proj,11216,1765.9
qkv_proj,11232,1766.44
qkv_proj,11248,1765.63
qkv_proj,11264,1765.43
qkv_proj,11280,1764.67
qkv_proj,11296,1765.89
qkv_proj,11312,1765.63
qkv_proj,11328,1765.61
qkv_proj,11344,1766.04
qkv_proj,11360,1765.78
qkv_proj,11376,1765.27
qkv_proj,11392,1765.39
qkv_proj,11408,1766.41
qkv_proj,11424,1765.94
qkv_proj,11440,1766.17
qkv_proj,11456,1765.51
qkv_proj,11472,1765.45
qkv_proj,11488,1765.94
qkv_proj,11504,1766.53
qkv_proj,11520,1766
qkv_proj,11536,1765.19
qkv_proj,11552,1765.86
qkv_proj,11568,1766.25
qkv_proj,11584,1766.09
qkv_proj,11600,1765.83
qkv_proj,11616,1765.66
qkv_proj,11632,1765.32
qkv_proj,11648,1765.56
qkv_proj,11664,1767.17
qkv_proj,11680,1766.25
qkv_proj,11696,1765.86
qkv_proj,11712,1765.45
qkv_proj,11728,1765.57
qkv_proj,11744,1765.01
qkv_proj,11760,1765.84
qkv_proj,11776,1766.55
qkv_proj,11792,1765.34
qkv_proj,11808,1765.26
qkv_proj,11824,1766.31
qkv_proj,11840,1767
qkv_proj,11856,1767.02
qkv_proj,11872,1767.19
qkv_proj,11888,1766.31
qkv_proj,11904,1766.76
qkv_proj,11920,1917.28
qkv_proj,11936,1918.08
qkv_proj,11952,1915.7
qkv_proj,11968,1670.37
qkv_proj,11984,1672.84
qkv_proj,12000,1669.4
qkv_proj,12016,1669.65
qkv_proj,12032,1676.69
qkv_proj,12048,1670.72
qkv_proj,12064,1919.12
qkv_proj,12080,1924.15
qkv_proj,12096,1924.76
qkv_proj,12112,1920.87
qkv_proj,12128,1905.81
qkv_proj,12144,1906.93
qkv_proj,12160,1905.6
qkv_proj,12176,1908.03
qkv_proj,12192,1908.75
qkv_proj,12208,1923.48
qkv_proj,12224,1893.17
qkv_proj,12240,1891.05
qkv_proj,12256,1891.2
qkv_proj,12272,1893.67
qkv_proj,12288,1892.42
qkv_proj,12304,1924.75
qkv_proj,12320,1925.72
qkv_proj,12336,1875.87
qkv_proj,12352,1875.36
qkv_proj,12368,1874.53
qkv_proj,12384,1861.16
qkv_proj,12400,1861.22
qkv_proj,12416,1860.38
qkv_proj,12432,1860
qkv_proj,12448,1859.11
qkv_proj,12464,1924.98
qkv_proj,12480,1859.62
qkv_proj,12496,1861.76
qkv_proj,12512,1846.03
qkv_proj,12528,1847.2
qkv_proj,12544,1846.02
qkv_proj,12560,1846.93
qkv_proj,12576,1925.09
qkv_proj,12592,1830.13
qkv_proj,12608,1832.14
qkv_proj,12624,1830.08
qkv_proj,12640,1832.14
qkv_proj,12656,1815.42
qkv_proj,12672,1817.56
qkv_proj,12688,1816.62
qkv_proj,12704,1816.09
qkv_proj,12720,1814.19
qkv_proj,12736,1909.84
qkv_proj,12752,1927.07
qkv_proj,12768,1816.41
qkv_proj,12784,1816.45
qkv_proj,12800,1815.47
qkv_proj,12816,1816.58
qkv_proj,12832,1802.14
qkv_proj,12848,1802.11
qkv_proj,12864,1800.46
qkv_proj,12880,1801.06
qkv_proj,12896,1786.02
qkv_proj,12912,1788.12
qkv_proj,12928,1788.06
qkv_proj,12944,1786.38
qkv_proj,12960,1788.39
qkv_proj,12976,1925.98
qkv_proj,12992,1787.56
qkv_proj,13008,1787.9
qkv_proj,13024,1771.46
qkv_proj,13040,1772.91
qkv_proj,13056,1775
qkv_proj,13072,1918.66
qkv_proj,13088,1913.53
qkv_proj,13104,1855.36
qkv_proj,13120,1854.73
qkv_proj,13136,1855.33
qkv_proj,13152,1838.81
qkv_proj,13168,1839.24
qkv_proj,13184,1841.36
qkv_proj,13200,1841.17
qkv_proj,13216,1840.9
qkv_proj,13232,2020.48
qkv_proj,13248,2078.97
qkv_proj,13264,1854.09
qkv_proj,13280,1828.5
qkv_proj,13296,1829
qkv_proj,13312,1826.51
qkv_proj,13328,1830.52
qkv_proj,13344,1896.33
qkv_proj,13360,2081.79
qkv_proj,13376,1829.12
qkv_proj,13392,1818.86
qkv_proj,13408,1826.77
qkv_proj,13424,1829.27
qkv_proj,13440,1832.18
qkv_proj,13456,1833.14
qkv_proj,13472,1833.7
qkv_proj,13488,1830.51
qkv_proj,13504,1831.53
qkv_proj,13520,1828.87
qkv_proj,13536,1831.7
qkv_proj,13552,1833.45
qkv_proj,13568,1830.13
qkv_proj,13584,1832.51
qkv_proj,13600,1834.68
qkv_proj,13616,1832.88
qkv_proj,13632,1832.49
qkv_proj,13648,1832.6
qkv_proj,13664,1831.08
qkv_proj,13680,1834.05
qkv_proj,13696,1832.01
qkv_proj,13712,1831.93
qkv_proj,13728,1832.62
qkv_proj,13744,1834.03
qkv_proj,13760,1832.03
qkv_proj,13776,1832.62
qkv_proj,13792,1832.96
qkv_proj,13808,1833.97
qkv_proj,13824,1831.81
qkv_proj,13840,1833.1
qkv_proj,13856,1833.06
qkv_proj,13872,1833.69
qkv_proj,13888,1832.42
qkv_proj,13904,1830.75
qkv_proj,13920,1834.79
qkv_proj,13936,1832.74
qkv_proj,13952,1833.32
qkv_proj,13968,1832.46
qkv_proj,13984,1833.9
qkv_proj,14000,1831.17
qkv_proj,14016,1833.82
qkv_proj,14032,1832.63
qkv_proj,14048,1832.08
qkv_proj,14064,1833.32
qkv_proj,14080,1832.27
qkv_proj,14096,1961.94
qkv_proj,14112,1964.25
qkv_proj,14128,1962.64
qkv_proj,14144,1966.69
qkv_proj,14160,1961.75
qkv_proj,14176,1960.81
qkv_proj,14192,1961.51
qkv_proj,14208,1964.14
qkv_proj,14224,1965.04
qkv_proj,14240,1965.76
qkv_proj,14256,1964.19
qkv_proj,14272,1964.01
qkv_proj,14288,1963.58
qkv_proj,14304,1962.11
qkv_proj,14320,1963.97
qkv_proj,14336,1963.42
qkv_proj,14352,1965.93
qkv_proj,14368,1967.4
qkv_proj,14384,1967.3
qkv_proj,14400,1967.77
qkv_proj,14416,1972.32
qkv_proj,14432,1967.44
qkv_proj,14448,1972.69
qkv_proj,14464,1967.46
qkv_proj,14480,1968.59
qkv_proj,14496,1969.5
qkv_proj,14512,1971.33
qkv_proj,14528,1973.04
qkv_proj,14544,1971.04
qkv_proj,14560,1968.21
qkv_proj,14576,1970.06
qkv_proj,14592,1970.52
qkv_proj,14608,1970.6
qkv_proj,14624,1972.73
qkv_proj,14640,1972.06
qkv_proj,14656,1972.07
qkv_proj,14672,1972.98
qkv_proj,14688,1974.48
qkv_proj,14704,1972.95
qkv_proj,14720,1970.93
qkv_proj,14736,1972.94
qkv_proj,14752,1972.46
qkv_proj,14768,1973.81
qkv_proj,14784,1973.1
qkv_proj,14800,1972.78
qkv_proj,14816,1973.23
qkv_proj,14832,1974.05
qkv_proj,14848,1972.97
qkv_proj,14864,1973.28
qkv_proj,14880,1972.93
qkv_proj,14896,1972.5
qkv_proj,14912,1975.3
qkv_proj,14928,1971.7
qkv_proj,14944,1975.61
qkv_proj,14960,1974.09
qkv_proj,14976,1973.84
qkv_proj,14992,1973.44
qkv_proj,15008,1972.56
qkv_proj,15024,1974.13
qkv_proj,15040,1974.88
qkv_proj,15056,1972.85
qkv_proj,15072,1974.04
qkv_proj,15088,1973.08
qkv_proj,15104,1974.8
qkv_proj,15120,1974.45
qkv_proj,15136,1975.23
qkv_proj,15152,1973.79
qkv_proj,15168,1973.43
qkv_proj,15184,1974.52
qkv_proj,15200,1972.04
qkv_proj,15216,1973.24
qkv_proj,15232,1974.23
qkv_proj,15248,2105.21
qkv_proj,15264,2106.79
qkv_proj,15280,2104.7
qkv_proj,15296,2102.02
qkv_proj,15312,2106.82
qkv_proj,15328,2106.13
qkv_proj,15344,2105.25
qkv_proj,15360,2105.19
qkv_proj,15376,2107.84
qkv_proj,15392,2107.52
qkv_proj,15408,2107.17
qkv_proj,15424,2104.09
qkv_proj,15440,2106.2
qkv_proj,15456,2108.72
qkv_proj,15472,2107.65
qkv_proj,15488,2107.1
qkv_proj,15504,2110.22
qkv_proj,15520,2109.23
qkv_proj,15536,2110.82
qkv_proj,15552,2106.89
qkv_proj,15568,2108.36
qkv_proj,15584,2109.51
qkv_proj,15600,2107.84
qkv_proj,15616,2108.66
qkv_proj,15632,2111.92
qkv_proj,15648,2106.91
qkv_proj,15664,2110.54
qkv_proj,15680,2111.48
qkv_proj,15696,2113.04
qkv_proj,15712,2111.27
qkv_proj,15728,2108.06
qkv_proj,15744,2111.13
qkv_proj,15760,2113.45
qkv_proj,15776,2114.3
qkv_proj,15792,2113.65
qkv_proj,15808,2114.01
qkv_proj,15824,2112.16
qkv_proj,15840,2114.2
qkv_proj,15856,2113.21
qkv_proj,15872,2111.57
qkv_proj,15888,2113.12
qkv_proj,15904,2112.8
qkv_proj,15920,2110.53
qkv_proj,15936,2112.76
qkv_proj,15952,2112.45
qkv_proj,15968,2112.18
qkv_proj,15984,2113.82
qkv_proj,16000,2112.75
qkv_proj,16016,2114.03
qkv_proj,16032,2114.26
qkv_proj,16048,2113.74
qkv_proj,16064,2112.92
qkv_proj,16080,2115.1
qkv_proj,16096,2112.71
qkv_proj,16112,2114.21
qkv_proj,16128,2113.58
qkv_proj,16144,2112.74
qkv_proj,16160,2114.05
qkv_proj,16176,2112.1
qkv_proj,16192,2113.84
qkv_proj,16208,2113.53
qkv_proj,16224,2111.58
qkv_proj,16240,2114.88
qkv_proj,16256,2115.7
qkv_proj,16272,2242.92
qkv_proj,16288,2240.63
qkv_proj,16304,2239.88
qkv_proj,16320,2240.83
qkv_proj,16336,2238.9
qkv_proj,16352,2239.2
qkv_proj,16368,2243.23
qkv_proj,16384,2239.51
qkv_proj,16400,2245.9
qkv_proj,16416,2246.73
qkv_proj,16432,2243.55
qkv_proj,16448,2244.12
qkv_proj,16464,2243.29
qkv_proj,16480,2250.83
qkv_proj,16496,2246.4
qkv_proj,16512,2245.1
qkv_proj,16528,2245.56
qkv_proj,16544,2247.2
qkv_proj,16560,2246.17
qkv_proj,16576,2255.44
qkv_proj,16592,2246.41
qkv_proj,16608,2251.29
qkv_proj,16624,2249.64
qkv_proj,16640,2247.09
qkv_proj,16656,2247.82
qkv_proj,16672,2253.25
qkv_proj,16688,2249.22
qkv_proj,16704,2247.29
qkv_proj,16720,2249.96
qkv_proj,16736,2253.08
qkv_proj,16752,2251.42
qkv_proj,16768,2249.84
qkv_proj,16784,2253.53
qkv_proj,16800,2253.16
qkv_proj,16816,2251.07
qkv_proj,16832,2253.96
qkv_proj,16848,2253.65
qkv_proj,16864,2252.75
qkv_proj,16880,2255.28
qkv_proj,16896,2252.45
qkv_proj,16912,2254.05
qkv_proj,16928,2252.91
qkv_proj,16944,2253.51
qkv_proj,16960,2252.98
qkv_proj,16976,2254.15
qkv_proj,16992,2250.94
qkv_proj,17008,2252.43
qkv_proj,17024,2252.03
qkv_proj,17040,2337.1
qkv_proj,17056,2269.17
qkv_proj,17072,2263.3
qkv_proj,17088,2251.79
qkv_proj,17104,2254.41
qkv_proj,17120,2253.12
qkv_proj,17136,2254.54
qkv_proj,17152,2252.08
qkv_proj,17168,2260.71
qkv_proj,17184,2253.56
qkv_proj,17200,2253.72
qkv_proj,17216,2259.18
qkv_proj,17232,2255.72
qkv_proj,17248,2255.73
qkv_proj,17264,2251.63
qkv_proj,17280,2255.75
qkv_proj,17296,2254.53
qkv_proj,17312,2264.83
qkv_proj,17328,2265.68
qkv_proj,17344,2260.27
qkv_proj,17360,2255.81
qkv_proj,17376,2233.63
qkv_proj,17392,2235.75
qkv_proj,17408,2236.79
qkv_proj,17424,2361.05
qkv_proj,17440,2366.12
qkv_proj,17456,2360.31
qkv_proj,17472,2363.53
qkv_proj,17488,2363.32
qkv_proj,17504,2359.17
qkv_proj,17520,2370.33
qkv_proj,17536,2362.29
qkv_proj,17552,2363.84
qkv_proj,17568,2377.65
qkv_proj,17584,2375.52
qkv_proj,17600,2373.87
qkv_proj,17616,2364.24
qkv_proj,17632,2362.42
qkv_proj,17648,2357.84
qkv_proj,17664,2358.6
qkv_proj,17680,2366.84
qkv_proj,17696,2374.1
qkv_proj,17712,2368.77
qkv_proj,17728,2363.99
qkv_proj,17744,2380.2
qkv_proj,17760,2367.68
qkv_proj,17776,2363.25
qkv_proj,17792,2365.22
qkv_proj,17808,2369.65
qkv_proj,17824,2373.17
qkv_proj,17840,2377.97
qkv_proj,17856,2364.11
qkv_proj,17872,2368.35
qkv_proj,17888,2369.47
qkv_proj,17904,2379.17
qkv_proj,17920,2369.76
qkv_proj,17936,2374.33
qkv_proj,17952,2375.54
qkv_proj,17968,2370.42
qkv_proj,17984,2391.68
qkv_proj,18000,2378.36
qkv_proj,18016,2377.12
qkv_proj,18032,2377.53
qkv_proj,18048,2379.66
qkv_proj,18064,2385.59
qkv_proj,18080,2377.14
qkv_proj,18096,2372.77
qkv_proj,18112,2400.46
qkv_proj,18128,2374.29
qkv_proj,18144,2373.12
qkv_proj,18160,2387.24
qkv_proj,18176,2387.65
qkv_proj,18192,2384.72
qkv_proj,18208,2375.74
qkv_proj,18224,2377.38
qkv_proj,18240,2384.87
qkv_proj,18256,2376.26
qkv_proj,18272,2376.13
qkv_proj,18288,2401.68
qkv_proj,18304,2396.55
qkv_proj,18320,2390.26
qkv_proj,18336,2393.28
qkv_proj,18352,2387.02
qkv_proj,18368,2382.8
qkv_proj,18384,2396.1
qkv_proj,18400,2380.62
qkv_proj,18416,2371.68
qkv_proj,18432,2379.45
qkv_proj,18448,2506.07
qkv_proj,18464,2502.83
qkv_proj,18480,2513.62
qkv_proj,18496,2528.44
qkv_proj,18512,2505.53
qkv_proj,18528,2510.38
qkv_proj,18544,2521.32
qkv_proj,18560,2517.9
qkv_proj,18576,2508.49
qkv_proj,18592,2530.74
qkv_proj,18608,2505.56
qkv_proj,18624,2519.09
qkv_proj,18640,2506.16
qkv_proj,18656,2516.51
qkv_proj,18672,2514.67
qkv_proj,18688,2501.08
qkv_proj,18704,2504.33
qkv_proj,18720,2524.56
qkv_proj,18736,2509.23
qkv_proj,18752,2513.55
qkv_proj,18768,2514.63
qkv_proj,18784,2503.81
qkv_proj,18800,2513.41
qkv_proj,18816,2530.58
qkv_proj,18832,2529.73
qkv_proj,18848,2530.19
qkv_proj,18864,2511.06
qkv_proj,18880,2512.05
qkv_proj,18896,2520.69
qkv_proj,18912,2523.15
qkv_proj,18928,2509.12
qkv_proj,18944,2518.57
qkv_proj,18960,2505.84
qkv_proj,18976,2522.91
qkv_proj,18992,2521.91
qkv_proj,19008,2521.71
qkv_proj,19024,2522.85
qkv_proj,19040,2520.2
qkv_proj,19056,2535.46
qkv_proj,19072,2514.06
qkv_proj,19088,2525.6
qkv_proj,19104,2524.31
qkv_proj,19120,2524.07
qkv_proj,19136,2525.26
qkv_proj,19152,2534.98
qkv_proj,19168,2540.64
qkv_proj,19184,2524.35
qkv_proj,19200,2516.11
qkv_proj,19216,2518.52
qkv_proj,19232,2527.79
qkv_proj,19248,2541.57
qkv_proj,19264,2527.17
qkv_proj,19280,2529.59
qkv_proj,19296,2527.26
qkv_proj,19312,2528.25
qkv_proj,19328,2530.01
qkv_proj,19344,2526.89
qkv_proj,19360,2526.12
qkv_proj,19376,2536.35
qkv_proj,19392,2523.65
qkv_proj,19408,2539.28
qkv_proj,19424,2529.39
qkv_proj,19440,2528.84
qkv_proj,19456,2516.24
qkv_proj,19472,2524.18
qkv_proj,19488,2538.29
qkv_proj,19504,2533.11
qkv_proj,19520,2528.64
qkv_proj,19536,2529.68
qkv_proj,19552,2518.09
qkv_proj,19568,2543.48
qkv_proj,19584,2529.19
qkv_proj,19600,2643.43
qkv_proj,19616,2664.26
qkv_proj,19632,2666.98
qkv_proj,19648,2657.56
qkv_proj,19664,2655.35
qkv_proj,19680,2655.3
qkv_proj,19696,2645.27
qkv_proj,19712,2652.49
qkv_proj,19728,2671.83
qkv_proj,19744,2655.75
qkv_proj,19760,2665.27
qkv_proj,19776,2643.82
qkv_proj,19792,2655.46
qkv_proj,19808,2655.55
qkv_proj,19824,2663.93
qkv_proj,19840,2654.87
qkv_proj,19856,2657.33
qkv_proj,19872,2668.79
qkv_proj,19888,2666.48
qkv_proj,19904,2657.76
qkv_proj,19920,2658.68
qkv_proj,19936,2657.83
qkv_proj,19952,2669.2
qkv_proj,19968,2659.45
qkv_proj,19984,2650.9
qkv_proj,20000,2671.24
qkv_proj,20016,2660.12
qkv_proj,20032,2661.27
qkv_proj,20048,2660.56
qkv_proj,20064,2653.52
qkv_proj,20080,2655.74
qkv_proj,20096,2675.51
qkv_proj,20112,2676.24
qkv_proj,20128,2666.82
qkv_proj,20144,2675.95
qkv_proj,20160,2676.22
qkv_proj,20176,2670.62
qkv_proj,20192,2666.11
qkv_proj,20208,2676.41
qkv_proj,20224,2656.95
qkv_proj,20240,2665.51
qkv_proj,20256,2676.77
qkv_proj,20272,2678.24
qkv_proj,20288,2683.18
qkv_proj,20304,2660.57
qkv_proj,20320,2678.99
qkv_proj,20336,2678.41
qkv_proj,20352,2656.35
qkv_proj,20368,2668.31
qkv_proj,20384,2663.08
qkv_proj,20400,2676.19
qkv_proj,20416,2667.26
qkv_proj,20432,2673.31
qkv_proj,20448,2673.39
qkv_proj,20464,2680.3
qkv_proj,20480,2667.71
qkv_proj,20496,2668.12
qkv_proj,20512,2674.35
qkv_proj,20528,2665.86
qkv_proj,20544,2680.22
qkv_proj,20560,2666.58
qkv_proj,20576,2676.31
qkv_proj,20592,2680.68
qkv_proj,20608,2681.65
qkv_proj,20624,2810.99
qkv_proj,20640,2799.64
qkv_proj,20656,2805.06
qkv_proj,20672,2802.37
qkv_proj,20688,2805.97
qkv_proj,20704,2805.26
qkv_proj,20720,2804.77
qkv_proj,20736,2792.24
qkv_proj,20752,2790.44
qkv_proj,20768,2809.13
qkv_proj,20784,2809.23
qkv_proj,20800,2794.25
qkv_proj,20816,2793.44
qkv_proj,20832,2796.7
qkv_proj,20848,2808.28
qkv_proj,20864,2792.85
qkv_proj,20880,2797.88
qkv_proj,20896,2813.24
qkv_proj,20912,2798.35
qkv_proj,20928,2817.63
qkv_proj,20944,2789.53
qkv_proj,20960,2811.34
qkv_proj,20976,2807.73
qkv_proj,20992,2791.03
qkv_proj,21008,2794.93
qkv_proj,21024,2820.15
qkv_proj,21040,2803.28
qkv_proj,21056,2792.24
qkv_proj,21072,2821.09
qkv_proj,21088,2810.35
qkv_proj,21104,2816.75
qkv_proj,21120,2793.41
qkv_proj,21136,2799.82
qkv_proj,21152,2811.19
qkv_proj,21168,2819.89
qkv_proj,21184,2811.51
qkv_proj,21200,2800.68
qkv_proj,21216,2802.71
qkv_proj,21232,2808.67
qkv_proj,21248,2812.15
qkv_proj,21264,2833.13
qkv_proj,21280,2810.39
qkv_proj,21296,2831.31
qkv_proj,21312,2812.09
qkv_proj,21328,2818.94
qkv_proj,21344,2802.8
qkv_proj,21360,2824.86
qkv_proj,21376,2804.51
qkv_proj,21392,2831.73
qkv_proj,21408,2818.37
qkv_proj,21424,2815.19
qkv_proj,21440,2819.58
qkv_proj,21456,2815.64
qkv_proj,21472,2817.86
qkv_proj,21488,2819.41
qkv_proj,21504,2820.58
qkv_proj,21520,2838.81
qkv_proj,21536,2828.89
qkv_proj,21552,2841.86
qkv_proj,21568,2812.93
qkv_proj,21584,2836.64
qkv_proj,21600,2808.7
qkv_proj,21616,2826.98
qkv_proj,21632,2817.74
qkv_proj,21648,2834.08
qkv_proj,21664,2836.57
qkv_proj,21680,2837.51
qkv_proj,21696,2830.39
qkv_proj,21712,2819.84
qkv_proj,21728,2835.24
qkv_proj,21744,2832.06
qkv_proj,21760,2820.14
qkv_proj,21776,2931.22
qkv_proj,21792,2957.15
qkv_proj,21808,2969.2
qkv_proj,21824,2952.67
qkv_proj,21840,2957.23
qkv_proj,21856,2932.7
qkv_proj,21872,2950.36
qkv_proj,21888,2921.57
qkv_proj,21904,2964.22
qkv_proj,21920,2972.53
qkv_proj,21936,2936.96
qkv_proj,21952,2943.8
qkv_proj,21968,2944.83
qkv_proj,21984,2967.18
qkv_proj,22000,2947.57
qkv_proj,22016,2921.79
qkv_proj,22032,2964.76
qkv_proj,22048,2957.08
qkv_proj,22064,2958.58
qkv_proj,22080,2967.5
qkv_proj,22096,2960.21
qkv_proj,22112,2961.86
qkv_proj,22128,2964.81
qkv_proj,22144,2953.85
qkv_proj,22160,2975.45
qkv_proj,22176,2973.09
qkv_proj,22192,2973.58
qkv_proj,22208,2964.91
qkv_proj,22224,2943.38
qkv_proj,22240,2967.13
qkv_proj,22256,2938.71
qkv_proj,22272,2938.07
qkv_proj,22288,2956.88
qkv_proj,22304,2980.38
qkv_proj,22320,2968.34
qkv_proj,22336,2972.74
qkv_proj,22352,2981.7
qkv_proj,22368,2959.98
qkv_proj,22384,2956.33
qkv_proj,22400,2948.13
qkv_proj,22416,2977.58
qkv_proj,22432,2977.65
qkv_proj,22448,2978.63
qkv_proj,22464,2977.24
qkv_proj,22480,2940.58
qkv_proj,22496,2962.96
qkv_proj,22512,2976.12
qkv_proj,22528,2954.91
qkv_proj,22544,2947.06
qkv_proj,22560,2968.29
qkv_proj,22576,2981.57
qkv_proj,22592,2979.74
qkv_proj,22608,2991.06
qkv_proj,22624,2950.47
qkv_proj,22640,2953.44
qkv_proj,22656,2957.76
qkv_proj,22672,2983.09
qkv_proj,22688,2962.97
qkv_proj,22704,2957.46
qkv_proj,22720,2976.2
qkv_proj,22736,2983.12
qkv_proj,22752,2971.24
qkv_proj,22768,2945.06
qkv_proj,22784,2965.74
qkv_proj,22800,3100.35
qkv_proj,22816,3093.24
qkv_proj,22832,3102.52
qkv_proj,22848,3101.59
qkv_proj,22864,3099.91
qkv_proj,22880,3089.79
qkv_proj,22896,3096.86
qkv_proj,22912,3088.05
qkv_proj,22928,3091.67
qkv_proj,22944,3116.51
qkv_proj,22960,3119.74
qkv_proj,22976,3087.03
qkv_proj,22992,3078.35
qkv_proj,23008,3111.28
qkv_proj,23024,3077.35
qkv_proj,23040,3083
qkv_proj,23056,3095.54
qkv_proj,23072,3111.33
qkv_proj,23088,3084.44
qkv_proj,23104,3100.65
qkv_proj,23120,3114.97
qkv_proj,23136,3119.08
qkv_proj,23152,3095.26
qkv_proj,23168,3083.03
qkv_proj,23184,3088.02
qkv_proj,23200,3113.81
qkv_proj,23216,3121.53
qkv_proj,23232,3121.8
qkv_proj,23248,3114.38
qkv_proj,23264,3106.58
qkv_proj,23280,3113.46
qkv_proj,23296,3084.28
qkv_proj,23312,3101.64
qkv_proj,23328,3123.39
qkv_proj,23344,3094.52
qkv_proj,23360,3125.8
qkv_proj,23376,3109.84
qkv_proj,23392,3116.3
qkv_proj,23408,3101.68
qkv_proj,23424,3100.22
qkv_proj,23440,3129.28
qkv_proj,23456,3116.95
qkv_proj,23472,3109.62
qkv_proj,23488,3113.59
qkv_proj,23504,3120.44
qkv_proj,23520,3099.82
qkv_proj,23536,3099.11
qkv_proj,23552,3102.91
qkv_proj,23568,3121.57
qkv_proj,23584,3111.95
qkv_proj,23600,3114.49
qkv_proj,23616,3122.57
qkv_proj,23632,3125.33
qkv_proj,23648,3132.18
qkv_proj,23664,3131.53
qkv_proj,23680,3102.67
qkv_proj,23696,3116.83
qkv_proj,23712,3127.84
qkv_proj,23728,3129.27
qkv_proj,23744,3132.78
qkv_proj,23760,3117.65
qkv_proj,23776,3119.7
qkv_proj,23792,3130.57
qkv_proj,23808,3103.56
qkv_proj,23824,3123.66
qkv_proj,23840,3109.51
qkv_proj,23856,3120.15
qkv_proj,23872,3121.06
qkv_proj,23888,3121.81
qkv_proj,23904,3120.61
qkv_proj,23920,3135.35
qkv_proj,23936,3107.19
qkv_proj,23952,3251.05
qkv_proj,23968,3258.03
qkv_proj,23984,3238.24
qkv_proj,24000,3264.37
qkv_proj,24016,3239.79
qkv_proj,24032,3258.79
qkv_proj,24048,3237.13
qkv_proj,24064,3236.22
qkv_proj,24080,3249.18
qkv_proj,24096,3258.29
qkv_proj,24112,3234.8
qkv_proj,24128,3263.15
qkv_proj,24144,3251.27
qkv_proj,24160,3257.46
qkv_proj,24176,3254.27
qkv_proj,24192,3238.31
qkv_proj,24208,3252.88
qkv_proj,24224,3261.28
qkv_proj,24240,3230.49
qkv_proj,24256,3254.58
qkv_proj,24272,3252.68
qkv_proj,24288,3261.83
qkv_proj,24304,3256.4
qkv_proj,24320,3236.46
qkv_proj,24336,3243.89
qkv_proj,24352,3267.36
qkv_proj,24368,3250.13
qkv_proj,24384,3259.88
qkv_proj,24400,3253.95
qkv_proj,24416,3262.28
qkv_proj,24432,3255.9
qkv_proj,24448,3237.77
qkv_proj,24464,3259.66
qkv_proj,24480,3265.53
qkv_proj,24496,3264.54
qkv_proj,24512,3263.69
qkv_proj,24528,3270.03
qkv_proj,24544,3267.81
qkv_proj,24560,3260.45
qkv_proj,24576,3241.92
qkv_proj,24592,3245.4
qkv_proj,24608,3272.9
qkv_proj,24624,3273.93
qkv_proj,24640,3272.75
qkv_proj,24656,3263.58
qkv_proj,24672,3268.54
qkv_proj,24688,3269.94
qkv_proj,24704,3250.62
qkv_proj,24720,3261.37
qkv_proj,24736,3272.68
qkv_proj,24752,3271.41
qkv_proj,24768,3261.08
qkv_proj,24784,3274.17
qkv_proj,24800,3271.05
qkv_proj,24816,3267.63
qkv_proj,24832,3250.1
qkv_proj,24848,3271.11
qkv_proj,24864,3260.9
qkv_proj,24880,3278.39
qkv_proj,24896,3272.61
qkv_proj,24912,3257.42
qkv_proj,24928,3243.32
qkv_proj,24944,3265.29
qkv_proj,24960,3248.74
qkv_proj,24976,3395.81
qkv_proj,24992,3396.43
qkv_proj,25008,3387.75
qkv_proj,25024,3402.62
qkv_proj,25040,3382.49
qkv_proj,25056,3387.97
qkv_proj,25072,3394.63
qkv_proj,25088,3379.79
qkv_proj,25104,3399.71
qkv_proj,25120,3398.21
qkv_proj,25136,3404.84
qkv_proj,25152,3394.12
qkv_proj,25168,3382.4
qkv_proj,25184,3385.98
qkv_proj,25200,3404.42
qkv_proj,25216,3390.82
qkv_proj,25232,3391.45
qkv_proj,25248,3410.58
qkv_proj,25264,3389.87
qkv_proj,25280,3397.47
qkv_proj,25296,3396.59
qkv_proj,25312,3398.74
qkv_proj,25328,3400.58
qkv_proj,25344,3372.24
qkv_proj,25360,3405.21
qkv_proj,25376,3413.71
qkv_proj,25392,3386.39
qkv_proj,25408,3406.07
qkv_proj,25424,3407.04
qkv_proj,25440,3405.82
qkv_proj,25456,3403.63
qkv_proj,25472,3386.08
qkv_proj,25488,3410.78
qkv_proj,25504,3397.34
qkv_proj,25520,3414.5
qkv_proj,25536,3405.74
qkv_proj,25552,3389.45
qkv_proj,25568,3402.85
qkv_proj,25584,3416.54
qkv_proj,25600,3385.17
qkv_proj,25616,3383.88
qkv_proj,25632,3415.63
qkv_proj,25648,3404.09
qkv_proj,25664,3410.77
qkv_proj,25680,3406.74
qkv_proj,25696,3400.98
qkv_proj,25712,3415.14
qkv_proj,25728,3410.86
qkv_proj,25744,3424.75
qkv_proj,25760,3415.15
qkv_proj,25776,3423.13
qkv_proj,25792,3415.15
qkv_proj,25808,3407.59
qkv_proj,25824,3402.77
qkv_proj,25840,3406.16
qkv_proj,25856,3402.56
qkv_proj,25872,3424.49
qkv_proj,25888,3410.06
qkv_proj,25904,3406.11
qkv_proj,25920,3424.33
qkv_proj,25936,3418.81
qkv_proj,25952,3384.1
qkv_proj,25968,3409.99
qkv_proj,25984,3383.73
qkv_proj,26000,3405.86
qkv_proj,26016,3416.47
qkv_proj,26032,3422.62
qkv_proj,26048,3412.71
qkv_proj,26064,3417.78
qkv_proj,26080,3429.08
qkv_proj,26096,3419.49
qkv_proj,26112,3402.94
qkv_proj,26128,3538.89
qkv_proj,26144,3553.57
qkv_proj,26160,3547.28
qkv_proj,26176,3530.86
qkv_proj,26192,3532.49
qkv_proj,26208,3536.45
qkv_proj,26224,3538.4
qkv_proj,26240,3508.76
qkv_proj,26256,3548.75
qkv_proj,26272,3560.14
qkv_proj,26288,3519.5
qkv_proj,26304,3544.27
qkv_proj,26320,3545.08
qkv_proj,26336,3549.36
qkv_proj,26352,3534.95
qkv_proj,26368,3522.16
qkv_proj,26384,3536.86
qkv_proj,26400,3534.25
qkv_proj,26416,3541.21
qkv_proj,26432,3541.03
qkv_proj,26448,3538.54
qkv_proj,26464,3548.17
qkv_proj,26480,3540.14
qkv_proj,26496,3525.68
qkv_proj,26512,3550.84
qkv_proj,26528,3562.46
qkv_proj,26544,3544.32
qkv_proj,26560,3536.09
qkv_proj,26576,3545.94
qkv_proj,26592,3544.55
qkv_proj,26608,3544.24
qkv_proj,26624,3525.12
qkv_proj,26640,3513.32
qkv_proj,26656,3549.45
qkv_proj,26672,3541.19
qkv_proj,26688,3551.69
qkv_proj,26704,3546.85
qkv_proj,26720,3559.69
qkv_proj,26736,3545.74
qkv_proj,26752,3518.28
qkv_proj,26768,3550.3
qkv_proj,26784,3553.51
qkv_proj,26800,3533.03
qkv_proj,26816,3547.75
qkv_proj,26832,3549.9
qkv_proj,26848,3552.28
qkv_proj,26864,3561.13
qkv_proj,26880,3542.6
qkv_proj,26896,3545.79
qkv_proj,26912,3562.97
qkv_proj,26928,3553.04
qkv_proj,26944,3570.96
qkv_proj,26960,3548.31
qkv_proj,26976,3532.02
qkv_proj,26992,3557.99
qkv_proj,27008,3542.76
qkv_proj,27024,3552.13
qkv_proj,27040,3556.64
qkv_proj,27056,3548.64
qkv_proj,27072,3559.1
qkv_proj,27088,3562.05
qkv_proj,27104,3566.46
qkv_proj,27120,3554.04
qkv_proj,27136,3539.14
qkv_proj,27152,3666.35
qkv_proj,27168,3676.9
qkv_proj,27184,3676.93
qkv_proj,27200,3691.61
qkv_proj,27216,3676.78
qkv_proj,27232,3689.89
qkv_proj,27248,3679.98
qkv_proj,27264,3672.6
qkv_proj,27280,3683.79
qkv_proj,27296,3692.57
qkv_proj,27312,3666.81
qkv_proj,27328,3686.88
qkv_proj,27344,3680.8
qkv_proj,27360,3699.3
qkv_proj,27376,3681.66
qkv_proj,27392,3658.7
qkv_proj,27408,3673.15
qkv_proj,27424,3688.32
qkv_proj,27440,3673.63
qkv_proj,27456,3690.81
qkv_proj,27472,3672.11
qkv_proj,27488,3663.04
qkv_proj,27504,3678.16
qkv_proj,27520,3664.98
qkv_proj,27536,3679.42
qkv_proj,27552,3690.61
qkv_proj,27568,3684.64
qkv_proj,27584,3685.91
qkv_proj,27600,3681.47
qkv_proj,27616,3693.53
qkv_proj,27632,3685.87
qkv_proj,27648,3666.92
qkv_proj,27664,3690.93
qkv_proj,27680,3705.98
qkv_proj,27696,3692.9
qkv_proj,27712,3704.59
qkv_proj,27728,3696.79
qkv_proj,27744,3697.19
qkv_proj,27760,3702.11
qkv_proj,27776,3664.52
qkv_proj,27792,3701.48
qkv_proj,27808,3697.91
qkv_proj,27824,3672.87
qkv_proj,27840,3704.12
qkv_proj,27856,3705.33
qkv_proj,27872,3717.31
qkv_proj,27888,3726.66
qkv_proj,27904,3687.21
qkv_proj,27920,3698.54
qkv_proj,27936,3704.85
qkv_proj,27952,3684.28
qkv_proj,27968,3707.5
qkv_proj,27984,3708.18
qkv_proj,28000,3676.73
qkv_proj,28016,3701.02
qkv_proj,28032,3681.28
qkv_proj,28048,3702.77
qkv_proj,28064,3715.11
qkv_proj,28080,3694.31
qkv_proj,28096,3714.42
qkv_proj,28112,3695.74
qkv_proj,28128,3698.15
qkv_proj,28144,3696.26
qkv_proj,28160,3676.18
qkv_proj,28176,3682.62
qkv_proj,28192,3703.73
qkv_proj,28208,3706.36
qkv_proj,28224,3712.32
qkv_proj,28240,3697.93
qkv_proj,28256,3706.44
qkv_proj,28272,3715.45
qkv_proj,28288,3685.27
qkv_proj,28304,3820.09
qkv_proj,28320,3838.74
qkv_proj,28336,3801.95
qkv_proj,28352,3842.69
qkv_proj,28368,3833.24
qkv_proj,28384,3829.38
qkv_proj,28400,3842.49
qkv_proj,28416,3799.43
qkv_proj,28432,3839.5
qkv_proj,28448,3828.55
qkv_proj,28464,3821.87
qkv_proj,28480,3829.12
qkv_proj,28496,3830.81
qkv_proj,28512,3811.19
qkv_proj,28528,3817.89
qkv_proj,28544,3820
qkv_proj,28560,3838.03
qkv_proj,28576,3830.53
qkv_proj,28592,3839.2
qkv_proj,28608,3852.57
qkv_proj,28624,3848.32
qkv_proj,28640,3841.92
qkv_proj,28656,3834.23
qkv_proj,28672,3811.28
qkv_proj,28688,3811.72
qkv_proj,28704,3845.18
qkv_proj,28720,3837.61
qkv_proj,28736,3844.31
qkv_proj,28752,3836.78
qkv_proj,28768,3828.4
qkv_proj,28784,3837.47
qkv_proj,28800,3801.93
qkv_proj,28816,3828.17
qkv_proj,28832,3835.61
qkv_proj,28848,3815.75
qkv_proj,28864,3856.29
qkv_proj,28880,3838.19
qkv_proj,28896,3856.64
qkv_proj,28912,3848.24
qkv_proj,28928,3820.01
qkv_proj,28944,3854.36
qkv_proj,28960,3857.47
qkv_proj,28976,3846.04
qkv_proj,28992,3854.57
qkv_proj,29008,3843.73
qkv_proj,29024,3824.05
qkv_proj,29040,3844.07
qkv_proj,29056,3818.36
qkv_proj,29072,3857.22
qkv_proj,29088,3835.25
qkv_proj,29104,3836.15
qkv_proj,29120,3848.95
qkv_proj,29136,3837.3
qkv_proj,29152,3855.76
qkv_proj,29168,3842.21
qkv_proj,29184,3827.34
qkv_proj,29200,3824.35
qkv_proj,29216,3850.67
qkv_proj,29232,3833.13
qkv_proj,29248,3856.05
qkv_proj,29264,3836.51
qkv_proj,29280,3856.04
qkv_proj,29296,3861.28
qkv_proj,29312,3823.04
qkv_proj,29328,3973.7
qkv_proj,29344,3979.89
qkv_proj,29360,3948.81
qkv_proj,29376,3983.08
qkv_proj,29392,3975.76
qkv_proj,29408,3978.69
qkv_proj,29424,3972.08
qkv_proj,29440,3953.36
qkv_proj,29456,3982.13
qkv_proj,29472,3985.56
qkv_proj,29488,3968.62
qkv_proj,29504,3977.26
qkv_proj,29520,3984.54
qkv_proj,29536,3957.16
qkv_proj,29552,3982.2
qkv_proj,29568,3954.51
qkv_proj,29584,3983.04
qkv_proj,29600,3978.43
qkv_proj,29616,3991.82
qkv_proj,29632,3958.99
qkv_proj,29648,3985.12
qkv_proj,29664,3985.71
qkv_proj,29680,3977.47
qkv_proj,29696,3949.41
qkv_proj,29712,3985.26
qkv_proj,29728,3987.18
qkv_proj,29744,3982.89
qkv_proj,29760,3989.03
qkv_proj,29776,3985.61
qkv_proj,29792,3984.18
qkv_proj,29808,3987.83
qkv_proj,29824,3961.29
qkv_proj,29840,3986.62
qkv_proj,29856,3992.14
qkv_proj,29872,3964.31
qkv_proj,29888,3992.47
qkv_proj,29904,3997.14
qkv_proj,29920,3994.42
qkv_proj,29936,3985.02
qkv_proj,29952,3956.76
qkv_proj,29968,3996.5
qkv_proj,29984,3997.3
qkv_proj,30000,3998.89
qkv_proj,30016,3995.61
qkv_proj,30032,4001.62
qkv_proj,30048,3990.42
qkv_proj,30064,3994.9
qkv_proj,30080,3966.27
qkv_proj,30096,3995.11
qkv_proj,30112,3995.07
qkv_proj,30128,3996.91
qkv_proj,30144,3999.44
qkv_proj,30160,3992.18
qkv_proj,30176,3995.11
qkv_proj,30192,3997.2
qkv_proj,30208,3972.01
qkv_proj,30224,3974.55
qkv_proj,30240,4004
qkv_proj,30256,3998.63
qkv_proj,30272,3996.91
qkv_proj,30288,4003.73
qkv_proj,30304,3987.18
qkv_proj,30320,3986.29
qkv_proj,30336,3971.27
qkv_proj,30352,4003.49
qkv_proj,30368,3990.28
qkv_proj,30384,4000.29
qkv_proj,30400,3992.59
qkv_proj,30416,4004.83
qkv_proj,30432,3997.58
qkv_proj,30448,3991.55
qkv_proj,30464,3972.68
qkv_proj,30480,4120.33
qkv_proj,30496,4151.85
qkv_proj,30512,4157.92
qkv_proj,30528,4145.03
qkv_proj,30544,4150.81
qkv_proj,30560,4118.04
qkv_proj,30576,4134.44
qkv_proj,30592,4124.25
qkv_proj,30608,4139.02
qkv_proj,30624,4148.73
qkv_proj,30640,4130.67
qkv_proj,30656,4143.52
qkv_proj,30672,4140.29
qkv_proj,30688,4144.85
qkv_proj,30704,4141.64
qkv_proj,30720,4127.49
qkv_proj,30736,4130.95
qkv_proj,30752,4157.85
qkv_proj,30768,4147.45
qkv_proj,30784,4139.46
qkv_proj,30800,4140.41
qkv_proj,30816,4158.19
qkv_proj,30832,4155.73
qkv_proj,30848,4126.25
qkv_proj,30864,4151.86
qkv_proj,30880,4142.88
qkv_proj,30896,4160.03
qkv_proj,30912,4149.05
qkv_proj,30928,4171.51
qkv_proj,30944,4150.97
qkv_proj,30960,4147.63
qkv_proj,30976,4124.47
qkv_proj,30992,4162.28
qkv_proj,31008,4154.28
qkv_proj,31024,4158.21
qkv_proj,31040,4157.03
qkv_proj,31056,4167.43
qkv_proj,31072,4128.55
qkv_proj,31088,4163.22
qkv_proj,31104,4137.8
qkv_proj,31120,4170.9
qkv_proj,31136,4163.71
qkv_proj,31152,4172.48
qkv_proj,31168,4153.88
qkv_proj,31184,4152.57
qkv_proj,31200,4167.4
qkv_proj,31216,4159.12
qkv_proj,31232,4138.56
qkv_proj,31248,4169.38
qkv_proj,31264,4164.95
qkv_proj,31280,4172.31
qkv_proj,31296,4161.42
qkv_proj,31312,4160.96
qkv_proj,31328,4160.85
qkv_proj,31344,4160.11
qkv_proj,31360,4138.36
qkv_proj,31376,4159.71
qkv_proj,31392,4166.08
qkv_proj,31408,4137.58
qkv_proj,31424,4172.66
qkv_proj,31440,4174.5
qkv_proj,31456,4164
qkv_proj,31472,4162.26
qkv_proj,31488,4135.47
qkv_proj,31504,4295.88
qkv_proj,31520,4298.88
qkv_proj,31536,4295.04
qkv_proj,31552,4285.24
qkv_proj,31568,4289.51
qkv_proj,31584,4274.6
qkv_proj,31600,4275.01
qkv_proj,31616,4265.33
qkv_proj,31632,4291.01
qkv_proj,31648,4295.92
qkv_proj,31664,4293.35
qkv_proj,31680,4284.52
qkv_proj,31696,4300.07
qkv_proj,31712,4287.93
qkv_proj,31728,4282.09
qkv_proj,31744,4267.33
qkv_proj,31760,4263.66
qkv_proj,31776,4294.11
qkv_proj,31792,4300.06
qkv_proj,31808,4290.41
qkv_proj,31824,4287.97
qkv_proj,31840,4297.48
qkv_proj,31856,4282.15
qkv_proj,31872,4266.23
qkv_proj,31888,4294.45
qkv_proj,31904,4295.08
qkv_proj,31920,4284.75
qkv_proj,31936,4273.67
qkv_proj,31952,4303.95
qkv_proj,31968,4289.99
qkv_proj,31984,4292.09
qkv_proj,32000,4273.4
qkv_proj,32016,4293.18
qkv_proj,32032,4298.68
qkv_proj,32048,4296.73
qkv_proj,32064,4309.73
qkv_proj,32080,4294.38
qkv_proj,32096,4261.06
qkv_proj,32112,4303.74
qkv_proj,32128,4271.47
qkv_proj,32144,4308.15
qkv_proj,32160,4302.65
qkv_proj,32176,4297.64
qkv_proj,32192,4309.27
qkv_proj,32208,4312.15
qkv_proj,32224,4313.58
qkv_proj,32240,4307.82
qkv_proj,32256,4281.39
qkv_proj,32272,4311.64
qkv_proj,32288,4317.96
qkv_proj,32304,4294.8
qkv_proj,32320,4308.91
qkv_proj,32336,4304.9
qkv_proj,32352,4299.59
qkv_proj,32368,4304.53
qkv_proj,32384,4281.27
qkv_proj,32400,4310.03
qkv_proj,32416,4310.82
qkv_proj,32432,4283.67
qkv_proj,32448,4305.25
qkv_proj,32464,4320.38
qkv_proj,32480,4297.3
qkv_proj,32496,4303.41
qkv_proj,32512,4282.03
qkv_proj,32528,4310.04
qkv_proj,32544,4312.37
qkv_proj,32560,4313.06
qkv_proj,32576,4308.98
qkv_proj,32592,4303.9
qkv_proj,32608,4275.89
qkv_proj,32624,4305.35
qkv_proj,32640,4278.98
qkv_proj,32656,4428.66
qkv_proj,32672,4438.44
qkv_proj,32688,4431.57
qkv_proj,32704,4413.8
qkv_proj,32720,4419.89
qkv_proj,32736,4441.77
qkv_proj,32752,4427.95
qkv_proj,32768,4395.5
rotary_emb,1,2.28267
rotary_emb,2,2.28267
rotary_emb,3,2.28267
rotary_emb,4,2.315
rotary_emb,5,2.336
rotary_emb,6,2.35733
rotary_emb,7,2.32533
rotary_emb,8,2.32533
rotary_emb,9,2.38933
rotary_emb,10,2.35733
rotary_emb,11,2.304
rotary_emb,12,2.34633
rotary_emb,13,2.304
rotary_emb,14,2.336
rotary_emb,15,2.336
rotary_emb,16,2.32533
rotary_emb,20,2.38933
rotary_emb,24,2.37867
rotary_emb,28,2.44267
rotary_emb,32,2.35767
rotary_emb,36,2.35733
rotary_emb,40,2.36833
rotary_emb,44,2.37867
rotary_emb,48,2.37867
rotary_emb,52,2.38933
rotary_emb,56,2.4
rotary_emb,60,2.45333
rotary_emb,64,2.44267
rotary_emb,80,2.752
rotary_emb,96,2.79467
rotary_emb,112,2.79433
rotary_emb,128,2.86933
rotary_emb,144,3.11467
rotary_emb,160,3.12533
rotary_emb,176,3.21067
rotary_emb,192,3.21067
rotary_emb,208,4
rotary_emb,224,4.05333
rotary_emb,240,4.19233
rotary_emb,256,4.18133
rotary_emb,272,4.24533
rotary_emb,288,4.50167
rotary_emb,304,4.491
rotary_emb,320,4.60833
rotary_emb,336,4.66133
rotary_emb,352,5.16267
rotary_emb,368,5.23767
rotary_emb,384,5.33367
rotary_emb,400,5.33333
rotary_emb,416,5.824
rotary_emb,432,5.92033
rotary_emb,448,5.99467
rotary_emb,464,6.059
rotary_emb,480,6.18667
rotary_emb,496,6.336
rotary_emb,512,6.49633
rotary_emb,528,6.62433
rotary_emb,544,6.74167
rotary_emb,560,6.97667
rotary_emb,576,7.12533
rotary_emb,592,7.13633
rotary_emb,608,7.18933
rotary_emb,624,7.627
rotary_emb,640,7.78667
rotary_emb,656,7.86167
rotary_emb,672,7.936
rotary_emb,688,8.16033
rotary_emb,704,8.267
rotary_emb,720,8.44767
rotary_emb,736,8.50167
rotary_emb,752,8.74667
rotary_emb,768,8.87467
rotary_emb,784,9.01367
rotary_emb,800,9.22667
rotary_emb,816,9.37567
rotary_emb,832,9.70667
rotary_emb,848,9.81333
rotary_emb,864,9.90967
rotary_emb,880,10.0593
rotary_emb,896,10.496
rotary_emb,912,10.5493
rotary_emb,928,10.731
rotary_emb,944,10.987
rotary_emb,960,11.1787
rotary_emb,976,11.4027
rotary_emb,992,11.637
rotary_emb,1008,11.8083
rotary_emb,1024,12.1707
rotary_emb,1040,12.0747
rotary_emb,1056,12.2987
rotary_emb,1072,12.6403
rotary_emb,1088,12.7573
rotary_emb,1104,12.768
rotary_emb,1120,13.2163
rotary_emb,1136,13.1417
rotary_emb,1152,13.3543
rotary_emb,1168,13.6213
rotary_emb,1184,13.878
rotary_emb,1200,14.038
rotary_emb,1216,14.208
rotary_emb,1232,14.251
rotary_emb,1248,14.4963
rotary_emb,1264,14.731
rotary_emb,1280,15.083
rotary_emb,1296,15.104
rotary_emb,1312,15.3817
rotary_emb,1328,15.5627
rotary_emb,1344,15.6693
rotary_emb,1360,16.043
rotary_emb,1376,16.1493
rotary_emb,1392,16.3093
rotary_emb,1408,16.4267
rotary_emb,1424,16.608
rotary_emb,1440,16.7573
rotary_emb,1456,16.939
rotary_emb,1472,17.056
rotary_emb,1488,17.1737
rotary_emb,1504,17.3867
rotary_emb,1520,17.7707
rotary_emb,1536,17.5683
rotary_emb,1552,18.0267
rotary_emb,1568,18.1013
rotary_emb,1584,18.443
rotary_emb,1600,18.571
rotary_emb,1616,18.699
rotary_emb,1632,18.902
rotary_emb,1648,19.2747
rotary_emb,1664,19.6273
rotary_emb,1680,19.521
rotary_emb,1696,19.6697
rotary_emb,1712,19.926
rotary_emb,1728,20.5017
rotary_emb,1744,20.3737
rotary_emb,1760,20.8963
rotary_emb,1776,20.9287
rotary_emb,1792,21.1203
rotary_emb,1808,21.3767
rotary_emb,1824,21.4617
rotary_emb,1840,21.7177
rotary_emb,1856,22.016
rotary_emb,1872,22.0587
rotary_emb,1888,22.71
rotary_emb,1904,22.678
rotary_emb,1920,22.8373
rotary_emb,1936,22.955
rotary_emb,1952,23.3923
rotary_emb,1968,23.606
rotary_emb,1984,23.958
rotary_emb,2000,24.0647
rotary_emb,2016,24.4277
rotary_emb,2032,24.406
rotary_emb,2048,24.63
rotary_emb,2064,24.982
rotary_emb,2080,25.0453
rotary_emb,2096,25.4513
rotary_emb,2112,25.7607
rotary_emb,2128,25.7283
rotary_emb,2144,26.0487
rotary_emb,2160,26.1873
rotary_emb,2176,26.486
rotary_emb,2192,26.6457
rotary_emb,2208,26.7847
rotary_emb,2224,27.0723
rotary_emb,2240,27.4243
rotary_emb,2256,27.6593
rotary_emb,2272,28.0007
rotary_emb,2288,27.8833
rotary_emb,2304,28.2033
rotary_emb,2320,28.2883
rotary_emb,2336,28.9497
rotary_emb,2352,28.918
rotary_emb,2368,29.1097
rotary_emb,2384,29.195
rotary_emb,2400,29.793
rotary_emb,2416,29.9313
rotary_emb,2432,29.7607
rotary_emb,2448,30.1447
rotary_emb,2464,30.5283
rotary_emb,2480,30.8273
rotary_emb,2496,30.998
rotary_emb,2512,31.2217
rotary_emb,2528,31.617
rotary_emb,2544,31.7877
rotary_emb,2560,31.8303
rotary_emb,2576,32.0857
rotary_emb,2592,32.3843
rotary_emb,2608,32.5023
rotary_emb,2624,32.7473
rotary_emb,2640,32.993
rotary_emb,2656,33.046
rotary_emb,2672,33.4297
rotary_emb,2688,33.3983
rotary_emb,2704,33.6863
rotary_emb,2720,33.9527
rotary_emb,2736,34.1873
rotary_emb,2752,34.4117
rotary_emb,2768,34.4863
rotary_emb,2784,34.7957
rotary_emb,2800,35.0087
rotary_emb,2816,35.158
rotary_emb,2832,35.4353
rotary_emb,2848,35.766
rotary_emb,2864,35.926
rotary_emb,2880,36.0437
rotary_emb,2896,36.1717
rotary_emb,2912,36.4273
rotary_emb,2928,36.63
rotary_emb,2944,36.9607
rotary_emb,2960,36.9497
rotary_emb,2976,37.3023
rotary_emb,2992,37.3023
rotary_emb,3008,37.5473
rotary_emb,3024,37.8033
rotary_emb,3040,37.8353
rotary_emb,3056,38.134
rotary_emb,3072,38.4323
rotary_emb,3088,38.497
rotary_emb,3104,38.689
rotary_emb,3120,38.8807
rotary_emb,3136,38.9877
rotary_emb,3152,39.4993
rotary_emb,3168,39.5423
rotary_emb,3184,39.5953
rotary_emb,3200,39.9263
rotary_emb,3216,40.0753
rotary_emb,3232,40.1607
rotary_emb,3248,40.4063
rotary_emb,3264,40.6197
rotary_emb,3280,40.587
rotary_emb,3296,40.875
rotary_emb,3312,40.9927
rotary_emb,3328,41.206
rotary_emb,3344,41.5363
rotary_emb,3360,41.6963
rotary_emb,3376,41.8993
rotary_emb,3392,41.953
rotary_emb,3408,42.0483
rotary_emb,3424,42.4967
rotary_emb,3440,42.4543
rotary_emb,3456,42.678
rotary_emb,3472,43.083
rotary_emb,3488,42.9877
rotary_emb,3504,43.0837
rotary_emb,3520,43.2437
rotary_emb,3536,43.6063
rotary_emb,3552,43.7127
rotary_emb,3568,44.097
rotary_emb,3584,44.2243
rotary_emb,3600,44.2673
rotary_emb,3616,44.6727
rotary_emb,3632,44.5443
rotary_emb,3648,44.907
rotary_emb,3664,45.131
rotary_emb,3680,45.089
rotary_emb,3696,45.5477
rotary_emb,3712,45.5153
rotary_emb,3728,45.707
rotary_emb,3744,46.2197
rotary_emb,3760,46.4863
rotary_emb,3776,46.614
rotary_emb,3792,46.7317
rotary_emb,3808,46.838
rotary_emb,3824,46.8063
rotary_emb,3840,46.9663
rotary_emb,3856,47.35
rotary_emb,3872,47.4677
rotary_emb,3888,47.6917
rotary_emb,3904,48.0437
rotary_emb,3920,48.1503
rotary_emb,3936,48.353
rotary_emb,3952,48.769
rotary_emb,3968,48.673
rotary_emb,3984,48.9393
rotary_emb,4000,49.0997
rotary_emb,4016,49.046
rotary_emb,4032,49.366
rotary_emb,4048,49.3557
rotary_emb,4064,49.5903
rotary_emb,4080,49.718
rotary_emb,4096,49.7077
rotary_emb,4112,50.2513
rotary_emb,4128,50.6037
rotary_emb,4144,50.7847
rotary_emb,4160,50.8063
rotary_emb,4176,50.7957
rotary_emb,4192,51.041
rotary_emb,4208,51.542
rotary_emb,4224,51.3077
rotary_emb,4240,51.766
rotary_emb,4256,51.6487
rotary_emb,4272,52.0757
rotary_emb,4288,51.905
rotary_emb,4304,52.3317
rotary_emb,4320,52.4593
rotary_emb,4336,52.812
rotary_emb,4352,52.993
rotary_emb,4368,52.9927
rotary_emb,4384,53.1637
rotary_emb,4400,53.441
rotary_emb,4416,53.729
rotary_emb,4432,53.7717
rotary_emb,4448,53.7503
rotary_emb,4464,54.305
rotary_emb,4480,54.359
rotary_emb,4496,54.6357
rotary_emb,4512,54.7317
rotary_emb,4528,54.817
rotary_emb,4544,55.062
rotary_emb,4560,55.2223
rotary_emb,4576,55.1903
rotary_emb,4592,55.3923
rotary_emb,4608,55.6807
rotary_emb,4624,55.756
rotary_emb,4640,56.0543
rotary_emb,4656,56.2677
rotary_emb,4672,56.3853
rotary_emb,4688,56.7367
rotary_emb,4704,56.9717
rotary_emb,4720,57.388
rotary_emb,4736,57.6543
rotary_emb,4752,57.708
rotary_emb,4768,57.932
rotary_emb,4784,58.2093
rotary_emb,4800,58.3153
rotary_emb,4816,58.4753
rotary_emb,4832,58.7317
rotary_emb,4848,59.1587
rotary_emb,4864,58.9557
rotary_emb,4880,59.2547
rotary_emb,4896,59.4143
rotary_emb,4912,59.4997
rotary_emb,4928,59.8197
rotary_emb,4944,59.9907
rotary_emb,4960,59.969
rotary_emb,4976,60.214
rotary_emb,4992,60.3633
rotary_emb,5008,60.5663
rotary_emb,5024,60.886
rotary_emb,5040,60.9187
rotary_emb,5056,61.0677
rotary_emb,5072,61.409
rotary_emb,5088,61.633
rotary_emb,5104,61.857
rotary_emb,5120,61.9953
rotary_emb,5136,62.3053
rotary_emb,5152,62.2837
rotary_emb,5168,62.5503
rotary_emb,5184,62.5397
rotary_emb,5200,62.742
rotary_emb,5216,63.116
rotary_emb,5232,63.1053
rotary_emb,5248,63.5
rotary_emb,5264,63.6383
rotary_emb,5280,63.5637
rotary_emb,5296,63.852
rotary_emb,5312,64.0017
rotary_emb,5328,63.9907
rotary_emb,5344,64.3853
rotary_emb,5360,64.8653
rotary_emb,5376,64.8227
rotary_emb,5392,64.9293
rotary_emb,5408,65.26
rotary_emb,5424,65.292
rotary_emb,5440,65.345
rotary_emb,5456,65.7933
rotary_emb,5472,66.0067
rotary_emb,5488,66.2517
rotary_emb,5504,66.3797
rotary_emb,5520,66.6147
rotary_emb,5536,66.9237
rotary_emb,5552,66.828
rotary_emb,5568,67.02
rotary_emb,5584,66.9557
rotary_emb,5600,67.4783
rotary_emb,5616,67.574
rotary_emb,5632,67.7877
rotary_emb,5648,67.6493
rotary_emb,5664,67.8947
rotary_emb,5680,68.0013
rotary_emb,5696,68.2787
rotary_emb,5712,68.481
rotary_emb,5728,68.7267
rotary_emb,5744,68.8337
rotary_emb,5760,69.046
rotary_emb,5776,69.473
rotary_emb,5792,69.441
rotary_emb,5808,69.5797
rotary_emb,5824,69.7617
rotary_emb,5840,69.964
rotary_emb,5856,69.9537
rotary_emb,5872,70.316
rotary_emb,5888,70.5087
rotary_emb,5904,70.881
rotary_emb,5920,71.0413
rotary_emb,5936,70.9773
rotary_emb,5952,71.5537
rotary_emb,5968,71.457
rotary_emb,5984,71.7983
rotary_emb,6000,72.0333
rotary_emb,6016,71.991
rotary_emb,6032,72.2573
rotary_emb,6048,72.428
rotary_emb,6064,72.6943
rotary_emb,6080,72.759
rotary_emb,6096,73.0573
rotary_emb,6112,73.3883
rotary_emb,6128,73.687
rotary_emb,6144,73.505
rotary_emb,6160,73.8897
rotary_emb,6176,73.932
rotary_emb,6192,73.953
rotary_emb,6208,74.5183
rotary_emb,6224,74.7537
rotary_emb,6240,75.1373
rotary_emb,6256,74.9023
rotary_emb,6272,75.468
rotary_emb,6288,75.3077
rotary_emb,6304,75.5743
rotary_emb,6320,75.6067
rotary_emb,6336,75.959
rotary_emb,6352,75.9267
rotary_emb,6368,76.1397
rotary_emb,6384,76.5563
rotary_emb,6400,76.5663
rotary_emb,6416,76.7697
rotary_emb,6432,77.1963
rotary_emb,6448,77.143
rotary_emb,6464,77.1103
rotary_emb,6480,77.5587
rotary_emb,6496,78.0283
rotary_emb,6512,78.0067
rotary_emb,6528,78.1777
rotary_emb,6544,78.3907
rotary_emb,6560,78.369
rotary_emb,6576,78.7323
rotary_emb,6592,78.444
rotary_emb,6608,78.7533
rotary_emb,6624,79.095
rotary_emb,6640,79.2653
rotary_emb,6656,79.351
rotary_emb,6672,79.9583
rotary_emb,6688,80.1297
rotary_emb,6704,80.0977
rotary_emb,6720,80.332
rotary_emb,6736,80.6417
rotary_emb,6752,80.6097
rotary_emb,6768,80.3317
rotary_emb,6784,81.0363
rotary_emb,6800,81.2063
rotary_emb,6816,81.132
rotary_emb,6832,81.2923
rotary_emb,6848,81.9213
rotary_emb,6864,81.7187
rotary_emb,6880,82.007
rotary_emb,6896,82.1027
rotary_emb,6912,82.3593
rotary_emb,6928,82.2627
rotary_emb,6944,82.5507
rotary_emb,6960,82.753
rotary_emb,6976,82.9883
rotary_emb,6992,82.9027
rotary_emb,7008,83.425
rotary_emb,7024,83.5427
rotary_emb,7040,84.0543
rotary_emb,7056,83.948
rotary_emb,7072,84.1507
rotary_emb,7088,84.2253
rotary_emb,7104,84.748
rotary_emb,7120,84.9723
rotary_emb,7136,84.972
rotary_emb,7152,85.111
rotary_emb,7168,85.4837
rotary_emb,7184,85.1323
rotary_emb,7200,85.4623
rotary_emb,7216,85.8683
rotary_emb,7232,86.1777
rotary_emb,7248,86.3267
rotary_emb,7264,86.434
rotary_emb,7280,86.5187
rotary_emb,7296,86.6897
rotary_emb,7312,86.9353
rotary_emb,7328,87.223
rotary_emb,7344,86.8813
rotary_emb,7360,87.319
rotary_emb,7376,87.489
rotary_emb,7392,87.5427
rotary_emb,7408,87.7027
rotary_emb,7424,88.0547
rotary_emb,7440,88.3007
rotary_emb,7456,88.61
rotary_emb,7472,88.9087
rotary_emb,7488,89.0897
rotary_emb,7504,88.8123
rotary_emb,7520,89.3883
rotary_emb,7536,89.6337
rotary_emb,7552,89.687
rotary_emb,7568,89.676
rotary_emb,7584,89.911
rotary_emb,7600,90.2417
rotary_emb,7616,90.3267
rotary_emb,7632,90.743
rotary_emb,7648,90.626
rotary_emb,7664,90.5933
rotary_emb,7680,90.8917
rotary_emb,7696,91.3297
rotary_emb,7712,91.5857
rotary_emb,7728,91.3193
rotary_emb,7744,91.7773
rotary_emb,7760,92.1297
rotary_emb,7776,92.1087
rotary_emb,7792,92.6313
rotary_emb,7808,92.93
rotary_emb,7824,92.887
rotary_emb,7840,93.079
rotary_emb,7856,93.0473
rotary_emb,7872,93.5587
rotary_emb,7888,93.623
rotary_emb,7904,93.7617
rotary_emb,7920,94.1243
rotary_emb,7936,94.2947
rotary_emb,7952,94.4653
rotary_emb,7968,94.7427
rotary_emb,7984,94.8383
rotary_emb,8000,95.1167
rotary_emb,8016,95.2767
rotary_emb,8032,95.5217
rotary_emb,8048,95.5967
rotary_emb,8064,95.7567
rotary_emb,8080,95.874
rotary_emb,8096,96.2897
rotary_emb,8112,96.4173
rotary_emb,8128,96.3007
rotary_emb,8144,96.6313
rotary_emb,8160,96.866
rotary_emb,8176,97.1537
rotary_emb,8192,97.314
rotary_emb,8208,97.5487
rotary_emb,8224,97.5803
rotary_emb,8240,97.9327
rotary_emb,8256,97.9427
rotary_emb,8272,98.1673
rotary_emb,8288,98.359
rotary_emb,8304,98.7643
rotary_emb,8320,98.8817
rotary_emb,8336,98.8923
rotary_emb,8352,99.1167
rotary_emb,8368,99.458
rotary_emb,8384,99.6597
rotary_emb,8400,99.5327
rotary_emb,8416,99.82
rotary_emb,8432,100.226
rotary_emb,8448,100.215
rotary_emb,8464,100.45
rotary_emb,8480,100.61
rotary_emb,8496,100.93
rotary_emb,8512,100.919
rotary_emb,8528,101.197
rotary_emb,8544,101.314
rotary_emb,8560,101.357
rotary_emb,8576,101.57
rotary_emb,8592,101.794
rotary_emb,8608,101.762
rotary_emb,8624,101.783
rotary_emb,8640,101.772
rotary_emb,8656,102.348
rotary_emb,8672,102.647
rotary_emb,8688,102.765
rotary_emb,8704,103.255
rotary_emb,8720,104.407
rotary_emb,8736,103.212
rotary_emb,8752,103.01
rotary_emb,8768,103.671
rotary_emb,8784,103.948
rotary_emb,8800,104.141
rotary_emb,8816,104.482
rotary_emb,8832,104.556
rotary_emb,8848,104.759
rotary_emb,8864,105.1
rotary_emb,8880,104.877
rotary_emb,8896,105.165
rotary_emb,8912,105.591
rotary_emb,8928,105.559
rotary_emb,8944,105.601
rotary_emb,8960,105.655
rotary_emb,8976,105.656
rotary_emb,8992,106.028
rotary_emb,9008,106.423
rotary_emb,9024,106.306
rotary_emb,9040,106.412
rotary_emb,9056,106.754
rotary_emb,9072,106.967
rotary_emb,9088,107.297
rotary_emb,9104,107.256
rotary_emb,9120,107.671
rotary_emb,9136,107.703
rotary_emb,9152,108.066
rotary_emb,9168,108.13
rotary_emb,9184,108.546
rotary_emb,9200,108.834
rotary_emb,9216,109.09
rotary_emb,9232,109.026
rotary_emb,9248,109.282
rotary_emb,9264,109.25
rotary_emb,9280,109.41
rotary_emb,9296,109.506
rotary_emb,9312,109.602
rotary_emb,9328,109.805
rotary_emb,9344,109.73
rotary_emb,9360,110.05
rotary_emb,9376,110.413
rotary_emb,9392,110.871
rotary_emb,9408,110.882
rotary_emb,9424,110.765
rotary_emb,9440,111.16
rotary_emb,9456,111.714
rotary_emb,9472,111.874
rotary_emb,9488,111.884
rotary_emb,9504,112.236
rotary_emb,9520,112.343
rotary_emb,9536,112.514
rotary_emb,9552,112.611
rotary_emb,9568,112.93
rotary_emb,9584,112.941
rotary_emb,9600,113.281
rotary_emb,9616,113.56
rotary_emb,9632,113.613
rotary_emb,9648,113.698
rotary_emb,9664,113.912
rotary_emb,9680,113.975
rotary_emb,9696,114.423
rotary_emb,9712,114.445
rotary_emb,9728,114.797
rotary_emb,9744,114.935
rotary_emb,9760,115.287
rotary_emb,9776,115.159
rotary_emb,9792,115.373
rotary_emb,9808,115.586
rotary_emb,9824,115.895
rotary_emb,9840,116.205
rotary_emb,9856,116.065
rotary_emb,9872,116.365
rotary_emb,9888,116.471
rotary_emb,9904,116.877
rotary_emb,9920,116.834
rotary_emb,9936,117.122
rotary_emb,9952,117.122
rotary_emb,9968,117.506
rotary_emb,9984,117.72
rotary_emb,10000,118.189
rotary_emb,10016,118.296
rotary_emb,10032,118.21
rotary_emb,10048,118.615
rotary_emb,10064,118.477
rotary_emb,10080,118.829
rotary_emb,10096,118.914
rotary_emb,10112,118.466
rotary_emb,10128,118.989
rotary_emb,10144,119.223
rotary_emb,10160,119.245
rotary_emb,10176,119.714
rotary_emb,10192,119.821
rotary_emb,10208,120.301
rotary_emb,10224,120.45
rotary_emb,10240,120.642
rotary_emb,10256,120.397
rotary_emb,10272,120.578
rotary_emb,10288,120.994
rotary_emb,10304,120.781
rotary_emb,10320,121.207
rotary_emb,10336,121.634
rotary_emb,10352,122.114
rotary_emb,10368,121.762
rotary_emb,10384,122.402
rotary_emb,10400,122.295
rotary_emb,10416,124.557
rotary_emb,10432,123.224
rotary_emb,10448,122.872
rotary_emb,10464,123.085
rotary_emb,10480,123.469
rotary_emb,10496,123.703
rotary_emb,10512,123.768
rotary_emb,10528,124.237
rotary_emb,10544,124.397
rotary_emb,10560,124.482
rotary_emb,10576,124.386
rotary_emb,10592,124.994
rotary_emb,10608,124.824
rotary_emb,10624,124.621
rotary_emb,10640,125.272
rotary_emb,10656,125.421
rotary_emb,10672,125.783
rotary_emb,10688,125.848
rotary_emb,10704,125.965
rotary_emb,10720,126.104
rotary_emb,10736,126.232
rotary_emb,10752,126.711
rotary_emb,10768,126.872
rotary_emb,10784,126.743
rotary_emb,10800,126.84
rotary_emb,10816,127.117
rotary_emb,10832,127.362
rotary_emb,10848,127.352
rotary_emb,10864,127.661
rotary_emb,10880,128.12
rotary_emb,10896,128.323
rotary_emb,10912,128.546
rotary_emb,10928,128.824
rotary_emb,10944,129.005
rotary_emb,10960,129.047
rotary_emb,10976,129.24
rotary_emb,10992,129.57
rotary_emb,11008,129.592
rotary_emb,11024,129.88
rotary_emb,11040,129.783
rotary_emb,11056,130.157
rotary_emb,11072,130.456
rotary_emb,11088,130.413
rotary_emb,11104,130.722
rotary_emb,11120,130.669
rotary_emb,11136,131.01
rotary_emb,11152,131.17
rotary_emb,11168,131.213
rotary_emb,11184,131.565
rotary_emb,11200,131.458
rotary_emb,11216,131.768
rotary_emb,11232,131.928
rotary_emb,11248,132.216
rotary_emb,11264,132.632
rotary_emb,11280,132.504
rotary_emb,11296,132.909
rotary_emb,11312,133.027
rotary_emb,11328,133.219
rotary_emb,11344,133.368
rotary_emb,11360,133.549
rotary_emb,11376,133.751
rotary_emb,11392,133.805
rotary_emb,11408,134.125
rotary_emb,11424,134.082
rotary_emb,11440,134.434
rotary_emb,11456,134.456
rotary_emb,11472,134.733
rotary_emb,11488,135.095
rotary_emb,11504,135.032
rotary_emb,11520,135.458
rotary_emb,11536,135.469
rotary_emb,11552,135.661
rotary_emb,11568,135.874
rotary_emb,11584,136.216
rotary_emb,11600,136.238
rotary_emb,11616,136.365
rotary_emb,11632,136.6
rotary_emb,11648,136.717
rotary_emb,11664,136.919
rotary_emb,11680,137.155
rotary_emb,11696,137.432
rotary_emb,11712,137.154
rotary_emb,11728,137.645
rotary_emb,11744,137.912
rotary_emb,11760,137.965
rotary_emb,11776,137.965
rotary_emb,11792,138.286
rotary_emb,11808,138.328
rotary_emb,11824,138.669
rotary_emb,11840,139.053
rotary_emb,11856,139.117
rotary_emb,11872,138.958
rotary_emb,11888,139.405
rotary_emb,11904,139.8
rotary_emb,11920,139.853
rotary_emb,11936,140.024
rotary_emb,11952,141.944
rotary_emb,11968,135.085
rotary_emb,11984,135.17
rotary_emb,12000,135.48
rotary_emb,12016,135.554
rotary_emb,12032,136.109
rotary_emb,12048,135.927
rotary_emb,12064,141.666
rotary_emb,12080,141.538
rotary_emb,12096,141.869
rotary_emb,12112,141.965
rotary_emb,12128,141.976
rotary_emb,12144,142.381
rotary_emb,12160,142.499
rotary_emb,12176,142.488
rotary_emb,12192,142.701
rotary_emb,12208,143.277
rotary_emb,12224,142.637
rotary_emb,12240,142.861
rotary_emb,12256,143.352
rotary_emb,12272,142.648
rotary_emb,12288,143.149
rotary_emb,12304,144.173
rotary_emb,12320,144.717
rotary_emb,12336,142.797
rotary_emb,12352,143.267
rotary_emb,12368,143.694
rotary_emb,12384,143.138
rotary_emb,12400,143.917
rotary_emb,12416,143.885
rotary_emb,12432,143.853
rotary_emb,12448,144.216
rotary_emb,12464,145.442
rotary_emb,12480,144.227
rotary_emb,12496,144.803
rotary_emb,12512,145.026
rotary_emb,12528,144.846
rotary_emb,12544,145.166
rotary_emb,12560,144.984
rotary_emb,12576,146.925
rotary_emb,12592,144.813
rotary_emb,12608,145.539
rotary_emb,12624,145.528
rotary_emb,12640,145.496
rotary_emb,12656,145.752
rotary_emb,12672,145.442
rotary_emb,12688,145.57
rotary_emb,12704,145.678
rotary_emb,12720,146.242
rotary_emb,12736,148.483
rotary_emb,12752,149.123
rotary_emb,12768,146.723
rotary_emb,12784,147.075
rotary_emb,12800,147.277
rotary_emb,12816,147.16
rotary_emb,12832,147.288
rotary_emb,12848,147.01
rotary_emb,12864,147.438
rotary_emb,12880,147.949
rotary_emb,12896,147.405
rotary_emb,12912,147.33
rotary_emb,12928,147.832
rotary_emb,12944,147.982
rotary_emb,12960,148.184
rotary_emb,12976,151.917
rotary_emb,12992,149.048
rotary_emb,13008,148.888
rotary_emb,13024,148.205
rotary_emb,13040,148.995
rotary_emb,13056,149.08
rotary_emb,13072,149.112
rotary_emb,13088,149.57
rotary_emb,13104,148.653
rotary_emb,13120,148.75
rotary_emb,13136,148.525
rotary_emb,13152,148.877
rotary_emb,13168,148.686
rotary_emb,13184,149.123
rotary_emb,13200,149.283
rotary_emb,13216,149.582
rotary_emb,13232,153.805
rotary_emb,13248,154.958
rotary_emb,13264,150.435
rotary_emb,13280,149.869
rotary_emb,13296,150.082
rotary_emb,13312,149.944
rotary_emb,13328,150.093
rotary_emb,13344,152.152
rotary_emb,13360,156.589
rotary_emb,13376,150.798
rotary_emb,13392,151.128
rotary_emb,13408,151.181
rotary_emb,13424,151.139
rotary_emb,13440,151.896
rotary_emb,13456,151.48
rotary_emb,13472,151.971
rotary_emb,13488,151.736
rotary_emb,13504,152.141
rotary_emb,13520,152.782
rotary_emb,13536,152.963
rotary_emb,13552,152.974
rotary_emb,13568,153.112
rotary_emb,13584,153.059
rotary_emb,13600,153.848
rotary_emb,13616,153.688
rotary_emb,13632,153.806
rotary_emb,13648,153.581
rotary_emb,13664,153.742
rotary_emb,13680,154.744
rotary_emb,13696,154.413
rotary_emb,13712,154.584
rotary_emb,13728,154.755
rotary_emb,13744,154.595
rotary_emb,13760,154.915
rotary_emb,13776,155.245
rotary_emb,13792,155.672
rotary_emb,13808,155.917
rotary_emb,13824,156.355
rotary_emb,13840,155.779
rotary_emb,13856,155.779
rotary_emb,13872,156.526
rotary_emb,13888,156.867
rotary_emb,13904,156.984
rotary_emb,13920,157.059
rotary_emb,13936,157.474
rotary_emb,13952,157.699
rotary_emb,13968,157.251
rotary_emb,13984,157.08
rotary_emb,14000,158.371
rotary_emb,14016,157.763
rotary_emb,14032,157.88
rotary_emb,14048,158.083
rotary_emb,14064,158.563
rotary_emb,14080,158.765
rotary_emb,14096,158.926
rotary_emb,14112,158.777
rotary_emb,14128,158.979
rotary_emb,14144,158.797
rotary_emb,14160,159.352
rotary_emb,14176,159.789
rotary_emb,14192,160.046
rotary_emb,14208,160.398
rotary_emb,14224,160.536
rotary_emb,14240,160.579
rotary_emb,14256,160.696
rotary_emb,14272,160.845
rotary_emb,14288,161.187
rotary_emb,14304,161.219
rotary_emb,14320,161.656
rotary_emb,14336,161.71
rotary_emb,14352,161.379
rotary_emb,14368,161.305
rotary_emb,14384,162.189
rotary_emb,14400,162.339
rotary_emb,14416,162.061
rotary_emb,14432,162.339
rotary_emb,14448,162.456
rotary_emb,14464,162.659
rotary_emb,14480,162.989
rotary_emb,14496,163.044
rotary_emb,14512,162.883
rotary_emb,14528,163.203
rotary_emb,14544,163.225
rotary_emb,14560,163.896
rotary_emb,14576,164.536
rotary_emb,14592,164.739
rotary_emb,14608,164.803
rotary_emb,14624,164.878
rotary_emb,14640,164.824
rotary_emb,14656,164.75
rotary_emb,14672,164.878
rotary_emb,14688,165.496
rotary_emb,14704,165.645
rotary_emb,14720,165.848
rotary_emb,14736,165.934
rotary_emb,14752,165.71
rotary_emb,14768,166.296
rotary_emb,14784,166.222
rotary_emb,14800,166.488
rotary_emb,14816,166.414
rotary_emb,14832,167.342
rotary_emb,14848,167.31
rotary_emb,14864,167.107
rotary_emb,14880,167.47
rotary_emb,14896,168.142
rotary_emb,14912,167.758
rotary_emb,14928,168.163
rotary_emb,14944,168.014
rotary_emb,14960,168.43
rotary_emb,14976,168.611
rotary_emb,14992,168.568
rotary_emb,15008,168.835
rotary_emb,15024,168.814
rotary_emb,15040,168.921
rotary_emb,15056,169.433
rotary_emb,15072,169.411
rotary_emb,15088,169.976
rotary_emb,15104,169.742
rotary_emb,15120,170.051
rotary_emb,15136,170.691
rotary_emb,15152,170.734
rotary_emb,15168,170.83
rotary_emb,15184,170.638
rotary_emb,15200,171.022
rotary_emb,15216,171.246
rotary_emb,15232,171.31
rotary_emb,15248,171.758
rotary_emb,15264,171.758
rotary_emb,15280,171.779
rotary_emb,15296,172.099
rotary_emb,15312,171.961
rotary_emb,15328,171.971
rotary_emb,15344,172.291
rotary_emb,15360,172.931
rotary_emb,15376,172.814
rotary_emb,15392,173.017
rotary_emb,15408,173.475
rotary_emb,15424,173.497
rotary_emb,15440,174.158
rotary_emb,15456,173.795
rotary_emb,15472,174.062
rotary_emb,15488,174.361
rotary_emb,15504,174.222
rotary_emb,15520,174.435
rotary_emb,15536,174.702
rotary_emb,15552,174.488
rotary_emb,15568,174.873
rotary_emb,15584,175.278
rotary_emb,15600,175.481
rotary_emb,15616,175.982
rotary_emb,15632,176.302
rotary_emb,15648,176.024
rotary_emb,15664,176.163
rotary_emb,15680,176.558
rotary_emb,15696,176.409
rotary_emb,15712,177.059
rotary_emb,15728,177.315
rotary_emb,15744,177.017
rotary_emb,15760,176.728
rotary_emb,15776,177.454
rotary_emb,15792,177.902
rotary_emb,15808,178.392
rotary_emb,15824,178.616
rotary_emb,15840,178.776
rotary_emb,15856,178.595
rotary_emb,15872,179.064
rotary_emb,15888,178.915
rotary_emb,15904,178.915
rotary_emb,15920,179.171
rotary_emb,15936,179.086
rotary_emb,15952,179.342
rotary_emb,15968,179.331
rotary_emb,15984,179.48
rotary_emb,16000,180.131
rotary_emb,16016,180.024
rotary_emb,16032,180.206
rotary_emb,16048,180.355
rotary_emb,16064,180.654
rotary_emb,16080,180.547
rotary_emb,16096,180.984
rotary_emb,16112,181.582
rotary_emb,16128,181.55
rotary_emb,16144,181.924
rotary_emb,16160,181.902
rotary_emb,16176,181.604
rotary_emb,16192,181.497
rotary_emb,16208,182.264
rotary_emb,16224,182.457
rotary_emb,16240,182.691
rotary_emb,16256,182.756
rotary_emb,16272,183.235
rotary_emb,16288,183.331
rotary_emb,16304,182.766
rotary_emb,16320,182.798
rotary_emb,16336,183.353
rotary_emb,16352,184.291
rotary_emb,16368,184.238
rotary_emb,16384,184.291
rotary_emb,16400,184.515
rotary_emb,16416,184.398
rotary_emb,16432,184.526
rotary_emb,16448,184.696
rotary_emb,16464,185.326
rotary_emb,16480,185.155
rotary_emb,16496,185.166
rotary_emb,16512,185.603
rotary_emb,16528,185.902
rotary_emb,16544,185.859
rotary_emb,16560,186.564
rotary_emb,16576,186.83
rotary_emb,16592,186.691
rotary_emb,16608,186.638
rotary_emb,16624,186.414
rotary_emb,16640,186.904
rotary_emb,16656,186.884
rotary_emb,16672,187.342
rotary_emb,16688,187.363
rotary_emb,16704,187.95
rotary_emb,16720,187.865
rotary_emb,16736,187.769
rotary_emb,16752,188.259
rotary_emb,16768,189.06
rotary_emb,16784,188.867
rotary_emb,16800,188.846
rotary_emb,16816,188.676
rotary_emb,16832,189.176
rotary_emb,16848,188.696
rotary_emb,16864,188.985
rotary_emb,16880,189.817
rotary_emb,16896,190.201
rotary_emb,16912,189.956
rotary_emb,16928,190.18
rotary_emb,16944,190.596
rotary_emb,16960,190.435
rotary_emb,16976,190.393
rotary_emb,16992,190.233
rotary_emb,17008,191.737
rotary_emb,17024,191.097
rotary_emb,17040,191.417
rotary_emb,17056,191.971
rotary_emb,17072,192.078
rotary_emb,17088,191.587
rotary_emb,17104,191.844
rotary_emb,17120,192.185
rotary_emb,17136,193.358
rotary_emb,17152,193.081
rotary_emb,17168,192.537
rotary_emb,17184,193.252
rotary_emb,17200,193.113
rotary_emb,17216,193.54
rotary_emb,17232,193.721
rotary_emb,17248,193.732
rotary_emb,17264,194.297
rotary_emb,17280,194.297
rotary_emb,17296,194.105
rotary_emb,17312,194.68
rotary_emb,17328,194.617
rotary_emb,17344,194.596
rotary_emb,17360,195.215
rotary_emb,17376,194.958
rotary_emb,17392,195.513
rotary_emb,17408,195.097
rotary_emb,17424,195.79
rotary_emb,17440,195.929
rotary_emb,17456,195.534
rotary_emb,17472,195.684
rotary_emb,17488,195.385
rotary_emb,17504,196.719
rotary_emb,17520,196.473
rotary_emb,17536,196.548
rotary_emb,17552,196.771
rotary_emb,17568,196.995
rotary_emb,17584,197.603
rotary_emb,17600,197.412
rotary_emb,17616,197.475
rotary_emb,17632,197.401
rotary_emb,17648,197.348
rotary_emb,17664,197.966
rotary_emb,17680,198.276
rotary_emb,17696,198.457
rotary_emb,17712,198.436
rotary_emb,17728,198.489
rotary_emb,17744,198.841
rotary_emb,17760,199.107
rotary_emb,17776,198.873
rotary_emb,17792,199.588
rotary_emb,17808,199.332
rotary_emb,17824,199.598
rotary_emb,17840,200.345
rotary_emb,17856,199.993
rotary_emb,17872,199.748
rotary_emb,17888,200.398
rotary_emb,17904,201.049
rotary_emb,17920,200.697
rotary_emb,17936,201.028
rotary_emb,17952,201.508
rotary_emb,17968,200.932
rotary_emb,17984,202.233
rotary_emb,18000,201.796
rotary_emb,18016,201.967
rotary_emb,18032,201.87
rotary_emb,18048,202.233
rotary_emb,18064,202.564
rotary_emb,18080,202.532
rotary_emb,18096,202.585
rotary_emb,18112,203.545
rotary_emb,18128,202.959
rotary_emb,18144,203.694
rotary_emb,18160,203.812
rotary_emb,18176,203.844
rotary_emb,18192,203.652
rotary_emb,18208,203.79
rotary_emb,18224,204.409
rotary_emb,18240,204.239
rotary_emb,18256,204.537
rotary_emb,18272,204.761
rotary_emb,18288,205.475
rotary_emb,18304,205.508
rotary_emb,18320,205.806
rotary_emb,18336,205.849
rotary_emb,18352,205.838
rotary_emb,18368,205.71
rotary_emb,18384,206.201
rotary_emb,18400,206.873
rotary_emb,18416,206.628
rotary_emb,18432,206.329
rotary_emb,18448,206.649
rotary_emb,18464,207.054
rotary_emb,18480,207.076
rotary_emb,18496,207.833
rotary_emb,18512,208.036
rotary_emb,18528,207.129
rotary_emb,18544,208.111
rotary_emb,18560,208.314
rotary_emb,18576,207.641
rotary_emb,18592,208.335
rotary_emb,18608,208.473
rotary_emb,18624,209.423
rotary_emb,18640,208.815
rotary_emb,18656,209.124
rotary_emb,18672,209.636
rotary_emb,18688,209.252
rotary_emb,18704,209.55
rotary_emb,18720,209.849
rotary_emb,18736,209.828
rotary_emb,18752,210.372
rotary_emb,18768,210.596
rotary_emb,18784,210.351
rotary_emb,18800,210.425
rotary_emb,18816,211.311
rotary_emb,18832,211.449
rotary_emb,18848,211.364
rotary_emb,18864,211.534
rotary_emb,18880,211.919
rotary_emb,18896,212.249
rotary_emb,18912,212.314
rotary_emb,18928,211.823
rotary_emb,18944,212.601
rotary_emb,18960,212.761
rotary_emb,18976,212.719
rotary_emb,18992,212.665
rotary_emb,19008,213.689
rotary_emb,19024,213.732
rotary_emb,19040,213.423
rotary_emb,19056,213.881
rotary_emb,19072,213.049
rotary_emb,19088,213.284
rotary_emb,19104,213.412
rotary_emb,19120,213.785
rotary_emb,19136,214.212
rotary_emb,19152,214.596
rotary_emb,19168,214.98
rotary_emb,19184,214.639
rotary_emb,19200,215.855
rotary_emb,19216,215.407
rotary_emb,19232,216.239
rotary_emb,19248,216.335
rotary_emb,19264,216.281
rotary_emb,19280,216.399
rotary_emb,19296,216.473
rotary_emb,19312,216.431
rotary_emb,19328,216.783
rotary_emb,19344,216.879
rotary_emb,19360,216.964
rotary_emb,19376,217.54
rotary_emb,19392,217.348
rotary_emb,19408,217.828
rotary_emb,19424,217.786
rotary_emb,19440,218.031
rotary_emb,19456,217.764
rotary_emb,19472,218.02
rotary_emb,19488,218.383
rotary_emb,19504,218.895
rotary_emb,19520,218.863
rotary_emb,19536,219.087
rotary_emb,19552,218.607
rotary_emb,19568,219.3
rotary_emb,19584,219.3
rotary_emb,19600,218.98
rotary_emb,19616,219.716
rotary_emb,19632,220.249
rotary_emb,19648,220.217
rotary_emb,19664,220.452
rotary_emb,19680,220.42
rotary_emb,19696,220.484
rotary_emb,19712,221.092
rotary_emb,19728,221.828
rotary_emb,19744,221.871
rotary_emb,19760,222.298
rotary_emb,19776,221.732
rotary_emb,19792,222.308
rotary_emb,19808,221.892
rotary_emb,19824,222.17
rotary_emb,19840,221.775
rotary_emb,19856,221.977
rotary_emb,19872,222.287
rotary_emb,19888,222.404
rotary_emb,19904,222.959
rotary_emb,19920,222.959
rotary_emb,19936,223.108
rotary_emb,19952,223.631
rotary_emb,19968,224.101
rotary_emb,19984,223.46
rotary_emb,20000,224.527
rotary_emb,20016,224.431
rotary_emb,20032,224.228
rotary_emb,20048,224.164
rotary_emb,20064,224.399
rotary_emb,20080,224.773
rotary_emb,20096,224.697
rotary_emb,20112,224.623
rotary_emb,20128,225.22
rotary_emb,20144,225.604
rotary_emb,20160,225.604
rotary_emb,20176,225.605
rotary_emb,20192,225.785
rotary_emb,20208,226.479
rotary_emb,20224,226.201
rotary_emb,20240,226.906
rotary_emb,20256,226.724
rotary_emb,20272,226.671
rotary_emb,20288,226.788
rotary_emb,20304,226.991
rotary_emb,20320,227.493
rotary_emb,20336,227.653
rotary_emb,20352,227.215
rotary_emb,20368,227.834
rotary_emb,20384,227.919
rotary_emb,20400,228.548
rotary_emb,20416,228.346
rotary_emb,20432,228.644
rotary_emb,20448,228.537
rotary_emb,20464,229.049
rotary_emb,20480,229.402
rotary_emb,20496,229.199
rotary_emb,20512,229.829
rotary_emb,20528,229.839
rotary_emb,20544,230.202
rotary_emb,20560,230.532
rotary_emb,20576,230.276
rotary_emb,20592,230.415
rotary_emb,20608,230.927
rotary_emb,20624,231.855
rotary_emb,20640,231.386
rotary_emb,20656,231.738
rotary_emb,20672,232.282
rotary_emb,20688,232.09
rotary_emb,20704,232.357
rotary_emb,20720,232.346
rotary_emb,20736,231.919
rotary_emb,20752,232.153
rotary_emb,20768,232.836
rotary_emb,20784,232.858
rotary_emb,20800,233.124
rotary_emb,20816,233.22
rotary_emb,20832,233.743
rotary_emb,20848,233.349
rotary_emb,20864,233.391
rotary_emb,20880,233.978
rotary_emb,20896,234.266
rotary_emb,20912,234.169
rotary_emb,20928,234.554
rotary_emb,20944,234.095
rotary_emb,20960,234.831
rotary_emb,20976,235.161
rotary_emb,20992,234.98
rotary_emb,21008,234.586
rotary_emb,21024,235.61
rotary_emb,21040,235.716
rotary_emb,21056,235.599
rotary_emb,21072,236.538
rotary_emb,21088,236.751
rotary_emb,21104,236.612
rotary_emb,21120,235.61
rotary_emb,21136,236.762
rotary_emb,21152,237.157
rotary_emb,21168,237.498
rotary_emb,21184,236.879
rotary_emb,21200,237.849
rotary_emb,21216,237.786
rotary_emb,21232,238.01
rotary_emb,21248,238.159
rotary_emb,21264,238.693
rotary_emb,21280,237.914
rotary_emb,21296,238.319
rotary_emb,21312,239.066
rotary_emb,21328,238.991
rotary_emb,21344,238.682
rotary_emb,21360,239.173
rotary_emb,21376,239.429
rotary_emb,21392,240.015
rotary_emb,21408,239.738
rotary_emb,21424,239.375
rotary_emb,21440,239.972
rotary_emb,21456,240.762
rotary_emb,21472,240.986
rotary_emb,21488,240.836
rotary_emb,21504,240.463
rotary_emb,21520,241.113
rotary_emb,21536,240.985
rotary_emb,21552,241.818
rotary_emb,21568,241.551
rotary_emb,21584,241.968
rotary_emb,21600,241.839
rotary_emb,21616,242.095
rotary_emb,21632,242.48
rotary_emb,21648,242.297
rotary_emb,21664,242.959
rotary_emb,21680,243.066
rotary_emb,21696,243.119
rotary_emb,21712,243.216
rotary_emb,21728,243.759
rotary_emb,21744,243.386
rotary_emb,21760,243.503
rotary_emb,21776,243.535
rotary_emb,21792,244.324
rotary_emb,21808,244.496
rotary_emb,21824,244.1
rotary_emb,21840,244.484
rotary_emb,21856,244.09
rotary_emb,21872,244.783
rotary_emb,21888,243.941
rotary_emb,21904,245.296
rotary_emb,21920,245.573
rotary_emb,21936,245.178
rotary_emb,21952,245.754
rotary_emb,21968,245.925
rotary_emb,21984,246.33
rotary_emb,22000,246.65
rotary_emb,22016,246.096
rotary_emb,22032,246.821
rotary_emb,22048,246.65
rotary_emb,22064,246.682
rotary_emb,22080,247.898
rotary_emb,22096,247.717
rotary_emb,22112,248.037
rotary_emb,22128,247.941
rotary_emb,22144,247.364
rotary_emb,22160,248.186
rotary_emb,22176,247.983
rotary_emb,22192,248.954
rotary_emb,22208,249.029
rotary_emb,22224,248.388
rotary_emb,22240,249.658
rotary_emb,22256,249.114
rotary_emb,22272,249.093
rotary_emb,22288,249.242
rotary_emb,22304,249.178
rotary_emb,22320,250.127
rotary_emb,22336,250.618
rotary_emb,22352,250.384
rotary_emb,22368,250.032
rotary_emb,22384,249.605
rotary_emb,22400,250.426
rotary_emb,22416,251.215
rotary_emb,22432,251.76
rotary_emb,22448,252.325
rotary_emb,22464,251.728
rotary_emb,22480,251.717
rotary_emb,22496,252.005
rotary_emb,22512,252.57
rotary_emb,22528,252.187
rotary_emb,22544,252.005
rotary_emb,22560,252.314
rotary_emb,22576,253.21
rotary_emb,22592,253.349
rotary_emb,22608,253.936
rotary_emb,22624,253.327
rotary_emb,22640,253.637
rotary_emb,22656,253.541
rotary_emb,22672,254.362
rotary_emb,22688,253.893
rotary_emb,22704,254.01
rotary_emb,22720,254.576
rotary_emb,22736,254.97
rotary_emb,22752,254.896
rotary_emb,22768,254.522
rotary_emb,22784,254.874
rotary_emb,22800,255.439
rotary_emb,22816,255.162
rotary_emb,22832,255.749
rotary_emb,22848,256.336
rotary_emb,22864,256.282
rotary_emb,22880,256.24
rotary_emb,22896,256.506
rotary_emb,22912,256.805
rotary_emb,22928,256.357
rotary_emb,22944,257.071
rotary_emb,22960,258.437
rotary_emb,22976,257.573
rotary_emb,22992,257.872
rotary_emb,23008,258.16
rotary_emb,23024,257.434
rotary_emb,23040,257.658
rotary_emb,23056,257.968
rotary_emb,23072,259.279
rotary_emb,23088,258.309
rotary_emb,23104,258.949
rotary_emb,23120,259.077
rotary_emb,23136,259.866
rotary_emb,23152,259.109
rotary_emb,23168,259.205
rotary_emb,23184,259.141
rotary_emb,23200,260.347
rotary_emb,23216,260.602
rotary_emb,23232,260.954
rotary_emb,23248,260.57
rotary_emb,23264,260.474
rotary_emb,23280,260.55
rotary_emb,23296,260.675
rotary_emb,23312,260.6
rotary_emb,23328,261.539
rotary_emb,23344,261.144
rotary_emb,23360,262.019
rotary_emb,23376,261.805
rotary_emb,23392,262.456
rotary_emb,23408,262.051
rotary_emb,23424,262.339
rotary_emb,23440,263.043
rotary_emb,23456,262.883
rotary_emb,23472,263.085
rotary_emb,23488,263.161
rotary_emb,23504,262.808
rotary_emb,23520,263.097
rotary_emb,23536,263.374
rotary_emb,23552,263.608
rotary_emb,23568,264.622
rotary_emb,23584,264.675
rotary_emb,23600,264.345
rotary_emb,23616,264.322
rotary_emb,23632,264.622
rotary_emb,23648,264.76
rotary_emb,23664,265.198
rotary_emb,23680,264.536
rotary_emb,23696,265.059
rotary_emb,23712,265.72
rotary_emb,23728,266.574
rotary_emb,23744,266.947
rotary_emb,23760,265.987
rotary_emb,23776,266.382
rotary_emb,23792,266.36
rotary_emb,23808,266.681
rotary_emb,23824,266.2
rotary_emb,23840,266.68
rotary_emb,23856,267.086
rotary_emb,23872,267.63
rotary_emb,23888,267.79
rotary_emb,23904,267.533
rotary_emb,23920,268.099
rotary_emb,23936,267.779
rotary_emb,23952,268.408
rotary_emb,23968,268.803
rotary_emb,23984,268.856
rotary_emb,24000,269.656
rotary_emb,24016,269.166
rotary_emb,24032,269.593
rotary_emb,24048,269.187
rotary_emb,24064,269.315
rotary_emb,24080,269.411
rotary_emb,24096,270.051
rotary_emb,24112,269.443
rotary_emb,24128,269.529
rotary_emb,24144,269.72
rotary_emb,24160,270.574
rotary_emb,24176,270.585
rotary_emb,24192,271.182
rotary_emb,24208,271.63
rotary_emb,24224,271.769
rotary_emb,24240,271.501
rotary_emb,24256,271.075
rotary_emb,24272,271.459
rotary_emb,24288,271.747
rotary_emb,24304,272.27
rotary_emb,24320,272.11
rotary_emb,24336,271.95
rotary_emb,24352,273.102
rotary_emb,24368,273.166
rotary_emb,24384,273.635
rotary_emb,24400,273.496
rotary_emb,24416,273.881
rotary_emb,24432,274.201
rotary_emb,24448,273.304
rotary_emb,24464,273.518
rotary_emb,24480,274.403
rotary_emb,24496,274.264
rotary_emb,24512,274.242
rotary_emb,24528,275.054
rotary_emb,24544,275.086
rotary_emb,24560,275.246
rotary_emb,24576,275.299
rotary_emb,24592,274.808
rotary_emb,24608,276.185
rotary_emb,24624,276.217
rotary_emb,24640,275.747
rotary_emb,24656,275.704
rotary_emb,24672,275.961
rotary_emb,24688,276.782
rotary_emb,24704,276.483
rotary_emb,24720,276.942
rotary_emb,24736,277.71
rotary_emb,24752,277.795
rotary_emb,24768,277.838
rotary_emb,24784,277.902
rotary_emb,24800,277.998
rotary_emb,24816,278.094
rotary_emb,24832,277.528
rotary_emb,24848,278.307
rotary_emb,24864,278.094
rotary_emb,24880,278.926
rotary_emb,24896,279.353
rotary_emb,24912,278.734
rotary_emb,24928,278.926
rotary_emb,24944,278.649
rotary_emb,24960,279.288
rotary_emb,24976,280.099
rotary_emb,24992,280.355
rotary_emb,25008,280.569
rotary_emb,25024,280.589
rotary_emb,25040,280.782
rotary_emb,25056,280.729
rotary_emb,25072,281.07
rotary_emb,25088,281.017
rotary_emb,25104,281.486
rotary_emb,25120,281.582
rotary_emb,25136,281.507
rotary_emb,25152,281.827
rotary_emb,25168,282.04
rotary_emb,25184,282.713
rotary_emb,25200,282.627
rotary_emb,25216,282.553
rotary_emb,25232,282.84
rotary_emb,25248,283.428
rotary_emb,25264,282.585
rotary_emb,25280,283.683
rotary_emb,25296,284.206
rotary_emb,25312,284.131
rotary_emb,25328,284.291
rotary_emb,25344,283.651
rotary_emb,25360,284.302
rotary_emb,25376,284.505
rotary_emb,25392,284.345
rotary_emb,25408,285.401
rotary_emb,25424,284.846
rotary_emb,25440,285.55
rotary_emb,25456,285.582
rotary_emb,25472,285.859
rotary_emb,25488,286.286
rotary_emb,25504,286.147
rotary_emb,25520,286.724
rotary_emb,25536,285.881
rotary_emb,25552,286.158
rotary_emb,25568,287.224
rotary_emb,25584,287.246
rotary_emb,25600,287.097
rotary_emb,25616,286.883
rotary_emb,25632,287.065
rotary_emb,25648,287.278
rotary_emb,25664,287.748
rotary_emb,25680,288.068
rotary_emb,25696,288.238
rotary_emb,25712,288.153
rotary_emb,25728,288.196
rotary_emb,25744,288.739
rotary_emb,25760,288.526
rotary_emb,25776,289.262
rotary_emb,25792,289.39
rotary_emb,25808,288.985
rotary_emb,25824,289.326
rotary_emb,25840,289.806
rotary_emb,25856,289.891
rotary_emb,25872,289.966
rotary_emb,25888,290.126
rotary_emb,25904,289.753
rotary_emb,25920,290.489
rotary_emb,25936,291.001
rotary_emb,25952,290.478
rotary_emb,25968,291.225
rotary_emb,25984,290.5
rotary_emb,26000,290.99
rotary_emb,26016,292.057
rotary_emb,26032,291.961
rotary_emb,26048,292.078
rotary_emb,26064,291.385
rotary_emb,26080,292.238
rotary_emb,26096,292.974
rotary_emb,26112,292.686
rotary_emb,26128,292.878
rotary_emb,26144,292.921
rotary_emb,26160,293.337
rotary_emb,26176,292.963
rotary_emb,26192,293.283
rotary_emb,26208,293.241
rotary_emb,26224,293.529
rotary_emb,26240,293.102
rotary_emb,26256,293.369
rotary_emb,26272,293.721
rotary_emb,26288,293.838
rotary_emb,26304,294.478
rotary_emb,26320,294.169
rotary_emb,26336,294.574
rotary_emb,26352,294.691
rotary_emb,26368,295.161
rotary_emb,26384,295.62
rotary_emb,26400,295.566
rotary_emb,26416,295.961
rotary_emb,26432,296.131
rotary_emb,26448,296.793
rotary_emb,26464,297.113
rotary_emb,26480,297.038
rotary_emb,26496,297.091
rotary_emb,26512,297.102
rotary_emb,26528,296.942
rotary_emb,26544,296.985
rotary_emb,26560,297.123
rotary_emb,26576,297.358
rotary_emb,26592,297.945
rotary_emb,26608,298.542
rotary_emb,26624,297.273
rotary_emb,26640,298.041
rotary_emb,26656,299.054
rotary_emb,26672,298.98
rotary_emb,26688,298.553
rotary_emb,26704,298.841
rotary_emb,26720,299.044
rotary_emb,26736,299.481
rotary_emb,26752,298.478
rotary_emb,26768,299.534
rotary_emb,26784,299.854
rotary_emb,26800,299.865
rotary_emb,26816,300.281
rotary_emb,26832,301.017
rotary_emb,26848,300.547
rotary_emb,26864,300.878
rotary_emb,26880,300.803
rotary_emb,26896,301.358
rotary_emb,26912,301.678
rotary_emb,26928,302.233
rotary_emb,26944,301.763
rotary_emb,26960,302.169
rotary_emb,26976,301.198
rotary_emb,26992,301.806
rotary_emb,27008,301.742
rotary_emb,27024,302.969
rotary_emb,27040,303.001
rotary_emb,27056,303.523
rotary_emb,27072,303.513
rotary_emb,27088,302.937
rotary_emb,27104,303.876
rotary_emb,27120,303.523
rotary_emb,27136,303.172
rotary_emb,27152,304.004
rotary_emb,27168,303.982
rotary_emb,27184,304.291
rotary_emb,27200,303.79
rotary_emb,27216,304.142
rotary_emb,27232,305.219
rotary_emb,27248,305.731
rotary_emb,27264,305.657
rotary_emb,27280,305.518
rotary_emb,27296,306.041
rotary_emb,27312,306.03
rotary_emb,27328,305.945
rotary_emb,27344,306.489
rotary_emb,27360,306.692
rotary_emb,27376,306.127
rotary_emb,27392,306.115
rotary_emb,27408,306.276
rotary_emb,27424,307.364
rotary_emb,27440,307.215
rotary_emb,27456,307.15
rotary_emb,27472,307.343
rotary_emb,27488,307.396
rotary_emb,27504,308.356
rotary_emb,27520,307.844
rotary_emb,27536,308.163
rotary_emb,27552,308.142
rotary_emb,27568,308.217
rotary_emb,27584,308.655
rotary_emb,27600,308.676
rotary_emb,27616,309.337
rotary_emb,27632,309.283
rotary_emb,27648,309.209
rotary_emb,27664,309.795
rotary_emb,27680,310.179
rotary_emb,27696,310.585
rotary_emb,27712,310.211
rotary_emb,27728,310.926
rotary_emb,27744,311.214
rotary_emb,27760,310.905
rotary_emb,27776,309.806
rotary_emb,27792,310.958
rotary_emb,27808,311.3
rotary_emb,27824,310.819
rotary_emb,27840,311.897
rotary_emb,27856,311.193
rotary_emb,27872,311.95
rotary_emb,27888,312.004
rotary_emb,27904,312.398
rotary_emb,27920,312.591
rotary_emb,27936,313.326
rotary_emb,27952,313.166
rotary_emb,27968,313.454
rotary_emb,27984,313.849
rotary_emb,28000,313.209
rotary_emb,28016,313.849
rotary_emb,28032,313.006
rotary_emb,28048,313.359
rotary_emb,28064,313.977
rotary_emb,28080,314.19
rotary_emb,28096,314.372
rotary_emb,28112,314.414
rotary_emb,28128,315.683
rotary_emb,28144,315.364
rotary_emb,28160,315.203
rotary_emb,28176,315.012
rotary_emb,28192,315.46
rotary_emb,28208,315.481
rotary_emb,28224,316.035
rotary_emb,28240,316.366
rotary_emb,28256,316.697
rotary_emb,28272,316.676
rotary_emb,28288,316.046
rotary_emb,28304,316.324
rotary_emb,28320,317.251
rotary_emb,28336,316.388
rotary_emb,28352,317.518
rotary_emb,28368,317.785
rotary_emb,28384,318.073
rotary_emb,28400,318.265
rotary_emb,28416,318.297
rotary_emb,28432,318.319
rotary_emb,28448,319.001
rotary_emb,28464,319.107
rotary_emb,28480,319.385
rotary_emb,28496,318.702
rotary_emb,28512,319.257
rotary_emb,28528,319.812
rotary_emb,28544,319.598
rotary_emb,28560,319.343
rotary_emb,28576,319.609
rotary_emb,28592,319.918
rotary_emb,28608,320.174
rotary_emb,28624,319.961
rotary_emb,28640,321.305
rotary_emb,28656,320.879
rotary_emb,28672,320.078
rotary_emb,28688,320.975
rotary_emb,28704,321.273
rotary_emb,28720,321.347
rotary_emb,28736,322.052
rotary_emb,28752,321.775
rotary_emb,28768,322.159
rotary_emb,28784,321.572
rotary_emb,28800,321.081
rotary_emb,28816,322.297
rotary_emb,28832,322.735
rotary_emb,28848,322.094
rotary_emb,28864,323.619
rotary_emb,28880,323.449
rotary_emb,28896,322.873
rotary_emb,28912,324.186
rotary_emb,28928,323.492
rotary_emb,28944,324.441
rotary_emb,28960,324.559
rotary_emb,28976,324.462
rotary_emb,28992,324.921
rotary_emb,29008,324.686
rotary_emb,29024,325.039
rotary_emb,29040,325.401
rotary_emb,29056,324.484
rotary_emb,29072,325.07
rotary_emb,29088,325.444
rotary_emb,29104,325.039
rotary_emb,29120,326.297
rotary_emb,29136,325.156
rotary_emb,29152,326.191
rotary_emb,29168,326.511
rotary_emb,29184,326.233
rotary_emb,29200,326.233
rotary_emb,29216,327.566
rotary_emb,29232,327.577
rotary_emb,29248,327.918
rotary_emb,29264,327.79
rotary_emb,29280,327.598
rotary_emb,29296,327.759
rotary_emb,29312,327.556
rotary_emb,29328,327.727
rotary_emb,29344,328.516
rotary_emb,29360,327.983
rotary_emb,29376,328.644
rotary_emb,29392,328.505
rotary_emb,29408,328.921
rotary_emb,29424,329.401
rotary_emb,29440,329.283
rotary_emb,29456,330.222
rotary_emb,29472,329.966
rotary_emb,29488,330.063
rotary_emb,29504,330.511
rotary_emb,29520,330.958
rotary_emb,29536,329.966
rotary_emb,29552,330.884
rotary_emb,29568,331.119
rotary_emb,29584,331.45
rotary_emb,29600,332.004
rotary_emb,29616,331.79
rotary_emb,29632,331.449
rotary_emb,29648,331.663
rotary_emb,29664,331.972
rotary_emb,29680,332.27
rotary_emb,29696,332.11
rotary_emb,29712,332.634
rotary_emb,29728,331.972
rotary_emb,29744,332.153
rotary_emb,29760,333.326
rotary_emb,29776,332.75
rotary_emb,29792,333.582
rotary_emb,29808,333.23
rotary_emb,29824,333.305
rotary_emb,29840,333.956
rotary_emb,29856,334.169
rotary_emb,29872,333.476
rotary_emb,29888,334.276
rotary_emb,29904,334.574
rotary_emb,29920,335.076
rotary_emb,29936,335.428
rotary_emb,29952,335.044
rotary_emb,29968,335.769
rotary_emb,29984,336.003
rotary_emb,30000,336.014
rotary_emb,30016,336.089
rotary_emb,30032,336.036
rotary_emb,30048,336.196
rotary_emb,30064,336.569
rotary_emb,30080,336.814
rotary_emb,30096,337.401
rotary_emb,30112,337.348
rotary_emb,30128,337.262
rotary_emb,30144,337.828
rotary_emb,30160,337.657
rotary_emb,30176,338.031
rotary_emb,30192,338.223
rotary_emb,30208,337.529
rotary_emb,30224,338.467
rotary_emb,30240,339.503
rotary_emb,30256,338.98
rotary_emb,30272,339.225
rotary_emb,30288,339.386
rotary_emb,30304,339.065
rotary_emb,30320,340.111
rotary_emb,30336,339.257
rotary_emb,30352,339.94
rotary_emb,30368,339.684
rotary_emb,30384,339.908
rotary_emb,30400,340.367
rotary_emb,30416,341.103
rotary_emb,30432,340.857
rotary_emb,30448,341.091
rotary_emb,30464,341.049
rotary_emb,30480,341.646
rotary_emb,30496,342.063
rotary_emb,30512,342.329
rotary_emb,30528,341.721
rotary_emb,30544,342.5
rotary_emb,30560,341.967
rotary_emb,30576,342.01
rotary_emb,30592,341.956
rotary_emb,30608,342.66
rotary_emb,30624,342.692
rotary_emb,30640,343.577
rotary_emb,30656,343.918
rotary_emb,30672,343.577
rotary_emb,30688,344.644
rotary_emb,30704,343.94
rotary_emb,30720,344.217
rotary_emb,30736,344.847
rotary_emb,30752,345.166
rotary_emb,30768,345.274
rotary_emb,30784,344.719
rotary_emb,30800,344.366
rotary_emb,30816,345.241
rotary_emb,30832,345.764
rotary_emb,30848,345.156
rotary_emb,30864,346.479
rotary_emb,30880,346.052
rotary_emb,30896,346.51
rotary_emb,30912,345.881
rotary_emb,30928,346.649
rotary_emb,30944,346.703
rotary_emb,30960,347.119
rotary_emb,30976,347.3
rotary_emb,30992,347.715
rotary_emb,31008,347.193
rotary_emb,31024,347.215
rotary_emb,31040,346.617
rotary_emb,31056,347.855
rotary_emb,31072,347.204
rotary_emb,31088,348.537
rotary_emb,31104,347.801
rotary_emb,31120,348.239
rotary_emb,31136,348.719
rotary_emb,31152,349.358
rotary_emb,31168,349.402
rotary_emb,31184,349.529
rotary_emb,31200,349.743
rotary_emb,31216,350.297
rotary_emb,31232,349.422
rotary_emb,31248,350.66
rotary_emb,31264,351.044
rotary_emb,31280,350.692
rotary_emb,31296,351.29
rotary_emb,31312,350.489
rotary_emb,31328,350.788
rotary_emb,31344,351.172
rotary_emb,31360,351.012
rotary_emb,31376,352.441
rotary_emb,31392,351.791
rotary_emb,31408,351.471
rotary_emb,31424,352.068
rotary_emb,31440,352.707
rotary_emb,31456,352.26
rotary_emb,31472,352.847
rotary_emb,31488,352.804
rotary_emb,31504,353.284
rotary_emb,31520,353.454
rotary_emb,31536,353.775
rotary_emb,31552,353.348
rotary_emb,31568,354.543
rotary_emb,31584,353.754
rotary_emb,31600,353.924
rotary_emb,31616,353.711
rotary_emb,31632,354.724
rotary_emb,31648,355.268
rotary_emb,31664,354.372
rotary_emb,31680,355.321
rotary_emb,31696,355.598
rotary_emb,31712,355.001
rotary_emb,31728,355.642
rotary_emb,31744,355.577
rotary_emb,31760,355.139
rotary_emb,31776,356.622
rotary_emb,31792,356.953
rotary_emb,31808,356.666
rotary_emb,31824,356.239
rotary_emb,31840,357.07
rotary_emb,31856,357.54
rotary_emb,31872,357.156
rotary_emb,31888,357.999
rotary_emb,31904,358.041
rotary_emb,31920,358.159
rotary_emb,31936,358.372
rotary_emb,31952,358.308
rotary_emb,31968,358.404
rotary_emb,31984,358.308
rotary_emb,32000,358.329
rotary_emb,32016,359.204
rotary_emb,32032,358.682
rotary_emb,32048,359.514
rotary_emb,32064,358.862
rotary_emb,32080,359.471
rotary_emb,32096,359.652
rotary_emb,32112,360.207
rotary_emb,32128,360.058
rotary_emb,32144,360.452
rotary_emb,32160,360.271
rotary_emb,32176,360.548
rotary_emb,32192,361.305
rotary_emb,32208,361.722
rotary_emb,32224,361.284
rotary_emb,32240,361.327
rotary_emb,32256,361.295
rotary_emb,32272,362.607
rotary_emb,32288,363.14
rotary_emb,32304,362.607
rotary_emb,32320,362.863
rotary_emb,32336,362.543
rotary_emb,32352,362.607
rotary_emb,32368,362.895
rotary_emb,32384,362.063
rotary_emb,32400,363.332
rotary_emb,32416,363.887
rotary_emb,32432,363.428
rotary_emb,32448,364.121
rotary_emb,32464,364.921
rotary_emb,32480,363.886
rotary_emb,32496,364.313
rotary_emb,32512,364.121
rotary_emb,32528,364.207
rotary_emb,32544,364.825
rotary_emb,32560,365.369
rotary_emb,32576,364.836
rotary_emb,32592,365.732
rotary_emb,32608,365.081
rotary_emb,32624,366.084
rotary_emb,32640,365.359
rotary_emb,32656,365.369
rotary_emb,32672,366.596
rotary_emb,32688,367.385
rotary_emb,32704,366.66
rotary_emb,32720,366.766
rotary_emb,32736,367.161
rotary_emb,32752,367.556
rotary_emb,32768,366.938
