regime,n,nb,ratio,skew,pc,kp,kvs,kv_big,kv_mean,t_mean_us,t_max_us,t_skew_us,alpha
pure,2,1,0.5,4.0,0,0,128,512,320,65.376,75.681,74.177,0.8541
pure,2,1,0.5,4.0,0,0,512,2048,1280,107.745,119.264,112.226,0.389
pure,2,1,0.5,4.0,0,0,2048,8192,5120,194.34,242.212,181.636,-0.2654
pure,2,1,0.5,4.0,0,0,8192,32768,20480,495.144,758.191,515.658,0.078
mixed,2,1,0.5,4.0,16,0,128,512,320,78.147,112.13,111.651,0.9859
mixed,2,1,0.5,4.0,16,0,512,2048,1280,220.74,329.191,326.374,0.974
mixed,2,1,0.5,4.0,16,0,2048,8192,5120,760.911,1191.543,1187.0,0.9895
mixed,2,1,0.5,4.0,16,0,8192,32768,20480,2915.128,4640.053,4636.537,0.998
mixed,2,1,0.5,4.0,16,512,128,512,320,112.675,114.052,112.768,0.0675
mixed,2,1,0.5,4.0,16,512,512,2048,1280,220.164,329.255,326.983,0.9792
mixed,2,1,0.5,4.0,16,512,2048,8192,5120,761.743,1193.814,1188.822,0.9884
mixed,2,1,0.5,4.0,16,512,8192,32768,20480,2921.144,4646.646,4638.137,0.9951
mixed,2,1,0.5,4.0,16,2048,128,512,320,328.773,328.679,328.709,
mixed,2,1,0.5,4.0,16,2048,512,2048,1280,329.67,329.414,329.062,
mixed,2,1,0.5,4.0,16,2048,2048,8192,5120,760.717,1192.181,1188.726,0.992
mixed,2,1,0.5,4.0,16,2048,8192,32768,20480,2917.719,4642.838,4634.393,0.9951
mixed,2,1,0.5,4.0,16,8192,128,512,320,1194.904,1195.063,1194.872,-0.2013
mixed,2,1,0.5,4.0,16,8192,512,2048,1280,1194.39,1195.254,1195.287,1.0382
mixed,2,1,0.5,4.0,16,8192,2048,8192,5120,1195.574,1194.773,1193.463,
mixed,2,1,0.5,4.0,16,8192,8192,32768,20480,2916.406,4642.868,4634.2,0.995
mixed,2,1,0.5,4.0,16,20480,128,512,320,2918.967,2919.317,2919.063,0.2743
mixed,2,1,0.5,4.0,16,20480,512,2048,1280,2919.446,2919.225,2919.702,
mixed,2,1,0.5,4.0,16,20480,2048,8192,5120,2920.566,2921.72,2919.702,-0.7487
mixed,2,1,0.5,4.0,16,20480,8192,32768,20480,2921.784,4647.19,4629.143,0.9895
mixed,2,1,0.5,4.0,64,0,128,512,320,78.595,112.482,111.779,0.9793
mixed,2,1,0.5,4.0,64,0,512,2048,1280,221.476,329.348,326.502,0.9736
mixed,2,1,0.5,4.0,64,0,2048,8192,5120,759.661,1191.446,1183.798,0.9823
mixed,2,1,0.5,4.0,64,0,8192,32768,20480,2911.414,4635.221,4626.52,0.995
mixed,2,1,0.5,4.0,64,512,128,512,320,114.562,115.203,114.627,0.1014
mixed,2,1,0.5,4.0,64,512,512,2048,1280,221.028,329.381,327.013,0.9781
mixed,2,1,0.5,4.0,64,512,2048,8192,5120,760.302,1191.67,1188.567,0.9928
mixed,2,1,0.5,4.0,64,512,8192,32768,20480,2916.15,4639.766,4633.337,0.9963
mixed,2,1,0.5,4.0,64,2048,128,512,320,329.925,330.983,330.021,0.0907
mixed,2,1,0.5,4.0,64,2048,512,2048,1280,331.238,331.047,330.662,
mixed,2,1,0.5,4.0,64,2048,2048,8192,5120,759.63,1190.934,1186.453,0.9896
mixed,2,1,0.5,4.0,64,2048,8192,32768,20480,2914.678,4642.808,4635.51,0.9958
mixed,2,1,0.5,4.0,64,8192,128,512,320,1194.646,1195.221,1195.574,1.6139
mixed,2,1,0.5,4.0,64,8192,512,2048,1280,1196.823,1197.109,1196.023,-2.7972
mixed,2,1,0.5,4.0,64,8192,2048,8192,5120,1196.789,1195.256,1194.998,
mixed,2,1,0.5,4.0,64,8192,8192,32768,20480,2914.774,4636.28,4636.118,0.9999
mixed,2,1,0.5,4.0,64,20480,128,512,320,2918.359,2919.093,2919.287,1.2643
mixed,2,1,0.5,4.0,64,20480,512,2048,1280,2920.823,2920.246,2919.191,
mixed,2,1,0.5,4.0,64,20480,2048,8192,5120,2920.215,2922.742,2919.988,-0.0898
mixed,2,1,0.5,4.0,64,20480,8192,32768,20480,2918.422,4639.381,4636.278,0.9982
mixed,2,1,0.5,4.0,256,0,128,512,320,87.97,121.762,120.258,0.9555
mixed,2,1,0.5,4.0,256,0,512,2048,1280,227.875,335.974,332.519,0.968
mixed,2,1,0.5,4.0,256,0,2048,8192,5120,766.925,1196.918,1191.256,0.9868
mixed,2,1,0.5,4.0,256,0,8192,32768,20480,2918.355,4637.974,4618.551,0.9887
mixed,2,1,0.5,4.0,256,512,128,512,320,142.209,141.123,141.38,
mixed,2,1,0.5,4.0,256,512,512,2048,1280,228.42,335.813,333.894,0.9821
mixed,2,1,0.5,4.0,256,512,2048,8192,5120,766.926,1196.662,1188.822,0.9818
mixed,2,1,0.5,4.0,256,512,8192,32768,20480,2919.51,4635.799,4628.085,0.9955
mixed,2,1,0.5,4.0,256,2048,128,512,320,355.078,355.4,355.464,1.1988
mixed,2,1,0.5,4.0,256,2048,512,2048,1280,356.745,356.903,356.552,-1.2215
mixed,2,1,0.5,4.0,256,2048,2048,8192,5120,767.917,1196.503,1192.279,0.9901
mixed,2,1,0.5,4.0,256,2048,8192,32768,20480,2917.685,4639.062,4625.237,0.992
mixed,2,1,0.5,4.0,256,8192,128,512,320,1214.005,1215.158,1213.814,-0.1657
mixed,2,1,0.5,4.0,256,8192,512,2048,1280,1212.501,1216.951,1214.421,0.4315
mixed,2,1,0.5,4.0,256,8192,2048,8192,5120,1214.583,1217.494,1212.376,-0.7582
mixed,2,1,0.5,4.0,256,8192,8192,32768,20480,2918.901,4638.068,4638.197,1.0001
mixed,2,1,0.5,4.0,256,20480,128,512,320,2933.049,2928.184,2924.47,
mixed,2,1,0.5,4.0,256,20480,512,2048,1280,2922.357,2930.07,2939.669,2.2445
mixed,2,1,0.5,4.0,256,20480,2048,8192,5120,2927.062,2923.829,2925.267,
mixed,2,1,0.5,4.0,256,20480,8192,32768,20480,2935.959,4639.894,4635.764,0.9976
mixed,2,1,0.5,4.0,1024,0,128,512,320,339.397,339.942,340.553,2.1211
mixed,2,1,0.5,4.0,1024,0,512,2048,1280,413.319,518.504,504.649,0.8683
mixed,2,1,0.5,4.0,1024,0,2048,8192,5120,940.177,1364.409,1356.729,0.9819
mixed,2,1,0.5,4.0,1024,0,8192,32768,20480,3047.032,4754.041,4729.462,0.9856
mixed,2,1,0.5,4.0,1024,512,128,512,320,495.847,500.168,497.45,0.371
mixed,2,1,0.5,4.0,1024,512,512,2048,1280,525.865,653.422,605.451,0.6239
mixed,2,1,0.5,4.0,1024,512,2048,8192,5120,1074.708,1496.764,1492.252,0.9893
mixed,2,1,0.5,4.0,1024,512,8192,32768,20480,3186.491,4876.665,4859.609,0.9899
mixed,2,1,0.5,4.0,1024,2048,128,512,320,918.065,923.44,916.945,-0.2084
mixed,2,1,0.5,4.0,1024,2048,512,2048,1280,1035.315,1125.173,1015.699,-0.2183
mixed,2,1,0.5,4.0,1024,2048,2048,8192,5120,1508.221,1941.283,1882.432,0.8641
mixed,2,1,0.5,4.0,1024,2048,8192,32768,20480,3666.176,5396.068,5369.09,0.9844
mixed,2,1,0.5,4.0,1024,8192,128,512,320,2596.495,2603.024,2595.535,-0.147
mixed,2,1,0.5,4.0,1024,8192,512,2048,1280,2710.416,2823.7,2691.664,-0.1655
mixed,2,1,0.5,4.0,1024,8192,2048,8192,5120,3260.992,3659.011,2932.728,-0.8247
mixed,2,1,0.5,4.0,1024,8192,8192,32768,20480,5352.769,7079.907,7035.233,0.9741
mixed,2,1,0.5,4.0,1024,20480,128,512,320,5968.237,5972.431,5976.141,1.8846
mixed,2,1,0.5,4.0,1024,20480,512,2048,1280,6081.008,6194.768,6057.326,-0.2082
mixed,2,1,0.5,4.0,1024,20480,2048,8192,5120,6656.249,7079.04,6321.173,-0.7925
mixed,2,1,0.5,4.0,1024,20480,8192,32768,20480,8706.369,10428.765,10381.916,0.9728
mixed,2,1,0.5,4.0,4096,0,128,512,320,2802.131,2809.749,2806.738,0.6048
mixed,2,1,0.5,4.0,4096,0,512,2048,1280,2831.699,2856.882,2834.131,0.0966
mixed,2,1,0.5,4.0,4096,0,2048,8192,5120,3160.342,3654.017,3537.86,0.7647
mixed,2,1,0.5,4.0,4096,0,8192,32768,20480,5496.647,7219.813,7098.532,0.9296
mixed,2,1,0.5,4.0,4096,512,128,512,320,3372.38,3376.125,3375.326,0.7866
mixed,2,1,0.5,4.0,4096,512,512,2048,1280,3403.52,3427.135,3405.055,0.065
mixed,2,1,0.5,4.0,4096,512,2048,8192,5120,3666.722,4167.274,4036.138,0.738
mixed,2,1,0.5,4.0,4096,512,8192,32768,20480,6038.86,7783.79,7657.265,0.9275
mixed,2,1,0.5,4.0,4096,2048,128,512,320,5066.877,5066.11,5054.62,
mixed,2,1,0.5,4.0,4096,2048,512,2048,1280,5085.34,5102.271,5085.821,0.0284
mixed,2,1,0.5,4.0,4096,2048,2048,8192,5120,5207.871,5661.798,5519.173,0.6858
mixed,2,1,0.5,4.0,4096,2048,8192,32768,20480,7609.514,9475.183,9187.718,0.8459
mixed,2,1,0.5,4.0,4096,8192,128,512,320,11883.734,11890.909,11884.66,0.1291
mixed,2,1,0.5,4.0,4096,8192,512,2048,1280,11926.3,11940.542,11909.59,-1.1733
mixed,2,1,0.5,4.0,4096,8192,2048,8192,5120,11995.83,12053.367,12008.188,0.2148
mixed,2,1,0.5,4.0,4096,8192,8192,32768,20480,13604.916,15538.873,15255.711,0.8536
mixed,2,1,0.5,4.0,4096,20480,128,512,320,25263.752,25270.067,25289.608,4.0944
mixed,2,1,0.5,4.0,4096,20480,512,2048,1280,25319.125,25346.571,25305.261,-0.5051
mixed,2,1,0.5,4.0,4096,20480,2048,8192,5120,25413.276,25459.306,25415.277,0.0435
mixed,2,1,0.5,4.0,4096,20480,8192,32768,20480,25596.343,27528.92,27033.455,0.7436
mixed,2,1,0.5,4.0,16384,0,128,512,320,36239.192,31588.954,31600.581,
mixed,2,1,0.5,4.0,16384,0,512,2048,1280,31855.369,31875.525,31766.181,-4.4249
mixed,2,1,0.5,4.0,16384,0,2048,8192,5120,31857.414,32034.637,31954.115,0.5456
mixed,2,1,0.5,4.0,16384,0,8192,32768,20480,33063.963,34907.292,34425.269,0.7385
mixed,2,1,0.5,4.0,16384,512,128,512,320,33719.174,33698.446,33705.798,
mixed,2,1,0.5,4.0,16384,512,512,2048,1280,33794.7,33757.763,33635.882,
mixed,2,1,0.5,4.0,16384,512,2048,8192,5120,33869.96,33932.495,33843.499,-0.4231
mixed,2,1,0.5,4.0,16384,512,8192,32768,20480,35043.834,36791.772,36284.539,0.7098
mixed,2,1,0.5,4.0,16384,2048,128,512,320,39426.744,39590.767,39432.567,0.0355
mixed,2,1,0.5,4.0,16384,2048,512,2048,1280,39528.476,39318.834,39602.93,
mixed,2,1,0.5,4.0,16384,2048,2048,8192,5120,39529.596,39618.802,39574.422,0.5025
mixed,2,1,0.5,4.0,16384,2048,8192,32768,20480,40565.999,42240.038,41795.358,0.7344
mixed,2,1,0.5,4.0,16384,8192,128,512,320,62347.153,62077.497,62491.681,
mixed,2,1,0.5,4.0,16384,8192,512,2048,1280,62195.289,62631.874,62309.084,0.2606
mixed,2,1,0.5,4.0,16384,8192,2048,8192,5120,62189.278,62629.658,62781.667,1.3452
mixed,2,1,0.5,4.0,16384,8192,8192,32768,20480,62977.488,64472.457,64384.357,0.9411
mixed,2,1,0.5,4.0,16384,20480,128,512,320,108624.767,108544.659,108451.437,
mixed,2,1,0.5,4.0,16384,20480,512,2048,1280,108313.434,108132.688,108623.931,
mixed,2,1,0.5,4.0,16384,20480,2048,8192,5120,108141.903,108404.347,108974.656,3.1731
mixed,2,1,0.5,4.0,16384,20480,8192,32768,20480,109015.208,109296.063,108924.354,-0.3235
mixed,2,1,0.5,4.0,32768,0,128,512,320,123932.433,124223.743,124386.086,1.5573
mixed,2,1,0.5,4.0,32768,0,512,2048,1280,124207.423,123310.266,124226.371,
mixed,2,1,0.5,4.0,32768,0,2048,8192,5120,124354.116,124152.861,123504.985,
mixed,2,1,0.5,4.0,32768,0,8192,32768,20480,123851.064,124574.998,124528.02,0.9351
mixed,2,1,0.5,4.0,32768,512,128,512,320,127091.677,126984.342,127218.823,
mixed,2,1,0.5,4.0,32768,512,512,2048,1280,127166.496,127089.193,127053.407,
mixed,2,1,0.5,4.0,32768,512,2048,8192,5120,127332.401,127540.63,127205.35,-0.6102
mixed,2,1,0.5,4.0,32768,512,8192,32768,20480,127984.034,129108.767,128028.575,0.0396
mixed,2,1,0.5,4.0,32768,2048,128,512,320,138470.903,139055.764,138777.969,0.525
mixed,2,1,0.5,4.0,32768,2048,512,2048,1280,138592.145,138666.165,138528.117,-0.865
mixed,2,1,0.5,4.0,32768,2048,2048,8192,5120,139171.578,139149.528,139231.292,
mixed,2,1,0.5,4.0,32768,2048,8192,32768,20480,139224.778,140196.97,139302.318,0.0798
pure,8,1,0.125,4.0,0,0,128,512,176,66.562,120.514,80.834,0.2645
pure,8,1,0.125,4.0,0,0,512,2048,704,125.57,233.637,153.315,0.2567
pure,8,1,0.125,4.0,0,0,2048,8192,2816,298.852,711.693,378.761,0.1936
pure,8,1,0.125,4.0,0,0,8192,32768,11264,938.161,2522.097,1272.696,0.2112
mixed,8,1,0.125,4.0,16,0,128,512,176,89.73,141.987,112.068,0.4275
mixed,8,1,0.125,4.0,16,0,512,2048,704,157.987,356.006,327.815,0.8576
mixed,8,1,0.125,4.0,16,0,2048,8192,2816,461.961,1215.255,1185.975,0.9611
mixed,8,1,0.125,4.0,16,0,8192,32768,11264,1639.743,4653.562,4628.345,0.9916
mixed,8,1,0.125,4.0,16,512,128,512,176,113.027,211.173,113.091,0.0007
mixed,8,1,0.125,4.0,16,512,512,2048,704,233.38,435.593,327.077,0.4634
mixed,8,1,0.125,4.0,16,512,2048,8192,2816,546.251,1303.129,1188.246,0.8482
mixed,8,1,0.125,4.0,16,512,8192,32768,11264,1737.858,4772.538,4634.04,0.9544
mixed,8,1,0.125,4.0,16,2048,128,512,176,328.904,330.151,328.774,-0.1043
mixed,8,1,0.125,4.0,16,2048,512,2048,704,329.16,642.029,330.343,0.0038
mixed,8,1,0.125,4.0,16,2048,2048,8192,2816,764.175,1526.622,1186.743,0.5542
mixed,8,1,0.125,4.0,16,2048,8192,32768,11264,1952.677,4989.885,4633.016,0.8825
mixed,8,1,0.125,4.0,16,8192,128,512,176,1190.742,1195.768,1194.326,0.7131
mixed,8,1,0.125,4.0,16,8192,512,2048,704,1193.56,1198.838,1194.326,0.1451
mixed,8,1,0.125,4.0,16,8192,2048,8192,2816,1198.676,2374.445,1196.47,-0.0019
mixed,8,1,0.125,4.0,16,8192,8192,32768,11264,2814.804,5851.471,4631.798,0.5984
mixed,8,1,0.125,4.0,16,20480,128,512,176,2909.974,2912.373,2910.006,0.0133
mixed,8,1,0.125,4.0,16,20480,512,2048,704,2910.327,2916.087,2912.246,0.3332
mixed,8,1,0.125,4.0,16,20480,2048,8192,2816,2924.695,2925.848,2924.857,0.1405
mixed,8,1,0.125,4.0,16,20480,8192,32768,11264,3239.036,7582.991,4635.29,0.3214
mixed,8,1,0.125,4.0,64,0,128,512,176,93.281,144.803,113.057,0.3838
mixed,8,1,0.125,4.0,64,0,512,2048,704,168.291,360.039,328.358,0.8348
mixed,8,1,0.125,4.0,64,0,2048,8192,2816,466.569,1214.87,1187.639,0.9636
mixed,8,1,0.125,4.0,64,0,8192,32768,11264,1643.551,4657.718,4631.703,0.9914
mixed,8,1,0.125,4.0,64,512,128,512,176,115.682,212.035,118.691,0.0312
mixed,8,1,0.125,4.0,64,512,512,2048,704,236.324,443.177,327.942,0.4429
mixed,8,1,0.125,4.0,64,512,2048,8192,2816,549.608,1310.394,1186.773,0.8375
mixed,8,1,0.125,4.0,64,512,8192,32768,11264,1743.072,4772.379,4632.149,0.9537
mixed,8,1,0.125,4.0,64,2048,128,512,176,330.919,335.879,333.479,0.5161
mixed,8,1,0.125,4.0,64,2048,512,2048,704,331.751,643.723,336.262,0.0145
mixed,8,1,0.125,4.0,64,2048,2048,8192,2816,766.031,1526.301,1188.181,0.5553
mixed,8,1,0.125,4.0,64,2048,8192,32768,11264,1959.589,4990.013,4631.702,0.8818
mixed,8,1,0.125,4.0,64,8192,128,512,176,1194.197,1198.648,1197.366,0.712
mixed,8,1,0.125,4.0,64,8192,512,2048,704,1194.359,1200.277,1199.127,0.8057
mixed,8,1,0.125,4.0,64,8192,2048,8192,2816,1200.311,2373.388,1200.662,0.0003
mixed,8,1,0.125,4.0,64,8192,8192,32768,11264,2820.532,5857.069,4627.351,0.595
mixed,8,1,0.125,4.0,64,20480,128,512,176,2920.567,2924.695,2922.873,0.5586
mixed,8,1,0.125,4.0,64,20480,512,2048,704,2920.535,2924.022,2922.614,0.5962
mixed,8,1,0.125,4.0,64,20480,2048,8192,2816,2923.702,2926.776,2922.806,-0.2915
mixed,8,1,0.125,4.0,64,20480,8192,32768,11264,3238.495,7580.685,4638.296,0.3224
mixed,8,1,0.125,4.0,256,0,128,512,176,112.003,197.923,160.676,0.5665
mixed,8,1,0.125,4.0,256,0,512,2048,704,217.252,411.561,378.567,0.8302
mixed,8,1,0.125,4.0,256,0,2048,8192,2816,516.458,1262.392,1227.095,0.9527
mixed,8,1,0.125,4.0,256,0,8192,32768,11264,1692.479,4682.327,4641.721,0.9864
mixed,8,1,0.125,4.0,256,512,128,512,176,187.939,239.556,185.539,-0.0465
mixed,8,1,0.125,4.0,256,512,512,2048,704,254.819,555.02,429.193,0.5809
mixed,8,1,0.125,4.0,256,512,2048,8192,2816,663.82,1423.1,1300.217,0.8382
mixed,8,1,0.125,4.0,256,512,8192,32768,11264,1857.026,4895.579,4713.558,0.9401
mixed,8,1,0.125,4.0,256,2048,128,512,176,399.334,451.241,398.567,-0.0148
mixed,8,1,0.125,4.0,256,2048,512,2048,704,472.072,665.932,453.192,-0.0974
mixed,8,1,0.125,4.0,256,2048,2048,8192,2816,855.056,1843.235,1498.556,0.6512
mixed,8,1,0.125,4.0,256,2048,8192,32768,11264,2276.138,5314.884,4926.747,0.8723
mixed,8,1,0.125,4.0,256,8192,128,512,176,1258.584,1301.4,1254.072,-0.1054
mixed,8,1,0.125,4.0,256,8192,512,2048,704,1327.226,1514.427,1307.096,-0.1075
mixed,8,1,0.125,4.0,256,8192,2048,8192,2816,1625.889,2382.955,1518.141,-0.1423
mixed,8,1,0.125,4.0,256,8192,8192,32768,11264,3237.404,6995.297,5822.732,0.688
mixed,8,1,0.125,4.0,256,20480,128,512,176,2952.985,3010.806,2961.845,0.1532
mixed,8,1,0.125,4.0,256,20480,512,2048,704,3033.463,3223.323,3010.969,-0.1185
mixed,8,1,0.125,4.0,256,20480,2048,8192,2816,3333.791,4095.948,3231.613,-0.1341
mixed,8,1,0.125,4.0,256,20480,8192,32768,11264,4532.66,9282.862,5819.115,0.2708
mixed,8,1,0.125,4.0,1024,0,128,512,176,375.397,419.847,381.161,0.1297
mixed,8,1,0.125,4.0,1024,0,512,2048,704,436.329,724.846,585.74,0.5179
mixed,8,1,0.125,4.0,1024,0,2048,8192,2816,909.553,1780.098,1535.611,0.7192
mixed,8,1,0.125,4.0,1024,0,8192,32768,11264,2218.025,5271.78,5040.732,0.9243
mixed,8,1,0.125,4.0,1024,512,128,512,176,543.243,593.867,550.538,0.1441
mixed,8,1,0.125,4.0,1024,512,512,2048,704,603.915,866.895,694.798,0.3456
mixed,8,1,0.125,4.0,1024,512,2048,8192,2816,1045.716,2140.871,1690.305,0.5886
mixed,8,1,0.125,4.0,1024,512,8192,32768,11264,2583.217,5649.257,5357.345,0.9048
mixed,8,1,0.125,4.0,1024,2048,128,512,176,984.657,1081.138,991.537,0.0713
mixed,8,1,0.125,4.0,1024,2048,512,2048,704,1121.911,1228.12,1117.526,-0.0413
mixed,8,1,0.125,4.0,1024,2048,2048,8192,2816,1328.12,2652.497,1975.62,0.4889
mixed,8,1,0.125,4.0,1024,2048,8192,32768,11264,3307.739,6724.029,5821.742,0.7359
mixed,8,1,0.125,4.0,1024,8192,128,512,176,2659.476,2757.651,2670.355,0.1108
mixed,8,1,0.125,4.0,1024,8192,512,2048,704,2790.07,3191.996,2792.084,0.005
mixed,8,1,0.125,4.0,1024,8192,2048,8192,2816,3409.76,3756.455,3253.086,-0.4519
mixed,8,1,0.125,4.0,1024,8192,8192,32768,11264,4562.007,9484.242,7043.233,0.5041
mixed,8,1,0.125,4.0,1024,20480,128,512,176,6026.608,6117.457,6042.643,0.1765
mixed,8,1,0.125,4.0,1024,20480,512,2048,704,6161.621,6556.122,6163.218,0.004
mixed,8,1,0.125,4.0,1024,20480,2048,8192,2816,6777.628,8307.194,6617.528,-0.1047
mixed,8,1,0.125,4.0,1024,20480,8192,32768,11264,8755.714,12315.973,10434.338,0.4715
mixed,8,1,0.125,4.0,4096,0,128,512,176,2891.125,2932.024,2898.262,0.1745
mixed,8,1,0.125,4.0,4096,0,512,2048,704,2950.552,3131.226,2959.256,0.0482
mixed,8,1,0.125,4.0,4096,0,2048,8192,2816,3210.973,4458.132,3814.151,0.4836
mixed,8,1,0.125,4.0,4096,0,8192,32768,11264,5170.719,10099.676,7874.131,0.5485
mixed,8,1,0.125,4.0,4096,512,128,512,176,3453.758,3495.908,3458.305,0.1079
mixed,8,1,0.125,4.0,4096,512,512,2048,704,3514.051,3680.836,3514.915,0.0052
mixed,8,1,0.125,4.0,4096,512,2048,8192,2816,3782.47,5002.621,4296.721,0.4215
mixed,8,1,0.125,4.0,4096,512,8192,32768,11264,5694.284,10629.51,8440.829,0.5565
mixed,8,1,0.125,4.0,4096,2048,128,512,176,5157.886,5192.993,5163.423,0.1577
mixed,8,1,0.125,4.0,4096,2048,512,2048,704,5224.609,5350.246,5214.497,-0.0805
mixed,8,1,0.125,4.0,4096,2048,2048,8192,2816,5413.413,6489.466,5752.748,0.3154
mixed,8,1,0.125,4.0,4096,2048,8192,32768,11264,7272.008,12197.28,9991.965,0.5522
mixed,8,1,0.125,4.0,4096,8192,128,512,176,11980.257,12028.864,11991.011,0.2212
mixed,8,1,0.125,4.0,4096,8192,512,2048,704,12048.355,12232.23,12055.615,0.0395
mixed,8,1,0.125,4.0,4096,8192,2048,8192,2816,12283.495,12645.93,12281.541,-0.0054
mixed,8,1,0.125,4.0,4096,8192,8192,32768,11264,13187.057,18523.643,15869.798,0.5027
mixed,8,1,0.125,4.0,4096,20480,128,512,176,25368.062,25459.002,25384.829,0.1844
mixed,8,1,0.125,4.0,4096,20480,512,2048,704,25447.455,25718.749,25476.125,0.1057
mixed,8,1,0.125,4.0,4096,20480,2048,8192,2816,25836.294,26269.905,25819.041,-0.0398
mixed,8,1,0.125,4.0,4096,20480,8192,32768,11264,26530.035,30893.634,27815.85,0.2947
mixed,8,1,0.125,4.0,16384,0,128,512,176,36498.665,31854.131,31835.445,
mixed,8,1,0.125,4.0,16384,0,512,2048,704,31856.696,31999.828,31856.374,-0.0022
mixed,8,1,0.125,4.0,16384,0,2048,8192,2816,32098.075,32658.816,32095.967,-0.0038
mixed,8,1,0.125,4.0,16384,0,8192,32768,11264,32980.522,37640.359,35110.224,0.457
mixed,8,1,0.125,4.0,16384,512,128,512,176,33682.943,33727.702,33700.79,0.3987
mixed,8,1,0.125,4.0,16384,512,512,2048,704,33745.557,34152.322,34025.885,0.6892
mixed,8,1,0.125,4.0,16384,512,2048,8192,2816,34240.103,34788.773,34230.585,-0.0173
mixed,8,1,0.125,4.0,16384,512,8192,32768,11264,35111.636,39754.822,37214.933,0.453
mixed,8,1,0.125,4.0,16384,2048,128,512,176,39619.527,39666.12,39597.48,-0.4732
mixed,8,1,0.125,4.0,16384,2048,512,2048,704,39697.357,45320.145,39357.711,-0.0604
mixed,8,1,0.125,4.0,16384,2048,2048,8192,2816,39887.306,40437.461,39914.51,0.0494
mixed,8,1,0.125,4.0,16384,2048,8192,32768,11264,40954.922,45339.544,42647.649,0.3861
mixed,8,1,0.125,4.0,16384,8192,128,512,176,62597.081,62624.61,62631.753,1.2595
mixed,8,1,0.125,4.0,16384,8192,512,2048,704,62631.266,62668.71,62638.691,0.1983
mixed,8,1,0.125,4.0,16384,8192,2048,8192,2816,62835.945,63385.26,62878.444,0.0774
mixed,8,1,0.125,4.0,16384,8192,8192,32768,11264,63613.266,67833.659,65054.002,0.3414
mixed,8,1,0.125,4.0,16384,20480,128,512,176,108744.036,109089.297,108981.746,0.6885
mixed,8,1,0.125,4.0,16384,20480,512,2048,704,108521.344,108846.776,109095.737,1.765
mixed,8,1,0.125,4.0,16384,20480,2048,8192,2816,109077.363,109674.838,109342.841,0.4443
mixed,8,1,0.125,4.0,16384,20480,8192,32768,11264,110386.232,113072.623,110517.211,0.0488
mixed,8,1,0.125,4.0,32768,0,128,512,176,125013.468,124637.984,125266.837,
mixed,8,1,0.125,4.0,32768,0,512,2048,704,124796.078,124962.479,125329.084,3.2031
mixed,8,1,0.125,4.0,32768,0,2048,8192,2816,125275.276,126137.793,125395.961,0.1399
mixed,8,1,0.125,4.0,32768,0,8192,32768,11264,126735.692,129544.33,126757.879,0.0079
mixed,8,1,0.125,4.0,32768,512,128,512,176,128814.118,128864.138,128899.523,1.7074
mixed,8,1,0.125,4.0,32768,512,512,2048,704,128840.939,129141.512,128840.779,-0.0005
mixed,8,1,0.125,4.0,32768,512,2048,8192,2816,129109.422,130256.736,129406.809,0.2592
mixed,8,1,0.125,4.0,32768,512,8192,32768,11264,130291.121,133402.743,130781.2,0.1575
mixed,8,1,0.125,4.0,32768,2048,128,512,176,140855.898,140270.669,140853.257,
mixed,8,1,0.125,4.0,32768,2048,512,2048,704,140393.95,141102.381,140585.507,0.2704
mixed,8,1,0.125,4.0,32768,2048,2048,8192,2816,140823.343,140914.464,140824.559,0.0133
mixed,8,1,0.125,4.0,32768,2048,8192,32768,11264,141603.117,145126.718,142241.608,0.1812
pure,8,2,0.25,4.0,0,0,128,512,224,69.281,121.443,82.948,0.262
pure,8,2,0.25,4.0,0,0,512,2048,896,136.002,243.813,154.759,0.174
pure,8,2,0.25,4.0,0,0,2048,8192,3584,373.735,710.128,381.767,0.0239
pure,8,2,0.25,4.0,0,0,8192,32768,14336,1159.094,2517.488,1279.609,0.0887
mixed,8,2,0.25,4.0,16,0,128,512,224,87.457,141.764,112.131,0.4543
mixed,8,2,0.25,4.0,16,0,512,2048,896,195.554,355.526,328.485,0.831
mixed,8,2,0.25,4.0,16,0,2048,8192,3584,571.245,1212.536,1192.119,0.9682
mixed,8,2,0.25,4.0,16,0,8192,32768,14336,2069.831,4649.562,4635.388,0.9945
mixed,8,2,0.25,4.0,16,512,128,512,224,112.705,211.109,112.707,0.0
mixed,8,2,0.25,4.0,16,512,512,2048,896,270.822,435.369,329.285,0.3553
mixed,8,2,0.25,4.0,16,512,2048,8192,3584,655.116,1306.075,1193.496,0.8271
mixed,8,2,0.25,4.0,16,512,8192,32768,14336,2169.898,4775.837,4634.681,0.9458
mixed,8,2,0.25,4.0,16,2048,128,512,224,328.423,332.806,327.878,-0.1243
mixed,8,2,0.25,4.0,16,2048,512,2048,896,331.623,641.965,330.983,-0.0021
mixed,8,2,0.25,4.0,16,2048,2048,8192,3584,872.368,1524.158,1192.503,0.4912
mixed,8,2,0.25,4.0,16,2048,8192,32768,14336,2388.75,4992.416,4645.179,0.8666
mixed,8,2,0.25,4.0,16,8192,128,512,224,1193.367,1194.742,1190.84,-1.8378
mixed,8,2,0.25,4.0,16,8192,512,2048,896,1197.718,1197.944,1194.808,-12.8761
mixed,8,2,0.25,4.0,16,8192,2048,8192,3584,1198.968,2371.917,1197.145,-0.0016
mixed,8,2,0.25,4.0,16,8192,8192,32768,14336,3247.199,5848.339,4640.475,0.5356
mixed,8,2,0.25,4.0,16,20480,128,512,224,2896.662,2898.264,2896.439,-0.1392
mixed,8,2,0.25,4.0,16,20480,512,2048,896,2923.256,2923.579,2921.335,-5.9474
mixed,8,2,0.25,4.0,16,20480,2048,8192,3584,2924.952,2926.394,2921.913,-2.1075
mixed,8,2,0.25,4.0,16,20480,8192,32768,14336,4098.0,7583.638,4636.572,0.1545
mixed,8,2,0.25,4.0,64,0,128,512,224,94.657,144.418,113.506,0.3788
mixed,8,2,0.25,4.0,64,0,512,2048,896,198.948,360.263,329.639,0.8102
mixed,8,2,0.25,4.0,64,0,2048,8192,3584,572.781,1215.704,1193.528,0.9655
mixed,8,2,0.25,4.0,64,0,8192,32768,14336,2072.36,4653.786,4635.994,0.9931
mixed,8,2,0.25,4.0,64,512,128,512,224,115.617,212.1,118.914,0.0342
mixed,8,2,0.25,4.0,64,512,512,2048,896,278.118,442.217,329.958,0.3159
mixed,8,2,0.25,4.0,64,512,2048,8192,3584,659.15,1310.169,1193.654,0.821
mixed,8,2,0.25,4.0,64,512,8192,32768,14336,2175.306,4781.151,4637.37,0.9448
mixed,8,2,0.25,4.0,64,2048,128,512,224,331.142,336.838,334.502,0.5899
mixed,8,2,0.25,4.0,64,2048,512,2048,896,336.231,643.596,335.912,-0.001
mixed,8,2,0.25,4.0,64,2048,2048,8192,3584,874.129,1528.926,1191.607,0.4848
mixed,8,2,0.25,4.0,64,2048,8192,32768,14336,2394.831,4992.701,4643.162,0.8655
mixed,8,2,0.25,4.0,64,8192,128,512,224,1193.783,1198.361,1195.351,0.3425
mixed,8,2,0.25,4.0,64,8192,512,2048,896,1193.751,1194.138,1193.11,-1.6563
mixed,8,2,0.25,4.0,64,8192,2048,8192,3584,1196.342,2371.853,1201.078,0.004
mixed,8,2,0.25,4.0,64,8192,8192,32768,14336,3254.337,5857.329,4642.137,0.5332
mixed,8,2,0.25,4.0,64,20480,128,512,224,2917.209,2921.88,2919.479,0.486
mixed,8,2,0.25,4.0,64,20480,512,2048,896,2921.528,2922.329,2921.753,0.2809
mixed,8,2,0.25,4.0,64,20480,2048,8192,3584,2924.729,2926.553,2922.679,-1.1239
mixed,8,2,0.25,4.0,64,20480,8192,32768,14336,4099.152,7581.329,4640.983,0.1556
mixed,8,2,0.25,4.0,256,0,128,512,224,113.665,198.948,161.155,0.5569
mixed,8,2,0.25,4.0,256,0,512,2048,896,250.116,410.12,381.639,0.822
mixed,8,2,0.25,4.0,256,0,2048,8192,3584,620.684,1265.146,1229.688,0.945
mixed,8,2,0.25,4.0,256,0,8192,32768,14336,2112.295,4669.912,4647.705,0.9913
mixed,8,2,0.25,4.0,256,512,128,512,224,188.324,239.268,187.235,-0.0214
mixed,8,2,0.25,4.0,256,512,512,2048,896,321.606,555.692,430.344,0.4645
mixed,8,2,0.25,4.0,256,512,2048,8192,3584,774.447,1423.867,1299.384,0.8083
mixed,8,2,0.25,4.0,256,512,8192,32768,14336,2289.548,4893.086,4694.074,0.9236
mixed,8,2,0.25,4.0,256,2048,128,512,224,400.458,450.6,399.56,-0.0179
mixed,8,2,0.25,4.0,256,2048,512,2048,896,505.258,667.436,454.185,-0.3149
mixed,8,2,0.25,4.0,256,2048,2048,8192,3584,1077.397,1845.892,1511.421,0.5648
mixed,8,2,0.25,4.0,256,2048,8192,32768,14336,2711.38,5313.892,4976.989,0.8705
mixed,8,2,0.25,4.0,256,8192,128,512,224,1252.024,1299.098,1255.704,0.0782
mixed,8,2,0.25,4.0,256,8192,512,2048,896,1360.218,1517.853,1307.065,-0.3372
mixed,8,2,0.25,4.0,256,8192,2048,8192,3584,1731.682,2383.245,1520.541,-0.3241
mixed,8,2,0.25,4.0,256,8192,8192,32768,14336,4103.248,6993.476,5827.408,0.5965
mixed,8,2,0.25,4.0,256,20480,128,512,224,2956.633,3019.163,2959.897,0.0522
mixed,8,2,0.25,4.0,256,20480,512,2048,896,3054.941,3213.566,3009.081,-0.2891
mixed,8,2,0.25,4.0,256,20480,2048,8192,3584,3443.778,4098.733,3232.735,-0.3222
mixed,8,2,0.25,4.0,256,20480,8192,32768,14336,4966.975,9283.791,5833.681,0.2008
mixed,8,2,0.25,4.0,1024,0,128,512,224,375.815,420.393,389.126,0.2986
mixed,8,2,0.25,4.0,1024,0,512,2048,896,480.681,726.094,604.107,0.5029
mixed,8,2,0.25,4.0,1024,0,2048,8192,3584,1116.693,1777.442,1563.006,0.6755
mixed,8,2,0.25,4.0,1024,0,8192,32768,14336,2653.907,5264.037,5074.784,0.9275
mixed,8,2,0.25,4.0,1024,512,128,512,224,545.259,593.228,560.779,0.3235
mixed,8,2,0.25,4.0,1024,512,512,2048,896,624.715,867.889,717.58,0.3819
mixed,8,2,0.25,4.0,1024,512,2048,8192,3584,1190.135,2147.562,1712.48,0.5456
mixed,8,2,0.25,4.0,1024,512,8192,32768,14336,3018.524,5650.794,5449.034,0.9234
mixed,8,2,0.25,4.0,1024,2048,128,512,224,987.699,1080.467,1003.701,0.1725
mixed,8,2,0.25,4.0,1024,2048,512,2048,896,1150.261,1229.657,1158.585,0.1048
mixed,8,2,0.25,4.0,1024,2048,2048,8192,3584,1547.008,2649.65,2044.264,0.451
mixed,8,2,0.25,4.0,1024,2048,8192,32768,14336,4090.254,6720.065,6076.019,0.7551
mixed,8,2,0.25,4.0,1024,8192,128,512,224,2661.3,2754.259,2680.533,0.2069
mixed,8,2,0.25,4.0,1024,8192,512,2048,896,2860.984,3195.201,2892.758,0.0951
mixed,8,2,0.25,4.0,1024,8192,2048,8192,3584,3629.445,3755.241,3692.775,0.5034
mixed,8,2,0.25,4.0,1024,8192,8192,32768,14336,5423.751,9481.237,7100.263,0.4132
mixed,8,2,0.25,4.0,1024,20480,128,512,224,6031.062,6119.796,6050.038,0.2139
mixed,8,2,0.25,4.0,1024,20480,512,2048,896,6232.086,6565.118,6267.354,0.1059
mixed,8,2,0.25,4.0,1024,20480,2048,8192,3584,6994.376,8311.647,7114.314,0.0911
mixed,8,2,0.25,4.0,1024,20480,8192,32768,14336,8767.146,12322.604,10499.662,0.4873
mixed,8,2,0.25,4.0,4096,0,128,512,224,2889.783,2933.88,2897.622,0.1778
mixed,8,2,0.25,4.0,4096,0,512,2048,896,2976.633,3134.876,2981.111,0.0283
mixed,8,2,0.25,4.0,4096,0,2048,8192,3584,3370.272,4458.549,3926.537,0.5111
mixed,8,2,0.25,4.0,4096,0,8192,32768,14336,5835.119,10105.09,8070.746,0.5236
mixed,8,2,0.25,4.0,4096,512,128,512,224,3452.708,3492.675,3459.715,0.1753
mixed,8,2,0.25,4.0,4096,512,512,2048,896,3534.755,3681.413,3538.403,0.0249
mixed,8,2,0.25,4.0,4096,512,2048,8192,3584,3883.977,5001.953,4411.38,0.4717
mixed,8,2,0.25,4.0,4096,512,8192,32768,14336,6395.447,10643.882,8649.254,0.5305
mixed,8,2,0.25,4.0,4096,2048,128,512,224,5153.923,5199.461,5164.739,0.2375
mixed,8,2,0.25,4.0,4096,2048,512,2048,896,5249.285,5351.623,5239.238,-0.0982
mixed,8,2,0.25,4.0,4096,2048,2048,8192,3584,5523.532,6499.643,5886.607,0.372
mixed,8,2,0.25,4.0,4096,2048,8192,32768,14336,8001.912,12194.537,10312.711,0.5512
mixed,8,2,0.25,4.0,4096,8192,128,512,224,11976.84,12039.238,11987.875,0.1768
mixed,8,2,0.25,4.0,4096,8192,512,2048,896,12079.687,12219.758,12087.051,0.0526
mixed,8,2,0.25,4.0,4096,8192,2048,8192,3584,12334.322,12646.708,12340.589,0.0201
mixed,8,2,0.25,4.0,4096,8192,8192,32768,14336,14041.23,18556.543,16260.917,0.4916
mixed,8,2,0.25,4.0,4096,20480,128,512,224,25373.928,25447.76,25396.034,0.2994
mixed,8,2,0.25,4.0,4096,20480,512,2048,896,25510.663,25695.175,25501.982,-0.047
mixed,8,2,0.25,4.0,4096,20480,2048,8192,3584,25969.485,26209.909,25907.053,-0.2597
mixed,8,2,0.25,4.0,4096,20480,8192,32768,14336,26710.371,30870.197,28237.721,0.3672
mixed,8,2,0.25,4.0,16384,0,128,512,224,36514.048,31915.272,31898.746,
mixed,8,2,0.25,4.0,16384,0,512,2048,896,31949.95,32077.801,31952.359,0.0188
mixed,8,2,0.25,4.0,16384,0,2048,8192,3584,32239.857,32727.479,32261.066,0.0435
mixed,8,2,0.25,4.0,16384,0,8192,32768,14336,33693.829,37731.191,35628.902,0.4793
mixed,8,2,0.25,4.0,16384,512,128,512,224,33760.167,33799.588,33852.266,2.3363
mixed,8,2,0.25,4.0,16384,512,512,2048,896,33903.147,34028.874,33917.193,0.1117
mixed,8,2,0.25,4.0,16384,512,2048,8192,3584,34174.509,39608.025,34203.758,0.0054
mixed,8,2,0.25,4.0,16384,512,8192,32768,14336,35536.076,39519.06,37433.903,0.4765
mixed,8,2,0.25,4.0,16384,2048,128,512,224,39397.746,39434.259,39543.609,3.9948
mixed,8,2,0.25,4.0,16384,2048,512,2048,896,39724.954,39748.801,39710.816,-0.5929
mixed,8,2,0.25,4.0,16384,2048,2048,8192,3584,39860.412,40319.488,39761.757,-0.2149
mixed,8,2,0.25,4.0,16384,2048,8192,32768,14336,41095.891,45297.997,43073.144,0.4705
mixed,8,2,0.25,4.0,16384,8192,128,512,224,62213.227,62395.439,62425.885,1.1671
mixed,8,2,0.25,4.0,16384,8192,512,2048,896,62737.444,62864.355,62646.584,-0.7159
mixed,8,2,0.25,4.0,16384,8192,2048,8192,3584,63287.271,63136.188,62731.439,
mixed,8,2,0.25,4.0,16384,8192,8192,32768,14336,64323.066,67387.408,65175.689,0.2782
mixed,8,2,0.25,4.0,16384,20480,128,512,224,108592.341,108903.926,108726.718,0.4313
mixed,8,2,0.25,4.0,16384,20480,512,2048,896,109076.582,108755.54,109090.401,
mixed,8,2,0.25,4.0,16384,20480,2048,8192,3584,109527.172,109117.251,109071.295,
mixed,8,2,0.25,4.0,16384,20480,8192,32768,14336,111205.675,113529.209,111267.793,0.0267
mixed,8,2,0.25,4.0,32768,0,128,512,224,125511.842,125409.859,125402.727,
mixed,8,2,0.25,4.0,32768,0,512,2048,896,125339.04,125628.915,125378.187,0.135
mixed,8,2,0.25,4.0,32768,0,2048,8192,3584,125588.772,126029.618,125763.444,0.3962
mixed,8,2,0.25,4.0,32768,0,8192,32768,14336,127216.317,129943.945,127463.07,0.0905
mixed,8,2,0.25,4.0,32768,512,128,512,224,129364.54,129241.538,129163.548,
mixed,8,2,0.25,4.0,32768,512,512,2048,896,129049.38,129361.508,129244.929,0.6265
mixed,8,2,0.25,4.0,32768,512,2048,8192,3584,129527.359,129996.912,129584.625,0.122
mixed,8,2,0.25,4.0,32768,512,8192,32768,14336,130888.487,133784.275,131536.917,0.2239
mixed,8,2,0.25,4.0,32768,2048,128,512,224,140799.524,141001.493,140340.803,-2.2712
mixed,8,2,0.25,4.0,32768,2048,512,2048,896,140966.608,141293.85,141176.39,0.6411
mixed,8,2,0.25,4.0,32768,2048,2048,8192,3584,141416.677,141759.558,141316.238,-0.2929
mixed,8,2,0.25,4.0,32768,2048,8192,32768,14336,142023.186,145312.149,143063.048,0.3162
pure,8,3,0.375,4.0,0,0,128,512,272,90.402,121.955,84.865,-0.1755
pure,8,3,0.375,4.0,0,0,512,2048,1088,180.868,258.053,164.674,-0.2098
pure,8,3,0.375,4.0,0,0,2048,8192,4352,414.921,711.694,419.816,0.0165
pure,8,3,0.375,4.0,0,0,8192,32768,17408,1386.812,2512.147,1355.548,-0.0278
mixed,8,3,0.375,4.0,16,0,128,512,272,107.234,141.794,112.611,0.1556
mixed,8,3,0.375,4.0,16,0,512,2048,1088,211.205,356.169,329.736,0.8177
mixed,8,3,0.375,4.0,16,0,2048,8192,4352,679.182,1216.312,1193.526,0.9576
mixed,8,3,0.375,4.0,16,0,8192,32768,17408,2497.426,4653.852,4630.781,0.9893
mixed,8,3,0.375,4.0,16,512,128,512,272,142.915,211.332,113.155,-0.435
mixed,8,3,0.375,4.0,16,512,512,2048,1088,290.18,436.424,329.702,0.2702
mixed,8,3,0.375,4.0,16,512,2048,8192,4352,762.416,1303.259,1190.104,0.7908
mixed,8,3,0.375,4.0,16,512,8192,32768,17408,2607.124,4763.037,4644.893,0.9452
mixed,8,3,0.375,4.0,16,2048,128,512,272,328.646,330.311,328.646,0.0
mixed,8,3,0.375,4.0,16,2048,512,2048,1088,359.75,641.676,332.166,-0.0978
mixed,8,3,0.375,4.0,16,2048,2048,8192,4352,981.427,1522.429,1192.951,0.391
mixed,8,3,0.375,4.0,16,2048,8192,32768,17408,2823.704,4990.403,4638.298,0.8375
mixed,8,3,0.375,4.0,16,8192,128,512,272,1189.112,1190.007,1188.568,-0.6078
mixed,8,3,0.375,4.0,16,8192,512,2048,1088,1188.855,1199.865,1196.152,0.6628
mixed,8,3,0.375,4.0,16,8192,2048,8192,4352,1293.688,2372.526,1197.175,-0.0895
mixed,8,3,0.375,4.0,16,8192,8192,32768,17408,3684.681,5858.069,4641.917,0.4404
mixed,8,3,0.375,4.0,16,20480,128,512,272,2909.881,2911.452,2908.155,-1.0987
mixed,8,3,0.375,4.0,16,20480,512,2048,1088,2901.656,2906.841,2903.577,0.3705
mixed,8,3,0.375,4.0,16,20480,2048,8192,4352,2912.442,2920.698,2916.602,0.5039
mixed,8,3,0.375,4.0,16,20480,8192,32768,17408,4963.908,7582.069,4646.011,-0.1214
mixed,8,3,0.375,4.0,64,0,128,512,272,113.059,144.227,113.667,0.0195
mixed,8,3,0.375,4.0,64,0,512,2048,1088,220.58,359.591,330.214,0.7887
mixed,8,3,0.375,4.0,64,0,2048,8192,4352,681.422,1215.002,1193.144,0.959
mixed,8,3,0.375,4.0,64,0,8192,32768,17408,2505.105,4654.203,4641.63,0.9941
mixed,8,3,0.375,4.0,64,512,128,512,272,143.809,212.259,118.626,-0.3679
mixed,8,3,0.375,4.0,64,512,512,2048,1088,293.061,443.401,330.822,0.2512
mixed,8,3,0.375,4.0,64,512,2048,8192,4352,767.503,1310.521,1194.166,0.7857
mixed,8,3,0.375,4.0,64,512,8192,32768,17408,2612.724,4775.039,4624.188,0.9302
mixed,8,3,0.375,4.0,64,2048,128,512,272,331.783,335.718,334.278,0.6341
mixed,8,3,0.375,4.0,64,2048,512,2048,1088,360.711,643.692,336.07,-0.0871
mixed,8,3,0.375,4.0,64,2048,2048,8192,4352,985.587,1527.647,1191.831,0.3805
mixed,8,3,0.375,4.0,64,2048,8192,32768,17408,2826.552,4990.816,4642.524,0.8391
mixed,8,3,0.375,4.0,64,8192,128,512,272,1195.159,1198.487,1197.847,0.8077
mixed,8,3,0.375,4.0,64,8192,512,2048,1088,1195.064,1200.28,1199.479,0.8464
mixed,8,3,0.375,4.0,64,8192,2048,8192,4352,1293.241,2371.535,1200.214,-0.0863
mixed,8,3,0.375,4.0,64,8192,8192,32768,17408,3689.385,5856.531,4642.782,0.4399
mixed,8,3,0.375,4.0,64,20480,128,512,272,2900.952,2926.427,2921.179,0.794
mixed,8,3,0.375,4.0,64,20480,512,2048,1088,2917.241,2920.473,2921.626,1.3567
mixed,8,3,0.375,4.0,64,20480,2048,8192,4352,2922.522,2922.812,2922.297,-0.7759
mixed,8,3,0.375,4.0,64,20480,8192,32768,17408,4963.683,7581.462,4640.379,-0.1235
mixed,8,3,0.375,4.0,256,0,128,512,272,144.834,198.435,162.275,0.3254
mixed,8,3,0.375,4.0,256,0,512,2048,1088,270.438,410.854,386.76,0.8284
mixed,8,3,0.375,4.0,256,0,2048,8192,4352,729.485,1260.28,1230.552,0.944
mixed,8,3,0.375,4.0,256,0,8192,32768,17408,2546.033,4683.9,4645.017,0.9818
mixed,8,3,0.375,4.0,256,512,128,512,272,206.211,241.095,189.06,-0.4917
mixed,8,3,0.375,4.0,256,512,512,2048,1088,361.606,555.786,433.832,0.372
mixed,8,3,0.375,4.0,256,512,2048,8192,4352,881.423,1423.964,1305.496,0.7816
mixed,8,3,0.375,4.0,256,512,8192,32768,17408,2722.359,4893.76,4708.988,0.9149
mixed,8,3,0.375,4.0,256,2048,128,512,272,418.472,451.465,402.185,-0.4937
mixed,8,3,0.375,4.0,256,2048,512,2048,1088,527.017,665.55,455.849,-0.5137
mixed,8,3,0.375,4.0,256,2048,2048,8192,4352,1293.946,1841.284,1516.347,0.4063
mixed,8,3,0.375,4.0,256,2048,8192,32768,17408,3142.302,5315.078,4981.121,0.8463
mixed,8,3,0.375,4.0,256,8192,128,512,272,1274.011,1306.872,1253.145,-0.635
mixed,8,3,0.375,4.0,256,8192,512,2048,1088,1380.54,1518.43,1307.77,-0.5277
mixed,8,3,0.375,4.0,256,8192,2048,8192,4352,1840.549,2383.725,1526.206,-0.5787
mixed,8,3,0.375,4.0,256,8192,8192,32768,17408,4826.717,6996.456,5829.009,0.4619
mixed,8,3,0.375,4.0,256,20480,128,512,272,2979.547,3008.572,2956.888,-0.7807
mixed,8,3,0.375,4.0,256,20480,512,2048,1088,3081.691,3225.408,3008.922,-0.5063
mixed,8,3,0.375,4.0,256,20480,2048,8192,4352,3559.303,4100.467,3219.808,-0.6273
mixed,8,3,0.375,4.0,256,20480,8192,32768,17408,5389.319,9283.346,5871.347,0.1238
mixed,8,3,0.375,4.0,1024,0,128,512,272,392.615,419.943,392.583,-0.0012
mixed,8,3,0.375,4.0,1024,0,512,2048,1088,508.746,725.645,626.125,0.5412
mixed,8,3,0.375,4.0,1024,0,2048,8192,4352,1230.264,1775.523,1575.038,0.6323
mixed,8,3,0.375,4.0,1024,0,8192,32768,17408,3090.172,5276.008,5146.244,0.9406
mixed,8,3,0.375,4.0,1024,512,128,512,272,560.397,592.59,569.259,0.2753
mixed,8,3,0.375,4.0,1024,512,512,2048,1088,642.252,867.922,744.334,0.4524
mixed,8,3,0.375,4.0,1024,512,2048,8192,4352,1357.978,2142.697,1736.897,0.4829
mixed,8,3,0.375,4.0,1024,512,8192,32768,17408,3457.155,5651.374,5487.21,0.9252
mixed,8,3,0.375,4.0,1024,2048,128,512,272,1014.547,1082.229,1016.34,0.0265
mixed,8,3,0.375,4.0,1024,2048,512,2048,1088,1167.096,1226.2,1197.719,0.5181
mixed,8,3,0.375,4.0,1024,2048,2048,8192,4352,1753.026,2650.962,2257.39,0.5617
mixed,8,3,0.375,4.0,1024,2048,8192,32768,17408,4532.888,6720.961,6193.976,0.7592
mixed,8,3,0.375,4.0,1024,8192,128,512,272,2687.7,2751.67,2691.508,0.0595
mixed,8,3,0.375,4.0,1024,8192,512,2048,1088,2904.569,3209.219,2904.215,-0.0012
mixed,8,3,0.375,4.0,1024,8192,2048,8192,4352,3712.903,3754.634,3709.639,-0.0782
mixed,8,3,0.375,4.0,1024,8192,8192,32768,17408,6235.544,9486.519,8269.919,0.6258
mixed,8,3,0.375,4.0,1024,20480,128,512,272,6061.013,6125.017,6062.421,0.022
mixed,8,3,0.375,4.0,1024,20480,512,2048,1088,6276.728,6551.33,6268.855,-0.0287
mixed,8,3,0.375,4.0,1024,20480,2048,8192,4352,7208.076,8294.943,7157.291,-0.0467
mixed,8,3,0.375,4.0,1024,20480,8192,32768,17408,8773.357,12323.792,10521.55,0.4924
mixed,8,3,0.375,4.0,4096,0,128,512,272,2905.207,2934.425,2905.338,0.0045
mixed,8,3,0.375,4.0,4096,0,512,2048,1088,2996.858,3131.036,3013.466,0.1238
mixed,8,3,0.375,4.0,4096,0,2048,8192,4352,3544.901,4460.6,4015.949,0.5144
mixed,8,3,0.375,4.0,4096,0,8192,32768,17408,6553.472,10105.7,8227.137,0.4712
mixed,8,3,0.375,4.0,4096,512,128,512,272,3470.404,3492.899,3460.357,-0.4466
mixed,8,3,0.375,4.0,4096,512,512,2048,1088,3561.703,3683.944,3557.893,-0.0312
mixed,8,3,0.375,4.0,4096,512,2048,8192,4352,4066.382,5001.73,4506.231,0.4703
mixed,8,3,0.375,4.0,4096,512,8192,32768,17408,7077.419,10628.364,8840.616,0.4965
mixed,8,3,0.375,4.0,4096,2048,128,512,272,5169.734,5196.132,5174.884,0.1951
mixed,8,3,0.375,4.0,4096,2048,512,2048,1088,5263.749,5349.417,5264.613,0.0101
mixed,8,3,0.375,4.0,4096,2048,2048,8192,4352,5635.15,6498.14,5994.067,0.4159
mixed,8,3,0.375,4.0,4096,2048,8192,32768,17408,8694.89,12189.837,10801.523,0.6028
mixed,8,3,0.375,4.0,4096,8192,128,512,272,12004.295,12034.084,12004.045,-0.0084
mixed,8,3,0.375,4.0,4096,8192,512,2048,1088,12104.591,12210.219,12110.476,0.0557
mixed,8,3,0.375,4.0,4096,8192,2048,8192,4352,12362.638,12644.884,12406.512,0.1554
mixed,8,3,0.375,4.0,4096,8192,8192,32768,17408,14803.039,18549.036,16624.031,0.4861
mixed,8,3,0.375,4.0,4096,20480,128,512,272,25404.948,25438.12,25413.095,0.2456
mixed,8,3,0.375,4.0,4096,20480,512,2048,1088,25541.449,25719.9,25536.742,-0.0264
mixed,8,3,0.375,4.0,4096,20480,2048,8192,4352,26087.446,26212.064,26035.603,-0.416
mixed,8,3,0.375,4.0,4096,20480,8192,32768,17408,27239.764,30894.65,29076.821,0.5026
mixed,8,3,0.375,4.0,16384,0,128,512,272,36512.74,31843.627,31723.108,
mixed,8,3,0.375,4.0,16384,0,512,2048,1088,32056.691,32400.181,32058.695,0.0058
mixed,8,3,0.375,4.0,16384,0,2048,8192,4352,32488.629,32846.883,32590.907,0.2855
mixed,8,3,0.375,4.0,16384,0,8192,32768,17408,34554.487,37829.376,36202.023,0.5031
mixed,8,3,0.375,4.0,16384,512,128,512,272,33953.747,33945.396,34114.9,
mixed,8,3,0.375,4.0,16384,512,512,2048,1088,33997.134,34050.873,33962.3,-0.6482
mixed,8,3,0.375,4.0,16384,512,2048,8192,4352,34374.753,34821.319,34487.622,0.2527
mixed,8,3,0.375,4.0,16384,512,8192,32768,17408,36306.783,39632.513,37876.609,0.472
mixed,8,3,0.375,4.0,16384,2048,128,512,272,39693.061,39778.533,39646.94,-0.5396
mixed,8,3,0.375,4.0,16384,2048,512,2048,1088,39712.646,39892.17,39802.122,0.4984
mixed,8,3,0.375,4.0,16384,2048,2048,8192,4352,39979.433,40488.088,40164.562,0.364
mixed,8,3,0.375,4.0,16384,2048,8192,32768,17408,41889.88,45317.493,43551.732,0.4848
mixed,8,3,0.375,4.0,16384,8192,128,512,272,62605.612,62625.194,62884.493,14.2417
mixed,8,3,0.375,4.0,16384,8192,512,2048,1088,62977.387,63007.152,62830.153,-4.9465
mixed,8,3,0.375,4.0,16384,8192,2048,8192,4352,62848.977,63420.535,62802.258,-0.0817
mixed,8,3,0.375,4.0,16384,8192,8192,32768,17408,64836.948,68137.072,65980.587,0.3465
mixed,8,3,0.375,4.0,16384,20480,128,512,272,109582.685,109085.818,108840.075,
mixed,8,3,0.375,4.0,16384,20480,512,2048,1088,108830.607,108964.32,108721.683,-0.8146
mixed,8,3,0.375,4.0,16384,20480,2048,8192,4352,108934.204,110002.006,109168.511,0.2194
mixed,8,3,0.375,4.0,16384,20480,8192,32768,17408,111300.583,112743.178,111409.256,0.0753
mixed,8,3,0.375,4.0,32768,0,128,512,272,125016.108,124983.679,125189.76,
mixed,8,3,0.375,4.0,32768,0,512,2048,1088,124946.522,124908.887,123717.324,
mixed,8,3,0.375,4.0,32768,0,2048,8192,4352,125162.78,125029.699,124936.637,
mixed,8,3,0.375,4.0,32768,0,8192,32768,17408,127171.726,129934.828,127638.616,0.169
mixed,8,3,0.375,4.0,32768,512,128,512,272,128709.268,128346.035,127947.549,
mixed,8,3,0.375,4.0,32768,512,512,2048,1088,128356.75,128813.66,129058.91,1.5368
mixed,8,3,0.375,4.0,32768,512,2048,8192,4352,129206.618,129648.14,129291.969,0.1933
mixed,8,3,0.375,4.0,32768,512,8192,32768,17408,129965.631,132733.646,131412.111,0.5226
mixed,8,3,0.375,4.0,32768,2048,128,512,272,139135.883,139239.574,139688.547,5.3299
mixed,8,3,0.375,4.0,32768,2048,512,2048,1088,139535.189,139689.483,139290.582,-1.5853
mixed,8,3,0.375,4.0,32768,2048,2048,8192,4352,140091.047,140436.549,140011.664,-0.2298
mixed,8,3,0.375,4.0,32768,2048,8192,32768,17408,141500.209,143770.331,141465.624,-0.0152
pure,8,4,0.5,4.0,0,0,128,512,320,92.515,119.683,84.548,-0.2932
pure,8,4,0.5,4.0,0,0,512,2048,1280,166.692,258.821,196.995,0.3289
pure,8,4,0.5,4.0,0,0,2048,8192,5120,487.593,711.31,485.515,-0.0093
pure,8,4,0.5,4.0,0,0,8192,32768,20480,1613.377,2521.299,1621.985,0.0095
mixed,8,4,0.5,4.0,16,0,128,512,320,105.698,142.018,112.834,0.1965
mixed,8,4,0.5,4.0,16,0,512,2048,1280,248.868,354.056,330.183,0.773
mixed,8,4,0.5,4.0,16,0,2048,8192,5120,783.601,1213.241,1193.56,0.9542
mixed,8,4,0.5,4.0,16,0,8192,32768,20480,2930.107,4646.877,4634.109,0.9926
mixed,8,4,0.5,4.0,16,512,128,512,320,144.579,211.461,114.468,-0.4502
mixed,8,4,0.5,4.0,16,512,512,2048,1280,327.912,437.096,330.792,0.0264
mixed,8,4,0.5,4.0,16,512,2048,8192,5120,868.659,1307.097,1195.288,0.745
mixed,8,4,0.5,4.0,16,512,8192,32768,20480,3041.406,4766.047,4639.42,0.9266
mixed,8,4,0.5,4.0,16,2048,128,512,320,327.462,330.662,329.094,0.51
mixed,8,4,0.5,4.0,16,2048,512,2048,1280,428.072,642.478,332.039,-0.4479
mixed,8,4,0.5,4.0,16,2048,2048,8192,5120,1090.967,1523.326,1194.967,0.2405
mixed,8,4,0.5,4.0,16,2048,8192,32768,20480,3257.76,4988.962,4636.828,0.7966
mixed,8,4,0.5,4.0,16,8192,128,512,320,1191.608,1194.328,1192.251,0.2364
mixed,8,4,0.5,4.0,16,8192,512,2048,1280,1197.176,1197.688,1194.84,-4.5625
mixed,8,4,0.5,4.0,16,8192,2048,8192,5120,1509.501,2369.743,1195.736,-0.3647
mixed,8,4,0.5,4.0,16,8192,8192,32768,20480,4127.314,5858.645,4639.964,0.2961
mixed,8,4,0.5,4.0,16,20480,128,512,320,2910.426,2918.713,2914.682,0.5136
mixed,8,4,0.5,4.0,16,20480,512,2048,1280,2917.784,2918.809,2916.538,-1.2156
mixed,8,4,0.5,4.0,16,20480,2048,8192,5120,2919.676,2925.851,2922.042,0.3832
mixed,8,4,0.5,4.0,16,20480,8192,32768,20480,5825.394,7573.685,4649.437,-0.6726
mixed,8,4,0.5,4.0,64,0,128,512,320,112.898,144.451,113.635,0.0234
mixed,8,4,0.5,4.0,64,0,512,2048,1280,251.013,361.926,331.464,0.7254
mixed,8,4,0.5,4.0,64,0,2048,8192,5120,787.153,1217.304,1193.753,0.9452
mixed,8,4,0.5,4.0,64,0,8192,32768,20480,2932.602,4654.94,4637.979,0.9902
mixed,8,4,0.5,4.0,64,512,128,512,320,145.891,212.42,118.755,-0.4079
mixed,8,4,0.5,4.0,64,512,512,2048,1280,334.406,442.664,331.143,-0.0301
mixed,8,4,0.5,4.0,64,512,2048,8192,5120,877.331,1313.081,1193.497,0.7256
mixed,8,4,0.5,4.0,64,512,8192,32768,20480,3041.118,4772.701,4638.044,0.9222
mixed,8,4,0.5,4.0,64,2048,128,512,320,331.655,335.942,334.118,0.5745
mixed,8,4,0.5,4.0,64,2048,512,2048,1280,428.456,644.204,336.551,-0.426
mixed,8,4,0.5,4.0,64,2048,2048,8192,5120,1093.398,1526.496,1192.439,0.2287
mixed,8,4,0.5,4.0,64,2048,8192,32768,20480,3258.754,4994.785,4638.94,0.795
mixed,8,4,0.5,4.0,64,8192,128,512,320,1194.745,1198.614,1198.168,0.8847
mixed,8,4,0.5,4.0,64,8192,512,2048,1280,1199.96,1199.736,1199.544,
mixed,8,4,0.5,4.0,64,8192,2048,8192,5120,1506.813,2370.095,1201.751,-0.3534
mixed,8,4,0.5,4.0,64,8192,8192,32768,20480,4123.953,5858.675,4639.93,0.2974
mixed,8,4,0.5,4.0,64,20480,128,512,320,2914.809,2908.537,2907.16,
mixed,8,4,0.5,4.0,64,20480,512,2048,1280,2909.401,2910.17,2909.403,0.0026
mixed,8,4,0.5,4.0,64,20480,2048,8192,5120,2912.697,2918.169,2911.545,-0.2105
mixed,8,4,0.5,4.0,64,20480,8192,32768,20480,5823.794,7782.874,4648.541,-0.5999
mixed,8,4,0.5,4.0,256,0,128,512,320,146.051,197.508,163.908,0.347
mixed,8,4,0.5,4.0,256,0,512,2048,1280,303.878,411.113,390.216,0.8051
mixed,8,4,0.5,4.0,256,0,2048,8192,5120,837.425,1263.0,1237.496,0.9401
mixed,8,4,0.5,4.0,256,0,8192,32768,20480,2963.835,4678.138,4650.781,0.984
mixed,8,4,0.5,4.0,256,512,128,512,320,206.371,238.915,209.859,0.1072
mixed,8,4,0.5,4.0,256,512,512,2048,1280,430.153,555.306,434.375,0.0337
mixed,8,4,0.5,4.0,256,512,2048,8192,5120,989.396,1423.293,1313.562,0.7471
mixed,8,4,0.5,4.0,256,512,8192,32768,20480,3159.262,4893.856,4724.156,0.9022
mixed,8,4,0.5,4.0,256,2048,128,512,320,417.737,451.337,404.84,-0.3838
mixed,8,4,0.5,4.0,256,2048,512,2048,1280,560.042,667.692,528.459,-0.2934
mixed,8,4,0.5,4.0,256,2048,2048,8192,5120,1411.1,1843.302,1526.365,0.2667
mixed,8,4,0.5,4.0,256,2048,8192,32768,20480,3581.864,5312.84,4985.123,0.8107
mixed,8,4,0.5,4.0,256,8192,128,512,320,1270.363,1304.604,1258.201,-0.3552
mixed,8,4,0.5,4.0,256,8192,512,2048,1280,1405.755,1517.757,1311.161,-0.8446
mixed,8,4,0.5,4.0,256,8192,2048,8192,5120,1948.868,2382.095,1830.18,-0.274
mixed,8,4,0.5,4.0,256,8192,8192,32768,20480,5258.278,6993.451,5834.261,0.3319
mixed,8,4,0.5,4.0,256,20480,128,512,320,2977.051,3006.011,2966.877,-0.3513
mixed,8,4,0.5,4.0,256,20480,512,2048,1280,3120.86,3227.231,3016.732,-0.9789
mixed,8,4,0.5,4.0,256,20480,2048,8192,5120,3668.616,4098.001,3242.752,-0.9918
mixed,8,4,0.5,4.0,256,20480,8192,32768,20480,5835.219,9284.148,7009.897,0.3406
mixed,8,4,0.5,4.0,1024,0,128,512,320,392.936,417.737,396.296,0.1355
mixed,8,4,0.5,4.0,1024,0,512,2048,1280,564.045,726.381,646.925,0.5105
mixed,8,4,0.5,4.0,1024,0,2048,8192,5120,1337.626,1776.994,1589.278,0.5728
mixed,8,4,0.5,4.0,1024,0,8192,32768,20480,3529.797,5276.294,5180.261,0.945
mixed,8,4,0.5,4.0,1024,512,128,512,320,560.586,593.386,577.135,0.5045
mixed,8,4,0.5,4.0,1024,512,512,2048,1280,682.414,868.435,769.743,0.4695
mixed,8,4,0.5,4.0,1024,512,2048,8192,5120,1563.23,2141.77,1781.123,0.3766
mixed,8,4,0.5,4.0,1024,512,8192,32768,20480,3894.092,5650.639,5516.331,0.9235
mixed,8,4,0.5,4.0,1024,2048,128,512,320,1017.685,1082.325,1024.019,0.098
mixed,8,4,0.5,4.0,1024,2048,512,2048,1280,1193.717,1227.479,1208.022,0.4237
mixed,8,4,0.5,4.0,1024,2048,2048,8192,5120,1941.156,2650.611,2310.479,0.5206
mixed,8,4,0.5,4.0,1024,2048,8192,32768,20480,4963.393,6719.11,6222.617,0.7172
mixed,8,4,0.5,4.0,1024,8192,128,512,320,2689.556,2755.864,2695.958,0.0965
mixed,8,4,0.5,4.0,1024,8192,512,2048,1280,2969.338,3198.269,2955.994,-0.0583
mixed,8,4,0.5,4.0,1024,8192,2048,8192,5120,3711.848,3755.435,3734.057,0.5095
mixed,8,4,0.5,4.0,1024,8192,8192,32768,20480,7091.884,9481.563,8309.572,0.5096
mixed,8,4,0.5,4.0,1024,20480,128,512,320,6062.358,6127.767,6069.173,0.1042
mixed,8,4,0.5,4.0,1024,20480,512,2048,1280,6336.699,6558.272,6328.285,-0.038
mixed,8,4,0.5,4.0,1024,20480,2048,8192,5120,7431.729,8304.773,7431.057,-0.0008
mixed,8,4,0.5,4.0,1024,20480,8192,32768,20480,8818.988,12330.193,10486.668,0.475
mixed,8,4,0.5,4.0,4096,0,128,512,320,2904.728,2937.721,2911.129,0.194
mixed,8,4,0.5,4.0,4096,0,512,2048,1280,3017.276,3133.055,3033.021,0.136
mixed,8,4,0.5,4.0,4096,0,2048,8192,5120,3741.546,4459.64,4105.617,0.507
mixed,8,4,0.5,4.0,4096,0,8192,32768,20480,7253.519,10110.275,8450.47,0.419
mixed,8,4,0.5,4.0,4096,512,128,512,320,3461.57,3498.435,3473.284,0.3178
mixed,8,4,0.5,4.0,4096,512,512,2048,1280,3584.456,3679.563,3584.805,0.0037
mixed,8,4,0.5,4.0,4096,512,2048,8192,5120,4249.588,5002.947,4607.963,0.4757
mixed,8,4,0.5,4.0,4096,512,8192,32768,20480,7763.607,10640.849,9138.228,0.4778
mixed,8,4,0.5,4.0,4096,2048,128,512,320,5171.363,5199.431,5178.374,0.2498
mixed,8,4,0.5,4.0,4096,2048,512,2048,1280,5275.079,5347.914,5277.286,0.0303
mixed,8,4,0.5,4.0,4096,2048,2048,8192,5120,5747.696,6499.937,6098.04,0.4657
mixed,8,4,0.5,4.0,4096,2048,8192,32768,20480,9451.894,12193.806,10898.805,0.5277
mixed,8,4,0.5,4.0,4096,8192,128,512,320,11999.882,12044.234,11995.823,-0.0915
mixed,8,4,0.5,4.0,4096,8192,512,2048,1280,12122.893,12211.249,12130.925,0.0909
mixed,8,4,0.5,4.0,4096,8192,2048,8192,5120,12418.774,12643.125,12440.497,0.0968
mixed,8,4,0.5,4.0,4096,8192,8192,32768,20480,15892.66,18552.137,17127.119,0.4642
mixed,8,4,0.5,4.0,4096,20480,128,512,320,25426.065,25443.217,25390.192,-2.0915
mixed,8,4,0.5,4.0,4096,20480,512,2048,1280,25560.054,25710.113,25557.759,-0.0153
mixed,8,4,0.5,4.0,4096,20480,2048,8192,5120,26179.14,26275.781,26209.025,0.3092
mixed,8,4,0.5,4.0,4096,20480,8192,32768,20480,27707.103,30867.74,29450.851,0.5517
mixed,8,4,0.5,4.0,16384,0,128,512,320,36521.356,35912.087,35897.211,
mixed,8,4,0.5,4.0,16384,0,512,2048,1280,31929.933,32026.551,31923.066,-0.0711
mixed,8,4,0.5,4.0,16384,0,2048,8192,5120,32351.613,32651.518,32327.387,-0.0808
mixed,8,4,0.5,4.0,16384,0,8192,32768,20480,34946.089,37649.091,36291.52,0.4978
mixed,8,4,0.5,4.0,16384,512,128,512,320,33701.774,33725.359,33710.931,0.3883
mixed,8,4,0.5,4.0,16384,512,512,2048,1280,33800.089,33892.374,33798.417,-0.0181
mixed,8,4,0.5,4.0,16384,512,2048,8192,5120,34214.755,34506.719,34216.064,0.0045
mixed,8,4,0.5,4.0,16384,512,8192,32768,20480,36897.812,39448.01,38059.091,0.4554
mixed,8,4,0.5,4.0,16384,2048,128,512,320,39326.054,39325.117,39433.476,
mixed,8,4,0.5,4.0,16384,2048,512,2048,1280,39737.811,39710.131,39439.142,
mixed,8,4,0.5,4.0,16384,2048,2048,8192,5120,39983.705,40664.157,40124.6,0.2071
mixed,8,4,0.5,4.0,16384,2048,8192,32768,20480,42502.688,45445.755,43938.18,0.4878
mixed,8,4,0.5,4.0,16384,8192,128,512,320,62445.799,62698.385,62582.853,0.5426
mixed,8,4,0.5,4.0,16384,8192,512,2048,1280,62766.353,62873.687,62708.618,-0.5379
mixed,8,4,0.5,4.0,16384,8192,2048,8192,5120,63177.476,63380.704,63234.555,0.2809
mixed,8,4,0.5,4.0,16384,8192,8192,32768,20480,64954.271,67874.013,66213.141,0.4312
mixed,8,4,0.5,4.0,16384,20480,128,512,320,109403.473,109340.566,108872.227,
mixed,8,4,0.5,4.0,16384,20480,512,2048,1280,108810.798,109095.213,109277.774,1.6419
mixed,8,4,0.5,4.0,16384,20480,2048,8192,5120,109566.609,110029.687,109382.581,-0.3974
mixed,8,4,0.5,4.0,16384,20480,8192,32768,20480,111305.442,112987.127,111408.393,0.0612
mixed,8,4,0.5,4.0,32768,0,128,512,320,125259.28,125052.239,125069.262,
mixed,8,4,0.5,4.0,32768,0,512,2048,1280,125450.236,125686.852,125044.499,-1.7147
mixed,8,4,0.5,4.0,32768,0,2048,8192,5120,125794.558,126106.2,125537.391,-0.8252
mixed,8,4,0.5,4.0,32768,0,8192,32768,20480,127535.683,129627.63,128395.032,0.4108
mixed,8,4,0.5,4.0,32768,512,128,512,320,129331.995,129079.516,129071.66,
mixed,8,4,0.5,4.0,32768,512,512,2048,1280,128996.944,129282.908,129318.237,1.1235
mixed,8,4,0.5,4.0,32768,512,2048,8192,5120,129715.399,129904.559,129812.037,0.5109
mixed,8,4,0.5,4.0,32768,512,8192,32768,20480,131434.605,133624.395,131659.187,0.1026
mixed,8,4,0.5,4.0,32768,2048,128,512,320,140505.216,140984.843,140977.229,0.9841
mixed,8,4,0.5,4.0,32768,2048,512,2048,1280,141181.625,140943.375,140612.762,
mixed,8,4,0.5,4.0,32768,2048,2048,8192,5120,140633.924,141768.594,140615.941,-0.0158
mixed,8,4,0.5,4.0,32768,2048,8192,32768,20480,143345.937,145386.056,143641.051,0.1447
pure,8,6,0.75,4.0,0,0,128,512,416,98.372,121.732,112.642,0.6109
pure,8,6,0.75,4.0,0,0,512,2048,1664,220.324,257.478,251.494,0.8389
pure,8,6,0.75,4.0,0,0,2048,8192,6656,599.243,715.534,696.047,0.8324
pure,8,6,0.75,4.0,0,0,8192,32768,26624,2066.153,2520.722,2470.449,0.8894
mixed,8,6,0.75,4.0,16,0,128,512,416,125.027,141.891,140.899,0.9412
mixed,8,6,0.75,4.0,16,0,512,2048,1664,302.535,354.278,355.494,1.0235
mixed,8,6,0.75,4.0,16,0,2048,8192,6656,996.147,1209.272,1208.472,0.9962
mixed,8,6,0.75,4.0,16,0,8192,32768,26624,3787.308,4650.141,4651.615,1.0017
mixed,8,6,0.75,4.0,16,512,128,512,416,177.475,211.396,162.756,-0.4339
mixed,8,6,0.75,4.0,16,512,512,2048,1664,381.64,435.369,430.25,0.9047
mixed,8,6,0.75,4.0,16,512,2048,8192,6656,1088.278,1302.747,1290.619,0.9435
mixed,8,6,0.75,4.0,16,512,8192,32768,26624,3906.64,4774.048,4738.432,0.9589
mixed,8,6,0.75,4.0,16,2048,128,512,416,328.358,330.631,329.575,0.5354
mixed,8,6,0.75,4.0,16,2048,512,2048,1664,534.539,643.149,431.049,-0.9529
mixed,8,6,0.75,4.0,16,2048,2048,8192,6656,1308.666,1527.616,1513.117,0.9338
mixed,8,6,0.75,4.0,16,2048,8192,32768,26624,4120.532,4994.278,4973.604,0.9763
mixed,8,6,0.75,4.0,16,8192,128,512,416,1190.681,1192.6,1192.759,1.0829
mixed,8,6,0.75,4.0,16,8192,512,2048,1664,1196.535,1196.76,1197.976,6.4044
mixed,8,6,0.75,4.0,16,8192,2048,8192,6656,1940.968,2373.167,1513.279,-0.9896
mixed,8,6,0.75,4.0,16,8192,8192,32768,26624,4988.227,5850.901,5845.492,0.9937
mixed,8,6,0.75,4.0,16,20480,128,512,416,2914.682,2916.924,2913.115,-0.6989
mixed,8,6,0.75,4.0,16,20480,512,2048,1664,2916.377,2916.731,2919.548,8.9576
mixed,8,6,0.75,4.0,16,20480,2048,8192,6656,2922.94,2921.467,2910.332,
mixed,8,6,0.75,4.0,16,20480,8192,32768,26624,6710.439,7575.129,5842.357,-1.0039
mixed,8,6,0.75,4.0,64,0,128,512,416,131.011,144.035,143.681,0.9728
mixed,8,6,0.75,4.0,64,0,512,2048,1664,305.254,359.719,359.431,0.9947
mixed,8,6,0.75,4.0,64,0,2048,8192,6656,1002.005,1217.239,1213.754,0.9838
mixed,8,6,0.75,4.0,64,0,8192,32768,26624,3793.195,4652.03,4644.765,0.9915
mixed,8,6,0.75,4.0,64,512,128,512,416,179.652,212.582,164.131,-0.4713
mixed,8,6,0.75,4.0,64,512,512,2048,1664,386.761,443.306,431.24,0.7866
mixed,8,6,0.75,4.0,64,512,2048,8192,6656,1092.949,1312.122,1303.45,0.9604
mixed,8,6,0.75,4.0,64,512,8192,32768,26624,3907.854,4773.885,4752.254,0.975
mixed,8,6,0.75,4.0,64,2048,128,512,416,331.911,336.357,335.112,0.72
mixed,8,6,0.75,4.0,64,2048,512,2048,1664,536.811,642.925,431.881,-0.9888
mixed,8,6,0.75,4.0,64,2048,2048,8192,6656,1309.852,1527.902,1514.654,0.9392
mixed,8,6,0.75,4.0,64,2048,8192,32768,26624,4127.763,4994.371,4983.426,0.9874
mixed,8,6,0.75,4.0,64,8192,128,512,416,1193.945,1197.815,1197.208,0.8432
mixed,8,6,0.75,4.0,64,8192,512,2048,1664,1198.934,1198.904,1199.96,
mixed,8,6,0.75,4.0,64,8192,2048,8192,6656,1941.51,2371.342,1510.717,-1.0022
mixed,8,6,0.75,4.0,64,8192,8192,32768,26624,4987.748,5853.811,5834.837,0.9781
mixed,8,6,0.75,4.0,64,20480,128,512,416,2901.403,2905.273,2922.587,5.4739
mixed,8,6,0.75,4.0,64,20480,512,2048,1664,2922.585,2922.973,2922.299,-0.7371
mixed,8,6,0.75,4.0,64,20480,2048,8192,6656,2924.633,2925.659,2924.825,0.1871
mixed,8,6,0.75,4.0,64,20480,8192,32768,26624,6713.797,7586.422,5836.594,-1.0052
mixed,8,6,0.75,4.0,256,0,128,512,416,178.915,198.34,167.459,-0.5898
mixed,8,6,0.75,4.0,256,0,512,2048,1664,356.455,410.793,398.473,0.7733
mixed,8,6,0.75,4.0,256,0,2048,8192,6656,1048.821,1264.056,1248.185,0.9263
mixed,8,6,0.75,4.0,256,0,8192,32768,26624,3807.694,4682.653,4664.701,0.9795
mixed,8,6,0.75,4.0,256,512,128,512,416,223.14,238.756,235.78,0.8094
mixed,8,6,0.75,4.0,256,512,512,2048,1664,500.649,556.491,447.53,-0.9512
mixed,8,6,0.75,4.0,256,512,2048,8192,6656,1206.87,1425.308,1401.724,0.892
mixed,8,6,0.75,4.0,256,512,8192,32768,26624,4025.809,4892.256,4852.895,0.9546
mixed,8,6,0.75,4.0,256,2048,128,512,416,436.874,451.689,446.761,0.6674
mixed,8,6,0.75,4.0,256,2048,512,2048,1664,612.525,667.951,662.445,0.9007
mixed,8,6,0.75,4.0,256,2048,2048,8192,6656,1628.576,1842.853,1524.671,-0.4849
mixed,8,6,0.75,4.0,256,2048,8192,32768,26624,4446.742,5312.425,5300.456,0.9862
mixed,8,6,0.75,4.0,256,8192,128,512,416,1286.458,1302.489,1291.609,0.3213
mixed,8,6,0.75,4.0,256,8192,512,2048,1664,1465.405,1510.43,1509.95,0.9893
mixed,8,6,0.75,4.0,256,8192,2048,8192,6656,2165.577,2381.135,2379.823,0.9939
mixed,8,6,0.75,4.0,256,8192,8192,32768,26624,6131.0,6998.316,5840.597,-0.3348
mixed,8,6,0.75,4.0,256,20480,128,512,416,2988.924,3000.7,3009.212,1.7228
mixed,8,6,0.75,4.0,256,20480,512,2048,1664,3169.153,3224.803,3220.352,0.92
mixed,8,6,0.75,4.0,256,20480,2048,8192,6656,3883.021,4096.978,4097.649,1.0031
mixed,8,6,0.75,4.0,256,20480,8192,32768,26624,7556.273,9280.539,7608.951,0.0306
mixed,8,6,0.75,4.0,1024,0,128,512,416,406.601,418.57,408.552,0.163
mixed,8,6,0.75,4.0,1024,0,512,2048,1664,644.27,727.661,687.405,0.5173
mixed,8,6,0.75,4.0,1024,0,2048,8192,6656,1562.014,1773.858,1657.473,0.4506
mixed,8,6,0.75,4.0,1024,0,8192,32768,26624,4395.318,5281.639,5226.507,0.9378
mixed,8,6,0.75,4.0,1024,512,128,512,416,575.34,591.979,584.75,0.5655
mixed,8,6,0.75,4.0,1024,512,512,2048,1664,769.713,866.576,824.816,0.5689
mixed,8,6,0.75,4.0,1024,512,2048,8192,6656,1922.503,2144.266,1887.333,-0.1586
mixed,8,6,0.75,4.0,1024,512,8192,32768,26624,4769.82,5643.441,5582.0,0.9297
mixed,8,6,0.75,4.0,1024,2048,128,512,416,1048.628,1080.789,1052.662,0.1254
mixed,8,6,0.75,4.0,1024,2048,512,2048,1664,1227.962,1228.506,1217.623,-19.0055
mixed,8,6,0.75,4.0,1024,2048,2048,8192,6656,2345.424,2653.205,2416.88,0.2322
mixed,8,6,0.75,4.0,1024,2048,8192,32768,26624,5844.02,6716.77,6285.881,0.5063
mixed,8,6,0.75,4.0,1024,8192,128,512,416,2723.321,2756.727,2726.358,0.0909
mixed,8,6,0.75,4.0,1024,8192,512,2048,1664,3079.259,3197.6,3157.726,0.6631
mixed,8,6,0.75,4.0,1024,8192,2048,8192,6656,3730.474,3750.572,3746.251,0.785
mixed,8,6,0.75,4.0,1024,8192,8192,32768,26624,8615.754,9486.682,8519.402,-0.1106
mixed,8,6,0.75,4.0,1024,20480,128,512,416,6088.669,6124.571,6096.985,0.2316
mixed,8,6,0.75,4.0,1024,20480,512,2048,1664,6445.025,6557.055,6526.052,0.7233
mixed,8,6,0.75,4.0,1024,20480,2048,8192,6656,7862.778,8303.524,8270.276,0.9246
mixed,8,6,0.75,4.0,1024,20480,8192,32768,26624,10589.716,12314.064,12286.226,0.9839
mixed,8,6,0.75,4.0,4096,0,128,512,416,2925.048,2930.747,2924.282,-0.1344
mixed,8,6,0.75,4.0,4096,0,512,2048,1664,3081.341,3131.774,3078.622,-0.0539
mixed,8,6,0.75,4.0,4096,0,2048,8192,6656,4117.744,4457.497,4278.354,0.4727
mixed,8,6,0.75,4.0,4096,0,8192,32768,26624,8689.355,10097.702,9081.233,0.2783
mixed,8,6,0.75,4.0,4096,512,128,512,416,3483.43,3493.987,3484.037,0.0575
mixed,8,6,0.75,4.0,4096,512,512,2048,1664,3620.998,3680.777,3630.855,0.1649
mixed,8,6,0.75,4.0,4096,512,2048,8192,6656,4638.588,5000.578,4806.913,0.465
mixed,8,6,0.75,4.0,4096,512,8192,32768,26624,9174.006,10629.906,9784.514,0.4193
mixed,8,6,0.75,4.0,4096,2048,128,512,416,5187.654,5200.774,5183.718,-0.3
mixed,8,6,0.75,4.0,4096,2048,512,2048,1664,5320.329,5349.414,5300.105,-0.6953
mixed,8,6,0.75,4.0,4096,2048,2048,8192,6656,6147.322,6495.649,6294.94,0.4238
mixed,8,6,0.75,4.0,4096,2048,8192,32768,26624,10786.164,12188.627,11501.507,0.5101
mixed,8,6,0.75,4.0,4096,8192,128,512,416,12026.798,12047.982,12021.803,-0.2358
mixed,8,6,0.75,4.0,4096,8192,512,2048,1664,12180.784,12209.968,12175.598,-0.1777
mixed,8,6,0.75,4.0,4096,8192,2048,8192,6656,12502.614,12647.514,12530.548,0.1928
mixed,8,6,0.75,4.0,4096,8192,8192,32768,26624,17172.53,18565.134,17812.29,0.4594
mixed,8,6,0.75,4.0,4096,20480,128,512,416,25436.856,25448.829,25456.531,1.6433
mixed,8,6,0.75,4.0,4096,20480,512,2048,1664,25661.433,25698.941,25631.352,-0.802
mixed,8,6,0.75,4.0,4096,20480,2048,8192,6656,26272.421,26238.855,26224.13,
mixed,8,6,0.75,4.0,4096,20480,8192,32768,26624,29210.372,30874.909,30251.531,0.6255
mixed,8,6,0.75,4.0,16384,0,128,512,416,36515.821,31848.793,31834.672,
mixed,8,6,0.75,4.0,16384,0,512,2048,1664,31969.849,32000.341,31972.726,0.0944
mixed,8,6,0.75,4.0,16384,0,2048,8192,6656,32512.967,32636.834,32489.401,-0.1903
mixed,8,6,0.75,4.0,16384,0,8192,32768,26624,36321.74,37645.285,36980.823,0.498
mixed,8,6,0.75,4.0,16384,512,128,512,416,33712.053,33724.986,33733.695,1.6734
mixed,8,6,0.75,4.0,16384,512,512,2048,1664,33853.856,33911.012,33846.331,-0.1317
mixed,8,6,0.75,4.0,16384,512,2048,8192,6656,34352.809,34538.985,34369.54,0.0899
mixed,8,6,0.75,4.0,16384,512,8192,32768,26624,38149.524,39429.578,38762.462,0.4788
mixed,8,6,0.75,4.0,16384,2048,128,512,416,39327.95,39516.556,39332.517,0.0242
mixed,8,6,0.75,4.0,16384,2048,512,2048,1664,39625.647,39756.718,39464.237,-1.2315
mixed,8,6,0.75,4.0,16384,2048,2048,8192,6656,39981.779,40128.858,40265.503,1.9291
mixed,8,6,0.75,4.0,16384,2048,8192,32768,26624,43760.551,45154.671,44421.073,0.4738
mixed,8,6,0.75,4.0,16384,8192,128,512,416,62105.529,62581.709,62677.608,1.2014
mixed,8,6,0.75,4.0,16384,8192,512,2048,1664,62929.759,63085.826,62854.816,-0.4802
mixed,8,6,0.75,4.0,16384,8192,2048,8192,6656,63517.616,63606.266,63546.697,0.328
mixed,8,6,0.75,4.0,16384,8192,8192,32768,26624,66570.821,68124.904,67155.987,0.3765
mixed,8,6,0.75,4.0,16384,20480,128,512,416,109322.758,109113.214,108930.052,
mixed,8,6,0.75,4.0,16384,20480,512,2048,1664,109115.678,108887.607,109411.33,
mixed,8,6,0.75,4.0,16384,20480,2048,8192,6656,109898.215,109681.383,109622.1,
mixed,8,6,0.75,4.0,16384,20480,8192,32768,26624,111820.076,113157.884,112230.456,0.3068
mixed,8,6,0.75,4.0,32768,0,128,512,416,125242.981,125119.548,125190.376,
mixed,8,6,0.75,4.0,32768,0,512,2048,1664,125462.136,125084.041,125362.419,
mixed,8,6,0.75,4.0,32768,0,2048,8192,6656,125835.022,125843.605,125781.176,-6.2736
mixed,8,6,0.75,4.0,32768,0,8192,32768,26624,128680.969,129788.628,129291.111,0.5508
mixed,8,6,0.75,4.0,32768,512,128,512,416,129103.682,129073.661,129144.252,
mixed,8,6,0.75,4.0,32768,512,512,2048,1664,129140.704,129060.617,129181.536,
mixed,8,6,0.75,4.0,32768,512,2048,8192,6656,129859.316,130076.09,130206.185,1.6001
mixed,8,6,0.75,4.0,32768,512,8192,32768,26624,132149.569,133672.367,132864.581,0.4695
mixed,8,6,0.75,4.0,32768,2048,128,512,416,140683.202,140178.82,140400.729,
mixed,8,6,0.75,4.0,32768,2048,512,2048,1664,141009.436,140821.41,140680.869,
mixed,8,6,0.75,4.0,32768,2048,2048,8192,6656,141591.76,141439.022,141198.978,
mixed,8,6,0.75,4.0,32768,2048,8192,32768,26624,143726.244,144523.628,144379.669,0.8195
pure,8,7,0.875,4.0,0,0,128,512,464,101.25,121.568,104.768,0.1731
pure,8,7,0.875,4.0,0,0,512,2048,1856,207.843,236.325,253.797,1.6134
pure,8,7,0.875,4.0,0,0,2048,8192,7424,639.244,711.503,705.679,0.9194
pure,8,7,0.875,4.0,0,0,8192,32768,29696,2285.646,2513.939,2494.802,0.9162
mixed,8,7,0.875,4.0,16,0,128,512,464,122.37,141.891,141.858,0.9983
mixed,8,7,0.875,4.0,16,0,512,2048,1856,317.255,355.59,357.446,1.0484
mixed,8,7,0.875,4.0,16,0,2048,8192,7424,1106.07,1213.816,1209.465,0.9596
mixed,8,7,0.875,4.0,16,0,8192,32768,29696,4218.103,4652.767,4647.1,0.987
mixed,8,7,0.875,4.0,16,512,128,512,464,179.748,210.82,164.195,-0.5005
mixed,8,7,0.875,4.0,16,512,512,2048,1856,399.111,437.512,434.248,0.915
mixed,8,7,0.875,4.0,16,512,2048,8192,7424,1191.577,1307.451,1300.475,0.9398
mixed,8,7,0.875,4.0,16,512,8192,32768,29696,4335.447,4763.138,4746.016,0.96
mixed,8,7,0.875,4.0,16,2048,128,512,464,328.711,330.086,330.759,1.4895
mixed,8,7,0.875,4.0,16,2048,512,2048,1856,576.717,641.071,433.258,-2.2292
mixed,8,7,0.875,4.0,16,2048,2048,8192,7424,1415.099,1524.543,1513.855,0.9023
mixed,8,7,0.875,4.0,16,2048,8192,32768,29696,4559.101,4994.822,4985.447,0.9785
mixed,8,7,0.875,4.0,16,8192,128,512,464,1190.712,1192.057,1191.735,0.7606
mixed,8,7,0.875,4.0,16,8192,512,2048,1856,1191.544,1195.064,1195.96,1.2545
mixed,8,7,0.875,4.0,16,8192,2048,8192,7424,2156.171,2373.264,1517.695,-2.941
mixed,8,7,0.875,4.0,16,8192,8192,32768,29696,5413.549,5850.87,5841.143,0.9778
mixed,8,7,0.875,4.0,16,20480,128,512,464,2912.891,2921.212,2918.586,0.6844
mixed,8,7,0.875,4.0,16,20480,512,2048,1856,2918.682,2922.299,2922.332,1.0091
mixed,8,7,0.875,4.0,16,20480,2048,8192,7424,2926.427,2921.98,2921.212,
mixed,8,7,0.875,4.0,16,20480,8192,32768,29696,7143.088,7572.152,5845.942,-3.0232
mixed,8,7,0.875,4.0,64,0,128,512,464,131.329,144.675,144.291,0.9712
mixed,8,7,0.875,4.0,64,0,512,2048,1856,328.007,360.264,359.559,0.9781
mixed,8,7,0.875,4.0,64,0,2048,8192,7424,1107.862,1218.33,1214.618,0.9664
mixed,8,7,0.875,4.0,64,0,8192,32768,29696,4223.092,4655.583,4653.118,0.9943
mixed,8,7,0.875,4.0,64,512,128,512,464,181.54,212.034,164.836,-0.5478
mixed,8,7,0.875,4.0,64,512,512,2048,1856,400.519,442.795,433.289,0.7751
mixed,8,7,0.875,4.0,64,512,2048,8192,7424,1203.128,1309.722,1307.994,0.9838
mixed,8,7,0.875,4.0,64,512,8192,32768,29696,4336.502,4772.193,4763.2,0.9794
mixed,8,7,0.875,4.0,64,2048,128,512,464,331.559,336.295,335.078,0.743
mixed,8,7,0.875,4.0,64,2048,512,2048,1856,577.739,643.822,434.569,-2.1665
mixed,8,7,0.875,4.0,64,2048,2048,8192,7424,1418.172,1526.526,1517.373,0.9155
mixed,8,7,0.875,4.0,64,2048,8192,32768,29696,4560.091,4989.604,4989.731,1.0003
mixed,8,7,0.875,4.0,64,8192,128,512,464,1194.584,1198.775,1198.998,1.0532
mixed,8,7,0.875,4.0,64,8192,512,2048,1856,1197.08,1199.734,1197.366,0.1078
mixed,8,7,0.875,4.0,64,8192,2048,8192,7424,2161.291,2373.807,1517.023,-3.0316
mixed,8,7,0.875,4.0,64,8192,8192,32768,29696,5423.053,5856.501,5846.838,0.9777
mixed,8,7,0.875,4.0,64,20480,128,512,464,2914.65,2918.908,2918.075,0.8044
mixed,8,7,0.875,4.0,64,20480,512,2048,1856,2915.069,2920.185,2919.997,0.9633
mixed,8,7,0.875,4.0,64,20480,2048,8192,7424,2923.642,2924.251,2924.537,1.4696
mixed,8,7,0.875,4.0,64,20480,8192,32768,29696,7146.384,7588.632,5849.365,-2.9328
mixed,8,7,0.875,4.0,256,0,128,512,464,181.347,198.211,173.219,-0.482
mixed,8,7,0.875,4.0,256,0,512,2048,1856,376.072,409.962,408.648,0.9612
mixed,8,7,0.875,4.0,256,0,2048,8192,7424,1153.849,1262.969,1258.683,0.9607
mixed,8,7,0.875,4.0,256,0,8192,32768,29696,4250.197,4669.374,4686.079,1.0399
mixed,8,7,0.875,4.0,256,512,128,512,464,224.196,239.845,237.99,0.8815
mixed,8,7,0.875,4.0,256,512,512,2048,1856,520.683,554.954,456.362,-1.8768
mixed,8,7,0.875,4.0,256,512,2048,8192,7424,1317.979,1423.004,1421.691,0.9875
mixed,8,7,0.875,4.0,256,512,8192,32768,29696,4460.57,4891.746,4887.906,0.9911
mixed,8,7,0.875,4.0,256,2048,128,512,464,438.376,450.152,448.905,0.8941
mixed,8,7,0.875,4.0,256,2048,512,2048,1856,634.636,667.179,662.924,0.8692
mixed,8,7,0.875,4.0,256,2048,2048,8192,7424,1737.283,1841.382,1523.966,-2.0492
mixed,8,7,0.875,4.0,256,2048,8192,32768,29696,4882.848,5314.028,5303.594,0.9758
mixed,8,7,0.875,4.0,256,8192,128,512,464,1287.642,1304.73,1300.89,0.7753
mixed,8,7,0.875,4.0,256,8192,512,2048,1856,1482.878,1517.695,1510.974,0.807
mixed,8,7,0.875,4.0,256,8192,2048,8192,7424,2273.581,2380.399,2384.624,1.0396
mixed,8,7,0.875,4.0,256,8192,8192,32768,29696,6556.772,6995.565,5844.47,-1.6233
mixed,8,7,0.875,4.0,256,20480,128,512,464,2996.253,3013.822,3006.268,0.57
mixed,8,7,0.875,4.0,256,20480,512,2048,1856,3187.008,3224.19,3213.664,0.7169
mixed,8,7,0.875,4.0,256,20480,2048,8192,7424,3985.391,4096.85,4084.402,0.8883
mixed,8,7,0.875,4.0,256,20480,8192,32768,29696,8422.473,9294.072,7571.482,-0.9764
mixed,8,7,0.875,4.0,1024,0,128,512,464,405.609,418.249,413.896,0.6556
mixed,8,7,0.875,4.0,1024,0,512,2048,1856,669.838,726.927,701.197,0.5493
mixed,8,7,0.875,4.0,1024,0,2048,8192,7424,1673.215,1783.332,1698.562,0.2302
mixed,8,7,0.875,4.0,1024,0,8192,32768,29696,4827.518,5261.864,5234.6,0.9372
mixed,8,7,0.875,4.0,1024,512,128,512,464,577.741,592.62,588.394,0.716
mixed,8,7,0.875,4.0,1024,512,512,2048,1856,804.815,867.986,850.8,0.7279
mixed,8,7,0.875,4.0,1024,512,2048,8192,7424,2034.153,2142.891,1960.392,-0.6783
mixed,8,7,0.875,4.0,1024,512,8192,32768,29696,5208.869,5647.535,5598.575,0.8884
mixed,8,7,0.875,4.0,1024,2048,128,512,464,1048.756,1084.149,1067.252,0.5226
mixed,8,7,0.875,4.0,1024,2048,512,2048,1856,1225.88,1228.696,1226.394,0.1825
mixed,8,7,0.875,4.0,1024,2048,2048,8192,7424,2533.905,2651.734,2421.517,-0.9538
mixed,8,7,0.875,4.0,1024,2048,8192,32768,29696,6278.43,6717.86,6499.361,0.5028
mixed,8,7,0.875,4.0,1024,8192,128,512,464,2722.456,2753.464,2739.669,0.5551
mixed,8,7,0.875,4.0,1024,8192,512,2048,1856,3121.568,3196.575,3176.35,0.7304
mixed,8,7,0.875,4.0,1024,8192,2048,8192,7424,3732.586,3749.323,3747.946,0.9177
mixed,8,7,0.875,4.0,1024,8192,8192,32768,29696,9039.509,9484.154,9364.797,0.7316
mixed,8,7,0.875,4.0,1024,20480,128,512,464,6091.255,6121.24,6115.258,0.8005
mixed,8,7,0.875,4.0,1024,20480,512,2048,1856,6490.243,6554.656,6546.306,0.8704
mixed,8,7,0.875,4.0,1024,20480,2048,8192,7424,8078.785,8296.679,8267.877,0.8678
mixed,8,7,0.875,4.0,1024,20480,8192,32768,29696,11458.786,12319.254,12296.952,0.9741
mixed,8,7,0.875,4.0,4096,0,128,512,464,2924.281,2936.602,2929.244,0.4028
mixed,8,7,0.875,4.0,4096,0,512,2048,1856,3099.326,3133.567,3102.11,0.0813
mixed,8,7,0.875,4.0,4096,0,2048,8192,7424,4287.223,4455.321,4370.26,0.494
mixed,8,7,0.875,4.0,4096,0,8192,32768,29696,9316.919,10103.014,9599.87,0.3599
mixed,8,7,0.875,4.0,4096,512,128,512,464,3479.013,3493.287,3494.823,1.1076
mixed,8,7,0.875,4.0,4096,512,512,2048,1856,3646.023,3680.617,3660.648,0.4228
mixed,8,7,0.875,4.0,4096,512,2048,8192,7424,4824.575,5001.315,4908.099,0.4726
mixed,8,7,0.875,4.0,4096,512,8192,32768,29696,9851.973,10639.344,10206.346,0.4501
mixed,8,7,0.875,4.0,4096,2048,128,512,464,5183.177,5192.229,5190.375,0.7952
mixed,8,7,0.875,4.0,4096,2048,512,2048,1856,5328.715,5345.737,5332.135,0.2009
mixed,8,7,0.875,4.0,4096,2048,2048,8192,7424,6322.817,6498.658,6397.437,0.4244
mixed,8,7,0.875,4.0,4096,2048,8192,32768,29696,11420.097,12184.117,11859.336,0.5749
mixed,8,7,0.875,4.0,4096,8192,128,512,464,12015.056,12045.396,12042.7,0.9111
mixed,8,7,0.875,4.0,4096,8192,512,2048,1856,12190.957,12223.089,12188.504,-0.0763
mixed,8,7,0.875,4.0,4096,8192,2048,8192,7424,12574.294,12653.407,12588.157,0.1752
mixed,8,7,0.875,4.0,4096,8192,8192,32768,29696,17960.065,18530.254,18180.422,0.3865
mixed,8,7,0.875,4.0,4096,20480,128,512,464,25417.745,25454.328,25432.243,0.3963
mixed,8,7,0.875,4.0,4096,20480,512,2048,1856,25663.162,25703.419,25672.161,0.2235
mixed,8,7,0.875,4.0,4096,20480,2048,8192,7424,26249.102,26226.189,26252.424,
mixed,8,7,0.875,4.0,4096,20480,8192,32768,29696,29983.282,30863.429,30642.241,0.7487
mixed,8,7,0.875,4.0,16384,0,128,512,464,36515.862,31844.924,31845.533,
mixed,8,7,0.875,4.0,16384,0,512,2048,1856,31984.699,32015.2,31984.568,-0.0043
mixed,8,7,0.875,4.0,16384,0,2048,8192,7424,32542.245,32630.723,32568.878,0.301
mixed,8,7,0.875,4.0,16384,0,8192,32768,29696,36940.486,37650.508,37331.914,0.5513
mixed,8,7,0.875,4.0,16384,512,128,512,464,33717.314,33724.866,33730.914,1.8008
mixed,8,7,0.875,4.0,16384,512,512,2048,1856,33871.457,33877.727,33877.609,0.9812
mixed,8,7,0.875,4.0,16384,512,2048,8192,7424,34445.193,34519.123,34458.965,0.1863
mixed,8,7,0.875,4.0,16384,512,8192,32768,29696,38791.747,39438.412,39382.647,0.9138
mixed,8,7,0.875,4.0,16384,2048,128,512,464,39314.419,39337.071,39344.145,1.3123
mixed,8,7,0.875,4.0,16384,2048,512,2048,1856,39473.529,39800.128,39771.444,0.9122
mixed,8,7,0.875,4.0,16384,2048,2048,8192,7424,40619.217,40540.456,40558.602,
mixed,8,7,0.875,4.0,16384,2048,8192,32768,29696,44931.239,45440.586,45159.847,0.4488
mixed,8,7,0.875,4.0,16384,8192,128,512,464,62589.699,62483.456,62477.344,
mixed,8,7,0.875,4.0,16384,8192,512,2048,1856,62820.104,62893.629,62946.475,1.7187
mixed,8,7,0.875,4.0,16384,8192,2048,8192,7424,63430.197,63461.291,63469.273,1.2567
mixed,8,7,0.875,4.0,16384,8192,8192,32768,29696,67129.603,67908.332,67748.844,0.7952
mixed,8,7,0.875,4.0,16384,20480,128,512,464,108341.091,109033.897,109006.098,0.9599
mixed,8,7,0.875,4.0,16384,20480,512,2048,1856,109367.826,109506.676,109499.995,0.9519
mixed,8,7,0.875,4.0,16384,20480,2048,8192,7424,110212.447,110285.955,109832.206,-5.1728
mixed,8,7,0.875,4.0,16384,20480,8192,32768,29696,112261.006,113536.939,112997.752,0.5774
mixed,8,7,0.875,4.0,32768,0,128,512,464,125295.053,124915.862,125320.826,
mixed,8,7,0.875,4.0,32768,0,512,2048,1856,125166.517,125240.987,125384.921,2.9328
mixed,8,7,0.875,4.0,32768,0,2048,8192,7424,125954.025,125827.75,125949.633,
mixed,8,7,0.875,4.0,32768,0,8192,32768,29696,129250.385,129952.736,129606.801,0.5075
mixed,8,7,0.875,4.0,32768,512,128,512,464,129067.427,128977.869,129386.995,
mixed,8,7,0.875,4.0,32768,512,512,2048,1856,129686.114,129271.835,129716.924,
mixed,8,7,0.875,4.0,32768,512,2048,8192,7424,129916.815,130146.448,129902.065,-0.0642
mixed,8,7,0.875,4.0,32768,512,8192,32768,29696,132737.573,133816.375,133517.303,0.7228
mixed,8,7,0.875,4.0,32768,2048,128,512,464,140705.061,140737.591,140443.408,-8.0434
mixed,8,7,0.875,4.0,32768,2048,512,2048,1856,139524.313,140857.969,140567.562,0.7822
mixed,8,7,0.875,4.0,32768,2048,2048,8192,7424,140215.111,139918.733,140414.009,
mixed,8,7,0.875,4.0,32768,2048,8192,32768,29696,143722.584,143914.84,143639.033,-0.4346
pure,32,1,0.0312,4.0,0,0,128,512,140,113.602,223.108,155.588,0.3834
pure,32,1,0.0312,4.0,0,0,512,2048,560,245.861,699.823,451.433,0.4528
pure,32,1,0.0312,4.0,0,0,2048,8192,2240,744.239,2510.804,1547.711,0.4548
pure,32,1,0.0312,4.0,0,0,8192,32768,8960,2758.487,9801.001,5980.921,0.4576
mixed,32,1,0.0312,4.0,16,0,128,512,140,186.948,403.592,235.463,0.2239
mixed,32,1,0.0312,4.0,16,0,512,2048,560,409.256,1273.563,609.516,0.2317
mixed,32,1,0.0312,4.0,16,0,2048,8192,2240,1351.035,4744.674,2119.788,0.2265
mixed,32,1,0.0312,4.0,16,0,8192,32768,8960,5178.824,18706.653,8192.229,0.2228
mixed,32,1,0.0312,4.0,16,512,128,512,140,240.038,403.819,238.726,-0.008
mixed,32,1,0.0312,4.0,16,512,512,2048,560,409.383,1273.529,612.268,0.2348
mixed,32,1,0.0312,4.0,16,512,2048,8192,2240,1351.901,4738.848,2119.563,0.2267
mixed,32,1,0.0312,4.0,16,512,8192,32768,8960,5187.593,18656.956,8194.853,0.2233
mixed,32,1,0.0312,4.0,16,2048,128,512,140,452.104,612.654,449.609,-0.0155
mixed,32,1,0.0312,4.0,16,2048,512,2048,560,616.332,1275.579,614.892,-0.0022
mixed,32,1,0.0312,4.0,16,2048,2048,8192,2240,1348.19,4749.6,2108.17,0.2234
mixed,32,1,0.0312,4.0,16,2048,8192,32768,8960,5176.553,18667.322,8188.774,0.2233
mixed,32,1,0.0312,4.0,16,8192,128,512,140,1299.099,1458.077,1295.801,-0.0207
mixed,32,1,0.0312,4.0,16,8192,512,2048,560,1458.975,2116.682,1454.588,-0.0067
mixed,32,1,0.0312,4.0,16,8192,2048,8192,2240,2172.651,4743.328,2129.9,-0.0166
mixed,32,1,0.0312,4.0,16,8192,8192,32768,8960,5187.145,18683.93,8136.676,0.2185
mixed,32,1,0.0312,4.0,16,20480,128,512,140,2984.06,3146.847,2981.981,-0.0128
mixed,32,1,0.0312,4.0,16,20480,512,2048,560,3145.6,3824.748,3140.991,-0.0068
mixed,32,1,0.0312,4.0,16,20480,2048,8192,2240,3886.414,6464.099,3822.253,-0.0249
mixed,32,1,0.0312,4.0,16,20480,8192,32768,8960,6794.985,18669.752,8171.428,0.1159
mixed,32,1,0.0312,4.0,64,0,128,512,140,189.219,404.551,236.454,0.2194
mixed,32,1,0.0312,4.0,64,0,512,2048,560,410.249,1274.968,613.133,0.2346
mixed,32,1,0.0312,4.0,64,0,2048,8192,2240,1352.827,4744.799,2120.234,0.2262
mixed,32,1,0.0312,4.0,64,0,8192,32768,8960,5191.623,18670.998,8181.67,0.2218
mixed,32,1,0.0312,4.0,64,512,128,512,140,244.515,405.96,242.086,-0.015
mixed,32,1,0.0312,4.0,64,512,512,2048,560,412.456,1274.585,613.067,0.2327
mixed,32,1,0.0312,4.0,64,512,2048,8192,2240,1353.115,4754.688,2117.547,0.2247
mixed,32,1,0.0312,4.0,64,512,8192,32768,8960,5184.647,18690.135,8199.108,0.2232
mixed,32,1,0.0312,4.0,64,2048,128,512,140,455.785,616.654,452.873,-0.0181
mixed,32,1,0.0312,4.0,64,2048,512,2048,560,621.388,1276.41,617.421,-0.0061
mixed,32,1,0.0312,4.0,64,2048,2048,8192,2240,1352.155,4754.559,2115.819,0.2244
mixed,32,1,0.0312,4.0,64,2048,8192,32768,8960,5182.376,18671.285,8196.451,0.2234
mixed,32,1,0.0312,4.0,64,8192,128,512,140,1297.979,1458.172,1295.609,-0.0148
mixed,32,1,0.0312,4.0,64,8192,512,2048,560,1464.638,2121.644,1460.574,-0.0062
mixed,32,1,0.0312,4.0,64,8192,2048,8192,2240,2177.195,4750.721,2131.597,-0.0177
mixed,32,1,0.0312,4.0,64,8192,8192,32768,8960,5185.704,18673.396,8122.625,0.2177
mixed,32,1,0.0312,4.0,64,20480,128,512,140,2982.141,3147.903,2988.157,0.0363
mixed,32,1,0.0312,4.0,64,20480,512,2048,560,3153.567,3832.462,3148.705,-0.0072
mixed,32,1,0.0312,4.0,64,20480,2048,8192,2240,3887.95,6468.897,3826.412,-0.0238
mixed,32,1,0.0312,4.0,64,20480,8192,32768,8960,6799.144,18681.975,8168.259,0.1152
mixed,32,1,0.0312,4.0,256,0,128,512,140,245.956,453.513,271.462,0.1229
mixed,32,1,0.0312,4.0,256,0,512,2048,560,457.098,1310.619,642.605,0.2173
mixed,32,1,0.0312,4.0,256,0,2048,8192,2240,1387.099,4765.857,2141.481,0.2233
mixed,32,1,0.0312,4.0,256,0,8192,32768,8960,5209.769,18677.364,8215.014,0.2231
mixed,32,1,0.0312,4.0,256,512,128,512,140,322.373,520.715,323.367,0.005
mixed,32,1,0.0312,4.0,256,512,512,2048,560,526.507,1399.068,655.724,0.1481
mixed,32,1,0.0312,4.0,256,512,2048,8192,2240,1475.422,4876.448,2133.323,0.1934
mixed,32,1,0.0312,4.0,256,512,8192,32768,8960,5318.377,18792.245,8230.595,0.2161
mixed,32,1,0.0312,4.0,256,2048,128,512,140,547.18,756.111,550.539,0.0161
mixed,32,1,0.0312,4.0,256,2048,512,2048,560,760.111,1604.127,765.489,0.0064
mixed,32,1,0.0312,4.0,256,2048,2048,8192,2240,1688.002,5095.621,2149.356,0.1354
mixed,32,1,0.0312,4.0,256,2048,8192,32768,8960,5533.358,19097.306,8180.675,0.1952
mixed,32,1,0.0312,4.0,256,8192,128,512,140,1390.716,1603.647,1392.318,0.0075
mixed,32,1,0.0312,4.0,256,8192,512,2048,560,1610.177,2468.017,1616.736,0.0076
mixed,32,1,0.0312,4.0,256,8192,2048,8192,2240,2547.698,5909.43,2474.897,-0.0217
mixed,32,1,0.0312,4.0,256,8192,8192,32768,8960,6388.894,19942.919,8208.29,0.1342
mixed,32,1,0.0312,4.0,256,20480,128,512,140,3095.36,3297.409,3085.212,-0.0502
mixed,32,1,0.0312,4.0,256,20480,512,2048,560,3299.62,4180.338,3304.098,0.0051
mixed,32,1,0.0312,4.0,256,20480,2048,8192,2240,4262.645,7650.904,4177.105,-0.0252
mixed,32,1,0.0312,4.0,256,20480,8192,32768,8960,8065.12,21709.807,9428.537,0.0999
mixed,32,1,0.0312,4.0,1024,0,128,512,140,548.842,726.927,551.338,0.014
mixed,32,1,0.0312,4.0,1024,0,512,2048,560,733.486,1671.138,887.506,0.1643
mixed,32,1,0.0312,4.0,1024,0,2048,8192,2240,1752.87,5229.413,2433.328,0.1957
mixed,32,1,0.0312,4.0,1024,0,8192,32768,8960,5677.394,19563.875,8584.833,0.2094
mixed,32,1,0.0312,4.0,1024,512,128,512,140,720.046,890.545,723.437,0.0199
mixed,32,1,0.0312,4.0,1024,512,512,2048,560,893.137,1814.597,1004.724,0.1211
mixed,32,1,0.0312,4.0,1024,512,2048,8192,2240,1898.724,5387.625,2560.434,0.1897
mixed,32,1,0.0312,4.0,1024,512,8192,32768,8960,5821.108,19822.026,8718.861,0.207
mixed,32,1,0.0312,4.0,1024,2048,128,512,140,1210.841,1414.653,1217.334,0.0319
mixed,32,1,0.0312,4.0,1024,2048,512,2048,560,1415.87,2165.93,1431.647,0.021
mixed,32,1,0.0312,4.0,1024,2048,2048,8192,2240,2242.988,5870.707,2926.012,0.1883
mixed,32,1,0.0312,4.0,1024,2048,8192,32768,8960,6329.244,20283.216,9154.678,0.2025
mixed,32,1,0.0312,4.0,1024,8192,128,512,140,2886.2,3208.192,2891.064,0.0151
mixed,32,1,0.0312,4.0,1024,8192,512,2048,560,3220.929,4190.961,3248.927,0.0289
mixed,32,1,0.0312,4.0,1024,8192,2048,8192,2240,4284.247,7327.538,4316.951,0.0107
mixed,32,1,0.0312,4.0,1024,8192,8192,32768,8960,7843.197,21933.075,10719.538,0.2041
mixed,32,1,0.0312,4.0,1024,20480,128,512,140,6251.74,6561.442,6257.949,0.02
mixed,32,1,0.0312,4.0,1024,20480,512,2048,560,6567.425,7903.484,6591.204,0.0178
mixed,32,1,0.0312,4.0,1024,20480,2048,8192,2240,8015.008,11314.304,7942.14,-0.0221
mixed,32,1,0.0312,4.0,1024,20480,8192,32768,8960,11597.925,25939.487,13403.466,0.1259
mixed,32,1,0.0312,4.0,4096,0,128,512,140,3237.663,3411.813,3242.081,0.0254
mixed,32,1,0.0312,4.0,4096,0,512,2048,560,3413.187,4138.611,3431.684,0.0255
mixed,32,1,0.0312,4.0,4096,0,2048,8192,2240,4222.997,7940.575,4825.954,0.1622
mixed,32,1,0.0312,4.0,4096,0,8192,32768,8960,8416.679,22358.683,11167.292,0.1973
mixed,32,1,0.0312,4.0,4096,512,128,512,140,3808.234,3975.951,3811.753,0.021
mixed,32,1,0.0312,4.0,4096,512,512,2048,560,3981.998,4693.115,3999.695,0.0249
mixed,32,1,0.0312,4.0,4096,512,2048,8192,2240,4757.568,8468.618,5314.893,0.1502
mixed,32,1,0.0312,4.0,4096,512,8192,32768,8960,8950.898,22953.831,11683.368,0.1951
mixed,32,1,0.0312,4.0,4096,2048,128,512,140,5524.587,5699.76,5526.54,0.0111
mixed,32,1,0.0312,4.0,4096,2048,512,2048,560,5698.897,6365.5,5720.719,0.0327
mixed,32,1,0.0312,4.0,4096,2048,2048,8192,2240,6422.4,10017.064,6779.976,0.0995
mixed,32,1,0.0312,4.0,4096,2048,8192,32768,8960,10501.04,24611.046,13397.096,0.2052
mixed,32,1,0.0312,4.0,4096,8192,128,512,140,12453.238,12667.774,12464.599,0.053
mixed,32,1,0.0312,4.0,4096,8192,512,2048,560,12675.804,12912.831,12693.307,0.0738
mixed,32,1,0.0312,4.0,4096,8192,2048,8192,2240,12948.893,16306.177,12962.433,0.004
mixed,32,1,0.0312,4.0,4096,8192,8192,32768,8960,16817.773,31450.062,19297.917,0.1695
mixed,32,1,0.0312,4.0,4096,20480,128,512,140,26255.851,26247.242,26007.624,
mixed,32,1,0.0312,4.0,4096,20480,512,2048,560,26189.48,26212.492,26232.204,1.8566
mixed,32,1,0.0312,4.0,4096,20480,2048,8192,2240,26165.765,28910.624,26176.582,0.0039
mixed,32,1,0.0312,4.0,4096,20480,8192,32768,8960,29350.852,43741.732,30353.18,0.0697
mixed,32,1,0.0312,4.0,16384,0,128,512,140,37543.523,32961.101,32814.952,
mixed,32,1,0.0312,4.0,16384,0,512,2048,560,32953.199,33593.145,32981.671,0.0445
mixed,32,1,0.0312,4.0,16384,0,2048,8192,2240,33655.544,36450.131,38134.23,1.6026
mixed,32,1,0.0312,4.0,16384,0,8192,32768,8960,36950.392,49699.733,38584.249,0.1282
mixed,32,1,0.0312,4.0,16384,512,128,512,140,34652.853,34814.264,34651.088,-0.0109
mixed,32,1,0.0312,4.0,16384,512,512,2048,560,34827.058,35448.865,34856.942,0.0481
mixed,32,1,0.0312,4.0,16384,512,2048,8192,2240,35516.421,38286.461,35522.692,0.0023
mixed,32,1,0.0312,4.0,16384,512,8192,32768,8960,38712.521,51514.014,40482.114,0.1382
mixed,32,1,0.0312,4.0,16384,2048,128,512,140,46089.554,40574.858,40286.69,
mixed,32,1,0.0312,4.0,16384,2048,512,2048,560,40435.726,41062.963,40585.419,0.2387
mixed,32,1,0.0312,4.0,16384,2048,2048,8192,2240,41118.292,43911.019,41391.445,0.0978
mixed,32,1,0.0312,4.0,16384,2048,8192,32768,8960,44264.463,57102.486,45957.611,0.1319
mixed,32,1,0.0312,4.0,16384,8192,128,512,140,63285.197,63510.232,63303.349,0.0807
mixed,32,1,0.0312,4.0,16384,8192,512,2048,560,63505.228,64218.024,63750.846,0.3446
mixed,32,1,0.0312,4.0,16384,8192,2048,8192,2240,64360.678,75697.119,64237.405,-0.0109
mixed,32,1,0.0312,4.0,16384,8192,8192,32768,8960,67280.789,79281.143,68475.803,0.0996
mixed,32,1,0.0312,4.0,16384,20480,128,512,140,108962.082,109342.094,109444.752,1.2701
mixed,32,1,0.0312,4.0,16384,20480,512,2048,560,109005.831,109915.252,109506.993,0.5511
mixed,32,1,0.0312,4.0,16384,20480,2048,8192,2240,110376.13,113087.993,110019.895,-0.1314
mixed,32,1,0.0312,4.0,16384,20480,8192,32768,8960,113278.938,125126.87,113373.823,0.008
mixed,32,1,0.0312,4.0,32768,0,128,512,140,126386.243,127157.019,126744.149,0.4643
mixed,32,1,0.0312,4.0,32768,0,512,2048,560,126869.524,127748.011,127486.084,0.7018
mixed,32,1,0.0312,4.0,32768,0,2048,8192,2240,127470.957,130341.281,127728.912,0.0899
mixed,32,1,0.0312,4.0,32768,0,8192,32768,8960,130340.193,142795.239,130656.363,0.0254
mixed,32,1,0.0312,4.0,32768,512,128,512,140,130382.21,130716.367,130794.268,1.2331
mixed,32,1,0.0312,4.0,32768,512,512,2048,560,130226.542,131422.823,130743.926,0.4325
mixed,32,1,0.0312,4.0,32768,512,2048,8192,2240,131531.466,134102.109,131387.308,-0.0561
mixed,32,1,0.0312,4.0,32768,512,8192,32768,8960,133925.564,147545.721,135085.918,0.0852
mixed,32,1,0.0312,4.0,32768,2048,128,512,140,142323.826,141504.985,141623.546,
mixed,32,1,0.0312,4.0,32768,2048,512,2048,560,142213.684,142641.371,142259.66,0.1075
mixed,32,1,0.0312,4.0,32768,2048,2048,8192,2240,143225.767,145591.74,143050.148,-0.0742
mixed,32,1,0.0312,4.0,32768,2048,8192,32768,8960,145779.105,158331.88,146037.952,0.0206
pure,32,2,0.0625,4.0,0,0,128,512,152,114.946,224.901,178.435,0.5774
pure,32,2,0.0625,4.0,0,0,512,2048,608,252.293,699.887,454.921,0.4527
pure,32,2,0.0625,4.0,0,0,2048,8192,2432,813.139,2534.868,1565.888,0.4372
pure,32,2,0.0625,4.0,0,0,8192,32768,9728,2978.524,9835.816,6006.587,0.4416
mixed,32,2,0.0625,4.0,16,0,128,512,152,187.94,402.984,236.099,0.2239
mixed,32,2,0.0625,4.0,16,0,512,2048,608,413.128,1273.082,612.461,0.2318
mixed,32,2,0.0625,4.0,16,0,2048,8192,2432,1490.045,4745.761,2125.994,0.1953
mixed,32,2,0.0625,4.0,16,0,8192,32768,9728,5619.729,18668.699,8167.719,0.1953
mixed,32,2,0.0625,4.0,16,512,128,512,152,240.708,404.2,238.884,-0.0112
mixed,32,2,0.0625,4.0,16,512,512,2048,608,413.353,1273.561,614.764,0.2341
mixed,32,2,0.0625,4.0,16,512,2048,8192,2432,1489.886,4749.508,2122.956,0.1942
mixed,32,2,0.0625,4.0,16,512,8192,32768,9728,5621.874,18641.272,8190.407,0.1973
mixed,32,2,0.0625,4.0,16,2048,128,512,152,453.002,612.652,449.705,-0.0207
mixed,32,2,0.0625,4.0,16,2048,512,2048,608,622.413,1274.65,618.061,-0.0067
mixed,32,2,0.0625,4.0,16,2048,2048,8192,2432,1488.572,4746.881,2126.73,0.1959
mixed,32,2,0.0625,4.0,16,2048,8192,32768,9728,5614.449,18680.41,8181.096,0.1964
mixed,32,2,0.0625,4.0,16,8192,128,512,152,1297.146,1457.278,1293.305,-0.024
mixed,32,2,0.0625,4.0,16,8192,512,2048,608,1463.23,2118.091,1460.317,-0.0044
mixed,32,2,0.0625,4.0,16,8192,2048,8192,2432,2275.405,4749.728,2136.429,-0.0562
mixed,32,2,0.0625,4.0,16,8192,8192,32768,9728,5623.571,18708.472,8234.502,0.1995
mixed,32,2,0.0625,4.0,16,20480,128,512,152,2985.534,3145.826,2979.228,-0.0393
mixed,32,2,0.0625,4.0,16,20480,512,2048,608,3146.751,3841.805,3154.272,0.0108
mixed,32,2,0.0625,4.0,16,20480,2048,8192,2432,3987.409,6461.315,3828.144,-0.0644
mixed,32,2,0.0625,4.0,16,20480,8192,32768,9728,7128.369,18670.966,8213.35,0.094
mixed,32,2,0.0625,4.0,64,0,128,512,152,189.955,404.775,236.837,0.2182
mixed,32,2,0.0625,4.0,64,0,512,2048,608,414.985,1274.713,613.579,0.231
mixed,32,2,0.0625,4.0,64,0,2048,8192,2432,1489.087,4749.153,2126.507,0.1955
mixed,32,2,0.0625,4.0,64,0,8192,32768,9728,5621.776,18636.502,8178.853,0.1965
mixed,32,2,0.0625,4.0,64,512,128,512,152,245.094,405.898,241.509,-0.0223
mixed,32,2,0.0625,4.0,64,512,512,2048,608,415.561,1274.393,614.86,0.2321
mixed,32,2,0.0625,4.0,64,512,2048,8192,2432,1491.646,4744.801,2121.839,0.1937
mixed,32,2,0.0625,4.0,64,512,8192,32768,9728,5619.472,18638.55,8173.315,0.1962
mixed,32,2,0.0625,4.0,64,2048,128,512,152,456.617,616.685,454.058,-0.016
mixed,32,2,0.0625,4.0,64,2048,512,2048,608,626.316,1276.953,619.852,-0.0099
mixed,32,2,0.0625,4.0,64,2048,2048,8192,2432,1488.83,4750.879,2128.426,0.1961
mixed,32,2,0.0625,4.0,64,2048,8192,32768,9728,5614.77,18683.477,8179.364,0.1962
mixed,32,2,0.0625,4.0,64,8192,128,512,152,1301.179,1462.015,1302.074,0.0056
mixed,32,2,0.0625,4.0,64,8192,512,2048,608,1467.549,2119.21,1464.029,-0.0054
mixed,32,2,0.0625,4.0,64,8192,2048,8192,2432,2275.181,4747.871,2138.444,-0.0553
mixed,32,2,0.0625,4.0,64,8192,8192,32768,9728,5628.431,18663.575,8197.955,0.1971
mixed,32,2,0.0625,4.0,64,20480,128,512,152,2986.459,3149.151,2988.859,0.0148
mixed,32,2,0.0625,4.0,64,20480,512,2048,608,3149.759,3825.837,3149.889,0.0002
mixed,32,2,0.0625,4.0,64,20480,2048,8192,2432,3994.194,6474.594,3841.006,-0.0618
mixed,32,2,0.0625,4.0,64,20480,8192,32768,9728,7128.653,18727.639,8211.043,0.0933
mixed,32,2,0.0625,4.0,256,0,128,512,152,246.534,452.84,278.47,0.1548
mixed,32,2,0.0625,4.0,256,0,512,2048,608,461.128,1314.396,656.207,0.2286
mixed,32,2,0.0625,4.0,256,0,2048,8192,2432,1524.669,4767.423,2148.715,0.1924
mixed,32,2,0.0625,4.0,256,0,8192,32768,9728,5638.513,18697.621,8193.349,0.1956
mixed,32,2,0.0625,4.0,256,512,128,512,152,323.014,520.715,327.462,0.0225
mixed,32,2,0.0625,4.0,256,512,512,2048,608,530.539,1399.707,730.479,0.23
mixed,32,2,0.0625,4.0,256,512,2048,8192,2432,1614.495,4879.746,2249.997,0.1946
mixed,32,2,0.0625,4.0,256,512,8192,32768,9728,5756.018,18811.447,8260.102,0.1918
mixed,32,2,0.0625,4.0,256,2048,128,512,152,547.368,755.279,555.691,0.04
mixed,32,2,0.0625,4.0,256,2048,512,2048,608,765.038,1603.391,769.905,0.0058
mixed,32,2,0.0625,4.0,256,2048,2048,8192,2432,1835.493,5099.142,2450.834,0.1885
mixed,32,2,0.0625,4.0,256,2048,8192,32768,9728,5959.672,19066.397,8531.818,0.1962
mixed,32,2,0.0625,4.0,256,8192,128,512,152,1391.196,1604.672,1401.083,0.0463
mixed,32,2,0.0625,4.0,256,8192,512,2048,608,1614.049,2468.594,1690.113,0.089
mixed,32,2,0.0625,4.0,256,8192,2048,8192,2432,2685.525,5925.845,2702.838,0.0053
mixed,32,2,0.0625,4.0,256,8192,8192,32768,9728,6837.319,19938.634,9361.977,0.1927
mixed,32,2,0.0625,4.0,256,20480,128,512,152,3089.406,3302.082,3097.629,0.0387
mixed,32,2,0.0625,4.0,256,20480,512,2048,608,3317.507,4184.498,3390.372,0.084
mixed,32,2,0.0625,4.0,256,20480,2048,8192,2432,4409.176,7636.79,4475.385,0.0205
mixed,32,2,0.0625,4.0,256,20480,8192,32768,9728,8515.849,21665.166,9448.444,0.0709
mixed,32,2,0.0625,4.0,1024,0,128,512,152,546.379,726.798,556.234,0.0546
mixed,32,2,0.0625,4.0,1024,0,512,2048,608,734.704,1673.059,910.419,0.1873
mixed,32,2,0.0625,4.0,1024,0,2048,8192,2432,1891.75,5208.968,2501.169,0.1837
mixed,32,2,0.0625,4.0,1024,0,8192,32768,9728,6130.074,19539.556,8696.525,0.1914
mixed,32,2,0.0625,4.0,1024,512,128,512,152,720.59,889.233,727.119,0.0387
mixed,32,2,0.0625,4.0,1024,512,512,2048,608,894.548,1811.109,1034.935,0.1532
mixed,32,2,0.0625,4.0,1024,512,2048,8192,2432,2048.809,5375.466,2650.804,0.181
mixed,32,2,0.0625,4.0,1024,512,8192,32768,9728,6285.085,19849.959,8891.119,0.1921
mixed,32,2,0.0625,4.0,1024,2048,128,512,152,1211.961,1413.755,1219.737,0.0385
mixed,32,2,0.0625,4.0,1024,2048,512,2048,608,1418.302,2165.258,1452.83,0.0462
mixed,32,2,0.0625,4.0,1024,2048,2048,8192,2432,2391.152,5864.981,2994.362,0.1736
mixed,32,2,0.0625,4.0,1024,2048,8192,32768,9728,6736.806,20252.143,9505.629,0.2049
mixed,32,2,0.0625,4.0,1024,8192,128,512,152,2888.602,3201.344,2903.386,0.0473
mixed,32,2,0.0625,4.0,1024,8192,512,2048,608,3216.065,4186.13,3286.337,0.0724
mixed,32,2,0.0625,4.0,1024,8192,2048,8192,2432,4453.497,7332.464,4397.973,-0.0193
mixed,32,2,0.0625,4.0,1024,8192,8192,32768,9728,8388.232,21887.664,10769.461,0.1764
mixed,32,2,0.0625,4.0,1024,20480,128,512,152,6261.404,6564.003,6268.765,0.0243
mixed,32,2,0.0625,4.0,1024,20480,512,2048,608,6571.84,7908.479,6626.819,0.0411
mixed,32,2,0.0625,4.0,1024,20480,2048,8192,2432,8230.788,11337.728,8119.296,-0.0359
mixed,32,2,0.0625,4.0,1024,20480,8192,32768,9728,11668.42,25956.579,13639.596,0.138
mixed,32,2,0.0625,4.0,4096,0,128,512,152,3237.728,3409.061,3244.993,0.0424
mixed,32,2,0.0625,4.0,4096,0,512,2048,608,3415.268,4140.787,3454.563,0.0542
mixed,32,2,0.0625,4.0,4096,0,2048,8192,2432,4369.27,7942.813,4939.108,0.1595
mixed,32,2,0.0625,4.0,4096,0,8192,32768,9728,8877.775,22309.369,11513.509,0.1962
mixed,32,2,0.0625,4.0,4096,512,128,512,152,3808.907,3972.716,3819.146,0.0625
mixed,32,2,0.0625,4.0,4096,512,512,2048,608,3983.408,4692.125,4021.391,0.0536
mixed,32,2,0.0625,4.0,4096,512,2048,8192,2432,4899.489,8470.216,5423.467,0.1467
mixed,32,2,0.0625,4.0,4096,512,8192,32768,9728,9418.265,22897.925,12040.334,0.1945
mixed,32,2,0.0625,4.0,4096,2048,128,512,152,5528.652,5695.89,5534.316,0.0339
mixed,32,2,0.0625,4.0,4096,2048,512,2048,608,5701.393,6365.438,5745.523,0.0665
mixed,32,2,0.0625,4.0,4096,2048,2048,8192,2432,6543.075,10022.219,6904.266,0.1038
mixed,32,2,0.0625,4.0,4096,2048,8192,32768,9728,10981.753,24631.849,13691.245,0.1985
mixed,32,2,0.0625,4.0,4096,8192,128,512,152,12457.53,12654.362,12469.139,0.059
mixed,32,2,0.0625,4.0,4096,8192,512,2048,608,12677.531,12917.567,12728.186,0.211
mixed,32,2,0.0625,4.0,4096,8192,2048,8192,2432,13043.363,16306.526,13016.802,-0.0081
mixed,32,2,0.0625,4.0,4096,8192,8192,32768,9728,17335.415,31460.109,19668.804,0.1652
mixed,32,2,0.0625,4.0,4096,20480,128,512,152,26003.294,26226.443,25999.88,-0.0153
mixed,32,2,0.0625,4.0,4096,20480,512,2048,608,26224.582,26226.282,26235.463,6.4006
mixed,32,2,0.0625,4.0,4096,20480,2048,8192,2432,26214.726,28906.913,26234.758,0.0074
mixed,32,2,0.0625,4.0,4096,20480,8192,32768,9728,29745.458,43717.28,30805.539,0.0759
mixed,32,2,0.0625,4.0,16384,0,128,512,152,37552.13,32884.071,32732.201,
mixed,32,2,0.0625,4.0,16384,0,512,2048,608,37720.485,33529.183,32928.716,
mixed,32,2,0.0625,4.0,16384,0,2048,8192,2432,33680.129,36289.707,33691.513,0.0044
mixed,32,2,0.0625,4.0,16384,0,8192,32768,9728,37118.724,49636.441,38926.15,0.1444
mixed,32,2,0.0625,4.0,16384,512,128,512,152,34591.474,34748.372,34583.599,-0.0502
mixed,32,2,0.0625,4.0,16384,512,512,2048,608,34746.003,35355.619,34792.693,0.0766
mixed,32,2,0.0625,4.0,16384,512,2048,8192,2432,35530.569,38131.188,40751.946,2.0077
mixed,32,2,0.0625,4.0,16384,512,8192,32768,9728,38967.494,51411.227,45598.314,0.5329
mixed,32,2,0.0625,4.0,16384,2048,128,512,152,40201.432,40326.172,40195.616,-0.0466
mixed,32,2,0.0625,4.0,16384,2048,512,2048,608,40334.823,40975.157,40559.595,0.351
mixed,32,2,0.0625,4.0,16384,2048,2048,8192,2432,41131.669,43738.312,41124.862,-0.0026
mixed,32,2,0.0625,4.0,16384,2048,8192,32768,9728,44482.555,61100.195,51067.9,0.3963
mixed,32,2,0.0625,4.0,16384,8192,128,512,152,63308.179,63363.15,63369.3,1.1119
mixed,32,2,0.0625,4.0,16384,8192,512,2048,608,63546.619,64088.385,63519.41,-0.0502
mixed,32,2,0.0625,4.0,16384,8192,2048,8192,2432,64326.054,67182.792,64217.188,-0.0381
mixed,32,2,0.0625,4.0,16384,8192,8192,32768,9728,67696.523,79236.402,68454.361,0.0657
mixed,32,2,0.0625,4.0,16384,20480,128,512,152,109346.074,109276.229,109067.021,
mixed,32,2,0.0625,4.0,16384,20480,512,2048,608,109328.661,110325.915,109687.372,0.3597
mixed,32,2,0.0625,4.0,16384,20480,2048,8192,2432,110609.707,112815.582,110387.582,-0.1007
mixed,32,2,0.0625,4.0,16384,20480,8192,32768,9728,114227.382,124546.374,113407.88,-0.0794
mixed,32,2,0.0625,4.0,32768,0,128,512,152,126018.143,126926.88,126253.937,0.2595
mixed,32,2,0.0625,4.0,32768,0,512,2048,608,127256.35,127504.898,127437.635,0.7294
mixed,32,2,0.0625,4.0,32768,0,2048,8192,2432,128148.388,129601.104,127562.587,-0.4032
mixed,32,2,0.0625,4.0,32768,0,8192,32768,9728,130729.14,142943.08,131090.722,0.0296
mixed,32,2,0.0625,4.0,32768,512,128,512,152,130384.018,142518.503,130412.919,0.0024
mixed,32,2,0.0625,4.0,32768,512,512,2048,608,130512.018,131128.255,130145.069,-0.5955
mixed,32,2,0.0625,4.0,32768,512,2048,8192,2432,131128.19,134042.403,131361.301,0.08
mixed,32,2,0.0625,4.0,32768,512,8192,32768,9728,134570.834,146306.697,134636.061,0.0056
mixed,32,2,0.0625,4.0,32768,2048,128,512,152,141831.534,142214.352,141621.827,-0.5478
mixed,32,2,0.0625,4.0,32768,2048,512,2048,608,141935.56,143309.522,141823.63,-0.0815
mixed,32,2,0.0625,4.0,32768,2048,2048,8192,2432,142639.897,146112.005,143440.88,0.2307
mixed,32,2,0.0625,4.0,32768,2048,8192,32768,9728,146359.986,157880.44,146755.762,0.0344
pure,32,3,0.0938,4.0,0,0,128,512,164,116.641,221.987,180.611,0.6072
pure,32,3,0.0938,4.0,0,0,512,2048,656,282.631,701.262,458.985,0.4213
pure,32,3,0.0938,4.0,0,0,2048,8192,2624,848.466,2529.747,1569.471,0.4288
pure,32,3,0.0938,4.0,0,0,8192,32768,10496,3200.13,9878.89,6020.538,0.4223
mixed,32,3,0.0938,4.0,16,0,128,512,164,189.378,403.241,236.486,0.2203
mixed,32,3,0.0938,4.0,16,0,512,2048,656,480.041,1272.571,618.7,0.175
mixed,32,3,0.0938,4.0,16,0,2048,8192,2624,1567.328,4746.753,2136.684,0.1791
mixed,32,3,0.0938,4.0,16,0,8192,32768,10496,6051.132,18644.089,8206.053,0.1711
mixed,32,3,0.0938,4.0,16,512,128,512,164,242.438,404.456,249.414,0.0431
mixed,32,3,0.0938,4.0,16,512,512,2048,656,478.154,1271.865,618.828,0.1772
mixed,32,3,0.0938,4.0,16,512,2048,8192,2624,1570.496,4749.312,2139.403,0.179
mixed,32,3,0.0938,4.0,16,512,8192,32768,10496,6055.77,18656.409,8222.693,0.172
mixed,32,3,0.0938,4.0,16,2048,128,512,164,452.97,612.813,461.416,0.0528
mixed,32,3,0.0938,4.0,16,2048,512,2048,656,674.191,1274.362,708.014,0.0564
mixed,32,3,0.0938,4.0,16,2048,2048,8192,2624,1566.848,4746.144,2136.11,0.1791
mixed,32,3,0.0938,4.0,16,2048,8192,32768,10496,6052.641,18678.132,8217.779,0.1715
mixed,32,3,0.0938,4.0,16,8192,128,512,164,1295.323,1457.088,1307.163,0.0732
mixed,32,3,0.0938,4.0,16,8192,512,2048,656,1517.185,2115.503,1548.161,0.0518
mixed,32,3,0.0938,4.0,16,8192,2048,8192,2624,2336.819,4746.15,2434.387,0.0405
mixed,32,3,0.0938,4.0,16,8192,8192,32768,10496,6054.276,18673.744,8214.546,0.1712
mixed,32,3,0.0938,4.0,16,20480,128,512,164,2988.545,3148.899,2994.975,0.0401
mixed,32,3,0.0938,4.0,16,20480,512,2048,656,3203.78,3813.969,3242.821,0.064
mixed,32,3,0.0938,4.0,16,20480,2048,8192,2624,4045.303,6472.588,4137.495,0.038
mixed,32,3,0.0938,4.0,16,20480,8192,32768,10496,7450.69,18668.847,9327.657,0.1673
mixed,32,3,0.0938,4.0,64,0,128,512,164,191.909,404.457,237.862,0.2162
mixed,32,3,0.0938,4.0,64,0,512,2048,656,482.186,1274.845,617.676,0.1709
mixed,32,3,0.0938,4.0,64,0,2048,8192,2624,1569.251,4754.918,2130.126,0.1761
mixed,32,3,0.0938,4.0,64,0,8192,32768,10496,6054.339,18700.688,8211.152,0.1705
mixed,32,3,0.0938,4.0,64,512,128,512,164,246.117,406.311,251.078,0.031
mixed,32,3,0.0938,4.0,64,512,512,2048,656,480.586,1276.699,622.703,0.1785
mixed,32,3,0.0938,4.0,64,512,2048,8192,2624,1570.53,4754.148,2133.934,0.177
mixed,32,3,0.0938,4.0,64,512,8192,32768,10496,6052.48,18686.83,8226.417,0.1721
mixed,32,3,0.0938,4.0,64,2048,128,512,164,457.065,616.94,464.49,0.0464
mixed,32,3,0.0938,4.0,64,2048,512,2048,656,679.086,1276.091,709.487,0.0509
mixed,32,3,0.0938,4.0,64,2048,2048,8192,2624,1568.93,4756.998,2138.733,0.1787
mixed,32,3,0.0938,4.0,64,2048,8192,32768,10496,6053.217,18680.845,8231.279,0.1725
mixed,32,3,0.0938,4.0,64,8192,128,512,164,1299.292,1460.095,1308.092,0.0547
mixed,32,3,0.0938,4.0,64,8192,512,2048,656,1518.305,2116.526,1552.769,0.0576
mixed,32,3,0.0938,4.0,64,8192,2048,8192,2624,2340.883,4745.125,2437.075,0.04
mixed,32,3,0.0938,4.0,64,8192,8192,32768,10496,6074.367,18671.789,8215.76,0.17
mixed,32,3,0.0938,4.0,64,20480,128,512,164,2984.096,3144.964,2997.727,0.0847
mixed,32,3,0.0938,4.0,64,20480,512,2048,656,3210.949,3831.504,3242.885,0.0515
mixed,32,3,0.0938,4.0,64,20480,2048,8192,2624,4047.797,6475.274,4129.783,0.0338
mixed,32,3,0.0938,4.0,64,20480,8192,32768,10496,7448.863,18691.307,9334.469,0.1677
mixed,32,3,0.0938,4.0,256,0,128,512,164,247.814,452.681,288.262,0.1974
mixed,32,3,0.0938,4.0,256,0,512,2048,656,527.338,1310.426,678.574,0.1931
mixed,32,3,0.0938,4.0,256,0,2048,8192,2624,1604.45,4769.509,2184.624,0.1833
mixed,32,3,0.0938,4.0,256,0,8192,32768,10496,6071.264,18673.897,8237.967,0.1719
mixed,32,3,0.0938,4.0,256,512,128,512,164,324.294,520.875,330.983,0.034
mixed,32,3,0.0938,4.0,256,512,512,2048,656,609.389,1399.198,738.031,0.1629
mixed,32,3,0.0938,4.0,256,512,2048,8192,2624,1690.594,4877.735,2284.048,0.1862
mixed,32,3,0.0938,4.0,256,512,8192,32768,10496,6184.227,18760.426,8380.368,0.1746
mixed,32,3,0.0938,4.0,256,2048,128,512,164,547.435,755.824,568.877,0.1029
mixed,32,3,0.0938,4.0,256,2048,512,2048,656,825.94,1604.578,779.408,-0.0598
mixed,32,3,0.0938,4.0,256,2048,2048,8192,2624,1912.393,5093.482,2472.18,0.176
mixed,32,3,0.0938,4.0,256,2048,8192,32768,10496,6403.557,19060.463,8631.606,0.176
mixed,32,3,0.0938,4.0,256,8192,128,512,164,1396.699,1607.556,1413.598,0.0801
mixed,32,3,0.0938,4.0,256,8192,512,2048,656,1679.78,2472.277,1703.331,0.0297
mixed,32,3,0.0938,4.0,256,8192,2048,8192,2624,2761.469,5917.596,2717.339,-0.014
mixed,32,3,0.0938,4.0,256,8192,8192,32768,10496,7275.161,19958.434,9418.663,0.169
mixed,32,3,0.0938,4.0,256,20480,128,512,164,3090.592,3292.869,3113.698,0.1142
mixed,32,3,0.0938,4.0,256,20480,512,2048,656,3379.529,4179.64,3402.983,0.0293
mixed,32,3,0.0938,4.0,256,20480,2048,8192,2624,4480.638,7647.553,4495.965,0.0048
mixed,32,3,0.0938,4.0,256,20480,8192,32768,10496,8863.928,21671.686,10001.838,0.0888
mixed,32,3,0.0938,4.0,1024,0,128,512,164,548.491,727.151,560.908,0.0695
mixed,32,3,0.0938,4.0,1024,0,512,2048,656,813.17,1672.226,933.237,0.1398
mixed,32,3,0.0938,4.0,1024,0,2048,8192,2624,1974.888,5229.358,2585.813,0.1877
mixed,32,3,0.0938,4.0,1024,0,8192,32768,10496,6573.097,19528.213,8921.084,0.1812
mixed,32,3,0.0938,4.0,1024,512,128,512,164,719.792,891.186,736.08,0.095
mixed,32,3,0.0938,4.0,1024,512,512,2048,656,949.716,1813.734,1062.964,0.1311
mixed,32,3,0.0938,4.0,1024,512,2048,8192,2624,2134.028,5374.097,2733.177,0.1849
mixed,32,3,0.0938,4.0,1024,512,8192,32768,10496,6741.386,19852.511,9229.505,0.1898
mixed,32,3,0.0938,4.0,1024,2048,128,512,164,1219.066,1414.048,1230.077,0.0565
mixed,32,3,0.0938,4.0,1024,2048,512,2048,656,1484.222,2164.654,1480.095,-0.0061
mixed,32,3,0.0938,4.0,1024,2048,2048,8192,2624,2477.62,5869.626,3067.39,0.1739
mixed,32,3,0.0938,4.0,1024,2048,8192,32768,10496,7191.382,20260.487,9794.06,0.1991
mixed,32,3,0.0938,4.0,1024,8192,128,512,164,2888.476,3203.395,2907.58,0.0607
mixed,32,3,0.0938,4.0,1024,8192,512,2048,656,3320.678,4189.112,3321.925,0.0014
mixed,32,3,0.0938,4.0,1024,8192,2048,8192,2624,4536.863,7323.289,4438.267,-0.0354
mixed,32,3,0.0938,4.0,1024,8192,8192,32768,10496,8954.011,21925.417,10806.05,0.1428
mixed,32,3,0.0938,4.0,1024,20480,128,512,164,6255.555,6565.319,6273.953,0.0594
mixed,32,3,0.0938,4.0,1024,20480,512,2048,656,6671.149,7907.173,6672.586,0.0012
mixed,32,3,0.0938,4.0,1024,20480,2048,8192,2624,8349.456,11324.553,8227.756,-0.0409
mixed,32,3,0.0938,4.0,1024,20480,8192,32768,10496,12015.321,25948.028,14085.8,0.1486
mixed,32,3,0.0938,4.0,4096,0,128,512,164,3237.731,3411.044,3251.395,0.0788
mixed,32,3,0.0938,4.0,4096,0,512,2048,656,3469.353,4139.415,3469.929,0.0009
mixed,32,3,0.0938,4.0,4096,0,2048,8192,2624,4452.732,7942.663,5030.922,0.1657
mixed,32,3,0.0938,4.0,4096,0,8192,32768,10496,9339.264,22344.881,11811.861,0.1901
mixed,32,3,0.0938,4.0,4096,512,128,512,164,3808.879,3978.135,3820.175,0.0667
mixed,32,3,0.0938,4.0,4096,512,512,2048,656,4036.948,4690.209,4041.075,0.0063
mixed,32,3,0.0938,4.0,4096,512,2048,8192,2624,4981.575,8472.721,5528.113,0.1565
mixed,32,3,0.0938,4.0,4096,512,8192,32768,10496,9889.165,22926.464,12371.68,0.1904
mixed,32,3,0.0938,4.0,4096,2048,128,512,164,5522.674,5695.572,5532.722,0.0581
mixed,32,3,0.0938,4.0,4096,2048,512,2048,656,5749.174,6361.894,5759.702,0.0172
mixed,32,3,0.0938,4.0,4096,2048,2048,8192,2624,6599.914,10018.002,7003.699,0.1181
mixed,32,3,0.0938,4.0,4096,2048,8192,32768,10496,11460.27,24640.7,13986.054,0.1916
mixed,32,3,0.0938,4.0,4096,8192,128,512,164,12449.316,12675.559,12477.253,0.1235
mixed,32,3,0.0938,4.0,4096,8192,512,2048,656,12731.717,12911.565,12752.07,0.1132
mixed,32,3,0.0938,4.0,4096,8192,2048,8192,2624,13072.496,16303.537,13076.115,0.0011
mixed,32,3,0.0938,4.0,4096,8192,8192,32768,10496,17784.499,31447.051,19976.417,0.1604
mixed,32,3,0.0938,4.0,4096,20480,128,512,164,25998.464,26226.209,26022.109,0.1038
mixed,32,3,0.0938,4.0,4096,20480,512,2048,656,26176.769,26208.672,26150.623,-0.8195
mixed,32,3,0.0938,4.0,4096,20480,2048,8192,2624,26268.996,28908.022,26246.721,-0.0084
mixed,32,3,0.0938,4.0,4096,20480,8192,32768,10496,30150.097,43756.367,32729.929,0.1896
mixed,32,3,0.0938,4.0,16384,0,128,512,164,37555.626,32878.127,32757.259,
mixed,32,3,0.0938,4.0,16384,0,512,2048,656,37794.104,33524.473,32973.811,
mixed,32,3,0.0938,4.0,16384,0,2048,8192,2624,33747.034,36293.264,38729.061,1.9566
mixed,32,3,0.0938,4.0,16384,0,8192,32768,10496,37519.148,49599.112,39282.253,0.146
mixed,32,3,0.0938,4.0,16384,512,128,512,164,34591.602,34732.243,34601.904,0.0733
mixed,32,3,0.0938,4.0,16384,512,512,2048,656,34790.227,35359.296,34810.169,0.035
mixed,32,3,0.0938,4.0,16384,512,2048,8192,2624,35592.614,38131.677,35600.238,0.003
mixed,32,3,0.0938,4.0,16384,512,8192,32768,10496,39371.098,51408.688,41099.893,0.1436
mixed,32,3,0.0938,4.0,16384,2048,128,512,164,40182.441,40322.219,40198.5,0.1149
mixed,32,3,0.0938,4.0,16384,2048,512,2048,656,40397.611,40965.689,40377.835,-0.0348
mixed,32,3,0.0938,4.0,16384,2048,2048,8192,2624,41187.007,43647.343,41208.957,0.0089
mixed,32,3,0.0938,4.0,16384,2048,8192,32768,10496,44889.223,65176.916,53430.654,0.421
mixed,32,3,0.0938,4.0,16384,8192,128,512,164,63076.452,63482.038,63240.113,0.4035
mixed,32,3,0.0938,4.0,16384,8192,512,2048,656,63579.766,64325.766,63477.425,-0.1372
mixed,32,3,0.0938,4.0,16384,8192,2048,8192,2624,64418.395,66964.629,64249.186,-0.0665
mixed,32,3,0.0938,4.0,16384,8192,8192,32768,10496,67660.68,79247.992,68908.871,0.1077
mixed,32,3,0.0938,4.0,16384,20480,128,512,164,108893.506,109185.813,109295.056,1.3737
mixed,32,3,0.0938,4.0,16384,20480,512,2048,656,109100.59,110187.361,109565.518,0.4278
mixed,32,3,0.0938,4.0,16384,20480,2048,8192,2624,110421.538,112996.46,110268.975,-0.0592
mixed,32,3,0.0938,4.0,16384,20480,8192,32768,10496,114021.683,124696.984,114588.614,0.0531
mixed,32,3,0.0938,4.0,32768,0,128,512,164,126545.93,126884.677,126783.975,0.7027
mixed,32,3,0.0938,4.0,32768,0,512,2048,656,126843.984,126957.938,126863.412,0.1705
mixed,32,3,0.0938,4.0,32768,0,2048,8192,2624,127736.162,130128.332,127856.48,0.0503
mixed,32,3,0.0938,4.0,32768,0,8192,32768,10496,131091.336,142548.411,131589.851,0.0435
mixed,32,3,0.0938,4.0,32768,512,128,512,164,130654.503,130618.375,130174.65,
mixed,32,3,0.0938,4.0,32768,512,512,2048,656,130488.199,130898.32,130660.199,0.4194
mixed,32,3,0.0938,4.0,32768,512,2048,8192,2624,131665.317,133645.239,131459.208,-0.1041
mixed,32,3,0.0938,4.0,32768,512,8192,32768,10496,135018.128,146560.03,134316.396,-0.0608
mixed,32,3,0.0938,4.0,32768,2048,128,512,164,142040.964,142103.474,153956.836,190.6235
mixed,32,3,0.0938,4.0,32768,2048,512,2048,656,142330.32,142220.12,142195.213,
mixed,32,3,0.0938,4.0,32768,2048,2048,8192,2624,143177.859,145153.453,142861.695,-0.16
mixed,32,3,0.0938,4.0,32768,2048,8192,32768,10496,146694.422,157720.7,147128.536,0.0394
pure,32,4,0.125,4.0,0,0,128,512,176,116.899,226.147,180.1,0.5785
pure,32,4,0.125,4.0,0,0,512,2048,704,285.832,699.758,456.937,0.4134
pure,32,4,0.125,4.0,0,0,2048,8192,2816,929.812,2519.285,1577.089,0.4072
pure,32,4,0.125,4.0,0,0,8192,32768,11264,3417.544,9776.721,6024.162,0.4099
mixed,32,4,0.125,4.0,16,0,128,512,176,190.597,403.369,248.198,0.2707
mixed,32,4,0.125,4.0,16,0,512,2048,704,484.809,1272.827,643.501,0.2014
mixed,32,4,0.125,4.0,16,0,2048,8192,2816,1706.084,4745.509,2381.906,0.2224
mixed,32,4,0.125,4.0,16,0,8192,32768,11264,6480.618,18662.666,9342.407,0.2349
mixed,32,4,0.125,4.0,16,512,128,512,176,243.462,405.225,251.558,0.05
mixed,32,4,0.125,4.0,16,512,512,2048,704,483.531,1273.754,709.486,0.2859
mixed,32,4,0.125,4.0,16,512,2048,8192,2816,1706.531,4747.939,2386.387,0.2235
mixed,32,4,0.125,4.0,16,512,8192,32768,11264,6481.799,18654.825,9356.647,0.2362
mixed,32,4,0.125,4.0,16,2048,128,512,176,454.698,613.102,463.273,0.0541
mixed,32,4,0.125,4.0,16,2048,512,2048,704,678.574,1276.059,712.591,0.0569
mixed,32,4,0.125,4.0,16,2048,2048,8192,2816,1708.42,4748.772,2436.724,0.2395
mixed,32,4,0.125,4.0,16,2048,8192,32768,11264,6490.89,18681.642,9355.717,0.235
mixed,32,4,0.125,4.0,16,8192,128,512,176,1298.619,1453.631,1307.325,0.0562
mixed,32,4,0.125,4.0,16,8192,512,2048,704,1515.904,2115.661,1555.488,0.066
mixed,32,4,0.125,4.0,16,8192,2048,8192,2816,2459.345,4743.78,2453.206,-0.0027
mixed,32,4,0.125,4.0,16,8192,8192,32768,11264,6488.456,18658.535,9354.021,0.2355
mixed,32,4,0.125,4.0,16,20480,128,512,176,2986.592,3145.346,2993.886,0.0459
mixed,32,4,0.125,4.0,16,20480,512,2048,704,3208.803,3821.2,3242.371,0.0548
mixed,32,4,0.125,4.0,16,20480,2048,8192,2816,4147.67,6467.719,4146.389,-0.0006
mixed,32,4,0.125,4.0,16,20480,8192,32768,11264,7781.442,18666.374,9433.604,0.1518
mixed,32,4,0.125,4.0,64,0,128,512,176,192.324,404.68,246.949,0.2572
mixed,32,4,0.125,4.0,64,0,512,2048,704,486.252,1273.755,642.156,0.198
mixed,32,4,0.125,4.0,64,0,2048,8192,2816,1707.331,4747.555,2386.962,0.2235
mixed,32,4,0.125,4.0,64,0,8192,32768,11264,6486.183,18654.693,9345.089,0.2349
mixed,32,4,0.125,4.0,64,512,128,512,176,247.333,406.379,254.343,0.0441
mixed,32,4,0.125,4.0,64,512,512,2048,704,484.203,1273.913,708.878,0.2845
mixed,32,4,0.125,4.0,64,512,2048,8192,2816,1709.604,4749.059,2388.947,0.2235
mixed,32,4,0.125,4.0,64,512,8192,32768,11264,6484.007,18667.299,9354.563,0.2356
mixed,32,4,0.125,4.0,64,2048,128,512,176,458.121,615.405,466.026,0.0503
mixed,32,4,0.125,4.0,64,2048,512,2048,704,682.734,1275.643,715.919,0.056
mixed,32,4,0.125,4.0,64,2048,2048,8192,2816,1708.739,4746.659,2437.076,0.2397
mixed,32,4,0.125,4.0,64,2048,8192,32768,11264,6485.64,18730.308,9361.857,0.2349
mixed,32,4,0.125,4.0,64,8192,128,512,176,1298.94,1464.351,1311.611,0.0766
mixed,32,4,0.125,4.0,64,8192,512,2048,704,1524.479,2120.173,1556.158,0.0532
mixed,32,4,0.125,4.0,64,8192,2048,8192,2816,2459.987,4751.492,2457.874,-0.0009
mixed,32,4,0.125,4.0,64,8192,8192,32768,11264,6492.68,18711.587,9360.547,0.2347
mixed,32,4,0.125,4.0,64,20480,128,512,176,2989.278,3147.233,3003.455,0.0898
mixed,32,4,0.125,4.0,64,20480,512,2048,704,3208.802,3815.664,3243.908,0.0578
mixed,32,4,0.125,4.0,64,20480,2048,8192,2816,4152.438,6472.295,4154.07,0.0007
mixed,32,4,0.125,4.0,64,20480,8192,32768,11264,7784.641,18669.379,9385.442,0.1471
mixed,32,4,0.125,4.0,256,0,128,512,176,248.356,453.8,295.303,0.2285
mixed,32,4,0.125,4.0,256,0,512,2048,704,529.772,1311.164,724.367,0.249
mixed,32,4,0.125,4.0,256,0,2048,8192,2816,1737.7,4777.024,2449.298,0.2341
mixed,32,4,0.125,4.0,256,0,8192,32768,11264,6505.671,18680.896,9369.472,0.2352
mixed,32,4,0.125,4.0,256,512,128,512,176,324.134,520.845,334.951,0.055
mixed,32,4,0.125,4.0,256,512,512,2048,704,613.134,1400.956,747.759,0.1709
mixed,32,4,0.125,4.0,256,512,2048,8192,2816,1828.966,4872.1,2482.323,0.2147
mixed,32,4,0.125,4.0,256,512,8192,32768,11264,6623.112,18869.414,9476.612,0.233
mixed,32,4,0.125,4.0,256,2048,128,512,176,549.004,755.665,577.42,0.1375
mixed,32,4,0.125,4.0,256,2048,512,2048,704,828.435,1605.218,845.746,0.0223
mixed,32,4,0.125,4.0,256,2048,2048,8192,2816,2055.596,5102.089,2485.523,0.1411
mixed,32,4,0.125,4.0,256,2048,8192,32768,11264,6819.18,19060.135,9494.308,0.2185
mixed,32,4,0.125,4.0,256,8192,128,512,176,1391.966,1606.433,1422.108,0.1405
mixed,32,4,0.125,4.0,256,8192,512,2048,704,1686.305,2466.45,1724.034,0.0484
mixed,32,4,0.125,4.0,256,8192,2048,8192,2816,2892.22,5921.339,2787.994,-0.0344
mixed,32,4,0.125,4.0,256,8192,8192,32768,11264,7705.213,19925.817,9477.54,0.145
mixed,32,4,0.125,4.0,256,20480,128,512,176,3091.937,3303.62,3119.457,0.13
mixed,32,4,0.125,4.0,256,20480,512,2048,704,3387.141,4181.559,3413.991,0.0338
mixed,32,4,0.125,4.0,256,20480,2048,8192,2816,4623.006,7639.325,4729.666,0.0354
mixed,32,4,0.125,4.0,256,20480,8192,32768,11264,9054.301,21720.927,10548.409,0.118
mixed,32,4,0.125,4.0,1024,0,128,512,176,549.386,727.278,567.114,0.0997
mixed,32,4,0.125,4.0,1024,0,512,2048,704,815.313,1667.811,956.661,0.1658
mixed,32,4,0.125,4.0,1024,0,2048,8192,2816,2110.444,5231.21,2672.02,0.1799
mixed,32,4,0.125,4.0,1024,0,8192,32768,11264,7015.375,19582.866,9710.215,0.2144
mixed,32,4,0.125,4.0,1024,512,128,512,176,719.982,889.043,739.534,0.1157
mixed,32,4,0.125,4.0,1024,512,512,2048,704,951.219,1815.045,1089.4,0.16
mixed,32,4,0.125,4.0,1024,512,2048,8192,2816,2284.081,5373.519,2774.52,0.1587
mixed,32,4,0.125,4.0,1024,512,8192,32768,11264,7192.243,19863.352,9785.223,0.2046
mixed,32,4,0.125,4.0,1024,2048,128,512,176,1214.138,1413.342,1237.818,0.1189
mixed,32,4,0.125,4.0,1024,2048,512,2048,704,1483.711,2165.006,1504.351,0.0303
mixed,32,4,0.125,4.0,1024,2048,2048,8192,2816,2643.702,5878.233,3165.091,0.1612
mixed,32,4,0.125,4.0,1024,2048,8192,32768,11264,7646.172,20190.081,10011.088,0.1885
mixed,32,4,0.125,4.0,1024,8192,128,512,176,2890.62,3204.962,2916.828,0.0834
mixed,32,4,0.125,4.0,1024,8192,512,2048,704,3321.315,4195.061,3360.966,0.0454
mixed,32,4,0.125,4.0,1024,8192,2048,8192,2816,4620.479,7330.103,4533.34,-0.0322
mixed,32,4,0.125,4.0,1024,8192,8192,32768,11264,9505.283,21883.234,11820.947,0.1871
mixed,32,4,0.125,4.0,1024,20480,128,512,176,6255.169,6566.342,6286.211,0.0998
mixed,32,4,0.125,4.0,1024,20480,512,2048,704,6677.93,7916.961,6708.33,0.0245
mixed,32,4,0.125,4.0,1024,20480,2048,8192,2816,8560.366,11345.287,8342.891,-0.0781
mixed,32,4,0.125,4.0,1024,20480,8192,32768,11264,12453.088,25960.18,14184.514,0.1282
mixed,32,4,0.125,4.0,4096,0,128,512,176,3241.377,3413.35,3256.227,0.0864
mixed,32,4,0.125,4.0,4096,0,512,2048,704,3468.485,4141.238,3495.944,0.0408
mixed,32,4,0.125,4.0,4096,0,2048,8192,2816,4596.285,7939.299,5114.601,0.155
mixed,32,4,0.125,4.0,4096,0,8192,32768,11264,9806.086,22348.264,12170.716,0.1885
mixed,32,4,0.125,4.0,4096,512,128,512,176,3808.142,3974.992,3828.528,0.1222
mixed,32,4,0.125,4.0,4096,512,512,2048,704,4034.997,4689.79,4061.429,0.0404
mixed,32,4,0.125,4.0,4096,512,2048,8192,2816,5130.954,8472.398,5614.803,0.1448
mixed,32,4,0.125,4.0,4096,512,8192,32768,11264,10361.108,22931.03,12709.506,0.1868
mixed,32,4,0.125,4.0,4096,2048,128,512,176,5518.992,5702.133,5543.444,0.1335
mixed,32,4,0.125,4.0,4096,2048,512,2048,704,5755.221,6362.437,5777.69,0.037
mixed,32,4,0.125,4.0,4096,2048,2048,8192,2816,6711.21,10020.493,7096.144,0.1163
mixed,32,4,0.125,4.0,4096,2048,8192,32768,11264,11936.243,24614.453,14267.141,0.1839
mixed,32,4,0.125,4.0,4096,8192,128,512,176,12454.176,12662.468,12742.247,1.383
mixed,32,4,0.125,4.0,4096,8192,512,2048,704,12733.029,12910.441,12747.301,0.0804
mixed,32,4,0.125,4.0,4096,8192,2048,8192,2816,13178.894,16296.556,13139.407,-0.0127
mixed,32,4,0.125,4.0,4096,8192,8192,32768,11264,18200.054,31440.549,20306.525,0.1591
mixed,32,4,0.125,4.0,4096,20480,128,512,176,25989.244,26216.343,26034.293,0.1984
mixed,32,4,0.125,4.0,4096,20480,512,2048,704,26228.538,26230.101,26222.069,-4.1388
mixed,32,4,0.125,4.0,4096,20480,2048,8192,2816,26263.903,28890.576,26231.13,-0.0125
mixed,32,4,0.125,4.0,4096,20480,8192,32768,11264,30618.256,43729.82,33140.232,0.1923
mixed,32,4,0.125,4.0,16384,0,128,512,176,37542.588,34738.504,34584.736,
mixed,32,4,0.125,4.0,16384,0,512,2048,704,32935.583,33534.194,32989.566,0.0902
mixed,32,4,0.125,4.0,16384,0,2048,8192,2816,33853.596,36286.117,33843.64,-0.0041
mixed,32,4,0.125,4.0,16384,0,8192,32768,11264,37931.817,49619.187,39629.483,0.1453
mixed,32,4,0.125,4.0,16384,512,128,512,176,34585.602,34758.759,34611.879,0.1518
mixed,32,4,0.125,4.0,16384,512,512,2048,704,34803.752,35620.253,34822.475,0.0229
mixed,32,4,0.125,4.0,16384,512,2048,8192,2816,35706.842,38130.568,37442.406,0.7161
mixed,32,4,0.125,4.0,16384,512,8192,32768,11264,45594.818,51414.08,41455.412,-0.7113
mixed,32,4,0.125,4.0,16384,2048,128,512,176,40166.719,40339.74,40201.119,0.1988
mixed,32,4,0.125,4.0,16384,2048,512,2048,704,40389.953,40961.134,40589.278,0.349
mixed,32,4,0.125,4.0,16384,2048,2048,8192,2816,41369.557,43737.923,41289.428,-0.0338
mixed,32,4,0.125,4.0,16384,2048,8192,32768,11264,45296.355,56996.442,46984.066,0.1442
mixed,32,4,0.125,4.0,16384,8192,128,512,176,63239.166,63498.663,63183.156,-0.2158
mixed,32,4,0.125,4.0,16384,8192,512,2048,704,63552.542,64280.208,63798.763,0.3384
mixed,32,4,0.125,4.0,16384,8192,2048,8192,2816,64357.743,67026.886,64377.674,0.0075
mixed,32,4,0.125,4.0,16384,8192,8192,32768,11264,68135.458,79252.068,74851.89,0.6042
mixed,32,4,0.125,4.0,16384,20480,128,512,176,109626.803,109637.262,109170.728,-43.606
mixed,32,4,0.125,4.0,16384,20480,512,2048,704,109122.669,109692.921,109473.943,0.616
mixed,32,4,0.125,4.0,16384,20480,2048,8192,2816,110722.869,113047.404,110540.376,-0.0785
mixed,32,4,0.125,4.0,16384,20480,8192,32768,11264,113888.686,124571.787,115099.25,0.1133
mixed,32,4,0.125,4.0,32768,0,128,512,176,126272.053,126530.086,126272.442,0.0015
mixed,32,4,0.125,4.0,32768,0,512,2048,704,127038.054,127662.237,127162.439,0.1993
mixed,32,4,0.125,4.0,32768,0,2048,8192,2816,128010.301,129877.41,127894.693,-0.0619
mixed,32,4,0.125,4.0,32768,0,8192,32768,11264,131349.328,142538.741,132613.091,0.1129
mixed,32,4,0.125,4.0,32768,512,128,512,176,130637.478,130820.002,130247.318,-2.1376
mixed,32,4,0.125,4.0,32768,512,512,2048,704,130495.383,131210.605,130282.654,-0.2974
mixed,32,4,0.125,4.0,32768,512,2048,8192,2816,131990.879,133509.311,131713.474,-0.1827
mixed,32,4,0.125,4.0,32768,512,8192,32768,11264,135283.052,146512.178,135640.233,0.0318
mixed,32,4,0.125,4.0,32768,2048,128,512,176,142010.206,141675.469,142396.907,
mixed,32,4,0.125,4.0,32768,2048,512,2048,704,142109.347,142657.075,142513.429,0.7377
mixed,32,4,0.125,4.0,32768,2048,2048,8192,2816,143208.349,145406.216,142922.775,-0.1299
mixed,32,4,0.125,4.0,32768,2048,8192,32768,11264,147043.576,158407.194,147767.547,0.0637
pure,32,8,0.25,4.0,0,0,128,512,224,126.114,222.887,179.683,0.5536
pure,32,8,0.25,4.0,0,0,512,2048,896,358.598,698.031,459.497,0.2973
pure,32,8,0.25,4.0,0,0,2048,8192,3584,1153.174,2523.829,1572.736,0.3061
pure,32,8,0.25,4.0,0,0,8192,32768,14336,4356.671,9812.013,6039.552,0.3085
mixed,32,8,0.25,4.0,16,0,128,512,224,194.884,403.369,277.063,0.3942
mixed,32,8,0.25,4.0,16,0,512,2048,896,623.02,1273.979,741.007,0.1813
mixed,32,8,0.25,4.0,16,0,2048,8192,3584,2139.98,4745.507,2720.538,0.2228
mixed,32,8,0.25,4.0,16,0,8192,32768,14336,8217.803,18644.39,10613.788,0.2298
mixed,32,8,0.25,4.0,16,512,128,512,224,246.853,404.521,281.959,0.2227
mixed,32,8,0.25,4.0,16,512,512,2048,896,621.1,1274.971,739.473,0.181
mixed,32,8,0.25,4.0,16,512,2048,8192,3584,2140.299,4748.74,2717.049,0.2211
mixed,32,8,0.25,4.0,16,512,8192,32768,14336,8235.502,18681.443,10614.46,0.2277
mixed,32,8,0.25,4.0,16,2048,128,512,224,458.569,612.941,494.953,0.2357
mixed,32,8,0.25,4.0,16,2048,512,2048,896,784.689,1274.747,739.631,-0.0919
mixed,32,8,0.25,4.0,16,2048,2048,8192,3584,2140.525,4748.995,2725.338,0.2242
mixed,32,8,0.25,4.0,16,2048,8192,32768,14336,8227.339,18650.339,10635.774,0.2311
mixed,32,8,0.25,4.0,16,8192,128,512,224,1301.371,1457.246,1338.331,0.2371
mixed,32,8,0.25,4.0,16,8192,512,2048,896,1626.083,2114.283,1581.921,-0.0905
mixed,32,8,0.25,4.0,16,8192,2048,8192,3584,2784.473,4748.13,2730.809,-0.0273
mixed,32,8,0.25,4.0,16,8192,8192,32768,14336,8227.242,18673.794,10611.803,0.2283
mixed,32,8,0.25,4.0,16,20480,128,512,224,2994.592,3151.712,3025.567,0.1971
mixed,32,8,0.25,4.0,16,20480,512,2048,896,3315.526,3816.656,3270.212,-0.0904
mixed,32,8,0.25,4.0,16,20480,2048,8192,3584,4473.085,6469.479,4416.412,-0.0284
mixed,32,8,0.25,4.0,16,20480,8192,32768,14336,9089.564,18672.0,10618.684,0.1596
mixed,32,8,0.25,4.0,64,0,128,512,224,195.907,404.617,278.47,0.3956
mixed,32,8,0.25,4.0,64,0,512,2048,896,624.332,1275.61,743.822,0.1835
mixed,32,8,0.25,4.0,64,0,2048,8192,3584,2141.996,4746.212,2717.847,0.2211
mixed,32,8,0.25,4.0,64,0,8192,32768,14336,8214.568,18649.633,10609.145,0.2295
mixed,32,8,0.25,4.0,64,512,128,512,224,252.325,406.248,286.021,0.2189
mixed,32,8,0.25,4.0,64,512,512,2048,896,623.052,1273.595,740.752,0.1809
mixed,32,8,0.25,4.0,64,512,2048,8192,3584,2147.051,4762.723,2721.016,0.2194
mixed,32,8,0.25,4.0,64,512,8192,32768,14336,8223.4,18687.84,10622.683,0.2293
mixed,32,8,0.25,4.0,64,2048,128,512,224,461.931,617.516,498.635,0.2359
mixed,32,8,0.25,4.0,64,2048,512,2048,896,786.961,1276.953,742.512,-0.0907
mixed,32,8,0.25,4.0,64,2048,2048,8192,3584,2141.197,4749.217,2722.49,0.2229
mixed,32,8,0.25,4.0,64,2048,8192,32768,14336,8231.656,18694.304,10613.083,0.2276
mixed,32,8,0.25,4.0,64,8192,128,512,224,1303.579,1460.222,1344.253,0.2597
mixed,32,8,0.25,4.0,64,8192,512,2048,896,1627.809,2117.74,1585.344,-0.0867
mixed,32,8,0.25,4.0,64,8192,2048,8192,3584,2789.273,4745.602,2729.369,-0.0306
mixed,32,8,0.25,4.0,64,8192,8192,32768,14336,8234.538,18679.872,10619.257,0.2283
mixed,32,8,0.25,4.0,64,20480,128,512,224,2990.397,3163.681,3028.223,0.2183
mixed,32,8,0.25,4.0,64,20480,512,2048,896,3317.828,3838.317,3272.453,-0.0872
mixed,32,8,0.25,4.0,64,20480,2048,8192,3584,4471.419,6470.693,4424.09,-0.0237
mixed,32,8,0.25,4.0,64,20480,8192,32768,14336,9085.753,18729.536,10634.139,0.1606
mixed,32,8,0.25,4.0,256,0,128,512,224,250.79,454.727,312.903,0.3046
mixed,32,8,0.25,4.0,256,0,512,2048,896,666.092,1310.333,767.12,0.1568
mixed,32,8,0.25,4.0,256,0,2048,8192,3584,2169.259,4770.05,2739.288,0.2192
mixed,32,8,0.25,4.0,256,0,8192,32768,14336,8243.689,18719.964,10642.619,0.229
mixed,32,8,0.25,4.0,256,512,128,512,224,327.622,520.553,349.957,0.1158
mixed,32,8,0.25,4.0,256,512,512,2048,896,749.551,1399.198,840.721,0.1403
mixed,32,8,0.25,4.0,256,512,2048,8192,3584,2262.446,4876.803,2738.745,0.1822
mixed,32,8,0.25,4.0,256,512,8192,32768,14336,8376.556,18836.865,10663.674,0.2186
mixed,32,8,0.25,4.0,256,2048,128,512,224,552.714,756.56,606.797,0.2653
mixed,32,8,0.25,4.0,256,2048,512,2048,896,968.117,1603.809,949.171,-0.0298
mixed,32,8,0.25,4.0,256,2048,2048,8192,3584,2488.276,5097.097,2810.811,0.1236
mixed,32,8,0.25,4.0,256,2048,8192,32768,14336,8570.318,19022.275,10658.584,0.1998
mixed,32,8,0.25,4.0,256,8192,128,512,224,1395.708,1606.977,1449.213,0.2533
mixed,32,8,0.25,4.0,256,8192,512,2048,896,1824.454,2469.493,1829.99,0.0086
mixed,32,8,0.25,4.0,256,8192,2048,8192,3584,3329.475,5916.344,3342.949,0.0052
mixed,32,8,0.25,4.0,256,8192,8192,32768,14336,9462.817,19950.455,10674.329,0.1155
mixed,32,8,0.25,4.0,256,20480,128,512,224,3095.935,3304.291,3146.048,0.2405
mixed,32,8,0.25,4.0,256,20480,512,2048,896,3509.285,4180.339,3544.49,0.0525
mixed,32,8,0.25,4.0,256,20480,2048,8192,3584,5057.831,7640.794,5062.057,0.0016
mixed,32,8,0.25,4.0,256,20480,8192,32768,14336,10368.116,21681.818,11809.392,0.1274
mixed,32,8,0.25,4.0,1024,0,128,512,224,552.43,728.048,588.81,0.2072
mixed,32,8,0.25,4.0,1024,0,512,2048,896,968.631,1671.809,1062.68,0.1337
mixed,32,8,0.25,4.0,1024,0,2048,8192,3584,2544.307,5227.975,2980.477,0.1625
mixed,32,8,0.25,4.0,1024,0,8192,32768,14336,8816.178,19525.099,10949.695,0.1992
mixed,32,8,0.25,4.0,1024,512,128,512,224,725.039,888.595,763.888,0.2375
mixed,32,8,0.25,4.0,1024,512,512,2048,896,1095.574,1814.661,1187.0,0.1271
mixed,32,8,0.25,4.0,1024,512,2048,8192,3584,2726.103,5382.413,3141.95,0.1566
mixed,32,8,0.25,4.0,1024,512,8192,32768,14336,9010.329,19863.987,11028.384,0.1859
mixed,32,8,0.25,4.0,1024,2048,128,512,224,1216.857,1413.757,1264.059,0.2397
mixed,32,8,0.25,4.0,1024,2048,512,2048,896,1619.138,2164.844,1592.512,-0.0488
mixed,32,8,0.25,4.0,1024,2048,2048,8192,3584,3156.961,5874.455,3571.113,0.1524
mixed,32,8,0.25,4.0,1024,2048,8192,32768,14336,9425.311,20255.708,11261.829,0.1696
mixed,32,8,0.25,4.0,1024,8192,128,512,224,2896.7,3202.305,2955.645,0.1929
mixed,32,8,0.25,4.0,1024,8192,512,2048,896,3537.385,4187.925,3513.382,-0.0369
mixed,32,8,0.25,4.0,1024,8192,2048,8192,3584,4938.599,7324.948,4879.683,-0.0247
mixed,32,8,0.25,4.0,1024,8192,8192,32768,14336,11279.718,21912.99,13113.133,0.1724
mixed,32,8,0.25,4.0,1024,20480,128,512,224,6258.496,6564.17,6319.936,0.201
mixed,32,8,0.25,4.0,1024,20480,512,2048,896,6886.35,7902.946,6835.179,-0.0503
mixed,32,8,0.25,4.0,1024,20480,2048,8192,3584,8854.261,11344.965,8901.238,0.0189
mixed,32,8,0.25,4.0,1024,20480,8192,32768,14336,14220.16,25958.705,15510.267,0.1099
mixed,32,8,0.25,4.0,4096,0,128,512,224,3242.656,3410.18,3278.978,0.2168
mixed,32,8,0.25,4.0,4096,0,512,2048,896,3584.329,4141.749,3589.001,0.0084
mixed,32,8,0.25,4.0,4096,0,2048,8192,3584,5062.949,7943.745,5497.519,0.1509
mixed,32,8,0.25,4.0,4096,0,8192,32768,14336,11588.746,22361.319,13526.004,0.1798
mixed,32,8,0.25,4.0,4096,512,128,512,224,3809.07,3980.976,3855.118,0.2679
mixed,32,8,0.25,4.0,4096,512,512,2048,896,4145.237,4690.398,4142.356,-0.0053
mixed,32,8,0.25,4.0,4096,512,2048,8192,3584,5580.658,8469.581,5984.28,0.1397
mixed,32,8,0.25,4.0,4096,512,8192,32768,14336,12139.064,22933.842,14061.724,0.1781
mixed,32,8,0.25,4.0,4096,2048,128,512,224,5524.848,5699.477,5569.266,0.2544
mixed,32,8,0.25,4.0,4096,2048,512,2048,896,5857.334,6365.058,5866.965,0.019
mixed,32,8,0.25,4.0,4096,2048,2048,8192,3584,7186.542,10021.293,7507.414,0.1132
mixed,32,8,0.25,4.0,4096,2048,8192,32768,14336,13849.495,24624.755,15640.638,0.1662
mixed,32,8,0.25,4.0,4096,8192,128,512,224,12458.269,12670.212,12515.806,0.2715
mixed,32,8,0.25,4.0,4096,8192,512,2048,896,12718.305,12915.11,12739.554,0.108
mixed,32,8,0.25,4.0,4096,8192,2048,8192,3584,13520.721,16309.837,13752.824,0.0832
mixed,32,8,0.25,4.0,4096,8192,8192,32768,14336,19918.482,31447.871,21853.791,0.1679
mixed,32,8,0.25,4.0,4096,20480,128,512,224,26001.074,26242.009,26083.509,0.3421
mixed,32,8,0.25,4.0,4096,20480,512,2048,896,26231.188,26176.975,26189.051,
mixed,32,8,0.25,4.0,4096,20480,2048,8192,3584,26422.683,28911.309,26307.829,-0.0462
mixed,32,8,0.25,4.0,4096,20480,8192,32768,14336,32812.062,43777.717,34545.631,0.1581
mixed,32,8,0.25,4.0,16384,0,128,512,224,37328.788,32899.388,32785.56,
mixed,32,8,0.25,4.0,16384,0,512,2048,896,33034.079,33524.909,33058.558,0.0499
mixed,32,8,0.25,4.0,16384,0,2048,8192,3584,34171.768,36290.876,34170.713,-0.0005
mixed,32,8,0.25,4.0,16384,0,8192,32768,14336,39672.522,49640.398,41081.757,0.1414
mixed,32,8,0.25,4.0,16384,512,128,512,224,34597.382,34742.338,34626.464,0.2006
mixed,32,8,0.25,4.0,16384,512,512,2048,896,34916.233,35381.778,34903.18,-0.028
mixed,32,8,0.25,4.0,16384,512,2048,8192,3584,36032.863,38193.066,41311.975,2.4438
mixed,32,8,0.25,4.0,16384,512,8192,32768,14336,47467.427,51402.455,42939.211,-1.1507
mixed,32,8,0.25,4.0,16384,2048,128,512,224,40175.439,40342.395,40226.074,0.3033
mixed,32,8,0.25,4.0,16384,2048,512,2048,896,40500.827,40971.554,40517.473,0.0354
mixed,32,8,0.25,4.0,16384,2048,2048,8192,3584,41695.859,43651.128,41887.379,0.098
mixed,32,8,0.25,4.0,16384,2048,8192,32768,14336,46938.173,57004.079,48449.788,0.1502
mixed,32,8,0.25,4.0,16384,8192,128,512,224,63336.142,63788.826,63725.408,0.8599
mixed,32,8,0.25,4.0,16384,8192,512,2048,896,64293.536,64551.528,64208.289,-0.3304
mixed,32,8,0.25,4.0,16384,8192,2048,8192,3584,65102.588,67220.728,65130.497,0.0132
mixed,32,8,0.25,4.0,16384,8192,8192,32768,14336,69952.568,79664.959,71302.354,0.139
mixed,32,8,0.25,4.0,16384,20480,128,512,224,109386.211,109994.289,109405.418,0.0316
mixed,32,8,0.25,4.0,16384,20480,512,2048,896,109594.716,110233.075,109834.601,0.3758
mixed,32,8,0.25,4.0,16384,20480,2048,8192,3584,111223.082,113151.426,111032.219,-0.099
mixed,32,8,0.25,4.0,16384,20480,8192,32768,14336,116013.15,124849.444,116604.96,0.067
mixed,32,8,0.25,4.0,32768,0,128,512,224,126642.126,126797.552,127179.99,3.4606
mixed,32,8,0.25,4.0,32768,0,512,2048,896,127286.194,127788.785,127097.561,-0.3753
mixed,32,8,0.25,4.0,32768,0,2048,8192,3584,128260.889,130174.874,128282.426,0.0113
mixed,32,8,0.25,4.0,32768,0,8192,32768,14336,132709.418,143433.395,134048.594,0.1249
mixed,32,8,0.25,4.0,32768,512,128,512,224,130736.298,130479.404,130597.649,
mixed,32,8,0.25,4.0,32768,512,512,2048,896,131361.31,131435.007,130760.126,-8.1575
mixed,32,8,0.25,4.0,32768,512,2048,8192,3584,132247.774,134121.912,132296.923,0.0262
mixed,32,8,0.25,4.0,32768,512,8192,32768,14336,136679.12,147090.409,137495.948,0.0785
mixed,32,8,0.25,4.0,32768,2048,128,512,224,141928.598,142183.629,141714.173,-0.8408
mixed,32,8,0.25,4.0,32768,2048,512,2048,896,142803.396,143127.684,142231.836,-1.7625
mixed,32,8,0.25,4.0,32768,2048,2048,8192,3584,143870.902,145890.66,143316.715,-0.2744
mixed,32,8,0.25,4.0,32768,2048,8192,32768,14336,147937.139,158869.662,148898.82,0.088
pure,32,16,0.5,4.0,0,0,128,512,320,156.931,225.094,207.492,0.7418
pure,32,16,0.5,4.0,0,0,512,2048,1280,474.028,696.974,568.555,0.424
pure,32,16,0.5,4.0,0,0,2048,8192,5120,1612.386,2530.068,1929.32,0.3454
pure,32,16,0.5,4.0,0,0,8192,32768,20480,6193.441,9898.222,7366.809,0.3167
mixed,32,16,0.5,4.0,16,0,128,512,320,264.518,403.496,317.192,0.379
mixed,32,16,0.5,4.0,16,0,512,2048,1280,840.179,1273.052,947.637,0.2482
mixed,32,16,0.5,4.0,16,0,2048,8192,5120,3009.311,4751.619,3394.022,0.2208
mixed,32,16,0.5,4.0,16,0,8192,32768,20480,11703.829,18655.812,13176.719,0.2119
mixed,32,16,0.5,4.0,16,512,128,512,320,300.934,405.032,338.119,0.3572
mixed,32,16,0.5,4.0,16,512,512,2048,1280,839.729,1275.642,947.475,0.2472
mixed,32,16,0.5,4.0,16,512,2048,8192,5120,3011.2,4750.499,3398.375,0.2226
mixed,32,16,0.5,4.0,16,512,8192,32768,20480,11694.421,18687.65,13177.522,0.2121
mixed,32,16,0.5,4.0,16,2048,128,512,320,511.115,612.941,546.506,0.3476
mixed,32,16,0.5,4.0,16,2048,512,2048,1280,949.621,1274.587,974.516,0.0766
mixed,32,16,0.5,4.0,16,2048,2048,8192,5120,3010.88,4748.641,3389.862,0.2181
mixed,32,16,0.5,4.0,16,2048,8192,32768,20480,11704.498,18649.251,13181.746,0.2127
mixed,32,16,0.5,4.0,16,8192,128,512,320,1352.316,1454.78,1389.501,0.3629
mixed,32,16,0.5,4.0,16,8192,512,2048,1280,1787.204,2114.765,1814.502,0.0833
mixed,32,16,0.5,4.0,16,8192,2048,8192,5120,3439.434,4746.179,3636.267,0.1506
mixed,32,16,0.5,4.0,16,8192,8192,32768,20480,11700.34,18678.176,13138.835,0.2062
mixed,32,16,0.5,4.0,16,20480,128,512,320,3041.216,3145.923,3074.081,0.3139
mixed,32,16,0.5,4.0,16,20480,512,2048,1280,3488.966,3822.765,3505.642,0.05
mixed,32,16,0.5,4.0,16,20480,2048,8192,5120,5120.556,6469.894,5341.998,0.1641
mixed,32,16,0.5,4.0,16,20480,8192,32768,20480,11712.112,18704.514,13819.196,0.3013
mixed,32,16,0.5,4.0,64,0,128,512,320,266.885,404.553,321.094,0.3938
mixed,32,16,0.5,4.0,64,0,512,2048,1280,842.034,1273.722,950.196,0.2506
mixed,32,16,0.5,4.0,64,0,2048,8192,5120,3010.333,4746.849,3397.063,0.2227
mixed,32,16,0.5,4.0,64,0,8192,32768,20480,11721.842,18716.929,13181.103,0.2086
mixed,32,16,0.5,4.0,64,512,128,512,320,303.623,405.961,337.99,0.3358
mixed,32,16,0.5,4.0,64,512,512,2048,1280,841.778,1274.939,950.997,0.2521
mixed,32,16,0.5,4.0,64,512,2048,8192,5120,3011.998,4749.764,3402.15,0.2245
mixed,32,16,0.5,4.0,64,512,8192,32768,20480,11709.617,18724.0,13188.975,0.2109
mixed,32,16,0.5,4.0,64,2048,128,512,320,514.122,615.981,549.354,0.3459
mixed,32,16,0.5,4.0,64,2048,512,2048,1280,951.508,1274.971,972.661,0.0654
mixed,32,16,0.5,4.0,64,2048,2048,8192,5120,3010.335,4750.945,3397.798,0.2226
mixed,32,16,0.5,4.0,64,2048,8192,32768,20480,11734.799,18659.548,13178.894,0.2085
mixed,32,16,0.5,4.0,64,8192,128,512,320,1357.436,1459.903,1392.7,0.3441
mixed,32,16,0.5,4.0,64,8192,512,2048,1280,1787.813,2119.853,1815.684,0.0839
mixed,32,16,0.5,4.0,64,8192,2048,8192,5120,3441.957,4744.449,3639.467,0.1516
mixed,32,16,0.5,4.0,64,8192,8192,32768,20480,11737.775,18665.084,13135.724,0.2018
mixed,32,16,0.5,4.0,64,20480,128,512,320,3044.384,3144.449,3082.238,0.3783
mixed,32,16,0.5,4.0,64,20480,512,2048,1280,3479.143,3824.59,3502.791,0.0685
mixed,32,16,0.5,4.0,64,20480,2048,8192,5120,5118.76,6477.828,5342.7,0.1648
mixed,32,16,0.5,4.0,64,20480,8192,32768,20480,11743.215,18702.46,13840.859,0.3014
mixed,32,16,0.5,4.0,256,0,128,512,320,320.007,452.872,365.672,0.3437
mixed,32,16,0.5,4.0,256,0,512,2048,1280,878.258,1312.187,986.133,0.2486
mixed,32,16,0.5,4.0,256,0,2048,8192,5120,3033.759,4773.058,3444.966,0.2364
mixed,32,16,0.5,4.0,256,0,8192,32768,20480,11731.471,18702.716,13210.957,0.2122
mixed,32,16,0.5,4.0,256,512,128,512,320,377.0,521.577,395.144,0.1255
mixed,32,16,0.5,4.0,256,512,512,2048,1280,964.403,1395.9,998.807,0.0797
mixed,32,16,0.5,4.0,256,512,2048,8192,5120,3137.28,4875.558,3496.421,0.2066
mixed,32,16,0.5,4.0,256,512,8192,32768,20480,11840.016,18812.124,13236.688,0.2003
mixed,32,16,0.5,4.0,256,2048,128,512,320,622.989,755.119,657.359,0.2601
mixed,32,16,0.5,4.0,256,2048,512,2048,1280,1088.823,1604.16,1090.871,0.004
mixed,32,16,0.5,4.0,256,2048,2048,8192,5120,3352.835,5092.871,3652.202,0.172
mixed,32,16,0.5,4.0,256,2048,8192,32768,20480,12078.646,19037.091,13265.325,0.1705
mixed,32,16,0.5,4.0,256,8192,128,512,320,1467.391,1607.202,1501.758,0.2458
mixed,32,16,0.5,4.0,256,8192,512,2048,1280,2041.512,2470.515,2056.457,0.0348
mixed,32,16,0.5,4.0,256,8192,2048,8192,5120,3877.743,5918.296,3951.822,0.0363
mixed,32,16,0.5,4.0,256,8192,8192,32768,20480,12946.376,19930.133,14262.689,0.1885
mixed,32,16,0.5,4.0,256,20480,128,512,320,3153.247,3294.243,3195.809,0.3019
mixed,32,16,0.5,4.0,256,20480,512,2048,1280,3729.419,4177.398,3741.614,0.0272
mixed,32,16,0.5,4.0,256,20480,2048,8192,5120,5931.481,7646.172,5922.201,-0.0054
mixed,32,16,0.5,4.0,256,20480,8192,32768,20480,14566.375,21720.247,14888.3,0.045
mixed,32,16,0.5,4.0,1024,0,128,512,320,605.612,727.663,630.477,0.2037
mixed,32,16,0.5,4.0,1024,0,512,2048,1280,1206.681,1670.595,1252.728,0.0993
mixed,32,16,0.5,4.0,1024,0,2048,8192,5120,3433.504,5234.026,3769.804,0.1868
mixed,32,16,0.5,4.0,1024,0,8192,32768,20480,12418.138,19519.595,13500.563,0.1524
mixed,32,16,0.5,4.0,1024,512,128,512,320,786.832,889.265,815.826,0.2831
mixed,32,16,0.5,4.0,1024,512,512,2048,1280,1336.955,1814.181,1380.413,0.0911
mixed,32,16,0.5,4.0,1024,512,2048,8192,5120,3614.76,5378.637,3882.672,0.1519
mixed,32,16,0.5,4.0,1024,512,8192,32768,20480,12621.921,19820.497,13673.94,0.1461
mixed,32,16,0.5,4.0,1024,2048,128,512,320,1292.889,1412.158,1315.802,0.1921
mixed,32,16,0.5,4.0,1024,2048,512,2048,1280,1745.891,2165.58,1748.099,0.0053
mixed,32,16,0.5,4.0,1024,2048,2048,8192,5120,4022.289,5877.879,4325.271,0.1633
mixed,32,16,0.5,4.0,1024,2048,8192,32768,20480,13009.383,20276.057,14218.177,0.1663
mixed,32,16,0.5,4.0,1024,8192,128,512,320,2995.997,3212.96,3020.604,0.1134
mixed,32,16,0.5,4.0,1024,8192,512,2048,1280,3817.934,4192.086,3778.633,-0.105
mixed,32,16,0.5,4.0,1024,8192,2048,8192,5120,5583.41,7329.237,5581.875,-0.0009
mixed,32,16,0.5,4.0,1024,8192,8192,32768,20480,14674.024,21919.996,15736.094,0.1466
mixed,32,16,0.5,4.0,1024,20480,128,512,320,6359.424,6559.491,6386.273,0.1342
mixed,32,16,0.5,4.0,1024,20480,512,2048,1280,7217.011,7905.729,7111.694,-0.1529
mixed,32,16,0.5,4.0,1024,20480,2048,8192,5120,9750.949,11322.535,9583.107,-0.1068
mixed,32,16,0.5,4.0,1024,20480,8192,32768,20480,17675.847,25940.619,19050.529,0.1663
mixed,32,16,0.5,4.0,4096,0,128,512,320,3300.835,3410.564,3320.898,0.1828
mixed,32,16,0.5,4.0,4096,0,512,2048,1280,3772.814,4141.78,3773.644,0.0022
mixed,32,16,0.5,4.0,4096,0,2048,8192,5120,6056.219,7943.359,6273.565,0.1152
mixed,32,16,0.5,4.0,4096,0,8192,32768,20480,15188.436,22329.959,16447.883,0.1764
mixed,32,16,0.5,4.0,4096,512,128,512,320,3865.871,3973.711,3900.528,0.3214
mixed,32,16,0.5,4.0,4096,512,512,2048,1280,4324.662,4691.326,4317.144,-0.0205
mixed,32,16,0.5,4.0,4096,512,2048,8192,5120,6556.228,8473.677,6815.656,0.1353
mixed,32,16,0.5,4.0,4096,512,8192,32768,20480,15713.631,22913.873,17025.366,0.1822
mixed,32,16,0.5,4.0,4096,2048,128,512,320,5581.647,5699.571,5625.553,0.3723
mixed,32,16,0.5,4.0,4096,2048,512,2048,1280,6024.636,6366.176,6033.564,0.0261
mixed,32,16,0.5,4.0,4096,2048,2048,8192,5120,8112.837,10016.233,8411.528,0.1569
mixed,32,16,0.5,4.0,4096,2048,8192,32768,20480,17511.203,24606.993,18692.091,0.1664
mixed,32,16,0.5,4.0,4096,8192,128,512,320,12528.094,12668.03,12562.973,0.2492
mixed,32,16,0.5,4.0,4096,8192,512,2048,1280,12779.843,12914.886,12710.945,-0.5102
mixed,32,16,0.5,4.0,4096,8192,2048,8192,5120,14385.636,16303.402,14491.752,0.0553
mixed,32,16,0.5,4.0,4096,8192,8192,32768,20480,23853.571,31439.003,25088.346,0.1628
mixed,32,16,0.5,4.0,4096,20480,128,512,320,26121.969,26240.242,26170.156,0.4074
mixed,32,16,0.5,4.0,4096,20480,512,2048,1280,26239.087,26219.828,26221.113,
mixed,32,16,0.5,4.0,4096,20480,2048,8192,5120,27052.8,28912.966,27187.082,0.0722
mixed,32,16,0.5,4.0,4096,20480,8192,32768,20480,36739.24,43769.684,37586.009,0.1204
mixed,32,16,0.5,4.0,16384,0,128,512,320,37604.274,32889.497,32816.433,
mixed,32,16,0.5,4.0,16384,0,512,2048,1280,33191.265,33533.19,33200.765,0.0278
mixed,32,16,0.5,4.0,16384,0,2048,8192,5120,34742.494,36290.853,34771.364,0.0186
mixed,32,16,0.5,4.0,16384,0,8192,32768,20480,42933.187,49624.716,43974.104,0.1556
mixed,32,16,0.5,4.0,16384,512,128,512,320,34656.829,34753.288,34673.567,0.1735
mixed,32,16,0.5,4.0,16384,512,512,2048,1280,40238.73,35363.184,35105.226,
mixed,32,16,0.5,4.0,16384,512,2048,8192,5120,36630.476,38229.576,41897.913,3.294
mixed,32,16,0.5,4.0,16384,512,8192,32768,20480,44793.935,51406.293,52497.484,1.165
mixed,32,16,0.5,4.0,16384,2048,128,512,320,40220.184,40602.812,40340.857,0.3154
mixed,32,16,0.5,4.0,16384,2048,512,2048,1280,40668.763,41149.065,40676.608,0.0163
mixed,32,16,0.5,4.0,16384,2048,2048,8192,5120,42542.496,43979.87,42553.99,0.008
mixed,32,16,0.5,4.0,16384,2048,8192,32768,20480,50663.618,57397.743,51569.913,0.1346
mixed,32,16,0.5,4.0,16384,8192,128,512,320,63802.355,63724.147,63428.172,
mixed,32,16,0.5,4.0,16384,8192,512,2048,1280,64345.186,64577.736,64247.39,-0.4205
mixed,32,16,0.5,4.0,16384,8192,2048,8192,5120,65662.235,67461.918,65965.505,0.1685
mixed,32,16,0.5,4.0,16384,8192,8192,32768,20480,73207.661,79667.615,73860.132,0.101
mixed,32,16,0.5,4.0,16384,20480,128,512,320,109328.869,109678.953,109589.729,0.7451
mixed,32,16,0.5,4.0,16384,20480,512,2048,1280,109742.915,110148.241,109715.153,-0.0685
mixed,32,16,0.5,4.0,16384,20480,2048,8192,5120,111978.961,113423.763,111942.54,-0.0252
mixed,32,16,0.5,4.0,16384,20480,8192,32768,20480,119280.715,125087.779,120082.689,0.1381
mixed,32,16,0.5,4.0,32768,0,128,512,320,126922.706,126788.37,126609.551,
mixed,32,16,0.5,4.0,32768,0,512,2048,1280,127507.672,127911.204,127385.091,-0.3038
mixed,32,16,0.5,4.0,32768,0,2048,8192,5120,128589.3,130635.269,128786.768,0.0965
mixed,32,16,0.5,4.0,32768,0,8192,32768,20480,136663.844,142748.923,137307.566,0.1058
mixed,32,16,0.5,4.0,32768,512,128,512,320,130794.503,131138.989,130644.422,-0.4357
mixed,32,16,0.5,4.0,32768,512,512,2048,1280,131324.022,131444.506,131001.948,-2.6732
mixed,32,16,0.5,4.0,32768,512,2048,8192,5120,132749.904,134002.646,132895.164,0.116
mixed,32,16,0.5,4.0,32768,512,8192,32768,20480,140789.602,147206.354,141160.949,0.0579
mixed,32,16,0.5,4.0,32768,2048,128,512,320,141727.1,142549.293,142242.246,0.6266
mixed,32,16,0.5,4.0,32768,2048,512,2048,1280,142905.433,143214.846,142407.028,-1.6108
mixed,32,16,0.5,4.0,32768,2048,2048,8192,5120,144138.383,145782.495,144401.981,0.1603
mixed,32,16,0.5,4.0,32768,2048,8192,32768,20480,151693.037,158880.038,152653.476,0.1336
pure,32,24,0.75,4.0,0,0,128,512,416,190.02,223.59,238.279,1.4376
pure,32,24,0.75,4.0,0,0,512,2048,1664,583.756,698.736,690.223,0.926
pure,32,24,0.75,4.0,0,0,2048,8192,6656,2065.613,2514.548,2489.075,0.9433
pure,32,24,0.75,4.0,0,0,8192,32768,26624,7969.061,9854.284,9694.279,0.9151
mixed,32,24,0.75,4.0,16,0,128,512,416,334.728,403.942,384.936,0.7254
mixed,32,24,0.75,4.0,16,0,512,2048,1664,1057.365,1272.634,1157.913,0.4671
mixed,32,24,0.75,4.0,16,0,2048,8192,6656,3879.314,4747.33,4261.465,0.4403
mixed,32,24,0.75,4.0,16,0,8192,32768,26624,15179.769,18656.834,16670.107,0.4286
mixed,32,24,0.75,4.0,16,512,128,512,416,349.736,404.553,392.264,0.7758
mixed,32,24,0.75,4.0,16,512,512,2048,1664,1056.983,1272.859,1161.017,0.4819
mixed,32,24,0.75,4.0,16,512,2048,8192,6656,3876.017,4758.531,4269.978,0.4464
mixed,32,24,0.75,4.0,16,512,8192,32768,26624,15192.89,18682.307,16546.04,0.3878
mixed,32,24,0.75,4.0,16,2048,128,512,416,560.364,612.204,560.555,0.0037
mixed,32,24,0.75,4.0,16,2048,512,2048,1664,1113.175,1275.515,1171.322,0.3582
mixed,32,24,0.75,4.0,16,2048,2048,8192,6656,3877.425,4739.682,4249.175,0.4311
mixed,32,24,0.75,4.0,16,2048,8192,32768,26624,15214.233,18685.154,16655.383,0.4152
mixed,32,24,0.75,4.0,16,8192,128,512,416,1406.045,1455.486,1404.988,-0.0214
mixed,32,24,0.75,4.0,16,8192,512,2048,1664,1952.586,2113.643,1922.44,-0.1872
mixed,32,24,0.75,4.0,16,8192,2048,8192,6656,4088.949,4742.147,4292.346,0.3114
mixed,32,24,0.75,4.0,16,8192,8192,32768,26624,15186.328,18656.317,16646.037,0.4207
mixed,32,24,0.75,4.0,16,20480,128,512,416,3097.217,3142.243,3076.767,-0.4542
mixed,32,24,0.75,4.0,16,20480,512,2048,1664,3643.274,3817.966,3600.235,-0.2464
mixed,32,24,0.75,4.0,16,20480,2048,8192,6656,5773.91,6465.7,5669.461,-0.151
mixed,32,24,0.75,4.0,16,20480,8192,32768,26624,15203.384,18703.136,16739.287,0.4389
mixed,32,24,0.75,4.0,64,0,128,512,416,335.783,404.394,387.56,0.7546
mixed,32,24,0.75,4.0,64,0,512,2048,1664,1057.239,1274.3,1156.887,0.4591
mixed,32,24,0.75,4.0,64,0,2048,8192,6656,3879.024,4750.177,4265.143,0.4432
mixed,32,24,0.75,4.0,64,0,8192,32768,26624,15193.399,18641.789,16676.152,0.43
mixed,32,24,0.75,4.0,64,512,128,512,416,355.048,406.28,394.856,0.777
mixed,32,24,0.75,4.0,64,512,512,2048,1664,1059.83,1274.586,1160.376,0.4682
mixed,32,24,0.75,4.0,64,512,2048,8192,6656,3876.719,4755.105,4271.544,0.4495
mixed,32,24,0.75,4.0,64,512,8192,32768,26624,15205.686,18654.652,16680.246,0.4275
mixed,32,24,0.75,4.0,64,2048,128,512,416,564.587,617.42,565.452,0.0164
mixed,32,24,0.75,4.0,64,2048,512,2048,1664,1114.679,1275.963,1171.576,0.3528
mixed,32,24,0.75,4.0,64,2048,2048,8192,6656,3887.791,4745.953,4243.608,0.4146
mixed,32,24,0.75,4.0,64,2048,8192,32768,26624,15224.534,18718.268,16699.925,0.4223
mixed,32,24,0.75,4.0,64,8192,128,512,416,1409.95,1460.028,1408.671,-0.0255
mixed,32,24,0.75,4.0,64,8192,512,2048,1664,1952.809,2119.915,1925.447,-0.1637
mixed,32,24,0.75,4.0,64,8192,2048,8192,6656,4095.573,4742.625,4287.225,0.2962
mixed,32,24,0.75,4.0,64,8192,8192,32768,26624,15189.173,18655.739,16620.946,0.413
mixed,32,24,0.75,4.0,64,20480,128,512,416,3090.878,3146.496,3092.511,0.0294
mixed,32,24,0.75,4.0,64,20480,512,2048,1664,3639.564,3815.214,3613.546,-0.1481
mixed,32,24,0.75,4.0,64,20480,2048,8192,6656,5774.325,6470.756,5671.539,-0.1476
mixed,32,24,0.75,4.0,64,20480,8192,32768,26624,15235.861,18658.909,16737.555,0.4387
mixed,32,24,0.75,4.0,256,0,128,512,416,385.671,453.449,418.952,0.491
mixed,32,24,0.75,4.0,256,0,512,2048,1664,1094.518,1311.324,1182.039,0.4037
mixed,32,24,0.75,4.0,256,0,2048,8192,6656,3900.976,4771.874,4283.287,0.439
mixed,32,24,0.75,4.0,256,0,8192,32768,26624,15204.501,18679.835,16684.98,0.426
mixed,32,24,0.75,4.0,256,512,128,512,416,435.879,520.779,439.081,0.0377
mixed,32,24,0.75,4.0,256,512,512,2048,1664,1179.577,1397.692,1219.417,0.1827
mixed,32,24,0.75,4.0,256,512,2048,8192,6656,4009.075,4875.748,4283.031,0.3161
mixed,32,24,0.75,4.0,256,512,8192,32768,26624,15336.534,18784.122,16710.611,0.3986
mixed,32,24,0.75,4.0,256,2048,128,512,416,688.142,756.303,699.534,0.1671
mixed,32,24,0.75,4.0,256,2048,512,2048,1664,1341.852,1604.609,1301.947,-0.1519
mixed,32,24,0.75,4.0,256,2048,2048,8192,6656,4224.885,5088.297,4317.497,0.1073
mixed,32,24,0.75,4.0,256,2048,8192,32768,26624,15545.626,19081.667,16675.537,0.3195
mixed,32,24,0.75,4.0,256,8192,128,512,416,1535.199,1604.513,1555.102,0.2871
mixed,32,24,0.75,4.0,256,8192,512,2048,1664,2255.82,2469.041,2259.053,0.0152
mixed,32,24,0.75,4.0,256,8192,2048,8192,6656,4895.843,5914.871,4796.355,-0.0976
mixed,32,24,0.75,4.0,256,8192,8192,32768,26624,16437.039,19944.755,16757.941,0.0915
mixed,32,24,0.75,4.0,256,20480,128,512,416,3227.618,3297.506,3241.22,0.1946
mixed,32,24,0.75,4.0,256,20480,512,2048,1664,3957.231,4180.342,3964.625,0.0331
mixed,32,24,0.75,4.0,256,20480,2048,8192,6656,6799.559,7628.857,6505.956,-0.354
mixed,32,24,0.75,4.0,256,20480,8192,32768,26624,18184.945,21663.956,18465.59,0.0807
mixed,32,24,0.75,4.0,1024,0,128,512,416,658.828,727.599,670.864,0.175
mixed,32,24,0.75,4.0,1024,0,512,2048,1664,1448.798,1665.282,1449.372,0.0027
mixed,32,24,0.75,4.0,1024,0,2048,8192,6656,4332.152,5225.929,4499.262,0.187
mixed,32,24,0.75,4.0,1024,0,8192,32768,26624,15997.154,19567.4,16956.023,0.2686
mixed,32,24,0.75,4.0,1024,512,128,512,416,841.426,890.513,851.312,0.2014
mixed,32,24,0.75,4.0,1024,512,512,2048,1664,1576.769,1816.837,1568.256,-0.0355
mixed,32,24,0.75,4.0,1024,512,2048,8192,6656,4470.652,5385.582,4628.187,0.1722
mixed,32,24,0.75,4.0,1024,512,8192,32768,26624,16247.146,19860.144,17026.297,0.2157
mixed,32,24,0.75,4.0,1024,2048,128,512,416,1355.067,1414.206,1367.227,0.2056
mixed,32,24,0.75,4.0,1024,2048,512,2048,1664,1945.065,2165.228,1957.703,0.0574
mixed,32,24,0.75,4.0,1024,2048,2048,8192,6656,4960.387,5871.48,5199.369,0.2623
mixed,32,24,0.75,4.0,1024,2048,8192,32768,26624,16672.879,20249.914,17279.099,0.1695
mixed,32,24,0.75,4.0,1024,8192,128,512,416,3102.43,3201.376,3101.728,-0.0071
mixed,32,24,0.75,4.0,1024,8192,512,2048,1664,3985.648,4183.86,3980.334,-0.0268
mixed,32,24,0.75,4.0,1024,8192,2048,8192,6656,6471.042,7330.132,6484.194,0.0153
mixed,32,24,0.75,4.0,1024,8192,8192,32768,26624,18314.417,21926.871,19273.157,0.2654
mixed,32,24,0.75,4.0,1024,20480,128,512,416,6461.027,6562.789,6466.08,0.0497
mixed,32,24,0.75,4.0,1024,20480,512,2048,1664,7568.566,7902.974,7409.109,-0.4768
mixed,32,24,0.75,4.0,1024,20480,2048,8192,6656,10763.735,11325.7,10663.671,-0.1781
mixed,32,24,0.75,4.0,1024,20480,8192,32768,26624,22202.975,25960.333,21786.845,-0.1108
mixed,32,24,0.75,4.0,4096,0,128,512,416,3353.732,3410.311,3361.891,0.1442
mixed,32,24,0.75,4.0,4096,0,512,2048,1664,3960.175,4141.235,3955.632,-0.0251
mixed,32,24,0.75,4.0,4096,0,2048,8192,6656,7004.686,7941.248,7128.432,0.1321
mixed,32,24,0.75,4.0,4096,0,8192,32768,26624,18747.065,22330.273,19511.785,0.2134
mixed,32,24,0.75,4.0,4096,512,128,512,416,3923.759,3975.857,3936.046,0.2358
mixed,32,24,0.75,4.0,4096,512,512,2048,1664,4505.5,4693.088,4504.411,-0.0058
mixed,32,24,0.75,4.0,4096,512,2048,8192,6656,7515.479,8468.074,7659.195,0.1509
mixed,32,24,0.75,4.0,4096,512,8192,32768,26624,19327.399,22905.036,20050.771,0.2022
mixed,32,24,0.75,4.0,4096,2048,128,512,416,5643.505,5698.708,5658.42,0.2702
mixed,32,24,0.75,4.0,4096,2048,512,2048,1664,6196.86,6360.163,6198.301,0.0088
mixed,32,24,0.75,4.0,4096,2048,2048,8192,6656,8979.125,10019.914,9238.811,0.2495
mixed,32,24,0.75,4.0,4096,2048,8192,32768,26624,21051.976,24624.304,21593.137,0.1515
mixed,32,24,0.75,4.0,4096,8192,128,512,416,12603.198,12671.165,12613.985,0.1587
mixed,32,24,0.75,4.0,4096,8192,512,2048,1664,12872.71,12902.149,12822.435,-1.7078
mixed,32,24,0.75,4.0,4096,8192,2048,8192,6656,15367.418,16304.742,15381.656,0.0152
mixed,32,24,0.75,4.0,4096,8192,8192,32768,26624,27737.549,31438.491,28191.227,0.1226
mixed,32,24,0.75,4.0,4096,20480,128,512,416,26231.244,26208.686,26194.544,
mixed,32,24,0.75,4.0,4096,20480,512,2048,1664,26268.431,26207.538,26189.233,
mixed,32,24,0.75,4.0,4096,20480,2048,8192,6656,27934.514,28900.096,27985.556,0.0529
mixed,32,24,0.75,4.0,4096,20480,8192,32768,26624,40100.937,43739.245,40195.817,0.0261
mixed,32,24,0.75,4.0,16384,0,128,512,416,37676.121,32891.379,32845.145,
mixed,32,24,0.75,4.0,16384,0,512,2048,1664,33362.246,33534.957,33360.579,-0.0097
mixed,32,24,0.75,4.0,16384,0,2048,8192,6656,35441.262,36285.559,35510.898,0.0825
mixed,32,24,0.75,4.0,16384,0,8192,32768,26624,46257.704,49625.26,46778.165,0.1546
mixed,32,24,0.75,4.0,16384,512,128,512,416,34699.416,34744.869,34706.752,0.1614
mixed,32,24,0.75,4.0,16384,512,512,2048,1664,35223.755,35366.418,35247.304,0.1651
mixed,32,24,0.75,4.0,16384,512,2048,8192,6656,37270.291,38137.572,37271.198,0.001
mixed,32,24,0.75,4.0,16384,512,8192,32768,26624,48101.427,51403.254,48598.231,0.1505
mixed,32,24,0.75,4.0,16384,2048,128,512,416,40355.248,40348.494,40287.601,
mixed,32,24,0.75,4.0,16384,2048,512,2048,1664,40834.146,41070.714,40832.741,-0.0059
mixed,32,24,0.75,4.0,16384,2048,2048,8192,6656,43074.729,43929.304,43351.477,0.3238
mixed,32,24,0.75,4.0,16384,2048,8192,32768,26624,53619.683,57003.747,54019.241,0.1181
mixed,32,24,0.75,4.0,16384,8192,128,512,416,63406.058,63391.018,63500.495,
mixed,32,24,0.75,4.0,16384,8192,512,2048,1664,63997.875,64173.025,64083.514,0.4889
mixed,32,24,0.75,4.0,16384,8192,2048,8192,6656,66353.059,67081.749,65971.866,-0.5231
mixed,32,24,0.75,4.0,16384,8192,8192,32768,26624,75947.378,79280.911,76532.513,0.1755
mixed,32,24,0.75,4.0,16384,20480,128,512,416,108972.115,109331.471,109431.776,1.2791
mixed,32,24,0.75,4.0,16384,20480,512,2048,1664,109827.556,110124.941,110212.456,1.2943
mixed,32,24,0.75,4.0,16384,20480,2048,8192,6656,112205.948,113542.832,112153.141,-0.0395
mixed,32,24,0.75,4.0,16384,20480,8192,32768,26624,121811.16,124607.248,122280.034,0.1677
mixed,32,24,0.75,4.0,32768,0,128,512,416,126716.322,127326.253,127111.854,0.6485
mixed,32,24,0.75,4.0,32768,0,512,2048,1664,127411.567,127695.971,127625.589,0.7525
mixed,32,24,0.75,4.0,32768,0,2048,8192,6656,129385.621,130008.469,129356.972,-0.046
mixed,32,24,0.75,4.0,32768,0,8192,32768,26624,139378.056,142562.137,140330.573,0.2991
mixed,32,24,0.75,4.0,32768,512,128,512,416,130639.074,130518.882,130689.705,
mixed,32,24,0.75,4.0,32768,512,512,2048,1664,130927.569,131299.447,131187.439,0.6988
mixed,32,24,0.75,4.0,32768,512,2048,8192,6656,133448.825,134243.508,133685.358,0.2976
mixed,32,24,0.75,4.0,32768,512,8192,32768,26624,143570.39,147133.929,144233.709,0.1861
mixed,32,24,0.75,4.0,32768,2048,128,512,416,142163.865,142109.569,142165.85,
mixed,32,24,0.75,4.0,32768,2048,512,2048,1664,142368.102,142785.702,142742.676,0.897
mixed,32,24,0.75,4.0,32768,2048,2048,8192,6656,144430.8,145107.295,145240.96,1.1976
mixed,32,24,0.75,4.0,32768,2048,8192,32768,26624,155546.146,158711.425,155292.858,-0.08
pure,32,29,0.9062,4.0,0,0,128,512,476,197.255,225.284,240.037,1.5263
pure,32,29,0.9062,4.0,0,0,512,2048,1904,636.751,699.728,691.376,0.8674
pure,32,29,0.9062,4.0,0,0,2048,8192,7616,2328.145,2510.359,2507.924,0.9866
pure,32,29,0.9062,4.0,0,0,8192,32768,30464,9068.509,9895.183,9755.342,0.8308
mixed,32,29,0.9062,4.0,16,0,128,512,476,339.816,402.793,401.865,0.9853
mixed,32,29,0.9062,4.0,16,0,512,2048,1904,1139.576,1274.395,1277.21,1.0209
mixed,32,29,0.9062,4.0,16,0,2048,8192,7616,4390.587,4745.123,4774.433,1.0827
mixed,32,29,0.9062,4.0,16,0,8192,32768,30464,17342.535,18638.882,18797.571,1.1224
mixed,32,29,0.9062,4.0,16,512,128,512,476,354.727,404.648,401.928,0.9455
mixed,32,29,0.9062,4.0,16,512,512,2048,1904,1140.6,1272.762,1279.003,1.0472
mixed,32,29,0.9062,4.0,16,512,2048,8192,7616,4386.744,4746.819,4782.466,1.099
mixed,32,29,0.9062,4.0,16,512,8192,32768,30464,17360.392,18695.074,18815.685,1.0904
mixed,32,29,0.9062,4.0,16,2048,128,512,476,566.636,613.836,611.308,0.9464
mixed,32,29,0.9062,4.0,16,2048,512,2048,1904,1171.768,1274.074,1276.794,1.0266
mixed,32,29,0.9062,4.0,16,2048,2048,8192,7616,4389.498,4752.834,4780.642,1.0765
mixed,32,29,0.9062,4.0,16,2048,8192,32768,30464,17355.718,18680.994,18837.67,1.1182
mixed,32,29,0.9062,4.0,16,8192,128,512,476,1407.421,1455.262,1453.597,0.9652
mixed,32,29,0.9062,4.0,16,8192,512,2048,1904,2020.33,2117.324,2119.722,1.0247
mixed,32,29,0.9062,4.0,16,8192,2048,8192,7616,4473.276,4754.531,4772.034,1.0622
mixed,32,29,0.9062,4.0,16,8192,8192,32768,30464,17340.995,18641.244,18830.339,1.1454
mixed,32,29,0.9062,4.0,16,20480,128,512,476,3099.839,3142.818,3136.033,0.8421
mixed,32,29,0.9062,4.0,16,20480,512,2048,1904,3709.1,3816.43,3802.702,0.8721
mixed,32,29,0.9062,4.0,16,20480,2048,8192,7616,6207.521,6469.156,6483.013,1.053
mixed,32,29,0.9062,4.0,16,20480,8192,32768,30464,17396.964,18708.734,18837.088,1.0978
mixed,32,29,0.9062,4.0,64,0,128,512,476,340.775,405.16,403.368,0.9722
mixed,32,29,0.9062,4.0,64,0,512,2048,1904,1140.76,1275.353,1277.945,1.0193
mixed,32,29,0.9062,4.0,64,0,2048,8192,7616,4395.29,4752.29,4776.002,1.0664
mixed,32,29,0.9062,4.0,64,0,8192,32768,30464,17344.803,18631.486,18776.449,1.1127
mixed,32,29,0.9062,4.0,64,512,128,512,476,359.655,406.6,402.922,0.9217
mixed,32,29,0.9062,4.0,64,512,512,2048,1904,1143.543,1275.259,1281.625,1.0483
mixed,32,29,0.9062,4.0,64,512,2048,8192,7616,4394.074,4751.52,4777.441,1.0725
mixed,32,29,0.9062,4.0,64,512,8192,32768,30464,17362.051,18638.782,18820.386,1.1422
mixed,32,29,0.9062,4.0,64,2048,128,512,476,568.076,616.396,614.155,0.9536
mixed,32,29,0.9062,4.0,64,2048,512,2048,1904,1175.576,1276.058,1276.762,1.007
mixed,32,29,0.9062,4.0,64,2048,2048,8192,7616,4400.762,4743.04,4787.491,1.1299
mixed,32,29,0.9062,4.0,64,2048,8192,32768,30464,17357.12,18664.956,18827.586,1.1244
mixed,32,29,0.9062,4.0,64,8192,128,512,476,1415.038,1462.685,1456.19,0.8637
mixed,32,29,0.9062,4.0,64,8192,512,2048,1904,2020.936,2121.451,2121.706,1.0025
mixed,32,29,0.9062,4.0,64,8192,2048,8192,7616,4478.811,4752.64,4765.6,1.0473
mixed,32,29,0.9062,4.0,64,8192,8192,32768,30464,17340.067,18638.011,18812.32,1.1343
mixed,32,29,0.9062,4.0,64,20480,128,512,476,3103.264,3146.274,3138.432,0.8177
mixed,32,29,0.9062,4.0,64,20480,512,2048,1904,3714.891,3830.222,3805.164,0.7827
mixed,32,29,0.9062,4.0,64,20480,2048,8192,7616,6207.87,6471.426,6477.572,1.0233
mixed,32,29,0.9062,4.0,64,20480,8192,32768,30464,17407.265,18654.521,18867.391,1.1707
mixed,32,29,0.9062,4.0,256,0,128,512,476,388.937,452.714,433.002,0.6909
mixed,32,29,0.9062,4.0,256,0,512,2048,1904,1178.008,1307.673,1305.082,0.98
mixed,32,29,0.9062,4.0,256,0,2048,8192,7616,4415.482,4765.506,4792.514,1.0772
mixed,32,29,0.9062,4.0,256,0,8192,32768,30464,17378.401,18663.769,18841.724,1.1384
mixed,32,29,0.9062,4.0,256,512,128,512,476,441.322,520.842,475.082,0.4245
mixed,32,29,0.9062,4.0,256,512,512,2048,1904,1264.154,1398.812,1301.949,0.2807
mixed,32,29,0.9062,4.0,256,512,2048,8192,7616,4520.701,4878.53,4808.641,0.8047
mixed,32,29,0.9062,4.0,256,512,8192,32768,30464,17524.802,18828.379,18838.109,1.0075
mixed,32,29,0.9062,4.0,256,2048,128,512,476,691.565,755.888,749.456,0.9
mixed,32,29,0.9062,4.0,256,2048,512,2048,1904,1443.294,1603.81,1391.996,-0.3196
mixed,32,29,0.9062,4.0,256,2048,2048,8192,7616,4743.68,5094.345,4815.906,0.206
mixed,32,29,0.9062,4.0,256,2048,8192,32768,30464,17724.646,19083.97,18884.35,0.8531
mixed,32,29,0.9062,4.0,256,8192,128,512,476,1543.296,1605.216,1597.599,0.877
mixed,32,29,0.9062,4.0,256,8192,512,2048,1904,2337.004,2468.434,2461.107,0.9443
mixed,32,29,0.9062,4.0,256,8192,2048,8192,7616,5525.775,5916.888,5081.35,-1.1363
mixed,32,29,0.9062,4.0,256,8192,8192,32768,30464,18622.233,19944.5,18872.252,0.1891
mixed,32,29,0.9062,4.0,256,20480,128,512,476,3234.753,3297.955,3290.274,0.8785
mixed,32,29,0.9062,4.0,256,20480,512,2048,1904,4035.342,4183.445,4165.684,0.8801
mixed,32,29,0.9062,4.0,256,20480,2048,8192,7616,7276.722,7634.778,6969.868,-0.857
mixed,32,29,0.9062,4.0,256,20480,8192,32768,30464,20394.524,21751.316,18899.133,-1.1022
mixed,32,29,0.9062,4.0,1024,0,128,512,476,662.444,728.911,705.391,0.6461
mixed,32,29,0.9062,4.0,1024,0,512,2048,1904,1537.888,1669.858,1565.599,0.21
mixed,32,29,0.9062,4.0,1024,0,2048,8192,7616,4862.627,5227.274,5126.665,0.7241
mixed,32,29,0.9062,4.0,1024,0,8192,32768,30464,18239.535,19542.889,19405.449,0.8945
mixed,32,29,0.9062,4.0,1024,512,128,512,476,843.922,891.474,873.491,0.6218
mixed,32,29,0.9062,4.0,1024,512,512,2048,1904,1667.812,1814.181,1722.467,0.3734
mixed,32,29,0.9062,4.0,1024,512,2048,8192,7616,5006.117,5377.579,5236.937,0.6214
mixed,32,29,0.9062,4.0,1024,512,8192,32768,30464,18499.54,19855.375,19621.45,0.8275
mixed,32,29,0.9062,4.0,1024,2048,128,512,476,1359.514,1415.261,1397.661,0.6843
mixed,32,29,0.9062,4.0,1024,2048,512,2048,1904,2026.664,2164.108,2120.266,0.681
mixed,32,29,0.9062,4.0,1024,2048,2048,8192,7616,5488.848,5866.998,5584.754,0.2536
mixed,32,29,0.9062,4.0,1024,2048,8192,32768,30464,18889.404,20228.504,19844.368,0.7131
mixed,32,29,0.9062,4.0,1024,8192,128,512,476,3101.148,3202.82,3167.712,0.6547
mixed,32,29,0.9062,4.0,1024,8192,512,2048,1904,4050.641,4187.796,4128.914,0.5707
mixed,32,29,0.9062,4.0,1024,8192,2048,8192,7616,6983.213,7330.449,7292.276,0.8901
mixed,32,29,0.9062,4.0,1024,8192,8192,32768,30464,20566.172,21929.852,20622.239,0.0411
mixed,32,29,0.9062,4.0,1024,20480,128,512,476,6464.134,6561.381,6530.02,0.6775
mixed,32,29,0.9062,4.0,1024,20480,512,2048,1904,7690.076,7923.01,7705.597,0.0666
mixed,32,29,0.9062,4.0,1024,20480,2048,8192,7616,11019.965,11342.563,11181.699,0.5013
mixed,32,29,0.9062,4.0,1024,20480,8192,32768,30464,24870.677,25963.275,24865.075,-0.0051
mixed,32,29,0.9062,4.0,4096,0,128,512,476,3355.907,3411.813,3392.326,0.6514
mixed,32,29,0.9062,4.0,4096,0,512,2048,1904,4021.585,4140.082,4067.379,0.3865
mixed,32,29,0.9062,4.0,4096,0,2048,8192,7616,7556.696,7941.92,7641.336,0.2197
mixed,32,29,0.9062,4.0,4096,0,8192,32768,30464,20995.208,22337.665,21566.644,0.4257
mixed,32,29,0.9062,4.0,4096,512,128,512,476,3922.862,3972.558,3963.954,0.8269
mixed,32,29,0.9062,4.0,4096,512,512,2048,1904,4572.796,4686.621,4621.502,0.4279
mixed,32,29,0.9062,4.0,4096,512,2048,8192,7616,8082.432,8467.82,8162.917,0.2088
mixed,32,29,0.9062,4.0,4096,512,8192,32768,30464,21579.858,22904.494,21986.969,0.3073
mixed,32,29,0.9062,4.0,4096,2048,128,512,476,5639.537,5697.81,5680.851,0.709
mixed,32,29,0.9062,4.0,4096,2048,512,2048,1904,6252.669,6362.11,6296.99,0.405
mixed,32,29,0.9062,4.0,4096,2048,2048,8192,7616,9591.105,10017.932,9731.493,0.3289
mixed,32,29,0.9062,4.0,4096,2048,8192,32768,30464,23323.188,24615.472,23689.756,0.2837
mixed,32,29,0.9062,4.0,4096,8192,128,512,476,12600.186,12667.038,12654.945,0.8191
mixed,32,29,0.9062,4.0,4096,8192,512,2048,1904,12852.067,12913.925,12885.76,0.5447
mixed,32,29,0.9062,4.0,4096,8192,2048,8192,7616,15903.711,16303.05,15943.52,0.0997
mixed,32,29,0.9062,4.0,4096,8192,8192,32768,30464,29850.746,31440.726,30505.925,0.4121
mixed,32,29,0.9062,4.0,4096,20480,128,512,476,26167.433,26195.081,26259.975,3.3471
mixed,32,29,0.9062,4.0,4096,20480,512,2048,1904,26201.389,26228.4,26203.217,0.0677
mixed,32,29,0.9062,4.0,4096,20480,2048,8192,7616,28504.377,28911.948,28563.875,0.146
mixed,32,29,0.9062,4.0,4096,20480,8192,32768,30464,42460.209,43721.805,42409.297,-0.0404
mixed,32,29,0.9062,4.0,16384,0,128,512,476,37676.188,37745.911,32884.055,-68.731
mixed,32,29,0.9062,4.0,16384,0,512,2048,1904,33421.117,33518.764,33457.408,0.3717
mixed,32,29,0.9062,4.0,16384,0,2048,8192,7616,35954.324,36295.195,35964.471,0.0298
mixed,32,29,0.9062,4.0,16384,0,8192,32768,30464,48292.492,49635.501,48591.835,0.2229
mixed,32,29,0.9062,4.0,16384,512,128,512,476,34693.05,34750.335,34750.847,1.0089
mixed,32,29,0.9062,4.0,16384,512,512,2048,1904,35271.941,35356.457,35311.982,0.4738
mixed,32,29,0.9062,4.0,16384,512,2048,8192,7616,37781.882,38133.589,37893.922,0.3186
mixed,32,29,0.9062,4.0,16384,512,8192,32768,30464,50167.766,51400.5,50400.025,0.1884
mixed,32,29,0.9062,4.0,16384,2048,128,512,476,40408.432,40325.967,40479.794,
mixed,32,29,0.9062,4.0,16384,2048,512,2048,1904,41162.3,40977.857,41173.729,
mixed,32,29,0.9062,4.0,16384,2048,2048,8192,7616,43405.422,43757.75,43417.613,0.0346
mixed,32,29,0.9062,4.0,16384,2048,8192,32768,30464,55743.176,57013.127,55923.113,0.1417
mixed,32,29,0.9062,4.0,16384,8192,128,512,476,63371.307,63967.05,63957.942,0.9847
mixed,32,29,0.9062,4.0,16384,8192,512,2048,1904,64443.943,64562.463,64418.427,-0.2153
mixed,32,29,0.9062,4.0,16384,8192,2048,8192,7616,66761.738,67195.959,67008.375,0.568
mixed,32,29,0.9062,4.0,16384,8192,8192,32768,30464,78474.048,79672.755,78598.884,0.1041
mixed,32,29,0.9062,4.0,16384,20480,128,512,476,109984.158,110024.133,109724.896,-6.4856
mixed,32,29,0.9062,4.0,16384,20480,512,2048,1904,110207.874,110339.857,110132.162,-0.5736
mixed,32,29,0.9062,4.0,16384,20480,2048,8192,7616,112941.052,113429.865,113277.928,0.6892
mixed,32,29,0.9062,4.0,16384,20480,8192,32768,30464,123802.658,124979.533,123765.895,-0.0312
mixed,32,29,0.9062,4.0,32768,0,128,512,476,127067.371,126950.974,127250.096,
mixed,32,29,0.9062,4.0,32768,0,512,2048,1904,127330.803,127549.001,127537.336,0.9465
mixed,32,29,0.9062,4.0,32768,0,2048,8192,7616,130191.11,130457.781,130091.273,-0.3744
mixed,32,29,0.9062,4.0,32768,0,8192,32768,30464,142555.057,143724.818,141878.567,-0.5783
mixed,32,29,0.9062,4.0,32768,512,128,512,476,130642.622,130679.097,130873.472,6.329
mixed,32,29,0.9062,4.0,32768,512,512,2048,1904,131344.248,131540.781,132083.236,3.7601
mixed,32,29,0.9062,4.0,32768,512,2048,8192,7616,133949.672,134133.574,133878.863,-0.385
mixed,32,29,0.9062,4.0,32768,512,8192,32768,30464,146518.222,147179.041,145991.08,-0.7977
mixed,32,29,0.9062,4.0,32768,2048,128,512,476,142441.025,142514.399,142358.103,-1.1301
mixed,32,29,0.9062,4.0,32768,2048,512,2048,1904,143281.497,142950.13,143156.048,
mixed,32,29,0.9062,4.0,32768,2048,2048,8192,7616,145192.48,145870.505,145156.283,-0.0534
mixed,32,29,0.9062,4.0,32768,2048,8192,32768,30464,157768.657,158990.086,157931.79,0.1336
pure,128,1,0.0078,4.0,0,0,128,512,131,343.463,841.01,382.024,0.0775
pure,128,1,0.0078,4.0,0,0,512,2048,524,844.945,2685.75,871.346,0.0143
pure,128,1,0.0078,4.0,0,0,2048,8192,2096,2687.671,9994.256,2917.758,0.0315
