prefill_chunk,kv_prefill,n_decode,kv_decode,time_us
0,0,1,16,14.5713
0,0,1,32,14.6347
0,0,1,64,14.7847
0,0,1,128,20.332
0,0,1,256,26.2617
0,0,1,512,38.0063
0,0,1,1024,61.8783
0,0,1,2048,109.634
0,0,1,4096,213.38
0,0,1,8192,213.06
0,0,2,16,14.7843
0,0,2,32,14.859
0,0,2,64,14.9973
0,0,2,128,20.5237
0,0,2,256,26.5077
0,0,2,512,38.2193
0,0,2,1024,62.241
0,0,2,2048,109.923
0,0,2,4096,214.095
0,0,2,8192,213.817
0,0,4,16,22.5817
0,0,4,32,22.7413
0,0,4,64,23.19
0,0,4,128,34.3793
0,0,4,256,46.7633
0,0,4,512,70.412
0,0,4,1024,118.114
0,0,4,2048,214.116
0,0,4,4096,423.656
0,0,4,8192,424.136
0,0,8,16,30.6783
0,0,8,32,30.998
0,0,8,64,31.8623
0,0,8,128,48.598
0,0,8,256,66.913
0,0,8,512,102.06
0,0,8,1024,173.582
0,0,8,2048,318.385
0,0,8,4096,629.943
0,0,8,8192,629.175
0,0,16,16,53.3877
0,0,16,32,53.8997
0,0,16,64,55.1797
0,0,16,128,88.9937
0,0,16,256,125.08
0,0,16,512,195.684
0,0,16,1024,339.292
0,0,16,2048,625.953
0,0,16,4096,1247.82
0,0,16,8192,1247.66
0,0,32,16,98.7753
0,0,32,32,99.9377
0,0,32,64,101.794
0,0,32,128,169.272
0,0,32,256,240.879
0,0,32,512,383.997
0,0,32,1024,674.232
0,0,32,2048,1245.44
0,0,32,4096,2483.07
0,0,32,8192,2483.25
0,0,64,16,183.012
0,0,64,32,184.974
0,0,64,64,189.219
0,0,64,128,319.643
0,0,64,256,463.678
0,0,64,512,748.986
0,0,64,1024,1322.01
0,0,64,2048,2471.1
0,0,64,4096,4944.73
0,0,64,8192,4948.63
0,0,128,16,358.493
0,0,128,32,362.418
0,0,128,64,372.274
0,0,128,128,645.538
0,0,128,256,929.15
0,0,128,512,1497.24
0,0,128,1024,2639.37
0,0,128,2048,4948.58
0,0,128,4096,9946.81
0,0,128,8192,9947.74
0,0,256,16,708.729
0,0,256,32,725.615
0,0,256,64,761.221
0,0,256,128,1285.1
0,0,256,256,1846.43
0,0,256,512,2970.79
0,0,256,1024,5245.44
0,0,256,2048,9850.64
0,0,256,4096,19830.3
0,0,256,8192,19860.7
16,0,0,0,14.624
16,0,1,16,14.6993
16,0,1,32,14.72
16,0,1,64,14.699
16,0,1,128,19.755
16,0,1,256,25.686
16,0,1,512,37.5263
16,0,1,1024,61.4303
16,0,1,2048,109.293
16,0,1,4096,213.06
16,0,1,8192,213.199
16,0,2,16,22.3473
16,0,2,32,22.3893
16,0,2,64,22.5393
16,0,2,128,28.9397
16,0,2,256,34.582
16,0,2,512,46.5607
16,0,2,1024,70.049
16,0,2,2048,117.539
16,0,2,4096,219.706
16,0,2,8192,219.962
16,0,4,16,22.4967
16,0,4,32,22.688
16,0,4,64,22.9233
16,0,4,128,33.4623
16,0,4,256,45.3133
16,0,4,512,69.1853
16,0,4,1024,116.813
16,0,4,2048,212.687
16,0,4,4096,421.544
16,0,4,8192,421.342
16,0,8,16,37.825
16,0,8,32,38.017
16,0,8,64,38.4117
16,0,8,128,55.1583
16,0,8,256,72.7057
16,0,8,512,108.13
16,0,8,1024,179.716
16,0,8,2048,323.474
16,0,8,4096,630.85
16,0,8,8192,631.128
16,0,16,16,53.5583
16,0,16,32,54.177
16,0,16,64,55.884
16,0,16,128,88.4393
16,0,16,256,124.59
16,0,16,512,196.143
16,0,16,1024,340.839
16,0,16,2048,628.674
16,0,16,4096,1250.11
16,0,16,8192,1249.12
16,0,32,16,99.106
16,0,32,32,100.077
16,0,32,64,101.997
16,0,32,128,168.376
16,0,32,256,240.475
16,0,32,512,384.349
16,0,32,1024,675.097
16,0,32,2048,1247.2
16,0,32,4096,2484.33
16,0,32,8192,2483.14
16,0,64,16,184.239
16,0,64,32,186.18
16,0,64,64,190.628
16,0,64,128,320.582
16,0,64,256,464.106
16,0,64,512,751.162
16,0,64,1024,1326.25
16,0,64,2048,2476.49
16,0,64,4096,4952.05
16,0,64,8192,4948.22
16,0,128,16,359.987
16,0,128,32,364.434
16,0,128,64,374.962
16,0,128,128,646.627
16,0,128,256,930.259
16,0,128,512,1494.56
16,0,128,1024,2637.02
16,0,128,2048,4943.66
16,0,128,4096,9938.35
16,0,128,8192,9961.79
16,16,0,0,14.8697
16,16,1,16,14.8587
16,16,1,32,14.965
16,16,1,64,14.9013
16,16,1,128,19.7337
16,16,1,256,25.728
16,16,1,512,37.537
16,16,1,1024,61.4837
16,16,1,2048,109.24
16,16,1,4096,213.082
16,16,1,8192,212.975
16,16,2,16,22.496
16,16,2,32,22.6673
16,16,2,64,22.827
16,16,2,128,28.8323
16,16,2,256,35.094
16,16,2,512,46.6033
16,16,2,1024,70.124
16,16,2,2048,117.985
16,16,2,4096,220.076
16,16,2,8192,220.024
16,16,4,16,22.7423
16,16,4,32,23.0617
16,16,4,64,23.2537
16,16,4,128,33.5687
16,16,4,256,45.3973
16,16,4,512,69.409
16,16,4,1024,116.748
16,16,4,2048,212.547
16,16,4,4096,421.775
16,16,4,8192,421.924
16,16,8,16,38.038
16,16,8,32,38.379
16,16,8,64,39.062
16,16,8,128,55.1147
16,16,8,256,72.7683
16,16,8,512,108.406
16,16,8,1024,179.703
16,16,8,2048,322.979
16,16,8,4096,631.024
16,16,8,8192,631.067
16,16,16,16,53.6437
16,16,16,32,54.177
16,16,16,64,55.7017
16,16,16,128,88.6513
16,16,16,256,124.908
16,16,16,512,196.055
16,16,16,1024,340.739
16,16,16,2048,628.859
16,16,16,4096,1250.58
16,16,16,8192,1250.63
16,16,32,16,99.3933
16,16,32,32,100.417
16,16,32,64,102.209
16,16,32,128,168.46
16,16,32,256,240.152
16,16,32,512,384.121
16,16,32,1024,675.206
16,16,32,2048,1246.9
16,16,32,4096,2487.61
16,16,32,8192,2484.58
16,16,64,16,184.449
16,16,64,32,186.381
16,16,64,64,190.733
16,16,64,128,321.134
16,16,64,256,463.375
16,16,64,512,751.527
16,16,64,1024,1327.45
16,16,64,2048,2477.06
16,16,64,4096,4946.76
16,16,64,8192,4944.79
16,16,128,16,360.036
16,16,128,32,364.9
16,16,128,64,374.991
16,16,128,128,646.855
16,16,128,256,929.865
16,16,128,512,1494.38
16,16,128,1024,2635.01
16,16,128,2048,4936.21
16,16,128,4096,9949
16,16,128,8192,9969.54
16,32,0,0,14.9657
16,32,1,16,14.966
16,32,1,32,14.9763
16,32,1,64,14.976
16,32,1,128,19.7337
16,32,1,256,25.6853
16,32,1,512,37.5793
16,32,1,1024,61.484
16,32,1,2048,109.238
16,32,1,4096,213.708
16,32,1,8192,213.57
16,32,2,16,22.603
16,32,2,32,22.6997
16,32,2,64,22.934
16,32,2,128,28.9073
16,32,2,256,34.764
16,32,2,512,46.678
16,32,2,1024,70.859
16,32,2,2048,118.188
16,32,2,4096,220.226
16,32,2,8192,220.002
16,32,4,16,22.8697
16,32,4,32,23.1043
16,32,4,64,23.4247
16,32,4,128,33.4723
16,32,4,256,45.4083
16,32,4,512,69.131
16,32,4,1024,116.769
16,32,4,2048,212.77
16,32,4,4096,422.032
16,32,4,8192,421.476
16,32,8,16,38.1127
16,32,8,32,38.3253
16,32,8,64,39.0937
16,32,8,128,55.062
16,32,8,256,72.79
16,32,8,512,108.151
16,32,8,1024,180.205
16,32,8,2048,323.47
16,32,8,4096,631.473
16,32,8,8192,631.698
16,32,16,16,53.6643
16,32,16,32,54.2293
16,32,16,64,55.574
16,32,16,128,88.6513
16,32,16,256,124.908
16,32,16,512,196.301
16,32,16,1024,340.633
16,32,16,2048,629.159
16,32,16,4096,1250.14
16,32,16,8192,1249.54
16,32,32,16,99.3503
16,32,32,32,100.257
16,32,32,64,102.476
16,32,32,128,168.226
16,32,32,256,240.291
16,32,32,512,384.079
16,32,32,1024,674.705
16,32,32,2048,1246.24
16,32,32,4096,2488.24
16,32,32,8192,2485.96
16,32,64,16,184.461
16,32,64,32,186.466
16,32,64,64,190.946
16,32,64,128,320.974
16,32,64,256,464.229
16,32,64,512,752.445
16,32,64,1024,1328.09
16,32,64,2048,2477.82
16,32,64,4096,4948.32
16,32,64,8192,4952.08
16,32,128,16,359.972
16,32,128,32,364.559
16,32,128,64,374.991
16,32,128,128,647.197
16,32,128,256,930.548
16,32,128,512,1495.91
16,32,128,1024,2634.64
16,32,128,2048,4945.25
16,32,128,4096,9958.61
16,32,128,8192,9969.3
16,64,0,0,15.051
16,64,1,16,14.9547
16,64,1,32,15.062
16,64,1,64,15.1147
16,64,1,128,19.744
16,64,1,256,25.7073
16,64,1,512,37.5473
16,64,1,1024,61.5687
16,64,1,2048,109.409
16,64,1,4096,213.09
16,64,1,8192,213.378
16,64,2,16,22.688
16,64,2,32,22.774
16,64,2,64,23.0613
16,64,2,128,29.1307
16,64,2,256,35.1683
16,64,2,512,46.635
16,64,2,1024,70.742
16,64,2,2048,118.178
16,64,2,4096,219.864
16,64,2,8192,220.109
16,64,4,16,22.9653
16,64,4,32,23.147
16,64,4,64,23.6267
16,64,4,128,33.5363
16,64,4,256,45.5363
16,64,4,512,69.387
16,64,4,1024,116.801
16,64,4,2048,212.941
16,64,4,4096,421.936
16,64,4,8192,421.53
16,64,8,16,38.1553
16,64,8,32,38.422
16,64,8,64,39.0933
16,64,8,128,55.2857
16,64,8,256,73.366
16,64,8,512,108.364
16,64,8,1024,179.938
16,64,8,2048,322.585
16,64,8,4096,632.455
16,64,8,8192,631.538
16,64,16,16,53.8987
16,64,16,32,54.3473
16,64,16,64,55.9043
16,64,16,128,88.5347
16,64,16,256,124.684
16,64,16,512,196.109
16,64,16,1024,341.23
16,64,16,2048,629.223
16,64,16,4096,1249.04
16,64,16,8192,1249.1
16,64,32,16,99.521
16,64,32,32,100.556
16,64,32,64,102.497
16,64,32,128,168.237
16,64,32,256,240.366
16,64,32,512,384.048
16,64,32,1024,675.219
16,64,32,2048,1247
16,64,32,4096,2488.63
16,64,32,8192,2486.26
16,64,64,16,184.29
16,64,64,32,186.306
16,64,64,64,190.829
16,64,64,128,320.879
16,64,64,256,463.61
16,64,64,512,752.201
16,64,64,1024,1328.26
16,64,64,2048,2477.54
16,64,64,4096,4947.49
16,64,64,8192,4952.74
16,64,128,16,360.122
16,64,128,32,364.569
16,64,128,64,374.927
16,64,128,128,646.685
16,64,128,256,931.329
16,64,128,512,1496.13
16,64,128,1024,2635.62
16,64,128,2048,4947.38
16,64,128,4096,9953.05
16,64,128,8192,9969.48
16,128,0,0,20.641
16,128,1,16,19.915
16,128,1,32,19.883
16,128,1,64,19.9253
16,128,1,128,20.651
16,128,1,256,25.7387
16,128,1,512,37.526
16,128,1,1024,61.5473
16,128,1,2048,109.303
16,128,1,4096,213.101
16,128,1,8192,213.538
16,128,2,16,28.7473
16,128,2,32,28.6827
16,128,2,64,28.9177
16,128,2,128,34.176
16,128,2,256,40.822
16,128,2,512,52.5447
16,128,2,1024,76.182
16,128,2,2048,123.67
16,128,2,4096,226.477
16,128,2,8192,226.52
16,128,4,16,28.9603
16,128,4,32,28.9927
16,128,4,64,29.387
16,128,4,128,34.7947
16,128,4,256,45.4933
16,128,4,512,69.3873
16,128,4,1024,116.812
16,128,4,2048,212.525
16,128,4,4096,421.53
16,128,4,8192,421.476
16,128,8,16,43.7127
16,128,8,32,43.8933
16,128,8,64,44.459
16,128,8,128,61.3343
16,128,8,256,79.0947
16,128,8,512,114.241
16,128,8,1024,185.88
16,128,8,2048,329.689
16,128,8,4096,637.714
16,128,8,8192,638.728
16,128,16,16,64.3427
16,128,16,32,64.7157
16,128,16,64,65.398
16,128,16,128,89.6013
16,128,16,256,125.217
16,128,16,512,196.098
16,128,16,1024,341.455
16,128,16,2048,630.067
16,128,16,4096,1252.15
16,128,16,8192,1249.92
16,128,32,16,104.716
16,128,32,32,105.591
16,128,32,64,107.425
16,128,32,128,170.157
16,128,32,256,240.11
16,128,32,512,384.186
16,128,32,1024,675.464
16,128,32,2048,1248.16
16,128,32,4096,2488.48
16,128,32,8192,2486.92
16,128,64,16,189.218
16,128,64,32,191.128
16,128,64,64,195.245
16,128,64,128,322.297
16,128,64,256,466.054
16,128,64,512,751.561
16,128,64,1024,1328.53
16,128,64,2048,2476.88
16,128,64,4096,4953.11
16,128,64,8192,4958.15
16,128,128,16,361.135
16,128,128,32,365.744
16,128,128,64,375.877
16,128,128,128,649.939
16,128,128,256,931.468
16,128,128,512,1496.47
16,128,128,1024,2636.81
16,128,128,2048,4939.64
16,128,128,4096,9946.34
16,128,128,8192,9955.44
16,256,0,0,26.6033
16,256,1,16,25.7813
16,256,1,32,25.813
16,256,1,64,25.7923
16,256,1,128,25.8357
16,256,1,256,26.6987
16,256,1,512,37.579
16,256,1,1024,61.537
16,256,1,2048,109.345
16,256,1,4096,213.08
16,256,1,8192,213.41
16,256,2,16,34.4427
16,256,2,32,34.571
16,256,2,64,34.6673
16,256,2,128,40.4803
16,256,2,256,46.219
16,256,2,512,58.518
16,256,2,1024,82.2307
16,256,2,2048,130.209
16,256,2,4096,233.817
16,256,2,8192,234.072
16,256,4,16,34.891
16,256,4,32,35.0407
16,256,4,64,35.297
16,256,4,128,41.11
16,256,4,256,47.4563
16,256,4,512,69.2913
16,256,4,1024,116.812
16,256,4,2048,212.173
16,256,4,4096,421.307
16,256,4,8192,421.157
16,256,8,16,49.8247
16,256,8,32,50.038
16,256,8,64,50.6673
16,256,8,128,67.137
16,256,8,256,85.3027
16,256,8,512,120.577
16,256,8,1024,191.576
16,256,8,2048,334.639
16,256,8,4096,643.997
16,256,8,8192,644.648
16,256,16,16,72.321
16,256,16,32,72.7903
16,256,16,64,73.601
16,256,16,128,99.6173
16,256,16,256,126.135
16,256,16,512,196.291
16,256,16,1024,340.377
16,256,16,2048,628.509
16,256,16,4096,1251.9
16,256,16,8192,1254.95
16,256,32,16,111.127
16,256,32,32,112.172
16,256,32,64,114.017
16,256,32,128,174.584
16,256,32,256,242.52
16,256,32,512,383.525
16,256,32,1024,675.497
16,256,32,2048,1250
16,256,32,4096,2491.74
16,256,32,8192,2490.22
16,256,64,16,194.328
16,256,64,32,196.29
16,256,64,64,199.96
16,256,64,128,327.492
16,256,64,256,467.761
16,256,64,512,753.44
16,256,64,1024,1327.77
16,256,64,2048,2478.18
16,256,64,4096,4961.71
16,256,64,8192,4958.79
16,256,128,16,364.464
16,256,128,32,368.986
16,256,128,64,378.843
16,256,128,128,652.446
16,256,128,256,934.978
16,256,128,512,1497.75
16,256,128,1024,2636.58
16,256,128,2048,4948.71
16,256,128,4096,9962.9
16,256,128,8192,9970.51
16,512,0,0,38.3787
16,512,1,16,37.6427
16,512,1,32,37.59
16,512,1,64,37.6643
16,512,1,128,37.6
16,512,1,256,37.654
16,512,1,512,38.3903
16,512,1,1024,61.5903
16,512,1,2048,109.292
16,512,1,4096,213.518
16,512,1,8192,214.136
16,512,2,16,46.3253
16,512,2,32,46.2297
16,512,2,64,46.5927
16,512,2,128,52.0653
16,512,2,256,57.985
16,512,2,512,69.676
16,512,2,1024,94.092
16,512,2,2048,141.506
16,512,2,4096,246.403
16,512,2,8192,245.283
16,512,4,16,46.5173
16,512,4,32,46.9023
16,512,4,64,47.467
16,512,4,128,52.5767
16,512,4,256,58.9447
16,512,4,512,70.998
16,512,4,1024,116.866
16,512,4,2048,212.088
16,512,4,4096,421.563
16,512,4,8192,421.029
16,512,8,16,61.569
16,512,8,32,61.9633
16,512,8,64,62.7207
16,512,8,128,78.9453
16,512,8,256,96.513
16,512,8,512,132.119
16,512,8,1024,203.822
16,512,8,2048,346.34
16,512,8,4096,657.567
16,512,8,8192,657.032
16,512,16,16,84.5023
16,512,16,32,85.2383
16,512,16,64,85.953
16,512,16,128,118.807
16,512,16,256,146.85
16,512,16,512,197.666
16,512,16,1024,339.631
16,512,16,2048,629.736
16,512,16,4096,1251.39
16,512,16,8192,1252
16,512,32,16,129.217
16,512,32,32,130.242
16,512,32,64,131.905
16,512,32,128,187.447
16,512,32,256,252.44
16,512,32,512,384.826
16,512,32,1024,673.342
16,512,32,2048,1250.55
16,512,32,4096,2497.3
16,512,32,8192,2497.77
16,512,64,16,207.395
16,512,64,32,208.451
16,512,64,64,212.771
16,512,64,128,336.528
16,512,64,256,478.695
16,512,64,512,756.362
16,512,64,1024,1327.77
16,512,64,2048,2480.93
16,512,64,4096,4964.03
16,512,64,8192,4962.41
16,512,128,16,375.569
16,512,128,32,380.016
16,512,128,64,390.619
16,512,128,128,656.777
16,512,128,256,939.352
16,512,128,512,1501.88
16,512,128,1024,2638.28
16,512,128,2048,4941
16,512,128,4096,9961.6
16,512,128,8192,9969.11
16,1024,0,0,62.2733
16,1024,1,16,61.495
16,1024,1,32,61.5583
16,1024,1,64,61.515
16,1024,1,128,61.5797
16,1024,1,256,61.494
16,1024,1,512,61.6757
16,1024,1,1024,62.358
16,1024,1,2048,109.421
16,1024,1,4096,213.091
16,1024,1,8192,213.582
16,1024,2,16,69.7927
16,1024,2,32,69.7927
16,1024,2,64,70.1773
16,1024,2,128,75.2863
16,1024,2,256,81.494
16,1024,2,512,93.3987
16,1024,2,1024,116.994
16,1024,2,2048,164.995
16,1024,2,4096,270.415
16,1024,2,8192,270.831
16,1024,4,16,70.2623
16,1024,4,32,70.7207
16,1024,4,64,71.233
16,1024,4,128,76.1823
16,1024,4,256,82.369
16,1024,4,512,94.4657
16,1024,4,1024,118.604
16,1024,4,2048,211.886
16,1024,4,4096,421.253
16,1024,4,8192,421.307
16,1024,8,16,85.0783
16,1024,8,32,85.3027
16,1024,8,64,86.0703
16,1024,8,128,102.594
16,1024,8,256,120.428
16,1024,8,512,154.989
16,1024,8,1024,226.681
16,1024,8,2048,374.118
16,1024,8,4096,688.596
16,1024,8,8192,688.714
16,1024,16,16,108.172
16,1024,16,32,108.567
16,1024,16,64,109.9
16,1024,16,128,143.053
16,1024,16,256,178.018
16,1024,16,512,240.857
16,1024,16,1024,341.872
16,1024,16,2048,629.012
16,1024,16,4096,1251.72
16,1024,16,8192,1255.95
16,1024,32,16,154.359
16,1024,32,32,155.373
16,1024,32,64,157.175
16,1024,32,128,223.065
16,1024,32,256,277.422
16,1024,32,512,407.014
16,1024,32,1024,675.455
16,1024,32,2048,1250.44
16,1024,32,4096,2501.44
16,1024,32,8192,2496.62
16,1024,64,16,238.564
16,1024,64,32,240.793
16,1024,64,64,244.857
16,1024,64,128,362.021
16,1024,64,256,498.215
16,1024,64,512,777.611
16,1024,64,1024,1335.14
16,1024,64,2048,2482.89
16,1024,64,4096,4967.96
16,1024,64,8192,4970.84
16,1024,128,16,405.233
16,1024,128,32,409.446
16,1024,128,64,418.832
16,1024,128,128,677.673
16,1024,128,256,948.238
16,1024,128,512,1511.31
16,1024,128,1024,2647.53
16,1024,128,2048,4946.73
16,1024,128,4096,9943.94
16,1024,128,8192,9955.55
16,2048,0,0,110.05
16,2048,1,16,109.506
16,2048,1,32,109.591
16,2048,1,64,109.441
16,2048,1,128,109.367
16,2048,1,256,109.206
16,2048,1,512,109.217
16,2048,1,1024,109.42
16,2048,1,2048,110.306
16,2048,1,4096,213.518
16,2048,1,8192,213.507
16,2048,2,16,115.949
16,2048,2,32,116.002
16,2048,2,64,116.738
16,2048,2,128,122.498
16,2048,2,256,128.845
16,2048,2,512,139.938
16,2048,2,1024,164.152
16,2048,2,2048,212.494
16,2048,2,4096,324.25
16,2048,2,8192,323.898
16,2048,4,16,117.346
16,2048,4,32,117.517
16,2048,4,64,118.391
16,2048,4,128,123.628
16,2048,4,256,129.069
16,2048,4,512,141.944
16,2048,4,1024,166.2
16,2048,4,2048,215.203
16,2048,4,4096,421.254
16,2048,4,8192,420.476
16,2048,8,16,132.247
16,2048,8,32,132.226
16,2048,8,64,133.197
16,2048,8,128,149.506
16,2048,8,256,167.895
16,2048,8,512,202.978
16,2048,8,1024,273.466
16,2048,8,2048,418.406
16,2048,8,4096,739.019
16,2048,8,8192,739.147
16,2048,16,16,155.042
16,2048,16,32,155.682
16,2048,16,64,156.823
16,2048,16,128,190.68
16,2048,16,256,226.809
16,2048,16,512,296.901
16,2048,16,1024,431.963
16,2048,16,2048,629.982
16,2048,16,4096,1253
16,2048,16,8192,1250.96
16,2048,32,16,208.184
16,2048,32,32,209.71
16,2048,32,64,211.64
16,2048,32,128,272.932
16,2048,32,256,343.387
16,2048,32,512,460.658
16,2048,32,1024,721.451
16,2048,32,2048,1249.36
16,2048,32,4096,2503.43
16,2048,32,8192,2499.1
16,2048,64,16,299.109
16,2048,64,32,301.562
16,2048,64,64,305.029
16,2048,64,128,427.441
16,2048,64,256,565.896
16,2048,64,512,820.769
16,2048,64,1024,1370.91
16,2048,64,2048,2492.25
16,2048,64,4096,4968.47
16,2048,64,8192,5058.12
16,2048,128,16,469.041
16,2048,128,32,472.381
16,2048,128,64,485.533
16,2048,128,128,733.59
16,2048,128,256,1004.2
16,2048,128,512,1534.68
16,2048,128,1024,2661.88
16,2048,128,2048,4958.88
16,2048,128,4096,9959.7
16,2048,128,8192,9971.96
16,4096,0,0,214.201
16,4096,1,16,213.358
16,4096,1,32,213.465
16,4096,1,64,213.23
16,4096,1,128,213.059
16,4096,1,256,212.953
16,4096,1,512,213.827
16,4096,1,1024,213.859
16,4096,1,2048,213.593
16,4096,1,4096,214.627
16,4096,1,8192,215.075
16,4096,2,16,218.275
16,4096,2,32,218.243
16,4096,2,64,219.129
16,4096,2,128,224.408
16,4096,2,256,231.928
16,4096,2,512,244.174
16,4096,2,1024,269.38
16,4096,2,2048,321.957
16,4096,2,4096,423.42
16,4096,2,8192,422.673
16,4096,4,16,219.662
16,4096,4,32,219.715
16,4096,4,64,220.761
16,4096,4,128,225.945
16,4096,4,256,233.625
16,4096,4,512,245.817
16,4096,4,1024,271.716
16,4096,4,2048,323.493
16,4096,4,4096,424.988
16,4096,4,8192,423.985
16,4096,8,16,234.691
16,4096,8,32,234.394
16,4096,8,64,237.262
16,4096,8,128,251.961
16,4096,8,256,271.844
16,4096,8,512,309.316
16,4096,8,1024,383.931
16,4096,8,2048,531.645
16,4096,8,4096,831.501
16,4096,8,8192,831.18
16,4096,16,16,257.454
16,4096,16,32,257.967
16,4096,16,64,259.417
16,4096,16,128,293.541
16,4096,16,256,332.432
16,4096,16,512,407.239
16,4096,16,1024,555.006
16,4096,16,2048,843.896
16,4096,16,4096,1253.21
16,4096,16,8192,1250.89
16,4096,32,16,310.628
16,4096,32,32,311.952
16,4096,32,64,313.53
16,4096,32,128,388.891
16,4096,32,256,470.844
16,4096,32,512,603.273
16,4096,32,1024,877.849
16,4096,32,2048,1395.22
16,4096,32,4096,2495.71
16,4096,32,8192,2492.91
16,4096,64,16,412.561
16,4096,64,32,414.684
16,4096,64,64,420.049
16,4096,64,128,556.361
16,4096,64,256,702.838
16,4096,64,512,982.106
16,4096,64,1024,1513.2
16,4096,64,2048,2658.25
16,4096,64,4096,4987.11
16,4096,64,8192,4986.01
16,4096,128,16,597.193
16,4096,128,32,602.014
16,4096,128,64,614.292
16,4096,128,128,876.525
16,4096,128,256,1156.9
16,4096,128,512,1703.86
16,4096,128,1024,2819.41
16,4096,128,2048,5160.32
16,4096,128,4096,9975.4
16,4096,128,8192,9992.68
16,8192,0,0,213.678
16,8192,1,16,212.739
16,8192,1,32,212.963
16,8192,1,64,212.771
16,8192,1,128,213.07
16,8192,1,256,212.569
16,8192,1,512,213.102
16,8192,1,1024,213.155
16,8192,1,2048,212.899
16,8192,1,4096,214.617
16,8192,1,8192,214.318
16,8192,2,16,219.022
16,8192,2,32,218.478
16,8192,2,64,219.299
16,8192,2,128,224.195
16,8192,2,256,231.438
16,8192,2,512,244.046
16,8192,2,1024,269.786
16,8192,2,2048,321.243
16,8192,2,4096,423.687
16,8192,2,8192,423.153
16,8192,4,16,219.352
16,8192,4,32,219.79
16,8192,4,64,221.316
16,8192,4,128,225.988
16,8192,4,256,233.348
16,8192,4,512,246.767
16,8192,4,1024,271.93
16,8192,4,2048,322.991
16,8192,4,4096,424.604
16,8192,4,8192,423.889
16,8192,8,16,234.628
16,8192,8,32,235.001
16,8192,8,64,235.544
16,8192,8,128,251.695
16,8192,8,256,271.108
16,8192,8,512,308.965
16,8192,8,1024,384.209
16,8192,8,2048,532.968
16,8192,8,4096,831.415
16,8192,8,8192,831.789
16,8192,16,16,257.477
16,8192,16,32,258.105
16,8192,16,64,259.129
16,8192,16,128,293.626
16,8192,16,256,332.175
16,8192,16,512,406.993
16,8192,16,1024,555.753
16,8192,16,2048,849.784
16,8192,16,4096,1253.52
16,8192,16,8192,1253.22
16,8192,32,16,310.821
16,8192,32,32,312.123
16,8192,32,64,314.127
16,8192,32,128,388.081
16,8192,32,256,470.738
16,8192,32,512,603.743
16,8192,32,1024,877.528
16,8192,32,2048,1392.36
16,8192,32,4096,2492.54
16,8192,32,8192,2493.59
16,8192,64,16,412.358
16,8192,64,32,414.759
16,8192,64,64,420.145
16,8192,64,128,554.771
16,8192,64,256,702.325
16,8192,64,512,981.658
16,8192,64,1024,1508.49
16,8192,64,2048,2655.22
16,8192,64,4096,4989.44
16,8192,64,8192,4982.88
16,8192,128,16,596.852
16,8192,128,32,601.983
16,8192,128,64,615.614
16,8192,128,128,875.257
16,8192,128,256,1161.13
16,8192,128,512,1705.02
16,8192,128,1024,2819.94
16,8192,128,2048,5157.23
16,8192,128,4096,9985.93
16,8192,128,8192,9982.76
32,0,0,0,14.8587
32,0,1,16,15.0297
32,0,1,32,15.0937
32,0,1,64,15.0403
32,0,1,128,19.7973
32,0,1,256,25.6753
32,0,1,512,37.5153
32,0,1,1024,61.4513
32,0,1,2048,109.058
32,0,1,4096,213.262
32,0,1,8192,213.316
32,0,2,16,22.72
32,0,2,32,22.7847
32,0,2,64,22.7843
32,0,2,128,28.9603
32,0,2,256,35.0407
32,0,2,512,46.6677
32,0,2,1024,70.1983
32,0,2,2048,117.911
32,0,2,4096,220.356
32,0,2,8192,219.95
32,0,4,16,22.8693
32,0,4,32,22.9653
32,0,4,64,23.179
32,0,4,128,33.3117
32,0,4,256,45.579
32,0,4,512,69.3133
32,0,4,1024,116.588
32,0,4,2048,213.07
32,0,4,4096,421.532
32,0,4,8192,421.553
32,0,8,16,38.0053
32,0,8,32,38.1763
32,0,8,64,38.7417
32,0,8,128,55.116
32,0,8,256,73.111
32,0,8,512,108.653
32,0,8,1024,179.8
32,0,8,2048,322.96
32,0,8,4096,631.893
32,0,8,8192,632.074
32,0,16,16,53.8563
32,0,16,32,54.2727
32,0,16,64,55.6273
32,0,16,128,88.481
32,0,16,256,124.706
32,0,16,512,196.153
32,0,16,1024,340.656
32,0,16,2048,628.746
32,0,16,4096,1250.86
32,0,16,8192,1252.26
32,0,32,16,99.4153
32,0,32,32,100.396
32,0,32,64,102.146
32,0,32,128,168.621
32,0,32,256,240.42
32,0,32,512,384.347
32,0,32,1024,675.094
32,0,32,2048,1247.32
32,0,32,4096,2488.39
32,0,32,8192,2489.63
32,0,64,16,184.558
32,0,64,32,186.446
32,0,64,64,190.595
32,0,64,128,320.582
32,0,64,256,464.36
32,0,64,512,752.535
32,0,64,1024,1328.67
32,0,64,2048,2476.89
32,0,64,4096,4953.07
32,0,64,8192,4957.76
32,0,128,16,360.22
32,0,128,32,364.859
32,0,128,64,375.121
32,0,128,128,647.243
32,0,128,256,929.85
32,0,128,512,1495.81
32,0,128,1024,2639.33
32,0,128,2048,4942.14
32,0,128,4096,9945.79
32,0,128,8192,9958.13
32,16,0,0,14.9757
32,16,1,16,15.0617
32,16,1,32,15.0933
32,16,1,64,15.1043
32,16,1,128,19.7653
32,16,1,256,25.7283
32,16,1,512,37.5583
32,16,1,1024,61.398
32,16,1,2048,109.132
32,16,1,4096,212.857
32,16,1,8192,213.187
32,16,2,16,22.7947
32,16,2,32,22.9653
32,16,2,64,23.0083
32,16,2,128,28.9493
32,16,2,256,34.8487
32,16,2,512,46.944
32,16,2,1024,70.572
32,16,2,2048,117.975
32,16,2,4096,220.26
32,16,2,8192,220.259
32,16,4,16,23.0293
32,16,4,32,23.1147
32,16,4,64,23.51
32,16,4,128,33.5153
32,16,4,256,45.4943
32,16,4,512,69.3343
32,16,4,1024,116.909
32,16,4,2048,212.771
32,16,4,4096,421.842
32,16,4,8192,421.671
32,16,8,16,38.0807
32,16,8,32,38.4223
32,16,8,64,39.0833
32,16,8,128,55.2223
32,16,8,256,72.9823
32,16,8,512,108.172
32,16,8,1024,179.79
32,16,8,2048,323.781
32,16,8,4096,632.992
32,16,8,8192,631.947
32,16,16,16,53.8783
32,16,16,32,54.2943
32,16,16,64,55.713
32,16,16,128,88.7587
32,16,16,256,124.877
32,16,16,512,196.248
32,16,16,1024,341.179
32,16,16,2048,629.834
32,16,16,4096,1250.12
32,16,16,8192,1249.71
32,16,32,16,99.3193
32,16,32,32,100.385
32,16,32,64,102.466
32,16,32,128,168.59
32,16,32,256,240.612
32,16,32,512,383.761
32,16,32,1024,674.763
32,16,32,2048,1246.95
32,16,32,4096,2487.35
32,16,32,8192,2486.88
32,16,64,16,184.611
32,16,64,32,186.414
32,16,64,64,190.947
32,16,64,128,321.093
32,16,64,256,464.263
32,16,64,512,752.045
32,16,64,1024,1328.8
32,16,64,2048,2474.99
32,16,64,4096,4952.38
32,16,64,8192,4945.84
32,16,128,16,360.241
32,16,128,32,364.838
32,16,128,64,375.398
32,16,128,128,647.403
32,16,128,256,930.725
32,16,128,512,1496.91
32,16,128,1024,2634.16
32,16,128,2048,4947.73
32,16,128,4096,9947.68
32,16,128,8192,9965.59
32,32,0,0,14.9547
32,32,1,16,15.0723
32,32,1,32,15.083
32,32,1,64,15.1473
32,32,1,128,19.8833
32,32,1,256,25.686
32,32,1,512,37.6437
32,32,1,1024,61.3563
32,32,1,2048,109.377
32,32,1,4096,213.518
32,32,1,8192,213.091
32,32,2,16,22.9017
32,32,2,32,22.9763
32,32,2,64,23.1257
32,32,2,128,29.1523
32,32,2,256,35.0087
32,32,2,512,46.721
32,32,2,1024,70.8917
32,32,2,2048,117.89
32,32,2,4096,220.355
32,32,2,8192,220.153
32,32,4,16,23.0827
32,32,4,32,23.1683
32,32,4,64,23.691
32,32,4,128,33.622
32,32,4,256,45.6647
32,32,4,512,69.3773
32,32,4,1024,117.015
32,32,4,2048,212.942
32,32,4,4096,422.418
32,32,4,8192,421.319
32,32,8,16,38.091
32,32,8,32,38.4327
32,32,8,64,39.243
32,32,8,128,55.3823
32,32,8,256,72.7797
32,32,8,512,108.269
32,32,8,1024,179.896
32,32,8,2048,323.302
32,32,8,4096,631.733
32,32,8,8192,632.426
32,32,16,16,53.9213
32,32,16,32,54.6357
32,32,16,64,55.7877
32,32,16,128,88.6733
32,32,16,256,124.706
32,32,16,512,196.014
32,32,16,1024,340.891
32,32,16,2048,628.448
32,32,16,4096,1249.36
32,32,16,8192,1250.35
32,32,32,16,99.468
32,32,32,32,100.439
32,32,32,64,102.583
32,32,32,128,168.536
32,32,32,256,240.346
32,32,32,512,384.338
32,32,32,1024,675.094
32,32,32,2048,1247.7
32,32,32,4096,2487.04
32,32,32,8192,2484.52
32,32,64,16,184.409
32,32,64,32,186.382
32,32,64,64,190.798
32,32,64,128,320.795
32,32,64,256,464.445
32,32,64,512,751.596
32,32,64,1024,1328.88
32,32,64,2048,2475.61
32,32,64,4096,4950.65
32,32,64,8192,4957.42
32,32,128,16,359.985
32,32,128,32,364.838
32,32,128,64,375.569
32,32,128,128,647.53
32,32,128,256,930.938
32,32,128,512,1496.12
32,32,128,1024,2635.63
32,32,128,2048,4945.43
32,32,128,4096,9952
32,32,128,8192,9967.68
32,64,0,0,15.125
32,64,1,16,15.19
32,64,1,32,15.1147
32,64,1,64,15.2213
32,64,1,128,19.7443
32,64,1,256,25.7603
32,64,1,512,37.5267
32,64,1,1024,61.398
32,64,1,2048,109.324
32,64,1,4096,213.081
32,64,1,8192,213.667
32,64,2,16,23.104
32,64,2,32,23.147
32,64,2,64,23.3817
32,64,2,128,29.2487
32,64,2,256,35.2643
32,64,2,512,47.1047
32,64,2,1024,70.529
32,64,2,2048,118.423
32,64,2,4096,220.227
32,64,2,8192,220.356
32,64,4,16,23.3283
32,64,4,32,23.3817
32,64,4,64,23.7873
32,64,4,128,33.6963
32,64,4,256,45.558
32,64,4,512,69.313
32,64,4,1024,116.876
32,64,4,2048,212.825
32,64,4,4096,421.618
32,64,4,8192,421.735
32,64,8,16,38.358
32,64,8,32,38.529
32,64,8,64,39.1153
32,64,8,128,55.4353
32,64,8,256,73.4093
32,64,8,512,108.418
32,64,8,1024,180.003
32,64,8,2048,323.27
32,64,8,4096,631.925
32,64,8,8192,631.403
32,64,16,16,54.1553
32,64,16,32,54.7533
32,64,16,64,56.1077
32,64,16,128,88.6417
32,64,16,256,124.706
32,64,16,512,196.195
32,64,16,1024,341.403
32,64,16,2048,629.045
32,64,16,4096,1249.43
32,64,16,8192,1248.36
32,64,32,16,99.404
32,64,32,32,100.535
32,64,32,64,102.551
32,64,32,128,168.568
32,64,32,256,240.281
32,64,32,512,384.316
32,64,32,1024,675.51
32,64,32,2048,1246.43
32,64,32,4096,2487.73
32,64,32,8192,2486.38
32,64,64,16,184.344
32,64,64,32,186.35
32,64,64,64,190.936
32,64,64,128,320.73
32,64,64,256,464.68
32,64,64,512,751.586
32,64,64,1024,1328.19
32,64,64,2048,2477.48
32,64,64,4096,4953.92
32,64,64,8192,4957.56
32,64,128,16,360.209
32,64,128,32,364.913
32,64,128,64,375.462
32,64,128,128,647.136
32,64,128,256,930.64
32,64,128,512,1495.29
32,64,128,1024,2636.15
32,64,128,2048,4948.15
32,64,128,4096,9958.75
32,64,128,8192,9965.68
32,128,0,0,20.8967
32,128,1,16,20.257
32,128,1,32,20.203
32,128,1,64,20.1607
32,128,1,128,20.822
32,128,1,256,25.8567
32,128,1,512,37.6117
32,128,1,1024,61.548
32,128,1,2048,109.377
32,128,1,4096,212.953
32,128,1,8192,213.507
32,128,2,16,29.0777
32,128,2,32,29.067
32,128,2,64,29.0677
32,128,2,128,34.5067
32,128,2,256,41.174
32,128,2,512,52.7687
32,128,2,1024,76.503
32,128,2,2048,124.333
32,128,2,4096,226.66
32,128,2,8192,226.127
32,128,4,16,29.3123
32,128,4,32,29.419
32,128,4,64,29.536
32,128,4,128,35.254
32,128,4,256,45.7507
32,128,4,512,69.42
32,128,4,1024,116.78
32,128,4,2048,212.911
32,128,4,4096,421.714
32,128,4,8192,421.277
32,128,8,16,44.0647
32,128,8,32,44.2247
32,128,8,64,44.822
32,128,8,128,61.335
32,128,8,256,79.212
32,128,8,512,114.445
32,128,8,1024,186.03
32,128,8,2048,329.851
32,128,8,4096,637.536
32,128,8,8192,637.846
32,128,16,16,64.6947
32,128,16,32,65.0683
32,128,16,64,65.6977
32,128,16,128,89.6557
32,128,16,256,125.165
32,128,16,512,195.918
32,128,16,1024,340.955
32,128,16,2048,628.523
32,128,16,4096,1252.11
32,128,16,8192,1250.73
32,128,32,16,105.047
32,128,32,32,105.783
32,128,32,64,107.853
32,128,32,128,170.339
32,128,32,256,240.74
32,128,32,512,384.412
32,128,32,1024,675.425
32,128,32,2048,1248.83
32,128,32,4096,2490.84
32,128,32,8192,2487.01
32,128,64,16,189.454
32,128,64,32,191.385
32,128,64,64,195.332
32,128,64,128,323.067
32,128,64,256,466.611
32,128,64,512,752.236
32,128,64,1024,1327.56
32,128,64,2048,2478.04
32,128,64,4096,4964.29
32,128,64,8192,4963.39
32,128,128,16,361.415
32,128,128,32,365.767
32,128,128,64,376.273
32,128,128,128,650.347
32,128,128,256,932.165
32,128,128,512,1496.95
32,128,128,1024,2638.81
32,128,128,2048,4943.99
32,128,128,4096,9954.24
32,128,128,8192,9961.43
32,256,0,0,26.848
32,256,1,16,26.177
32,256,1,32,26.1977
32,256,1,64,26.123
32,256,1,128,26.475
32,256,1,256,26.5493
32,256,1,512,37.6003
32,256,1,1024,61.4947
32,256,1,2048,109.207
32,256,1,4096,213.252
32,256,1,8192,213.358
32,256,2,16,34.7957
32,256,2,32,34.87
32,256,2,64,34.9447
32,256,2,128,40.886
32,256,2,256,46.2517
32,256,2,512,58.9557
32,256,2,1024,82.0603
32,256,2,2048,130.253
32,256,2,4096,233.849
32,256,2,8192,234.297
32,256,4,16,35.2
32,256,4,32,35.126
32,256,4,64,35.83
32,256,4,128,41.217
32,256,4,256,47.8303
32,256,4,512,69.601
32,256,4,1024,116.93
32,256,4,2048,212.494
32,256,4,4096,421.096
32,256,4,8192,421.362
32,256,8,16,50.0917
32,256,8,32,50.241
32,256,8,64,50.9877
32,256,8,128,67.1263
32,256,8,256,85.2173
32,256,8,512,121.101
32,256,8,1024,192.036
32,256,8,2048,335.142
32,256,8,4096,645.334
32,256,8,8192,644.684
32,256,16,16,72.5557
32,256,16,32,73.0253
32,256,16,64,73.879
32,256,16,128,100.216
32,256,16,256,126.135
32,256,16,512,196.291
32,256,16,1024,340.529
32,256,16,2048,629.451
32,256,16,4096,1251.91
32,256,16,8192,1251.74
32,256,32,16,111.437
32,256,32,32,112.461
32,256,32,64,114.444
32,256,32,128,175.011
32,256,32,256,242.479
32,256,32,512,383.25
32,256,32,1024,675.126
32,256,32,2048,1249.97
32,256,32,4096,2492.31
32,256,32,8192,2488.67
32,256,64,16,194.595
32,256,64,32,196.462
32,256,64,64,200.43
32,256,64,128,327.92
32,256,64,256,467.912
32,256,64,512,754.787
32,256,64,1024,1327.38
32,256,64,2048,2481.74
32,256,64,4096,4961.71
32,256,64,8192,4969.97
32,256,128,16,365.084
32,256,128,32,369.596
32,256,128,64,380.07
32,256,128,128,652.278
32,256,128,256,935.483
32,256,128,512,1498.04
32,256,128,1024,2635.65
32,256,128,2048,4941.34
32,256,128,4096,9959.49
32,256,128,8192,9973.65
32,512,0,0,38.5927
32,512,1,16,37.9423
32,512,1,32,37.9103
32,512,1,64,37.91
32,512,1,128,38.337
32,512,1,256,38.0917
32,512,1,512,38.5073
32,512,1,1024,61.6007
32,512,1,2048,109.325
32,512,1,4096,213.284
32,512,1,8192,213.497
32,512,2,16,46.7107
32,512,2,32,46.8063
32,512,2,64,46.8057
32,512,2,128,52.3957
32,512,2,256,58.273
32,512,2,512,70.0813
32,512,2,1024,94.0713
32,512,2,2048,142.019
32,512,2,4096,246.586
32,512,2,8192,245.7
32,512,4,16,46.9667
32,512,4,32,47.5843
32,512,4,64,47.585
32,512,4,128,53.1957
32,512,4,256,59.329
32,512,4,512,71.1267
32,512,4,1024,116.908
32,512,4,2048,212.441
32,512,4,4096,421.405
32,512,4,8192,421.341
32,512,8,16,61.8463
32,512,8,32,62.22
32,512,8,64,62.839
32,512,8,128,79.3827
32,512,8,256,96.6203
32,512,8,512,132.173
32,512,8,1024,204.452
32,512,8,2048,346.577
32,512,8,4096,657.526
32,512,8,8192,657.9
32,512,16,16,84.7483
32,512,16,32,85.3777
32,512,16,64,85.9643
32,512,16,128,119.085
32,512,16,256,147.704
32,512,16,512,197.646
32,512,16,1024,339.729
32,512,16,2048,628.95
32,512,16,4096,1252.76
32,512,16,8192,1253.61
32,512,32,16,129.869
32,512,32,32,130.808
32,512,32,64,132.13
32,512,32,128,187.897
32,512,32,256,252.623
32,512,32,512,384.913
32,512,32,1024,673.484
32,512,32,2048,1251.25
32,512,32,4096,2500.34
32,512,32,8192,2497.81
32,512,64,16,208.099
32,512,64,32,209.273
32,512,64,64,212.9
32,512,64,128,337.169
32,512,64,256,479.549
32,512,64,512,756.162
32,512,64,1024,1327.94
32,512,64,2048,2483.86
32,512,64,4096,4970.65
32,512,64,8192,4969.06
32,512,128,16,376.518
32,512,128,32,380.658
32,512,128,64,390.663
32,512,128,128,657.27
32,512,128,256,940.059
32,512,128,512,1503.82
32,512,128,1024,2637.58
32,512,128,2048,4944.28
32,512,128,4096,9958.15
32,512,128,8192,9966.11
32,1024,0,0,62.5607
32,1024,1,16,61.8463
32,1024,1,32,61.8037
32,1024,1,64,61.8993
32,1024,1,128,61.9317
32,1024,1,256,62.326
32,1024,1,512,62.4117
32,1024,1,1024,62.5823
32,1024,1,2048,109.325
32,1024,1,4096,213.198
32,1024,1,8192,213.561
32,1024,2,16,70.1453
32,1024,2,32,70.113
32,1024,2,64,70.273
32,1024,2,128,75.7133
32,1024,2,256,81.7827
32,1024,2,512,93.5377
32,1024,2,1024,117.399
32,1024,2,2048,165.944
32,1024,2,4096,271.503
32,1024,2,8192,271.62
32,1024,4,16,70.636
32,1024,4,32,70.721
32,1024,4,64,71.2443
32,1024,4,128,76.5987
32,1024,4,256,82.8603
32,1024,4,512,94.519
32,1024,4,1024,118.679
32,1024,4,2048,212.164
32,1024,4,4096,421.309
32,1024,4,8192,421.81
32,1024,8,16,85.26
32,1024,8,32,85.6013
32,1024,8,64,86.0707
32,1024,8,128,103.117
32,1024,8,256,120.759
32,1024,8,512,155.373
32,1024,8,1024,226.447
32,1024,8,2048,374.375
32,1024,8,4096,687.756
32,1024,8,8192,688.226
32,1024,16,16,108.471
32,1024,16,32,109.047
32,1024,16,64,110.252
32,1024,16,128,143.501
32,1024,16,256,178.584
32,1024,16,512,241.679
32,1024,16,1024,341.563
32,1024,16,2048,629.174
32,1024,16,4096,1251.7
32,1024,16,8192,1252.2
32,1024,32,16,154.488
32,1024,32,32,155.608
32,1024,32,64,157.379
32,1024,32,128,223.375
32,1024,32,256,278.394
32,1024,32,512,406.909
32,1024,32,1024,676.076
32,1024,32,2048,1251.95
32,1024,32,4096,2499.05
32,1024,32,8192,2496.11
32,1024,64,16,238.543
32,1024,64,32,240.687
32,1024,64,64,245.082
32,1024,64,128,363.675
32,1024,64,256,498.975
32,1024,64,512,776.376
32,1024,64,1024,1333.6
32,1024,64,2048,2481.74
32,1024,64,4096,4970.02
32,1024,64,8192,4966.4
32,1024,128,16,405.682
32,1024,128,32,410.279
32,1024,128,64,419.73
32,1024,128,128,678.23
32,1024,128,256,948.113
32,1024,128,512,1511.93
32,1024,128,1024,2650.86
32,1024,128,2048,4945.35
32,1024,128,4096,9947.18
32,1024,128,8192,9969.44
32,2048,0,0,110.487
32,2048,1,16,109.773
32,2048,1,32,109.506
32,2048,1,64,109.613
32,2048,1,128,109.485
32,2048,1,256,110.071
32,2048,1,512,109.847
32,2048,1,1024,110.199
32,2048,1,2048,110.519
32,2048,1,4096,213.625
32,2048,1,8192,213.849
32,2048,2,16,116.781
32,2048,2,32,116.994
32,2048,2,64,116.663
32,2048,2,128,122.37
32,2048,2,256,128.738
32,2048,2,512,140.237
32,2048,2,1024,164.056
32,2048,2,2048,213.199
32,2048,2,4096,324.038
32,2048,2,8192,324.241
32,2048,4,16,117.645
32,2048,4,32,118.317
32,2048,4,64,118.413
32,2048,4,128,124.194
32,2048,4,256,130.264
32,2048,4,512,141.634
32,2048,4,1024,165.912
32,2048,4,2048,215.566
32,2048,4,4096,421.298
32,2048,4,8192,420.786
32,2048,8,16,132.226
32,2048,8,32,133.176
32,2048,8,64,133.432
32,2048,8,128,149.944
32,2048,8,256,168.024
32,2048,8,512,203.171
32,2048,8,1024,273.807
32,2048,8,2048,418.322
32,2048,8,4096,738.979
32,2048,8,8192,738.125
32,2048,16,16,155.459
32,2048,16,32,155.917
32,2048,16,64,156.963
32,2048,16,128,190.916
32,2048,16,256,227.193
32,2048,16,512,297.179
32,2048,16,1024,432.883
32,2048,16,2048,629.985
32,2048,16,4096,1252
32,2048,16,8192,1251.36
32,2048,32,16,208.452
32,2048,32,32,209.38
32,2048,32,64,211.758
32,2048,32,128,272.709
32,2048,32,256,343.931
32,2048,32,512,460.755
32,2048,32,1024,720.482
32,2048,32,2048,1249.12
32,2048,32,4096,2499.2
32,2048,32,8192,2497.32
32,2048,64,16,299.227
32,2048,64,32,301.509
32,2048,64,64,305.755
32,2048,64,128,427.155
32,2048,64,256,563.498
32,2048,64,512,823.802
32,2048,64,1024,1371.54
32,2048,64,2048,2492.29
32,2048,64,4096,4972.31
32,2048,64,8192,4972.96
32,2048,128,16,468.99
32,2048,128,32,473.043
32,2048,128,64,485.118
32,2048,128,128,735.053
32,2048,128,256,1003.62
32,2048,128,512,1538.53
32,2048,128,1024,2662.63
32,2048,128,2048,4962.93
32,2048,128,4096,9954.61
32,2048,128,8192,9960.6
32,4096,0,0,214.019
32,4096,1,16,214.02
32,4096,1,32,213.518
32,4096,1,64,213.625
32,4096,1,128,213.572
32,4096,1,256,213.209
32,4096,1,512,213.721
32,4096,1,1024,213.849
32,4096,1,2048,214.073
32,4096,1,4096,214.265
32,4096,1,8192,214.532
32,4096,2,16,219.171
32,4096,2,32,219.076
32,4096,2,64,219.674
32,4096,2,128,225.167
32,4096,2,256,231.567
32,4096,2,512,245.029
32,4096,2,1024,270.053
32,4096,2,2048,321.787
32,4096,2,4096,423.304
32,4096,2,8192,423.453
32,4096,4,16,219.578
32,4096,4,32,220.111
32,4096,4,64,220.601
32,4096,4,128,226.671
32,4096,4,256,232.676
32,4096,4,512,246.542
32,4096,4,1024,272.367
32,4096,4,2048,324.091
32,4096,4,4096,423.997
32,4096,4,8192,423.325
32,4096,8,16,234.66
32,4096,8,32,234.554
32,4096,8,64,238.042
32,4096,8,128,252.015
32,4096,8,256,271.792
32,4096,8,512,309.264
32,4096,8,1024,383.292
32,4096,8,2048,531.818
32,4096,8,4096,831.353
32,4096,8,8192,831.162
32,4096,16,16,257.872
32,4096,16,32,258.117
32,4096,16,64,259.482
32,4096,16,128,293.221
32,4096,16,256,332.902
32,4096,16,512,406.93
32,4096,16,1024,555.626
32,4096,16,2048,843.866
32,4096,16,4096,1252.5
32,4096,16,8192,1255.41
32,4096,32,16,311.408
32,4096,32,32,312.379
32,4096,32,64,314.715
32,4096,32,128,388.967
32,4096,32,256,470.557
32,4096,32,512,602.987
32,4096,32,1024,877.829
32,4096,32,2048,1395.58
32,4096,32,4096,2494.06
32,4096,32,8192,2492.03
32,4096,64,16,412.744
32,4096,64,32,415.347
32,4096,64,64,420.413
32,4096,64,128,556.426
32,4096,64,256,701.75
32,4096,64,512,980.786
32,4096,64,1024,1518.17
32,4096,64,2048,2657.68
32,4096,64,4096,4984.92
32,4096,64,8192,4984.73
32,4096,128,16,596.021
32,4096,128,32,602.229
32,4096,128,64,615.061
32,4096,128,128,876.571
32,4096,128,256,1162.98
32,4096,128,512,1707.93
32,4096,128,1024,2824.96
32,4096,128,2048,5156.11
32,4096,128,4096,9976.44
32,4096,128,8192,9997.24
32,8192,0,0,213.838
32,8192,1,16,213.124
32,8192,1,32,213.006
32,8192,1,64,213.305
32,8192,1,128,213.295
32,8192,1,256,213.134
32,8192,1,512,213.112
32,8192,1,1024,213.156
32,8192,1,2048,213.391
32,8192,1,4096,214.254
32,8192,1,8192,214.148
32,8192,2,16,218.756
32,8192,2,32,219.343
32,8192,2,64,219.023
32,8192,2,128,225.113
32,8192,2,256,232.965
32,8192,2,512,244.292
32,8192,2,1024,269.231
32,8192,2,2048,322.63
32,8192,2,4096,423.229
32,8192,2,8192,422.493
32,8192,4,16,219.908
32,8192,4,32,219.983
32,8192,4,64,221.412
32,8192,4,128,226.062
32,8192,4,256,233.444
32,8192,4,512,246.053
32,8192,4,1024,272.133
32,8192,4,2048,323.537
32,8192,4,4096,424.456
32,8192,4,8192,423.24
32,8192,8,16,234.617
32,8192,8,32,235.108
32,8192,8,64,237.476
32,8192,8,128,251.61
32,8192,8,256,271.418
32,8192,8,512,309.466
32,8192,8,1024,383.922
32,8192,8,2048,531.241
32,8192,8,4096,831.61
32,8192,8,8192,830.767
32,8192,16,16,257.551
32,8192,16,32,258.66
32,8192,16,64,259.205
32,8192,16,128,293.115
32,8192,16,256,332.454
32,8192,16,512,406.845
32,8192,16,1024,556.032
32,8192,16,2048,845.978
32,8192,16,4096,1253.64
32,8192,16,8192,1254.02
32,8192,32,16,311.461
32,8192,32,32,312.39
32,8192,32,64,314.822
32,8192,32,128,388.37
32,8192,32,256,471.261
32,8192,32,512,603.403
32,8192,32,1024,877.819
32,8192,32,2048,1394.93
32,8192,32,4096,2493.22
32,8192,32,8192,2491.83
32,8192,64,16,413.095
32,8192,64,32,415.154
32,8192,64,64,419.975
32,8192,64,128,556.139
32,8192,64,256,701.762
32,8192,64,512,982.844
32,8192,64,1024,1512.92
32,8192,64,2048,2658.2
32,8192,64,4096,4989.98
32,8192,64,8192,4990.19
32,8192,128,16,597.12
32,8192,128,32,602.593
32,8192,128,64,616.321
32,8192,128,128,874.928
32,8192,128,256,1159.57
32,8192,128,512,1707.59
32,8192,128,1024,2820.24
32,8192,128,2048,5160.18
32,8192,128,4096,9991.79
32,8192,128,8192,9990.7
64,0,0,0,15.3927
64,0,1,16,15.4347
64,0,1,32,15.488
64,0,1,64,15.5843
64,0,1,128,19.904
64,0,1,256,25.8027
64,0,1,512,37.6113
64,0,1,1024,61.548
64,0,1,2048,109.154
64,0,1,4096,213.113
64,0,1,8192,213.327
64,0,2,16,23.329
64,0,2,32,23.4357
64,0,2,64,23.5417
64,0,2,128,29.5047
64,0,2,256,35.6913
64,0,2,512,47.1897
64,0,2,1024,70.9663
64,0,2,2048,118.466
64,0,2,4096,220.516
64,0,2,8192,220.761
64,0,4,16,23.755
64,0,4,32,23.7867
64,0,4,64,24.043
64,0,4,128,33.9313
64,0,4,256,45.7177
64,0,4,512,69.5373
64,0,4,1024,116.824
64,0,4,2048,212.815
64,0,4,4096,422.514
64,0,4,8192,421.469
64,0,8,16,38.6037
64,0,8,32,38.785
64,0,8,64,39.3397
64,0,8,128,55.542
64,0,8,256,73.6337
64,0,8,512,109.069
64,0,8,1024,180.163
64,0,8,2048,323.462
64,0,8,4096,631.851
64,0,8,8192,632.993
64,0,16,16,54.5823
64,0,16,32,54.9237
64,0,16,64,56.2783
64,0,16,128,88.6843
64,0,16,256,125.282
64,0,16,512,196.366
64,0,16,1024,340.881
64,0,16,2048,629.366
64,0,16,4096,1250.03
64,0,16,8192,1249.65
64,0,32,16,99.703
64,0,32,32,100.653
64,0,32,64,102.615
64,0,32,128,168.461
64,0,32,256,240.633
64,0,32,512,384.242
64,0,32,1024,675.277
64,0,32,2048,1246.97
64,0,32,4096,2489.89
64,0,32,8192,2485.02
64,0,64,16,184.611
64,0,64,32,186.553
64,0,64,64,190.936
64,0,64,128,321.371
64,0,64,256,464.52
64,0,64,512,752.258
64,0,64,1024,1329.2
64,0,64,2048,2478.87
64,0,64,4096,4953.39
64,0,64,8192,4956.52
64,0,128,16,360.583
64,0,128,32,365.372
64,0,128,64,375.826
64,0,128,128,647.393
64,0,128,256,931.654
64,0,128,512,1496.07
64,0,128,1024,2633.83
64,0,128,2048,4945.81
64,0,128,4096,9961.48
64,0,128,8192,9972.53
64,16,0,0,15.5097
64,16,1,16,15.4243
64,16,1,32,15.584
64,16,1,64,15.681
64,16,1,128,19.9573
64,16,1,256,25.8243
64,16,1,512,37.6963
64,16,1,1024,61.537
64,16,1,2048,109.357
64,16,1,4096,213.124
64,16,1,8192,213.231
64,16,2,16,23.3603
64,16,2,32,23.5527
64,16,2,64,23.7763
64,16,2,128,29.5257
64,16,2,256,35.585
64,16,2,512,47.0937
64,16,2,1024,71.0317
64,16,2,2048,118.637
64,16,2,4096,220.335
64,16,2,8192,220.911
64,16,4,16,23.797
64,16,4,32,23.8623
64,16,4,64,24.2037
64,16,4,128,33.8563
64,16,4,256,45.707
64,16,4,512,69.644
64,16,4,1024,117.143
64,16,4,2048,213.167
64,16,4,4096,422.269
64,16,4,8192,421.288
64,16,8,16,38.5927
64,16,8,32,38.923
64,16,8,64,39.5953
64,16,8,128,55.6917
64,16,8,256,73.6447
64,16,8,512,109.133
64,16,8,1024,180.526
64,16,8,2048,323.355
64,16,8,4096,632.448
64,16,8,8192,631.649
64,16,16,16,54.657
64,16,16,32,55.2437
64,16,16,64,56.374
64,16,16,128,88.7907
64,16,16,256,124.834
64,16,16,512,196.569
64,16,16,1024,341.286
64,16,16,2048,628.608
64,16,16,4096,1253.69
64,16,16,8192,1253.82
64,16,32,16,99.842
64,16,32,32,100.845
64,16,32,64,102.903
64,16,32,128,168.92
64,16,32,256,240.485
64,16,32,512,384.092
64,16,32,1024,675.127
64,16,32,2048,1248.35
64,16,32,4096,2489.34
64,16,32,8192,2489.55
64,16,64,16,184.761
64,16,64,32,186.606
64,16,64,64,190.98
64,16,64,128,321.019
64,16,64,256,464.126
64,16,64,512,752.792
64,16,64,1024,1328.16
64,16,64,2048,2477.58
64,16,64,4096,4950.93
64,16,64,8192,4950.42
64,16,128,16,360.412
64,16,128,32,365.127
64,16,128,64,375.505
64,16,128,128,647.457
64,16,128,256,931.42
64,16,128,512,1495.96
64,16,128,1024,2637.79
64,16,128,2048,4942.24
64,16,128,4096,9953.74
64,16,128,8192,9962.81
64,32,0,0,15.499
64,32,1,16,15.4247
64,32,1,32,15.4567
64,32,1,64,15.616
64,32,1,128,19.862
64,32,1,256,25.7923
64,32,1,512,37.643
64,32,1,1024,61.5797
64,32,1,2048,109.378
64,32,1,4096,212.783
64,32,1,8192,213.22
64,32,2,16,23.5527
64,32,2,32,23.6167
64,32,2,64,23.979
64,32,2,128,29.814
64,32,2,256,35.734
64,32,2,512,47.3923
64,32,2,1024,70.9453
64,32,2,2048,118.605
64,32,2,4096,220.431
64,32,2,8192,220.334
64,32,4,16,23.8087
64,32,4,32,23.936
64,32,4,64,24.2243
64,32,4,128,34.006
64,32,4,256,45.6433
64,32,4,512,69.5267
64,32,4,1024,116.962
64,32,4,2048,212.943
64,32,4,4096,422.024
64,32,4,8192,421.736
64,32,8,16,38.8697
64,32,8,32,38.8917
64,32,8,64,39.596
64,32,8,128,55.5103
64,32,8,256,73.484
64,32,8,512,109.186
64,32,8,1024,180.644
64,32,8,2048,323.451
64,32,8,4096,631.777
64,32,8,8192,631.788
64,32,16,16,54.785
64,32,16,32,55.073
64,32,16,64,56.375
64,32,16,128,88.802
64,32,16,256,125.165
64,32,16,512,196.185
64,32,16,1024,341.062
64,32,16,2048,629.227
64,32,16,4096,1250.85
64,32,16,8192,1250.21
64,32,32,16,99.778
64,32,32,32,100.898
64,32,32,64,102.754
64,32,32,128,168.632
64,32,32,256,240.143
64,32,32,512,384.316
64,32,32,1024,675.298
64,32,32,2048,1246.81
64,32,32,4096,2487.99
64,32,32,8192,2490.24
64,32,64,16,184.953
64,32,64,32,186.691
64,32,64,64,191.332
64,32,64,128,321.03
64,32,64,256,464.147
64,32,64,512,752.323
64,32,64,1024,1329.77
64,32,64,2048,2478.65
64,32,64,4096,4955.26
64,32,64,8192,4951.42
64,32,128,16,360.423
64,32,128,32,365.212
64,32,128,64,375.846
64,32,128,128,648.086
64,32,128,256,931.452
64,32,128,512,1495.78
64,32,128,1024,2635.93
64,32,128,2048,4944.62
64,32,128,4096,9951.12
64,32,128,8192,9964.03
64,64,0,0,15.6377
64,64,1,16,15.4987
64,64,1,32,15.488
64,64,1,64,15.627
64,64,1,128,19.8297
64,64,1,256,25.8563
64,64,1,512,37.6433
64,64,1,1024,61.5263
64,64,1,2048,109.335
64,64,1,4096,212.687
64,64,1,8192,213.551
64,64,2,16,23.4997
64,64,2,32,23.7227
64,64,2,64,23.9477
64,64,2,128,29.4727
64,64,2,256,35.6913
64,64,2,512,47.734
64,64,2,1024,71.0627
64,64,2,2048,118.509
64,64,2,4096,220.985
64,64,2,8192,221.668
64,64,4,16,23.9367
64,64,4,32,23.904
64,64,4,64,24.31
64,64,4,128,33.8993
64,64,4,256,45.6863
64,64,4,512,69.644
64,64,4,1024,117.079
64,64,4,2048,213.07
64,64,4,4096,422.13
64,64,4,8192,421.683
64,64,8,16,38.7317
64,64,8,32,39.051
64,64,8,64,39.6593
64,64,8,128,55.7983
64,64,8,256,73.729
64,64,8,512,109.357
64,64,8,1024,180.697
64,64,8,2048,323.494
64,64,8,4096,631.702
64,64,8,8192,632.512
64,64,16,16,55.1583
64,64,16,32,55.5847
64,64,16,64,56.8117
64,64,16,128,88.94
64,64,16,256,124.856
64,64,16,512,196.1
64,64,16,1024,341.819
64,64,16,2048,629.27
64,64,16,4096,1249.79
64,64,16,8192,1249.63
64,64,32,16,99.981
64,64,32,32,100.951
64,64,32,64,102.967
64,64,32,128,168.643
64,64,32,256,240.271
64,64,32,512,384.231
64,64,32,1024,675.586
64,64,32,2048,1246.8
64,64,32,4096,2489.42
64,64,32,8192,2486.33
64,64,64,16,184.889
64,64,64,32,186.947
64,64,64,64,191.406
64,64,64,128,321.009
64,64,64,256,464.328
64,64,64,512,753.09
64,64,64,1024,1330.55
64,64,64,2048,2478.56
64,64,64,4096,4955.37
64,64,64,8192,4956.12
64,64,128,16,360.478
64,64,128,32,365.052
64,64,128,64,376.06
64,64,128,128,647.959
64,64,128,256,930.695
64,64,128,512,1495.74
64,64,128,1024,2634.16
64,64,128,2048,4946.12
64,64,128,4096,9947.67
64,64,128,8192,9950.18
64,128,0,0,21.462
64,128,1,16,20.971
64,128,1,32,20.96
64,128,1,64,20.896
64,128,1,128,21.1203
64,128,1,256,25.8677
64,128,1,512,37.6003
64,128,1,1024,61.3883
64,128,1,2048,109.527
64,128,1,4096,213.167
64,128,1,8192,213.391
64,128,2,16,29.5903
64,128,2,32,29.8137
64,128,2,64,29.9207
64,128,2,128,35.0617
64,128,2,256,41.4937
64,128,2,512,53.3343
64,128,2,1024,77.0583
64,128,2,2048,124.471
64,128,2,4096,226.511
64,128,2,8192,227.503
64,128,4,16,29.953
64,128,4,32,30.219
64,128,4,64,30.358
64,128,4,128,35.8403
64,128,4,256,46.017
64,128,4,512,69.441
64,128,4,1024,116.994
64,128,4,2048,212.654
64,128,4,4096,422.034
64,128,4,8192,421.757
64,128,8,16,44.7153
64,128,8,32,44.9503
64,128,8,64,45.601
64,128,8,128,61.7187
64,128,8,256,79.9907
64,128,8,512,115.906
64,128,8,1024,186.276
64,128,8,2048,329.425
64,128,8,4096,638.721
64,128,8,8192,639.339
64,128,16,16,65.996
64,128,16,32,66.2197
64,128,16,64,66.9343
64,128,16,128,90.028
64,128,16,256,125.293
64,128,16,512,196.334
64,128,16,1024,341.553
64,128,16,2048,628.599
64,128,16,4096,1251.6
64,128,16,8192,1249.63
64,128,32,16,105.634
64,128,32,32,106.36
64,128,32,64,108.301
64,128,32,128,170.446
64,128,32,256,240.442
64,128,32,512,383.591
64,128,32,1024,675.394
64,128,32,2048,1248.98
64,128,32,4096,2489.83
64,128,32,8192,2484.86
64,128,64,16,189.647
64,128,64,32,191.459
64,128,64,64,195.556
64,128,64,128,322.363
64,128,64,256,465.876
64,128,64,512,753.07
64,128,64,1024,1327.01
64,128,64,2048,2480.73
64,128,64,4096,4961.64
64,128,64,8192,4959.23
64,128,128,16,361.756
64,128,128,32,366.514
64,128,128,64,376.807
64,128,128,128,651.532
64,128,128,256,932.914
64,128,128,512,1497.07
64,128,128,1024,2636.34
64,128,128,2048,4946.18
64,128,128,4096,9949.79
64,128,128,8192,9960.5
64,256,0,0,27.2323
64,256,1,16,26.9123
64,256,1,32,26.8693
64,256,1,64,26.8383
64,256,1,128,26.934
64,256,1,256,26.9547
64,256,1,512,37.6323
64,256,1,1024,61.558
64,256,1,2048,109.41
64,256,1,4096,213.092
64,256,1,8192,213.242
64,256,2,16,35.2113
64,256,2,32,35.275
64,256,2,64,35.691
64,256,2,128,41.0143
64,256,2,256,47.052
64,256,2,512,59.4253
64,256,2,1024,82.946
64,256,2,2048,130.52
64,256,2,4096,234.681
64,256,2,8192,234.148
64,256,4,16,35.8513
64,256,4,32,36.065
64,256,4,64,36.598
64,256,4,128,41.75
64,256,4,256,47.905
64,256,4,512,69.7293
64,256,4,1024,116.888
64,256,4,2048,212.484
64,256,4,4096,421.277
64,256,4,8192,421.107
64,256,8,16,50.7103
64,256,8,32,51.1477
64,256,8,64,51.681
64,256,8,128,67.7237
64,256,8,256,85.6333
64,256,8,512,121.784
64,256,8,1024,193.06
64,256,8,2048,335.825
64,256,8,4096,644.183
64,256,8,8192,645.857
64,256,16,16,73.239
64,256,16,32,73.6653
64,256,16,64,74.8497
64,256,16,128,101.143
64,256,16,256,126.552
64,256,16,512,196.43
64,256,16,1024,340.732
64,256,16,2048,628.459
64,256,16,4096,1252.18
64,256,16,8192,1253.19
64,256,32,16,112.034
64,256,32,32,112.952
64,256,32,64,115.127
64,256,32,128,175.619
64,256,32,256,242.575
64,256,32,512,382.995
64,256,32,1024,676.429
64,256,32,2048,1250.01
64,256,32,4096,2493.51
64,256,32,8192,2489.81
64,256,64,16,194.927
64,256,64,32,196.782
64,256,64,64,201.06
64,256,64,128,329.201
64,256,64,256,467.689
64,256,64,512,755.107
64,256,64,1024,1328.59
64,256,64,2048,2481.88
64,256,64,4096,4963.31
64,256,64,8192,4973.47
64,256,128,16,365.606
64,256,128,32,369.906
64,256,128,64,380.039
64,256,128,128,653.047
64,256,128,256,935.729
64,256,128,512,1497.87
64,256,128,1024,2637.65
64,256,128,2048,4945.73
64,256,128,4096,9961.68
64,256,128,8192,9965.13
64,512,0,0,39.0833
64,512,1,16,38.5717
64,512,1,32,38.6033
64,512,1,64,38.5823
64,512,1,128,38.721
64,512,1,256,38.8483
64,512,1,512,38.9123
64,512,1,1024,61.6013
64,512,1,2048,109.485
64,512,1,4096,213.636
64,512,1,8192,213.679
64,512,2,16,47.0197
64,512,2,32,47.2753
64,512,2,64,47.6383
64,512,2,128,52.6733
64,512,2,256,58.8703
64,512,2,512,70.38
64,512,2,1024,95.063
64,512,2,2048,142.114
64,512,2,4096,246.32
64,512,2,8192,246.724
64,512,4,16,47.6813
64,512,4,32,47.8193
64,512,4,64,48.1817
64,512,4,128,53.825
64,512,4,256,59.6277
64,512,4,512,71.3727
64,512,4,1024,117.389
64,512,4,2048,211.919
64,512,4,4096,421.715
64,512,4,8192,421.01
64,512,8,16,62.572
64,512,8,32,62.9023
64,512,8,64,63.6703
64,512,8,128,79.724
64,512,8,256,97.2813
64,512,8,512,132.28
64,512,8,1024,204.857
64,512,8,2048,348.071
64,512,8,4096,657.314
64,512,8,8192,658.978
64,512,16,16,85.4843
64,512,16,32,86.1137
64,512,16,64,86.7743
64,512,16,128,119.703
64,512,16,256,148.813
64,512,16,512,197.572
64,512,16,1024,340.219
64,512,16,2048,629.697
64,512,16,4096,1251.5
64,512,16,8192,1251.61
64,512,32,16,130.424
64,512,32,32,131.395
64,512,32,64,133.123
64,512,32,128,188.569
64,512,32,256,253.114
64,512,32,512,385.575
64,512,32,1024,672.888
64,512,32,2048,1251.18
64,512,32,4096,2500.75
64,512,32,8192,2496.45
64,512,64,16,210.19
64,512,64,32,211.225
64,512,64,64,213.945
64,512,64,128,337.596
64,512,64,256,479.155
64,512,64,512,758.307
64,512,64,1024,1328.74
64,512,64,2048,2481.42
64,512,64,4096,4968.49
64,512,64,8192,4967.18
64,512,128,16,377.095
64,512,128,32,381.554
64,512,128,64,391.794
64,512,128,128,658.487
64,512,128,256,940.807
64,512,128,512,1503.31
64,512,128,1024,2637.54
64,512,128,2048,4943.83
64,512,128,4096,9965.45
64,512,128,8192,9958.8
64,1024,0,0,63.0413
64,1024,1,16,62.465
64,1024,1,32,62.444
64,1024,1,64,62.5717
64,1024,1,128,62.625
64,1024,1,256,62.7957
64,1024,1,512,62.849
64,1024,1,1024,62.9343
64,1024,1,2048,109.421
64,1024,1,4096,213.241
64,1024,1,8192,213.135
64,1024,2,16,70.6363
64,1024,2,32,70.476
64,1024,2,64,71.052
64,1024,2,128,75.852
64,1024,2,256,81.9963
64,1024,2,512,93.7507
64,1024,2,1024,117.709
64,1024,2,2048,166.222
64,1024,2,4096,272.229
64,1024,2,8192,271.61
64,1024,4,16,71.2337
64,1024,4,32,71.831
64,1024,4,64,71.714
64,1024,4,128,77.132
64,1024,4,256,82.7323
64,1024,4,512,94.9143
64,1024,4,1024,118.978
64,1024,4,2048,212.025
64,1024,4,4096,421.918
64,1024,4,8192,421.149
64,1024,8,16,86.1883
64,1024,8,32,86.3157
64,1024,8,64,86.8817
64,1024,8,128,103.149
64,1024,8,256,121.432
64,1024,8,512,156.109
64,1024,8,1024,226.992
64,1024,8,2048,374.29
64,1024,8,4096,690.531
64,1024,8,8192,688.877
64,1024,16,16,109.175
64,1024,16,32,109.677
64,1024,16,64,111.053
64,1024,16,128,143.981
64,1024,16,256,178.606
64,1024,16,512,242.607
64,1024,16,1024,342.001
64,1024,16,2048,630.209
64,1024,16,4096,1252.94
64,1024,16,8192,1252.33
64,1024,32,16,155.224
64,1024,32,32,156.248
64,1024,32,64,158.242
64,1024,32,128,224.303
64,1024,32,256,278.694
64,1024,32,512,407.943
64,1024,32,1024,675.778
64,1024,32,2048,1250.74
64,1024,32,4096,2498.57
64,1024,32,8192,2497.32
64,1024,64,16,239.557
64,1024,64,32,241.584
64,1024,64,64,245.466
64,1024,64,128,365.298
64,1024,64,256,499.433
64,1024,64,512,778.148
64,1024,64,1024,1336.18
64,1024,64,2048,2481.34
64,1024,64,4096,4969.29
64,1024,64,8192,4970.03
64,1024,128,16,406.578
64,1024,128,32,410.376
64,1024,128,64,421.405
64,1024,128,128,679.106
64,1024,128,256,948.669
64,1024,128,512,1512.26
64,1024,128,1024,2648.72
64,1024,128,2048,4941.98
64,1024,128,4096,9962.04
64,1024,128,8192,9972.94
64,2048,0,0,110.989
64,2048,1,16,110.285
64,2048,1,32,110.061
64,2048,1,64,110.53
64,2048,1,128,110.53
64,2048,1,256,110.348
64,2048,1,512,110.743
64,2048,1,1024,110.84
64,2048,1,2048,110.839
64,2048,1,4096,213.423
64,2048,1,8192,213.412
64,2048,2,16,117.453
64,2048,2,32,117.378
64,2048,2,64,117.634
64,2048,2,128,122.797
64,2048,2,256,129.261
64,2048,2,512,140.152
64,2048,2,1024,164.547
64,2048,2,2048,213.295
64,2048,2,4096,324.23
64,2048,2,8192,324.007
64,2048,4,16,118.648
64,2048,4,32,118.978
64,2048,4,64,119.298
64,2048,4,128,123.789
64,2048,4,256,130.349
64,2048,4,512,141.454
64,2048,4,1024,166.19
64,2048,4,2048,215.449
64,2048,4,4096,420.904
64,2048,4,8192,420.456
64,2048,8,16,133.698
64,2048,8,32,133.581
64,2048,8,64,134.061
64,2048,8,128,150.36
64,2048,8,256,168.43
64,2048,8,512,203.918
64,2048,8,1024,273.509
64,2048,8,2048,418.888
64,2048,8,4096,739.939
64,2048,8,8192,739.001
64,2048,16,16,156.077
64,2048,16,32,156.696
64,2048,16,64,157.827
64,2048,16,128,191.566
64,2048,16,256,228.037
64,2048,16,512,297.755
64,2048,16,1024,433.267
64,2048,16,2048,630.071
64,2048,16,4096,1250.95
64,2048,16,8192,1252.5
64,2048,32,16,209.188
64,2048,32,32,210.127
64,2048,32,64,212.42
64,2048,32,128,273.904
64,2048,32,256,344.433
64,2048,32,512,462.803
64,2048,32,1024,720.536
64,2048,32,2048,1248.68
64,2048,32,4096,2502.14
64,2048,32,8192,2500.56
64,2048,64,16,300.134
64,2048,64,32,302.256
64,2048,64,64,305.702
64,2048,64,128,428.734
64,2048,64,256,565.824
64,2048,64,512,825.179
64,2048,64,1024,1374.7
64,2048,64,2048,2490.56
64,2048,64,4096,4968.54
64,2048,64,8192,4976.04
64,2048,128,16,469.673
64,2048,128,32,473.993
64,2048,128,64,486.868
64,2048,128,128,734.222
64,2048,128,256,1004.47
64,2048,128,512,1538.2
64,2048,128,1024,2661.95
64,2048,128,2048,4958.57
64,2048,128,4096,9954.64
64,2048,128,8192,9953.01
64,4096,0,0,214.51
64,4096,1,16,214.671
64,4096,1,32,214.692
64,4096,1,64,214.329
64,4096,1,128,214.382
64,4096,1,256,213.999
64,4096,1,512,214.212
64,4096,1,1024,214.244
64,4096,1,2048,214.5
64,4096,1,4096,215.012
64,4096,1,8192,214.862
64,4096,2,16,219.61
64,4096,2,32,219.567
64,4096,2,64,219.961
64,4096,2,128,224.644
64,4096,2,256,232.527
64,4096,2,512,244.677
64,4096,2,1024,269.2
64,4096,2,2048,322.107
64,4096,2,4096,424.157
64,4096,2,8192,423.646
64,4096,4,16,220.527
64,4096,4,32,220.655
64,4096,4,64,221.604
64,4096,4,128,227.087
64,4096,4,256,232.964
64,4096,4,512,245.69
64,4096,4,1024,271.909
64,4096,4,2048,323.889
64,4096,4,4096,424.701
64,4096,4,8192,423.837
64,4096,8,16,235.664
64,4096,8,32,235.93
64,4096,8,64,236.261
64,4096,8,128,252.25
64,4096,8,256,272.144
64,4096,8,512,309.766
64,4096,8,1024,384.029
64,4096,8,2048,532.938
64,4096,8,4096,831.354
64,4096,8,8192,831.802
64,4096,16,16,257.979
64,4096,16,32,258.81
64,4096,16,64,260.57
64,4096,16,128,293.659
64,4096,16,256,332.615
64,4096,16,512,407.751
64,4096,16,1024,556.394
64,4096,16,2048,851.803
64,4096,16,4096,1253.78
64,4096,16,8192,1253.98
64,4096,32,16,311.92
64,4096,32,32,312.636
64,4096,32,64,315.014
64,4096,32,128,389.213
64,4096,32,256,471.433
64,4096,32,512,603.755
64,4096,32,1024,881.382
64,4096,32,2048,1397.01
64,4096,32,4096,2495.38
64,4096,32,8192,2491.66
64,4096,64,16,413.245
64,4096,64,32,415.272
64,4096,64,64,420.317
64,4096,64,128,555.531
64,4096,64,256,701.272
64,4096,64,512,984.712
64,4096,64,1024,1517.45
64,4096,64,2048,2661
64,4096,64,4096,4995.06
64,4096,64,8192,4985.57
64,4096,128,16,597.963
64,4096,128,32,603.307
64,4096,128,64,617.228
64,4096,128,128,876.849
64,4096,128,256,1160.48
64,4096,128,512,1706.59
64,4096,128,1024,2822.98
64,4096,128,2048,5156.88
64,4096,128,4096,9981.1
64,4096,128,8192,9991.61
64,8192,0,0,214.297
64,8192,1,16,213.785
64,8192,1,32,213.753
64,8192,1,64,213.935
64,8192,1,128,213.764
64,8192,1,256,213.86
64,8192,1,512,213.369
64,8192,1,1024,213.871
64,8192,1,2048,213.722
64,8192,1,4096,214.745
64,8192,1,8192,215.055
64,8192,2,16,219.897
64,8192,2,32,219.897
64,8192,2,64,220.015
64,8192,2,128,225.359
64,8192,2,256,232.036
64,8192,2,512,245.146
64,8192,2,1024,269.104
64,8192,2,2048,322.278
64,8192,2,4096,423.955
64,8192,2,8192,423.507
64,8192,4,16,220.356
64,8192,4,32,220.676
64,8192,4,64,222.329
64,8192,4,128,226.82
64,8192,4,256,233.146
64,8192,4,512,246.82
64,8192,4,1024,272.016
64,8192,4,2048,323.451
64,8192,4,4096,423.784
64,8192,4,8192,424.04
64,8192,8,16,235.333
64,8192,8,32,235.61
64,8192,8,64,237.348
64,8192,8,128,252.239
64,8192,8,256,272.09
64,8192,8,512,309.318
64,8192,8,1024,384.316
64,8192,8,2048,534.197
64,8192,8,4096,831.696
64,8192,8,8192,832.282
64,8192,16,16,258.021
64,8192,16,32,259.013
64,8192,16,64,259.984
64,8192,16,128,293.605
64,8192,16,256,333.553
64,8192,16,512,407.826
64,8192,16,1024,555.957
64,8192,16,2048,847.995
64,8192,16,4096,1252.49
64,8192,16,8192,1252.77
64,8192,32,16,312.027
64,8192,32,32,312.87
64,8192,32,64,315.43
64,8192,32,128,389.277
64,8192,32,256,471.006
64,8192,32,512,603.543
64,8192,32,1024,879.825
64,8192,32,2048,1395.72
64,8192,32,4096,2492.8
64,8192,32,8192,2494.49
64,8192,64,16,413.586
64,8192,64,32,415.56
64,8192,64,64,420.542
64,8192,64,128,557.472
64,8192,64,256,702.307
64,8192,64,512,983.677
64,8192,64,1024,1514.79
64,8192,64,2048,2660.08
64,8192,64,4096,4985.98
64,8192,64,8192,4989.92
64,8192,128,16,597.739
64,8192,128,32,602.774
64,8192,128,64,615.98
64,8192,128,128,877.659
64,8192,128,256,1160.83
64,8192,128,512,1707.25
64,8192,128,1024,2820.64
64,8192,128,2048,5158.88
64,8192,128,4096,9988.2
64,8192,128,8192,9984.73
128,0,0,0,15.968
128,0,1,16,23.8937
128,0,1,32,23.7653
128,0,1,64,23.9467
128,0,1,128,29.451
128,0,1,256,36.0757
128,0,1,512,47.7447
128,0,1,1024,71.2013
128,0,1,2048,118.498
128,0,1,4096,220.964
128,0,1,8192,220.015
128,0,2,16,24.267
128,0,2,32,24.5233
128,0,2,64,24.5977
128,0,2,128,30.7097
128,0,2,256,37.3237
128,0,2,512,48.9927
128,0,2,1024,72.3747
128,0,2,2048,119.597
128,0,2,4096,221.711
128,0,2,8192,222.649
128,0,4,16,31.7983
128,0,4,32,31.9367
128,0,4,64,32.256
128,0,4,128,40.865
128,0,4,256,48.033
128,0,4,512,71.0627
128,0,4,1024,118.414
128,0,4,2048,213.444
128,0,4,4096,422.739
128,0,4,8192,422.313
128,0,8,16,40.555
128,0,8,32,40.8113
128,0,8,64,41.59
128,0,8,128,60.7267
128,0,8,256,79.415
128,0,8,512,113.815
128,0,8,1024,184.655
128,0,8,2048,327.569
128,0,8,4096,638.156
128,0,8,8192,637.346
128,0,16,16,63.7457
128,0,16,32,64.3423
128,0,16,64,65.2067
128,0,16,128,99.2983
128,0,16,256,134.925
128,0,16,512,205.476
128,0,16,1024,348.955
128,0,16,2048,632.086
128,0,16,4096,1252.83
128,0,16,8192,1252.78
128,0,32,16,109.805
128,0,32,32,110.679
128,0,32,64,112.578
128,0,32,128,175.545
128,0,32,256,246.959
128,0,32,512,390.184
128,0,32,1024,682.146
128,0,32,2048,1254.14
128,0,32,4096,2495.08
128,0,32,8192,2494.53
128,0,64,16,200.612
128,0,64,32,202.553
128,0,64,64,206.766
128,0,64,128,337.148
128,0,64,256,479.582
128,0,64,512,766.98
128,0,64,1024,1337.93
128,0,64,2048,2491.34
128,0,64,4096,4970.1
128,0,64,8192,4970.35
128,0,128,16,385.767
128,0,128,32,390.034
128,0,128,64,400.317
128,0,128,128,673.464
128,0,128,256,954.685
128,0,128,512,1515.22
128,0,128,1024,2655.06
128,0,128,2048,4959.22
128,0,128,4096,9971.25
128,0,128,8192,9972.98
128,16,0,0,21.0353
128,16,1,16,29.4513
128,16,1,32,29.5573
128,16,1,64,29.739
128,16,1,128,30.1133
128,16,1,256,35.8943
128,16,1,512,47.617
128,16,1,1024,71.2547
128,16,1,2048,119.053
128,16,1,4096,220.868
128,16,1,8192,221.818
128,16,2,16,29.8997
128,16,2,32,30.1973
128,16,2,64,30.2727
128,16,2,128,34.1343
128,16,2,256,40.694
128,16,2,512,52.364
128,16,2,1024,76.1613
128,16,2,2048,123.128
128,16,2,4096,226.329
128,16,2,8192,226.117
128,16,4,16,37.3447
128,16,4,32,37.59
128,16,4,64,37.9207
128,16,4,128,43.0193
128,16,4,256,54.113
128,16,4,512,71.3397
128,16,4,1024,118.211
128,16,4,2048,213.284
128,16,4,4096,422.6
128,16,4,8192,422.717
128,16,8,16,46.294
128,16,8,32,46.5717
128,16,8,64,47.009
128,16,8,128,61.7403
128,16,8,256,84.0547
128,16,8,512,117.997
128,16,8,1024,188.516
128,16,8,2048,333.276
128,16,8,4096,642.188
128,16,8,8192,641.548
128,16,16,16,69.228
128,16,16,32,69.6227
128,16,16,64,70.7213
128,16,16,128,102.444
128,16,16,256,137.539
128,16,16,512,207.812
128,16,16,1024,349.831
128,16,16,2048,634.316
128,16,16,4096,1253.14
128,16,16,8192,1251.72
128,16,32,16,112.887
128,16,32,32,113.634
128,16,32,64,115.426
128,16,32,128,177.155
128,16,32,256,247.034
128,16,32,512,390.183
128,16,32,1024,682.104
128,16,32,2048,1256.41
128,16,32,4096,2498.66
128,16,32,8192,2494.59
128,16,64,16,201.987
128,16,64,32,203.791
128,16,64,64,208.1
128,16,64,128,339.718
128,16,64,256,483.113
128,16,64,512,768.783
128,16,64,1024,1340.65
128,16,64,2048,2493.88
128,16,64,4096,4974.36
128,16,64,8192,4981.33
128,16,128,16,387.485
128,16,128,32,391.57
128,16,128,64,401.874
128,16,128,128,675.554
128,16,128,256,956.914
128,16,128,512,1516.07
128,16,128,1024,2653.93
128,16,128,2048,4958.23
128,16,128,4096,9979.6
128,16,128,8192,9970.13
128,32,0,0,21.174
128,32,1,16,29.6223
128,32,1,32,29.6433
128,32,1,64,29.8563
128,32,1,128,30.4857
128,32,1,256,35.8623
128,32,1,512,47.4467
128,32,1,1024,71.2553
128,32,1,2048,118.818
128,32,1,4096,219.994
128,32,1,8192,220.165
128,32,2,16,30.1127
128,32,2,32,30.198
128,32,2,64,30.4007
128,32,2,128,34.582
128,32,2,256,40.9823
128,32,2,512,52.3953
128,32,2,1024,76.0443
128,32,2,2048,122.925
128,32,2,4096,226.223
128,32,2,8192,226.309
128,32,4,16,37.505
128,32,4,32,37.7183
128,32,4,64,37.8993
128,32,4,128,43.073
128,32,4,256,53.9743
128,32,4,512,71.6927
128,32,4,1024,118.221
128,32,4,2048,213.881
128,32,4,4096,422.461
128,32,4,8192,422.365
128,32,8,16,46.422
128,32,8,32,46.561
128,32,8,64,47.116
128,32,8,128,61.7827
128,32,8,256,83.852
128,32,8,512,118.562
128,32,8,1024,189.646
128,32,8,2048,333.019
128,32,8,4096,642.156
128,32,8,8192,641.847
128,32,16,16,69.3027
128,32,16,32,69.921
128,32,16,64,70.721
128,32,16,128,102.402
128,32,16,256,137.496
128,32,16,512,207.491
128,32,16,1024,349.831
128,32,16,2048,633.676
128,32,16,4096,1253.94
128,32,16,8192,1250.05
128,32,32,16,112.898
128,32,32,32,113.933
128,32,32,64,115.427
128,32,32,128,177.198
128,32,32,256,246.938
128,32,32,512,390.205
128,32,32,1024,682.264
128,32,32,2048,1255.79
128,32,32,4096,2497.18
128,32,32,8192,2493.82
128,32,64,16,202.148
128,32,64,32,204.1
128,32,64,64,208.206
128,32,64,128,339.526
128,32,64,256,482.782
128,32,64,512,769.124
128,32,64,1024,1339.96
128,32,64,2048,2494.82
128,32,64,4096,4974.86
128,32,64,8192,4972.03
128,32,128,16,387.623
128,32,128,32,391.784
128,32,128,64,401.629
128,32,128,128,675.138
128,32,128,256,957.159
128,32,128,512,1515.39
128,32,128,1024,2653.7
128,32,128,2048,4959.13
128,32,128,4096,9972.74
128,32,128,8192,9991.29
128,64,0,0,21.4293
128,64,1,16,29.8883
128,64,1,32,29.6857
128,64,1,64,29.8987
128,64,1,128,30.4643
128,64,1,256,36.0007
128,64,1,512,47.8197
128,64,1,1024,71.1477
128,64,1,2048,118.882
128,64,1,4096,222.169
128,64,1,8192,221.455
128,64,2,16,30.2727
128,64,2,32,30.2517
128,64,2,64,30.5707
128,64,2,128,34.486
128,64,2,256,41.174
128,64,2,512,52.7583
128,64,2,1024,76.0123
128,64,2,2048,122.968
128,64,2,4096,226.361
128,64,2,8192,226.415
128,64,4,16,37.5577
128,64,4,32,37.793
128,64,4,64,37.889
128,64,4,128,43.2437
128,64,4,256,54.06
128,64,4,512,71.7987
128,64,4,1024,118.103
128,64,4,2048,213.487
128,64,4,4096,422.248
128,64,4,8192,422.611
128,64,8,16,46.5287
128,64,8,32,46.721
128,64,8,64,47.0517
128,64,8,128,61.9003
128,64,8,256,83.9377
128,64,8,512,118.327
128,64,8,1024,189.956
128,64,8,2048,332.06
128,64,8,4096,641.463
128,64,8,8192,642.028
128,64,16,16,69.569
128,64,16,32,70.0493
128,64,16,64,70.881
128,64,16,128,102.199
128,64,16,256,137.464
128,64,16,512,207.662
128,64,16,1024,350.097
128,64,16,2048,633.922
128,64,16,4096,1252.03
128,64,16,8192,1251.96
128,64,32,16,113.039
128,64,32,32,113.914
128,64,32,64,115.706
128,64,32,128,177.235
128,64,32,256,246.901
128,64,32,512,390.224
128,64,32,1024,682.141
128,64,32,2048,1256.06
128,64,32,4096,2496.77
128,64,32,8192,2495.8
128,64,64,16,202.281
128,64,64,32,203.848
128,64,64,64,208.169
128,64,64,128,339.716
128,64,64,256,482.495
128,64,64,512,768.993
128,64,64,1024,1338.94
128,64,64,2048,2491.05
128,64,64,4096,4976.09
128,64,64,8192,4974.59
128,64,128,16,387.547
128,64,128,32,392.113
128,64,128,64,401.884
128,64,128,128,675.612
128,64,128,256,956.894
128,64,128,512,1516.75
128,64,128,1024,2652.73
128,64,128,2048,4956.46
128,64,128,4096,9975.9
128,64,128,8192,9983.98
128,128,0,0,22.1343
128,128,1,16,30.508
128,128,1,32,30.4013
128,128,1,64,30.625
128,128,1,128,35.5423
128,128,1,256,42.1243
128,128,1,512,53.7197
128,128,1,1024,77.39
128,128,1,2048,124.666
128,128,1,4096,227.295
128,128,1,8192,227.082
128,128,2,16,31.127
128,128,2,32,31.4033
128,128,2,64,31.799
128,128,2,128,36.0863
128,128,2,256,43.1487
128,128,2,512,55.0317
128,128,2,1024,78.4993
128,128,2,2048,125.797
128,128,2,4096,229.257
128,128,2,8192,227.946
128,128,4,16,38.177
128,128,4,32,38.6143
128,128,4,64,38.7003
128,128,4,128,48.8443
128,128,4,256,58.8713
128,128,4,512,71.8963
128,128,4,1024,118.277
128,128,4,2048,213.726
128,128,4,4096,422.407
128,128,4,8192,422.406
128,128,8,16,47.6717
128,128,8,32,47.9487
128,128,8,64,48.504
128,128,8,128,63.9707
128,128,8,256,84.6433
128,128,8,512,120.859
128,128,8,1024,190.92
128,128,8,2048,333.604
128,128,8,4096,644.261
128,128,8,8192,644.762
128,128,16,16,70.723
128,128,16,32,70.9787
128,128,16,64,72.024
128,128,16,128,104.527
128,128,16,256,141.35
128,128,16,512,212.403
128,128,16,1024,355.63
128,128,16,2048,638.938
128,128,16,4096,1255.68
128,128,16,8192,1253.96
128,128,32,16,116.057
128,128,32,32,116.827
128,128,32,64,118.906
128,128,32,128,181.17
128,128,32,256,247.455
128,128,32,512,391.152
128,128,32,1024,683.58
128,128,32,2048,1257.73
128,128,32,4096,2499.8
128,128,32,8192,2497.88
128,128,64,16,203.816
128,128,64,32,205.768
128,128,64,64,209.897
128,128,64,128,343.225
128,128,64,256,486.046
128,128,64,512,771.263
128,128,64,1024,1342.02
128,128,64,2048,2492.71
128,128,64,4096,4974.38
128,128,64,8192,4993.57
128,128,128,16,389.583
128,128,128,32,393.946
128,128,128,64,403.877
128,128,128,128,678.075
128,128,128,256,959.27
128,128,128,512,1519.13
128,128,128,1024,2654.93
128,128,128,2048,4965.23
128,128,128,4096,9972.14
128,128,128,8192,9992.84
128,256,0,0,27.873
128,256,1,16,35.8303
128,256,1,32,35.8947
128,256,1,64,36.1293
128,256,1,128,41.4103
128,256,1,256,47.65
128,256,1,512,59.81
128,256,1,1024,83.2033
128,256,1,2048,130.448
128,256,1,4096,233.876
128,256,1,8192,232.894
128,256,2,16,36.951
128,256,2,32,37.0037
128,256,2,64,37.3987
128,256,2,128,42.466
128,256,2,256,48.0657
128,256,2,512,60.973
128,256,2,1024,84.3987
128,256,2,2048,131.568
128,256,2,4096,235.647
128,256,2,8192,235.508
128,256,4,16,45.645
128,256,4,32,45.751
128,256,4,64,46.444
128,256,4,128,54.9143
128,256,4,256,66.904
128,256,4,512,83.1603
128,256,4,1024,118.81
128,256,4,2048,213.417
128,256,4,4096,421.766
128,256,4,8192,421.435
128,256,8,16,57.026
128,256,8,32,57.1647
128,256,8,64,57.4207
128,256,8,128,70.4987
128,256,8,256,87.769
128,256,8,512,131.525
128,256,8,1024,196.926
128,256,8,2048,339.736
128,256,8,4096,649.39
128,256,8,8192,650.255
128,256,16,16,80.216
128,256,16,32,80.7707
128,256,16,64,81.4537
128,256,16,128,110.81
128,256,16,256,146.822
128,256,16,512,218.494
128,256,16,1024,361.966
128,256,16,2048,645.263
128,256,16,4096,1259.53
128,256,16,8192,1260.38
128,256,32,16,125.242
128,256,32,32,125.925
128,256,32,64,127.92
128,256,32,128,187.047
128,256,32,256,252.393
128,256,32,512,390.255
128,256,32,1024,684.101
128,256,32,2048,1263.87
128,256,32,4096,2509.59
128,256,32,8192,2505.37
128,256,64,16,213.608
128,256,64,32,215.454
128,256,64,64,219.646
128,256,64,128,343.778
128,256,64,256,492.371
128,256,64,512,779.774
128,256,64,1024,1345.36
128,256,64,2048,2496.12
128,256,64,4096,4979.86
128,256,64,8192,4993.74
128,256,128,16,393.946
128,256,128,32,397.679
128,256,128,64,407.984
128,256,128,128,681.221
128,256,128,256,965.188
128,256,128,512,1523.35
128,256,128,1024,2656.43
128,256,128,2048,4964.03
128,256,128,4096,9972.23
128,256,128,8192,9998.58
128,512,0,0,39.8413
128,512,1,16,48.535
128,512,1,32,48.493
128,512,1,64,47.98
128,512,1,128,53.282
128,512,1,256,59.5437
128,512,1,512,70.9783
128,512,1,1024,95.2567
128,512,1,2048,142.587
128,512,1,4096,244.852
128,512,1,8192,245.311
128,512,2,16,48.9617
128,512,2,32,48.834
128,512,2,64,49.5273
128,512,2,128,54.2313
128,512,2,256,60.461
128,512,2,512,71.363
128,512,2,1024,96.4937
128,512,2,2048,143.237
128,512,2,4096,247.966
128,512,2,8192,248.02
128,512,4,16,57.634
128,512,4,32,57.7517
128,512,4,64,58.0287
128,512,4,128,68.5147
128,512,4,256,78.6693
128,512,4,512,101.988
128,512,4,1024,130.288
128,512,4,2048,213.235
128,512,4,4096,422.181
128,512,4,8192,422.213
128,512,8,16,72.9417
128,512,8,32,73.2723
128,512,8,64,73.7733
128,512,8,128,86.1043
128,512,8,256,100.655
128,512,8,512,135.237
128,512,8,1024,219.336
128,512,8,2048,352.216
128,512,8,4096,663.373
128,512,8,8192,664.238
128,512,16,16,96.8883
128,512,16,32,97.422
128,512,16,64,98.318
128,512,16,128,127.066
128,512,16,256,158.993
128,512,16,512,229.396
128,512,16,1024,374.446
128,512,16,2048,661.625
128,512,16,4096,1284.14
128,512,16,8192,1285.57
128,512,32,16,143.749
128,512,32,32,144.859
128,512,32,64,146.544
128,512,32,128,206.546
128,512,32,256,269.77
128,512,32,512,394.201
128,512,32,1024,681.572
128,512,32,2048,1268.55
128,512,32,4096,2529.97
128,512,32,8192,2533.25
128,512,64,16,232.595
128,512,64,32,234.686
128,512,64,64,238.547
128,512,64,128,362.339
128,512,64,256,494.343
128,512,64,512,788.775
128,512,64,1024,1358.15
128,512,64,2048,2501.48
128,512,64,4096,4999.34
128,512,64,8192,4999.56
128,512,128,16,410.041
128,512,128,32,413.84
128,512,128,64,423.301
128,512,128,128,689.177
128,512,128,256,970.84
128,512,128,512,1534.18
128,512,128,1024,2661.95
128,512,128,2048,4969.33
128,512,128,4096,9980.6
128,512,128,8192,9981.46
128,1024,0,0,63.8637
128,1024,1,16,72.2163
128,1024,1,32,72.0553
128,1024,1,64,71.832
128,1024,1,128,76.536
128,1024,1,256,83.1713
128,1024,1,512,94.4137
128,1024,1,1024,118.244
128,1024,1,2048,166.033
128,1024,1,4096,269.567
128,1024,1,8192,269.983
128,1024,2,16,73.091
128,1024,2,32,72.9947
128,1024,2,64,73.0907
128,1024,2,128,77.944
128,1024,2,256,83.8643
128,1024,2,512,95.385
128,1024,2,1024,119.076
128,1024,2,2048,167.835
128,1024,2,4096,273.343
128,1024,2,8192,273.545
128,1024,4,16,81.3677
128,1024,4,32,81.4323
128,1024,4,64,81.4747
128,1024,4,128,92.1103
128,1024,4,256,104.27
128,1024,4,512,125.711
128,1024,4,1024,172.742
128,1024,4,2048,223.709
128,1024,4,4096,422.213
128,1024,4,8192,422.053
128,1024,8,16,103.118
128,1024,8,32,103.47
128,1024,8,64,104.356
128,1024,8,128,119.556
128,1024,8,256,139.706
128,1024,8,512,159.462
128,1024,8,1024,229.789
128,1024,8,2048,384.483
128,1024,8,4096,692.675
128,1024,8,8192,692.76
128,1024,16,16,129.839
128,1024,16,32,130.469
128,1024,16,64,131.749
128,1024,16,128,161.637
128,1024,16,256,198.386
128,1024,16,512,253.566
128,1024,16,1024,397.582
128,1024,16,2048,688.451
128,1024,16,4096,1315.62
128,1024,16,8192,1314.86
128,1024,32,16,178.054
128,1024,32,32,178.598
128,1024,32,64,181.019
128,1024,32,128,243.902
128,1024,32,256,303.36
128,1024,32,512,436.101
128,1024,32,1024,683.075
128,1024,32,2048,1272.14
128,1024,32,4096,2535.86
128,1024,32,8192,2530.49
128,1024,64,16,269.567
128,1024,64,32,271.326
128,1024,64,64,275.252
128,1024,64,128,399.716
128,1024,64,256,530.28
128,1024,64,512,791.964
128,1024,64,1024,1382.97
128,1024,64,2048,2527.63
128,1024,64,4096,5005.9
128,1024,64,8192,5006.22
128,1024,128,16,448.836
128,1024,128,32,452.709
128,1024,128,64,463.547
128,1024,128,128,716.409
128,1024,128,256,984.034
128,1024,128,512,1547.22
128,1024,128,1024,2679.45
128,1024,128,2048,4967.47
128,1024,128,4096,9981.45
128,1024,128,8192,9979.75
128,2048,0,0,111.641
128,2048,1,16,118.809
128,2048,1,32,119.236
128,2048,1,64,119.193
128,2048,1,128,123.556
128,2048,1,256,130.96
128,2048,1,512,141.445
128,2048,1,1024,165.349
128,2048,1,2048,213.149
128,2048,1,4096,321.355
128,2048,1,8192,320.299
128,2048,2,16,119.962
128,2048,2,32,120.11
128,2048,2,64,120.218
128,2048,2,128,124.996
128,2048,2,256,131.664
128,2048,2,512,143.087
128,2048,2,1024,166.651
128,2048,2,2048,215.1
128,2048,2,4096,325.142
128,2048,2,8192,324.107
128,2048,4,16,128.25
128,2048,4,32,128.794
128,2048,4,64,128.751
128,2048,4,128,138.832
128,2048,4,256,150.981
128,2048,4,512,174.555
128,2048,4,1024,219.911
128,2048,4,2048,315.573
128,2048,4,4096,429.306
128,2048,4,8192,429.092
128,2048,8,16,149.605
128,2048,8,32,149.754
128,2048,8,64,150.874
128,2048,8,128,178.747
128,2048,8,256,208.423
128,2048,8,512,237.203
128,2048,8,1024,277.769
128,2048,8,2048,420.943
128,2048,8,4096,743.342
128,2048,8,8192,742.148
128,2048,16,16,185.084
128,2048,16,32,185.532
128,2048,16,64,187.227
128,2048,16,128,227.048
128,2048,16,256,267.902
128,2048,16,512,332.149
128,2048,16,1024,444.026
128,2048,16,2048,731.577
128,2048,16,4096,1364.24
128,2048,16,8192,1364.2
128,2048,32,16,245.576
128,2048,32,32,246.302
128,2048,32,64,247.411
128,2048,32,128,310.229
128,2048,32,256,373.687
128,2048,32,512,500.081
128,2048,32,1024,772.133
128,2048,32,2048,1258.02
128,2048,32,4096,2538.23
128,2048,32,8192,2538.42
128,2048,64,16,339.979
128,2048,64,32,342.081
128,2048,64,64,345.665
128,2048,64,128,473.712
128,2048,64,256,603.477
128,2048,64,512,872.552
128,2048,64,1024,1385.06
128,2048,64,2048,2574.12
128,2048,64,4096,5051.76
128,2048,64,8192,5052.84
128,2048,128,16,523.196
128,2048,128,32,526.919
128,2048,128,64,539.303
128,2048,128,128,797.552
128,2048,128,256,1062.38
128,2048,128,512,1581.86
128,2048,128,1024,2708.38
128,2048,128,2048,4990.64
128,2048,128,4096,9978.63
128,2048,128,8192,9981.55
128,4096,0,0,215.794
128,4096,1,16,221.01
128,4096,1,32,221.159
128,4096,1,64,221.34
128,4096,1,128,227.357
128,4096,1,256,236.242
128,4096,1,512,246.429
128,4096,1,1024,270.911
128,4096,1,2048,322.144
128,4096,1,4096,423.769
128,4096,1,8192,424.025
128,4096,2,16,221.682
128,4096,2,32,221.832
128,4096,2,64,222.791
128,4096,2,128,227.442
128,4096,2,256,235.624
128,4096,2,512,247.582
128,4096,2,1024,273.545
128,4096,2,2048,323.125
128,4096,2,4096,425.06
128,4096,2,8192,424.356
128,4096,4,16,232.179
128,4096,4,32,230.738
128,4096,4,64,231.496
128,4096,4,128,242.504
128,4096,4,256,254.835
128,4096,4,512,279.903
128,4096,4,1024,329.675
128,4096,4,2048,427.267
128,4096,4,4096,624.106
128,4096,4,8192,624.671
128,4096,8,16,252.083
128,4096,8,32,252.67
128,4096,8,64,254.59
128,4096,8,128,281.108
128,4096,8,256,312.65
128,4096,8,512,374.284
128,4096,8,1024,442.724
128,4096,8,2048,537.661
128,4096,8,4096,833.073
128,4096,8,8192,832.433
128,4096,16,16,287.849
128,4096,16,32,288.02
128,4096,16,64,289.482
128,4096,16,128,340.961
128,4096,16,256,397.805
128,4096,16,512,476.208
128,4096,16,1024,617.407
128,4096,16,2048,855.942
128,4096,16,4096,1452.61
128,4096,16,8192,1452.26
128,4096,32,16,364.919
128,4096,32,32,365.889
128,4096,32,64,369.292
128,4096,32,128,457.839
128,4096,32,256,536.753
128,4096,32,512,676.609
128,4096,32,1024,948.575
128,4096,32,2048,1496.09
128,4096,32,4096,2507.74
128,4096,32,8192,2504.77
128,4096,64,16,487.29
128,4096,64,32,487.355
128,4096,64,64,490.576
128,4096,64,128,628.874
128,4096,64,256,774.009
128,4096,64,512,1062.04
128,4096,64,1024,1612.99
128,4096,64,2048,2666.89
128,4096,64,4096,5146.93
128,4096,64,8192,5142.56
128,4096,128,16,678.945
128,4096,128,32,684.545
128,4096,128,64,698.871
128,4096,128,128,960.98
128,4096,128,256,1248.83
128,4096,128,512,1803.62
128,4096,128,1024,2877.47
128,4096,128,2048,5255.52
128,4096,128,4096,10016.6
128,4096,128,8192,10012
128,8192,0,0,214.983
128,8192,1,16,221.351
128,8192,1,32,221.095
128,8192,1,64,221.383
128,8192,1,128,226.791
128,8192,1,256,234.056
128,8192,1,512,248.146
128,8192,1,1024,272.35
128,8192,1,2048,322.122
128,8192,1,4096,423.011
128,8192,1,8192,421.752
128,8192,2,16,221.276
128,8192,2,32,222.557
128,8192,2,64,222.46
128,8192,2,128,227.303
128,8192,2,256,235.282
128,8192,2,512,247.709
128,8192,2,1024,272.83
128,8192,2,2048,323.328
128,8192,2,4096,423.705
128,8192,2,8192,423.32
128,8192,4,16,230.834
128,8192,4,32,231.229
128,8192,4,64,231.933
128,8192,4,128,242.055
128,8192,4,256,254.557
128,8192,4,512,280.638
128,8192,4,1024,330.101
128,8192,4,2048,427.022
128,8192,4,4096,624.606
128,8192,4,8192,624.265
128,8192,8,16,251.944
128,8192,8,32,252.819
128,8192,8,64,253.479
128,8192,8,128,281.556
128,8192,8,256,312.735
128,8192,8,512,374.796
128,8192,8,1024,442.894
128,8192,8,2048,536.913
128,8192,8,4096,833.423
128,8192,8,8192,833.402
128,8192,16,16,287.572
128,8192,16,32,288.371
128,8192,16,64,289.63
128,8192,16,128,340.875
128,8192,16,256,397.848
128,8192,16,512,477.188
128,8192,16,1024,617.31
128,8192,16,2048,855.451
128,8192,16,4096,1453.93
128,8192,16,8192,1453.53
128,8192,32,16,365.078
128,8192,32,32,366.219
128,8192,32,64,369.398
128,8192,32,128,456.654
128,8192,32,256,536.145
128,8192,32,512,675.669
128,8192,32,1024,949.31
128,8192,32,2048,1499.74
128,8192,32,4096,2508.84
128,8192,32,8192,2503.93
128,8192,64,16,487.066
128,8192,64,32,488.911
128,8192,64,64,493.285
128,8192,64,128,628.5
128,8192,64,256,774.541
128,8192,64,512,1061.84
128,8192,64,1024,1612.43
128,8192,64,2048,2664.94
128,8192,64,4096,5152.19
128,8192,64,8192,5145.15
128,8192,128,16,679.638
128,8192,128,32,684.138
128,8192,128,64,698.592
128,8192,128,128,960.99
128,8192,128,256,1247.95
128,8192,128,512,1804.12
128,8192,128,1024,2879.5
128,8192,128,2048,5260.29
128,8192,128,4096,10009.9
128,8192,128,8192,10015.3
256,0,0,0,31.9473
256,0,1,16,35.564
256,0,1,32,35.66
256,0,1,64,35.777
256,0,1,128,35.8307
256,0,1,256,41.9427
256,0,1,512,54.0173
256,0,1,1024,77.3363
256,0,1,2048,124.409
256,0,1,4096,226.023
256,0,1,8192,226.076
256,0,2,16,38.7533
256,0,2,32,38.7747
256,0,2,64,39.0093
256,0,2,128,42.1563
256,0,2,256,49.036
256,0,2,512,68.162
256,0,2,1024,91.6297
256,0,2,2048,138.607
256,0,2,4096,241.863
256,0,2,8192,241.17
256,0,4,16,45.4093
256,0,4,32,45.559
256,0,4,64,45.761
256,0,4,128,50.722
256,0,4,256,64.2897
256,0,4,512,85.8267
256,0,4,1024,132.377
256,0,4,2048,226.503
256,0,4,4096,432.237
256,0,4,8192,431.981
256,0,8,16,57.4307
256,0,8,32,57.6553
256,0,8,64,58.029
256,0,8,128,73.1967
256,0,8,256,92.76
256,0,8,512,133.967
256,0,8,1024,209.265
256,0,8,2048,350.923
256,0,8,4096,658.389
256,0,8,8192,658.036
256,0,16,16,82.5837
256,0,16,32,82.872
256,0,16,64,83.6293
256,0,16,128,114.851
256,0,16,256,151.162
256,0,16,512,225.18
256,0,16,1024,364.832
256,0,16,2048,650.035
256,0,16,4096,1265.83
256,0,16,8192,1265.62
256,0,32,16,133.54
256,0,32,32,134.681
256,0,32,64,136.463
256,0,32,128,201.179
256,0,32,256,271.806
256,0,32,512,409.325
256,0,32,1024,697.813
256,0,32,2048,1280.93
256,0,32,4096,2530.75
256,0,32,8192,2525.55
256,0,64,16,235.101
256,0,64,32,237.212
256,0,64,64,241.085
256,0,64,128,372.118
256,0,64,256,512.464
256,0,64,512,797.613
256,0,64,1024,1366.3
256,0,64,2048,2518.84
256,0,64,4096,5007.72
256,0,64,8192,5005.11
256,0,128,16,443.319
256,0,128,32,447.203
256,0,128,64,457.699
256,0,128,128,730.443
256,0,128,256,1009.49
256,0,128,512,1568.7
256,0,128,1024,2700.32
256,0,128,2048,5006.11
256,0,128,4096,10012.3
256,0,128,8192,10025.6
256,16,0,0,41.6863
256,16,1,16,42.2943
256,16,1,32,42.1663
256,16,1,64,42.1347
256,16,1,128,42.2947
256,16,1,256,46.263
256,16,1,512,58.4123
256,16,1,1024,81.645
256,16,1,2048,128.43
256,16,1,4096,231.036
256,16,1,8192,231.101
256,16,2,16,46.06
256,16,2,32,46.3053
256,16,2,64,46.3903
256,16,2,128,49.8467
256,16,2,256,52.2363
256,16,2,512,69.666
256,16,2,1024,98.467
256,16,2,2048,145.743
256,16,2,4096,247.858
256,16,2,8192,247.569
256,16,4,16,52.6093
256,16,4,32,52.9513
256,16,4,64,53.271
256,16,4,128,58.637
256,16,4,256,66.401
256,16,4,512,90.69
256,16,4,1024,135.311
256,16,4,2048,228.572
256,16,4,4096,433.549
256,16,4,8192,434.445
256,16,8,16,66.1463
256,16,8,32,66.4767
256,16,8,64,66.4977
256,16,8,128,80.674
256,16,8,256,97.283
256,16,8,512,136.281
256,16,8,1024,216.092
256,16,8,2048,356.298
256,16,8,4096,665.012
256,16,8,8192,666.058
256,16,16,16,91.405
256,16,16,32,91.7473
256,16,16,64,92.632
256,16,16,128,120.526
256,16,16,256,154.778
256,16,16,512,229.671
256,16,16,1024,370.87
256,16,16,2048,654.249
256,16,16,4096,1275.23
256,16,16,8192,1270.4
256,16,32,16,142.745
256,16,32,32,143.546
256,16,32,64,145.273
256,16,32,128,205.286
256,16,32,256,276.05
256,16,32,512,414.092
256,16,32,1024,696.106
256,16,32,2048,1283.1
256,16,32,4096,2543.63
256,16,32,8192,2543.96
256,16,64,16,242.322
256,16,64,32,244.061
256,16,64,64,247.804
256,16,64,128,376.086
256,16,64,256,516.228
256,16,64,512,799.991
256,16,64,1024,1368.03
256,16,64,2048,2519.99
256,16,64,4096,5013.14
256,16,64,8192,5007.45
256,16,128,16,447.33
256,16,128,32,451.277
256,16,128,64,461.326
256,16,128,128,735.083
256,16,128,256,1013.27
256,16,128,512,1571.92
256,16,128,1024,2704.87
256,16,128,2048,5010.18
256,16,128,4096,10013.6
256,16,128,8192,10022.2
256,32,0,0,41.8043
256,32,1,16,42.3583
256,32,1,32,42.2413
256,32,1,64,42.284
256,32,1,128,42.401
256,32,1,256,46.6253
256,32,1,512,58.7637
256,32,1,1024,81.9547
256,32,1,2048,128.623
256,32,1,4096,230.609
256,32,1,8192,231.463
256,32,2,16,46.455
256,32,2,32,46.4117
256,32,2,64,46.5617
256,32,2,128,50.05
256,32,2,256,52.3427
256,32,2,512,69.5167
256,32,2,1024,98.4667
256,32,2,2048,145.476
256,32,2,4096,249.052
256,32,2,8192,248.988
256,32,4,16,52.8547
256,32,4,32,53.1753
256,32,4,64,53.367
256,32,4,128,58.8287
256,32,4,256,66.562
256,32,4,512,90.8293
256,32,4,1024,135.929
256,32,4,2048,229.009
256,32,4,4096,433.879
256,32,4,8192,434.455
256,32,8,16,66.1243
256,32,8,32,66.455
256,32,8,64,66.7643
256,32,8,128,80.642
256,32,8,256,97.038
256,32,8,512,136.281
256,32,8,1024,216.337
256,32,8,2048,358.55
256,32,8,4096,666.675
256,32,8,8192,664.286
256,32,16,16,91.2457
256,32,16,32,92.0343
256,32,16,64,92.7493
256,32,16,128,120.676
256,32,16,256,154.927
256,32,16,512,229.937
256,32,16,1024,370.261
256,32,16,2048,654.685
256,32,16,4096,1270.84
256,32,16,8192,1271.31
256,32,32,16,142.66
256,32,32,32,143.503
256,32,32,64,145.295
256,32,32,128,205.094
256,32,32,256,275.805
256,32,32,512,413.718
256,32,32,1024,696.394
256,32,32,2048,1282.88
256,32,32,4096,2543.97
256,32,32,8192,2536.95
256,32,64,16,241.99
256,32,64,32,243.911
256,32,64,64,247.42
256,32,64,128,376.022
256,32,64,256,516.537
256,32,64,512,800.662
256,32,64,1024,1367.35
256,32,64,2048,2519.58
256,32,64,4096,5012.87
256,32,64,8192,5014.81
256,32,128,16,447.351
256,32,128,32,451.298
256,32,128,64,462.05
256,32,128,128,734.72
256,32,128,256,1013.18
256,32,128,512,1571.88
256,32,128,1024,2705.23
256,32,128,2048,5008.51
256,32,128,4096,10015.9
256,32,128,8192,10024.4
256,64,0,0,41.889
256,64,1,16,42.401
256,64,1,32,42.508
256,64,1,64,42.5403
256,64,1,128,42.5823
256,64,1,256,46.7543
256,64,1,512,58.551
256,64,1,1024,82.1247
256,64,1,2048,128.9
256,64,1,4096,231.377
256,64,1,8192,231.292
256,64,2,16,46.3913
256,64,2,32,46.5293
256,64,2,64,46.5617
256,64,2,128,49.8783
256,64,2,256,52.3003
256,64,2,512,69.73
256,64,2,1024,98.392
256,64,2,2048,145.551
256,64,2,4096,247.719
256,64,2,8192,248.146
256,64,4,16,52.9507
256,64,4,32,53.175
256,64,4,64,53.42
256,64,4,128,59.0947
256,64,4,256,66.7643
256,64,4,512,91.0637
256,64,4,1024,135.897
256,64,4,2048,228.806
256,64,4,4096,433.762
256,64,4,8192,434.167
256,64,8,16,66.615
256,64,8,32,66.6363
256,64,8,64,66.8713
256,64,8,128,81.0153
256,64,8,256,97.2297
256,64,8,512,136.335
256,64,8,1024,216.646
256,64,8,2048,357.546
256,64,8,4096,667.347
256,64,8,8192,666.632
256,64,16,16,91.6507
256,64,16,32,91.9173
256,64,16,64,92.8983
256,64,16,128,121.006
256,64,16,256,154.98
256,64,16,512,230.066
256,64,16,1024,369.355
256,64,16,2048,653.394
256,64,16,4096,1270.77
256,64,16,8192,1272.79
256,64,32,16,142.937
256,64,32,32,143.481
256,64,32,64,145.316
256,64,32,128,205.19
256,64,32,256,275.656
256,64,32,512,414.113
256,64,32,1024,697.993
256,64,32,2048,1282.65
256,64,32,4096,2543.38
256,64,32,8192,2538.69
256,64,64,16,242.365
256,64,64,32,244.317
256,64,64,64,247.975
256,64,64,128,376.373
256,64,64,256,517.262
256,64,64,512,800.886
256,64,64,1024,1369.09
256,64,64,2048,2521.15
256,64,64,4096,5011.85
256,64,64,8192,5006.97
256,64,128,16,447.436
256,64,128,32,451.767
256,64,128,64,461.602
256,64,128,128,734.772
256,64,128,256,1012.52
256,64,128,512,1571.6
256,64,128,1024,2703.39
256,64,128,2048,5010.4
256,64,128,4096,10021
256,64,128,8192,10022.8
256,128,0,0,43.8203
256,128,1,16,47.5423
256,128,1,32,47.5103
256,128,1,64,47.5213
256,128,1,128,47.575
256,128,1,256,47.7457
256,128,1,512,59.9057
256,128,1,1024,83.2983
256,128,1,2048,130.596
256,128,1,4096,231.996
256,128,1,8192,233.18
256,128,2,16,48.844
256,128,2,32,48.6413
256,128,2,64,48.8337
256,128,2,128,56.0877
256,128,2,256,60.4173
256,128,2,512,72.898
256,128,2,1024,105.166
256,128,2,2048,152.175
256,128,2,4096,256.081
256,128,2,8192,255.495
256,128,4,16,57.0573
256,128,4,32,57.036
256,128,4,64,57.2813
256,128,4,128,63.255
256,128,4,256,68.4503
256,128,4,512,94.2207
256,128,4,1024,139.054
256,128,4,2048,232.582
256,128,4,4096,437.783
256,128,4,8192,437.889
256,128,8,16,70.1673
256,128,8,32,70.4977
256,128,8,64,70.6157
256,128,8,128,85.3463
256,128,8,256,103.096
256,128,8,512,139.918
256,128,8,1024,226.481
256,128,8,2048,363.957
256,128,8,4096,673.416
256,128,8,8192,672.871
256,128,16,16,95.4587
256,128,16,32,96.0767
256,128,16,64,96.9193
256,128,16,128,125.817
256,128,16,256,161.114
256,128,16,512,233.233
256,128,16,1024,374.442
256,128,16,2048,659.026
256,128,16,4096,1277.73
256,128,16,8192,1278.88
256,128,32,16,147.076
256,128,32,32,147.919
256,128,32,64,149.882
256,128,32,128,209.937
256,128,32,256,279.709
256,128,32,512,420.854
256,128,32,1024,698.611
256,128,32,2048,1286.06
256,128,32,4096,2550.28
256,128,32,8192,2547.78
256,128,64,16,246.898
256,128,64,32,248.636
256,128,64,64,252.402
256,128,64,128,381.621
256,128,64,256,522.745
256,128,64,512,804.736
256,128,64,1024,1371.59
256,128,64,2048,2523.21
256,128,64,4096,5010.32
256,128,64,8192,5014.05
256,128,128,16,452.119
256,128,128,32,456.045
256,128,128,64,465.901
256,128,128,128,739.743
256,128,128,256,1017.62
256,128,128,512,1575.73
256,128,128,1024,2707.13
256,128,128,2048,5019.45
256,128,128,4096,10022.9
256,128,128,8192,10029.6
256,256,0,0,55.4787
256,256,1,16,59.0737
256,256,1,32,59.0313
256,256,1,64,59.0843
256,256,1,128,59.191
256,256,1,256,59.2333
256,256,1,512,65.7507
256,256,1,1024,89.4313
256,256,1,2048,136.067
256,256,1,4096,238.513
256,256,1,8192,238.993
256,256,2,16,60.3427
256,256,2,32,60.4713
256,256,2,64,60.5773
256,256,2,128,62.263
256,256,2,256,73.5593
256,256,2,512,83.8853
256,256,2,1024,116.024
256,256,2,2048,163.972
256,256,2,4096,266.93
256,256,2,8192,268.711
256,256,4,16,68.2367
256,256,4,32,68.215
256,256,4,64,68.5567
256,256,4,128,75.693
256,256,4,256,80.407
256,256,4,512,101.485
256,256,4,1024,146.127
256,256,4,2048,238.62
256,256,4,4096,444.331
256,256,4,8192,443.853
256,256,8,16,81.9223
256,256,8,32,81.9543
256,256,8,64,82.2637
256,256,8,128,97.0803
256,256,8,256,114.723
256,256,8,512,151.524
256,256,8,1024,228.785
256,256,8,2048,374.581
256,256,8,4096,687.827
256,256,8,8192,685.501
256,256,16,16,107.96
256,256,16,32,108.301
256,256,16,64,109.24
256,256,16,128,138.372
256,256,16,256,169.52
256,256,16,512,239.601
256,256,16,1024,391.893
256,256,16,2048,665.383
256,256,16,4096,1288
256,256,16,8192,1285.86
256,256,32,16,160.164
256,256,32,32,160.911
256,256,32,64,162.863
256,256,32,128,222.62
256,256,32,256,288.722
256,256,32,512,429.473
256,256,32,1024,703.539
256,256,32,2048,1285.38
256,256,32,4096,2552.22
256,256,32,8192,2548.23
256,256,64,16,260.028
256,256,64,32,262.279
256,256,64,64,265.948
256,256,64,128,389.931
256,256,64,256,534.521
256,256,64,512,811.424
256,256,64,1024,1377.09
256,256,64,2048,2525.56
256,256,64,4096,5020.67
256,256,64,8192,5016.26
256,256,128,16,460.684
256,256,128,32,464.396
256,256,128,64,474.583
256,256,128,128,747.059
256,256,128,256,1025.77
256,256,128,512,1583.41
256,256,128,1024,2715.9
256,256,128,2048,5017.58
256,256,128,4096,10021.2
256,256,128,8192,10022
256,512,0,0,79.1703
256,512,1,16,82.4127
256,512,1,32,82.178
256,512,1,64,82.274
256,512,1,128,82.381
256,512,1,256,82.5087
256,512,1,512,82.4983
256,512,1,1024,101.208
256,512,1,2048,148.494
256,512,1,4096,250.875
256,512,1,8192,251.473
256,512,2,16,83.3837
256,512,2,32,83.4587
256,512,2,64,83.554
256,512,2,128,83.544
256,512,2,256,86.0607
256,512,2,512,109.047
256,512,2,1024,130.851
256,512,2,2048,186.746
256,512,2,4096,291.304
256,512,2,8192,291.88
256,512,4,16,90.85
256,512,4,32,90.637
256,512,4,64,90.9033
256,512,4,128,97.8163
256,512,4,256,105.923
256,512,4,512,116.014
256,512,4,1024,167.396
256,512,4,2048,251.655
256,512,4,4096,456.215
256,512,4,8192,456.343
256,512,8,16,104.109
256,512,8,32,104.696
256,512,8,64,105.049
256,512,8,128,121.432
256,512,8,256,138.052
256,512,8,512,173.604
256,512,8,1024,245.702
256,512,8,2048,418.518
256,512,8,4096,710.493
256,512,8,8192,712.925
256,512,16,16,131.972
256,512,16,32,132.579
256,512,16,64,132.996
256,512,16,128,163.823
256,512,16,256,194.618
256,512,16,512,263.388
256,512,16,1024,402.464
256,512,16,2048,682.343
256,512,16,4096,1302.24
256,512,16,8192,1305.86
256,512,32,16,185.21
256,512,32,32,186.352
256,512,32,64,188.26
256,512,32,128,249.158
256,512,32,256,312.04
256,512,32,512,442.464
256,512,32,1024,729.566
256,512,32,2048,1294.12
256,512,32,4096,2551.8
256,512,32,8192,2554.22
256,512,64,16,286.589
256,512,64,32,288.125
256,512,64,64,291.581
256,512,64,128,415.232
256,512,64,256,551.267
256,512,64,512,831.649
256,512,64,1024,1388.67
256,512,64,2048,2534.8
256,512,64,4096,5022.59
256,512,64,8192,5024.38
256,512,128,16,487.618
256,512,128,32,491.298
256,512,128,64,501.538
256,512,128,128,764.958
256,512,128,256,1040.63
256,512,128,512,1598.76
256,512,128,1024,2728.69
256,512,128,2048,5027.03
256,512,128,4096,10032.2
256,512,128,8192,10034.5
256,1024,0,0,126.137
256,1024,1,16,128.707
256,1024,1,32,128.664
256,1024,1,64,128.942
256,1024,1,128,128.771
256,1024,1,256,128.654
256,1024,1,512,129.507
256,1024,1,1024,129.528
256,1024,1,2048,171.674
256,1024,1,4096,275.815
256,1024,1,8192,276.433
256,1024,2,16,130.116
256,1024,2,32,130.35
256,1024,2,64,130.254
256,1024,2,128,130.223
256,1024,2,256,130.19
256,1024,2,512,132.526
256,1024,2,1024,179.823
256,1024,2,2048,224.753
256,1024,2,4096,341.193
256,1024,2,8192,339.934
256,1024,4,16,136.409
256,1024,4,32,136.216
256,1024,4,64,136.313
256,1024,4,128,142.798
256,1024,4,256,150.116
256,1024,4,512,164.143
256,1024,4,1024,186.064
256,1024,4,2048,284.701
256,1024,4,4096,482.711
256,1024,4,8192,483.021
256,1024,8,16,148.932
256,1024,8,32,149.081
256,1024,8,64,149.636
256,1024,8,128,167.855
256,1024,8,256,186.778
256,1024,8,512,220.592
256,1024,8,1024,291.484
256,1024,8,2048,434.56
256,1024,8,4096,800.095
256,1024,8,8192,801.589
256,1024,16,16,177.936
256,1024,16,32,178.266
256,1024,16,64,179.162
256,1024,16,128,212.976
256,1024,16,256,246.812
256,1024,16,512,309.075
256,1024,16,1024,456.14
256,1024,16,2048,741.459
256,1024,16,4096,1331.23
256,1024,16,8192,1331.2
256,1024,32,16,233.99
256,1024,32,32,235.067
256,1024,32,64,236.785
256,1024,32,128,299.549
256,1024,32,256,363.029
256,1024,32,512,491.713
256,1024,32,1024,753.886
256,1024,32,2048,1329.4
256,1024,32,4096,2559.92
256,1024,32,8192,2558.26
256,1024,64,16,337.726
256,1024,64,32,339.571
256,1024,64,64,342.931
256,1024,64,128,469.079
256,1024,64,256,603.108
256,1024,64,512,869.634
256,1024,64,1024,1420.07
256,1024,64,2048,2559.33
256,1024,64,4096,5032.47
256,1024,64,8192,5039.23
256,1024,128,16,541.016
256,1024,128,32,544.494
256,1024,128,64,555.097
256,1024,128,128,813.002
256,1024,128,256,1077.03
256,1024,128,512,1623.38
256,1024,128,1024,2755.96
256,1024,128,2048,5061.36
256,1024,128,4096,10028.8
256,1024,128,8192,10038
256,2048,0,0,220.241
256,2048,1,16,221.51
256,2048,1,32,221.243
256,2048,1,64,221.744
256,2048,1,128,221.594
256,2048,1,256,221.648
256,2048,1,512,221.649
256,2048,1,1024,222
256,2048,1,2048,222.332
256,2048,1,4096,325.375
256,2048,1,8192,325.661
256,2048,2,16,223.11
256,2048,2,32,223.322
256,2048,2,64,222.96
256,2048,2,128,223.12
256,2048,2,256,223.046
256,2048,2,512,223.397
256,2048,2,1024,227.995
256,2048,2,2048,320.243
256,2048,2,4096,428.267
256,2048,2,8192,428.385
256,2048,4,16,229.222
256,2048,4,32,229.531
256,2048,4,64,229.499
256,2048,4,128,235.292
256,2048,4,256,241.105
256,2048,4,512,254.396
256,2048,4,1024,281.532
256,2048,4,2048,327.582
256,2048,4,4096,540.206
256,2048,4,8192,539.555
256,2048,8,16,241.531
256,2048,8,32,241.702
256,2048,8,64,242.236
256,2048,8,128,254.534
256,2048,8,256,277.266
256,2048,8,512,314.653
256,2048,8,1024,385.844
256,2048,8,2048,529.635
256,2048,8,4096,846.315
256,2048,8,8192,846.57
256,2048,16,16,266.514
256,2048,16,32,267.015
256,2048,16,64,267.9
256,2048,16,128,302.749
256,2048,16,256,342.708
256,2048,16,512,410.624
256,2048,16,1024,546.862
256,2048,16,2048,834.954
256,2048,16,4096,1463.86
256,2048,16,8192,1461.73
256,2048,32,16,327.869
256,2048,32,32,327.667
256,2048,32,64,330.419
256,2048,32,128,396.095
256,2048,32,256,463.82
256,2048,32,512,593.049
256,2048,32,1024,851.446
256,2048,32,2048,1372.72
256,2048,32,4096,2622.55
256,2048,32,8192,2621.99
256,2048,64,16,436.32
256,2048,64,32,438.369
256,2048,64,64,441.462
256,2048,64,128,571.395
256,2048,64,256,708.541
256,2048,64,512,972.238
256,2048,64,1024,1502.56
256,2048,64,2048,2606.72
256,2048,64,4096,5074.62
256,2048,64,8192,5080.97
256,2048,128,16,643.973
256,2048,128,32,646.747
256,2048,128,64,661.115
256,2048,128,128,919.554
256,2048,128,256,1184.59
256,2048,128,512,1708.11
256,2048,128,1024,2797.4
256,2048,128,2048,5109.19
256,2048,128,4096,10090.2
256,2048,128,8192,10083.8
256,4096,0,0,415.467
256,4096,1,16,416.202
256,4096,1,32,416.192
256,4096,1,64,415.808
256,4096,1,128,416.01
256,4096,1,256,415.541
256,4096,1,512,415.669
256,4096,1,1024,415.765
256,4096,1,2048,415.712
256,4096,1,4096,422.432
256,4096,1,8192,422.378
256,4096,2,16,416.971
256,4096,2,32,417.451
256,4096,2,64,416.991
256,4096,2,128,417.397
256,4096,2,256,416.479
256,4096,2,512,416.586
256,4096,2,1024,416.864
256,4096,2,2048,428.16
256,4096,2,4096,622.299
256,4096,2,8192,621.776
256,4096,4,16,423.541
256,4096,4,32,423.541
256,4096,4,64,423.701
256,4096,4,128,429.589
256,4096,4,256,435.712
256,4096,4,512,448.587
256,4096,4,1024,473.9
256,4096,4,2048,530.424
256,4096,4,4096,627.738
256,4096,4,8192,626.757
256,4096,8,16,434.87
256,4096,8,32,435.19
256,4096,8,64,435.712
256,4096,8,128,446.603
256,4096,8,256,460.055
256,4096,8,512,485.89
256,4096,8,1024,587.801
256,4096,8,2048,733.043
256,4096,8,4096,1037.06
256,4096,8,8192,1036.48
256,4096,16,16,459.574
256,4096,16,32,459.681
256,4096,16,64,460.193
256,4096,16,128,490.103
256,4096,16,256,524.247
256,4096,16,512,615.759
256,4096,16,1024,744.403
256,4096,16,2048,1046.74
256,4096,16,4096,1654.04
256,4096,16,8192,1654.53
256,4096,32,16,512.247
256,4096,32,32,513.997
256,4096,32,64,514.722
256,4096,32,128,587.652
256,4096,32,256,674.054
256,4096,32,512,818.239
256,4096,32,1024,1094.65
256,4096,32,2048,1618.79
256,4096,32,4096,2711.98
256,4096,32,8192,2709.57
256,4096,64,16,631.088
256,4096,64,32,634.458
256,4096,64,64,637.968
256,4096,64,128,779.336
256,4096,64,256,927.522
256,4096,64,512,1213.43
256,4096,64,1024,1760.07
256,4096,64,2048,2874.41
256,4096,64,4096,5164.81
256,4096,64,8192,5164.59
256,4096,128,16,852.949
256,4096,128,32,858.24
256,4096,128,64,872.481
256,4096,128,128,1139.06
256,4096,128,256,1423.77
256,4096,128,512,1976.32
256,4096,128,1024,3076.88
256,4096,128,2048,5354.74
256,4096,128,4096,10200.4
256,4096,128,8192,10213.6
256,8192,0,0,416.202
256,8192,1,16,415.551
256,8192,1,32,415.712
256,8192,1,64,415.413
256,8192,1,128,415.787
256,8192,1,256,414.901
256,8192,1,512,414.954
256,8192,1,1024,414.837
256,8192,1,2048,415.413
256,8192,1,4096,421.706
256,8192,1,8192,422.56
256,8192,2,16,415.861
256,8192,2,32,416.245
256,8192,2,64,415.669
256,8192,2,128,416.597
256,8192,2,256,416.053
256,8192,2,512,416.405
256,8192,2,1024,416.352
256,8192,2,2048,429.867
256,8192,2,4096,622.789
256,8192,2,8192,622.266
256,8192,4,16,423.402
256,8192,4,32,423.574
256,8192,4,64,423.936
256,8192,4,128,429.888
256,8192,4,256,435.872
256,8192,4,512,448.448
256,8192,4,1024,473.697
256,8192,4,2048,526.456
256,8192,4,4096,628.794
256,8192,4,8192,627.93
256,8192,8,16,435.915
256,8192,8,32,434.912
256,8192,8,64,435.424
256,8192,8,128,447.36
256,8192,8,256,460.139
256,8192,8,512,486.934
256,8192,8,1024,588.686
256,8192,8,2048,732.103
256,8192,8,4096,1035.82
256,8192,8,8192,1035.77
256,8192,16,16,459.606
256,8192,16,32,460.705
256,8192,16,64,461.024
256,8192,16,128,490.679
256,8192,16,256,523.992
256,8192,16,512,614.073
256,8192,16,1024,743.699
256,8192,16,2048,1049.43
256,8192,16,4096,1653.08
256,8192,16,8192,1652.49
256,8192,32,16,512.215
256,8192,32,32,513.559
256,8192,32,64,515.416
256,8192,32,128,586.734
256,8192,32,256,672.55
256,8192,32,512,819.039
256,8192,32,1024,1095.48
256,8192,32,2048,1619.07
256,8192,32,4096,2712.25
256,8192,32,8192,2709.79
256,8192,64,16,630.853
256,8192,64,32,633.338
256,8192,64,64,637.872
256,8192,64,128,779.731
256,8192,64,256,927.127
256,8192,64,512,1211.52
256,8192,64,1024,1758.96
256,8192,64,2048,2869.48
256,8192,64,4096,5158.99
256,8192,64,8192,5167.14
256,8192,128,16,853.674
256,8192,128,32,858.656
256,8192,128,64,872.341
256,8192,128,128,1138.15
256,8192,128,256,1423.69
256,8192,128,512,1976.04
256,8192,128,1024,3078.99
256,8192,128,2048,5349.76
256,8192,128,4096,10199.3
256,8192,128,8192,10220.8
512,0,0,0,76.4393
512,0,1,16,77.9747
512,0,1,32,78.135
512,0,1,64,78.3063
512,0,1,128,80.119
512,0,1,256,81.8797
512,0,1,512,90.466
512,0,1,1024,117.635
512,0,1,2048,166.478
512,0,1,4096,269.233
512,0,1,8192,269.222
512,0,2,16,81.9963
512,0,2,32,81.922
512,0,2,64,82.2203
512,0,2,128,85.9003
512,0,2,256,89.5703
512,0,2,512,102.404
512,0,2,1024,136.398
512,0,2,2048,200.624
512,0,2,4096,305.266
512,0,2,8192,304.626
512,0,4,16,89.7303
512,0,4,32,90.2847
512,0,4,64,90.082
512,0,4,128,97.7303
512,0,4,256,105.037
512,0,4,512,126.04
512,0,4,1024,174.735
512,0,4,2048,264.476
512,0,4,4096,466.263
512,0,4,8192,466.422
512,0,8,16,106.221
512,0,8,32,106.317
512,0,8,64,106.606
512,0,8,128,121.411
512,0,8,256,136.494
512,0,8,512,174.5
512,0,8,1024,255.377
512,0,8,2048,417.194
512,0,8,4096,725.319
512,0,8,8192,726.919
512,0,16,16,137.582
512,0,16,32,137.913
512,0,16,64,138.499
512,0,16,128,168.153
512,0,16,256,198.778
512,0,16,512,272.23
512,0,16,1024,420.235
512,0,16,2048,707.825
512,0,16,4096,1327.3
512,0,16,8192,1328.06
512,0,32,16,199.034
512,0,32,32,199.824
512,0,32,64,201.669
512,0,32,128,261.564
512,0,32,256,329.309
512,0,32,512,471.884
512,0,32,1024,756.2
512,0,32,2048,1329.26
512,0,32,4096,2593.03
512,0,32,8192,2591.89
512,0,64,16,321.938
512,0,64,32,323.624
512,0,64,64,327.005
512,0,64,128,453.792
512,0,64,256,598.585
512,0,64,512,881.195
512,0,64,1024,1436.02
512,0,64,2048,2584.78
512,0,64,4096,5067.74
512,0,64,8192,5072.27
512,0,128,16,569.582
512,0,128,32,573.902
512,0,128,64,583.684
512,0,128,128,858.015
512,0,128,256,1136.24
512,0,128,512,1688.44
512,0,128,1024,2805.81
512,0,128,2048,5116.38
512,0,128,4096,10096.6
512,0,128,8192,10099
512,16,0,0,87.1163
512,16,1,16,90.637
512,16,1,32,90.4773
512,16,1,64,90.4557
512,16,1,128,92.5887
512,16,1,256,93.5383
512,16,1,512,97.7837
512,16,1,1024,125.368
512,16,1,2048,175.663
512,16,1,4096,278.107
512,16,1,8192,277.82
512,16,2,16,93.9113
512,16,2,32,93.9863
512,16,2,64,94.1033
512,16,2,128,97.699
512,16,2,256,101.431
512,16,2,512,109.049
512,16,2,1024,144.324
512,16,2,2048,213.488
512,16,2,4096,317.874
512,16,2,8192,317.501
512,16,4,16,102.178
512,16,4,32,102.359
512,16,4,64,102.199
512,16,4,128,109.56
512,16,4,256,117.496
512,16,4,512,133.774
512,16,4,1024,182.404
512,16,4,2048,274.311
512,16,4,4096,473.59
512,16,4,8192,472.907
512,16,8,16,118.072
512,16,8,32,118.264
512,16,8,64,119.128
512,16,8,128,133.656
512,16,8,256,148.761
512,16,8,512,182.639
512,16,8,1024,262.31
512,16,8,2048,424.651
512,16,8,4096,742.258
512,16,8,8192,739.9
512,16,16,16,150.052
512,16,16,32,150.105
512,16,16,64,151.075
512,16,16,128,180.74
512,16,16,256,211.717
512,16,16,512,279.484
512,16,16,1024,428.288
512,16,16,2048,717.853
512,16,16,4096,1341.85
512,16,16,8192,1341.11
512,16,32,16,211.44
512,16,32,32,212.614
512,16,32,64,214.448
512,16,32,128,273.82
512,16,32,256,337.48
512,16,32,512,480.043
512,16,32,1024,767.475
512,16,32,2048,1335.62
512,16,32,4096,2599.1
512,16,32,8192,2602.12
512,16,64,16,334.888
512,16,64,32,336.285
512,16,64,64,339.87
512,16,64,128,461.835
512,16,64,256,607.374
512,16,64,512,888.544
512,16,64,1024,1444.61
512,16,64,2048,2590.2
512,16,64,4096,5074.38
512,16,64,8192,5072.95
512,16,128,16,578.52
512,16,128,32,582.574
512,16,128,64,592.089
512,16,128,128,866.56
512,16,128,256,1144.62
512,16,128,512,1696.51
512,16,128,1024,2813.61
512,16,128,2048,5120.03
512,16,128,4096,10103.1
512,16,128,8192,10101.9
512,32,0,0,87.3407
512,32,1,16,90.2637
512,32,1,32,90.6903
512,32,1,64,90.6797
512,32,1,128,92.3863
512,32,1,256,93.5807
512,32,1,512,98.2637
512,32,1,1024,125.71
512,32,1,2048,176.324
512,32,1,4096,278.226
512,32,1,8192,277.703
512,32,2,16,94.1037
512,32,2,32,93.7727
512,32,2,64,94.2313
512,32,2,128,97.7523
512,32,2,256,101.464
512,32,2,512,108.92
512,32,2,1024,144.622
512,32,2,2048,213.338
512,32,2,4096,318.418
512,32,2,8192,317.608
512,32,4,16,101.773
512,32,4,32,102.434
512,32,4,64,102.552
512,32,4,128,109.795
512,32,4,256,117.198
512,32,4,512,133.912
512,32,4,1024,182.436
512,32,4,2048,274.438
512,32,4,4096,472.748
512,32,4,8192,472.812
512,32,8,16,118.446
512,32,8,32,118.713
512,32,8,64,119.651
512,32,8,128,134.254
512,32,8,256,148.996
512,32,8,512,182.34
512,32,8,1024,262.459
512,32,8,2048,424.458
512,32,8,4096,741.479
512,32,8,8192,740.839
512,32,16,16,149.539
512,32,16,32,150.233
512,32,16,64,151.226
512,32,16,128,180.687
512,32,16,256,211.461
512,32,16,512,279.75
512,32,16,1024,427.946
512,32,16,2048,718.63
512,32,16,4096,1342.22
512,32,16,8192,1340.02
512,32,32,16,211.792
512,32,32,32,212.517
512,32,32,64,214.299
512,32,32,128,273.713
512,32,32,256,337.256
512,32,32,512,479.649
512,32,32,1024,766.589
512,32,32,2048,1337.58
512,32,32,4096,2597.53
512,32,32,8192,2600.15
512,32,64,16,335.304
512,32,64,32,336.531
512,32,64,64,340.286
512,32,64,128,462.251
512,32,64,256,607.428
512,32,64,512,889.386
512,32,64,1024,1443.62
512,32,64,2048,2588.37
512,32,64,4096,5078.98
512,32,64,8192,5075.23
512,32,128,16,578.989
512,32,128,32,582.606
512,32,128,64,592.142
512,32,128,128,866.015
512,32,128,256,1144.81
512,32,128,512,1696.94
512,32,128,1024,2812.82
512,32,128,2048,5122.83
512,32,128,4096,10103.2
512,32,128,8192,10124.8
512,64,0,0,88.0453
512,64,1,16,90.5513
512,64,1,32,90.903
512,64,1,64,90.9247
512,64,1,128,92.5787
512,64,1,256,93.794
512,64,1,512,97.997
512,64,1,1024,125.635
512,64,1,2048,176.174
512,64,1,4096,278.631
512,64,1,8192,279.089
512,64,2,16,93.8153
512,64,2,32,94.3493
512,64,2,64,94.4557
512,64,2,128,97.8473
512,64,2,256,101.645
512,64,2,512,109.059
512,64,2,1024,144.281
512,64,2,2048,213.413
512,64,2,4096,317.693
512,64,2,8192,318.855
512,64,4,16,102.211
512,64,4,32,102.402
512,64,4,64,102.627
512,64,4,128,109.965
512,64,4,256,117.581
512,64,4,512,133.699
512,64,4,1024,182.522
512,64,4,2048,274.129
512,64,4,4096,472.854
512,64,4,8192,472.662
512,64,8,16,118.467
512,64,8,32,118.84
512,64,8,64,119.331
512,64,8,128,134.19
512,64,8,256,149.167
512,64,8,512,182.618
512,64,8,1024,262.289
512,64,8,2048,424.895
512,64,8,4096,741.799
512,64,8,8192,741.713
512,64,16,16,150.115
512,64,16,32,150.35
512,64,16,64,151.193
512,64,16,128,180.985
512,64,16,256,211.685
512,64,16,512,279.889
512,64,16,1024,428.48
512,64,16,2048,717.084
512,64,16,4096,1342.15
512,64,16,8192,1342.06
512,64,32,16,211.706
512,64,32,32,212.89
512,64,32,64,214.352
512,64,32,128,274.439
512,64,32,256,337.864
512,64,32,512,480.108
512,64,32,1024,767.292
512,64,32,2048,1336.49
512,64,32,4096,2602.75
512,64,32,8192,2597.03
512,64,64,16,335.037
512,64,64,32,336.531
512,64,64,64,340.253
512,64,64,128,462.123
512,64,64,256,608.345
512,64,64,512,889.386
512,64,64,1024,1444.28
512,64,64,2048,2586.55
512,64,64,4096,5084.41
512,64,64,8192,5078.89
512,64,128,16,578.872
512,64,128,32,582.467
512,64,128,64,592.003
512,64,128,128,866.325
512,64,128,256,1144.76
512,64,128,512,1696.35
512,64,128,1024,2812.53
512,64,128,2048,5121.84
512,64,128,4096,10106.7
512,64,128,8192,10109.1
512,128,0,0,94.6263
512,128,1,16,98.189
512,128,1,32,98.1677
512,128,1,64,97.955
512,128,1,128,99.9493
512,128,1,256,101.944
512,128,1,512,104.835
512,128,1,1024,133.454
512,128,1,2048,184.207
512,128,1,4096,288.113
512,128,1,8192,288.071
512,128,2,16,101.101
512,128,2,32,101.581
512,128,2,64,101.527
512,128,2,128,105.335
512,128,2,256,109.378
512,128,2,512,117.677
512,128,2,1024,151.812
512,128,2,2048,216.763
512,128,2,4096,333.256
512,128,2,8192,332.531
512,128,4,16,109.709
512,128,4,32,109.667
512,128,4,64,110.062
512,128,4,128,117.592
512,128,4,256,125.326
512,128,4,512,140.739
512,128,4,1024,191.578
512,128,4,2048,283.644
512,128,4,4096,482.113
512,128,4,8192,481.483
512,128,8,16,126.094
512,128,8,32,125.987
512,128,8,64,126.478
512,128,8,128,141.625
512,128,8,256,157.007
512,128,8,512,191.364
512,128,8,1024,270.716
512,128,8,2048,430.538
512,128,8,4096,759.313
512,128,8,8192,757.746
512,128,16,16,157.593
512,128,16,32,157.987
512,128,16,64,159.076
512,128,16,128,188.868
512,128,16,256,219.813
512,128,16,512,287.953
512,128,16,1024,436.938
512,128,16,2048,731.1
512,128,16,4096,1357.67
512,128,16,8192,1352.95
512,128,32,16,219.727
512,128,32,32,220.507
512,128,32,64,222.448
512,128,32,128,282.524
512,128,32,256,345.747
512,128,32,512,488.246
512,128,32,1024,778.28
512,128,32,2048,1344.08
512,128,32,4096,2608.6
512,128,32,8192,2603.27
512,128,64,16,343.315
512,128,64,32,344.723
512,128,64,64,348.201
512,128,64,128,470.582
512,128,64,256,616.601
512,128,64,512,898.763
512,128,64,1024,1451.68
512,128,64,2048,2594.77
512,128,64,4096,5082.67
512,128,64,8192,5075.14
512,128,128,16,587.288
512,128,128,32,590.734
512,128,128,64,600.825
512,128,128,128,874.602
512,128,128,256,1153.13
512,128,128,512,1704.59
512,128,128,1024,2821.71
512,128,128,2048,5129.24
512,128,128,4096,10114.1
512,128,128,8192,10111.1
512,256,0,0,112.547
512,256,1,16,116.205
512,256,1,32,117.112
512,256,1,64,117.197
512,256,1,128,118.893
512,256,1,256,121.934
512,256,1,512,125.667
512,256,1,1024,148.846
512,256,1,2048,202.906
512,256,1,4096,307.112
512,256,1,8192,307.058
512,256,2,16,120.814
512,256,2,32,120.45
512,256,2,64,121.048
512,256,2,128,124.92
512,256,2,256,128.419
512,256,2,512,137.154
512,256,2,1024,167.716
512,256,2,2048,236.368
512,256,2,4096,362.313
512,256,2,8192,361.086
512,256,4,16,128.547
512,256,4,32,129.102
512,256,4,64,129.315
512,256,4,128,137.422
512,256,4,256,144.749
512,256,4,512,160.015
512,256,4,1024,207.727
512,256,4,2048,303.964
512,256,4,4096,501.74
512,256,4,8192,500.428
512,256,8,16,145.806
512,256,8,32,145.518
512,256,8,64,146.072
512,256,8,128,161.443
512,256,8,256,177.657
512,256,8,512,207.44
512,256,8,1024,289.031
512,256,8,2048,449.28
512,256,8,4096,789.362
512,256,8,8192,788.413
512,256,16,16,178.02
512,256,16,32,178.649
512,256,16,64,179.247
512,256,16,128,209.221
512,256,16,256,241.051
512,256,16,512,304.679
512,256,16,1024,453.408
512,256,16,2048,753.778
512,256,16,4096,1386.57
512,256,16,8192,1383.46
512,256,32,16,240.262
512,256,32,32,241.51
512,256,32,64,242.811
512,256,32,128,303.591
512,256,32,256,366.771
512,256,32,512,505.601
512,256,32,1024,797.149
512,256,32,2048,1364.34
512,256,32,4096,2615.31
512,256,32,8192,2609.65
512,256,64,16,363.848
512,256,64,32,365.47
512,256,64,64,369.15
512,256,64,128,492.577
512,256,64,256,633.305
512,256,64,512,915.85
512,256,64,1024,1471.59
512,256,64,2048,2598.82
512,256,64,4096,5091.4
512,256,64,8192,5086.94
512,256,128,16,608.943
512,256,128,32,612.419
512,256,128,64,622.372
512,256,128,128,890.996
512,256,128,256,1169.67
512,256,128,512,1721.12
512,256,128,1024,2836.09
512,256,128,2048,5134.99
512,256,128,4096,10123
512,256,128,8192,10129.8
512,512,0,0,147.94
512,512,1,16,152.548
512,512,1,32,152.739
512,512,1,64,152.899
512,512,1,128,156.43
512,512,1,256,158.297
512,512,1,512,166.884
512,512,1,1024,179.076
512,512,1,2048,235.781
512,512,1,4096,345.203
512,512,1,8192,344.968
512,512,2,16,156.303
512,512,2,32,155.748
512,512,2,64,155.737
512,512,2,128,163.929
512,512,2,256,167.876
512,512,2,512,176.345
512,512,2,1024,197.338
512,512,2,2048,264.753
512,512,2,4096,418.836
512,512,2,8192,418.26
512,512,4,16,166.574
512,512,4,32,166.351
512,512,4,64,166.831
512,512,4,128,175.94
512,512,4,256,184.89
512,512,4,512,201.531
512,512,4,1024,239.462
512,512,4,2048,339.538
512,512,4,4096,543.735
512,512,4,8192,542.007
512,512,8,16,184.292
512,512,8,32,184.239
512,512,8,64,185.306
512,512,8,128,200.783
512,512,8,256,217.114
512,512,8,512,247.654
512,512,8,1024,319.197
512,512,8,2048,479.297
512,512,8,4096,843.871
512,512,8,8192,843.059
512,512,16,16,217.157
512,512,16,32,217.541
512,512,16,64,218.107
512,512,16,128,249.467
512,512,16,256,280.721
512,512,16,512,342.898
512,512,16,1024,484.864
512,512,16,2048,788.722
512,512,16,4096,1423.16
512,512,16,8192,1424.59
512,512,32,16,280.518
512,512,32,32,281.319
512,512,32,64,283.452
512,512,32,128,344.296
512,512,32,256,408.383
512,512,32,512,537.143
512,512,32,1024,829.096
512,512,32,2048,1407.68
512,512,32,4096,2629.58
512,512,32,8192,2630.4
512,512,64,16,405.631
512,512,64,32,407.06
512,512,64,64,410.644
512,512,64,128,534.508
512,512,64,256,669.711
512,512,64,512,950.55
512,512,64,1024,1510.3
512,512,64,2048,2615.78
512,512,64,4096,5113.94
512,512,64,8192,5117.87
512,512,128,16,651.215
512,512,128,32,654.714
512,512,128,64,665.167
512,512,128,128,923.883
512,512,128,256,1204.05
512,512,128,512,1757.67
512,512,128,1024,2863.19
512,512,128,2048,5152.75
512,512,128,4096,10145.6
512,512,128,8192,10141.6
512,1024,0,0,217.296
512,1024,1,16,223.173
512,1024,1,32,223.12
512,1024,1,64,222.032
512,1024,1,128,225.904
512,1024,1,256,228.901
512,1024,1,512,239.142
512,1024,1,1024,259.526
512,1024,1,2048,295.846
512,1024,1,4096,417.225
512,1024,1,8192,416.895
512,1024,2,16,226.171
512,1024,2,32,226.565
512,1024,2,64,226.032
512,1024,2,128,232.987
512,1024,2,256,240.976
512,1024,2,512,256.561
512,1024,2,1024,268.881
512,1024,2,2048,328.381
512,1024,2,4096,483.926
512,1024,2,8192,484.043
512,1024,4,16,237.04
512,1024,4,32,236.902
512,1024,4,64,237.221
512,1024,4,128,251.857
512,1024,4,256,264.721
512,1024,4,512,279.43
512,1024,4,1024,317.234
512,1024,4,2048,402.367
512,1024,4,4096,622.255
512,1024,4,8192,623.31
512,1024,8,16,258.748
512,1024,8,32,259.505
512,1024,8,64,260.379
512,1024,8,128,278.577
512,1024,8,256,296.7
512,1024,8,512,326.674
512,1024,8,1024,388.041
512,1024,8,2048,549.069
512,1024,8,4096,908.171
512,1024,8,8192,907.498
512,1024,16,16,295.207
512,1024,16,32,295.271
512,1024,16,64,296.177
512,1024,16,128,328.339
512,1024,16,256,360.649
512,1024,16,512,422.314
512,1024,16,1024,554.487
512,1024,16,2048,853.45
512,1024,16,4096,1496.96
512,1024,16,8192,1491.82
512,1024,32,16,359.123
512,1024,32,32,359.976
512,1024,32,64,361.512
512,1024,32,128,423.892
512,1024,32,256,489.964
512,1024,32,512,619.15
512,1024,32,1024,896.287
512,1024,32,2048,1479.97
512,1024,32,4096,2694.38
512,1024,32,8192,2697.65
512,1024,64,16,486.423
512,1024,64,32,488.256
512,1024,64,64,491.51
512,1024,64,128,618.617
512,1024,64,256,754.919
512,1024,64,512,1017
512,1024,64,1024,1580.95
512,1024,64,2048,2693.8
512,1024,64,4096,5153.61
512,1024,64,8192,5160.59
512,1024,128,16,734.599
512,1024,128,32,738.545
512,1024,128,64,750.418
512,1024,128,128,1008.09
512,1024,128,256,1272.02
512,1024,128,512,1824.32
512,1024,128,1024,2934.16
512,1024,128,2048,5191.67
512,1024,128,4096,10173.5
512,1024,128,8192,10190
512,2048,0,0,356.531
512,2048,1,16,361.918
512,2048,1,32,361.821
512,2048,1,64,362.952
512,2048,1,128,365.246
512,2048,1,256,368.563
512,2048,1,512,378.441
512,2048,1,1024,402.218
512,2048,1,2048,446.976
512,2048,1,4096,550.796
512,2048,1,8192,551.266
512,2048,2,16,365.15
512,2048,2,32,365.747
512,2048,2,64,366.195
512,2048,2,128,372.67
512,2048,2,256,380.275
512,2048,2,512,398.953
512,2048,2,1024,423.242
512,2048,2,2048,455.968
512,2048,2,4096,638.286
512,2048,2,8192,634.586
512,2048,4,16,375.976
512,2048,4,32,376.19
512,2048,4,64,375.902
512,2048,4,128,391.092
512,2048,4,256,405.972
512,2048,4,512,436.991
512,2048,4,1024,465.493
512,2048,4,2048,551.959
512,2048,4,4096,763.623
512,2048,4,8192,762.439
512,2048,8,16,399.07
512,2048,8,32,399.284
512,2048,8,64,400.65
512,2048,8,128,426.656
512,2048,8,256,453.813
512,2048,8,512,487.467
512,2048,8,1024,542.082
512,2048,8,2048,669.946
512,2048,8,4096,1067.42
512,2048,8,8192,1063.75
512,2048,16,16,442.484
512,2048,16,32,443.242
512,2048,16,64,444.181
512,2048,16,128,484.299
512,2048,16,256,516.311
512,2048,16,512,584.504
512,2048,16,1024,706.043
512,2048,16,2048,981.271
512,2048,16,4096,1633.54
512,2048,16,8192,1633.18
512,2048,32,16,515.008
512,2048,32,32,515.819
512,2048,32,64,517.633
512,2048,32,128,582.649
512,2048,32,256,650.884
512,2048,32,512,781.8
512,2048,32,1024,1050.14
512,2048,32,2048,1613.65
512,2048,32,4096,2882.78
512,2048,32,8192,2882.15
512,2048,64,16,646.021
512,2048,64,32,646.841
512,2048,64,64,650.522
512,2048,64,128,782.588
512,2048,64,256,919.968
512,2048,64,512,1184.78
512,2048,64,1024,1712
512,2048,64,2048,2853.92
512,2048,64,4096,5250.65
512,2048,64,8192,5246.05
512,2048,128,16,898.036
512,2048,128,32,902.943
512,2048,128,64,917.866
512,2048,128,128,1175.05
512,2048,128,256,1439.94
512,2048,128,512,1964.71
512,2048,128,1024,3073.37
512,2048,128,2048,5311.86
512,2048,128,4096,10261.9
512,2048,128,8192,10259.7
512,4096,0,0,622.5
512,4096,1,16,626.339
512,4096,1,32,627.332
512,4096,1,64,627.524
512,4096,1,128,633.594
512,4096,1,256,639.929
512,4096,1,512,652.399
512,4096,1,1024,677.893
512,4096,1,2048,727.473
512,4096,1,4096,824.861
512,4096,1,8192,824.36
512,4096,2,16,631.428
512,4096,2,32,630.991
512,4096,2,64,632.185
512,4096,2,128,637.411
512,4096,2,256,643.215
512,4096,2,512,657.253
512,4096,2,1024,680.688
512,4096,2,2048,738.566
512,4096,2,4096,827.539
512,4096,2,8192,827.602
512,4096,4,16,643.63
512,4096,4,32,643.449
512,4096,4,64,643.737
512,4096,4,128,658.159
512,4096,4,256,670.927
512,4096,4,512,694.49
512,4096,4,1024,747.238
512,4096,4,2048,833.512
512,4096,4,4096,1033.39
512,4096,4,8192,1033.23
512,4096,8,16,665.284
512,4096,8,32,667.151
512,4096,8,64,667.449
512,4096,8,128,695.195
512,4096,8,256,727.057
512,4096,8,512,787.858
512,4096,8,1024,861.854
512,4096,8,2048,969.291
512,4096,8,4096,1246.67
512,4096,8,8192,1247.61
512,4096,16,16,710.257
512,4096,16,32,710.95
512,4096,16,64,712.56
512,4096,16,128,762.577
512,4096,16,256,816.499
512,4096,16,512,896.586
512,4096,16,1024,1038.46
512,4096,16,2048,1282.91
512,4096,16,4096,1875.49
512,4096,16,8192,1875.72
512,4096,32,16,799.592
512,4096,32,32,799.975
512,4096,32,64,802.472
512,4096,32,128,886.772
512,4096,32,256,959.52
512,4096,32,512,1103.63
512,4096,32,1024,1380.06
512,4096,32,2048,1931.28
512,4096,32,4096,3135.45
512,4096,32,8192,3134.11
512,4096,64,16,948.31
512,4096,64,32,950.465
512,4096,64,64,955.509
512,4096,64,128,1093.37
512,4096,64,256,1238.13
512,4096,64,512,1521.75
512,4096,64,1024,2069.51
512,4096,64,2048,3205.14
512,4096,64,4096,5584.23
512,4096,64,8192,5579.53
512,4096,128,16,1211.16
512,4096,128,32,1218.01
512,4096,128,64,1231.41
512,4096,128,128,1495.75
512,4096,128,256,1777.36
512,4096,128,512,2332.43
512,4096,128,1024,3424.82
512,4096,128,2048,5780.24
512,4096,128,4096,10396.3
512,4096,128,8192,10403.4
512,8192,0,0,623.247
512,8192,1,16,626.564
512,8192,1,32,627.672
512,8192,1,64,628.163
512,8192,1,128,633.945
512,8192,1,256,639.46
512,8192,1,512,652.996
512,8192,1,1024,677.338
512,8192,1,2048,727.099
512,8192,1,4096,824.808
512,8192,1,8192,823.411
512,8192,2,16,630.606
512,8192,2,32,631.417
512,8192,2,64,631.395
512,8192,2,128,637.316
512,8192,2,256,644.015
512,8192,2,512,655.705
512,8192,2,1024,680.25
512,8192,2,2048,739.1
512,8192,2,4096,828.008
512,8192,2,8192,826.963
512,8192,4,16,642.895
512,8192,4,32,643.193
512,8192,4,64,644.995
512,8192,4,128,658.777
512,8192,4,256,670.607
512,8192,4,512,694.906
512,8192,4,1024,746.769
512,8192,4,2048,832.851
512,8192,4,4096,1032.51
512,8192,4,8192,1031.61
512,8192,8,16,667.332
512,8192,8,32,666.543
512,8192,8,64,667.749
512,8192,8,128,694.351
512,8192,8,256,725.574
512,8192,8,512,789.223
512,8192,8,1024,861.801
512,8192,8,2048,971.254
512,8192,8,4096,1246.95
512,8192,8,8192,1247.24
512,8192,16,16,709.616
512,8192,16,32,710.981
512,8192,16,64,712.368
512,8192,16,128,762.513
512,8192,16,256,816.2
512,8192,16,512,896.287
512,8192,16,1024,1038.48
512,8192,16,2048,1283.69
512,8192,16,4096,1876.02
512,8192,16,8192,1874.46
512,8192,32,16,799.304
512,8192,32,32,800.637
512,8192,32,64,803.794
512,8192,32,128,887.935
512,8192,32,256,960.171
512,8192,32,512,1102.74
512,8192,32,1024,1379.09
512,8192,32,2048,1929.64
512,8192,32,4096,3133.51
512,8192,32,8192,3135.71
512,8192,64,16,949.078
512,8192,64,32,950.869
512,8192,64,64,955.137
512,8192,64,128,1093.58
512,8192,64,256,1237.5
512,8192,64,512,1521.11
512,8192,64,1024,2067.33
512,8192,64,2048,3205.27
512,8192,64,4096,5581.8
512,8192,64,8192,5582.42
512,8192,128,16,1211.97
512,8192,128,32,1217.56
512,8192,128,64,1231.75
512,8192,128,128,1495.97
512,8192,128,256,1776.94
512,8192,128,512,2331.68
512,8192,128,1024,3424.47
512,8192,128,2048,5777.19
512,8192,128,4096,10394
512,8192,128,8192,10406.6
1024,0,0,0,210.491
1024,0,1,16,215.408
1024,0,1,32,215.536
1024,0,1,64,215.301
1024,0,1,128,217.616
1024,0,1,256,219.205
1024,0,1,512,222.831
1024,0,1,1024,236.08
1024,0,1,2048,294.588
1024,0,1,4096,415.764
1024,0,1,8192,415.86
1024,0,2,16,219.663
1024,0,2,32,219.589
1024,0,2,64,219.632
1024,0,2,128,223.845
1024,0,2,256,227.515
1024,0,2,512,235.824
1024,0,2,1024,258.683
1024,0,2,2048,329.074
1024,0,2,4096,478.944
1024,0,2,8192,478.506
1024,0,4,16,230.32
1024,0,4,32,231.056
1024,0,4,64,230.416
1024,0,4,128,238.256
1024,0,4,256,246.577
1024,0,4,512,261.734
1024,0,4,1024,301.661
1024,0,4,2048,400.767
1024,0,4,4096,610.168
1024,0,4,8192,611.299
1024,0,8,16,251.824
1024,0,8,32,251.771
1024,0,8,64,252.56
1024,0,8,128,268.241
1024,0,8,256,283.665
1024,0,8,512,315.314
1024,0,8,1024,388.019
1024,0,8,2048,553.207
1024,0,8,4096,913.865
1024,0,8,8192,913.108
1024,0,16,16,294.343
1024,0,16,32,294.972
1024,0,16,64,295.708
1024,0,16,128,326.962
1024,0,16,256,358.11
1024,0,16,512,420.319
1024,0,16,1024,565.581
1024,0,16,2048,870.036
1024,0,16,4096,1527.19
1024,0,16,8192,1521.89
1024,0,32,16,378.526
1024,0,32,32,379.294
1024,0,32,64,380.99
1024,0,32,128,442.026
1024,0,32,256,506.507
1024,0,32,512,638.937
1024,0,32,1024,932.341
1024,0,32,2048,1512.26
1024,0,32,4096,2749.11
1024,0,32,8192,2747.06
1024,0,64,16,545.634
1024,0,64,32,547.169
1024,0,64,64,550.498
1024,0,64,128,675.183
1024,0,64,256,812.36
1024,0,64,512,1094.38
1024,0,64,1024,1654.23
1024,0,64,2048,2777.89
1024,0,64,4096,5212.59
1024,0,64,8192,5210.73
1024,0,128,16,877.203
1024,0,128,32,881.364
1024,0,128,64,892.895
1024,0,128,128,1160.21
1024,0,128,256,1439.24
1024,0,128,512,1994.23
1024,0,128,1024,3103.67
1024,0,128,2048,5351.64
1024,0,128,4096,10306.1
1024,0,128,8192,10308.8
1024,16,0,0,229.52
1024,16,1,16,235.195
1024,16,1,32,235.259
1024,16,1,64,235.312
1024,16,1,128,237.36
1024,16,1,256,240.016
1024,16,1,512,242.768
1024,16,1,1024,250.971
1024,16,1,2048,309.66
1024,16,1,4096,433.065
1024,16,1,8192,431.764
1024,16,2,16,240.773
1024,16,2,32,240.037
1024,16,2,64,240.944
1024,16,2,128,244.261
1024,16,2,256,247.867
1024,16,2,512,255.526
1024,16,2,1024,272.273
1024,16,2,2048,345.714
1024,16,2,4096,495.649
1024,16,2,8192,495.531
1024,16,4,16,250.15
1024,16,4,32,250.192
1024,16,4,64,249.979
1024,16,4,128,258.342
1024,16,4,256,266.107
1024,16,4,512,282.033
1024,16,4,1024,316.786
1024,16,4,2048,417.918
1024,16,4,4096,632.42
1024,16,4,8192,631.555
1024,16,8,16,272.006
1024,16,8,32,272.476
1024,16,8,64,272.582
1024,16,8,128,288.039
1024,16,8,256,303.996
1024,16,8,512,334.813
1024,16,8,1024,404.297
1024,16,8,2048,568.568
1024,16,8,4096,931.648
1024,16,8,8192,930.9
1024,16,16,16,314.769
1024,16,16,32,314.407
1024,16,16,64,315.272
1024,16,16,128,347.378
1024,16,16,256,378.945
1024,16,16,512,440.799
1024,16,16,1024,581.315
1024,16,16,2048,886.186
1024,16,16,4096,1546.2
1024,16,16,8192,1544.62
1024,16,32,16,399.358
1024,16,32,32,400.351
1024,16,32,64,401.533
1024,16,32,128,463.136
1024,16,32,256,526.604
1024,16,32,512,655.013
1024,16,32,1024,948.48
1024,16,32,2048,1530.52
1024,16,32,4096,2766.87
1024,16,32,8192,2765.14
1024,16,64,16,565.602
1024,16,64,32,567.511
1024,16,64,64,570.755
1024,16,64,128,695.739
1024,16,64,256,831.389
1024,16,64,512,1111.58
1024,16,64,1024,1672.36
1024,16,64,2048,2797.05
1024,16,64,4096,5216
1024,16,64,8192,5220.11
1024,16,128,16,898.292
1024,16,128,32,902.356
1024,16,128,64,913.268
1024,16,128,128,1176.11
1024,16,128,256,1455.51
1024,16,128,512,2010.99
1024,16,128,1024,3119.61
1024,16,128,2048,5366.86
1024,16,128,4096,10324
1024,16,128,8192,10346.7
1024,32,0,0,229.787
1024,32,1,16,235.728
1024,32,1,32,236.346
1024,32,1,64,235.504
1024,32,1,128,237.072
1024,32,1,256,239.568
1024,32,1,512,243.152
1024,32,1,1024,251.014
1024,32,1,2048,309.244
1024,32,1,4096,432.874
1024,32,1,8192,432.725
1024,32,2,16,240.613
1024,32,2,32,240.613
1024,32,2,64,240.869
1024,32,2,128,243.845
1024,32,2,256,248.144
1024,32,2,512,255.888
1024,32,2,1024,273.382
1024,32,2,2048,345.608
1024,32,2,4096,495.67
1024,32,2,8192,496.097
1024,32,4,16,250.202
1024,32,4,32,250.385
1024,32,4,64,250.469
1024,32,4,128,258.459
1024,32,4,256,267.12
1024,32,4,512,282.129
1024,32,4,1024,316.359
1024,32,4,2048,418.442
1024,32,4,4096,630.723
1024,32,4,8192,631.971
1024,32,8,16,272.113
1024,32,8,32,272.347
1024,32,8,64,273.692
1024,32,8,128,287.932
1024,32,8,256,305.063
1024,32,8,512,336.221
1024,32,8,1024,404.521
1024,32,8,2048,570.487
1024,32,8,4096,930.101
1024,32,8,8192,930.208
1024,32,16,16,314.674
1024,32,16,32,315.186
1024,32,16,64,315.612
1024,32,16,128,347.026
1024,32,16,256,378.493
1024,32,16,512,440.703
1024,32,16,1024,581.528
1024,32,16,2048,886.484
1024,32,16,4096,1548.11
1024,32,16,8192,1546.51
1024,32,32,16,399.817
1024,32,32,32,399.742
1024,32,32,64,402.003
1024,32,32,128,462.571
1024,32,32,256,526.497
1024,32,32,512,655.108
1024,32,32,1024,949.109
1024,32,32,2048,1530.61
1024,32,32,4096,2771.83
1024,32,32,8192,2770.7
1024,32,64,16,566.072
1024,32,64,32,567.543
1024,32,64,64,570.861
1024,32,64,128,695.675
1024,32,64,256,831.229
1024,32,64,512,1110.6
1024,32,64,1024,1673.36
1024,32,64,2048,2797.2
1024,32,64,4096,5218.66
1024,32,64,8192,5219.07
1024,32,128,16,898.334
1024,32,128,32,901.514
1024,32,128,64,913.589
1024,32,128,128,1176.5
1024,32,128,256,1455.45
1024,32,128,512,2010.91
1024,32,128,1024,3120.49
1024,32,128,2048,5369.92
1024,32,128,4096,10336.6
1024,32,128,8192,10338.3
1024,64,0,0,230.342
1024,64,1,16,236.379
1024,64,1,32,236.016
1024,64,1,64,235.803
1024,64,1,128,237.872
1024,64,1,256,239.835
1024,64,1,512,243.099
1024,64,1,1024,251.482
1024,64,1,2048,309.361
1024,64,1,4096,433.961
1024,64,1,8192,433.13
1024,64,2,16,240.89
1024,64,2,32,241.03
1024,64,2,64,241.04
1024,64,2,128,244.496
1024,64,2,256,248.837
1024,64,2,512,256.144
1024,64,2,1024,272.945
1024,64,2,2048,346.099
1024,64,2,4096,497.291
1024,64,2,8192,496.438
1024,64,4,16,250.374
1024,64,4,32,250.598
1024,64,4,64,250.565
1024,64,4,128,259.249
1024,64,4,256,267.43
1024,64,4,512,282.428
1024,64,4,1024,316.967
1024,64,4,2048,418.932
1024,64,4,4096,632.472
1024,64,4,8192,631.492
1024,64,8,16,272.934
1024,64,8,32,273.116
1024,64,8,64,273.019
1024,64,8,128,289.051
1024,64,8,256,304.807
1024,64,8,512,335.614
1024,64,8,1024,404.745
1024,64,8,2048,569.996
1024,64,8,4096,931.359
1024,64,8,8192,930.357
1024,64,16,16,314.984
1024,64,16,32,314.866
1024,64,16,64,315.165
1024,64,16,128,347.09
1024,64,16,256,379.091
1024,64,16,512,440.436
1024,64,16,1024,581.773
1024,64,16,2048,886.058
1024,64,16,4096,1546.1
1024,64,16,8192,1543.83
1024,64,32,16,399.326
1024,64,32,32,400.19
1024,64,32,64,402.313
1024,64,32,128,463.104
1024,64,32,256,527.126
1024,64,32,512,655.044
1024,64,32,1024,948.822
1024,64,32,2048,1530.62
1024,64,32,4096,2775.25
1024,64,32,8192,2770.6
1024,64,64,16,566.467
1024,64,64,32,567.384
1024,64,64,64,571.458
1024,64,64,128,696.667
1024,64,64,256,831.443
1024,64,64,512,1111.33
1024,64,64,1024,1672.91
1024,64,64,2048,2799.35
1024,64,64,4096,5222.7
1024,64,64,8192,5219.4
1024,64,128,16,898.826
1024,64,128,32,902.047
1024,64,128,64,914.954
1024,64,128,128,1177.08
1024,64,128,256,1455.29
1024,64,128,512,2011.92
1024,64,128,1024,3120.34
1024,64,128,2048,5369.05
1024,64,128,4096,10330.8
1024,64,128,8192,10341.9
1024,128,0,0,245.307
1024,128,1,16,251.046
1024,128,1,32,250.939
1024,128,1,64,251.045
1024,128,1,128,253.317
1024,128,1,256,255.899
1024,128,1,512,259.61
1024,128,1,1024,267.121
1024,128,1,2048,325.181
1024,128,1,4096,451.242
1024,128,1,8192,450.901
1024,128,2,16,255.558
1024,128,2,32,256.251
1024,128,2,64,255.846
1024,128,2,128,260.561
1024,128,2,256,264.913
1024,128,2,512,272.166
1024,128,2,1024,289.639
1024,128,2,2048,361.437
1024,128,2,4096,516.353
1024,128,2,8192,516.578
1024,128,4,16,267.046
1024,128,4,32,266.631
1024,128,4,64,266.662
1024,128,4,128,275.045
1024,128,4,256,282.545
1024,128,4,512,299.121
1024,128,4,1024,332.999
1024,128,4,2048,434.473
1024,128,4,4096,651.012
1024,128,4,8192,652.281
1024,128,8,16,288.252
1024,128,8,32,289.031
1024,128,8,64,288.422
1024,128,8,128,303.986
1024,128,8,256,321.084
1024,128,8,512,350.899
1024,128,8,1024,421.663
1024,128,8,2048,584.611
1024,128,8,4096,947.221
1024,128,8,8192,946.752
1024,128,16,16,331.122
1024,128,16,32,331.165
1024,128,16,64,332.167
1024,128,16,128,362.899
1024,128,16,256,395.23
1024,128,16,512,458.282
1024,128,16,1024,598.542
1024,128,16,2048,901.365
1024,128,16,4096,1562.16
1024,128,16,8192,1563.12
1024,128,32,16,415.359
1024,128,32,32,416.009
1024,128,32,64,417.503
1024,128,32,128,479.2
1024,128,32,256,543.287
1024,128,32,512,671.918
1024,128,32,1024,965.034
1024,128,32,2048,1546.64
1024,128,32,4096,2788.43
1024,128,32,8192,2785.68
1024,128,64,16,581.005
1024,128,64,32,583.021
1024,128,64,64,586.68
1024,128,64,128,712.165
1024,128,64,256,848.201
1024,128,64,512,1128.29
1024,128,64,1024,1690.25
1024,128,64,2048,2810.78
1024,128,64,4096,5225.74
1024,128,64,8192,5232.12
1024,128,128,16,914.826
1024,128,128,32,918.303
1024,128,128,64,930.41
1024,128,128,128,1193.36
1024,128,128,256,1472.53
1024,128,128,512,2027.18
1024,128,128,1024,3138.35
1024,128,128,2048,5381.68
1024,128,128,4096,10334.2
1024,128,128,8192,10333.7
1024,256,0,0,282.982
1024,256,1,16,287.399
1024,256,1,32,287.622
1024,256,1,64,287.675
1024,256,1,128,290.161
1024,256,1,256,291.815
1024,256,1,512,295.484
1024,256,1,1024,303.078
1024,256,1,2048,357.811
1024,256,1,4096,484.48
1024,256,1,8192,483.413
1024,256,2,16,292.102
1024,256,2,32,292.646
1024,256,2,64,292.828
1024,256,2,128,295.74
1024,256,2,256,300.156
1024,256,2,512,307.922
1024,256,2,1024,322.866
1024,256,2,2048,392.361
1024,256,2,4096,549.847
1024,256,2,8192,549.548
1024,256,4,16,302.364
1024,256,4,32,302.119
1024,256,4,64,302.502
1024,256,4,128,310.183
1024,256,4,256,319.09
1024,256,4,512,334.205
1024,256,4,1024,365.726
1024,256,4,2048,467.968
1024,256,4,4096,688.165
1024,256,4,8192,688.175
1024,256,8,16,324.551
1024,256,8,32,324.092
1024,256,8,64,324.658
1024,256,8,128,339.815
1024,256,8,256,355.655
1024,256,8,512,387.389
1024,256,8,1024,454.367
1024,256,8,2048,621.71
1024,256,8,4096,979.585
1024,256,8,8192,979.072
1024,256,16,16,365.8
1024,256,16,32,366.323
1024,256,16,64,367.092
1024,256,16,128,398.654
1024,256,16,256,430.847
1024,256,16,512,493.611
1024,256,16,1024,631.236
1024,256,16,2048,932.053
1024,256,16,4096,1597.74
1024,256,16,8192,1597.87
1024,256,32,16,450.378
1024,256,32,32,451.797
1024,256,32,64,452.928
1024,256,32,128,515.275
1024,256,32,256,579.031
1024,256,32,512,707.451
1024,256,32,1024,996.311
1024,256,32,2048,1576.44
1024,256,32,4096,2830.2
1024,256,32,8192,2828.79
1024,256,64,16,618.03
1024,256,64,32,620.132
1024,256,64,64,623.491
1024,256,64,128,749.574
1024,256,64,256,884.596
1024,256,64,512,1160.56
1024,256,64,1024,1724.38
1024,256,64,2048,2848.01
1024,256,64,4096,5252.66
1024,256,64,8192,5258.59
1024,256,128,16,951.627
1024,256,128,32,955.648
1024,256,128,64,967.232
1024,256,128,128,1226.15
1024,256,128,256,1505.15
1024,256,128,512,2059.9
1024,256,128,1024,3170
1024,256,128,2048,5413.49
1024,256,128,4096,10351.6
1024,256,128,8192,10350.6
1024,512,0,0,352.957
1024,512,1,16,358.706
1024,512,1,32,357.661
1024,512,1,64,357.693
1024,512,1,128,362.034
1024,512,1,256,363.496
1024,512,1,512,366.472
1024,512,1,1024,373.757
1024,512,1,2048,418.302
1024,512,1,4096,553.922
1024,512,1,8192,554.914
1024,512,2,16,363.4
1024,512,2,32,363.303
1024,512,2,64,363.486
1024,512,2,128,367.645
1024,512,2,256,370.579
1024,512,2,512,378.579
1024,512,2,1024,396.446
1024,512,2,2048,457.44
1024,512,2,4096,617.785
1024,512,2,8192,618.628
1024,512,4,16,372.915
1024,512,4,32,372.723
1024,512,4,64,373.854
1024,512,4,128,381.523
1024,512,4,256,389.555
1024,512,4,512,406.686
1024,512,4,1024,436.981
1024,512,4,2048,531.521
1024,512,4,4096,757.105
1024,512,4,8192,757.222
1024,512,8,16,395.006
1024,512,8,32,395.326
1024,512,8,64,396.371
1024,512,8,128,411.284
1024,512,8,256,427.701
1024,512,8,512,459.284
1024,512,8,1024,523.308
1024,512,8,2048,686.479
1024,512,8,4096,1055.27
1024,512,8,8192,1054.96
1024,512,16,16,437.482
1024,512,16,32,437.066
1024,512,16,64,438.666
1024,512,16,128,471.445
1024,512,16,256,502.006
1024,512,16,512,566.914
1024,512,16,1024,696.485
1024,512,16,2048,1001.91
1024,512,16,4096,1662.44
1024,512,16,8192,1664.28
1024,512,32,16,521.868
1024,512,32,32,523.618
1024,512,32,64,524.173
1024,512,32,128,586.669
1024,512,32,256,653.209
1024,512,32,512,780.904
1024,512,32,1024,1062.68
1024,512,32,2048,1640.19
1024,512,32,4096,2910.4
1024,512,32,8192,2904.7
1024,512,64,16,691.407
1024,512,64,32,692.4
1024,512,64,64,696.442
1024,512,64,128,822.706
1024,512,64,256,958.669
1024,512,64,512,1225.75
1024,512,64,1024,1788.81
1024,512,64,2048,2916.18
1024,512,64,4096,5336.47
1024,512,64,8192,5342.93
1024,512,128,16,1024.81
1024,512,128,32,1028.94
1024,512,128,64,1041.98
1024,512,128,128,1298.92
1024,512,128,256,1570.55
1024,512,128,512,2125.98
1024,512,128,1024,3236.64
1024,512,128,2048,5480.31
1024,512,128,4096,10412.6
1024,512,128,8192,10421.3
1024,1024,0,0,498.321
1024,1024,1,16,502.065
1024,1024,1,32,501.831
1024,1024,1,64,502.769
1024,1024,1,128,503.868
1024,1024,1,256,505.255
1024,1024,1,512,509.735
1024,1024,1,1024,518.151
1024,1024,1,2048,540.22
1024,1024,1,4096,682.416
1024,1024,1,8192,683.036
1024,1024,2,16,504.786
1024,1024,2,32,505.148
1024,1024,2,64,505.041
1024,1024,2,128,510.012
1024,1024,2,256,514.929
1024,1024,2,512,523.025
1024,1024,2,1024,538.418
1024,1024,2,2048,580.433
1024,1024,2,4096,753.253
1024,1024,2,8192,753.179
1024,1024,4,16,515.015
1024,1024,4,32,515.996
1024,1024,4,64,514.813
1024,1024,4,128,525.063
1024,1024,4,256,532.87
1024,1024,4,512,549.116
1024,1024,4,1024,581.073
1024,1024,4,2048,658.556
1024,1024,4,4096,895.321
1024,1024,4,8192,894.777
1024,1024,8,16,536.892
1024,1024,8,32,536.253
1024,1024,8,64,537.105
1024,1024,8,128,554.385
1024,1024,8,256,573.298
1024,1024,8,512,603.185
1024,1024,8,1024,664.646
1024,1024,8,2048,816.742
1024,1024,8,4096,1192.43
1024,1024,8,8192,1191.1
1024,1024,16,16,579.943
1024,1024,16,32,580.06
1024,1024,16,64,579.996
1024,1024,16,128,613.084
1024,1024,16,256,646.567
1024,1024,16,512,709.637
1024,1024,16,1024,841.562
1024,1024,16,2048,1132.27
1024,1024,16,4096,1791.03
1024,1024,16,8192,1790.51
1024,1024,32,16,663.91
1024,1024,32,32,664.806
1024,1024,32,64,667.036
1024,1024,32,128,730.885
1024,1024,32,256,796.293
1024,1024,32,512,932.591
1024,1024,32,1024,1192.12
1024,1024,32,2048,1769.72
1024,1024,32,4096,3052.12
1024,1024,32,8192,3050.87
1024,1024,64,16,835.696
1024,1024,64,32,836.486
1024,1024,64,64,840.475
1024,1024,64,128,969.466
1024,1024,64,256,1105.04
1024,1024,64,512,1366.07
1024,1024,64,1024,1917.99
1024,1024,64,2048,3053.36
1024,1024,64,4096,5514.16
1024,1024,64,8192,5524.27
1024,1024,128,16,1171.36
1024,1024,128,32,1175.8
1024,1024,128,64,1188.55
1024,1024,128,128,1445.62
1024,1024,128,256,1709.06
1024,1024,128,512,2257.05
1024,1024,128,1024,3369.53
1024,1024,128,2048,5627.3
1024,1024,128,4096,10506.2
1024,1024,128,8192,10528
1024,2048,0,0,778.14
1024,2048,1,16,780.06
1024,2048,1,32,780.305
1024,2048,1,64,780.347
1024,2048,1,128,781.425
1024,2048,1,256,784.252
1024,2048,1,512,788.667
1024,2048,1,1024,796.434
1024,2048,1,2048,814.428
1024,2048,1,4096,944.284
1024,2048,1,8192,941.841
1024,2048,2,16,783.773
1024,2048,2,32,783.601
1024,2048,2,64,784.871
1024,2048,2,128,789.116
1024,2048,2,256,794.172
1024,2048,2,512,801.745
1024,2048,2,1024,821.948
1024,2048,2,2048,864.125
1024,2048,2,4096,1012.77
1024,2048,2,8192,1012.77
1024,2048,4,16,793.073
1024,2048,4,32,794.588
1024,2048,4,64,794.268
1024,2048,4,128,803.004
1024,2048,4,256,812.892
1024,2048,4,512,828.658
1024,2048,4,1024,867.505
1024,2048,4,2048,929.234
1024,2048,4,4096,1164.17
1024,2048,4,8192,1164.47
1024,2048,8,16,814.94
1024,2048,8,32,815.249
1024,2048,8,64,815.634
1024,2048,8,128,833.511
1024,2048,8,256,852.583
1024,2048,8,512,890.226
1024,2048,8,1024,952.764
1024,2048,8,2048,1087.05
1024,2048,8,4096,1466
1024,2048,8,8192,1465.75
1024,2048,16,16,858.994
1024,2048,16,32,860.562
1024,2048,16,64,860.412
1024,2048,16,128,895.079
1024,2048,16,256,929.254
1024,2048,16,512,1001.48
1024,2048,16,1024,1132.25
1024,2048,16,2048,1394.54
1024,2048,16,4096,2075.01
1024,2048,16,8192,2071.25
1024,2048,32,16,946.46
1024,2048,32,32,947.153
1024,2048,32,64,949.297
1024,2048,32,128,1015.29
1024,2048,32,256,1084.12
1024,2048,32,512,1219.9
1024,2048,32,1024,1482.82
1024,2048,32,2048,2026.15
1024,2048,32,4096,3308.08
1024,2048,32,8192,3305.13
1024,2048,64,16,1119.44
1024,2048,64,32,1120.77
1024,2048,64,64,1123.71
1024,2048,64,128,1257.07
1024,2048,64,256,1392.9
1024,2048,64,512,1656.57
1024,2048,64,1024,2183.86
1024,2048,64,2048,3306.44
1024,2048,64,4096,5805.61
1024,2048,64,8192,5800.33
1024,2048,128,16,1460.27
1024,2048,128,32,1465.53
1024,2048,128,64,1480.5
1024,2048,128,128,1736.53
1024,2048,128,256,2002.34
1024,2048,128,512,2526.37
1024,2048,128,1024,3630.1
1024,2048,128,2048,5891.54
1024,2048,128,4096,10807.8
1024,2048,128,8192,10806.1
1024,4096,0,0,1234.43
1024,4096,1,16,1237.43
1024,4096,1,32,1236.89
1024,4096,1,64,1236.86
1024,4096,1,128,1238.31
1024,4096,1,256,1237.35
1024,4096,1,512,1238.31
1024,4096,1,1024,1237.02
1024,4096,1,2048,1237.14
1024,4096,1,4096,1242.49
1024,4096,1,8192,1241.98
1024,4096,2,16,1242.16
1024,4096,2,32,1242.01
1024,4096,2,64,1241.98
1024,4096,2,128,1246.21
1024,4096,2,256,1253.53
1024,4096,2,512,1264.11
1024,4096,2,1024,1289.47
1024,4096,2,2048,1340.75
1024,4096,2,4096,1441.37
1024,4096,2,8192,1441.88
1024,4096,4,16,1251.47
1024,4096,4,32,1250.01
1024,4096,4,64,1251.6
1024,4096,4,128,1258.27
1024,4096,4,256,1266.63
1024,4096,4,512,1278.71
1024,4096,4,1024,1319.27
1024,4096,4,2048,1443.96
1024,4096,4,4096,1648.93
1024,4096,4,8192,1647.72
1024,4096,8,16,1274.26
1024,4096,8,32,1274.74
1024,4096,8,64,1274.74
1024,4096,8,128,1294.08
1024,4096,8,256,1313.77
1024,4096,8,512,1351.76
1024,4096,8,1024,1443.47
1024,4096,8,2048,1572.16
1024,4096,8,4096,1872.53
1024,4096,8,8192,1872.88
1024,4096,16,16,1315.99
1024,4096,16,32,1315.27
1024,4096,16,64,1316.32
1024,4096,16,128,1349.22
1024,4096,16,256,1387.58
1024,4096,16,512,1472.27
1024,4096,16,1024,1628.44
1024,4096,16,2048,1903.63
1024,4096,16,4096,2514.54
1024,4096,16,8192,2512.68
1024,4096,32,16,1402.13
1024,4096,32,32,1403
1024,4096,32,64,1404.98
1024,4096,32,128,1476.68
1024,4096,32,256,1560.22
1024,4096,32,512,1704.25
1024,4096,32,1024,1992.81
1024,4096,32,2048,2527.75
1024,4096,32,4096,3659.07
1024,4096,32,8192,3659.77
1024,4096,64,16,1584.67
1024,4096,64,32,1587.26
1024,4096,64,64,1590.8
1024,4096,64,128,1735.82
1024,4096,64,256,1880.05
1024,4096,64,512,2163.83
1024,4096,64,1024,2706.88
1024,4096,64,2048,3853.71
1024,4096,64,4096,6263.97
1024,4096,64,8192,6261.1
1024,4096,128,16,1941.81
1024,4096,128,32,1948.63
1024,4096,128,64,1962.09
1024,4096,128,128,2225.1
1024,4096,128,256,2506.81
1024,4096,128,512,3052.06
1024,4096,128,1024,4172.25
1024,4096,128,2048,6520.44
1024,4096,128,4096,11273.9
1024,4096,128,8192,11278.3
1024,8192,0,0,1234.59
1024,8192,1,16,1237.5
1024,8192,1,32,1237.89
1024,8192,1,64,1237.28
1024,8192,1,128,1238.06
1024,8192,1,256,1237.53
1024,8192,1,512,1237.92
1024,8192,1,1024,1237.75
1024,8192,1,2048,1238.14
1024,8192,1,4096,1242.19
1024,8192,1,8192,1241.28
1024,8192,2,16,1241.63
1024,8192,2,32,1241.94
1024,8192,2,64,1242.23
1024,8192,2,128,1246.06
1024,8192,2,256,1253.12
1024,8192,2,512,1264.16
1024,8192,2,1024,1288.53
1024,8192,2,2048,1341.25
1024,8192,2,4096,1440.98
1024,8192,2,8192,1440.88
1024,8192,4,16,1251.9
1024,8192,4,32,1251.91
1024,8192,4,64,1252.06
1024,8192,4,128,1258.6
1024,8192,4,256,1267
1024,8192,4,512,1279.66
1024,8192,4,1024,1319.74
1024,8192,4,2048,1442.54
1024,8192,4,4096,1648.2
1024,8192,4,8192,1648.23
1024,8192,8,16,1274.03
1024,8192,8,32,1274.25
1024,8192,8,64,1274.84
1024,8192,8,128,1295.01
1024,8192,8,256,1313.92
1024,8192,8,512,1352.26
1024,8192,8,1024,1443.14
1024,8192,8,2048,1572.11
1024,8192,8,4096,1873.29
1024,8192,8,8192,1873.15
1024,8192,16,16,1316.32
1024,8192,16,32,1316.56
1024,8192,16,64,1317.79
1024,8192,16,128,1350.07
1024,8192,16,256,1388.83
1024,8192,16,512,1474.38
1024,8192,16,1024,1628.84
1024,8192,16,2048,1902.95
1024,8192,16,4096,2514.11
1024,8192,16,8192,2511.18
1024,8192,32,16,1401.47
1024,8192,32,32,1401.98
1024,8192,32,64,1405.09
1024,8192,32,128,1476.69
1024,8192,32,256,1560.27
1024,8192,32,512,1704.06
1024,8192,32,1024,1991.38
1024,8192,32,2048,2528.53
1024,8192,32,4096,3658.97
1024,8192,32,8192,3658.29
1024,8192,64,16,1584.61
1024,8192,64,32,1586.74
1024,8192,64,64,1590.82
1024,8192,64,128,1735.61
1024,8192,64,256,1880.73
1024,8192,64,512,2164.19
1024,8192,64,1024,2706.39
1024,8192,64,2048,3855.93
1024,8192,64,4096,6265.06
1024,8192,64,8192,6259.22
1024,8192,128,16,1943.25
1024,8192,128,32,1949.24
1024,8192,128,64,1962.66
1024,8192,128,128,2225.45
1024,8192,128,256,2505.99
1024,8192,128,512,3052.2
1024,8192,128,1024,4171.27
1024,8192,128,2048,6520.98
1024,8192,128,4096,11271.7
1024,8192,128,8192,11276.7
2048,0,0,0,673.782
2048,0,1,16,681.195
2048,0,1,32,681.601
2048,0,1,64,681.686
2048,0,1,128,683.308
2048,0,1,256,684.939
2048,0,1,512,688.94
2048,0,1,1024,698.432
2048,0,1,2048,719.595
2048,0,1,4096,869.676
2048,0,1,8192,869.59
2048,0,2,16,689.078
2048,0,2,32,689.346
2048,0,2,64,690.028
2048,0,2,128,694.155
2048,0,2,256,697.728
2048,0,2,512,707.297
2048,0,2,1024,723.905
2048,0,2,2048,763.489
2048,0,2,4096,945.121
2048,0,2,8192,943.862
2048,0,4,16,705.932
2048,0,4,32,705.238
2048,0,4,64,705.366
2048,0,4,128,713.004
2048,0,4,256,721.686
2048,0,4,512,738.017
2048,0,4,1024,771.03
2048,0,4,2048,846.764
2048,0,4,4096,1095.94
2048,0,4,8192,1096.27
2048,0,8,16,736.94
2048,0,8,32,737.42
2048,0,8,64,736.801
2048,0,8,128,752.119
2048,0,8,256,770.828
2048,0,8,512,803.319
2048,0,8,1024,865.633
2048,0,8,2048,1016.63
2048,0,8,4096,1404.62
2048,0,8,8192,1402.14
2048,0,16,16,800.492
2048,0,16,32,800.641
2048,0,16,64,801.879
2048,0,16,128,833.303
2048,0,16,256,865.815
2048,0,16,512,934.572
2048,0,16,1024,1061.04
2048,0,16,2048,1352.96
2048,0,16,4096,2024.56
2048,0,16,8192,2024.63
2048,0,32,16,928.268
2048,0,32,32,928.663
2048,0,32,64,930.434
2048,0,32,128,993.25
2048,0,32,256,1060.35
2048,0,32,512,1193.48
2048,0,32,1024,1455.63
2048,0,32,2048,2033.88
2048,0,32,4096,3309.4
2048,0,32,8192,3310.45
2048,0,64,16,1183.85
2048,0,64,32,1183.91
2048,0,64,64,1188.98
2048,0,64,128,1317.87
2048,0,64,256,1452.39
2048,0,64,512,1713.67
2048,0,64,1024,2273.9
2048,0,64,2048,3405.17
2048,0,64,4096,5872.79
2048,0,64,8192,5875.59
2048,0,128,16,1688.36
2048,0,128,32,1693.51
2048,0,128,64,1708.07
2048,0,128,128,1962.08
2048,0,128,256,2237.5
2048,0,128,512,2791.08
2048,0,128,1024,3897.04
2048,0,128,2048,6146.33
2048,0,128,4096,11059.7
2048,0,128,8192,11056.7
2048,16,0,0,710.071
2048,16,1,16,719.224
2048,16,1,32,718.595
2048,16,1,64,718.04
2048,16,1,128,720.908
2048,16,1,256,722.733
2048,16,1,512,728.002
2048,16,1,1024,735.576
2048,16,1,2048,750.658
2048,16,1,4096,901.165
2048,16,1,8192,902.019
2048,16,2,16,726.69
2048,16,2,32,727.469
2048,16,2,64,726.967
2048,16,2,128,730.37
2048,16,2,256,733.943
2048,16,2,512,743.512
2048,16,2,1024,758.456
2048,16,2,2048,795.565
2048,16,2,4096,977.24
2048,16,2,8192,977.763
2048,16,4,16,742.371
2048,16,4,32,741.474
2048,16,4,64,741.666
2048,16,4,128,748.984
2048,16,4,256,758.114
2048,16,4,512,775.32
2048,16,4,1024,806.467
2048,16,4,2048,878.734
2048,16,4,4096,1130.14
2048,16,4,8192,1129.48
2048,16,8,16,774.445
2048,16,8,32,774.925
2048,16,8,64,774.648
2048,16,8,128,789.432
2048,16,8,256,806.904
2048,16,8,512,840.558
2048,16,8,1024,902.841
2048,16,8,2048,1049.36
2048,16,8,4096,1435.42
2048,16,8,8192,1435.76
2048,16,16,16,837.037
2048,16,16,32,836.792
2048,16,16,64,837.294
2048,16,16,128,870.542
2048,16,16,256,901.348
2048,16,16,512,969.795
2048,16,16,1024,1099.7
2048,16,16,2048,1383.84
2048,16,16,4096,2060.91
2048,16,16,8192,2059.61
2048,16,32,16,963.865
2048,16,32,32,963.619
2048,16,32,64,965.22
2048,16,32,128,1029.9
2048,16,32,256,1097.69
2048,16,32,512,1228.68
2048,16,32,1024,1493.17
2048,16,32,2048,2066.68
2048,16,32,4096,3344.82
2048,16,32,8192,3343.05
2048,16,64,16,1220.21
2048,16,64,32,1220.78
2048,16,64,64,1224.99
2048,16,64,128,1353.37
2048,16,64,256,1487.99
2048,16,64,512,1751.42
2048,16,64,1024,2306.34
2048,16,64,2048,3438.11
2048,16,64,4096,5912.16
2048,16,64,8192,5911.45
2048,16,128,16,1723.67
2048,16,128,32,1729.34
2048,16,128,64,1743.68
2048,16,128,128,1999.78
2048,16,128,256,2269.66
2048,16,128,512,2824.02
2048,16,128,1024,3930.68
2048,16,128,2048,6179.89
2048,16,128,4096,11106.9
2048,16,128,8192,11109
2048,32,0,0,711.107
2048,32,1,16,718.83
2048,32,1,32,718.158
2048,32,1,64,718.553
2048,32,1,128,720.857
2048,32,1,256,722.456
2048,32,1,512,728.11
2048,32,1,1024,734.339
2048,32,1,2048,751.065
2048,32,1,4096,901.465
2048,32,1,8192,902.383
2048,32,2,16,727.224
2048,32,2,32,726.755
2048,32,2,64,726.318
2048,32,2,128,730.169
2048,32,2,256,734.872
2048,32,2,512,743.652
2048,32,2,1024,759.086
2048,32,2,2048,794.841
2048,32,2,4096,977.103
2048,32,2,8192,977.092
2048,32,4,16,741.753
2048,32,4,32,741.944
2048,32,4,64,742.03
2048,32,4,128,749.39
2048,32,4,256,758.158
2048,32,4,512,775.386
2048,32,4,1024,805.828
2048,32,4,2048,879.46
2048,32,4,4096,1131.27
2048,32,4,8192,1130.51
2048,32,8,16,774.244
2048,32,8,32,774.67
2048,32,8,64,775.481
2048,32,8,128,789.945
2048,32,8,256,807.769
2048,32,8,512,841.316
2048,32,8,1024,902.831
2048,32,8,2048,1049.58
2048,32,8,4096,1435.64
2048,32,8,8192,1435.24
2048,32,16,16,836.644
2048,32,16,32,837.69
2048,32,16,64,837.753
2048,32,16,128,870.298
2048,32,16,256,902.116
2048,32,16,512,970.17
2048,32,16,1024,1099
2048,32,16,2048,1384.38
2048,32,16,4096,2060.13
2048,32,16,8192,2059.53
2048,32,32,16,963.674
2048,32,32,32,964.431
2048,32,32,64,966.063
2048,32,32,128,1030.02
2048,32,32,256,1098.46
2048,32,32,512,1229.03
2048,32,32,1024,1492.8
2048,32,32,2048,2066.37
2048,32,32,4096,3343.61
2048,32,32,8192,3342.49
2048,32,64,16,1218.56
2048,32,64,32,1219.73
2048,32,64,64,1223.39
2048,32,64,128,1353.21
2048,32,64,256,1488.02
2048,32,64,512,1751.1
2048,32,64,1024,2306.12
2048,32,64,2048,3437.98
2048,32,64,4096,5911.82
2048,32,64,8192,5909.94
2048,32,128,16,1725.37
2048,32,128,32,1730.41
2048,32,128,64,1744.32
2048,32,128,128,1999.58
2048,32,128,256,2269.9
2048,32,128,512,2823.87
2048,32,128,1024,3929.93
2048,32,128,2048,6179.07
2048,32,128,4096,11109.4
2048,32,128,8192,10938.8
2048,64,0,0,711.449
2048,64,1,16,719.119
2048,64,1,32,719.236
2048,64,1,64,719.524
2048,64,1,128,720.687
2048,64,1,256,723.588
2048,64,1,512,727.94
2048,64,1,1024,734.895
2048,64,1,2048,750.959
2048,64,1,4096,901.594
2048,64,1,8192,901.467
2048,64,2,16,727.961
2048,64,2,32,728.143
2048,64,2,64,729.049
2048,64,2,128,730.894
2048,64,2,256,734.02
2048,64,2,512,743.993
2048,64,2,1024,759.396
2048,64,2,2048,796.292
2048,64,2,4096,978.502
2048,64,2,8192,977.286
2048,64,4,16,741.54
2048,64,4,32,742.042
2048,64,4,64,742.991
2048,64,4,128,750.234
2048,64,4,256,758.298
2048,64,4,512,776.602
2048,64,4,1024,806.736
2048,64,4,2048,879.066
2048,64,4,4096,1130.81
2048,64,4,8192,1130.63
2048,64,8,16,775.225
2048,64,8,32,774.575
2048,64,8,64,775.472
2048,64,8,128,790.49
2048,64,8,256,807.002
2048,64,8,512,841.637
2048,64,8,1024,902.406
2048,64,8,2048,1050.29
2048,64,8,4096,1436.37
2048,64,8,8192,1434.9
2048,64,16,16,837.052
2048,64,16,32,837.551
2048,64,16,64,837.957
2048,64,16,128,870.758
2048,64,16,256,902.32
2048,64,16,512,971.217
2048,64,16,1024,1098.92
2048,64,16,2048,1382.87
2048,64,16,4096,2060.83
2048,64,16,8192,2060.84
2048,64,32,16,963.227
2048,64,32,32,963.729
2048,64,32,64,966.043
2048,64,32,128,1030.32
2048,64,32,256,1097.35
2048,64,32,512,1229.52
2048,64,32,1024,1493.9
2048,64,32,2048,2066.03
2048,64,32,4096,3342.98
2048,64,32,8192,3341.2
2048,64,64,16,1219.62
2048,64,64,32,1220.82
2048,64,64,64,1224.06
2048,64,64,128,1353.98
2048,64,64,256,1489.45
2048,64,64,512,1751.21
2048,64,64,1024,2306.5
2048,64,64,2048,3439.65
2048,64,64,4096,5911.98
2048,64,64,8192,5925.08
2048,64,128,16,1724.43
2048,64,128,32,1730.12
2048,64,128,64,1744.04
2048,64,128,128,1999.11
2048,64,128,256,2270.68
2048,64,128,512,2824.15
2048,64,128,1024,3930.6
2048,64,128,2048,6179.29
2048,64,128,4096,11108
2048,64,128,8192,10929.5
2048,128,0,0,744.602
2048,128,1,16,751.216
2048,128,1,32,751.514
2048,128,1,64,751.728
2048,128,1,128,752.667
2048,128,1,256,754.48
2048,128,1,512,759.76
2048,128,1,1024,767.515
2048,128,1,2048,782.885
2048,128,1,4096,936.198
2048,128,1,8192,935.719
2048,128,2,16,760.666
2048,128,2,32,760.09
2048,128,2,64,759.899
2048,128,2,128,763.632
2048,128,2,256,767.578
2048,128,2,512,775.546
2048,128,2,1024,791.024
2048,128,2,2048,829.381
2048,128,2,4096,1007.98
2048,128,2,8192,1009.61
2048,128,4,16,774.736
2048,128,4,32,774.704
2048,128,4,64,774.618
2048,128,4,128,782.801
2048,128,4,256,790.832
2048,128,4,512,808.955
2048,128,4,1024,839.921
2048,128,4,2048,911.484
2048,128,4,4096,1163.73
2048,128,4,8192,1162.88
2048,128,8,16,808.496
2048,128,8,32,807.494
2048,128,8,64,807.92
2048,128,8,128,823.046
2048,128,8,256,839.056
2048,128,8,512,873.425
2048,128,8,1024,935.206
2048,128,8,2048,1083.91
2048,128,8,4096,1472.01
2048,128,8,8192,1468.31
2048,128,16,16,868.369
2048,128,16,32,868.987
2048,128,16,64,869.723
2048,128,16,128,901.532
2048,128,16,256,934.578
2048,128,16,512,1004.19
2048,128,16,1024,1131.5
2048,128,16,2048,1417.33
2048,128,16,4096,2096.18
2048,128,16,8192,2095.56
2048,128,32,16,996.039
2048,128,32,32,996.658
2048,128,32,64,998.162
2048,128,32,128,1061.46
2048,128,32,256,1130.12
2048,128,32,512,1263
2048,128,32,1024,1527.39
2048,128,32,2048,2099.67
2048,128,32,4096,3377.5
2048,128,32,8192,3374.74
2048,128,64,16,1251.26
2048,128,64,32,1252.82
2048,128,64,64,1255.38
2048,128,64,128,1385.26
2048,128,64,256,1520.43
2048,128,64,512,1783.05
2048,128,64,1024,2339.24
2048,128,64,2048,3472
2048,128,64,4096,5946.28
2048,128,64,8192,5948.49
2048,128,128,16,1755.87
2048,128,128,32,1762.15
2048,128,128,64,1776.21
2048,128,128,128,2031.51
2048,128,128,256,2302.72
2048,128,128,512,2856.91
2048,128,128,1024,3964.51
2048,128,128,2048,6209.33
2048,128,128,4096,11134
2048,128,128,8192,11153
2048,256,0,0,812.699
2048,256,1,16,820.262
2048,256,1,32,820.177
2048,256,1,64,819.867
2048,256,1,128,821.404
2048,256,1,256,824.786
2048,256,1,512,829.181
2048,256,1,1024,836.39
2048,256,1,2048,852.679
2048,256,1,4096,1002.72
2048,256,1,8192,1001.62
2048,256,2,16,828.945
2048,256,2,32,829.244
2048,256,2,64,828.871
2048,256,2,128,832.316
2048,256,2,256,835.805
2048,256,2,512,844.679
2048,256,2,1024,859.26
2048,256,2,2048,892.125
2048,256,2,4096,1078.8
2048,256,2,8192,1079.59
2048,256,4,16,843.858
2048,256,4,32,844.657
2048,256,4,64,843.238
2048,256,4,128,851.09
2048,256,4,256,858.45
2048,256,4,512,877.383
2048,256,4,1024,907.698
2048,256,4,2048,974.461
2048,256,4,4096,1232.47
2048,256,4,8192,1230.85
2048,256,8,16,876.765
2048,256,8,32,876.231
2048,256,8,64,875.741
2048,256,8,128,889.618
2048,256,8,256,906.791
2048,256,8,512,942.365
2048,256,8,1024,1004.27
2048,256,8,2048,1150.96
2048,256,8,4096,1541.81
2048,256,8,8192,1540.26
2048,256,16,16,935.997
2048,256,16,32,936.498
2048,256,16,64,937.363
2048,256,16,128,968.616
2048,256,16,256,1004.15
2048,256,16,512,1072.4
2048,256,16,1024,1202.82
2048,256,16,2048,1481.91
2048,256,16,4096,2164.78
2048,256,16,8192,2164.78
2048,256,32,16,1064.49
2048,256,32,32,1064.72
2048,256,32,64,1065.61
2048,256,32,128,1130.61
2048,256,32,256,1198.21
2048,256,32,512,1329.36
2048,256,32,1024,1597.37
2048,256,32,2048,2165.14
2048,256,32,4096,3441.84
2048,256,32,8192,3441.84
2048,256,64,16,1318.83
2048,256,64,32,1320.74
2048,256,64,64,1324.91
2048,256,64,128,1453.47
2048,256,64,256,1588.54
2048,256,64,512,1851.48
2048,256,64,1024,2403.99
2048,256,64,2048,3535.65
2048,256,64,4096,6015.07
2048,256,64,8192,6020.56
2048,256,128,16,1825.66
2048,256,128,32,1830.86
2048,256,128,64,1845.38
2048,256,128,128,2098.74
2048,256,128,256,2368.28
2048,256,128,512,2922.27
2048,256,128,1024,4030.1
2048,256,128,2048,6276.5
2048,256,128,4096,11204
2048,256,128,8192,11027
2048,512,0,0,951.016
2048,512,1,16,960.542
2048,512,1,32,959.561
2048,512,1,64,960.126
2048,512,1,128,961.353
2048,512,1,256,963.229
2048,512,1,512,967.261
2048,512,1,1024,975.241
2048,512,1,2048,991.326
2048,512,1,4096,1136.85
2048,512,1,8192,1135.43
2048,512,2,16,965.95
2048,512,2,32,966.036
2048,512,2,64,965.95
2048,512,2,128,970.003
2048,512,2,256,974.836
2048,512,2,512,982.612
2048,512,2,1024,1000.02
2048,512,2,2048,1030.22
2048,512,2,4096,1213.12
2048,512,2,8192,1213.65
2048,512,4,16,980.265
2048,512,4,32,979.88
2048,512,4,64,980.275
2048,512,4,128,988.244
2048,512,4,256,994.697
2048,512,4,512,1012.79
2048,512,4,1024,1044.69
2048,512,4,2048,1109.18
2048,512,4,4096,1370.95
2048,512,4,8192,1371.1
2048,512,8,16,1011.93
2048,512,8,32,1012.55
2048,512,8,64,1012.61
2048,512,8,128,1027.58
2048,512,8,256,1043.37
2048,512,8,512,1077.29
2048,512,8,1024,1141.05
2048,512,8,2048,1280.02
2048,512,8,4096,1681.34
2048,512,8,8192,1680.88
2048,512,16,16,1072.3
2048,512,16,32,1072.83
2048,512,16,64,1073.33
2048,512,16,128,1104.78
2048,512,16,256,1140.2
2048,512,16,512,1208.42
2048,512,16,1024,1343.12
2048,512,16,2048,1613.58
2048,512,16,4096,2302.76
2048,512,16,8192,2301.53
2048,512,32,16,1199.54
2048,512,32,32,1199.94
2048,512,32,64,1200.49
2048,512,32,128,1265.75
2048,512,32,256,1334.97
2048,512,32,512,1466.85
2048,512,32,1024,1736.94
2048,512,32,2048,2294.66
2048,512,32,4096,3570.98
2048,512,32,8192,3569.49
2048,512,64,16,1455.1
2048,512,64,32,1456.7
2048,512,64,64,1460.43
2048,512,64,128,1591.25
2048,512,64,256,1726.15
2048,512,64,512,1988.49
2048,512,64,1024,2535.01
2048,512,64,2048,3669.57
2048,512,64,4096,6157.21
2048,512,64,8192,6157.04
2048,512,128,16,1962.44
2048,512,128,32,1968.45
2048,512,128,64,1982.43
2048,512,128,128,2235.95
2048,512,128,256,2499.17
2048,512,128,512,3052.54
2048,512,128,1024,4160.58
2048,512,128,2048,6409.94
2048,512,128,4096,11343.5
2048,512,128,8192,11341
2048,1024,0,0,1223.84
2048,1024,1,16,1305.74
2048,1024,1,32,1232.01
2048,1024,1,64,1232.6
2048,1024,1,128,1234.03
2048,1024,1,256,1236.04
2048,1024,1,512,1237.84
2048,1024,1,1024,1247.99
2048,1024,1,2048,1262.88
2048,1024,1,4096,1395.62
2048,1024,1,8192,1394.82
2048,1024,2,16,1238.74
2048,1024,2,32,1237.93
2048,1024,2,64,1239.31
2048,1024,2,128,1241.08
2048,1024,2,256,1244.45
2048,1024,2,512,1251.09
2048,1024,2,1024,1270.66
2048,1024,2,2048,1303.12
2048,1024,2,4096,1481.73
2048,1024,2,8192,1481.8
2048,1024,4,16,1249.96
2048,1024,4,32,1251.91
2048,1024,4,64,1249.06
2048,1024,4,128,1258.11
2048,1024,4,256,1265.85
2048,1024,4,512,1283.58
2048,1024,4,1024,1317.99
2048,1024,4,2048,1386.73
2048,1024,4,4096,1643.17
2048,1024,4,8192,1642.57
2048,1024,8,16,1284.9
2048,1024,8,32,1284.88
2048,1024,8,64,1284.82
2048,1024,8,128,1299.32
2048,1024,8,256,1317.08
2048,1024,8,512,1348.83
2048,1024,8,1024,1419.55
2048,1024,8,2048,1549.61
2048,1024,8,4096,1947.72
2048,1024,8,8192,1945.19
2048,1024,16,16,1345.25
2048,1024,16,32,1345.88
2048,1024,16,64,1346.63
2048,1024,16,128,1375.16
2048,1024,16,256,1411.83
2048,1024,16,512,1478.99
2048,1024,16,1024,1617.5
2048,1024,16,2048,1878.6
2048,1024,16,4096,2575.93
2048,1024,16,8192,2575.11
2048,1024,32,16,1470.48
2048,1024,32,32,1471.44
2048,1024,32,64,1472.08
2048,1024,32,128,1535.83
2048,1024,32,256,1606.41
2048,1024,32,512,1741.1
2048,1024,32,1024,2005.96
2048,1024,32,2048,2551.56
2048,1024,32,4096,3840.45
2048,1024,32,8192,3836.2
2048,1024,64,16,1724.96
2048,1024,64,32,1726.41
2048,1024,64,64,1730.03
2048,1024,64,128,1862.56
2048,1024,64,256,1996.34
2048,1024,64,512,2260.56
2048,1024,64,1024,2795.62
2048,1024,64,2048,3927.23
2048,1024,64,4096,6445.89
2048,1024,64,8192,6440.77
2048,1024,128,16,2234.76
2048,1024,128,32,2241.06
2048,1024,128,64,2254.95
2048,1024,128,128,2508.82
2048,1024,128,256,2772.42
2048,1024,128,512,3313.57
2048,1024,128,1024,4421.84
2048,1024,128,2048,6671.6
2048,1024,128,4096,11654.7
2048,1024,128,8192,11659.7
2048,2048,0,0,1845.31
2048,2048,1,16,1848.91
2048,2048,1,32,1847.45
2048,2048,1,64,1847.2
2048,2048,1,128,1849.47
2048,2048,1,256,1851.67
2048,2048,1,512,1856.75
2048,2048,1,1024,1862.84
2048,2048,1,2048,1881.15
2048,2048,1,4096,1923.09
2048,2048,1,8192,1920.4
2048,2048,2,16,1853.82
2048,2048,2,32,1854.1
2048,2048,2,64,1854.3
2048,2048,2,128,1858.47
2048,2048,2,256,1862.74
2048,2048,2,512,1871.17
2048,2048,2,1024,1887.51
2048,2048,2,2048,1922.72
2048,2048,2,4096,2009.38
2048,2048,2,8192,2011.3
2048,2048,4,16,1870.67
2048,2048,4,32,1870.11
2048,2048,4,64,1870.52
2048,2048,4,128,1877.03
2048,2048,4,256,1882.7
2048,2048,4,512,1902.4
2048,2048,4,1024,1934.21
2048,2048,4,2048,2006.52
2048,2048,4,4096,2172.16
2048,2048,4,8192,2173.44
2048,2048,8,16,1901.49
2048,2048,8,32,1903.06
2048,2048,8,64,1903.37
2048,2048,8,128,1919.05
2048,2048,8,256,1935.4
2048,2048,8,512,1964.83
2048,2048,8,1024,2036.03
2048,2048,8,2048,2177.32
2048,2048,8,4096,2492.47
2048,2048,8,8192,2489.18
2048,2048,16,16,1966.95
2048,2048,16,32,1966.76
2048,2048,16,64,1967.27
2048,2048,16,128,1998.45
2048,2048,16,256,2028.9
2048,2048,16,512,2095.34
2048,2048,16,1024,2234.55
2048,2048,16,2048,2511.64
2048,2048,16,4096,3116.34
2048,2048,16,8192,3115.44
2048,2048,32,16,2088.68
2048,2048,32,32,2089.94
2048,2048,32,64,2092.56
2048,2048,32,128,2154.09
2048,2048,32,256,2221.83
2048,2048,32,512,2362.58
2048,2048,32,1024,2637.03
2048,2048,32,2048,3200.98
2048,2048,32,4096,4387.89
2048,2048,32,8192,4385.4
2048,2048,64,16,2337.31
2048,2048,64,32,2340.71
2048,2048,64,64,2343.63
2048,2048,64,128,2478.41
2048,2048,64,256,2620.71
2048,2048,64,512,2897.97
2048,2048,64,1024,3450.94
2048,2048,64,2048,4602.57
2048,2048,64,4096,6987.38
2048,2048,64,8192,6993.91
2048,2048,128,16,2850.82
2048,2048,128,32,2859.81
2048,2048,128,64,2870.35
2048,2048,128,128,3129.15
2048,2048,128,256,3407.46
2048,2048,128,512,3954.62
2048,2048,128,1024,5095.45
2048,2048,128,2048,7433.11
2048,2048,128,4096,12232.6
2048,2048,128,8192,12229.9
2048,4096,0,0,2452.09
2048,4096,1,16,2456.7
2048,4096,1,32,2455.54
2048,4096,1,64,2456.76
2048,4096,1,128,2455.86
2048,4096,1,256,2455.6
2048,4096,1,512,2455.86
2048,4096,1,1024,2456.47
2048,4096,1,2048,2457.69
2048,4096,1,4096,2463.51
2048,4096,1,8192,2463.33
2048,4096,2,16,2460.01
2048,4096,2,32,2459.71
2048,4096,2,64,2458.63
2048,4096,2,128,2460.13
2048,4096,2,256,2459.1
2048,4096,2,512,2460.28
2048,4096,2,1024,2459.16
2048,4096,2,2048,2460.78
2048,4096,2,4096,2609.16
2048,4096,2,8192,2609.58
2048,4096,4,16,2466.28
2048,4096,4,32,2466.54
2048,4096,4,64,2466.73
2048,4096,4,128,2467.15
2048,4096,4,256,2468.69
2048,4096,4,512,2467.8
2048,4096,4,1024,2469.98
2048,4096,4,2048,2534.12
2048,4096,4,4096,2695.88
2048,4096,4,8192,2694.62
2048,4096,8,16,2482.5
2048,4096,8,32,2481.17
2048,4096,8,64,2481.42
2048,4096,8,128,2486.04
2048,4096,8,256,2490.57
2048,4096,8,512,2501.75
2048,4096,8,1024,2599.41
2048,4096,8,2048,2759.78
2048,4096,8,4096,3109.48
2048,4096,8,8192,3109.13
2048,4096,16,16,2512.81
2048,4096,16,32,2512.33
2048,4096,16,64,2512.88
2048,4096,16,128,2532.73
2048,4096,16,256,2573.36
2048,4096,16,512,2650.2
2048,4096,16,1024,2801.97
2048,4096,16,2048,3088.26
2048,4096,16,4096,3642.12
2048,4096,16,8192,3642.58
2048,4096,32,16,2628.53
2048,4096,32,32,2628.2
2048,4096,32,64,2629.17
2048,4096,32,128,2698.38
2048,4096,32,256,2772.1
2048,4096,32,512,2916.43
2048,4096,32,1024,3204.25
2048,4096,32,2048,3763.55
2048,4096,32,4096,4986.28
2048,4096,32,8192,4981.53
2048,4096,64,16,2888.59
2048,4096,64,32,2889.85
2048,4096,64,64,2894.33
2048,4096,64,128,3028.28
2048,4096,64,256,3170.25
2048,4096,64,512,3458.45
2048,4096,64,1024,4017.26
2048,4096,64,2048,5192.31
2048,4096,64,4096,7557.68
2048,4096,64,8192,7558.37
2048,4096,128,16,3411.75
2048,4096,128,32,3418.62
2048,4096,128,64,3427.24
2048,4096,128,128,3689.24
2048,4096,128,256,3972.78
2048,4096,128,512,4525.89
2048,4096,128,1024,5683.39
2048,4096,128,2048,8034.42
2048,4096,128,4096,12798
2048,4096,128,8192,12807.5
2048,8192,0,0,2453.49
2048,8192,1,16,2457.03
2048,8192,1,32,2455.41
2048,8192,1,64,2456.02
2048,8192,1,128,2456.7
2048,8192,1,256,2456.66
2048,8192,1,512,2455.32
2048,8192,1,1024,2456.82
2048,8192,1,2048,2456.85
2048,8192,1,4096,2462.68
2048,8192,1,8192,2463.87
2048,8192,2,16,2458.58
2048,8192,2,32,2459.09
2048,8192,2,64,2459.58
2048,8192,2,128,2459.61
2048,8192,2,256,2459.47
2048,8192,2,512,2460.26
2048,8192,2,1024,2459.14
2048,8192,2,2048,2461.35
2048,8192,2,4096,2605.76
2048,8192,2,8192,2605.51
2048,8192,4,16,2466.67
2048,8192,4,32,2466.66
2048,8192,4,64,2466.47
2048,8192,4,128,2467.83
2048,8192,4,256,2469.26
2048,8192,4,512,2470.14
2048,8192,4,1024,2470.14
2048,8192,4,2048,2535.19
2048,8192,4,4096,2695.22
2048,8192,4,8192,2694.76
2048,8192,8,16,2482.27
2048,8192,8,32,2482.33
2048,8192,8,64,2481.34
2048,8192,8,128,2486.6
2048,8192,8,256,2489.89
2048,8192,8,512,2503.9
2048,8192,8,1024,2600.37
2048,8192,8,2048,2762
2048,8192,8,4096,3109.34
2048,8192,8,8192,3109
2048,8192,16,16,2512.74
2048,8192,16,32,2513.26
2048,8192,16,64,2513.49
2048,8192,16,128,2533.85
2048,8192,16,256,2574.69
2048,8192,16,512,2651.08
2048,8192,16,1024,2803.46
2048,8192,16,2048,3087.97
2048,8192,16,4096,3643.61
2048,8192,16,8192,3641.74
2048,8192,32,16,2627.2
2048,8192,32,32,2628.5
2048,8192,32,64,2630.43
2048,8192,32,128,2699.23
2048,8192,32,256,2771.83
2048,8192,32,512,2916.73
2048,8192,32,1024,3205.64
2048,8192,32,2048,3762.13
2048,8192,32,4096,4987.64
2048,8192,32,8192,4985.56
2048,8192,64,16,2890.64
2048,8192,64,32,2891.54
2048,8192,64,64,2895.6
2048,8192,64,128,3030.75
2048,8192,64,256,3174.89
2048,8192,64,512,3458.59
2048,8192,64,1024,4018.21
2048,8192,64,2048,5192.56
2048,8192,64,4096,7559.17
2048,8192,64,8192,7557.81
2048,8192,128,16,3415.22
2048,8192,128,32,3420.15
2048,8192,128,64,3428.05
2048,8192,128,128,3690.18
2048,8192,128,256,3973.64
2048,8192,128,512,4525.27
2048,8192,128,1024,5683.05
2048,8192,128,2048,8034.81
2048,8192,128,4096,12791.4
2048,8192,128,8192,12802.4
4096,0,0,0,2474.34
4096,0,1,16,2486.12
4096,0,1,32,2485.03
4096,0,1,64,2486.65
4096,0,1,128,2487.76
4096,0,1,256,2490.41
4096,0,1,512,2494.04
4096,0,1,1024,2501.95
4096,0,1,2048,2519.6
4096,0,1,4096,2565.14
4096,0,1,8192,2566.77
4096,0,2,16,2501.82
4096,0,2,32,2500.44
4096,0,2,64,2499.02
4096,0,2,128,2504.56
4096,0,2,256,2507.88
4096,0,2,512,2515.25
4096,0,2,1024,2532.75
4096,0,2,2048,2566.72
4096,0,2,4096,2659.44
4096,0,2,8192,2660.22
4096,0,4,16,2524.61
4096,0,4,32,2525.19
4096,0,4,64,2525.51
4096,0,4,128,2533.18
4096,0,4,256,2539.9
4096,0,4,512,2556.22
4096,0,4,1024,2592.03
4096,0,4,2048,2665.5
4096,0,4,4096,2831.76
4096,0,4,8192,2831.27
4096,0,8,16,2576.44
4096,0,8,32,2577.03
4096,0,8,64,2576.88
4096,0,8,128,2594.97
4096,0,8,256,2612.04
4096,0,8,512,2648.57
4096,0,8,1024,2716.95
4096,0,8,2048,2857.63
4096,0,8,4096,3170.13
4096,0,8,8192,3170.94
4096,0,16,16,2689.52
4096,0,16,32,2690.22
4096,0,16,64,2690.22
4096,0,16,128,2720.89
4096,0,16,256,2756.94
4096,0,16,512,2825.99
4096,0,16,1024,2957.32
4096,0,16,2048,3243.23
4096,0,16,4096,3853.09
4096,0,16,8192,3851.54
4096,0,32,16,2907.76
4096,0,32,32,2908.4
4096,0,32,64,2909.11
4096,0,32,128,2973.72
4096,0,32,256,3041.73
4096,0,32,512,3176.1
4096,0,32,1024,3445.2
4096,0,32,2048,3995.89
4096,0,32,4096,5191.78
4096,0,32,8192,4895.09
4096,0,64,16,3145.15
4096,0,64,32,3335.65
4096,0,64,64,3340.14
4096,0,64,128,3468.59
4096,0,64,256,3604.15
4096,0,64,512,3872.67
4096,0,64,1024,4381.56
4096,0,64,2048,5408.38
4096,0,64,4096,7714
4096,0,64,8192,7008.77
4096,0,128,16,3801.53
4096,0,128,32,4189.11
4096,0,128,64,3990.44
4096,0,128,128,4447.29
4096,0,128,256,4646.44
4096,0,128,512,4960.7
4096,0,128,1024,6449.71
4096,0,128,2048,8758.16
4096,0,128,4096,13516.8
4096,0,128,8192,13522.5
4096,16,0,0,2546.82
4096,16,1,16,2558.54
4096,16,1,32,2559.19
4096,16,1,64,2560.6
4096,16,1,128,2561.51
4096,16,1,256,2562.3
4096,16,1,512,2569.09
4096,16,1,1024,2576.03
4096,16,1,2048,2591.22
4096,16,1,4096,2630.33
4096,16,1,8192,2630.08
4096,16,2,16,2569.87
4096,16,2,32,2569
4096,16,2,64,2569.17
4096,16,2,128,2573.76
4096,16,2,256,2579.33
4096,16,2,512,2586.73
4096,16,2,1024,2602.82
4096,16,2,2048,2639.32
4096,16,2,4096,2720.97
4096,16,2,8192,2724.92
4096,16,4,16,2597.61
4096,16,4,32,2598.32
4096,16,4,64,2596.75
4096,16,4,128,2605.27
4096,16,4,256,2614.85
4096,16,4,512,2631.77
4096,16,4,1024,2664.95
4096,16,4,2048,2739.2
4096,16,4,4096,2897.64
4096,16,4,8192,2897.19
4096,16,8,16,2652.05
4096,16,8,32,2653.17
4096,16,8,64,2654.02
4096,16,8,128,2667.46
4096,16,8,256,2683.63
4096,16,8,512,2718.39
4096,16,8,1024,2786.55
4096,16,8,2048,2930.93
4096,16,8,4096,3239.63
4096,16,8,8192,3236.79
4096,16,16,16,2758.39
4096,16,16,32,2758.8
4096,16,16,64,2759.04
4096,16,16,128,2792.97
4096,16,16,256,2826.75
4096,16,16,512,2894.02
4096,16,16,1024,3028.4
4096,16,16,2048,3307.88
4096,16,16,4096,3912.66
4096,16,16,8192,3913.84
4096,16,32,16,2979.71
4096,16,32,32,2981.76
4096,16,32,64,2982.34
4096,16,32,128,3046.23
4096,16,32,256,3113.35
4096,16,32,512,3245.29
4096,16,32,1024,3516.74
4096,16,32,2048,4066.52
4096,16,32,4096,5251.62
4096,16,32,8192,4952.81
4096,16,64,16,3213.2
4096,16,64,32,3410.56
4096,16,64,64,3414.47
4096,16,64,128,3538.33
4096,16,64,256,3676.91
4096,16,64,512,3944.54
4096,16,64,1024,4490.12
4096,16,64,2048,5470.69
4096,16,64,4096,7785.18
4096,16,64,8192,7722.06
4096,16,128,16,4257.44
4096,16,128,32,4048.69
4096,16,128,64,4269.56
4096,16,128,128,4296.58
4096,16,128,256,4795.85
4096,16,128,512,4985.59
4096,16,128,1024,5908.56
4096,16,128,2048,7741.29
4096,16,128,4096,13585.3
4096,16,128,8192,13053
4096,32,0,0,2546.08
4096,32,1,16,2560.37
4096,32,1,32,2559.85
4096,32,1,64,2560.23
4096,32,1,128,2562.58
4096,32,1,256,2564.24
4096,32,1,512,2566.24
4096,32,1,1024,2571.52
4096,32,1,2048,2592.29
4096,32,1,4096,2629.69
4096,32,1,8192,2631.19
4096,32,2,16,2571.41
4096,32,2,32,2572.02
4096,32,2,64,2568.94
4096,32,2,128,2573.14
4096,32,2,256,2578.27
4096,32,2,512,2587.42
4096,32,2,1024,2606.25
4096,32,2,2048,2640.79
4096,32,2,4096,2726.29
4096,32,2,8192,2725.08
4096,32,4,16,2598.76
4096,32,4,32,2595.82
4096,32,4,64,2600.02
4096,32,4,128,2605.66
4096,32,4,256,2614.49
4096,32,4,512,2631.43
4096,32,4,1024,2665.25
4096,32,4,2048,2739.31
4096,32,4,4096,2898.66
4096,32,4,8192,2898.42
4096,32,8,16,2653.23
4096,32,8,32,2652.69
4096,32,8,64,2653.62
4096,32,8,128,2667.55
4096,32,8,256,2685.86
4096,32,8,512,2718.16
4096,32,8,1024,2786.62
4096,32,8,2048,2931.45
4096,32,8,4096,3239.32
4096,32,8,8192,3238.36
4096,32,16,16,2759.55
4096,32,16,32,2759.5
4096,32,16,64,2759.39
4096,32,16,128,2792.92
4096,32,16,256,2827.14
4096,32,16,512,2893.91
4096,32,16,1024,3027.34
4096,32,16,2048,3308.48
4096,32,16,4096,3912.34
4096,32,16,8192,3912.44
4096,32,32,16,2978.93
4096,32,32,32,2981.84
4096,32,32,64,2982.36
4096,32,32,128,3045.83
4096,32,32,256,3114.04
4096,32,32,512,3248.27
4096,32,32,1024,3518.77
4096,32,32,2048,4067.62
4096,32,32,4096,5253.17
4096,32,32,8192,5251.56
4096,32,64,16,3214.47
4096,32,64,32,3415.48
4096,32,64,64,3414.45
4096,32,64,128,3539.23
4096,32,64,256,3675.92
4096,32,64,512,3943.64
4096,32,64,1024,4490.51
4096,32,64,2048,5425.58
4096,32,64,4096,7370.5
4096,32,64,8192,8038.37
4096,32,128,16,4253.12
4096,32,128,32,4260.73
4096,32,128,64,4058.28
4096,32,128,128,4520.24
4096,32,128,256,4524.68
4096,32,128,512,5371.34
4096,32,128,1024,5910.11
4096,32,128,2048,8824.46
4096,32,128,4096,13584.2
4096,32,128,8192,13586.4
4096,64,0,0,2546.24
4096,64,1,16,2560.51
4096,64,1,32,2561.85
4096,64,1,64,2559.73
4096,64,1,128,2562.7
4096,64,1,256,2562.83
4096,64,1,512,2567.5
4096,64,1,1024,2574.63
4096,64,1,2048,2590.76
4096,64,1,4096,2629.38
4096,64,1,8192,2630.43
4096,64,2,16,2570.06
4096,64,2,32,2570.92
4096,64,2,64,2570.58
4096,64,2,128,2573.65
4096,64,2,256,2578.37
4096,64,2,512,2587.14
4096,64,2,1024,2604.05
4096,64,2,2048,2640.12
4096,64,2,4096,2726.76
4096,64,2,8192,2724.16
4096,64,4,16,2599.02
4096,64,4,32,2598.88
4096,64,4,64,2598.43
4096,64,4,128,2604.44
4096,64,4,256,2613.38
4096,64,4,512,2631.24
4096,64,4,1024,2665.34
4096,64,4,2048,2738.21
4096,64,4,4096,2898.34
4096,64,4,8192,2896.36
4096,64,8,16,2653.43
4096,64,8,32,2653.26
4096,64,8,64,2653.87
4096,64,8,128,2668.56
4096,64,8,256,2684.6
4096,64,8,512,2717.47
4096,64,8,1024,2786.81
4096,64,8,2048,2930.88
4096,64,8,4096,3239.16
4096,64,8,8192,3238.66
4096,64,16,16,2759.54
4096,64,16,32,2758.67
4096,64,16,64,2759.55
4096,64,16,128,2792.84
4096,64,16,256,2827.76
4096,64,16,512,2894.42
4096,64,16,1024,3028.15
4096,64,16,2048,3309.43
4096,64,16,4096,3914.51
4096,64,16,8192,3912.87
4096,64,32,16,2975.89
4096,64,32,32,2982.35
4096,64,32,64,2982.36
4096,64,32,128,3045.85
4096,64,32,256,3114.3
4096,64,32,512,3247.34
4096,64,32,1024,3517.25
4096,64,32,2048,4067.74
4096,64,32,4096,5254.19
4096,64,32,8192,5249.38
4096,64,64,16,3216.09
4096,64,64,32,3216.84
4096,64,64,64,3414.65
4096,64,64,128,3539.84
4096,64,64,256,3676.7
4096,64,64,512,3944.81
4096,64,64,1024,4490.87
4096,64,64,2048,5425.4
4096,64,64,4096,7319.6
4096,64,64,8192,8039.78
4096,64,128,16,3854.33
4096,64,128,32,4258.94
4096,64,128,64,4269.92
4096,64,128,128,4297.28
4096,64,128,256,4486.97
4096,64,128,512,4985.33
4096,64,128,1024,6514.11
4096,64,128,2048,8828.87
4096,64,128,4096,13244.5
4096,64,128,8192,13584.4
4096,128,0,0,2611.65
4096,128,1,16,2625.27
4096,128,1,32,2625.73
4096,128,1,64,2625.47
4096,128,1,128,2625.13
4096,128,1,256,2629.4
4096,128,1,512,2632.87
4096,128,1,1024,2641.33
4096,128,1,2048,2659.96
4096,128,1,4096,2697.07
4096,128,1,8192,2697.09
4096,128,2,16,2637.28
4096,128,2,32,2635.76
4096,128,2,64,2637.57
4096,128,2,128,2642.84
4096,128,2,256,2647.15
4096,128,2,512,2653.58
4096,128,2,1024,2670.53
4096,128,2,2048,2708.43
4096,128,2,4096,2794.06
4096,128,2,8192,2792.7
4096,128,4,16,2665.21
4096,128,4,32,2665.09
4096,128,4,64,2666.09
4096,128,4,128,2670.96
4096,128,4,256,2680.97
4096,128,4,512,2700.82
4096,128,4,1024,2733.62
4096,128,4,2048,2805.68
4096,128,4,4096,2967.73
4096,128,4,8192,2967.14
4096,128,8,16,2717.65
4096,128,8,32,2720.32
4096,128,8,64,2717.78
4096,128,8,128,2735.52
4096,128,8,256,2753.39
4096,128,8,512,2786.72
4096,128,8,1024,2855.34
4096,128,8,2048,2999.47
4096,128,8,4096,3307.27
4096,128,8,8192,3305.94
4096,128,16,16,2825.63
4096,128,16,32,2827.52
4096,128,16,64,2827.29
4096,128,16,128,2859.47
4096,128,16,256,2894.13
4096,128,16,512,2961.35
4096,128,16,1024,3099.43
4096,128,16,2048,3380.67
4096,128,16,4096,3989.43
4096,128,16,8192,3986.67
4096,128,32,16,3048.52
4096,128,32,32,3049.15
4096,128,32,64,3051.48
4096,128,32,128,3115.59
4096,128,32,256,3180.71
4096,128,32,512,3315.23
4096,128,32,1024,3585.01
4096,128,32,2048,4135.58
4096,128,32,4096,5320.18
4096,128,32,8192,4975.8
4096,128,64,16,3250.69
4096,128,64,32,3477.79
4096,128,64,64,3481.82
4096,128,64,128,3608.89
4096,128,64,256,3743.38
4096,128,64,512,4011.47
4096,128,64,1024,4478.61
4096,128,64,2048,5441.73
4096,128,64,4096,7933.08
4096,128,64,8192,8093.25
4096,128,128,16,4317.25
4096,128,128,32,4108.05
4096,128,128,64,4333.09
4096,128,128,128,4507.42
4096,128,128,256,4585.11
4096,128,128,512,5003.79
4096,128,128,1024,6576.31
4096,128,128,2048,8899.42
4096,128,128,4096,12034.4
4096,128,128,8192,13647.4
4096,256,0,0,2740.38
4096,256,1,16,2753.11
4096,256,1,32,2756.46
4096,256,1,64,2754.19
4096,256,1,128,2756.31
4096,256,1,256,2758.89
4096,256,1,512,2763.51
4096,256,1,1024,2773.6
4096,256,1,2048,2789.05
4096,256,1,4096,2828.81
4096,256,1,8192,2829.99
4096,256,2,16,2770.88
4096,256,2,32,2771.03
4096,256,2,64,2771.93
4096,256,2,128,2774.55
4096,256,2,256,2779.14
4096,256,2,512,2787.28
4096,256,2,1024,2805.52
4096,256,2,2048,2838.28
4096,256,2,4096,2923.47
4096,256,2,8192,2922.53
4096,256,4,16,2797.33
4096,256,4,32,2795.87
4096,256,4,64,2795.03
4096,256,4,128,2804.02
4096,256,4,256,2815.07
4096,256,4,512,2831.76
4096,256,4,1024,2864.6
4096,256,4,2048,2936.75
4096,256,4,4096,3099.46
4096,256,4,8192,3098.63
4096,256,8,16,2849.96
4096,256,8,32,2850.07
4096,256,8,64,2849.19
4096,256,8,128,2866.73
4096,256,8,256,2885.27
4096,256,8,512,2916.52
4096,256,8,1024,2984.2
4096,256,8,2048,3126.54
4096,256,8,4096,3439.34
4096,256,8,8192,3437.81
4096,256,16,16,2958.12
4096,256,16,32,2955.67
4096,256,16,64,2956.44
4096,256,16,128,2989.92
4096,256,16,256,3025.85
4096,256,16,512,3096.75
4096,256,16,1024,3225.9
4096,256,16,2048,3502.06
4096,256,16,4096,4113.86
4096,256,16,8192,4078.71
4096,256,32,16,3149.98
4096,256,32,32,3150.01
4096,256,32,64,3177.49
4096,256,32,128,3243.46
4096,256,32,256,3308.72
4096,256,32,512,3440.18
4096,256,32,1024,3710.53
4096,256,32,2048,4259.23
4096,256,32,4096,5345.82
4096,256,32,8192,5086.43
4096,256,64,16,3347.29
4096,256,64,32,3349.82
4096,256,64,64,3613.35
4096,256,64,128,3741.52
4096,256,64,256,3875.14
4096,256,64,512,4106.64
4096,256,64,1024,4609.07
4096,256,64,2048,5760.88
4096,256,64,4096,7493.24
4096,256,64,8192,7494.67
4096,256,128,16,4453.23
4096,256,128,32,4461.05
4096,256,128,64,4469.35
4096,256,128,128,4449.03
4096,256,128,256,4997.56
4096,256,128,512,5573.9
4096,256,128,1024,6716.81
4096,256,128,2048,7914.42
4096,256,128,4096,13791
4096,256,128,8192,12150.4
4096,512,0,0,2993.56
4096,512,1,16,3005.23
4096,512,1,32,3006.91
4096,512,1,64,3006.25
4096,512,1,128,3010.65
4096,512,1,256,3010.11
4096,512,1,512,3012.94
4096,512,1,1024,3024.48
4096,512,1,2048,3038.49
4096,512,1,4096,3078.8
4096,512,1,8192,3078.01
4096,512,2,16,3020.28
4096,512,2,32,3020.01
4096,512,2,64,3019.98
4096,512,2,128,3023.55
4096,512,2,256,3026.09
4096,512,2,512,3033.69
4096,512,2,1024,3051.25
4096,512,2,2048,3086.14
4096,512,2,4096,3176.54
4096,512,2,8192,3177.19
4096,512,4,16,3044.27
4096,512,4,32,3043.7
4096,512,4,64,3044.28
4096,512,4,128,3054.43
4096,512,4,256,3060.11
4096,512,4,512,3077.19
4096,512,4,1024,3112.94
4096,512,4,2048,3184.85
4096,512,4,4096,3350.11
4096,512,4,8192,3350.62
4096,512,8,16,3097.28
4096,512,8,32,3097.24
4096,512,8,64,3099.77
4096,512,8,128,3113.58
4096,512,8,256,3130.59
4096,512,8,512,3167.81
4096,512,8,1024,3237.43
4096,512,8,2048,3373.54
4096,512,8,4096,3690.53
4096,512,8,8192,3688.7
4096,512,16,16,3207.76
4096,512,16,32,3205.63
4096,512,16,64,3208.2
4096,512,16,128,3240.53
4096,512,16,256,3273.54
4096,512,16,512,3340.47
4096,512,16,1024,3473.52
4096,512,16,2048,3747.44
4096,512,16,4096,4360.95
4096,512,16,8192,4288.13
4096,512,32,16,3368.88
4096,512,32,32,3369.32
4096,512,32,64,3434.91
4096,512,32,128,3498.15
4096,512,32,256,3561.91
4096,512,32,512,3694.75
4096,512,32,1024,3963.22
4096,512,32,2048,4518.36
4096,512,32,4096,5695.85
4096,512,32,8192,5242.16
4096,512,64,16,3523.64
4096,512,64,32,3525.54
4096,512,64,64,3864.71
4096,512,64,128,3989.88
4096,512,64,256,4057.65
4096,512,64,512,4281.44
4096,512,64,1024,4774.6
4096,512,64,2048,6111.19
4096,512,64,4096,7612.4
4096,512,64,8192,7448.22
4096,512,128,16,4693.5
4096,512,128,32,4701.03
4096,512,128,64,4404.4
4096,512,128,128,4600.3
4096,512,128,256,4799.14
4096,512,128,512,5825.96
4096,512,128,1024,6969.47
4096,512,128,2048,8130.75
4096,512,128,4096,13967.7
4096,512,128,8192,14036.4
4096,1024,0,0,3441.87
4096,1024,1,16,3458
4096,1024,1,32,3455.83
4096,1024,1,64,3453.68
4096,1024,1,128,3459.85
4096,1024,1,256,3460.25
4096,1024,1,512,3465.7
4096,1024,1,1024,3472.57
4096,1024,1,2048,3490.26
4096,1024,1,4096,3534.05
4096,1024,1,8192,3534.17
4096,1024,2,16,3468.44
4096,1024,2,32,3469.64
4096,1024,2,64,3468.95
4096,1024,2,128,3475.09
4096,1024,2,256,3476.87
4096,1024,2,512,3484.62
4096,1024,2,1024,3503.2
4096,1024,2,2048,3538.07
4096,1024,2,4096,3626.44
4096,1024,2,8192,3626.26
4096,1024,4,16,3496.09
4096,1024,4,32,3495.75
4096,1024,4,64,3496.43
4096,1024,4,128,3504.81
4096,1024,4,256,3511.24
4096,1024,4,512,3529.7
4096,1024,4,1024,3562.75
4096,1024,4,2048,3629.3
4096,1024,4,4096,3800.77
4096,1024,4,8192,3799.05
4096,1024,8,16,3548.58
4096,1024,8,32,3549.97
4096,1024,8,64,3549.04
4096,1024,8,128,3567.71
4096,1024,8,256,3586.52
4096,1024,8,512,3617.76
4096,1024,8,1024,3682.71
4096,1024,8,2048,3814.9
4096,1024,8,4096,4135.84
4096,1024,8,8192,4099.46
4096,1024,16,16,3634.21
4096,1024,16,32,3632.62
4096,1024,16,64,3634.93
4096,1024,16,128,3696.59
4096,1024,16,256,3729.65
4096,1024,16,512,3793.91
4096,1024,16,1024,3923.66
4096,1024,16,2048,4191.27
4096,1024,16,4096,4765.11
4096,1024,16,8192,4606.18
4096,1024,32,16,3718.49
4096,1024,32,32,3719.65
4096,1024,32,64,3882.64
4096,1024,32,128,3943.31
4096,1024,32,256,4009.18
4096,1024,32,512,4143.45
4096,1024,32,1024,4369.1
4096,1024,32,2048,4925.32
4096,1024,32,4096,6161.39
4096,1024,32,8192,5534.36
4096,1024,64,16,3871.81
4096,1024,64,32,3871.86
4096,1024,64,64,4315.86
4096,1024,64,128,4437.2
4096,1024,64,256,4419.08
4096,1024,64,512,4661.85
4096,1024,64,1024,5090.87
4096,1024,64,2048,6048.91
4096,1024,64,4096,8937.85
4096,1024,64,8192,7832.77
4096,1024,128,16,5131.71
4096,1024,128,32,5136.89
4096,1024,128,64,5151.43
4096,1024,128,128,4952.29
4096,1024,128,256,5135.89
4096,1024,128,512,5559.43
4096,1024,128,1024,6474.59
4096,1024,128,2048,9736.5
4096,1024,128,4096,14479.4
4096,1024,128,8192,12758.7
4096,2048,0,0,4141.62
4096,2048,1,16,4153.69
4096,2048,1,32,4152.71
4096,2048,1,64,4117
4096,2048,1,128,4120.58
4096,2048,1,256,4123.4
4096,2048,1,512,4126.65
4096,2048,1,1024,4171.46
4096,2048,1,2048,4188.41
4096,2048,1,4096,4227.33
4096,2048,1,8192,4229.49
4096,2048,2,16,4169.36
4096,2048,2,32,4169.1
4096,2048,2,64,4168.03
4096,2048,2,128,4174.21
4096,2048,2,256,4177.08
4096,2048,2,512,4150.68
4096,2048,2,1024,4164.52
4096,2048,2,2048,4198.87
4096,2048,2,4096,4282.7
4096,2048,2,8192,4244.8
4096,2048,4,16,4123.88
4096,2048,4,32,4126.93
4096,2048,4,64,4125.51
4096,2048,4,128,4202.39
4096,2048,4,256,4175.83
4096,2048,4,512,4192.63
4096,2048,4,1024,4232.78
4096,2048,4,2048,4320.86
4096,2048,4,4096,4478.33
4096,2048,4,8192,4476.45
4096,2048,8,16,4251.9
4096,2048,8,32,4254.23
4096,2048,8,64,4253.43
4096,2048,8,128,4267.86
4096,2048,8,256,4282.58
4096,2048,8,512,4313.68
4096,2048,8,1024,4375.99
4096,2048,8,2048,4500.09
4096,2048,8,4096,4806.42
4096,2048,8,8192,4606.38
4096,2048,16,16,4178.82
4096,2048,16,32,4179.37
4096,2048,16,64,4361.21
4096,2048,16,128,4391.29
4096,2048,16,256,4346.66
4096,2048,16,512,4409.29
4096,2048,16,1024,4541.85
4096,2048,16,2048,4705.52
4096,2048,16,4096,5322.1
4096,2048,16,8192,5107.22
4096,2048,32,16,4244.23
4096,2048,32,32,4244.57
4096,2048,32,64,4578.27
4096,2048,32,128,4638.4
4096,2048,32,256,4541.34
4096,2048,32,512,4646.4
4096,2048,32,1024,4966.92
4096,2048,32,2048,5692.58
4096,2048,32,4096,6334.44
4096,2048,32,8192,5995.25
4096,2048,64,16,4301.91
4096,2048,64,32,4941.34
4096,2048,64,64,4623.99
4096,2048,64,128,5088.75
4096,2048,64,256,4899.55
4096,2048,64,512,5132.98
4096,2048,64,1024,5672.73
4096,2048,64,2048,7273.64
4096,2048,64,4096,8424.25
4096,2048,64,8192,8419.19
4096,2048,128,16,5837.53
4096,2048,128,32,5845.46
4096,2048,128,64,5402.2
4096,2048,128,128,5389.53
4096,2048,128,256,6412.66
4096,2048,128,512,6087.38
4096,2048,128,1024,7091.99
4096,2048,128,2048,10443.5
4096,2048,128,4096,13725.2
4096,2048,128,8192,15169.7
4096,4096,0,0,4706.87
4096,4096,1,16,4710.03
4096,4096,1,32,4709.14
4096,4096,1,64,4709.84
4096,4096,1,128,4554.96
4096,4096,1,256,4555.9
4096,4096,1,512,4557.76
4096,4096,1,1024,4558.45
4096,4096,1,2048,4717.69
4096,4096,1,4096,4730.57
4096,4096,1,8192,4732.26
4096,4096,2,16,4561.84
4096,4096,2,32,4561.2
4096,4096,2,64,4561.72
4096,4096,2,128,4564.98
4096,4096,2,256,4727.85
4096,4096,2,512,4571.88
4096,4096,2,1024,4588.24
4096,4096,2,2048,4602.43
4096,4096,2,4096,4715.18
4096,4096,2,8192,4715.78
4096,4096,4,16,4543.36
4096,4096,4,32,4740.78
4096,4096,4,64,4581.06
4096,4096,4,128,4548.72
4096,4096,4,256,4554.42
4096,4096,4,512,4764.65
4096,4096,4,1024,4785.81
4096,4096,4,2048,4837.36
4096,4096,4,4096,4956.54
4096,4096,4,8192,4873.89
4096,4096,8,16,4505.93
4096,4096,8,32,4505.79
4096,4096,8,64,4505.79
4096,4096,8,128,4791.57
4096,4096,8,256,4803.09
4096,4096,8,512,4627.73
4096,4096,8,1024,4679.61
4096,4096,8,2048,4898.84
4096,4096,8,4096,5196.1
4096,4096,8,8192,5026.58
4096,4096,16,16,4503.05
4096,4096,16,32,4502.72
4096,4096,16,64,4502.44
4096,4096,16,128,4877.64
4096,4096,16,256,4925.37
4096,4096,16,512,4816.76
4096,4096,16,1024,4872.67
4096,4096,16,2048,5163.44
4096,4096,16,4096,5747.38
4096,4096,16,8192,5522.45
4096,4096,32,16,4604.56
4096,4096,32,32,5083.19
4096,4096,32,64,4833.56
4096,4096,32,128,4861.81
4096,4096,32,256,4931.09
4096,4096,32,512,5029.99
4096,4096,32,1024,5304.94
4096,4096,32,2048,5774.28
4096,4096,32,4096,6661.92
4096,4096,32,8192,6657.58
4096,4096,64,16,5540.37
4096,4096,64,32,5226.34
4096,4096,64,64,5232.85
4096,4096,64,128,5196.26
4096,4096,64,256,5330.74
4096,4096,64,512,5497.61
4096,4096,64,1024,6686.13
4096,4096,64,2048,7842.67
4096,4096,64,4096,10195.1
4096,4096,64,8192,10185.5
4096,4096,128,16,6424.9
4096,4096,128,32,6433.97
4096,4096,128,64,6464.29
4096,4096,128,128,6337.13
4096,4096,128,256,6107.52
4096,4096,128,512,7569.58
4096,4096,128,1024,7609.34
4096,4096,128,2048,11025.1
4096,4096,128,4096,15761.3
4096,4096,128,8192,15152.5
4096,8192,0,0,4703.82
4096,8192,1,16,4708.87
4096,8192,1,32,4710.93
4096,8192,1,64,4553
4096,8192,1,128,4554.23
4096,8192,1,256,4555.71
4096,8192,1,512,4717.12
4096,8192,1,1024,4557.13
4096,8192,1,2048,4560.22
4096,8192,1,4096,4573.58
4096,8192,1,8192,4572.4
4096,8192,2,16,4721.27
4096,8192,2,32,4562.78
4096,8192,2,64,4561.76
4096,8192,2,128,4565.82
4096,8192,2,256,4566.69
4096,8192,2,512,4733.05
4096,8192,2,1024,4750.61
4096,8192,2,2048,4641.66
4096,8192,2,4096,4717.4
4096,8192,2,8192,4676.64
4096,8192,4,16,4506.24
4096,8192,4,32,4505.6
4096,8192,4,64,4740.42
4096,8192,4,128,4584.81
4096,8192,4,256,4594.06
4096,8192,4,512,4602.84
4096,8192,4,1024,4586.77
4096,8192,4,2048,4637.28
4096,8192,4,4096,4955.27
4096,8192,4,8192,4955.33
4096,8192,8,16,4505.19
4096,8192,8,32,4505.25
4096,8192,8,64,4504.97
4096,8192,8,128,4800
4096,8192,8,256,4604.15
4096,8192,8,512,4630.03
4096,8192,8,1024,4680.67
4096,8192,8,2048,5123.11
4096,8192,8,4096,5150.47
4096,8192,8,8192,5028.72
4096,8192,16,16,4503.03
4096,8192,16,32,4502.23
4096,8192,16,64,4855.46
4096,8192,16,128,4674.84
4096,8192,16,256,4720.83
4096,8192,16,512,4811.68
4096,8192,16,1024,5173
4096,8192,16,2048,5160.89
4096,8192,16,4096,5745.77
4096,8192,16,8192,5519.95
4096,8192,32,16,4603.08
4096,8192,32,32,5092.1
4096,8192,32,64,4841.39
4096,8192,32,128,4869.21
4096,8192,32,256,4939.79
4096,8192,32,512,5037.71
4096,8192,32,1024,5271.1
4096,8192,32,2048,5772.4
4096,8192,32,4096,6660.52
4096,8192,32,8192,6505.05
4096,8192,64,16,4826.46
4096,8192,64,32,5542.84
4096,8192,64,64,5192.49
4096,8192,64,128,5196.88
4096,8192,64,256,5832.88
4096,8192,64,512,6117.41
4096,8192,64,1024,5975.71
4096,8192,64,2048,6864.03
4096,8192,64,4096,8946.8
4096,8192,64,8192,8944.88
4096,8192,128,16,6437.13
4096,8192,128,32,5620.18
4096,8192,128,64,5635.29
4096,8192,128,128,6717.27
4096,8192,128,256,7015.02
4096,8192,128,512,7568.18
4096,8192,128,1024,8716.29
4096,8192,128,2048,11028.1
4096,8192,128,4096,13871.9
4096,8192,128,8192,15762.4
8192,0,0,0,7095.22
8192,0,1,16,6199.58
8192,0,1,32,6221.8
8192,0,1,64,6233.35
8192,0,1,128,6232.94
8192,0,1,256,6251.82
8192,0,1,512,6252.14
8192,0,1,1024,6243.8
8192,0,1,2048,6276.43
8192,0,1,4096,6303.33
8192,0,1,8192,6320.12
8192,0,2,16,6271.86
8192,0,2,32,6251.45
8192,0,2,64,6268.3
8192,0,2,128,6255.24
8192,0,2,256,6273.79
8192,0,2,512,6286.92
8192,0,2,1024,6295.33
8192,0,2,2048,6329.4
8192,0,2,4096,6423.19
8192,0,2,8192,6424.02
8192,0,4,16,6292.56
8192,0,4,32,6290.38
8192,0,4,64,6292.78
8192,0,4,128,6315.95
8192,0,4,256,6323.59
8192,0,4,512,6337.85
8192,0,4,1024,6366.92
8192,0,4,2048,6429.21
8192,0,4,4096,6600.53
8192,0,4,8192,6588.46
8192,0,8,16,6398.93
8192,0,8,32,6393.47
8192,0,8,64,6391.39
8192,0,8,128,6401.19
8192,0,8,256,6438.08
8192,0,8,512,6451.74
8192,0,8,1024,6512.89
8192,0,8,2048,6635.44
8192,0,8,4096,6931.44
8192,0,8,8192,6946.16
8192,0,16,16,6548.32
8192,0,16,32,6581.91
8192,0,16,64,6582.45
8192,0,16,128,6590.56
8192,0,16,256,6624.95
8192,0,16,512,6672.93
8192,0,16,1024,6806.42
8192,0,16,2048,7050.91
8192,0,16,4096,7610.21
8192,0,16,8192,7623.24
8192,0,32,16,6885.83
8192,0,32,32,6886.7
8192,0,32,64,6886.93
8192,0,32,128,6946.71
8192,0,32,256,7022.03
8192,0,32,512,7125.26
8192,0,32,1024,7367.26
8192,0,32,2048,7878.9
8192,0,32,4096,8950.63
8192,0,32,8192,8968.71
8192,0,64,16,7552.12
8192,0,64,32,7552.26
8192,0,64,64,7565.45
8192,0,64,128,7673.03
8192,0,64,256,7798.15
8192,0,64,512,8038.92
8192,0,64,1024,8551.6
8192,0,64,2048,10932.1
8192,0,64,4096,11675.5
8192,0,64,8192,11678.9
8192,0,128,16,8936.45
8192,0,128,32,8946.06
8192,0,128,64,8955.95
8192,0,128,128,10501.7
8192,0,128,256,9441.25
8192,0,128,512,9940.34
8192,0,128,1024,11535.6
8192,0,128,2048,12962.7
8192,0,128,4096,17167.4
8192,0,128,8192,17180.9
8192,16,0,0,6334.96
8192,16,1,16,7262.73
8192,16,1,32,6372.96
8192,16,1,64,6388.19
8192,16,1,128,6391.26
8192,16,1,256,6374.85
8192,16,1,512,6382.92
8192,16,1,1024,6390.76
8192,16,1,2048,6391.56
8192,16,1,4096,6433.14
8192,16,1,8192,6451.28
8192,16,2,16,6409.89
8192,16,2,32,6375.11
8192,16,2,64,6410.55
8192,16,2,128,6396.08
8192,16,2,256,6405.85
8192,16,2,512,6411.45
8192,16,2,1024,6406.15
8192,16,2,2048,6435.22
8192,16,2,4096,6531.34
8192,16,2,8192,6537.09
8192,16,4,16,6438.28
8192,16,4,32,6432.08
8192,16,4,64,6439.22
8192,16,4,128,6455.87
8192,16,4,256,6444.11
8192,16,4,512,6464
8192,16,4,1024,6490.82
8192,16,4,2048,6549.9
8192,16,4,4096,6729.38
8192,16,4,8192,6730.05
8192,16,8,16,6517.42
8192,16,8,32,6533.96
8192,16,8,64,6514.39
8192,16,8,128,6517.59
8192,16,8,256,6547.55
8192,16,8,512,6595.79
8192,16,8,1024,6642.17
8192,16,8,2048,6763.99
8192,16,8,4096,7045.6
8192,16,8,8192,7044.6
8192,16,16,16,6706.36
8192,16,16,32,6691
8192,16,16,64,6709.79
8192,16,16,128,6724.75
8192,16,16,256,6747.54
8192,16,16,512,6807.22
8192,16,16,1024,6920.05
8192,16,16,2048,7195.11
8192,16,16,4096,7724.44
8192,16,16,8192,7723.48
8192,16,32,16,7014.32
8192,16,32,32,7008.62
8192,16,32,64,7010.64
8192,16,32,128,7069.21
8192,16,32,256,7125.98
8192,16,32,512,7269.71
8192,16,32,1024,7490.74
8192,16,32,2048,7993.37
8192,16,32,4096,9052.45
8192,16,32,8192,9073.41
8192,16,64,16,7675.55
8192,16,64,32,7678.23
8192,16,64,64,7685.42
8192,16,64,128,7796.21
8192,16,64,256,7923.62
8192,16,64,512,8159.14
8192,16,64,1024,8669.75
8192,16,64,2048,9695.33
8192,16,64,4096,11798.3
8192,16,64,8192,11794.2
8192,16,128,16,10351.5
8192,16,128,32,9068.15
8192,16,128,64,10455.7
8192,16,128,128,9310.79
8192,16,128,256,10923.7
8192,16,128,512,10059
8192,16,128,1024,11060.7
8192,16,128,2048,13082.7
8192,16,128,4096,17291.8
8192,16,128,8192,17289.3
8192,32,0,0,6332.58
8192,32,1,16,6373.76
8192,32,1,32,6354.05
8192,32,1,64,6375.4
8192,32,1,128,6374.33
8192,32,1,256,6363.12
8192,32,1,512,6362.95
8192,32,1,1024,6386.67
8192,32,1,2048,6402.49
8192,32,1,4096,6433.89
8192,32,1,8192,6434
8192,32,2,16,6391.89
8192,32,2,32,6375.72
8192,32,2,64,6376.58
8192,32,2,128,6392.99
8192,32,2,256,6395.83
8192,32,2,512,6402.04
8192,32,2,1024,6427.76
8192,32,2,2048,6453.34
8192,32,2,4096,6537.09
8192,32,2,8192,6537.59
8192,32,4,16,6432.63
8192,32,4,32,6432.71
8192,32,4,64,6447.76
8192,32,4,128,6439.14
8192,32,4,256,6443.48
8192,32,4,512,6462.24
8192,32,4,1024,6507.68
8192,32,4,2048,6555.69
8192,32,4,4096,6701.37
8192,32,4,8192,6727.71
8192,32,8,16,6587.93
8192,32,8,32,6539.24
8192,32,8,64,6534.06
8192,32,8,128,6520.83
8192,32,8,256,6548.08
8192,32,8,512,6560.61
8192,32,8,1024,6618.46
8192,32,8,2048,6765.54
8192,32,8,4096,7054.44
8192,32,8,8192,7066.8
8192,32,16,16,6688.57
8192,32,16,32,6707.69
8192,32,16,64,6670.38
8192,32,16,128,6717.77
8192,32,16,256,6730.06
8192,32,16,512,6813.28
8192,32,16,1024,6947.71
8192,32,16,2048,7173.67
8192,32,16,4096,7731.06
8192,32,16,8192,7714.79
8192,32,32,16,7006.9
8192,32,32,32,7013.53
8192,32,32,64,7029.24
8192,32,32,128,7067.55
8192,32,32,256,7145.5
8192,32,32,512,7273.5
8192,32,32,1024,7510.13
8192,32,32,2048,8001.77
8192,32,32,4096,9087.09
8192,32,32,8192,9047.76
8192,32,64,16,7674.41
8192,32,64,32,7677.32
8192,32,64,64,7682.18
8192,32,64,128,7796.17
8192,32,64,256,7924.99
8192,32,64,512,8160.47
8192,32,64,1024,8670.13
8192,32,64,2048,9694.37
8192,32,64,4096,11803.9
8192,32,64,8192,11795
8192,32,128,16,10351
8192,32,128,32,9072.06
8192,32,128,64,9074.67
8192,32,128,128,9317.14
8192,32,128,256,9565.8
8192,32,128,512,10060.8
8192,32,128,1024,11062
8192,32,128,2048,13082.9
8192,32,128,4096,17291.4
8192,32,128,8192,17295.3
8192,64,0,0,6272.03
8192,64,1,16,6293.47
8192,64,1,32,6326.72
8192,64,1,64,6309.34
8192,64,1,128,6307.48
8192,64,1,256,6318.74
8192,64,1,512,6334.42
8192,64,1,1024,6326.73
8192,64,1,2048,6355.55
8192,64,1,4096,6381.19
8192,64,1,8192,6393.4
8192,64,2,16,6325.14
8192,64,2,32,6332.94
8192,64,2,64,6330.14
8192,64,2,128,6338.6
8192,64,2,256,6337.57
8192,64,2,512,6345.46
8192,64,2,1024,6448.57
8192,64,2,2048,7282.74
8192,64,2,4096,6481
8192,64,2,8192,6496.01
8192,64,4,16,6386.87
8192,64,4,32,6373.43
8192,64,4,64,6370.73
8192,64,4,128,6362.58
8192,64,4,256,6384.5
8192,64,4,512,6415.69
8192,64,4,1024,6433.04
8192,64,4,2048,6472.62
8192,64,4,4096,6636.18
8192,64,4,8192,6652.22
8192,64,8,16,6460.81
8192,64,8,32,6439.14
8192,64,8,64,6439.35
8192,64,8,128,6470.38
8192,64,8,256,6488.06
8192,64,8,512,6517.33
8192,64,8,1024,6556.52
8192,64,8,2048,6694.73
8192,64,8,4096,6988.56
8192,64,8,8192,7007.79
8192,64,16,16,6645.57
8192,64,16,32,6645.08
8192,64,16,64,6611.22
8192,64,16,128,6656.25
8192,64,16,256,6684.68
8192,64,16,512,6748.31
8192,64,16,1024,6884.49
8192,64,16,2048,7094.4
8192,64,16,4096,7683.7
8192,64,16,8192,7644.73
8192,64,32,16,6946.05
8192,64,32,32,6964.84
8192,64,32,64,6948.98
8192,64,32,128,7039.93
8192,64,32,256,7086.97
8192,64,32,512,7249.35
8192,64,32,1024,7463.81
8192,64,32,2048,7936.95
8192,64,32,4096,9009.6
8192,64,32,8192,8994.2
8192,64,64,16,7615.21
8192,64,64,32,7612.9
8192,64,64,64,7623.07
8192,64,64,128,8838.2
8192,64,64,256,7861.86
8192,64,64,512,8097.34
8192,64,64,1024,8610.66
8192,64,64,2048,9634.94
8192,64,64,4096,11737.1
8192,64,64,8192,13344.4
8192,64,128,16,8999.48
8192,64,128,32,9014.84
8192,64,128,64,9018.09
8192,64,128,128,9253.05
8192,64,128,256,9503.19
8192,64,128,512,10000.3
8192,64,128,1024,11016.4
8192,64,128,2048,13021.7
8192,64,128,4096,17234.9
8192,64,128,8192,17231.7
8192,128,0,0,6331.06
8192,128,1,16,6351.16
8192,128,1,32,6363.28
8192,128,1,64,6352.54
8192,128,1,128,6369.5
8192,128,1,256,6376.07
8192,128,1,512,6358.02
8192,128,1,1024,6364.78
8192,128,1,2048,6398.01
8192,128,1,4096,6436.78
8192,128,1,8192,6435.89
8192,128,2,16,6394.21
8192,128,2,32,6389.55
8192,128,2,64,6389.39
8192,128,2,128,6392.07
8192,128,2,256,6396.01
8192,128,2,512,6398.31
8192,128,2,1024,6432.72
8192,128,2,2048,6466.68
8192,128,2,4096,6540.2
8192,128,2,8192,6538.38
8192,128,4,16,6446.24
8192,128,4,32,6445.27
8192,128,4,64,6504.99
8192,128,4,128,6437.35
8192,128,4,256,6425.69
8192,128,4,512,6464.88
8192,128,4,1024,6503.49
8192,128,4,2048,6555.48
8192,128,4,4096,6719.23
8192,128,4,8192,6710.22
8192,128,8,16,6496.5
8192,128,8,32,6514.85
8192,128,8,64,6515.6
8192,128,8,128,6548.19
8192,128,8,256,6545.27
8192,128,8,512,6592.04
8192,128,8,1024,6633.54
8192,128,8,2048,6739.62
8192,128,8,4096,7043.19
8192,128,8,8192,7069.12
8192,128,16,16,6689.77
8192,128,16,32,7645.27
8192,128,16,64,6688.65
8192,128,16,128,6696.26
8192,128,16,256,6762.57
8192,128,16,512,6807.92
8192,128,16,1024,6930.66
8192,128,16,2048,7152.52
8192,128,16,4096,7721.12
8192,128,16,8192,7744.76
8192,128,32,16,7006.86
8192,128,32,32,7031.54
8192,128,32,64,7024.7
8192,128,32,128,7079.97
8192,128,32,256,7144.81
8192,128,32,512,7260.25
8192,128,32,1024,7522.19
8192,128,32,2048,8002.79
8192,128,32,4096,9063.37
8192,128,32,8192,9086.14
8192,128,64,16,7673.98
8192,128,64,32,7671.89
8192,128,64,64,7679.26
8192,128,64,128,7793.87
8192,128,64,256,7917.78
8192,128,64,512,8157.08
8192,128,64,1024,8668.92
8192,128,64,2048,10673
8192,128,64,4096,12481.5
8192,128,64,8192,11794.4
8192,128,128,16,9055.66
8192,128,128,32,9063.91
8192,128,128,64,9076.14
8192,128,128,128,9311.82
8192,128,128,256,9562.56
8192,128,128,512,10059.6
8192,128,128,1024,11062.2
8192,128,128,2048,13084.3
8192,128,128,4096,17302.2
8192,128,128,8192,18056.8
8192,256,0,0,6452.23
8192,256,1,16,6504.78
8192,256,1,32,6486.53
8192,256,1,64,6487.3
8192,256,1,128,6490.22
8192,256,1,256,6486.38
8192,256,1,512,6492.44
8192,256,1,1024,6504.25
8192,256,1,2048,6517.88
8192,256,1,4096,6575.13
8192,256,1,8192,6558.82
8192,256,2,16,6507.13
8192,256,2,32,6507.09
8192,256,2,64,6522.5
8192,256,2,128,7419.1
8192,256,2,256,6498.86
8192,256,2,512,6523.07
8192,256,2,1024,6517.9
8192,256,2,2048,6556.66
8192,256,2,4096,6655.94
8192,256,2,8192,6670.17
8192,256,4,16,6537.01
8192,256,4,32,6546.11
8192,256,4,64,6530.94
8192,256,4,128,6560.12
8192,256,4,256,6570.76
8192,256,4,512,6560.46
8192,256,4,1024,6624.83
8192,256,4,2048,6689.66
8192,256,4,4096,6821.92
8192,256,4,8192,6831.18
8192,256,8,16,6642.41
8192,256,8,32,6654.78
8192,256,8,64,6655.2
8192,256,8,128,6651.47
8192,256,8,256,6660.19
8192,256,8,512,6694.76
8192,256,8,1024,6749.5
8192,256,8,2048,6872.97
8192,256,8,4096,7166.69
8192,256,8,8192,7165.49
8192,256,16,16,6826.4
8192,256,16,32,6809.32
8192,256,16,64,6804.44
8192,256,16,128,6842.4
8192,256,16,256,6937.75
8192,256,16,512,6930.78
8192,256,16,1024,7043.9
8192,256,16,2048,7308.32
8192,256,16,4096,7840.31
8192,256,16,8192,7846.23
8192,256,32,16,7124.82
8192,256,32,32,7146.83
8192,256,32,64,7129.82
8192,256,32,128,7187.51
8192,256,32,256,7262.28
8192,256,32,512,7387.83
8192,256,32,1024,7631.55
8192,256,32,2048,8130.48
8192,256,32,4096,9159.19
8192,256,32,8192,9168.59
8192,256,64,16,7788.58
8192,256,64,32,7792.43
8192,256,64,64,7797.16
8192,256,64,128,7911.58
8192,256,64,256,8035.81
8192,256,64,512,8277.07
8192,256,64,1024,9629.54
8192,256,64,2048,9810.99
8192,256,64,4096,11924.3
8192,256,64,8192,11912
8192,256,128,16,9172.95
8192,256,128,32,9183.75
8192,256,128,64,9192.16
8192,256,128,128,9426.07
8192,256,128,256,9679.23
8192,256,128,512,10177.7
8192,256,128,1024,11180
8192,256,128,2048,13199.7
8192,256,128,4096,17409.8
8192,256,128,8192,17407.1
8192,512,0,0,6672.45
8192,512,1,16,6709.33
8192,512,1,32,6701.11
8192,512,1,64,6728.21
8192,512,1,128,6728.24
8192,512,1,256,6709.17
8192,512,1,512,6717.22
8192,512,1,1024,6740.04
8192,512,1,2048,6756.79
8192,512,1,4096,6776.46
8192,512,1,8192,6757.38
8192,512,2,16,6734.9
8192,512,2,32,7670.43
8192,512,2,64,6712.88
8192,512,2,128,6733.69
8192,512,2,256,6738.08
8192,512,2,512,6727.43
8192,512,2,1024,6759.86
8192,512,2,2048,6807.36
8192,512,2,4096,6870.55
8192,512,2,8192,6872.02
8192,512,4,16,6774.81
8192,512,4,32,6770.85
8192,512,4,64,6752.09
8192,512,4,128,6796.82
8192,512,4,256,6786.06
8192,512,4,512,6818.5
8192,512,4,1024,6829.27
8192,512,4,2048,6911.96
8192,512,4,4096,7027.72
8192,512,4,8192,7045.54
8192,512,8,16,6841.81
8192,512,8,32,6856.01
8192,512,8,64,6862.39
8192,512,8,128,6892.94
8192,512,8,256,6907.34
8192,512,8,512,6916.41
8192,512,8,1024,6983.32
8192,512,8,2048,7080.68
8192,512,8,4096,7388.37
8192,512,8,8192,7401.49
8192,512,16,16,7012.29
8192,512,16,32,7036.52
8192,512,16,64,7031.85
8192,512,16,128,7077.86
8192,512,16,256,7086.34
8192,512,16,512,7171.83
8192,512,16,1024,7273.37
8192,512,16,2048,7515.33
8192,512,16,4096,8067.25
8192,512,16,8192,8083.2
8192,512,32,16,7351.72
8192,512,32,32,7465.12
8192,512,32,64,7376.09
8192,512,32,128,7426.71
8192,512,32,256,7489.19
8192,512,32,512,7603.73
8192,512,32,1024,7864.65
8192,512,32,2048,8327.67
8192,512,32,4096,9374.85
8192,512,32,8192,9380.29
8192,512,64,16,8007.05
8192,512,64,32,8009.26
8192,512,64,64,8013.94
8192,512,64,128,8129.43
8192,512,64,256,8254.77
8192,512,64,512,8495.28
8192,512,64,1024,9007.14
8192,512,64,2048,10037.4
8192,512,64,4096,12131
8192,512,64,8192,12128.6
8192,512,128,16,9400.82
8192,512,128,32,10746.7
8192,512,128,64,9599.53
8192,512,128,128,9659.94
8192,512,128,256,9900.83
8192,512,128,512,10410.1
8192,512,128,1024,11401
8192,512,128,2048,13421
8192,512,128,4096,17635.6
8192,512,128,8192,19216.3
8192,1024,0,0,7069.7
8192,1024,1,16,7089.43
8192,1024,1,32,7106.74
8192,1024,1,64,7126.47
8192,1024,1,128,7103.47
8192,1024,1,256,7127.88
8192,1024,1,512,7094.15
8192,1024,1,1024,7119.69
8192,1024,1,2048,7143.07
8192,1024,1,4096,7174.54
8192,1024,1,8192,7193.82
8192,1024,2,16,8127.3
8192,1024,2,32,7121.87
8192,1024,2,64,7122.93
8192,1024,2,128,7130.81
8192,1024,2,256,7131.26
8192,1024,2,512,7149.11
8192,1024,2,1024,7176.7
8192,1024,2,2048,7204.99
8192,1024,2,4096,7264.99
8192,1024,2,8192,7290.41
8192,1024,4,16,7168.49
8192,1024,4,32,7149.83
8192,1024,4,64,7175.23
8192,1024,4,128,7180.71
8192,1024,4,256,7201.01
8192,1024,4,512,7219.23
8192,1024,4,1024,7229.11
8192,1024,4,2048,7284.3
8192,1024,4,4096,7449.22
8192,1024,4,8192,7422.58
8192,1024,8,16,7235.95
8192,1024,8,32,7236.98
8192,1024,8,64,7255.43
8192,1024,8,128,7252.47
8192,1024,8,256,7291.05
8192,1024,8,512,7334.2
8192,1024,8,1024,7381.08
8192,1024,8,2048,7477.94
8192,1024,8,4096,7787.36
8192,1024,8,8192,7786.45
8192,1024,16,16,7412.05
8192,1024,16,32,7432.01
8192,1024,16,64,7410.12
8192,1024,16,128,7453.98
8192,1024,16,256,7506.42
8192,1024,16,512,7565.35
8192,1024,16,1024,7681.9
8192,1024,16,2048,7875.56
8192,1024,16,4096,8475.19
8192,1024,16,8192,8451.64
8192,1024,32,16,7746.73
8192,1024,32,32,7747.07
8192,1024,32,64,7777.17
8192,1024,32,128,7823.57
8192,1024,32,256,7905.65
8192,1024,32,512,7987.5
8192,1024,32,1024,8258.69
8192,1024,32,2048,8749.05
8192,1024,32,4096,9810.54
8192,1024,32,8192,9768.94
8192,1024,64,16,8389.4
8192,1024,64,32,8389.86
8192,1024,64,64,8395.53
8192,1024,64,128,9720.05
8192,1024,64,256,8638.77
8192,1024,64,512,8901.31
8192,1024,64,1024,10314
8192,1024,64,2048,10431.3
8192,1024,64,4096,12530.7
8192,1024,64,8192,12510.2
8192,1024,128,16,9791.03
8192,1024,128,32,9803.63
8192,1024,128,64,9821.06
8192,1024,128,128,11482.6
8192,1024,128,256,10298.2
8192,1024,128,512,10797
8192,1024,128,1024,11800.5
8192,1024,128,2048,13818
8192,1024,128,4096,18019.7
8192,1024,128,8192,18021.3
8192,2048,0,0,7688
8192,2048,1,16,7726.21
8192,2048,1,32,7732.61
8192,2048,1,64,7724.44
8192,2048,1,128,7709.18
8192,2048,1,256,7711.15
8192,2048,1,512,7730.2
8192,2048,1,1024,7747.28
8192,2048,1,2048,7752.52
8192,2048,1,4096,8881.96
8192,2048,1,8192,7792.32
8192,2048,2,16,7735.07
8192,2048,2,32,7748.79
8192,2048,2,64,7749.82
8192,2048,2,128,7753.12
8192,2048,2,256,7754.23
8192,2048,2,512,7765.59
8192,2048,2,1024,7777.93
8192,2048,2,2048,7813.94
8192,2048,2,4096,7875.99
8192,2048,2,8192,7882.45
8192,2048,4,16,7804.51
8192,2048,4,32,7789.7
8192,2048,4,64,7810.25
8192,2048,4,128,7793.49
8192,2048,4,256,7805.97
8192,2048,4,512,7809.39
8192,2048,4,1024,7827.66
8192,2048,4,2048,7914.6
8192,2048,4,4096,8062.54
8192,2048,4,8192,8076
8192,2048,8,16,7878.59
8192,2048,8,32,7896.68
8192,2048,8,64,7897.56
8192,2048,8,128,7912.44
8192,2048,8,256,7926.51
8192,2048,8,512,7928.58
8192,2048,8,1024,8010.19
8192,2048,8,2048,8106.26
8192,2048,8,4096,8404.68
8192,2048,8,8192,8401.57
8192,2048,16,16,8065.28
8192,2048,16,32,8045.85
8192,2048,16,64,8035.6
8192,2048,16,128,8076.22
8192,2048,16,256,8079.77
8192,2048,16,512,8179.14
8192,2048,16,1024,8272.86
8192,2048,16,2048,8508.94
8192,2048,16,4096,9066.1
8192,2048,16,8192,9053.42
8192,2048,32,16,8352.43
8192,2048,32,32,8342.49
8192,2048,32,64,8344.83
8192,2048,32,128,8378.51
8192,2048,32,256,8478.48
8192,2048,32,512,8571.88
8192,2048,32,1024,8856.87
8192,2048,32,2048,9377.32
8192,2048,32,4096,10416.7
8192,2048,32,8192,10405.2
8192,2048,64,16,9006.1
8192,2048,64,32,9014.22
8192,2048,64,64,9014.24
8192,2048,64,128,9137.15
8192,2048,64,256,9273.86
8192,2048,64,512,9519.71
8192,2048,64,1024,10036.2
8192,2048,64,2048,11076.7
8192,2048,64,4096,13113.6
8192,2048,64,8192,13110.6
8192,2048,128,16,10412.9
8192,2048,128,32,10424.2
8192,2048,128,64,10440.5
8192,2048,128,128,10693.7
8192,2048,128,256,10922.8
8192,2048,128,512,11416.3
8192,2048,128,1024,14183.4
8192,2048,128,2048,14434.3
8192,2048,128,4096,18624.7
8192,2048,128,8192,18619.5
8192,4096,0,0,8236.87
8192,4096,1,16,8262.55
8192,4096,1,32,8280.08
8192,4096,1,64,8260.04
8192,4096,1,128,8267.06
8192,4096,1,256,8280.17
8192,4096,1,512,8254.9
8192,4096,1,1024,8273.85
8192,4096,1,2048,9444.27
8192,4096,1,4096,8276.57
8192,4096,1,8192,8316.75
8192,4096,2,16,8291.71
8192,4096,2,32,8276.01
8192,4096,2,64,8307.28
8192,4096,2,128,8284.49
8192,4096,2,256,8267.02
8192,4096,2,512,8292.05
8192,4096,2,1024,8270.46
8192,4096,2,2048,8301.46
8192,4096,2,4096,8341.62
8192,4096,2,8192,8333.03
8192,4096,4,16,8307.85
8192,4096,4,32,8338.79
8192,4096,4,64,8318.95
8192,4096,4,128,8320.99
8192,4096,4,256,8303.45
8192,4096,4,512,8353.52
8192,4096,4,1024,8328.12
8192,4096,4,2048,8411.47
8192,4096,4,4096,8581.33
8192,4096,4,8192,8557.6
8192,4096,8,16,8362.33
8192,4096,8,32,8380.84
8192,4096,8,64,8386.83
8192,4096,8,128,8409.24
8192,4096,8,256,8381.73
8192,4096,8,512,8409.4
8192,4096,8,1024,8447.6
8192,4096,8,2048,8581.68
8192,4096,8,4096,8990.42
8192,4096,8,8192,9006.62
8192,4096,16,16,8487.71
8192,4096,16,32,8522.66
8192,4096,16,64,8500.26
8192,4096,16,128,8535.22
8192,4096,16,256,8569.26
8192,4096,16,512,8630.25
8192,4096,16,1024,8783.19
8192,4096,16,2048,9080.89
8192,4096,16,4096,9615.12
8192,4096,16,8192,9613.45
8192,4096,32,16,8859.61
8192,4096,32,32,8828.6
8192,4096,32,64,8834.9
8192,4096,32,128,8912.75
8192,4096,32,256,8963.62
8192,4096,32,512,9144.12
8192,4096,32,1024,9389.34
8192,4096,32,2048,9894.28
8192,4096,32,4096,10946.3
8192,4096,32,8192,10970.2
8192,4096,64,16,9532.34
8192,4096,64,32,9532.88
8192,4096,64,64,9538.56
8192,4096,64,128,11039.4
8192,4096,64,256,9798.9
8192,4096,64,512,10039.7
8192,4096,64,1024,10550.6
8192,4096,64,2048,11569
8192,4096,64,4096,13655.2
8192,4096,64,8192,13651.6
8192,4096,128,16,10956.6
8192,4096,128,32,10947.6
8192,4096,128,64,10971.2
8192,4096,128,128,11195.4
8192,4096,128,256,11446.3
8192,4096,128,512,11940.9
8192,4096,128,1024,12960.2
8192,4096,128,2048,15001.7
8192,4096,128,4096,19157.6
8192,4096,128,8192,19157.9
