regime,n,nb,ratio,skew,pc,kp,kvs,kv_big,kv_mean,t_mean_us,t_max_us,t_skew_us,alpha
pure,2,1,0.5,4.0,0,0,128,512,320,81.475,114.849,112.352,0.9252
pure,2,1,0.5,4.0,0,0,512,2048,1280,223.652,331.238,327.975,0.9697
pure,2,1,0.5,4.0,0,0,2048,8192,5120,644.33,642.025,640.266,
mixed,2,1,0.5,4.0,16,0,128,512,320,105.506,139.426,138.979,0.9868
mixed,2,1,0.5,4.0,16,0,512,2048,1280,247.621,354.629,351.526,0.971
mixed,2,1,0.5,4.0,16,0,2048,8192,5120,661.772,659.786,656.779,
mixed,2,1,0.5,4.0,16,512,128,512,320,176.355,209.571,157.058,-0.581
mixed,2,1,0.5,4.0,16,512,512,2048,1280,318.246,425.543,420.807,0.9559
mixed,2,1,0.5,4.0,16,512,2048,8192,5120,736.428,737.006,737.452,1.7716
mixed,2,1,0.5,4.0,16,2048,128,512,320,390.504,420.903,370.918,-0.6443
mixed,2,1,0.5,4.0,16,2048,512,2048,1280,527.753,638.252,424.263,-0.9366
mixed,2,1,0.5,4.0,16,2048,2048,8192,5120,972.817,972.016,966.352,
mixed,2,1,0.5,4.0,16,8192,128,512,320,697.935,734.573,677.739,-0.5512
mixed,2,1,0.5,4.0,16,8192,512,2048,1280,847.727,967.058,736.141,-0.9351
mixed,2,1,0.5,4.0,16,8192,2048,8192,5120,1270.232,1270.965,974.738,-403.1296
mixed,2,1,0.5,4.0,64,0,128,512,320,109.09,142.147,141.154,0.97
mixed,2,1,0.5,4.0,64,0,512,2048,1280,249.027,356.134,353.509,0.9755
mixed,2,1,0.5,4.0,64,0,2048,8192,5120,661.738,663.949,661.77,0.0145
mixed,2,1,0.5,4.0,64,512,128,512,320,179.779,211.428,159.073,-0.6542
mixed,2,1,0.5,4.0,64,512,512,2048,1280,321.414,428.36,422.918,0.9491
mixed,2,1,0.5,4.0,64,512,2048,8192,5120,738.766,740.524,735.596,-1.8032
mixed,2,1,0.5,4.0,64,2048,128,512,320,390.63,421.736,370.919,-0.6337
mixed,2,1,0.5,4.0,64,2048,512,2048,1280,530.795,639.404,425.449,-0.97
mixed,2,1,0.5,4.0,64,2048,2048,8192,5120,974.257,974.003,965.714,
mixed,2,1,0.5,4.0,64,8192,128,512,320,700.205,736.205,675.468,-0.6871
mixed,2,1,0.5,4.0,64,8192,512,2048,1280,847.759,967.985,737.997,-0.913
mixed,2,1,0.5,4.0,64,8192,2048,8192,5120,1271.702,1272.055,971.345,-850.8697
mixed,2,1,0.5,4.0,256,0,128,512,320,148.548,203.94,186.596,0.6869
mixed,2,1,0.5,4.0,256,0,512,2048,1280,310.182,414.822,413.543,0.9878
mixed,2,1,0.5,4.0,256,0,2048,8192,5120,725.006,724.813,718.669,
mixed,2,1,0.5,4.0,256,512,128,512,320,264.643,326.118,273.475,0.1437
mixed,2,1,0.5,4.0,256,512,512,2048,1280,429.896,562.348,532.682,0.776
mixed,2,1,0.5,4.0,256,512,2048,8192,5120,875.985,874.095,868.016,
mixed,2,1,0.5,4.0,256,2048,128,512,320,671.5,671.786,670.892,-2.1259
mixed,2,1,0.5,4.0,256,2048,512,2048,1280,756.751,962.514,754.638,-0.0103
mixed,2,1,0.5,4.0,256,2048,2048,8192,5120,1285.524,1284.663,1277.749,
mixed,2,1,0.5,4.0,256,8192,128,512,320,1250.006,1251.348,1250.677,0.5
mixed,2,1,0.5,4.0,256,8192,512,2048,1280,1255.189,1288.278,1250.773,-0.1335
mixed,2,1,0.5,4.0,256,8192,2048,8192,5120,1867.04,1866.913,1583.45,
mixed,2,1,0.5,4.0,1024,0,128,512,320,684.909,709.004,689.866,0.2057
mixed,2,1,0.5,4.0,1024,0,512,2048,1280,831.503,989.074,922.159,0.5753
mixed,2,1,0.5,4.0,1024,0,2048,8192,5120,1436.922,1436.378,1357.143,
mixed,2,1,0.5,4.0,1024,512,128,512,320,1114.962,1140.435,1119.283,0.1696
mixed,2,1,0.5,4.0,1024,512,512,2048,1280,1210.9,1373.687,1295.799,0.5215
mixed,2,1,0.5,4.0,1024,512,2048,8192,5120,1856.576,1857.056,1771.101,-178.0729
mixed,2,1,0.5,4.0,1024,2048,128,512,320,2383.404,2403.306,2388.713,0.2668
mixed,2,1,0.5,4.0,1024,2048,512,2048,1280,2502.028,2595.404,2502.86,0.0089
mixed,2,1,0.5,4.0,1024,2048,2048,8192,5120,3043.83,3040.084,2933.97,
mixed,2,1,0.5,4.0,1024,8192,128,512,320,3763.84,3798.851,3747.873,-0.4561
mixed,2,1,0.5,4.0,1024,8192,512,2048,1280,3910.435,4023.239,3801.537,-0.9654
mixed,2,1,0.5,4.0,1024,8192,2048,8192,5120,4333.29,4324.65,4313.066,
mixed,2,1,0.5,4.0,4096,0,128,512,320,7535.652,7550.243,7527.876,-0.5329
mixed,2,1,0.5,4.0,4096,0,512,2048,1280,7618.339,7699.46,7622.787,0.0548
mixed,2,1,0.5,4.0,4096,0,2048,8192,5120,7988.871,7975.72,7848.137,
mixed,2,1,0.5,4.0,4096,512,128,512,320,9077.276,9106.433,9086.362,0.3116
mixed,2,1,0.5,4.0,4096,512,512,2048,1280,9185.184,9260.829,9180.092,-0.0673
mixed,2,1,0.5,4.0,4096,512,2048,8192,5120,9528.29,9526.531,9384.354,
mixed,2,1,0.5,4.0,4096,2048,128,512,320,12561.941,12573.949,12428.891,-11.0801
mixed,2,1,0.5,4.0,4096,2048,512,2048,1280,12524.633,12587.098,12518.102,-0.1046
mixed,2,1,0.5,4.0,4096,2048,2048,8192,5120,12973.439,12737.754,12607.548,
mixed,2,1,0.5,4.0,4096,8192,128,512,320,13941.361,13954.959,14200.502,19.0573
mixed,2,1,0.5,4.0,4096,8192,512,2048,1280,14295.027,14413.017,14227.764,-0.5701
mixed,2,1,0.5,4.0,4096,8192,2048,8192,5120,14264.92,14270.131,13907.315,-68.625
pure,8,1,0.125,4.0,0,0,128,512,176,143.779,295.429,195.461,0.3408
pure,8,1,0.125,4.0,0,0,512,2048,704,367.172,956.272,607.659,0.4082
pure,8,1,0.125,4.0,0,0,2048,8192,2816,1278.647,1887.841,1289.302,0.0175
mixed,8,1,0.125,4.0,16,0,128,512,176,169.475,325.094,232.739,0.4065
mixed,8,1,0.125,4.0,16,0,512,2048,704,385.382,970.481,604.428,0.3744
mixed,8,1,0.125,4.0,16,0,2048,8192,2816,1291.414,1894.754,1316.536,0.0416
mixed,8,1,0.125,4.0,16,512,128,512,176,241.253,396.424,246.627,0.0346
mixed,8,1,0.125,4.0,16,512,512,2048,704,457.16,1040.307,610.473,0.2629
mixed,8,1,0.125,4.0,16,512,2048,8192,2816,1361.464,1972.736,1467.193,0.173
mixed,8,1,0.125,4.0,16,2048,128,512,176,453.481,610.921,462.857,0.0596
mixed,8,1,0.125,4.0,16,2048,512,2048,704,667.339,1256.438,698.541,0.053
mixed,8,1,0.125,4.0,16,2048,2048,8192,2816,1585.82,2212.87,1596.124,0.0164
mixed,8,1,0.125,4.0,16,8192,128,512,176,759.885,926.737,768.813,0.0535
mixed,8,1,0.125,4.0,16,8192,512,2048,704,985.203,1592.891,1021.52,0.0598
mixed,8,1,0.125,4.0,16,8192,2048,8192,2816,1937.154,2492.555,1595.455,-0.6152
mixed,8,1,0.125,4.0,64,0,128,512,176,171.747,326.629,232.613,0.393
mixed,8,1,0.125,4.0,64,0,512,2048,704,386.631,971.088,603.594,0.3712
mixed,8,1,0.125,4.0,64,0,2048,8192,2816,1293.558,1895.519,1319.127,0.0425
mixed,8,1,0.125,4.0,64,512,128,512,176,244.164,397.159,246.405,0.0146
mixed,8,1,0.125,4.0,64,512,512,2048,704,458.119,1043.602,610.219,0.2598
mixed,8,1,0.125,4.0,64,512,2048,8192,2816,1365.943,1974.53,1475.386,0.1798
mixed,8,1,0.125,4.0,64,2048,128,512,176,455.974,612.586,463.43,0.0476
mixed,8,1,0.125,4.0,64,2048,512,2048,704,670.059,1257.686,698.443,0.0483
mixed,8,1,0.125,4.0,64,2048,2048,8192,2816,1586.843,2214.087,1596.219,0.0149
mixed,8,1,0.125,4.0,64,8192,128,512,176,762.798,929.745,770.894,0.0485
mixed,8,1,0.125,4.0,64,8192,512,2048,704,990.672,1597.979,1022.385,0.0522
mixed,8,1,0.125,4.0,64,8192,2048,8192,2816,1937.794,2494.41,1597.245,-0.6118
mixed,8,1,0.125,4.0,256,0,128,512,176,223.779,401.894,279.971,0.3155
mixed,8,1,0.125,4.0,256,0,512,2048,704,471.721,1050.547,641.259,0.2929
mixed,8,1,0.125,4.0,256,0,2048,8192,2816,1372.599,1973.122,1449.144,0.1275
mixed,8,1,0.125,4.0,256,512,128,512,176,367.91,520.329,379.111,0.0735
mixed,8,1,0.125,4.0,256,512,512,2048,704,579.337,1252.884,733.198,0.2284
mixed,8,1,0.125,4.0,256,512,2048,8192,2816,1523.579,2133.766,1602.78,0.1298
mixed,8,1,0.125,4.0,256,2048,128,512,176,765.038,944.175,787.982,0.1281
mixed,8,1,0.125,4.0,256,2048,512,2048,704,998.161,1586.618,986.16,-0.0204
mixed,8,1,0.125,4.0,256,2048,2048,8192,2816,1916.802,2534.091,1927.713,0.0177
mixed,8,1,0.125,4.0,256,8192,128,512,176,1342.743,1459.674,1370.744,0.2395
mixed,8,1,0.125,4.0,256,8192,512,2048,704,1595.549,2197.732,1564.508,-0.0515
mixed,8,1,0.125,4.0,256,8192,2048,8192,2816,2376.073,3111.412,2224.231,-0.2065
mixed,8,1,0.125,4.0,1024,0,128,512,176,807.949,946.831,823.821,0.1143
mixed,8,1,0.125,4.0,1024,0,512,2048,704,993.713,1661.406,1162.611,0.253
mixed,8,1,0.125,4.0,1024,0,2048,8192,2816,2022.082,2739.949,2050.915,0.0402
mixed,8,1,0.125,4.0,1024,512,128,512,176,1236.213,1379.255,1254.741,0.1295
mixed,8,1,0.125,4.0,1024,512,512,2048,704,1428.794,2059.586,1538.873,0.1745
mixed,8,1,0.125,4.0,1024,512,2048,8192,2816,2428.168,3162.423,2461.322,0.0452
mixed,8,1,0.125,4.0,1024,2048,128,512,176,2504.843,2676.301,2520.782,0.093
mixed,8,1,0.125,4.0,1024,2048,512,2048,704,2722.095,3259.193,2749.101,0.0503
mixed,8,1,0.125,4.0,1024,2048,2048,8192,2816,3601.28,4393.384,3627.007,0.0325
mixed,8,1,0.125,4.0,1024,8192,128,512,176,3888.353,4065.892,3903.366,0.0846
mixed,8,1,0.125,4.0,1024,8192,512,2048,704,4119.368,4714.96,4135.781,0.0276
mixed,8,1,0.125,4.0,1024,8192,2048,8192,2816,5015.382,5626.687,4770.836,-0.4
mixed,8,1,0.125,4.0,4096,0,128,512,176,7789.732,7947.431,7805.635,0.1008
mixed,8,1,0.125,4.0,4096,0,512,2048,704,8003.562,8576.754,8041.255,0.0658
mixed,8,1,0.125,4.0,4096,0,2048,8192,2816,8871.769,9511.426,8714.163,-0.2464
mixed,8,1,0.125,4.0,4096,512,128,512,176,9339.516,9503.201,9361.12,0.132
mixed,8,1,0.125,4.0,4096,512,512,2048,704,9560.228,10122.828,9580.195,0.0355
mixed,8,1,0.125,4.0,4096,512,2048,8192,2816,10445.999,11073.53,10241.202,-0.3264
mixed,8,1,0.125,4.0,4096,2048,128,512,176,12811.32,12947.164,12821.495,0.0749
mixed,8,1,0.125,4.0,4096,2048,512,2048,704,12988.154,13503.142,12679.288,-0.5998
mixed,8,1,0.125,4.0,4096,2048,2048,8192,2816,13432.258,13933.9,13055.774,-0.7505
mixed,8,1,0.125,4.0,4096,8192,128,512,176,13779.434,13881.834,13792.59,0.1285
mixed,8,1,0.125,4.0,4096,8192,512,2048,704,14553.142,14696.54,13710.152,-5.8787
mixed,8,1,0.125,4.0,4096,8192,2048,8192,2816,14769.211,15202.177,14402.292,-0.8475
pure,8,2,0.25,4.0,0,0,128,512,224,143.779,307.781,236.802,0.5672
pure,8,2,0.25,4.0,0,0,512,2048,896,467.591,957.17,633.609,0.3391
pure,8,2,0.25,4.0,0,0,2048,8192,3584,1601.69,1888.223,1590.363,-0.0395
mixed,8,2,0.25,4.0,16,0,128,512,224,172.995,325.605,235.331,0.4085
mixed,8,2,0.25,4.0,16,0,512,2048,896,485.16,969.649,633.514,0.3062
mixed,8,2,0.25,4.0,16,0,2048,8192,3584,1615.387,1893.44,1587.708,-0.0995
mixed,8,2,0.25,4.0,16,512,128,512,224,244.774,396.902,251.395,0.0435
mixed,8,2,0.25,4.0,16,512,512,2048,896,560.458,1040.082,701.325,0.2937
mixed,8,2,0.25,4.0,16,512,2048,8192,3584,1680.413,1969.474,1585.437,-0.3286
mixed,8,2,0.25,4.0,16,2048,128,512,224,455.271,610.123,490.856,0.2298
mixed,8,2,0.25,4.0,16,2048,512,2048,896,767.949,1255.605,727.82,-0.0823
mixed,8,2,0.25,4.0,16,2048,2048,8192,3584,1913.953,2212.709,1592.698,-1.0753
mixed,8,2,0.25,4.0,16,8192,128,512,224,762.509,928.435,796.621,0.2056
mixed,8,2,0.25,4.0,16,8192,512,2048,896,1096.404,1594.683,1054.226,-0.0846
mixed,8,2,0.25,4.0,16,8192,2048,8192,3584,2272.326,2492.204,1601.629,-3.0503
mixed,8,2,0.25,4.0,64,0,128,512,224,174.979,327.11,236.068,0.4016
mixed,8,2,0.25,4.0,64,0,512,2048,896,487.465,972.08,634.155,0.3027
mixed,8,2,0.25,4.0,64,0,2048,8192,3584,1615.13,1896.321,1590.267,-0.0884
mixed,8,2,0.25,4.0,64,512,128,512,224,247.204,396.997,252.612,0.0361
mixed,8,2,0.25,4.0,64,512,512,2048,896,561.065,1043.377,702.988,0.2943
mixed,8,2,0.25,4.0,64,512,2048,8192,3584,1686.334,1975.649,1585.979,-0.3469
mixed,8,2,0.25,4.0,64,2048,128,512,224,458.632,613.003,492.808,0.2214
mixed,8,2,0.25,4.0,64,2048,512,2048,896,770.701,1256.407,729.678,-0.0845
mixed,8,2,0.25,4.0,64,2048,2048,8192,3584,1922.017,2218.852,1594.363,-1.1038
mixed,8,2,0.25,4.0,64,8192,128,512,224,766.412,929.232,797.261,0.1895
mixed,8,2,0.25,4.0,64,8192,512,2048,896,1098.227,1603.706,1053.746,-0.088
mixed,8,2,0.25,4.0,64,8192,2048,8192,3584,2270.406,2492.746,1600.986,-3.0108
mixed,8,2,0.25,4.0,256,0,128,512,224,225.827,403.047,293.317,0.3808
mixed,8,2,0.25,4.0,256,0,512,2048,896,573.194,1050.994,704.3,0.2744
mixed,8,2,0.25,4.0,256,0,2048,8192,3584,1688.381,1974.402,1608.986,-0.2776
mixed,8,2,0.25,4.0,256,512,128,512,224,369.766,520.521,394.76,0.1658
mixed,8,2,0.25,4.0,256,512,512,2048,896,683.434,1251.701,819.184,0.2389
mixed,8,2,0.25,4.0,256,512,2048,8192,3584,1846.336,2131.91,1688.252,-0.5536
mixed,8,2,0.25,4.0,256,2048,128,512,224,767.15,945.648,802.156,0.1961
mixed,8,2,0.25,4.0,256,2048,512,2048,896,1104.405,1591.193,1065.011,-0.0809
mixed,8,2,0.25,4.0,256,2048,2048,8192,3584,2239.589,2533.612,1937.056,-1.0289
mixed,8,2,0.25,4.0,256,8192,128,512,224,1346.295,1460.601,1380.279,0.2973
mixed,8,2,0.25,4.0,256,8192,512,2048,896,1714.334,2201.444,1669.756,-0.0915
mixed,8,2,0.25,4.0,256,8192,2048,8192,3584,2840.177,3109.142,2231.589,-2.2627
mixed,8,2,0.25,4.0,1024,0,128,512,224,810.19,946.193,839.951,0.2188
mixed,8,2,0.25,4.0,1024,0,512,2048,896,1103.444,1660.571,1232.661,0.2319
mixed,8,2,0.25,4.0,1024,0,2048,8192,3584,2391.625,2746.128,2139.299,-0.7118
mixed,8,2,0.25,4.0,1024,512,128,512,224,1237.619,1379.609,1270.74,0.2333
mixed,8,2,0.25,4.0,1024,512,512,2048,896,1521.786,2057.089,1613.948,0.1722
mixed,8,2,0.25,4.0,1024,512,2048,8192,3584,2813.999,3165.399,2565.005,-0.7086
mixed,8,2,0.25,4.0,1024,2048,128,512,224,2506.345,2673.646,2540.362,0.2033
mixed,8,2,0.25,4.0,1024,2048,512,2048,896,2810.799,3259.578,2809.327,-0.0033
mixed,8,2,0.25,4.0,1024,2048,2048,8192,3584,3990.306,4395.945,3748.031,-0.5973
mixed,8,2,0.25,4.0,1024,8192,128,512,224,3891.491,4058.341,3916.512,0.15
mixed,8,2,0.25,4.0,1024,8192,512,2048,896,4263.88,4715.534,4239.433,-0.0541
mixed,8,2,0.25,4.0,1024,8192,2048,8192,3584,5364.091,5621.343,4990.998,-1.4503
mixed,8,2,0.25,4.0,4096,0,128,512,224,7790.755,7945.989,7825.668,0.2249
mixed,8,2,0.25,4.0,4096,0,512,2048,896,8100.01,8578.769,8100.937,0.0019
mixed,8,2,0.25,4.0,4096,0,2048,8192,3584,9244.445,9509.663,8845.303,-1.505
mixed,8,2,0.25,4.0,4096,512,128,512,224,9348.576,9510.529,9379.519,0.1911
mixed,8,2,0.25,4.0,4096,512,512,2048,896,9658.726,10124.363,9659.975,0.0027
mixed,8,2,0.25,4.0,4096,512,2048,8192,3584,10802.2,11073.114,10375.634,-1.5745
mixed,8,2,0.25,4.0,4096,2048,128,512,224,12811.386,12943.772,12622.712,-1.4252
mixed,8,2,0.25,4.0,4096,2048,512,2048,896,12857.118,13266.307,12862.044,0.012
mixed,8,2,0.25,4.0,4096,2048,2048,8192,3584,14120.816,14445.908,13745.993,-1.153
mixed,8,2,0.25,4.0,4096,8192,128,512,224,14013.039,13884.909,13808.008,
mixed,8,2,0.25,4.0,4096,8192,512,2048,896,13991.408,14696.733,13768.457,-0.3161
mixed,8,2,0.25,4.0,4096,8192,2048,8192,3584,15099.362,15342.308,15519.432,1.7291
pure,8,3,0.375,4.0,0,0,128,512,272,197.957,299.396,240.74,0.4218
pure,8,3,0.375,4.0,0,0,512,2048,1088,512.682,957.424,707.373,0.4378
pure,8,3,0.375,4.0,0,0,2048,8192,4352,1893.665,1888.352,1590.556,
mixed,8,3,0.375,4.0,16,0,128,512,272,221.508,324.358,247.429,0.252
mixed,8,3,0.375,4.0,16,0,512,2048,1088,546.058,969.682,722.348,0.4161
mixed,8,3,0.375,4.0,16,0,2048,8192,4352,1894.56,1892.257,1590.267,
mixed,8,3,0.375,4.0,16,512,128,512,272,292.133,397.03,286.467,-0.054
mixed,8,3,0.375,4.0,16,512,512,2048,1088,616.97,1040.434,727.82,0.2618
mixed,8,3,0.375,4.0,16,512,2048,8192,4352,1975.971,1973.474,1587.675,
mixed,8,3,0.375,4.0,16,2048,128,512,272,507.209,610.25,503.366,-0.0373
mixed,8,3,0.375,4.0,16,2048,512,2048,1088,827.629,1257.141,797.742,-0.0696
mixed,8,3,0.375,4.0,16,2048,2048,8192,4352,2217.509,2216.741,1603.195,
mixed,8,3,0.375,4.0,16,8192,128,512,272,818.893,928.4,813.453,-0.0497
mixed,8,3,0.375,4.0,16,8192,512,2048,1088,1154.515,1589.562,1150.9,-0.0083
mixed,8,3,0.375,4.0,16,8192,2048,8192,4352,2493.289,2493.067,1889.087,
mixed,8,3,0.375,4.0,64,0,128,512,272,223.555,327.558,248.292,0.2378
mixed,8,3,0.375,4.0,64,0,512,2048,1088,546.058,969.074,723.02,0.4183
mixed,8,3,0.375,4.0,64,0,2048,8192,4352,1896.929,1896.385,1589.818,
mixed,8,3,0.375,4.0,64,512,128,512,272,295.235,397.605,286.853,-0.0819
mixed,8,3,0.375,4.0,64,512,512,2048,1088,618.89,1044.146,728.844,0.2586
mixed,8,3,0.375,4.0,64,512,2048,8192,4352,1973.696,1978.05,1589.147,-88.3209
mixed,8,3,0.375,4.0,64,2048,128,512,272,509.193,612.171,506.088,-0.0302
mixed,8,3,0.375,4.0,64,2048,512,2048,1088,830.607,1256.949,798.926,-0.0743
mixed,8,3,0.375,4.0,64,2048,2048,8192,4352,2217.095,2217.062,1604.381,
mixed,8,3,0.375,4.0,64,8192,128,512,272,820.526,930.223,815.983,-0.0414
mixed,8,3,0.375,4.0,64,8192,512,2048,1088,1158.26,1598.011,1151.701,-0.0149
mixed,8,3,0.375,4.0,64,8192,2048,8192,4352,2493.996,2493.196,1889.633,
mixed,8,3,0.375,4.0,256,0,128,512,272,280.836,401.862,307.845,0.2232
mixed,8,3,0.375,4.0,256,0,512,2048,1088,629.9,1050.93,760.397,0.3099
mixed,8,3,0.375,4.0,256,0,2048,8192,4352,1974.276,1975.745,1635.483,-230.6283
mixed,8,3,0.375,4.0,256,512,128,512,272,417.223,520.617,416.454,-0.0074
mixed,8,3,0.375,4.0,256,512,512,2048,1088,742.188,1249.237,852.269,0.2171
mixed,8,3,0.375,4.0,256,512,2048,8192,4352,2136.005,2129.99,1795.072,
mixed,8,3,0.375,4.0,256,2048,128,512,272,837.39,944.688,832.334,-0.0471
mixed,8,3,0.375,4.0,256,2048,512,2048,1088,1158.967,1588.571,1135.637,-0.0543
mixed,8,3,0.375,4.0,256,2048,2048,8192,4352,2537.514,2534.637,1965.761,
mixed,8,3,0.375,4.0,256,8192,128,512,272,1380.76,1458.521,1391.768,0.1416
mixed,8,3,0.375,4.0,256,8192,512,2048,1088,1772.19,2198.214,1762.397,-0.023
mixed,8,3,0.375,4.0,256,8192,2048,8192,4352,3111.159,3110.645,2502.09,
mixed,8,3,0.375,4.0,1024,0,128,512,272,853.231,946.192,857.518,0.0461
mixed,8,3,0.375,4.0,1024,0,512,2048,1088,1169.077,1658.238,1303.351,0.2745
mixed,8,3,0.375,4.0,1024,0,2048,8192,4352,2737.902,2740.591,2238.758,-185.6244
mixed,8,3,0.375,4.0,1024,512,128,512,272,1283.894,1382.905,1293.717,0.0992
mixed,8,3,0.375,4.0,1024,512,512,2048,1088,1574.522,2058.117,1687.067,0.2327
mixed,8,3,0.375,4.0,1024,512,2048,8192,4352,3170.934,3171.924,2663.437,-512.6232
mixed,8,3,0.375,4.0,1024,2048,128,512,272,2559.37,2672.943,2562.251,0.0254
mixed,8,3,0.375,4.0,1024,2048,512,2048,1088,2866.162,3259.509,2892.784,0.0677
mixed,8,3,0.375,4.0,1024,2048,2048,8192,4352,4397.547,4397.964,3869.76,-1265.6763
mixed,8,3,0.375,4.0,1024,8192,128,512,272,3946.052,4057.029,3934.883,-0.1006
mixed,8,3,0.375,4.0,1024,8192,512,2048,1088,4330.539,4717.267,4362.411,0.0824
mixed,8,3,0.375,4.0,1024,8192,2048,8192,4352,5620.928,5616.225,5012.118,
mixed,8,3,0.375,4.0,4096,0,128,512,272,7842.663,7948.266,7851.335,0.0821
mixed,8,3,0.375,4.0,4096,0,512,2048,1088,8155.533,8575.984,8194.09,0.0917
mixed,8,3,0.375,4.0,4096,0,2048,8192,4352,9515.233,9512.163,8964.856,
mixed,8,3,0.375,4.0,4096,512,128,512,272,9396.573,9509.411,9402.177,0.0497
mixed,8,3,0.375,4.0,4096,512,512,2048,1088,9718.917,10123.533,9735.081,0.0399
mixed,8,3,0.375,4.0,4096,512,2048,8192,4352,11074.813,11074.428,10497.236,
mixed,8,3,0.375,4.0,4096,2048,128,512,272,12853.884,12725.978,12640.185,
mixed,8,3,0.375,4.0,4096,2048,512,2048,1088,12909.786,13271.2,12824.345,-0.2364
mixed,8,3,0.375,4.0,4096,2048,2048,8192,4352,14058.161,13823.469,13283.937,
mixed,8,3,0.375,4.0,4096,8192,128,512,272,13815.533,13885.324,14672.891,12.2846
mixed,8,3,0.375,4.0,4096,8192,512,2048,1088,14652.51,15336.616,14663.994,0.0168
mixed,8,3,0.375,4.0,4096,8192,2048,8192,4352,16260.471,15204.994,14566.234,
pure,8,4,0.5,4.0,0,0,128,512,320,191.587,285.893,232.739,0.4364
pure,8,4,0.5,4.0,0,0,512,2048,1280,584.715,955.344,732.237,0.398
pure,8,4,0.5,4.0,0,0,2048,8192,5120,1889.374,1888.959,1590.525,
mixed,8,4,0.5,4.0,16,0,128,512,320,223.651,325.062,272.869,0.4853
mixed,8,4,0.5,4.0,16,0,512,2048,1280,645.706,969.678,731.98,0.2663
mixed,8,4,0.5,4.0,16,0,2048,8192,5120,1894.4,1894.945,1605.372,-530.3266
mixed,8,4,0.5,4.0,16,512,128,512,320,294.116,396.551,297.7,0.035
mixed,8,4,0.5,4.0,16,512,512,2048,1280,719.277,1038.579,797.613,0.2453
mixed,8,4,0.5,4.0,16,512,2048,8192,5120,1971.714,1971.586,1678.079,
mixed,8,4,0.5,4.0,16,2048,128,512,320,508.008,610.058,513.385,0.0527
mixed,8,4,0.5,4.0,16,2048,512,2048,1280,931.088,1256.151,827.983,-0.3172
mixed,8,4,0.5,4.0,16,2048,2048,8192,5120,2216.006,2214.79,1890.337,
mixed,8,4,0.5,4.0,16,8192,128,512,320,820.463,928.015,826.095,0.0524
mixed,8,4,0.5,4.0,16,8192,512,2048,1280,1265.973,1599.772,1245.783,-0.0605
mixed,8,4,0.5,4.0,16,8192,2048,8192,5120,2494.923,2493.867,1890.337,
mixed,8,4,0.5,4.0,64,0,128,512,320,225.86,327.397,274.02,0.4743
mixed,8,4,0.5,4.0,64,0,512,2048,1280,649.868,970.673,730.733,0.2521
mixed,8,4,0.5,4.0,64,0,2048,8192,5120,1890.851,1896.833,1603.708,-48.0012
mixed,8,4,0.5,4.0,64,512,128,512,320,297.22,397.254,297.733,0.0051
mixed,8,4,0.5,4.0,64,512,512,2048,1280,722.924,1044.146,800.141,0.2404
mixed,8,4,0.5,4.0,64,512,2048,8192,5120,1974.817,1975.17,1684.028,-823.7649
mixed,8,4,0.5,4.0,64,2048,128,512,320,510.281,611.53,516.008,0.0566
mixed,8,4,0.5,4.0,64,2048,512,2048,1280,935.822,1257.493,828.173,-0.3347
mixed,8,4,0.5,4.0,64,2048,2048,8192,5120,2220.295,2218.438,1881.058,
mixed,8,4,0.5,4.0,64,8192,128,512,320,823.468,930.063,828.109,0.0435
mixed,8,4,0.5,4.0,64,8192,512,2048,1280,1266.036,1598.301,1248.565,-0.0526
mixed,8,4,0.5,4.0,64,8192,2048,8192,5120,2493.483,2495.499,1897.696,-295.5293
mixed,8,4,0.5,4.0,256,0,128,512,320,282.022,401.639,328.742,0.3906
mixed,8,4,0.5,4.0,256,0,512,2048,1280,731.533,1051.186,823.311,0.2871
mixed,8,4,0.5,4.0,256,0,2048,8192,5120,1973.666,1976.065,1704.189,-112.3289
mixed,8,4,0.5,4.0,256,512,128,512,320,418.823,520.392,431.819,0.128
mixed,8,4,0.5,4.0,256,512,512,2048,1280,843.725,1251.19,939.953,0.2362
mixed,8,4,0.5,4.0,256,512,2048,8192,5120,2138.564,2137.575,1883.006,
mixed,8,4,0.5,4.0,256,2048,128,512,320,839.311,944.912,846.286,0.0661
mixed,8,4,0.5,4.0,256,2048,512,2048,1280,1196.437,1583.356,1188.083,-0.0216
mixed,8,4,0.5,4.0,256,2048,2048,8192,5120,2535.213,2542.125,2224.228,-44.992
mixed,8,4,0.5,4.0,256,8192,128,512,320,1383.288,1460.408,1402.233,0.2457
mixed,8,4,0.5,4.0,256,8192,512,2048,1280,1880.638,2198.245,1849.569,-0.0978
mixed,8,4,0.5,4.0,256,8192,2048,8192,5120,3108.723,3111.029,2515.977,-257.0451
mixed,8,4,0.5,4.0,1024,0,128,512,320,853.775,946.642,875.342,0.2322
mixed,8,4,0.5,4.0,1024,0,512,2048,1280,1292.502,1658.714,1372.822,0.2193
mixed,8,4,0.5,4.0,1024,0,2048,8192,5120,2734.861,2743.182,2333.194,-48.2715
mixed,8,4,0.5,4.0,1024,512,128,512,320,1286.327,1379.767,1312.533,0.2805
mixed,8,4,0.5,4.0,1024,512,512,2048,1280,1678.141,2057.188,1755.453,0.204
mixed,8,4,0.5,4.0,1024,512,2048,8192,5120,3167.895,3168.599,2769.776,-565.5099
mixed,8,4,0.5,4.0,1024,2048,128,512,320,2561.421,2670.701,2581.293,0.1818
mixed,8,4,0.5,4.0,1024,2048,512,2048,1280,2974.483,3255.958,2975.378,0.0032
mixed,8,4,0.5,4.0,1024,2048,2048,8192,5120,4397.165,4395.081,3968.388,
mixed,8,4,0.5,4.0,1024,8192,128,512,320,3947.587,4057.7,3948.997,0.0128
mixed,8,4,0.5,4.0,1024,8192,512,2048,1280,4400.588,4714.638,4426.734,0.0833
mixed,8,4,0.5,4.0,1024,8192,2048,8192,5120,5617.246,5621.665,5081.528,-121.2306
mixed,8,4,0.5,4.0,4096,0,128,512,320,7844.645,7948.008,7867.141,0.2176
mixed,8,4,0.5,4.0,4096,0,512,2048,1280,8250.796,8577.01,8264.653,0.0425
mixed,8,4,0.5,4.0,4096,0,2048,8192,5120,9514.148,9513.663,9076.156,
mixed,8,4,0.5,4.0,4096,512,128,512,320,9399.582,9506.177,9425.825,0.2462
mixed,8,4,0.5,4.0,4096,512,512,2048,1280,9810.442,10142.187,9813.609,0.0095
mixed,8,4,0.5,4.0,4096,512,2048,8192,5120,11093.758,11072.639,10630.103,
mixed,8,4,0.5,4.0,4096,2048,128,512,320,12853.757,12942.496,12655.382,-2.2355
mixed,8,4,0.5,4.0,4096,2048,512,2048,1280,12997.982,13268.16,12893.05,-0.3884
mixed,8,4,0.5,4.0,4096,2048,2048,8192,5120,14057.71,13819.023,13388.936,
mixed,8,4,0.5,4.0,4096,8192,128,512,320,14416.663,13886.955,13833.483,
mixed,8,4,0.5,4.0,4096,8192,512,2048,1280,14241.011,14575.448,13940.078,-0.8998
mixed,8,4,0.5,4.0,4096,8192,2048,8192,5120,15332.614,15329.703,15943.021,
pure,8,6,0.75,4.0,0,0,128,512,416,240.197,287.493,280.484,0.8518
pure,8,6,0.75,4.0,0,0,512,2048,1664,795.884,955.378,942.961,0.9221
pure,8,6,0.75,4.0,0,0,2048,8192,6656,1891.106,1890.753,1889.986,
mixed,8,6,0.75,4.0,16,0,128,512,416,275.812,325.157,300.39,0.4981
mixed,8,6,0.75,4.0,16,0,512,2048,1664,809.262,971.216,944.144,0.8328
mixed,8,6,0.75,4.0,16,0,2048,8192,6656,1898.078,1894.21,1890.687,
mixed,8,6,0.75,4.0,16,512,128,512,416,346.439,396.454,303.814,-0.8522
mixed,8,6,0.75,4.0,16,512,512,2048,1664,880.528,1040.208,945.968,0.4098
mixed,8,6,0.75,4.0,16,512,2048,8192,6656,1973.985,1971.363,1890.56,
mixed,8,6,0.75,4.0,16,2048,128,512,416,559.784,610.73,558.282,-0.0295
mixed,8,6,0.75,4.0,16,2048,512,2048,1664,1098.579,1259.768,951.535,-0.9122
mixed,8,6,0.75,4.0,16,2048,2048,8192,6656,2215.972,2218.535,1900.961,-122.9071
mixed,8,6,0.75,4.0,16,8192,128,512,416,873.07,926.96,871.825,-0.0231
mixed,8,6,0.75,4.0,16,8192,512,2048,1664,1431.288,1591.195,1375.64,-0.348
mixed,8,6,0.75,4.0,16,8192,2048,8192,6656,2493.515,2496.458,1908.446,-198.8002
mixed,8,6,0.75,4.0,64,0,128,512,416,277.541,327.654,300.934,0.4668
mixed,8,6,0.75,4.0,64,0,512,2048,1664,810.574,971.12,943.919,0.8306
mixed,8,6,0.75,4.0,64,0,2048,8192,6656,1894.496,1894.975,1891.361,-6.5449
mixed,8,6,0.75,4.0,64,512,128,512,416,347.844,397.607,306.373,-0.8334
mixed,8,6,0.75,4.0,64,512,512,2048,1664,884.142,1044.402,947.92,0.398
mixed,8,6,0.75,4.0,64,512,2048,8192,6656,1972.546,1974.018,1884.609,-59.7398
mixed,8,6,0.75,4.0,64,2048,128,512,416,562.794,612.234,561.288,-0.0305
mixed,8,6,0.75,4.0,64,2048,512,2048,1664,1098.545,1256.184,950.769,-0.9374
mixed,8,6,0.75,4.0,64,2048,2048,8192,6656,2219.782,2217.126,1905.345,
mixed,8,6,0.75,4.0,64,8192,128,512,416,877.456,929.874,873.326,-0.0788
mixed,8,6,0.75,4.0,64,8192,512,2048,1664,1432.376,1599.196,1375.992,-0.338
mixed,8,6,0.75,4.0,64,8192,2048,8192,6656,2493.514,2492.907,1910.69,
mixed,8,6,0.75,4.0,256,0,128,512,416,340.39,401.638,358.95,0.303
mixed,8,6,0.75,4.0,256,0,512,2048,1664,894.32,1051.956,973.105,0.4998
mixed,8,6,0.75,4.0,256,0,2048,8192,6656,1974.21,1975.201,1924.482,-50.1796
mixed,8,6,0.75,4.0,256,512,128,512,416,458.568,520.841,462.824,0.0683
mixed,8,6,0.75,4.0,256,512,512,2048,1664,1039.954,1253.653,1056.978,0.0797
mixed,8,6,0.75,4.0,256,512,2048,8192,6656,2132.356,2130.435,2017.635,
mixed,8,6,0.75,4.0,256,2048,128,512,416,892.143,944.049,883.471,-0.1671
mixed,8,6,0.75,4.0,256,2048,512,2048,1664,1380.791,1588.348,1342.871,-0.1827
mixed,8,6,0.75,4.0,256,2048,2048,8192,6656,2541.034,2536.3,2266.759,
mixed,8,6,0.75,4.0,256,8192,128,512,416,1420.89,1457.946,1444.984,0.6502
mixed,8,6,0.75,4.0,256,8192,512,2048,1664,2043.203,2194.949,1960.132,-0.5474
mixed,8,6,0.75,4.0,256,8192,2048,8192,6656,3110.614,3111.862,2821.2,-231.9022
mixed,8,6,0.75,4.0,1024,0,128,512,416,900.625,947.568,910.446,0.2092
mixed,8,6,0.75,4.0,1024,0,512,2048,1664,1474.745,1656.349,1512.666,0.2088
mixed,8,6,0.75,4.0,1024,0,2048,8192,6656,2741.265,2738.702,2534.284,
mixed,8,6,0.75,4.0,1024,512,128,512,416,1334.615,1378.84,1346.967,0.2793
mixed,8,6,0.75,4.0,1024,512,512,2048,1664,1869.346,2058.179,1905.569,0.1918
mixed,8,6,0.75,4.0,1024,512,2048,8192,6656,3164.375,3168.31,2961.649,-51.5187
mixed,8,6,0.75,4.0,1024,2048,128,512,416,2622.412,2670.828,2634.222,0.2439
mixed,8,6,0.75,4.0,1024,2048,512,2048,1664,3117.142,3260.153,3092.694,-0.171
mixed,8,6,0.75,4.0,1024,2048,2048,8192,6656,4394.414,4396.202,4189.543,-114.5811
mixed,8,6,0.75,4.0,1024,8192,128,512,416,4000.58,4058.376,4029.253,0.4961
mixed,8,6,0.75,4.0,1024,8192,512,2048,1664,4568.811,4718.387,4558.03,-0.0721
mixed,8,6,0.75,4.0,1024,8192,2048,8192,6656,5616.989,5624.001,5422.013,-27.806
mixed,8,6,0.75,4.0,4096,0,128,512,416,7898.09,7951.687,7909.479,0.2125
mixed,8,6,0.75,4.0,4096,0,512,2048,1664,8417.294,8580.179,8411.633,-0.0348
mixed,8,6,0.75,4.0,4096,0,2048,8192,6656,9512.678,9513.25,9297.982,-375.3427
mixed,8,6,0.75,4.0,4096,512,128,512,416,9455.522,9503.333,9469.189,0.2859
mixed,8,6,0.75,4.0,4096,512,512,2048,1664,9950.123,10121.483,9970.476,0.1188
mixed,8,6,0.75,4.0,4096,512,2048,8192,6656,11077.723,11077.055,10845.498,
mixed,8,6,0.75,4.0,4096,2048,128,512,416,12903.833,12724.409,12690.621,
mixed,8,6,0.75,4.0,4096,2048,512,2048,1664,13131.617,13269.282,13356.355,1.6325
mixed,8,6,0.75,4.0,4096,2048,2048,8192,6656,14420.664,13824.939,13597.576,
mixed,8,6,0.75,4.0,4096,8192,128,512,416,13854.542,13888.237,14487.252,18.7776
mixed,8,6,0.75,4.0,4096,8192,512,2048,1664,14534.872,14575.898,14452.698,-2.003
mixed,8,6,0.75,4.0,4096,8192,2048,8192,6656,15453.734,15084.804,14935.202,
pure,8,7,0.875,4.0,0,0,128,512,464,241.156,285.734,302.951,1.3862
pure,8,7,0.875,4.0,0,0,512,2048,1856,852.655,955.473,949.521,0.9421
pure,8,7,0.875,4.0,0,0,2048,8192,7424,1888.993,1887.008,1887.936,
mixed,8,7,0.875,4.0,16,0,128,512,464,277.508,324.613,309.925,0.6882
mixed,8,7,0.875,4.0,16,0,512,2048,1856,866.382,969.873,951.279,0.8203
mixed,8,7,0.875,4.0,16,0,2048,8192,7424,1889.54,1891.424,1887.713,-0.9697
mixed,8,7,0.875,4.0,16,512,128,512,464,347.366,397.064,343.302,-0.0818
mixed,8,7,0.875,4.0,16,512,512,2048,1856,937.168,1040.05,950.705,0.1316
mixed,8,7,0.875,4.0,16,512,2048,8192,7424,1972.513,1971.745,1944.961,
mixed,8,7,0.875,4.0,16,2048,128,512,464,562.857,610.412,604.394,0.8735
mixed,8,7,0.875,4.0,16,2048,512,2048,1856,1152.691,1256.212,1038.322,-1.1048
mixed,8,7,0.875,4.0,16,2048,2048,8192,7424,2213.446,2216.453,2189.928,-7.8211
mixed,8,7,0.875,4.0,16,8192,128,512,464,875.053,930.319,918.734,0.7904
mixed,8,7,0.875,4.0,16,8192,512,2048,1856,1491.322,1597.116,1466.361,-0.2359
mixed,8,7,0.875,4.0,16,8192,2048,8192,7424,2494.189,2494.154,2216.646,
mixed,8,7,0.875,4.0,64,0,128,512,464,279.91,327.141,311.525,0.6694
mixed,8,7,0.875,4.0,64,0,512,2048,1856,867.439,971.952,949.168,0.782
mixed,8,7,0.875,4.0,64,0,2048,8192,7424,1898.721,1895.745,1884.737,
mixed,8,7,0.875,4.0,64,512,128,512,464,349.956,397.542,343.685,-0.1318
mixed,8,7,0.875,4.0,64,512,512,2048,1856,940.08,1044.658,949.103,0.0863
mixed,8,7,0.875,4.0,64,512,2048,8192,7424,1975.074,1977.248,1941.953,-15.2351
mixed,8,7,0.875,4.0,64,2048,128,512,464,564.81,612.298,606.474,0.8774
mixed,8,7,0.875,4.0,64,2048,512,2048,1856,1154.004,1256.597,1041.297,-1.0986
mixed,8,7,0.875,4.0,64,2048,2048,8192,7424,2219.431,2218.118,2185.126,
mixed,8,7,0.875,4.0,64,8192,128,512,464,881.039,930.16,923.793,0.8704
mixed,8,7,0.875,4.0,64,8192,512,2048,1856,1493.37,1587.963,1469.051,-0.2571
mixed,8,7,0.875,4.0,64,8192,2048,8192,7424,2493.643,2494.538,2215.559,-310.7084
mixed,8,7,0.875,4.0,256,0,128,512,464,342.63,401.64,383.495,0.6925
mixed,8,7,0.875,4.0,256,0,512,2048,1856,947.759,1052.914,1018.322,0.671
mixed,8,7,0.875,4.0,256,0,2048,8192,7424,1974.337,1976.129,1945.666,-15.9994
mixed,8,7,0.875,4.0,256,512,128,512,464,461.48,521.225,471.975,0.1757
mixed,8,7,0.875,4.0,256,512,512,2048,1856,1119.027,1250.357,1150.036,0.2361
mixed,8,7,0.875,4.0,256,512,2048,8192,7424,2138.116,2141.765,2113.541,-6.7347
mixed,8,7,0.875,4.0,256,2048,128,512,464,897.904,944.016,908.847,0.2373
mixed,8,7,0.875,4.0,256,2048,512,2048,1856,1460.73,1589.66,1375.67,-0.6597
mixed,8,7,0.875,4.0,256,2048,2048,8192,7424,2543.822,2534.891,2520.908,
mixed,8,7,0.875,4.0,256,8192,128,512,464,1422.33,1463.225,1452.344,0.7339
mixed,8,7,0.875,4.0,256,8192,512,2048,1856,2102.852,2196.486,2026.722,-0.8131
mixed,8,7,0.875,4.0,256,8192,2048,8192,7424,3113.493,3111.188,2850.897,
mixed,8,7,0.875,4.0,1024,0,128,512,464,902.51,945.328,927.088,0.574
mixed,8,7,0.875,4.0,1024,0,512,2048,1856,1538.395,1659.643,1585.883,0.3917
mixed,8,7,0.875,4.0,1024,0,2048,8192,7424,2740.178,2740.015,2624.782,
mixed,8,7,0.875,4.0,1024,512,128,512,464,1338.87,1381.688,1364.695,0.6031
mixed,8,7,0.875,4.0,1024,512,512,2048,1856,1925.44,2055.941,1980.898,0.425
mixed,8,7,0.875,4.0,1024,512,2048,8192,7424,3165.718,3161.11,3064.371,
mixed,8,7,0.875,4.0,1024,2048,128,512,464,2622.191,2669.036,2651.344,0.6223
mixed,8,7,0.875,4.0,1024,2048,512,2048,1856,3176.373,3257.688,3189.912,0.1665
mixed,8,7,0.875,4.0,1024,2048,2048,8192,7424,4393.805,4393.547,4278.791,
mixed,8,7,0.875,4.0,1024,8192,128,512,464,4006.501,4059.015,4046.981,0.7708
mixed,8,7,0.875,4.0,1024,8192,512,2048,1856,4618.992,4717.395,4683.409,0.6546
mixed,8,7,0.875,4.0,1024,8192,2048,8192,7424,5622.977,5616.802,5616.414,
mixed,8,7,0.875,4.0,4096,0,128,512,464,7898.92,7944.52,7925.962,0.593
mixed,8,7,0.875,4.0,4096,0,512,2048,1856,8472.336,8578.068,8505.361,0.3123
mixed,8,7,0.875,4.0,4096,0,2048,8192,7424,9506.21,9508.992,9404.256,-36.6477
mixed,8,7,0.875,4.0,4096,512,128,512,464,9454.881,9507.108,9491.012,0.6918
mixed,8,7,0.875,4.0,4096,512,512,2048,1856,10015.631,10123.631,10044.428,0.2666
mixed,8,7,0.875,4.0,4096,512,2048,8192,7424,11075.134,11073.278,10960.477,
mixed,8,7,0.875,4.0,4096,2048,128,512,464,12902.363,12945.759,12705.628,-4.5335
mixed,8,7,0.875,4.0,4096,2048,512,2048,1856,13182.946,13270.277,13424.52,2.7662
mixed,8,7,0.875,4.0,4096,2048,2048,8192,7424,14416.571,13822.124,13712.937,
mixed,8,7,0.875,4.0,4096,8192,128,512,464,13854.667,13885.614,14495.098,20.6944
mixed,8,7,0.875,4.0,4096,8192,512,2048,1856,14599.994,14459.288,14395.734,
mixed,8,7,0.875,4.0,4096,8192,2048,8192,7424,15328.326,15089.028,15012.511,
pure,32,1,0.0312,4.0,0,0,128,512,140,476.905,1069.938,559.273,0.1389
pure,32,1,0.0312,4.0,0,0,512,2048,560,1166.196,3735.681,1367.063,0.0782
pure,32,1,0.0312,4.0,0,0,2048,8192,2240,3965.382,7456.48,4158.662,0.0554
mixed,32,1,0.0312,4.0,16,0,128,512,140,510.601,1152.211,555.818,0.0705
mixed,32,1,0.0312,4.0,16,0,512,2048,560,1167.285,3742.177,1366.583,0.0774
mixed,32,1,0.0312,4.0,16,0,2048,8192,2240,3971.78,7452.033,4148.552,0.0508
mixed,32,1,0.0312,4.0,16,512,128,512,140,568.266,1155.605,577.834,0.0163
mixed,32,1,0.0312,4.0,16,512,512,2048,560,1168.435,3750.687,1381.976,0.0827
mixed,32,1,0.0312,4.0,16,512,2048,8192,2240,3985.666,7485.695,4175.911,0.0544
mixed,32,1,0.0312,4.0,16,2048,128,512,140,823.534,1383.032,849.677,0.0467
mixed,32,1,0.0312,4.0,16,2048,512,2048,560,1391.704,3744.13,1470.202,0.0334
mixed,32,1,0.0312,4.0,16,2048,2048,8192,2240,3965.764,7497.377,4191.046,0.0638
mixed,32,1,0.0312,4.0,16,8192,128,512,140,1170.772,1810.4,1191.988,0.0332
mixed,32,1,0.0312,4.0,16,8192,512,2048,560,1824.639,4177.543,1905.599,0.0344
mixed,32,1,0.0312,4.0,16,8192,2048,8192,2240,4394.54,7478.688,4192.615,-0.0655
mixed,32,1,0.0312,4.0,64,0,128,512,140,512.266,1153.97,556.682,0.0692
mixed,32,1,0.0312,4.0,64,0,512,2048,560,1167.573,3740.8,1366.169,0.0772
mixed,32,1,0.0312,4.0,64,0,2048,8192,2240,3972.196,7457.12,4161.897,0.0544
mixed,32,1,0.0312,4.0,64,512,128,512,140,570.955,1157.522,580.362,0.016
mixed,32,1,0.0312,4.0,64,512,512,2048,560,1168.596,3750.208,1382.233,0.0828
mixed,32,1,0.0312,4.0,64,512,2048,8192,2240,3985.379,7488.257,4170.696,0.0529
mixed,32,1,0.0312,4.0,64,2048,128,512,140,827.087,1388.47,854.768,0.0493
mixed,32,1,0.0312,4.0,64,2048,512,2048,560,1396.218,3745.408,1472.602,0.0325
mixed,32,1,0.0312,4.0,64,2048,2048,8192,2240,3965.252,7494.016,4175.144,0.0595
mixed,32,1,0.0312,4.0,64,8192,128,512,140,1172.788,1808.799,1191.093,0.0288
mixed,32,1,0.0312,4.0,64,8192,512,2048,560,1825.376,4178.664,1907.169,0.0348
mixed,32,1,0.0312,4.0,64,8192,2048,8192,2240,4405.036,7479.363,4193.736,-0.0687
mixed,32,1,0.0312,4.0,256,0,128,512,140,609.516,1228.726,650.923,0.0669
mixed,32,1,0.0312,4.0,256,0,512,2048,560,1242.296,3848.065,1474.426,0.0891
mixed,32,1,0.0312,4.0,256,0,2048,8192,2240,4080.582,7573.377,4255.336,0.05
mixed,32,1,0.0312,4.0,256,512,128,512,140,751.149,1330.71,763.022,0.0205
mixed,32,1,0.0312,4.0,256,512,512,2048,560,1340.313,3883.941,1558.907,0.0859
mixed,32,1,0.0312,4.0,256,512,2048,8192,2240,4117.99,7656.195,4284.969,0.0472
mixed,32,1,0.0312,4.0,256,2048,128,512,140,1194.422,1776.703,1206.708,0.0211
mixed,32,1,0.0312,4.0,256,2048,512,2048,560,1792.223,4120.392,1855.104,0.027
mixed,32,1,0.0312,4.0,256,2048,2048,8192,2240,4340.585,7795.879,4562.927,0.0643
mixed,32,1,0.0312,4.0,256,8192,128,512,140,1772.829,2448.041,1784.479,0.0173
mixed,32,1,0.0312,4.0,256,8192,512,2048,560,2467.338,4860.918,2495.212,0.0116
mixed,32,1,0.0312,4.0,256,8192,2048,8192,2240,5087.449,8127.082,4863.155,-0.0738
mixed,32,1,0.0312,4.0,1024,0,128,512,140,1330.967,1917.313,1345.24,0.0243
mixed,32,1,0.0312,4.0,1024,0,512,2048,560,1929.632,4536.842,2123.91,0.0745
mixed,32,1,0.0312,4.0,1024,0,2048,8192,2240,4774.962,8230.605,4948.663,0.0503
mixed,32,1,0.0312,4.0,1024,512,128,512,140,1765.695,2341.48,1779.393,0.0238
mixed,32,1,0.0312,4.0,1024,512,512,2048,560,2356.04,4925.268,2507.37,0.0589
mixed,32,1,0.0312,4.0,1024,512,2048,8192,2240,5164.025,8721.076,5311.29,0.0414
mixed,32,1,0.0312,4.0,1024,2048,128,512,140,3051.094,3661.855,3063.507,0.0203
mixed,32,1,0.0312,4.0,1024,2048,512,2048,560,3669.726,6076.583,3732.896,0.0262
mixed,32,1,0.0312,4.0,1024,2048,2048,8192,2240,6308.812,9920.073,6500.399,0.0531
mixed,32,1,0.0312,4.0,1024,8192,128,512,140,4439.404,5113.143,4453.804,0.0214
mixed,32,1,0.0312,4.0,1024,8192,512,2048,560,5124.215,7585.505,5183.098,0.0239
mixed,32,1,0.0312,4.0,1024,8192,2048,8192,2240,7811.718,10976.443,7682.434,-0.0409
mixed,32,1,0.0312,4.0,4096,0,128,512,140,8927.034,9528.516,8941.016,0.0232
mixed,32,1,0.0312,4.0,4096,0,512,2048,560,9542.017,11988.684,9609.059,0.0274
mixed,32,1,0.0312,4.0,4096,0,2048,8192,2240,12218.388,15563.592,12119.952,-0.0294
mixed,32,1,0.0312,4.0,4096,512,128,512,140,10493.297,11089.341,10507.061,0.0231
mixed,32,1,0.0312,4.0,4096,512,512,2048,560,11099.934,13550.887,11161.311,0.025
mixed,32,1,0.0312,4.0,4096,512,2048,8192,2240,13792.588,16648.57,12576.152,-0.4259
mixed,32,1,0.0312,4.0,4096,2048,128,512,140,13948.813,14423.669,13352.711,-1.2553
mixed,32,1,0.0312,4.0,4096,2048,512,2048,560,13835.149,16842.111,14487.768,0.217
mixed,32,1,0.0312,4.0,4096,2048,2048,8192,2240,17315.656,20627.711,14979.362,-0.7054
mixed,32,1,0.0312,4.0,4096,8192,128,512,140,13506.439,16150.516,14392.47,0.3351
mixed,32,1,0.0312,4.0,4096,8192,512,2048,560,15007.521,18816.193,14597.05,-0.1078
mixed,32,1,0.0312,4.0,4096,8192,2048,8192,2240,17124.067,22380.702,17693.906,0.1084
pure,32,2,0.0625,4.0,0,0,128,512,152,459.4,1029.457,563.178,0.182
pure,32,2,0.0625,4.0,0,0,512,2048,608,1175.893,3737.759,1461.017,0.1113
pure,32,2,0.0625,4.0,0,0,2048,8192,2432,4381.034,7452.383,4171.302,-0.0683
mixed,32,2,0.0625,4.0,16,0,128,512,152,512.007,1154.643,573.001,0.0949
mixed,32,2,0.0625,4.0,16,0,512,2048,608,1178.962,3740.609,1458.779,0.1092
mixed,32,2,0.0625,4.0,16,0,2048,8192,2432,4385.737,7455.998,4174.887,-0.0687
mixed,32,2,0.0625,4.0,16,512,128,512,152,569.482,1156.275,602.923,0.057
mixed,32,2,0.0625,4.0,16,512,512,2048,608,1178.898,3750.433,1467.93,0.1124
mixed,32,2,0.0625,4.0,16,512,2048,8192,2432,4399.756,7480.962,4190.155,-0.068
mixed,32,2,0.0625,4.0,16,2048,128,512,152,825.102,1383.574,864.398,0.0704
mixed,32,2,0.0625,4.0,16,2048,512,2048,608,1397.56,3747.521,1563.835,0.0708
mixed,32,2,0.0625,4.0,16,2048,2048,8192,2432,4374.349,7488.385,4187.24,-0.0601
mixed,32,2,0.0625,4.0,16,8192,128,512,152,1172.405,1806.528,1210.869,0.0607
mixed,32,2,0.0625,4.0,16,8192,512,2048,608,1834.719,4171.4,1939.585,0.0449
mixed,32,2,0.0625,4.0,16,8192,2048,8192,2432,4807.474,7474.366,4476.621,-0.1241
mixed,32,2,0.0625,4.0,64,0,128,512,152,513.321,1154.002,573.994,0.0947
mixed,32,2,0.0625,4.0,64,0,512,2048,608,1179.698,3742.273,1462.201,0.1102
mixed,32,2,0.0625,4.0,64,0,2048,8192,2432,4384.971,7467.583,4182.058,-0.0658
mixed,32,2,0.0625,4.0,64,512,128,512,152,572.171,1157.876,605.291,0.0565
mixed,32,2,0.0625,4.0,64,512,512,2048,608,1179.222,3750.879,1469.849,0.113
mixed,32,2,0.0625,4.0,64,512,2048,8192,2432,4401.513,7486.495,4192.232,-0.0678
mixed,32,2,0.0625,4.0,64,2048,128,512,152,827.534,1387.191,867.599,0.0716
mixed,32,2,0.0625,4.0,64,2048,512,2048,608,1402.072,3745.729,1560.7,0.0677
mixed,32,2,0.0625,4.0,64,2048,2048,8192,2432,4372.331,7494.271,4191.56,-0.0579
mixed,32,2,0.0625,4.0,64,8192,128,512,152,1176.181,1812.255,1215.381,0.0616
mixed,32,2,0.0625,4.0,64,8192,512,2048,608,1837.887,4186.376,1944.225,0.0453
mixed,32,2,0.0625,4.0,64,8192,2048,8192,2432,4813.266,7481.023,4471.275,-0.1282
mixed,32,2,0.0625,4.0,256,0,128,512,152,610.505,1229.621,669.581,0.0954
mixed,32,2,0.0625,4.0,256,0,512,2048,608,1253.684,3847.97,1542.044,0.1112
mixed,32,2,0.0625,4.0,256,0,2048,8192,2432,4497.26,7574.561,4286.6,-0.0685
mixed,32,2,0.0625,4.0,256,512,128,512,152,751.053,1328.727,779.471,0.0492
mixed,32,2,0.0625,4.0,256,512,512,2048,608,1350.872,3885.697,1640.38,0.1142
mixed,32,2,0.0625,4.0,256,512,2048,8192,2432,4525.071,7652.003,4441.132,-0.0268
mixed,32,2,0.0625,4.0,256,2048,128,512,152,1199.319,1775.742,1224.725,0.0441
mixed,32,2,0.0625,4.0,256,2048,512,2048,608,1796.286,4117.639,1927.266,0.0564
mixed,32,2,0.0625,4.0,256,2048,2048,8192,2432,4805.651,7841.541,4580.496,-0.0742
mixed,32,2,0.0625,4.0,256,8192,128,512,152,1768.83,2452.267,1806.528,0.0552
mixed,32,2,0.0625,4.0,256,8192,512,2048,608,2475.053,4848.629,2589.164,0.0481
mixed,32,2,0.0625,4.0,256,8192,2048,8192,2432,5505.47,8139.567,5138.584,-0.1393
mixed,32,2,0.0625,4.0,1024,0,128,512,152,1333.303,1916.833,1361.973,0.0491
mixed,32,2,0.0625,4.0,1024,0,512,2048,608,1938.592,4539.276,2197.093,0.0994
mixed,32,2,0.0625,4.0,1024,0,2048,8192,2432,5192.121,8227.053,5050.039,-0.0468
mixed,32,2,0.0625,4.0,1024,512,128,512,152,1766.301,2344.36,1798.335,0.0554
mixed,32,2,0.0625,4.0,1024,512,512,2048,608,2366.504,4920.306,2594.606,0.0893
mixed,32,2,0.0625,4.0,1024,512,2048,8192,2432,5586.048,8717.43,5426.718,-0.0509
mixed,32,2,0.0625,4.0,1024,2048,128,512,152,3051.187,3661.95,3081.971,0.0504
mixed,32,2,0.0625,4.0,1024,2048,512,2048,608,3680.448,6080.168,3808.704,0.0534
mixed,32,2,0.0625,4.0,1024,2048,2048,8192,2432,6711.633,9912.2,6607.92,-0.0324
mixed,32,2,0.0625,4.0,1024,8192,128,512,152,4439.693,5108.184,4469.262,0.0442
mixed,32,2,0.0625,4.0,1024,8192,512,2048,608,5122.232,7574.05,5260.282,0.0563
mixed,32,2,0.0625,4.0,1024,8192,2048,8192,2432,8236.427,10977.915,7781.446,-0.166
mixed,32,2,0.0625,4.0,4096,0,128,512,152,8930.01,9529.986,8961.143,0.0519
mixed,32,2,0.0625,4.0,4096,0,512,2048,608,9547.779,11990.415,9680.677,0.0544
mixed,32,2,0.0625,4.0,4096,0,2048,8192,2432,12646.362,15566.954,12249.425,-0.1359
mixed,32,2,0.0625,4.0,4096,512,128,512,152,10492.339,11086.143,10528.854,0.0615
mixed,32,2,0.0625,4.0,4096,512,512,2048,608,11101.631,13556.71,10954.429,-0.06
mixed,32,2,0.0625,4.0,4096,512,2048,8192,2432,14223.636,17080.741,12696.41,-0.5345
mixed,32,2,0.0625,4.0,4096,2048,128,512,152,12810.169,13276.609,13955.055,2.4545
mixed,32,2,0.0625,4.0,4096,2048,512,2048,608,14443.929,17069.923,14544.346,0.0382
mixed,32,2,0.0625,4.0,4096,2048,2048,8192,2432,17745.165,18832.352,15780.971,-1.8067
mixed,32,2,0.0625,4.0,4096,8192,128,512,152,15503.659,16150.968,14528.76,-1.5061
mixed,32,2,0.0625,4.0,4096,8192,512,2048,608,15136.516,17459.563,15150.753,0.0061
mixed,32,2,0.0625,4.0,4096,8192,2048,8192,2432,18081.721,19820.596,16849.507,-0.7086
pure,32,3,0.0938,4.0,0,0,128,512,164,519.048,1154.261,584.202,0.1026
pure,32,3,0.0938,4.0,0,0,512,2048,656,1376.984,3736.962,1493.08,0.0492
pure,32,3,0.0938,4.0,0,0,2048,8192,2624,4612.048,7454.306,4190.44,-0.1483
mixed,32,3,0.0938,4.0,16,0,128,512,164,516.617,1153.332,594.925,0.123
mixed,32,3,0.0938,4.0,16,0,512,2048,656,1380.152,3741.921,1507.705,0.054
mixed,32,3,0.0938,4.0,16,0,2048,8192,2624,4612.015,7454.305,4188.839,-0.1489
mixed,32,3,0.0938,4.0,16,512,128,512,164,572.138,1155.797,617.069,0.077
mixed,32,3,0.0938,4.0,16,512,512,2048,656,1373.466,3751.074,1557.691,0.0775
mixed,32,3,0.0938,4.0,16,512,2048,8192,2624,4633.553,7488.544,4320.395,-0.1097
mixed,32,3,0.0938,4.0,16,2048,128,512,164,828.943,1383.479,874.865,0.0828
mixed,32,3,0.0938,4.0,16,2048,512,2048,656,1575.707,3746.209,1604.699,0.0134
mixed,32,3,0.0938,4.0,16,2048,2048,8192,2624,4611.825,7503.841,4466.957,-0.0501
mixed,32,3,0.0938,4.0,16,8192,128,512,164,1176.309,1810.815,1234.806,0.0922
mixed,32,3,0.0938,4.0,16,8192,512,2048,656,2045.188,4185.576,2045.252,0.0
mixed,32,3,0.0938,4.0,16,8192,2048,8192,2624,5025.846,7473.824,4493.87,-0.2173
mixed,32,3,0.0938,4.0,64,0,128,512,164,517.673,1154.55,597.993,0.1261
mixed,32,3,0.0938,4.0,64,0,512,2048,656,1383.0,3740.287,1505.851,0.0521
mixed,32,3,0.0938,4.0,64,0,2048,8192,2624,4616.08,7457.952,4203.016,-0.1453
mixed,32,3,0.0938,4.0,64,512,128,512,164,575.435,1156.948,618.505,0.0741
mixed,32,3,0.0938,4.0,64,512,512,2048,656,1375.191,3752.415,1561.946,0.0786
mixed,32,3,0.0938,4.0,64,512,2048,8192,2624,4633.069,7488.737,4322.379,-0.1088
mixed,32,3,0.0938,4.0,64,2048,128,512,164,831.022,1386.775,881.519,0.0909
mixed,32,3,0.0938,4.0,64,2048,512,2048,656,1578.809,3745.536,1599.003,0.0093
mixed,32,3,0.0938,4.0,64,2048,2048,8192,2624,4605.392,7495.009,4478.444,-0.0439
mixed,32,3,0.0938,4.0,64,8192,128,512,164,1179.605,1812.032,1238.55,0.0932
mixed,32,3,0.0938,4.0,64,8192,512,2048,656,2047.714,4184.424,2042.755,-0.0023
mixed,32,3,0.0938,4.0,64,8192,2048,8192,2624,5033.236,7478.721,4491.502,-0.2215
mixed,32,3,0.0938,4.0,256,0,128,512,164,613.259,1229.399,689.228,0.1233
mixed,32,3,0.0938,4.0,256,0,512,2048,656,1449.24,3846.403,1619.163,0.0709
mixed,32,3,0.0938,4.0,256,0,2048,8192,2624,4731.889,7573.251,4352.235,-0.1336
mixed,32,3,0.0938,4.0,256,512,128,512,164,754.445,1329.4,797.678,0.0752
mixed,32,3,0.0938,4.0,256,512,512,2048,656,1547.611,3880.162,1717.565,0.0729
mixed,32,3,0.0938,4.0,256,512,2048,8192,2624,4758.065,7651.266,4598.382,-0.0552
mixed,32,3,0.0938,4.0,256,2048,128,512,164,1200.437,1778.654,1242.133,0.0721
mixed,32,3,0.0938,4.0,256,2048,512,2048,656,1983.587,4118.92,1991.621,0.0038
mixed,32,3,0.0938,4.0,256,2048,2048,8192,2624,5041.975,7739.974,4862.546,-0.0665
mixed,32,3,0.0938,4.0,256,8192,128,512,164,1777.918,2453.484,1829.983,0.0771
mixed,32,3,0.0938,4.0,256,8192,512,2048,656,2623.117,4851.252,2654.926,0.0143
mixed,32,3,0.0938,4.0,256,8192,2048,8192,2624,5745.443,8138.218,5175.992,-0.238
mixed,32,3,0.0938,4.0,1024,0,128,512,164,1334.296,1917.985,1380.79,0.0797
mixed,32,3,0.0938,4.0,1024,0,512,2048,656,2146.63,4538.318,2276.2,0.0542
mixed,32,3,0.0938,4.0,1024,0,2048,8192,2624,5429.566,8243.341,5168.471,-0.0928
mixed,32,3,0.0938,4.0,1024,512,128,512,164,1769.116,2341.353,1817.118,0.0839
mixed,32,3,0.0938,4.0,1024,512,512,2048,656,2554.669,4923.06,2676.269,0.0513
mixed,32,3,0.0938,4.0,1024,512,2048,8192,2624,5824.356,8708.116,5533.119,-0.101
mixed,32,3,0.0938,4.0,1024,2048,128,512,164,3053.909,3660.673,3103.733,0.0821
mixed,32,3,0.0938,4.0,1024,2048,512,2048,656,3866.784,6075.465,3879.971,0.006
mixed,32,3,0.0938,4.0,1024,2048,2048,8192,2624,6946.552,9917.772,6718.837,-0.0766
mixed,32,3,0.0938,4.0,1024,8192,128,512,164,4442.701,5108.6,4494.639,0.078
mixed,32,3,0.0938,4.0,1024,8192,512,2048,656,5328.349,7580.321,5339.708,0.005
mixed,32,3,0.0938,4.0,1024,8192,2048,8192,2624,8468.496,10963.77,7863.558,-0.2424
mixed,32,3,0.0938,4.0,4096,0,128,512,164,8927.031,9521.189,8972.665,0.0768
mixed,32,3,0.0938,4.0,4096,0,512,2048,656,9720.712,11970.128,9754.887,0.0152
mixed,32,3,0.0938,4.0,4096,0,2048,8192,2624,12885.949,15295.432,12162.671,-0.3002
mixed,32,3,0.0938,4.0,4096,512,128,512,164,10497.879,11085.215,10542.708,0.0763
mixed,32,3,0.0938,4.0,4096,512,512,2048,656,11293.825,13553.674,11032.094,-0.1158
mixed,32,3,0.0938,4.0,4096,512,2048,8192,2624,14099.216,16372.919,13328.452,-0.339
mixed,32,3,0.0938,4.0,4096,2048,128,512,164,13349.092,14425.403,13392.134,0.04
mixed,32,3,0.0938,4.0,4096,2048,512,2048,656,13986.416,16361.052,13435.975,-0.2318
mixed,32,3,0.0938,4.0,4096,2048,2048,8192,2624,16554.843,18695.294,15764.653,-0.3692
mixed,32,3,0.0938,4.0,4096,8192,128,512,164,15505.259,16158.361,15027.939,-0.7309
mixed,32,3,0.0938,4.0,4096,8192,512,2048,656,15447.37,17739.665,14643.997,-0.3505
mixed,32,3,0.0938,4.0,4096,8192,2048,8192,2624,17599.087,19669.62,16687.871,-0.4401
pure,32,4,0.125,4.0,0,0,128,512,176,453.96,1152.276,604.075,0.215
pure,32,4,0.125,4.0,0,0,512,2048,704,1388.055,3736.8,1590.395,0.0861
pure,32,4,0.125,4.0,0,0,2048,8192,2816,5025.685,7449.504,4459.967,-0.2334
mixed,32,4,0.125,4.0,16,0,128,512,176,518.423,1153.302,611.55,0.1467
mixed,32,4,0.125,4.0,16,0,512,2048,704,1391.586,3740.241,1592.332,0.0855
mixed,32,4,0.125,4.0,16,0,2048,8192,2816,5029.805,7456.541,4467.569,-0.2317
mixed,32,4,0.125,4.0,16,512,128,512,176,574.139,1156.055,632.319,0.1
mixed,32,4,0.125,4.0,16,512,512,2048,704,1387.04,3755.279,1597.259,0.0888
mixed,32,4,0.125,4.0,16,512,2048,8192,2816,5054.636,7495.84,4485.043,-0.2333
mixed,32,4,0.125,4.0,16,2048,128,512,176,830.598,1384.129,895.244,0.1168
mixed,32,4,0.125,4.0,16,2048,512,2048,704,1585.003,3749.007,1695.791,0.0512
mixed,32,4,0.125,4.0,16,2048,2048,8192,2816,5048.714,7502.173,4490.736,-0.2274
mixed,32,4,0.125,4.0,16,8192,128,512,176,1176.759,1809.844,1252.827,0.1202
mixed,32,4,0.125,4.0,16,8192,512,2048,704,2053.631,4184.228,2133.507,0.0375
mixed,32,4,0.125,4.0,16,8192,2048,8192,2816,5420.378,7481.561,4503.918,-0.4446
mixed,32,4,0.125,4.0,64,0,128,512,176,519.416,1153.686,612.605,0.1469
mixed,32,4,0.125,4.0,64,0,512,2048,704,1394.4,3739.371,1592.872,0.0846
mixed,32,4,0.125,4.0,64,0,2048,8192,2816,5031.495,7452.34,4473.357,-0.2306
mixed,32,4,0.125,4.0,64,512,128,512,176,576.795,1156.947,634.524,0.0995
mixed,32,4,0.125,4.0,64,512,512,2048,704,1385.824,3753.738,1598.12,0.0897
mixed,32,4,0.125,4.0,64,512,2048,8192,2816,5055.591,7493.267,4496.939,-0.2292
mixed,32,4,0.125,4.0,64,2048,128,512,176,833.477,1388.224,897.993,0.1163
mixed,32,4,0.125,4.0,64,2048,512,2048,704,1587.113,3748.171,1697.196,0.0509
mixed,32,4,0.125,4.0,64,2048,2048,8192,2816,5046.117,7497.971,4487.305,-0.2279
mixed,32,4,0.125,4.0,64,8192,128,512,176,1181.27,1811.539,1258.04,0.1218
mixed,32,4,0.125,4.0,64,8192,512,2048,704,2057.82,4187.868,2134.272,0.0359
mixed,32,4,0.125,4.0,64,8192,2048,8192,2816,5435.475,7477.904,4504.042,-0.456
mixed,32,4,0.125,4.0,256,0,128,512,176,615.643,1230.391,705.826,0.1467
mixed,32,4,0.125,4.0,256,0,512,2048,704,1457.696,3846.446,1681.005,0.0935
mixed,32,4,0.125,4.0,256,0,2048,8192,2816,5150.918,7573.553,4586.063,-0.2332
mixed,32,4,0.125,4.0,256,512,128,512,176,756.769,1329.915,817.156,0.1054
mixed,32,4,0.125,4.0,256,512,512,2048,704,1552.709,3885.517,1773.967,0.0948
mixed,32,4,0.125,4.0,256,512,2048,8192,2816,5177.897,7659.572,4687.886,-0.1975
mixed,32,4,0.125,4.0,256,2048,128,512,176,1201.942,1777.841,1260.025,0.1009
mixed,32,4,0.125,4.0,256,2048,512,2048,704,1988.569,4119.638,2078.62,0.0423
mixed,32,4,0.125,4.0,256,2048,2048,8192,2816,5449.552,7756.856,4885.946,-0.2443
mixed,32,4,0.125,4.0,256,8192,128,512,176,1775.888,2453.422,1851.475,0.1116
mixed,32,4,0.125,4.0,256,8192,512,2048,704,2625.971,4851.892,2725.335,0.0446
mixed,32,4,0.125,4.0,256,8192,2048,8192,2816,6159.343,8146.02,5186.049,-0.4899
mixed,32,4,0.125,4.0,1024,0,128,512,176,1337.883,1916.852,1399.005,0.1056
mixed,32,4,0.125,4.0,1024,0,512,2048,704,2154.88,4539.719,2358.888,0.0855
mixed,32,4,0.125,4.0,1024,0,2048,8192,2816,5837.629,8231.91,5277.414,-0.234
mixed,32,4,0.125,4.0,1024,512,128,512,176,1773.515,2342.407,1836.88,0.1114
mixed,32,4,0.125,4.0,1024,512,512,2048,704,2561.779,4925.143,2754.967,0.0817
mixed,32,4,0.125,4.0,1024,512,2048,8192,2816,6244.751,8709.175,5635.477,-0.2472
mixed,32,4,0.125,4.0,1024,2048,128,512,176,3057.473,3662.749,3121.701,0.1061
mixed,32,4,0.125,4.0,1024,2048,512,2048,704,3874.951,6078.886,3956.748,0.0371
mixed,32,4,0.125,4.0,1024,2048,2048,8192,2816,7368.893,9917.483,6825.767,-0.2131
mixed,32,4,0.125,4.0,1024,8192,128,512,176,4442.112,5105.754,4514.401,0.1089
mixed,32,4,0.125,4.0,1024,8192,512,2048,704,5338.504,7587.043,5442.984,0.0465
mixed,32,4,0.125,4.0,1024,8192,2048,8192,2816,8909.501,10975.734,7966.93,-0.4562
mixed,32,4,0.125,4.0,4096,0,128,512,176,8934.076,9532.183,8998.336,0.1074
mixed,32,4,0.125,4.0,4096,0,512,2048,704,9738.975,11986.012,9831.876,0.0413
mixed,32,4,0.125,4.0,4096,0,2048,8192,2816,13313.236,15176.455,11771.125,-0.8277
mixed,32,4,0.125,4.0,4096,512,128,512,176,10518.882,11084.279,10566.082,0.0835
mixed,32,4,0.125,4.0,4096,512,512,2048,704,11302.43,13554.973,11099.67,-0.09
mixed,32,4,0.125,4.0,4096,512,2048,8192,2816,14508.194,16239.981,13321.973,-0.685
mixed,32,4,0.125,4.0,4096,2048,128,512,176,13464.699,14418.465,13985.802,0.5464
mixed,32,4,0.125,4.0,4096,2048,512,2048,704,14590.919,16364.304,13490.201,-0.6207
mixed,32,4,0.125,4.0,4096,2048,2048,8192,2816,16957.447,20619.365,15373.029,-0.4327
mixed,32,4,0.125,4.0,4096,8192,128,512,176,13629.341,16159.941,14561.793,0.3685
mixed,32,4,0.125,4.0,4096,8192,512,2048,704,15330.082,18818.101,14825.233,-0.1447
mixed,32,4,0.125,4.0,4096,8192,2048,8192,2816,18118.808,22383.911,16784.319,-0.3129
pure,32,8,0.25,4.0,0,0,128,512,224,528.758,1152.847,671.741,0.2291
pure,32,8,0.25,4.0,0,0,512,2048,896,1809.418,3736.508,1852.301,0.0223
pure,32,8,0.25,4.0,0,0,2048,8192,3584,6311.27,7458.901,4791.048,-1.3247
mixed,32,8,0.25,4.0,16,0,128,512,224,526.998,1153.489,680.701,0.2453
mixed,32,8,0.25,4.0,16,0,512,2048,896,1809.932,3740.669,1885.774,0.0393
mixed,32,8,0.25,4.0,16,0,2048,8192,3584,6318.213,7454.676,4795.751,-1.3396
mixed,32,8,0.25,4.0,16,512,128,512,224,581.88,1156.592,709.501,0.2221
mixed,32,8,0.25,4.0,16,512,512,2048,896,1803.498,3752.381,1921.264,0.0604
mixed,32,8,0.25,4.0,16,512,2048,8192,3584,6342.339,7494.133,4836.389,-1.3075
mixed,32,8,0.25,4.0,16,2048,128,512,224,840.866,1382.776,974.44,0.2465
mixed,32,8,0.25,4.0,16,2048,512,2048,896,1973.937,3744.823,1955.151,-0.0106
mixed,32,8,0.25,4.0,16,2048,2048,8192,3584,6358.501,7483.282,4800.486,-1.3852
mixed,32,8,0.25,4.0,16,8192,128,512,224,1185.745,1808.683,1334.198,0.2383
mixed,32,8,0.25,4.0,16,8192,512,2048,896,2474.149,4175.915,2408.675,-0.0385
mixed,32,8,0.25,4.0,16,8192,2048,8192,3584,6638.384,7457.424,5095.088,-1.8843
mixed,32,8,0.25,4.0,64,0,128,512,224,527.222,1155.247,682.109,0.2466
mixed,32,8,0.25,4.0,64,0,512,2048,896,1810.888,3742.966,1887.755,0.0398
mixed,32,8,0.25,4.0,64,0,2048,8192,3584,6320.065,7456.399,4809.858,-1.329
mixed,32,8,0.25,4.0,64,512,128,512,224,585.847,1157.616,709.147,0.2156
mixed,32,8,0.25,4.0,64,512,512,2048,896,1805.226,3752.247,1924.396,0.0612
mixed,32,8,0.25,4.0,64,512,2048,8192,3584,6352.032,7491.594,4827.778,-1.3376
mixed,32,8,0.25,4.0,64,2048,128,512,224,841.986,1388.183,977.673,0.2484
mixed,32,8,0.25,4.0,64,2048,512,2048,896,1977.07,3747.574,1961.679,-0.0087
mixed,32,8,0.25,4.0,64,2048,2048,8192,3584,6350.205,7490.121,4809.76,-1.3514
mixed,32,8,0.25,4.0,64,8192,128,512,224,1190.639,1811.785,1337.494,0.2364
mixed,32,8,0.25,4.0,64,8192,512,2048,896,2484.323,4180.935,2421.95,-0.0368
mixed,32,8,0.25,4.0,64,8192,2048,8192,3584,6650.762,7480.074,5085.897,-1.8869
mixed,32,8,0.25,4.0,256,0,128,512,224,623.545,1231.248,779.999,0.2575
mixed,32,8,0.25,4.0,256,0,512,2048,896,1870.828,3847.707,1989.998,0.0603
mixed,32,8,0.25,4.0,256,0,2048,8192,3584,6438.365,7576.841,4948.227,-1.3089
mixed,32,8,0.25,4.0,256,512,128,512,224,763.774,1329.556,887.14,0.218
mixed,32,8,0.25,4.0,256,512,512,2048,896,1984.206,3885.978,2090.834,0.0561
mixed,32,8,0.25,4.0,256,512,2048,8192,3584,6504.769,7667.279,5102.762,-1.206
mixed,32,8,0.25,4.0,256,2048,128,512,224,1212.272,1776.294,1350.293,0.2447
mixed,32,8,0.25,4.0,256,2048,512,2048,896,2360.157,4116.481,2386.781,0.0152
mixed,32,8,0.25,4.0,256,2048,2048,8192,3584,6703.911,7874.962,5229.612,-1.259
mixed,32,8,0.25,4.0,256,8192,128,512,224,1784.197,2449.726,1950.54,0.2499
mixed,32,8,0.25,4.0,256,8192,512,2048,896,3013.108,4849.278,3065.017,0.0283
mixed,32,8,0.25,4.0,256,8192,2048,8192,3584,7403.648,8128.572,5767.104,-2.2575
mixed,32,8,0.25,4.0,1024,0,128,512,224,1342.772,1915.275,1467.865,0.2185
mixed,32,8,0.25,4.0,1024,0,512,2048,896,2578.726,4536.944,2677.419,0.0504
mixed,32,8,0.25,4.0,1024,0,2048,8192,3584,7121.91,8244.766,5681.534,-1.2828
mixed,32,8,0.25,4.0,1024,512,128,512,224,1780.965,2343.29,1910.891,0.2311
mixed,32,8,0.25,4.0,1024,512,512,2048,896,2970.417,4920.253,3060.887,0.0464
mixed,32,8,0.25,4.0,1024,512,2048,8192,3584,7561.986,8722.641,6071.976,-1.2838
mixed,32,8,0.25,4.0,1024,2048,128,512,224,3067.735,3658.539,3197.596,0.2198
mixed,32,8,0.25,4.0,1024,2048,512,2048,896,4276.133,6078.185,4247.684,-0.0158
mixed,32,8,0.25,4.0,1024,2048,2048,8192,3584,8699.344,9916.382,7276.215,-1.1693
mixed,32,8,0.25,4.0,1024,8192,128,512,224,4454.571,5109.411,4610.9,0.2387
mixed,32,8,0.25,4.0,1024,8192,512,2048,896,5755.452,7573.92,5749.533,-0.0033
mixed,32,8,0.25,4.0,1024,8192,2048,8192,3584,10150.628,10965.247,8554.436,-1.9594
mixed,32,8,0.25,4.0,4096,0,128,512,224,8942.071,9531.048,9081.817,0.2373
mixed,32,8,0.25,4.0,4096,0,512,2048,896,10133.987,11991.301,10136.931,0.0016
mixed,32,8,0.25,4.0,4096,0,2048,8192,3584,14645.803,14925.974,12182.763,-8.7912
mixed,32,8,0.25,4.0,4096,512,128,512,224,9901.526,10451.916,10639.346,1.3405
mixed,32,8,0.25,4.0,4096,512,512,2048,896,11688.09,13556.256,11693.305,0.0028
mixed,32,8,0.25,4.0,4096,512,2048,8192,3584,16214.565,17081.413,14455.874,-2.0288
mixed,32,8,0.25,4.0,4096,2048,128,512,224,13933.069,14429.023,14058.064,0.252
mixed,32,8,0.25,4.0,4096,2048,512,2048,896,15014.354,17079.584,15004.821,-0.0046
mixed,32,8,0.25,4.0,4096,2048,2048,8192,3584,18785.633,19604.031,15615.598,-3.8735
mixed,32,8,0.25,4.0,4096,8192,128,512,224,13535.418,16192.287,14523.616,0.3719
mixed,32,8,0.25,4.0,4096,8192,512,2048,896,15609.993,17320.936,15130.774,-0.2801
mixed,32,8,0.25,4.0,4096,8192,2048,8192,3584,21501.184,22382.918,19785.314,-1.946
pure,32,16,0.5,4.0,0,0,128,512,320,654.394,1020.966,789.983,0.3699
pure,32,16,0.5,4.0,0,0,512,2048,1280,2451.258,3739.116,2508.123,0.0442
pure,32,16,0.5,4.0,0,0,2048,8192,5120,7449.943,7446.901,5707.251,
mixed,32,16,0.5,4.0,16,0,128,512,320,735.964,1153.355,828.862,0.2226
mixed,32,16,0.5,4.0,16,0,512,2048,1280,2454.522,3741.514,2515.294,0.0472
mixed,32,16,0.5,4.0,16,0,2048,8192,5120,7469.074,7463.829,5725.654,
mixed,32,16,0.5,4.0,16,512,128,512,320,773.021,1155.147,847.006,0.1936
mixed,32,16,0.5,4.0,16,512,512,2048,1280,2459.739,3751.274,2527.869,0.0528
mixed,32,16,0.5,4.0,16,512,2048,8192,5120,7499.156,7489.14,5788.789,
mixed,32,16,0.5,4.0,16,2048,128,512,320,1049.064,1383.986,1116.267,0.2007
mixed,32,16,0.5,4.0,16,2048,512,2048,1280,2563.518,3747.69,2623.904,0.051
mixed,32,16,0.5,4.0,16,2048,2048,8192,5120,7504.114,7494.609,5743.763,
mixed,32,16,0.5,4.0,16,8192,128,512,320,1430.037,1810.723,1496.821,0.1754
mixed,32,16,0.5,4.0,16,8192,512,2048,1280,2958.508,4177.431,3044.207,0.0703
mixed,32,16,0.5,4.0,16,8192,2048,8192,5120,7478.514,7477.072,5770.13,
mixed,32,16,0.5,4.0,64,0,128,512,320,737.785,1154.121,829.501,0.2203
mixed,32,16,0.5,4.0,64,0,512,2048,1280,2454.65,3742.407,2522.876,0.053
mixed,32,16,0.5,4.0,64,0,2048,8192,5120,7466.958,7456.079,5728.204,
mixed,32,16,0.5,4.0,64,512,128,512,320,774.779,1156.617,850.559,0.1985
mixed,32,16,0.5,4.0,64,512,512,2048,1280,2458.968,3752.777,2522.522,0.0491
mixed,32,16,0.5,4.0,64,512,2048,8192,5120,7497.87,7496.239,5790.418,
mixed,32,16,0.5,4.0,64,2048,128,512,320,1050.438,1386.929,1118.247,0.2015
mixed,32,16,0.5,4.0,64,2048,512,2048,1280,2561.724,3745.319,2624.255,0.0528
mixed,32,16,0.5,4.0,64,2048,2048,8192,5120,7498.158,7496.205,5753.966,
mixed,32,16,0.5,4.0,64,8192,128,512,320,1428.85,1811.2,1495.797,0.1751
mixed,32,16,0.5,4.0,64,8192,512,2048,1280,2950.153,4171.733,3049.007,0.0809
mixed,32,16,0.5,4.0,64,8192,2048,8192,5120,7482.09,7475.721,5759.47,
mixed,32,16,0.5,4.0,256,0,128,512,320,831.037,1227.565,933.283,0.2579
mixed,32,16,0.5,4.0,256,0,512,2048,1280,2533.595,3850.538,2612.03,0.0596
mixed,32,16,0.5,4.0,256,0,2048,8192,5120,7577.102,7573.389,5870.799,
mixed,32,16,0.5,4.0,256,512,128,512,320,950.689,1329.487,1033.156,0.2177
mixed,32,16,0.5,4.0,256,512,512,2048,1280,2582.684,3880.585,2687.327,0.0806
mixed,32,16,0.5,4.0,256,512,2048,8192,5120,7666.639,7659.63,5943.826,
mixed,32,16,0.5,4.0,256,2048,128,512,320,1403.633,1777.662,1494.356,0.2426
mixed,32,16,0.5,4.0,256,2048,512,2048,1280,2964.266,4116.303,2977.833,0.0118
mixed,32,16,0.5,4.0,256,2048,2048,8192,5120,7848.851,7873.78,6145.335,-68.3347
mixed,32,16,0.5,4.0,256,8192,128,512,320,2036.968,2451.127,2107.852,0.1712
mixed,32,16,0.5,4.0,256,8192,512,2048,1280,3628.416,4853.738,3648.638,0.0165
mixed,32,16,0.5,4.0,256,8192,2048,8192,5120,8136.253,8135.037,6682.378,
mixed,32,16,0.5,4.0,1024,0,128,512,320,1534.071,1916.706,1617.72,0.2186
mixed,32,16,0.5,4.0,1024,0,512,2048,1280,3229.359,4534.945,3275.954,0.0357
mixed,32,16,0.5,4.0,1024,0,2048,8192,5120,8245.412,8257.249,6586.214,-140.1705
mixed,32,16,0.5,4.0,1024,512,128,512,320,1975.013,2343.025,2065.449,0.2457
mixed,32,16,0.5,4.0,1024,512,512,2048,1280,3617.981,4922.859,3663.423,0.0348
mixed,32,16,0.5,4.0,1024,512,2048,8192,5120,8978.583,8715.952,6960.659,
mixed,32,16,0.5,4.0,1024,2048,128,512,320,3270.224,3659.552,3356.372,0.2213
mixed,32,16,0.5,4.0,1024,2048,512,2048,1280,4826.054,6076.145,4830.662,0.0037
mixed,32,16,0.5,4.0,1024,2048,2048,8192,5120,9926.266,9909.207,8114.649,
mixed,32,16,0.5,4.0,1024,8192,128,512,320,4697.697,5115.25,4783.59,0.2057
mixed,32,16,0.5,4.0,1024,8192,512,2048,1280,6404.637,7585.319,6376.7,-0.0237
mixed,32,16,0.5,4.0,1024,8192,2048,8192,5120,10981.592,10973.083,9370.594,
mixed,32,16,0.5,4.0,4096,0,128,512,320,9142.874,9527.271,9227.454,0.22
mixed,32,16,0.5,4.0,4096,0,512,2048,1280,10755.246,11987.099,10752.144,-0.0025
mixed,32,16,0.5,4.0,4096,0,2048,8192,5120,15564.597,15560.44,13806.618,
mixed,32,16,0.5,4.0,4096,512,128,512,320,10332.226,10717.87,10436.579,0.2706
mixed,32,16,0.5,4.0,4096,512,512,2048,1280,12298.273,13441.707,11977.081,-0.2809
mixed,32,16,0.5,4.0,4096,512,2048,8192,5120,16655.677,17080.358,15343.69,-3.0893
mixed,32,16,0.5,4.0,4096,2048,128,512,320,13300.936,13599.536,14180.769,2.9465
mixed,32,16,0.5,4.0,4096,2048,512,2048,1280,15057.314,15971.679,14694.134,-0.3972
mixed,32,16,0.5,4.0,4096,2048,2048,8192,5120,19747.393,20630.328,16390.731,-3.8017
mixed,32,16,0.5,4.0,4096,8192,128,512,320,13718.39,16157.378,15837.275,0.8688
mixed,32,16,0.5,4.0,4096,8192,512,2048,1280,17489.745,17321.231,16141.574,
mixed,32,16,0.5,4.0,4096,8192,2048,8192,5120,20447.215,19521.141,17980.992,
pure,32,24,0.75,4.0,0,0,128,512,416,825.467,1005.059,857.405,0.1778
pure,32,24,0.75,4.0,0,0,512,2048,1664,3093.929,3737.244,3129.258,0.0549
pure,32,24,0.75,4.0,0,0,2048,8192,6656,7452.38,7446.237,6654.882,
mixed,32,24,0.75,4.0,16,0,128,512,416,945.664,1153.191,992.321,0.2248
mixed,32,24,0.75,4.0,16,0,512,2048,1664,3099.753,3743.452,3136.715,0.0574
mixed,32,24,0.75,4.0,16,0,2048,8192,6656,7455.514,7466.14,6667.391,-74.1693
mixed,32,24,0.75,4.0,16,512,128,512,416,963.81,1156.326,1007.203,0.2254
mixed,32,24,0.75,4.0,16,512,512,2048,1664,3104.167,3747.872,3157.548,0.0829
mixed,32,24,0.75,4.0,16,512,2048,8192,6656,7486.812,7501.626,6704.51,-52.8083
mixed,32,24,0.75,4.0,16,2048,128,512,416,1247.178,1384.432,1258.057,0.0793
mixed,32,24,0.75,4.0,16,2048,512,2048,1664,3149.033,3746.525,3249.55,0.1682
mixed,32,24,0.75,4.0,16,2048,2048,8192,6656,7504.508,7492.727,6704.253,
mixed,32,24,0.75,4.0,16,8192,128,512,416,1590.517,1810.588,1665.721,0.3417
mixed,32,24,0.75,4.0,16,8192,512,2048,1664,3574.837,4180.394,3661.658,0.1434
mixed,32,24,0.75,4.0,16,8192,2048,8192,6656,7485.398,7481.912,6759.711,
mixed,32,24,0.75,4.0,64,0,128,512,416,947.392,1153.862,995.073,0.2309
mixed,32,24,0.75,4.0,64,0,512,2048,1664,3098.886,3743.291,3142.217,0.0672
mixed,32,24,0.75,4.0,64,0,2048,8192,6656,7458.391,7458.455,6665.98,-12381.4219
mixed,32,24,0.75,4.0,64,512,128,512,416,966.657,1156.998,1008.962,0.2223
mixed,32,24,0.75,4.0,64,512,512,2048,1664,3104.808,3751.515,3165.418,0.0937
mixed,32,24,0.75,4.0,64,512,2048,8192,6656,7490.424,7493.846,6705.884,-229.2636
mixed,32,24,0.75,4.0,64,2048,128,512,416,1252.745,1387.853,1260.009,0.0538
mixed,32,24,0.75,4.0,64,2048,512,2048,1664,3153.446,3747.227,3251.147,0.1645
mixed,32,24,0.75,4.0,64,2048,2048,8192,6656,7491.955,7490.263,6699.387,
mixed,32,24,0.75,4.0,64,8192,128,512,416,1595.925,1809.947,1676.951,0.3786
mixed,32,24,0.75,4.0,64,8192,512,2048,1664,3566.101,4179.751,3664.887,0.161
mixed,32,24,0.75,4.0,64,8192,2048,8192,6656,7477.94,7476.978,6761.532,
mixed,32,24,0.75,4.0,256,0,128,512,416,1029.378,1229.64,1091.299,0.3092
mixed,32,24,0.75,4.0,256,0,512,2048,1664,3189.67,3847.707,3226.634,0.0562
mixed,32,24,0.75,4.0,256,0,2048,8192,6656,7578.293,7567.381,6776.155,
mixed,32,24,0.75,4.0,256,512,128,512,416,1140.005,1330.026,1186.184,0.243
mixed,32,24,0.75,4.0,256,512,512,2048,1664,3222.345,3887.836,3329.611,0.1612
mixed,32,24,0.75,4.0,256,512,2048,8192,6656,7658.938,7645.527,6855.518,
mixed,32,24,0.75,4.0,256,2048,128,512,416,1583.955,1775.577,1635.475,0.2689
mixed,32,24,0.75,4.0,256,2048,512,2048,1664,3557.139,4120.646,3611.315,0.0961
mixed,32,24,0.75,4.0,256,2048,2048,8192,6656,7808.539,7829.629,7115.976,-32.8385
mixed,32,24,0.75,4.0,256,8192,128,512,416,2232.809,2452.494,2267.177,0.1564
mixed,32,24,0.75,4.0,256,8192,512,2048,1664,4270.089,4854.81,4299.498,0.0503
mixed,32,24,0.75,4.0,256,8192,2048,8192,6656,8134.599,8133.862,7429.805,
mixed,32,24,0.75,4.0,1024,0,128,512,416,1717.208,1917.374,1760.185,0.2147
mixed,32,24,0.75,4.0,1024,0,512,2048,1664,3883.356,4539.217,3883.869,0.0008
mixed,32,24,0.75,4.0,1024,0,2048,8192,6656,8240.455,8251.527,7458.96,-70.583
mixed,32,24,0.75,4.0,1024,512,128,512,416,2163.91,2343.21,2204.038,0.2238
mixed,32,24,0.75,4.0,1024,512,512,2048,1664,4271.178,4925.722,4261.543,-0.0147
mixed,32,24,0.75,4.0,1024,512,2048,8192,6656,8712.885,8731.062,7835.674,-48.2594
mixed,32,24,0.75,4.0,1024,2048,128,512,416,3468.238,3660.888,3509.327,0.2133
mixed,32,24,0.75,4.0,1024,2048,512,2048,1664,5428.972,6080.191,5443.149,0.0218
mixed,32,24,0.75,4.0,1024,2048,2048,8192,6656,9913.881,9911.865,9048.095,
mixed,32,24,0.75,4.0,1024,8192,128,512,416,4913.436,5106.53,4963.101,0.2572
mixed,32,24,0.75,4.0,1024,8192,512,2048,1664,7016.607,7586.802,7003.388,-0.0232
mixed,32,24,0.75,4.0,1024,8192,2048,8192,6656,10974.139,10976.988,10224.326,-263.1846
mixed,32,24,0.75,4.0,4096,0,128,512,416,9337.028,9529.675,9376.585,0.2053
mixed,32,24,0.75,4.0,4096,0,512,2048,1664,11371.75,11986.136,11368.166,-0.0058
mixed,32,24,0.75,4.0,4096,0,2048,8192,6656,15568.713,14681.038,13863.347,
mixed,32,24,0.75,4.0,4096,512,128,512,416,10267.524,11083.706,10941.914,0.8263
mixed,32,24,0.75,4.0,4096,512,512,2048,1664,12913.171,13326.022,12694.865,-0.5288
mixed,32,24,0.75,4.0,4096,512,2048,8192,6656,17084.985,17080.025,16214.079,
mixed,32,24,0.75,4.0,4096,2048,128,512,416,14270.11,13942.708,13699.21,
mixed,32,24,0.75,4.0,4096,2048,512,2048,1664,15704.111,15839.088,15088.437,-4.5613
mixed,32,24,0.75,4.0,4096,2048,2048,8192,6656,18999.504,18547.589,17199.225,
mixed,32,24,0.75,4.0,4096,8192,128,512,416,15943.569,15234.493,15081.526,
mixed,32,24,0.75,4.0,4096,8192,512,2048,1664,16971.375,17593.187,16212.573,-1.2203
mixed,32,24,0.75,4.0,4096,8192,2048,8192,6656,19981.49,19524.639,18749.51,
pure,32,29,0.9062,4.0,0,0,128,512,476,838.588,1005.375,1061.92,1.339
pure,32,29,0.9062,4.0,0,0,512,2048,1904,3335.111,3737.682,3491.054,0.3874
pure,32,29,0.9062,4.0,0,0,2048,8192,7616,7476.745,7468.489,6998.68,
mixed,32,29,0.9062,4.0,16,0,128,512,476,959.806,1153.187,1086.242,0.6538
mixed,32,29,0.9062,4.0,16,0,512,2048,1904,3337.51,3742.931,3495.276,0.3891
mixed,32,29,0.9062,4.0,16,0,2048,8192,7616,7482.343,7463.783,7018.745,
mixed,32,29,0.9062,4.0,16,512,128,512,476,975.134,1155.972,1107.874,0.734
mixed,32,29,0.9062,4.0,16,512,512,2048,1904,3350.566,3750.387,3557.614,0.5179
mixed,32,29,0.9062,4.0,16,512,2048,8192,7616,7505.609,7510.279,7142.46,-77.7621
mixed,32,29,0.9062,4.0,16,2048,128,512,476,1257.671,1383.402,1343.849,0.6854
mixed,32,29,0.9062,4.0,16,2048,512,2048,1904,3367.977,3741.841,3591.084,0.5968
mixed,32,29,0.9062,4.0,16,2048,2048,8192,7616,7514.439,7494.022,7314.463,
mixed,32,29,0.9062,4.0,16,8192,128,512,476,1605.681,1810.807,1748.278,0.6952
mixed,32,29,0.9062,4.0,16,8192,512,2048,1904,3804.725,4186.625,4020.38,0.5647
mixed,32,29,0.9062,4.0,16,8192,2048,8192,7616,7489.029,7475.493,7331.55,
mixed,32,29,0.9062,4.0,64,0,128,512,476,961.212,1155.013,1089.217,0.6605
mixed,32,29,0.9062,4.0,64,0,512,2048,1904,3339.398,3742.035,3499.529,0.3977
mixed,32,29,0.9062,4.0,64,0,2048,8192,7616,7473.476,7462.915,6994.453,
mixed,32,29,0.9062,4.0,64,512,128,512,476,976.318,1157.027,1107.521,0.726
mixed,32,29,0.9062,4.0,64,512,512,2048,1904,3348.421,3750.227,3542.317,0.4826
mixed,32,29,0.9062,4.0,64,512,2048,8192,7616,7498.244,7492.772,7165.815,
mixed,32,29,0.9062,4.0,64,2048,128,512,476,1257.605,1386.828,1345.224,0.678
mixed,32,29,0.9062,4.0,64,2048,512,2048,1904,3366.47,3747.347,3592.364,0.5931
mixed,32,29,0.9062,4.0,64,2048,2048,8192,7616,7526.563,7506.37,7321.599,
mixed,32,29,0.9062,4.0,64,8192,128,512,476,1611.024,1812.536,1750.325,0.6913
mixed,32,29,0.9062,4.0,64,8192,512,2048,1904,3806.611,4182.943,4011.002,0.5431
mixed,32,29,0.9062,4.0,64,8192,2048,8192,7616,7496.865,7475.617,7336.574,
mixed,32,29,0.9062,4.0,256,0,128,512,476,1041.694,1228.837,1182.82,0.7541
mixed,32,29,0.9062,4.0,256,0,512,2048,1904,3442.728,3849.299,3625.581,0.4497
mixed,32,29,0.9062,4.0,256,0,2048,8192,7616,7593.157,7570.885,7179.927,
mixed,32,29,0.9062,4.0,256,512,128,512,476,1149.506,1330.631,1278.087,0.7099
mixed,32,29,0.9062,4.0,256,512,512,2048,1904,3492.711,3886.419,3710.736,0.5538
mixed,32,29,0.9062,4.0,256,512,2048,8192,7616,7687.27,7659.847,7372.122,
mixed,32,29,0.9062,4.0,256,2048,128,512,476,1593.007,1774.901,1729.748,0.7518
mixed,32,29,0.9062,4.0,256,2048,512,2048,1904,3765.009,4119.195,3918.484,0.4333
mixed,32,29,0.9062,4.0,256,2048,2048,8192,7616,7756.969,7823.852,7637.026,-1.7933
mixed,32,29,0.9062,4.0,256,8192,128,512,476,2241.825,2448.874,2371.656,0.6271
mixed,32,29,0.9062,4.0,256,8192,512,2048,1904,4475.398,4851.023,4653.067,0.473
mixed,32,29,0.9062,4.0,256,8192,2048,8192,7616,8151.442,8131.571,7928.522,
mixed,32,29,0.9062,4.0,1024,0,128,512,476,1724.916,1915.61,1856.887,0.6921
mixed,32,29,0.9062,4.0,1024,0,512,2048,1904,4138.555,4541.51,4276.319,0.3419
mixed,32,29,0.9062,4.0,1024,0,2048,8192,7616,8273.46,8234.453,7961.867,
mixed,32,29,0.9062,4.0,1024,512,128,512,476,2169.024,2342.629,2292.615,0.7119
mixed,32,29,0.9062,4.0,1024,512,512,2048,1904,4517.382,4923.028,4688.041,0.4207
mixed,32,29,0.9062,4.0,1024,512,2048,8192,7616,8754.595,8727.233,8371.733,
mixed,32,29,0.9062,4.0,1024,2048,128,512,476,3477.542,3662.028,3605.835,0.6954
mixed,32,29,0.9062,4.0,1024,2048,512,2048,1904,5670.6,6076.69,5838.093,0.4125
mixed,32,29,0.9062,4.0,1024,2048,2048,8192,7616,9935.267,9927.652,9592.539,
mixed,32,29,0.9062,4.0,1024,8192,128,512,476,4931.568,5109.269,5061.781,0.7328
mixed,32,29,0.9062,4.0,1024,8192,512,2048,1904,7178.642,7587.677,7362.392,0.4492
mixed,32,29,0.9062,4.0,1024,8192,2048,8192,7616,10992.706,10977.378,10838.622,
mixed,32,29,0.9062,4.0,4096,0,128,512,476,9347.152,9530.008,9467.222,0.6566
mixed,32,29,0.9062,4.0,4096,0,512,2048,1904,11594.992,11985.822,11750.775,0.3986
mixed,32,29,0.9062,4.0,4096,0,2048,8192,7616,15576.071,15563.334,15252.638,
mixed,32,29,0.9062,4.0,4096,512,128,512,476,10367.054,10536.308,11044.192,4.0007
mixed,32,29,0.9062,4.0,4096,512,512,2048,1904,13138.878,13556.812,13295.875,0.3757
mixed,32,29,0.9062,4.0,4096,512,2048,8192,7616,16661.828,16646.788,16744.484,
mixed,32,29,0.9062,4.0,4096,2048,128,512,476,14281.41,13824.751,13779.086,
mixed,32,29,0.9062,4.0,4096,2048,512,2048,1904,16645.6,15842.412,15604.327,
mixed,32,29,0.9062,4.0,4096,2048,2048,8192,7616,19004.645,17990.6,17685.056,
mixed,32,29,0.9062,4.0,4096,8192,128,512,476,15964.398,16161.714,15053.493,-4.6165
mixed,32,29,0.9062,4.0,4096,8192,512,2048,1904,17071.727,16913.129,16573.951,
mixed,32,29,0.9062,4.0,4096,8192,2048,8192,7616,19994.276,19526.419,19232.554,
pure,128,1,0.0078,4.0,0,0,128,512,131,1952.632,4496.033,1952.92,0.0001
pure,128,1,0.0078,4.0,0,0,512,2048,524,4519.33,14847.948,4576.707,0.0056
pure,128,1,0.0078,4.0,0,0,2048,8192,2096,14909.549,29851.063,15386.202,0.0319
mixed,128,1,0.0078,4.0,16,0,128,512,131,1958.135,4487.327,1960.215,0.0008
mixed,128,1,0.0078,4.0,16,0,512,2048,524,4510.593,14831.369,4587.458,0.0074
mixed,128,1,0.0078,4.0,16,0,2048,8192,2096,14911.85,29878.321,15644.058,0.0489
mixed,128,1,0.0078,4.0,16,512,128,512,131,1986.105,4508.352,1986.329,0.0001
mixed,128,1,0.0078,4.0,16,512,512,2048,524,4536.962,14830.882,4611.523,0.0072
mixed,128,1,0.0078,4.0,16,512,2048,8192,2096,14899.141,29887.596,15434.547,0.0357
mixed,128,1,0.0078,4.0,16,2048,128,512,131,2217.15,4608.449,2233.982,0.007
mixed,128,1,0.0078,4.0,16,2048,512,2048,524,4632.003,14894.34,4666.787,0.0034
mixed,128,1,0.0078,4.0,16,2048,2048,8192,2096,14942.114,29865.061,15476.465,0.0358
mixed,128,1,0.0078,4.0,16,8192,128,512,131,2645.323,5124.466,2645.675,0.0001
mixed,128,1,0.0078,4.0,16,8192,512,2048,524,5149.617,15463.762,5231.441,0.0079
mixed,128,1,0.0078,4.0,16,8192,2048,8192,2096,15557.075,29965.568,15678.933,0.0085
mixed,128,1,0.0078,4.0,64,0,128,512,131,1959.478,4490.236,1965.302,0.0023
mixed,128,1,0.0078,4.0,64,0,512,2048,524,4519.549,14830.843,4591.328,0.007
mixed,128,1,0.0078,4.0,64,0,2048,8192,2096,14916.765,29939.706,15407.944,0.0327
mixed,128,1,0.0078,4.0,64,512,128,512,131,1990.167,4512.252,1988.151,-0.0008
mixed,128,1,0.0078,4.0,64,512,512,2048,524,4540.284,14835.256,4610.334,0.0068
mixed,128,1,0.0078,4.0,64,512,2048,8192,2096,14910.01,29841.686,15397.573,0.0327
mixed,128,1,0.0078,4.0,64,2048,128,512,131,2218.14,4616.257,2239.485,0.0089
mixed,128,1,0.0078,4.0,64,2048,512,2048,524,4642.174,14881.076,4671.711,0.0029
mixed,128,1,0.0078,4.0,64,2048,2048,8192,2096,14952.73,29866.191,15464.26,0.0343
mixed,128,1,0.0078,4.0,64,8192,128,512,131,2646.441,5130.796,2650.184,0.0015
mixed,128,1,0.0078,4.0,64,8192,512,2048,524,5143.883,15477.989,5232.431,0.0086
mixed,128,1,0.0078,4.0,64,8192,2048,8192,2096,15554.214,29976.588,15690.988,0.0095
mixed,128,1,0.0078,4.0,256,0,128,512,131,2208.955,4705.794,2209.692,0.0003
mixed,128,1,0.0078,4.0,256,0,512,2048,524,4735.039,15014.709,4798.658,0.0062
mixed,128,1,0.0078,4.0,256,0,2048,8192,2096,15106.266,30063.56,15623.973,0.0346
mixed,128,1,0.0078,4.0,256,512,128,512,131,2310.526,4793.471,2315.008,0.0018
mixed,128,1,0.0078,4.0,256,512,512,2048,524,4821.953,15084.499,4889.892,0.0066
mixed,128,1,0.0078,4.0,256,512,2048,8192,2096,15161.173,30060.198,15751.591,0.0396
mixed,128,1,0.0078,4.0,256,2048,128,512,131,2773.004,5136.298,2776.65,0.0015
mixed,128,1,0.0078,4.0,256,2048,512,2048,524,5151.657,15328.857,5205.772,0.0053
mixed,128,1,0.0078,4.0,256,2048,2048,8192,2096,15388.792,30267.463,15968.838,0.039
mixed,128,1,0.0078,4.0,256,8192,128,512,131,3432.125,5922.588,3433.147,0.0004
mixed,128,1,0.0078,4.0,256,8192,512,2048,524,5951.806,16059.049,6002.272,0.005
mixed,128,1,0.0078,4.0,256,8192,2048,8192,2096,16119.049,30643.305,16174.317,0.0038
mixed,128,1,0.0078,4.0,1024,0,128,512,131,3495.419,5980.864,3500.157,0.0019
mixed,128,1,0.0078,4.0,1024,0,512,2048,524,6007.839,16050.565,6059.424,0.0051
mixed,128,1,0.0078,4.0,1024,0,2048,8192,2096,16142.601,30923.822,16696.213,0.0375
mixed,128,1,0.0078,4.0,1024,512,128,512,131,3908.517,6376.265,3914.696,0.0025
mixed,128,1,0.0078,4.0,1024,512,512,2048,524,6404.454,16440.432,6454.344,0.005
mixed,128,1,0.0078,4.0,1024,512,2048,8192,2096,16512.911,31191.409,17119.136,0.0413
mixed,128,1,0.0078,4.0,1024,2048,128,512,131,5219.689,7580.933,5225.482,0.0025
mixed,128,1,0.0078,4.0,1024,2048,512,2048,524,7603.014,17679.021,7654.087,0.0051
mixed,128,1,0.0078,4.0,1024,2048,2048,8192,2096,17761.454,32425.545,18450.686,0.047
mixed,128,1,0.0078,4.0,1024,8192,128,512,131,6690.929,9159.725,6693.713,0.0011
mixed,128,1,0.0078,4.0,1024,8192,512,2048,524,9186.542,19560.795,9236.017,0.0048
mixed,128,1,0.0078,4.0,1024,8192,2048,8192,2096,19618.75,33835.177,19667.962,0.0035
mixed,128,1,0.0078,4.0,4096,0,128,512,131,13357.339,16154.911,13364.248,0.0025
mixed,128,1,0.0078,4.0,4096,0,512,2048,524,15027.172,23886.183,13943.976,-0.1223
mixed,128,1,0.0078,4.0,4096,0,2048,8192,2096,26335.173,37385.155,26381.191,0.0042
mixed,128,1,0.0078,4.0,4096,512,128,512,131,12974.156,17470.336,14877.086,0.4232
mixed,128,1,0.0078,4.0,4096,512,512,2048,524,16113.949,24735.646,15310.503,-0.0932
mixed,128,1,0.0078,4.0,4096,512,2048,8192,2096,27895.724,37132.762,27940.527,0.0049
mixed,128,1,0.0078,4.0,4096,2048,128,512,131,16051.289,20956.76,16063.486,0.0025
mixed,128,1,0.0078,4.0,4096,2048,512,2048,524,18295.186,31324.417,18343.187,0.0037
mixed,128,1,0.0078,4.0,4096,2048,2048,8192,2096,27504.736,40037.057,31440.165,0.314
mixed,128,1,0.0078,4.0,4096,8192,128,512,131,20160.228,22714.371,20163.042,0.0011
mixed,128,1,0.0078,4.0,4096,8192,512,2048,524,19831.162,33080.141,19884.086,0.004
mixed,128,1,0.0078,4.0,4096,8192,2048,8192,2096,33113.354,47304.275,33193.037,0.0056
pure,128,2,0.0156,4.0,0,0,128,512,134,1720.747,4493.906,1973.681,0.0912
pure,128,2,0.0156,4.0,0,0,512,2048,536,4528.276,14837.975,4639.797,0.0108
pure,128,2,0.0156,4.0,0,0,2048,8192,2144,14986.074,29892.18,15474.184,0.0327
mixed,128,2,0.0156,4.0,16,0,128,512,134,1966.928,4490.16,1977.747,0.0043
mixed,128,2,0.0156,4.0,16,0,512,2048,536,4519.696,14828.886,4643.668,0.012
mixed,128,2,0.0156,4.0,16,0,2048,8192,2144,14990.33,29868.079,15444.262,0.0305
mixed,128,2,0.0156,4.0,16,512,128,512,134,1994.418,4510.641,1999.729,0.0021
mixed,128,2,0.0156,4.0,16,512,512,2048,536,4544.784,14826.772,4673.396,0.0125
mixed,128,2,0.0156,4.0,16,512,2048,8192,2144,14990.392,29894.765,15528.581,0.0361
mixed,128,2,0.0156,4.0,16,2048,128,512,134,2224.855,4611.059,2259.672,0.0146
mixed,128,2,0.0156,4.0,16,2048,512,2048,536,4645.589,14870.13,4760.759,0.0113
mixed,128,2,0.0156,4.0,16,2048,2048,8192,2144,15024.726,29875.209,15676.295,0.0439
mixed,128,2,0.0156,4.0,16,8192,128,512,134,2650.721,5120.96,2665.794,0.0061
mixed,128,2,0.0156,4.0,16,8192,512,2048,536,5158.049,15484.736,5298.98,0.0136
mixed,128,2,0.0156,4.0,16,8192,2048,8192,2144,15617.478,29956.809,15723.91,0.0074
mixed,128,2,0.0156,4.0,64,0,128,512,134,1970.128,4484.975,1982.864,0.0051
mixed,128,2,0.0156,4.0,64,0,512,2048,536,4524.753,14819.503,4643.986,0.0116
mixed,128,2,0.0156,4.0,64,0,2048,8192,2144,14995.155,29870.432,15459.834,0.0312
mixed,128,2,0.0156,4.0,64,512,128,512,134,1999.857,4511.695,2003.569,0.0015
mixed,128,2,0.0156,4.0,64,512,512,2048,536,4550.929,14820.493,4674.546,0.012
mixed,128,2,0.0156,4.0,64,512,2048,8192,2144,14991.731,29884.543,15581.568,0.0396
mixed,128,2,0.0156,4.0,64,2048,128,512,134,2228.504,4617.842,2267.161,0.0162
mixed,128,2,0.0156,4.0,64,2048,512,2048,536,4650.29,14905.871,4774.101,0.0121
mixed,128,2,0.0156,4.0,64,2048,2048,8192,2144,15034.19,29888.858,15694.815,0.0445
mixed,128,2,0.0156,4.0,64,8192,128,512,134,2655.456,5118.654,2670.657,0.0062
mixed,128,2,0.0156,4.0,64,8192,512,2048,536,5160.766,15478.33,5305.634,0.014
mixed,128,2,0.0156,4.0,64,8192,2048,8192,2144,15599.931,29964.025,15726.367,0.0088
mixed,128,2,0.0156,4.0,256,0,128,512,134,2216.279,4706.739,2227.893,0.0047
mixed,128,2,0.0156,4.0,256,0,512,2048,536,4743.861,15023.437,4892.981,0.0145
mixed,128,2,0.0156,4.0,256,0,2048,8192,2144,15173.296,30052.155,15724.221,0.037
mixed,128,2,0.0156,4.0,256,512,128,512,134,2319.354,4794.004,2333.112,0.0056
mixed,128,2,0.0156,4.0,256,512,512,2048,536,4827.381,15088.303,4983.801,0.0152
mixed,128,2,0.0156,4.0,256,512,2048,8192,2144,15235.281,30091.831,15841.694,0.0408
mixed,128,2,0.0156,4.0,256,2048,128,512,134,2782.242,5127.132,2795.011,0.0054
mixed,128,2,0.0156,4.0,256,2048,512,2048,536,5159.038,15315.377,5275.711,0.0115
mixed,128,2,0.0156,4.0,256,2048,2048,8192,2144,15445.556,30308.474,16061.443,0.0414
mixed,128,2,0.0156,4.0,256,8192,128,512,134,3438.386,5926.03,3455.829,0.007
mixed,128,2,0.0156,4.0,256,8192,512,2048,536,5959.342,16070.528,6077.714,0.0117
mixed,128,2,0.0156,4.0,256,8192,2048,8192,2144,16200.197,30646.727,16336.136,0.0094
mixed,128,2,0.0156,4.0,1024,0,128,512,134,3504.467,5980.111,3518.834,0.0058
mixed,128,2,0.0156,4.0,1024,0,512,2048,536,6013.614,16054.657,6136.98,0.0123
mixed,128,2,0.0156,4.0,1024,0,2048,8192,2144,16193.891,30934.948,16838.514,0.0437
mixed,128,2,0.0156,4.0,1024,512,128,512,134,3918.589,6375.96,3932.608,0.0057
mixed,128,2,0.0156,4.0,1024,512,512,2048,536,6409.177,16440.203,6532.829,0.0123
mixed,128,2,0.0156,4.0,1024,512,2048,8192,2144,16561.611,31210.855,17278.589,0.0489
mixed,128,2,0.0156,4.0,1024,2048,128,512,134,5231.487,7580.755,5247.452,0.0068
mixed,128,2,0.0156,4.0,1024,2048,512,2048,536,7610.358,17684.871,7726.552,0.0115
mixed,128,2,0.0156,4.0,1024,2048,2048,8192,2144,17803.211,32494.402,18562.425,0.0517
mixed,128,2,0.0156,4.0,1024,8192,128,512,134,6695.998,9157.464,6714.207,0.0074
mixed,128,2,0.0156,4.0,1024,8192,512,2048,536,9188.794,19554.066,9316.989,0.0124
mixed,128,2,0.0156,4.0,1024,8192,2048,8192,2144,19651.921,33817.922,19771.061,0.0084
mixed,128,2,0.0156,4.0,4096,0,128,512,134,13368.413,15309.259,13378.365,0.0051
mixed,128,2,0.0156,4.0,4096,0,512,2048,536,15633.493,26283.98,14025.452,-0.151
mixed,128,2,0.0156,4.0,4096,0,2048,8192,2144,26362.799,35778.219,26497.777,0.0143
mixed,128,2,0.0156,4.0,4096,512,128,512,134,14888.32,17482.719,13724.709,-0.4485
mixed,128,2,0.0156,4.0,4096,512,512,2048,536,17508.093,27845.267,17645.57,0.0133
mixed,128,2,0.0156,4.0,4096,512,2048,8192,2144,27928.536,41004.869,25701.085,-0.1703
mixed,128,2,0.0156,4.0,4096,2048,128,512,134,16059.162,20942.959,18432.432,0.4859
mixed,128,2,0.0156,4.0,4096,2048,512,2048,536,20981.39,31321.856,21110.674,0.0125
mixed,128,2,0.0156,4.0,4096,2048,2048,8192,2144,31420.678,45060.839,31534.533,0.0083
mixed,128,2,0.0156,4.0,4096,8192,128,512,134,20162.075,19816.401,20181.339,
mixed,128,2,0.0156,4.0,4096,8192,512,2048,536,22735.955,29010.795,22880.699,0.0231
mixed,128,2,0.0156,4.0,4096,8192,2048,8192,2144,33168.942,47293.365,33284.619,0.0082
pure,128,3,0.0234,4.0,0,0,128,512,137,1722.44,4491.753,1985.776,0.0951
pure,128,3,0.0234,4.0,0,0,512,2048,548,4536.875,14843.835,4712.271,0.017
pure,128,3,0.0234,4.0,0,0,2048,8192,2192,15775.601,29897.404,15658.318,-0.0083
mixed,128,3,0.0234,4.0,16,0,128,512,137,1968.013,4484.713,1994.096,0.0104
mixed,128,3,0.0234,4.0,16,0,512,2048,548,4529.547,14835.387,4733.648,0.0198
mixed,128,3,0.0234,4.0,16,0,2048,8192,2192,15736.463,29849.657,15649.484,-0.0062
mixed,128,3,0.0234,4.0,16,512,128,512,137,1997.039,4508.138,2011.473,0.0057
mixed,128,3,0.0234,4.0,16,512,512,2048,548,4556.361,14825.179,4771.504,0.021
mixed,128,3,0.0234,4.0,16,512,2048,8192,2192,15725.966,29844.439,15670.667,-0.0039
mixed,128,3,0.0234,4.0,16,2048,128,512,137,2230.356,4610.954,2278.198,0.0201
mixed,128,3,0.0234,4.0,16,2048,512,2048,548,4652.426,14891.162,4856.017,0.0199
mixed,128,3,0.0234,4.0,16,2048,2048,8192,2192,15776.977,29908.662,15717.807,-0.0042
mixed,128,3,0.0234,4.0,16,8192,128,512,137,2655.58,5120.789,2688.734,0.0134
mixed,128,3,0.0234,4.0,16,8192,512,2048,548,5162.263,15485.83,5385.853,0.0217
mixed,128,3,0.0234,4.0,16,8192,2048,8192,2192,16429.436,29995.575,15848.559,-0.0428
mixed,128,3,0.0234,4.0,64,0,128,512,137,1970.413,4487.56,1994.416,0.0095
mixed,128,3,0.0234,4.0,64,0,512,2048,548,4537.704,14853.208,4740.685,0.0197
mixed,128,3,0.0234,4.0,64,0,2048,8192,2192,15749.833,29878.868,15647.017,-0.0073
mixed,128,3,0.0234,4.0,64,512,128,512,137,2001.646,4508.711,2016.944,0.0061
mixed,128,3,0.0234,4.0,64,512,512,2048,548,4563.401,14827.702,4780.494,0.0212
mixed,128,3,0.0234,4.0,64,512,2048,8192,2192,15741.357,29899.95,15684.746,-0.004
mixed,128,3,0.0234,4.0,64,2048,128,512,137,2233.139,4615.595,2280.628,0.0199
mixed,128,3,0.0234,4.0,64,2048,512,2048,548,4660.107,14896.854,4855.537,0.0191
mixed,128,3,0.0234,4.0,64,2048,2048,8192,2192,15783.338,29901.359,15729.545,-0.0038
mixed,128,3,0.0234,4.0,64,8192,128,512,137,2652.7,5127.508,2693.917,0.0167
mixed,128,3,0.0234,4.0,64,8192,512,2048,548,5173.942,15481.731,5388.957,0.0209
mixed,128,3,0.0234,4.0,64,8192,2048,8192,2192,16412.823,29967.15,15826.794,-0.0432
mixed,128,3,0.0234,4.0,256,0,128,512,137,2216.402,4703.981,2248.627,0.013
mixed,128,3,0.0234,4.0,256,0,512,2048,548,4751.629,15026.52,4981.617,0.0224
mixed,128,3,0.0234,4.0,256,0,2048,8192,2192,15939.405,30073.357,15878.699,-0.0043
mixed,128,3,0.0234,4.0,256,512,128,512,137,2319.51,4791.309,2352.375,0.0133
mixed,128,3,0.0234,4.0,256,512,512,2048,548,4841.935,15070.073,5058.324,0.0212
mixed,128,3,0.0234,4.0,256,512,2048,8192,2192,15970.736,30066.382,15921.453,-0.0035
mixed,128,3,0.0234,4.0,256,2048,128,512,137,2783.009,5124.918,2813.441,0.013
mixed,128,3,0.0234,4.0,256,2048,512,2048,548,5165.718,15323.646,5352.282,0.0184
mixed,128,3,0.0234,4.0,256,2048,2048,8192,2192,16232.208,30256.756,16091.248,-0.0101
mixed,128,3,0.0234,4.0,256,8192,128,512,137,3439.534,5926.023,3472.75,0.0134
mixed,128,3,0.0234,4.0,256,8192,512,2048,548,5975.947,16055.023,6159.34,0.0182
mixed,128,3,0.0234,4.0,256,8192,2048,8192,2192,17046.212,30647.161,16597.977,-0.033
mixed,128,3,0.0234,4.0,1024,0,128,512,137,3505.07,5981.962,3538.127,0.0133
mixed,128,3,0.0234,4.0,1024,0,512,2048,548,6025.162,16065.55,6216.91,0.0191
mixed,128,3,0.0234,4.0,1024,0,2048,8192,2192,16963.296,30924.189,16925.887,-0.0027
mixed,128,3,0.0234,4.0,1024,512,128,512,137,3918.874,6377.936,3951.418,0.0132
mixed,128,3,0.0234,4.0,1024,512,512,2048,548,6419.986,16438.965,6609.878,0.019
mixed,128,3,0.0234,4.0,1024,512,2048,8192,2192,17313.322,31201.603,17378.537,0.0047
mixed,128,3,0.0234,4.0,1024,2048,128,512,137,5231.99,7581.129,5264.343,0.0138
mixed,128,3,0.0234,4.0,1024,2048,512,2048,548,7618.765,17675.664,7802.353,0.0183
mixed,128,3,0.0234,4.0,1024,2048,2048,8192,2192,18567.012,32431.871,18635.077,0.0049
mixed,128,3,0.0234,4.0,1024,8192,128,512,137,6695.03,9156.813,6735.256,0.0163
mixed,128,3,0.0234,4.0,1024,8192,512,2048,548,9195.477,19552.504,9393.559,0.0191
mixed,128,3,0.0234,4.0,1024,8192,2048,8192,2192,20498.092,33818.267,19888.417,-0.0458
mixed,128,3,0.0234,4.0,4096,0,128,512,137,13366.67,15013.458,12335.351,-0.6263
mixed,128,3,0.0234,4.0,4096,0,512,2048,548,15946.951,26271.41,16152.815,0.0199
mixed,128,3,0.0234,4.0,4096,0,2048,8192,2192,24766.128,39001.515,26606.647,0.1293
mixed,128,3,0.0234,4.0,4096,512,128,512,137,14893.071,16359.378,14931.76,0.0264
mixed,128,3,0.0234,4.0,4096,512,512,2048,548,17521.516,27831.187,17721.231,0.0194
mixed,128,3,0.0234,4.0,4096,512,2048,8192,2192,25588.575,42131.446,28159.517,0.1554
mixed,128,3,0.0234,4.0,4096,2048,128,512,137,16062.537,20944.054,16100.876,0.0079
mixed,128,3,0.0234,4.0,4096,2048,512,2048,548,20986.423,27449.165,21186.078,0.0309
mixed,128,3,0.0234,4.0,4096,2048,2048,8192,2192,30711.51,45167.032,30797.014,0.0059
mixed,128,3,0.0234,4.0,4096,8192,128,512,137,19168.786,22718.944,17632.587,-0.4327
mixed,128,3,0.0234,4.0,4096,8192,512,2048,548,19846.753,29005.551,20026.754,0.0197
mixed,128,3,0.0234,4.0,4096,8192,2048,8192,2192,29842.592,41616.3,33379.857,0.3004
pure,128,4,0.0312,4.0,0,0,128,512,140,1723.367,4488.804,2000.27,0.1001
pure,128,4,0.0312,4.0,0,0,512,2048,560,4542.15,14839.439,4838.829,0.0288
pure,128,4,0.0312,4.0,0,0,2048,8192,2240,15792.833,30169.862,15675.297,-0.0082
mixed,128,4,0.0312,4.0,16,0,128,512,140,1968.493,4486.278,2004.11,0.0141
mixed,128,4,0.0312,4.0,16,0,512,2048,560,4545.446,14831.822,4862.636,0.0308
mixed,128,4,0.0312,4.0,16,0,2048,8192,2240,15780.389,29891.87,15718.72,-0.0044
mixed,128,4,0.0312,4.0,16,512,128,512,140,1997.805,4512.197,2028.813,0.0123
mixed,128,4,0.0312,4.0,16,512,512,2048,560,4564.326,14831.244,4850.318,0.0279
mixed,128,4,0.0312,4.0,16,512,2048,8192,2240,15780.897,29849.5,15711.617,-0.0049
mixed,128,4,0.0312,4.0,16,2048,128,512,140,2234.322,4604.967,2301.81,0.0285
mixed,128,4,0.0312,4.0,16,2048,512,2048,560,4658.153,14882.798,4926.126,0.0262
mixed,128,4,0.0312,4.0,16,2048,2048,8192,2240,15818.945,29856.187,15807.232,-0.0008
mixed,128,4,0.0312,4.0,16,8192,128,512,140,2654.011,5107.986,2703.292,0.0201
mixed,128,4,0.0312,4.0,16,8192,512,2048,560,5178.034,15463.287,5457.37,0.0272
mixed,128,4,0.0312,4.0,16,8192,2048,8192,2240,16444.495,29952.251,15927.876,-0.0382
mixed,128,4,0.0312,4.0,64,0,128,512,140,1970.444,4483.78,2009.07,0.0154
mixed,128,4,0.0312,4.0,64,0,512,2048,560,4546.95,14840.201,4861.132,0.0305
mixed,128,4,0.0312,4.0,64,0,2048,8192,2240,15790.559,29846.551,15671.037,-0.0085
mixed,128,4,0.0312,4.0,64,512,128,512,140,2002.252,4512.294,2032.494,0.012
mixed,128,4,0.0312,4.0,64,512,512,2048,560,4571.78,14825.128,4858.027,0.0279
mixed,128,4,0.0312,4.0,64,512,2048,8192,2240,15789.663,29901.847,15752.895,-0.0026
mixed,128,4,0.0312,4.0,64,2048,128,512,140,2229.872,4616.201,2306.835,0.0323
mixed,128,4,0.0312,4.0,64,2048,512,2048,560,4671.849,14892.394,4928.174,0.0251
mixed,128,4,0.0312,4.0,64,2048,2048,8192,2240,15824.159,29915.738,15839.2,0.0011
mixed,128,4,0.0312,4.0,64,8192,128,512,140,2658.461,5122.608,2710.267,0.021
mixed,128,4,0.0312,4.0,64,8192,512,2048,560,5179.348,15489.37,5457.594,0.027
mixed,128,4,0.0312,4.0,64,8192,2048,8192,2240,16458.67,29985.207,15950.209,-0.0376
mixed,128,4,0.0312,4.0,256,0,128,512,140,2218.738,4705.801,2269.778,0.0205
mixed,128,4,0.0312,4.0,256,0,512,2048,560,4759.689,15034.959,5071.312,0.0303
mixed,128,4,0.0312,4.0,256,0,2048,8192,2240,15996.322,30063.291,15937.762,-0.0042
mixed,128,4,0.0312,4.0,256,512,128,512,140,2320.468,4793.993,2372.693,0.0211
mixed,128,4,0.0312,4.0,256,512,512,2048,560,4852.747,15083.501,5135.792,0.0277
mixed,128,4,0.0312,4.0,256,512,2048,8192,2240,16025.122,30060.823,15967.266,-0.0041
mixed,128,4,0.0312,4.0,256,2048,128,512,140,2782.142,5127.411,2830.207,0.0205
mixed,128,4,0.0312,4.0,256,2048,512,2048,560,5173.139,15314.578,5426.232,0.025
mixed,128,4,0.0312,4.0,256,2048,2048,8192,2240,16264.87,30278.522,16102.084,-0.0116
mixed,128,4,0.0312,4.0,256,8192,128,512,140,3448.526,5928.482,3494.766,0.0186
mixed,128,4,0.0312,4.0,256,8192,512,2048,560,5977.701,16049.636,6234.858,0.0255
mixed,128,4,0.0312,4.0,256,8192,2048,8192,2240,17056.312,30662.118,16691.921,-0.0268
mixed,128,4,0.0312,4.0,1024,0,128,512,140,3508.303,5981.766,3558.734,0.0204
mixed,128,4,0.0312,4.0,1024,0,512,2048,560,6030.727,16054.561,6292.172,0.0261
mixed,128,4,0.0312,4.0,1024,0,2048,8192,2240,17005.751,30989.259,17089.272,0.006
mixed,128,4,0.0312,4.0,1024,512,128,512,140,3919.094,6380.397,3967.769,0.0198
mixed,128,4,0.0312,4.0,1024,512,512,2048,560,6426.062,16442.027,6687.22,0.0261
mixed,128,4,0.0312,4.0,1024,512,2048,8192,2240,17364.478,31238.993,17538.624,0.0126
mixed,128,4,0.0312,4.0,1024,2048,128,512,140,5231.349,7580.744,5281.173,0.0212
mixed,128,4,0.0312,4.0,1024,2048,512,2048,560,7627.208,17674.695,7874.477,0.0246
mixed,128,4,0.0312,4.0,1024,2048,2048,8192,2240,18622.395,32425.548,18787.612,0.012
mixed,128,4,0.0312,4.0,1024,8192,128,512,140,6701.556,9169.511,6751.893,0.0204
mixed,128,4,0.0312,4.0,1024,8192,512,2048,560,9203.342,19561.456,9477.425,0.0265
mixed,128,4,0.0312,4.0,1024,8192,2048,8192,2240,20519.777,33835.683,20002.966,-0.0388
mixed,128,4,0.0312,4.0,4096,0,128,512,140,13370.725,15119.63,13421.832,0.0292
mixed,128,4,0.0312,4.0,4096,0,512,2048,560,15054.346,23909.422,14157.493,-0.1013
mixed,128,4,0.0312,4.0,4096,0,2048,8192,2240,27204.727,40573.022,26701.066,-0.0377
mixed,128,4,0.0312,4.0,4096,512,128,512,140,14887.589,17030.361,13223.49,-0.7766
mixed,128,4,0.0312,4.0,4096,512,512,2048,560,17514.787,27800.709,17807.655,0.0285
mixed,128,4,0.0312,4.0,4096,512,2048,8192,2240,25630.707,42098.14,28249.774,0.159
mixed,128,4,0.0312,4.0,4096,2048,128,512,140,18414.932,18417.587,18467.156,19.6701
mixed,128,4,0.0312,4.0,4096,2048,512,2048,560,18451.765,27468.699,18550.741,0.011
mixed,128,4,0.0312,4.0,4096,2048,2048,8192,2240,31959.266,44090.089,31721.598,-0.0196
mixed,128,4,0.0312,4.0,4096,8192,128,512,140,19492.047,22703.346,17632.647,-0.579
mixed,128,4,0.0312,4.0,4096,8192,512,2048,560,19838.932,33083.415,23034.334,0.2413
mixed,128,4,0.0312,4.0,4096,8192,2048,8192,2240,34015.274,41621.395,33530.049,-0.0638
pure,128,8,0.0625,4.0,0,0,128,512,152,1975.405,4487.395,2080.848,0.042
pure,128,8,0.0625,4.0,0,0,512,2048,608,4588.71,14823.206,5108.175,0.0508
pure,128,8,0.0625,4.0,0,0,2048,8192,2432,17465.216,29891.891,15955.422,-0.1215
mixed,128,8,0.0625,4.0,16,0,128,512,152,1975.724,4488.387,2095.054,0.0475
mixed,128,8,0.0625,4.0,16,0,512,2048,608,4591.972,14840.454,5121.36,0.0517
mixed,128,8,0.0625,4.0,16,0,2048,8192,2432,17425.82,29836.875,15951.614,-0.1188
mixed,128,8,0.0625,4.0,16,512,128,512,152,2001.837,4514.402,2133.294,0.0523
mixed,128,8,0.0625,4.0,16,512,512,2048,608,4619.078,14815.622,5144.112,0.0515
mixed,128,8,0.0625,4.0,16,512,2048,8192,2432,17432.991,29852.015,15953.31,-0.1191
mixed,128,8,0.0625,4.0,16,2048,128,512,152,2237.968,4609.861,2373.103,0.057
mixed,128,8,0.0625,4.0,16,2048,512,2048,608,4710.988,14893.488,5223.155,0.0503
mixed,128,8,0.0625,4.0,16,2048,2048,8192,2432,17460.904,29880.962,16056.733,-0.1131
mixed,128,8,0.0625,4.0,16,8192,128,512,152,2663.29,5116.688,2780.539,0.0478
mixed,128,8,0.0625,4.0,16,8192,512,2048,608,5229.779,15477.082,5765.531,0.0523
mixed,128,8,0.0625,4.0,16,8192,2048,8192,2432,18179.285,29990.473,16238.946,-0.1643
mixed,128,8,0.0625,4.0,64,0,128,512,152,1976.629,4489.005,2097.013,0.0479
mixed,128,8,0.0625,4.0,64,0,512,2048,608,4595.758,14818.619,5117.075,0.051
mixed,128,8,0.0625,4.0,64,0,2048,8192,2432,17435.663,29893.556,15939.174,-0.1201
mixed,128,8,0.0625,4.0,64,512,128,512,152,2008.277,4507.983,2137.397,0.0517
mixed,128,8,0.0625,4.0,64,512,512,2048,608,4621.263,14830.363,5151.32,0.0519
mixed,128,8,0.0625,4.0,64,512,2048,8192,2432,17434.423,29870.907,15961.48,-0.1184
mixed,128,8,0.0625,4.0,64,2048,128,512,152,2231.544,4617.041,2378.874,0.0618
mixed,128,8,0.0625,4.0,64,2048,512,2048,608,4722.132,14900.127,5224.025,0.0493
mixed,128,8,0.0625,4.0,64,2048,2048,8192,2432,17483.261,29866.181,16062.989,-0.1147
mixed,128,8,0.0625,4.0,64,8192,128,512,152,2661.565,5123.194,2794.205,0.0539
mixed,128,8,0.0625,4.0,64,8192,512,2048,608,5231.705,15488.138,5766.174,0.0521
mixed,128,8,0.0625,4.0,64,8192,2048,8192,2432,18170.25,29982.797,16248.822,-0.1627
mixed,128,8,0.0625,4.0,256,0,128,512,152,2224.09,4706.452,2348.891,0.0503
mixed,128,8,0.0625,4.0,256,0,512,2048,608,4805.206,15024.809,5344.958,0.0528
mixed,128,8,0.0625,4.0,256,0,2048,8192,2432,17634.983,30054.934,16129.111,-0.1212
mixed,128,8,0.0625,4.0,256,512,128,512,152,2324.154,4794.999,2449.115,0.0506
mixed,128,8,0.0625,4.0,256,512,512,2048,608,4890.264,15082.702,5445.374,0.0545
mixed,128,8,0.0625,4.0,256,512,2048,8192,2432,17630.604,30049.085,16317.598,-0.1057
mixed,128,8,0.0625,4.0,256,2048,128,512,152,2788.415,5127.962,2903.745,0.0493
mixed,128,8,0.0625,4.0,256,2048,512,2048,608,5209.821,15323.41,5730.436,0.0515
mixed,128,8,0.0625,4.0,256,2048,2048,8192,2432,17941.588,30268.263,16769.289,-0.0951
mixed,128,8,0.0625,4.0,256,8192,128,512,152,3447.816,5923.463,3575.435,0.0515
mixed,128,8,0.0625,4.0,256,8192,512,2048,608,6013.895,16050.241,6541.296,0.0525
mixed,128,8,0.0625,4.0,256,8192,2048,8192,2432,18813.316,30664.594,17173.138,-0.1384
mixed,128,8,0.0625,4.0,1024,0,128,512,152,3508.842,5980.298,3635.533,0.0513
mixed,128,8,0.0625,4.0,1024,0,512,2048,608,6065.066,16057.412,6600.401,0.0536
mixed,128,8,0.0625,4.0,1024,0,2048,8192,2432,18645.638,30949.85,17606.457,-0.0845
mixed,128,8,0.0625,4.0,1024,512,128,512,152,3923.184,6375.793,4045.329,0.0498
mixed,128,8,0.0625,4.0,1024,512,512,2048,608,6458.608,16435.693,6997.911,0.0541
mixed,128,8,0.0625,4.0,1024,512,2048,8192,2432,18959.375,31215.529,18051.683,-0.0741
mixed,128,8,0.0625,4.0,1024,2048,128,512,152,5235.777,7583.198,5355.62,0.0511
mixed,128,8,0.0625,4.0,1024,2048,512,2048,608,7655.36,17679.584,8168.071,0.0511
mixed,128,8,0.0625,4.0,1024,2048,2048,8192,2432,20252.384,32468.801,19213.779,-0.085
mixed,128,8,0.0625,4.0,1024,8192,128,512,152,6702.582,9158.392,6835.736,0.0542
mixed,128,8,0.0625,4.0,1024,8192,512,2048,608,9231.767,19562.076,9793.054,0.0543
mixed,128,8,0.0625,4.0,1024,8192,2048,8192,2432,22269.57,33798.231,20423.336,-0.1601
mixed,128,8,0.0625,4.0,4096,0,128,512,152,13371.886,15012.257,13495.89,0.0756
mixed,128,8,0.0625,4.0,4096,0,512,2048,608,15981.459,26277.495,14445.823,-0.1491
mixed,128,8,0.0625,4.0,4096,0,2048,8192,2432,28927.007,40554.072,26681.087,-0.1932
mixed,128,8,0.0625,4.0,4096,512,128,512,152,14899.398,16098.456,15028.199,0.1074
mixed,128,8,0.0625,4.0,4096,512,512,2048,608,17556.14,27844.692,16554.46,-0.0974
mixed,128,8,0.0625,4.0,4096,512,2048,8192,2432,30464.154,37112.911,28667.173,-0.2703
mixed,128,8,0.0625,4.0,4096,2048,128,512,152,18391.096,18399.321,18526.522,16.4652
mixed,128,8,0.0625,4.0,4096,2048,512,2048,608,18459.512,31326.186,21589.735,0.2433
mixed,128,8,0.0625,4.0,4096,2048,2048,8192,2432,33953.997,43682.293,32181.593,-0.1822
mixed,128,8,0.0625,4.0,4096,8192,128,512,152,19499.016,19812.785,20313.273,2.5951
mixed,128,8,0.0625,4.0,4096,8192,512,2048,608,22792.347,33073.32,23345.629,0.0538
mixed,128,8,0.0625,4.0,4096,8192,2048,8192,2432,35707.02,41625.186,33927.931,-0.3006
pure,128,16,0.125,4.0,0,0,128,512,176,1898.587,4491.165,2249.536,0.1354
pure,128,16,0.125,4.0,0,0,512,2048,704,5414.667,14846.001,5715.44,0.0319
pure,128,16,0.125,4.0,0,0,2048,8192,2816,20067.031,29838.977,16987.792,-0.3151
mixed,128,16,0.125,4.0,16,0,128,512,176,1997.979,4486.401,2253.76,0.1028
mixed,128,16,0.125,4.0,16,0,512,2048,704,5417.261,14835.889,5724.689,0.0326
mixed,128,16,0.125,4.0,16,0,2048,8192,2816,20069.63,29837.925,16978.576,-0.3164
mixed,128,16,0.125,4.0,16,512,128,512,176,2028.509,4509.6,2282.528,0.1024
mixed,128,16,0.125,4.0,16,512,512,2048,704,5426.253,14836.853,5749.521,0.0344
mixed,128,16,0.125,4.0,16,512,2048,8192,2816,20071.168,29865.04,17055.221,-0.3079
mixed,128,16,0.125,4.0,16,2048,128,512,176,2256.288,4606.402,2521.382,0.1128
mixed,128,16,0.125,4.0,16,2048,512,2048,704,5517.871,14886.23,5841.237,0.0345
mixed,128,16,0.125,4.0,16,2048,2048,8192,2816,20059.012,29885.585,17225.081,-0.2884
mixed,128,16,0.125,4.0,16,8192,128,512,176,2680.007,5113.003,2952.428,0.112
mixed,128,16,0.125,4.0,16,8192,512,2048,704,6016.535,15487.649,6379.133,0.0383
mixed,128,16,0.125,4.0,16,8192,2048,8192,2816,20852.526,29974.262,17291.132,-0.3904
mixed,128,16,0.125,4.0,64,0,128,512,176,1999.899,4490.083,2259.201,0.1041
mixed,128,16,0.125,4.0,64,0,512,2048,704,5409.296,14822.328,5727.091,0.0338
mixed,128,16,0.125,4.0,64,0,2048,8192,2816,20041.767,29892.475,16991.355,-0.3097
mixed,128,16,0.125,4.0,64,512,128,512,176,2028.509,4513.475,2286.018,0.1036
mixed,128,16,0.125,4.0,64,512,512,2048,704,5429.905,14823.643,5755.126,0.0346
mixed,128,16,0.125,4.0,64,512,2048,8192,2816,20046.507,29852.382,17079.582,-0.3026
mixed,128,16,0.125,4.0,64,2048,128,512,176,2256.451,4616.131,2525.445,0.114
mixed,128,16,0.125,4.0,64,2048,512,2048,704,5511.956,14882.371,5841.015,0.0351
mixed,128,16,0.125,4.0,64,2048,2048,8192,2816,20040.746,29858.722,17206.307,-0.2887
mixed,128,16,0.125,4.0,64,8192,128,512,176,2687.336,5129.582,2958.126,0.1109
mixed,128,16,0.125,4.0,64,8192,512,2048,704,6038.427,15479.082,6388.927,0.0371
mixed,128,16,0.125,4.0,64,8192,2048,8192,2816,20869.823,29974.151,17273.701,-0.395
mixed,128,16,0.125,4.0,256,0,128,512,176,2241.057,4705.448,2503.237,0.1064
mixed,128,16,0.125,4.0,256,0,512,2048,704,5616.951,15030.568,5958.106,0.0362
mixed,128,16,0.125,4.0,256,0,2048,8192,2816,20229.783,30041.42,17254.503,-0.3032
mixed,128,16,0.125,4.0,256,512,128,512,176,2342.628,4792.521,2605.191,0.1072
mixed,128,16,0.125,4.0,256,512,512,2048,704,5703.127,15079.079,6059.614,0.038
mixed,128,16,0.125,4.0,256,512,2048,8192,2816,20266.488,30072.272,17409.549,-0.2914
mixed,128,16,0.125,4.0,256,2048,128,512,176,2805.067,5126.418,3055.216,0.1078
mixed,128,16,0.125,4.0,256,2048,512,2048,704,5996.575,15311.532,6355.778,0.0386
mixed,128,16,0.125,4.0,256,2048,2048,8192,2816,20521.215,30279.446,17751.253,-0.2839
mixed,128,16,0.125,4.0,256,8192,128,512,176,3467.062,5925.499,3735.514,0.1092
mixed,128,16,0.125,4.0,256,8192,512,2048,704,6813.164,16049.433,7166.0,0.0382
mixed,128,16,0.125,4.0,256,8192,2048,8192,2816,21535.696,30671.363,18090.553,-0.3771
mixed,128,16,0.125,4.0,1024,0,128,512,176,3528.599,5982.334,3788.028,0.1057
mixed,128,16,0.125,4.0,1024,0,512,2048,704,6872.845,16063.709,7226.417,0.0385
mixed,128,16,0.125,4.0,1024,0,2048,8192,2816,21225.872,30953.35,18556.263,-0.2744
mixed,128,16,0.125,4.0,1024,512,128,512,176,3939.903,6376.102,4192.227,0.1036
mixed,128,16,0.125,4.0,1024,512,512,2048,704,7266.452,16443.557,7609.688,0.0374
mixed,128,16,0.125,4.0,1024,512,2048,8192,2816,21524.628,31249.043,18930.128,-0.2668
mixed,128,16,0.125,4.0,1024,2048,128,512,176,5253.363,7580.669,5507.064,0.109
mixed,128,16,0.125,4.0,1024,2048,512,2048,704,8443.142,17681.337,8788.879,0.0374
mixed,128,16,0.125,4.0,1024,2048,2048,8192,2816,22820.111,32510.059,20095.94,-0.2811
mixed,128,16,0.125,4.0,1024,8192,128,512,176,6722.797,9161.202,6995.602,0.1119
mixed,128,16,0.125,4.0,1024,8192,512,2048,704,10053.377,19564.096,10401.639,0.0366
mixed,128,16,0.125,4.0,1024,8192,2048,8192,2816,24974.74,33821.239,21309.557,-0.4143
mixed,128,16,0.125,4.0,4096,0,128,512,176,13391.096,15908.033,13650.782,0.1032
mixed,128,16,0.125,4.0,4096,0,512,2048,704,16820.817,26511.502,17175.414,0.0366
mixed,128,16,0.125,4.0,4096,0,2048,8192,2816,28383.344,35764.486,27946.953,-0.0591
mixed,128,16,0.125,4.0,4096,512,128,512,176,14920.211,17483.867,15197.464,0.1081
mixed,128,16,0.125,4.0,4096,512,512,2048,704,18387.724,27842.601,18754.773,0.0388
mixed,128,16,0.125,4.0,4096,512,2048,8192,2816,31809.13,42096.015,29530.082,-0.2215
mixed,128,16,0.125,4.0,4096,2048,128,512,176,18433.998,20950.042,18705.395,0.1079
mixed,128,16,0.125,4.0,4096,2048,512,2048,704,21871.43,27471.462,19393.505,-0.4425
mixed,128,16,0.125,4.0,4096,2048,2048,8192,2816,36615.483,45521.999,33020.705,-0.4036
mixed,128,16,0.125,4.0,4096,8192,128,512,176,17607.684,19808.488,17859.465,0.1144
mixed,128,16,0.125,4.0,4096,8192,512,2048,704,20620.534,32621.883,23990.699,0.2808
mixed,128,16,0.125,4.0,4096,8192,2048,8192,2816,33751.567,47273.011,34821.315,0.0791
pure,128,32,0.25,4.0,0,0,128,512,224,2034.082,4491.211,2554.282,0.2117
pure,128,32,0.25,4.0,0,0,512,2048,896,7055.254,14851.383,6983.891,-0.0092
pure,128,32,0.25,4.0,0,0,2048,8192,3584,25318.666,29871.538,18793.658,-1.4332
mixed,128,32,0.25,4.0,16,0,128,512,224,2039.969,4491.275,2562.026,0.213
mixed,128,32,0.25,4.0,16,0,512,2048,896,7052.854,14820.41,6991.797,-0.0079
mixed,128,32,0.25,4.0,16,0,2048,8192,3584,25297.671,29885.814,18853.565,-1.4045
mixed,128,32,0.25,4.0,16,512,128,512,224,2071.617,4513.548,2592.748,0.2134
mixed,128,32,0.25,4.0,16,512,512,2048,896,7054.999,14840.185,7010.808,-0.0057
mixed,128,32,0.25,4.0,16,512,2048,8192,3584,25318.279,29877.913,18859.294,-1.4166
mixed,128,32,0.25,4.0,16,2048,128,512,224,2293.767,4609.741,2825.648,0.2297
mixed,128,32,0.25,4.0,16,2048,512,2048,896,7132.535,14891.902,7095.097,-0.0048
mixed,128,32,0.25,4.0,16,2048,2048,8192,3584,25320.076,29897.018,18927.265,-1.3967
mixed,128,32,0.25,4.0,16,8192,128,512,224,2719.789,5125.142,3273.559,0.2302
mixed,128,32,0.25,4.0,16,8192,512,2048,896,7615.842,15464.582,7643.683,0.0035
mixed,128,32,0.25,4.0,16,8192,2048,8192,3584,26342.239,29985.116,19123.589,-1.9816
mixed,128,32,0.25,4.0,64,0,128,512,224,2045.091,4489.515,2567.819,0.2138
mixed,128,32,0.25,4.0,64,0,512,2048,896,7054.778,14834.014,6990.68,-0.0082
mixed,128,32,0.25,4.0,64,0,2048,8192,3584,25321.486,29856.029,18823.938,-1.4329
mixed,128,32,0.25,4.0,64,512,128,512,224,2074.787,4511.949,2599.277,0.2152
mixed,128,32,0.25,4.0,64,512,512,2048,896,7060.409,14836.575,7023.193,-0.0048
mixed,128,32,0.25,4.0,64,512,2048,8192,3584,25336.754,29879.168,18840.546,-1.4301
mixed,128,32,0.25,4.0,64,2048,128,512,224,2302.983,4621.998,2837.713,0.2306
mixed,128,32,0.25,4.0,64,2048,512,2048,896,7135.961,14897.599,7103.228,-0.0042
mixed,128,32,0.25,4.0,64,2048,2048,8192,3584,25313.586,29897.988,18894.469,-1.4002
mixed,128,32,0.25,4.0,64,8192,128,512,224,2730.192,5126.104,3280.409,0.2296
mixed,128,32,0.25,4.0,64,8192,512,2048,896,7628.324,15482.283,7650.372,0.0028
mixed,128,32,0.25,4.0,64,8192,2048,8192,3584,26353.606,29995.622,19125.645,-1.9846
mixed,128,32,0.25,4.0,256,0,128,512,224,2274.12,4705.234,2817.393,0.2235
mixed,128,32,0.25,4.0,256,0,512,2048,896,7241.468,15011.618,7224.926,-0.0021
mixed,128,32,0.25,4.0,256,0,2048,8192,3584,25484.762,30071.625,19040.201,-1.405
mixed,128,32,0.25,4.0,256,512,128,512,224,2381.386,4794.355,2919.028,0.2228
mixed,128,32,0.25,4.0,256,512,512,2048,896,7327.36,15085.959,7326.88,-0.0001
mixed,128,32,0.25,4.0,256,512,2048,8192,3584,25485.595,30082.316,19122.029,-1.3844
mixed,128,32,0.25,4.0,256,2048,128,512,224,2836.913,5126.459,3361.563,0.2292
mixed,128,32,0.25,4.0,256,2048,512,2048,896,7574.371,15321.995,7599.684,0.0033
mixed,128,32,0.25,4.0,256,2048,2048,8192,3584,25699.743,30252.527,19415.316,-1.3803
mixed,128,32,0.25,4.0,256,8192,128,512,224,3497.821,5930.408,4063.752,0.2326
mixed,128,32,0.25,4.0,256,8192,512,2048,896,8382.291,16033.306,8433.683,0.0067
mixed,128,32,0.25,4.0,256,8192,2048,8192,3584,26928.854,30606.426,19889.531,-1.9141
mixed,128,32,0.25,4.0,1024,0,128,512,224,3558.24,5981.898,4096.872,0.2222
mixed,128,32,0.25,4.0,1024,0,512,2048,896,8471.156,16060.7,8475.766,0.0006
mixed,128,32,0.25,4.0,1024,0,2048,8192,3584,26383.124,30966.818,20265.989,-1.3345
mixed,128,32,0.25,4.0,1024,512,128,512,224,3967.238,6375.984,4494.224,0.2188
mixed,128,32,0.25,4.0,1024,512,512,2048,896,8870.939,16439.875,8862.012,-0.0012
mixed,128,32,0.25,4.0,1024,512,2048,8192,3584,26670.648,31217.833,20620.748,-1.3305
mixed,128,32,0.25,4.0,1024,2048,128,512,224,5281.598,7580.807,5808.23,0.229
mixed,128,32,0.25,4.0,1024,2048,512,2048,896,10046.001,17675.576,10022.548,-0.0031
mixed,128,32,0.25,4.0,1024,2048,2048,8192,3584,27916.621,32427.196,21825.823,-1.3503
mixed,128,32,0.25,4.0,1024,8192,128,512,224,6744.055,9159.746,7312.161,0.2352
mixed,128,32,0.25,4.0,1024,8192,512,2048,896,11637.359,19558.492,11643.248,0.0007
mixed,128,32,0.25,4.0,1024,8192,2048,8192,3584,30279.769,33776.024,23082.265,-2.0586
mixed,128,32,0.25,4.0,4096,0,128,512,224,13417.518,15008.299,13951.897,0.3359
mixed,128,32,0.25,4.0,4096,0,512,2048,896,18473.284,23228.416,18464.906,-0.0018
mixed,128,32,0.25,4.0,4096,0,2048,8192,3584,33091.278,40542.196,29759.54,-0.4472
mixed,128,32,0.25,4.0,4096,512,128,512,224,14943.722,17479.256,14343.326,-0.2368
mixed,128,32,0.25,4.0,4096,512,512,2048,896,20038.438,27844.149,20037.13,-0.0002
mixed,128,32,0.25,4.0,4096,512,2048,8192,3584,38496.529,42101.616,31300.529,-1.9961
mixed,128,32,0.25,4.0,4096,2048,128,512,224,18451.117,20249.545,19032.18,0.3231
mixed,128,32,0.25,4.0,4096,2048,512,2048,896,20693.042,27457.294,20515.12,-0.0263
mixed,128,32,0.25,4.0,4096,2048,2048,8192,3584,41955.699,45524.178,34787.506,-2.0088
mixed,128,32,0.25,4.0,4096,8192,128,512,224,17633.02,22708.634,18136.453,0.0992
mixed,128,32,0.25,4.0,4096,8192,512,2048,896,25291.048,29015.307,25265.159,-0.007
mixed,128,32,0.25,4.0,4096,8192,2048,8192,3584,38426.906,47302.135,36657.079,-0.1994
pure,128,64,0.5,4.0,0,0,128,512,320,2645.873,4492.498,3192.122,0.2958
pure,128,64,0.5,4.0,0,0,512,2048,1280,9651.663,14837.195,9555.118,-0.0186
pure,128,64,0.5,4.0,0,0,2048,8192,5120,29891.484,29876.415,22327.893,
mixed,128,64,0.5,4.0,16,0,128,512,320,2859.445,4485.457,3200.794,0.2099
mixed,128,64,0.5,4.0,16,0,512,2048,1280,9639.726,14826.766,9552.332,-0.0168
mixed,128,64,0.5,4.0,16,0,2048,8192,5120,29876.48,29885.887,22396.375,-795.1637
mixed,128,64,0.5,4.0,16,512,128,512,320,2885.461,4511.89,3230.938,0.2124
mixed,128,64,0.5,4.0,16,512,512,2048,1280,9643.6,14835.662,9587.278,-0.0108
mixed,128,64,0.5,4.0,16,512,2048,8192,5120,29886.08,29906.944,22410.647,-358.2934
mixed,128,64,0.5,4.0,16,2048,128,512,320,3076.312,4607.027,3433.758,0.2335
mixed,128,64,0.5,4.0,16,2048,512,2048,1280,9708.241,14887.887,9664.113,-0.0085
mixed,128,64,0.5,4.0,16,2048,2048,8192,5120,29919.072,29889.633,22598.236,
mixed,128,64,0.5,4.0,16,8192,128,512,320,3547.425,5113.182,3900.775,0.2257
mixed,128,64,0.5,4.0,16,8192,512,2048,1280,10187.642,15484.859,10229.37,0.0079
mixed,128,64,0.5,4.0,16,8192,2048,8192,5120,29989.408,29991.491,22665.851,-3515.8699
mixed,128,64,0.5,4.0,64,0,128,512,320,2862.646,4486.898,3207.163,0.2121
mixed,128,64,0.5,4.0,64,0,512,2048,1280,9655.407,14840.973,9562.126,-0.018
mixed,128,64,0.5,4.0,64,0,2048,8192,5120,29880.612,29865.57,22377.403,
mixed,128,64,0.5,4.0,64,512,128,512,320,2893.748,4510.836,3234.235,0.2106
mixed,128,64,0.5,4.0,64,512,512,2048,1280,9657.489,14821.23,9588.656,-0.0133
mixed,128,64,0.5,4.0,64,512,2048,8192,5120,29910.726,29867.105,22420.505,
mixed,128,64,0.5,4.0,64,2048,128,512,320,3081.08,4616.371,3436.991,0.2318
mixed,128,64,0.5,4.0,64,2048,512,2048,1280,9708.56,14888.306,9666.482,-0.0081
mixed,128,64,0.5,4.0,64,2048,2048,8192,5120,29937.574,29899.171,22606.269,
mixed,128,64,0.5,4.0,64,8192,128,512,320,3548.867,5121.82,3905.768,0.2269
mixed,128,64,0.5,4.0,64,8192,512,2048,1280,10195.098,15476.572,10227.131,0.0061
mixed,128,64,0.5,4.0,64,8192,2048,8192,5120,29951.62,29967.718,22665.697,-452.598
mixed,128,64,0.5,4.0,256,0,128,512,320,3092.059,4708.343,3451.455,0.2224
mixed,128,64,0.5,4.0,256,0,512,2048,1280,9822.967,15021.303,9792.021,-0.006
mixed,128,64,0.5,4.0,256,0,2048,8192,5120,30091.563,30041.927,22585.759,
mixed,128,64,0.5,4.0,256,512,128,512,320,3183.485,4792.28,3539.938,0.2216
mixed,128,64,0.5,4.0,256,512,512,2048,1280,9905.462,15076.757,9890.389,-0.0029
mixed,128,64,0.5,4.0,256,512,2048,8192,5120,30097.675,30101.674,22702.147,-1849.3443
mixed,128,64,0.5,4.0,256,2048,128,512,320,3612.995,5128.382,3960.136,0.2291
mixed,128,64,0.5,4.0,256,2048,512,2048,1280,10102.427,15325.849,10137.339,0.0067
mixed,128,64,0.5,4.0,256,2048,2048,8192,5120,30294.927,30300.013,23054.411,-1423.617
mixed,128,64,0.5,4.0,256,8192,128,512,320,4326.959,5925.901,4693.431,0.2292
mixed,128,64,0.5,4.0,256,8192,512,2048,1280,10918.666,16051.559,10983.498,0.0126
mixed,128,64,0.5,4.0,256,8192,2048,8192,5120,30671.671,30628.213,23440.176,
mixed,128,64,0.5,4.0,1024,0,128,512,320,4375.536,5980.656,4716.985,0.2127
mixed,128,64,0.5,4.0,1024,0,512,2048,1280,10987.403,16048.938,11027.852,0.008
mixed,128,64,0.5,4.0,1024,0,2048,8192,5120,30958.655,30913.822,23727.193,
mixed,128,64,0.5,4.0,1024,512,128,512,320,4768.697,6376.341,5109.088,0.2117
mixed,128,64,0.5,4.0,1024,512,512,2048,1280,11397.173,16437.391,11417.845,0.0041
mixed,128,64,0.5,4.0,1024,512,2048,8192,5120,31231.171,31193.602,24075.264,
mixed,128,64,0.5,4.0,1024,2048,128,512,320,6058.735,7582.604,6404.983,0.2272
mixed,128,64,0.5,4.0,1024,2048,512,2048,1280,12574.89,17679.271,12549.098,-0.0051
mixed,128,64,0.5,4.0,1024,2048,2048,8192,5120,32453.593,32427.356,25412.09,
mixed,128,64,0.5,4.0,1024,8192,128,512,320,7572.779,9158.25,7935.539,0.2288
mixed,128,64,0.5,4.0,1024,8192,512,2048,1280,14255.177,19548.492,14214.122,-0.0078
mixed,128,64,0.5,4.0,1024,8192,2048,8192,5120,33840.117,33825.528,26659.763,
mixed,128,64,0.5,4.0,4096,0,128,512,320,14232.808,14766.547,14603.31,0.6942
mixed,128,64,0.5,4.0,4096,0,512,2048,1280,20544.351,24280.006,18368.597,-0.5824
mixed,128,64,0.5,4.0,4096,0,2048,8192,5120,40553.716,40567.636,33341.744,-518.1014
mixed,128,64,0.5,4.0,4096,512,128,512,320,15811.943,15976.426,16176.013,2.2134
mixed,128,64,0.5,4.0,4096,512,512,2048,1280,20535.648,24405.96,22598.793,0.5331
mixed,128,64,0.5,4.0,4096,512,2048,8192,5120,40432.245,42097.043,34866.347,-3.3433
mixed,128,64,0.5,4.0,4096,2048,128,512,320,18053.587,18271.831,19651.792,7.323
mixed,128,64,0.5,4.0,4096,2048,512,2048,1280,22804.715,27452.609,22802.029,-0.0006
mixed,128,64,0.5,4.0,4096,2048,2048,8192,5120,40048.303,40083.151,38397.938,-47.359
mixed,128,64,0.5,4.0,4096,8192,128,512,320,21060.301,22707.181,18698.656,-1.434
mixed,128,64,0.5,4.0,4096,8192,512,2048,1280,27876.271,33070.029,27908.141,0.0061
mixed,128,64,0.5,4.0,4096,8192,2048,8192,5120,47328.412,47279.769,40222.87,
pure,128,96,0.75,4.0,0,0,128,512,416,3673.445,4491.413,3821.893,0.1815
pure,128,96,0.75,4.0,0,0,512,2048,1664,12240.68,14849.367,12139.65,-0.0387
pure,128,96,0.75,4.0,0,0,2048,8192,6656,29865.942,29849.487,26045.386,
mixed,128,96,0.75,4.0,16,0,128,512,416,3674.181,4491.188,3831.978,0.1931
mixed,128,96,0.75,4.0,16,0,512,2048,1664,12228.518,14833.944,12153.831,-0.0287
mixed,128,96,0.75,4.0,16,0,2048,8192,6656,29866.834,29902.641,26063.463,-106.2186
mixed,128,96,0.75,4.0,16,512,128,512,416,3698.373,4509.749,3861.736,0.2013
mixed,128,96,0.75,4.0,16,512,512,2048,1664,12229.222,14837.334,12184.134,-0.0173
mixed,128,96,0.75,4.0,16,512,2048,8192,6656,29884.272,29902.419,26074.57,-209.9356
mixed,128,96,0.75,4.0,16,2048,128,512,416,3854.503,4602.967,4023.884,0.2263
mixed,128,96,0.75,4.0,16,2048,512,2048,1664,12286.823,14885.465,12258.92,-0.0107
mixed,128,96,0.75,4.0,16,2048,2048,8192,6656,29891.635,29907.315,26116.813,-240.7412
mixed,128,96,0.75,4.0,16,8192,128,512,416,4313.362,5123.106,4522.39,0.2581
mixed,128,96,0.75,4.0,16,8192,512,2048,1664,12841.713,15482.82,12810.739,-0.0117
mixed,128,96,0.75,4.0,16,8192,2048,8192,6656,30225.627,29950.231,26151.661,
mixed,128,96,0.75,4.0,64,0,128,512,416,3678.598,4487.124,3835.944,0.1946
mixed,128,96,0.75,4.0,64,0,512,2048,1664,12235.622,14827.609,12170.149,-0.0253
mixed,128,96,0.75,4.0,64,0,2048,8192,6656,29911.254,29916.624,26067.021,-715.8721
mixed,128,96,0.75,4.0,64,512,128,512,416,3700.999,4513.652,3865.32,0.2022
mixed,128,96,0.75,4.0,64,512,512,2048,1664,12233.959,14831.833,12195.942,-0.0146
mixed,128,96,0.75,4.0,64,512,2048,8192,6656,29884.211,29911.606,26056.397,-139.7267
mixed,128,96,0.75,4.0,64,2048,128,512,416,3858.666,4615.192,4022.795,0.217
mixed,128,96,0.75,4.0,64,2048,512,2048,1664,12288.328,14892.474,12263.432,-0.0096
mixed,128,96,0.75,4.0,64,2048,2048,8192,6656,29898.324,29892.18,26128.718,
mixed,128,96,0.75,4.0,64,8192,128,512,416,4320.689,5133.602,4524.63,0.2509
mixed,128,96,0.75,4.0,64,8192,512,2048,1664,12858.195,15475.268,12794.835,-0.0242
mixed,128,96,0.75,4.0,64,8192,2048,8192,6656,29974.231,29963.831,26156.816,
mixed,128,96,0.75,4.0,256,0,128,512,416,3904.458,4705.337,4078.188,0.2169
mixed,128,96,0.75,4.0,256,0,512,2048,1664,12432.748,15035.581,12382.698,-0.0192
mixed,128,96,0.75,4.0,256,0,2048,8192,6656,30067.548,30105.211,26229.426,-101.907
mixed,128,96,0.75,4.0,256,512,128,512,416,3990.474,4794.299,4171.278,0.2249
mixed,128,96,0.75,4.0,256,512,512,2048,1664,12502.542,15077.085,12477.709,-0.0096
mixed,128,96,0.75,4.0,256,512,2048,8192,6656,30096.732,30075.483,26250.418,
mixed,128,96,0.75,4.0,256,2048,128,512,416,4378.643,5124.762,4552.725,0.2333
mixed,128,96,0.75,4.0,256,2048,512,2048,1664,12708.113,15334.722,12757.971,0.019
mixed,128,96,0.75,4.0,256,2048,2048,8192,6656,30285.439,30270.559,26556.408,
mixed,128,96,0.75,4.0,256,8192,128,512,416,5137.088,5929.778,5315.749,0.2254
mixed,128,96,0.75,4.0,256,8192,512,2048,1664,13493.408,16055.792,13574.721,0.0317
mixed,128,96,0.75,4.0,256,8192,2048,8192,6656,30616.582,30635.493,26970.88,-192.7821
mixed,128,96,0.75,4.0,1024,0,128,512,416,5183.904,5983.023,5332.358,0.1858
mixed,128,96,0.75,4.0,1024,0,512,2048,1664,13525.953,16060.85,13581.729,0.022
mixed,128,96,0.75,4.0,1024,0,2048,8192,6656,30930.475,30953.067,27374.696,-157.3911
mixed,128,96,0.75,4.0,1024,512,128,512,416,5578.825,6376.857,5729.42,0.1887
mixed,128,96,0.75,4.0,1024,512,512,2048,1664,13924.01,16433.56,13973.164,0.0196
mixed,128,96,0.75,4.0,1024,512,2048,8192,6656,31215.087,31303.956,27781.105,-38.6409
mixed,128,96,0.75,4.0,1024,2048,128,512,416,6827.776,7580.273,7001.925,0.2314
mixed,128,96,0.75,4.0,1024,2048,512,2048,1664,15127.453,17673.872,15053.727,-0.029
mixed,128,96,0.75,4.0,1024,2048,2048,8192,6656,32384.97,32397.225,28906.374,-283.8512
mixed,128,96,0.75,4.0,1024,8192,128,512,416,8377.12,9160.878,8557.217,0.2298
mixed,128,96,0.75,4.0,1024,8192,512,2048,1664,16863.873,19559.414,16777.378,-0.0321
mixed,128,96,0.75,4.0,1024,8192,2048,8192,6656,33820.646,33833.573,30224.832,-278.1631
mixed,128,96,0.75,4.0,4096,0,128,512,416,15072.894,15904.912,13931.561,-1.3718
mixed,128,96,0.75,4.0,4096,0,512,2048,1664,23659.301,26284.468,23621.891,-0.0143
mixed,128,96,0.75,4.0,4096,0,2048,8192,6656,35797.357,40238.498,36071.923,0.0618
mixed,128,96,0.75,4.0,4096,512,128,512,416,16654.014,15724.045,16819.042,
mixed,128,96,0.75,4.0,4096,512,512,2048,1664,25233.766,27834.579,25183.33,-0.0194
mixed,128,96,0.75,4.0,4096,512,2048,8192,6656,37132.198,42098.981,38448.224,0.265
mixed,128,96,0.75,4.0,4096,2048,128,512,416,20120.001,20953.617,20296.678,0.2119
mixed,128,96,0.75,4.0,4096,2048,512,2048,1664,28715.048,27457.837,25151.84,
mixed,128,96,0.75,4.0,4096,2048,2048,8192,6656,45524.745,40061.183,40449.418,
mixed,128,96,0.75,4.0,4096,8192,128,512,416,20489.801,19815.9,22056.582,
mixed,128,96,0.75,4.0,4096,8192,512,2048,1664,26658.877,32617.396,29239.703,0.4331
mixed,128,96,0.75,4.0,4096,8192,2048,8192,6656,45384.199,47239.663,43729.35,-0.8919
pure,128,115,0.8984,4.0,0,0,128,512,473,3729.351,4490.328,4193.296,0.6097
pure,128,115,0.8984,4.0,0,0,512,2048,1892,13239.903,14836.605,13671.848,0.2705
pure,128,115,0.8984,4.0,0,0,2048,8192,7568,29912.384,29894.368,28165.822,
mixed,128,115,0.8984,4.0,16,0,128,512,473,3731.047,4487.574,4207.281,0.6295
mixed,128,115,0.8984,4.0,16,0,512,2048,1892,13241.918,14834.014,13672.039,0.2702
mixed,128,115,0.8984,4.0,16,0,2048,8192,7568,29918.015,29906.72,28143.612,
mixed,128,115,0.8984,4.0,16,512,128,512,473,3750.024,4512.534,4233.714,0.6343
mixed,128,115,0.8984,4.0,16,512,512,2048,1892,13242.367,14832.956,13708.169,0.2928
mixed,128,115,0.8984,4.0,16,512,2048,8192,7568,29953.184,29924.001,28214.589,
mixed,128,115,0.8984,4.0,16,2048,128,512,473,3898.379,4612.439,4362.516,0.65
mixed,128,115,0.8984,4.0,16,2048,512,2048,1892,13294.815,14891.551,13775.816,0.3012
mixed,128,115,0.8984,4.0,16,2048,2048,8192,7568,29932.224,29872.575,28258.751,
mixed,128,115,0.8984,4.0,16,8192,128,512,473,4359.059,5119.329,4881.437,0.6871
mixed,128,115,0.8984,4.0,16,8192,512,2048,1892,13824.266,15484.009,14401.079,0.3475
mixed,128,115,0.8984,4.0,16,8192,2048,8192,7568,30034.177,29988.223,28353.023,
mixed,128,115,0.8984,4.0,64,0,128,512,473,3729.737,4487.671,4208.304,0.6314
mixed,128,115,0.8984,4.0,64,0,512,2048,1892,13241.181,14837.149,13670.695,0.2691
mixed,128,115,0.8984,4.0,64,0,2048,8192,7568,29934.816,29885.594,28163.518,
mixed,128,115,0.8984,4.0,64,512,128,512,473,3753.642,4513.975,4234.034,0.6318
mixed,128,115,0.8984,4.0,64,512,512,2048,1892,13248.256,14829.979,13706.375,0.2896
mixed,128,115,0.8984,4.0,64,512,2048,8192,7568,29929.981,29880.733,28205.406,
mixed,128,115,0.8984,4.0,64,2048,128,512,473,3904.907,4617.592,4368.308,0.6502
mixed,128,115,0.8984,4.0,64,2048,512,2048,1892,13297.92,14899.999,13783.399,0.303
mixed,128,115,0.8984,4.0,64,2048,2048,8192,7568,29948.927,29898.685,28305.12,
mixed,128,115,0.8984,4.0,64,8192,128,512,473,4371.636,5125.954,4896.032,0.6952
mixed,128,115,0.8984,4.0,64,8192,512,2048,1892,13861.644,15464.458,14393.526,0.3318
mixed,128,115,0.8984,4.0,64,8192,2048,8192,7568,30050.209,29960.703,28376.321,
mixed,128,115,0.8984,4.0,256,0,128,512,473,3947.884,4705.402,4449.206,0.6618
mixed,128,115,0.8984,4.0,256,0,512,2048,1892,13438.37,15023.743,13920.716,0.3042
mixed,128,115,0.8984,4.0,256,0,2048,8192,7568,30095.299,30070.528,28363.938,
mixed,128,115,0.8984,4.0,256,512,128,512,473,4033.934,4793.788,4547.353,0.6757
mixed,128,115,0.8984,4.0,256,512,512,2048,1892,13494.948,15081.603,13995.853,0.3157
mixed,128,115,0.8984,4.0,256,512,2048,8192,7568,30165.348,30077.502,28437.73,
mixed,128,115,0.8984,4.0,256,2048,128,512,473,4412.022,5128.899,4903.84,0.6861
mixed,128,115,0.8984,4.0,256,2048,512,2048,1892,13699.27,15320.935,14291.318,0.3651
mixed,128,115,0.8984,4.0,256,2048,2048,8192,7568,30339.657,30274.5,28760.46,
mixed,128,115,0.8984,4.0,256,8192,128,512,473,5177.38,5925.045,5689.548,0.685
mixed,128,115,0.8984,4.0,256,8192,512,2048,1892,14474.488,16044.788,15206.915,0.4664
mixed,128,115,0.8984,4.0,256,8192,2048,8192,7568,30711.406,30648.495,29056.975,
mixed,128,115,0.8984,4.0,1024,0,128,512,473,5218.757,5981.715,5710.413,0.6444
mixed,128,115,0.8984,4.0,1024,0,512,2048,1892,14486.617,16061.045,15102.755,0.3913
mixed,128,115,0.8984,4.0,1024,0,2048,8192,7568,30989.398,30932.402,29428.119,
mixed,128,115,0.8984,4.0,1024,512,128,512,473,5613.388,6377.34,6115.641,0.6574
mixed,128,115,0.8984,4.0,1024,512,512,2048,1892,14881.854,16434.973,15480.682,0.3856
mixed,128,115,0.8984,4.0,1024,512,2048,8192,7568,31266.236,31227.705,29917.569,
mixed,128,115,0.8984,4.0,1024,2048,128,512,473,6857.188,7582.642,7351.821,0.6818
mixed,128,115,0.8984,4.0,1024,2048,512,2048,1892,16094.838,17684.79,16552.863,0.2881
mixed,128,115,0.8984,4.0,1024,2048,2048,8192,7568,32466.512,32401.33,31107.735,
mixed,128,115,0.8984,4.0,1024,8192,128,512,473,8410.788,9154.737,8918.861,0.6829
mixed,128,115,0.8984,4.0,1024,8192,512,2048,1892,17863.708,19559.449,18427.461,0.3325
mixed,128,115,0.8984,4.0,1024,8192,2048,8192,7568,33867.403,33819.948,32177.805,
mixed,128,115,0.8984,4.0,4096,0,128,512,473,15113.666,15905.427,15619.662,0.6391
mixed,128,115,0.8984,4.0,4096,0,512,2048,1892,24625.114,24463.93,25198.724,
mixed,128,115,0.8984,4.0,4096,0,2048,8192,7568,37395.697,40575.503,39030.03,0.514
mixed,128,115,0.8984,4.0,4096,512,128,512,473,16696.226,15722.959,17189.738,
mixed,128,115,0.8984,4.0,4096,512,512,2048,1892,26167.578,27828.954,26770.086,0.3627
mixed,128,115,0.8984,4.0,4096,512,2048,8192,7568,42153.069,38689.547,40572.176,
mixed,128,115,0.8984,4.0,4096,2048,128,512,473,20170.888,20955.0,20668.53,0.6347
mixed,128,115,0.8984,4.0,4096,2048,512,2048,1892,25979.51,31331.069,30257.509,0.7994
mixed,128,115,0.8984,4.0,4096,2048,2048,8192,7568,45557.874,41874.123,43085.408,
mixed,128,115,0.8984,4.0,4096,8192,128,512,473,21934.41,22715.513,19562.076,-3.0372
mixed,128,115,0.8984,4.0,4096,8192,512,2048,1892,27561.047,33070.722,31740.038,0.7585
mixed,128,115,0.8984,4.0,4096,8192,2048,8192,7568,46563.718,47304.503,45908.348,-0.8847
pure,256,1,0.0039,4.0,0,0,128,512,129,3691.048,8911.947,3876.044,0.0354
pure,256,1,0.0039,4.0,0,0,512,2048,518,8964.396,29538.75,8990.126,0.0013
pure,256,1,0.0039,4.0,0,0,2048,8192,2072,29541.372,59578.53,30660.4,0.0373
pure,256,2,0.0078,4.0,0,0,128,512,131,3888.811,8906.893,3893.996,0.001
pure,256,2,0.0078,4.0,0,0,512,2048,524,8959.342,29541.467,9058.639,0.0048
pure,256,2,0.0078,4.0,0,0,2048,8192,2096,29668.512,59491.682,30896.885,0.0412
pure,256,3,0.0117,4.0,0,0,128,512,132,3889.035,8902.7,3913.132,0.0048
pure,256,3,0.0117,4.0,0,0,512,2048,530,8969.935,29537.595,9125.266,0.0076
pure,256,3,0.0117,4.0,0,0,2048,8192,2120,29708.992,59582.817,30937.659,0.0411
pure,256,4,0.0156,4.0,0,0,128,512,134,3900.94,8922.198,3928.173,0.0054
pure,256,4,0.0156,4.0,0,0,512,2048,536,8981.305,29528.685,9195.836,0.0104
pure,256,4,0.0156,4.0,0,0,2048,8192,2144,29824.561,59490.88,30930.449,0.0373
pure,256,16,0.0625,4.0,0,0,128,512,152,3920.299,8906.291,4153.105,0.0467
pure,256,16,0.0625,4.0,0,0,512,2048,608,9121.72,29534.116,10141.877,0.05
pure,256,16,0.0625,4.0,0,0,2048,8192,2432,34772.113,39706.547,21300.096,-2.7302
pure,256,32,0.125,4.0,0,0,128,512,176,2638.279,5942.752,2988.657,0.106
pure,256,32,0.125,4.0,0,0,512,2048,704,7161.857,19689.073,7610.828,0.0358
pure,256,32,0.125,4.0,0,0,2048,8192,2816,26640.298,39718.601,22740.001,-0.2982
pure,256,64,0.25,4.0,0,0,128,512,224,2690.279,5941.313,3409.402,0.2212
pure,256,64,0.25,4.0,0,0,512,2048,896,9343.96,19705.099,9334.616,-0.0009
pure,256,64,0.25,4.0,0,0,2048,8192,3584,33603.61,39727.003,25121.463,-1.3852
pure,256,128,0.5,4.0,0,0,128,512,320,3780.196,5943.484,4250.862,0.2176
pure,256,128,0.5,4.0,0,0,512,2048,1280,12806.003,19685.158,12741.68,-0.0094
pure,256,128,0.5,4.0,0,0,2048,8192,5120,39704.465,39737.68,29909.742,-294.8885
pure,256,192,0.75,4.0,0,0,128,512,416,4862.046,5940.475,5088.676,0.2101
pure,256,192,0.75,4.0,0,0,512,2048,1664,16236.39,19691.231,16161.187,-0.0218
pure,256,192,0.75,4.0,0,0,2048,8192,6656,39693.668,39703.62,34772.001,-494.5405
pure,256,230,0.8984,4.0,0,0,128,512,473,4927.008,5948.186,5586.8,0.6461
pure,256,230,0.8984,4.0,0,0,512,2048,1892,17557.444,19693.53,18194.101,0.298
pure,256,230,0.8984,4.0,0,0,2048,8192,7568,59677.241,39715.193,37599.489,
mixed,8,1,0.125,1.5,16,0,128,192,136,112.13,113.634,110.338,-1.1915
mixed,8,1,0.125,2.0,16,0,128,256,144,111.907,145.797,120.035,0.2398
mixed,8,1,0.125,8.0,16,0,128,1024,240,116.132,359.977,202.532,0.3543
mixed,8,1,0.125,16.0,16,0,128,2048,368,151.363,646.418,295.623,0.2914
mixed,32,4,0.125,1.5,16,0,128,192,136,340.328,347.049,337.576,-0.4095
mixed,32,4,0.125,2.0,16,0,128,256,144,341.0,480.78,350.825,0.0703
mixed,32,4,0.125,8.0,16,0,128,1024,240,354.28,1350.626,504.972,0.1512
mixed,32,4,0.125,16.0,16,0,128,2048,368,498.445,2494.047,706.226,0.1041
mixed,8,4,0.5,1.5,16,0,128,192,160,112.642,113.571,111.202,-1.5501
mixed,8,4,0.5,2.0,16,0,128,256,192,113.026,146.148,129.059,0.4841
pure,8,1,0.125,2.0,0,0,128,256,144,98.594,134.628,109.378,0.2993
pure,8,1,0.125,8.0,0,0,128,1024,240,103.747,348.616,204.357,0.4109
pure,8,1,0.125,16.0,0,0,128,2048,368,140.228,636.945,298.343,0.3183
